BarIndex,Time,Open,High,Low,Close,Volume,Geometry,VolumePolarity,VolumeDelta,VolumeRank20,VolumeRank50,Range,RangeDelta,RangeRank20,Body,BodyDelta,BodyRank20,CloseLocation,OverlapRatio,CloseInsidePriorRange,CloseInsidePriorBody,BreaksPriorHigh,BreaksPriorLow,ParticipationState,ExpansionState,CompressionState,DissipationState,AcceptanceState,SignificanceState,EvidenceFlags
1,"2026-04-30 06:40:00",27345,27373,27294,27295.5,15811,"LLLH","Red","Down",0,0,79,"Down",0,49.5,"Down",0,0.018987,0.401899,False,False,False,True,"Falling","Absent","Absent","Local","Accepted","Minor","BreaksPriorLow;DissipationLocal;AcceptanceAccepted"
2,"2026-04-30 06:45:00",27296.25,27351.25,27271,27345.25,12060,"LLLH","Black","Down",0,0,80.25,"Up",0,49,"Down",0,0.925234,0.713396,True,False,False,True,"Falling","Local","Local","Local","Contained","Minor","BreaksPriorLow;CloseInsidePriorRange;DissipationLocal;AcceptanceContained;CompressionLocal"
3,"2026-04-30 06:50:00",27345.75,27365.25,27286.25,27323.75,12067,"HHHL","Red","Up",0,0,79,"Down",0,22,"Down",0,0.474684,0.822785,True,True,True,False,"Rising","Absent","Clustered","Local","Contained","Minor","BreaksPriorHigh;CloseInsidePriorRange;CloseInsidePriorBody;DissipationLocal;AcceptanceContained;CompressionClustered"
4,"2026-04-30 06:55:00",27325,27342.75,27241.75,27244,12737,"LLLH","Red","Up",0,0,101,"Up",0,81,"Up",0,0.022277,0.559406,False,False,False,True,"Rising","Local","Absent","Absent","Accepted","Minor","BreaksPriorLow;AcceptanceAccepted"
5,"2026-04-30 07:00:00",27243.5,27265.25,27203,27245.75,11158,"LLLH","Black","Down",0,0,62.25,"Down",0,2.25,"Down",0,0.686747,0.37751,True,True,False,True,"Falling","Absent","Local","Local","Contained","Minor","BreaksPriorLow;CloseInsidePriorRange;CloseInsidePriorBody;DissipationLocal;AcceptanceContained;CompressionLocal"
6,"2026-04-30 07:05:00",27247.25,27303,27236.25,27288.25,10175,"HHHL","Black","Down",0,0,66.75,"Up",0,41,"Up",0,0.779026,0.434457,False,False,True,False,"Falling","Local","Absent","Local","Accepted","Minor","BreaksPriorHigh;DissipationLocal;AcceptanceAccepted"
7,"2026-04-30 07:10:00",27288.5,27301,27200.75,27227.5,11392,"LLLH","Red","Up",0,0,100.25,"Up",0,61,"Up",0,0.266833,0.645885,False,False,False,True,"Rising","Local","Absent","Absent","Accepted","Minor","BreaksPriorLow;AcceptanceAccepted"
8,"2026-04-30 07:15:00",27227,27274.25,27202.25,27252.75,8884,"InsideBar","Black","Down",0,0,72,"Down",0,25.75,"Down",0,0.701389,1,True,True,False,False,"Falling","Absent","Clustered","Absent","Unresolved","Minor","CloseInsidePriorRange;CloseInsidePriorBody;CompressionClustered"
9,"2026-04-30 07:20:00",27253,27253,27163.25,27214.5,10650,"LLLH","Red","Up",0,0,89.75,"Up",0,38.5,"Up",0,0.571031,0.56546,True,False,False,True,"Rising","Local","Local","Absent","Contained","Minor","BreaksPriorLow;CloseInsidePriorRange;AcceptanceContained;CompressionLocal"
10,"2026-04-30 07:25:00",27214.25,27258.25,27205,27241.25,8308,"HHHL","Black","Down",0,0,53.25,"Down",0,27,"Down",0,0.680751,0.901408,True,True,True,False,"Falling","Absent","Clustered","Local","Contained","Minor","BreaksPriorHigh;CloseInsidePriorRange;CloseInsidePriorBody;DissipationLocal;AcceptanceContained;CompressionClustered"
11,"2026-04-30 07:30:00",27241,27243.5,27187,27228.25,8060,"LLLH","Red","Down",0,0,56.5,"Up",0,12.75,"Down",0,0.730088,0.681416,True,True,False,True,"Falling","Local","Local","Local","Contained","Minor","BreaksPriorLow;CloseInsidePriorRange;CloseInsidePriorBody;DissipationLocal;AcceptanceContained;CompressionLocal"
12,"2026-04-30 07:35:00",27228.5,27275.75,27201.5,27220,10048,"HHHL","Red","Up",0,0,74.25,"Up",0,8.5,"Down",0,0.249158,0.565657,True,False,True,False,"Rising","Local","Local","Absent","Contained","Minor","BreaksPriorHigh;CloseInsidePriorRange;AcceptanceContained;CompressionLocal"
13,"2026-04-30 07:40:00",27220.75,27230.75,27171.25,27175.75,8496,"LLLH","Red","Down",0,0,59.5,"Down",0,45,"Up",0,0.07563,0.491597,False,False,False,True,"Falling","Absent","Absent","Local","Accepted","Minor","BreaksPriorLow;DissipationLocal;AcceptanceAccepted"
14,"2026-04-30 07:45:00",27176.25,27257,27175,27245.5,7998,"HHHL","Black","Down",0,0,82,"Up",0,69.25,"Up",0,0.859756,0.679878,False,False,True,False,"Falling","Local","Absent","Local","Accepted","Minor","BreaksPriorHigh;DissipationLocal;AcceptanceAccepted"
15,"2026-04-30 07:50:00",27245.25,27300,27243.25,27284,7514,"HHHL","Black","Down",0,0,56.75,"Down",0,38.75,"Down",0,0.718062,0.242291,False,False,True,False,"Falling","Absent","Absent","Local","Accepted","Minor","BreaksPriorHigh;DissipationLocal;AcceptanceAccepted"
16,"2026-04-30 07:55:00",27283,27348.5,27273,27339.25,8747,"HHHL","Black","Up",0,0,75.5,"Up",0,56.25,"Up",0,0.877483,0.357616,False,False,True,False,"Rising","Local","Absent","Absent","Accepted","Minor","BreaksPriorHigh;AcceptanceAccepted"
17,"2026-04-30 08:00:00",27338.75,27376,27337,27359.5,6917,"HHHL","Black","Down",0,0,39,"Down",0,20.75,"Down",0,0.576923,0.294872,False,False,True,False,"Falling","Absent","Absent","Local","Accepted","Minor","BreaksPriorHigh;DissipationLocal;AcceptanceAccepted"
18,"2026-04-30 08:05:00",27359.25,27403.5,27359.25,27379.25,8921,"HHHL","Black","Up",0,0,44.25,"Up",0,20,"Down",0,0.451977,0.378531,False,False,True,False,"Rising","Local","Absent","Absent","Accepted","Minor","BreaksPriorHigh;AcceptanceAccepted"
19,"2026-04-30 08:10:00",27378,27404.25,27356.5,27403.75,8603,"OutsideBar","Black","Down",0.35,0,47.75,"Up",0.15,25.75,"Up",0.4,0.989529,0.926702,False,False,True,True,"Falling","Local","Absent","Local","Accepted","Minor","BreaksPriorHigh;BreaksPriorLow;DissipationLocal;AcceptanceAccepted"
20,"2026-04-30 08:15:00",27403.5,27415.25,27372.75,27401.25,7038,"HHHL","Red","Down",0.1,0,42.5,"Down",0.1,2.25,"Down",0.1,0.670588,0.741176,True,True,True,False,"Falling","Absent","Local","Local","Contained","Minor","BreaksPriorHigh;CloseInsidePriorRange;CloseInsidePriorBody;DissipationLocal;AcceptanceContained;CompressionLocal"
21,"2026-04-30 08:20:00",27401.75,27410,27384,27397.75,4642,"InsideBar","Red","Down",0.05,0,26,"Down",0.05,4,"Up",0.15,0.528846,1,True,False,False,False,"Falling","Absent","Clustered","Absent","Unresolved","Minor","CloseInsidePriorRange;CompressionClustered"
22,"2026-04-30 08:25:00",27398,27402,27377,27397,4344,"LLLH","Red","Down",0.05,0,25,"Down",0.05,1,"Down",0.05,0.8,0.72,True,False,False,True,"Falling","Absent","Local","Local","Contained","Minor","BreaksPriorLow;CloseInsidePriorRange;DissipationLocal;AcceptanceContained;CompressionLocal"
23,"2026-04-30 08:30:00",27398.5,27417,27389.5,27404.75,5111,"HHHL","Black","Up",0.15,0,27.5,"Up",0.15,6.25,"Up",0.25,0.554545,0.454545,False,False,True,False,"Rising","Local","Absent","Absent","Accepted","Minor","BreaksPriorHigh;AcceptanceAccepted"
24,"2026-04-30 08:35:00",27404.25,27435.75,27404,27404.75,6873,"HHHL","Black","Up",0.2,0,31.75,"Up",0.2,0.5,"Down",0.05,0.023622,0.409449,True,True,True,False,"Rising","Local","Local","Absent","Contained","Minor","BreaksPriorHigh;CloseInsidePriorRange;CloseInsidePriorBody;AcceptanceContained;CompressionLocal"
25,"2026-04-30 08:40:00",27404.5,27404.75,27363.75,27369,6390,"LLLH","Red","Down",0.2,0,41,"Up",0.3,35.5,"Up",0.65,0.128049,0.018293,False,False,False,True,"Falling","Local","Absent","Local","Accepted","Minor","BreaksPriorLow;DissipationLocal;AcceptanceAccepted"
26,"2026-04-30 08:45:00",27368.5,27377.25,27350.5,27361.25,4854,"LLLH","Red","Down",0.15,0,26.75,"Down",0.15,7.25,"Down",0.3,0.401869,0.504673,False,False,False,True,"Falling","Absent","Absent","Local","Accepted","Minor","BreaksPriorLow;DissipationLocal;AcceptanceAccepted"
27,"2026-04-30 08:50:00",27362.25,27373.25,27331.25,27373,6184,"LLLH","Black","Up",0.25,0,42,"Up",0.4,10.75,"Up",0.4,0.994048,0.541667,True,False,False,True,"Rising","Local","Local","Absent","Contained","Minor","BreaksPriorLow;CloseInsidePriorRange;AcceptanceContained;CompressionLocal"
28,"2026-04-30 08:55:00",27373,27411.5,27369.5,27408,5463,"HHHL","Black","Down",0.25,0,42,"Flat",0.45,35,"Up",0.7,0.916667,0.089286,False,False,True,False,"Falling","Absent","Absent","Local","Accepted","Minor","BreaksPriorHigh;DissipationLocal;AcceptanceAccepted"
29,"2026-04-30 09:00:00",27408.75,27422,27387,27388.5,4781,"HHHL","Red","Down",0.15,0,35,"Down",0.3,20.25,"Down",0.55,0.042857,0.7,True,True,True,False,"Falling","Absent","Local","Local","Contained","Minor","BreaksPriorHigh;CloseInsidePriorRange;CloseInsidePriorBody;DissipationLocal;AcceptanceContained;CompressionLocal"
30,"2026-04-30 09:05:00",27388.25,27394,27356.25,27384.5,5722,"LLLH","Red","Up",0.35,0,37.75,"Up",0.35,3.75,"Down",0.2,0.748344,0.18543,False,False,False,True,"Rising","Local","Absent","Absent","Accepted","Minor","BreaksPriorLow;AcceptanceAccepted"
31,"2026-04-30 09:10:00",27385.25,27410.25,27383.75,27392.25,3783,"HHHL","Black","Down",0.05,0,26.5,"Down",0.15,7,"Up",0.35,0.320755,0.386792,True,False,True,False,"Falling","Absent","Local","Local","Contained","Minor","BreaksPriorHigh;CloseInsidePriorRange;DissipationLocal;AcceptanceContained;CompressionLocal"
32,"2026-04-30 09:15:00",27391.75,27433.25,27387.25,27430.75,4027,"HHHL","Black","Up",0.1,0,46,"Up",0.75,39,"Up",0.85,0.945652,0.5,False,False,True,False,"Rising","Local","Absent","Absent","Accepted","Moderate","BreaksPriorHigh;AcceptanceAccepted"
33,"2026-04-30 09:20:00",27430.5,27435,27409.5,27424.75,3935,"HHHL","Red","Down",0.1,0,25.5,"Down",0.1,5.75,"Down",0.3,0.598039,0.931373,True,True,True,False,"Falling","Absent","Clustered","Local","Contained","Minor","BreaksPriorHigh;CloseInsidePriorRange;CloseInsidePriorBody;DissipationLocal;AcceptanceContained;CompressionClustered"
34,"2026-04-30 09:25:00",27424.75,27431.75,27406.25,27406.5,2738,"LLLH","Red","Down",0.05,0,25.5,"Flat",0.15,18.25,"Up",0.55,0.009804,0.872549,False,False,False,True,"Falling","Absent","Clustered","Local","Accepted","Minor","BreaksPriorLow;DissipationLocal;AcceptanceAccepted;CompressionClustered"
35,"2026-04-30 09:30:00",27406.5,27417.75,27395.25,27415,2887,"LLLH","Black","Up",0.1,0,22.5,"Down",0.05,8.5,"Down",0.5,0.877778,0.511111,True,True,False,True,"Rising","Absent","Local","Local","Contained","Minor","BreaksPriorLow;CloseInsidePriorRange;CloseInsidePriorBody;DissipationLocal;AcceptanceContained;CompressionLocal"
36,"2026-04-30 09:35:00",27415.5,27424.25,27409.5,27414.75,2429,"HHHL","Red","Down",0.05,0,14.75,"Down",0.05,0.75,"Down",0.1,0.355932,0.559322,True,True,True,False,"Falling","Absent","Local","Local","Contained","Minor","BreaksPriorHigh;CloseInsidePriorRange;CloseInsidePriorBody;DissipationLocal;AcceptanceContained;CompressionLocal"
37,"2026-04-30 09:40:00",27415,27423,27405.25,27422.25,2359,"LLLH","Black","Down",0.05,0,17.75,"Up",0.1,7.25,"Up",0.55,0.957746,0.760563,True,False,False,True,"Falling","Local","Local","Local","Contained","Minor","BreaksPriorLow;CloseInsidePriorRange;DissipationLocal;AcceptanceContained;CompressionLocal"
38,"2026-04-30 09:45:00",27421.75,27423.25,27392,27394.75,2573,"OutsideBar","Red","Up",0.15,0,31.25,"Up",0.55,27,"Up",0.85,0.088,0.568,False,False,True,True,"Rising","Local","Absent","Absent","Accepted","Minor","BreaksPriorHigh;BreaksPriorLow;AcceptanceAccepted"
39,"2026-04-30 09:50:00",27394.75,27402,27380,27397.25,4168,"LLLH","Black","Up",0.45,0,22,"Down",0.15,2.5,"Down",0.25,0.784091,0.454545,True,True,False,True,"Rising","Absent","Local","Local","Contained","Minor","BreaksPriorLow;CloseInsidePriorRange;CloseInsidePriorBody;DissipationLocal;AcceptanceContained;CompressionLocal"
40,"2026-04-30 09:55:00",27396.75,27400,27359.5,27372,3607,"LLLH","Red","Down",0.3,0,40.5,"Up",0.8,24.75,"Up",0.8,0.308642,0.493827,False,False,False,True,"Falling","Strong","Absent","Local","Accepted","Major","RangePeak20;LowVolumeHighRange;BreaksPriorLow;DissipationLocal;AcceptanceAccepted"
41,"2026-04-30 10:00:00",27372.5,27375.25,27347.75,27371.25,4800,"LLLH","Red","Up",0.65,0,27.5,"Down",0.55,1.25,"Down",0.2,0.854545,0.572727,True,False,False,True,"Rising","Absent","Local","Local","Contained","Moderate","BreaksPriorLow;CloseInsidePriorRange;DissipationLocal;AcceptanceContained;CompressionLocal"
42,"2026-04-30 10:05:00",27370.75,27423.25,27369.5,27413.5,6507,"HHHL","Black","Up",0.95,0,53.75,"Up",1,42.75,"Up",1,0.818605,0.106977,False,False,True,False,"Peak","Climactic","Absent","Absent","Accepted","Structural","VolumePeak20;RangePeak20;RangeClimactic20;BreaksPriorHigh;AcceptanceAccepted"
43,"2026-04-30 10:10:00",27414,27431.5,27404.25,27430,3215,"HHHL","Black","Down",0.3,0,27.25,"Down",0.45,16,"Down",0.6,0.944954,0.697248,False,False,True,False,"Falling","Absent","Absent","Local","Accepted","Minor","BreaksPriorHigh;DissipationLocal;AcceptanceAccepted"
44,"2026-04-30 10:15:00",27430.5,27455,27425,27448.75,4508,"HHHL","Black","Up",0.6,0,30,"Up",0.55,18.25,"Up",0.65,0.791667,0.216667,False,False,True,False,"Rising","Local","Absent","Absent","Accepted","Moderate","BreaksPriorHigh;AcceptanceAccepted"
45,"2026-04-30 10:20:00",27448,27449,27426,27440,3536,"InsideBar","Red","Down",0.35,0,23,"Down",0.25,8,"Down",0.45,0.608696,1,True,True,False,False,"Falling","Absent","Clustered","Absent","Unresolved","Minor","CloseInsidePriorRange;CloseInsidePriorBody;CompressionClustered"
46,"2026-04-30 10:25:00",27440.75,27452.75,27428.25,27450.25,3222,"HHHL","Black","Down",0.35,0,24.5,"Up",0.3,9.5,"Up",0.5,0.897959,0.846939,False,False,True,False,"Falling","Local","Absent","Local","Accepted","Minor","BreaksPriorHigh;DissipationLocal;AcceptanceAccepted"
47,"2026-04-30 10:30:00",27449.75,27463.5,27441.5,27462.25,3133,"HHHL","Black","Down",0.3,0,22,"Down",0.2,12.5,"Up",0.55,0.943182,0.511364,False,False,True,False,"Falling","Absent","Absent","Local","Accepted","Minor","BreaksPriorHigh;DissipationLocal;AcceptanceAccepted"
48,"2026-04-30 10:35:00",27461.75,27502.75,27461.5,27483.5,8146,"HHHL","Black","Up",1,0,41.25,"Up",0.9,21.75,"Up",0.8,0.533333,0.048485,False,False,True,False,"Peak","Strong","Absent","Absent","Accepted","Structural","VolumePeak20;RangePeak20;BreaksPriorHigh;AcceptanceAccepted"
49,"2026-04-30 10:40:00",27483.25,27499,27480,27498,3322,"InsideBar","Black","Down",0.45,0.18,19,"Down",0.15,14.75,"Down",0.6,0.947368,1,True,False,False,False,"Falling","Absent","Clustered","Absent","Unresolved","Minor","CloseInsidePriorRange;CompressionClustered"
50,"2026-04-30 10:45:00",27498.25,27504.25,27490,27498,3204,"HHHL","Red","Down",0.35,0.14,14.25,"Down",0.05,0.25,"Down",0.05,0.561404,0.631579,True,True,True,False,"Falling","Absent","Local","Local","Contained","Minor","BreaksPriorHigh;CloseInsidePriorRange;CloseInsidePriorBody;DissipationLocal;AcceptanceContained;CompressionLocal"
51,"2026-04-30 10:50:00",27498.5,27522.25,27497.5,27511.75,4423,"HHHL","Black","Up",0.8,0.36,24.75,"Up",0.5,13.25,"Up",0.55,0.575758,0.272727,False,False,True,False,"Peak","Local","Absent","Absent","Accepted","Major","VolumePeak20;BreaksPriorHigh;AcceptanceAccepted"
52,"2026-04-30 10:55:00",27511.75,27524,27507.5,27518,3296,"HHHL","Black","Down",0.5,0.2,16.5,"Down",0.15,6.25,"Down",0.3,0.636364,0.893939,True,False,True,False,"Falling","Absent","Clustered","Local","Contained","Minor","BreaksPriorHigh;CloseInsidePriorRange;DissipationLocal;AcceptanceContained;CompressionClustered"
53,"2026-04-30 11:00:00",27518.75,27548,27516.75,27543.25,4024,"HHHL","Black","Up",0.7,0.32,31.25,"Up",0.85,24.5,"Up",0.85,0.848,0.232,False,False,True,False,"Rising","Strong","Absent","Absent","Accepted","Major","RangePeak20;BreaksPriorHigh;AcceptanceAccepted"
54,"2026-04-30 11:05:00",27543.5,27586.75,27542,27579.25,7886,"HHHL","Black","Up",0.95,0.72,44.75,"Up",0.95,35.75,"Up",0.95,0.832402,0.134078,False,False,True,False,"Peak","Climactic","Absent","Absent","Accepted","Structural","VolumePeak20;RangePeak20;RangeClimactic20;BreaksPriorHigh;AcceptanceAccepted"
55,"2026-04-30 11:10:00",27579.25,27580.25,27560,27563,4522,"InsideBar","Red","Down",0.8,0.44,20.25,"Down",0.3,16.25,"Down",0.65,0.148148,1,True,True,False,False,"Peak","Absent","Clustered","Absent","Unresolved","Major","VolumePeak20;HighVolumeLowRange;CloseInsidePriorRange;CloseInsidePriorBody;CompressionClustered"
56,"2026-04-30 11:15:00",27563,27573,27555.75,27570.25,3812,"LLLH","Black","Down",0.55,0.3,17.25,"Down",0.15,7.25,"Down",0.3,0.84058,0.753623,True,True,False,True,"Falling","Absent","Local","Local","Contained","Minor","BreaksPriorLow;CloseInsidePriorRange;CloseInsidePriorBody;DissipationLocal;AcceptanceContained;CompressionLocal"
57,"2026-04-30 11:20:00",27570.75,27585.5,27567,27568.5,3326,"HHHL","Red","Down",0.4,0.24,18.5,"Up",0.2,2.25,"Down",0.15,0.081081,0.324324,True,True,True,False,"Falling","Local","Local","Local","Contained","Minor","BreaksPriorHigh;CloseInsidePriorRange;CloseInsidePriorBody;DissipationLocal;AcceptanceContained;CompressionLocal"
58,"2026-04-30 11:25:00",27567.75,27572.5,27557,27558.75,3190,"LLLH","Red","Down",0.1,0.14,15.5,"Down",0.1,9,"Up",0.4,0.112903,0.354839,False,False,False,True,"Falling","Absent","Absent","Local","Accepted","Minor","BreaksPriorLow;DissipationLocal;AcceptanceAccepted"
59,"2026-04-30 11:30:00",27558.75,27564,27552.5,27562.5,2845,"LLLH","Black","Down",0.05,0.1,11.5,"Down",0.05,3.75,"Down",0.2,0.869565,0.608696,True,True,False,True,"Falling","Absent","Local","Local","Contained","Minor","BreaksPriorLow;CloseInsidePriorRange;CloseInsidePriorBody;DissipationLocal;AcceptanceContained;CompressionLocal"
60,"2026-04-30 11:35:00",27563,27583.5,27561,27573,3234,"HHHL","Black","Up",0.35,0.24,22.5,"Up",0.5,10,"Up",0.5,0.533333,0.133333,False,False,True,False,"Rising","Local","Absent","Absent","Accepted","Minor","BreaksPriorHigh;AcceptanceAccepted"
61,"2026-04-30 11:40:00",27571.75,27591.75,27571.75,27581,3391,"HHHL","Black","Up",0.55,0.32,20,"Down",0.4,9.25,"Down",0.4,0.4625,0.5875,True,False,True,False,"Rising","Absent","Local","Local","Contained","Minor","BreaksPriorHigh;CloseInsidePriorRange;DissipationLocal;AcceptanceContained;CompressionLocal"
62,"2026-04-30 11:45:00",27581.5,27588,27574,27575.5,2109,"InsideBar","Red","Down",0.05,0.02,14,"Down",0.1,6,"Down",0.2,0.107143,1,True,True,False,False,"Falling","Absent","Clustered","Absent","Unresolved","Minor","CloseInsidePriorRange;CloseInsidePriorBody;CompressionClustered"
63,"2026-04-30 11:50:00",27575.5,27581.75,27570,27573,1774,"LLLH","Red","Down",0.05,0.02,11.75,"Down",0.1,2.5,"Down",0.15,0.255319,0.659574,False,False,False,True,"Falling","Absent","Absent","Local","Accepted","Minor","BreaksPriorLow;DissipationLocal;AcceptanceAccepted"
64,"2026-04-30 11:55:00",27573.25,27579.25,27565,27569.75,2719,"LLLH","Red","Up",0.15,0.12,14.25,"Up",0.25,3.5,"Up",0.2,0.333333,0.649123,False,False,False,True,"Rising","Local","Absent","Absent","Accepted","Minor","BreaksPriorLow;AcceptanceAccepted"
65,"2026-04-30 12:00:00",27570,27573.5,27548.75,27551.25,3173,"LLLH","Red","Up",0.3,0.22,24.75,"Up",0.85,18.75,"Up",0.85,0.10101,0.343434,False,False,False,True,"Rising","Strong","Absent","Absent","Accepted","Major","RangePeak20;LowVolumeHighRange;BreaksPriorLow;AcceptanceAccepted"
66,"2026-04-30 12:05:00",27551.25,27569.25,27542,27565.5,4089,"LLLH","Black","Up",0.8,0.56,27.25,"Up",0.85,14.25,"Down",0.7,0.862385,0.752294,True,True,False,True,"Peak","Strong","Local","Absent","Contained","Major","VolumePeak20;RangePeak20;BreaksPriorLow;CloseInsidePriorRange;CloseInsidePriorBody;AcceptanceContained;CompressionLocal"
67,"2026-04-30 12:10:00",27565.75,27589.25,27560.75,27579.75,4025,"HHHL","Black","Down",0.75,0.54,28.5,"Up",0.85,14,"Down",0.65,0.666667,0.298246,False,False,True,False,"Falling","Strong","Absent","Local","Accepted","Major","RangePeak20;BreaksPriorHigh;DissipationLocal;AcceptanceAccepted"
68,"2026-04-30 12:15:00",27579.75,27598.25,27579.5,27597.5,3945,"HHHL","Black","Down",0.7,0.52,18.75,"Down",0.5,17.75,"Up",0.85,0.96,0.52,False,False,True,False,"Falling","Absent","Absent","Local","Accepted","Moderate","BreaksPriorHigh;DissipationLocal;AcceptanceAccepted"
69,"2026-04-30 12:20:00",27597,27604.5,27590,27594.25,3424,"HHHL","Red","Down",0.6,0.42,14.5,"Down",0.3,2.75,"Down",0.2,0.293103,0.568966,True,True,True,False,"Falling","Absent","Local","Local","Contained","Moderate","BreaksPriorHigh;CloseInsidePriorRange;CloseInsidePriorBody;DissipationLocal;AcceptanceContained;CompressionLocal"
70,"2026-04-30 12:25:00",27594.75,27602.25,27587,27601.25,2240,"LLLH","Black","Down",0.15,0.06,15.25,"Up",0.3,6.5,"Up",0.4,0.934426,0.803279,True,False,False,True,"Falling","Local","Local","Local","Contained","Minor","BreaksPriorLow;CloseInsidePriorRange;DissipationLocal;AcceptanceContained;CompressionLocal"
71,"2026-04-30 12:30:00",27600.75,27608.5,27591.25,27592,2715,"HHHL","Red","Up",0.2,0.14,17.25,"Up",0.5,8.75,"Up",0.5,0.043478,0.637681,True,False,True,False,"Rising","Local","Local","Absent","Contained","Minor","BreaksPriorHigh;CloseInsidePriorRange;AcceptanceContained;CompressionLocal"
72,"2026-04-30 12:35:00",27592.25,27598,27582,27596,3352,"LLLH","Black","Up",0.55,0.44,16,"Down",0.4,3.75,"Down",0.3,0.875,0.421875,True,True,False,True,"Rising","Absent","Local","Local","Contained","Minor","BreaksPriorLow;CloseInsidePriorRange;CloseInsidePriorBody;DissipationLocal;AcceptanceContained;CompressionLocal"
73,"2026-04-30 12:40:00",27596.25,27605,27587.25,27603,2444,"HHHL","Black","Down",0.2,0.12,17.75,"Up",0.55,6.75,"Up",0.45,0.887324,0.605634,False,False,True,False,"Falling","Local","Absent","Local","Accepted","Minor","BreaksPriorHigh;DissipationLocal;AcceptanceAccepted"
74,"2026-04-30 12:45:00",27602.75,27619.5,27589.75,27618,3726,"HHHL","Black","Up",0.75,0.56,29.75,"Up",1,15.25,"Up",0.85,0.94958,0.512605,False,False,True,False,"Rising","Climactic","Absent","Absent","Accepted","Structural","RangePeak20;RangeClimactic20;BreaksPriorHigh;AcceptanceAccepted"
75,"2026-04-30 12:50:00",27618.25,27619.75,27604.75,27615.25,3280,"HHHL","Red","Down",0.55,0.4,15,"Down",0.3,3,"Down",0.2,0.7,0.983333,True,True,True,False,"Falling","Absent","Clustered","Local","Contained","Minor","BreaksPriorHigh;CloseInsidePriorRange;CloseInsidePriorBody;DissipationLocal;AcceptanceContained;CompressionClustered"
76,"2026-04-30 12:55:00",27615.25,27622,27572.25,27600,9572,"OutsideBar","Red","Up",1,1,49.75,"Up",1,15.25,"Up",0.9,0.557789,0.301508,False,False,True,True,"Climactic","Climactic","Absent","Absent","Accepted","SessionDefining","VolumePeak20;VolumeClimactic50;RangePeak20;RangeClimactic20;BreaksPriorHigh;BreaksPriorLow;AcceptanceAccepted"
77,"2026-04-30 13:00:00",27599.75,27620.25,27575.25,27577,18761,"InsideBar","Red","Up",1,1,45,"Down",0.95,22.75,"Up",1,0.038889,1,True,False,False,False,"Climactic","Climactic","Clustered","Local","Unresolved","SessionDefining","VolumePeak20;VolumeClimactic50;RangePeak20;RangeClimactic20;CloseInsidePriorRange;DissipationLocal;CompressionClustered"
78,"2026-04-30 13:05:00",27577,27602,27557,27580,11064,"LLLH","Black","Down",0.95,0.98,45,"Flat",0.95,3,"Down",0.2,0.511111,0.594444,True,True,False,True,"Climactic","Climactic","Local","Local","Contained","SessionDefining","VolumePeak20;VolumeClimactic50;RangePeak20;RangeClimactic20;BreaksPriorLow;CloseInsidePriorRange;CloseInsidePriorBody;DissipationLocal;AcceptanceContained;CompressionLocal"
79,"2026-04-30 13:10:00",27579.5,27603,27565,27583.5,3865,"HHHL","Black","Down",0.7,0.64,38,"Down",0.85,4,"Up",0.35,0.486842,0.973684,True,False,True,False,"Falling","Strong","Clustered","Local","Contained","Major","RangePeak20;BreaksPriorHigh;CloseInsidePriorRange;DissipationLocal;AcceptanceContained;CompressionClustered"
80,"2026-04-30 13:15:00",27584,27593.5,27580.5,27588.5,1436,"InsideBar","Black","Down",0.05,0.02,13,"Down",0.1,4.5,"Up",0.4,0.615385,1,True,False,False,False,"Falling","Absent","Clustered","Absent","Unresolved","Minor","CloseInsidePriorRange;CompressionClustered"
81,"2026-04-30 13:20:00",27589,27603.75,27588.75,27596.75,1381,"HHHL","Black","Down",0.05,0.02,15,"Up",0.35,7.75,"Up",0.6,0.533333,0.316667,False,False,True,False,"Falling","Local","Absent","Local","Accepted","Minor","BreaksPriorHigh;DissipationLocal;AcceptanceAccepted"
82,"2026-04-30 13:25:00",27597,27611.5,27593.25,27609,1363,"HHHL","Black","Down",0.05,0.02,18.25,"Up",0.55,12,"Up",0.65,0.863014,0.575342,False,False,True,False,"Falling","Local","Absent","Local","Accepted","Minor","BreaksPriorHigh;DissipationLocal;AcceptanceAccepted"
83,"2026-04-30 13:30:00",27608.75,27615,27604,27604.25,1044,"HHHL","Red","Down",0.05,0.02,11,"Down",0.05,4.5,"Down",0.4,0.022727,0.681818,True,True,True,False,"Falling","Absent","Local","Local","Contained","Minor","BreaksPriorHigh;CloseInsidePriorRange;CloseInsidePriorBody;DissipationLocal;AcceptanceContained;CompressionLocal"
84,"2026-04-30 13:35:00",27604.75,27617.5,27576.75,27598.5,2621,"OutsideBar","Red","Up",0.35,0.24,40.75,"Up",0.85,6.25,"Up",0.4,0.533742,0.269939,False,False,True,True,"Rising","Strong","Absent","Absent","Accepted","Major","RangePeak20;LowVolumeHighRange;BreaksPriorHigh;BreaksPriorLow;AcceptanceAccepted"
85,"2026-04-30 13:40:00",27598.5,27599.5,27579.25,27592.25,1165,"InsideBar","Red","Down",0.1,0.04,20.25,"Down",0.6,6.25,"Flat",0.45,0.641975,1,True,False,False,False,"Falling","Absent","Clustered","Absent","Unresolved","Moderate","CloseInsidePriorRange;CompressionClustered"
86,"2026-04-30 13:45:00",27592.25,27596.25,27582.25,27584.5,1064,"InsideBar","Red","Down",0.1,0.04,14,"Down",0.15,7.75,"Up",0.65,0.160714,1,True,False,False,False,"Falling","Absent","Clustered","Absent","Unresolved","Minor","CloseInsidePriorRange;CompressionClustered"
87,"2026-04-30 13:50:00",27584.5,27598.25,27583,27597,757,"HHHL","Black","Down",0.05,0.02,15.25,"Up",0.4,12.5,"Up",0.8,0.918033,0.868852,False,False,True,False,"Falling","Local","Absent","Local","Accepted","Minor","BreaksPriorHigh;DissipationLocal;AcceptanceAccepted"
88,"2026-04-30 13:55:00",27598,27602,27592.25,27599.75,789,"HHHL","Black","Up",0.1,0.04,9.75,"Down",0.05,1.75,"Down",0.05,0.769231,0.615385,False,False,True,False,"Rising","Absent","Absent","Local","Accepted","Minor","BreaksPriorHigh;DissipationLocal;AcceptanceAccepted"
89,"2026-04-30 14:00:00",27599.25,27607,27590,27598.5,1131,"OutsideBar","Red","Up",0.25,0.1,17,"Up",0.5,0.75,"Down",0.05,0.5,0.573529,True,True,True,True,"Rising","Local","Local","Absent","Contained","Minor","BreaksPriorHigh;BreaksPriorLow;CloseInsidePriorRange;CloseInsidePriorBody;AcceptanceContained;CompressionLocal"
90,"2026-05-01 06:35:00",27632,27748.25,27617.75,27736.25,19401,"HHHL","Black","Up",1,1,130.5,"Up",1,104.25,"Up",1,0.908046,0,False,False,True,False,"Climactic","Climactic","Absent","Absent","Accepted","SessionDefining","VolumePeak20;VolumeClimactic50;RangePeak20;RangeClimactic20;BreaksPriorHigh;AcceptanceAccepted"
91,"2026-05-01 06:40:00",27736.5,27772.5,27723.75,27770,10610,"HHHL","Black","Down",0.85,0.94,48.75,"Down",0.9,33.5,"Down",0.95,0.948718,0.502564,False,False,True,False,"Peak","Strong","Absent","Local","Accepted","Structural","VolumePeak20;RangePeak20;BreaksPriorHigh;DissipationLocal;AcceptanceAccepted"
92,"2026-05-01 06:45:00",27769.5,27795,27760.25,27788.25,10425,"HHHL","Black","Down",0.8,0.92,34.75,"Down",0.65,18.75,"Down",0.85,0.805755,0.352518,False,False,True,False,"Peak","Absent","Absent","Local","Accepted","Structural","VolumePeak20;BreaksPriorHigh;DissipationLocal;AcceptanceAccepted"
93,"2026-05-01 06:50:00",27787.75,27790.75,27752.5,27782.75,8722,"LLLH","Red","Down",0.7,0.88,38.25,"Up",0.7,5,"Down",0.4,0.79085,0.797386,True,True,False,True,"Falling","Local","Local","Local","Contained","Moderate","BreaksPriorLow;CloseInsidePriorRange;CloseInsidePriorBody;DissipationLocal;AcceptanceContained;CompressionLocal"
94,"2026-05-01 06:55:00",27782,27812.75,27760,27790.25,12478,"HHHL","Black","Up",0.9,0.96,52.75,"Up",0.95,8.25,"Up",0.65,0.57346,0.582938,True,False,True,False,"Climactic","Climactic","Local","Absent","Contained","SessionDefining","VolumePeak20;VolumeClimactic50;RangePeak20;RangeClimactic20;BreaksPriorHigh;CloseInsidePriorRange;AcceptanceContained;CompressionLocal"
95,"2026-05-01 07:00:00",27790.25,27875.75,27789.5,27873.5,11291,"HHHL","Black","Down",0.85,0.94,86.25,"Up",0.95,83.25,"Up",0.95,0.973913,0.269565,False,False,True,False,"Peak","Climactic","Absent","Local","Accepted","Structural","VolumePeak20;RangePeak20;RangeClimactic20;BreaksPriorHigh;DissipationLocal;AcceptanceAccepted"
96,"2026-05-01 07:05:00",27873.5,27900,27852,27887.75,9816,"HHHL","Black","Down",0.65,0.86,48,"Down",0.8,14.25,"Down",0.75,0.744792,0.494792,False,False,True,False,"Falling","Strong","Absent","Local","Accepted","Major","RangePeak20;BreaksPriorHigh;DissipationLocal;AcceptanceAccepted"
97,"2026-05-01 07:10:00",27887.75,27889.75,27856.25,27879,6577,"InsideBar","Red","Down",0.6,0.76,33.5,"Down",0.5,8.75,"Down",0.65,0.679104,1,True,True,False,False,"Falling","Absent","Clustered","Absent","Unresolved","Moderate","CloseInsidePriorRange;CloseInsidePriorBody;CompressionClustered"
98,"2026-05-01 07:15:00",27879,27909.25,27867.5,27889.5,6960,"HHHL","Black","Up",0.65,0.78,41.75,"Up",0.75,10.5,"Up",0.65,0.526946,0.532934,True,False,True,False,"Rising","Local","Local","Absent","Contained","Moderate","BreaksPriorHigh;CloseInsidePriorRange;AcceptanceContained;CompressionLocal"
99,"2026-05-01 07:20:00",27890,27894,27859.5,27878,5770,"LLLH","Red","Down",0.55,0.74,34.5,"Down",0.55,12,"Up",0.7,0.536232,0.768116,True,False,False,True,"Falling","Absent","Local","Local","Contained","Minor","BreaksPriorLow;CloseInsidePriorRange;DissipationLocal;AcceptanceContained;CompressionLocal"
100,"2026-05-01 07:25:00",27878.25,27905.5,27875.5,27883,6024,"HHHL","Black","Up",0.55,0.74,30,"Down",0.45,4.75,"Down",0.2,0.25,0.616667,True,True,True,False,"Rising","Absent","Local","Local","Contained","Minor","BreaksPriorHigh;CloseInsidePriorRange;CloseInsidePriorBody;DissipationLocal;AcceptanceContained;CompressionLocal"
101,"2026-05-01 07:30:00",27882.5,27888.5,27868,27871.5,5906,"LLLH","Red","Down",0.5,0.72,20.5,"Down",0.4,11,"Up",0.6,0.170732,0.634146,False,False,False,True,"Falling","Absent","Absent","Local","Accepted","Minor","BreaksPriorLow;DissipationLocal;AcceptanceAccepted"
102,"2026-05-01 07:35:00",27871.5,27873.25,27802.75,27813,10996,"LLLH","Red","Up",0.85,0.9,70.5,"Up",0.9,58.5,"Up",0.9,0.14539,0.074468,False,False,False,True,"Peak","Strong","Absent","Absent","Accepted","Structural","VolumePeak20;RangePeak20;BreaksPriorLow;AcceptanceAccepted"
103,"2026-05-01 07:40:00",27813,27818.5,27751,27795.5,12872,"LLLH","Red","Up",0.95,0.96,67.5,"Down",0.85,17.5,"Down",0.75,0.659259,0.233333,False,False,False,True,"Climactic","Strong","Absent","Local","Accepted","Structural","VolumePeak20;VolumeClimactic50;RangePeak20;BreaksPriorLow;DissipationLocal;AcceptanceAccepted"
104,"2026-05-01 07:45:00",27795.5,27835.5,27779.75,27816.75,8845,"HHHL","Black","Down",0.6,0.78,55.75,"Down",0.8,21.25,"Up",0.8,0.663677,0.695067,True,False,True,False,"Falling","Strong","Local","Local","Contained","Major","RangePeak20;BreaksPriorHigh;CloseInsidePriorRange;DissipationLocal;AcceptanceContained;CompressionLocal"
105,"2026-05-01 07:50:00",27816.75,27836.75,27809.5,27826.5,5644,"HHHL","Black","Down",0.25,0.64,27.25,"Down",0.3,9.75,"Down",0.4,0.623853,0.954128,True,False,True,False,"Falling","Absent","Clustered","Local","Contained","Minor","BreaksPriorHigh;CloseInsidePriorRange;DissipationLocal;AcceptanceContained;CompressionClustered"
106,"2026-05-01 07:55:00",27826.25,27835.5,27793.5,27818.25,7212,"LLLH","Red","Up",0.5,0.74,42,"Up",0.6,8,"Down",0.25,0.589286,0.619048,True,True,False,True,"Rising","Local","Local","Absent","Contained","Moderate","BreaksPriorLow;CloseInsidePriorRange;CloseInsidePriorBody;AcceptanceContained;CompressionLocal"
107,"2026-05-01 08:00:00",27818.25,27844.75,27812.5,27814.75,5351,"HHHL","Red","Down",0.15,0.6,32.25,"Down",0.3,3.5,"Down",0.15,0.069767,0.713178,True,False,True,False,"Falling","Absent","Local","Local","Contained","Minor","BreaksPriorHigh;CloseInsidePriorRange;DissipationLocal;AcceptanceContained;CompressionLocal"
108,"2026-05-01 08:05:00",27815.25,27819,27769,27795.25,8301,"LLLH","Red","Up",0.5,0.74,50,"Up",0.7,20,"Up",0.75,0.525,0.13,False,False,False,True,"Rising","Local","Absent","Absent","Accepted","Moderate","BreaksPriorLow;AcceptanceAccepted"
109,"2026-05-01 08:10:00",27795.75,27807.5,27781,27801.25,4376,"InsideBar","Black","Down",0.05,0.56,26.5,"Down",0.1,5.5,"Down",0.2,0.764151,1,True,True,False,False,"Falling","Absent","Clustered","Absent","Unresolved","Minor","CloseInsidePriorRange;CloseInsidePriorBody;CompressionClustered"
110,"2026-05-01 08:15:00",27801,27838,27788.75,27837,4660,"HHHL","Black","Up",0.1,0.56,49.25,"Up",0.7,36,"Up",0.9,0.979695,0.380711,False,False,True,False,"Rising","Local","Absent","Absent","Accepted","Moderate","BreaksPriorHigh;AcceptanceAccepted"
111,"2026-05-01 08:20:00",27836.75,27852.5,27828.25,27851.5,5114,"HHHL","Black","Up",0.15,0.56,24.25,"Down",0.1,14.75,"Down",0.65,0.958763,0.402062,False,False,True,False,"Rising","Absent","Absent","Local","Accepted","Minor","BreaksPriorHigh;DissipationLocal;AcceptanceAccepted"
112,"2026-05-01 08:25:00",27852,27870.25,27851,27862,4081,"HHHL","Black","Down",0.05,0.48,19.25,"Down",0.05,10,"Down",0.45,0.571429,0.077922,False,False,True,False,"Falling","Absent","Absent","Local","Accepted","Minor","BreaksPriorHigh;DissipationLocal;AcceptanceAccepted"
113,"2026-05-01 08:30:00",27862.25,27868.5,27850,27863,3216,"LLLH","Black","Down",0.05,0.32,18.5,"Down",0.05,0.75,"Down",0.05,0.702703,0.945946,True,False,False,True,"Falling","Absent","Clustered","Local","Contained","Minor","BreaksPriorLow;CloseInsidePriorRange;DissipationLocal;AcceptanceContained;CompressionClustered"
114,"2026-05-01 08:35:00",27863.5,27876.75,27856,27864.25,3743,"HHHL","Black","Up",0.1,0.4,20.75,"Up",0.2,0.75,"Flat",0.1,0.39759,0.60241,True,False,True,False,"Rising","Local","Local","Absent","Contained","Minor","BreaksPriorHigh;CloseInsidePriorRange;AcceptanceContained;CompressionLocal"
115,"2026-05-01 08:40:00",27865,27903,27861,27889.25,4983,"HHHL","Black","Up",0.3,0.54,42,"Up",0.7,24.25,"Up",0.9,0.672619,0.375,False,False,True,False,"Rising","Local","Absent","Absent","Accepted","Moderate","BreaksPriorHigh;AcceptanceAccepted"
116,"2026-05-01 08:45:00",27889.25,27902.25,27888.25,27895,3504,"InsideBar","Black","Down",0.1,0.36,14,"Down",0.05,5.75,"Down",0.3,0.482143,1,True,False,False,False,"Falling","Absent","Clustered","Absent","Unresolved","Minor","CloseInsidePriorRange;CompressionClustered"
117,"2026-05-01 08:50:00",27894.75,27914.75,27890.75,27910.25,4028,"HHHL","Black","Up",0.2,0.46,24,"Up",0.3,15.5,"Up",0.7,0.8125,0.479167,False,False,True,False,"Rising","Local","Absent","Absent","Accepted","Minor","BreaksPriorHigh;AcceptanceAccepted"
118,"2026-05-01 08:55:00",27910.5,27917,27837.75,27884.5,9932,"OutsideBar","Red","Up",0.9,0.82,79.25,"Up",1,26,"Up",0.9,0.589905,0.302839,False,False,True,True,"Peak","Climactic","Absent","Absent","Accepted","Structural","VolumePeak20;RangePeak20;RangeClimactic20;BreaksPriorHigh;BreaksPriorLow;AcceptanceAccepted"
119,"2026-05-01 09:00:00",27885,27903.75,27880.5,27890.75,3855,"InsideBar","Black","Down",0.2,0.4,23.25,"Down",0.3,5.75,"Down",0.35,0.44086,1,True,True,False,False,"Falling","Absent","Clustered","Absent","Unresolved","Minor","CloseInsidePriorRange;CloseInsidePriorBody;CompressionClustered"
120,"2026-05-01 09:05:00",27890.75,27901.5,27880.5,27885.25,2345,"InsideBar","Red","Down",0.05,0.2,21,"Down",0.3,5.5,"Down",0.25,0.22619,1,True,True,False,False,"Falling","Absent","Clustered","Absent","Unresolved","Minor","CloseInsidePriorRange;CloseInsidePriorBody;CompressionClustered"
121,"2026-05-01 09:10:00",27886.5,27891.25,27843,27849,3745,"LLLH","Red","Up",0.25,0.38,48.25,"Up",0.7,37.5,"Up",0.95,0.124352,0.222798,False,False,False,True,"Rising","Local","Absent","Absent","Accepted","Moderate","BreaksPriorLow;AcceptanceAccepted"
122,"2026-05-01 09:15:00",27847.75,27863.5,27841,27844,4436,"LLLH","Red","Up",0.5,0.48,22.5,"Down",0.3,3.75,"Down",0.2,0.133333,0.911111,True,False,False,True,"Rising","Absent","Clustered","Local","Contained","Minor","BreaksPriorLow;CloseInsidePriorRange;DissipationLocal;AcceptanceContained;CompressionClustered"
123,"2026-05-01 09:20:00",27843.25,27869.25,27840.25,27867.25,3160,"OutsideBar","Black","Down",0.1,0.24,29,"Up",0.6,24,"Up",0.8,0.931034,0.775862,False,False,True,True,"Falling","Local","Absent","Local","Accepted","Moderate","BreaksPriorHigh;BreaksPriorLow;DissipationLocal;AcceptanceAccepted"
124,"2026-05-01 09:25:00",27867.25,27877.25,27823.75,27851.5,6318,"OutsideBar","Red","Up",0.85,0.64,53.5,"Up",0.95,15.75,"Down",0.7,0.518692,0.542056,True,True,True,True,"Peak","Climactic","Local","Absent","Contained","Structural","VolumePeak20;RangePeak20;RangeClimactic20;BreaksPriorHigh;BreaksPriorLow;CloseInsidePriorRange;CloseInsidePriorBody;AcceptanceContained;CompressionLocal"
125,"2026-05-01 09:30:00",27851.5,27854.75,27818,27832.75,5140,"LLLH","Red","Down",0.75,0.52,36.75,"Down",0.65,18.75,"Up",0.7,0.401361,0.843537,True,False,False,True,"Falling","Absent","Clustered","Local","Contained","Moderate","BreaksPriorLow;CloseInsidePriorRange;DissipationLocal;AcceptanceContained;CompressionClustered"
126,"2026-05-01 09:35:00",27832.5,27843.75,27808.75,27827.5,4792,"LLLH","Red","Down",0.65,0.48,35,"Down",0.65,5,"Down",0.25,0.535714,0.735714,True,False,False,True,"Falling","Absent","Local","Local","Contained","Moderate","BreaksPriorLow;CloseInsidePriorRange;DissipationLocal;AcceptanceContained;CompressionLocal"
127,"2026-05-01 09:40:00",27827.5,27848.25,27821.5,27844.5,3624,"HHHL","Black","Down",0.25,0.3,26.75,"Down",0.55,17,"Up",0.65,0.859813,0.831776,False,False,True,False,"Falling","Absent","Clustered","Local","Accepted","Minor","BreaksPriorHigh;DissipationLocal;AcceptanceAccepted;CompressionClustered"
128,"2026-05-01 09:45:00",27843.75,27848.5,27818.75,27819.5,3089,"OutsideBar","Red","Down",0.1,0.24,29.75,"Up",0.65,24.25,"Up",0.85,0.02521,0.89916,False,False,True,True,"Falling","Local","Absent","Local","Accepted","Moderate","BreaksPriorHigh;BreaksPriorLow;DissipationLocal;AcceptanceAccepted"
129,"2026-05-01 09:50:00",27819,27832.25,27805.5,27819.75,3677,"LLLH","Black","Up",0.35,0.34,26.75,"Down",0.55,0.75,"Down",0.15,0.53271,0.504673,True,True,False,True,"Rising","Absent","Local","Local","Contained","Minor","BreaksPriorLow;CloseInsidePriorRange;CloseInsidePriorBody;DissipationLocal;AcceptanceContained;CompressionLocal"
130,"2026-05-01 09:55:00",27819.5,27843.5,27811,27841.25,3407,"HHHL","Black","Down",0.25,0.28,32.5,"Up",0.7,21.75,"Up",0.75,0.930769,0.653846,False,False,True,False,"Falling","Local","Absent","Local","Accepted","Moderate","BreaksPriorHigh;DissipationLocal;AcceptanceAccepted"
131,"2026-05-01 10:00:00",27841,27856.25,27830.25,27831.5,3738,"HHHL","Red","Up",0.45,0.34,26,"Down",0.45,9.5,"Down",0.45,0.048077,0.509615,True,True,True,False,"Rising","Absent","Local","Local","Contained","Minor","BreaksPriorHigh;CloseInsidePriorRange;CloseInsidePriorBody;DissipationLocal;AcceptanceContained;CompressionLocal"
132,"2026-05-01 10:05:00",27831,27851,27828.5,27842,3233,"LLLH","Black","Down",0.25,0.24,22.5,"Down",0.3,11,"Up",0.5,0.6,0.922222,True,False,False,True,"Falling","Absent","Clustered","Local","Contained","Minor","BreaksPriorLow;CloseInsidePriorRange;DissipationLocal;AcceptanceContained;CompressionClustered"
133,"2026-05-01 10:10:00",27841.5,27852,27838.75,27845.25,1848,"HHHL","Black","Down",0.05,0.12,13.25,"Down",0.05,3.75,"Down",0.2,0.490566,0.924528,True,False,True,False,"Falling","Absent","Clustered","Local","Contained","Minor","BreaksPriorHigh;CloseInsidePriorRange;DissipationLocal;AcceptanceContained;CompressionClustered"
134,"2026-05-01 10:15:00",27844.75,27858.25,27843.25,27856.75,1968,"HHHL","Black","Up",0.1,0.14,15,"Up",0.15,12,"Up",0.5,0.9,0.583333,False,False,True,False,"Rising","Local","Absent","Absent","Accepted","Minor","BreaksPriorHigh;AcceptanceAccepted"
135,"2026-05-01 10:20:00",27856.25,27876.75,27855.75,27875.25,3588,"HHHL","Black","Up",0.45,0.28,21,"Up",0.25,19,"Up",0.75,0.928571,0.119048,False,False,True,False,"Rising","Local","Absent","Absent","Accepted","Minor","BreaksPriorHigh;AcceptanceAccepted"
136,"2026-05-01 10:25:00",27875.25,27887.75,27869,27878,3041,"HHHL","Black","Down",0.2,0.14,18.75,"Down",0.15,2.75,"Down",0.1,0.48,0.413333,False,False,True,False,"Falling","Absent","Absent","Local","Accepted","Minor","BreaksPriorHigh;DissipationLocal;AcceptanceAccepted"
137,"2026-05-01 10:30:00",27878.75,27886,27871.5,27885.5,1718,"InsideBar","Black","Down",0.05,0.06,14.5,"Down",0.1,6.75,"Up",0.4,0.965517,1,True,False,False,False,"Falling","Absent","Clustered","Absent","Unresolved","Minor","CloseInsidePriorRange;CompressionClustered"
138,"2026-05-01 10:35:00",27885.5,27890.5,27874.75,27876.75,1769,"HHHL","Red","Up",0.1,0.06,15.75,"Up",0.2,8.75,"Up",0.45,0.126984,0.714286,True,False,True,False,"Rising","Local","Local","Absent","Contained","Minor","BreaksPriorHigh;CloseInsidePriorRange;AcceptanceContained;CompressionLocal"
139,"2026-05-01 10:40:00",27876.25,27878.5,27864,27874,2916,"LLLH","Red","Up",0.3,0.12,14.5,"Down",0.15,2.25,"Down",0.1,0.689655,0.258621,False,False,False,True,"Rising","Absent","Absent","Local","Accepted","Minor","BreaksPriorLow;DissipationLocal;AcceptanceAccepted"
140,"2026-05-01 10:45:00",27874.5,27888,27874.5,27885.25,2311,"HHHL","Black","Down",0.25,0.1,13.5,"Down",0.1,10.75,"Up",0.5,0.796296,0.296296,False,False,True,False,"Falling","Absent","Absent","Local","Accepted","Minor","BreaksPriorHigh;DissipationLocal;AcceptanceAccepted"
141,"2026-05-01 10:50:00",27885.25,27889.5,27879.25,27885,1725,"HHHL","Red","Down",0.1,0.04,10.25,"Down",0.05,0.25,"Down",0.05,0.560976,0.853659,True,True,True,False,"Falling","Absent","Clustered","Local","Contained","Minor","BreaksPriorHigh;CloseInsidePriorRange;CloseInsidePriorBody;DissipationLocal;AcceptanceContained;CompressionClustered"
142,"2026-05-01 10:55:00",27886,27897,27876.5,27884,3938,"OutsideBar","Red","Up",0.85,0.46,20.5,"Up",0.45,2,"Up",0.15,0.365854,0.5,True,False,True,True,"Peak","Local","Local","Absent","Contained","Major","VolumePeak20;BreaksPriorHigh;BreaksPriorLow;CloseInsidePriorRange;AcceptanceContained;CompressionLocal"
143,"2026-05-01 11:00:00",27884.25,27894.25,27882.25,27883.75,1965,"InsideBar","Red","Down",0.25,0.1,12,"Down",0.1,0.5,"Down",0.1,0.125,1,True,False,False,False,"Falling","Absent","Clustered","Absent","Unresolved","Minor","CloseInsidePriorRange;CompressionClustered"
144,"2026-05-01 11:05:00",27883.75,27890.25,27867.5,27870,2766,"LLLH","Red","Up",0.4,0.18,22.75,"Up",0.65,13.75,"Up",0.75,0.10989,0.351648,False,False,False,True,"Rising","Local","Absent","Absent","Accepted","Moderate","BreaksPriorLow;AcceptanceAccepted"
145,"2026-05-01 11:10:00",27870,27882.25,27856.5,27879.25,3273,"LLLH","Black","Up",0.65,0.32,25.75,"Up",0.7,9.25,"Down",0.55,0.883495,0.572816,True,True,False,True,"Rising","Local","Local","Absent","Contained","Moderate","BreaksPriorLow;CloseInsidePriorRange;CloseInsidePriorBody;AcceptanceContained;CompressionLocal"
146,"2026-05-01 11:15:00",27878.75,27880.5,27844,27846.75,3059,"LLLH","Red","Down",0.55,0.24,36.5,"Up",1,32,"Up",1,0.075342,0.657534,False,False,False,True,"Falling","Climactic","Absent","Local","Accepted","Structural","RangePeak20;RangeClimactic20;BreaksPriorLow;DissipationLocal;AcceptanceAccepted"
147,"2026-05-01 11:20:00",27846.5,27859.5,27835.75,27853,3328,"LLLH","Black","Up",0.75,0.36,23.75,"Down",0.7,6.5,"Down",0.4,0.726316,0.652632,True,True,False,True,"Rising","Absent","Local","Local","Contained","Moderate","BreaksPriorLow;CloseInsidePriorRange;CloseInsidePriorBody;DissipationLocal;AcceptanceContained;CompressionLocal"
148,"2026-05-01 11:25:00",27852.25,27868.25,27847,27868,2628,"HHHL","Black","Down",0.4,0.18,21.25,"Down",0.6,15.75,"Up",0.85,0.988235,0.588235,False,False,True,False,"Falling","Absent","Absent","Local","Accepted","Moderate","BreaksPriorHigh;DissipationLocal;AcceptanceAccepted"
149,"2026-05-01 11:30:00",27867.75,27872,27855.25,27868.25,3006,"HHHL","Black","Up",0.55,0.24,16.75,"Down",0.45,0.5,"Down",0.15,0.776119,0.776119,True,False,True,False,"Rising","Absent","Local","Local","Contained","Minor","BreaksPriorHigh;CloseInsidePriorRange;DissipationLocal;AcceptanceContained;CompressionLocal"
150,"2026-05-01 11:35:00",27867.5,27869.25,27843,27844.5,4510,"LLLH","Red","Up",1,0.7,26.25,"Up",0.95,23,"Up",0.95,0.057143,0.533333,False,False,False,True,"Peak","Climactic","Absent","Absent","Accepted","Structural","VolumePeak20;RangePeak20;RangeClimactic20;BreaksPriorLow;AcceptanceAccepted"
151,"2026-05-01 11:40:00",27844.75,27846,27829.75,27832.5,3493,"LLLH","Red","Down",0.85,0.44,16.25,"Down",0.45,12.25,"Down",0.75,0.169231,0.184615,False,False,False,True,"Peak","Absent","Absent","Local","Accepted","Major","VolumePeak20;BreaksPriorLow;DissipationLocal;AcceptanceAccepted"
152,"2026-05-01 11:45:00",27832.25,27836,27812.75,27822.5,3063,"LLLH","Red","Down",0.7,0.3,23.25,"Up",0.8,9.75,"Down",0.6,0.419355,0.268817,False,False,False,True,"Falling","Strong","Absent","Local","Accepted","Major","RangePeak20;BreaksPriorLow;DissipationLocal;AcceptanceAccepted"
153,"2026-05-01 11:50:00",27822,27825,27794.75,27810.5,3865,"LLLH","Red","Up",0.9,0.64,30.25,"Up",0.95,11.5,"Up",0.65,0.520661,0.404959,False,False,False,True,"Peak","Climactic","Absent","Absent","Accepted","Structural","VolumePeak20;RangePeak20;RangeClimactic20;BreaksPriorLow;AcceptanceAccepted"
154,"2026-05-01 11:55:00",27811,27820.25,27798.25,27811.75,2837,"InsideBar","Black","Down",0.4,0.22,22,"Down",0.65,0.75,"Down",0.2,0.613636,1,True,True,False,False,"Falling","Absent","Clustered","Absent","Unresolved","Moderate","CloseInsidePriorRange;CloseInsidePriorBody;CompressionClustered"
155,"2026-05-01 12:00:00",27812.5,27826,27808.5,27821.75,2934,"HHHL","Black","Up",0.5,0.26,17.5,"Down",0.45,9.25,"Up",0.6,0.757143,0.671429,False,False,True,False,"Rising","Absent","Absent","Local","Accepted","Minor","BreaksPriorHigh;DissipationLocal;AcceptanceAccepted"
156,"2026-05-01 12:05:00",27822.25,27841.75,27818,27836.75,3619,"HHHL","Black","Up",0.85,0.56,23.75,"Up",0.8,14.5,"Up",0.85,0.789474,0.336842,False,False,True,False,"Peak","Strong","Absent","Absent","Accepted","Major","VolumePeak20;RangePeak20;BreaksPriorHigh;AcceptanceAccepted"
157,"2026-05-01 12:10:00",27837,27854.75,27836.25,27853.5,2615,"HHHL","Black","Down",0.25,0.18,18.5,"Down",0.45,16.5,"Up",0.9,0.932432,0.297297,False,False,True,False,"Falling","Absent","Absent","Local","Accepted","Minor","BreaksPriorHigh;DissipationLocal;AcceptanceAccepted"
158,"2026-05-01 12:15:00",27853,27873,27847.25,27868.25,2939,"HHHL","Black","Up",0.5,0.3,25.75,"Up",0.85,15.25,"Down",0.8,0.815534,0.291262,False,False,True,False,"Rising","Strong","Absent","Absent","Accepted","Major","RangePeak20;BreaksPriorHigh;AcceptanceAccepted"
159,"2026-05-01 12:20:00",27869,27879.5,27861.75,27870,3304,"HHHL","Black","Up",0.7,0.5,17.75,"Down",0.35,1,"Down",0.25,0.464789,0.633803,True,False,True,False,"Rising","Absent","Local","Local","Contained","Moderate","BreaksPriorHigh;CloseInsidePriorRange;DissipationLocal;AcceptanceContained;CompressionLocal"
160,"2026-05-01 12:25:00",27870,27878.75,27865.5,27878,2598,"InsideBar","Black","Down",0.15,0.18,13.25,"Down",0.15,8,"Up",0.4,0.943396,1,True,False,False,False,"Falling","Absent","Clustered","Absent","Unresolved","Minor","CloseInsidePriorRange;CompressionClustered"
161,"2026-05-01 12:30:00",27877.75,27900,27877.25,27896.25,4334,"HHHL","Black","Up",0.95,0.86,22.75,"Up",0.6,18.5,"Up",0.9,0.835165,0.065934,False,False,True,False,"Peak","Local","Absent","Absent","Accepted","Major","VolumePeak20;BreaksPriorHigh;AcceptanceAccepted"
162,"2026-05-01 12:35:00",27896.25,27900.75,27875.5,27884,4252,"OutsideBar","Red","Down",0.9,0.84,25.25,"Up",0.75,12.25,"Down",0.6,0.336634,0.90099,True,True,True,True,"Peak","Local","Local","Local","Contained","Major","VolumePeak20;BreaksPriorHigh;BreaksPriorLow;CloseInsidePriorRange;CloseInsidePriorBody;DissipationLocal;AcceptanceContained;CompressionLocal"
163,"2026-05-01 12:40:00",27883.75,27886.25,27866.25,27877.75,3008,"LLLH","Red","Down",0.45,0.36,20,"Down",0.35,6,"Down",0.2,0.575,0.5375,True,False,False,True,"Falling","Absent","Local","Local","Contained","Minor","BreaksPriorLow;CloseInsidePriorRange;DissipationLocal;AcceptanceContained;CompressionLocal"
164,"2026-05-01 12:45:00",27877.5,27883.75,27863.5,27874.25,2575,"LLLH","Red","Down",0.05,0.18,20.25,"Up",0.4,3.25,"Down",0.2,0.530864,0.864198,True,False,False,True,"Falling","Local","Local","Local","Contained","Minor","BreaksPriorLow;CloseInsidePriorRange;DissipationLocal;AcceptanceContained;CompressionLocal"
165,"2026-05-01 12:50:00",27873.75,27875.5,27859.5,27870.5,2963,"LLLH","Red","Up",0.4,0.36,16,"Down",0.1,3.25,"Flat",0.25,0.6875,0.75,True,False,False,True,"Rising","Absent","Local","Local","Contained","Minor","BreaksPriorLow;CloseInsidePriorRange;DissipationLocal;AcceptanceContained;CompressionLocal"
166,"2026-05-01 12:55:00",27869.75,27881,27837.5,27846.25,7626,"OutsideBar","Red","Up",1,0.98,43.5,"Up",1,23.5,"Up",1,0.201149,0.367816,False,False,True,True,"Climactic","Climactic","Absent","Absent","Accepted","SessionDefining","VolumePeak20;VolumeClimactic50;RangePeak20;RangeClimactic20;BreaksPriorHigh;BreaksPriorLow;AcceptanceAccepted"
167,"2026-05-01 13:00:00",27846,27846.5,27822.75,27837.25,14234,"LLLH","Red","Up",1,1,23.75,"Down",0.75,8.75,"Down",0.4,0.610526,0.378947,False,False,False,True,"Climactic","Absent","Absent","Local","Accepted","Structural","VolumePeak20;VolumeClimactic50;BreaksPriorLow;DissipationLocal;AcceptanceAccepted"
168,"2026-05-01 13:05:00",27837,27837.5,27824.5,27826.5,4909,"InsideBar","Red","Down",0.9,0.92,13,"Down",0.05,10.5,"Up",0.55,0.153846,1,True,False,False,False,"Peak","Absent","Clustered","Absent","Unresolved","Structural","VolumePeak20;HighVolumeLowRange;CloseInsidePriorRange;CompressionClustered"
169,"2026-05-01 13:10:00",27826.25,27830.5,27816.25,27826.5,2034,"LLLH","Black","Down",0.05,0.14,14.25,"Up",0.15,0.25,"Down",0.05,0.719298,0.421053,True,True,False,True,"Falling","Local","Local","Local","Contained","Minor","BreaksPriorLow;CloseInsidePriorRange;CloseInsidePriorBody;DissipationLocal;AcceptanceContained;CompressionLocal"
170,"2026-05-01 13:15:00",27826.25,27829,27814,27819.75,1445,"LLLH","Red","Down",0.05,0.02,15,"Up",0.2,6.5,"Up",0.35,0.383333,0.85,True,False,False,True,"Falling","Local","Local","Local","Contained","Minor","BreaksPriorLow;CloseInsidePriorRange;DissipationLocal;AcceptanceContained;CompressionLocal"
171,"2026-05-01 13:20:00",27820.25,27820.75,27799.25,27801.75,1753,"LLLH","Red","Up",0.1,0.08,21.5,"Up",0.55,18.5,"Up",0.95,0.116279,0.313953,False,False,False,True,"Rising","Local","Absent","Absent","Accepted","Minor","BreaksPriorLow;AcceptanceAccepted"
172,"2026-05-01 13:25:00",27802,27804.5,27787.5,27795.25,1545,"LLLH","Red","Down",0.1,0.04,17,"Down",0.3,6.75,"Down",0.4,0.455882,0.308824,False,False,False,True,"Falling","Absent","Absent","Local","Accepted","Minor","BreaksPriorLow;DissipationLocal;AcceptanceAccepted"
173,"2026-05-01 13:30:00",27795.5,27806.25,27794.5,27798.75,1045,"HHHL","Black","Down",0.05,0.02,11.75,"Down",0.05,3.25,"Down",0.3,0.361702,0.851064,True,True,True,False,"Falling","Absent","Clustered","Local","Contained","Minor","BreaksPriorHigh;CloseInsidePriorRange;CloseInsidePriorBody;DissipationLocal;AcceptanceContained;CompressionClustered"
174,"2026-05-01 13:35:00",27799.25,27800.75,27792.75,27793,864,"LLLH","Red","Down",0.05,0.02,8,"Down",0.05,6.25,"Up",0.35,0.03125,0.78125,False,False,False,True,"Falling","Absent","Absent","Local","Accepted","Minor","BreaksPriorLow;DissipationLocal;AcceptanceAccepted"
175,"2026-05-01 13:40:00",27793,27800.75,27789.75,27790.5,864,"OutsideBar","Red","Flat",0.1,0.04,11,"Up",0.1,2.5,"Down",0.15,0.068182,0.727273,False,False,False,True,"Normal","Local","Absent","Absent","Accepted","Minor","BreaksPriorLow;AcceptanceAccepted"
176,"2026-05-01 13:45:00",27790.5,27793.75,27782,27788.25,1084,"LLLH","Red","Up",0.2,0.08,11.75,"Up",0.2,2.25,"Down",0.15,0.531915,0.340426,False,False,False,True,"Rising","Local","Absent","Absent","Accepted","Minor","BreaksPriorLow;AcceptanceAccepted"
177,"2026-05-01 13:50:00",27788,27799.25,27787,27792.5,780,"HHHL","Black","Down",0.05,0.02,12.25,"Up",0.25,4.5,"Up",0.4,0.44898,0.55102,True,False,True,False,"Falling","Local","Local","Local","Contained","Minor","BreaksPriorHigh;CloseInsidePriorRange;DissipationLocal;AcceptanceContained;CompressionLocal"
178,"2026-05-01 13:55:00",27792.25,27796.5,27786,27786.75,712,"LLLH","Red","Down",0.05,0.02,10.5,"Down",0.1,5.5,"Up",0.45,0.071429,0.904762,False,False,False,True,"Falling","Absent","Clustered","Local","Accepted","Minor","BreaksPriorLow;DissipationLocal;AcceptanceAccepted;CompressionClustered"
179,"2026-05-01 14:00:00",27786.25,27791,27755.75,27783.25,1287,"LLLH","Red","Up",0.35,0.14,35.25,"Up",0.95,3,"Down",0.2,0.780142,0.141844,False,False,False,True,"Rising","Climactic","Absent","Absent","Accepted","Structural","RangePeak20;RangeClimactic20;LowVolumeHighRange;BreaksPriorLow;AcceptanceAccepted"
180,"2026-05-04 06:35:00",27854.5,27874.5,27810,27827.25,14846,"HHHL","Red","Up",1,1,64.5,"Up",1,27.25,"Up",1,0.267442,0,False,False,True,False,"Climactic","Climactic","Absent","Absent","Accepted","SessionDefining","VolumePeak20;VolumeClimactic50;RangePeak20;RangeClimactic20;BreaksPriorHigh;AcceptanceAccepted"
181,"2026-05-04 06:40:00",27827.75,27854.75,27808.25,27836.5,7671,"LLLH","Black","Down",0.9,0.96,46.5,"Down",0.95,8.75,"Down",0.75,0.607527,0.962366,True,True,False,True,"Climactic","Climactic","Clustered","Local","Contained","SessionDefining","VolumePeak20;VolumeClimactic50;RangePeak20;RangeClimactic20;BreaksPriorLow;CloseInsidePriorRange;CloseInsidePriorBody;DissipationLocal;AcceptanceContained;CompressionClustered"
182,"2026-05-04 06:45:00",27836.5,27888,27824.5,27855.5,6629,"HHHL","Black","Down",0.8,0.92,63.5,"Up",0.95,19,"Up",0.9,0.488189,0.476378,False,False,True,False,"Peak","Climactic","Absent","Local","Accepted","Structural","VolumePeak20;RangePeak20;RangeClimactic20;BreaksPriorHigh;DissipationLocal;AcceptanceAccepted"
183,"2026-05-04 06:50:00",27855.25,27895.75,27846.25,27868.5,7438,"HHHL","Black","Up",0.8,0.92,49.5,"Down",0.9,13.25,"Down",0.8,0.449495,0.843434,True,False,True,False,"Peak","Strong","Clustered","Local","Contained","Structural","VolumePeak20;RangePeak20;BreaksPriorHigh;CloseInsidePriorRange;DissipationLocal;AcceptanceContained;CompressionClustered"
184,"2026-05-04 06:55:00",27868,27889,27849,27870.5,6066,"InsideBar","Black","Down",0.7,0.88,40,"Down",0.75,2.5,"Down",0.2,0.5375,1,True,False,False,False,"Falling","Absent","Clustered","Absent","Unresolved","Moderate","CloseInsidePriorRange;CompressionClustered"
185,"2026-05-04 07:00:00",27870,27898.75,27840.5,27896,5641,"OutsideBar","Black","Down",0.65,0.86,58.25,"Up",0.9,26,"Up",0.95,0.95279,0.686695,False,False,True,True,"Falling","Strong","Absent","Local","Accepted","Structural","RangePeak20;BreaksPriorHigh;BreaksPriorLow;DissipationLocal;AcceptanceAccepted"
186,"2026-05-04 07:05:00",27895.25,27900,27867.25,27871,6165,"HHHL","Red","Up",0.75,0.88,32.75,"Down",0.65,24.25,"Down",0.9,0.114504,0.961832,True,True,True,False,"Rising","Absent","Clustered","Local","Contained","Moderate","BreaksPriorHigh;CloseInsidePriorRange;CloseInsidePriorBody;DissipationLocal;AcceptanceContained;CompressionClustered"
187,"2026-05-04 07:10:00",27869.75,27891.5,27844,27855.5,7045,"LLLH","Red","Up",0.85,0.9,47.5,"Up",0.8,14.25,"Down",0.75,0.242105,0.510526,False,False,False,True,"Peak","Strong","Absent","Absent","Accepted","Structural","VolumePeak20;RangePeak20;BreaksPriorLow;AcceptanceAccepted"
188,"2026-05-04 07:15:00",27856.5,27913.25,27851,27892.75,7030,"HHHL","Black","Down",0.8,0.88,62.25,"Up",0.9,36.25,"Up",1,0.670683,0.650602,False,False,True,False,"Peak","Strong","Absent","Local","Accepted","Structural","VolumePeak20;RangePeak20;BreaksPriorHigh;DissipationLocal;AcceptanceAccepted"
189,"2026-05-04 07:20:00",27892.75,27907.5,27879.25,27906.5,4918,"InsideBar","Black","Down",0.55,0.78,28.25,"Down",0.5,13.75,"Down",0.65,0.964602,1,True,False,False,False,"Falling","Absent","Clustered","Absent","Unresolved","Minor","CloseInsidePriorRange;CompressionClustered"
190,"2026-05-04 07:25:00",27905.75,27912.25,27887.5,27894.75,3892,"HHHL","Red","Down",0.5,0.66,24.75,"Down",0.45,11,"Down",0.55,0.292929,0.808081,True,True,True,False,"Falling","Absent","Clustered","Local","Contained","Minor","BreaksPriorHigh;CloseInsidePriorRange;CloseInsidePriorBody;DissipationLocal;AcceptanceContained;CompressionClustered"
191,"2026-05-04 07:30:00",27894.5,27908,27867.25,27871.25,3853,"LLLH","Red","Down",0.45,0.62,40.75,"Up",0.65,23.25,"Up",0.8,0.09816,0.503067,False,False,False,True,"Falling","Local","Absent","Local","Accepted","Moderate","BreaksPriorLow;DissipationLocal;AcceptanceAccepted"
192,"2026-05-04 07:35:00",27870.75,27904.25,27864,27890.75,4821,"LLLH","Black","Up",0.5,0.74,40.25,"Down",0.6,20,"Down",0.75,0.664596,0.919255,True,True,False,True,"Rising","Absent","Clustered","Local","Contained","Moderate","BreaksPriorLow;CloseInsidePriorRange;CloseInsidePriorBody;DissipationLocal;AcceptanceContained;CompressionClustered"
193,"2026-05-04 07:40:00",27891,27914.25,27881.5,27903.25,4034,"HHHL","Black","Down",0.45,0.66,32.75,"Down",0.45,12.25,"Down",0.5,0.664122,0.694656,True,False,True,False,"Falling","Absent","Local","Local","Contained","Minor","BreaksPriorHigh;CloseInsidePriorRange;DissipationLocal;AcceptanceContained;CompressionLocal"
194,"2026-05-04 07:45:00",27903.5,27930,27903.5,27926.5,4584,"HHHL","Black","Up",0.45,0.72,26.5,"Down",0.3,23,"Up",0.75,0.867925,0.40566,False,False,True,False,"Rising","Absent","Absent","Local","Accepted","Minor","BreaksPriorHigh;DissipationLocal;AcceptanceAccepted"
195,"2026-05-04 07:50:00",27926.75,27941,27924,27930.25,4575,"HHHL","Black","Down",0.4,0.7,17,"Down",0.2,3.5,"Down",0.2,0.367647,0.352941,False,False,True,False,"Falling","Absent","Absent","Local","Accepted","Minor","BreaksPriorHigh;DissipationLocal;AcceptanceAccepted"
196,"2026-05-04 07:55:00",27930.75,27940.75,27918,27928.5,3514,"LLLH","Red","Down",0.2,0.52,22.75,"Up",0.2,2.25,"Down",0.05,0.461538,0.736264,True,True,False,True,"Falling","Local","Local","Local","Contained","Minor","BreaksPriorLow;CloseInsidePriorRange;CloseInsidePriorBody;DissipationLocal;AcceptanceContained;CompressionLocal"
197,"2026-05-04 08:00:00",27928.75,27935.75,27874,27882,8888,"LLLH","Red","Up",0.95,0.96,61.75,"Up",0.85,46.75,"Up",1,0.129555,0.287449,False,False,False,True,"Climactic","Strong","Absent","Absent","Accepted","Structural","VolumePeak20;VolumeClimactic50;RangePeak20;BreaksPriorLow;AcceptanceAccepted"
198,"2026-05-04 08:05:00",27882,27914.25,27847.5,27890.5,8283,"LLLH","Black","Down",0.9,0.94,66.75,"Up",1,8.5,"Down",0.25,0.644195,0.602996,True,True,False,True,"Peak","Climactic","Local","Local","Contained","Structural","VolumePeak20;RangePeak20;RangeClimactic20;BreaksPriorLow;CloseInsidePriorRange;CloseInsidePriorBody;DissipationLocal;AcceptanceContained;CompressionLocal"
199,"2026-05-04 08:10:00",27889.5,27901.75,27865.75,27882.5,4930,"InsideBar","Red","Down",0.45,0.74,36,"Down",0.4,7,"Down",0.2,0.465278,1,True,True,False,False,"Falling","Absent","Clustered","Absent","Unresolved","Minor","CloseInsidePriorRange;CloseInsidePriorBody;CompressionClustered"
200,"2026-05-04 08:15:00",27882.5,27890.5,27837.75,27854.75,5388,"LLLH","Red","Up",0.5,0.74,52.75,"Up",0.75,27.75,"Up",0.9,0.322275,0.469194,False,False,False,True,"Rising","Local","Absent","Absent","Accepted","Moderate","BreaksPriorLow;AcceptanceAccepted"
201,"2026-05-04 08:20:00",27854.5,27867.75,27769.5,27782.75,9738,"LLLH","Red","Up",1,0.96,98.25,"Up",1,71.75,"Up",1,0.13486,0.305344,False,False,False,True,"Climactic","Climactic","Absent","Absent","Accepted","SessionDefining","VolumePeak20;VolumeClimactic50;RangePeak20;RangeClimactic20;BreaksPriorLow;AcceptanceAccepted"
202,"2026-05-04 08:25:00",27782.25,27789.25,27711.5,27726,15201,"LLLH","Red","Up",1,1,77.75,"Down",0.95,56.25,"Down",0.95,0.186495,0.254019,False,False,False,True,"Climactic","Climactic","Absent","Local","Accepted","SessionDefining","VolumePeak20;VolumeClimactic50;RangePeak20;RangeClimactic20;BreaksPriorLow;DissipationLocal;AcceptanceAccepted"
203,"2026-05-04 08:30:00",27727,27793.25,27722.25,27776.25,9110,"HHHL","Black","Down",0.9,0.92,71,"Down",0.9,49.25,"Down",0.9,0.760563,0.943662,True,True,True,False,"Peak","Strong","Clustered","Local","Contained","Structural","VolumePeak20;RangePeak20;BreaksPriorHigh;CloseInsidePriorRange;CloseInsidePriorBody;DissipationLocal;AcceptanceContained;CompressionClustered"
204,"2026-05-04 08:35:00",27776.25,27783.75,27722.75,27755.75,7674,"InsideBar","Red","Down",0.75,0.86,61,"Down",0.7,20.5,"Down",0.5,0.540984,1,True,True,False,False,"Falling","Absent","Clustered","Absent","Unresolved","Moderate","CloseInsidePriorRange;CloseInsidePriorBody;CompressionClustered"
205,"2026-05-04 08:40:00",27755.5,27774.5,27716.5,27736,7817,"LLLH","Red","Up",0.75,0.86,58,"Down",0.65,19.5,"Down",0.45,0.336207,0.892241,True,False,False,True,"Rising","Absent","Clustered","Local","Contained","Moderate","BreaksPriorLow;CloseInsidePriorRange;DissipationLocal;AcceptanceContained;CompressionClustered"
206,"2026-05-04 08:45:00",27735,27770,27697.25,27762.75,7684,"LLLH","Black","Down",0.7,0.84,72.75,"Up",0.9,27.75,"Up",0.75,0.900344,0.735395,True,False,False,True,"Falling","Strong","Local","Local","Contained","Structural","RangePeak20;BreaksPriorLow;CloseInsidePriorRange;DissipationLocal;AcceptanceContained;CompressionLocal"
207,"2026-05-04 08:50:00",27762.25,27764.25,27722.75,27729.25,5637,"InsideBar","Red","Down",0.55,0.62,41.5,"Down",0.5,33,"Up",0.75,0.156627,1,True,False,False,False,"Falling","Absent","Clustered","Absent","Unresolved","Minor","CloseInsidePriorRange;CompressionClustered"
208,"2026-05-04 08:55:00",27729,27763,27700.75,27756.75,7377,"LLLH","Black","Up",0.6,0.74,62.25,"Up",0.75,27.75,"Down",0.75,0.899598,0.646586,True,True,False,True,"Rising","Local","Local","Absent","Contained","Moderate","BreaksPriorLow;CloseInsidePriorRange;CloseInsidePriorBody;AcceptanceContained;CompressionLocal"
209,"2026-05-04 09:00:00",27756.5,27771.5,27725,27734.75,4951,"HHHL","Red","Down",0.45,0.56,46.5,"Down",0.5,21.75,"Down",0.5,0.209677,0.817204,True,True,True,False,"Falling","Absent","Clustered","Local","Contained","Minor","BreaksPriorHigh;CloseInsidePriorRange;CloseInsidePriorBody;DissipationLocal;AcceptanceContained;CompressionClustered"
210,"2026-05-04 09:05:00",27734.25,27746.5,27704.5,27719.25,4783,"LLLH","Red","Down",0.3,0.46,42,"Down",0.45,15,"Down",0.3,0.35119,0.511905,False,False,False,True,"Falling","Absent","Absent","Local","Accepted","Minor","BreaksPriorLow;DissipationLocal;AcceptanceAccepted"
211,"2026-05-04 09:10:00",27718.25,27725,27613,27666,13275,"LLLH","Red","Up",0.95,0.94,112,"Up",1,52.25,"Up",0.9,0.473214,0.183036,False,False,False,True,"Peak","Climactic","Absent","Absent","Accepted","Structural","VolumePeak20;RangePeak20;RangeClimactic20;BreaksPriorLow;AcceptanceAccepted"
212,"2026-05-04 09:15:00",27664.75,27688,27636.25,27656.5,5869,"InsideBar","Red","Down",0.5,0.6,51.75,"Down",0.45,8.25,"Down",0.2,0.391304,1,True,False,False,False,"Falling","Absent","Clustered","Absent","Unresolved","Minor","CloseInsidePriorRange;CompressionClustered"
213,"2026-05-04 09:20:00",27656.75,27733.75,27629.5,27711.5,10390,"OutsideBar","Black","Up",0.9,0.92,104.25,"Up",0.95,54.75,"Up",0.9,0.786571,0.496403,False,False,True,True,"Peak","Climactic","Absent","Absent","Accepted","Structural","VolumePeak20;RangePeak20;RangeClimactic20;BreaksPriorHigh;BreaksPriorLow;AcceptanceAccepted"
214,"2026-05-04 09:25:00",27712.75,27737.75,27702.75,27725.5,6461,"HHHL","Black","Down",0.45,0.62,35,"Down",0.15,12.75,"Down",0.3,0.65,0.885714,True,False,True,False,"Falling","Absent","Clustered","Local","Contained","Minor","BreaksPriorHigh;CloseInsidePriorRange;DissipationLocal;AcceptanceContained;CompressionClustered"
215,"2026-05-04 09:30:00",27725,27747.75,27705,27713.25,4475,"HHHL","Red","Down",0.1,0.32,42.75,"Up",0.3,11.75,"Down",0.25,0.192982,0.766082,True,True,True,False,"Falling","Local","Local","Local","Contained","Minor","BreaksPriorHigh;CloseInsidePriorRange;CloseInsidePriorBody;DissipationLocal;AcceptanceContained;CompressionLocal"
216,"2026-05-04 09:35:00",27714.5,27744.25,27705,27739.25,4110,"InsideBar","Black","Down",0.05,0.32,39.25,"Down",0.15,24.75,"Up",0.5,0.872611,1,True,False,False,False,"Falling","Absent","Clustered","Absent","Unresolved","Minor","CloseInsidePriorRange;CompressionClustered"
217,"2026-05-04 09:40:00",27737.5,27742.25,27691,27700.75,5361,"LLLH","Red","Up",0.3,0.52,51.25,"Up",0.4,36.75,"Up",0.75,0.190244,0.726829,False,False,False,True,"Rising","Local","Absent","Absent","Accepted","Minor","BreaksPriorLow;AcceptanceAccepted"
218,"2026-05-04 09:45:00",27700.75,27732.25,27698.5,27711.75,3628,"InsideBar","Black","Down",0.05,0.26,33.75,"Down",0.05,11,"Down",0.15,0.392593,1,True,True,False,False,"Falling","Absent","Clustered","Absent","Unresolved","Minor","CloseInsidePriorRange;CloseInsidePriorBody;CompressionClustered"
219,"2026-05-04 09:50:00",27712,27723,27701.5,27719.75,2502,"InsideBar","Black","Down",0.05,0.22,21.5,"Down",0.05,7.75,"Down",0.05,0.848837,1,True,False,False,False,"Falling","Absent","Clustered","Absent","Unresolved","Minor","CloseInsidePriorRange;CompressionClustered"
220,"2026-05-04 09:55:00",27719,27722.25,27688.75,27706.5,4475,"LLLH","Red","Up",0.25,0.36,33.5,"Up",0.1,12.5,"Up",0.25,0.529851,0.619403,True,False,False,True,"Rising","Local","Local","Absent","Contained","Minor","BreaksPriorLow;CloseInsidePriorRange;AcceptanceContained;CompressionLocal"
221,"2026-05-04 10:00:00",27705.5,27719.75,27699,27706.25,2626,"InsideBar","Black","Down",0.1,0.2,20.75,"Down",0.05,0.75,"Down",0.05,0.349398,1,True,False,False,False,"Falling","Absent","Clustered","Absent","Unresolved","Minor","CloseInsidePriorRange;CompressionClustered"
222,"2026-05-04 10:05:00",27705.25,27743,27704,27735.75,5342,"HHHL","Black","Up",0.45,0.5,39,"Up",0.3,30.5,"Up",0.75,0.814103,0.403846,False,False,True,False,"Rising","Local","Absent","Absent","Accepted","Minor","BreaksPriorHigh;AcceptanceAccepted"
223,"2026-05-04 10:10:00",27736,27755.5,27733.75,27747.5,3653,"HHHL","Black","Down",0.2,0.22,21.75,"Down",0.15,11.5,"Down",0.25,0.632184,0.425287,False,False,True,False,"Falling","Absent","Absent","Local","Accepted","Minor","BreaksPriorHigh;DissipationLocal;AcceptanceAccepted"
224,"2026-05-04 10:15:00",27747.5,27758.5,27728.5,27743.25,3452,"OutsideBar","Red","Down",0.15,0.16,30,"Up",0.2,4.25,"Down",0.1,0.491667,0.725,True,True,True,True,"Falling","Local","Local","Local","Contained","Minor","BreaksPriorHigh;BreaksPriorLow;CloseInsidePriorRange;CloseInsidePriorBody;DissipationLocal;AcceptanceContained;CompressionLocal"
225,"2026-05-04 10:20:00",27743.75,27793.5,27740,27788.25,7792,"HHHL","Black","Up",0.9,0.82,53.5,"Up",0.8,44.5,"Up",0.9,0.901869,0.345794,False,False,True,False,"Peak","Strong","Absent","Absent","Accepted","Major","VolumePeak20;RangePeak20;BreaksPriorHigh;AcceptanceAccepted"
226,"2026-05-04 10:25:00",27788.5,27803.75,27782,27795.5,3679,"HHHL","Black","Down",0.3,0.2,21.75,"Down",0.2,7,"Down",0.15,0.62069,0.528736,False,False,True,False,"Falling","Absent","Absent","Local","Accepted","Minor","BreaksPriorHigh;DissipationLocal;AcceptanceAccepted"
227,"2026-05-04 10:30:00",27796.25,27800,27780.5,27794,2551,"LLLH","Red","Down",0.1,0.08,19.5,"Down",0.05,2.25,"Down",0.1,0.692308,0.923077,True,True,False,True,"Falling","Absent","Clustered","Local","Contained","Minor","BreaksPriorLow;CloseInsidePriorRange;CloseInsidePriorBody;DissipationLocal;AcceptanceContained;CompressionClustered"
228,"2026-05-04 10:35:00",27793.25,27798.25,27773.25,27774.75,2725,"LLLH","Red","Up",0.2,0.1,25,"Up",0.3,18.5,"Up",0.65,0.06,0.71,False,False,False,True,"Rising","Local","Absent","Absent","Accepted","Minor","BreaksPriorLow;AcceptanceAccepted"
229,"2026-05-04 10:40:00",27774.5,27777,27753.5,27775.5,3938,"LLLH","Black","Up",0.45,0.24,23.5,"Down",0.3,1,"Down",0.1,0.93617,0.159574,True,True,False,True,"Rising","Absent","Local","Local","Contained","Minor","BreaksPriorLow;CloseInsidePriorRange;CloseInsidePriorBody;DissipationLocal;AcceptanceContained;CompressionLocal"
230,"2026-05-04 10:45:00",27775.5,27781.5,27762.75,27776.25,1993,"HHHL","Black","Down",0.05,0.02,18.75,"Down",0.05,0.75,"Down",0.1,0.72,0.76,True,False,True,False,"Falling","Absent","Local","Local","Contained","Minor","BreaksPriorHigh;CloseInsidePriorRange;DissipationLocal;AcceptanceContained;CompressionLocal"
231,"2026-05-04 10:50:00",27776.5,27779,27767.25,27775.75,1482,"InsideBar","Red","Down",0.05,0.02,11.75,"Down",0.05,0.75,"Flat",0.15,0.723404,1,True,True,False,False,"Falling","Absent","Clustered","Absent","Unresolved","Minor","CloseInsidePriorRange;CloseInsidePriorBody;CompressionClustered"
232,"2026-05-04 10:55:00",27775.5,27792.75,27773,27786.75,2852,"HHHL","Black","Up",0.35,0.14,19.75,"Up",0.2,11.25,"Up",0.5,0.696203,0.303797,False,False,True,False,"Rising","Local","Absent","Absent","Accepted","Minor","BreaksPriorHigh;AcceptanceAccepted"
233,"2026-05-04 11:00:00",27786.75,27802.5,27786.75,27792.25,2215,"HHHL","Black","Down",0.15,0.06,15.75,"Down",0.1,5.5,"Down",0.35,0.349206,0.380952,True,False,True,False,"Falling","Absent","Local","Local","Contained","Minor","BreaksPriorHigh;CloseInsidePriorRange;DissipationLocal;AcceptanceContained;CompressionLocal"
234,"2026-05-04 11:05:00",27792.25,27816.5,27791.75,27811,3057,"HHHL","Black","Up",0.45,0.18,24.75,"Up",0.55,18.75,"Up",0.8,0.777778,0.434343,False,False,True,False,"Rising","Local","Absent","Absent","Accepted","Minor","BreaksPriorHigh;AcceptanceAccepted"
235,"2026-05-04 11:10:00",27811.25,27818.75,27792.25,27797,2772,"HHHL","Red","Down",0.4,0.16,26.5,"Up",0.65,14.25,"Down",0.7,0.179245,0.915094,True,True,True,False,"Falling","Local","Local","Local","Contained","Moderate","BreaksPriorHigh;CloseInsidePriorRange;CloseInsidePriorBody;DissipationLocal;AcceptanceContained;CompressionLocal"
236,"2026-05-04 11:15:00",27797.25,27803.75,27786.25,27787.5,2367,"LLLH","Red","Down",0.2,0.08,17.5,"Down",0.15,9.75,"Down",0.5,0.071429,0.657143,False,False,False,True,"Falling","Absent","Absent","Local","Accepted","Minor","BreaksPriorLow;DissipationLocal;AcceptanceAccepted"
237,"2026-05-04 11:20:00",27787,27789.5,27771,27775,2840,"LLLH","Red","Up",0.5,0.2,18.5,"Up",0.2,12,"Up",0.7,0.216216,0.175676,False,False,False,True,"Rising","Local","Absent","Absent","Accepted","Minor","BreaksPriorLow;AcceptanceAccepted"
238,"2026-05-04 11:25:00",27774.25,27778.75,27751,27763.5,3238,"LLLH","Red","Up",0.65,0.26,27.75,"Up",0.8,10.75,"Down",0.55,0.45045,0.279279,False,False,False,True,"Rising","Strong","Absent","Absent","Accepted","Major","RangePeak20;BreaksPriorLow;AcceptanceAccepted"
239,"2026-05-04 11:30:00",27763.75,27774.75,27732.25,27770.75,4450,"LLLH","Black","Up",0.85,0.48,42.5,"Up",0.95,7,"Down",0.45,0.905882,0.558824,True,True,False,True,"Peak","Climactic","Local","Absent","Contained","Structural","VolumePeak20;RangePeak20;RangeClimactic20;BreaksPriorLow;CloseInsidePriorRange;CloseInsidePriorBody;AcceptanceContained;CompressionLocal"
240,"2026-05-04 11:35:00",27771.5,27777,27752.5,27760.25,2995,"HHHL","Red","Down",0.55,0.24,24.5,"Down",0.6,11.25,"Up",0.65,0.316327,0.908163,True,False,True,False,"Falling","Absent","Clustered","Local","Contained","Moderate","BreaksPriorHigh;CloseInsidePriorRange;DissipationLocal;AcceptanceContained;CompressionClustered"
241,"2026-05-04 11:40:00",27761.25,27761.75,27744.75,27755.25,2264,"LLLH","Red","Down",0.2,0.08,17,"Down",0.15,6,"Down",0.35,0.617647,0.544118,True,False,False,True,"Falling","Absent","Local","Local","Contained","Minor","BreaksPriorLow;CloseInsidePriorRange;DissipationLocal;AcceptanceContained;CompressionLocal"
242,"2026-05-04 11:45:00",27755.5,27761.5,27726.5,27727.75,2311,"LLLH","Red","Up",0.25,0.1,35,"Up",0.9,27.75,"Up",0.95,0.035714,0.478571,False,False,False,True,"Rising","Strong","Absent","Absent","Accepted","Structural","RangePeak20;LowVolumeHighRange;BreaksPriorLow;AcceptanceAccepted"
243,"2026-05-04 11:50:00",27728.25,27747.75,27718,27746,3602,"LLLH","Black","Up",0.8,0.38,29.75,"Down",0.8,17.75,"Down",0.8,0.941176,0.714286,True,True,False,True,"Peak","Strong","Local","Local","Contained","Major","VolumePeak20;RangePeak20;BreaksPriorLow;CloseInsidePriorRange;CloseInsidePriorBody;DissipationLocal;AcceptanceContained;CompressionLocal"
244,"2026-05-04 11:55:00",27745.75,27754.75,27726.25,27736.5,3601,"HHHL","Red","Down",0.75,0.38,28.5,"Down",0.8,9.25,"Down",0.45,0.359649,0.754386,True,True,True,False,"Falling","Strong","Local","Local","Contained","Major","RangePeak20;BreaksPriorHigh;CloseInsidePriorRange;CloseInsidePriorBody;DissipationLocal;AcceptanceContained;CompressionLocal"
245,"2026-05-04 12:00:00",27735.25,27765,27733.25,27759.75,2346,"HHHL","Black","Down",0.3,0.12,31.75,"Up",0.9,24.5,"Up",0.95,0.834646,0.677165,False,False,True,False,"Falling","Strong","Absent","Local","Accepted","Structural","RangePeak20;LowVolumeHighRange;BreaksPriorHigh;DissipationLocal;AcceptanceAccepted"
246,"2026-05-04 12:05:00",27759,27764.25,27739.75,27752,2400,"InsideBar","Red","Up",0.4,0.16,24.5,"Down",0.55,7,"Down",0.4,0.5,1,True,True,False,False,"Rising","Absent","Clustered","Local","Unresolved","Minor","CloseInsidePriorRange;CloseInsidePriorBody;DissipationLocal;CompressionClustered"
247,"2026-05-04 12:10:00",27751.5,27789.25,27744,27771.25,7491,"HHHL","Black","Up",1,0.8,45.25,"Up",1,19.75,"Up",0.9,0.60221,0.447514,False,False,True,False,"Peak","Climactic","Absent","Absent","Accepted","Structural","VolumePeak20;RangePeak20;RangeClimactic20;BreaksPriorHigh;AcceptanceAccepted"
248,"2026-05-04 12:15:00",27770.75,27776.75,27764,27774.5,1907,"InsideBar","Black","Down",0.1,0.04,12.75,"Down",0.1,3.75,"Down",0.2,0.823529,1,True,False,False,False,"Falling","Absent","Clustered","Absent","Unresolved","Minor","CloseInsidePriorRange;CompressionClustered"
249,"2026-05-04 12:20:00",27774.75,27784.25,27769.5,27770,1924,"HHHL","Red","Up",0.15,0.06,14.75,"Up",0.15,4.75,"Up",0.2,0.033898,0.491525,True,False,True,False,"Rising","Local","Local","Absent","Contained","Minor","BreaksPriorHigh;CloseInsidePriorRange;AcceptanceContained;CompressionLocal"
250,"2026-05-04 12:25:00",27770.25,27773.25,27757,27769.25,1980,"LLLH","Red","Up",0.2,0.08,16.25,"Up",0.25,1,"Down",0.1,0.753846,0.230769,False,False,False,True,"Rising","Local","Absent","Absent","Accepted","Minor","BreaksPriorLow;AcceptanceAccepted"
251,"2026-05-04 12:30:00",27769.5,27788.5,27749,27778.5,3828,"OutsideBar","Black","Up",0.9,0.56,39.5,"Up",0.9,9,"Up",0.4,0.746835,0.411392,False,False,True,True,"Peak","Strong","Absent","Absent","Accepted","Structural","VolumePeak20;RangePeak20;BreaksPriorHigh;BreaksPriorLow;AcceptanceAccepted"
252,"2026-05-04 12:35:00",27778.5,27792.5,27777,27787.5,2040,"HHHL","Black","Down",0.2,0.12,15.5,"Down",0.15,9,"Flat",0.45,0.677419,0.741935,True,False,True,False,"Falling","Absent","Local","Local","Contained","Minor","BreaksPriorHigh;CloseInsidePriorRange;DissipationLocal;AcceptanceContained;CompressionLocal"
253,"2026-05-04 12:40:00",27786.75,27789.5,27773.25,27775.5,1746,"LLLH","Red","Down",0.05,0.04,16.25,"Up",0.25,11.25,"Up",0.65,0.138462,0.769231,False,False,False,True,"Falling","Local","Absent","Local","Accepted","Minor","BreaksPriorLow;DissipationLocal;AcceptanceAccepted"
254,"2026-05-04 12:45:00",27775.5,27778.5,27762,27768.25,2437,"LLLH","Red","Up",0.55,0.28,16.5,"Up",0.3,7.25,"Down",0.35,0.378788,0.318182,False,False,False,True,"Rising","Local","Absent","Absent","Accepted","Minor","BreaksPriorLow;AcceptanceAccepted"
255,"2026-05-04 12:50:00",27768.25,27790,27759.5,27789,2999,"OutsideBar","Black","Up",0.7,0.46,30.5,"Up",0.75,20.75,"Up",0.9,0.967213,0.540984,False,False,True,True,"Rising","Local","Absent","Absent","Accepted","Moderate","BreaksPriorHigh;BreaksPriorLow;AcceptanceAccepted"
256,"2026-05-04 12:55:00",27788.75,27794,27750,27757.5,5891,"OutsideBar","Red","Up",0.95,0.88,44,"Up",0.95,31.25,"Up",1,0.170455,0.693182,False,False,True,True,"Peak","Climactic","Absent","Absent","Accepted","Structural","VolumePeak20;RangePeak20;RangeClimactic20;BreaksPriorHigh;BreaksPriorLow;AcceptanceAccepted"
257,"2026-05-04 13:00:00",27758,27780.75,27747,27780,8654,"LLLH","Black","Up",1,0.96,33.75,"Down",0.75,22,"Down",0.85,0.977778,0.911111,True,True,False,True,"Climactic","Absent","Clustered","Local","Contained","Structural","VolumePeak20;VolumeClimactic50;BreaksPriorLow;CloseInsidePriorRange;CloseInsidePriorBody;DissipationLocal;AcceptanceContained;CompressionClustered"
258,"2026-05-04 13:05:00",27780.25,27781,27754,27759.5,3029,"HHHL","Red","Down",0.65,0.48,27,"Down",0.5,20.75,"Down",0.8,0.203704,0.990741,True,True,True,False,"Falling","Absent","Clustered","Local","Contained","Moderate","BreaksPriorHigh;CloseInsidePriorRange;CloseInsidePriorBody;DissipationLocal;AcceptanceContained;CompressionClustered"
259,"2026-05-04 13:10:00",27760,27776.5,27749.75,27749.75,1558,"LLLH","Red","Down",0.05,0.04,26.75,"Down",0.5,10.25,"Down",0.5,0,0.841121,False,False,False,True,"Falling","Absent","Clustered","Local","Accepted","Minor","BreaksPriorLow;DissipationLocal;AcceptanceAccepted;CompressionClustered"
260,"2026-05-04 13:15:00",27750,27757.25,27739,27754,1545,"LLLH","Black","Down",0.05,0.04,18.25,"Down",0.4,4,"Down",0.15,0.821918,0.410959,True,True,False,True,"Falling","Absent","Local","Local","Contained","Minor","BreaksPriorLow;CloseInsidePriorRange;CloseInsidePriorBody;DissipationLocal;AcceptanceContained;CompressionLocal"
261,"2026-05-04 13:20:00",27753.5,27758.25,27741.25,27743.25,663,"HHHL","Red","Down",0.05,0.02,17,"Down",0.35,10.25,"Up",0.55,0.117647,0.941176,True,False,True,False,"Falling","Absent","Clustered","Local","Contained","Minor","BreaksPriorHigh;CloseInsidePriorRange;DissipationLocal;AcceptanceContained;CompressionClustered"
262,"2026-05-04 13:25:00",27742,27751.5,27738.75,27750.75,509,"LLLH","Black","Down",0.05,0.02,12.75,"Down",0.1,8.75,"Down",0.35,0.941176,0.803922,True,True,False,True,"Falling","Absent","Clustered","Local","Contained","Minor","BreaksPriorLow;CloseInsidePriorRange;CloseInsidePriorBody;DissipationLocal;AcceptanceContained;CompressionClustered"
263,"2026-05-04 13:30:00",27751,27764.5,27749.75,27761.5,607,"HHHL","Black","Up",0.1,0.04,14.75,"Up",0.2,10.5,"Up",0.65,0.79661,0.118644,False,False,True,False,"Rising","Local","Absent","Absent","Accepted","Minor","BreaksPriorHigh;AcceptanceAccepted"
264,"2026-05-04 13:35:00",27761.5,27764,27755,27755.25,377,"InsideBar","Red","Down",0.05,0.02,9,"Down",0.05,6.25,"Down",0.25,0.027778,1,True,True,False,False,"Falling","Absent","Clustered","Absent","Unresolved","Minor","CloseInsidePriorRange;CloseInsidePriorBody;CompressionClustered"
265,"2026-05-04 13:40:00",27754.5,27757.75,27748.5,27751,475,"LLLH","Red","Up",0.1,0.04,9.25,"Up",0.1,3.5,"Down",0.1,0.27027,0.297297,False,False,False,True,"Rising","Local","Absent","Absent","Accepted","Minor","BreaksPriorLow;AcceptanceAccepted"
266,"2026-05-04 13:45:00",27751.5,27754,27749,27749,220,"InsideBar","Red","Down",0.05,0.02,5,"Down",0.05,2.5,"Down",0.1,0,1,True,False,False,False,"Falling","Absent","Clustered","Absent","Unresolved","Minor","CloseInsidePriorRange;CompressionClustered"
267,"2026-05-04 13:50:00",27748.25,27753,27744,27746.5,452,"LLLH","Red","Up",0.15,0.06,9,"Up",0.15,1.75,"Down",0.1,0.277778,0.444444,False,False,False,True,"Rising","Local","Absent","Absent","Accepted","Minor","BreaksPriorLow;AcceptanceAccepted"
268,"2026-05-04 13:55:00",27746.75,27747.5,27741.25,27743.25,355,"LLLH","Red","Down",0.1,0.04,6.25,"Down",0.1,3.5,"Up",0.25,0.32,0.56,False,False,False,True,"Falling","Absent","Absent","Local","Accepted","Minor","BreaksPriorLow;DissipationLocal;AcceptanceAccepted"
269,"2026-05-04 14:00:00",27743.75,27746.25,27740.25,27743,397,"LLLH","Red","Up",0.2,0.08,6,"Down",0.1,0.75,"Down",0.05,0.458333,0.833333,True,False,False,True,"Rising","Absent","Clustered","Local","Contained","Minor","BreaksPriorLow;CloseInsidePriorRange;DissipationLocal;AcceptanceContained;CompressionClustered"
270,"2026-05-05 06:35:00",27988.5,28031.25,27971,28025.25,15138,"HHHL","Black","Up",1,1,60.25,"Up",1,36.75,"Up",1,0.900415,0,False,False,True,False,"Climactic","Climactic","Absent","Absent","Accepted","SessionDefining","VolumePeak20;VolumeClimactic50;RangePeak20;RangeClimactic20;BreaksPriorHigh;AcceptanceAccepted"
271,"2026-05-05 06:40:00",28025.5,28060.75,28019.5,28046.75,10893,"HHHL","Black","Down",0.95,0.98,41.25,"Down",0.9,21.25,"Down",0.85,0.660606,0.284848,False,False,True,False,"Climactic","Strong","Absent","Local","Accepted","Structural","VolumePeak20;VolumeClimactic50;RangePeak20;BreaksPriorHigh;DissipationLocal;AcceptanceAccepted"
272,"2026-05-05 06:45:00",28046.25,28084,28042.5,28082,8960,"HHHL","Black","Down",0.9,0.96,41.5,"Up",0.9,35.75,"Up",0.95,0.951807,0.439759,False,False,True,False,"Climactic","Strong","Absent","Local","Accepted","Structural","VolumePeak20;VolumeClimactic50;RangePeak20;BreaksPriorHigh;DissipationLocal;AcceptanceAccepted"
273,"2026-05-05 06:50:00",28082.75,28102.75,28070,28074.5,11352,"HHHL","Red","Up",0.95,0.98,32.75,"Down",0.75,8.25,"Down",0.45,0.137405,0.427481,True,True,True,False,"Climactic","Absent","Local","Local","Contained","Structural","VolumePeak20;VolumeClimactic50;BreaksPriorHigh;CloseInsidePriorRange;CloseInsidePriorBody;DissipationLocal;AcceptanceContained;CompressionLocal"
274,"2026-05-05 06:55:00",28075,28112,28069,28070.25,9501,"OutsideBar","Red","Down",0.85,0.94,43,"Up",0.9,4.75,"Down",0.35,0.02907,0.761628,True,False,True,True,"Peak","Strong","Local","Local","Contained","Structural","VolumePeak20;RangePeak20;BreaksPriorHigh;BreaksPriorLow;CloseInsidePriorRange;DissipationLocal;AcceptanceContained;CompressionLocal"
275,"2026-05-05 07:00:00",28069.75,28096.75,28064.75,28085.25,6012,"LLLH","Black","Down",0.7,0.86,32,"Down",0.65,15.5,"Up",0.7,0.640625,0.867188,True,False,False,True,"Falling","Absent","Clustered","Local","Contained","Moderate","BreaksPriorLow;CloseInsidePriorRange;DissipationLocal;AcceptanceContained;CompressionClustered"
276,"2026-05-05 07:05:00",28085,28102,28058.75,28099.5,7931,"OutsideBar","Black","Up",0.7,0.88,43.25,"Up",0.95,14.5,"Down",0.7,0.942197,0.739884,False,False,True,True,"Rising","Climactic","Absent","Absent","Accepted","Structural","RangePeak20;RangeClimactic20;BreaksPriorHigh;BreaksPriorLow;AcceptanceAccepted"
277,"2026-05-05 07:10:00",28099,28103.5,28089,28101,5393,"HHHL","Black","Down",0.65,0.8,14.5,"Down",0.4,2,"Down",0.15,0.827586,0.896552,True,False,True,False,"Falling","Absent","Clustered","Local","Contained","Moderate","BreaksPriorHigh;CloseInsidePriorRange;DissipationLocal;AcceptanceContained;CompressionClustered"
278,"2026-05-05 07:15:00",28100.5,28109.25,28045,28054.75,11550,"OutsideBar","Red","Up",0.95,0.98,64.25,"Up",1,45.75,"Up",1,0.151751,0.225681,False,False,True,True,"Climactic","Climactic","Absent","Absent","Accepted","SessionDefining","VolumePeak20;VolumeClimactic50;RangePeak20;RangeClimactic20;BreaksPriorHigh;BreaksPriorLow;AcceptanceAccepted"
279,"2026-05-05 07:20:00",28055,28087,28031.75,28053.5,13551,"LLLH","Red","Up",0.95,0.98,55.25,"Down",0.9,1.5,"Down",0.1,0.393665,0.760181,True,False,False,True,"Climactic","Strong","Local","Local","Contained","Structural","VolumePeak20;VolumeClimactic50;RangePeak20;BreaksPriorLow;CloseInsidePriorRange;DissipationLocal;AcceptanceContained;CompressionLocal"
280,"2026-05-05 07:25:00",28054,28114.25,28046.5,28108.75,7720,"HHHL","Black","Down",0.6,0.82,67.75,"Up",1,54.75,"Up",1,0.918819,0.597786,False,False,True,False,"Falling","Climactic","Absent","Local","Accepted","Structural","RangePeak20;RangeClimactic20;BreaksPriorHigh;DissipationLocal;AcceptanceAccepted"
281,"2026-05-05 07:30:00",28108,28134,28106.75,28119.5,6688,"HHHL","Black","Down",0.55,0.78,27.25,"Down",0.5,11.5,"Down",0.65,0.46789,0.275229,False,False,True,False,"Falling","Absent","Absent","Local","Accepted","Minor","BreaksPriorHigh;DissipationLocal;AcceptanceAccepted"
282,"2026-05-05 07:35:00",28119.5,28132.75,28112,28126.25,4882,"InsideBar","Black","Down",0.4,0.7,20.75,"Down",0.45,6.75,"Down",0.5,0.686747,1,True,False,False,False,"Falling","Absent","Clustered","Absent","Unresolved","Minor","CloseInsidePriorRange;CompressionClustered"
283,"2026-05-05 07:40:00",28126.25,28139.25,28092.5,28095.75,6295,"OutsideBar","Red","Up",0.5,0.76,46.75,"Up",0.8,30.5,"Up",0.8,0.069519,0.44385,False,False,True,True,"Rising","Strong","Absent","Absent","Accepted","Major","RangePeak20;BreaksPriorHigh;BreaksPriorLow;AcceptanceAccepted"
284,"2026-05-05 07:45:00",28095.5,28114.5,28083,28087.5,5074,"LLLH","Red","Down",0.35,0.68,31.5,"Down",0.45,8,"Down",0.5,0.142857,0.698413,False,False,False,True,"Falling","Absent","Absent","Local","Accepted","Minor","BreaksPriorLow;DissipationLocal;AcceptanceAccepted"
285,"2026-05-05 07:50:00",28087.75,28106,28077.5,28100.5,4453,"LLLH","Black","Down",0.25,0.64,28.5,"Down",0.4,12.75,"Up",0.6,0.807018,0.807018,True,False,False,True,"Falling","Absent","Clustered","Local","Contained","Minor","BreaksPriorLow;CloseInsidePriorRange;DissipationLocal;AcceptanceContained;CompressionClustered"
286,"2026-05-05 07:55:00",28100.5,28107.75,28079.5,28107.25,3469,"HHHL","Black","Down",0.2,0.54,28.25,"Down",0.35,6.75,"Down",0.4,0.982301,0.938053,False,False,True,False,"Falling","Absent","Clustered","Local","Accepted","Minor","BreaksPriorHigh;DissipationLocal;AcceptanceAccepted;CompressionClustered"
287,"2026-05-05 08:00:00",28107.5,28113.75,28092.75,28096,3728,"HHHL","Red","Up",0.2,0.58,21,"Down",0.25,11.5,"Up",0.55,0.154762,0.714286,True,False,True,False,"Rising","Absent","Local","Local","Contained","Minor","BreaksPriorHigh;CloseInsidePriorRange;DissipationLocal;AcceptanceContained;CompressionLocal"
288,"2026-05-05 08:05:00",28095.75,28121.5,28087.75,28121.5,4422,"OutsideBar","Black","Up",0.2,0.6,33.75,"Up",0.55,25.75,"Up",0.75,1,0.622222,False,False,True,True,"Rising","Local","Absent","Absent","Accepted","Minor","BreaksPriorHigh;BreaksPriorLow;AcceptanceAccepted"
289,"2026-05-05 08:10:00",28121.75,28132,28109,28114,3830,"HHHL","Red","Down",0.15,0.6,23,"Down",0.2,7.75,"Down",0.3,0.217391,0.543478,True,True,True,False,"Falling","Absent","Local","Local","Contained","Minor","BreaksPriorHigh;CloseInsidePriorRange;CloseInsidePriorBody;DissipationLocal;AcceptanceContained;CompressionLocal"
290,"2026-05-05 08:15:00",28114.25,28134,28114,28132,3049,"HHHL","Black","Down",0.05,0.48,20,"Down",0.1,17.75,"Up",0.7,0.9,0.9,True,False,True,False,"Falling","Absent","Clustered","Local","Contained","Minor","BreaksPriorHigh;CloseInsidePriorRange;DissipationLocal;AcceptanceContained;CompressionClustered"
291,"2026-05-05 08:20:00",28132,28139.25,28120.25,28125.5,3366,"HHHL","Red","Up",0.1,0.48,19,"Down",0.1,6.5,"Down",0.2,0.276316,0.723684,True,True,True,False,"Rising","Absent","Local","Local","Contained","Minor","BreaksPriorHigh;CloseInsidePriorRange;CloseInsidePriorBody;DissipationLocal;AcceptanceContained;CompressionLocal"
292,"2026-05-05 08:25:00",28126,28135,28119.5,28123,3161,"LLLH","Red","Down",0.1,0.46,15.5,"Down",0.1,3,"Down",0.15,0.225806,0.951613,True,False,False,True,"Falling","Absent","Clustered","Local","Contained","Minor","BreaksPriorLow;CloseInsidePriorRange;DissipationLocal;AcceptanceContained;CompressionClustered"
293,"2026-05-05 08:30:00",28122.75,28138,28115.25,28129.5,3223,"OutsideBar","Black","Up",0.15,0.48,22.75,"Up",0.35,6.75,"Up",0.4,0.626374,0.681319,True,False,True,True,"Rising","Local","Local","Absent","Contained","Minor","BreaksPriorHigh;BreaksPriorLow;CloseInsidePriorRange;AcceptanceContained;CompressionLocal"
294,"2026-05-05 08:35:00",28129.5,28134,28110.5,28119.25,4180,"LLLH","Red","Up",0.4,0.6,23.5,"Up",0.45,10.25,"Up",0.5,0.37234,0.797872,True,False,False,True,"Rising","Local","Local","Absent","Contained","Minor","BreaksPriorLow;CloseInsidePriorRange;AcceptanceContained;CompressionLocal"
295,"2026-05-05 08:40:00",28119.5,28142,28119,28136.5,4943,"HHHL","Black","Up",0.6,0.66,23,"Down",0.45,17,"Up",0.75,0.76087,0.652174,False,False,True,False,"Rising","Absent","Absent","Local","Accepted","Moderate","BreaksPriorHigh;DissipationLocal;AcceptanceAccepted"
296,"2026-05-05 08:45:00",28137.25,28138.75,28129,28134.75,2372,"InsideBar","Red","Down",0.05,0.34,9.75,"Down",0.05,2.5,"Down",0.15,0.589744,1,True,True,False,False,"Falling","Absent","Clustered","Absent","Unresolved","Minor","CloseInsidePriorRange;CloseInsidePriorBody;CompressionClustered"
297,"2026-05-05 08:50:00",28135,28149.75,28133.25,28140.75,3505,"HHHL","Black","Up",0.35,0.52,16.5,"Up",0.15,5.75,"Up",0.2,0.454545,0.333333,False,False,True,False,"Rising","Local","Absent","Absent","Accepted","Minor","BreaksPriorHigh;AcceptanceAccepted"
298,"2026-05-05 08:55:00",28141.5,28147,28132.5,28137.25,2369,"LLLH","Red","Down",0.05,0.32,14.5,"Down",0.1,4.25,"Down",0.2,0.327586,0.948276,True,True,False,True,"Falling","Absent","Clustered","Local","Contained","Minor","BreaksPriorLow;CloseInsidePriorRange;CloseInsidePriorBody;DissipationLocal;AcceptanceContained;CompressionClustered"
299,"2026-05-05 09:00:00",28136.5,28139.5,28120,28127,3217,"LLLH","Red","Up",0.25,0.44,19.5,"Up",0.3,9.5,"Up",0.55,0.358974,0.358974,False,False,False,True,"Rising","Local","Absent","Absent","Accepted","Minor","BreaksPriorLow;AcceptanceAccepted"
300,"2026-05-05 09:05:00",28126.75,28138.5,28120.5,28133.5,2547,"InsideBar","Black","Down",0.15,0.34,18,"Down",0.25,6.75,"Down",0.45,0.722222,1,True,True,False,False,"Falling","Absent","Clustered","Absent","Unresolved","Minor","CloseInsidePriorRange;CloseInsidePriorBody;CompressionClustered"
301,"2026-05-05 09:10:00",28133.25,28145,28133.25,28141.5,2805,"HHHL","Black","Up",0.2,0.36,11.75,"Down",0.1,8.25,"Up",0.6,0.702128,0.446809,False,False,True,False,"Rising","Absent","Absent","Local","Accepted","Minor","BreaksPriorHigh;DissipationLocal;AcceptanceAccepted"
302,"2026-05-05 09:15:00",28141.75,28152.5,28141.5,28148.25,3013,"HHHL","Black","Up",0.25,0.38,11,"Down",0.1,6.5,"Down",0.3,0.613636,0.318182,False,False,True,False,"Rising","Absent","Absent","Local","Accepted","Minor","BreaksPriorHigh;DissipationLocal;AcceptanceAccepted"
303,"2026-05-05 09:20:00",28147.5,28149.75,28131,28139.25,2324,"LLLH","Red","Down",0.05,0.24,18.75,"Up",0.4,8.25,"Up",0.65,0.44,0.44,False,False,False,True,"Falling","Local","Absent","Local","Accepted","Minor","BreaksPriorLow;DissipationLocal;AcceptanceAccepted"
304,"2026-05-05 09:25:00",28139.5,28149.75,28136.5,28137.25,2228,"InsideBar","Red","Down",0.05,0.24,13.25,"Down",0.2,2.25,"Down",0.05,0.056604,1,True,False,False,False,"Falling","Absent","Clustered","Absent","Unresolved","Minor","CloseInsidePriorRange;CompressionClustered"
305,"2026-05-05 09:30:00",28137.5,28138.5,28090.25,28115.75,6023,"LLLH","Red","Up",1,0.76,48.25,"Up",1,21.75,"Up",0.95,0.528497,0.041451,False,False,False,True,"Peak","Climactic","Absent","Absent","Accepted","Structural","VolumePeak20;RangePeak20;RangeClimactic20;BreaksPriorLow;AcceptanceAccepted"
306,"2026-05-05 09:35:00",28115.75,28120,28100,28112,3448,"InsideBar","Red","Down",0.65,0.5,20,"Down",0.65,3.75,"Down",0.2,0.6,1,True,False,False,False,"Falling","Absent","Clustered","Absent","Unresolved","Moderate","CloseInsidePriorRange;CompressionClustered"
307,"2026-05-05 09:40:00",28112,28129,28098,28098.75,3239,"OutsideBar","Red","Down",0.6,0.48,31,"Up",0.9,13.25,"Up",0.8,0.024194,0.645161,False,False,True,True,"Falling","Strong","Absent","Local","Accepted","Structural","RangePeak20;BreaksPriorHigh;BreaksPriorLow;DissipationLocal;AcceptanceAccepted"
308,"2026-05-05 09:45:00",28098.5,28109.75,28092.75,28107.5,3510,"LLLH","Black","Up",0.8,0.56,17,"Down",0.4,9,"Down",0.7,0.867647,0.691176,True,True,False,True,"Peak","Absent","Local","Local","Contained","Major","VolumePeak20;HighVolumeLowRange;BreaksPriorLow;CloseInsidePriorRange;CloseInsidePriorBody;DissipationLocal;AcceptanceContained;CompressionLocal"
309,"2026-05-05 09:50:00",28107.5,28129,28102.5,28122.25,2985,"HHHL","Black","Down",0.35,0.34,26.5,"Up",0.9,14.75,"Up",0.85,0.745283,0.273585,False,False,True,False,"Falling","Strong","Absent","Local","Accepted","Structural","RangePeak20;LowVolumeHighRange;BreaksPriorHigh;DissipationLocal;AcceptanceAccepted"
310,"2026-05-05 09:55:00",28122.5,28125.75,28114,28124,1675,"InsideBar","Black","Down",0.05,0.2,11.75,"Down",0.2,1.5,"Down",0.05,0.851064,1,True,False,False,False,"Falling","Absent","Clustered","Absent","Unresolved","Minor","CloseInsidePriorRange;CompressionClustered"
311,"2026-05-05 10:00:00",28123.5,28135.75,28122.75,28125.5,2771,"HHHL","Black","Up",0.35,0.3,13,"Up",0.25,2,"Up",0.1,0.211538,0.230769,True,False,True,False,"Rising","Local","Local","Absent","Contained","Minor","BreaksPriorHigh;CloseInsidePriorRange;AcceptanceContained;CompressionLocal"
312,"2026-05-05 10:05:00",28125.5,28135.5,28117.75,28129,2614,"LLLH","Black","Down",0.35,0.28,17.75,"Up",0.5,3.5,"Up",0.25,0.633803,0.71831,True,False,False,True,"Falling","Local","Local","Local","Contained","Minor","BreaksPriorLow;CloseInsidePriorRange;DissipationLocal;AcceptanceContained;CompressionLocal"
313,"2026-05-05 10:10:00",28128.5,28132,28111.5,28116,1883,"LLLH","Red","Down",0.1,0.16,20.5,"Up",0.75,12.5,"Up",0.8,0.219512,0.695122,False,False,False,True,"Falling","Local","Absent","Local","Accepted","Moderate","BreaksPriorLow;DissipationLocal;AcceptanceAccepted"
314,"2026-05-05 10:15:00",28116,28123.25,28107.75,28122,1687,"LLLH","Black","Down",0.1,0.14,15.5,"Down",0.4,6,"Down",0.45,0.919355,0.758065,True,True,False,True,"Falling","Absent","Local","Local","Contained","Minor","BreaksPriorLow;CloseInsidePriorRange;CloseInsidePriorBody;DissipationLocal;AcceptanceContained;CompressionLocal"
315,"2026-05-05 10:20:00",28122.5,28140,28122.5,28137.25,2659,"HHHL","Black","Up",0.5,0.28,17.5,"Up",0.55,14.75,"Up",0.95,0.842857,0.042857,False,False,True,False,"Rising","Local","Absent","Absent","Accepted","Minor","BreaksPriorHigh;AcceptanceAccepted"
316,"2026-05-05 10:25:00",28137.5,28142,28125.25,28131.5,2238,"HHHL","Red","Down",0.25,0.16,16.75,"Down",0.45,6,"Down",0.45,0.373134,0.880597,True,True,True,False,"Falling","Absent","Clustered","Local","Contained","Minor","BreaksPriorHigh;CloseInsidePriorRange;CloseInsidePriorBody;DissipationLocal;AcceptanceContained;CompressionClustered"
317,"2026-05-05 10:30:00",28131.75,28145.25,28130.75,28144.5,1849,"HHHL","Black","Down",0.15,0.1,14.5,"Down",0.35,12.75,"Up",0.8,0.948276,0.775862,False,False,True,False,"Falling","Absent","Absent","Local","Accepted","Minor","BreaksPriorHigh;DissipationLocal;AcceptanceAccepted"
318,"2026-05-05 10:35:00",28144.75,28150,28135.75,28137,3055,"HHHL","Red","Up",0.75,0.38,14.25,"Down",0.3,7.75,"Down",0.5,0.087719,0.666667,True,True,True,False,"Rising","Absent","Local","Local","Contained","Moderate","BreaksPriorHigh;CloseInsidePriorRange;CloseInsidePriorBody;DissipationLocal;AcceptanceContained;CompressionLocal"
319,"2026-05-05 10:40:00",28136.5,28151.75,28135,28140.25,2295,"OutsideBar","Black","Down",0.35,0.14,16.75,"Up",0.5,3.75,"Down",0.3,0.313433,0.850746,True,True,True,True,"Falling","Local","Local","Local","Contained","Minor","BreaksPriorHigh;BreaksPriorLow;CloseInsidePriorRange;CloseInsidePriorBody;DissipationLocal;AcceptanceContained;CompressionLocal"
320,"2026-05-05 10:45:00",28140.25,28152.25,28137.5,28147.75,1843,"HHHL","Black","Down",0.15,0.06,14.75,"Down",0.4,7.5,"Up",0.5,0.694915,0.966102,True,False,True,False,"Falling","Absent","Clustered","Local","Contained","Minor","BreaksPriorHigh;CloseInsidePriorRange;DissipationLocal;AcceptanceContained;CompressionClustered"
321,"2026-05-05 10:50:00",28148.25,28154.5,28145.5,28152.25,1874,"HHHL","Black","Up",0.25,0.1,9,"Down",0.05,4,"Down",0.35,0.75,0.75,True,False,True,False,"Rising","Absent","Local","Local","Contained","Minor","BreaksPriorHigh;CloseInsidePriorRange;DissipationLocal;AcceptanceContained;CompressionLocal"
322,"2026-05-05 10:55:00",28152.25,28167.75,28150,28161.75,3944,"HHHL","Black","Up",0.95,0.66,17.75,"Up",0.7,9.5,"Up",0.7,0.661972,0.253521,False,False,True,False,"Peak","Local","Absent","Absent","Accepted","Major","VolumePeak20;BreaksPriorHigh;AcceptanceAccepted"
323,"2026-05-05 11:00:00",28161.75,28167,28157.75,28159,1738,"InsideBar","Red","Down",0.15,0.06,9.25,"Down",0.1,2.75,"Down",0.2,0.135135,1,True,True,False,False,"Falling","Absent","Clustered","Absent","Unresolved","Minor","CloseInsidePriorRange;CloseInsidePriorBody;CompressionClustered"
324,"2026-05-05 11:05:00",28159.5,28172.5,28156.75,28170.75,2280,"OutsideBar","Black","Up",0.45,0.2,15.75,"Up",0.45,11.25,"Up",0.7,0.888889,0.587302,False,False,True,True,"Rising","Local","Absent","Absent","Accepted","Minor","BreaksPriorHigh;BreaksPriorLow;AcceptanceAccepted"
325,"2026-05-05 11:10:00",28170.75,28179.25,28169,28171.25,2820,"HHHL","Black","Up",0.7,0.4,10.25,"Down",0.15,0.5,"Down",0.05,0.219512,0.341463,True,False,True,False,"Rising","Absent","Local","Local","Contained","Moderate","BreaksPriorHigh;CloseInsidePriorRange;DissipationLocal;AcceptanceContained;CompressionLocal"
326,"2026-05-05 11:15:00",28171.5,28186.25,28168.5,28180.5,2699,"OutsideBar","Black","Down",0.65,0.36,17.75,"Up",0.85,9,"Up",0.65,0.676056,0.577465,False,False,True,True,"Falling","Strong","Absent","Local","Accepted","Major","RangePeak20;BreaksPriorHigh;BreaksPriorLow;DissipationLocal;AcceptanceAccepted"
327,"2026-05-05 11:20:00",28181,28184,28173.75,28179.25,1935,"InsideBar","Red","Down",0.4,0.16,10.25,"Down",0.2,1.75,"Down",0.15,0.536585,1,True,True,False,False,"Falling","Absent","Clustered","Absent","Unresolved","Minor","CloseInsidePriorRange;CloseInsidePriorBody;CompressionClustered"
328,"2026-05-05 11:25:00",28179.5,28185.5,28170.5,28171.25,2154,"OutsideBar","Red","Up",0.45,0.18,15,"Up",0.5,8.25,"Up",0.65,0.05,0.683333,False,False,True,True,"Rising","Local","Absent","Absent","Accepted","Minor","BreaksPriorHigh;BreaksPriorLow;AcceptanceAccepted"
329,"2026-05-05 11:30:00",28171.75,28183,28169.25,28177.25,1843,"LLLH","Black","Down",0.25,0.1,13.75,"Down",0.35,5.5,"Down",0.45,0.581818,0.909091,True,True,False,True,"Falling","Absent","Clustered","Local","Contained","Minor","BreaksPriorLow;CloseInsidePriorRange;CloseInsidePriorBody;DissipationLocal;AcceptanceContained;CompressionClustered"
330,"2026-05-05 11:35:00",28177,28181.75,28171.5,28172.25,1546,"InsideBar","Red","Down",0.05,0.02,10.25,"Down",0.25,4.75,"Down",0.4,0.073171,1,True,True,False,False,"Falling","Absent","Clustered","Absent","Unresolved","Minor","CloseInsidePriorRange;CloseInsidePriorBody;CompressionClustered"
331,"2026-05-05 11:40:00",28172.75,28180.25,28170.25,28172.5,1230,"LLLH","Red","Down",0.05,0.02,10,"Down",0.15,0.25,"Down",0.05,0.225,0.875,True,True,False,True,"Falling","Absent","Clustered","Local","Contained","Minor","BreaksPriorLow;CloseInsidePriorRange;CloseInsidePriorBody;DissipationLocal;AcceptanceContained;CompressionClustered"
332,"2026-05-05 11:45:00",28172.75,28178.75,28170.75,28175.25,1151,"InsideBar","Black","Down",0.05,0.02,8,"Down",0.05,2.5,"Up",0.2,0.5625,1,True,False,False,False,"Falling","Absent","Clustered","Absent","Unresolved","Minor","CloseInsidePriorRange;CompressionClustered"
333,"2026-05-05 11:50:00",28175.75,28182.5,28172.75,28174,1477,"HHHL","Red","Up",0.15,0.06,9.75,"Up",0.2,1.75,"Down",0.2,0.128205,0.615385,True,True,True,False,"Rising","Local","Local","Absent","Contained","Minor","BreaksPriorHigh;CloseInsidePriorRange;CloseInsidePriorBody;AcceptanceContained;CompressionLocal"
334,"2026-05-05 11:55:00",28174,28178,28154.25,28160.5,3218,"LLLH","Red","Up",0.95,0.7,23.75,"Up",1,13.5,"Up",0.95,0.263158,0.221053,False,False,False,True,"Peak","Climactic","Absent","Absent","Accepted","Structural","VolumePeak20;RangePeak20;RangeClimactic20;BreaksPriorLow;AcceptanceAccepted"
335,"2026-05-05 12:00:00",28161,28172.5,28160.25,28169.25,1958,"InsideBar","Black","Down",0.55,0.28,12.25,"Down",0.45,8.25,"Down",0.75,0.734694,1,True,True,False,False,"Falling","Absent","Clustered","Absent","Unresolved","Minor","CloseInsidePriorRange;CloseInsidePriorBody;CompressionClustered"
336,"2026-05-05 12:05:00",28168.75,28174.75,28162.25,28164,2152,"HHHL","Red","Up",0.6,0.3,12.5,"Up",0.5,4.75,"Down",0.5,0.14,0.82,True,True,True,False,"Rising","Local","Local","Absent","Contained","Moderate","BreaksPriorHigh;CloseInsidePriorRange;CloseInsidePriorBody;AcceptanceContained;CompressionLocal"
337,"2026-05-05 12:10:00",28164.25,28176.75,28163.5,28176.5,1991,"HHHL","Black","Down",0.55,0.3,13.25,"Up",0.55,12.25,"Up",0.95,0.981132,0.849057,False,False,True,False,"Falling","Local","Absent","Local","Accepted","Minor","BreaksPriorHigh;DissipationLocal;AcceptanceAccepted"
338,"2026-05-05 12:15:00",28176.25,28188.25,28171.5,28172.75,3108,"HHHL","Red","Up",0.9,0.72,16.75,"Up",0.85,3.5,"Down",0.35,0.074627,0.313433,True,True,True,False,"Peak","Strong","Local","Absent","Contained","Major","VolumePeak20;RangePeak20;BreaksPriorHigh;CloseInsidePriorRange;CloseInsidePriorBody;AcceptanceContained;CompressionLocal"
339,"2026-05-05 12:20:00",28172.5,28179,28164,28176,2304,"LLLH","Black","Down",0.75,0.44,15,"Down",0.75,3.5,"Flat",0.4,0.8,0.5,True,True,False,True,"Falling","Absent","Local","Local","Contained","Moderate","BreaksPriorLow;CloseInsidePriorRange;CloseInsidePriorBody;DissipationLocal;AcceptanceContained;CompressionLocal"
340,"2026-05-05 12:25:00",28176.75,28178.25,28161,28173.5,2075,"LLLH","Red","Down",0.55,0.32,17.25,"Up",0.85,3.25,"Down",0.35,0.724638,0.826087,True,True,False,True,"Falling","Strong","Local","Local","Contained","Major","RangePeak20;BreaksPriorLow;CloseInsidePriorRange;CloseInsidePriorBody;DissipationLocal;AcceptanceContained;CompressionLocal"
341,"2026-05-05 12:30:00",28173.5,28176.25,28163.75,28166.25,1990,"InsideBar","Red","Down",0.45,0.3,12.5,"Down",0.5,7.25,"Up",0.65,0.2,1,True,False,False,False,"Falling","Absent","Clustered","Absent","Unresolved","Minor","CloseInsidePriorRange;CompressionClustered"
342,"2026-05-05 12:35:00",28166,28170,28158.5,28161.5,2612,"LLLH","Red","Up",0.8,0.58,11.5,"Down",0.4,4.5,"Down",0.5,0.26087,0.543478,False,False,False,True,"Peak","Absent","Absent","Local","Accepted","Major","VolumePeak20;HighVolumeLowRange;BreaksPriorLow;DissipationLocal;AcceptanceAccepted"
343,"2026-05-05 12:40:00",28161.5,28167.25,28152.75,28162.75,2693,"LLLH","Black","Up",0.8,0.64,14.5,"Up",0.65,1.25,"Down",0.15,0.689655,0.603448,True,True,False,True,"Peak","Local","Local","Absent","Contained","Major","VolumePeak20;BreaksPriorLow;CloseInsidePriorRange;CloseInsidePriorBody;AcceptanceContained;CompressionLocal"
344,"2026-05-05 12:45:00",28163,28168.5,28150.75,28158.75,2293,"OutsideBar","Red","Down",0.65,0.46,17.75,"Up",0.95,4.25,"Up",0.5,0.450704,0.816901,True,False,True,True,"Falling","Climactic","Local","Local","Contained","Structural","RangePeak20;RangeClimactic20;BreaksPriorHigh;BreaksPriorLow;CloseInsidePriorRange;DissipationLocal;AcceptanceContained;CompressionLocal"
345,"2026-05-05 12:50:00",28158.5,28160.5,28145.75,28148.75,2804,"LLLH","Red","Up",0.9,0.72,14.75,"Down",0.65,9.75,"Up",0.9,0.20339,0.661017,False,False,False,True,"Peak","Absent","Absent","Local","Accepted","Major","VolumePeak20;BreaksPriorLow;DissipationLocal;AcceptanceAccepted"
346,"2026-05-05 12:55:00",28148.75,28149,28112.5,28119,10115,"LLLH","Red","Up",1,1,36.5,"Up",1,29.75,"Up",1,0.178082,0.089041,False,False,False,True,"Climactic","Climactic","Absent","Absent","Accepted","SessionDefining","VolumePeak20;VolumeClimactic50;RangePeak20;RangeClimactic20;BreaksPriorLow;AcceptanceAccepted"
347,"2026-05-05 13:00:00",28120,28139.75,28108.75,28136,14612,"LLLH","Black","Up",1,1,31,"Down",0.95,16,"Down",0.95,0.879032,0.879032,True,True,False,True,"Climactic","Climactic","Clustered","Local","Contained","SessionDefining","VolumePeak20;VolumeClimactic50;RangePeak20;RangeClimactic20;BreaksPriorLow;CloseInsidePriorRange;CloseInsidePriorBody;DissipationLocal;AcceptanceContained;CompressionClustered"
348,"2026-05-05 13:05:00",28135.75,28147.75,28129,28145.25,5386,"HHHL","Black","Down",0.9,0.94,18.75,"Down",0.85,9.5,"Down",0.75,0.866667,0.573333,False,False,True,False,"Peak","Strong","Absent","Local","Accepted","Structural","VolumePeak20;RangePeak20;BreaksPriorHigh;DissipationLocal;AcceptanceAccepted"
349,"2026-05-05 13:10:00",28145.5,28152,28139.5,28149,1970,"HHHL","Black","Down",0.3,0.3,12.5,"Down",0.45,3.5,"Down",0.4,0.76,0.66,False,False,True,False,"Falling","Absent","Absent","Local","Accepted","Minor","BreaksPriorHigh;DissipationLocal;AcceptanceAccepted"
350,"2026-05-05 13:15:00",28148.75,28157.5,28146.75,28154.75,1440,"HHHL","Black","Down",0.15,0.06,10.75,"Down",0.2,6,"Up",0.6,0.744186,0.488372,False,False,True,False,"Falling","Absent","Absent","Local","Accepted","Minor","BreaksPriorHigh;DissipationLocal;AcceptanceAccepted"
351,"2026-05-05 13:20:00",28155,28178.75,28110,28166.75,4858,"OutsideBar","Black","Up",0.85,0.92,68.75,"Up",1,11.75,"Up",0.8,0.825455,0.156364,False,False,True,True,"Peak","Climactic","Absent","Absent","Accepted","Structural","VolumePeak20;RangePeak20;RangeClimactic20;BreaksPriorHigh;BreaksPriorLow;AcceptanceAccepted"
352,"2026-05-05 13:25:00",28167,28199.75,28158.5,28196.75,2673,"HHHL","Black","Down",0.6,0.64,41.25,"Down",0.95,29.75,"Up",1,0.927273,0.490909,False,False,True,False,"Falling","Climactic","Absent","Local","Accepted","Structural","RangePeak20;RangeClimactic20;BreaksPriorHigh;DissipationLocal;AcceptanceAccepted"
353,"2026-05-05 13:30:00",28196.75,28247,28194.5,28236,4576,"HHHL","Black","Up",0.8,0.9,52.5,"Up",0.95,39.25,"Up",1,0.790476,0.1,False,False,True,False,"Peak","Climactic","Absent","Absent","Accepted","Structural","VolumePeak20;RangePeak20;RangeClimactic20;BreaksPriorHigh;AcceptanceAccepted"
354,"2026-05-05 13:35:00",28236.25,28238.5,28220.5,28226.75,1907,"InsideBar","Red","Down",0.1,0.28,18,"Down",0.7,9.5,"Down",0.65,0.347222,1,True,True,False,False,"Falling","Absent","Clustered","Absent","Unresolved","Moderate","CloseInsidePriorRange;CloseInsidePriorBody;CompressionClustered"
355,"2026-05-05 13:40:00",28227,28238,28218.5,28219,1241,"LLLH","Red","Down",0.05,0.06,19.5,"Up",0.75,8,"Down",0.55,0.025641,0.897436,False,False,False,True,"Falling","Local","Absent","Local","Accepted","Moderate","BreaksPriorLow;DissipationLocal;AcceptanceAccepted"
356,"2026-05-05 13:45:00",28218.75,28220.25,28199,28201.25,2091,"LLLH","Red","Up",0.4,0.44,21.25,"Up",0.75,17.5,"Up",0.85,0.105882,0.082353,False,False,False,True,"Rising","Local","Absent","Absent","Accepted","Moderate","BreaksPriorLow;AcceptanceAccepted"
357,"2026-05-05 13:50:00",28201,28202.75,28185,28185.75,1073,"LLLH","Red","Down",0.05,0.02,17.75,"Down",0.55,15.25,"Down",0.75,0.042254,0.211268,False,False,False,True,"Falling","Absent","Absent","Local","Accepted","Minor","BreaksPriorLow;DissipationLocal;AcceptanceAccepted"
358,"2026-05-05 13:55:00",28185.25,28202.5,28183.75,28197.25,711,"LLLH","Black","Down",0.05,0.02,18.75,"Up",0.65,12,"Down",0.7,0.72,0.933333,True,True,False,True,"Falling","Local","Local","Local","Contained","Moderate","BreaksPriorLow;CloseInsidePriorRange;CloseInsidePriorBody;DissipationLocal;AcceptanceContained;CompressionLocal"
359,"2026-05-05 14:00:00",28197.75,28213,28196,28207.25,985,"HHHL","Black","Up",0.1,0.04,17,"Down",0.35,9.5,"Down",0.55,0.661765,0.382353,False,False,True,False,"Rising","Absent","Absent","Local","Accepted","Minor","BreaksPriorHigh;DissipationLocal;AcceptanceAccepted"
360,"2026-05-06 06:35:00",28389.5,28447,28336,28443.5,19097,"HHHL","Black","Up",1,1,111,"Up",1,54,"Up",1,0.968468,0,False,False,True,False,"Climactic","Climactic","Absent","Absent","Accepted","SessionDefining","VolumePeak20;VolumeClimactic50;RangePeak20;RangeClimactic20;BreaksPriorHigh;AcceptanceAccepted"
361,"2026-05-06 06:40:00",28444.5,28457.75,28395.5,28430.5,12255,"HHHL","Red","Down",0.9,0.96,62.25,"Down",0.9,14,"Down",0.65,0.562249,0.827309,True,True,True,False,"Climactic","Strong","Clustered","Local","Contained","Structural","VolumePeak20;VolumeClimactic50;RangePeak20;BreaksPriorHigh;CloseInsidePriorRange;CloseInsidePriorBody;DissipationLocal;AcceptanceContained;CompressionClustered"
362,"2026-05-06 06:45:00",28429.5,28482.25,28423,28481.75,11081,"HHHL","Black","Down",0.85,0.94,59.25,"Down",0.85,52.25,"Up",0.95,0.991561,0.586498,False,False,True,False,"Peak","Strong","Absent","Local","Accepted","Structural","VolumePeak20;RangePeak20;BreaksPriorHigh;DissipationLocal;AcceptanceAccepted"
363,"2026-05-06 06:50:00",28481.25,28501,28455.25,28468.5,12005,"HHHL","Red","Up",0.85,0.94,45.75,"Down",0.75,12.75,"Down",0.55,0.289617,0.590164,True,True,True,False,"Peak","Absent","Local","Local","Contained","Structural","VolumePeak20;BreaksPriorHigh;CloseInsidePriorRange;CloseInsidePriorBody;DissipationLocal;AcceptanceContained;CompressionLocal"
364,"2026-05-06 06:55:00",28468.75,28505,28419.5,28495.25,11632,"OutsideBar","Black","Down",0.8,0.92,85.5,"Up",0.95,26.5,"Up",0.75,0.885965,0.535088,True,False,True,True,"Peak","Climactic","Local","Local","Contained","Structural","VolumePeak20;RangePeak20;RangeClimactic20;BreaksPriorHigh;BreaksPriorLow;CloseInsidePriorRange;DissipationLocal;AcceptanceContained;CompressionLocal"
365,"2026-05-06 07:00:00",28495.25,28506,28463.5,28469,7571,"HHHL","Red","Down",0.65,0.86,42.5,"Down",0.65,26.25,"Down",0.7,0.129412,0.976471,True,True,True,False,"Falling","Absent","Clustered","Local","Contained","Moderate","BreaksPriorHigh;CloseInsidePriorRange;CloseInsidePriorBody;DissipationLocal;AcceptanceContained;CompressionClustered"
366,"2026-05-06 07:05:00",28468.25,28482.5,28412.75,28418.25,9789,"LLLH","Red","Up",0.7,0.86,69.75,"Up",0.9,50,"Up",0.9,0.078853,0.272401,False,False,False,True,"Rising","Strong","Absent","Absent","Accepted","Structural","RangePeak20;BreaksPriorLow;AcceptanceAccepted"
367,"2026-05-06 07:10:00",28418.25,28481.25,28385,28476.75,12230,"LLLH","Black","Up",0.9,0.94,96.25,"Up",0.95,58.5,"Up",1,0.953247,0.711688,True,False,False,True,"Peak","Climactic","Local","Absent","Contained","Structural","VolumePeak20;RangePeak20;RangeClimactic20;BreaksPriorLow;CloseInsidePriorRange;AcceptanceContained;CompressionLocal"
368,"2026-05-06 07:15:00",28477,28499.5,28463.5,28474,8886,"HHHL","Red","Down",0.65,0.82,36,"Down",0.45,3,"Down",0.05,0.291667,0.493056,True,True,True,False,"Falling","Absent","Local","Local","Contained","Moderate","BreaksPriorHigh;CloseInsidePriorRange;CloseInsidePriorBody;DissipationLocal;AcceptanceContained;CompressionLocal"
369,"2026-05-06 07:20:00",28475,28488,28404.5,28412.75,10093,"LLLH","Red","Up",0.7,0.84,83.5,"Up",0.85,62.25,"Up",1,0.098802,0.293413,False,False,False,True,"Rising","Strong","Absent","Absent","Accepted","Major","RangePeak20;BreaksPriorLow;AcceptanceAccepted"
370,"2026-05-06 07:25:00",28414.25,28444.25,28405.75,28437,8028,"InsideBar","Black","Down",0.55,0.78,38.5,"Down",0.4,22.75,"Down",0.55,0.811688,1,True,True,False,False,"Falling","Absent","Clustered","Absent","Unresolved","Minor","CloseInsidePriorRange;CloseInsidePriorBody;CompressionClustered"
371,"2026-05-06 07:30:00",28436.75,28469.25,28414,28418.25,7890,"HHHL","Red","Down",0.5,0.76,55.25,"Up",0.65,18.5,"Down",0.5,0.076923,0.547511,True,True,True,False,"Falling","Local","Local","Local","Contained","Moderate","BreaksPriorHigh;CloseInsidePriorRange;CloseInsidePriorBody;DissipationLocal;AcceptanceContained;CompressionLocal"
372,"2026-05-06 07:35:00",28420.25,28488,28418.25,28485.5,7225,"HHHL","Black","Down",0.4,0.72,69.75,"Up",0.8,65.25,"Up",1,0.964158,0.731183,False,False,True,False,"Falling","Strong","Absent","Local","Accepted","Major","RangePeak20;LowVolumeHighRange;BreaksPriorHigh;DissipationLocal;AcceptanceAccepted"
373,"2026-05-06 07:40:00",28485.5,28503.5,28475.25,28500.5,6234,"HHHL","Black","Down",0.35,0.7,28.25,"Down",0.35,15,"Down",0.4,0.893805,0.451327,False,False,True,False,"Falling","Absent","Absent","Local","Accepted","Minor","BreaksPriorHigh;DissipationLocal;AcceptanceAccepted"
374,"2026-05-06 07:45:00",28500.75,28526.5,28499.25,28521.25,8909,"HHHL","Black","Up",0.6,0.8,27.25,"Down",0.3,20.5,"Up",0.55,0.807339,0.155963,False,False,True,False,"Rising","Absent","Absent","Local","Accepted","Moderate","BreaksPriorHigh;DissipationLocal;AcceptanceAccepted"
375,"2026-05-06 07:50:00",28521,28540.25,28518.5,28536.25,6808,"HHHL","Black","Down",0.3,0.68,21.75,"Down",0.25,15.25,"Down",0.4,0.816092,0.367816,False,False,True,False,"Falling","Absent","Absent","Local","Accepted","Minor","BreaksPriorHigh;DissipationLocal;AcceptanceAccepted"
376,"2026-05-06 07:55:00",28536.5,28546.5,28525.25,28539.5,5126,"HHHL","Black","Down",0.2,0.62,21.25,"Down",0.2,3,"Down",0.1,0.670588,0.705882,True,False,True,False,"Falling","Absent","Local","Local","Contained","Minor","BreaksPriorHigh;CloseInsidePriorRange;DissipationLocal;AcceptanceContained;CompressionLocal"
377,"2026-05-06 08:00:00",28539.75,28550.75,28524.25,28537.25,4780,"OutsideBar","Red","Down",0.15,0.58,26.5,"Up",0.25,2.5,"Down",0.05,0.490566,0.801887,True,True,True,True,"Falling","Local","Local","Local","Contained","Minor","BreaksPriorHigh;BreaksPriorLow;CloseInsidePriorRange;CloseInsidePriorBody;DissipationLocal;AcceptanceContained;CompressionLocal"
378,"2026-05-06 08:05:00",28537.5,28552,28531,28550,5106,"HHHL","Black","Up",0.15,0.6,21,"Down",0.1,12.5,"Up",0.25,0.904762,0.940476,True,False,True,False,"Rising","Absent","Clustered","Local","Contained","Minor","BreaksPriorHigh;CloseInsidePriorRange;DissipationLocal;AcceptanceContained;CompressionClustered"
379,"2026-05-06 08:10:00",28550.25,28558.25,28537.5,28539,4081,"HHHL","Red","Down",0.05,0.52,20.75,"Down",0.05,11.25,"Down",0.2,0.072289,0.698795,True,True,True,False,"Falling","Absent","Local","Local","Contained","Minor","BreaksPriorHigh;CloseInsidePriorRange;CloseInsidePriorBody;DissipationLocal;AcceptanceContained;CompressionLocal"
380,"2026-05-06 08:15:00",28539.25,28553,28518,28535.75,4996,"LLLH","Red","Up",0.15,0.58,35,"Up",0.4,3.5,"Down",0.2,0.507143,0.442857,False,False,False,True,"Rising","Local","Absent","Absent","Accepted","Minor","BreaksPriorLow;AcceptanceAccepted"
381,"2026-05-06 08:20:00",28536.5,28576.5,28532.25,28573.75,5093,"HHHL","Black","Up",0.2,0.58,44.25,"Up",0.6,37.25,"Up",0.75,0.937853,0.468927,False,False,True,False,"Rising","Local","Absent","Absent","Accepted","Moderate","BreaksPriorHigh;AcceptanceAccepted"
382,"2026-05-06 08:25:00",28573.75,28580.75,28565.25,28574,3874,"HHHL","Black","Down",0.05,0.46,15.5,"Down",0.05,0.25,"Down",0.05,0.564516,0.725806,True,False,True,False,"Falling","Absent","Local","Local","Contained","Minor","BreaksPriorHigh;CloseInsidePriorRange;DissipationLocal;AcceptanceContained;CompressionLocal"
383,"2026-05-06 08:30:00",28574,28582.5,28572.25,28577.75,3400,"HHHL","Black","Down",0.05,0.44,10.25,"Down",0.05,3.75,"Up",0.3,0.536585,0.829268,True,False,True,False,"Falling","Absent","Clustered","Local","Contained","Minor","BreaksPriorHigh;CloseInsidePriorRange;DissipationLocal;AcceptanceContained;CompressionClustered"
384,"2026-05-06 08:35:00",28577.75,28586.75,28571.25,28576.75,4609,"OutsideBar","Red","Up",0.2,0.5,15.5,"Up",0.15,1,"Down",0.1,0.354839,0.66129,True,True,True,True,"Rising","Local","Local","Absent","Contained","Minor","BreaksPriorHigh;BreaksPriorLow;CloseInsidePriorRange;CloseInsidePriorBody;AcceptanceContained;CompressionLocal"
385,"2026-05-06 08:40:00",28576.25,28580.5,28548.25,28554.75,4200,"LLLH","Red","Down",0.2,0.46,32.25,"Up",0.55,21.5,"Up",0.7,0.20155,0.286822,False,False,False,True,"Falling","Local","Absent","Local","Accepted","Minor","BreaksPriorLow;DissipationLocal;AcceptanceAccepted"
386,"2026-05-06 08:45:00",28554.5,28574.75,28530.25,28557,7013,"LLLH","Black","Up",0.65,0.68,44.5,"Up",0.8,2.5,"Down",0.2,0.601124,0.595506,True,True,False,True,"Rising","Strong","Local","Absent","Contained","Major","RangePeak20;BreaksPriorLow;CloseInsidePriorRange;CloseInsidePriorBody;AcceptanceContained;CompressionLocal"
387,"2026-05-06 08:50:00",28557,28576,28547.5,28559,4523,"HHHL","Black","Down",0.25,0.44,28.5,"Down",0.55,2,"Down",0.15,0.403509,0.95614,True,False,True,False,"Falling","Absent","Clustered","Local","Contained","Minor","BreaksPriorHigh;CloseInsidePriorRange;DissipationLocal;AcceptanceContained;CompressionClustered"
388,"2026-05-06 08:55:00",28559,28572.75,28548.5,28569,2522,"InsideBar","Black","Down",0.05,0.26,24.25,"Down",0.4,10,"Up",0.45,0.845361,1,True,False,False,False,"Falling","Absent","Clustered","Absent","Unresolved","Minor","CloseInsidePriorRange;CompressionClustered"
389,"2026-05-06 09:00:00",28569.25,28574.75,28552.5,28560.25,2181,"HHHL","Red","Down",0.05,0.22,22.25,"Down",0.4,9,"Down",0.45,0.348315,0.910112,True,True,True,False,"Falling","Absent","Clustered","Local","Contained","Minor","BreaksPriorHigh;CloseInsidePriorRange;CloseInsidePriorBody;DissipationLocal;AcceptanceContained;CompressionClustered"
390,"2026-05-06 09:05:00",28560.5,28579.5,28554,28573,2442,"HHHL","Black","Up",0.1,0.24,25.5,"Up",0.5,12.5,"Up",0.65,0.745098,0.813725,True,False,True,False,"Rising","Local","Local","Absent","Contained","Minor","BreaksPriorHigh;CloseInsidePriorRange;AcceptanceContained;CompressionLocal"
391,"2026-05-06 09:10:00",28573.5,28580,28567.5,28574,1988,"HHHL","Black","Down",0.05,0.16,12.5,"Down",0.1,0.5,"Down",0.1,0.52,0.96,True,False,True,False,"Falling","Absent","Clustered","Local","Contained","Minor","BreaksPriorHigh;CloseInsidePriorRange;DissipationLocal;AcceptanceContained;CompressionClustered"
392,"2026-05-06 09:15:00",28574,28601.25,28573,28596.25,4034,"HHHL","Black","Up",0.35,0.38,28.25,"Up",0.75,22.25,"Up",0.95,0.823009,0.247788,False,False,True,False,"Rising","Local","Absent","Absent","Accepted","Moderate","BreaksPriorHigh;AcceptanceAccepted"
393,"2026-05-06 09:20:00",28596.25,28597.5,28569.25,28570.75,3665,"LLLH","Red","Down",0.3,0.34,28.25,"Flat",0.75,25.5,"Up",0.95,0.053097,0.867257,False,False,False,True,"Falling","Absent","Clustered","Local","Accepted","Moderate","BreaksPriorLow;DissipationLocal;AcceptanceAccepted;CompressionClustered"
394,"2026-05-06 09:25:00",28570.5,28580.75,28566,28576,2594,"LLLH","Black","Down",0.25,0.26,14.75,"Down",0.15,5.5,"Down",0.5,0.677966,0.779661,True,True,False,True,"Falling","Absent","Local","Local","Contained","Minor","BreaksPriorLow;CloseInsidePriorRange;CloseInsidePriorBody;DissipationLocal;AcceptanceContained;CompressionLocal"
395,"2026-05-06 09:30:00",28576,28587,28570.5,28574,2039,"HHHL","Red","Down",0.1,0.18,16.5,"Up",0.3,2,"Down",0.25,0.212121,0.621212,True,True,True,False,"Falling","Local","Local","Local","Contained","Minor","BreaksPriorHigh;CloseInsidePriorRange;CloseInsidePriorBody;DissipationLocal;AcceptanceContained;CompressionLocal"
396,"2026-05-06 09:35:00",28574,28579.75,28567.75,28570.75,1921,"LLLH","Red","Down",0.05,0.14,12,"Down",0.1,3.25,"Up",0.4,0.25,0.770833,True,False,False,True,"Falling","Absent","Local","Local","Contained","Minor","BreaksPriorLow;CloseInsidePriorRange;DissipationLocal;AcceptanceContained;CompressionLocal"
397,"2026-05-06 09:40:00",28570.25,28576,28553,28574.25,3136,"LLLH","Black","Up",0.4,0.34,23,"Up",0.55,4,"Up",0.5,0.923913,0.358696,True,False,False,True,"Rising","Local","Local","Absent","Contained","Minor","BreaksPriorLow;CloseInsidePriorRange;AcceptanceContained;CompressionLocal"
398,"2026-05-06 09:45:00",28573.5,28585,28567.25,28567.75,1960,"HHHL","Red","Down",0.1,0.16,17.75,"Down",0.4,5.75,"Up",0.6,0.028169,0.492958,True,False,True,False,"Falling","Absent","Local","Local","Contained","Minor","BreaksPriorHigh;CloseInsidePriorRange;DissipationLocal;AcceptanceContained;CompressionLocal"
399,"2026-05-06 09:50:00",28567.5,28570.75,28535.25,28548,3548,"LLLH","Red","Up",0.55,0.38,35.5,"Up",0.9,19.5,"Up",0.8,0.359155,0.098592,False,False,False,True,"Rising","Strong","Absent","Absent","Accepted","Structural","RangePeak20;BreaksPriorLow;AcceptanceAccepted"
400,"2026-05-06 09:55:00",28548,28557.75,28526,28527.75,3521,"LLLH","Red","Down",0.55,0.36,31.75,"Down",0.8,20.25,"Up",0.8,0.055118,0.708661,False,False,False,True,"Falling","Strong","Absent","Local","Accepted","Major","RangePeak20;BreaksPriorLow;DissipationLocal;AcceptanceAccepted"
401,"2026-05-06 10:00:00",28527.5,28548.5,28512.25,28539.25,5212,"LLLH","Black","Up",0.95,0.66,36.25,"Up",0.95,11.75,"Down",0.7,0.744828,0.62069,True,True,False,True,"Peak","Climactic","Local","Absent","Contained","Structural","VolumePeak20;RangePeak20;RangeClimactic20;BreaksPriorLow;CloseInsidePriorRange;CloseInsidePriorBody;AcceptanceContained;CompressionLocal"
402,"2026-05-06 10:05:00",28539.5,28560.5,28528.5,28557,3635,"HHHL","Black","Down",0.65,0.38,32,"Down",0.8,17.5,"Up",0.75,0.890625,0.625,False,False,True,False,"Falling","Strong","Absent","Local","Accepted","Major","RangePeak20;BreaksPriorHigh;DissipationLocal;AcceptanceAccepted"
403,"2026-05-06 10:10:00",28557.25,28569.25,28555,28561.75,2108,"HHHL","Black","Down",0.25,0.22,14.25,"Down",0.15,4.5,"Down",0.4,0.473684,0.385965,False,False,True,False,"Falling","Absent","Absent","Local","Accepted","Minor","BreaksPriorHigh;DissipationLocal;AcceptanceAccepted"
404,"2026-05-06 10:15:00",28562.75,28584.25,28562.75,28578.5,3167,"HHHL","Black","Up",0.55,0.32,21.5,"Up",0.35,15.75,"Up",0.7,0.732558,0.302326,False,False,True,False,"Rising","Local","Absent","Absent","Accepted","Minor","BreaksPriorHigh;AcceptanceAccepted"
405,"2026-05-06 10:20:00",28579,28584.75,28567,28581,2236,"HHHL","Black","Down",0.35,0.22,17.75,"Down",0.35,2,"Down",0.2,0.788732,0.971831,True,False,True,False,"Falling","Absent","Clustered","Local","Contained","Minor","BreaksPriorHigh;CloseInsidePriorRange;DissipationLocal;AcceptanceContained;CompressionClustered"
406,"2026-05-06 10:25:00",28580.75,28591.75,28579,28581.5,2155,"HHHL","Black","Down",0.3,0.18,12.75,"Down",0.15,0.75,"Down",0.1,0.196078,0.45098,True,False,True,False,"Falling","Absent","Local","Local","Contained","Minor","BreaksPriorHigh;CloseInsidePriorRange;DissipationLocal;AcceptanceContained;CompressionLocal"
407,"2026-05-06 10:30:00",28581.5,28589.5,28575.75,28583.25,1854,"LLLH","Black","Down",0.05,0.06,13.75,"Up",0.2,1.75,"Up",0.15,0.545455,0.763636,True,False,False,True,"Falling","Local","Local","Local","Contained","Minor","BreaksPriorLow;CloseInsidePriorRange;DissipationLocal;AcceptanceContained;CompressionLocal"
408,"2026-05-06 10:35:00",28583.5,28595.25,28581.75,28589.25,1874,"HHHL","Black","Up",0.1,0.06,13.5,"Down",0.2,5.75,"Up",0.55,0.555556,0.574074,True,False,True,False,"Rising","Absent","Local","Local","Contained","Minor","BreaksPriorHigh;CloseInsidePriorRange;DissipationLocal;AcceptanceContained;CompressionLocal"
409,"2026-05-06 10:40:00",28589.75,28610.25,28585,28592,3065,"HHHL","Black","Up",0.6,0.28,25.25,"Up",0.65,2.25,"Down",0.3,0.277228,0.405941,True,False,True,False,"Rising","Local","Local","Absent","Contained","Moderate","BreaksPriorHigh;CloseInsidePriorRange;AcceptanceContained;CompressionLocal"
410,"2026-05-06 10:45:00",28592,28608.25,28586.25,28606,2152,"InsideBar","Black","Down",0.4,0.16,22,"Down",0.6,14,"Up",0.7,0.897727,1,True,False,False,False,"Falling","Absent","Clustered","Absent","Unresolved","Moderate","CloseInsidePriorRange;CompressionClustered"
411,"2026-05-06 10:50:00",28606.25,28609.5,28590.25,28593.5,2081,"HHHL","Red","Down",0.3,0.14,19.25,"Down",0.5,12.75,"Down",0.65,0.168831,0.935065,True,True,True,False,"Falling","Absent","Clustered","Local","Contained","Minor","BreaksPriorHigh;CloseInsidePriorRange;CloseInsidePriorBody;DissipationLocal;AcceptanceContained;CompressionClustered"
412,"2026-05-06 10:55:00",28592.75,28602.25,28587.5,28596.25,1541,"LLLH","Black","Down",0.05,0.02,14.75,"Down",0.35,3.5,"Down",0.35,0.59322,0.813559,True,True,False,True,"Falling","Absent","Clustered","Local","Contained","Minor","BreaksPriorLow;CloseInsidePriorRange;CloseInsidePriorBody;DissipationLocal;AcceptanceContained;CompressionClustered"
413,"2026-05-06 11:00:00",28596.5,28604.5,28591.5,28600,1602,"HHHL","Black","Up",0.1,0.04,13,"Down",0.15,3.5,"Flat",0.4,0.653846,0.826923,True,False,True,False,"Rising","Absent","Clustered","Local","Contained","Minor","BreaksPriorHigh;CloseInsidePriorRange;DissipationLocal;AcceptanceContained;CompressionClustered"
414,"2026-05-06 11:05:00",28599.5,28607.25,28591.75,28596.25,1858,"HHHL","Red","Up",0.2,0.08,15.5,"Up",0.4,3.25,"Down",0.35,0.290323,0.822581,True,False,True,False,"Rising","Local","Local","Absent","Contained","Minor","BreaksPriorHigh;CloseInsidePriorRange;AcceptanceContained;CompressionLocal"
415,"2026-05-06 11:10:00",28596.5,28618.75,28596,28617.25,2740,"HHHL","Black","Up",0.65,0.38,22.75,"Up",0.7,20.75,"Up",1,0.934066,0.494505,False,False,True,False,"Rising","Local","Absent","Absent","Accepted","Moderate","BreaksPriorHigh;AcceptanceAccepted"
416,"2026-05-06 11:15:00",28617,28624.25,28609.5,28620.25,3137,"HHHL","Black","Up",0.75,0.44,14.75,"Down",0.35,3.25,"Down",0.3,0.728814,0.627119,False,False,True,False,"Rising","Absent","Absent","Local","Accepted","Moderate","BreaksPriorHigh;DissipationLocal;AcceptanceAccepted"
417,"2026-05-06 11:20:00",28620.75,28640,28620.25,28628.75,4125,"HHHL","Black","Up",0.95,0.64,19.75,"Up",0.6,8,"Up",0.6,0.43038,0.202532,False,False,True,False,"Peak","Local","Absent","Absent","Accepted","Major","VolumePeak20;BreaksPriorHigh;AcceptanceAccepted"
418,"2026-05-06 11:25:00",28629,28638,28625,28628.5,2166,"InsideBar","Red","Down",0.5,0.28,13,"Down",0.15,0.5,"Down",0.05,0.269231,1,True,True,False,False,"Falling","Absent","Clustered","Absent","Unresolved","Minor","CloseInsidePriorRange;CloseInsidePriorBody;CompressionClustered"
419,"2026-05-06 11:30:00",28628.25,28637.75,28623.25,28634.5,2354,"LLLH","Black","Up",0.6,0.34,14.5,"Up",0.35,6.25,"Up",0.6,0.775862,0.87931,True,False,False,True,"Rising","Local","Local","Absent","Contained","Moderate","BreaksPriorLow;CloseInsidePriorRange;AcceptanceContained;CompressionLocal"
420,"2026-05-06 11:35:00",28634.5,28648.75,28625.25,28647,3152,"HHHL","Black","Up",0.8,0.5,23.5,"Up",0.85,12.5,"Up",0.75,0.925532,0.531915,False,False,True,False,"Peak","Strong","Absent","Absent","Accepted","Major","VolumePeak20;RangePeak20;BreaksPriorHigh;AcceptanceAccepted"
421,"2026-05-06 11:40:00",28647,28665.75,28646.75,28656.25,4424,"HHHL","Black","Up",1,0.74,19,"Down",0.6,9.25,"Down",0.7,0.5,0.105263,False,False,True,False,"Peak","Absent","Absent","Local","Accepted","Major","VolumePeak20;BreaksPriorHigh;DissipationLocal;AcceptanceAccepted"
422,"2026-05-06 11:45:00",28656.75,28662.5,28648.75,28649.75,2522,"InsideBar","Red","Down",0.65,0.4,13.75,"Down",0.3,7,"Down",0.65,0.072727,1,True,True,False,False,"Falling","Absent","Clustered","Absent","Unresolved","Moderate","CloseInsidePriorRange;CloseInsidePriorBody;CompressionClustered"
423,"2026-05-06 11:50:00",28649.5,28657.25,28636.75,28638.5,2808,"LLLH","Red","Up",0.7,0.46,20.5,"Up",0.75,11,"Up",0.75,0.085366,0.414634,False,False,False,True,"Rising","Local","Absent","Absent","Accepted","Moderate","BreaksPriorLow;AcceptanceAccepted"
424,"2026-05-06 11:55:00",28638.75,28652.5,28633.75,28648,3027,"LLLH","Black","Up",0.75,0.48,18.75,"Down",0.6,9.25,"Down",0.75,0.76,0.84,True,True,False,True,"Rising","Absent","Clustered","Local","Contained","Moderate","BreaksPriorLow;CloseInsidePriorRange;CloseInsidePriorBody;DissipationLocal;AcceptanceContained;CompressionClustered"
425,"2026-05-06 12:00:00",28647.5,28652.25,28639.5,28640.25,1994,"InsideBar","Red","Down",0.3,0.18,12.75,"Down",0.1,7.25,"Down",0.6,0.058824,1,True,True,False,False,"Falling","Absent","Clustered","Absent","Unresolved","Minor","CloseInsidePriorRange;CloseInsidePriorBody;CompressionClustered"
426,"2026-05-06 12:05:00",28640,28655,28637.75,28647.25,2583,"OutsideBar","Black","Up",0.6,0.44,17.25,"Up",0.55,7.25,"Flat",0.6,0.550725,0.73913,True,True,True,True,"Rising","Local","Local","Absent","Contained","Moderate","BreaksPriorHigh;BreaksPriorLow;CloseInsidePriorRange;CloseInsidePriorBody;AcceptanceContained;CompressionLocal"
427,"2026-05-06 12:10:00",28647.25,28668.5,28643.5,28663.25,3133,"HHHL","Black","Up",0.8,0.56,25,"Up",0.95,16,"Up",0.95,0.79,0.46,False,False,True,False,"Peak","Climactic","Absent","Absent","Accepted","Structural","VolumePeak20;RangePeak20;RangeClimactic20;BreaksPriorHigh;AcceptanceAccepted"
428,"2026-05-06 12:15:00",28663.5,28679.75,28662,28677.25,3742,"HHHL","Black","Up",0.9,0.76,17.75,"Down",0.5,13.75,"Down",0.85,0.859155,0.366197,False,False,True,False,"Peak","Absent","Absent","Local","Accepted","Major","VolumePeak20;BreaksPriorHigh;DissipationLocal;AcceptanceAccepted"
429,"2026-05-06 12:20:00",28676.75,28685.25,28672.75,28679,3540,"HHHL","Black","Down",0.85,0.7,12.5,"Down",0.05,2.25,"Down",0.1,0.5,0.56,True,False,True,False,"Peak","Absent","Local","Local","Contained","Major","VolumePeak20;HighVolumeLowRange;BreaksPriorHigh;CloseInsidePriorRange;DissipationLocal;AcceptanceContained;CompressionLocal"
430,"2026-05-06 12:25:00",28678.5,28695.25,28675.25,28685.5,3879,"HHHL","Black","Up",0.9,0.82,20,"Up",0.8,7,"Up",0.45,0.5125,0.5,False,False,True,False,"Peak","Strong","Absent","Absent","Accepted","Major","VolumePeak20;RangePeak20;BreaksPriorHigh;AcceptanceAccepted"
431,"2026-05-06 12:30:00",28685.75,28699.75,28682.25,28694.25,3213,"HHHL","Black","Down",0.75,0.66,17.5,"Down",0.55,8.5,"Up",0.65,0.685714,0.742857,True,False,True,False,"Falling","Absent","Local","Local","Contained","Moderate","BreaksPriorHigh;CloseInsidePriorRange;DissipationLocal;AcceptanceContained;CompressionLocal"
432,"2026-05-06 12:35:00",28694,28694,28667.5,28672.25,3785,"LLLH","Red","Up",0.85,0.82,26.5,"Up",1,21.75,"Up",1,0.179245,0.443396,False,False,False,True,"Peak","Climactic","Absent","Absent","Accepted","Structural","VolumePeak20;RangePeak20;RangeClimactic20;BreaksPriorLow;AcceptanceAccepted"
433,"2026-05-06 12:40:00",28672,28689.25,28670,28687.5,2669,"InsideBar","Black","Down",0.35,0.48,19.25,"Down",0.65,15.5,"Down",0.85,0.909091,1,True,True,False,False,"Falling","Absent","Clustered","Absent","Unresolved","Moderate","CloseInsidePriorRange;CloseInsidePriorBody;CompressionClustered"
434,"2026-05-06 12:45:00",28687.25,28691.25,28669,28669.75,2848,"OutsideBar","Red","Up",0.45,0.54,22.25,"Up",0.8,17.5,"Up",0.9,0.033708,0.865169,False,False,True,True,"Rising","Strong","Absent","Absent","Accepted","Major","RangePeak20;BreaksPriorHigh;BreaksPriorLow;AcceptanceAccepted"
435,"2026-05-06 12:50:00",28669.25,28681.75,28666.75,28669.5,3545,"LLLH","Black","Up",0.75,0.76,15,"Down",0.35,0.25,"Down",0.05,0.183333,0.85,True,False,False,True,"Rising","Absent","Clustered","Local","Contained","Moderate","BreaksPriorLow;CloseInsidePriorRange;DissipationLocal;AcceptanceContained;CompressionClustered"
436,"2026-05-06 12:55:00",28669,28702.5,28667,28696.25,10960,"HHHL","Black","Up",1,1,35.5,"Up",1,27.25,"Up",1,0.823944,0.415493,False,False,True,False,"Climactic","Climactic","Absent","Absent","Accepted","SessionDefining","VolumePeak20;VolumeClimactic50;RangePeak20;RangeClimactic20;BreaksPriorHigh;AcceptanceAccepted"
437,"2026-05-06 13:00:00",28695.75,28725.75,28695.25,28711.5,20444,"HHHL","Black","Up",1,1,30.5,"Down",0.95,15.75,"Down",0.8,0.532787,0.237705,False,False,True,False,"Climactic","Climactic","Absent","Local","Accepted","SessionDefining","VolumePeak20;VolumeClimactic50;RangePeak20;RangeClimactic20;BreaksPriorHigh;DissipationLocal;AcceptanceAccepted"
438,"2026-05-06 13:05:00",28711.5,28732,28701.75,28711.75,8578,"HHHL","Black","Down",0.9,0.96,30.25,"Down",0.9,0.25,"Down",0.1,0.330579,0.793388,True,False,True,False,"Climactic","Strong","Local","Local","Contained","Structural","VolumePeak20;VolumeClimactic50;RangePeak20;BreaksPriorHigh;CloseInsidePriorRange;DissipationLocal;AcceptanceContained;CompressionLocal"
439,"2026-05-06 13:10:00",28712.25,28760.25,28712,28759.25,4092,"HHHL","Black","Down",0.8,0.88,48.25,"Up",1,47,"Up",1,0.979275,0.414508,False,False,True,False,"Peak","Climactic","Absent","Local","Accepted","Structural","VolumePeak20;RangePeak20;RangeClimactic20;BreaksPriorHigh;DissipationLocal;AcceptanceAccepted"
440,"2026-05-06 13:15:00",28759.75,28800,28745,28793,4285,"HHHL","Black","Up",0.8,0.9,55,"Up",1,33.25,"Down",0.95,0.872727,0.277273,False,False,True,False,"Peak","Climactic","Absent","Absent","Accepted","Structural","VolumePeak20;RangePeak20;RangeClimactic20;BreaksPriorHigh;AcceptanceAccepted"
441,"2026-05-06 13:20:00",28793.75,28798,28785,28789.25,1886,"InsideBar","Red","Down",0.05,0.12,13,"Down",0.15,4.5,"Down",0.2,0.326923,1,True,True,False,False,"Falling","Absent","Clustered","Absent","Unresolved","Minor","CloseInsidePriorRange;CloseInsidePriorBody;CompressionClustered"
442,"2026-05-06 13:25:00",28789.75,28798.5,28771.5,28774.75,1561,"OutsideBar","Red","Down",0.05,0.04,27,"Up",0.75,15,"Up",0.6,0.12037,0.481481,False,False,True,True,"Falling","Local","Absent","Local","Accepted","Moderate","BreaksPriorHigh;BreaksPriorLow;DissipationLocal;AcceptanceAccepted"
443,"2026-05-06 13:30:00",28774,28788.75,28769.5,28777.75,1316,"LLLH","Black","Down",0.05,0.02,19.25,"Down",0.5,3.75,"Down",0.2,0.428571,0.896104,True,True,False,True,"Falling","Absent","Clustered","Local","Contained","Minor","BreaksPriorLow;CloseInsidePriorRange;CloseInsidePriorBody;DissipationLocal;AcceptanceContained;CompressionClustered"
444,"2026-05-06 13:35:00",28777.25,28779.75,28734.5,28742.25,1779,"LLLH","Red","Up",0.15,0.1,45.25,"Up",0.9,35,"Up",0.95,0.171271,0.226519,False,False,False,True,"Rising","Strong","Absent","Absent","Accepted","Structural","RangePeak20;LowVolumeHighRange;BreaksPriorLow;AcceptanceAccepted"
445,"2026-05-06 13:40:00",28741.75,28748.25,28724.75,28727,1533,"LLLH","Red","Down",0.1,0.04,23.5,"Down",0.55,14.75,"Down",0.5,0.095745,0.585106,False,False,False,True,"Falling","Absent","Absent","Local","Accepted","Minor","BreaksPriorLow;DissipationLocal;AcceptanceAccepted"
446,"2026-05-06 13:45:00",28726.75,28736.5,28723.25,28725,1108,"LLLH","Red","Down",0.05,0.02,13.25,"Down",0.15,1.75,"Down",0.15,0.132075,0.886792,True,False,False,True,"Falling","Absent","Clustered","Local","Contained","Minor","BreaksPriorLow;CloseInsidePriorRange;DissipationLocal;AcceptanceContained;CompressionClustered"
447,"2026-05-06 13:50:00",28725,28726.75,28704,28711.75,1367,"LLLH","Red","Up",0.15,0.06,22.75,"Up",0.55,13.25,"Up",0.45,0.340659,0.153846,False,False,False,True,"Rising","Local","Absent","Absent","Accepted","Minor","BreaksPriorLow;AcceptanceAccepted"
448,"2026-05-06 13:55:00",28712,28715,28697.75,28699.5,1047,"LLLH","Red","Down",0.05,0.02,17.25,"Down",0.25,12.5,"Down",0.45,0.101449,0.637681,False,False,False,True,"Falling","Absent","Absent","Local","Accepted","Minor","BreaksPriorLow;DissipationLocal;AcceptanceAccepted"
449,"2026-05-06 14:00:00",28698.75,28714.75,28694.5,28712.25,744,"LLLH","Black","Down",0.05,0.02,20.25,"Up",0.45,13.5,"Up",0.5,0.876543,0.839506,True,False,False,True,"Falling","Local","Local","Local","Contained","Minor","BreaksPriorLow;CloseInsidePriorRange;DissipationLocal;AcceptanceContained;CompressionLocal"
450,"2026-05-07 06:35:00",28750,28769.5,28720.75,28760.75,14431,"HHHL","Black","Up",0.95,0.98,48.75,"Up",0.95,10.75,"Down",0.35,0.820513,0,False,False,True,False,"Climactic","Climactic","Absent","Absent","Accepted","SessionDefining","VolumePeak20;VolumeClimactic50;RangePeak20;RangeClimactic20;BreaksPriorHigh;AcceptanceAccepted"
451,"2026-05-07 06:40:00",28760,28777.5,28742.25,28773.25,8966,"HHHL","Black","Down",0.85,0.94,35.25,"Down",0.75,13.25,"Up",0.45,0.879433,0.77305,False,False,True,False,"Peak","Absent","Absent","Local","Accepted","Structural","VolumePeak20;BreaksPriorHigh;DissipationLocal;AcceptanceAccepted"
452,"2026-05-07 06:45:00",28773.25,28782.5,28734,28742,8283,"OutsideBar","Red","Down",0.75,0.9,48.5,"Up",0.9,31.25,"Up",0.85,0.164948,0.726804,False,False,True,True,"Falling","Strong","Absent","Local","Accepted","Structural","RangePeak20;BreaksPriorHigh;BreaksPriorLow;DissipationLocal;AcceptanceAccepted"
453,"2026-05-07 06:50:00",28741.5,28748,28708,28731.25,12559,"LLLH","Red","Up",0.9,0.96,40,"Down",0.75,10.25,"Down",0.3,0.58125,0.35,False,False,False,True,"Climactic","Absent","Absent","Local","Accepted","Structural","VolumePeak20;VolumeClimactic50;BreaksPriorLow;DissipationLocal;AcceptanceAccepted"
454,"2026-05-07 06:55:00",28732.5,28788.75,28725,28785.75,10349,"HHHL","Black","Down",0.8,0.92,63.75,"Up",1,53.25,"Up",1,0.952941,0.360784,False,False,True,False,"Peak","Climactic","Absent","Local","Accepted","Structural","VolumePeak20;RangePeak20;RangeClimactic20;BreaksPriorHigh;DissipationLocal;AcceptanceAccepted"
455,"2026-05-07 07:00:00",28787.5,28803,28770.5,28781.5,9194,"HHHL","Red","Down",0.75,0.9,32.5,"Down",0.55,6,"Down",0.25,0.338462,0.561538,True,True,True,False,"Falling","Absent","Local","Local","Contained","Structural","BreaksPriorHigh;CloseInsidePriorRange;CloseInsidePriorBody;DissipationLocal;AcceptanceContained;CompressionLocal"
456,"2026-05-07 07:05:00",28781.5,28810,28779,28809.75,8184,"HHHL","Black","Down",0.6,0.82,31,"Down",0.55,28.25,"Up",0.75,0.991935,0.774194,False,False,True,False,"Falling","Absent","Absent","Local","Accepted","Moderate","BreaksPriorHigh;DissipationLocal;AcceptanceAccepted"
457,"2026-05-07 07:10:00",28809.25,28839,28796.25,28832.5,8882,"HHHL","Black","Up",0.75,0.86,42.75,"Up",0.7,23.25,"Down",0.7,0.847953,0.321637,False,False,True,False,"Rising","Local","Absent","Absent","Accepted","Moderate","BreaksPriorHigh;AcceptanceAccepted"
458,"2026-05-07 07:15:00",28833.5,28848.75,28826,28837,7726,"HHHL","Black","Down",0.6,0.78,22.75,"Down",0.35,3.5,"Down",0.1,0.483516,0.571429,True,False,True,False,"Falling","Absent","Local","Local","Contained","Moderate","BreaksPriorHigh;CloseInsidePriorRange;DissipationLocal;AcceptanceContained;CompressionLocal"
459,"2026-05-07 07:20:00",28836.75,28857.75,28822.5,28845.25,8244,"OutsideBar","Black","Up",0.65,0.8,35.25,"Up",0.65,8.5,"Up",0.3,0.64539,0.64539,True,False,True,True,"Rising","Local","Local","Absent","Contained","Moderate","BreaksPriorHigh;BreaksPriorLow;CloseInsidePriorRange;AcceptanceContained;CompressionLocal"
460,"2026-05-07 07:25:00",28845.5,28902.5,28845,28863.75,9519,"HHHL","Black","Up",0.85,0.9,57.5,"Up",0.95,18.25,"Up",0.75,0.326087,0.221739,False,False,True,False,"Peak","Climactic","Absent","Absent","Accepted","Structural","VolumePeak20;RangePeak20;RangeClimactic20;BreaksPriorHigh;AcceptanceAccepted"
461,"2026-05-07 07:30:00",28864.25,28895.25,28862.75,28874,6361,"InsideBar","Black","Down",0.45,0.72,32.5,"Down",0.55,9.75,"Down",0.3,0.346154,1,True,False,False,False,"Falling","Absent","Clustered","Absent","Unresolved","Minor","CloseInsidePriorRange;CompressionClustered"
462,"2026-05-07 07:35:00",28874.25,28880.5,28860.25,28868,5415,"LLLH","Red","Down",0.4,0.7,20.25,"Down",0.25,6.25,"Down",0.25,0.382716,0.876543,True,True,False,True,"Falling","Absent","Clustered","Local","Contained","Minor","BreaksPriorLow;CloseInsidePriorRange;CloseInsidePriorBody;DissipationLocal;AcceptanceContained;CompressionClustered"
463,"2026-05-07 07:40:00",28868.75,28906.5,28866.25,28904,5282,"HHHL","Black","Down",0.35,0.68,40.25,"Up",0.7,35.25,"Up",0.95,0.937888,0.354037,False,False,True,False,"Falling","Local","Absent","Local","Accepted","Moderate","BreaksPriorHigh;DissipationLocal;AcceptanceAccepted"
464,"2026-05-07 07:45:00",28904.5,28915,28889.25,28899.25,5149,"HHHL","Red","Down",0.3,0.66,25.75,"Down",0.4,5.25,"Down",0.15,0.38835,0.669903,True,True,True,False,"Falling","Absent","Local","Local","Contained","Minor","BreaksPriorHigh;CloseInsidePriorRange;CloseInsidePriorBody;DissipationLocal;AcceptanceContained;CompressionLocal"
465,"2026-05-07 07:50:00",28899.25,28918.25,28870.25,28882,6250,"OutsideBar","Red","Up",0.4,0.7,48,"Up",0.8,17.25,"Up",0.7,0.244792,0.536458,False,False,True,True,"Rising","Strong","Absent","Absent","Accepted","Major","RangePeak20;LowVolumeHighRange;BreaksPriorHigh;BreaksPriorLow;AcceptanceAccepted"
466,"2026-05-07 07:55:00",28882,28925,28879,28921.5,5400,"HHHL","Black","Down",0.3,0.66,46,"Down",0.75,39.5,"Up",0.95,0.923913,0.853261,False,False,True,False,"Falling","Absent","Clustered","Local","Accepted","Moderate","BreaksPriorHigh;DissipationLocal;AcceptanceAccepted;CompressionClustered"
467,"2026-05-07 08:00:00",28921.25,28944.75,28919.25,28928.5,6113,"HHHL","Black","Up",0.35,0.68,25.5,"Down",0.25,7.25,"Down",0.25,0.362745,0.22549,False,False,True,False,"Rising","Absent","Absent","Local","Accepted","Minor","BreaksPriorHigh;DissipationLocal;AcceptanceAccepted"
468,"2026-05-07 08:05:00",28928,28930.5,28893.5,28899.25,5957,"LLLH","Red","Down",0.3,0.66,37,"Up",0.55,28.75,"Up",0.8,0.155405,0.304054,False,False,False,True,"Falling","Local","Absent","Local","Accepted","Minor","BreaksPriorLow;DissipationLocal;AcceptanceAccepted"
469,"2026-05-07 08:10:00",28898.5,28899.25,28847,28882,8844,"LLLH","Red","Up",0.65,0.82,52.25,"Up",0.9,16.5,"Down",0.55,0.669856,0.110048,False,False,False,True,"Rising","Strong","Absent","Absent","Accepted","Structural","RangePeak20;BreaksPriorLow;AcceptanceAccepted"
470,"2026-05-07 08:15:00",28882.75,28889.5,28853,28862.5,5888,"InsideBar","Red","Down",0.25,0.62,36.5,"Down",0.5,20.25,"Up",0.65,0.260274,1,True,False,False,False,"Falling","Absent","Clustered","Absent","Unresolved","Minor","CloseInsidePriorRange;CompressionClustered"
471,"2026-05-07 08:20:00",28862.75,28883,28860.5,28869.25,3892,"InsideBar","Black","Down",0.05,0.48,22.5,"Down",0.1,6.5,"Down",0.25,0.388889,1,True,True,False,False,"Falling","Absent","Clustered","Absent","Unresolved","Minor","CloseInsidePriorRange;CloseInsidePriorBody;CompressionClustered"
472,"2026-05-07 08:25:00",28869.75,28879.25,28847.75,28859.5,6846,"LLLH","Red","Up",0.55,0.7,31.5,"Up",0.35,10.25,"Up",0.5,0.373016,0.595238,False,False,False,True,"Rising","Local","Absent","Absent","Accepted","Minor","BreaksPriorLow;AcceptanceAccepted"
473,"2026-05-07 08:30:00",28857.75,28874,28823.75,28853.75,7987,"LLLH","Red","Up",0.65,0.72,50.25,"Up",0.85,4,"Down",0.1,0.597015,0.522388,True,False,False,True,"Rising","Strong","Local","Absent","Contained","Major","RangePeak20;BreaksPriorLow;CloseInsidePriorRange;AcceptanceContained;CompressionLocal"
474,"2026-05-07 08:35:00",28854.5,28890.75,28850.5,28888.5,5529,"HHHL","Black","Down",0.3,0.56,40.25,"Down",0.7,34,"Up",0.9,0.944099,0.583851,False,False,True,False,"Falling","Absent","Absent","Local","Accepted","Moderate","BreaksPriorHigh;DissipationLocal;AcceptanceAccepted"
475,"2026-05-07 08:40:00",28888,28896.5,28874.75,28881.25,4670,"HHHL","Red","Down",0.1,0.46,21.75,"Down",0.1,6.75,"Down",0.3,0.298851,0.735632,True,True,True,False,"Falling","Absent","Local","Local","Contained","Minor","BreaksPriorHigh;CloseInsidePriorRange;CloseInsidePriorBody;DissipationLocal;AcceptanceContained;CompressionLocal"
476,"2026-05-07 08:45:00",28881.25,28892,28864.5,28880,3672,"LLLH","Red","Down",0.05,0.32,27.5,"Up",0.35,1.25,"Down",0.05,0.563636,0.627273,True,False,False,True,"Falling","Local","Local","Local","Contained","Minor","BreaksPriorLow;CloseInsidePriorRange;DissipationLocal;AcceptanceContained;CompressionLocal"
477,"2026-05-07 08:50:00",28879.5,28887,28846.5,28849.75,3925,"LLLH","Red","Up",0.15,0.4,40.5,"Up",0.75,29.75,"Up",0.85,0.080247,0.555556,False,False,False,True,"Rising","Local","Absent","Absent","Accepted","Moderate","BreaksPriorLow;AcceptanceAccepted"
478,"2026-05-07 08:55:00",28850,28851,28818.25,28837,6138,"LLLH","Red","Up",0.65,0.62,32.75,"Down",0.45,13,"Down",0.55,0.572519,0.137405,False,False,False,True,"Rising","Absent","Absent","Local","Accepted","Moderate","BreaksPriorLow;DissipationLocal;AcceptanceAccepted"
479,"2026-05-07 09:00:00",28837,28839.5,28772.75,28784.25,8002,"LLLH","Red","Up",0.9,0.72,66.75,"Up",1,52.75,"Up",1,0.172285,0.318352,False,False,False,True,"Peak","Climactic","Absent","Absent","Accepted","Structural","VolumePeak20;RangePeak20;RangeClimactic20;BreaksPriorLow;AcceptanceAccepted"
480,"2026-05-07 09:05:00",28785.5,28788.25,28751.5,28758.5,8819,"LLLH","Red","Up",0.95,0.8,36.75,"Down",0.55,27,"Down",0.7,0.190476,0.421769,False,False,False,True,"Peak","Absent","Absent","Local","Accepted","Major","VolumePeak20;BreaksPriorLow;DissipationLocal;AcceptanceAccepted"
481,"2026-05-07 09:10:00",28757.5,28758.5,28719,28746.75,8723,"LLLH","Red","Down",0.9,0.78,39.5,"Up",0.6,10.75,"Down",0.45,0.702532,0.177215,False,False,False,True,"Peak","Local","Absent","Local","Accepted","Major","VolumePeak20;BreaksPriorLow;DissipationLocal;AcceptanceAccepted"
482,"2026-05-07 09:15:00",28747,28748,28692,28700,8035,"LLLH","Red","Down",0.85,0.68,56,"Up",0.95,47,"Up",0.95,0.142857,0.517857,False,False,False,True,"Peak","Climactic","Absent","Local","Accepted","Structural","VolumePeak20;RangePeak20;RangeClimactic20;BreaksPriorLow;DissipationLocal;AcceptanceAccepted"
483,"2026-05-07 09:20:00",28700.5,28700.5,28637,28659,14032,"LLLH","Red","Up",1,0.96,63.5,"Up",0.95,41.5,"Down",0.9,0.346457,0.133858,False,False,False,True,"Climactic","Climactic","Absent","Absent","Accepted","SessionDefining","VolumePeak20;VolumeClimactic50;RangePeak20;RangeClimactic20;BreaksPriorLow;AcceptanceAccepted"
484,"2026-05-07 09:25:00",28659,28714.75,28647.5,28711,9719,"HHHL","Black","Down",0.95,0.88,67.25,"Up",1,52,"Up",0.95,0.944238,0.788104,False,False,True,False,"Peak","Climactic","Absent","Local","Accepted","Structural","VolumePeak20;RangePeak20;RangeClimactic20;BreaksPriorHigh;DissipationLocal;AcceptanceAccepted"
485,"2026-05-07 09:30:00",28710.75,28748.25,28710.25,28740.5,8311,"HHHL","Black","Down",0.75,0.7,38,"Down",0.5,29.75,"Down",0.7,0.796053,0.118421,False,False,True,False,"Falling","Absent","Absent","Local","Accepted","Moderate","BreaksPriorHigh;DissipationLocal;AcceptanceAccepted"
486,"2026-05-07 09:35:00",28740.5,28776.25,28731.25,28762.75,6535,"HHHL","Black","Down",0.5,0.54,45,"Up",0.7,22.25,"Down",0.55,0.7,0.377778,False,False,True,False,"Falling","Local","Absent","Local","Accepted","Moderate","BreaksPriorHigh;DissipationLocal;AcceptanceAccepted"
487,"2026-05-07 09:40:00",28763,28765,28713,28716.25,6665,"LLLH","Red","Up",0.5,0.56,52,"Up",0.75,46.75,"Up",0.85,0.0625,0.649038,False,False,False,True,"Rising","Local","Absent","Absent","Accepted","Moderate","BreaksPriorLow;AcceptanceAccepted"
488,"2026-05-07 09:45:00",28715.75,28744.75,28706.25,28725.75,5239,"LLLH","Black","Down",0.25,0.34,38.5,"Down",0.45,10,"Down",0.25,0.506494,0.824675,True,True,False,True,"Falling","Absent","Clustered","Local","Contained","Minor","BreaksPriorLow;CloseInsidePriorRange;CloseInsidePriorBody;DissipationLocal;AcceptanceContained;CompressionClustered"
489,"2026-05-07 09:50:00",28725.75,28735.25,28705.5,28711.75,3671,"LLLH","Red","Down",0.05,0.2,29.75,"Down",0.2,14,"Up",0.45,0.210084,0.97479,True,False,False,True,"Falling","Absent","Clustered","Local","Contained","Minor","BreaksPriorLow;CloseInsidePriorRange;DissipationLocal;AcceptanceContained;CompressionClustered"
490,"2026-05-07 09:55:00",28713.25,28721.5,28684.25,28713.5,5773,"LLLH","Black","Up",0.4,0.42,37.25,"Up",0.4,0.25,"Down",0.05,0.785235,0.42953,True,True,False,True,"Rising","Local","Local","Absent","Contained","Minor","BreaksPriorLow;CloseInsidePriorRange;CloseInsidePriorBody;AcceptanceContained;CompressionLocal"
491,"2026-05-07 10:00:00",28714,28722.25,28661,28696.75,5464,"OutsideBar","Red","Down",0.3,0.38,61.25,"Up",0.85,17.25,"Up",0.5,0.583673,0.608163,True,False,True,True,"Falling","Strong","Local","Local","Contained","Major","RangePeak20;LowVolumeHighRange;BreaksPriorHigh;BreaksPriorLow;CloseInsidePriorRange;DissipationLocal;AcceptanceContained;CompressionLocal"
492,"2026-05-07 10:05:00",28697.5,28710,28678.75,28688.25,4213,"InsideBar","Red","Down",0.2,0.24,31.25,"Down",0.2,9.25,"Down",0.25,0.304,1,True,False,False,False,"Falling","Absent","Clustered","Absent","Unresolved","Minor","CloseInsidePriorRange;CompressionClustered"
493,"2026-05-07 10:10:00",28689,28713.5,28674.75,28683.5,5579,"OutsideBar","Red","Up",0.45,0.4,38.75,"Up",0.5,5.5,"Down",0.15,0.225806,0.806452,True,False,True,True,"Rising","Local","Local","Absent","Contained","Minor","BreaksPriorHigh;BreaksPriorLow;CloseInsidePriorRange;AcceptanceContained;CompressionLocal"
494,"2026-05-07 10:15:00",28684,28688.5,28653.25,28669,5001,"LLLH","Red","Down",0.3,0.24,35.25,"Down",0.3,15,"Up",0.5,0.446809,0.390071,False,False,False,True,"Falling","Absent","Absent","Local","Accepted","Minor","BreaksPriorLow;DissipationLocal;AcceptanceAccepted"
495,"2026-05-07 10:20:00",28668,28668,28618,28626,7021,"LLLH","Red","Up",0.65,0.6,50,"Up",0.7,42,"Up",0.8,0.16,0.295,False,False,False,True,"Rising","Local","Absent","Absent","Accepted","Moderate","BreaksPriorLow;AcceptanceAccepted"
496,"2026-05-07 10:25:00",28625.75,28683.5,28611.5,28675.5,7572,"OutsideBar","Black","Up",0.65,0.6,72,"Up",1,49.75,"Up",0.9,0.888889,0.694444,False,False,True,True,"Rising","Climactic","Absent","Absent","Accepted","Structural","RangePeak20;RangeClimactic20;BreaksPriorHigh;BreaksPriorLow;AcceptanceAccepted"
497,"2026-05-07 10:30:00",28676,28698.75,28552,28608.25,17518,"OutsideBar","Red","Up",1,1,146.75,"Up",1,67.75,"Up",1,0.383305,0.49063,False,False,True,True,"Climactic","Climactic","Absent","Absent","Accepted","SessionDefining","VolumePeak20;VolumeClimactic50;RangePeak20;RangeClimactic20;BreaksPriorHigh;BreaksPriorLow;AcceptanceAccepted"
498,"2026-05-07 10:35:00",28608.5,28646.5,28590.5,28635.5,8081,"InsideBar","Black","Down",0.7,0.66,56,"Down",0.7,27,"Down",0.55,0.803571,1,True,True,False,False,"Falling","Absent","Clustered","Absent","Unresolved","Moderate","CloseInsidePriorRange;CloseInsidePriorBody;CompressionClustered"
499,"2026-05-07 10:40:00",28636.5,28677.5,28622.25,28669.5,5631,"HHHL","Black","Down",0.35,0.32,55.25,"Down",0.65,33,"Up",0.65,0.855204,0.438914,False,False,True,False,"Falling","Absent","Absent","Local","Accepted","Moderate","BreaksPriorHigh;DissipationLocal;AcceptanceAccepted"
500,"2026-05-07 10:45:00",28669,28688.75,28636.75,28645.5,4928,"HHHL","Red","Down",0.15,0.14,52,"Down",0.6,23.5,"Down",0.5,0.168269,0.783654,True,True,True,False,"Falling","Absent","Local","Local","Contained","Moderate","BreaksPriorHigh;CloseInsidePriorRange;CloseInsidePriorBody;DissipationLocal;AcceptanceContained;CompressionLocal"
501,"2026-05-07 10:50:00",28645.5,28654.5,28617,28627.25,4896,"LLLH","Red","Down",0.15,0.14,37.5,"Down",0.25,18.25,"Down",0.4,0.273333,0.473333,False,False,False,True,"Falling","Absent","Absent","Local","Accepted","Minor","BreaksPriorLow;DissipationLocal;AcceptanceAccepted"
502,"2026-05-07 10:55:00",28626.5,28639.5,28605,28627.5,5213,"LLLH","Black","Up",0.3,0.22,34.5,"Down",0.15,1,"Down",0.1,0.652174,0.652174,True,True,False,True,"Rising","Absent","Local","Local","Contained","Minor","BreaksPriorLow;CloseInsidePriorRange;CloseInsidePriorBody;DissipationLocal;AcceptanceContained;CompressionLocal"
503,"2026-05-07 11:00:00",28628.5,28705.75,28624.5,28696.5,8042,"HHHL","Black","Up",0.8,0.72,81.25,"Up",0.95,68,"Up",1,0.886154,0.184615,False,False,True,False,"Peak","Climactic","Absent","Absent","Accepted","Structural","VolumePeak20;RangePeak20;RangeClimactic20;BreaksPriorHigh;AcceptanceAccepted"
504,"2026-05-07 11:05:00",28696.75,28702.75,28672,28688,6055,"InsideBar","Red","Down",0.6,0.46,30.75,"Down",0.1,8.75,"Down",0.2,0.520325,1,True,True,False,False,"Falling","Absent","Clustered","Absent","Unresolved","Moderate","CloseInsidePriorRange;CloseInsidePriorBody;CompressionClustered"
505,"2026-05-07 11:10:00",28688.25,28721.5,28660,28669.5,5752,"OutsideBar","Red","Down",0.55,0.4,61.5,"Up",0.85,18.75,"Up",0.55,0.154472,0.5,False,False,True,True,"Falling","Strong","Absent","Local","Accepted","Major","RangePeak20;BreaksPriorHigh;BreaksPriorLow;DissipationLocal;AcceptanceAccepted"
506,"2026-05-07 11:15:00",28668.75,28689.75,28654,28677.25,5170,"LLLH","Black","Down",0.3,0.22,35.75,"Down",0.3,8.5,"Down",0.2,0.65035,0.832168,True,True,False,True,"Falling","Absent","Clustered","Local","Contained","Minor","BreaksPriorLow;CloseInsidePriorRange;CloseInsidePriorBody;DissipationLocal;AcceptanceContained;CompressionClustered"
507,"2026-05-07 11:20:00",28679.25,28707.5,28673,28687.25,4363,"HHHL","Black","Down",0.15,0.12,34.5,"Down",0.25,8,"Down",0.2,0.413043,0.485507,True,False,True,False,"Falling","Absent","Local","Local","Contained","Minor","BreaksPriorHigh;CloseInsidePriorRange;DissipationLocal;AcceptanceContained;CompressionLocal"
508,"2026-05-07 11:25:00",28686.25,28694.25,28659.75,28663.75,4061,"LLLH","Red","Down",0.1,0.1,34.5,"Flat",0.3,22.5,"Up",0.65,0.115942,0.615942,False,False,False,True,"Falling","Absent","Absent","Local","Accepted","Minor","BreaksPriorLow;DissipationLocal;AcceptanceAccepted"
509,"2026-05-07 11:30:00",28664,28669,28642.5,28654,4029,"LLLH","Red","Down",0.05,0.1,26.5,"Down",0.05,10,"Down",0.4,0.433962,0.349057,False,False,False,True,"Falling","Absent","Absent","Local","Accepted","Minor","BreaksPriorLow;DissipationLocal;AcceptanceAccepted"
510,"2026-05-07 11:35:00",28654.25,28688.5,28651,28683.25,3164,"HHHL","Black","Down",0.05,0.02,37.5,"Up",0.5,29,"Up",0.75,0.86,0.48,False,False,True,False,"Falling","Local","Absent","Local","Accepted","Minor","BreaksPriorHigh;DissipationLocal;AcceptanceAccepted"
511,"2026-05-07 11:40:00",28684,28691,28645.5,28667.75,4793,"OutsideBar","Red","Up",0.3,0.22,45.5,"Up",0.6,16.25,"Down",0.45,0.489011,0.824176,True,True,True,True,"Rising","Local","Local","Absent","Contained","Moderate","BreaksPriorHigh;BreaksPriorLow;CloseInsidePriorRange;CloseInsidePriorBody;AcceptanceContained;CompressionLocal"
512,"2026-05-07 11:45:00",28668.5,28670.25,28594.25,28610,6553,"LLLH","Red","Up",0.75,0.68,76,"Up",0.9,58.5,"Up",0.9,0.207237,0.325658,False,False,False,True,"Rising","Strong","Absent","Absent","Accepted","Structural","RangePeak20;BreaksPriorLow;AcceptanceAccepted"
513,"2026-05-07 11:50:00",28608.5,28631.25,28584.5,28599.5,6940,"LLLH","Red","Up",0.75,0.72,46.75,"Down",0.55,9,"Down",0.25,0.320856,0.791444,True,False,False,True,"Rising","Absent","Local","Local","Contained","Moderate","BreaksPriorLow;CloseInsidePriorRange;DissipationLocal;AcceptanceContained;CompressionLocal"
514,"2026-05-07 11:55:00",28599.75,28620,28582.75,28607.25,5987,"LLLH","Black","Down",0.6,0.54,37.25,"Down",0.35,7.5,"Down",0.1,0.657718,0.95302,True,True,False,True,"Falling","Absent","Clustered","Local","Contained","Moderate","BreaksPriorLow;CloseInsidePriorRange;CloseInsidePriorBody;DissipationLocal;AcceptanceContained;CompressionClustered"
515,"2026-05-07 12:00:00",28606.75,28648.75,28592,28644.75,6734,"HHHL","Black","Up",0.75,0.68,56.75,"Up",0.75,38,"Up",0.8,0.929515,0.493392,False,False,True,False,"Rising","Local","Absent","Absent","Accepted","Moderate","BreaksPriorHigh;AcceptanceAccepted"
516,"2026-05-07 12:05:00",28645,28652.75,28619,28631,4020,"HHHL","Red","Down",0.1,0.12,33.75,"Down",0.15,14,"Down",0.4,0.355556,0.881481,True,True,True,False,"Falling","Absent","Clustered","Local","Contained","Minor","BreaksPriorHigh;CloseInsidePriorRange;CloseInsidePriorBody;DissipationLocal;AcceptanceContained;CompressionClustered"
517,"2026-05-07 12:10:00",28632,28642.25,28616,28625,3399,"LLLH","Red","Down",0.1,0.04,26.25,"Down",0.05,7,"Down",0.1,0.342857,0.885714,True,False,False,True,"Falling","Absent","Clustered","Local","Contained","Minor","BreaksPriorLow;CloseInsidePriorRange;DissipationLocal;AcceptanceContained;CompressionClustered"
518,"2026-05-07 12:15:00",28624.5,28663.25,28618.5,28652.75,3861,"HHHL","Black","Up",0.15,0.1,44.75,"Up",0.6,28.25,"Up",0.75,0.765363,0.530726,False,False,True,False,"Rising","Local","Absent","Absent","Accepted","Moderate","BreaksPriorHigh;AcceptanceAccepted"
519,"2026-05-07 12:20:00",28653.25,28657.25,28603.25,28618.25,6011,"LLLH","Red","Up",0.75,0.58,54,"Up",0.8,35,"Up",0.85,0.277778,0.717593,False,False,False,True,"Rising","Strong","Absent","Absent","Accepted","Major","RangePeak20;BreaksPriorLow;AcceptanceAccepted"
520,"2026-05-07 12:25:00",28617.75,28624.25,28594,28600,4400,"LLLH","Red","Down",0.4,0.26,30.25,"Down",0.15,17.75,"Down",0.55,0.198347,0.694215,False,False,False,True,"Falling","Absent","Absent","Local","Accepted","Minor","BreaksPriorLow;DissipationLocal;AcceptanceAccepted"
521,"2026-05-07 12:30:00",28599.75,28626.25,28586.75,28611.5,4892,"OutsideBar","Black","Up",0.5,0.3,39.5,"Up",0.6,11.75,"Down",0.45,0.626582,0.765823,True,True,True,True,"Rising","Local","Local","Absent","Contained","Moderate","BreaksPriorHigh;BreaksPriorLow;CloseInsidePriorRange;CloseInsidePriorBody;AcceptanceContained;CompressionLocal"
522,"2026-05-07 12:35:00",28611.75,28647.75,28608.75,28643,3195,"HHHL","Black","Down",0.1,0.04,39,"Down",0.55,31.25,"Up",0.8,0.878205,0.448718,False,False,True,False,"Falling","Absent","Absent","Local","Accepted","Minor","BreaksPriorHigh;DissipationLocal;AcceptanceAccepted"
523,"2026-05-07 12:40:00",28643.75,28678.25,28640.25,28674.25,3359,"HHHL","Black","Up",0.15,0.06,38,"Down",0.55,30.5,"Down",0.8,0.894737,0.197368,False,False,True,False,"Rising","Absent","Absent","Local","Accepted","Minor","BreaksPriorHigh;DissipationLocal;AcceptanceAccepted"
524,"2026-05-07 12:45:00",28674,28685.25,28663,28679,3285,"HHHL","Black","Down",0.15,0.06,22.25,"Down",0.05,5,"Down",0.05,0.719101,0.685393,False,False,True,False,"Falling","Absent","Absent","Local","Accepted","Minor","BreaksPriorHigh;DissipationLocal;AcceptanceAccepted"
525,"2026-05-07 12:50:00",28679.5,28687,28662.75,28674,3925,"OutsideBar","Red","Up",0.35,0.2,24.25,"Up",0.1,5.5,"Up",0.1,0.463918,0.917526,True,True,True,True,"Rising","Local","Local","Absent","Contained","Minor","BreaksPriorHigh;BreaksPriorLow;CloseInsidePriorRange;CloseInsidePriorBody;AcceptanceContained;CompressionLocal"
526,"2026-05-07 12:55:00",28674,28708.75,28648,28661,9838,"OutsideBar","Red","Up",1,0.96,60.75,"Up",0.95,13,"Up",0.45,0.213992,0.399177,False,False,True,True,"Climactic","Climactic","Absent","Absent","Accepted","SessionDefining","VolumePeak20;VolumeClimactic50;RangePeak20;RangeClimactic20;BreaksPriorHigh;BreaksPriorLow;AcceptanceAccepted"
527,"2026-05-07 13:00:00",28661.75,28694.5,28655,28684,13448,"InsideBar","Black","Up",1,0.96,39.5,"Down",0.65,22.25,"Up",0.6,0.734177,1,True,False,False,False,"Climactic","Absent","Clustered","Local","Unresolved","Structural","VolumePeak20;VolumeClimactic50;CloseInsidePriorRange;DissipationLocal;CompressionClustered"
528,"2026-05-07 13:05:00",28683.75,28766.25,28652.25,28744,10750,"OutsideBar","Black","Down",0.95,0.94,114,"Up",1,60.25,"Up",1,0.804825,0.346491,False,False,True,True,"Peak","Climactic","Absent","Local","Accepted","Structural","VolumePeak20;RangePeak20;RangeClimactic20;BreaksPriorHigh;BreaksPriorLow;DissipationLocal;AcceptanceAccepted"
529,"2026-05-07 13:10:00",28744.25,28747.5,28704.25,28706.5,2096,"InsideBar","Red","Down",0.05,0.02,43.25,"Down",0.6,37.75,"Down",0.85,0.052023,1,True,True,False,False,"Falling","Absent","Clustered","Absent","Unresolved","Moderate","CloseInsidePriorRange;CloseInsidePriorBody;CompressionClustered"
530,"2026-05-07 13:15:00",28707.25,28715.5,28700,28711.5,1239,"LLLH","Black","Down",0.05,0.02,15.5,"Down",0.05,4.25,"Down",0.05,0.741935,0.725806,True,True,False,True,"Falling","Absent","Local","Local","Contained","Minor","BreaksPriorLow;CloseInsidePriorRange;CloseInsidePriorBody;DissipationLocal;AcceptanceContained;CompressionLocal"
531,"2026-05-07 13:20:00",28711.5,28725.25,28703,28708.75,1375,"HHHL","Red","Up",0.1,0.04,22.25,"Up",0.15,2.75,"Down",0.05,0.258427,0.561798,True,True,True,False,"Rising","Local","Local","Absent","Contained","Minor","BreaksPriorHigh;CloseInsidePriorRange;CloseInsidePriorBody;AcceptanceContained;CompressionLocal"
532,"2026-05-07 13:25:00",28709.25,28722,28708.5,28714.5,459,"InsideBar","Black","Down",0.05,0.02,13.5,"Down",0.05,5.25,"Up",0.2,0.444444,1,True,False,False,False,"Falling","Absent","Clustered","Absent","Unresolved","Minor","CloseInsidePriorRange;CompressionClustered"
533,"2026-05-07 13:30:00",28714.5,28722.25,28708.5,28710.5,576,"OutsideBar","Red","Up",0.1,0.04,13.75,"Up",0.1,4,"Down",0.1,0.145455,0.981818,True,True,True,False,"Rising","Local","Local","Absent","Contained","Minor","BreaksPriorHigh;CloseInsidePriorRange;CloseInsidePriorBody;AcceptanceContained;CompressionLocal"
534,"2026-05-07 13:35:00",28711,28720.5,28695,28708.75,959,"LLLH","Red","Up",0.15,0.06,25.5,"Up",0.35,2.25,"Down",0.05,0.539216,0.470588,True,False,False,True,"Rising","Local","Local","Absent","Contained","Minor","BreaksPriorLow;CloseInsidePriorRange;AcceptanceContained;CompressionLocal"
535,"2026-05-07 13:40:00",28708.5,28713.75,28637.25,28644,2697,"LLLH","Red","Up",0.35,0.14,76.5,"Up",0.95,64.5,"Up",1,0.088235,0.245098,False,False,False,True,"Rising","Climactic","Absent","Absent","Accepted","Structural","RangePeak20;RangeClimactic20;LowVolumeHighRange;BreaksPriorLow;AcceptanceAccepted"
536,"2026-05-07 13:45:00",28643.5,28680.5,28636.5,28673.5,1653,"LLLH","Black","Down",0.3,0.12,44,"Down",0.75,30,"Down",0.7,0.840909,0.982955,True,True,False,True,"Falling","Absent","Clustered","Local","Contained","Moderate","BreaksPriorLow;CloseInsidePriorRange;CloseInsidePriorBody;DissipationLocal;AcceptanceContained;CompressionClustered"
537,"2026-05-07 13:50:00",28672.75,28688.5,28649,28659.5,990,"HHHL","Red","Down",0.2,0.08,39.5,"Down",0.65,13.25,"Down",0.5,0.265823,0.797468,True,True,True,False,"Falling","Absent","Local","Local","Contained","Moderate","BreaksPriorHigh;CloseInsidePriorRange;CloseInsidePriorBody;DissipationLocal;AcceptanceContained;CompressionLocal"
538,"2026-05-07 13:55:00",28661,28667.25,28644.25,28649.5,767,"LLLH","Red","Down",0.15,0.06,23,"Down",0.3,11.5,"Down",0.4,0.228261,0.793478,True,False,False,True,"Falling","Absent","Local","Local","Contained","Minor","BreaksPriorLow;CloseInsidePriorRange;DissipationLocal;AcceptanceContained;CompressionLocal"
539,"2026-05-07 14:00:00",28649.5,28656.5,28633,28644,1228,"LLLH","Red","Up",0.3,0.12,23.5,"Up",0.35,5.5,"Down",0.4,0.468085,0.521277,False,False,False,True,"Rising","Local","Absent","Absent","Accepted","Minor","BreaksPriorLow;AcceptanceAccepted"
540,"2026-05-08 06:35:00",28878.5,28970,28859.5,28963,15159,"HHHL","Black","Up",1,0.98,110.5,"Up",0.95,84.5,"Up",1,0.936652,0,False,False,True,False,"Climactic","Climactic","Absent","Absent","Accepted","SessionDefining","VolumePeak20;VolumeClimactic50;RangePeak20;RangeClimactic20;BreaksPriorHigh;AcceptanceAccepted"
541,"2026-05-08 06:40:00",28963.5,28983,28949,28965.25,9655,"HHHL","Black","Down",0.8,0.9,34,"Down",0.5,1.75,"Down",0.05,0.477941,0.617647,True,False,True,False,"Peak","Absent","Local","Local","Contained","Structural","VolumePeak20;BreaksPriorHigh;CloseInsidePriorRange;DissipationLocal;AcceptanceContained;CompressionLocal"
542,"2026-05-08 06:45:00",28966,28997,28941.5,28996.75,9066,"OutsideBar","Black","Down",0.75,0.88,55.5,"Up",0.8,30.75,"Up",0.8,0.995495,0.612613,False,False,True,True,"Falling","Strong","Absent","Local","Accepted","Major","RangePeak20;BreaksPriorHigh;BreaksPriorLow;DissipationLocal;AcceptanceAccepted"
543,"2026-05-08 06:50:00",28997,29075,28996.75,29066.25,13043,"HHHL","Black","Up",0.9,0.94,78.25,"Up",0.9,69.25,"Up",0.95,0.888179,0.003195,False,False,True,False,"Peak","Strong","Absent","Absent","Accepted","Structural","VolumePeak20;RangePeak20;BreaksPriorHigh;AcceptanceAccepted"
544,"2026-05-08 06:55:00",29066.5,29085.25,29041.75,29060.5,8434,"HHHL","Red","Down",0.65,0.84,43.5,"Down",0.65,6,"Down",0.45,0.431034,0.764368,True,True,True,False,"Falling","Absent","Local","Local","Contained","Moderate","BreaksPriorHigh;CloseInsidePriorRange;CloseInsidePriorBody;DissipationLocal;AcceptanceContained;CompressionLocal"
545,"2026-05-08 07:00:00",29059.75,29111.25,29045.5,29107.25,7555,"HHHL","Black","Down",0.6,0.76,65.75,"Up",0.8,47.5,"Up",0.8,0.939163,0.604563,False,False,True,False,"Falling","Strong","Absent","Local","Accepted","Major","RangePeak20;BreaksPriorHigh;DissipationLocal;AcceptanceAccepted"
546,"2026-05-08 07:05:00",29106.5,29129,29081.25,29116,11174,"HHHL","Black","Up",0.85,0.92,47.75,"Down",0.7,9.5,"Down",0.45,0.727749,0.628272,False,False,True,False,"Peak","Absent","Absent","Local","Accepted","Structural","VolumePeak20;BreaksPriorHigh;DissipationLocal;AcceptanceAccepted"
547,"2026-05-08 07:10:00",29115.75,29123,29090,29109.5,6714,"InsideBar","Red","Down",0.6,0.72,33,"Down",0.4,6.25,"Down",0.45,0.590909,1,True,True,False,False,"Falling","Absent","Clustered","Absent","Unresolved","Moderate","CloseInsidePriorRange;CloseInsidePriorBody;CompressionClustered"
548,"2026-05-08 07:15:00",29108.75,29113,29075.5,29100.75,8049,"LLLH","Red","Up",0.7,0.82,37.5,"Up",0.5,8,"Up",0.5,0.673333,0.613333,True,False,False,True,"Rising","Local","Local","Absent","Contained","Moderate","BreaksPriorLow;CloseInsidePriorRange;AcceptanceContained;CompressionLocal"
549,"2026-05-08 07:20:00",29099.75,29118.5,29087.5,29114.25,5948,"HHHL","Black","Down",0.55,0.62,31,"Down",0.4,14.5,"Up",0.7,0.862903,0.822581,False,False,True,False,"Falling","Absent","Clustered","Local","Accepted","Minor","BreaksPriorHigh;DissipationLocal;AcceptanceAccepted;CompressionClustered"
550,"2026-05-08 07:25:00",29114.25,29150,29109,29149.75,7060,"HHHL","Black","Up",0.6,0.76,41,"Up",0.6,35.5,"Up",0.8,0.993902,0.231707,False,False,True,False,"Rising","Local","Absent","Absent","Accepted","Moderate","BreaksPriorHigh;AcceptanceAccepted"
551,"2026-05-08 07:30:00",29149.25,29166,29103.75,29111.25,7939,"OutsideBar","Red","Up",0.65,0.78,62.25,"Up",0.8,38,"Up",0.8,0.120482,0.658635,True,False,True,True,"Rising","Strong","Local","Absent","Contained","Major","RangePeak20;BreaksPriorHigh;BreaksPriorLow;CloseInsidePriorRange;AcceptanceContained;CompressionLocal"
552,"2026-05-08 07:35:00",29111,29122,29078,29118.5,7688,"LLLH","Black","Down",0.6,0.76,44,"Down",0.65,7.5,"Down",0.35,0.920455,0.414773,True,True,False,True,"Falling","Absent","Local","Local","Contained","Moderate","BreaksPriorLow;CloseInsidePriorRange;CloseInsidePriorBody;DissipationLocal;AcceptanceContained;CompressionLocal"
553,"2026-05-08 07:40:00",29118.25,29119.5,29073.5,29117,6067,"LLLH","Red","Down",0.4,0.64,46,"Up",0.65,1.25,"Down",0.05,0.945652,0.902174,True,True,False,True,"Falling","Local","Local","Local","Contained","Moderate","BreaksPriorLow;CloseInsidePriorRange;CloseInsidePriorBody;DissipationLocal;AcceptanceContained;CompressionLocal"
554,"2026-05-08 07:45:00",29116.75,29138,29096.25,29137.5,5135,"HHHL","Black","Down",0.3,0.52,41.75,"Down",0.45,20.75,"Up",0.6,0.988024,0.556886,False,False,True,False,"Falling","Absent","Absent","Local","Accepted","Minor","BreaksPriorHigh;DissipationLocal;AcceptanceAccepted"
555,"2026-05-08 07:50:00",29137.25,29156.25,29125,29147.25,4990,"HHHL","Black","Down",0.25,0.52,31.25,"Down",0.2,10,"Down",0.45,0.712,0.416,False,False,True,False,"Falling","Absent","Absent","Local","Accepted","Minor","BreaksPriorHigh;DissipationLocal;AcceptanceAccepted"
556,"2026-05-08 07:55:00",29146.75,29159.5,29132.75,29157.25,4168,"HHHL","Black","Down",0.2,0.44,26.75,"Down",0.15,10.5,"Up",0.5,0.915888,0.878505,False,False,True,False,"Falling","Absent","Clustered","Local","Accepted","Minor","BreaksPriorHigh;DissipationLocal;AcceptanceAccepted;CompressionClustered"
557,"2026-05-08 08:00:00",29157.5,29175.25,29152,29162,5028,"HHHL","Black","Up",0.25,0.54,23.25,"Down",0.1,4.5,"Down",0.15,0.430108,0.322581,False,False,True,False,"Rising","Absent","Absent","Local","Accepted","Minor","BreaksPriorHigh;DissipationLocal;AcceptanceAccepted"
558,"2026-05-08 08:05:00",29162.25,29184,29158.75,29168.25,4296,"HHHL","Black","Down",0.15,0.44,25.25,"Up",0.15,6,"Up",0.3,0.376238,0.653465,True,False,True,False,"Falling","Local","Local","Local","Contained","Minor","BreaksPriorHigh;CloseInsidePriorRange;DissipationLocal;AcceptanceContained;CompressionLocal"
559,"2026-05-08 08:10:00",29168.75,29187.5,29159.75,29161.25,4873,"HHHL","Red","Up",0.15,0.48,27.75,"Up",0.2,7.5,"Up",0.4,0.054054,0.873874,True,False,True,False,"Rising","Local","Local","Absent","Contained","Minor","BreaksPriorHigh;CloseInsidePriorRange;AcceptanceContained;CompressionLocal"
560,"2026-05-08 08:15:00",29161.25,29179.5,29147,29155.5,4496,"LLLH","Red","Down",0.15,0.44,32.5,"Up",0.35,5.75,"Down",0.2,0.261538,0.607692,False,False,False,True,"Falling","Local","Absent","Local","Accepted","Minor","BreaksPriorLow;DissipationLocal;AcceptanceAccepted"
561,"2026-05-08 08:20:00",29154.75,29158,29124.75,29146.25,5431,"LLLH","Red","Up",0.4,0.56,33.25,"Up",0.45,8.5,"Up",0.5,0.646617,0.330827,False,False,False,True,"Rising","Local","Absent","Absent","Accepted","Minor","BreaksPriorLow;AcceptanceAccepted"
562,"2026-05-08 08:25:00",29146.75,29184.5,29141.25,29166.75,4986,"HHHL","Black","Down",0.25,0.5,43.25,"Up",0.65,20,"Up",0.75,0.589595,0.387283,False,False,True,False,"Falling","Local","Absent","Local","Accepted","Moderate","BreaksPriorHigh;DissipationLocal;AcceptanceAccepted"
563,"2026-05-08 08:30:00",29166.5,29185,29163.5,29183.75,3267,"HHHL","Black","Down",0.05,0.26,21.5,"Down",0.05,17.25,"Down",0.75,0.94186,0.976744,True,False,True,False,"Falling","Absent","Clustered","Local","Contained","Minor","BreaksPriorHigh;CloseInsidePriorRange;DissipationLocal;AcceptanceContained;CompressionClustered"
564,"2026-05-08 08:35:00",29183.75,29189,29153.25,29186.5,5507,"OutsideBar","Black","Up",0.55,0.62,35.75,"Up",0.55,2.75,"Down",0.1,0.93007,0.601399,False,False,True,True,"Rising","Local","Absent","Absent","Accepted","Minor","BreaksPriorHigh;BreaksPriorLow;AcceptanceAccepted"
565,"2026-05-08 08:40:00",29186.75,29216.5,29184.75,29204.5,6190,"HHHL","Black","Up",0.7,0.7,31.75,"Down",0.4,17.75,"Up",0.8,0.622047,0.133858,False,False,True,False,"Rising","Absent","Absent","Local","Accepted","Moderate","BreaksPriorHigh;DissipationLocal;AcceptanceAccepted"
566,"2026-05-08 08:45:00",29203.75,29210.5,29169.25,29183.75,6545,"LLLH","Red","Up",0.75,0.7,41.25,"Up",0.75,20,"Up",0.85,0.351515,0.624242,False,False,False,True,"Rising","Local","Absent","Absent","Accepted","Moderate","BreaksPriorLow;AcceptanceAccepted"
567,"2026-05-08 08:50:00",29185,29217.75,29176.5,29205.5,6106,"HHHL","Black","Down",0.7,0.66,41.25,"Flat",0.75,20.5,"Up",0.85,0.70303,0.824242,True,False,True,False,"Falling","Absent","Clustered","Local","Contained","Moderate","BreaksPriorHigh;CloseInsidePriorRange;DissipationLocal;AcceptanceContained;CompressionClustered"
568,"2026-05-08 08:55:00",29205.75,29209,29184.75,29204.5,4110,"InsideBar","Red","Down",0.1,0.34,24.25,"Down",0.15,1.25,"Down",0.1,0.814433,1,True,True,False,False,"Falling","Absent","Clustered","Absent","Unresolved","Minor","CloseInsidePriorRange;CloseInsidePriorBody;CompressionClustered"
569,"2026-05-08 09:00:00",29204.75,29209.5,29186.25,29191.5,3615,"HHHL","Red","Down",0.1,0.32,23.25,"Down",0.15,13.25,"Up",0.6,0.225806,0.978495,True,False,True,False,"Falling","Absent","Clustered","Local","Contained","Minor","BreaksPriorHigh;CloseInsidePriorRange;DissipationLocal;AcceptanceContained;CompressionClustered"
570,"2026-05-08 09:05:00",29191,29211,29190.25,29198,4324,"HHHL","Black","Up",0.3,0.42,20.75,"Down",0.05,7,"Down",0.35,0.373494,0.927711,True,True,True,False,"Rising","Absent","Clustered","Local","Contained","Minor","BreaksPriorHigh;CloseInsidePriorRange;CloseInsidePriorBody;DissipationLocal;AcceptanceContained;CompressionClustered"
571,"2026-05-08 09:10:00",29198.5,29210.5,29190.75,29200,2936,"InsideBar","Black","Down",0.05,0.24,19.75,"Down",0.05,1.5,"Down",0.15,0.468354,1,True,False,False,False,"Falling","Absent","Clustered","Absent","Unresolved","Minor","CloseInsidePriorRange;CompressionClustered"
572,"2026-05-08 09:15:00",29200.25,29227,29194.25,29219,3588,"HHHL","Black","Up",0.15,0.32,32.75,"Up",0.65,18.75,"Up",0.8,0.755725,0.496183,False,False,True,False,"Rising","Local","Absent","Absent","Accepted","Moderate","BreaksPriorHigh;AcceptanceAccepted"
573,"2026-05-08 09:20:00",29218.5,29223.75,29210,29210.75,2583,"InsideBar","Red","Down",0.05,0.22,13.75,"Down",0.05,7.75,"Down",0.45,0.054545,1,True,True,False,False,"Falling","Absent","Clustered","Absent","Unresolved","Minor","CloseInsidePriorRange;CloseInsidePriorBody;CompressionClustered"
574,"2026-05-08 09:25:00",29210.75,29229.25,29210,29225,2483,"OutsideBar","Black","Down",0.05,0.22,19.25,"Up",0.1,14.25,"Up",0.7,0.779221,0.714286,False,False,True,False,"Falling","Local","Absent","Local","Accepted","Minor","BreaksPriorHigh;DissipationLocal;AcceptanceAccepted"
575,"2026-05-08 09:30:00",29224.75,29244.75,29223.5,29241.75,3897,"HHHL","Black","Up",0.35,0.36,21.25,"Up",0.25,17,"Up",0.7,0.858824,0.270588,False,False,True,False,"Rising","Local","Absent","Absent","Accepted","Minor","BreaksPriorHigh;AcceptanceAccepted"
576,"2026-05-08 09:35:00",29241.5,29243.5,29231.25,29235,2817,"InsideBar","Red","Down",0.15,0.28,12.25,"Down",0.05,6.5,"Down",0.35,0.306122,1,True,True,False,False,"Falling","Absent","Clustered","Absent","Unresolved","Minor","CloseInsidePriorRange;CloseInsidePriorBody;CompressionClustered"
577,"2026-05-08 09:40:00",29235.25,29237.25,29213.75,29235.75,3726,"LLLH","Black","Up",0.4,0.38,23.5,"Up",0.45,0.5,"Down",0.05,0.93617,0.255319,True,True,False,True,"Rising","Local","Local","Absent","Contained","Minor","BreaksPriorLow;CloseInsidePriorRange;CloseInsidePriorBody;AcceptanceContained;CompressionLocal"
578,"2026-05-08 09:45:00",29235.5,29237.5,29195.5,29198,4420,"OutsideBar","Red","Up",0.6,0.5,42,"Up",0.95,37.5,"Up",1,0.059524,0.559524,False,False,True,True,"Rising","Climactic","Absent","Absent","Accepted","Structural","RangePeak20;RangeClimactic20;BreaksPriorHigh;BreaksPriorLow;AcceptanceAccepted"
579,"2026-05-08 09:50:00",29197.75,29239.5,29196.75,29239.5,4126,"HHHL","Black","Down",0.55,0.42,42.75,"Up",0.95,41.75,"Up",1,1,0.953216,False,False,True,False,"Falling","Climactic","Absent","Local","Accepted","Structural","RangePeak20;RangeClimactic20;BreaksPriorHigh;DissipationLocal;AcceptanceAccepted"
580,"2026-05-08 09:55:00",29239.25,29247.75,29222.75,29237.5,4360,"HHHL","Red","Up",0.65,0.48,25,"Down",0.55,1.75,"Down",0.2,0.59,0.67,True,True,True,False,"Rising","Absent","Local","Local","Contained","Moderate","BreaksPriorHigh;CloseInsidePriorRange;CloseInsidePriorBody;DissipationLocal;AcceptanceContained;CompressionLocal"
581,"2026-05-08 10:00:00",29237.5,29247.25,29235,29241,2763,"InsideBar","Black","Down",0.15,0.22,12.25,"Down",0.1,3.5,"Up",0.3,0.489796,1,True,False,False,False,"Falling","Absent","Clustered","Absent","Unresolved","Minor","CloseInsidePriorRange;CompressionClustered"
582,"2026-05-08 10:05:00",29241.25,29289.5,29235,29287,6383,"OutsideBar","Black","Up",0.95,0.74,54.5,"Up",1,45.75,"Up",1,0.954128,0.224771,False,False,True,False,"Peak","Climactic","Absent","Absent","Accepted","Structural","VolumePeak20;RangePeak20;RangeClimactic20;BreaksPriorHigh;AcceptanceAccepted"
583,"2026-05-08 10:10:00",29286.75,29296.25,29265,29292.75,5343,"HHHL","Black","Down",0.75,0.6,31.25,"Down",0.6,6,"Down",0.35,0.888,0.784,False,False,True,False,"Falling","Absent","Absent","Local","Accepted","Moderate","BreaksPriorHigh;DissipationLocal;AcceptanceAccepted"
584,"2026-05-08 10:15:00",29293.5,29295.75,29279.75,29284,2611,"InsideBar","Red","Down",0.15,0.14,16,"Down",0.2,9.5,"Up",0.5,0.265625,1,True,False,False,False,"Falling","Absent","Clustered","Absent","Unresolved","Minor","CloseInsidePriorRange;CompressionClustered"
585,"2026-05-08 10:20:00",29283.75,29296.75,29282.25,29291.25,2688,"HHHL","Black","Up",0.2,0.16,14.5,"Down",0.2,7.5,"Down",0.45,0.62069,0.931034,True,True,True,False,"Rising","Absent","Clustered","Local","Contained","Minor","BreaksPriorHigh;CloseInsidePriorRange;CloseInsidePriorBody;DissipationLocal;AcceptanceContained;CompressionClustered"
586,"2026-05-08 10:25:00",29290.5,29310.5,29284.25,29305.5,4252,"HHHL","Black","Up",0.7,0.38,26.25,"Up",0.7,15,"Up",0.7,0.809524,0.47619,False,False,True,False,"Rising","Local","Absent","Absent","Accepted","Moderate","BreaksPriorHigh;AcceptanceAccepted"
587,"2026-05-08 10:30:00",29305.75,29316.75,29296.75,29305.75,4377,"HHHL","Neutral","Up",0.85,0.44,20,"Down",0.4,0,"Down",0.05,0.45,0.6875,True,False,True,False,"Peak","Absent","Local","Local","Contained","Major","VolumePeak20;HighVolumeLowRange;BreaksPriorHigh;CloseInsidePriorRange;DissipationLocal;AcceptanceContained;CompressionLocal"
588,"2026-05-08 10:35:00",29305.5,29312,29295,29306,3276,"LLLH","Black","Down",0.4,0.2,17,"Down",0.3,0.5,"Up",0.15,0.647059,0.897059,True,False,False,True,"Falling","Absent","Clustered","Local","Contained","Minor","BreaksPriorLow;CloseInsidePriorRange;DissipationLocal;AcceptanceContained;CompressionClustered"
589,"2026-05-08 10:40:00",29306.25,29317.5,29291.5,29295.25,3283,"OutsideBar","Red","Up",0.45,0.2,26,"Up",0.7,11,"Up",0.65,0.144231,0.653846,True,False,True,True,"Rising","Local","Local","Absent","Contained","Moderate","BreaksPriorHigh;BreaksPriorLow;CloseInsidePriorRange;AcceptanceContained;CompressionLocal"
590,"2026-05-08 10:45:00",29294.5,29298,29276.5,29279.5,4038,"LLLH","Red","Up",0.65,0.3,21.5,"Down",0.55,15,"Up",0.75,0.139535,0.302326,False,False,False,True,"Rising","Absent","Absent","Local","Accepted","Moderate","BreaksPriorLow;DissipationLocal;AcceptanceAccepted"
591,"2026-05-08 10:50:00",29279.75,29298,29269,29271.25,4591,"OutsideBar","Red","Up",0.9,0.52,29,"Up",0.75,8.5,"Down",0.5,0.077586,0.741379,False,False,False,True,"Peak","Local","Absent","Absent","Accepted","Major","VolumePeak20;BreaksPriorLow;AcceptanceAccepted"
592,"2026-05-08 10:55:00",29271.5,29278.5,29254.75,29277.5,4683,"LLLH","Black","Up",0.9,0.54,23.75,"Down",0.6,6,"Down",0.35,0.957895,0.4,True,True,False,True,"Peak","Absent","Local","Local","Contained","Major","VolumePeak20;BreaksPriorLow;CloseInsidePriorRange;CloseInsidePriorBody;DissipationLocal;AcceptanceContained;CompressionLocal"
593,"2026-05-08 11:00:00",29278,29287,29263.5,29264.25,2933,"HHHL","Red","Down",0.3,0.14,23.5,"Down",0.55,13.75,"Up",0.65,0.031915,0.638298,True,False,True,False,"Falling","Absent","Local","Local","Contained","Minor","BreaksPriorHigh;CloseInsidePriorRange;DissipationLocal;AcceptanceContained;CompressionLocal"
594,"2026-05-08 11:05:00",29264.25,29305.5,29259.5,29282,7133,"OutsideBar","Black","Up",1,0.9,46,"Up",0.95,17.75,"Up",0.85,0.48913,0.51087,True,False,True,True,"Peak","Climactic","Local","Absent","Contained","Structural","VolumePeak20;RangePeak20;RangeClimactic20;BreaksPriorHigh;BreaksPriorLow;CloseInsidePriorRange;AcceptanceContained;CompressionLocal"
595,"2026-05-08 11:10:00",29282.25,29294.5,29270,29273.25,2674,"InsideBar","Red","Down",0.1,0.08,24.5,"Down",0.55,9,"Down",0.55,0.132653,1,True,True,False,False,"Falling","Absent","Clustered","Absent","Unresolved","Minor","CloseInsidePriorRange;CloseInsidePriorBody;CompressionClustered"
596,"2026-05-08 11:15:00",29273.5,29290.25,29264.5,29288.75,2777,"LLLH","Black","Up",0.25,0.14,25.75,"Up",0.6,15.25,"Up",0.8,0.941748,0.786408,True,False,False,True,"Rising","Local","Local","Absent","Contained","Moderate","BreaksPriorLow;CloseInsidePriorRange;AcceptanceContained;CompressionLocal"
597,"2026-05-08 11:20:00",29288.5,29294.75,29270.25,29271.75,2271,"HHHL","Red","Down",0.05,0.02,24.5,"Down",0.5,16.75,"Up",0.8,0.061224,0.816327,True,False,True,False,"Falling","Absent","Clustered","Local","Contained","Minor","BreaksPriorHigh;CloseInsidePriorRange;DissipationLocal;AcceptanceContained;CompressionClustered"
598,"2026-05-08 11:25:00",29271.75,29289,29270.5,29289,1527,"InsideBar","Black","Down",0.05,0.02,18.5,"Down",0.25,17.25,"Up",0.85,1,1,True,False,False,False,"Falling","Absent","Clustered","Absent","Unresolved","Minor","CloseInsidePriorRange;CompressionClustered"
599,"2026-05-08 11:30:00",29288.75,29291.5,29281.25,29286.75,1543,"HHHL","Red","Up",0.1,0.04,10.25,"Down",0.05,2,"Down",0.2,0.536585,0.756098,True,True,True,False,"Rising","Absent","Local","Local","Contained","Minor","BreaksPriorHigh;CloseInsidePriorRange;CloseInsidePriorBody;DissipationLocal;AcceptanceContained;CompressionLocal"
600,"2026-05-08 11:35:00",29286.25,29292.75,29283,29285.5,1632,"HHHL","Red","Up",0.15,0.06,9.75,"Down",0.05,0.75,"Down",0.15,0.25641,0.871795,True,False,True,False,"Rising","Absent","Clustered","Local","Contained","Minor","BreaksPriorHigh;CloseInsidePriorRange;DissipationLocal;AcceptanceContained;CompressionClustered"
601,"2026-05-08 11:40:00",29285.25,29289.75,29275.25,29278,1482,"LLLH","Red","Down",0.05,0.02,14.5,"Up",0.2,7.25,"Up",0.35,0.189655,0.465517,False,False,False,True,"Falling","Local","Absent","Local","Accepted","Minor","BreaksPriorLow;DissipationLocal;AcceptanceAccepted"
602,"2026-05-08 11:45:00",29277,29288.5,29267.75,29273.75,2216,"LLLH","Red","Up",0.25,0.1,20.75,"Up",0.45,3.25,"Down",0.25,0.289157,0.638554,False,False,False,True,"Rising","Local","Absent","Absent","Accepted","Minor","BreaksPriorLow;AcceptanceAccepted"
603,"2026-05-08 11:50:00",29274.75,29274.75,29260.5,29268.25,2670,"LLLH","Red","Up",0.4,0.2,14.25,"Down",0.15,6.5,"Up",0.35,0.54386,0.491228,True,False,False,True,"Rising","Absent","Local","Local","Contained","Minor","BreaksPriorLow;CloseInsidePriorRange;DissipationLocal;AcceptanceContained;CompressionLocal"
604,"2026-05-08 11:55:00",29268.75,29280.75,29257,29263.75,2951,"OutsideBar","Red","Up",0.6,0.36,23.75,"Up",0.65,5,"Down",0.3,0.284211,0.6,True,False,True,True,"Rising","Local","Local","Absent","Contained","Moderate","BreaksPriorHigh;BreaksPriorLow;CloseInsidePriorRange;AcceptanceContained;CompressionLocal"
605,"2026-05-08 12:00:00",29264.75,29265.25,29237.75,29240.5,5335,"LLLH","Red","Up",0.95,0.84,27.5,"Up",0.9,24.25,"Up",1,0.1,0.3,False,False,False,True,"Peak","Strong","Absent","Absent","Accepted","Structural","VolumePeak20;RangePeak20;BreaksPriorLow;AcceptanceAccepted"
606,"2026-05-08 12:05:00",29240.5,29268.75,29238.5,29265.5,2970,"HHHL","Black","Down",0.6,0.38,30.25,"Up",0.95,25,"Up",1,0.892562,0.884298,False,False,True,False,"Falling","Climactic","Absent","Local","Accepted","Structural","RangePeak20;RangeClimactic20;BreaksPriorHigh;DissipationLocal;AcceptanceAccepted"
607,"2026-05-08 12:10:00",29265.25,29303.25,29260.75,29294.75,3817,"HHHL","Black","Up",0.75,0.52,42.5,"Up",0.95,29.5,"Up",1,0.8,0.188235,False,False,True,False,"Rising","Climactic","Absent","Absent","Accepted","Structural","RangePeak20;RangeClimactic20;BreaksPriorHigh;AcceptanceAccepted"
608,"2026-05-08 12:15:00",29294,29304,29289.5,29294.25,2746,"HHHL","Black","Down",0.45,0.26,14.5,"Down",0.25,0.25,"Down",0.05,0.327586,0.948276,True,True,True,False,"Falling","Absent","Clustered","Local","Contained","Minor","BreaksPriorHigh;CloseInsidePriorRange;CloseInsidePriorBody;DissipationLocal;AcceptanceContained;CompressionClustered"
609,"2026-05-08 12:20:00",29294.5,29306,29291.25,29302.25,2353,"HHHL","Black","Down",0.35,0.14,14.75,"Up",0.3,7.75,"Up",0.45,0.745763,0.864407,True,False,True,False,"Falling","Local","Local","Local","Contained","Minor","BreaksPriorHigh;CloseInsidePriorRange;DissipationLocal;AcceptanceContained;CompressionLocal"
610,"2026-05-08 12:25:00",29302.25,29305.25,29280.75,29285.75,4132,"LLLH","Red","Up",0.8,0.66,24.5,"Up",0.7,16.5,"Up",0.7,0.204082,0.571429,False,False,False,True,"Peak","Local","Absent","Absent","Accepted","Major","VolumePeak20;BreaksPriorLow;AcceptanceAccepted"
611,"2026-05-08 12:30:00",29285.5,29291.75,29261,29262,2999,"LLLH","Red","Down",0.75,0.44,30.75,"Up",0.9,23.5,"Up",0.85,0.03252,0.357724,False,False,False,True,"Falling","Strong","Absent","Local","Accepted","Structural","RangePeak20;BreaksPriorLow;DissipationLocal;AcceptanceAccepted"
612,"2026-05-08 12:35:00",29262,29283.25,29256.25,29276.5,3694,"LLLH","Black","Up",0.8,0.56,27,"Down",0.75,14.5,"Down",0.55,0.75,0.824074,True,True,False,True,"Peak","Absent","Clustered","Local","Contained","Major","VolumePeak20;BreaksPriorLow;CloseInsidePriorRange;CloseInsidePriorBody;DissipationLocal;AcceptanceContained;CompressionClustered"
613,"2026-05-08 12:40:00",29276.75,29292.5,29270.75,29290.25,2630,"HHHL","Black","Down",0.4,0.22,21.75,"Down",0.45,13.5,"Down",0.5,0.896552,0.574713,False,False,True,False,"Falling","Absent","Absent","Local","Accepted","Minor","BreaksPriorHigh;DissipationLocal;AcceptanceAccepted"
614,"2026-05-08 12:45:00",29290.75,29303.75,29288.75,29300.5,4016,"HHHL","Black","Up",0.9,0.64,15,"Down",0.35,9.75,"Down",0.5,0.783333,0.25,False,False,True,False,"Peak","Absent","Absent","Local","Accepted","Major","VolumePeak20;HighVolumeLowRange;BreaksPriorHigh;DissipationLocal;AcceptanceAccepted"
615,"2026-05-08 12:50:00",29300.75,29313.75,29294.75,29305.5,3794,"HHHL","Black","Down",0.8,0.6,19,"Up",0.45,4.75,"Down",0.25,0.565789,0.473684,False,False,True,False,"Peak","Local","Absent","Local","Accepted","Major","VolumePeak20;BreaksPriorHigh;DissipationLocal;AcceptanceAccepted"
616,"2026-05-08 12:55:00",29305,29331.25,29298.5,29327.5,8763,"HHHL","Black","Up",1,1,32.75,"Up",0.95,22.5,"Up",0.8,0.885496,0.465649,False,False,True,False,"Climactic","Climactic","Absent","Absent","Accepted","SessionDefining","VolumePeak20;VolumeClimactic50;RangePeak20;RangeClimactic20;BreaksPriorHigh;AcceptanceAccepted"
617,"2026-05-08 13:00:00",29327.5,29341,29314.25,29339.75,21306,"HHHL","Black","Up",1,1,26.75,"Down",0.7,12.25,"Down",0.55,0.953271,0.635514,False,False,True,False,"Climactic","Absent","Absent","Local","Accepted","Structural","VolumePeak20;VolumeClimactic50;BreaksPriorHigh;DissipationLocal;AcceptanceAccepted"
618,"2026-05-08 13:05:00",29339.75,29386.75,29333.25,29356,11210,"HHHL","Black","Down",0.95,0.98,53.5,"Up",1,16.25,"Up",0.7,0.425234,0.14486,False,False,True,False,"Climactic","Climactic","Absent","Local","Accepted","SessionDefining","VolumePeak20;VolumeClimactic50;RangePeak20;RangeClimactic20;BreaksPriorHigh;DissipationLocal;AcceptanceAccepted"
619,"2026-05-08 13:10:00",29356.5,29361,29350.5,29351.75,2293,"InsideBar","Red","Down",0.2,0.14,10.5,"Down",0.1,4.75,"Down",0.25,0.119048,1,True,True,False,False,"Falling","Absent","Clustered","Absent","Unresolved","Minor","CloseInsidePriorRange;CloseInsidePriorBody;CompressionClustered"
620,"2026-05-08 13:15:00",29351.25,29352,29341,29343.75,2342,"LLLH","Red","Up",0.2,0.16,11,"Up",0.1,7.5,"Up",0.4,0.25,0.136364,False,False,False,True,"Rising","Local","Absent","Absent","Accepted","Minor","BreaksPriorLow;AcceptanceAccepted"
621,"2026-05-08 13:20:00",29343.75,29352.5,29333.25,29335.25,1532,"OutsideBar","Red","Down",0.05,0.06,19.25,"Up",0.4,8.5,"Up",0.45,0.103896,0.571429,False,False,True,True,"Falling","Local","Absent","Local","Accepted","Minor","BreaksPriorHigh;BreaksPriorLow;DissipationLocal;AcceptanceAccepted"
622,"2026-05-08 13:25:00",29335,29348.75,29331.5,29343.75,1084,"LLLH","Black","Down",0.05,0.02,17.25,"Down",0.35,8.75,"Up",0.45,0.710145,0.898551,True,True,False,True,"Falling","Absent","Clustered","Local","Contained","Minor","BreaksPriorLow;CloseInsidePriorRange;CloseInsidePriorBody;DissipationLocal;AcceptanceContained;CompressionClustered"
623,"2026-05-08 13:30:00",29343,29346,29336.25,29343.75,875,"InsideBar","Black","Down",0.05,0.02,9.75,"Down",0.05,0.75,"Down",0.1,0.769231,1,True,True,False,False,"Falling","Absent","Clustered","Absent","Unresolved","Minor","CloseInsidePriorRange;CloseInsidePriorBody;CompressionClustered"
624,"2026-05-08 13:35:00",29343.5,29346,29335.75,29342.75,813,"OutsideBar","Red","Down",0.05,0.02,10.25,"Up",0.1,0.75,"Flat",0.15,0.682927,0.95122,True,False,False,True,"Falling","Local","Local","Local","Contained","Minor","BreaksPriorLow;CloseInsidePriorRange;DissipationLocal;AcceptanceContained;CompressionLocal"
625,"2026-05-08 13:40:00",29342.25,29346.75,29339.75,29342,644,"HHHL","Red","Down",0.05,0.02,7,"Down",0.05,0.25,"Down",0.1,0.321429,0.892857,True,False,True,False,"Falling","Absent","Clustered","Local","Contained","Minor","BreaksPriorHigh;CloseInsidePriorRange;DissipationLocal;AcceptanceContained;CompressionClustered"
626,"2026-05-08 13:45:00",29341.5,29344.5,29339.25,29341,640,"LLLH","Red","Down",0.05,0.02,5.25,"Down",0.05,0.5,"Up",0.15,0.333333,0.904762,True,False,False,True,"Falling","Absent","Clustered","Local","Contained","Minor","BreaksPriorLow;CloseInsidePriorRange;DissipationLocal;AcceptanceContained;CompressionClustered"
627,"2026-05-08 13:50:00",29340.25,29348.75,29339.75,29343.25,727,"HHHL","Black","Up",0.15,0.06,9,"Up",0.15,3,"Up",0.3,0.388889,0.527778,True,False,True,False,"Rising","Local","Local","Absent","Contained","Minor","BreaksPriorHigh;CloseInsidePriorRange;AcceptanceContained;CompressionLocal"
628,"2026-05-08 13:55:00",29343.25,29344.5,29336.5,29338,786,"LLLH","Red","Up",0.2,0.08,8,"Down",0.15,5.25,"Up",0.4,0.1875,0.59375,False,False,False,True,"Rising","Absent","Absent","Local","Accepted","Minor","BreaksPriorLow;DissipationLocal;AcceptanceAccepted"
629,"2026-05-08 14:00:00",29337.75,29337.75,29330.25,29333.75,919,"LLLH","Red","Up",0.35,0.14,7.5,"Down",0.15,4,"Down",0.3,0.466667,0.166667,False,False,False,True,"Rising","Absent","Absent","Local","Accepted","Minor","BreaksPriorLow;DissipationLocal;AcceptanceAccepted"
630,"2026-05-11 06:35:00",29305.25,29434.75,29281.5,29426.75,20334,"OutsideBar","Black","Up",0.95,0.98,153.25,"Up",1,121.5,"Up",1,0.947798,0.04894,False,False,True,True,"Climactic","Climactic","Absent","Absent","Accepted","SessionDefining","VolumePeak20;VolumeClimactic50;RangePeak20;RangeClimactic20;BreaksPriorHigh;BreaksPriorLow;AcceptanceAccepted"
631,"2026-05-11 06:40:00",29426,29427,29332.25,29373,14098,"InsideBar","Red","Down",0.9,0.96,94.75,"Down",0.95,53,"Down",0.95,0.430079,1,True,True,False,False,"Climactic","Climactic","Clustered","Absent","Unresolved","SessionDefining","VolumePeak20;VolumeClimactic50;RangePeak20;RangeClimactic20;CloseInsidePriorRange;CloseInsidePriorBody;CompressionClustered"
632,"2026-05-11 06:45:00",29373,29403.75,29352,29399.25,8458,"InsideBar","Black","Down",0.75,0.9,51.75,"Down",0.85,26.25,"Down",0.9,0.913043,1,True,True,False,False,"Falling","Strong","Clustered","Absent","Unresolved","Structural","RangePeak20;CloseInsidePriorRange;CloseInsidePriorBody;CompressionClustered"
633,"2026-05-11 06:50:00",29399.75,29414,29360.5,29365.25,9876,"HHHL","Red","Up",0.8,0.92,53.5,"Up",0.9,34.5,"Up",0.9,0.088785,0.808411,True,False,True,False,"Peak","Strong","Local","Absent","Contained","Structural","VolumePeak20;RangePeak20;BreaksPriorHigh;CloseInsidePriorRange;AcceptanceContained;CompressionLocal"
634,"2026-05-11 06:55:00",29365,29383.25,29322,29330.75,8794,"LLLH","Red","Down",0.75,0.9,61.25,"Up",0.9,34.25,"Down",0.85,0.142857,0.371429,False,False,False,True,"Falling","Strong","Absent","Local","Accepted","Structural","RangePeak20;BreaksPriorLow;DissipationLocal;AcceptanceAccepted"
635,"2026-05-11 07:00:00",29329.75,29343.75,29300.75,29310.25,7681,"LLLH","Red","Down",0.6,0.84,43,"Down",0.7,19.5,"Down",0.7,0.22093,0.505814,False,False,False,True,"Falling","Absent","Absent","Local","Accepted","Moderate","BreaksPriorLow;DissipationLocal;AcceptanceAccepted"
636,"2026-05-11 07:05:00",29311.25,29364,29307.75,29346,8062,"HHHL","Black","Up",0.65,0.84,56.25,"Up",0.85,34.75,"Up",0.9,0.68,0.64,False,False,True,False,"Rising","Strong","Absent","Absent","Accepted","Major","RangePeak20;BreaksPriorHigh;AcceptanceAccepted"
637,"2026-05-11 07:10:00",29345.75,29389.5,29345,29375.25,6113,"HHHL","Black","Down",0.6,0.78,44.5,"Down",0.65,29.5,"Down",0.75,0.679775,0.426966,False,False,True,False,"Falling","Absent","Absent","Local","Accepted","Moderate","BreaksPriorHigh;DissipationLocal;AcceptanceAccepted"
638,"2026-05-11 07:15:00",29376,29405,29351.25,29400.5,5613,"HHHL","Black","Down",0.6,0.76,53.75,"Up",0.8,24.5,"Down",0.65,0.916279,0.711628,False,False,True,False,"Falling","Strong","Absent","Local","Accepted","Major","RangePeak20;BreaksPriorHigh;DissipationLocal;AcceptanceAccepted"
639,"2026-05-11 07:20:00",29400.5,29417.75,29382.75,29407.75,5698,"HHHL","Black","Up",0.6,0.76,35,"Down",0.55,7.25,"Down",0.4,0.714286,0.635714,False,False,True,False,"Rising","Absent","Absent","Local","Accepted","Moderate","BreaksPriorHigh;DissipationLocal;AcceptanceAccepted"
640,"2026-05-11 07:25:00",29408,29410.5,29384.5,29388.25,4113,"InsideBar","Red","Down",0.5,0.64,26,"Down",0.5,19.75,"Up",0.6,0.144231,1,True,False,False,False,"Falling","Absent","Clustered","Absent","Unresolved","Minor","CloseInsidePriorRange;CompressionClustered"
641,"2026-05-11 07:30:00",29388.25,29395.25,29274.5,29285,9882,"LLLH","Red","Up",0.9,0.92,120.75,"Up",0.95,103.25,"Up",0.95,0.086957,0.089027,False,False,False,True,"Peak","Climactic","Absent","Absent","Accepted","Structural","VolumePeak20;RangePeak20;RangeClimactic20;BreaksPriorLow;AcceptanceAccepted"
642,"2026-05-11 07:35:00",29286.25,29319,29246.75,29315.25,12173,"LLLH","Black","Up",0.9,0.94,72.25,"Down",0.85,29,"Down",0.65,0.948097,0.615917,True,True,False,True,"Peak","Strong","Local","Local","Contained","Structural","VolumePeak20;RangePeak20;BreaksPriorLow;CloseInsidePriorRange;CloseInsidePriorBody;DissipationLocal;AcceptanceContained;CompressionLocal"
643,"2026-05-11 07:40:00",29315,29360,29302.5,29356,7765,"HHHL","Black","Down",0.6,0.78,57.5,"Down",0.75,41,"Up",0.85,0.930435,0.286957,False,False,True,False,"Falling","Absent","Absent","Local","Accepted","Moderate","BreaksPriorHigh;DissipationLocal;AcceptanceAccepted"
644,"2026-05-11 07:45:00",29356.75,29374,29345.25,29365,5060,"HHHL","Black","Down",0.35,0.66,28.75,"Down",0.35,8.25,"Down",0.35,0.686957,0.513043,False,False,True,False,"Falling","Absent","Absent","Local","Accepted","Minor","BreaksPriorHigh;DissipationLocal;AcceptanceAccepted"
645,"2026-05-11 07:50:00",29365.5,29385,29357.25,29380.75,5365,"HHHL","Black","Up",0.35,0.68,27.75,"Down",0.3,15.25,"Up",0.35,0.846847,0.603604,False,False,True,False,"Rising","Absent","Absent","Local","Accepted","Minor","BreaksPriorHigh;DissipationLocal;AcceptanceAccepted"
646,"2026-05-11 07:55:00",29380.5,29411,29369.5,29409.75,5432,"HHHL","Black","Up",0.35,0.68,41.5,"Up",0.4,29.25,"Up",0.6,0.96988,0.373494,False,False,True,False,"Rising","Local","Absent","Absent","Accepted","Minor","BreaksPriorHigh;AcceptanceAccepted"
647,"2026-05-11 08:00:00",29410,29412.25,29381.75,29391.5,4643,"HHHL","Red","Down",0.2,0.6,30.5,"Down",0.3,18.5,"Down",0.3,0.319672,0.959016,True,True,True,False,"Falling","Absent","Clustered","Local","Contained","Minor","BreaksPriorHigh;CloseInsidePriorRange;CloseInsidePriorBody;DissipationLocal;AcceptanceContained;CompressionClustered"
648,"2026-05-11 08:05:00",29390.75,29403.5,29375.25,29395.75,3920,"LLLH","Black","Down",0.1,0.52,28.25,"Down",0.2,5,"Down",0.1,0.725664,0.769912,True,True,False,True,"Falling","Absent","Local","Local","Contained","Minor","BreaksPriorLow;CloseInsidePriorRange;CloseInsidePriorBody;DissipationLocal;AcceptanceContained;CompressionLocal"
649,"2026-05-11 08:10:00",29394.75,29408.25,29380.75,29407.25,3010,"HHHL","Black","Down",0.05,0.44,27.5,"Down",0.1,12.5,"Up",0.2,0.963636,0.827273,False,False,True,False,"Falling","Absent","Clustered","Local","Accepted","Minor","BreaksPriorHigh;DissipationLocal;AcceptanceAccepted;CompressionClustered"
650,"2026-05-11 08:15:00",29407.5,29408.5,29362.25,29369,4201,"OutsideBar","Red","Up",0.2,0.58,46.25,"Up",0.55,38.5,"Up",0.85,0.145946,0.594595,False,False,True,True,"Rising","Local","Absent","Absent","Accepted","Minor","BreaksPriorHigh;BreaksPriorLow;AcceptanceAccepted"
651,"2026-05-11 08:20:00",29370.25,29395,29359.75,29381.5,4374,"LLLH","Black","Up",0.25,0.58,35.25,"Down",0.4,11.25,"Down",0.2,0.617021,0.929078,True,True,False,True,"Rising","Absent","Clustered","Local","Contained","Minor","BreaksPriorLow;CloseInsidePriorRange;CloseInsidePriorBody;DissipationLocal;AcceptanceContained;CompressionClustered"
652,"2026-05-11 08:25:00",29381.5,29407,29371.75,29406.25,3196,"HHHL","Black","Down",0.1,0.4,35.25,"Flat",0.45,24.75,"Up",0.55,0.978723,0.659574,False,False,True,False,"Falling","Absent","Absent","Local","Accepted","Minor","BreaksPriorHigh;DissipationLocal;AcceptanceAccepted"
653,"2026-05-11 08:30:00",29406.5,29429.5,29403,29427,4391,"HHHL","Black","Up",0.35,0.58,26.5,"Down",0.1,20.5,"Down",0.5,0.90566,0.150943,False,False,True,False,"Rising","Absent","Absent","Local","Accepted","Minor","BreaksPriorHigh;DissipationLocal;AcceptanceAccepted"
654,"2026-05-11 08:35:00",29427,29443.5,29409.75,29420.5,5691,"HHHL","Red","Up",0.65,0.7,33.75,"Up",0.4,6.5,"Down",0.1,0.318519,0.585185,True,True,True,False,"Rising","Local","Local","Absent","Contained","Moderate","BreaksPriorHigh;CloseInsidePriorRange;CloseInsidePriorBody;AcceptanceContained;CompressionLocal"
655,"2026-05-11 08:40:00",29420.75,29426.25,29405.75,29424,3260,"LLLH","Black","Down",0.15,0.38,20.5,"Down",0.05,3.25,"Down",0.05,0.890244,0.804878,True,True,False,True,"Falling","Absent","Clustered","Local","Contained","Minor","BreaksPriorLow;CloseInsidePriorRange;CloseInsidePriorBody;DissipationLocal;AcceptanceContained;CompressionClustered"
656,"2026-05-11 08:45:00",29424.5,29442,29410.75,29421.25,5249,"HHHL","Red","Up",0.55,0.62,31.25,"Up",0.45,3.25,"Flat",0.1,0.336,0.496,True,True,True,False,"Rising","Local","Local","Absent","Contained","Minor","BreaksPriorHigh;CloseInsidePriorRange;CloseInsidePriorBody;AcceptanceContained;CompressionLocal"
657,"2026-05-11 08:50:00",29420.25,29444.75,29416.25,29440.25,4606,"HHHL","Black","Down",0.45,0.56,28.5,"Down",0.35,20,"Up",0.6,0.842105,0.903509,True,False,True,False,"Falling","Absent","Clustered","Local","Contained","Minor","BreaksPriorHigh;CloseInsidePriorRange;DissipationLocal;AcceptanceContained;CompressionClustered"
658,"2026-05-11 08:55:00",29439.75,29465.5,29430.25,29463,5480,"HHHL","Black","Up",0.75,0.66,35.25,"Up",0.75,23.25,"Up",0.7,0.929078,0.411348,False,False,True,False,"Rising","Local","Absent","Absent","Accepted","Moderate","BreaksPriorHigh;AcceptanceAccepted"
659,"2026-05-11 09:00:00",29463.75,29475.25,29452.5,29465.25,3668,"HHHL","Black","Down",0.2,0.34,22.75,"Down",0.1,1.5,"Down",0.05,0.56044,0.571429,True,False,True,False,"Falling","Absent","Local","Local","Contained","Minor","BreaksPriorHigh;CloseInsidePriorRange;DissipationLocal;AcceptanceContained;CompressionLocal"
660,"2026-05-11 09:05:00",29465.25,29478.25,29456.25,29473.5,3703,"HHHL","Black","Up",0.25,0.38,22,"Down",0.1,8.25,"Up",0.35,0.784091,0.863636,True,False,True,False,"Rising","Absent","Clustered","Local","Contained","Minor","BreaksPriorHigh;CloseInsidePriorRange;DissipationLocal;AcceptanceContained;CompressionClustered"
661,"2026-05-11 09:10:00",29473.5,29479.5,29467.25,29477.25,2786,"HHHL","Black","Down",0.05,0.26,12.25,"Down",0.05,3.75,"Down",0.2,0.816327,0.897959,True,False,True,False,"Falling","Absent","Clustered","Local","Contained","Minor","BreaksPriorHigh;CloseInsidePriorRange;DissipationLocal;AcceptanceContained;CompressionClustered"
662,"2026-05-11 09:15:00",29477.5,29480,29471,29479.25,3084,"HHHL","Black","Up",0.15,0.3,9,"Down",0.05,1.75,"Down",0.1,0.916667,0.944444,True,False,True,False,"Rising","Absent","Clustered","Local","Contained","Minor","BreaksPriorHigh;CloseInsidePriorRange;DissipationLocal;AcceptanceContained;CompressionClustered"
663,"2026-05-11 09:20:00",29479.5,29479.75,29451,29455.25,3523,"LLLH","Red","Up",0.3,0.34,28.75,"Up",0.6,24.25,"Up",0.85,0.147826,0.304348,False,False,False,True,"Rising","Local","Absent","Absent","Accepted","Moderate","BreaksPriorLow;AcceptanceAccepted"
664,"2026-05-11 09:25:00",29455.75,29465.25,29446.25,29458.5,3238,"LLLH","Black","Down",0.25,0.32,19,"Down",0.15,2.75,"Down",0.15,0.644737,0.75,True,True,False,True,"Falling","Absent","Local","Local","Contained","Minor","BreaksPriorLow;CloseInsidePriorRange;CloseInsidePriorBody;DissipationLocal;AcceptanceContained;CompressionLocal"
665,"2026-05-11 09:30:00",29457.25,29469.5,29457.25,29465,2107,"HHHL","Black","Down",0.05,0.2,12.25,"Down",0.15,7.75,"Up",0.45,0.632653,0.653061,True,False,True,False,"Falling","Absent","Local","Local","Contained","Minor","BreaksPriorHigh;CloseInsidePriorRange;DissipationLocal;AcceptanceContained;CompressionLocal"
666,"2026-05-11 09:35:00",29464.5,29477.5,29461.5,29465.25,2362,"HHHL","Black","Up",0.1,0.26,16,"Up",0.2,0.75,"Down",0.05,0.234375,0.5,True,False,True,False,"Rising","Local","Local","Absent","Contained","Minor","BreaksPriorHigh;CloseInsidePriorRange;AcceptanceContained;CompressionLocal"
667,"2026-05-11 09:40:00",29465,29468.5,29436.25,29438,2678,"LLLH","Red","Up",0.15,0.28,32.25,"Up",0.75,27,"Up",0.95,0.054264,0.217054,False,False,False,True,"Rising","Local","Absent","Absent","Accepted","Moderate","BreaksPriorLow;AcceptanceAccepted"
668,"2026-05-11 09:45:00",29437.5,29439.75,29369,29414.5,10152,"LLLH","Red","Up",1,0.94,70.75,"Up",1,23,"Down",0.75,0.64311,0.04947,False,False,False,True,"Peak","Climactic","Absent","Absent","Accepted","Structural","VolumePeak20;RangePeak20;RangeClimactic20;BreaksPriorLow;AcceptanceAccepted"
669,"2026-05-11 09:50:00",29413.5,29431,29406,29410.25,3662,"InsideBar","Red","Down",0.5,0.42,25,"Down",0.45,3.25,"Down",0.35,0.17,1,True,False,False,False,"Falling","Absent","Clustered","Absent","Unresolved","Minor","CloseInsidePriorRange;CompressionClustered"
670,"2026-05-11 09:55:00",29411.25,29423.25,29398.5,29408,2879,"LLLH","Red","Down",0.25,0.28,24.75,"Down",0.45,3.25,"Flat",0.4,0.383838,0.69697,True,False,False,True,"Falling","Absent","Local","Local","Contained","Minor","BreaksPriorLow;CloseInsidePriorRange;DissipationLocal;AcceptanceContained;CompressionLocal"
671,"2026-05-11 10:00:00",29408,29416,29396,29405,2970,"LLLH","Red","Up",0.3,0.28,20,"Down",0.3,3,"Down",0.25,0.45,0.875,True,False,False,True,"Rising","Absent","Clustered","Local","Contained","Minor","BreaksPriorLow;CloseInsidePriorRange;DissipationLocal;AcceptanceContained;CompressionClustered"
672,"2026-05-11 10:05:00",29404.5,29429,29404.5,29425.75,3030,"HHHL","Black","Up",0.35,0.3,24.5,"Up",0.5,21.25,"Up",0.8,0.867347,0.469388,False,False,True,False,"Rising","Local","Absent","Absent","Accepted","Minor","BreaksPriorHigh;AcceptanceAccepted"
673,"2026-05-11 10:10:00",29425.75,29432.5,29406.75,29419,2407,"HHHL","Red","Down",0.15,0.18,25.75,"Up",0.65,6.75,"Down",0.6,0.475728,0.864078,True,True,True,False,"Falling","Local","Local","Local","Contained","Moderate","BreaksPriorHigh;CloseInsidePriorRange;CloseInsidePriorBody;DissipationLocal;AcceptanceContained;CompressionLocal"
674,"2026-05-11 10:15:00",29419,29420,29382.75,29390.25,3315,"LLLH","Red","Up",0.6,0.38,37.25,"Up",0.95,28.75,"Up",1,0.201342,0.355705,False,False,False,True,"Rising","Climactic","Absent","Absent","Accepted","Structural","RangePeak20;RangeClimactic20;BreaksPriorLow;AcceptanceAccepted"
675,"2026-05-11 10:20:00",29389.5,29400.5,29377.25,29387.25,2854,"LLLH","Red","Down",0.3,0.2,23.25,"Down",0.45,2.25,"Down",0.2,0.430108,0.763441,True,False,False,True,"Falling","Absent","Local","Local","Contained","Minor","BreaksPriorLow;CloseInsidePriorRange;DissipationLocal;AcceptanceContained;CompressionLocal"
676,"2026-05-11 10:25:00",29389,29423,29385,29419.5,3434,"HHHL","Black","Up",0.65,0.38,38,"Up",0.95,30.5,"Up",1,0.907895,0.407895,False,False,True,False,"Rising","Climactic","Absent","Absent","Accepted","Structural","RangePeak20;RangeClimactic20;BreaksPriorHigh;AcceptanceAccepted"
677,"2026-05-11 10:30:00",29420.25,29441,29416.5,29436.75,3212,"HHHL","Black","Down",0.55,0.3,24.5,"Down",0.55,16.5,"Down",0.65,0.826531,0.265306,False,False,True,False,"Falling","Absent","Absent","Local","Accepted","Minor","BreaksPriorHigh;DissipationLocal;AcceptanceAccepted"
678,"2026-05-11 10:35:00",29436.25,29453.5,29435.5,29448.5,3132,"HHHL","Black","Down",0.55,0.26,18,"Down",0.25,12.25,"Down",0.65,0.722222,0.305556,False,False,True,False,"Falling","Absent","Absent","Local","Accepted","Minor","BreaksPriorHigh;DissipationLocal;AcceptanceAccepted"
679,"2026-05-11 10:40:00",29448.25,29474,29444,29460,3363,"HHHL","Black","Up",0.75,0.36,30,"Up",0.8,11.75,"Down",0.6,0.533333,0.316667,False,False,True,False,"Rising","Strong","Absent","Absent","Accepted","Major","RangePeak20;BreaksPriorHigh;AcceptanceAccepted"
680,"2026-05-11 10:45:00",29460.75,29472,29455.75,29467.5,2235,"InsideBar","Black","Down",0.1,0.04,16.25,"Down",0.25,6.75,"Down",0.5,0.723077,1,True,False,False,False,"Falling","Absent","Clustered","Absent","Unresolved","Minor","CloseInsidePriorRange;CompressionClustered"
681,"2026-05-11 10:50:00",29468.5,29476.5,29457.25,29459.25,3207,"HHHL","Red","Up",0.6,0.3,19.25,"Up",0.35,9.25,"Up",0.55,0.103896,0.766234,True,False,True,False,"Rising","Local","Local","Absent","Contained","Moderate","BreaksPriorHigh;CloseInsidePriorRange;AcceptanceContained;CompressionLocal"
682,"2026-05-11 10:55:00",29458.5,29469,29453.5,29455.5,2887,"LLLH","Red","Down",0.4,0.18,15.5,"Down",0.1,3,"Down",0.25,0.129032,0.758065,False,False,False,True,"Falling","Absent","Absent","Local","Accepted","Minor","BreaksPriorLow;DissipationLocal;AcceptanceAccepted"
683,"2026-05-11 11:00:00",29455,29463.5,29439.75,29441.5,2727,"LLLH","Red","Down",0.3,0.12,23.75,"Up",0.5,13.5,"Up",0.7,0.073684,0.421053,False,False,False,True,"Falling","Local","Absent","Local","Accepted","Minor","BreaksPriorLow;DissipationLocal;AcceptanceAccepted"
684,"2026-05-11 11:05:00",29442,29464,29440.75,29459,2866,"HHHL","Black","Up",0.4,0.18,23.25,"Down",0.45,17,"Up",0.75,0.784946,0.978495,True,False,True,False,"Rising","Absent","Clustered","Local","Contained","Minor","BreaksPriorHigh;CloseInsidePriorRange;DissipationLocal;AcceptanceContained;CompressionClustered"
685,"2026-05-11 11:10:00",29459.25,29475,29456.25,29474,2268,"HHHL","Black","Down",0.1,0.06,18.75,"Down",0.25,14.75,"Down",0.65,0.946667,0.413333,False,False,True,False,"Falling","Absent","Absent","Local","Accepted","Minor","BreaksPriorHigh;DissipationLocal;AcceptanceAccepted"
686,"2026-05-11 11:15:00",29474.25,29475,29461.25,29464.25,2080,"InsideBar","Red","Down",0.05,0.02,13.75,"Down",0.05,10,"Down",0.45,0.218182,1,True,True,False,False,"Falling","Absent","Clustered","Absent","Unresolved","Minor","CloseInsidePriorRange;CloseInsidePriorBody;CompressionClustered"
687,"2026-05-11 11:20:00",29463.25,29469,29457.25,29462.5,1966,"LLLH","Red","Down",0.05,0.02,11.75,"Down",0.05,0.75,"Down",0.05,0.446809,0.659574,True,False,False,True,"Falling","Absent","Local","Local","Contained","Minor","BreaksPriorLow;CloseInsidePriorRange;DissipationLocal;AcceptanceContained;CompressionLocal"
688,"2026-05-11 11:25:00",29463,29469.5,29448.25,29465,3186,"OutsideBar","Black","Up",0.7,0.4,21.25,"Up",0.45,2,"Up",0.1,0.788235,0.552941,True,False,True,True,"Rising","Local","Local","Absent","Contained","Moderate","BreaksPriorHigh;BreaksPriorLow;CloseInsidePriorRange;AcceptanceContained;CompressionLocal"
689,"2026-05-11 11:30:00",29464.75,29475,29462.75,29472,1958,"HHHL","Black","Down",0.05,0.02,12.25,"Down",0.1,7.25,"Up",0.45,0.755102,0.55102,False,False,True,False,"Falling","Absent","Absent","Local","Accepted","Minor","BreaksPriorHigh;DissipationLocal;AcceptanceAccepted"
690,"2026-05-11 11:35:00",29471.75,29471.75,29454.75,29456.5,2554,"LLLH","Red","Up",0.35,0.18,17,"Up",0.3,15.25,"Up",0.75,0.102941,0.529412,False,False,False,True,"Rising","Local","Absent","Absent","Accepted","Minor","BreaksPriorLow;AcceptanceAccepted"
691,"2026-05-11 11:40:00",29456.75,29471.25,29446.75,29449.25,2521,"LLLH","Red","Down",0.35,0.18,24.5,"Up",0.8,7.5,"Down",0.4,0.102041,0.673469,False,False,False,True,"Falling","Strong","Absent","Local","Accepted","Major","RangePeak20;LowVolumeHighRange;BreaksPriorLow;DissipationLocal;AcceptanceAccepted"
692,"2026-05-11 11:45:00",29448.5,29454,29437,29446.5,2914,"LLLH","Red","Up",0.65,0.36,17,"Down",0.35,2,"Down",0.15,0.558824,0.426471,False,False,False,True,"Rising","Absent","Absent","Local","Accepted","Moderate","BreaksPriorLow;DissipationLocal;AcceptanceAccepted"
693,"2026-05-11 11:50:00",29446.25,29450.5,29431.75,29439.5,2280,"LLLH","Red","Down",0.3,0.14,18.75,"Up",0.5,6.75,"Up",0.35,0.413333,0.72,True,False,False,True,"Falling","Local","Local","Local","Contained","Minor","BreaksPriorLow;CloseInsidePriorRange;DissipationLocal;AcceptanceContained;CompressionLocal"
694,"2026-05-11 11:55:00",29439.75,29452,29430.25,29435.75,2541,"OutsideBar","Red","Up",0.4,0.22,21.75,"Up",0.65,4,"Down",0.3,0.252874,0.862069,True,False,True,True,"Rising","Local","Local","Absent","Contained","Moderate","BreaksPriorHigh;BreaksPriorLow;CloseInsidePriorRange;AcceptanceContained;CompressionLocal"
695,"2026-05-11 12:00:00",29435.5,29444,29386,29387.75,5259,"LLLH","Red","Up",1,0.92,58,"Up",1,47.75,"Up",1,0.030172,0.237069,False,False,False,True,"Peak","Climactic","Absent","Absent","Accepted","Structural","VolumePeak20;RangePeak20;RangeClimactic20;BreaksPriorLow;AcceptanceAccepted"
696,"2026-05-11 12:05:00",29388.75,29404,29377,29379.5,4897,"LLLH","Red","Down",0.95,0.9,27,"Down",0.9,9.25,"Down",0.55,0.092593,0.666667,False,False,False,True,"Peak","Strong","Absent","Local","Accepted","Structural","VolumePeak20;RangePeak20;BreaksPriorLow;DissipationLocal;AcceptanceAccepted"
697,"2026-05-11 12:10:00",29379.75,29427.25,29376,29424.75,4903,"OutsideBar","Black","Up",0.95,0.9,51.25,"Up",0.95,45,"Up",0.95,0.95122,0.526829,False,False,True,True,"Peak","Climactic","Absent","Absent","Accepted","Structural","VolumePeak20;RangePeak20;RangeClimactic20;BreaksPriorHigh;BreaksPriorLow;AcceptanceAccepted"
698,"2026-05-11 12:15:00",29424.5,29434.5,29410,29416,4025,"HHHL","Red","Down",0.85,0.78,24.5,"Down",0.8,8.5,"Down",0.5,0.244898,0.704082,True,True,True,False,"Peak","Strong","Local","Local","Contained","Major","VolumePeak20;RangePeak20;BreaksPriorHigh;CloseInsidePriorRange;CloseInsidePriorBody;DissipationLocal;AcceptanceContained;CompressionLocal"
699,"2026-05-11 12:20:00",29416.25,29419.5,29393.5,29408.75,3708,"LLLH","Red","Down",0.8,0.76,26,"Up",0.85,7.5,"Down",0.5,0.586538,0.365385,False,False,False,True,"Peak","Strong","Absent","Local","Accepted","Major","VolumePeak20;RangePeak20;BreaksPriorLow;DissipationLocal;AcceptanceAccepted"
700,"2026-05-11 12:25:00",29408.25,29412.5,29382.75,29386.25,3170,"LLLH","Red","Down",0.65,0.5,29.75,"Up",0.9,22,"Up",0.9,0.117647,0.638655,False,False,False,True,"Falling","Strong","Absent","Local","Accepted","Structural","RangePeak20;BreaksPriorLow;DissipationLocal;AcceptanceAccepted"
701,"2026-05-11 12:30:00",29386.75,29393.5,29371.25,29382,5027,"LLLH","Red","Up",0.95,0.9,22.25,"Down",0.55,4.75,"Down",0.3,0.483146,0.483146,False,False,False,True,"Peak","Absent","Absent","Local","Accepted","Structural","VolumePeak20;BreaksPriorLow;DissipationLocal;AcceptanceAccepted"
702,"2026-05-11 12:35:00",29381.75,29408.5,29375.75,29386.75,4574,"HHHL","Black","Down",0.8,0.82,32.75,"Up",0.9,5,"Up",0.3,0.335878,0.541985,True,True,True,False,"Peak","Strong","Local","Local","Contained","Structural","VolumePeak20;RangePeak20;BreaksPriorHigh;CloseInsidePriorRange;CloseInsidePriorBody;DissipationLocal;AcceptanceContained;CompressionLocal"
703,"2026-05-11 12:40:00",29387.5,29393.75,29371.5,29389.5,4003,"LLLH","Black","Down",0.7,0.78,22.25,"Down",0.55,2,"Down",0.2,0.808989,0.808989,True,False,False,True,"Falling","Absent","Clustered","Local","Contained","Moderate","BreaksPriorLow;CloseInsidePriorRange;DissipationLocal;AcceptanceContained;CompressionClustered"
704,"2026-05-11 12:45:00",29390.25,29398.75,29373.5,29382.25,3124,"HHHL","Red","Down",0.5,0.48,25.25,"Up",0.7,8,"Up",0.6,0.346535,0.80198,True,False,True,False,"Falling","Local","Local","Local","Contained","Moderate","BreaksPriorHigh;CloseInsidePriorRange;DissipationLocal;AcceptanceContained;CompressionLocal"
705,"2026-05-11 12:50:00",29382,29405.75,29376.5,29402.25,3970,"HHHL","Black","Up",0.65,0.78,29.25,"Up",0.8,20.25,"Up",0.85,0.880342,0.760684,False,False,True,False,"Rising","Strong","Absent","Absent","Accepted","Major","RangePeak20;BreaksPriorHigh;AcceptanceAccepted"
706,"2026-05-11 12:55:00",29401.5,29430.5,29394.5,29418.5,7407,"HHHL","Black","Up",1,0.98,36,"Up",0.9,17,"Down",0.8,0.666667,0.3125,False,False,True,False,"Climactic","Strong","Absent","Absent","Accepted","Structural","VolumePeak20;VolumeClimactic50;RangePeak20;BreaksPriorHigh;AcceptanceAccepted"
707,"2026-05-11 13:00:00",29419,29431.75,29413.5,29427.25,13471,"HHHL","Black","Up",1,1,18.25,"Down",0.2,8.25,"Down",0.6,0.753425,0.931507,True,False,True,False,"Climactic","Absent","Clustered","Local","Contained","Structural","VolumePeak20;VolumeClimactic50;HighVolumeLowRange;BreaksPriorHigh;CloseInsidePriorRange;DissipationLocal;AcceptanceContained;CompressionClustered"
708,"2026-05-11 13:05:00",29428,29430,29403.25,29405.25,5588,"LLLH","Red","Down",0.9,0.94,26.75,"Up",0.65,22.75,"Up",0.9,0.074766,0.616822,False,False,False,True,"Peak","Local","Absent","Local","Accepted","Structural","VolumePeak20;BreaksPriorLow;DissipationLocal;AcceptanceAccepted"
709,"2026-05-11 13:10:00",29405.5,29406,29392.75,29401.5,2451,"LLLH","Red","Down",0.1,0.2,13.25,"Down",0.05,4,"Down",0.2,0.660377,0.207547,False,False,False,True,"Falling","Absent","Absent","Local","Accepted","Minor","BreaksPriorLow;DissipationLocal;AcceptanceAccepted"
710,"2026-05-11 13:15:00",29401,29407,29314.75,29391,4651,"OutsideBar","Red","Up",0.65,0.84,92.25,"Up",1,10,"Up",0.7,0.826558,0.143631,False,False,True,True,"Rising","Climactic","Absent","Absent","Accepted","Structural","RangePeak20;RangeClimactic20;BreaksPriorHigh;BreaksPriorLow;AcceptanceAccepted"
711,"2026-05-11 13:20:00",29391,29404.5,29382,29401.25,1080,"InsideBar","Black","Down",0.05,0.02,22.5,"Down",0.4,10.25,"Up",0.7,0.855556,1,True,False,False,False,"Falling","Absent","Clustered","Absent","Unresolved","Minor","CloseInsidePriorRange;CompressionClustered"
712,"2026-05-11 13:25:00",29401.25,29401.25,29376.25,29376.25,952,"LLLH","Red","Down",0.05,0.02,25,"Up",0.45,25,"Up",0.9,0,0.77,False,False,False,True,"Falling","Local","Absent","Local","Accepted","Minor","BreaksPriorLow;DissipationLocal;AcceptanceAccepted"
713,"2026-05-11 13:30:00",29376.5,29400,29376.25,29399.25,647,"InsideBar","Black","Down",0.05,0.02,23.75,"Down",0.35,22.75,"Down",0.85,0.968421,1,True,True,False,False,"Falling","Absent","Clustered","Absent","Unresolved","Minor","CloseInsidePriorRange;CloseInsidePriorBody;CompressionClustered"
714,"2026-05-11 13:35:00",29398.25,29413,29398.25,29407,1086,"HHHL","Black","Up",0.2,0.08,14.75,"Down",0.1,8.75,"Down",0.45,0.59322,0.118644,False,False,True,False,"Rising","Absent","Absent","Local","Accepted","Minor","BreaksPriorHigh;DissipationLocal;AcceptanceAccepted"
715,"2026-05-11 13:40:00",29407.5,29408.5,29401.75,29405.5,534,"InsideBar","Red","Down",0.05,0.02,6.75,"Down",0.05,2,"Down",0.1,0.555556,1,True,True,False,False,"Falling","Absent","Clustered","Absent","Unresolved","Minor","CloseInsidePriorRange;CloseInsidePriorBody;CompressionClustered"
716,"2026-05-11 13:45:00",29405,29405,29397.75,29402,422,"LLLH","Red","Down",0.05,0.02,7.25,"Up",0.1,3,"Up",0.15,0.586207,0.448276,True,False,False,True,"Falling","Local","Local","Local","Contained","Minor","BreaksPriorLow;CloseInsidePriorRange;DissipationLocal;AcceptanceContained;CompressionLocal"
717,"2026-05-11 13:50:00",29402,29403.25,29397,29400.25,501,"LLLH","Red","Up",0.1,0.04,6.25,"Down",0.05,1.75,"Down",0.05,0.52,0.88,True,False,False,True,"Rising","Absent","Clustered","Local","Contained","Minor","BreaksPriorLow;CloseInsidePriorRange;DissipationLocal;AcceptanceContained;CompressionClustered"
718,"2026-05-11 13:55:00",29399.75,29406.25,29389.5,29404,565,"OutsideBar","Black","Up",0.2,0.08,16.75,"Up",0.3,4.25,"Up",0.3,0.865672,0.373134,False,False,True,True,"Rising","Local","Absent","Absent","Accepted","Minor","BreaksPriorHigh;BreaksPriorLow;AcceptanceAccepted"
719,"2026-05-11 14:00:00",29403.75,29404,29395.25,29400,402,"InsideBar","Red","Down",0.05,0.02,8.75,"Down",0.2,3.75,"Down",0.25,0.542857,1,True,True,False,False,"Falling","Absent","Clustered","Absent","Unresolved","Minor","CloseInsidePriorRange;CloseInsidePriorBody;CompressionClustered"
720,"2026-05-12 06:35:00",29213,29227.25,29145.75,29197.75,17276,"LLLH","Red","Up",1,1,81.5,"Up",0.95,15.25,"Up",0.75,0.638037,0,False,False,False,True,"Climactic","Climactic","Absent","Absent","Accepted","SessionDefining","VolumePeak20;VolumeClimactic50;RangePeak20;RangeClimactic20;BreaksPriorLow;AcceptanceAccepted"
721,"2026-05-12 06:40:00",29198.5,29231.75,29143,29227,12220,"OutsideBar","Black","Down",0.9,0.96,88.75,"Up",0.95,28.5,"Up",1,0.946479,0.91831,True,False,True,True,"Climactic","Climactic","Local","Local","Contained","SessionDefining","VolumePeak20;VolumeClimactic50;RangePeak20;RangeClimactic20;BreaksPriorHigh;BreaksPriorLow;CloseInsidePriorRange;DissipationLocal;AcceptanceContained;CompressionLocal"
722,"2026-05-12 06:45:00",29226.5,29285.75,29213.5,29284.75,14923,"HHHL","Black","Up",0.95,0.98,72.25,"Down",0.85,58.25,"Up",1,0.986159,0.252595,False,False,True,False,"Climactic","Strong","Absent","Local","Accepted","Structural","VolumePeak20;VolumeClimactic50;RangePeak20;BreaksPriorHigh;DissipationLocal;AcceptanceAccepted"
723,"2026-05-12 06:50:00",29285.25,29296,29202.25,29220.5,13913,"OutsideBar","Red","Down",0.9,0.96,93.75,"Up",1,64.75,"Up",1,0.194667,0.770667,True,False,True,True,"Climactic","Climactic","Local","Local","Contained","SessionDefining","VolumePeak20;VolumeClimactic50;RangePeak20;RangeClimactic20;BreaksPriorHigh;BreaksPriorLow;CloseInsidePriorRange;DissipationLocal;AcceptanceContained;CompressionLocal"
724,"2026-05-12 06:55:00",29219.5,29251.75,29183.75,29224,11425,"LLLH","Black","Down",0.75,0.9,68,"Down",0.75,4.5,"Down",0.35,0.591912,0.727941,True,True,False,True,"Falling","Absent","Local","Local","Contained","Structural","BreaksPriorLow;CloseInsidePriorRange;CloseInsidePriorBody;DissipationLocal;AcceptanceContained;CompressionLocal"
725,"2026-05-12 07:00:00",29224.75,29229,29109.75,29129.5,15184,"LLLH","Red","Up",0.95,0.98,119.25,"Up",1,95.25,"Up",1,0.165618,0.379455,False,False,False,True,"Climactic","Climactic","Absent","Absent","Accepted","SessionDefining","VolumePeak20;VolumeClimactic50;RangePeak20;RangeClimactic20;BreaksPriorLow;AcceptanceAccepted"
726,"2026-05-12 07:05:00",29129,29162.25,29088.25,29111.25,17114,"LLLH","Red","Up",0.95,0.98,74,"Down",0.75,17.75,"Down",0.65,0.310811,0.709459,True,False,False,True,"Climactic","Absent","Local","Local","Contained","Structural","VolumePeak20;VolumeClimactic50;BreaksPriorLow;CloseInsidePriorRange;DissipationLocal;AcceptanceContained;CompressionLocal"
727,"2026-05-12 07:10:00",29111.25,29154,29106,29136.75,10226,"InsideBar","Black","Down",0.65,0.84,48,"Down",0.6,25.5,"Up",0.8,0.640625,1,True,False,False,False,"Falling","Absent","Clustered","Absent","Unresolved","Moderate","CloseInsidePriorRange;CompressionClustered"
728,"2026-05-12 07:15:00",29137.5,29194.75,29117.25,29190.75,8313,"HHHL","Black","Down",0.6,0.82,77.5,"Up",0.75,53.25,"Up",0.85,0.948387,0.474194,False,False,True,False,"Falling","Local","Absent","Local","Accepted","Moderate","BreaksPriorHigh;DissipationLocal;AcceptanceAccepted"
729,"2026-05-12 07:20:00",29191.75,29222.75,29169,29219.25,7759,"HHHL","Black","Down",0.55,0.8,53.75,"Down",0.55,27.5,"Down",0.75,0.934884,0.47907,False,False,True,False,"Falling","Absent","Absent","Local","Accepted","Minor","BreaksPriorHigh;DissipationLocal;AcceptanceAccepted"
730,"2026-05-12 07:25:00",29218.75,29228.25,29172.25,29177.25,6201,"HHHL","Red","Down",0.5,0.76,56,"Up",0.6,41.5,"Up",0.8,0.089286,0.901786,True,False,True,False,"Falling","Local","Local","Local","Contained","Moderate","BreaksPriorHigh;CloseInsidePriorRange;DissipationLocal;AcceptanceContained;CompressionLocal"
731,"2026-05-12 07:30:00",29177,29192.5,29081,29085,9879,"LLLH","Red","Up",0.6,0.82,111.5,"Up",0.95,92,"Up",0.95,0.035874,0.181614,False,False,False,True,"Rising","Climactic","Absent","Absent","Accepted","Structural","RangePeak20;RangeClimactic20;BreaksPriorLow;AcceptanceAccepted"
732,"2026-05-12 07:35:00",29085.75,29093.5,29006.5,29043.25,14171,"LLLH","Red","Up",0.8,0.92,87,"Down",0.8,42.5,"Down",0.75,0.422414,0.143678,False,False,False,True,"Peak","Strong","Absent","Local","Accepted","Structural","VolumePeak20;RangePeak20;BreaksPriorLow;DissipationLocal;AcceptanceAccepted"
733,"2026-05-12 07:40:00",29043,29106.75,29014.75,29099.25,9552,"HHHL","Black","Down",0.5,0.78,92,"Up",0.85,56.25,"Up",0.8,0.918478,0.855978,False,False,True,False,"Falling","Strong","Absent","Local","Accepted","Major","RangePeak20;BreaksPriorHigh;DissipationLocal;AcceptanceAccepted"
734,"2026-05-12 07:45:00",29098.75,29127,29061.75,29082,7843,"HHHL","Red","Down",0.4,0.74,65.25,"Down",0.45,16.75,"Down",0.4,0.310345,0.689655,True,True,True,False,"Falling","Absent","Local","Local","Contained","Minor","BreaksPriorHigh;CloseInsidePriorRange;CloseInsidePriorBody;DissipationLocal;AcceptanceContained;CompressionLocal"
735,"2026-05-12 07:50:00",29083,29084.5,29035.75,29042,6325,"LLLH","Red","Down",0.3,0.68,48.75,"Down",0.3,41,"Up",0.6,0.128205,0.466667,False,False,False,True,"Falling","Absent","Absent","Local","Accepted","Minor","BreaksPriorLow;DissipationLocal;AcceptanceAccepted"
736,"2026-05-12 07:55:00",29040.25,29074.5,29010.25,29058.25,8001,"LLLH","Black","Up",0.4,0.74,64.25,"Up",0.4,18,"Down",0.4,0.747082,0.603113,True,True,False,True,"Rising","Local","Local","Absent","Contained","Minor","BreaksPriorLow;CloseInsidePriorRange;CloseInsidePriorBody;AcceptanceContained;CompressionLocal"
737,"2026-05-12 08:00:00",29056.25,29070.25,29000,29014.25,6817,"LLLH","Red","Down",0.25,0.66,70.25,"Up",0.5,42,"Up",0.65,0.202847,0.854093,True,False,False,True,"Falling","Local","Local","Local","Contained","Minor","BreaksPriorLow;CloseInsidePriorRange;DissipationLocal;AcceptanceContained;CompressionLocal"
738,"2026-05-12 08:05:00",29013.75,29031,28980,28984,8158,"LLLH","Red","Up",0.4,0.74,51,"Down",0.2,29.75,"Down",0.5,0.078431,0.607843,False,False,False,True,"Rising","Absent","Absent","Local","Accepted","Minor","BreaksPriorLow;DissipationLocal;AcceptanceAccepted"
739,"2026-05-12 08:10:00",28983.5,29023,28967,29018.5,7340,"LLLH","Black","Down",0.2,0.64,56,"Up",0.3,35,"Up",0.5,0.919643,0.767857,True,False,False,True,"Falling","Local","Local","Local","Contained","Minor","BreaksPriorLow;CloseInsidePriorRange;DissipationLocal;AcceptanceContained;CompressionLocal"
740,"2026-05-12 08:15:00",29018.75,29024.5,28964.25,28965.25,5809,"OutsideBar","Red","Down",0.05,0.56,60.25,"Up",0.35,53.5,"Up",0.75,0.016598,0.929461,False,False,True,True,"Falling","Local","Absent","Local","Accepted","Minor","BreaksPriorHigh;BreaksPriorLow;DissipationLocal;AcceptanceAccepted"
741,"2026-05-12 08:20:00",28966.5,28969.5,28913.75,28937.25,11312,"LLLH","Red","Up",0.7,0.82,55.75,"Down",0.25,29.25,"Down",0.35,0.421525,0.09417,False,False,False,True,"Rising","Absent","Absent","Local","Accepted","Moderate","BreaksPriorLow;DissipationLocal;AcceptanceAccepted"
742,"2026-05-12 08:25:00",28937.5,28946.75,28868.25,28884.5,9143,"LLLH","Red","Down",0.55,0.74,78.5,"Up",0.75,53,"Up",0.7,0.207006,0.420382,False,False,False,True,"Falling","Local","Absent","Local","Accepted","Moderate","BreaksPriorLow;DissipationLocal;AcceptanceAccepted"
743,"2026-05-12 08:30:00",28884.25,28898.25,28856.5,28875.75,8992,"LLLH","Red","Down",0.55,0.72,41.75,"Down",0.05,8.5,"Down",0.1,0.461078,0.718563,True,False,False,True,"Falling","Absent","Local","Local","Contained","Minor","BreaksPriorLow;CloseInsidePriorRange;DissipationLocal;AcceptanceContained;CompressionLocal"
744,"2026-05-12 08:35:00",28875.75,28924,28869,28914.25,8817,"HHHL","Black","Down",0.55,0.7,55,"Up",0.3,38.5,"Up",0.5,0.822727,0.531818,False,False,True,False,"Falling","Local","Absent","Local","Accepted","Minor","BreaksPriorHigh;DissipationLocal;AcceptanceAccepted"
745,"2026-05-12 08:40:00",28914,28945.25,28889.25,28931,6182,"HHHL","Black","Down",0.1,0.48,56,"Up",0.5,17,"Down",0.15,0.745536,0.620536,False,False,True,False,"Falling","Local","Absent","Local","Accepted","Minor","BreaksPriorHigh;DissipationLocal;AcceptanceAccepted"
746,"2026-05-12 08:45:00",28931,28941,28898.75,28928.5,4989,"InsideBar","Red","Down",0.05,0.4,42.25,"Down",0.1,2.5,"Down",0.05,0.704142,1,True,True,False,False,"Falling","Absent","Clustered","Absent","Unresolved","Minor","CloseInsidePriorRange;CloseInsidePriorBody;CompressionClustered"
747,"2026-05-12 08:50:00",28929.5,28940.25,28902.5,28908.75,4091,"InsideBar","Red","Down",0.05,0.34,37.75,"Down",0.05,20.75,"Up",0.3,0.165563,1,True,False,False,False,"Falling","Absent","Clustered","Absent","Unresolved","Minor","CloseInsidePriorRange;CompressionClustered"
748,"2026-05-12 08:55:00",28909,28918.75,28871.75,28871.75,5304,"LLLH","Red","Up",0.15,0.42,47,"Up",0.2,37.25,"Up",0.55,0,0.345745,False,False,False,True,"Rising","Local","Absent","Absent","Accepted","Minor","BreaksPriorLow;AcceptanceAccepted"
749,"2026-05-12 09:00:00",28871.75,28879,28828.5,28839.75,6689,"LLLH","Red","Up",0.4,0.52,50.5,"Up",0.3,32,"Down",0.45,0.222772,0.143564,False,False,False,True,"Rising","Local","Absent","Absent","Accepted","Minor","BreaksPriorLow;AcceptanceAccepted"
750,"2026-05-12 09:05:00",28840,28896.5,28811,28888.5,9170,"OutsideBar","Black","Up",0.8,0.74,85.5,"Up",0.85,48.5,"Up",0.8,0.906433,0.590643,False,False,True,True,"Peak","Strong","Absent","Absent","Accepted","Major","VolumePeak20;RangePeak20;BreaksPriorHigh;BreaksPriorLow;AcceptanceAccepted"
751,"2026-05-12 09:10:00",28887.75,28895.5,28856.25,28867.75,3997,"InsideBar","Red","Down",0.05,0.26,39.25,"Down",0.1,20,"Down",0.3,0.292994,1,True,True,False,False,"Falling","Absent","Clustered","Absent","Unresolved","Minor","CloseInsidePriorRange;CloseInsidePriorBody;CompressionClustered"
752,"2026-05-12 09:15:00",28866.75,28913.5,28857.5,28908.75,4753,"HHHL","Black","Up",0.15,0.34,56,"Up",0.65,42,"Up",0.8,0.915179,0.678571,False,False,True,False,"Rising","Local","Absent","Absent","Accepted","Moderate","BreaksPriorHigh;AcceptanceAccepted"
753,"2026-05-12 09:20:00",28908.75,28911.75,28868.5,28869,4312,"InsideBar","Red","Down",0.15,0.3,43.25,"Down",0.25,39.75,"Down",0.7,0.011561,1,True,True,False,False,"Falling","Absent","Clustered","Absent","Unresolved","Minor","CloseInsidePriorRange;CloseInsidePriorBody;CompressionClustered"
754,"2026-05-12 09:25:00",28869.75,28886,28828,28848,5369,"LLLH","Red","Up",0.35,0.38,58,"Up",0.75,21.75,"Down",0.35,0.344828,0.301724,False,False,False,True,"Rising","Local","Absent","Absent","Accepted","Moderate","BreaksPriorLow;AcceptanceAccepted"
755,"2026-05-12 09:30:00",28848,28861.75,28833.75,28839,3849,"InsideBar","Red","Down",0.05,0.22,28,"Down",0.05,9,"Down",0.15,0.1875,1,True,False,False,False,"Falling","Absent","Clustered","Absent","Unresolved","Minor","CloseInsidePriorRange;CompressionClustered"
756,"2026-05-12 09:35:00",28839.5,28846.5,28795.5,28812.75,6065,"LLLH","Red","Up",0.5,0.44,51,"Up",0.5,26.75,"Up",0.4,0.338235,0.25,False,False,False,True,"Rising","Local","Absent","Absent","Accepted","Minor","BreaksPriorLow;AcceptanceAccepted"
757,"2026-05-12 09:40:00",28812.25,28842.25,28807.5,28812.5,4219,"InsideBar","Black","Down",0.2,0.28,34.75,"Down",0.1,0.25,"Down",0.05,0.143885,1,True,False,False,False,"Falling","Absent","Clustered","Absent","Unresolved","Minor","CloseInsidePriorRange;CompressionClustered"
758,"2026-05-12 09:45:00",28812.25,28829.75,28769.5,28791.25,6074,"LLLH","Red","Up",0.6,0.46,60.25,"Up",0.9,21,"Up",0.4,0.360996,0.369295,False,False,False,True,"Rising","Strong","Absent","Absent","Accepted","Structural","RangePeak20;BreaksPriorLow;AcceptanceAccepted"
759,"2026-05-12 09:50:00",28791,28805.25,28756,28774.75,6185,"LLLH","Red","Up",0.7,0.48,49.25,"Down",0.45,16.25,"Down",0.25,0.380711,0.725888,True,False,False,True,"Rising","Absent","Local","Local","Contained","Moderate","BreaksPriorLow;CloseInsidePriorRange;DissipationLocal;AcceptanceContained;CompressionLocal"
760,"2026-05-12 09:55:00",28773.5,28785.75,28742,28753.5,6325,"LLLH","Red","Up",0.7,0.52,43.75,"Down",0.4,20,"Up",0.4,0.262857,0.68,False,False,False,True,"Rising","Absent","Absent","Local","Accepted","Moderate","BreaksPriorLow;DissipationLocal;AcceptanceAccepted"
761,"2026-05-12 10:00:00",28753,28769,28742.25,28749,4293,"InsideBar","Red","Down",0.25,0.26,26.75,"Down",0.05,4,"Down",0.15,0.252336,1,True,False,False,False,"Falling","Absent","Clustered","Absent","Unresolved","Minor","CloseInsidePriorRange;CompressionClustered"
762,"2026-05-12 10:05:00",28749.5,28801.5,28749,28795.75,5470,"HHHL","Black","Up",0.55,0.36,52.5,"Up",0.7,46.25,"Up",0.95,0.890476,0.380952,False,False,True,False,"Rising","Local","Absent","Absent","Accepted","Moderate","BreaksPriorHigh;AcceptanceAccepted"
763,"2026-05-12 10:10:00",28795,28838.75,28792.5,28814.25,6033,"HHHL","Black","Up",0.6,0.38,46.25,"Down",0.45,19.25,"Down",0.35,0.47027,0.194595,False,False,True,False,"Rising","Absent","Absent","Local","Accepted","Moderate","BreaksPriorHigh;DissipationLocal;AcceptanceAccepted"
764,"2026-05-12 10:15:00",28814.25,28843.75,28809,28840.25,4791,"HHHL","Black","Down",0.4,0.26,34.75,"Down",0.2,26,"Up",0.65,0.899281,0.856115,False,False,True,False,"Falling","Absent","Clustered","Local","Accepted","Minor","BreaksPriorHigh;DissipationLocal;AcceptanceAccepted;CompressionClustered"
765,"2026-05-12 10:20:00",28839.75,28883.25,28838.25,28873.25,5462,"HHHL","Black","Up",0.6,0.32,45,"Up",0.5,33.5,"Up",0.75,0.777778,0.122222,False,False,True,False,"Rising","Local","Absent","Absent","Accepted","Moderate","BreaksPriorHigh;AcceptanceAccepted"
766,"2026-05-12 10:25:00",28873.75,28929.75,28873.75,28909.75,6863,"HHHL","Black","Up",0.95,0.56,56,"Up",0.85,36,"Up",0.75,0.642857,0.169643,False,False,True,False,"Peak","Strong","Absent","Absent","Accepted","Major","VolumePeak20;RangePeak20;BreaksPriorHigh;AcceptanceAccepted"
767,"2026-05-12 10:30:00",28909,28912,28864,28888.25,5975,"LLLH","Red","Down",0.6,0.34,48,"Down",0.55,20.75,"Down",0.4,0.505208,0.796875,True,True,False,True,"Falling","Absent","Local","Local","Contained","Moderate","BreaksPriorLow;CloseInsidePriorRange;CloseInsidePriorBody;DissipationLocal;AcceptanceContained;CompressionLocal"
768,"2026-05-12 10:35:00",28888.75,28929,28882.75,28921.5,5448,"HHHL","Black","Down",0.45,0.26,46.25,"Down",0.5,32.75,"Up",0.7,0.837838,0.632432,False,False,True,False,"Falling","Absent","Absent","Local","Accepted","Minor","BreaksPriorHigh;DissipationLocal;AcceptanceAccepted"
769,"2026-05-12 10:40:00",28922,28923.25,28876.75,28899,4356,"LLLH","Red","Down",0.3,0.14,46.5,"Up",0.55,23,"Down",0.55,0.478495,0.870968,True,True,False,True,"Falling","Local","Local","Local","Contained","Minor","BreaksPriorLow;CloseInsidePriorRange;CloseInsidePriorBody;DissipationLocal;AcceptanceContained;CompressionLocal"
770,"2026-05-12 10:45:00",28899.5,28912.5,28892.5,28899.75,2658,"InsideBar","Black","Down",0.05,0.02,20,"Down",0.05,0.25,"Down",0.1,0.3625,1,True,True,False,False,"Falling","Absent","Clustered","Absent","Unresolved","Minor","CloseInsidePriorRange;CloseInsidePriorBody;CompressionClustered"
771,"2026-05-12 10:50:00",28900,28907.5,28877.75,28893.5,3080,"LLLH","Red","Up",0.1,0.04,29.75,"Up",0.2,6.5,"Up",0.2,0.529412,0.504202,True,False,False,True,"Rising","Local","Local","Absent","Contained","Minor","BreaksPriorLow;CloseInsidePriorRange;AcceptanceContained;CompressionLocal"
772,"2026-05-12 10:55:00",28894.25,28919,28879.5,28919,3389,"HHHL","Black","Up",0.15,0.06,39.5,"Up",0.35,24.75,"Up",0.65,1,0.708861,False,False,True,False,"Rising","Local","Absent","Absent","Accepted","Minor","BreaksPriorHigh;AcceptanceAccepted"
773,"2026-05-12 11:00:00",28919,28925,28895.25,28920.5,3744,"HHHL","Black","Up",0.2,0.08,29.75,"Down",0.25,1.5,"Down",0.15,0.848739,0.798319,False,False,True,False,"Rising","Absent","Absent","Local","Accepted","Minor","BreaksPriorHigh;DissipationLocal;AcceptanceAccepted"
774,"2026-05-12 11:05:00",28920.25,28942.75,28913.25,28936.75,6375,"HHHL","Black","Up",0.95,0.6,29.5,"Down",0.2,16.5,"Up",0.4,0.79661,0.398305,False,False,True,False,"Peak","Absent","Absent","Local","Accepted","Major","VolumePeak20;HighVolumeLowRange;BreaksPriorHigh;DissipationLocal;AcceptanceAccepted"
775,"2026-05-12 11:10:00",28937,28941.75,28912.25,28917.25,3278,"LLLH","Red","Down",0.15,0.06,29.5,"Flat",0.2,19.75,"Up",0.45,0.169492,0.966102,True,False,False,True,"Falling","Absent","Clustered","Local","Contained","Minor","BreaksPriorLow;CloseInsidePriorRange;DissipationLocal;AcceptanceContained;CompressionClustered"
776,"2026-05-12 11:15:00",28917.75,28949.25,28911.25,28947,3303,"OutsideBar","Black","Up",0.2,0.08,38,"Up",0.45,29.25,"Up",0.8,0.940789,0.776316,False,False,True,True,"Rising","Local","Absent","Absent","Accepted","Minor","BreaksPriorHigh;BreaksPriorLow;AcceptanceAccepted"
777,"2026-05-12 11:20:00",28946.75,28962,28931.5,28942.5,4427,"HHHL","Red","Up",0.45,0.28,30.5,"Down",0.35,4.25,"Down",0.2,0.360656,0.581967,True,True,True,False,"Rising","Absent","Local","Local","Contained","Minor","BreaksPriorHigh;CloseInsidePriorRange;CloseInsidePriorBody;DissipationLocal;AcceptanceContained;CompressionLocal"
778,"2026-05-12 11:25:00",28942.25,28962.5,28940,28957.25,3829,"HHHL","Black","Down",0.35,0.14,22.5,"Down",0.1,15,"Up",0.3,0.766667,0.977778,True,False,True,False,"Falling","Absent","Clustered","Local","Contained","Minor","BreaksPriorHigh;CloseInsidePriorRange;DissipationLocal;AcceptanceContained;CompressionClustered"
779,"2026-05-12 11:30:00",28957.75,29002.5,28957.5,28991,6921,"HHHL","Black","Up",1,0.76,45,"Up",0.7,33.25,"Up",0.85,0.744444,0.111111,False,False,True,False,"Peak","Local","Absent","Absent","Accepted","Major","VolumePeak20;BreaksPriorHigh;AcceptanceAccepted"
780,"2026-05-12 11:35:00",28990.75,29007.25,28980.75,28985.5,4564,"HHHL","Red","Down",0.55,0.32,26.5,"Down",0.15,5.25,"Down",0.25,0.179245,0.820755,True,True,True,False,"Falling","Absent","Clustered","Local","Contained","Minor","BreaksPriorHigh;CloseInsidePriorRange;CloseInsidePriorBody;DissipationLocal;AcceptanceContained;CompressionClustered"
781,"2026-05-12 11:40:00",28986,29002.25,28972.5,28983.5,4054,"LLLH","Red","Down",0.4,0.2,29.75,"Up",0.4,2.5,"Down",0.15,0.369748,0.722689,True,False,False,True,"Falling","Local","Local","Local","Contained","Minor","BreaksPriorLow;CloseInsidePriorRange;DissipationLocal;AcceptanceContained;CompressionLocal"
782,"2026-05-12 11:45:00",28983,28998.5,28977.25,28979.25,2917,"InsideBar","Red","Down",0.1,0.04,21.25,"Down",0.1,3.75,"Up",0.2,0.094118,1,True,False,False,False,"Falling","Absent","Clustered","Absent","Unresolved","Minor","CloseInsidePriorRange;CompressionClustered"
783,"2026-05-12 11:50:00",28979.5,28982.25,28947.5,28973.75,5504,"LLLH","Red","Up",0.8,0.54,34.75,"Up",0.6,5.75,"Up",0.35,0.755396,0.143885,False,False,False,True,"Peak","Local","Absent","Absent","Accepted","Major","VolumePeak20;BreaksPriorLow;AcceptanceAccepted"
784,"2026-05-12 11:55:00",28974,28997,28966.75,28985.75,3483,"HHHL","Black","Down",0.35,0.14,30.25,"Down",0.5,11.75,"Up",0.45,0.628099,0.512397,False,False,True,False,"Falling","Absent","Absent","Local","Accepted","Minor","BreaksPriorHigh;DissipationLocal;AcceptanceAccepted"
785,"2026-05-12 12:00:00",28985.25,29007,28949.75,28956,5234,"OutsideBar","Red","Up",0.7,0.46,57.25,"Up",1,29.25,"Up",0.85,0.10917,0.528384,False,False,True,True,"Rising","Climactic","Absent","Absent","Accepted","Structural","RangePeak20;RangeClimactic20;BreaksPriorHigh;BreaksPriorLow;AcceptanceAccepted"
786,"2026-05-12 12:05:00",28956.25,28987.25,28955.75,28983,2993,"InsideBar","Black","Down",0.15,0.06,31.5,"Down",0.6,26.75,"Down",0.8,0.865079,1,True,True,False,False,"Falling","Absent","Clustered","Absent","Unresolved","Moderate","CloseInsidePriorRange;CloseInsidePriorBody;CompressionClustered"
787,"2026-05-12 12:10:00",28983,29005.75,28972,28992.5,4035,"HHHL","Black","Up",0.55,0.26,33.75,"Up",0.65,9.5,"Down",0.45,0.607407,0.451852,False,False,True,False,"Rising","Local","Absent","Absent","Accepted","Moderate","BreaksPriorHigh;AcceptanceAccepted"
788,"2026-05-12 12:15:00",28991.75,29050,28991,29040,5982,"HHHL","Black","Up",0.9,0.68,59,"Up",1,48.25,"Up",1,0.830508,0.25,False,False,True,False,"Peak","Climactic","Absent","Absent","Accepted","Structural","VolumePeak20;RangePeak20;RangeClimactic20;BreaksPriorHigh;AcceptanceAccepted"
789,"2026-05-12 12:20:00",29040.25,29064,29038.25,29043.75,5663,"HHHL","Black","Down",0.85,0.64,25.75,"Down",0.2,3.5,"Down",0.2,0.213592,0.456311,True,False,True,False,"Peak","Absent","Local","Local","Contained","Major","VolumePeak20;HighVolumeLowRange;BreaksPriorHigh;CloseInsidePriorRange;DissipationLocal;AcceptanceContained;CompressionLocal"
790,"2026-05-12 12:25:00",29044,29049,29014.5,29040.75,4663,"LLLH","Red","Down",0.7,0.44,34.5,"Up",0.7,3.25,"Down",0.15,0.76087,0.311594,True,True,False,True,"Falling","Local","Local","Local","Contained","Moderate","BreaksPriorLow;CloseInsidePriorRange;CloseInsidePriorBody;DissipationLocal;AcceptanceContained;CompressionLocal"
791,"2026-05-12 12:30:00",29041.25,29054,29038.5,29047.5,2720,"HHHL","Black","Down",0.05,0.04,15.5,"Down",0.05,6.25,"Up",0.45,0.580645,0.677419,True,False,True,False,"Falling","Absent","Local","Local","Contained","Minor","BreaksPriorHigh;CloseInsidePriorRange;DissipationLocal;AcceptanceContained;CompressionLocal"
792,"2026-05-12 12:35:00",29047.5,29110,29047,29103.25,5798,"HHHL","Black","Up",0.85,0.7,63,"Up",1,55.75,"Up",1,0.892857,0.111111,False,False,True,False,"Peak","Climactic","Absent","Absent","Accepted","Structural","VolumePeak20;RangePeak20;RangeClimactic20;BreaksPriorHigh;AcceptanceAccepted"
793,"2026-05-12 12:40:00",29103.5,29113,29087.75,29108.75,5670,"HHHL","Black","Down",0.8,0.7,25.25,"Down",0.2,5.25,"Down",0.35,0.831683,0.881188,True,False,True,False,"Peak","Absent","Clustered","Local","Contained","Major","VolumePeak20;HighVolumeLowRange;BreaksPriorHigh;CloseInsidePriorRange;DissipationLocal;AcceptanceContained;CompressionClustered"
794,"2026-05-12 12:45:00",29108.75,29132,29102.75,29127.5,4299,"HHHL","Black","Down",0.5,0.38,29.25,"Up",0.35,18.75,"Up",0.65,0.846154,0.350427,False,False,True,False,"Falling","Local","Absent","Local","Accepted","Minor","BreaksPriorHigh;DissipationLocal;AcceptanceAccepted"
795,"2026-05-12 12:50:00",29127.75,29145,29112.25,29138.25,5151,"HHHL","Black","Up",0.65,0.56,32.75,"Up",0.6,10.5,"Down",0.55,0.793893,0.603053,False,False,True,False,"Rising","Local","Absent","Absent","Accepted","Moderate","BreaksPriorHigh;AcceptanceAccepted"
796,"2026-05-12 12:55:00",29137.5,29188.25,29137.25,29159.5,10606,"HHHL","Black","Up",1,1,51,"Up",0.85,22,"Up",0.75,0.436275,0.151961,False,False,True,False,"Climactic","Strong","Absent","Absent","Accepted","Structural","VolumePeak20;VolumeClimactic50;RangePeak20;BreaksPriorHigh;AcceptanceAccepted"
797,"2026-05-12 13:00:00",29160.25,29182.75,29155.25,29173,16456,"InsideBar","Black","Up",1,1,27.5,"Down",0.35,12.75,"Down",0.6,0.645455,1,True,False,False,False,"Climactic","Absent","Clustered","Local","Unresolved","Structural","VolumePeak20;VolumeClimactic50;HighVolumeLowRange;CloseInsidePriorRange;DissipationLocal;CompressionClustered"
798,"2026-05-12 13:05:00",29172.75,29176,29125.75,29128.25,7428,"LLLH","Red","Down",0.9,0.94,50.25,"Up",0.8,44.5,"Up",0.9,0.049751,0.412935,False,False,False,True,"Peak","Strong","Absent","Local","Accepted","Structural","VolumePeak20;RangePeak20;BreaksPriorLow;DissipationLocal;AcceptanceAccepted"
799,"2026-05-12 13:10:00",29128.75,29135.75,29108.25,29116.75,3037,"LLLH","Red","Down",0.2,0.1,27.5,"Down",0.35,12,"Down",0.6,0.309091,0.363636,False,False,False,True,"Falling","Absent","Absent","Local","Accepted","Minor","BreaksPriorLow;DissipationLocal;AcceptanceAccepted"
800,"2026-05-12 13:15:00",29117,29127.5,29103,29124.5,2518,"LLLH","Black","Down",0.05,0.02,24.5,"Down",0.15,7.5,"Down",0.4,0.877551,0.785714,True,True,False,True,"Falling","Absent","Local","Local","Contained","Minor","BreaksPriorLow;CloseInsidePriorRange;CloseInsidePriorBody;DissipationLocal;AcceptanceContained;CompressionLocal"
801,"2026-05-12 13:20:00",29124.75,29141.5,29120.5,29121.25,1697,"HHHL","Red","Down",0.05,0.02,21,"Down",0.1,3.5,"Down",0.15,0.035714,0.333333,True,True,True,False,"Falling","Absent","Local","Local","Contained","Minor","BreaksPriorHigh;CloseInsidePriorRange;CloseInsidePriorBody;DissipationLocal;AcceptanceContained;CompressionLocal"
802,"2026-05-12 13:25:00",29122,29132.5,29117.25,29121.5,917,"LLLH","Red","Down",0.05,0.02,15.25,"Down",0.05,0.5,"Down",0.05,0.278689,0.786885,True,True,False,True,"Falling","Absent","Local","Local","Contained","Minor","BreaksPriorLow;CloseInsidePriorRange;CloseInsidePriorBody;DissipationLocal;AcceptanceContained;CompressionLocal"
803,"2026-05-12 13:30:00",29120.75,29125.5,29106.25,29123.75,1064,"LLLH","Black","Up",0.1,0.04,19.25,"Up",0.15,3,"Up",0.1,0.909091,0.428571,True,False,False,True,"Rising","Local","Local","Absent","Contained","Minor","BreaksPriorLow;CloseInsidePriorRange;AcceptanceContained;CompressionLocal"
804,"2026-05-12 13:35:00",29124,29125.75,29108,29109.75,834,"HHHL","Red","Down",0.05,0.02,17.75,"Down",0.15,14.25,"Up",0.65,0.098592,0.985915,True,False,True,False,"Falling","Absent","Clustered","Local","Contained","Minor","BreaksPriorHigh;CloseInsidePriorRange;DissipationLocal;AcceptanceContained;CompressionClustered"
805,"2026-05-12 13:40:00",29109,29134.25,29108,29128,923,"OutsideBar","Black","Up",0.15,0.06,26.25,"Up",0.45,19,"Up",0.75,0.761905,0.67619,False,False,True,False,"Rising","Local","Absent","Absent","Accepted","Minor","BreaksPriorHigh;AcceptanceAccepted"
806,"2026-05-12 13:45:00",29128.5,29135.5,29125.25,29130.25,673,"HHHL","Black","Down",0.05,0.02,10.25,"Down",0.05,1.75,"Down",0.1,0.487805,0.878049,True,False,True,False,"Falling","Absent","Clustered","Local","Contained","Minor","BreaksPriorHigh;CloseInsidePriorRange;DissipationLocal;AcceptanceContained;CompressionClustered"
807,"2026-05-12 13:50:00",29129.5,29137,29128,29134.75,461,"HHHL","Black","Down",0.05,0.02,9,"Down",0.05,5.25,"Up",0.4,0.75,0.833333,True,False,True,False,"Falling","Absent","Clustered","Local","Contained","Minor","BreaksPriorHigh;CloseInsidePriorRange;DissipationLocal;AcceptanceContained;CompressionClustered"
808,"2026-05-12 13:55:00",29134.75,29151,29134.75,29147.5,651,"HHHL","Black","Up",0.1,0.04,16.25,"Up",0.25,12.75,"Up",0.7,0.784615,0.138462,False,False,True,False,"Rising","Local","Absent","Absent","Accepted","Minor","BreaksPriorHigh;AcceptanceAccepted"
809,"2026-05-12 14:00:00",29147.25,29149.25,29134,29134.25,501,"LLLH","Red","Down",0.1,0.04,15.25,"Down",0.2,13,"Up",0.7,0.016393,0.95082,False,False,False,True,"Falling","Absent","Clustered","Local","Accepted","Minor","BreaksPriorLow;DissipationLocal;AcceptanceAccepted;CompressionClustered"
810,"2026-05-13 06:35:00",29286.5,29288.5,29216,29257.5,16517,"HHHL","Red","Up",1,1,72.5,"Up",1,29,"Up",0.9,0.572414,0,False,False,True,False,"Climactic","Climactic","Absent","Absent","Accepted","SessionDefining","VolumePeak20;VolumeClimactic50;RangePeak20;RangeClimactic20;BreaksPriorHigh;AcceptanceAccepted"
811,"2026-05-13 06:40:00",29258.25,29261.5,29180.5,29204.25,13191,"LLLH","Red","Down",0.9,0.96,81,"Up",1,54,"Up",0.95,0.29321,0.561728,False,False,False,True,"Climactic","Climactic","Absent","Local","Accepted","SessionDefining","VolumePeak20;VolumeClimactic50;RangePeak20;RangeClimactic20;BreaksPriorLow;DissipationLocal;AcceptanceAccepted"
812,"2026-05-13 06:45:00",29204.25,29265,29190,29210.5,11573,"HHHL","Black","Down",0.85,0.94,75,"Down",0.95,6.25,"Down",0.35,0.273333,0.953333,True,True,True,False,"Peak","Climactic","Clustered","Local","Contained","Structural","VolumePeak20;RangePeak20;RangeClimactic20;BreaksPriorHigh;CloseInsidePriorRange;CloseInsidePriorBody;DissipationLocal;AcceptanceContained;CompressionClustered"
813,"2026-05-13 06:50:00",29211,29215.5,29075,29136.75,18946,"LLLH","Red","Up",1,1,140.5,"Up",1,74.25,"Up",1,0.439502,0.181495,False,False,False,True,"Climactic","Climactic","Absent","Absent","Accepted","SessionDefining","VolumePeak20;VolumeClimactic50;RangePeak20;RangeClimactic20;BreaksPriorLow;AcceptanceAccepted"
814,"2026-05-13 06:55:00",29135.75,29222.75,29096,29221.5,12648,"HHHL","Black","Down",0.8,0.92,126.75,"Down",0.95,85.75,"Up",1,0.990138,0.942801,False,False,True,False,"Peak","Climactic","Clustered","Local","Accepted","Structural","VolumePeak20;RangePeak20;RangeClimactic20;BreaksPriorHigh;DissipationLocal;AcceptanceAccepted;CompressionClustered"
815,"2026-05-13 07:00:00",29220.5,29225.75,29151.5,29169.25,11153,"HHHL","Red","Down",0.7,0.88,74.25,"Down",0.8,51.25,"Down",0.85,0.239057,0.959596,True,True,True,False,"Falling","Strong","Clustered","Local","Contained","Major","RangePeak20;BreaksPriorHigh;CloseInsidePriorRange;CloseInsidePriorBody;DissipationLocal;AcceptanceContained;CompressionClustered"
816,"2026-05-13 07:05:00",29170.25,29184.75,29140,29164.5,9414,"LLLH","Red","Down",0.65,0.84,44.75,"Down",0.65,5.75,"Down",0.3,0.547486,0.743017,True,False,False,True,"Falling","Absent","Local","Local","Contained","Moderate","BreaksPriorLow;CloseInsidePriorRange;DissipationLocal;AcceptanceContained;CompressionLocal"
817,"2026-05-13 07:10:00",29163.25,29186,29112,29145,8678,"OutsideBar","Red","Down",0.65,0.82,74,"Up",0.75,18.25,"Up",0.65,0.445946,0.60473,True,False,True,True,"Falling","Local","Local","Local","Contained","Moderate","BreaksPriorHigh;BreaksPriorLow;CloseInsidePriorRange;DissipationLocal;AcceptanceContained;CompressionLocal"
818,"2026-05-13 07:15:00",29144,29193,29131.5,29172.75,7584,"HHHL","Black","Down",0.6,0.8,61.5,"Down",0.65,28.75,"Up",0.75,0.670732,0.886179,True,False,True,False,"Falling","Absent","Clustered","Local","Contained","Moderate","BreaksPriorHigh;CloseInsidePriorRange;DissipationLocal;AcceptanceContained;CompressionClustered"
819,"2026-05-13 07:20:00",29172,29194,29149.5,29166.25,6857,"HHHL","Red","Down",0.55,0.74,44.5,"Down",0.55,5.75,"Down",0.35,0.376404,0.977528,True,True,True,False,"Falling","Absent","Clustered","Local","Contained","Minor","BreaksPriorHigh;CloseInsidePriorRange;CloseInsidePriorBody;DissipationLocal;AcceptanceContained;CompressionClustered"
820,"2026-05-13 07:25:00",29166.25,29245.25,29161.75,29239,8860,"HHHL","Black","Up",0.65,0.82,83.5,"Up",0.9,72.75,"Up",0.9,0.92515,0.386228,False,False,True,False,"Rising","Strong","Absent","Absent","Accepted","Structural","RangePeak20;BreaksPriorHigh;AcceptanceAccepted"
821,"2026-05-13 07:30:00",29239,29268.5,29227.75,29237.25,7550,"HHHL","Red","Down",0.5,0.76,40.75,"Down",0.45,1.75,"Down",0.15,0.233129,0.429448,True,True,True,False,"Falling","Absent","Local","Local","Contained","Minor","BreaksPriorHigh;CloseInsidePriorRange;CloseInsidePriorBody;DissipationLocal;AcceptanceContained;CompressionLocal"
822,"2026-05-13 07:35:00",29236,29278.5,29221.5,29274.5,6891,"OutsideBar","Black","Down",0.45,0.7,57,"Up",0.55,38.5,"Up",0.75,0.929825,0.714912,False,False,True,True,"Falling","Local","Absent","Local","Accepted","Minor","BreaksPriorHigh;BreaksPriorLow;DissipationLocal;AcceptanceAccepted"
823,"2026-05-13 07:40:00",29274.25,29280.5,29218.75,29239.5,7250,"OutsideBar","Red","Up",0.45,0.72,61.75,"Up",0.6,34.75,"Down",0.7,0.336032,0.923077,True,True,True,True,"Rising","Local","Local","Absent","Contained","Moderate","BreaksPriorHigh;BreaksPriorLow;CloseInsidePriorRange;CloseInsidePriorBody;AcceptanceContained;CompressionLocal"
824,"2026-05-13 07:45:00",29239.5,29276,29229.75,29265.25,5419,"InsideBar","Black","Down",0.3,0.54,46.25,"Down",0.45,25.75,"Down",0.55,0.767568,1,True,True,False,False,"Falling","Absent","Clustered","Absent","Unresolved","Minor","CloseInsidePriorRange;CloseInsidePriorBody;CompressionClustered"
825,"2026-05-13 07:50:00",29265.75,29279,29238.25,29270.25,4813,"HHHL","Black","Down",0.25,0.48,40.75,"Down",0.3,4.5,"Down",0.15,0.785276,0.92638,True,False,True,False,"Falling","Absent","Clustered","Local","Contained","Minor","BreaksPriorHigh;CloseInsidePriorRange;DissipationLocal;AcceptanceContained;CompressionClustered"
826,"2026-05-13 07:55:00",29270,29315,29257.25,29309.75,6050,"HHHL","Black","Up",0.3,0.64,57.75,"Up",0.5,39.75,"Up",0.75,0.909091,0.376623,False,False,True,False,"Rising","Local","Absent","Absent","Accepted","Minor","BreaksPriorHigh;AcceptanceAccepted"
827,"2026-05-13 08:00:00",29309.75,29322,29297,29317.5,4809,"HHHL","Black","Down",0.15,0.44,25,"Down",0.15,7.75,"Down",0.3,0.82,0.72,False,False,True,False,"Falling","Absent","Absent","Local","Accepted","Minor","BreaksPriorHigh;DissipationLocal;AcceptanceAccepted"
828,"2026-05-13 08:05:00",29317.5,29349.5,29315,29336,5832,"HHHL","Black","Up",0.25,0.6,34.5,"Up",0.15,18.5,"Up",0.45,0.608696,0.202899,False,False,True,False,"Rising","Local","Absent","Absent","Accepted","Minor","BreaksPriorHigh;AcceptanceAccepted"
829,"2026-05-13 08:10:00",29336,29338.5,29315.75,29331.75,4254,"InsideBar","Red","Down",0.05,0.36,22.75,"Down",0.05,4.25,"Down",0.1,0.703297,1,True,True,False,False,"Falling","Absent","Clustered","Absent","Unresolved","Minor","CloseInsidePriorRange;CloseInsidePriorBody;CompressionClustered"
830,"2026-05-13 08:15:00",29332,29335.25,29298.75,29322.75,4196,"LLLH","Red","Down",0.05,0.36,36.5,"Up",0.2,9.25,"Up",0.4,0.657534,0.534247,True,False,False,True,"Falling","Local","Local","Local","Contained","Minor","BreaksPriorLow;CloseInsidePriorRange;DissipationLocal;AcceptanceContained;CompressionLocal"
831,"2026-05-13 08:20:00",29321.75,29340,29318.75,29332,3081,"HHHL","Black","Down",0.05,0.3,21.25,"Down",0.05,10.25,"Up",0.45,0.623529,0.776471,True,True,True,False,"Falling","Absent","Local","Local","Contained","Minor","BreaksPriorHigh;CloseInsidePriorRange;CloseInsidePriorBody;DissipationLocal;AcceptanceContained;CompressionLocal"
832,"2026-05-13 08:25:00",29332.25,29341.25,29305.25,29318,3883,"OutsideBar","Red","Up",0.1,0.32,36,"Up",0.25,14.25,"Up",0.45,0.354167,0.590278,False,False,True,True,"Rising","Local","Absent","Absent","Accepted","Minor","BreaksPriorHigh;BreaksPriorLow;AcceptanceAccepted"
833,"2026-05-13 08:30:00",29318,29318.5,29281.5,29311.5,5005,"LLLH","Red","Up",0.35,0.48,37,"Up",0.35,6.5,"Down",0.3,0.810811,0.358108,True,False,False,True,"Rising","Local","Local","Absent","Contained","Minor","BreaksPriorLow;CloseInsidePriorRange;AcceptanceContained;CompressionLocal"
834,"2026-05-13 08:35:00",29312,29329.25,29284.25,29322.5,4500,"HHHL","Black","Down",0.25,0.4,45,"Up",0.6,10.5,"Up",0.5,0.85,0.761111,False,False,True,False,"Falling","Local","Absent","Local","Accepted","Moderate","BreaksPriorHigh;DissipationLocal;AcceptanceAccepted"
835,"2026-05-13 08:40:00",29322,29344.75,29316.25,29333.25,3857,"HHHL","Black","Down",0.1,0.3,28.5,"Down",0.2,11.25,"Up",0.55,0.596491,0.45614,False,False,True,False,"Falling","Absent","Absent","Local","Accepted","Minor","BreaksPriorHigh;DissipationLocal;AcceptanceAccepted"
836,"2026-05-13 08:45:00",29333.75,29386.75,29333.75,29378.5,5335,"HHHL","Black","Up",0.5,0.52,53,"Up",0.7,44.75,"Up",0.95,0.84434,0.207547,False,False,True,False,"Rising","Local","Absent","Absent","Accepted","Moderate","BreaksPriorHigh;AcceptanceAccepted"
837,"2026-05-13 08:50:00",29378.5,29379.5,29351.25,29353,4282,"InsideBar","Red","Down",0.3,0.36,28.25,"Down",0.2,25.5,"Down",0.65,0.061947,1,True,True,False,False,"Falling","Absent","Clustered","Absent","Unresolved","Minor","CloseInsidePriorRange;CloseInsidePriorBody;CompressionClustered"
838,"2026-05-13 08:55:00",29352,29353.5,29316.5,29337,4092,"LLLH","Red","Down",0.2,0.32,37,"Up",0.5,15,"Down",0.6,0.554054,0.060811,False,False,False,True,"Falling","Local","Absent","Local","Accepted","Minor","BreaksPriorLow;DissipationLocal;AcceptanceAccepted"
839,"2026-05-13 09:00:00",29337.75,29338.5,29297,29310,3670,"LLLH","Red","Down",0.1,0.28,41.5,"Up",0.65,27.75,"Up",0.75,0.313253,0.53012,False,False,False,True,"Falling","Local","Absent","Local","Accepted","Moderate","BreaksPriorLow;DissipationLocal;AcceptanceAccepted"
840,"2026-05-13 09:05:00",29310.25,29357.75,29299.25,29356.75,3988,"HHHL","Black","Up",0.25,0.34,58.5,"Up",0.95,46.5,"Up",1,0.982906,0.67094,False,False,True,False,"Rising","Climactic","Absent","Absent","Accepted","Structural","RangePeak20;RangeClimactic20;LowVolumeHighRange;BreaksPriorHigh;AcceptanceAccepted"
841,"2026-05-13 09:10:00",29356.75,29367.75,29333.25,29367.25,3327,"HHHL","Black","Down",0.1,0.26,34.5,"Down",0.35,10.5,"Down",0.4,0.985507,0.710145,False,False,True,False,"Falling","Absent","Absent","Local","Accepted","Minor","BreaksPriorHigh;DissipationLocal;AcceptanceAccepted"
842,"2026-05-13 09:15:00",29367.75,29388.25,29364,29385.75,2913,"HHHL","Black","Down",0.05,0.22,24.25,"Down",0.15,18,"Up",0.6,0.896907,0.154639,False,False,True,False,"Falling","Absent","Absent","Local","Accepted","Minor","BreaksPriorHigh;DissipationLocal;AcceptanceAccepted"
843,"2026-05-13 09:20:00",29385.75,29395.25,29374,29382.25,4252,"HHHL","Red","Up",0.5,0.42,21.25,"Down",0.1,3.5,"Down",0.05,0.388235,0.670588,True,True,True,False,"Rising","Absent","Local","Local","Contained","Minor","BreaksPriorHigh;CloseInsidePriorRange;CloseInsidePriorBody;DissipationLocal;AcceptanceContained;CompressionLocal"
844,"2026-05-13 09:25:00",29382,29441,29376.25,29430.75,6174,"HHHL","Black","Up",1,0.66,64.75,"Up",1,48.75,"Up",1,0.841699,0.293436,False,False,True,False,"Peak","Climactic","Absent","Absent","Accepted","Structural","VolumePeak20;RangePeak20;RangeClimactic20;BreaksPriorHigh;AcceptanceAccepted"
845,"2026-05-13 09:30:00",29430.75,29444.75,29410,29436.75,5492,"HHHL","Black","Down",0.85,0.6,34.75,"Down",0.5,6,"Down",0.15,0.769784,0.892086,True,False,True,False,"Peak","Absent","Clustered","Local","Contained","Major","VolumePeak20;BreaksPriorHigh;CloseInsidePriorRange;DissipationLocal;AcceptanceContained;CompressionClustered"
846,"2026-05-13 09:35:00",29436.5,29444,29413.25,29440,4665,"InsideBar","Black","Down",0.7,0.5,30.75,"Down",0.4,3.5,"Down",0.1,0.869919,1,True,False,False,False,"Falling","Absent","Clustered","Absent","Unresolved","Moderate","CloseInsidePriorRange;CompressionClustered"
847,"2026-05-13 09:40:00",29440,29449,29430.5,29431.5,3515,"HHHL","Red","Down",0.2,0.3,18.5,"Down",0.05,8.5,"Up",0.3,0.054054,0.72973,True,False,True,False,"Falling","Absent","Local","Local","Contained","Minor","BreaksPriorHigh;CloseInsidePriorRange;DissipationLocal;AcceptanceContained;CompressionLocal"
848,"2026-05-13 09:45:00",29431.5,29445.25,29431.25,29433.75,2157,"InsideBar","Black","Down",0.05,0.2,14,"Down",0.05,2.25,"Down",0.05,0.178571,1,True,True,False,False,"Falling","Absent","Clustered","Absent","Unresolved","Minor","CloseInsidePriorRange;CloseInsidePriorBody;CompressionClustered"
849,"2026-05-13 09:50:00",29433.5,29443,29422.5,29428.75,3108,"LLLH","Red","Up",0.2,0.28,20.5,"Up",0.15,4.75,"Up",0.2,0.304878,0.573171,False,False,False,True,"Rising","Local","Absent","Absent","Accepted","Minor","BreaksPriorLow;AcceptanceAccepted"
850,"2026-05-13 09:55:00",29429,29443.25,29415.5,29440.5,4052,"OutsideBar","Black","Up",0.55,0.4,27.75,"Up",0.35,11.5,"Up",0.6,0.900901,0.738739,True,False,True,True,"Rising","Local","Local","Absent","Contained","Minor","BreaksPriorHigh;BreaksPriorLow;CloseInsidePriorRange;AcceptanceContained;CompressionLocal"
851,"2026-05-13 10:00:00",29440.75,29463.5,29438.75,29447.75,5373,"HHHL","Black","Up",0.9,0.62,24.75,"Down",0.3,7,"Down",0.35,0.363636,0.181818,False,False,True,False,"Peak","Absent","Absent","Local","Accepted","Major","VolumePeak20;HighVolumeLowRange;BreaksPriorHigh;DissipationLocal;AcceptanceAccepted"
852,"2026-05-13 10:05:00",29448,29477,29448,29470.25,4799,"HHHL","Black","Down",0.75,0.52,29,"Up",0.5,22.25,"Up",0.75,0.767241,0.534483,False,False,True,False,"Falling","Local","Absent","Local","Accepted","Moderate","BreaksPriorHigh;DissipationLocal;AcceptanceAccepted"
853,"2026-05-13 10:10:00",29469.5,29492,29469,29476.75,4396,"HHHL","Black","Down",0.65,0.46,23,"Down",0.25,7.25,"Down",0.35,0.336957,0.347826,True,False,True,False,"Falling","Absent","Local","Local","Contained","Moderate","BreaksPriorHigh;CloseInsidePriorRange;DissipationLocal;AcceptanceContained;CompressionLocal"
854,"2026-05-13 10:15:00",29476.25,29492.75,29476.25,29488,2695,"HHHL","Black","Down",0.1,0.14,16.5,"Down",0.1,11.75,"Up",0.6,0.712121,0.954545,True,False,True,False,"Falling","Absent","Clustered","Local","Contained","Minor","BreaksPriorHigh;CloseInsidePriorRange;DissipationLocal;AcceptanceContained;CompressionClustered"
855,"2026-05-13 10:20:00",29488,29496.25,29477.25,29484.75,3203,"HHHL","Red","Up",0.25,0.2,19,"Up",0.2,3.25,"Down",0.1,0.394737,0.815789,True,True,True,False,"Rising","Local","Local","Absent","Contained","Minor","BreaksPriorHigh;CloseInsidePriorRange;CloseInsidePriorBody;AcceptanceContained;CompressionLocal"
856,"2026-05-13 10:25:00",29485.25,29486.5,29467.25,29467.75,2438,"LLLH","Red","Down",0.1,0.1,19.25,"Up",0.25,17.5,"Up",0.7,0.025974,0.480519,False,False,False,True,"Falling","Local","Absent","Local","Accepted","Minor","BreaksPriorLow;DissipationLocal;AcceptanceAccepted"
857,"2026-05-13 10:30:00",29467.75,29493.25,29463.75,29487.25,2754,"OutsideBar","Black","Up",0.2,0.12,29.5,"Up",0.65,19.5,"Up",0.8,0.79661,0.652542,False,False,True,True,"Rising","Local","Absent","Absent","Accepted","Moderate","BreaksPriorHigh;BreaksPriorLow;AcceptanceAccepted"
858,"2026-05-13 10:35:00",29486.5,29492,29465.75,29470.75,2586,"InsideBar","Red","Down",0.15,0.08,26.25,"Down",0.55,15.75,"Down",0.65,0.190476,1,True,True,False,False,"Falling","Absent","Clustered","Absent","Unresolved","Minor","CloseInsidePriorRange;CloseInsidePriorBody;CompressionClustered"
859,"2026-05-13 10:40:00",29470.75,29478.25,29465,29468.5,2870,"LLLH","Red","Up",0.3,0.12,13.25,"Down",0.05,2.25,"Down",0.1,0.264151,0.943396,True,False,False,True,"Rising","Absent","Clustered","Local","Contained","Minor","BreaksPriorLow;CloseInsidePriorRange;DissipationLocal;AcceptanceContained;CompressionClustered"
860,"2026-05-13 10:45:00",29468.5,29482.25,29466.25,29480.25,1786,"HHHL","Black","Down",0.05,0.02,16,"Up",0.15,11.75,"Up",0.7,0.875,0.75,False,False,True,False,"Falling","Local","Absent","Local","Accepted","Minor","BreaksPriorHigh;DissipationLocal;AcceptanceAccepted"
861,"2026-05-13 10:50:00",29480.5,29488.75,29473,29478,2078,"HHHL","Red","Up",0.1,0.04,15.75,"Down",0.15,2.5,"Down",0.15,0.31746,0.587302,True,True,True,False,"Rising","Absent","Local","Local","Contained","Minor","BreaksPriorHigh;CloseInsidePriorRange;CloseInsidePriorBody;DissipationLocal;AcceptanceContained;CompressionLocal"
862,"2026-05-13 10:55:00",29477.75,29488.25,29477,29477.75,1256,"InsideBar","Neutral","Down",0.05,0.02,11.25,"Down",0.05,0,"Down",0.05,0.066667,1,True,False,False,False,"Falling","Absent","Clustered","Absent","Unresolved","Minor","CloseInsidePriorRange;CompressionClustered"
863,"2026-05-13 11:00:00",29477.5,29481.5,29442.5,29444.25,2960,"LLLH","Red","Up",0.5,0.22,39,"Up",0.95,33.25,"Up",0.95,0.044872,0.115385,False,False,False,True,"Rising","Climactic","Absent","Absent","Accepted","Structural","RangePeak20;RangeClimactic20;BreaksPriorLow;AcceptanceAccepted"
864,"2026-05-13 11:05:00",29445.25,29477.5,29441.5,29475,4151,"LLLH","Black","Up",0.75,0.46,36,"Down",0.95,29.75,"Down",0.95,0.930556,0.972222,True,True,False,True,"Rising","Climactic","Clustered","Local","Contained","Structural","RangePeak20;RangeClimactic20;BreaksPriorLow;CloseInsidePriorRange;CloseInsidePriorBody;DissipationLocal;AcceptanceContained;CompressionClustered"
865,"2026-05-13 11:10:00",29476.25,29490.75,29471.75,29487.75,2802,"HHHL","Black","Down",0.45,0.18,19,"Down",0.45,11.5,"Down",0.6,0.842105,0.302632,False,False,True,False,"Falling","Absent","Absent","Local","Accepted","Minor","BreaksPriorHigh;DissipationLocal;AcceptanceAccepted"
866,"2026-05-13 11:15:00",29487.25,29523.5,29486.5,29521.75,5074,"HHHL","Black","Up",0.95,0.72,37,"Up",0.95,34.5,"Up",1,0.952703,0.114865,False,False,True,False,"Peak","Climactic","Absent","Absent","Accepted","Structural","VolumePeak20;RangePeak20;RangeClimactic20;BreaksPriorHigh;AcceptanceAccepted"
867,"2026-05-13 11:20:00",29522,29549.5,29522,29544.25,7232,"HHHL","Black","Up",1,0.92,27.5,"Down",0.7,22.25,"Down",0.85,0.809091,0.054545,False,False,True,False,"Peak","Absent","Absent","Local","Accepted","Structural","VolumePeak20;BreaksPriorHigh;DissipationLocal;AcceptanceAccepted"
868,"2026-05-13 11:25:00",29544.75,29565.5,29541.5,29550.25,5159,"HHHL","Black","Down",0.9,0.74,24,"Down",0.55,5.5,"Down",0.3,0.364583,0.333333,False,False,True,False,"Peak","Absent","Absent","Local","Accepted","Major","VolumePeak20;BreaksPriorHigh;DissipationLocal;AcceptanceAccepted"
869,"2026-05-13 11:30:00",29550.25,29564,29547.75,29550.5,2966,"InsideBar","Black","Down",0.55,0.26,16.25,"Down",0.25,0.25,"Down",0.1,0.169231,1,True,False,False,False,"Falling","Absent","Clustered","Absent","Unresolved","Minor","CloseInsidePriorRange;CompressionClustered"
870,"2026-05-13 11:35:00",29549.75,29555.75,29535.5,29543.75,3643,"LLLH","Red","Up",0.65,0.38,20.25,"Up",0.5,6,"Up",0.35,0.407407,0.395062,False,False,False,True,"Rising","Local","Absent","Absent","Accepted","Moderate","BreaksPriorLow;AcceptanceAccepted"
871,"2026-05-13 11:40:00",29544.25,29545.25,29510.5,29526.25,3950,"LLLH","Red","Up",0.7,0.46,34.75,"Up",0.85,18,"Up",0.7,0.453237,0.280576,False,False,False,True,"Rising","Strong","Absent","Absent","Accepted","Major","RangePeak20;BreaksPriorLow;AcceptanceAccepted"
872,"2026-05-13 11:45:00",29526.75,29535.5,29513.5,29513.5,2577,"InsideBar","Red","Down",0.25,0.12,22,"Down",0.55,13.25,"Down",0.6,0,1,True,False,False,False,"Falling","Absent","Clustered","Absent","Unresolved","Minor","CloseInsidePriorRange;CompressionClustered"
873,"2026-05-13 11:50:00",29514,29523.5,29503.5,29512.5,3115,"LLLH","Red","Up",0.65,0.34,20,"Down",0.5,1.5,"Down",0.15,0.45,0.5,False,False,False,True,"Rising","Absent","Absent","Local","Accepted","Moderate","BreaksPriorLow;DissipationLocal;AcceptanceAccepted"
874,"2026-05-13 11:55:00",29512.25,29513.75,29497.75,29506.75,3606,"LLLH","Red","Up",0.7,0.42,16,"Down",0.25,5.5,"Up",0.4,0.5625,0.640625,True,False,False,True,"Rising","Absent","Local","Local","Contained","Moderate","BreaksPriorLow;CloseInsidePriorRange;DissipationLocal;AcceptanceContained;CompressionLocal"
875,"2026-05-13 12:00:00",29506.75,29506.75,29466.75,29472.25,3531,"LLLH","Red","Down",0.65,0.42,40,"Up",1,34.5,"Up",1,0.1375,0.225,False,False,False,True,"Falling","Climactic","Absent","Local","Accepted","Structural","RangePeak20;RangeClimactic20;BreaksPriorLow;DissipationLocal;AcceptanceAccepted"
876,"2026-05-13 12:05:00",29472.5,29495.25,29471,29490.25,3609,"InsideBar","Black","Up",0.7,0.46,24.25,"Down",0.6,17.75,"Down",0.65,0.793814,1,True,True,False,False,"Rising","Absent","Clustered","Local","Unresolved","Moderate","CloseInsidePriorRange;CloseInsidePriorBody;DissipationLocal;CompressionClustered"
877,"2026-05-13 12:10:00",29490.25,29520.25,29478.25,29517.25,3660,"HHHL","Black","Up",0.75,0.5,42,"Up",1,27,"Up",0.8,0.928571,0.404762,False,False,True,False,"Rising","Climactic","Absent","Absent","Accepted","Structural","RangePeak20;RangeClimactic20;BreaksPriorHigh;AcceptanceAccepted"
878,"2026-05-13 12:15:00",29517.25,29527.5,29508.75,29525.25,2907,"HHHL","Black","Down",0.35,0.24,18.75,"Down",0.35,8,"Down",0.45,0.88,0.613333,False,False,True,False,"Falling","Absent","Absent","Local","Accepted","Minor","BreaksPriorHigh;DissipationLocal;AcceptanceAccepted"
879,"2026-05-13 12:20:00",29525,29540,29515.75,29536,2283,"HHHL","Black","Down",0.2,0.1,24.25,"Up",0.65,11,"Up",0.45,0.835052,0.484536,False,False,True,False,"Falling","Local","Absent","Local","Accepted","Moderate","BreaksPriorHigh;DissipationLocal;AcceptanceAccepted"
880,"2026-05-13 12:25:00",29537.75,29540,29502.75,29506,3199,"OutsideBar","Red","Up",0.5,0.4,37.25,"Up",0.85,31.75,"Up",0.85,0.087248,0.651007,False,False,False,True,"Rising","Strong","Absent","Absent","Accepted","Major","RangePeak20;BreaksPriorLow;AcceptanceAccepted"
881,"2026-05-13 12:30:00",29506,29525.5,29499.5,29525.5,2969,"LLLH","Black","Down",0.4,0.34,26,"Down",0.6,19.5,"Down",0.65,1,0.875,True,True,False,True,"Falling","Absent","Clustered","Local","Contained","Moderate","BreaksPriorLow;CloseInsidePriorRange;CloseInsidePriorBody;DissipationLocal;AcceptanceContained;CompressionClustered"
882,"2026-05-13 12:35:00",29526,29528.75,29512,29515.5,2593,"HHHL","Red","Down",0.15,0.18,16.75,"Down",0.15,10.5,"Down",0.35,0.208955,0.80597,True,True,True,False,"Falling","Absent","Clustered","Local","Contained","Minor","BreaksPriorHigh;CloseInsidePriorRange;CloseInsidePriorBody;DissipationLocal;AcceptanceContained;CompressionClustered"
883,"2026-05-13 12:40:00",29515.75,29531.5,29510,29526.75,2387,"OutsideBar","Black","Down",0.1,0.12,21.5,"Up",0.4,11,"Up",0.45,0.77907,0.77907,True,False,True,True,"Falling","Local","Local","Local","Contained","Minor","BreaksPriorHigh;BreaksPriorLow;CloseInsidePriorRange;DissipationLocal;AcceptanceContained;CompressionLocal"
884,"2026-05-13 12:45:00",29527,29535.75,29523.25,29532,2565,"HHHL","Black","Up",0.15,0.16,12.5,"Down",0.05,5,"Down",0.15,0.7,0.66,False,False,True,False,"Rising","Absent","Absent","Local","Accepted","Minor","BreaksPriorHigh;DissipationLocal;AcceptanceAccepted"
885,"2026-05-13 12:50:00",29532.25,29539.5,29526.5,29530.75,2863,"HHHL","Red","Up",0.3,0.3,13,"Up",0.1,1.5,"Down",0.15,0.326923,0.711538,True,True,True,False,"Rising","Local","Local","Absent","Contained","Minor","BreaksPriorHigh;CloseInsidePriorRange;CloseInsidePriorBody;AcceptanceContained;CompressionLocal"
886,"2026-05-13 12:55:00",29530.75,29530.75,29449.5,29459.5,10662,"LLLH","Red","Up",1,1,81.25,"Up",1,71.25,"Up",1,0.123077,0.052308,False,False,False,True,"Climactic","Climactic","Absent","Absent","Accepted","SessionDefining","VolumePeak20;VolumeClimactic50;RangePeak20;RangeClimactic20;BreaksPriorLow;AcceptanceAccepted"
887,"2026-05-13 13:00:00",29459.75,29485.75,29458,29477,11411,"InsideBar","Black","Up",1,1,27.75,"Down",0.75,17.25,"Down",0.65,0.684685,1,True,True,False,False,"Climactic","Absent","Clustered","Local","Unresolved","Structural","VolumePeak20;VolumeClimactic50;CloseInsidePriorRange;CloseInsidePriorBody;DissipationLocal;CompressionClustered"
888,"2026-05-13 13:05:00",29476.75,29488,29448.75,29459.25,5338,"OutsideBar","Red","Down",0.9,0.88,39.25,"Up",0.85,17.5,"Up",0.65,0.267516,0.707006,True,False,True,True,"Peak","Strong","Local","Local","Contained","Major","VolumePeak20;RangePeak20;BreaksPriorHigh;BreaksPriorLow;CloseInsidePriorRange;DissipationLocal;AcceptanceContained;CompressionLocal"
889,"2026-05-13 13:10:00",29460.25,29509.5,29453.5,29506.5,3433,"HHHL","Black","Down",0.55,0.54,56,"Up",0.95,46.25,"Up",0.95,0.946429,0.616071,False,False,True,False,"Falling","Climactic","Absent","Local","Accepted","Structural","RangePeak20;RangeClimactic20;BreaksPriorHigh;DissipationLocal;AcceptanceAccepted"
890,"2026-05-13 13:15:00",29506.25,29519,29501,29511,1836,"HHHL","Black","Down",0.05,0.06,18,"Down",0.25,4.75,"Down",0.15,0.555556,0.472222,False,False,True,False,"Falling","Absent","Absent","Local","Accepted","Minor","BreaksPriorHigh;DissipationLocal;AcceptanceAccepted"
891,"2026-05-13 13:20:00",29511.25,29521,29508.5,29518,1155,"HHHL","Black","Down",0.05,0.02,12.5,"Down",0.1,6.75,"Up",0.3,0.76,0.84,True,False,True,False,"Falling","Absent","Clustered","Local","Contained","Minor","BreaksPriorHigh;CloseInsidePriorRange;DissipationLocal;AcceptanceContained;CompressionClustered"
892,"2026-05-13 13:25:00",29518.25,29523.75,29511.25,29520.75,841,"HHHL","Black","Down",0.05,0.02,12.5,"Flat",0.15,2.5,"Down",0.15,0.76,0.78,True,False,True,False,"Falling","Absent","Local","Local","Contained","Minor","BreaksPriorHigh;CloseInsidePriorRange;DissipationLocal;AcceptanceContained;CompressionLocal"
893,"2026-05-13 13:30:00",29520.75,29521.75,29511.25,29518.25,558,"InsideBar","Red","Down",0.05,0.02,10.5,"Down",0.05,2.5,"Flat",0.15,0.666667,1,True,True,False,False,"Falling","Absent","Clustered","Absent","Unresolved","Minor","CloseInsidePriorRange;CloseInsidePriorBody;CompressionClustered"
894,"2026-05-13 13:35:00",29518.25,29543,29518,29542.5,818,"HHHL","Black","Up",0.1,0.04,25,"Up",0.6,24.25,"Up",0.75,0.98,0.15,False,False,True,False,"Rising","Local","Absent","Absent","Accepted","Moderate","BreaksPriorHigh;AcceptanceAccepted"
895,"2026-05-13 13:40:00",29542.75,29547,29537.25,29544,831,"HHHL","Black","Up",0.15,0.06,9.75,"Down",0.05,1.25,"Down",0.05,0.692308,0.589744,False,False,True,False,"Rising","Absent","Absent","Local","Accepted","Minor","BreaksPriorHigh;DissipationLocal;AcceptanceAccepted"
896,"2026-05-13 13:45:00",29544.75,29545.5,29535.25,29539.75,489,"LLLH","Red","Down",0.05,0.02,10.25,"Up",0.1,5,"Up",0.35,0.439024,0.804878,True,False,False,True,"Falling","Local","Local","Local","Contained","Minor","BreaksPriorLow;CloseInsidePriorRange;DissipationLocal;AcceptanceContained;CompressionLocal"
897,"2026-05-13 13:50:00",29539.75,29539.75,29531.75,29535,525,"LLLH","Red","Up",0.1,0.04,8,"Down",0.05,4.75,"Down",0.3,0.40625,0.5625,False,False,False,True,"Rising","Absent","Absent","Local","Accepted","Minor","BreaksPriorLow;DissipationLocal;AcceptanceAccepted"
898,"2026-05-13 13:55:00",29536,29540.5,29534.5,29537.5,449,"HHHL","Black","Down",0.05,0.02,6,"Down",0.05,1.5,"Down",0.15,0.5,0.875,True,True,True,False,"Falling","Absent","Clustered","Local","Contained","Minor","BreaksPriorHigh;CloseInsidePriorRange;CloseInsidePriorBody;DissipationLocal;AcceptanceContained;CompressionClustered"
899,"2026-05-13 14:00:00",29537.5,29540.75,29534,29536,532,"OutsideBar","Red","Up",0.2,0.08,6.75,"Up",0.1,1.5,"Flat",0.2,0.296296,0.888889,True,True,True,True,"Rising","Local","Local","Absent","Contained","Minor","BreaksPriorHigh;BreaksPriorLow;CloseInsidePriorRange;CloseInsidePriorBody;AcceptanceContained;CompressionLocal"
900,"2026-05-14 06:35:00",29476.25,29552,29458.5,29550,17009,"OutsideBar","Black","Up",1,1,93.5,"Up",1,73.75,"Up",1,0.97861,0.072193,False,False,True,True,"Climactic","Climactic","Absent","Absent","Accepted","SessionDefining","VolumePeak20;VolumeClimactic50;RangePeak20;RangeClimactic20;BreaksPriorHigh;BreaksPriorLow;AcceptanceAccepted"
901,"2026-05-14 06:40:00",29551,29599.75,29540.25,29586.5,12885,"HHHL","Black","Down",0.95,0.98,59.5,"Down",0.9,35.5,"Down",0.85,0.777311,0.197479,False,False,True,False,"Climactic","Strong","Absent","Local","Accepted","Structural","VolumePeak20;VolumeClimactic50;RangePeak20;BreaksPriorHigh;DissipationLocal;AcceptanceAccepted"
902,"2026-05-14 06:45:00",29586,29628.5,29574.5,29626,11479,"HHHL","Black","Down",0.9,0.96,54,"Down",0.8,40,"Up",0.85,0.953704,0.467593,False,False,True,False,"Climactic","Strong","Absent","Local","Accepted","Structural","VolumePeak20;VolumeClimactic50;RangePeak20;BreaksPriorHigh;DissipationLocal;AcceptanceAccepted"
903,"2026-05-14 06:50:00",29625.5,29680.75,29625.25,29665.5,15908,"HHHL","Black","Up",0.95,0.98,55.5,"Up",0.8,40,"Flat",0.85,0.725225,0.058559,False,False,True,False,"Climactic","Strong","Absent","Absent","Accepted","Structural","VolumePeak20;VolumeClimactic50;RangePeak20;BreaksPriorHigh;AcceptanceAccepted"
904,"2026-05-14 06:55:00",29666,29684.75,29605.5,29609.25,12246,"OutsideBar","Red","Down",0.85,0.94,79.25,"Up",0.9,56.75,"Up",0.9,0.047319,0.700315,False,False,True,True,"Peak","Strong","Absent","Local","Accepted","Structural","VolumePeak20;RangePeak20;BreaksPriorHigh;BreaksPriorLow;DissipationLocal;AcceptanceAccepted"
905,"2026-05-14 07:00:00",29609,29624.75,29526.75,29541.75,12190,"LLLH","Red","Down",0.8,0.92,98,"Up",1,67.25,"Up",0.9,0.153061,0.196429,False,False,False,True,"Peak","Climactic","Absent","Local","Accepted","Structural","VolumePeak20;RangePeak20;RangeClimactic20;BreaksPriorLow;DissipationLocal;AcceptanceAccepted"
906,"2026-05-14 07:05:00",29542,29616.75,29533,29595,11923,"InsideBar","Black","Down",0.75,0.9,83.75,"Down",0.9,53,"Down",0.85,0.740299,1,True,True,False,False,"Falling","Strong","Clustered","Absent","Unresolved","Structural","RangePeak20;CloseInsidePriorRange;CloseInsidePriorBody;CompressionClustered"
907,"2026-05-14 07:10:00",29596.25,29605.5,29541.5,29550.5,8513,"InsideBar","Red","Down",0.65,0.82,64,"Down",0.8,45.75,"Down",0.75,0.140625,1,True,True,False,False,"Falling","Strong","Clustered","Absent","Unresolved","Major","RangePeak20;CloseInsidePriorRange;CloseInsidePriorBody;CompressionClustered"
908,"2026-05-14 07:15:00",29549.5,29594.5,29537.5,29583.75,8099,"LLLH","Black","Down",0.6,0.8,57,"Down",0.7,34.25,"Down",0.55,0.811404,0.929825,True,True,False,True,"Falling","Absent","Clustered","Local","Contained","Moderate","BreaksPriorLow;CloseInsidePriorRange;CloseInsidePriorBody;DissipationLocal;AcceptanceContained;CompressionClustered"
909,"2026-05-14 07:20:00",29583,29640,29578.25,29635.5,7534,"HHHL","Black","Down",0.55,0.78,61.75,"Up",0.75,52.5,"Up",0.8,0.927126,0.263158,False,False,True,False,"Falling","Local","Absent","Local","Accepted","Moderate","BreaksPriorHigh;DissipationLocal;AcceptanceAccepted"
910,"2026-05-14 07:25:00",29634.75,29666.5,29620.75,29629.25,9199,"HHHL","Red","Up",0.65,0.82,45.75,"Down",0.5,5.5,"Down",0.4,0.185792,0.420765,True,True,True,False,"Rising","Absent","Local","Local","Contained","Moderate","BreaksPriorHigh;CloseInsidePriorRange;CloseInsidePriorBody;DissipationLocal;AcceptanceContained;CompressionLocal"
911,"2026-05-14 07:30:00",29630.5,29636.5,29595.5,29623,6236,"LLLH","Red","Down",0.45,0.72,41,"Down",0.45,7.5,"Up",0.45,0.670732,0.384146,True,False,False,True,"Falling","Absent","Local","Local","Contained","Minor","BreaksPriorLow;CloseInsidePriorRange;DissipationLocal;AcceptanceContained;CompressionLocal"
912,"2026-05-14 07:35:00",29622.25,29633.75,29607,29632.25,4490,"InsideBar","Black","Down",0.4,0.64,26.75,"Down",0.4,10,"Up",0.45,0.943925,1,True,False,False,False,"Falling","Absent","Clustered","Absent","Unresolved","Minor","CloseInsidePriorRange;CompressionClustered"
913,"2026-05-14 07:40:00",29632.75,29679.25,29623.75,29677.5,6302,"HHHL","Black","Up",0.45,0.72,55.5,"Up",0.6,44.75,"Up",0.7,0.968468,0.18018,False,False,True,False,"Rising","Local","Absent","Absent","Accepted","Moderate","BreaksPriorHigh;AcceptanceAccepted"
914,"2026-05-14 07:45:00",29677.75,29686.75,29664.5,29686.25,5319,"HHHL","Black","Down",0.35,0.66,22.25,"Down",0.3,8.5,"Down",0.4,0.977528,0.662921,False,False,True,False,"Falling","Absent","Absent","Local","Accepted","Minor","BreaksPriorHigh;DissipationLocal;AcceptanceAccepted"
915,"2026-05-14 07:50:00",29686.5,29708,29684,29706.25,7744,"HHHL","Black","Up",0.5,0.76,24,"Up",0.3,19.75,"Up",0.45,0.927083,0.114583,False,False,True,False,"Rising","Local","Absent","Absent","Accepted","Minor","BreaksPriorHigh;AcceptanceAccepted"
916,"2026-05-14 07:55:00",29706.25,29730,29682.25,29699,7767,"OutsideBar","Red","Up",0.5,0.76,47.75,"Up",0.45,7.25,"Down",0.25,0.350785,0.502618,True,True,True,True,"Rising","Local","Local","Absent","Contained","Minor","BreaksPriorHigh;BreaksPriorLow;CloseInsidePriorRange;CloseInsidePriorBody;AcceptanceContained;CompressionLocal"
917,"2026-05-14 08:00:00",29699.5,29707.75,29664,29674.25,5702,"LLLH","Red","Down",0.25,0.66,43.75,"Down",0.35,25.25,"Up",0.45,0.234286,0.582857,False,False,False,True,"Falling","Absent","Absent","Local","Accepted","Minor","BreaksPriorLow;DissipationLocal;AcceptanceAccepted"
918,"2026-05-14 08:05:00",29674.75,29707,29665,29682.75,5015,"InsideBar","Black","Down",0.15,0.6,42,"Down",0.3,8,"Down",0.25,0.422619,1,True,True,False,False,"Falling","Absent","Clustered","Absent","Unresolved","Minor","CloseInsidePriorRange;CloseInsidePriorBody;CompressionClustered"
919,"2026-05-14 08:10:00",29681.75,29719.25,29676.75,29718.25,3827,"HHHL","Black","Down",0.05,0.54,42.5,"Up",0.3,36.5,"Up",0.55,0.976471,0.711765,False,False,True,False,"Falling","Local","Absent","Local","Accepted","Minor","BreaksPriorHigh;DissipationLocal;AcceptanceAccepted"
920,"2026-05-14 08:15:00",29717.5,29734.5,29706.25,29733,3919,"HHHL","Black","Up",0.1,0.54,28.25,"Down",0.2,15.5,"Down",0.35,0.946903,0.460177,False,False,True,False,"Rising","Absent","Absent","Local","Accepted","Minor","BreaksPriorHigh;DissipationLocal;AcceptanceAccepted"
921,"2026-05-14 08:20:00",29733.25,29758.5,29731.75,29752.25,6064,"HHHL","Black","Up",0.35,0.66,26.75,"Down",0.2,19,"Up",0.4,0.766355,0.102804,False,False,True,False,"Rising","Absent","Absent","Local","Accepted","Minor","BreaksPriorHigh;DissipationLocal;AcceptanceAccepted"
922,"2026-05-14 08:25:00",29751.5,29767.75,29737.75,29754,6225,"HHHL","Black","Up",0.4,0.66,30,"Up",0.3,2.5,"Down",0.05,0.541667,0.691667,True,False,True,False,"Rising","Local","Local","Absent","Contained","Minor","BreaksPriorHigh;CloseInsidePriorRange;AcceptanceContained;CompressionLocal"
923,"2026-05-14 08:30:00",29754.5,29773.75,29752,29756.75,5610,"HHHL","Black","Down",0.3,0.6,21.75,"Down",0.05,2.25,"Down",0.05,0.218391,0.724138,True,False,True,False,"Falling","Absent","Local","Local","Contained","Minor","BreaksPriorHigh;CloseInsidePriorRange;DissipationLocal;AcceptanceContained;CompressionLocal"
924,"2026-05-14 08:35:00",29756.75,29770,29736.75,29744.75,4375,"LLLH","Red","Down",0.15,0.5,33.25,"Up",0.4,12,"Up",0.45,0.240602,0.541353,False,False,False,True,"Falling","Local","Absent","Local","Accepted","Minor","BreaksPriorLow;DissipationLocal;AcceptanceAccepted"
925,"2026-05-14 08:40:00",29744.5,29755,29727.75,29741.75,4170,"LLLH","Red","Down",0.15,0.48,27.25,"Down",0.3,2.75,"Down",0.15,0.513761,0.669725,True,False,False,True,"Falling","Absent","Local","Local","Contained","Minor","BreaksPriorLow;CloseInsidePriorRange;DissipationLocal;AcceptanceContained;CompressionLocal"
926,"2026-05-14 08:45:00",29742.25,29755.75,29729.5,29752,3605,"HHHL","Black","Down",0.05,0.4,26.25,"Down",0.2,9.75,"Up",0.45,0.857143,0.971429,True,False,True,False,"Falling","Absent","Clustered","Local","Contained","Minor","BreaksPriorHigh;CloseInsidePriorRange;DissipationLocal;AcceptanceContained;CompressionClustered"
927,"2026-05-14 08:50:00",29752.25,29754.75,29733,29745.75,3183,"InsideBar","Red","Down",0.05,0.36,21.75,"Down",0.1,6.5,"Down",0.25,0.586207,1,True,True,False,False,"Falling","Absent","Clustered","Absent","Unresolved","Minor","CloseInsidePriorRange;CloseInsidePriorBody;CompressionClustered"
928,"2026-05-14 08:55:00",29746,29757.5,29740.75,29754.75,2560,"HHHL","Black","Down",0.05,0.26,16.75,"Down",0.05,8.75,"Up",0.5,0.835821,0.835821,True,False,True,False,"Falling","Absent","Clustered","Local","Contained","Minor","BreaksPriorHigh;CloseInsidePriorRange;DissipationLocal;AcceptanceContained;CompressionClustered"
929,"2026-05-14 09:00:00",29754,29769.75,29753.25,29755.25,5183,"HHHL","Black","Up",0.5,0.54,16.5,"Down",0.05,1.25,"Down",0.05,0.121212,0.257576,True,False,True,False,"Rising","Absent","Local","Local","Contained","Minor","BreaksPriorHigh;CloseInsidePriorRange;DissipationLocal;AcceptanceContained;CompressionLocal"
930,"2026-05-14 09:05:00",29756,29772.75,29752.75,29771.75,3004,"OutsideBar","Black","Down",0.1,0.34,20,"Up",0.15,15.75,"Up",0.75,0.95,0.825,False,False,True,True,"Falling","Local","Absent","Local","Accepted","Minor","BreaksPriorHigh;BreaksPriorLow;DissipationLocal;AcceptanceAccepted"
931,"2026-05-14 09:10:00",29771.5,29779.25,29761,29765.75,3010,"HHHL","Red","Up",0.15,0.34,18.25,"Down",0.15,5.75,"Down",0.25,0.260274,0.643836,True,True,True,False,"Rising","Absent","Local","Local","Contained","Minor","BreaksPriorHigh;CloseInsidePriorRange;CloseInsidePriorBody;DissipationLocal;AcceptanceContained;CompressionLocal"
932,"2026-05-14 09:15:00",29765.75,29782,29752.5,29756,4851,"OutsideBar","Red","Up",0.5,0.5,29.5,"Up",0.65,9.75,"Up",0.6,0.118644,0.618644,False,False,True,True,"Rising","Local","Absent","Absent","Accepted","Moderate","BreaksPriorHigh;BreaksPriorLow;AcceptanceAccepted"
933,"2026-05-14 09:20:00",29755.75,29778,29747.5,29752.5,3291,"LLLH","Red","Down",0.25,0.34,30.5,"Up",0.75,3.25,"Down",0.25,0.163934,0.836066,True,False,False,True,"Falling","Local","Local","Local","Contained","Moderate","BreaksPriorLow;CloseInsidePriorRange;DissipationLocal;AcceptanceContained;CompressionLocal"
934,"2026-05-14 09:25:00",29752,29782,29750.75,29758,4929,"HHHL","Black","Up",0.6,0.5,31.25,"Up",0.75,6,"Up",0.35,0.232,0.872,True,False,True,False,"Rising","Local","Local","Absent","Contained","Moderate","BreaksPriorHigh;CloseInsidePriorRange;AcceptanceContained;CompressionLocal"
935,"2026-05-14 09:30:00",29757.75,29764.75,29714.5,29727.25,5545,"LLLH","Red","Up",0.75,0.58,50.25,"Up",1,30.5,"Up",0.95,0.253731,0.278607,False,False,False,True,"Rising","Climactic","Absent","Absent","Accepted","Structural","RangePeak20;RangeClimactic20;BreaksPriorLow;AcceptanceAccepted"
936,"2026-05-14 09:35:00",29727.5,29743.25,29697.25,29705.5,5960,"LLLH","Red","Up",0.9,0.64,46,"Down",0.95,22,"Down",0.85,0.179348,0.625,False,False,False,True,"Peak","Climactic","Absent","Local","Accepted","Structural","VolumePeak20;RangePeak20;RangeClimactic20;BreaksPriorLow;DissipationLocal;AcceptanceAccepted"
937,"2026-05-14 09:40:00",29705.25,29726.75,29705.25,29722.75,3653,"InsideBar","Black","Down",0.35,0.36,21.5,"Down",0.25,17.5,"Down",0.8,0.813953,1,True,True,False,False,"Falling","Absent","Clustered","Absent","Unresolved","Minor","CloseInsidePriorRange;CloseInsidePriorBody;CompressionClustered"
938,"2026-05-14 09:45:00",29722.5,29742,29714,29719,3826,"HHHL","Red","Up",0.4,0.38,28,"Up",0.55,3.5,"Down",0.3,0.178571,0.455357,True,True,True,False,"Rising","Local","Local","Absent","Contained","Minor","BreaksPriorHigh;CloseInsidePriorRange;CloseInsidePriorBody;AcceptanceContained;CompressionLocal"
939,"2026-05-14 09:50:00",29718,29739,29692.25,29731.75,5095,"LLLH","Black","Up",0.7,0.54,46.75,"Up",0.95,13.75,"Up",0.7,0.84492,0.534759,True,False,False,True,"Rising","Climactic","Local","Absent","Contained","Structural","RangePeak20;RangeClimactic20;BreaksPriorLow;CloseInsidePriorRange;AcceptanceContained;CompressionLocal"
940,"2026-05-14 09:55:00",29731.75,29733.75,29704.75,29732,3069,"InsideBar","Black","Down",0.2,0.26,29,"Down",0.6,0.25,"Down",0.05,0.939655,1,True,False,False,False,"Falling","Absent","Clustered","Absent","Unresolved","Moderate","CloseInsidePriorRange;CompressionClustered"
941,"2026-05-14 10:00:00",29732.5,29735.25,29696,29728,3472,"OutsideBar","Red","Up",0.35,0.3,39.25,"Up",0.85,4.5,"Up",0.4,0.815287,0.738854,True,False,True,True,"Rising","Strong","Local","Absent","Contained","Major","RangePeak20;LowVolumeHighRange;BreaksPriorHigh;BreaksPriorLow;CloseInsidePriorRange;AcceptanceContained;CompressionLocal"
942,"2026-05-14 10:05:00",29728.25,29754.5,29728,29743.75,4887,"HHHL","Black","Up",0.7,0.48,26.5,"Down",0.45,15.5,"Up",0.8,0.59434,0.273585,False,False,True,False,"Rising","Absent","Absent","Local","Accepted","Moderate","BreaksPriorHigh;DissipationLocal;AcceptanceAccepted"
943,"2026-05-14 10:10:00",29744,29744.5,29686.5,29688,4998,"LLLH","Red","Up",0.8,0.5,58,"Up",1,56,"Up",1,0.025862,0.284483,False,False,False,True,"Peak","Climactic","Absent","Absent","Accepted","Structural","VolumePeak20;RangePeak20;RangeClimactic20;BreaksPriorLow;AcceptanceAccepted"
944,"2026-05-14 10:15:00",29687.5,29706.5,29652,29660,5971,"LLLH","Red","Up",1,0.66,54.5,"Down",0.95,27.5,"Down",0.9,0.146789,0.366972,False,False,False,True,"Peak","Climactic","Absent","Local","Accepted","Structural","VolumePeak20;RangePeak20;RangeClimactic20;BreaksPriorLow;DissipationLocal;AcceptanceAccepted"
945,"2026-05-14 10:20:00",29659.25,29670,29606.5,29616.25,9496,"LLLH","Red","Up",1,0.86,63.5,"Up",1,43,"Up",0.95,0.153543,0.283465,False,False,False,True,"Peak","Climactic","Absent","Absent","Accepted","Structural","VolumePeak20;RangePeak20;RangeClimactic20;BreaksPriorLow;AcceptanceAccepted"
946,"2026-05-14 10:25:00",29617,29654.25,29615,29625.75,6467,"InsideBar","Black","Down",0.95,0.72,39.25,"Down",0.7,8.75,"Down",0.5,0.273885,1,True,True,False,False,"Peak","Absent","Clustered","Absent","Unresolved","Major","VolumePeak20;CloseInsidePriorRange;CloseInsidePriorBody;CompressionClustered"
947,"2026-05-14 10:30:00",29626.25,29649.5,29595.25,29648,7609,"LLLH","Black","Up",0.95,0.74,54.25,"Up",0.85,21.75,"Up",0.75,0.97235,0.635945,True,False,False,True,"Peak","Strong","Local","Absent","Contained","Major","VolumePeak20;RangePeak20;BreaksPriorLow;CloseInsidePriorRange;AcceptanceContained;CompressionLocal"
948,"2026-05-14 10:35:00",29648.25,29674.25,29636.75,29653.25,6247,"HHHL","Black","Down",0.85,0.66,37.5,"Down",0.55,5,"Down",0.3,0.44,0.34,False,False,True,False,"Peak","Absent","Absent","Local","Accepted","Major","VolumePeak20;BreaksPriorHigh;DissipationLocal;AcceptanceAccepted"
949,"2026-05-14 10:40:00",29654,29693.25,29652,29685.75,4432,"HHHL","Black","Down",0.4,0.3,41.25,"Up",0.65,31.75,"Up",0.9,0.818182,0.539394,False,False,True,False,"Falling","Local","Absent","Local","Accepted","Moderate","BreaksPriorHigh;DissipationLocal;AcceptanceAccepted"
950,"2026-05-14 10:45:00",29685.25,29702.5,29678.75,29697.5,3522,"HHHL","Black","Down",0.25,0.16,23.75,"Down",0.15,12.25,"Down",0.5,0.789474,0.610526,False,False,True,False,"Falling","Absent","Absent","Local","Accepted","Minor","BreaksPriorHigh;DissipationLocal;AcceptanceAccepted"
951,"2026-05-14 10:50:00",29698.5,29736,29698.5,29726.5,4616,"HHHL","Black","Up",0.4,0.36,37.5,"Up",0.5,28,"Up",0.8,0.746667,0.106667,False,False,True,False,"Rising","Local","Absent","Absent","Accepted","Minor","BreaksPriorHigh;AcceptanceAccepted"
952,"2026-05-14 10:55:00",29726,29745.75,29721.5,29736.25,3892,"HHHL","Black","Down",0.35,0.26,24.25,"Down",0.15,10.25,"Down",0.4,0.608247,0.597938,False,False,True,False,"Falling","Absent","Absent","Local","Accepted","Minor","BreaksPriorHigh;DissipationLocal;AcceptanceAccepted"
953,"2026-05-14 11:00:00",29736.5,29752.5,29729.75,29731,3528,"HHHL","Red","Down",0.2,0.18,22.75,"Down",0.1,5.5,"Down",0.25,0.054945,0.703297,True,True,True,False,"Falling","Absent","Local","Local","Contained","Minor","BreaksPriorHigh;CloseInsidePriorRange;CloseInsidePriorBody;DissipationLocal;AcceptanceContained;CompressionLocal"
954,"2026-05-14 11:05:00",29730.75,29730.75,29640.5,29655,9580,"LLLH","Red","Up",1,0.96,90.25,"Up",1,75.75,"Up",1,0.160665,0.01108,False,False,False,True,"Climactic","Climactic","Absent","Absent","Accepted","SessionDefining","VolumePeak20;VolumeClimactic50;RangePeak20;RangeClimactic20;BreaksPriorLow;AcceptanceAccepted"
955,"2026-05-14 11:10:00",29655.5,29672,29648.5,29660.25,4473,"InsideBar","Black","Down",0.45,0.38,23.5,"Down",0.15,4.75,"Down",0.2,0.5,1,True,True,False,False,"Falling","Absent","Clustered","Absent","Unresolved","Minor","CloseInsidePriorRange;CloseInsidePriorBody;CompressionClustered"
956,"2026-05-14 11:15:00",29661,29695.75,29649.25,29690,6519,"HHHL","Black","Up",0.85,0.82,46.5,"Up",0.7,29,"Up",0.8,0.876344,0.489247,False,False,True,False,"Peak","Local","Absent","Absent","Accepted","Major","VolumePeak20;BreaksPriorHigh;AcceptanceAccepted"
957,"2026-05-14 11:20:00",29690.25,29708,29681.5,29703.75,4478,"HHHL","Black","Down",0.45,0.4,26.5,"Down",0.3,13.5,"Down",0.5,0.839623,0.537736,False,False,True,False,"Falling","Absent","Absent","Local","Accepted","Minor","BreaksPriorHigh;DissipationLocal;AcceptanceAccepted"
958,"2026-05-14 11:25:00",29704.25,29706.5,29670.5,29678,3247,"LLLH","Red","Down",0.1,0.12,36,"Up",0.4,26.25,"Up",0.65,0.208333,0.694444,False,False,False,True,"Falling","Local","Absent","Local","Accepted","Minor","BreaksPriorLow;DissipationLocal;AcceptanceAccepted"
959,"2026-05-14 11:30:00",29677.75,29684.75,29660.25,29673.5,4188,"LLLH","Red","Up",0.35,0.36,24.5,"Down",0.25,4.25,"Down",0.1,0.540816,0.581633,True,False,False,True,"Rising","Absent","Local","Local","Contained","Minor","BreaksPriorLow;CloseInsidePriorRange;DissipationLocal;AcceptanceContained;CompressionLocal"
960,"2026-05-14 11:35:00",29673.75,29698,29673.75,29687.5,2986,"HHHL","Black","Down",0.05,0.04,24.25,"Down",0.25,13.75,"Up",0.5,0.56701,0.453608,False,False,True,False,"Falling","Absent","Absent","Local","Accepted","Minor","BreaksPriorHigh;DissipationLocal;AcceptanceAccepted"
961,"2026-05-14 11:40:00",29687.75,29694.5,29674.75,29683,2569,"InsideBar","Red","Down",0.05,0.04,19.75,"Down",0.05,4.75,"Down",0.15,0.417722,1,True,True,False,False,"Falling","Absent","Clustered","Absent","Unresolved","Minor","CloseInsidePriorRange;CloseInsidePriorBody;CompressionClustered"
962,"2026-05-14 11:45:00",29683,29687.25,29655,29673,2875,"LLLH","Red","Up",0.1,0.06,32.25,"Up",0.45,10,"Up",0.35,0.55814,0.387597,False,False,False,True,"Rising","Local","Absent","Absent","Accepted","Minor","BreaksPriorLow;AcceptanceAccepted"
963,"2026-05-14 11:50:00",29672.75,29689.25,29656.25,29684.5,3221,"HHHL","Black","Up",0.2,0.18,33,"Up",0.5,11.75,"Up",0.45,0.856061,0.939394,True,False,True,False,"Rising","Local","Local","Absent","Contained","Minor","BreaksPriorHigh;CloseInsidePriorRange;AcceptanceContained;CompressionLocal"
964,"2026-05-14 11:55:00",29685,29701.75,29684.25,29697.75,3127,"HHHL","Black","Down",0.2,0.16,17.5,"Down",0.05,12.75,"Up",0.55,0.771429,0.285714,False,False,True,False,"Falling","Absent","Absent","Local","Accepted","Minor","BreaksPriorHigh;DissipationLocal;AcceptanceAccepted"
965,"2026-05-14 12:00:00",29698,29717.75,29694.75,29708.5,3737,"HHHL","Black","Up",0.45,0.36,23,"Up",0.2,10.5,"Down",0.45,0.597826,0.304348,False,False,True,False,"Rising","Local","Absent","Absent","Accepted","Minor","BreaksPriorHigh;AcceptanceAccepted"
966,"2026-05-14 12:05:00",29709,29732,29709,29721.25,3722,"HHHL","Black","Down",0.45,0.36,23,"Flat",0.25,12.25,"Up",0.55,0.532609,0.380435,False,False,True,False,"Falling","Absent","Absent","Local","Accepted","Minor","BreaksPriorHigh;DissipationLocal;AcceptanceAccepted"
967,"2026-05-14 12:10:00",29720.5,29730,29703.25,29721.25,2609,"LLLH","Black","Down",0.1,0.06,26.75,"Up",0.6,0.75,"Down",0.05,0.672897,0.785047,True,True,False,True,"Falling","Local","Local","Local","Contained","Moderate","BreaksPriorLow;CloseInsidePriorRange;CloseInsidePriorBody;DissipationLocal;AcceptanceContained;CompressionLocal"
968,"2026-05-14 12:15:00",29721.25,29727.75,29692.5,29706,3718,"LLLH","Red","Up",0.5,0.38,35.25,"Up",0.75,15.25,"Up",0.75,0.382979,0.695035,True,False,False,True,"Rising","Local","Local","Absent","Contained","Moderate","BreaksPriorLow;CloseInsidePriorRange;AcceptanceContained;CompressionLocal"
969,"2026-05-14 12:20:00",29706.75,29717.25,29701.5,29710.75,2648,"InsideBar","Black","Down",0.15,0.08,15.75,"Down",0.05,4,"Down",0.1,0.587302,1,True,True,False,False,"Falling","Absent","Clustered","Absent","Unresolved","Minor","CloseInsidePriorRange;CloseInsidePriorBody;CompressionClustered"
970,"2026-05-14 12:25:00",29710.75,29735,29709.5,29717.5,4293,"HHHL","Black","Up",0.75,0.54,25.5,"Up",0.55,6.75,"Up",0.35,0.313725,0.303922,False,False,True,False,"Rising","Local","Absent","Absent","Accepted","Moderate","BreaksPriorHigh;AcceptanceAccepted"
971,"2026-05-14 12:30:00",29717.75,29719.5,29695.25,29698.75,3617,"LLLH","Red","Down",0.5,0.38,24.25,"Down",0.5,19,"Up",0.85,0.14433,0.412371,False,False,False,True,"Falling","Absent","Absent","Local","Accepted","Minor","BreaksPriorLow;DissipationLocal;AcceptanceAccepted"
972,"2026-05-14 12:35:00",29699.5,29723.5,29696.5,29710.25,3120,"HHHL","Black","Down",0.3,0.2,27,"Up",0.7,10.75,"Down",0.5,0.509259,0.851852,True,True,True,False,"Falling","Local","Local","Local","Contained","Moderate","BreaksPriorHigh;CloseInsidePriorRange;CloseInsidePriorBody;DissipationLocal;AcceptanceContained;CompressionLocal"
973,"2026-05-14 12:40:00",29710.25,29721.5,29701,29718.25,3245,"InsideBar","Black","Up",0.45,0.28,20.5,"Down",0.2,8,"Down",0.35,0.841463,1,True,False,False,False,"Rising","Absent","Clustered","Local","Unresolved","Minor","CloseInsidePriorRange;DissipationLocal;CompressionClustered"
974,"2026-05-14 12:45:00",29718,29735,29716.75,29727.25,3762,"HHHL","Black","Up",0.75,0.52,18.25,"Down",0.15,9.25,"Up",0.4,0.575342,0.260274,False,False,True,False,"Rising","Absent","Absent","Local","Accepted","Moderate","BreaksPriorHigh;DissipationLocal;AcceptanceAccepted"
975,"2026-05-14 12:50:00",29727.5,29731.25,29712.75,29717.25,3322,"LLLH","Red","Down",0.55,0.34,18.5,"Up",0.2,10.25,"Up",0.45,0.243243,0.783784,True,False,False,True,"Falling","Local","Local","Local","Contained","Minor","BreaksPriorLow;CloseInsidePriorRange;DissipationLocal;AcceptanceContained;CompressionLocal"
976,"2026-05-14 12:55:00",29717.75,29719,29690,29709,7161,"LLLH","Red","Up",1,0.94,29,"Up",0.8,8.75,"Down",0.35,0.655172,0.215517,False,False,False,True,"Peak","Strong","Absent","Absent","Accepted","Structural","VolumePeak20;RangePeak20;BreaksPriorLow;AcceptanceAccepted"
977,"2026-05-14 13:00:00",29709.5,29712.75,29678.5,29686.5,11665,"LLLH","Red","Up",1,1,34.25,"Up",0.9,23,"Up",0.95,0.233577,0.664234,False,False,False,True,"Climactic","Strong","Absent","Absent","Accepted","Structural","VolumePeak20;VolumeClimactic50;RangePeak20;BreaksPriorLow;AcceptanceAccepted"
978,"2026-05-14 13:05:00",29686.75,29737.75,29685.25,29732,6672,"HHHL","Black","Down",0.9,0.9,52.5,"Up",1,45.25,"Up",1,0.890476,0.52381,False,False,True,False,"Peak","Climactic","Absent","Local","Accepted","Structural","VolumePeak20;RangePeak20;RangeClimactic20;BreaksPriorHigh;DissipationLocal;AcceptanceAccepted"
979,"2026-05-14 13:10:00",29731.75,29731.75,29704.25,29706.25,1836,"InsideBar","Red","Down",0.05,0.02,27.5,"Down",0.7,25.5,"Down",0.95,0.072727,1,True,True,False,False,"Falling","Absent","Clustered","Absent","Unresolved","Moderate","CloseInsidePriorRange;CloseInsidePriorBody;CompressionClustered"
980,"2026-05-14 13:15:00",29707,29720.75,29706.75,29709.5,1248,"InsideBar","Black","Down",0.05,0.02,14,"Down",0.05,2.5,"Down",0.1,0.196429,1,True,True,False,False,"Falling","Absent","Clustered","Absent","Unresolved","Minor","CloseInsidePriorRange;CloseInsidePriorBody;CompressionClustered"
981,"2026-05-14 13:20:00",29708.25,29711,29676.75,29690.25,1583,"LLLH","Red","Up",0.1,0.04,34.25,"Up",0.9,18,"Up",0.8,0.394161,0.124088,False,False,False,True,"Rising","Strong","Absent","Absent","Accepted","Structural","RangePeak20;LowVolumeHighRange;BreaksPriorLow;AcceptanceAccepted"
982,"2026-05-14 13:25:00",29690,29703.25,29674.25,29687.5,838,"LLLH","Red","Down",0.05,0.02,29,"Down",0.75,2.5,"Down",0.15,0.456897,0.913793,True,False,False,True,"Falling","Absent","Clustered","Local","Contained","Moderate","BreaksPriorLow;CloseInsidePriorRange;DissipationLocal;AcceptanceContained;CompressionClustered"
983,"2026-05-14 13:30:00",29686,29687.5,29677.25,29681.75,519,"InsideBar","Red","Down",0.05,0.02,10.25,"Down",0.05,4.25,"Up",0.25,0.439024,1,True,False,False,False,"Falling","Absent","Clustered","Absent","Unresolved","Minor","CloseInsidePriorRange;CompressionClustered"
984,"2026-05-14 13:35:00",29681.5,29691.75,29678.5,29683,611,"HHHL","Black","Up",0.1,0.04,13.25,"Up",0.1,1.5,"Down",0.1,0.339623,0.679245,True,True,True,False,"Rising","Local","Local","Absent","Contained","Minor","BreaksPriorHigh;CloseInsidePriorRange;CloseInsidePriorBody;AcceptanceContained;CompressionLocal"
985,"2026-05-14 13:40:00",29682.5,29684.5,29650,29656.75,1110,"LLLH","Red","Up",0.2,0.08,34.5,"Up",0.9,25.75,"Up",0.95,0.195652,0.173913,False,False,False,True,"Rising","Strong","Absent","Absent","Accepted","Structural","RangePeak20;LowVolumeHighRange;BreaksPriorLow;AcceptanceAccepted"
986,"2026-05-14 13:45:00",29657.25,29668,29633.75,29659.25,1109,"LLLH","Black","Down",0.2,0.08,34.25,"Down",0.85,2,"Down",0.15,0.744526,0.525547,True,True,False,True,"Falling","Strong","Local","Local","Contained","Major","RangePeak20;LowVolumeHighRange;BreaksPriorLow;CloseInsidePriorRange;CloseInsidePriorBody;DissipationLocal;AcceptanceContained;CompressionLocal"
987,"2026-05-14 13:50:00",29659.25,29671.5,29657.5,29671.5,732,"HHHL","Black","Down",0.15,0.06,14,"Down",0.2,12.25,"Up",0.65,1,0.75,False,False,True,False,"Falling","Absent","Absent","Local","Accepted","Minor","BreaksPriorHigh;DissipationLocal;AcceptanceAccepted"
988,"2026-05-14 13:55:00",29671.75,29674.75,29661.75,29670.75,582,"HHHL","Red","Down",0.1,0.04,13,"Down",0.1,1,"Down",0.05,0.692308,0.75,True,True,True,False,"Falling","Absent","Local","Local","Contained","Minor","BreaksPriorHigh;CloseInsidePriorRange;CloseInsidePriorBody;DissipationLocal;AcceptanceContained;CompressionLocal"
989,"2026-05-14 14:00:00",29671,29688.5,29670,29688.5,447,"HHHL","Black","Down",0.05,0.02,18.5,"Up",0.4,17.5,"Up",0.7,1,0.256757,False,False,True,False,"Falling","Local","Absent","Local","Accepted","Minor","BreaksPriorHigh;DissipationLocal;AcceptanceAccepted"
990,"2026-05-15 06:35:00",29278,29291,29188.75,29254,20793,"LLLH","Red","Up",1,1,102.25,"Up",1,24,"Up",0.85,0.638142,0,False,False,False,True,"Climactic","Climactic","Absent","Absent","Accepted","SessionDefining","VolumePeak20;VolumeClimactic50;RangePeak20;RangeClimactic20;BreaksPriorLow;AcceptanceAccepted"
991,"2026-05-15 06:40:00",29254,29256.5,29151,29166.25,13834,"LLLH","Red","Down",0.95,0.98,105.5,"Up",1,87.75,"Up",1,0.14455,0.64218,False,False,False,True,"Climactic","Climactic","Absent","Local","Accepted","SessionDefining","VolumePeak20;VolumeClimactic50;RangePeak20;RangeClimactic20;BreaksPriorLow;DissipationLocal;AcceptanceAccepted"
992,"2026-05-15 06:45:00",29167.5,29243.75,29161,29167.5,12888,"InsideBar","Neutral","Down",0.9,0.96,82.75,"Down",0.9,0,"Down",0.05,0.07855,1,True,True,False,False,"Climactic","Strong","Clustered","Absent","Unresolved","Structural","VolumePeak20;VolumeClimactic50;RangePeak20;CloseInsidePriorRange;CloseInsidePriorBody;CompressionClustered"
993,"2026-05-15 06:50:00",29167.25,29223.5,29089.75,29219.75,19347,"LLLH","Black","Up",0.95,0.98,133.75,"Up",1,52.5,"Up",0.95,0.971963,0.46729,True,False,False,True,"Climactic","Climactic","Local","Absent","Contained","SessionDefining","VolumePeak20;VolumeClimactic50;RangePeak20;RangeClimactic20;BreaksPriorLow;CloseInsidePriorRange;AcceptanceContained;CompressionLocal"
994,"2026-05-15 06:55:00",29219.75,29273.75,29163.25,29260.5,13326,"HHHL","Black","Down",0.85,0.94,110.5,"Down",0.95,40.75,"Down",0.85,0.88009,0.545249,False,False,True,False,"Peak","Climactic","Absent","Local","Accepted","Structural","VolumePeak20;RangePeak20;RangeClimactic20;BreaksPriorHigh;DissipationLocal;AcceptanceAccepted"
995,"2026-05-15 07:00:00",29262.25,29288,29139.5,29143.75,13149,"OutsideBar","Red","Down",0.8,0.92,148.5,"Up",1,118.5,"Up",1,0.02862,0.744108,False,False,True,True,"Peak","Climactic","Absent","Local","Accepted","Structural","VolumePeak20;RangePeak20;RangeClimactic20;BreaksPriorHigh;BreaksPriorLow;DissipationLocal;AcceptanceAccepted"
996,"2026-05-15 07:05:00",29143.25,29213.25,29132,29164.5,13738,"LLLH","Black","Up",0.85,0.94,81.25,"Down",0.7,21.25,"Down",0.55,0.4,0.907692,True,True,False,True,"Peak","Absent","Clustered","Local","Contained","Structural","VolumePeak20;BreaksPriorLow;CloseInsidePriorRange;CloseInsidePriorBody;DissipationLocal;AcceptanceContained;CompressionClustered"
997,"2026-05-15 07:10:00",29164.5,29235.25,29146.5,29212.75,9262,"HHHL","Black","Down",0.65,0.82,88.75,"Up",0.75,48.25,"Up",0.85,0.746479,0.752113,True,False,True,False,"Falling","Local","Local","Local","Contained","Moderate","BreaksPriorHigh;CloseInsidePriorRange;DissipationLocal;AcceptanceContained;CompressionLocal"
998,"2026-05-15 07:15:00",29212.25,29304.75,29193.25,29301.5,11317,"HHHL","Black","Up",0.65,0.84,111.5,"Up",0.9,89.25,"Up",0.95,0.970852,0.376682,False,False,True,False,"Rising","Strong","Absent","Absent","Accepted","Structural","RangePeak20;BreaksPriorHigh;AcceptanceAccepted"
999,"2026-05-15 07:20:00",29301,29363.25,29274.25,29349,12520,"HHHL","Black","Up",0.65,0.86,89,"Down",0.7,48,"Down",0.75,0.839888,0.342697,False,False,True,False,"Rising","Absent","Absent","Local","Accepted","Moderate","BreaksPriorHigh;DissipationLocal;AcceptanceAccepted"
1000,"2026-05-15 07:25:00",29349.5,29382.75,29333.5,29340.25,10413,"HHHL","Red","Down",0.55,0.8,49.25,"Down",0.5,9.25,"Down",0.35,0.137056,0.604061,True,True,True,False,"Falling","Absent","Local","Local","Contained","Minor","BreaksPriorHigh;CloseInsidePriorRange;CloseInsidePriorBody;DissipationLocal;AcceptanceContained;CompressionLocal"
1001,"2026-05-15 07:30:00",29340.75,29344.5,29269.75,29291.5,9931,"LLLH","Red","Down",0.5,0.78,74.75,"Up",0.5,49.25,"Up",0.8,0.29097,0.147157,False,False,False,True,"Falling","Local","Absent","Local","Accepted","Minor","BreaksPriorLow;DissipationLocal;AcceptanceAccepted"
1002,"2026-05-15 07:35:00",29292.25,29347.75,29286,29341.75,7449,"HHHL","Black","Down",0.4,0.72,61.75,"Down",0.45,49.5,"Up",0.8,0.902834,0.947368,True,False,True,False,"Falling","Absent","Clustered","Local","Contained","Minor","BreaksPriorHigh;CloseInsidePriorRange;DissipationLocal;AcceptanceContained;CompressionClustered"
1003,"2026-05-15 07:40:00",29342.25,29357.25,29302.25,29323.25,6208,"HHHL","Red","Down",0.35,0.64,55,"Down",0.4,19,"Down",0.4,0.381818,0.827273,True,True,True,False,"Falling","Absent","Clustered","Local","Contained","Minor","BreaksPriorHigh;CloseInsidePriorRange;CloseInsidePriorBody;DissipationLocal;AcceptanceContained;CompressionClustered"
1004,"2026-05-15 07:45:00",29321.5,29360.5,29321.5,29347,6919,"HHHL","Black","Up",0.35,0.7,39,"Down",0.3,25.5,"Up",0.5,0.653846,0.916667,True,False,True,False,"Rising","Absent","Clustered","Local","Contained","Minor","BreaksPriorHigh;CloseInsidePriorRange;DissipationLocal;AcceptanceContained;CompressionClustered"
1005,"2026-05-15 07:50:00",29346.75,29354,29281,29290.5,7311,"LLLH","Red","Up",0.35,0.72,73,"Up",0.45,56.25,"Up",0.85,0.130137,0.445205,False,False,False,True,"Rising","Local","Absent","Absent","Accepted","Minor","BreaksPriorLow;AcceptanceAccepted"
1006,"2026-05-15 07:55:00",29291,29309.5,29247.5,29306.75,9135,"LLLH","Black","Up",0.4,0.74,62,"Down",0.4,15.75,"Down",0.25,0.955645,0.459677,True,True,False,True,"Rising","Absent","Local","Local","Contained","Minor","BreaksPriorLow;CloseInsidePriorRange;CloseInsidePriorBody;DissipationLocal;AcceptanceContained;CompressionLocal"
1007,"2026-05-15 08:00:00",29308.5,29329.25,29274.75,29280.75,6760,"HHHL","Red","Down",0.2,0.64,54.5,"Down",0.25,27.75,"Up",0.5,0.110092,0.637615,True,False,True,False,"Falling","Absent","Local","Local","Contained","Minor","BreaksPriorHigh;CloseInsidePriorRange;DissipationLocal;AcceptanceContained;CompressionLocal"
1008,"2026-05-15 08:05:00",29280.75,29312,29251.5,29281.25,6169,"LLLH","Black","Down",0.1,0.58,60.5,"Up",0.3,0.5,"Down",0.1,0.491736,0.615702,True,True,False,True,"Falling","Local","Local","Local","Contained","Minor","BreaksPriorLow;CloseInsidePriorRange;CloseInsidePriorBody;DissipationLocal;AcceptanceContained;CompressionLocal"
1009,"2026-05-15 08:10:00",29280,29320.25,29240.5,29319.75,6555,"OutsideBar","Black","Up",0.15,0.6,79.75,"Up",0.5,39.75,"Up",0.5,0.99373,0.758621,False,False,True,True,"Rising","Local","Absent","Absent","Accepted","Minor","BreaksPriorHigh;BreaksPriorLow;AcceptanceAccepted"
1010,"2026-05-15 08:15:00",29319,29325.5,29265,29285.75,6186,"HHHL","Red","Down",0.1,0.56,60.5,"Down",0.3,33.25,"Down",0.45,0.342975,0.913223,True,True,True,False,"Falling","Absent","Clustered","Local","Contained","Minor","BreaksPriorHigh;CloseInsidePriorRange;CloseInsidePriorBody;DissipationLocal;AcceptanceContained;CompressionClustered"
1011,"2026-05-15 08:20:00",29284.75,29321.5,29274.75,29313.25,4210,"InsideBar","Black","Down",0.05,0.5,46.75,"Down",0.1,28.5,"Down",0.45,0.823529,1,True,True,False,False,"Falling","Absent","Clustered","Absent","Unresolved","Minor","CloseInsidePriorRange;CloseInsidePriorBody;CompressionClustered"
1012,"2026-05-15 08:25:00",29313.5,29361,29311.75,29323,5918,"HHHL","Black","Up",0.1,0.52,49.25,"Up",0.2,9.5,"Down",0.15,0.228426,0.19797,False,False,True,False,"Rising","Local","Absent","Absent","Accepted","Minor","BreaksPriorHigh;AcceptanceAccepted"
1013,"2026-05-15 08:30:00",29323.25,29344.5,29294.25,29334,5445,"LLLH","Black","Down",0.1,0.5,50.25,"Up",0.25,10.75,"Up",0.2,0.791045,0.651741,True,False,False,True,"Falling","Local","Local","Local","Contained","Minor","BreaksPriorLow;CloseInsidePriorRange;DissipationLocal;AcceptanceContained;CompressionLocal"
1014,"2026-05-15 08:35:00",29333.75,29372,29331.5,29343.25,6473,"HHHL","Black","Up",0.35,0.58,40.5,"Down",0.1,9.5,"Down",0.2,0.290123,0.320988,True,False,True,False,"Rising","Absent","Local","Local","Contained","Minor","BreaksPriorHigh;CloseInsidePriorRange;DissipationLocal;AcceptanceContained;CompressionLocal"
1015,"2026-05-15 08:40:00",29342.25,29382,29327.5,29333.25,6042,"OutsideBar","Red","Down",0.2,0.5,54.5,"Up",0.4,9,"Down",0.1,0.105505,0.743119,True,False,True,True,"Falling","Local","Local","Local","Contained","Minor","BreaksPriorHigh;BreaksPriorLow;CloseInsidePriorRange;DissipationLocal;AcceptanceContained;CompressionLocal"
1016,"2026-05-15 08:45:00",29332.25,29344.5,29271.25,29285.25,6400,"LLLH","Red","Up",0.4,0.56,73.25,"Up",0.75,47,"Up",0.7,0.191126,0.232082,False,False,False,True,"Rising","Local","Absent","Absent","Accepted","Moderate","BreaksPriorLow;AcceptanceAccepted"
1017,"2026-05-15 08:50:00",29286,29301.25,29260.25,29268.5,5099,"LLLH","Red","Down",0.1,0.42,41,"Down",0.15,17.5,"Down",0.4,0.20122,0.731707,False,False,False,True,"Falling","Absent","Absent","Local","Accepted","Minor","BreaksPriorLow;DissipationLocal;AcceptanceAccepted"
1018,"2026-05-15 08:55:00",29269.5,29270,29228,29243.75,7548,"LLLH","Red","Up",0.8,0.72,42,"Up",0.2,25.75,"Up",0.55,0.375,0.232143,False,False,False,True,"Peak","Local","Absent","Absent","Accepted","Major","VolumePeak20;HighVolumeLowRange;BreaksPriorLow;AcceptanceAccepted"
1019,"2026-05-15 09:00:00",29243.25,29285.75,29212,29281.25,6925,"OutsideBar","Black","Down",0.7,0.64,73.75,"Up",0.9,38,"Up",0.75,0.938983,0.569492,False,False,True,True,"Falling","Strong","Absent","Local","Accepted","Structural","RangePeak20;BreaksPriorHigh;BreaksPriorLow;DissipationLocal;AcceptanceAccepted"
1020,"2026-05-15 09:05:00",29282,29313,29264.75,29279,5402,"HHHL","Red","Down",0.15,0.38,48.25,"Down",0.3,3,"Down",0.1,0.295337,0.435233,True,True,True,False,"Falling","Absent","Local","Local","Contained","Minor","BreaksPriorHigh;CloseInsidePriorRange;CloseInsidePriorBody;DissipationLocal;AcceptanceContained;CompressionLocal"
1021,"2026-05-15 09:10:00",29279.5,29301.25,29261.25,29297.25,4512,"LLLH","Black","Down",0.1,0.34,40,"Down",0.1,17.75,"Up",0.45,0.9,0.9125,True,False,False,True,"Falling","Absent","Clustered","Local","Contained","Minor","BreaksPriorLow;CloseInsidePriorRange;DissipationLocal;AcceptanceContained;CompressionClustered"
1022,"2026-05-15 09:15:00",29297.25,29298.5,29251.5,29287.25,4080,"LLLH","Red","Down",0.05,0.3,47,"Up",0.35,10,"Down",0.3,0.760638,0.792553,True,True,False,True,"Falling","Local","Local","Local","Contained","Minor","BreaksPriorLow;CloseInsidePriorRange;CloseInsidePriorBody;DissipationLocal;AcceptanceContained;CompressionLocal"
1023,"2026-05-15 09:20:00",29287.25,29288.5,29253.25,29272.75,3280,"InsideBar","Red","Down",0.05,0.24,35.25,"Down",0.05,14.5,"Up",0.4,0.553191,1,True,False,False,False,"Falling","Absent","Clustered","Absent","Unresolved","Minor","CloseInsidePriorRange;CompressionClustered"
1024,"2026-05-15 09:25:00",29272.75,29324,29268,29320.25,4359,"HHHL","Black","Up",0.2,0.32,56,"Up",0.65,47.5,"Up",0.95,0.933036,0.366071,False,False,True,False,"Rising","Local","Absent","Absent","Accepted","Moderate","BreaksPriorHigh;AcceptanceAccepted"
1025,"2026-05-15 09:30:00",29320.75,29336.5,29311.25,29332.25,4024,"HHHL","Black","Down",0.1,0.26,25.25,"Down",0.05,11.5,"Down",0.4,0.831683,0.50495,False,False,True,False,"Falling","Absent","Absent","Local","Accepted","Minor","BreaksPriorHigh;DissipationLocal;AcceptanceAccepted"
1026,"2026-05-15 09:35:00",29333,29348,29321.5,29342,3493,"HHHL","Black","Down",0.1,0.26,26.5,"Up",0.1,9,"Down",0.2,0.773585,0.566038,False,False,True,False,"Falling","Local","Absent","Local","Accepted","Minor","BreaksPriorHigh;DissipationLocal;AcceptanceAccepted"
1027,"2026-05-15 09:40:00",29342.5,29344.75,29316.25,29333.5,3243,"LLLH","Red","Down",0.05,0.24,28.5,"Up",0.15,9,"Flat",0.25,0.605263,0.815789,True,True,False,True,"Falling","Local","Local","Local","Contained","Minor","BreaksPriorLow;CloseInsidePriorRange;CloseInsidePriorBody;DissipationLocal;AcceptanceContained;CompressionLocal"
1028,"2026-05-15 09:45:00",29334.5,29346.25,29316.75,29345.25,2934,"HHHL","Black","Down",0.05,0.24,29.5,"Up",0.2,10.75,"Up",0.45,0.966102,0.949153,False,False,True,False,"Falling","Local","Absent","Local","Accepted","Minor","BreaksPriorHigh;DissipationLocal;AcceptanceAccepted"
1029,"2026-05-15 09:50:00",29345.25,29351,29329.75,29333.75,3363,"HHHL","Red","Up",0.2,0.28,21.25,"Down",0.05,11.5,"Up",0.55,0.188235,0.776471,True,False,True,False,"Rising","Absent","Local","Local","Contained","Minor","BreaksPriorHigh;CloseInsidePriorRange;DissipationLocal;AcceptanceContained;CompressionLocal"
1030,"2026-05-15 09:55:00",29333,29350.25,29279.75,29286.5,4309,"LLLH","Red","Up",0.45,0.36,70.5,"Up",0.9,46.5,"Up",0.9,0.095745,0.29078,False,False,False,True,"Rising","Strong","Absent","Absent","Accepted","Structural","RangePeak20;BreaksPriorLow;AcceptanceAccepted"
1031,"2026-05-15 10:00:00",29286,29330,29285,29324.25,3775,"InsideBar","Black","Down",0.3,0.28,45,"Down",0.55,38.25,"Down",0.85,0.872222,1,True,True,False,False,"Falling","Absent","Clustered","Absent","Unresolved","Minor","CloseInsidePriorRange;CloseInsidePriorBody;CompressionClustered"
1032,"2026-05-15 10:05:00",29323,29339,29312,29325.5,3209,"HHHL","Black","Down",0.1,0.18,27,"Down",0.2,2.5,"Down",0.05,0.5,0.666667,True,False,True,False,"Falling","Absent","Local","Local","Contained","Minor","BreaksPriorHigh;CloseInsidePriorRange;DissipationLocal;AcceptanceContained;CompressionLocal"
1033,"2026-05-15 10:10:00",29326,29355.25,29319.75,29350,3138,"HHHL","Black","Down",0.1,0.16,35.5,"Up",0.4,24,"Up",0.7,0.852113,0.542254,False,False,True,False,"Falling","Local","Absent","Local","Accepted","Minor","BreaksPriorHigh;DissipationLocal;AcceptanceAccepted"
1034,"2026-05-15 10:15:00",29350,29363,29341.75,29362.5,2934,"HHHL","Black","Down",0.1,0.14,21.25,"Down",0.1,12.5,"Down",0.5,0.976471,0.635294,False,False,True,False,"Falling","Absent","Absent","Local","Accepted","Minor","BreaksPriorHigh;DissipationLocal;AcceptanceAccepted"
1035,"2026-05-15 10:20:00",29362.5,29366.75,29341.25,29366.25,3129,"OutsideBar","Black","Up",0.15,0.14,25.5,"Up",0.2,3.75,"Down",0.15,0.980392,0.833333,False,False,True,True,"Rising","Local","Absent","Absent","Accepted","Minor","BreaksPriorHigh;BreaksPriorLow;AcceptanceAccepted"
1036,"2026-05-15 10:25:00",29366.25,29408,29359.75,29402,4303,"HHHL","Black","Up",0.65,0.34,48.25,"Up",0.85,35.75,"Up",0.8,0.875648,0.145078,False,False,True,False,"Rising","Strong","Absent","Absent","Accepted","Major","RangePeak20;BreaksPriorHigh;AcceptanceAccepted"
1037,"2026-05-15 10:30:00",29402,29430,29401.25,29417.75,4664,"HHHL","Black","Up",0.85,0.4,28.75,"Down",0.4,15.75,"Down",0.6,0.573913,0.234783,False,False,True,False,"Peak","Absent","Absent","Local","Accepted","Major","VolumePeak20;HighVolumeLowRange;BreaksPriorHigh;DissipationLocal;AcceptanceAccepted"
1038,"2026-05-15 10:35:00",29417.75,29444,29413.25,29441.5,4042,"HHHL","Black","Down",0.6,0.26,30.75,"Up",0.5,23.75,"Up",0.7,0.918699,0.544715,False,False,True,False,"Falling","Local","Absent","Local","Accepted","Moderate","BreaksPriorHigh;DissipationLocal;AcceptanceAccepted"
1039,"2026-05-15 10:40:00",29441.75,29446.75,29423.75,29439.25,3551,"HHHL","Red","Down",0.5,0.2,23,"Down",0.15,2.5,"Down",0.1,0.673913,0.880435,True,True,True,False,"Falling","Absent","Clustered","Local","Contained","Minor","BreaksPriorHigh;CloseInsidePriorRange;CloseInsidePriorBody;DissipationLocal;AcceptanceContained;CompressionClustered"
1040,"2026-05-15 10:45:00",29439.75,29443.5,29404.75,29424.25,3696,"LLLH","Red","Up",0.55,0.22,38.75,"Up",0.7,15.5,"Up",0.6,0.503226,0.509677,True,False,False,True,"Rising","Local","Local","Absent","Contained","Moderate","BreaksPriorLow;CloseInsidePriorRange;AcceptanceContained;CompressionLocal"
1041,"2026-05-15 10:50:00",29425,29434.5,29412,29417,2197,"InsideBar","Red","Down",0.05,0.02,22.5,"Down",0.15,8,"Down",0.2,0.222222,1,True,False,False,False,"Falling","Absent","Clustered","Absent","Unresolved","Minor","CloseInsidePriorRange;CompressionClustered"
1042,"2026-05-15 10:55:00",29417,29442.25,29417,29438,2404,"HHHL","Black","Up",0.1,0.04,25.25,"Up",0.3,21,"Up",0.7,0.831683,0.693069,False,False,True,False,"Rising","Local","Absent","Absent","Accepted","Minor","BreaksPriorHigh;AcceptanceAccepted"
1043,"2026-05-15 11:00:00",29438.5,29453.75,29425.5,29447.25,2808,"HHHL","Black","Up",0.15,0.06,28.25,"Up",0.5,8.75,"Down",0.25,0.769912,0.59292,False,False,True,False,"Rising","Local","Absent","Absent","Accepted","Minor","BreaksPriorHigh;AcceptanceAccepted"
1044,"2026-05-15 11:05:00",29449,29465,29446.75,29462,3694,"HHHL","Black","Up",0.65,0.28,18.25,"Down",0.05,13,"Up",0.6,0.835616,0.383562,False,False,True,False,"Rising","Absent","Absent","Local","Accepted","Moderate","BreaksPriorHigh;DissipationLocal;AcceptanceAccepted"
1045,"2026-05-15 11:10:00",29462.5,29486.75,29460.75,29469.75,4954,"HHHL","Black","Up",1,0.52,26,"Up",0.4,7.25,"Down",0.2,0.346154,0.163462,False,False,True,False,"Peak","Local","Absent","Absent","Accepted","Major","VolumePeak20;HighVolumeLowRange;BreaksPriorHigh;AcceptanceAccepted"
1046,"2026-05-15 11:15:00",29468.75,29485.5,29464.5,29468.75,3352,"InsideBar","Neutral","Down",0.5,0.22,21,"Down",0.1,0,"Down",0.05,0.202381,1,True,True,False,False,"Falling","Absent","Clustered","Absent","Unresolved","Minor","CloseInsidePriorRange;CloseInsidePriorBody;CompressionClustered"
1047,"2026-05-15 11:20:00",29468.5,29472.25,29387.75,29396.25,6935,"LLLH","Red","Up",1,0.84,84.5,"Up",1,72.25,"Up",1,0.100592,0.091716,False,False,False,True,"Peak","Climactic","Absent","Absent","Accepted","Structural","VolumePeak20;RangePeak20;RangeClimactic20;BreaksPriorLow;AcceptanceAccepted"
1048,"2026-05-15 11:25:00",29395.75,29442,29389.75,29421.5,5267,"InsideBar","Black","Down",0.95,0.58,52.25,"Down",0.9,25.75,"Down",0.8,0.607656,1,True,True,False,False,"Peak","Strong","Clustered","Absent","Unresolved","Structural","VolumePeak20;RangePeak20;CloseInsidePriorRange;CloseInsidePriorBody;CompressionClustered"
1049,"2026-05-15 11:30:00",29421.5,29432,29376,29384.75,4377,"LLLH","Red","Down",0.8,0.5,56,"Up",0.9,36.75,"Up",0.85,0.15625,0.754464,False,False,False,True,"Peak","Strong","Absent","Local","Accepted","Structural","VolumePeak20;RangePeak20;BreaksPriorLow;DissipationLocal;AcceptanceAccepted"
1050,"2026-05-15 11:35:00",29385.5,29389.5,29316,29340.5,7641,"LLLH","Red","Up",1,0.96,73.5,"Up",0.95,45,"Up",0.95,0.333333,0.183673,False,False,False,True,"Climactic","Climactic","Absent","Absent","Accepted","SessionDefining","VolumePeak20;VolumeClimactic50;RangePeak20;RangeClimactic20;BreaksPriorLow;AcceptanceAccepted"
1051,"2026-05-15 11:40:00",29340,29384.25,29338.75,29383,4087,"InsideBar","Black","Down",0.65,0.42,45.5,"Down",0.75,43,"Down",0.9,0.972527,1,True,True,False,False,"Falling","Absent","Clustered","Absent","Unresolved","Moderate","CloseInsidePriorRange;CloseInsidePriorBody;CompressionClustered"
1052,"2026-05-15 11:45:00",29382.25,29383,29348.5,29376,3056,"InsideBar","Red","Down",0.25,0.12,34.5,"Down",0.6,6.25,"Down",0.2,0.797101,1,True,True,False,False,"Falling","Absent","Clustered","Absent","Unresolved","Moderate","CloseInsidePriorRange;CloseInsidePriorBody;CompressionClustered"
1053,"2026-05-15 11:50:00",29376.25,29379.25,29352.75,29372.25,2453,"InsideBar","Red","Down",0.15,0.06,26.5,"Down",0.45,4,"Down",0.2,0.735849,1,True,False,False,False,"Falling","Absent","Clustered","Absent","Unresolved","Minor","CloseInsidePriorRange;CompressionClustered"
1054,"2026-05-15 11:55:00",29372,29403.5,29362.75,29399.75,3323,"HHHL","Black","Up",0.35,0.26,40.75,"Up",0.7,27.75,"Up",0.75,0.907975,0.404908,False,False,True,False,"Rising","Local","Absent","Absent","Accepted","Moderate","BreaksPriorHigh;AcceptanceAccepted"
1055,"2026-05-15 12:00:00",29400,29407,29370,29389.75,3074,"HHHL","Red","Down",0.3,0.16,37,"Down",0.6,10.25,"Down",0.4,0.533784,0.905405,True,True,True,False,"Falling","Absent","Clustered","Local","Contained","Moderate","BreaksPriorHigh;CloseInsidePriorRange;CloseInsidePriorBody;DissipationLocal;AcceptanceContained;CompressionClustered"
1056,"2026-05-15 12:05:00",29389.5,29398.25,29351,29355,3558,"LLLH","Red","Up",0.5,0.38,47.25,"Up",0.8,34.5,"Up",0.8,0.084656,0.597884,False,False,False,True,"Rising","Strong","Absent","Absent","Accepted","Major","RangePeak20;BreaksPriorLow;AcceptanceAccepted"
1057,"2026-05-15 12:10:00",29353.5,29363.5,29324,29332.25,3696,"LLLH","Red","Up",0.65,0.44,39.5,"Down",0.65,21.25,"Down",0.6,0.208861,0.316456,False,False,False,True,"Rising","Absent","Absent","Local","Accepted","Moderate","BreaksPriorLow;DissipationLocal;AcceptanceAccepted"
1058,"2026-05-15 12:15:00",29331.5,29332.5,29300,29322,4728,"LLLH","Red","Up",0.8,0.7,32.5,"Down",0.45,9.5,"Down",0.4,0.676923,0.261538,False,False,False,True,"Peak","Absent","Absent","Local","Accepted","Major","VolumePeak20;BreaksPriorLow;DissipationLocal;AcceptanceAccepted"
1059,"2026-05-15 12:20:00",29321.5,29322.5,29285.25,29301.5,3790,"LLLH","Red","Down",0.65,0.48,37.25,"Up",0.55,20,"Up",0.55,0.436242,0.604027,True,False,False,True,"Falling","Local","Local","Local","Contained","Moderate","BreaksPriorLow;CloseInsidePriorRange;DissipationLocal;AcceptanceContained;CompressionLocal"
1060,"2026-05-15 12:25:00",29301.75,29321.75,29288.25,29288.5,4033,"InsideBar","Red","Up",0.65,0.52,33.5,"Down",0.45,13.25,"Down",0.5,0.007463,1,True,False,False,False,"Rising","Absent","Clustered","Local","Unresolved","Moderate","CloseInsidePriorRange;DissipationLocal;CompressionClustered"
1061,"2026-05-15 12:30:00",29288.5,29302.5,29283.75,29291.25,2884,"LLLH","Black","Down",0.2,0.1,18.75,"Down",0.1,2.75,"Down",0.1,0.4,0.76,True,True,False,True,"Falling","Absent","Local","Local","Contained","Minor","BreaksPriorLow;CloseInsidePriorRange;CloseInsidePriorBody;DissipationLocal;AcceptanceContained;CompressionLocal"
1062,"2026-05-15 12:35:00",29289.75,29324,29287.5,29313,3665,"HHHL","Black","Up",0.45,0.42,36.5,"Up",0.5,23.25,"Up",0.65,0.69863,0.410959,False,False,True,False,"Rising","Local","Absent","Absent","Accepted","Minor","BreaksPriorHigh;AcceptanceAccepted"
1063,"2026-05-15 12:40:00",29313.5,29332.75,29296.5,29328.25,3031,"HHHL","Black","Down",0.15,0.16,36.25,"Down",0.45,14.75,"Down",0.5,0.875862,0.758621,False,False,True,False,"Falling","Absent","Absent","Local","Accepted","Minor","BreaksPriorHigh;DissipationLocal;AcceptanceAccepted"
1064,"2026-05-15 12:45:00",29330.5,29340.25,29292.25,29295.75,3667,"OutsideBar","Red","Up",0.5,0.46,48,"Up",0.8,34.75,"Up",0.8,0.072917,0.755208,False,False,True,True,"Rising","Strong","Absent","Absent","Accepted","Major","RangePeak20;BreaksPriorHigh;BreaksPriorLow;AcceptanceAccepted"
1065,"2026-05-15 12:50:00",29295.25,29307,29270.5,29299.5,4893,"LLLH","Black","Up",0.85,0.82,36.5,"Down",0.45,4.25,"Down",0.2,0.794521,0.40411,True,True,False,True,"Peak","Absent","Local","Local","Contained","Major","VolumePeak20;BreaksPriorLow;CloseInsidePriorRange;CloseInsidePriorBody;DissipationLocal;AcceptanceContained;CompressionLocal"
1066,"2026-05-15 12:55:00",29299.75,29300.25,29230.25,29234.75,8265,"LLLH","Red","Up",1,1,70,"Up",0.9,65,"Up",0.95,0.064286,0.425,False,False,False,True,"Climactic","Strong","Absent","Absent","Accepted","Structural","VolumePeak20;VolumeClimactic50;RangePeak20;BreaksPriorLow;AcceptanceAccepted"
1067,"2026-05-15 13:00:00",29234.75,29249,29208.25,29231.5,19903,"LLLH","Red","Up",1,1,40.75,"Down",0.65,3.25,"Down",0.1,0.570552,0.460123,True,False,False,True,"Climactic","Absent","Local","Local","Contained","Structural","VolumePeak20;VolumeClimactic50;BreaksPriorLow;CloseInsidePriorRange;DissipationLocal;AcceptanceContained;CompressionLocal"
1068,"2026-05-15 13:05:00",29231,29233.75,29137,29172.5,9036,"LLLH","Red","Down",0.95,0.98,96.75,"Up",1,58.5,"Up",0.95,0.366925,0.263566,False,False,False,True,"Climactic","Climactic","Absent","Local","Accepted","SessionDefining","VolumePeak20;VolumeClimactic50;RangePeak20;RangeClimactic20;BreaksPriorLow;DissipationLocal;AcceptanceAccepted"
1069,"2026-05-15 13:10:00",29173,29175,29122.25,29127.75,4288,"LLLH","Red","Down",0.7,0.68,52.75,"Down",0.85,45.25,"Down",0.9,0.104265,0.720379,False,False,False,True,"Falling","Strong","Absent","Local","Accepted","Major","RangePeak20;BreaksPriorLow;DissipationLocal;AcceptanceAccepted"
1070,"2026-05-15 13:15:00",29128,29156,29111,29154.75,4933,"LLLH","Black","Up",0.85,0.86,45,"Down",0.7,26.75,"Down",0.65,0.972222,0.75,True,True,False,True,"Peak","Absent","Local","Local","Contained","Major","VolumePeak20;BreaksPriorLow;CloseInsidePriorRange;CloseInsidePriorBody;DissipationLocal;AcceptanceContained;CompressionLocal"
1071,"2026-05-15 13:20:00",29155.5,29193.5,29142.75,29171.25,2945,"HHHL","Black","Down",0.15,0.16,50.75,"Up",0.85,15.75,"Down",0.5,0.561576,0.261084,False,False,True,False,"Falling","Strong","Absent","Local","Accepted","Major","RangePeak20;LowVolumeHighRange;BreaksPriorHigh;DissipationLocal;AcceptanceAccepted"
1072,"2026-05-15 13:25:00",29170.75,29173.25,29144.5,29165,1979,"InsideBar","Red","Down",0.05,0.02,28.75,"Down",0.15,5.75,"Down",0.25,0.713043,1,True,True,False,False,"Falling","Absent","Clustered","Absent","Unresolved","Minor","CloseInsidePriorRange;CloseInsidePriorBody;CompressionClustered"
1073,"2026-05-15 13:30:00",29165.25,29181.25,29151.5,29176,1613,"HHHL","Black","Down",0.05,0.02,29.75,"Up",0.15,10.75,"Up",0.35,0.823529,0.731092,False,False,True,False,"Falling","Local","Absent","Local","Accepted","Minor","BreaksPriorHigh;DissipationLocal;AcceptanceAccepted"
1074,"2026-05-15 13:35:00",29175.75,29180,29166,29172.5,1002,"InsideBar","Red","Down",0.05,0.02,14,"Down",0.05,3.25,"Down",0.15,0.464286,1,True,True,False,False,"Falling","Absent","Clustered","Absent","Unresolved","Minor","CloseInsidePriorRange;CloseInsidePriorBody;CompressionClustered"
1075,"2026-05-15 13:40:00",29172.5,29179.25,29167.75,29172.25,1021,"InsideBar","Red","Up",0.1,0.04,11.5,"Down",0.05,0.25,"Down",0.05,0.391304,1,True,False,False,False,"Rising","Absent","Clustered","Local","Unresolved","Minor","CloseInsidePriorRange;DissipationLocal;CompressionClustered"
1076,"2026-05-15 13:45:00",29172,29176.75,29167.75,29173.5,743,"InsideBar","Black","Down",0.05,0.02,9,"Down",0.05,1.5,"Up",0.1,0.638889,1,True,False,False,False,"Falling","Absent","Clustered","Absent","Unresolved","Minor","CloseInsidePriorRange;CompressionClustered"
1077,"2026-05-15 13:50:00",29173,29180.25,29167.25,29176.25,924,"OutsideBar","Black","Up",0.1,0.04,13,"Up",0.15,3.25,"Up",0.3,0.692308,0.692308,True,False,True,True,"Rising","Local","Local","Absent","Contained","Minor","BreaksPriorHigh;BreaksPriorLow;CloseInsidePriorRange;AcceptanceContained;CompressionLocal"
1078,"2026-05-15 13:55:00",29176.75,29177,29168.5,29174.75,609,"InsideBar","Red","Down",0.05,0.02,8.5,"Down",0.05,2,"Down",0.15,0.735294,1,True,True,False,False,"Falling","Absent","Clustered","Absent","Unresolved","Minor","CloseInsidePriorRange;CloseInsidePriorBody;CompressionClustered"
1079,"2026-05-15 14:00:00",29174.25,29198.75,29160.5,29173,1144,"OutsideBar","Red","Up",0.3,0.12,38.25,"Up",0.65,1.25,"Down",0.1,0.326797,0.222222,True,False,True,True,"Rising","Local","Local","Absent","Contained","Moderate","BreaksPriorHigh;BreaksPriorLow;CloseInsidePriorRange;AcceptanceContained;CompressionLocal"
1080,"2026-05-18 06:35:00",29338.25,29356.25,29276.25,29288.25,20424,"HHHL","Red","Up",1,1,80,"Up",0.95,50,"Up",0.9,0.15,0,False,False,True,False,"Climactic","Climactic","Absent","Absent","Accepted","SessionDefining","VolumePeak20;VolumeClimactic50;RangePeak20;RangeClimactic20;BreaksPriorHigh;AcceptanceAccepted"
1081,"2026-05-18 06:40:00",29288,29301.75,29240,29263,11898,"LLLH","Red","Down",0.9,0.96,61.75,"Down",0.85,25,"Down",0.7,0.37247,0.412955,False,False,False,True,"Climactic","Strong","Absent","Local","Accepted","Structural","VolumePeak20;VolumeClimactic50;RangePeak20;BreaksPriorLow;DissipationLocal;AcceptanceAccepted"
1082,"2026-05-18 06:45:00",29263.5,29282.75,29160,29166.5,15069,"LLLH","Red","Up",0.9,0.96,122.75,"Up",1,97,"Up",1,0.052953,0.348269,False,False,False,True,"Climactic","Climactic","Absent","Absent","Accepted","SessionDefining","VolumePeak20;VolumeClimactic50;RangePeak20;RangeClimactic20;BreaksPriorLow;AcceptanceAccepted"
1083,"2026-05-18 06:50:00",29167.5,29206,29135,29158.5,16214,"LLLH","Red","Up",0.9,0.96,71,"Down",0.85,9,"Down",0.5,0.330986,0.647887,False,False,False,True,"Climactic","Strong","Absent","Local","Accepted","Structural","VolumePeak20;VolumeClimactic50;RangePeak20;BreaksPriorLow;DissipationLocal;AcceptanceAccepted"
1084,"2026-05-18 06:55:00",29158.5,29278,29157,29271.25,13041,"HHHL","Black","Down",0.8,0.92,121,"Up",0.95,112.75,"Up",1,0.944215,0.404959,False,False,True,False,"Peak","Climactic","Absent","Local","Accepted","Structural","VolumePeak20;RangePeak20;RangeClimactic20;BreaksPriorHigh;DissipationLocal;AcceptanceAccepted"
1085,"2026-05-18 07:00:00",29272.25,29308.75,29228,29243.75,11351,"HHHL","Red","Down",0.7,0.88,80.75,"Down",0.85,28.5,"Down",0.7,0.195046,0.619195,True,True,True,False,"Falling","Strong","Local","Local","Contained","Major","RangePeak20;BreaksPriorHigh;CloseInsidePriorRange;CloseInsidePriorBody;DissipationLocal;AcceptanceContained;CompressionLocal"
1086,"2026-05-18 07:05:00",29242.5,29243,29140.5,29161,13613,"LLLH","Red","Up",0.8,0.92,102.5,"Up",0.9,81.5,"Up",0.9,0.2,0.146341,False,False,False,True,"Peak","Strong","Absent","Absent","Accepted","Structural","VolumePeak20;RangePeak20;BreaksPriorLow;AcceptanceAccepted"
1087,"2026-05-18 07:10:00",29161.25,29257.5,29129,29250.5,11971,"OutsideBar","Black","Down",0.75,0.88,128.5,"Up",1,89.25,"Up",0.9,0.945525,0.797665,False,False,True,True,"Falling","Climactic","Absent","Local","Accepted","Structural","RangePeak20;RangeClimactic20;BreaksPriorHigh;BreaksPriorLow;DissipationLocal;AcceptanceAccepted"
1088,"2026-05-18 07:15:00",29250,29272,29217.75,29261.5,9338,"HHHL","Black","Down",0.6,0.82,54.25,"Down",0.6,11.5,"Down",0.5,0.806452,0.732719,False,False,True,False,"Falling","Absent","Absent","Local","Accepted","Moderate","BreaksPriorHigh;DissipationLocal;AcceptanceAccepted"
1089,"2026-05-18 07:20:00",29259.25,29299,29205,29252,8967,"OutsideBar","Red","Down",0.55,0.78,94,"Up",0.8,7.25,"Down",0.4,0.5,0.577128,True,True,True,True,"Falling","Strong","Local","Local","Contained","Major","RangePeak20;BreaksPriorHigh;BreaksPriorLow;CloseInsidePriorRange;CloseInsidePriorBody;DissipationLocal;AcceptanceContained;CompressionLocal"
1090,"2026-05-18 07:25:00",29252,29265.75,29198,29205.5,7401,"LLLH","Red","Down",0.5,0.72,67.75,"Down",0.6,46.5,"Up",0.75,0.110701,0.896679,True,False,False,True,"Falling","Absent","Clustered","Local","Contained","Moderate","BreaksPriorLow;CloseInsidePriorRange;DissipationLocal;AcceptanceContained;CompressionClustered"
1091,"2026-05-18 07:30:00",29204.75,29231.75,29137.25,29153.25,8775,"LLLH","Red","Up",0.5,0.76,94.5,"Up",0.8,51.5,"Up",0.8,0.169312,0.357143,False,False,False,True,"Rising","Strong","Absent","Absent","Accepted","Major","RangePeak20;BreaksPriorLow;AcceptanceAccepted"
1092,"2026-05-18 07:35:00",29154,29175.75,29012.75,29024.5,14618,"LLLH","Red","Up",0.85,0.92,163,"Up",1,129.5,"Up",1,0.072086,0.236196,False,False,False,True,"Peak","Climactic","Absent","Absent","Accepted","Structural","VolumePeak20;RangePeak20;RangeClimactic20;BreaksPriorLow;AcceptanceAccepted"
1093,"2026-05-18 07:40:00",29024.5,29077.75,28970.75,29059.75,14394,"LLLH","Black","Down",0.8,0.9,107,"Down",0.8,35.25,"Down",0.6,0.831776,0.607477,True,True,False,True,"Peak","Strong","Local","Local","Contained","Structural","VolumePeak20;RangePeak20;BreaksPriorLow;CloseInsidePriorRange;CloseInsidePriorBody;DissipationLocal;AcceptanceContained;CompressionLocal"
1094,"2026-05-18 07:45:00",29059.25,29121.75,29013.25,29087.5,10833,"HHHL","Black","Down",0.5,0.78,108.5,"Up",0.8,28.25,"Down",0.5,0.684332,0.59447,False,False,True,False,"Falling","Strong","Absent","Local","Accepted","Major","RangePeak20;BreaksPriorHigh;DissipationLocal;AcceptanceAccepted"
1095,"2026-05-18 07:50:00",29088.25,29096.75,29002.5,29018,9820,"LLLH","Red","Down",0.45,0.76,94.25,"Down",0.6,70.25,"Up",0.75,0.164456,0.885942,True,False,False,True,"Falling","Absent","Clustered","Local","Contained","Moderate","BreaksPriorLow;CloseInsidePriorRange;DissipationLocal;AcceptanceContained;CompressionClustered"
1096,"2026-05-18 07:55:00",29017.75,29109,29003.5,29058.75,9041,"HHHL","Black","Down",0.35,0.72,105.5,"Up",0.7,41,"Down",0.55,0.523697,0.883886,True,True,True,False,"Falling","Local","Local","Local","Contained","Moderate","BreaksPriorHigh;CloseInsidePriorRange;CloseInsidePriorBody;DissipationLocal;AcceptanceContained;CompressionLocal"
1097,"2026-05-18 08:00:00",29057.25,29101.75,29047,29082.5,6311,"InsideBar","Black","Down",0.15,0.58,54.75,"Down",0.2,25.25,"Down",0.35,0.648402,1,True,False,False,False,"Falling","Absent","Clustered","Absent","Unresolved","Minor","CloseInsidePriorRange;CompressionClustered"
1098,"2026-05-18 08:05:00",29082.25,29126.25,29036,29073.25,11639,"OutsideBar","Red","Up",0.55,0.8,90.25,"Up",0.45,9,"Down",0.2,0.412742,0.606648,True,True,True,True,"Rising","Local","Local","Absent","Contained","Minor","BreaksPriorHigh;BreaksPriorLow;CloseInsidePriorRange;CloseInsidePriorBody;AcceptanceContained;CompressionLocal"
1099,"2026-05-18 08:10:00",29071.5,29085,29015.5,29018.5,6113,"LLLH","Red","Down",0.05,0.54,69.5,"Down",0.25,53,"Up",0.7,0.043165,0.705036,False,False,False,True,"Falling","Absent","Absent","Local","Accepted","Minor","BreaksPriorLow;DissipationLocal;AcceptanceAccepted"
1100,"2026-05-18 08:15:00",29018.5,29087.5,29006,29065.75,6813,"OutsideBar","Black","Up",0.15,0.58,81.5,"Up",0.4,47.25,"Down",0.6,0.733129,0.852761,True,True,True,True,"Rising","Local","Local","Absent","Contained","Minor","BreaksPriorHigh;BreaksPriorLow;CloseInsidePriorRange;CloseInsidePriorBody;AcceptanceContained;CompressionLocal"
1101,"2026-05-18 08:20:00",29066,29069.75,28993.5,29007.75,5621,"LLLH","Red","Down",0.05,0.52,76.25,"Down",0.3,58.25,"Up",0.7,0.186885,0.836066,True,False,False,True,"Falling","Absent","Clustered","Local","Contained","Minor","BreaksPriorLow;CloseInsidePriorRange;DissipationLocal;AcceptanceContained;CompressionClustered"
1102,"2026-05-18 08:25:00",29008.25,29029,28980.5,29006.75,6610,"LLLH","Red","Up",0.2,0.56,48.5,"Down",0.05,1.5,"Down",0.05,0.541237,0.731959,True,False,False,True,"Rising","Absent","Local","Local","Contained","Minor","BreaksPriorLow;CloseInsidePriorRange;DissipationLocal;AcceptanceContained;CompressionLocal"
1103,"2026-05-18 08:30:00",29007.5,29046,28956.25,28960.25,7721,"OutsideBar","Red","Up",0.35,0.6,89.75,"Up",0.45,47.25,"Up",0.6,0.044568,0.54039,False,False,True,True,"Rising","Local","Absent","Absent","Accepted","Minor","BreaksPriorHigh;BreaksPriorLow;AcceptanceAccepted"
1104,"2026-05-18 08:35:00",28960.75,29015.75,28941.5,29011.75,7886,"LLLH","Black","Up",0.4,0.6,74.25,"Down",0.3,51,"Up",0.65,0.946128,0.801347,True,False,False,True,"Rising","Absent","Clustered","Local","Contained","Minor","BreaksPriorLow;CloseInsidePriorRange;DissipationLocal;AcceptanceContained;CompressionClustered"
1105,"2026-05-18 08:40:00",29012.75,29065.25,29008.25,29027,6585,"HHHL","Black","Down",0.2,0.5,57,"Down",0.2,14.25,"Down",0.25,0.328947,0.131579,False,False,True,False,"Falling","Absent","Absent","Local","Accepted","Minor","BreaksPriorHigh;DissipationLocal;AcceptanceAccepted"
1106,"2026-05-18 08:45:00",29027,29060.5,28998.5,29000.75,5233,"LLLH","Red","Down",0.05,0.42,62,"Up",0.25,26.25,"Up",0.35,0.03629,0.842742,False,False,False,True,"Falling","Local","Absent","Local","Accepted","Minor","BreaksPriorLow;DissipationLocal;AcceptanceAccepted"
1107,"2026-05-18 08:50:00",28999.75,29041.25,28992,29010.25,4015,"LLLH","Black","Down",0.05,0.3,49.25,"Down",0.1,10.5,"Down",0.2,0.370558,0.86802,True,True,False,True,"Falling","Absent","Clustered","Local","Contained","Minor","BreaksPriorLow;CloseInsidePriorRange;CloseInsidePriorBody;DissipationLocal;AcceptanceContained;CompressionClustered"
1108,"2026-05-18 08:55:00",29011,29038,28978.5,29028.5,4417,"LLLH","Black","Up",0.1,0.36,59.5,"Up",0.25,17.5,"Up",0.3,0.840336,0.773109,True,False,False,True,"Rising","Local","Local","Absent","Contained","Minor","BreaksPriorLow;CloseInsidePriorRange;AcceptanceContained;CompressionLocal"
1109,"2026-05-18 09:00:00",29029,29046.5,28987.25,28997.25,4470,"HHHL","Red","Up",0.15,0.36,59.25,"Down",0.25,31.75,"Up",0.45,0.168776,0.85654,True,False,True,False,"Rising","Absent","Clustered","Local","Contained","Minor","BreaksPriorHigh;CloseInsidePriorRange;DissipationLocal;AcceptanceContained;CompressionClustered"
1110,"2026-05-18 09:05:00",28996.25,29008.75,28951.75,28971.5,5193,"LLLH","Red","Up",0.2,0.4,57,"Down",0.25,24.75,"Down",0.3,0.346491,0.377193,False,False,False,True,"Rising","Absent","Absent","Local","Accepted","Minor","BreaksPriorLow;DissipationLocal;AcceptanceAccepted"
1111,"2026-05-18 09:10:00",28971,29007.25,28963.5,28993.5,4580,"InsideBar","Black","Down",0.2,0.34,43.75,"Down",0.05,22.5,"Down",0.3,0.685714,1,True,True,False,False,"Falling","Absent","Clustered","Absent","Unresolved","Minor","CloseInsidePriorRange;CloseInsidePriorBody;CompressionClustered"
1112,"2026-05-18 09:15:00",28995.5,29030,28990,29027.5,4145,"HHHL","Black","Down",0.1,0.26,40,"Down",0.05,32,"Up",0.6,0.9375,0.43125,False,False,True,False,"Falling","Absent","Absent","Local","Accepted","Minor","BreaksPriorHigh;DissipationLocal;AcceptanceAccepted"
1113,"2026-05-18 09:20:00",29026.5,29043,29016.75,29029,3904,"HHHL","Black","Down",0.05,0.22,26.25,"Down",0.05,2.5,"Down",0.1,0.466667,0.504762,True,False,True,False,"Falling","Absent","Local","Local","Contained","Minor","BreaksPriorHigh;CloseInsidePriorRange;DissipationLocal;AcceptanceContained;CompressionLocal"
1114,"2026-05-18 09:25:00",29029,29074,28974.75,28993.75,8617,"OutsideBar","Red","Up",0.85,0.62,99.25,"Up",0.95,35.25,"Up",0.65,0.191436,0.264484,False,False,True,True,"Peak","Climactic","Absent","Absent","Accepted","Structural","VolumePeak20;RangePeak20;RangeClimactic20;BreaksPriorHigh;BreaksPriorLow;AcceptanceAccepted"
1115,"2026-05-18 09:30:00",28994.75,28999.25,28859.25,28878.5,12636,"LLLH","Red","Up",1,0.84,140,"Up",1,116.25,"Up",1,0.1375,0.175,False,False,False,True,"Peak","Climactic","Absent","Absent","Accepted","Structural","VolumePeak20;RangePeak20;RangeClimactic20;BreaksPriorLow;AcceptanceAccepted"
1116,"2026-05-18 09:35:00",28877.75,28940,28842.5,28909,9808,"LLLH","Black","Down",0.9,0.7,97.5,"Down",0.9,31.25,"Down",0.55,0.682051,0.828205,True,True,False,True,"Peak","Strong","Clustered","Local","Contained","Structural","VolumePeak20;RangePeak20;BreaksPriorLow;CloseInsidePriorRange;CloseInsidePriorBody;DissipationLocal;AcceptanceContained;CompressionClustered"
1117,"2026-05-18 09:40:00",28909,28961.5,28899.25,28939.25,5793,"HHHL","Black","Down",0.5,0.42,62.25,"Down",0.55,30.25,"Down",0.5,0.64257,0.654618,True,False,True,False,"Falling","Absent","Local","Local","Contained","Minor","BreaksPriorHigh;CloseInsidePriorRange;DissipationLocal;AcceptanceContained;CompressionLocal"
1118,"2026-05-18 09:45:00",28938.75,28947.5,28916.5,28922.75,3902,"InsideBar","Red","Down",0.05,0.2,31,"Down",0.1,16,"Down",0.25,0.201613,1,True,True,False,False,"Falling","Absent","Clustered","Absent","Unresolved","Minor","CloseInsidePriorRange;CloseInsidePriorBody;CompressionClustered"
1119,"2026-05-18 09:50:00",28921.75,28939.5,28907.75,28931.25,3900,"LLLH","Black","Down",0.05,0.2,31.75,"Up",0.15,9.5,"Down",0.15,0.740157,0.724409,True,True,False,True,"Falling","Local","Local","Local","Contained","Minor","BreaksPriorLow;CloseInsidePriorRange;CloseInsidePriorBody;DissipationLocal;AcceptanceContained;CompressionLocal"
1120,"2026-05-18 09:55:00",28931,29022.25,28926.5,29020.25,7291,"HHHL","Black","Up",0.75,0.54,95.75,"Up",0.85,89.25,"Up",0.95,0.979112,0.13577,False,False,True,False,"Rising","Strong","Absent","Absent","Accepted","Major","RangePeak20;BreaksPriorHigh;AcceptanceAccepted"
1121,"2026-05-18 10:00:00",29020.5,29045.5,28995,29006,6451,"HHHL","Red","Down",0.6,0.46,50.5,"Down",0.4,14.5,"Down",0.3,0.217822,0.539604,True,True,True,False,"Falling","Absent","Local","Local","Contained","Moderate","BreaksPriorHigh;CloseInsidePriorRange;CloseInsidePriorBody;DissipationLocal;AcceptanceContained;CompressionLocal"
1122,"2026-05-18 10:05:00",29004.75,29017.25,28966.75,29008,5873,"LLLH","Black","Down",0.6,0.4,50.5,"Flat",0.4,3.25,"Down",0.1,0.816832,0.440594,True,True,False,True,"Falling","Absent","Local","Local","Contained","Moderate","BreaksPriorLow;CloseInsidePriorRange;CloseInsidePriorBody;DissipationLocal;AcceptanceContained;CompressionLocal"
1123,"2026-05-18 10:10:00",29007.75,29036.5,28996.75,29015.5,4513,"HHHL","Black","Down",0.4,0.28,39.75,"Down",0.2,7.75,"Up",0.15,0.471698,0.515723,True,False,True,False,"Falling","Absent","Local","Local","Contained","Minor","BreaksPriorHigh;CloseInsidePriorRange;DissipationLocal;AcceptanceContained;CompressionLocal"
1124,"2026-05-18 10:15:00",29015.75,29038,28995,28995.75,2961,"OutsideBar","Red","Down",0.05,0.12,43,"Up",0.3,20,"Up",0.5,0.017442,0.924419,False,False,True,True,"Falling","Local","Absent","Local","Accepted","Minor","BreaksPriorHigh;BreaksPriorLow;DissipationLocal;AcceptanceAccepted"
1125,"2026-05-18 10:20:00",28995,29017.25,28984.5,29007.75,2826,"LLLH","Black","Down",0.05,0.1,32.75,"Down",0.2,12.75,"Down",0.3,0.709924,0.679389,True,True,False,True,"Falling","Absent","Local","Local","Contained","Minor","BreaksPriorLow;CloseInsidePriorRange;CloseInsidePriorBody;DissipationLocal;AcceptanceContained;CompressionLocal"
1126,"2026-05-18 10:25:00",29008,29012.75,28966.25,28977.5,3236,"LLLH","Red","Up",0.15,0.12,46.5,"Up",0.45,30.5,"Up",0.7,0.241935,0.607527,False,False,False,True,"Rising","Local","Absent","Absent","Accepted","Minor","BreaksPriorLow;AcceptanceAccepted"
1127,"2026-05-18 10:30:00",28978.5,29013.75,28966.25,29009.5,3306,"OutsideBar","Black","Up",0.2,0.12,47.5,"Up",0.5,31,"Up",0.7,0.910526,0.978947,True,False,True,False,"Rising","Local","Local","Absent","Contained","Minor","BreaksPriorHigh;CloseInsidePriorRange;AcceptanceContained;CompressionLocal"
1128,"2026-05-18 10:35:00",29009.75,29015.25,28971.25,28983.75,3592,"HHHL","Red","Up",0.25,0.12,44,"Down",0.45,26,"Down",0.55,0.284091,0.965909,True,True,True,False,"Rising","Absent","Clustered","Local","Contained","Minor","BreaksPriorHigh;CloseInsidePriorRange;CloseInsidePriorBody;DissipationLocal;AcceptanceContained;CompressionClustered"
1129,"2026-05-18 10:40:00",28985,28987.75,28959.75,28976.25,3563,"LLLH","Red","Down",0.25,0.1,28,"Down",0.1,8.75,"Down",0.2,0.589286,0.589286,True,False,False,True,"Falling","Absent","Local","Local","Contained","Minor","BreaksPriorLow;CloseInsidePriorRange;DissipationLocal;AcceptanceContained;CompressionLocal"
1130,"2026-05-18 10:45:00",28975.75,29029.75,28971,29011.25,4272,"HHHL","Black","Up",0.55,0.24,58.75,"Up",0.75,35.5,"Up",0.9,0.685106,0.285106,False,False,True,False,"Rising","Local","Absent","Absent","Accepted","Moderate","BreaksPriorHigh;AcceptanceAccepted"
1131,"2026-05-18 10:50:00",29011.75,29016.75,28972,28981.75,3948,"InsideBar","Red","Down",0.5,0.2,44.75,"Down",0.5,30,"Down",0.55,0.217877,1,True,True,False,False,"Falling","Absent","Clustered","Absent","Unresolved","Minor","CloseInsidePriorRange;CloseInsidePriorBody;CompressionClustered"
1132,"2026-05-18 10:55:00",28981.5,29021.25,28977.25,29006,3478,"HHHL","Black","Down",0.25,0.1,44,"Down",0.45,24.5,"Down",0.5,0.653409,0.897727,True,True,True,False,"Falling","Absent","Clustered","Local","Contained","Minor","BreaksPriorHigh;CloseInsidePriorRange;CloseInsidePriorBody;DissipationLocal;AcceptanceContained;CompressionClustered"
1133,"2026-05-18 11:00:00",29007.25,29023,28991.75,29014,2552,"HHHL","Black","Down",0.05,0.02,31.25,"Down",0.15,6.75,"Down",0.1,0.712,0.944,True,False,True,False,"Falling","Absent","Clustered","Local","Contained","Minor","BreaksPriorHigh;CloseInsidePriorRange;DissipationLocal;AcceptanceContained;CompressionClustered"
1134,"2026-05-18 11:05:00",29014.25,29020.5,28946.25,28952.25,5330,"LLLH","Red","Up",0.7,0.44,74.25,"Up",0.85,62,"Up",0.9,0.080808,0.387205,False,False,False,True,"Rising","Strong","Absent","Absent","Accepted","Major","RangePeak20;BreaksPriorLow;AcceptanceAccepted"
1135,"2026-05-18 11:10:00",28953,28968.75,28932.5,28937.5,4090,"LLLH","Red","Down",0.6,0.28,36.25,"Down",0.3,15.5,"Down",0.4,0.137931,0.62069,False,False,False,True,"Falling","Absent","Absent","Local","Accepted","Moderate","BreaksPriorLow;DissipationLocal;AcceptanceAccepted"
1136,"2026-05-18 11:15:00",28938,28948.25,28914.25,28917,4104,"LLLH","Red","Up",0.65,0.3,34,"Down",0.3,21,"Up",0.55,0.080882,0.463235,False,False,False,True,"Rising","Absent","Absent","Local","Accepted","Moderate","BreaksPriorLow;DissipationLocal;AcceptanceAccepted"
1137,"2026-05-18 11:20:00",28916,28918.5,28850.5,28866.5,7068,"LLLH","Red","Up",0.95,0.68,68,"Up",0.9,49.5,"Up",0.9,0.235294,0.0625,False,False,False,True,"Peak","Strong","Absent","Absent","Accepted","Structural","VolumePeak20;RangePeak20;BreaksPriorLow;AcceptanceAccepted"
1138,"2026-05-18 11:25:00",28867.5,28878.25,28847.25,28866.75,5805,"LLLH","Red","Down",0.8,0.54,31,"Down",0.1,0.75,"Down",0.05,0.629032,0.895161,True,True,False,True,"Peak","Absent","Clustered","Local","Contained","Major","VolumePeak20;HighVolumeLowRange;BreaksPriorLow;CloseInsidePriorRange;CloseInsidePriorBody;DissipationLocal;AcceptanceContained;CompressionClustered"
1139,"2026-05-18 11:30:00",28866.5,28895,28834.75,28892.5,7524,"OutsideBar","Black","Up",1,0.76,60.25,"Up",0.85,26,"Up",0.65,0.958506,0.514523,False,False,True,True,"Peak","Strong","Absent","Absent","Accepted","Major","VolumePeak20;RangePeak20;BreaksPriorHigh;BreaksPriorLow;AcceptanceAccepted"
1140,"2026-05-18 11:35:00",28892.75,28915,28875.25,28885.5,5486,"HHHL","Red","Down",0.75,0.5,39.75,"Down",0.4,7.25,"Down",0.2,0.257862,0.496855,True,True,True,False,"Falling","Absent","Local","Local","Contained","Moderate","BreaksPriorHigh;CloseInsidePriorRange;CloseInsidePriorBody;DissipationLocal;AcceptanceContained;CompressionLocal"
1141,"2026-05-18 11:40:00",28885.75,28903.75,28856.75,28859,3859,"LLLH","Red","Down",0.45,0.18,47,"Up",0.7,26.75,"Up",0.7,0.047872,0.606383,False,False,False,True,"Falling","Local","Absent","Local","Accepted","Moderate","BreaksPriorLow;DissipationLocal;AcceptanceAccepted"
1142,"2026-05-18 11:45:00",28858.5,28875.75,28843.25,28873.75,3996,"LLLH","Black","Up",0.55,0.28,32.5,"Down",0.2,15.25,"Down",0.35,0.938462,0.584615,True,True,False,True,"Rising","Absent","Local","Local","Contained","Minor","BreaksPriorLow;CloseInsidePriorRange;CloseInsidePriorBody;DissipationLocal;AcceptanceContained;CompressionLocal"
1143,"2026-05-18 11:50:00",28873,28882.25,28823.75,28835,4148,"OutsideBar","Red","Up",0.7,0.38,58.5,"Up",0.8,38,"Up",0.9,0.192308,0.555556,False,False,True,True,"Rising","Strong","Absent","Absent","Accepted","Major","RangePeak20;BreaksPriorHigh;BreaksPriorLow;AcceptanceAccepted"
1144,"2026-05-18 11:55:00",28834.25,28845.75,28814.75,28824.5,4676,"LLLH","Red","Up",0.75,0.5,31,"Down",0.15,9.75,"Down",0.25,0.314516,0.709677,True,False,False,True,"Rising","Absent","Local","Local","Contained","Moderate","BreaksPriorLow;CloseInsidePriorRange;DissipationLocal;AcceptanceContained;CompressionLocal"
1145,"2026-05-18 12:00:00",28823.5,28861.75,28816.75,28840,5191,"HHHL","Black","Up",0.75,0.52,45,"Up",0.6,16.5,"Up",0.4,0.516667,0.644444,True,False,True,False,"Rising","Local","Local","Absent","Contained","Moderate","BreaksPriorHigh;CloseInsidePriorRange;AcceptanceContained;CompressionLocal"
1146,"2026-05-18 12:05:00",28842.25,29070.25,28837.75,28985.25,20822,"HHHL","Black","Up",1,1,232.5,"Up",1,143,"Up",1,0.634409,0.103226,False,False,True,False,"Climactic","Climactic","Absent","Absent","Accepted","SessionDefining","VolumePeak20;VolumeClimactic50;RangePeak20;RangeClimactic20;BreaksPriorHigh;AcceptanceAccepted"
1147,"2026-05-18 12:10:00",28987,29018.75,28918.25,28967.5,12267,"InsideBar","Red","Down",0.95,0.96,100.5,"Down",0.95,19.5,"Down",0.45,0.49005,1,True,True,False,False,"Climactic","Climactic","Clustered","Absent","Unresolved","SessionDefining","VolumePeak20;VolumeClimactic50;RangePeak20;RangeClimactic20;CloseInsidePriorRange;CloseInsidePriorBody;CompressionClustered"
1148,"2026-05-18 12:15:00",28967.5,28995.25,28951,28959.5,6337,"InsideBar","Red","Down",0.8,0.72,44.25,"Down",0.5,8,"Down",0.2,0.19209,1,True,False,False,False,"Peak","Absent","Clustered","Absent","Unresolved","Major","VolumePeak20;CloseInsidePriorRange;CompressionClustered"
1149,"2026-05-18 12:20:00",28959.25,28973.25,28920.75,28934.25,5493,"LLLH","Red","Down",0.7,0.62,52.5,"Up",0.65,25,"Up",0.6,0.257143,0.42381,False,False,False,True,"Falling","Local","Absent","Local","Accepted","Moderate","BreaksPriorLow;DissipationLocal;AcceptanceAccepted"
1150,"2026-05-18 12:25:00",28934.75,28960.75,28907.75,28915.25,5268,"LLLH","Red","Down",0.55,0.58,53,"Up",0.7,19.5,"Down",0.5,0.141509,0.754717,False,False,False,True,"Falling","Local","Absent","Local","Accepted","Moderate","BreaksPriorLow;DissipationLocal;AcceptanceAccepted"
1151,"2026-05-18 12:30:00",28915.25,28926.75,28881.5,28922.5,4328,"LLLH","Black","Down",0.4,0.42,45.25,"Down",0.55,7.25,"Down",0.2,0.906077,0.41989,True,True,False,True,"Falling","Absent","Local","Local","Contained","Minor","BreaksPriorLow;CloseInsidePriorRange;CloseInsidePriorBody;DissipationLocal;AcceptanceContained;CompressionLocal"
1152,"2026-05-18 12:35:00",28923,28973.75,28913.25,28952,5499,"HHHL","Black","Up",0.7,0.68,60.5,"Up",0.8,29,"Up",0.8,0.640496,0.22314,False,False,True,False,"Rising","Strong","Absent","Absent","Accepted","Major","RangePeak20;BreaksPriorHigh;AcceptanceAccepted"
1153,"2026-05-18 12:40:00",28953.5,29015.25,28949.75,29012.5,4940,"HHHL","Black","Down",0.4,0.54,65.5,"Up",0.8,59,"Up",0.9,0.958015,0.366412,False,False,True,False,"Falling","Strong","Absent","Local","Accepted","Major","RangePeak20;LowVolumeHighRange;BreaksPriorHigh;DissipationLocal;AcceptanceAccepted"
1154,"2026-05-18 12:45:00",29013,29055.25,29012.25,29053.5,6400,"HHHL","Black","Up",0.8,0.8,43,"Down",0.35,40.5,"Down",0.85,0.959302,0.069767,False,False,True,False,"Peak","Absent","Absent","Local","Accepted","Major","VolumePeak20;HighVolumeLowRange;BreaksPriorHigh;DissipationLocal;AcceptanceAccepted"
1155,"2026-05-18 12:50:00",29053.5,29087.75,29041.75,29081,6384,"HHHL","Black","Down",0.75,0.8,46,"Up",0.5,27.5,"Down",0.7,0.853261,0.293478,False,False,True,False,"Falling","Local","Absent","Local","Accepted","Moderate","BreaksPriorHigh;DissipationLocal;AcceptanceAccepted"
1156,"2026-05-18 12:55:00",29079.5,29114,29057.75,29107.75,7868,"HHHL","Black","Up",0.9,0.9,56.25,"Up",0.65,28.25,"Up",0.7,0.888889,0.533333,False,False,True,False,"Peak","Local","Absent","Absent","Accepted","Structural","VolumePeak20;BreaksPriorHigh;AcceptanceAccepted"
1157,"2026-05-18 13:00:00",29107.25,29107.75,29069.25,29098.75,13089,"InsideBar","Red","Up",0.95,0.98,38.5,"Down",0.2,8.5,"Down",0.25,0.766234,1,True,True,False,False,"Climactic","Absent","Clustered","Local","Unresolved","Structural","VolumePeak20;VolumeClimactic50;HighVolumeLowRange;CloseInsidePriorRange;CloseInsidePriorBody;DissipationLocal;CompressionClustered"
1158,"2026-05-18 13:05:00",29098.5,29110,29081.25,29081.75,5508,"HHHL","Red","Down",0.6,0.66,28.75,"Down",0.05,16.75,"Up",0.4,0.017391,0.921739,True,False,True,False,"Falling","Absent","Clustered","Local","Contained","Moderate","BreaksPriorHigh;CloseInsidePriorRange;DissipationLocal;AcceptanceContained;CompressionClustered"
1159,"2026-05-18 13:10:00",29082.25,29091,29068.5,29081,1965,"LLLH","Red","Down",0.05,0.02,22.5,"Down",0.05,1.25,"Down",0.05,0.555556,0.433333,False,False,False,True,"Falling","Absent","Absent","Local","Accepted","Minor","BreaksPriorLow;DissipationLocal;AcceptanceAccepted"
1160,"2026-05-18 13:15:00",29081,29089,29074,29080,1410,"InsideBar","Red","Down",0.05,0.02,15,"Down",0.05,1,"Down",0.05,0.4,1,True,False,False,False,"Falling","Absent","Clustered","Absent","Unresolved","Minor","CloseInsidePriorRange;CompressionClustered"
1161,"2026-05-18 13:20:00",29079.75,29091,29076.25,29077.25,1143,"HHHL","Red","Down",0.05,0.02,14.75,"Down",0.05,2.5,"Up",0.15,0.067797,0.864407,True,False,True,False,"Falling","Absent","Clustered","Local","Contained","Minor","BreaksPriorHigh;CloseInsidePriorRange;DissipationLocal;AcceptanceContained;CompressionClustered"
1162,"2026-05-18 13:25:00",29077.25,29090.75,29072.5,29089.25,514,"LLLH","Black","Down",0.05,0.02,18.25,"Up",0.15,12,"Up",0.4,0.917808,0.794521,True,False,False,True,"Falling","Local","Local","Local","Contained","Minor","BreaksPriorLow;CloseInsidePriorRange;DissipationLocal;AcceptanceContained;CompressionLocal"
1163,"2026-05-18 13:30:00",29089.25,29091.25,29081.5,29086.25,497,"HHHL","Red","Down",0.05,0.02,9.75,"Down",0.05,3,"Down",0.2,0.487179,0.948718,True,True,True,False,"Falling","Absent","Clustered","Local","Contained","Minor","BreaksPriorHigh;CloseInsidePriorRange;CloseInsidePriorBody;DissipationLocal;AcceptanceContained;CompressionClustered"
1164,"2026-05-18 13:35:00",29086.5,29094.5,29072,29074.25,751,"OutsideBar","Red","Up",0.15,0.06,22.5,"Up",0.3,12.25,"Up",0.45,0.1,0.433333,False,False,True,True,"Rising","Local","Absent","Absent","Accepted","Minor","BreaksPriorHigh;BreaksPriorLow;AcceptanceAccepted"
1165,"2026-05-18 13:40:00",29074.25,29081,29073.5,29079.5,333,"InsideBar","Black","Down",0.05,0.02,7.5,"Down",0.05,5.25,"Down",0.25,0.8,1,True,True,False,False,"Falling","Absent","Clustered","Absent","Unresolved","Minor","CloseInsidePriorRange;CloseInsidePriorBody;CompressionClustered"
1166,"2026-05-18 13:45:00",29079,29091,29073.5,29087.25,396,"OutsideBar","Black","Up",0.1,0.04,17.5,"Up",0.25,8.25,"Up",0.4,0.785714,0.428571,False,False,True,False,"Rising","Local","Absent","Absent","Accepted","Minor","BreaksPriorHigh;AcceptanceAccepted"
1167,"2026-05-18 13:50:00",29088,29091.75,29084.75,29091,435,"HHHL","Black","Up",0.15,0.06,7,"Down",0.05,3,"Down",0.25,0.892857,0.892857,True,False,True,False,"Rising","Absent","Clustered","Local","Contained","Minor","BreaksPriorHigh;CloseInsidePriorRange;DissipationLocal;AcceptanceContained;CompressionClustered"
1168,"2026-05-18 13:55:00",29089.75,29090.5,29079,29080.75,299,"LLLH","Red","Down",0.05,0.02,11.5,"Up",0.2,9,"Up",0.5,0.152174,0.5,False,False,False,True,"Falling","Local","Absent","Local","Accepted","Minor","BreaksPriorLow;DissipationLocal;AcceptanceAccepted"
1169,"2026-05-18 14:00:00",29081,29087,29075,29076,484,"LLLH","Red","Up",0.25,0.1,12,"Up",0.25,5,"Down",0.3,0.083333,0.666667,False,False,False,True,"Rising","Local","Absent","Absent","Accepted","Minor","BreaksPriorLow;AcceptanceAccepted"
1170,"2026-05-19 06:35:00",28850.25,28999,28850.25,28957.75,22991,"LLLH","Black","Up",1,1,148.75,"Up",1,107.5,"Up",1,0.722689,0,False,False,False,True,"Climactic","Climactic","Absent","Absent","Accepted","SessionDefining","VolumePeak20;VolumeClimactic50;RangePeak20;RangeClimactic20;BreaksPriorLow;AcceptanceAccepted"
1171,"2026-05-19 06:40:00",28957.25,29068,28938.25,29038,17367,"HHHL","Black","Down",0.95,0.96,129.75,"Down",0.95,80.75,"Down",0.95,0.768786,0.468208,False,False,True,False,"Climactic","Climactic","Absent","Local","Accepted","SessionDefining","VolumePeak20;VolumeClimactic50;RangePeak20;RangeClimactic20;BreaksPriorHigh;DissipationLocal;AcceptanceAccepted"
1172,"2026-05-19 06:45:00",29035.25,29044.25,28903.75,28909.75,15597,"LLLH","Red","Down",0.9,0.94,140.5,"Up",0.95,125.5,"Up",1,0.042705,0.754448,False,False,False,True,"Peak","Climactic","Absent","Local","Accepted","Structural","VolumePeak20;RangePeak20;RangeClimactic20;BreaksPriorLow;DissipationLocal;AcceptanceAccepted"
1173,"2026-05-19 06:50:00",28910.25,29009.25,28868.75,28945.25,16436,"LLLH","Black","Up",0.9,0.94,140.5,"Flat",0.95,35,"Down",0.8,0.544484,0.75089,True,True,False,True,"Peak","Climactic","Local","Absent","Contained","Structural","VolumePeak20;RangePeak20;RangeClimactic20;BreaksPriorLow;CloseInsidePriorRange;CloseInsidePriorBody;AcceptanceContained;CompressionLocal"
1174,"2026-05-19 06:55:00",28944,29010,28916,28998.25,11454,"HHHL","Black","Down",0.75,0.86,94,"Down",0.8,54.25,"Up",0.85,0.875,0.992021,True,False,True,False,"Falling","Strong","Clustered","Local","Contained","Major","RangePeak20;BreaksPriorHigh;CloseInsidePriorRange;DissipationLocal;AcceptanceContained;CompressionClustered"
1175,"2026-05-19 07:00:00",28998,29028,28919.25,28938.75,11499,"HHHL","Red","Up",0.75,0.86,108.75,"Up",0.8,59.25,"Up",0.85,0.17931,0.834483,True,False,True,False,"Rising","Strong","Local","Absent","Contained","Major","RangePeak20;BreaksPriorHigh;CloseInsidePriorRange;AcceptanceContained;CompressionLocal"
1176,"2026-05-19 07:05:00",28938,28944,28866.25,28914.25,13087,"LLLH","Red","Up",0.75,0.88,77.75,"Down",0.7,23.75,"Down",0.7,0.617363,0.318328,False,False,False,True,"Rising","Absent","Absent","Local","Accepted","Moderate","BreaksPriorLow;DissipationLocal;AcceptanceAccepted"
1177,"2026-05-19 07:10:00",28915.25,28926,28768.5,28793.75,15977,"LLLH","Red","Up",0.85,0.92,157.5,"Up",1,121.5,"Up",0.95,0.160317,0.379365,False,False,False,True,"Peak","Climactic","Absent","Absent","Accepted","Structural","VolumePeak20;RangePeak20;RangeClimactic20;BreaksPriorLow;AcceptanceAccepted"
1178,"2026-05-19 07:15:00",28792.5,28829.25,28730.25,28736.75,15656,"LLLH","Red","Down",0.8,0.9,99,"Down",0.7,55.75,"Down",0.75,0.065657,0.613636,False,False,False,True,"Peak","Absent","Absent","Local","Accepted","Structural","VolumePeak20;BreaksPriorLow;DissipationLocal;AcceptanceAccepted"
1179,"2026-05-19 07:20:00",28737.25,28747,28691.25,28709.75,15170,"LLLH","Red","Down",0.7,0.86,55.75,"Down",0.55,27.5,"Down",0.6,0.331839,0.300448,False,False,False,True,"Falling","Absent","Absent","Local","Accepted","Moderate","BreaksPriorLow;DissipationLocal;AcceptanceAccepted"
1180,"2026-05-19 07:25:00",28709.75,28729,28663,28728.5,13876,"LLLH","Black","Down",0.65,0.84,66,"Up",0.55,18.75,"Down",0.5,0.992424,0.57197,True,True,False,True,"Falling","Local","Local","Local","Contained","Moderate","BreaksPriorLow;CloseInsidePriorRange;CloseInsidePriorBody;DissipationLocal;AcceptanceContained;CompressionLocal"
1181,"2026-05-19 07:30:00",28727.75,28755,28689.5,28712.25,11464,"HHHL","Red","Down",0.5,0.74,65.5,"Down",0.5,15.5,"Down",0.45,0.347328,0.603053,True,True,True,False,"Falling","Absent","Local","Local","Contained","Minor","BreaksPriorHigh;CloseInsidePriorRange;CloseInsidePriorBody;DissipationLocal;AcceptanceContained;CompressionLocal"
1182,"2026-05-19 07:35:00",28712,28765,28684,28700.75,11144,"OutsideBar","Red","Down",0.4,0.7,81,"Up",0.6,11.25,"Down",0.35,0.20679,0.808642,True,False,True,True,"Falling","Local","Local","Local","Contained","Moderate","BreaksPriorHigh;BreaksPriorLow;CloseInsidePriorRange;DissipationLocal;AcceptanceContained;CompressionLocal"
1183,"2026-05-19 07:40:00",28700.5,28770.75,28699.5,28763.5,8390,"HHHL","Black","Down",0.35,0.68,71.25,"Down",0.5,63,"Up",0.8,0.898246,0.919298,True,False,True,False,"Falling","Absent","Clustered","Local","Contained","Minor","BreaksPriorHigh;CloseInsidePriorRange;DissipationLocal;AcceptanceContained;CompressionClustered"
1184,"2026-05-19 07:45:00",28763.25,28801,28723,28744.75,9038,"HHHL","Red","Up",0.35,0.68,78,"Up",0.55,18.5,"Down",0.4,0.278846,0.612179,True,True,True,False,"Rising","Local","Local","Absent","Contained","Minor","BreaksPriorHigh;CloseInsidePriorRange;CloseInsidePriorBody;AcceptanceContained;CompressionLocal"
1185,"2026-05-19 07:50:00",28743.5,28759.75,28675,28709.5,8036,"LLLH","Red","Down",0.25,0.64,84.75,"Up",0.6,34,"Up",0.55,0.40708,0.433628,False,False,False,True,"Falling","Local","Absent","Local","Accepted","Moderate","BreaksPriorLow;DissipationLocal;AcceptanceAccepted"
1186,"2026-05-19 07:55:00",28708.5,28762,28695,28741,6841,"HHHL","Black","Down",0.2,0.56,67,"Down",0.35,32.5,"Down",0.5,0.686567,0.966418,True,True,True,False,"Falling","Absent","Clustered","Local","Contained","Minor","BreaksPriorHigh;CloseInsidePriorRange;CloseInsidePriorBody;DissipationLocal;AcceptanceContained;CompressionClustered"
1187,"2026-05-19 08:00:00",28740.75,28807,28731.75,28804,6151,"HHHL","Black","Down",0.15,0.5,75.25,"Up",0.4,63.25,"Up",0.8,0.960133,0.401993,False,False,True,False,"Falling","Local","Absent","Local","Accepted","Minor","BreaksPriorHigh;DissipationLocal;AcceptanceAccepted"
1188,"2026-05-19 08:05:00",28803.75,28835,28780.75,28811.5,7885,"HHHL","Black","Up",0.2,0.62,54.25,"Down",0.1,7.75,"Down",0.1,0.56682,0.483871,False,False,True,False,"Rising","Absent","Absent","Local","Accepted","Minor","BreaksPriorHigh;DissipationLocal;AcceptanceAccepted"
1189,"2026-05-19 08:10:00",28812.5,28818.5,28755,28792.75,6277,"LLLH","Red","Down",0.1,0.5,63.5,"Up",0.15,19.75,"Up",0.3,0.594488,0.594488,True,False,False,True,"Falling","Local","Local","Local","Contained","Minor","BreaksPriorLow;CloseInsidePriorRange;DissipationLocal;AcceptanceContained;CompressionLocal"
1190,"2026-05-19 08:15:00",28794,28836,28794,28827.75,4931,"HHHL","Black","Down",0.05,0.34,42,"Down",0.05,33.75,"Up",0.5,0.803571,0.583333,False,False,True,False,"Falling","Absent","Absent","Local","Accepted","Minor","BreaksPriorHigh;DissipationLocal;AcceptanceAccepted"
1191,"2026-05-19 08:20:00",28829.25,28860,28787.5,28787.5,6459,"OutsideBar","Red","Up",0.2,0.56,72.5,"Up",0.45,41.75,"Up",0.65,0,0.57931,False,False,True,True,"Rising","Local","Absent","Absent","Accepted","Minor","BreaksPriorHigh;BreaksPriorLow;AcceptanceAccepted"
1192,"2026-05-19 08:25:00",28788.25,28819.5,28744,28745.75,6386,"LLLH","Red","Down",0.2,0.52,75.5,"Up",0.55,42.5,"Up",0.7,0.023179,0.423841,False,False,False,True,"Falling","Local","Absent","Local","Accepted","Minor","BreaksPriorLow;DissipationLocal;AcceptanceAccepted"
1193,"2026-05-19 08:30:00",28744,28795.5,28726,28770.75,5962,"LLLH","Black","Down",0.1,0.42,69.5,"Down",0.4,26.75,"Down",0.4,0.643885,0.741007,True,True,False,True,"Falling","Absent","Local","Local","Contained","Minor","BreaksPriorLow;CloseInsidePriorRange;CloseInsidePriorBody;DissipationLocal;AcceptanceContained;CompressionLocal"
1194,"2026-05-19 08:35:00",28770.5,28838.25,28757.75,28793.5,7028,"HHHL","Black","Up",0.4,0.58,80.5,"Up",0.75,23,"Down",0.35,0.444099,0.468944,True,False,True,False,"Rising","Local","Local","Absent","Contained","Moderate","BreaksPriorHigh;CloseInsidePriorRange;AcceptanceContained;CompressionLocal"
1195,"2026-05-19 08:40:00",28793.5,28856.5,28778.5,28844.25,5448,"HHHL","Black","Down",0.1,0.32,78,"Down",0.75,50.75,"Up",0.8,0.842949,0.766026,False,False,True,False,"Falling","Absent","Absent","Local","Accepted","Moderate","BreaksPriorHigh;DissipationLocal;AcceptanceAccepted"
1196,"2026-05-19 08:45:00",28845.25,28877.75,28826,28855,5401,"HHHL","Black","Down",0.1,0.32,51.75,"Down",0.1,9.75,"Down",0.1,0.560386,0.589372,True,False,True,False,"Falling","Absent","Local","Local","Contained","Minor","BreaksPriorHigh;CloseInsidePriorRange;DissipationLocal;AcceptanceContained;CompressionLocal"
1197,"2026-05-19 08:50:00",28856.75,28863.5,28822,28853.25,4199,"LLLH","Red","Down",0.05,0.24,41.5,"Down",0.05,3.5,"Down",0.05,0.753012,0.903614,True,True,False,True,"Falling","Absent","Clustered","Local","Contained","Minor","BreaksPriorLow;CloseInsidePriorRange;CloseInsidePriorBody;DissipationLocal;AcceptanceContained;CompressionClustered"
1198,"2026-05-19 08:55:00",28853.25,28859,28801.25,28821.25,4344,"LLLH","Red","Up",0.1,0.28,57.75,"Up",0.3,32,"Up",0.6,0.34632,0.640693,False,False,False,True,"Rising","Local","Absent","Absent","Accepted","Minor","BreaksPriorLow;AcceptanceAccepted"
1199,"2026-05-19 09:00:00",28820.75,28824.5,28779.75,28815.75,4386,"LLLH","Red","Up",0.15,0.3,44.75,"Down",0.15,5,"Down",0.1,0.804469,0.519553,True,False,False,True,"Rising","Absent","Local","Local","Contained","Minor","BreaksPriorLow;CloseInsidePriorRange;DissipationLocal;AcceptanceContained;CompressionLocal"
1200,"2026-05-19 09:05:00",28818,28880.5,28814.25,28870.75,5408,"HHHL","Black","Up",0.3,0.38,66.25,"Up",0.45,52.75,"Up",0.9,0.85283,0.154717,False,False,True,False,"Rising","Local","Absent","Absent","Accepted","Minor","BreaksPriorHigh;AcceptanceAccepted"
1201,"2026-05-19 09:10:00",28870,28874.25,28806.5,28808.25,4097,"LLLH","Red","Down",0.05,0.24,67.75,"Up",0.5,61.75,"Up",0.9,0.02583,0.885609,False,False,False,True,"Falling","Local","Absent","Local","Accepted","Minor","BreaksPriorLow;DissipationLocal;AcceptanceAccepted"
1202,"2026-05-19 09:15:00",28807.75,28831.5,28791.5,28814.5,4197,"LLLH","Black","Up",0.1,0.26,40,"Down",0.05,6.75,"Down",0.15,0.575,0.625,True,True,False,True,"Rising","Absent","Local","Local","Contained","Minor","BreaksPriorLow;CloseInsidePriorRange;CloseInsidePriorBody;DissipationLocal;AcceptanceContained;CompressionLocal"
1203,"2026-05-19 09:20:00",28815.5,28867,28814.25,28861.25,5227,"HHHL","Black","Up",0.35,0.36,52.75,"Up",0.3,45.75,"Up",0.8,0.890995,0.327014,False,False,True,False,"Rising","Local","Absent","Absent","Accepted","Minor","BreaksPriorHigh;AcceptanceAccepted"
1204,"2026-05-19 09:25:00",28860.5,28877.75,28842.5,28877.75,3632,"HHHL","Black","Down",0.05,0.24,35.25,"Down",0.05,17.25,"Down",0.3,1,0.695035,False,False,True,False,"Falling","Absent","Absent","Local","Accepted","Minor","BreaksPriorHigh;DissipationLocal;AcceptanceAccepted"
1205,"2026-05-19 09:30:00",28876.5,28922.75,28875.75,28910.75,5617,"HHHL","Black","Up",0.6,0.48,47,"Up",0.3,34.25,"Up",0.65,0.744681,0.042553,False,False,True,False,"Rising","Local","Absent","Absent","Accepted","Moderate","BreaksPriorHigh;AcceptanceAccepted"
1206,"2026-05-19 09:35:00",28908,28955.25,28902.25,28946.5,5731,"HHHL","Black","Up",0.65,0.5,53,"Up",0.45,38.5,"Up",0.65,0.834906,0.386792,False,False,True,False,"Rising","Local","Absent","Absent","Accepted","Moderate","BreaksPriorHigh;AcceptanceAccepted"
1207,"2026-05-19 09:40:00",28946,28971.5,28924.25,28966.25,4694,"HHHL","Black","Down",0.35,0.36,47.25,"Down",0.35,20.25,"Down",0.4,0.888889,0.656085,False,False,True,False,"Falling","Absent","Absent","Local","Accepted","Minor","BreaksPriorHigh;DissipationLocal;AcceptanceAccepted"
1208,"2026-05-19 09:45:00",28965.75,28990.25,28961.75,28989,4450,"HHHL","Black","Down",0.35,0.36,28.5,"Down",0.05,23.25,"Up",0.45,0.95614,0.342105,False,False,True,False,"Falling","Absent","Absent","Local","Accepted","Minor","BreaksPriorHigh;DissipationLocal;AcceptanceAccepted"
1209,"2026-05-19 09:50:00",28989,28996,28967.25,28981,4567,"HHHL","Red","Up",0.4,0.36,28.75,"Up",0.1,8,"Down",0.2,0.478261,0.8,True,True,True,False,"Rising","Local","Local","Absent","Contained","Minor","BreaksPriorHigh;CloseInsidePriorRange;CloseInsidePriorBody;AcceptanceContained;CompressionLocal"
1210,"2026-05-19 09:55:00",28980.25,29024,28969.25,29023.5,4699,"HHHL","Black","Up",0.5,0.38,54.75,"Up",0.6,43.25,"Up",0.8,0.990868,0.488584,False,False,True,False,"Rising","Local","Absent","Absent","Accepted","Moderate","BreaksPriorHigh;AcceptanceAccepted"
1211,"2026-05-19 10:00:00",29023.75,29034.75,29008.25,29021.75,4713,"HHHL","Red","Up",0.55,0.38,26.5,"Down",0.05,2,"Down",0.05,0.509434,0.59434,True,True,True,False,"Rising","Absent","Local","Local","Contained","Minor","BreaksPriorHigh;CloseInsidePriorRange;CloseInsidePriorBody;DissipationLocal;AcceptanceContained;CompressionLocal"
1212,"2026-05-19 10:05:00",29022.5,29057.5,29011,29054.75,5412,"HHHL","Black","Up",0.75,0.46,46.5,"Up",0.4,32.25,"Up",0.65,0.94086,0.510753,False,False,True,False,"Rising","Local","Absent","Absent","Accepted","Moderate","BreaksPriorHigh;AcceptanceAccepted"
1213,"2026-05-19 10:10:00",29054.75,29072.25,29041.75,29070,4952,"HHHL","Black","Down",0.6,0.38,30.5,"Down",0.2,15.25,"Down",0.35,0.92623,0.516393,False,False,True,False,"Falling","Absent","Absent","Local","Accepted","Moderate","BreaksPriorHigh;DissipationLocal;AcceptanceAccepted"
1214,"2026-05-19 10:15:00",29069.5,29080.5,29055.25,29073.75,4648,"HHHL","Black","Down",0.45,0.28,25.25,"Down",0.05,4.25,"Down",0.15,0.732673,0.673267,False,False,True,False,"Falling","Absent","Absent","Local","Accepted","Minor","BreaksPriorHigh;DissipationLocal;AcceptanceAccepted"
1215,"2026-05-19 10:20:00",29073.75,29105.25,29073.75,29101.75,5166,"HHHL","Black","Up",0.7,0.38,31.5,"Up",0.3,28,"Up",0.6,0.888889,0.214286,False,False,True,False,"Rising","Local","Absent","Absent","Accepted","Moderate","BreaksPriorHigh;AcceptanceAccepted"
1216,"2026-05-19 10:25:00",29101.25,29126.5,29088.5,29112.5,5546,"HHHL","Black","Up",0.9,0.48,38,"Up",0.4,11.25,"Down",0.35,0.631579,0.440789,False,False,True,False,"Peak","Local","Absent","Absent","Accepted","Major","VolumePeak20;HighVolumeLowRange;BreaksPriorHigh;AcceptanceAccepted"
1217,"2026-05-19 10:30:00",29111.75,29116,29061.5,29082,6010,"LLLH","Red","Up",1,0.54,54.5,"Up",0.8,29.75,"Up",0.6,0.376147,0.504587,False,False,False,True,"Peak","Strong","Absent","Absent","Accepted","Major","VolumePeak20;RangePeak20;BreaksPriorLow;AcceptanceAccepted"
1218,"2026-05-19 10:35:00",29082.25,29119,29079,29081.5,4409,"HHHL","Red","Down",0.25,0.16,40,"Down",0.5,0.75,"Down",0.05,0.0625,0.925,True,False,True,False,"Falling","Absent","Clustered","Local","Contained","Minor","BreaksPriorHigh;CloseInsidePriorRange;DissipationLocal;AcceptanceContained;CompressionClustered"
1219,"2026-05-19 10:40:00",29080.75,29106,29078.5,29100,3397,"LLLH","Black","Down",0.05,0.02,27.5,"Down",0.15,19.25,"Up",0.45,0.781818,0.981818,True,False,False,True,"Falling","Absent","Clustered","Local","Contained","Minor","BreaksPriorLow;CloseInsidePriorRange;DissipationLocal;AcceptanceContained;CompressionClustered"
1220,"2026-05-19 10:45:00",29101.75,29112.25,29084.25,29089.5,3124,"HHHL","Red","Down",0.05,0.02,28,"Up",0.2,12.25,"Down",0.35,0.1875,0.776786,True,True,True,False,"Falling","Local","Local","Local","Contained","Minor","BreaksPriorHigh;CloseInsidePriorRange;CloseInsidePriorBody;DissipationLocal;AcceptanceContained;CompressionLocal"
1221,"2026-05-19 10:50:00",29089.75,29092,29035.5,29065.75,5531,"LLLH","Red","Up",0.8,0.48,56.5,"Up",1,24,"Up",0.65,0.535398,0.137168,False,False,False,True,"Peak","Climactic","Absent","Absent","Accepted","Structural","VolumePeak20;RangePeak20;RangeClimactic20;BreaksPriorLow;AcceptanceAccepted"
1222,"2026-05-19 10:55:00",29066,29066,29007,29036,4198,"LLLH","Red","Down",0.2,0.12,59,"Up",1,30,"Up",0.75,0.491525,0.516949,True,False,False,True,"Falling","Climactic","Local","Local","Contained","Structural","RangePeak20;RangeClimactic20;LowVolumeHighRange;BreaksPriorLow;CloseInsidePriorRange;DissipationLocal;AcceptanceContained;CompressionLocal"
1223,"2026-05-19 11:00:00",29037.25,29073,29033.25,29068.75,3699,"HHHL","Black","Down",0.2,0.08,39.75,"Down",0.55,31.5,"Up",0.8,0.893082,0.823899,False,False,True,False,"Falling","Absent","Clustered","Local","Accepted","Minor","BreaksPriorHigh;DissipationLocal;AcceptanceAccepted;CompressionClustered"
1224,"2026-05-19 11:05:00",29069.25,29090.25,29063.75,29083,3506,"HHHL","Black","Down",0.15,0.06,26.5,"Down",0.15,13.75,"Down",0.35,0.726415,0.349057,False,False,True,False,"Falling","Absent","Absent","Local","Accepted","Minor","BreaksPriorHigh;DissipationLocal;AcceptanceAccepted"
1225,"2026-05-19 11:10:00",29083.25,29100,29077.75,29094.25,2721,"HHHL","Black","Down",0.05,0.02,22.25,"Down",0.05,11,"Down",0.25,0.741573,0.561798,False,False,True,False,"Falling","Absent","Absent","Local","Accepted","Minor","BreaksPriorHigh;DissipationLocal;AcceptanceAccepted"
1226,"2026-05-19 11:15:00",29093.5,29101.75,29071.5,29072.5,2787,"OutsideBar","Red","Up",0.1,0.04,30.25,"Up",0.45,21,"Up",0.6,0.033058,0.735537,False,False,True,True,"Rising","Local","Absent","Absent","Accepted","Minor","BreaksPriorHigh;BreaksPriorLow;AcceptanceAccepted"
1227,"2026-05-19 11:20:00",29072.25,29081.75,29052,29061.25,3336,"LLLH","Red","Up",0.2,0.08,29.75,"Down",0.45,11,"Down",0.3,0.310924,0.344538,False,False,False,True,"Rising","Absent","Absent","Local","Accepted","Minor","BreaksPriorLow;DissipationLocal;AcceptanceAccepted"
1228,"2026-05-19 11:25:00",29060.25,29062.75,29006.75,29038.25,4635,"LLLH","Red","Up",0.55,0.36,56,"Up",0.9,22,"Up",0.65,0.5625,0.191964,False,False,False,True,"Rising","Strong","Absent","Absent","Accepted","Structural","RangePeak20;BreaksPriorLow;AcceptanceAccepted"
1229,"2026-05-19 11:30:00",29038.25,29065.5,29019,29023.5,4543,"HHHL","Red","Down",0.5,0.34,46.5,"Down",0.75,14.75,"Down",0.45,0.096774,0.94086,True,False,True,False,"Falling","Absent","Clustered","Local","Contained","Moderate","BreaksPriorHigh;CloseInsidePriorRange;DissipationLocal;AcceptanceContained;CompressionClustered"
1230,"2026-05-19 11:35:00",29023.75,29049,29008,29041,3323,"LLLH","Black","Down",0.2,0.08,41,"Down",0.7,17.25,"Up",0.55,0.804878,0.731707,True,False,False,True,"Falling","Absent","Local","Local","Contained","Moderate","BreaksPriorLow;CloseInsidePriorRange;DissipationLocal;AcceptanceContained;CompressionLocal"
1231,"2026-05-19 11:40:00",29040.75,29061.5,29012.75,29015.5,3720,"HHHL","Red","Up",0.45,0.2,48.75,"Up",0.8,25.25,"Up",0.75,0.05641,0.74359,True,False,True,False,"Rising","Strong","Local","Absent","Contained","Major","RangePeak20;BreaksPriorHigh;CloseInsidePriorRange;AcceptanceContained;CompressionLocal"
1232,"2026-05-19 11:45:00",29015.25,29027,29000.5,29017.25,3056,"LLLH","Black","Down",0.15,0.06,26.5,"Down",0.2,2,"Down",0.1,0.632075,0.537736,True,True,False,True,"Falling","Absent","Local","Local","Contained","Minor","BreaksPriorLow;CloseInsidePriorRange;CloseInsidePriorBody;DissipationLocal;AcceptanceContained;CompressionLocal"
1233,"2026-05-19 11:50:00",29016.75,29022,28992.25,29016.5,3591,"LLLH","Red","Up",0.45,0.18,29.75,"Up",0.4,0.25,"Down",0.05,0.815126,0.722689,True,True,False,True,"Rising","Local","Local","Absent","Contained","Minor","BreaksPriorLow;CloseInsidePriorRange;CloseInsidePriorBody;AcceptanceContained;CompressionLocal"
1234,"2026-05-19 11:55:00",29016,29020.75,28973.25,28975.5,3799,"LLLH","Red","Up",0.6,0.26,47.5,"Up",0.75,40.5,"Up",1,0.047368,0.6,False,False,False,True,"Rising","Local","Absent","Absent","Accepted","Moderate","BreaksPriorLow;AcceptanceAccepted"
1235,"2026-05-19 12:00:00",28973.75,28973.75,28941.75,28959.5,5625,"LLLH","Red","Up",0.95,0.8,32,"Down",0.45,14.25,"Down",0.45,0.554688,0.015625,False,False,False,True,"Peak","Absent","Absent","Local","Accepted","Major","VolumePeak20;BreaksPriorLow;DissipationLocal;AcceptanceAccepted"
1236,"2026-05-19 12:05:00",28959.75,28997.75,28957.75,28977.5,4525,"HHHL","Black","Down",0.75,0.44,40,"Up",0.6,17.75,"Up",0.55,0.49375,0.4,False,False,True,False,"Falling","Local","Absent","Local","Accepted","Moderate","BreaksPriorHigh;DissipationLocal;AcceptanceAccepted"
1237,"2026-05-19 12:10:00",28979,29016.75,28958.5,29006.5,4294,"HHHL","Black","Down",0.7,0.36,58.25,"Up",0.95,27.5,"Up",0.85,0.824034,0.67382,False,False,True,False,"Falling","Climactic","Absent","Local","Accepted","Structural","RangePeak20;RangeClimactic20;BreaksPriorHigh;DissipationLocal;AcceptanceAccepted"
1238,"2026-05-19 12:15:00",29006.25,29055,29004.5,29053,4244,"HHHL","Black","Down",0.7,0.36,50.5,"Down",0.8,46.75,"Up",1,0.960396,0.242574,False,False,True,False,"Falling","Strong","Absent","Local","Accepted","Major","RangePeak20;BreaksPriorHigh;DissipationLocal;AcceptanceAccepted"
1239,"2026-05-19 12:20:00",29053.25,29059.75,29001.75,29001.75,3888,"OutsideBar","Red","Down",0.6,0.28,58,"Up",0.9,51.5,"Up",1,0,0.87069,False,False,True,True,"Falling","Strong","Absent","Local","Accepted","Structural","RangePeak20;BreaksPriorHigh;BreaksPriorLow;DissipationLocal;AcceptanceAccepted"
1240,"2026-05-19 12:25:00",29002.75,29012,28941,28941.75,4847,"LLLH","Red","Up",0.9,0.66,71,"Up",1,61,"Up",1,0.010563,0.144366,False,False,False,True,"Peak","Climactic","Absent","Absent","Accepted","Structural","VolumePeak20;RangePeak20;RangeClimactic20;BreaksPriorLow;AcceptanceAccepted"
1241,"2026-05-19 12:30:00",28941.25,28982.75,28924.5,28977.5,4804,"LLLH","Black","Down",0.9,0.66,58.25,"Down",0.9,36.25,"Down",0.8,0.909871,0.716738,True,True,False,True,"Peak","Strong","Local","Local","Contained","Structural","VolumePeak20;RangePeak20;BreaksPriorLow;CloseInsidePriorRange;CloseInsidePriorBody;DissipationLocal;AcceptanceContained;CompressionLocal"
1242,"2026-05-19 12:35:00",28977.25,29004,28962.25,28968.5,3876,"HHHL","Red","Down",0.55,0.28,41.75,"Down",0.55,8.75,"Down",0.15,0.149701,0.491018,True,True,True,False,"Falling","Absent","Local","Local","Contained","Minor","BreaksPriorHigh;CloseInsidePriorRange;CloseInsidePriorBody;DissipationLocal;AcceptanceContained;CompressionLocal"
1243,"2026-05-19 12:40:00",28968.5,28975.75,28936,28953.25,3501,"LLLH","Red","Down",0.3,0.16,39.75,"Down",0.4,15.25,"Up",0.45,0.433962,0.339623,False,False,False,True,"Falling","Absent","Absent","Local","Accepted","Minor","BreaksPriorLow;DissipationLocal;AcceptanceAccepted"
1244,"2026-05-19 12:45:00",28951.75,28954.75,28926.5,28931.75,3905,"LLLH","Red","Up",0.6,0.34,28.25,"Down",0.15,20,"Up",0.55,0.185841,0.663717,False,False,False,True,"Rising","Absent","Absent","Local","Accepted","Moderate","BreaksPriorLow;DissipationLocal;AcceptanceAccepted"
1245,"2026-05-19 12:50:00",28932,28942,28912.5,28919.75,4092,"LLLH","Red","Up",0.6,0.36,29.5,"Up",0.15,12.25,"Down",0.25,0.245763,0.525424,False,False,False,True,"Rising","Local","Absent","Absent","Accepted","Moderate","BreaksPriorLow;AcceptanceAccepted"
1246,"2026-05-19 12:55:00",28919.5,28936.5,28871.5,28881.5,6959,"LLLH","Red","Up",1,1,65,"Up",0.95,38,"Up",0.8,0.153846,0.369231,False,False,False,True,"Climactic","Climactic","Absent","Absent","Accepted","SessionDefining","VolumePeak20;VolumeClimactic50;RangePeak20;RangeClimactic20;BreaksPriorLow;AcceptanceAccepted"
1247,"2026-05-19 13:00:00",28882,28929,28867,28921.75,14386,"LLLH","Black","Up",1,1,62,"Down",0.9,39.75,"Up",0.8,0.883065,0.927419,True,False,False,True,"Climactic","Strong","Clustered","Local","Contained","Structural","VolumePeak20;VolumeClimactic50;RangePeak20;BreaksPriorLow;CloseInsidePriorRange;DissipationLocal;AcceptanceContained;CompressionClustered"
1248,"2026-05-19 13:05:00",28922,28929.75,28897,28902.25,5041,"HHHL","Red","Down",0.85,0.76,32.75,"Down",0.3,19.75,"Down",0.5,0.160305,0.977099,True,True,True,False,"Peak","Absent","Clustered","Local","Contained","Major","VolumePeak20;HighVolumeLowRange;BreaksPriorHigh;CloseInsidePriorRange;CloseInsidePriorBody;DissipationLocal;AcceptanceContained;CompressionClustered"
1249,"2026-05-19 13:10:00",28903.25,28937.25,28898,28927.5,1571,"HHHL","Black","Down",0.05,0.02,39.25,"Up",0.35,24.25,"Up",0.55,0.751592,0.808917,True,False,True,False,"Falling","Local","Local","Local","Contained","Minor","BreaksPriorHigh;CloseInsidePriorRange;DissipationLocal;AcceptanceContained;CompressionLocal"
1250,"2026-05-19 13:15:00",28928,28941.5,28917,28923,1480,"HHHL","Red","Down",0.05,0.02,24.5,"Down",0.05,5,"Down",0.15,0.244898,0.826531,True,True,True,False,"Falling","Absent","Clustered","Local","Contained","Minor","BreaksPriorHigh;CloseInsidePriorRange;CloseInsidePriorBody;DissipationLocal;AcceptanceContained;CompressionClustered"
1251,"2026-05-19 13:20:00",28922.5,28929.75,28909,28913.75,870,"LLLH","Red","Down",0.05,0.02,20.75,"Down",0.05,8.75,"Up",0.25,0.228916,0.614458,False,False,False,True,"Falling","Absent","Absent","Local","Accepted","Minor","BreaksPriorLow;DissipationLocal;AcceptanceAccepted"
1252,"2026-05-19 13:25:00",28913,28920.25,28904,28911.75,702,"LLLH","Red","Down",0.05,0.02,16.25,"Down",0.05,1.25,"Down",0.1,0.476923,0.692308,True,False,False,True,"Falling","Absent","Local","Local","Contained","Minor","BreaksPriorLow;CloseInsidePriorRange;DissipationLocal;AcceptanceContained;CompressionLocal"
1253,"2026-05-19 13:30:00",28912,28922.5,28902,28908.5,823,"OutsideBar","Red","Up",0.1,0.04,20.5,"Up",0.1,3.5,"Up",0.1,0.317073,0.792683,True,False,True,True,"Rising","Local","Local","Absent","Contained","Minor","BreaksPriorHigh;BreaksPriorLow;CloseInsidePriorRange;AcceptanceContained;CompressionLocal"
1254,"2026-05-19 13:35:00",28908.5,28911,28899,28903.75,451,"LLLH","Red","Down",0.05,0.02,12,"Down",0.05,4.75,"Up",0.15,0.395833,0.75,True,False,False,True,"Falling","Absent","Local","Local","Contained","Minor","BreaksPriorLow;CloseInsidePriorRange;DissipationLocal;AcceptanceContained;CompressionLocal"
1255,"2026-05-19 13:40:00",28903.25,28910.25,28897.75,28899.75,425,"LLLH","Red","Down",0.05,0.02,12.5,"Up",0.1,3.5,"Down",0.15,0.16,0.9,True,False,False,True,"Falling","Local","Local","Local","Contained","Minor","BreaksPriorLow;CloseInsidePriorRange;DissipationLocal;AcceptanceContained;CompressionLocal"
1256,"2026-05-19 13:45:00",28899.25,28905.75,28896,28899.5,412,"LLLH","Black","Down",0.05,0.02,9.75,"Down",0.05,0.25,"Down",0.05,0.358974,0.820513,True,False,False,True,"Falling","Absent","Clustered","Local","Contained","Minor","BreaksPriorLow;CloseInsidePriorRange;DissipationLocal;AcceptanceContained;CompressionClustered"
1257,"2026-05-19 13:50:00",28899.75,28903.75,28891.75,28895.5,519,"LLLH","Red","Up",0.2,0.08,12,"Up",0.15,4.25,"Up",0.25,0.3125,0.645833,False,False,False,True,"Rising","Local","Absent","Absent","Accepted","Minor","BreaksPriorLow;AcceptanceAccepted"
1258,"2026-05-19 13:55:00",28896.5,28902.5,28890.25,28896.75,539,"LLLH","Black","Up",0.25,0.1,12.25,"Up",0.2,0.25,"Down",0.1,0.530612,0.877551,True,True,False,True,"Rising","Local","Local","Absent","Contained","Minor","BreaksPriorLow;CloseInsidePriorRange;CloseInsidePriorBody;AcceptanceContained;CompressionLocal"
1259,"2026-05-19 14:00:00",28896,28899.5,28887.5,28899.25,574,"LLLH","Black","Up",0.3,0.12,12,"Down",0.2,3.25,"Up",0.2,0.979167,0.770833,True,False,False,True,"Rising","Absent","Local","Local","Contained","Minor","BreaksPriorLow;CloseInsidePriorRange;DissipationLocal;AcceptanceContained;CompressionLocal"
1260,"2026-05-20 06:35:00",29073.25,29154.5,29069.5,29135.5,17867,"HHHL","Black","Up",1,1,85,"Up",1,62.25,"Up",1,0.776471,0,False,False,True,False,"Climactic","Climactic","Absent","Absent","Accepted","SessionDefining","VolumePeak20;VolumeClimactic50;RangePeak20;RangeClimactic20;BreaksPriorHigh;AcceptanceAccepted"
1261,"2026-05-20 06:40:00",29134.5,29142,29023.25,29066.5,16472,"LLLH","Red","Down",0.95,0.98,118.75,"Up",1,68,"Up",1,0.364211,0.610526,False,False,False,True,"Climactic","Climactic","Absent","Local","Accepted","SessionDefining","VolumePeak20;VolumeClimactic50;RangePeak20;RangeClimactic20;BreaksPriorLow;DissipationLocal;AcceptanceAccepted"
1262,"2026-05-20 06:45:00",29067,29150,29038.5,29142.5,13258,"HHHL","Black","Down",0.85,0.94,111.5,"Down",0.95,75.5,"Up",1,0.932735,0.928251,False,False,True,False,"Peak","Climactic","Clustered","Local","Accepted","Structural","VolumePeak20;RangePeak20;RangeClimactic20;BreaksPriorHigh;DissipationLocal;AcceptanceAccepted;CompressionClustered"
1263,"2026-05-20 06:50:00",29142.75,29194.75,29114.75,29134.75,14059,"HHHL","Red","Up",0.85,0.94,80,"Down",0.85,8,"Down",0.5,0.25,0.440625,True,True,True,False,"Peak","Strong","Local","Local","Contained","Structural","VolumePeak20;RangePeak20;BreaksPriorHigh;CloseInsidePriorRange;CloseInsidePriorBody;DissipationLocal;AcceptanceContained;CompressionLocal"
1264,"2026-05-20 06:55:00",29135,29165.75,29065,29084.25,12515,"LLLH","Red","Down",0.75,0.9,100.75,"Up",0.9,50.75,"Up",0.85,0.191067,0.506203,False,False,False,True,"Falling","Strong","Absent","Local","Accepted","Structural","RangePeak20;BreaksPriorLow;DissipationLocal;AcceptanceAccepted"
1265,"2026-05-20 07:00:00",29086,29107.5,29047.25,29100.5,8850,"LLLH","Black","Down",0.7,0.88,60.25,"Down",0.65,14.5,"Down",0.6,0.883817,0.705394,True,True,False,True,"Falling","Absent","Local","Local","Contained","Moderate","BreaksPriorLow;CloseInsidePriorRange;CloseInsidePriorBody;DissipationLocal;AcceptanceContained;CompressionLocal"
1266,"2026-05-20 07:05:00",29100.75,29119.75,29060,29077,9693,"HHHL","Red","Up",0.7,0.88,59.75,"Down",0.65,23.75,"Up",0.7,0.284519,0.794979,True,False,True,False,"Rising","Absent","Local","Local","Contained","Moderate","BreaksPriorHigh;CloseInsidePriorRange;DissipationLocal;AcceptanceContained;CompressionLocal"
1267,"2026-05-20 07:10:00",29075.5,29100.75,29056.75,29073.75,6280,"LLLH","Red","Down",0.65,0.82,44,"Down",0.65,1.75,"Down",0.2,0.386364,0.926136,True,False,False,True,"Falling","Absent","Clustered","Local","Contained","Moderate","BreaksPriorLow;CloseInsidePriorRange;DissipationLocal;AcceptanceContained;CompressionClustered"
1268,"2026-05-20 07:15:00",29073.75,29130,29008.5,29088.25,13576,"OutsideBar","Black","Up",0.85,0.92,121.5,"Up",1,14.5,"Up",0.7,0.656379,0.36214,True,False,True,True,"Peak","Climactic","Local","Absent","Contained","Structural","VolumePeak20;RangePeak20;RangeClimactic20;BreaksPriorHigh;BreaksPriorLow;CloseInsidePriorRange;AcceptanceContained;CompressionLocal"
1269,"2026-05-20 07:20:00",29087.25,29233.75,29074.5,29167,16416,"HHHL","Black","Up",0.9,0.96,159.25,"Up",1,79.75,"Up",1,0.580848,0.348509,False,False,True,False,"Climactic","Climactic","Absent","Absent","Accepted","SessionDefining","VolumePeak20;VolumeClimactic50;RangePeak20;RangeClimactic20;BreaksPriorHigh;AcceptanceAccepted"
1270,"2026-05-20 07:25:00",29168.25,29227,29136.25,29143.5,11985,"InsideBar","Red","Down",0.65,0.84,90.75,"Down",0.75,24.75,"Down",0.75,0.07989,1,True,True,False,False,"Falling","Absent","Clustered","Absent","Unresolved","Moderate","CloseInsidePriorRange;CloseInsidePriorBody;CompressionClustered"
1271,"2026-05-20 07:30:00",29143.25,29210.5,29117.5,29208.75,8721,"LLLH","Black","Down",0.5,0.78,93,"Up",0.75,65.5,"Up",0.85,0.981183,0.798387,True,False,False,True,"Falling","Local","Local","Local","Contained","Moderate","BreaksPriorLow;CloseInsidePriorRange;DissipationLocal;AcceptanceContained;CompressionLocal"
1272,"2026-05-20 07:35:00",29209,29263,29208.25,29214.5,12186,"HHHL","Black","Up",0.65,0.84,54.75,"Down",0.45,5.5,"Down",0.45,0.114155,0.041096,False,False,True,False,"Rising","Absent","Absent","Local","Accepted","Moderate","BreaksPriorHigh;DissipationLocal;AcceptanceAccepted"
1273,"2026-05-20 07:40:00",29214.25,29225.25,29173,29202.25,7977,"LLLH","Red","Down",0.4,0.74,52.25,"Down",0.4,12,"Up",0.5,0.559809,0.325359,False,False,False,True,"Falling","Absent","Absent","Local","Accepted","Minor","BreaksPriorLow;DissipationLocal;AcceptanceAccepted"
1274,"2026-05-20 07:45:00",29199.75,29224.75,29187,29223.75,4567,"InsideBar","Black","Down",0.3,0.58,37.75,"Down",0.3,24,"Up",0.65,0.97351,1,True,False,False,False,"Falling","Absent","Clustered","Absent","Unresolved","Minor","CloseInsidePriorRange;CompressionClustered"
1275,"2026-05-20 07:50:00",29224,29236.75,29175.25,29197.75,5399,"OutsideBar","Red","Up",0.3,0.66,61.5,"Up",0.55,26.25,"Up",0.7,0.365854,0.613821,True,False,True,True,"Rising","Local","Local","Absent","Contained","Minor","BreaksPriorHigh;BreaksPriorLow;CloseInsidePriorRange;AcceptanceContained;CompressionLocal"
1276,"2026-05-20 07:55:00",29198.25,29253.5,29188.5,29244.25,4724,"HHHL","Black","Down",0.25,0.58,65,"Up",0.55,46,"Up",0.7,0.857692,0.742308,False,False,True,False,"Falling","Local","Absent","Local","Accepted","Minor","BreaksPriorHigh;DissipationLocal;AcceptanceAccepted"
1277,"2026-05-20 08:00:00",29242.25,29279.5,29232.5,29261.5,7198,"HHHL","Black","Up",0.35,0.72,47,"Down",0.25,19.25,"Down",0.45,0.617021,0.446809,False,False,True,False,"Rising","Absent","Absent","Local","Accepted","Minor","BreaksPriorHigh;DissipationLocal;AcceptanceAccepted"
1278,"2026-05-20 08:05:00",29263.5,29281.5,29230.75,29238.75,4780,"OutsideBar","Red","Down",0.2,0.56,50.75,"Up",0.25,24.75,"Up",0.6,0.157635,0.926108,True,False,True,True,"Falling","Local","Local","Local","Contained","Minor","BreaksPriorHigh;BreaksPriorLow;CloseInsidePriorRange;DissipationLocal;AcceptanceContained;CompressionLocal"
1279,"2026-05-20 08:10:00",29237.5,29265,29234.5,29257.5,4046,"InsideBar","Black","Down",0.05,0.42,30.5,"Down",0.05,20,"Down",0.4,0.754098,1,True,True,False,False,"Falling","Absent","Clustered","Absent","Unresolved","Minor","CloseInsidePriorRange;CloseInsidePriorBody;CompressionClustered"
1280,"2026-05-20 08:15:00",29257.25,29265,29243.75,29256,3114,"InsideBar","Red","Down",0.05,0.26,21.25,"Down",0.05,1.25,"Down",0.05,0.576471,1,True,True,False,False,"Falling","Absent","Clustered","Absent","Unresolved","Minor","CloseInsidePriorRange;CloseInsidePriorBody;CompressionClustered"
1281,"2026-05-20 08:20:00",29255,29395.5,29255,29323.5,20086,"HHHL","Black","Up",1,1,140.5,"Up",0.95,68.5,"Up",0.9,0.487544,0.071174,False,False,True,False,"Climactic","Climactic","Absent","Absent","Accepted","SessionDefining","VolumePeak20;VolumeClimactic50;RangePeak20;RangeClimactic20;BreaksPriorHigh;AcceptanceAccepted"
1282,"2026-05-20 08:25:00",29322.25,29345,29304.5,29314.5,7089,"InsideBar","Red","Down",0.4,0.68,40.5,"Down",0.2,7.75,"Down",0.2,0.246914,1,True,True,False,False,"Falling","Absent","Clustered","Absent","Unresolved","Minor","CloseInsidePriorRange;CloseInsidePriorBody;CompressionClustered"
1283,"2026-05-20 08:30:00",29311,29322,29283.75,29292.25,5359,"LLLH","Red","Down",0.3,0.58,38.25,"Down",0.2,18.75,"Up",0.4,0.222222,0.457516,False,False,False,True,"Falling","Absent","Absent","Local","Accepted","Minor","BreaksPriorLow;DissipationLocal;AcceptanceAccepted"
1284,"2026-05-20 08:35:00",29293.5,29326.75,29289,29326.75,4455,"HHHL","Black","Down",0.15,0.42,37.75,"Down",0.2,33.25,"Up",0.8,1,0.874172,False,False,True,False,"Falling","Absent","Clustered","Local","Accepted","Minor","BreaksPriorHigh;DissipationLocal;AcceptanceAccepted;CompressionClustered"
1285,"2026-05-20 08:40:00",29327,29334.25,29308.5,29314.25,4496,"HHHL","Red","Up",0.2,0.44,25.75,"Down",0.1,12.75,"Down",0.3,0.223301,0.708738,True,True,True,False,"Rising","Absent","Local","Local","Contained","Minor","BreaksPriorHigh;CloseInsidePriorRange;CloseInsidePriorBody;DissipationLocal;AcceptanceContained;CompressionLocal"
1286,"2026-05-20 08:45:00",29313.75,29329,29299,29319.75,3506,"LLLH","Black","Down",0.1,0.28,30,"Up",0.15,6,"Down",0.2,0.691667,0.683333,True,True,False,True,"Falling","Local","Local","Local","Contained","Minor","BreaksPriorLow;CloseInsidePriorRange;CloseInsidePriorBody;DissipationLocal;AcceptanceContained;CompressionLocal"
1287,"2026-05-20 08:50:00",29320,29345.75,29315.75,29344.25,2810,"HHHL","Black","Down",0.05,0.24,30,"Flat",0.2,24.25,"Up",0.6,0.95,0.441667,False,False,True,False,"Falling","Absent","Absent","Local","Accepted","Minor","BreaksPriorHigh;DissipationLocal;AcceptanceAccepted"
1288,"2026-05-20 08:55:00",29345,29358.75,29332.75,29345.75,4014,"HHHL","Black","Up",0.2,0.38,26,"Down",0.15,0.75,"Down",0.05,0.5,0.5,True,False,True,False,"Rising","Absent","Local","Local","Contained","Minor","BreaksPriorHigh;CloseInsidePriorRange;DissipationLocal;AcceptanceContained;CompressionLocal"
1289,"2026-05-20 09:00:00",29345.5,29351.5,29305.75,29331.5,4722,"LLLH","Red","Up",0.45,0.48,45.75,"Up",0.55,14,"Up",0.4,0.562842,0.409836,False,False,False,True,"Rising","Local","Absent","Absent","Accepted","Minor","BreaksPriorLow;AcceptanceAccepted"
1290,"2026-05-20 09:05:00",29331.5,29337.5,29302,29315.25,2860,"LLLH","Red","Down",0.1,0.26,35.5,"Down",0.35,16.25,"Up",0.45,0.373239,0.894366,True,False,False,True,"Falling","Absent","Clustered","Local","Contained","Minor","BreaksPriorLow;CloseInsidePriorRange;DissipationLocal;AcceptanceContained;CompressionClustered"
1291,"2026-05-20 09:10:00",29315.25,29329,29300,29311.75,2446,"LLLH","Red","Down",0.05,0.24,29,"Down",0.2,3.5,"Down",0.15,0.405172,0.931034,True,False,False,True,"Falling","Absent","Clustered","Local","Contained","Minor","BreaksPriorLow;CloseInsidePriorRange;DissipationLocal;AcceptanceContained;CompressionClustered"
1292,"2026-05-20 09:15:00",29311.75,29319,29286.25,29299.25,2978,"LLLH","Red","Up",0.2,0.3,32.75,"Up",0.4,12.5,"Up",0.35,0.396947,0.580153,False,False,False,True,"Rising","Local","Absent","Absent","Accepted","Minor","BreaksPriorLow;AcceptanceAccepted"
1293,"2026-05-20 09:20:00",29299.5,29300.5,29247.25,29258.5,4662,"LLLH","Red","Up",0.6,0.5,53.25,"Up",0.85,41,"Up",0.9,0.211268,0.267606,False,False,False,True,"Rising","Strong","Absent","Absent","Accepted","Major","RangePeak20;BreaksPriorLow;AcceptanceAccepted"
1294,"2026-05-20 09:25:00",29258.75,29267.5,29225.75,29239,6395,"LLLH","Red","Up",0.85,0.64,41.75,"Down",0.65,19.75,"Down",0.6,0.317365,0.48503,False,False,False,True,"Peak","Absent","Absent","Local","Accepted","Major","VolumePeak20;BreaksPriorLow;DissipationLocal;AcceptanceAccepted"
1295,"2026-05-20 09:30:00",29239.25,29242.25,29210,29235.75,5305,"LLLH","Red","Down",0.75,0.56,32.25,"Down",0.4,3.5,"Down",0.2,0.79845,0.511628,True,False,False,True,"Falling","Absent","Local","Local","Contained","Moderate","BreaksPriorLow;CloseInsidePriorRange;DissipationLocal;AcceptanceContained;CompressionLocal"
1296,"2026-05-20 09:35:00",29236.25,29265.5,29221,29232.5,5809,"HHHL","Red","Up",0.8,0.62,44.5,"Up",0.75,3.75,"Up",0.25,0.258427,0.477528,True,False,True,False,"Peak","Local","Local","Absent","Contained","Major","VolumePeak20;BreaksPriorHigh;CloseInsidePriorRange;AcceptanceContained;CompressionLocal"
1297,"2026-05-20 09:40:00",29232.5,29253.25,29222.25,29234,3608,"InsideBar","Black","Down",0.35,0.36,31,"Down",0.4,1.5,"Down",0.15,0.379032,1,True,True,False,False,"Falling","Absent","Clustered","Absent","Unresolved","Minor","CloseInsidePriorRange;CloseInsidePriorBody;CompressionClustered"
1298,"2026-05-20 09:45:00",29234.5,29289,29229,29288.25,5413,"HHHL","Black","Up",0.8,0.62,60,"Up",0.95,53.75,"Up",0.95,0.9875,0.404167,False,False,True,False,"Peak","Climactic","Absent","Absent","Accepted","Structural","VolumePeak20;RangePeak20;RangeClimactic20;BreaksPriorHigh;AcceptanceAccepted"
1299,"2026-05-20 09:50:00",29287.5,29296.25,29236.5,29254.5,5496,"HHHL","Red","Up",0.8,0.62,59.75,"Down",0.9,33,"Down",0.8,0.301255,0.878661,True,True,True,False,"Peak","Strong","Clustered","Local","Contained","Structural","VolumePeak20;RangePeak20;BreaksPriorHigh;CloseInsidePriorRange;CloseInsidePriorBody;DissipationLocal;AcceptanceContained;CompressionClustered"
1300,"2026-05-20 09:55:00",29254.5,29272,29250.5,29268.75,2390,"InsideBar","Black","Down",0.05,0.2,21.5,"Down",0.05,14.25,"Down",0.55,0.848837,1,True,True,False,False,"Falling","Absent","Clustered","Absent","Unresolved","Minor","CloseInsidePriorRange;CloseInsidePriorBody;CompressionClustered"
1301,"2026-05-20 10:00:00",29269.25,29274.25,29224.5,29261.75,3816,"OutsideBar","Red","Up",0.4,0.34,49.75,"Up",0.85,7.5,"Down",0.35,0.748744,0.432161,True,True,True,True,"Rising","Strong","Local","Absent","Contained","Major","RangePeak20;LowVolumeHighRange;BreaksPriorHigh;BreaksPriorLow;CloseInsidePriorRange;CloseInsidePriorBody;AcceptanceContained;CompressionLocal"
1302,"2026-05-20 10:05:00",29263,29283.75,29244.25,29249.25,3532,"HHHL","Red","Down",0.35,0.3,39.5,"Down",0.65,13.75,"Up",0.5,0.126582,0.759494,True,False,True,False,"Falling","Absent","Local","Local","Contained","Moderate","BreaksPriorHigh;CloseInsidePriorRange;DissipationLocal;AcceptanceContained;CompressionLocal"
1303,"2026-05-20 10:10:00",29248.75,29260,29236.5,29243,1957,"LLLH","Red","Down",0.05,0.14,23.5,"Down",0.1,5.75,"Down",0.3,0.276596,0.670213,False,False,False,True,"Falling","Absent","Absent","Local","Accepted","Minor","BreaksPriorLow;DissipationLocal;AcceptanceAccepted"
1304,"2026-05-20 10:15:00",29244.75,29304.75,29229,29282.75,5451,"OutsideBar","Black","Up",0.85,0.6,75.75,"Up",1,38,"Up",0.9,0.709571,0.310231,False,False,True,True,"Peak","Climactic","Absent","Absent","Accepted","Structural","VolumePeak20;RangePeak20;RangeClimactic20;BreaksPriorHigh;BreaksPriorLow;AcceptanceAccepted"
1305,"2026-05-20 10:20:00",29282.5,29290.75,29261,29278.25,2680,"InsideBar","Red","Down",0.2,0.16,29.75,"Down",0.25,4.25,"Down",0.3,0.579832,1,True,True,False,False,"Falling","Absent","Clustered","Absent","Unresolved","Minor","CloseInsidePriorRange;CloseInsidePriorBody;CompressionClustered"
1306,"2026-05-20 10:25:00",29278.25,29295.75,29262.75,29271.75,1995,"HHHL","Red","Down",0.1,0.1,33,"Up",0.5,6.5,"Up",0.4,0.272727,0.848485,True,False,True,False,"Falling","Local","Local","Local","Contained","Minor","BreaksPriorHigh;CloseInsidePriorRange;DissipationLocal;AcceptanceContained;CompressionLocal"
1307,"2026-05-20 10:30:00",29271.75,29306,29267.25,29294.5,3264,"HHHL","Black","Up",0.4,0.24,38.75,"Up",0.55,22.75,"Up",0.8,0.703226,0.735484,True,False,True,False,"Rising","Local","Local","Absent","Contained","Minor","BreaksPriorHigh;CloseInsidePriorRange;AcceptanceContained;CompressionLocal"
1308,"2026-05-20 10:35:00",29295.25,29311,29273.75,29287.5,2755,"HHHL","Red","Down",0.3,0.14,37.25,"Down",0.5,7.75,"Down",0.45,0.369128,0.865772,True,True,True,False,"Falling","Absent","Clustered","Local","Contained","Minor","BreaksPriorHigh;CloseInsidePriorRange;CloseInsidePriorBody;DissipationLocal;AcceptanceContained;CompressionClustered"
1309,"2026-05-20 10:40:00",29286,29326,29282.25,29307,3873,"HHHL","Black","Up",0.65,0.32,43.75,"Up",0.7,21,"Up",0.75,0.565714,0.657143,True,False,True,False,"Rising","Local","Local","Absent","Contained","Moderate","BreaksPriorHigh;CloseInsidePriorRange;AcceptanceContained;CompressionLocal"
1310,"2026-05-20 10:45:00",29306,29309,29290,29302.75,1946,"InsideBar","Red","Down",0.05,0.02,19,"Down",0.05,3.25,"Down",0.1,0.671053,1,True,True,False,False,"Falling","Absent","Clustered","Absent","Unresolved","Minor","CloseInsidePriorRange;CloseInsidePriorBody;CompressionClustered"
1311,"2026-05-20 10:50:00",29304,29310.75,29287.75,29300.25,2055,"OutsideBar","Red","Up",0.2,0.08,23,"Up",0.15,3.75,"Up",0.25,0.543478,0.826087,True,False,True,True,"Rising","Local","Local","Absent","Contained","Minor","BreaksPriorHigh;BreaksPriorLow;CloseInsidePriorRange;AcceptanceContained;CompressionLocal"
1312,"2026-05-20 10:55:00",29300,29306.25,29284,29284.25,2608,"LLLH","Red","Up",0.3,0.14,22.25,"Down",0.15,15.75,"Up",0.65,0.011236,0.831461,False,False,False,True,"Rising","Absent","Clustered","Local","Accepted","Minor","BreaksPriorLow;DissipationLocal;AcceptanceAccepted;CompressionClustered"
1313,"2026-05-20 11:00:00",29285,29304.5,29282.25,29301.25,2009,"LLLH","Black","Down",0.2,0.08,22.25,"Flat",0.2,16.25,"Up",0.7,0.853933,0.921348,True,False,False,True,"Falling","Absent","Clustered","Local","Contained","Minor","BreaksPriorLow;CloseInsidePriorRange;DissipationLocal;AcceptanceContained;CompressionClustered"
1314,"2026-05-20 11:05:00",29302.5,29322.75,29275.25,29319.75,3409,"OutsideBar","Black","Up",0.55,0.32,47.5,"Up",0.8,17.25,"Up",0.75,0.936842,0.468421,False,False,True,True,"Rising","Strong","Absent","Absent","Accepted","Major","RangePeak20;BreaksPriorHigh;BreaksPriorLow;AcceptanceAccepted"
1315,"2026-05-20 11:10:00",29319.25,29326,29305.75,29313.25,2199,"HHHL","Red","Down",0.3,0.12,20.25,"Down",0.1,6,"Down",0.35,0.37037,0.839506,True,True,True,False,"Falling","Absent","Clustered","Local","Contained","Minor","BreaksPriorHigh;CloseInsidePriorRange;CloseInsidePriorBody;DissipationLocal;AcceptanceContained;CompressionClustered"
1316,"2026-05-20 11:15:00",29313.75,29320.25,29297.75,29307.25,1769,"LLLH","Red","Down",0.05,0.02,22.5,"Up",0.3,6.5,"Up",0.4,0.422222,0.644444,True,False,False,True,"Falling","Local","Local","Local","Contained","Minor","BreaksPriorLow;CloseInsidePriorRange;DissipationLocal;AcceptanceContained;CompressionLocal"
1317,"2026-05-20 11:20:00",29307.25,29317,29299,29304.75,2051,"InsideBar","Red","Up",0.3,0.12,18,"Down",0.05,2.5,"Down",0.05,0.319444,1,True,False,False,False,"Rising","Absent","Clustered","Local","Unresolved","Minor","CloseInsidePriorRange;DissipationLocal;CompressionClustered"
1318,"2026-05-20 11:25:00",29305,29311.75,29279.5,29281.75,2799,"LLLH","Red","Up",0.65,0.28,32.25,"Up",0.55,23.25,"Up",0.9,0.069767,0.395349,False,False,False,True,"Rising","Local","Absent","Absent","Accepted","Moderate","BreaksPriorLow;AcceptanceAccepted"
1319,"2026-05-20 11:30:00",29282,29307,29278.25,29305.5,2898,"LLLH","Black","Up",0.7,0.34,28.75,"Down",0.5,23.5,"Up",0.95,0.947826,0.956522,True,False,False,True,"Rising","Absent","Clustered","Local","Contained","Moderate","BreaksPriorLow;CloseInsidePriorRange;DissipationLocal;AcceptanceContained;CompressionClustered"
1320,"2026-05-20 11:35:00",29306.25,29317,29299.5,29311,2230,"HHHL","Black","Down",0.45,0.18,17.5,"Down",0.05,4.75,"Down",0.25,0.657143,0.428571,False,False,True,False,"Falling","Absent","Absent","Local","Accepted","Minor","BreaksPriorHigh;DissipationLocal;AcceptanceAccepted"
1321,"2026-05-20 11:40:00",29310.75,29345,29308.5,29334.75,3082,"HHHL","Black","Up",0.75,0.4,36.5,"Up",0.7,24,"Up",0.95,0.719178,0.232877,False,False,True,False,"Rising","Local","Absent","Absent","Accepted","Moderate","BreaksPriorHigh;AcceptanceAccepted"
1322,"2026-05-20 11:45:00",29334.5,29338.25,29296,29296.5,3432,"LLLH","Red","Up",0.9,0.48,42.25,"Up",0.85,38,"Up",1,0.011834,0.704142,False,False,False,True,"Peak","Strong","Absent","Absent","Accepted","Major","VolumePeak20;RangePeak20;BreaksPriorLow;AcceptanceAccepted"
1323,"2026-05-20 11:50:00",29297,29316.25,29293,29303.5,2668,"LLLH","Black","Down",0.5,0.26,23.25,"Down",0.45,6.5,"Down",0.45,0.451613,0.870968,True,True,False,True,"Falling","Absent","Clustered","Local","Contained","Minor","BreaksPriorLow;CloseInsidePriorRange;CloseInsidePriorBody;DissipationLocal;AcceptanceContained;CompressionClustered"
1324,"2026-05-20 11:55:00",29303,29312,29288.25,29297.5,2077,"LLLH","Red","Down",0.35,0.16,23.75,"Up",0.5,5.5,"Down",0.3,0.389474,0.8,True,True,False,True,"Falling","Local","Local","Local","Contained","Minor","BreaksPriorLow;CloseInsidePriorRange;CloseInsidePriorBody;DissipationLocal;AcceptanceContained;CompressionLocal"
1325,"2026-05-20 12:00:00",29298,29313.5,29296.75,29300.5,1625,"HHHL","Black","Down",0.05,0.02,16.75,"Down",0.05,2.5,"Down",0.1,0.223881,0.910448,True,True,True,False,"Falling","Absent","Clustered","Local","Contained","Minor","BreaksPriorHigh;CloseInsidePriorRange;CloseInsidePriorBody;DissipationLocal;AcceptanceContained;CompressionClustered"
1326,"2026-05-20 12:05:00",29301.25,29328.75,29298.25,29309.5,2861,"HHHL","Black","Up",0.7,0.42,30.5,"Up",0.65,8.25,"Up",0.55,0.368852,0.5,True,False,True,False,"Rising","Local","Local","Absent","Contained","Moderate","BreaksPriorHigh;CloseInsidePriorRange;AcceptanceContained;CompressionLocal"
1327,"2026-05-20 12:10:00",29309.5,29322.75,29302.25,29319.25,1939,"InsideBar","Black","Down",0.15,0.06,20.5,"Down",0.3,9.75,"Up",0.6,0.829268,1,True,False,False,False,"Falling","Absent","Clustered","Absent","Unresolved","Minor","CloseInsidePriorRange;CompressionClustered"
1328,"2026-05-20 12:15:00",29318.5,29338.75,29313.25,29337.5,2430,"HHHL","Black","Up",0.55,0.28,25.5,"Up",0.65,19,"Up",0.75,0.95098,0.372549,False,False,True,False,"Rising","Local","Absent","Absent","Accepted","Moderate","BreaksPriorHigh;AcceptanceAccepted"
1329,"2026-05-20 12:20:00",29337.5,29349.75,29333,29339.75,3556,"HHHL","Black","Up",1,0.66,16.75,"Down",0.1,2.25,"Down",0.05,0.402985,0.343284,False,False,True,False,"Peak","Absent","Absent","Local","Accepted","Major","VolumePeak20;HighVolumeLowRange;BreaksPriorHigh;DissipationLocal;AcceptanceAccepted"
1330,"2026-05-20 12:25:00",29339.75,29349.75,29334.5,29343.75,2144,"InsideBar","Black","Down",0.4,0.22,15.25,"Down",0.05,4,"Up",0.25,0.606557,1,True,False,False,False,"Falling","Absent","Clustered","Absent","Unresolved","Minor","CloseInsidePriorRange;CompressionClustered"
1331,"2026-05-20 12:30:00",29344.25,29349.5,29329.75,29340.25,3207,"LLLH","Red","Up",0.85,0.56,19.75,"Up",0.3,4,"Flat",0.25,0.531646,0.759494,True,True,False,True,"Peak","Local","Local","Absent","Contained","Major","VolumePeak20;HighVolumeLowRange;BreaksPriorLow;CloseInsidePriorRange;CloseInsidePriorBody;AcceptanceContained;CompressionLocal"
1332,"2026-05-20 12:35:00",29340.75,29346.5,29326.75,29339.75,2896,"LLLH","Red","Down",0.7,0.5,19.75,"Flat",0.35,1,"Down",0.05,0.658228,0.848101,True,False,False,True,"Falling","Absent","Clustered","Local","Contained","Moderate","BreaksPriorLow;CloseInsidePriorRange;DissipationLocal;AcceptanceContained;CompressionClustered"
1333,"2026-05-20 12:40:00",29340,29377,29332,29360.25,4686,"HHHL","Black","Up",1,0.86,45,"Up",0.95,20.25,"Up",0.8,0.627778,0.322222,False,False,True,False,"Peak","Climactic","Absent","Absent","Accepted","Structural","VolumePeak20;RangePeak20;RangeClimactic20;BreaksPriorHigh;AcceptanceAccepted"
1334,"2026-05-20 12:45:00",29359.5,29361.75,29348.5,29354.25,2308,"InsideBar","Red","Down",0.45,0.28,13.25,"Down",0.05,5.25,"Down",0.4,0.433962,1,True,True,False,False,"Falling","Absent","Clustered","Absent","Unresolved","Minor","CloseInsidePriorRange;CloseInsidePriorBody;CompressionClustered"
1335,"2026-05-20 12:50:00",29353.25,29372.25,29345.25,29358.75,3439,"OutsideBar","Black","Up",0.9,0.68,27,"Up",0.7,5.5,"Up",0.5,0.5,0.490741,True,True,True,True,"Peak","Local","Local","Absent","Contained","Major","VolumePeak20;BreaksPriorHigh;BreaksPriorLow;CloseInsidePriorRange;CloseInsidePriorBody;AcceptanceContained;CompressionLocal"
1336,"2026-05-20 12:55:00",29358.25,29384,29336.25,29363.5,6318,"OutsideBar","Black","Up",1,0.98,47.75,"Up",1,5.25,"Down",0.45,0.570681,0.565445,True,False,True,True,"Climactic","Climactic","Local","Absent","Contained","SessionDefining","VolumePeak20;VolumeClimactic50;RangePeak20;RangeClimactic20;BreaksPriorHigh;BreaksPriorLow;CloseInsidePriorRange;AcceptanceContained;CompressionLocal"
1337,"2026-05-20 13:00:00",29362.75,29396.75,29350.5,29395,13685,"HHHL","Black","Up",1,1,46.25,"Down",0.95,32.25,"Up",0.95,0.962162,0.724324,False,False,True,False,"Climactic","Climactic","Absent","Local","Accepted","SessionDefining","VolumePeak20;VolumeClimactic50;RangePeak20;RangeClimactic20;BreaksPriorHigh;DissipationLocal;AcceptanceAccepted"
1338,"2026-05-20 13:05:00",29394.25,29397.5,29351.25,29355.75,6190,"HHHL","Red","Down",0.9,0.94,46.25,"Flat",0.95,38.5,"Up",1,0.097297,0.983784,True,False,True,False,"Peak","Climactic","Clustered","Local","Contained","Structural","VolumePeak20;RangePeak20;RangeClimactic20;BreaksPriorHigh;CloseInsidePriorRange;DissipationLocal;AcceptanceContained;CompressionClustered"
1339,"2026-05-20 13:10:00",29356,29373.5,29344,29363,1599,"LLLH","Black","Down",0.05,0.02,29.5,"Down",0.65,7,"Down",0.6,0.644068,0.754237,True,True,False,True,"Falling","Absent","Local","Local","Contained","Moderate","BreaksPriorLow;CloseInsidePriorRange;CloseInsidePriorBody;DissipationLocal;AcceptanceContained;CompressionLocal"
1340,"2026-05-20 13:15:00",29363,29368.75,29341,29356,1493,"LLLH","Red","Down",0.05,0.02,27.75,"Down",0.6,7,"Flat",0.6,0.540541,0.891892,True,True,False,True,"Falling","Absent","Clustered","Local","Contained","Moderate","BreaksPriorLow;CloseInsidePriorRange;CloseInsidePriorBody;DissipationLocal;AcceptanceContained;CompressionClustered"
1341,"2026-05-20 13:20:00",29357.25,29362.75,29288,29347.25,1534,"LLLH","Red","Up",0.1,0.04,74.75,"Up",1,10,"Up",0.75,0.792642,0.29097,True,False,False,True,"Rising","Climactic","Local","Absent","Contained","Structural","RangePeak20;RangeClimactic20;LowVolumeHighRange;BreaksPriorLow;CloseInsidePriorRange;AcceptanceContained;CompressionLocal"
1342,"2026-05-20 13:25:00",29346.25,29348.5,29247.25,29325.25,7183,"LLLH","Red","Up",0.95,0.98,101.25,"Up",1,21,"Up",0.9,0.77037,0.597531,True,False,False,True,"Climactic","Climactic","Local","Absent","Contained","SessionDefining","VolumePeak20;VolumeClimactic50;RangePeak20;RangeClimactic20;BreaksPriorLow;CloseInsidePriorRange;AcceptanceContained;CompressionLocal"
1343,"2026-05-20 13:30:00",29325,29379,29305.75,29373.75,3811,"HHHL","Black","Down",0.75,0.74,73.25,"Down",0.9,48.75,"Up",1,0.928328,0.583618,False,False,True,False,"Falling","Strong","Absent","Local","Accepted","Structural","RangePeak20;BreaksPriorHigh;DissipationLocal;AcceptanceAccepted"
1344,"2026-05-20 13:35:00",29373,29379,29307,29313,2680,"InsideBar","Red","Down",0.45,0.46,72,"Down",0.85,60,"Up",1,0.083333,1,True,False,False,False,"Falling","Strong","Clustered","Absent","Unresolved","Major","RangePeak20;CloseInsidePriorRange;CompressionClustered"
1345,"2026-05-20 13:40:00",29312.5,29321.75,29277.25,29293,1663,"LLLH","Red","Down",0.2,0.1,44.5,"Down",0.6,19.5,"Down",0.7,0.353933,0.331461,False,False,False,True,"Falling","Absent","Absent","Local","Accepted","Moderate","BreaksPriorLow;DissipationLocal;AcceptanceAccepted"
1346,"2026-05-20 13:45:00",29291.5,29322,29280.75,29304.75,1550,"HHHL","Black","Down",0.15,0.06,41.25,"Down",0.55,13.25,"Down",0.6,0.581818,0.993939,True,True,True,False,"Falling","Absent","Clustered","Local","Contained","Minor","BreaksPriorHigh;CloseInsidePriorRange;CloseInsidePriorBody;DissipationLocal;AcceptanceContained;CompressionClustered"
1347,"2026-05-20 13:50:00",29306,29320.5,29296,29299.5,1096,"InsideBar","Red","Down",0.05,0.02,24.5,"Down",0.3,6.5,"Down",0.4,0.142857,1,True,True,False,False,"Falling","Absent","Clustered","Absent","Unresolved","Minor","CloseInsidePriorRange;CloseInsidePriorBody;CompressionClustered"
1348,"2026-05-20 13:55:00",29300.25,29302.75,29252.25,29265.5,1842,"LLLH","Red","Up",0.35,0.18,50.5,"Up",0.8,34.75,"Up",0.85,0.262376,0.133663,False,False,False,True,"Rising","Strong","Absent","Absent","Accepted","Major","RangePeak20;LowVolumeHighRange;BreaksPriorLow;AcceptanceAccepted"
1349,"2026-05-20 14:00:00",29264,29299,29263.75,29278.5,1205,"InsideBar","Black","Down",0.1,0.04,35.25,"Down",0.45,14.5,"Down",0.6,0.41844,1,True,True,False,False,"Falling","Absent","Clustered","Absent","Unresolved","Minor","CloseInsidePriorRange;CloseInsidePriorBody;CompressionClustered"
1350,"2026-05-21 06:35:00",29214.5,29266.25,29174,29264.5,17738,"LLLH","Black","Up",1,1,92.25,"Up",0.95,50,"Up",0.95,0.98103,0.0271,True,True,False,True,"Climactic","Climactic","Local","Absent","Contained","SessionDefining","VolumePeak20;VolumeClimactic50;RangePeak20;RangeClimactic20;BreaksPriorLow;CloseInsidePriorRange;CloseInsidePriorBody;AcceptanceContained;CompressionLocal"
1351,"2026-05-21 06:40:00",29266.5,29268.5,29190.75,29212.5,12835,"HHHL","Red","Down",0.9,0.96,77.75,"Down",0.9,54,"Up",0.95,0.279743,0.971061,True,False,True,False,"Climactic","Strong","Clustered","Local","Contained","Structural","VolumePeak20;VolumeClimactic50;RangePeak20;BreaksPriorHigh;CloseInsidePriorRange;DissipationLocal;AcceptanceContained;CompressionClustered"
1352,"2026-05-21 06:45:00",29212,29264.5,29183,29214,9198,"LLLH","Black","Down",0.85,0.94,81.5,"Up",0.9,2,"Down",0.05,0.380368,0.904908,True,True,False,True,"Peak","Strong","Local","Local","Contained","Structural","VolumePeak20;RangePeak20;BreaksPriorLow;CloseInsidePriorRange;CloseInsidePriorBody;DissipationLocal;AcceptanceContained;CompressionLocal"
1353,"2026-05-21 06:50:00",29216.25,29252,29192.25,29203.25,9951,"InsideBar","Red","Up",0.85,0.94,59.75,"Down",0.65,13,"Up",0.45,0.1841,1,True,False,False,False,"Peak","Absent","Clustered","Local","Unresolved","Structural","VolumePeak20;CloseInsidePriorRange;DissipationLocal;CompressionClustered"
1354,"2026-05-21 06:55:00",29202.75,29298,29188,29294.5,15479,"OutsideBar","Black","Up",0.95,0.98,110,"Up",1,91.75,"Up",1,0.968182,0.543182,False,False,True,True,"Climactic","Climactic","Absent","Absent","Accepted","SessionDefining","VolumePeak20;VolumeClimactic50;RangePeak20;RangeClimactic20;BreaksPriorHigh;BreaksPriorLow;AcceptanceAccepted"
1355,"2026-05-21 07:00:00",29294.25,29315,29243.25,29288.25,10589,"HHHL","Red","Down",0.8,0.92,71.75,"Down",0.6,6,"Down",0.15,0.627178,0.763066,True,True,True,False,"Peak","Absent","Local","Local","Contained","Structural","VolumePeak20;BreaksPriorHigh;CloseInsidePriorRange;CloseInsidePriorBody;DissipationLocal;AcceptanceContained;CompressionLocal"
1356,"2026-05-21 07:05:00",29287.5,29340,29283.25,29306.5,9901,"HHHL","Black","Down",0.7,0.88,56.75,"Down",0.5,19,"Up",0.5,0.409692,0.559471,True,False,True,False,"Falling","Absent","Local","Local","Contained","Moderate","BreaksPriorHigh;CloseInsidePriorRange;DissipationLocal;AcceptanceContained;CompressionLocal"
1357,"2026-05-21 07:10:00",29306,29322,29270.75,29321,7657,"LLLH","Black","Down",0.65,0.84,51.25,"Down",0.45,15,"Down",0.5,0.980488,0.756098,True,False,False,True,"Falling","Absent","Local","Local","Contained","Moderate","BreaksPriorLow;CloseInsidePriorRange;DissipationLocal;AcceptanceContained;CompressionLocal"
1358,"2026-05-21 07:15:00",29320.75,29323.75,29251.25,29267,8553,"OutsideBar","Red","Up",0.65,0.84,72.5,"Up",0.65,53.75,"Up",0.85,0.217241,0.706897,False,False,True,True,"Rising","Local","Absent","Absent","Accepted","Moderate","BreaksPriorHigh;BreaksPriorLow;AcceptanceAccepted"
1359,"2026-05-21 07:20:00",29267,29276.75,29187.5,29189.5,11559,"LLLH","Red","Up",0.85,0.92,89.25,"Up",0.85,77.5,"Up",0.95,0.022409,0.285714,False,False,False,True,"Peak","Strong","Absent","Absent","Accepted","Structural","VolumePeak20;RangePeak20;BreaksPriorLow;AcceptanceAccepted"
1360,"2026-05-21 07:25:00",29189,29193.25,29127,29158.5,12943,"LLLH","Red","Up",0.9,0.94,66.25,"Down",0.45,30.5,"Down",0.6,0.475472,0.086792,False,False,False,True,"Peak","Absent","Absent","Local","Accepted","Structural","VolumePeak20;BreaksPriorLow;DissipationLocal;AcceptanceAccepted"
1361,"2026-05-21 07:30:00",29158,29197.5,29141.75,29190,8775,"HHHL","Black","Down",0.55,0.8,55.75,"Down",0.35,32,"Up",0.6,0.865471,0.923767,True,False,True,False,"Falling","Absent","Clustered","Local","Contained","Minor","BreaksPriorHigh;CloseInsidePriorRange;DissipationLocal;AcceptanceContained;CompressionClustered"
1362,"2026-05-21 07:35:00",29189.25,29237,29175.75,29196.5,7991,"HHHL","Black","Down",0.45,0.76,61.25,"Up",0.5,7.25,"Down",0.2,0.338776,0.355102,True,False,True,False,"Falling","Local","Local","Local","Contained","Minor","BreaksPriorHigh;CloseInsidePriorRange;DissipationLocal;AcceptanceContained;CompressionLocal"
1363,"2026-05-21 07:40:00",29196.25,29255.75,29194,29241,6210,"HHHL","Black","Down",0.35,0.68,61.75,"Up",0.55,44.75,"Up",0.7,0.761134,0.696356,False,False,True,False,"Falling","Local","Absent","Local","Accepted","Minor","BreaksPriorHigh;DissipationLocal;AcceptanceAccepted"
1364,"2026-05-21 07:45:00",29239.75,29246.25,29197.5,29236,7015,"InsideBar","Red","Up",0.35,0.7,48.75,"Down",0.25,3.75,"Down",0.1,0.789744,1,True,True,False,False,"Rising","Absent","Clustered","Local","Unresolved","Minor","CloseInsidePriorRange;CloseInsidePriorBody;DissipationLocal;CompressionClustered"
1365,"2026-05-21 07:50:00",29234.5,29245.75,29171.75,29199,6509,"LLLH","Red","Down",0.3,0.68,74,"Up",0.75,35.5,"Up",0.7,0.368243,0.652027,True,False,False,True,"Falling","Local","Local","Local","Contained","Moderate","BreaksPriorLow;CloseInsidePriorRange;DissipationLocal;AcceptanceContained;CompressionLocal"
1366,"2026-05-21 07:55:00",29199,29227.75,29166,29222.25,6316,"LLLH","Black","Down",0.25,0.64,61.75,"Down",0.55,23.25,"Down",0.5,0.910931,0.906883,True,True,False,True,"Falling","Absent","Clustered","Local","Contained","Minor","BreaksPriorLow;CloseInsidePriorRange;CloseInsidePriorBody;DissipationLocal;AcceptanceContained;CompressionClustered"
1367,"2026-05-21 08:00:00",29222.25,29253.5,29207.5,29235.75,5297,"HHHL","Black","Down",0.15,0.58,46,"Down",0.1,13.5,"Down",0.3,0.61413,0.440217,False,False,True,False,"Falling","Absent","Absent","Local","Accepted","Minor","BreaksPriorHigh;DissipationLocal;AcceptanceAccepted"
1368,"2026-05-21 08:05:00",29235.5,29244.75,29200,29212.75,5542,"LLLH","Red","Up",0.15,0.58,44.75,"Down",0.1,22.75,"Up",0.5,0.284916,0.832402,True,False,False,True,"Rising","Absent","Clustered","Local","Contained","Minor","BreaksPriorLow;CloseInsidePriorRange;DissipationLocal;AcceptanceContained;CompressionClustered"
1369,"2026-05-21 08:10:00",29212.5,29216,29142,29167.25,7633,"LLLH","Red","Up",0.35,0.72,74,"Up",0.75,45.25,"Up",0.75,0.341216,0.216216,False,False,False,True,"Rising","Local","Absent","Absent","Accepted","Moderate","BreaksPriorLow;AcceptanceAccepted"
1370,"2026-05-21 08:15:00",29167,29249.25,29139,29233,9534,"OutsideBar","Black","Up",0.65,0.82,110.25,"Up",1,66,"Up",0.9,0.852608,0.671202,False,False,True,True,"Rising","Climactic","Absent","Absent","Accepted","Structural","RangePeak20;RangeClimactic20;BreaksPriorHigh;BreaksPriorLow;AcceptanceAccepted"
1371,"2026-05-21 08:20:00",29233,29248.25,29219.5,29244,5344,"InsideBar","Black","Down",0.1,0.52,28.75,"Down",0.05,11,"Down",0.25,0.852174,1,True,False,False,False,"Falling","Absent","Clustered","Absent","Unresolved","Minor","CloseInsidePriorRange;CompressionClustered"
1372,"2026-05-21 08:25:00",29243.5,29263.5,29225.75,29239.5,5216,"HHHL","Red","Down",0.05,0.48,37.75,"Up",0.1,4,"Down",0.1,0.364238,0.596026,True,True,True,False,"Falling","Local","Local","Local","Contained","Minor","BreaksPriorHigh;CloseInsidePriorRange;CloseInsidePriorBody;DissipationLocal;AcceptanceContained;CompressionLocal"
1373,"2026-05-21 08:30:00",29238.25,29255.75,29227.5,29234.75,4385,"InsideBar","Red","Down",0.05,0.44,28.25,"Down",0.05,3.5,"Down",0.05,0.256637,1,True,False,False,False,"Falling","Absent","Clustered","Absent","Unresolved","Minor","CloseInsidePriorRange;CompressionClustered"
1374,"2026-05-21 08:35:00",29234.5,29243.25,29175.5,29185.5,5270,"LLLH","Red","Up",0.15,0.48,67.75,"Up",0.7,49,"Up",0.85,0.147601,0.232472,False,False,False,True,"Rising","Local","Absent","Absent","Accepted","Moderate","BreaksPriorLow;AcceptanceAccepted"
1375,"2026-05-21 08:40:00",29185.5,29256.25,29176.25,29253.75,5274,"HHHL","Black","Up",0.2,0.48,80,"Up",0.9,68.25,"Up",0.95,0.96875,0.8375,False,False,True,False,"Rising","Strong","Absent","Absent","Accepted","Structural","RangePeak20;LowVolumeHighRange;BreaksPriorHigh;AcceptanceAccepted"
1376,"2026-05-21 08:45:00",29254.75,29274.75,29243.5,29258,4451,"HHHL","Black","Down",0.1,0.4,31.25,"Down",0.15,3.25,"Down",0.05,0.464,0.408,False,False,True,False,"Falling","Absent","Absent","Local","Accepted","Minor","BreaksPriorHigh;DissipationLocal;AcceptanceAccepted"
1377,"2026-05-21 08:50:00",29257.5,29298.25,29257,29295.5,4542,"HHHL","Black","Up",0.15,0.4,41.25,"Up",0.25,38,"Up",0.65,0.933333,0.430303,False,False,True,False,"Rising","Local","Absent","Absent","Accepted","Minor","BreaksPriorHigh;AcceptanceAccepted"
1378,"2026-05-21 08:55:00",29295.25,29304.5,29277.5,29286.25,3150,"HHHL","Red","Down",0.05,0.26,27,"Down",0.05,9,"Down",0.3,0.324074,0.768519,True,True,True,False,"Falling","Absent","Local","Local","Contained","Minor","BreaksPriorHigh;CloseInsidePriorRange;CloseInsidePriorBody;DissipationLocal;AcceptanceContained;CompressionLocal"
1379,"2026-05-21 09:00:00",29287,29291.75,29262.25,29266.25,3104,"LLLH","Red","Down",0.05,0.26,29.5,"Up",0.2,20.75,"Up",0.45,0.135593,0.483051,False,False,False,True,"Falling","Local","Absent","Local","Accepted","Minor","BreaksPriorLow;DissipationLocal;AcceptanceAccepted"
1380,"2026-05-21 09:05:00",29267,29298.5,29265.25,29290.75,3713,"HHHL","Black","Up",0.15,0.32,33.25,"Up",0.3,23.75,"Up",0.6,0.766917,0.796992,True,False,True,False,"Rising","Local","Local","Absent","Contained","Minor","BreaksPriorHigh;CloseInsidePriorRange;AcceptanceContained;CompressionLocal"
1381,"2026-05-21 09:10:00",29290,29310.5,29268,29308.75,3103,"HHHL","Black","Down",0.05,0.24,42.5,"Up",0.45,18.75,"Down",0.45,0.958824,0.717647,False,False,True,False,"Falling","Local","Absent","Local","Accepted","Minor","BreaksPriorHigh;DissipationLocal;AcceptanceAccepted"
1382,"2026-05-21 09:15:00",29308.75,29309.75,29263,29275.25,4493,"LLLH","Red","Up",0.35,0.38,46.75,"Up",0.6,33.5,"Up",0.65,0.262032,0.893048,True,False,False,True,"Rising","Local","Local","Absent","Contained","Moderate","BreaksPriorLow;CloseInsidePriorRange;AcceptanceContained;CompressionLocal"
1383,"2026-05-21 09:20:00",29274.75,29282.5,29253.25,29263,2572,"LLLH","Red","Down",0.05,0.2,29.25,"Down",0.2,11.75,"Down",0.35,0.333333,0.666667,True,False,False,True,"Falling","Absent","Local","Local","Contained","Minor","BreaksPriorLow;CloseInsidePriorRange;DissipationLocal;AcceptanceContained;CompressionLocal"
1384,"2026-05-21 09:25:00",29263.75,29274,29215.25,29243.25,3554,"LLLH","Red","Up",0.25,0.3,58.75,"Up",0.7,20.5,"Up",0.45,0.476596,0.353191,False,False,False,True,"Rising","Local","Absent","Absent","Accepted","Moderate","BreaksPriorLow;AcceptanceAccepted"
1385,"2026-05-21 09:30:00",29243.75,29252,29229.25,29247.75,2405,"InsideBar","Black","Down",0.05,0.18,22.75,"Down",0.05,4,"Down",0.2,0.813187,1,True,True,False,False,"Falling","Absent","Clustered","Absent","Unresolved","Minor","CloseInsidePriorRange;CloseInsidePriorBody;CompressionClustered"
1386,"2026-05-21 09:35:00",29247.25,29268,29240,29262.5,2387,"HHHL","Black","Down",0.05,0.18,28,"Up",0.15,15.25,"Up",0.45,0.803571,0.428571,False,False,True,False,"Falling","Local","Absent","Local","Accepted","Minor","BreaksPriorHigh;DissipationLocal;AcceptanceAccepted"
1387,"2026-05-21 09:40:00",29263.25,29273.75,29232,29252.25,2531,"OutsideBar","Red","Up",0.15,0.22,41.75,"Up",0.6,11,"Down",0.35,0.48503,0.670659,True,True,True,True,"Rising","Local","Local","Absent","Contained","Moderate","BreaksPriorHigh;BreaksPriorLow;CloseInsidePriorRange;CloseInsidePriorBody;AcceptanceContained;CompressionLocal"
1388,"2026-05-21 09:45:00",29252.5,29263.25,29239,29254.5,1641,"InsideBar","Black","Down",0.05,0.14,24.25,"Down",0.1,2,"Down",0.05,0.639175,1,True,True,False,False,"Falling","Absent","Clustered","Absent","Unresolved","Minor","CloseInsidePriorRange;CloseInsidePriorBody;CompressionClustered"
1389,"2026-05-21 09:50:00",29256.25,29270,29220.25,29232.5,2601,"OutsideBar","Red","Up",0.3,0.26,49.75,"Up",0.8,23.75,"Up",0.75,0.246231,0.487437,False,False,True,True,"Rising","Strong","Absent","Absent","Accepted","Major","RangePeak20;LowVolumeHighRange;BreaksPriorHigh;BreaksPriorLow;AcceptanceAccepted"
1390,"2026-05-21 09:55:00",29231.75,29249.25,29207.75,29239.25,2641,"LLLH","Black","Up",0.35,0.26,41.5,"Down",0.65,7.5,"Down",0.3,0.759036,0.698795,True,True,False,True,"Rising","Absent","Local","Local","Contained","Moderate","BreaksPriorLow;CloseInsidePriorRange;CloseInsidePriorBody;DissipationLocal;AcceptanceContained;CompressionLocal"
1391,"2026-05-21 10:00:00",29239.25,29258.75,29236.5,29257.75,1963,"HHHL","Black","Down",0.1,0.14,22.25,"Down",0.05,18.5,"Up",0.55,0.955056,0.573034,False,False,True,False,"Falling","Absent","Absent","Local","Accepted","Minor","BreaksPriorHigh;DissipationLocal;AcceptanceAccepted"
1392,"2026-05-21 10:05:00",29258.75,29292.5,29258.25,29275.5,3563,"HHHL","Black","Up",0.65,0.38,34.25,"Up",0.55,16.75,"Down",0.5,0.50365,0.014599,False,False,True,False,"Rising","Local","Absent","Absent","Accepted","Moderate","BreaksPriorHigh;AcceptanceAccepted"
1393,"2026-05-21 10:10:00",29276.5,29291.75,29274.75,29283.5,2394,"InsideBar","Black","Down",0.2,0.18,17,"Down",0.05,7,"Down",0.2,0.514706,1,True,False,False,False,"Falling","Absent","Clustered","Absent","Unresolved","Minor","CloseInsidePriorRange;CompressionClustered"
1394,"2026-05-21 10:15:00",29283.75,29382,29283.25,29343.25,11477,"HHHL","Black","Up",1,0.9,98.75,"Up",1,59.5,"Up",0.95,0.607595,0.086076,False,False,True,False,"Peak","Climactic","Absent","Absent","Accepted","Structural","VolumePeak20;RangePeak20;RangeClimactic20;BreaksPriorHigh;AcceptanceAccepted"
1395,"2026-05-21 10:20:00",29344.5,29437.75,29335.25,29412,10603,"HHHL","Black","Down",0.95,0.88,102.5,"Up",1,67.5,"Up",1,0.74878,0.456098,False,False,True,False,"Peak","Climactic","Absent","Local","Accepted","Structural","VolumePeak20;RangePeak20;RangeClimactic20;BreaksPriorHigh;DissipationLocal;AcceptanceAccepted"
1396,"2026-05-21 10:25:00",29411.25,29478.25,29365.5,29415.75,11039,"HHHL","Black","Up",0.95,0.88,112.75,"Up",1,4.5,"Down",0.15,0.445676,0.640798,True,False,True,False,"Peak","Climactic","Local","Absent","Contained","Structural","VolumePeak20;RangePeak20;RangeClimactic20;BreaksPriorHigh;CloseInsidePriorRange;AcceptanceContained;CompressionLocal"
1397,"2026-05-21 10:30:00",29414.25,29432.75,29401.75,29412.75,3365,"InsideBar","Red","Down",0.65,0.3,31,"Down",0.45,1.5,"Down",0.05,0.354839,1,True,True,False,False,"Falling","Absent","Clustered","Absent","Unresolved","Moderate","CloseInsidePriorRange;CloseInsidePriorBody;CompressionClustered"
1398,"2026-05-21 10:35:00",29412.5,29451.25,29407.25,29436.25,4333,"HHHL","Black","Up",0.8,0.36,44,"Up",0.7,23.75,"Up",0.85,0.659091,0.579545,False,False,True,False,"Peak","Local","Absent","Absent","Accepted","Major","VolumePeak20;BreaksPriorHigh;AcceptanceAccepted"
1399,"2026-05-21 10:40:00",29437.25,29463.5,29434,29459.75,3376,"HHHL","Black","Down",0.6,0.28,29.5,"Down",0.35,22.5,"Down",0.7,0.872881,0.584746,False,False,True,False,"Falling","Absent","Absent","Local","Accepted","Moderate","BreaksPriorHigh;DissipationLocal;AcceptanceAccepted"
1400,"2026-05-21 10:45:00",29459.75,29496.25,29459.5,29493,5253,"HHHL","Black","Up",0.85,0.48,36.75,"Up",0.5,33.25,"Up",0.85,0.911565,0.108844,False,False,True,False,"Peak","Local","Absent","Absent","Accepted","Major","VolumePeak20;BreaksPriorHigh;AcceptanceAccepted"
1401,"2026-05-21 10:50:00",29493.75,29504.25,29470,29500.5,3368,"HHHL","Black","Down",0.55,0.28,34.25,"Down",0.5,6.75,"Down",0.25,0.890511,0.766423,False,False,True,False,"Falling","Absent","Absent","Local","Accepted","Minor","BreaksPriorHigh;DissipationLocal;AcceptanceAccepted"
1402,"2026-05-21 10:55:00",29501.25,29545,29485,29541.25,5114,"HHHL","Black","Up",0.8,0.48,60,"Up",0.85,40,"Up",0.9,0.9375,0.320833,False,False,True,False,"Peak","Strong","Absent","Absent","Accepted","Major","VolumePeak20;RangePeak20;BreaksPriorHigh;AcceptanceAccepted"
1403,"2026-05-21 11:00:00",29542.25,29554,29495,29497.25,5709,"HHHL","Red","Up",0.85,0.64,59,"Down",0.8,45,"Up",0.9,0.038136,0.847458,True,False,True,False,"Peak","Strong","Clustered","Local","Contained","Major","VolumePeak20;RangePeak20;BreaksPriorHigh;CloseInsidePriorRange;DissipationLocal;AcceptanceContained;CompressionClustered"
1404,"2026-05-21 11:05:00",29497,29521.5,29461,29467.25,6243,"LLLH","Red","Up",0.85,0.68,60.5,"Up",0.85,29.75,"Down",0.75,0.103306,0.438017,False,False,False,True,"Peak","Strong","Absent","Absent","Accepted","Major","VolumePeak20;RangePeak20;BreaksPriorLow;AcceptanceAccepted"
1405,"2026-05-21 11:10:00",29468,29498.75,29459.5,29484.75,3801,"LLLH","Black","Down",0.6,0.38,39.25,"Down",0.5,16.75,"Down",0.5,0.643312,0.961783,True,True,False,True,"Falling","Absent","Clustered","Local","Contained","Moderate","BreaksPriorLow;CloseInsidePriorRange;CloseInsidePriorBody;DissipationLocal;AcceptanceContained;CompressionClustered"
1406,"2026-05-21 11:15:00",29485.25,29489.75,29445,29450.75,4270,"LLLH","Red","Up",0.6,0.4,44.75,"Up",0.65,34.5,"Up",0.8,0.128492,0.675978,False,False,False,True,"Rising","Local","Absent","Absent","Accepted","Moderate","BreaksPriorLow;AcceptanceAccepted"
1407,"2026-05-21 11:20:00",29451.75,29467.5,29428,29466.25,3831,"LLLH","Black","Down",0.55,0.4,39.5,"Down",0.5,14.5,"Down",0.35,0.968354,0.56962,True,True,False,True,"Falling","Absent","Local","Local","Contained","Minor","BreaksPriorLow;CloseInsidePriorRange;CloseInsidePriorBody;DissipationLocal;AcceptanceContained;CompressionLocal"
1408,"2026-05-21 11:25:00",29466.5,29478,29445.5,29473,3540,"HHHL","Black","Down",0.4,0.32,32.5,"Down",0.25,6.5,"Down",0.15,0.846154,0.676923,False,False,True,False,"Falling","Absent","Absent","Local","Accepted","Minor","BreaksPriorHigh;DissipationLocal;AcceptanceAccepted"
1409,"2026-05-21 11:30:00",29472.5,29476.75,29452,29459,2585,"InsideBar","Red","Down",0.15,0.16,24.75,"Down",0.15,13.5,"Up",0.35,0.282828,1,True,False,False,False,"Falling","Absent","Clustered","Absent","Unresolved","Minor","CloseInsidePriorRange;CompressionClustered"
1410,"2026-05-21 11:35:00",29459.75,29468.75,29442.75,29454.5,2909,"LLLH","Red","Up",0.2,0.22,26,"Up",0.2,5.25,"Down",0.15,0.451923,0.644231,True,False,False,True,"Rising","Local","Local","Absent","Contained","Minor","BreaksPriorLow;CloseInsidePriorRange;AcceptanceContained;CompressionLocal"
1411,"2026-05-21 11:40:00",29454.25,29459.75,29435,29442.75,2367,"LLLH","Red","Down",0.05,0.06,24.75,"Down",0.15,11.5,"Up",0.35,0.313131,0.686869,True,False,False,True,"Falling","Absent","Local","Local","Contained","Minor","BreaksPriorLow;CloseInsidePriorRange;DissipationLocal;AcceptanceContained;CompressionLocal"
1412,"2026-05-21 11:45:00",29442.75,29469.5,29440.75,29457.5,2672,"HHHL","Black","Up",0.2,0.24,28.75,"Up",0.25,14.75,"Up",0.5,0.582609,0.66087,True,False,True,False,"Rising","Local","Local","Absent","Contained","Minor","BreaksPriorHigh;CloseInsidePriorRange;AcceptanceContained;CompressionLocal"
1413,"2026-05-21 11:50:00",29456.25,29465.75,29384.75,29406,6586,"LLLH","Red","Up",0.85,0.88,81,"Up",0.85,50.25,"Up",0.9,0.262346,0.308642,False,False,False,True,"Peak","Strong","Absent","Absent","Accepted","Major","VolumePeak20;RangePeak20;BreaksPriorLow;AcceptanceAccepted"
1414,"2026-05-21 11:55:00",29406.25,29431.25,29306.5,29307.5,9227,"LLLH","Red","Up",0.9,0.92,124.75,"Up",1,98.75,"Up",1,0.008016,0.372745,False,False,False,True,"Peak","Climactic","Absent","Absent","Accepted","Structural","VolumePeak20;RangePeak20;RangeClimactic20;BreaksPriorLow;AcceptanceAccepted"
1415,"2026-05-21 12:00:00",29308.5,29337.5,29293.25,29337,7379,"LLLH","Black","Down",0.9,0.88,44.25,"Down",0.65,28.5,"Down",0.65,0.988701,0.700565,True,True,False,True,"Peak","Absent","Local","Local","Contained","Major","VolumePeak20;BreaksPriorLow;CloseInsidePriorRange;CloseInsidePriorBody;DissipationLocal;AcceptanceContained;CompressionLocal"
1416,"2026-05-21 12:05:00",29338.5,29379.5,29335.25,29375,4894,"HHHL","Black","Down",0.65,0.64,44.25,"Flat",0.7,36.5,"Up",0.8,0.898305,0.050847,False,False,True,False,"Falling","Absent","Absent","Local","Accepted","Moderate","BreaksPriorHigh;DissipationLocal;AcceptanceAccepted"
1417,"2026-05-21 12:10:00",29375.25,29402.5,29344.5,29398.5,4324,"HHHL","Black","Down",0.55,0.54,58,"Up",0.75,23.25,"Down",0.5,0.931034,0.603448,False,False,True,False,"Falling","Local","Absent","Local","Accepted","Moderate","BreaksPriorHigh;DissipationLocal;AcceptanceAccepted"
1418,"2026-05-21 12:15:00",29397.5,29413,29380,29412.25,3183,"HHHL","Black","Down",0.25,0.34,33,"Down",0.35,14.75,"Down",0.4,0.977273,0.681818,False,False,True,False,"Falling","Absent","Absent","Local","Accepted","Minor","BreaksPriorHigh;DissipationLocal;AcceptanceAccepted"
1419,"2026-05-21 12:20:00",29411.75,29429.75,29405,29429.25,3132,"HHHL","Black","Down",0.25,0.32,24.75,"Down",0.15,17.5,"Up",0.5,0.979798,0.323232,False,False,True,False,"Falling","Absent","Absent","Local","Accepted","Minor","BreaksPriorHigh;DissipationLocal;AcceptanceAccepted"
1420,"2026-05-21 12:25:00",29429,29434.5,29405.25,29424.25,2691,"HHHL","Red","Down",0.2,0.26,29.25,"Up",0.3,4.75,"Down",0.05,0.649573,0.837607,True,True,True,False,"Falling","Local","Local","Local","Contained","Minor","BreaksPriorHigh;CloseInsidePriorRange;CloseInsidePriorBody;DissipationLocal;AcceptanceContained;CompressionLocal"
1421,"2026-05-21 12:30:00",29425,29439.25,29413,29427.5,3353,"HHHL","Black","Up",0.4,0.4,26.25,"Down",0.25,2.5,"Down",0.05,0.552381,0.819048,True,True,True,False,"Rising","Absent","Clustered","Local","Contained","Minor","BreaksPriorHigh;CloseInsidePriorRange;CloseInsidePriorBody;DissipationLocal;AcceptanceContained;CompressionClustered"
1422,"2026-05-21 12:35:00",29428,29437.25,29407.25,29409,2772,"LLLH","Red","Down",0.25,0.28,30,"Up",0.4,19,"Up",0.6,0.058333,0.808333,False,False,False,True,"Falling","Local","Absent","Local","Accepted","Minor","BreaksPriorLow;DissipationLocal;AcceptanceAccepted"
1423,"2026-05-21 12:40:00",29409,29435,29408.25,29430.75,2519,"InsideBar","Black","Down",0.1,0.14,26.75,"Down",0.3,21.75,"Up",0.65,0.841121,1,True,False,False,False,"Falling","Absent","Clustered","Absent","Unresolved","Minor","CloseInsidePriorRange;CompressionClustered"
1424,"2026-05-21 12:45:00",29430.5,29444.5,29403,29416.5,4294,"OutsideBar","Red","Up",0.75,0.66,41.5,"Up",0.7,14,"Down",0.35,0.325301,0.644578,True,True,True,True,"Rising","Local","Local","Absent","Contained","Moderate","BreaksPriorHigh;BreaksPriorLow;CloseInsidePriorRange;CloseInsidePriorBody;AcceptanceContained;CompressionLocal"
1425,"2026-05-21 12:50:00",29416.75,29432.75,29405,29426.75,2735,"InsideBar","Black","Down",0.3,0.3,27.75,"Down",0.35,10,"Down",0.25,0.783784,1,True,True,False,False,"Falling","Absent","Clustered","Absent","Unresolved","Minor","CloseInsidePriorRange;CloseInsidePriorBody;CompressionClustered"
1426,"2026-05-21 12:55:00",29427,29449.5,29401.5,29416.5,6436,"OutsideBar","Red","Up",0.85,0.88,48,"Up",0.85,10.5,"Up",0.3,0.3125,0.578125,True,False,True,True,"Peak","Strong","Local","Absent","Contained","Major","VolumePeak20;RangePeak20;BreaksPriorHigh;BreaksPriorLow;CloseInsidePriorRange;AcceptanceContained;CompressionLocal"
1427,"2026-05-21 13:00:00",29417.25,29466,29399,29442,13803,"OutsideBar","Black","Up",1,1,67,"Up",0.9,24.75,"Up",0.8,0.641791,0.716418,True,False,True,True,"Climactic","Strong","Local","Absent","Contained","Structural","VolumePeak20;VolumeClimactic50;RangePeak20;BreaksPriorHigh;BreaksPriorLow;CloseInsidePriorRange;AcceptanceContained;CompressionLocal"
1428,"2026-05-21 13:05:00",29442.25,29467.75,29433.75,29459,3952,"HHHL","Black","Down",0.6,0.64,34,"Down",0.6,16.75,"Down",0.55,0.742647,0.948529,True,False,True,False,"Falling","Absent","Clustered","Local","Contained","Moderate","BreaksPriorHigh;CloseInsidePriorRange;DissipationLocal;AcceptanceContained;CompressionClustered"
1429,"2026-05-21 13:10:00",29458.5,29471,29449,29465,1707,"HHHL","Black","Down",0.05,0.04,22,"Down",0.05,6.5,"Down",0.2,0.727273,0.852273,True,False,True,False,"Falling","Absent","Clustered","Local","Contained","Minor","BreaksPriorHigh;CloseInsidePriorRange;DissipationLocal;AcceptanceContained;CompressionClustered"
1430,"2026-05-21 13:15:00",29464.25,29464.25,29450.5,29458,928,"InsideBar","Red","Down",0.05,0.02,13.75,"Down",0.05,6.25,"Down",0.15,0.545455,1,True,False,False,False,"Falling","Absent","Clustered","Absent","Unresolved","Minor","CloseInsidePriorRange;CompressionClustered"
1431,"2026-05-21 13:20:00",29457.25,29460.75,29445.25,29449.75,741,"LLLH","Red","Down",0.05,0.02,15.5,"Up",0.1,7.5,"Up",0.25,0.290323,0.66129,False,False,False,True,"Falling","Local","Absent","Local","Accepted","Minor","BreaksPriorLow;DissipationLocal;AcceptanceAccepted"
1432,"2026-05-21 13:25:00",29450.25,29450.75,29439.25,29446.5,653,"LLLH","Red","Down",0.05,0.02,11.5,"Down",0.05,3.75,"Down",0.1,0.630435,0.478261,True,False,False,True,"Falling","Absent","Local","Local","Contained","Minor","BreaksPriorLow;CloseInsidePriorRange;DissipationLocal;AcceptanceContained;CompressionLocal"
1433,"2026-05-21 13:30:00",29447,29453.75,29441.25,29447,523,"HHHL","Neutral","Down",0.05,0.02,12.5,"Up",0.1,0,"Down",0.05,0.46,0.76,True,True,True,False,"Falling","Local","Local","Local","Contained","Minor","BreaksPriorHigh;CloseInsidePriorRange;CloseInsidePriorBody;DissipationLocal;AcceptanceContained;CompressionLocal"
1434,"2026-05-21 13:35:00",29447.75,29456.5,29445,29454.75,428,"HHHL","Black","Down",0.05,0.02,11.5,"Down",0.1,7,"Up",0.35,0.847826,0.76087,False,False,True,False,"Falling","Absent","Absent","Local","Accepted","Minor","BreaksPriorHigh;DissipationLocal;AcceptanceAccepted"
1435,"2026-05-21 13:40:00",29454.25,29460.25,29453.5,29457.75,450,"HHHL","Black","Up",0.1,0.04,6.75,"Down",0.05,3.5,"Down",0.15,0.62963,0.444444,False,False,True,False,"Rising","Absent","Absent","Local","Accepted","Minor","BreaksPriorHigh;DissipationLocal;AcceptanceAccepted"
1436,"2026-05-21 13:45:00",29457.25,29458.75,29452.5,29458.25,316,"LLLH","Black","Down",0.05,0.02,6.25,"Down",0.05,1,"Down",0.1,0.92,0.84,True,False,False,True,"Falling","Absent","Clustered","Local","Contained","Minor","BreaksPriorLow;CloseInsidePriorRange;DissipationLocal;AcceptanceContained;CompressionClustered"
1437,"2026-05-21 13:50:00",29458.25,29464.25,29456.5,29459.5,415,"HHHL","Black","Up",0.1,0.04,7.75,"Up",0.15,1.25,"Up",0.15,0.387097,0.290323,False,False,True,False,"Rising","Local","Absent","Absent","Accepted","Minor","BreaksPriorHigh;AcceptanceAccepted"
1438,"2026-05-21 13:55:00",29459.5,29463.75,29455.25,29458,335,"LLLH","Red","Down",0.1,0.04,8.5,"Up",0.2,1.5,"Up",0.2,0.323529,0.852941,True,False,False,True,"Falling","Local","Local","Local","Contained","Minor","BreaksPriorLow;CloseInsidePriorRange;DissipationLocal;AcceptanceContained;CompressionLocal"
1439,"2026-05-21 14:00:00",29458.75,29460.5,29451.25,29455.5,371,"LLLH","Red","Up",0.15,0.06,9.25,"Up",0.25,3.25,"Up",0.3,0.459459,0.567568,True,False,False,True,"Rising","Local","Local","Absent","Contained","Minor","BreaksPriorLow;CloseInsidePriorRange;AcceptanceContained;CompressionLocal"
1440,"2026-05-22 06:35:00",29580,29657.75,29551.25,29649,19934,"HHHL","Black","Up",1,1,106.5,"Up",1,69,"Up",1,0.91784,0,False,False,True,False,"Climactic","Climactic","Absent","Absent","Accepted","SessionDefining","VolumePeak20;VolumeClimactic50;RangePeak20;RangeClimactic20;BreaksPriorHigh;AcceptanceAccepted"
1441,"2026-05-22 06:40:00",29649,29697.5,29634.25,29691,11101,"HHHL","Black","Down",0.9,0.94,63.25,"Down",0.9,42,"Down",0.95,0.897233,0.371542,False,False,True,False,"Peak","Strong","Absent","Local","Accepted","Structural","VolumePeak20;RangePeak20;BreaksPriorHigh;DissipationLocal;AcceptanceAccepted"
1442,"2026-05-22 06:45:00",29690.75,29715.5,29615.5,29642.25,12688,"OutsideBar","Red","Up",0.9,0.96,100,"Up",0.95,48.5,"Up",0.95,0.2675,0.6325,True,False,True,True,"Climactic","Climactic","Local","Absent","Contained","SessionDefining","VolumePeak20;VolumeClimactic50;RangePeak20;RangeClimactic20;BreaksPriorHigh;BreaksPriorLow;CloseInsidePriorRange;AcceptanceContained;CompressionLocal"
1443,"2026-05-22 06:50:00",29642,29667.75,29613,29631,7796,"LLLH","Red","Down",0.8,0.84,54.75,"Down",0.8,11,"Down",0.7,0.328767,0.954338,True,False,False,True,"Peak","Strong","Clustered","Local","Contained","Major","VolumePeak20;RangePeak20;BreaksPriorLow;CloseInsidePriorRange;DissipationLocal;AcceptanceContained;CompressionClustered"
1444,"2026-05-22 06:55:00",29631,29633.25,29587.5,29624.75,8361,"LLLH","Red","Up",0.8,0.86,45.75,"Down",0.7,6.25,"Down",0.45,0.814208,0.442623,True,False,False,True,"Peak","Absent","Local","Local","Contained","Major","VolumePeak20;BreaksPriorLow;CloseInsidePriorRange;DissipationLocal;AcceptanceContained;CompressionLocal"
1445,"2026-05-22 07:00:00",29624.5,29645,29591.5,29643,6358,"HHHL","Black","Down",0.65,0.78,53.5,"Up",0.75,18.5,"Up",0.8,0.962617,0.780374,False,False,True,False,"Falling","Local","Absent","Local","Accepted","Moderate","BreaksPriorHigh;DissipationLocal;AcceptanceAccepted"
1446,"2026-05-22 07:05:00",29640.5,29642,29532.75,29568,10780,"LLLH","Red","Up",0.8,0.92,109.25,"Up",1,72.5,"Up",1,0.322654,0.462243,False,False,False,True,"Peak","Climactic","Absent","Absent","Accepted","Structural","VolumePeak20;RangePeak20;RangeClimactic20;BreaksPriorLow;AcceptanceAccepted"
1447,"2026-05-22 07:10:00",29568,29570.25,29515.5,29563.75,8736,"LLLH","Red","Down",0.8,0.88,54.75,"Down",0.8,4.25,"Down",0.4,0.881279,0.684932,True,False,False,True,"Peak","Strong","Local","Local","Contained","Major","VolumePeak20;RangePeak20;BreaksPriorLow;CloseInsidePriorRange;DissipationLocal;AcceptanceContained;CompressionLocal"
1448,"2026-05-22 07:15:00",29564.25,29587.5,29550,29564.25,6329,"HHHL","Neutral","Down",0.6,0.74,37.5,"Down",0.6,0,"Down",0.1,0.38,0.54,True,True,True,False,"Falling","Absent","Local","Local","Contained","Moderate","BreaksPriorHigh;CloseInsidePriorRange;CloseInsidePriorBody;DissipationLocal;AcceptanceContained;CompressionLocal"
1449,"2026-05-22 07:20:00",29565,29599,29544.75,29549.75,7036,"OutsideBar","Red","Up",0.65,0.8,54.25,"Up",0.7,15.25,"Up",0.75,0.092166,0.691244,False,False,True,True,"Rising","Local","Absent","Absent","Accepted","Moderate","BreaksPriorHigh;BreaksPriorLow;AcceptanceAccepted"
1450,"2026-05-22 07:25:00",29549.75,29559,29490.25,29519,7518,"LLLH","Red","Up",0.65,0.82,68.75,"Up",0.85,30.75,"Up",0.8,0.418182,0.207273,False,False,False,True,"Rising","Strong","Absent","Absent","Accepted","Major","RangePeak20;BreaksPriorLow;AcceptanceAccepted"
1451,"2026-05-22 07:30:00",29518.75,29566.75,29511.25,29563.75,6716,"HHHL","Black","Down",0.55,0.76,55.5,"Down",0.75,45,"Up",0.85,0.945946,0.86036,False,False,True,False,"Falling","Absent","Clustered","Local","Accepted","Moderate","BreaksPriorHigh;DissipationLocal;AcceptanceAccepted;CompressionClustered"
1452,"2026-05-22 07:35:00",29564.25,29598.75,29553,29594.75,6059,"HHHL","Black","Down",0.4,0.64,45.75,"Down",0.5,30.5,"Down",0.7,0.912568,0.300546,False,False,True,False,"Falling","Absent","Absent","Local","Accepted","Minor","BreaksPriorHigh;DissipationLocal;AcceptanceAccepted"
1453,"2026-05-22 07:40:00",29594.5,29617.25,29584.75,29605.75,6137,"HHHL","Black","Up",0.4,0.64,32.5,"Down",0.35,11.25,"Down",0.55,0.646154,0.430769,False,False,True,False,"Rising","Absent","Absent","Local","Accepted","Minor","BreaksPriorHigh;DissipationLocal;AcceptanceAccepted"
1454,"2026-05-22 07:45:00",29605.5,29637.25,29602.5,29635.75,5015,"HHHL","Black","Down",0.3,0.62,34.75,"Up",0.35,30.25,"Up",0.65,0.956835,0.42446,False,False,True,False,"Falling","Local","Absent","Local","Accepted","Minor","BreaksPriorHigh;DissipationLocal;AcceptanceAccepted"
1455,"2026-05-22 07:50:00",29635.5,29640.75,29607.25,29630.5,4778,"HHHL","Red","Down",0.25,0.58,33.5,"Down",0.3,5,"Down",0.35,0.69403,0.895522,True,True,True,False,"Falling","Absent","Clustered","Local","Contained","Minor","BreaksPriorHigh;CloseInsidePriorRange;CloseInsidePriorBody;DissipationLocal;AcceptanceContained;CompressionClustered"
1456,"2026-05-22 07:55:00",29631,29633.75,29612.5,29627,3135,"InsideBar","Red","Down",0.2,0.42,21.25,"Down",0.2,4,"Down",0.25,0.682353,1,True,False,False,False,"Falling","Absent","Clustered","Absent","Unresolved","Minor","CloseInsidePriorRange;CompressionClustered"
1457,"2026-05-22 08:00:00",29627.5,29655,29623.75,29647.25,4518,"HHHL","Black","Up",0.2,0.56,31.25,"Up",0.2,19.75,"Up",0.6,0.752,0.32,False,False,True,False,"Rising","Local","Absent","Absent","Accepted","Minor","BreaksPriorHigh;AcceptanceAccepted"
1458,"2026-05-22 08:05:00",29647,29675,29644.5,29670,4519,"HHHL","Black","Up",0.2,0.56,30.5,"Down",0.15,23,"Up",0.6,0.836066,0.344262,False,False,True,False,"Rising","Absent","Absent","Local","Accepted","Minor","BreaksPriorHigh;DissipationLocal;AcceptanceAccepted"
1459,"2026-05-22 08:10:00",29669.75,29693.75,29669.75,29692.25,5340,"HHHL","Black","Up",0.3,0.62,24,"Down",0.1,22.5,"Down",0.55,0.9375,0.21875,False,False,True,False,"Rising","Absent","Absent","Local","Accepted","Minor","BreaksPriorHigh;DissipationLocal;AcceptanceAccepted"
1460,"2026-05-22 08:15:00",29691.75,29696,29678.75,29688.75,3560,"HHHL","Red","Down",0.1,0.44,17.25,"Down",0.05,3,"Down",0.1,0.57971,0.869565,True,True,True,False,"Falling","Absent","Clustered","Local","Contained","Minor","BreaksPriorHigh;CloseInsidePriorRange;CloseInsidePriorBody;DissipationLocal;AcceptanceContained;CompressionClustered"
1461,"2026-05-22 08:20:00",29689,29702.5,29682,29700,4020,"HHHL","Black","Up",0.15,0.46,20.5,"Up",0.1,11,"Up",0.4,0.878049,0.682927,False,False,True,False,"Rising","Local","Absent","Absent","Accepted","Minor","BreaksPriorHigh;AcceptanceAccepted"
1462,"2026-05-22 08:25:00",29700,29702,29675.25,29681.25,4203,"LLLH","Red","Up",0.2,0.46,26.75,"Up",0.25,18.75,"Up",0.6,0.224299,0.747664,False,False,False,True,"Rising","Local","Absent","Absent","Accepted","Minor","BreaksPriorLow;AcceptanceAccepted"
1463,"2026-05-22 08:30:00",29680.75,29708.75,29668.75,29708.5,4281,"OutsideBar","Black","Up",0.25,0.48,40,"Up",0.6,27.75,"Up",0.75,0.99375,0.66875,False,False,True,True,"Rising","Local","Absent","Absent","Accepted","Moderate","BreaksPriorHigh;BreaksPriorLow;AcceptanceAccepted"
1464,"2026-05-22 08:35:00",29708,29713.75,29690.25,29693.5,4573,"HHHL","Red","Up",0.4,0.58,23.5,"Down",0.2,14.5,"Down",0.4,0.138298,0.787234,True,True,True,False,"Rising","Absent","Local","Local","Contained","Minor","BreaksPriorHigh;CloseInsidePriorRange;CloseInsidePriorBody;DissipationLocal;AcceptanceContained;CompressionLocal"
1465,"2026-05-22 08:40:00",29692.5,29707,29683.5,29690.75,2799,"LLLH","Red","Down",0.05,0.32,23.5,"Flat",0.25,1.75,"Down",0.1,0.308511,0.712766,True,False,False,True,"Falling","Absent","Local","Local","Contained","Minor","BreaksPriorLow;CloseInsidePriorRange;DissipationLocal;AcceptanceContained;CompressionLocal"
1466,"2026-05-22 08:45:00",29690.25,29699.5,29678,29695,2510,"LLLH","Black","Down",0.05,0.24,21.5,"Down",0.2,4.75,"Up",0.3,0.790698,0.744186,True,False,False,True,"Falling","Absent","Local","Local","Contained","Minor","BreaksPriorLow;CloseInsidePriorRange;DissipationLocal;AcceptanceContained;CompressionLocal"
1467,"2026-05-22 08:50:00",29695.25,29696,29660,29663,2781,"LLLH","Red","Up",0.1,0.34,36,"Up",0.7,32.25,"Up",0.95,0.083333,0.5,False,False,False,True,"Rising","Local","Absent","Absent","Accepted","Moderate","BreaksPriorLow;AcceptanceAccepted"
1468,"2026-05-22 08:55:00",29663.25,29694.25,29661.25,29686.75,3740,"InsideBar","Black","Up",0.3,0.46,33,"Down",0.6,23.5,"Down",0.7,0.772727,1,True,True,False,False,"Rising","Absent","Clustered","Local","Unresolved","Moderate","CloseInsidePriorRange;CloseInsidePriorBody;DissipationLocal;CompressionClustered"
1469,"2026-05-22 09:00:00",29687,29691.75,29679,29687.5,2231,"InsideBar","Black","Down",0.05,0.24,12.75,"Down",0.05,0.5,"Down",0.05,0.666667,1,True,False,False,False,"Falling","Absent","Clustered","Absent","Unresolved","Minor","CloseInsidePriorRange;CompressionClustered"
1470,"2026-05-22 09:05:00",29687,29694.75,29666,29684.25,3219,"OutsideBar","Red","Up",0.3,0.4,28.75,"Up",0.5,2.75,"Up",0.15,0.634783,0.443478,True,False,True,True,"Rising","Local","Local","Absent","Contained","Minor","BreaksPriorHigh;BreaksPriorLow;CloseInsidePriorRange;AcceptanceContained;CompressionLocal"
1471,"2026-05-22 09:10:00",29684.75,29690,29668.5,29676.5,2482,"InsideBar","Red","Down",0.1,0.26,21.5,"Down",0.3,8.25,"Up",0.4,0.372093,1,True,False,False,False,"Falling","Absent","Clustered","Absent","Unresolved","Minor","CloseInsidePriorRange;CompressionClustered"
1472,"2026-05-22 09:15:00",29677,29686.75,29665,29681.25,2297,"LLLH","Black","Down",0.1,0.26,21.75,"Up",0.35,4.25,"Down",0.3,0.747126,0.83908,True,True,False,True,"Falling","Local","Local","Local","Contained","Minor","BreaksPriorLow;CloseInsidePriorRange;CloseInsidePriorBody;DissipationLocal;AcceptanceContained;CompressionLocal"
1473,"2026-05-22 09:20:00",29680.25,29681.25,29645,29647.25,3930,"LLLH","Red","Up",0.55,0.46,36.25,"Up",0.95,33,"Up",1,0.062069,0.448276,False,False,False,True,"Rising","Climactic","Absent","Absent","Accepted","Structural","RangePeak20;RangeClimactic20;BreaksPriorLow;AcceptanceAccepted"
1474,"2026-05-22 09:25:00",29646.75,29665.5,29642.25,29643.75,2642,"LLLH","Red","Down",0.25,0.32,23.25,"Down",0.4,3,"Down",0.25,0.064516,0.88172,False,False,False,True,"Falling","Absent","Clustered","Local","Accepted","Minor","BreaksPriorLow;DissipationLocal;AcceptanceAccepted;CompressionClustered"
1475,"2026-05-22 09:30:00",29643.75,29667.25,29640.25,29666,3083,"OutsideBar","Black","Up",0.4,0.38,27,"Up",0.65,22.25,"Up",0.7,0.953704,0.861111,False,False,True,True,"Rising","Local","Absent","Absent","Accepted","Moderate","BreaksPriorHigh;BreaksPriorLow;AcceptanceAccepted"
1476,"2026-05-22 09:35:00",29666.5,29677.5,29640.5,29641.5,3658,"HHHL","Red","Up",0.55,0.46,37,"Up",0.95,25,"Up",0.85,0.027027,0.722973,True,False,True,False,"Rising","Climactic","Local","Absent","Contained","Structural","RangePeak20;RangeClimactic20;BreaksPriorHigh;CloseInsidePriorRange;AcceptanceContained;CompressionLocal"
1477,"2026-05-22 09:40:00",29641.5,29659.25,29632.5,29645,3028,"LLLH","Black","Down",0.4,0.38,26.75,"Down",0.6,3.5,"Down",0.3,0.46729,0.700935,True,True,False,True,"Falling","Absent","Local","Local","Contained","Moderate","BreaksPriorLow;CloseInsidePriorRange;CloseInsidePriorBody;DissipationLocal;AcceptanceContained;CompressionLocal"
1478,"2026-05-22 09:45:00",29644.25,29654,29634,29640.75,2440,"InsideBar","Red","Down",0.15,0.28,20,"Down",0.15,3.5,"Flat",0.35,0.3375,1,True,False,False,False,"Falling","Absent","Clustered","Absent","Unresolved","Minor","CloseInsidePriorRange;CompressionClustered"
1479,"2026-05-22 09:50:00",29640.75,29663,29639.25,29645.5,2307,"HHHL","Black","Down",0.15,0.26,23.75,"Up",0.55,4.75,"Up",0.5,0.263158,0.621053,True,False,True,False,"Falling","Local","Local","Local","Contained","Minor","BreaksPriorHigh;CloseInsidePriorRange;DissipationLocal;AcceptanceContained;CompressionLocal"
1480,"2026-05-22 09:55:00",29646.25,29669.5,29643.5,29666.5,1929,"HHHL","Black","Down",0.05,0.2,26,"Up",0.55,20.25,"Up",0.7,0.884615,0.75,False,False,True,False,"Falling","Local","Absent","Local","Accepted","Minor","BreaksPriorHigh;DissipationLocal;AcceptanceAccepted"
1481,"2026-05-22 10:00:00",29666.75,29673.75,29650.75,29671.5,2502,"HHHL","Black","Up",0.35,0.3,23,"Down",0.3,4.75,"Down",0.5,0.902174,0.815217,False,False,True,False,"Rising","Absent","Clustered","Local","Accepted","Minor","BreaksPriorHigh;DissipationLocal;AcceptanceAccepted;CompressionClustered"
1482,"2026-05-22 10:05:00",29671.75,29700,29671.75,29699.5,3274,"HHHL","Black","Up",0.75,0.46,28.25,"Up",0.7,27.75,"Up",0.9,0.982301,0.070796,False,False,True,False,"Rising","Local","Absent","Absent","Accepted","Moderate","BreaksPriorHigh;AcceptanceAccepted"
1483,"2026-05-22 10:10:00",29698.75,29704.5,29691,29697.5,2543,"HHHL","Red","Down",0.45,0.3,13.5,"Down",0.1,1.25,"Down",0.1,0.481481,0.666667,True,True,True,False,"Falling","Absent","Local","Local","Contained","Minor","BreaksPriorHigh;CloseInsidePriorRange;CloseInsidePriorBody;DissipationLocal;AcceptanceContained;CompressionLocal"
1484,"2026-05-22 10:15:00",29697.75,29703.5,29689,29696.75,2465,"LLLH","Red","Down",0.3,0.22,14.5,"Up",0.15,1,"Down",0.1,0.534483,0.862069,True,False,False,True,"Falling","Local","Local","Local","Contained","Minor","BreaksPriorLow;CloseInsidePriorRange;DissipationLocal;AcceptanceContained;CompressionLocal"
1485,"2026-05-22 10:20:00",29697.75,29704,29649.25,29653,3054,"OutsideBar","Red","Up",0.7,0.38,54.75,"Up",1,44.75,"Up",1,0.068493,0.26484,False,False,True,True,"Rising","Climactic","Absent","Absent","Accepted","Structural","RangePeak20;RangeClimactic20;BreaksPriorHigh;BreaksPriorLow;AcceptanceAccepted"
1486,"2026-05-22 10:25:00",29652.75,29686.5,29645,29684.75,3737,"LLLH","Black","Up",0.9,0.5,41.5,"Down",0.95,32,"Down",0.85,0.957831,0.89759,True,True,False,True,"Peak","Climactic","Clustered","Local","Contained","Structural","VolumePeak20;RangePeak20;RangeClimactic20;BreaksPriorLow;CloseInsidePriorRange;CloseInsidePriorBody;DissipationLocal;AcceptanceContained;CompressionClustered"
1487,"2026-05-22 10:30:00",29684.75,29737.25,29678,29736.5,9520,"HHHL","Black","Up",1,0.92,59.25,"Up",1,51.75,"Up",1,0.987342,0.14346,False,False,True,False,"Peak","Climactic","Absent","Absent","Accepted","Structural","VolumePeak20;RangePeak20;RangeClimactic20;BreaksPriorHigh;AcceptanceAccepted"
1488,"2026-05-22 10:35:00",29736.75,29749,29696,29698,6127,"HHHL","Red","Down",0.95,0.72,53,"Down",0.9,38.75,"Down",0.9,0.037736,0.778302,True,True,True,False,"Peak","Strong","Local","Local","Contained","Structural","VolumePeak20;RangePeak20;BreaksPriorHigh;CloseInsidePriorRange;CloseInsidePriorBody;DissipationLocal;AcceptanceContained;CompressionLocal"
1489,"2026-05-22 10:40:00",29697.25,29720.25,29684.75,29716.75,3421,"LLLH","Black","Down",0.75,0.4,35.5,"Down",0.7,19.5,"Down",0.55,0.901408,0.683099,True,True,False,True,"Falling","Absent","Local","Local","Contained","Moderate","BreaksPriorLow;CloseInsidePriorRange;CloseInsidePriorBody;DissipationLocal;AcceptanceContained;CompressionLocal"
1490,"2026-05-22 10:45:00",29716.5,29718,29700.5,29702.25,2438,"InsideBar","Red","Down",0.2,0.1,17.5,"Down",0.15,14.25,"Down",0.5,0.1,1,True,True,False,False,"Falling","Absent","Clustered","Absent","Unresolved","Minor","CloseInsidePriorRange;CloseInsidePriorBody;CompressionClustered"
1491,"2026-05-22 10:50:00",29702.25,29709,29691.25,29693,2446,"LLLH","Red","Up",0.3,0.14,17.75,"Up",0.2,9.25,"Down",0.45,0.098592,0.478873,False,False,False,True,"Rising","Local","Absent","Absent","Accepted","Minor","BreaksPriorLow;AcceptanceAccepted"
1492,"2026-05-22 10:55:00",29692.75,29696.75,29661.5,29674.25,3353,"LLLH","Red","Up",0.7,0.44,35.25,"Up",0.65,18.5,"Up",0.5,0.361702,0.156028,False,False,False,True,"Rising","Local","Absent","Absent","Accepted","Moderate","BreaksPriorLow;AcceptanceAccepted"
1493,"2026-05-22 11:00:00",29674.75,29694.5,29671.25,29678.5,2260,"InsideBar","Black","Down",0.1,0.06,23.25,"Down",0.4,3.75,"Down",0.3,0.311828,1,True,True,False,False,"Falling","Absent","Clustered","Absent","Unresolved","Minor","CloseInsidePriorRange;CloseInsidePriorBody;CompressionClustered"
1494,"2026-05-22 11:05:00",29679.25,29688.75,29646,29666.5,4909,"LLLH","Red","Up",0.9,0.74,42.75,"Up",0.85,12.75,"Up",0.45,0.479532,0.409357,False,False,False,True,"Peak","Strong","Absent","Absent","Accepted","Major","VolumePeak20;RangePeak20;BreaksPriorLow;AcceptanceAccepted"
1495,"2026-05-22 11:10:00",29665.5,29682,29660.25,29678.5,1527,"InsideBar","Black","Down",0.05,0.02,21.75,"Down",0.3,13,"Up",0.5,0.83908,1,True,True,False,False,"Falling","Absent","Clustered","Absent","Unresolved","Minor","CloseInsidePriorRange;CloseInsidePriorBody;CompressionClustered"
1496,"2026-05-22 11:15:00",29678,29687.5,29657.5,29664.5,1679,"OutsideBar","Red","Up",0.1,0.04,30,"Up",0.65,13.5,"Up",0.55,0.233333,0.725,True,False,True,True,"Rising","Local","Local","Absent","Contained","Moderate","BreaksPriorHigh;BreaksPriorLow;CloseInsidePriorRange;AcceptanceContained;CompressionLocal"
1497,"2026-05-22 11:20:00",29664.5,29673.25,29650.5,29662.5,2167,"LLLH","Red","Up",0.2,0.08,22.75,"Down",0.35,2,"Down",0.15,0.527473,0.692308,True,False,False,True,"Rising","Absent","Local","Local","Contained","Minor","BreaksPriorLow;CloseInsidePriorRange;DissipationLocal;AcceptanceContained;CompressionLocal"
1498,"2026-05-22 11:25:00",29662.5,29673.75,29657,29671.25,1642,"HHHL","Black","Down",0.1,0.04,16.75,"Down",0.15,8.75,"Up",0.35,0.850746,0.970149,True,False,True,False,"Falling","Absent","Clustered","Local","Contained","Minor","BreaksPriorHigh;CloseInsidePriorRange;DissipationLocal;AcceptanceContained;CompressionClustered"
1499,"2026-05-22 11:30:00",29671,29673.75,29655.25,29660.5,1810,"OutsideBar","Red","Up",0.2,0.08,18.5,"Up",0.3,10.5,"Up",0.4,0.283784,0.905405,True,False,False,True,"Rising","Local","Local","Absent","Contained","Minor","BreaksPriorLow;CloseInsidePriorRange;AcceptanceContained;CompressionLocal"
1500,"2026-05-22 11:35:00",29661,29664.5,29643,29650.5,2056,"LLLH","Red","Up",0.25,0.12,21.5,"Up",0.35,10.5,"Flat",0.45,0.348837,0.430233,False,False,False,True,"Rising","Local","Absent","Absent","Accepted","Minor","BreaksPriorLow;AcceptanceAccepted"
1501,"2026-05-22 11:40:00",29650.5,29664,29624,29654.25,4809,"LLLH","Black","Up",0.85,0.86,40,"Up",0.75,3.75,"Down",0.25,0.75625,0.525,True,True,False,True,"Peak","Local","Local","Absent","Contained","Major","VolumePeak20;BreaksPriorLow;CloseInsidePriorRange;CloseInsidePriorBody;AcceptanceContained;CompressionLocal"
1502,"2026-05-22 11:45:00",29654.5,29674.25,29651.5,29666.5,2750,"HHHL","Black","Down",0.6,0.42,22.75,"Down",0.5,12,"Up",0.5,0.659341,0.549451,False,False,True,False,"Falling","Absent","Absent","Local","Accepted","Moderate","BreaksPriorHigh;DissipationLocal;AcceptanceAccepted"
1503,"2026-05-22 11:50:00",29667.25,29672.25,29642.25,29647.5,2506,"LLLH","Red","Down",0.55,0.36,30,"Up",0.6,19.75,"Up",0.8,0.175,0.691667,False,False,False,True,"Falling","Local","Absent","Local","Accepted","Moderate","BreaksPriorLow;DissipationLocal;AcceptanceAccepted"
1504,"2026-05-22 11:55:00",29648,29667.75,29641.25,29661.25,2710,"LLLH","Black","Up",0.55,0.44,26.5,"Down",0.5,13.25,"Down",0.55,0.754717,0.962264,True,True,False,True,"Rising","Absent","Clustered","Local","Contained","Minor","BreaksPriorLow;CloseInsidePriorRange;CloseInsidePriorBody;DissipationLocal;AcceptanceContained;CompressionClustered"
1505,"2026-05-22 12:00:00",29661.25,29661.5,29646.5,29650.25,1722,"InsideBar","Red","Down",0.2,0.08,15,"Down",0.05,11,"Down",0.4,0.25,1,True,True,False,False,"Falling","Absent","Clustered","Absent","Unresolved","Minor","CloseInsidePriorRange;CloseInsidePriorBody;CompressionClustered"
1506,"2026-05-22 12:05:00",29650.5,29664.5,29602.5,29620.75,5411,"OutsideBar","Red","Up",0.9,0.96,62,"Up",1,29.75,"Up",0.9,0.294355,0.241935,False,False,True,True,"Climactic","Climactic","Absent","Absent","Accepted","SessionDefining","VolumePeak20;VolumeClimactic50;RangePeak20;RangeClimactic20;BreaksPriorHigh;BreaksPriorLow;AcceptanceAccepted"
1507,"2026-05-22 12:10:00",29621,29626.25,29590.75,29611,4719,"LLLH","Red","Down",0.8,0.88,35.5,"Down",0.8,10,"Down",0.3,0.570423,0.669014,True,False,False,True,"Peak","Strong","Local","Local","Contained","Major","VolumePeak20;RangePeak20;BreaksPriorLow;CloseInsidePriorRange;DissipationLocal;AcceptanceContained;CompressionLocal"
1508,"2026-05-22 12:15:00",29610.5,29620,29588,29599.75,3286,"LLLH","Red","Down",0.7,0.64,32,"Down",0.7,10.75,"Up",0.45,0.367188,0.914063,True,False,False,True,"Falling","Absent","Clustered","Local","Contained","Moderate","BreaksPriorLow;CloseInsidePriorRange;DissipationLocal;AcceptanceContained;CompressionClustered"
1509,"2026-05-22 12:20:00",29600.25,29603.5,29576.75,29594.5,4010,"LLLH","Red","Up",0.8,0.8,26.75,"Down",0.6,5.75,"Down",0.2,0.663551,0.579439,True,False,False,True,"Peak","Absent","Local","Local","Contained","Major","VolumePeak20;BreaksPriorLow;CloseInsidePriorRange;DissipationLocal;AcceptanceContained;CompressionLocal"
1510,"2026-05-22 12:25:00",29595,29595,29571,29577.5,3294,"LLLH","Red","Down",0.7,0.66,24,"Down",0.5,17.5,"Up",0.85,0.270833,0.760417,True,False,False,True,"Falling","Absent","Local","Local","Contained","Moderate","BreaksPriorLow;CloseInsidePriorRange;DissipationLocal;AcceptanceContained;CompressionLocal"
1511,"2026-05-22 12:30:00",29577.25,29580,29543.25,29551,3916,"LLLH","Red","Up",0.75,0.78,36.75,"Up",0.85,26.25,"Up",0.95,0.210884,0.244898,False,False,False,True,"Rising","Strong","Absent","Absent","Accepted","Major","RangePeak20;BreaksPriorLow;AcceptanceAccepted"
1512,"2026-05-22 12:35:00",29551.5,29574,29533,29570.75,4781,"LLLH","Black","Up",0.85,0.9,41,"Up",0.9,19.25,"Down",0.85,0.920732,0.75,True,True,False,True,"Peak","Strong","Local","Absent","Contained","Structural","VolumePeak20;RangePeak20;BreaksPriorLow;CloseInsidePriorRange;CloseInsidePriorBody;AcceptanceContained;CompressionLocal"
1513,"2026-05-22 12:40:00",29571,29588.5,29560.75,29576.5,3512,"HHHL","Black","Down",0.65,0.72,27.75,"Down",0.55,5.5,"Down",0.15,0.567568,0.477477,False,False,True,False,"Falling","Absent","Absent","Local","Accepted","Moderate","BreaksPriorHigh;DissipationLocal;AcceptanceAccepted"
1514,"2026-05-22 12:45:00",29575.5,29581.5,29550.75,29561,2821,"LLLH","Red","Down",0.55,0.54,30.75,"Up",0.7,14.5,"Up",0.75,0.333333,0.674797,True,False,False,True,"Falling","Local","Local","Local","Contained","Moderate","BreaksPriorLow;CloseInsidePriorRange;DissipationLocal;AcceptanceContained;CompressionLocal"
1515,"2026-05-22 12:50:00",29561.25,29561.75,29532,29553.75,3565,"LLLH","Red","Up",0.7,0.74,29.75,"Down",0.55,7.5,"Down",0.25,0.731092,0.369748,True,False,False,True,"Rising","Absent","Local","Local","Contained","Moderate","BreaksPriorLow;CloseInsidePriorRange;DissipationLocal;AcceptanceContained;CompressionLocal"
1516,"2026-05-22 12:55:00",29553.75,29563.75,29534,29545.25,5420,"HHHL","Red","Up",1,0.96,29.75,"Flat",0.6,8.5,"Up",0.3,0.378151,0.932773,True,False,True,False,"Climactic","Absent","Clustered","Absent","Contained","Structural","VolumePeak20;VolumeClimactic50;BreaksPriorHigh;CloseInsidePriorRange;AcceptanceContained;CompressionClustered"
1517,"2026-05-22 13:00:00",29545.25,29582.75,29543.5,29551.75,10679,"HHHL","Black","Up",1,1,39.25,"Up",0.85,6.5,"Down",0.2,0.210191,0.515924,True,True,True,False,"Climactic","Strong","Local","Absent","Contained","Structural","VolumePeak20;VolumeClimactic50;RangePeak20;BreaksPriorHigh;CloseInsidePriorRange;CloseInsidePriorBody;AcceptanceContained;CompressionLocal"
1518,"2026-05-22 13:05:00",29551.75,29580.75,29541.5,29551.5,5353,"LLLH","Red","Down",0.85,0.9,39.25,"Flat",0.85,0.25,"Down",0.05,0.254777,0.949045,True,True,False,True,"Peak","Strong","Clustered","Local","Contained","Structural","VolumePeak20;RangePeak20;BreaksPriorLow;CloseInsidePriorRange;CloseInsidePriorBody;DissipationLocal;AcceptanceContained;CompressionClustered"
1519,"2026-05-22 13:10:00",29550.75,29563,29550.75,29557.75,1149,"InsideBar","Black","Down",0.05,0.02,12.25,"Down",0.05,7,"Up",0.3,0.571429,1,True,False,False,False,"Falling","Absent","Clustered","Absent","Unresolved","Minor","CloseInsidePriorRange;CompressionClustered"
1520,"2026-05-22 13:15:00",29558,29566,29554,29561,1046,"HHHL","Black","Down",0.05,0.02,12,"Down",0.05,3,"Down",0.1,0.583333,0.75,True,False,True,False,"Falling","Absent","Local","Local","Contained","Minor","BreaksPriorHigh;CloseInsidePriorRange;DissipationLocal;AcceptanceContained;CompressionLocal"
1521,"2026-05-22 13:20:00",29561.25,29561.75,29542,29549.75,1001,"LLLH","Red","Down",0.05,0.02,19.75,"Up",0.2,11.5,"Up",0.6,0.392405,0.392405,False,False,False,True,"Falling","Local","Absent","Local","Accepted","Minor","BreaksPriorLow;DissipationLocal;AcceptanceAccepted"
1522,"2026-05-22 13:25:00",29549,29550.5,29540,29540.75,488,"LLLH","Red","Down",0.05,0.02,10.5,"Down",0.05,8.25,"Down",0.4,0.071429,0.809524,False,False,False,True,"Falling","Absent","Clustered","Local","Accepted","Minor","BreaksPriorLow;DissipationLocal;AcceptanceAccepted;CompressionClustered"
1523,"2026-05-22 13:30:00",29540,29551,29540,29548.5,431,"OutsideBar","Black","Down",0.05,0.02,11,"Up",0.1,8.5,"Up",0.5,0.772727,0.954545,True,True,True,False,"Falling","Local","Local","Local","Contained","Minor","BreaksPriorHigh;CloseInsidePriorRange;CloseInsidePriorBody;DissipationLocal;AcceptanceContained;CompressionLocal"
1524,"2026-05-22 13:35:00",29549,29552,29502.25,29535,2458,"OutsideBar","Red","Up",0.35,0.38,49.75,"Up",0.95,14,"Up",0.75,0.658291,0.221106,False,False,True,True,"Rising","Climactic","Absent","Absent","Accepted","Structural","RangePeak20;RangeClimactic20;LowVolumeHighRange;BreaksPriorHigh;BreaksPriorLow;AcceptanceAccepted"
1525,"2026-05-22 13:40:00",29533.75,29538.75,29526,29528.25,510,"InsideBar","Red","Down",0.15,0.06,12.75,"Down",0.25,5.5,"Down",0.2,0.176471,1,True,False,False,False,"Falling","Absent","Clustered","Absent","Unresolved","Minor","CloseInsidePriorRange;CompressionClustered"
1526,"2026-05-22 13:45:00",29530,29537.5,29524,29529.25,559,"LLLH","Red","Up",0.2,0.08,13.5,"Up",0.3,0.75,"Down",0.1,0.388889,0.851852,True,True,False,True,"Rising","Local","Local","Absent","Contained","Minor","BreaksPriorLow;CloseInsidePriorRange;CloseInsidePriorBody;AcceptanceContained;CompressionLocal"
1527,"2026-05-22 13:50:00",29530.25,29534,29522.5,29529,728,"LLLH","Red","Up",0.25,0.1,11.5,"Down",0.15,1.25,"Up",0.15,0.565217,0.869565,True,False,False,True,"Rising","Absent","Clustered","Local","Contained","Minor","BreaksPriorLow;CloseInsidePriorRange;DissipationLocal;AcceptanceContained;CompressionClustered"
1528,"2026-05-22 13:55:00",29528.75,29538.5,29527.25,29536,402,"HHHL","Black","Down",0.05,0.02,11.25,"Down",0.15,7.25,"Up",0.5,0.777778,0.6,False,False,True,False,"Falling","Absent","Absent","Local","Accepted","Minor","BreaksPriorHigh;DissipationLocal;AcceptanceAccepted"
1529,"2026-05-22 14:00:00",29536,29539.75,29519.75,29520.75,562,"OutsideBar","Red","Up",0.3,0.12,20,"Up",0.5,15.25,"Up",0.85,0.05,0.5625,False,False,True,True,"Rising","Local","Absent","Absent","Accepted","Minor","BreaksPriorHigh;BreaksPriorLow;AcceptanceAccepted"
1530,"2026-05-25 06:35:00",29940.5,29959.5,29939.75,29954,1802,"HHHL","Black","Up",0.55,0.3,19.75,"Down",0.5,13.5,"Down",0.75,0.721519,0,False,False,True,False,"Rising","Absent","Absent","Local","Accepted","Minor","BreaksPriorHigh;DissipationLocal;AcceptanceAccepted"
1531,"2026-05-25 06:40:00",29954.75,29972.5,29954.5,29972,1185,"HHHL","Black","Down",0.55,0.22,18,"Down",0.45,17.25,"Up",0.95,0.972222,0.277778,False,False,True,False,"Falling","Absent","Absent","Local","Accepted","Minor","BreaksPriorHigh;DissipationLocal;AcceptanceAccepted"
1532,"2026-05-25 06:45:00",29972,29975.75,29968.5,29975,711,"HHHL","Black","Down",0.35,0.14,7.25,"Down",0.05,3,"Down",0.25,0.896552,0.551724,False,False,True,False,"Falling","Absent","Absent","Local","Accepted","Minor","BreaksPriorHigh;DissipationLocal;AcceptanceAccepted"
1533,"2026-05-25 06:50:00",29975,29983,29970,29980.75,1370,"HHHL","Black","Up",0.65,0.26,13,"Up",0.45,5.75,"Up",0.35,0.826923,0.442308,False,False,True,False,"Rising","Local","Absent","Absent","Accepted","Moderate","BreaksPriorHigh;AcceptanceAccepted"
1534,"2026-05-25 06:55:00",29979.5,29992,29975.5,29991.25,1360,"HHHL","Black","Down",0.65,0.26,16.5,"Up",0.55,11.75,"Up",0.8,0.954545,0.454545,False,False,True,False,"Falling","Local","Absent","Local","Accepted","Moderate","BreaksPriorHigh;DissipationLocal;AcceptanceAccepted"
1535,"2026-05-25 07:00:00",29991,29993.75,29984.5,29993.5,1069,"HHHL","Black","Down",0.55,0.22,9.25,"Down",0.1,2.5,"Down",0.2,0.972973,0.810811,False,False,True,False,"Falling","Absent","Clustered","Local","Accepted","Minor","BreaksPriorHigh;DissipationLocal;AcceptanceAccepted;CompressionClustered"
1536,"2026-05-25 07:05:00",29992.75,29993.75,29984.25,29984.75,943,"OutsideBar","Red","Down",0.45,0.18,9.5,"Up",0.15,8,"Up",0.6,0.052632,0.973684,True,False,False,True,"Falling","Local","Local","Local","Contained","Minor","BreaksPriorLow;CloseInsidePriorRange;DissipationLocal;AcceptanceContained;CompressionLocal"
1537,"2026-05-25 07:10:00",29984.5,29990,29961,29964.75,1747,"LLLH","Red","Up",0.85,0.42,29,"Up",0.9,19.75,"Up",1,0.12931,0.198276,False,False,False,True,"Peak","Strong","Absent","Absent","Accepted","Structural","VolumePeak20;RangePeak20;BreaksPriorLow;AcceptanceAccepted"
1538,"2026-05-25 07:15:00",29965,29970,29952.25,29953.5,1353,"LLLH","Red","Down",0.75,0.3,17.75,"Down",0.7,11.5,"Down",0.7,0.070423,0.507042,False,False,False,True,"Falling","Absent","Absent","Local","Accepted","Moderate","BreaksPriorLow;DissipationLocal;AcceptanceAccepted"
1539,"2026-05-25 07:20:00",29952.75,29957.25,29947.75,29953.5,1192,"LLLH","Black","Down",0.7,0.3,9.5,"Down",0.2,0.75,"Down",0.1,0.605263,0.526316,True,True,False,True,"Falling","Absent","Local","Local","Contained","Moderate","BreaksPriorLow;CloseInsidePriorRange;CloseInsidePriorBody;DissipationLocal;AcceptanceContained;CompressionLocal"
1540,"2026-05-25 07:25:00",29954,29957.5,29943.5,29949.25,1020,"OutsideBar","Red","Down",0.55,0.22,14,"Up",0.6,4.75,"Up",0.3,0.410714,0.678571,True,False,True,True,"Falling","Local","Local","Local","Contained","Moderate","BreaksPriorHigh;BreaksPriorLow;CloseInsidePriorRange;DissipationLocal;AcceptanceContained;CompressionLocal"
1541,"2026-05-25 07:30:00",29949.75,29952.25,29940,29942.25,806,"LLLH","Red","Down",0.45,0.18,12.25,"Down",0.45,7.5,"Up",0.5,0.183673,0.714286,False,False,False,True,"Falling","Absent","Absent","Local","Accepted","Minor","BreaksPriorLow;DissipationLocal;AcceptanceAccepted"
1542,"2026-05-25 07:35:00",29943,29945.5,29923,29931.25,1378,"LLLH","Red","Up",0.85,0.42,22.5,"Up",0.9,11.75,"Up",0.75,0.366667,0.244444,False,False,False,True,"Peak","Strong","Absent","Absent","Accepted","Structural","VolumePeak20;RangePeak20;BreaksPriorLow;AcceptanceAccepted"
1543,"2026-05-25 07:40:00",29930.75,29933.25,29920.75,29928.25,946,"LLLH","Red","Down",0.45,0.22,12.5,"Down",0.4,2.5,"Down",0.25,0.6,0.82,True,False,False,True,"Falling","Absent","Clustered","Local","Contained","Minor","BreaksPriorLow;CloseInsidePriorRange;DissipationLocal;AcceptanceContained;CompressionClustered"
1544,"2026-05-25 07:45:00",29928.75,29929.25,29910,29912.75,1241,"LLLH","Red","Up",0.7,0.38,19.25,"Up",0.8,16,"Up",0.9,0.142857,0.441558,False,False,False,True,"Rising","Strong","Absent","Absent","Accepted","Major","RangePeak20;BreaksPriorLow;AcceptanceAccepted"
1545,"2026-05-25 07:50:00",29912.25,29933,29910,29931,1256,"OutsideBar","Black","Up",0.7,0.4,23,"Up",0.95,18.75,"Up",0.95,0.913043,0.836957,False,False,True,False,"Rising","Climactic","Absent","Absent","Accepted","Structural","RangePeak20;RangeClimactic20;BreaksPriorHigh;AcceptanceAccepted"
1546,"2026-05-25 07:55:00",29930.25,29940.5,29925.75,29927,992,"HHHL","Red","Down",0.4,0.24,14.75,"Down",0.55,3.25,"Down",0.3,0.084746,0.491525,True,True,True,False,"Falling","Absent","Local","Local","Contained","Minor","BreaksPriorHigh;CloseInsidePriorRange;CloseInsidePriorBody;DissipationLocal;AcceptanceContained;CompressionLocal"
1547,"2026-05-25 08:00:00",29927,29932.75,29922,29929,1104,"LLLH","Black","Up",0.5,0.34,10.75,"Down",0.25,2,"Down",0.1,0.651163,0.651163,True,True,False,True,"Rising","Absent","Local","Local","Contained","Minor","BreaksPriorLow;CloseInsidePriorRange;CloseInsidePriorBody;DissipationLocal;AcceptanceContained;CompressionLocal"
1548,"2026-05-25 08:05:00",29928.75,29937.5,29925,29930,729,"HHHL","Black","Down",0.15,0.18,12.5,"Up",0.4,1.25,"Down",0.1,0.4,0.62,True,False,True,False,"Falling","Local","Local","Local","Contained","Minor","BreaksPriorHigh;CloseInsidePriorRange;DissipationLocal;AcceptanceContained;CompressionLocal"
1549,"2026-05-25 08:10:00",29929.25,29933.5,29926.75,29932.5,331,"InsideBar","Black","Down",0.05,0.02,6.75,"Down",0.05,3.25,"Up",0.4,0.851852,1,True,False,False,False,"Falling","Absent","Clustered","Absent","Unresolved","Minor","CloseInsidePriorRange;CompressionClustered"
1550,"2026-05-25 08:15:00",29933,29990.75,29932.5,29967.75,5123,"HHHL","Black","Up",1,0.92,58.25,"Up",1,34.75,"Up",1,0.60515,0.017167,False,False,True,False,"Peak","Climactic","Absent","Absent","Accepted","Structural","VolumePeak20;RangePeak20;RangeClimactic20;BreaksPriorHigh;AcceptanceAccepted"
1551,"2026-05-25 08:20:00",29968.25,29977.5,29957,29965.75,1348,"InsideBar","Red","Down",0.7,0.5,20.5,"Down",0.8,2.5,"Down",0.3,0.426829,1,True,True,False,False,"Falling","Strong","Clustered","Absent","Unresolved","Major","RangePeak20;CloseInsidePriorRange;CloseInsidePriorBody;CompressionClustered"
1552,"2026-05-25 08:25:00",29966,29969,29940.25,29942.5,1373,"LLLH","Red","Up",0.85,0.58,28.75,"Up",0.9,23.5,"Up",0.95,0.078261,0.417391,False,False,False,True,"Peak","Strong","Absent","Absent","Accepted","Structural","VolumePeak20;RangePeak20;BreaksPriorLow;AcceptanceAccepted"
1553,"2026-05-25 08:30:00",29941.25,29958.25,29933,29934.25,1823,"LLLH","Red","Up",0.95,0.68,25.25,"Down",0.85,7,"Down",0.5,0.049505,0.712871,False,False,False,True,"Peak","Strong","Absent","Local","Accepted","Major","VolumePeak20;RangePeak20;BreaksPriorLow;DissipationLocal;AcceptanceAccepted"
1554,"2026-05-25 08:35:00",29933.75,29940.5,29925.25,29938.25,1013,"LLLH","Black","Down",0.35,0.32,15.25,"Down",0.55,4.5,"Down",0.45,0.852459,0.491803,True,True,False,True,"Falling","Absent","Local","Local","Contained","Minor","BreaksPriorLow;CloseInsidePriorRange;CloseInsidePriorBody;DissipationLocal;AcceptanceContained;CompressionLocal"
1555,"2026-05-25 08:40:00",29939.5,29941,29926.25,29927.75,534,"HHHL","Red","Down",0.1,0.12,14.75,"Down",0.5,11.75,"Up",0.75,0.101695,0.966102,True,False,True,False,"Falling","Absent","Clustered","Local","Contained","Minor","BreaksPriorHigh;CloseInsidePriorRange;DissipationLocal;AcceptanceContained;CompressionClustered"
1556,"2026-05-25 08:45:00",29927.25,29932.75,29920.25,29926.75,533,"LLLH","Red","Down",0.1,0.12,12.5,"Down",0.35,0.5,"Down",0.05,0.52,0.52,True,False,False,True,"Falling","Absent","Local","Local","Contained","Minor","BreaksPriorLow;CloseInsidePriorRange;DissipationLocal;AcceptanceContained;CompressionLocal"
1557,"2026-05-25 08:50:00",29925.5,29929.75,29923,29928.5,435,"InsideBar","Black","Down",0.1,0.08,6.75,"Down",0.1,3,"Up",0.35,0.814815,1,True,False,False,False,"Falling","Absent","Clustered","Absent","Unresolved","Minor","CloseInsidePriorRange;CompressionClustered"
1558,"2026-05-25 08:55:00",29928.75,29931,29916.75,29918.5,611,"OutsideBar","Red","Up",0.25,0.22,14.25,"Up",0.5,10.25,"Up",0.7,0.122807,0.473684,False,False,True,True,"Rising","Local","Absent","Absent","Accepted","Minor","BreaksPriorHigh;BreaksPriorLow;AcceptanceAccepted"
1559,"2026-05-25 09:00:00",29919.25,29927,29915.5,29922.5,865,"LLLH","Black","Up",0.4,0.32,11.5,"Down",0.2,3.25,"Down",0.45,0.608696,0.891304,True,True,False,True,"Rising","Absent","Clustered","Local","Contained","Minor","BreaksPriorLow;CloseInsidePriorRange;CloseInsidePriorBody;DissipationLocal;AcceptanceContained;CompressionClustered"
1560,"2026-05-25 09:05:00",29923,29925.25,29913,29922.75,552,"LLLH","Red","Down",0.25,0.18,12.25,"Up",0.3,0.25,"Down",0.05,0.795918,0.795918,True,False,False,True,"Falling","Local","Local","Local","Contained","Minor","BreaksPriorLow;CloseInsidePriorRange;DissipationLocal;AcceptanceContained;CompressionLocal"
1561,"2026-05-25 09:10:00",29922.25,29928.5,29920.5,29923.5,316,"HHHL","Black","Down",0.05,0.02,8,"Down",0.15,1.25,"Up",0.2,0.375,0.59375,True,False,True,False,"Falling","Absent","Local","Local","Contained","Minor","BreaksPriorHigh;CloseInsidePriorRange;DissipationLocal;AcceptanceContained;CompressionLocal"
1562,"2026-05-25 09:15:00",29923.5,29935,29919.75,29932.25,451,"OutsideBar","Black","Up",0.2,0.12,15.25,"Up",0.7,8.75,"Up",0.7,0.819672,0.52459,False,False,True,True,"Rising","Local","Absent","Absent","Accepted","Moderate","BreaksPriorHigh;BreaksPriorLow;AcceptanceAccepted"
1563,"2026-05-25 09:20:00",29931.75,29936.25,29921.5,29922,469,"HHHL","Red","Up",0.25,0.14,14.75,"Down",0.6,9.75,"Up",0.7,0.033898,0.915254,True,False,True,False,"Rising","Absent","Clustered","Local","Contained","Moderate","BreaksPriorHigh;CloseInsidePriorRange;DissipationLocal;AcceptanceContained;CompressionClustered"
1564,"2026-05-25 09:25:00",29921.5,29923.75,29914,29920.75,573,"LLLH","Red","Up",0.45,0.3,9.75,"Down",0.2,0.75,"Down",0.15,0.692308,0.230769,False,False,False,True,"Rising","Absent","Absent","Local","Accepted","Minor","BreaksPriorLow;DissipationLocal;AcceptanceAccepted"
1565,"2026-05-25 09:30:00",29921.25,29926.75,29919,29924,399,"HHHL","Black","Down",0.15,0.06,7.75,"Down",0.15,2.75,"Up",0.4,0.645161,0.612903,False,False,True,False,"Falling","Absent","Absent","Local","Accepted","Minor","BreaksPriorHigh;DissipationLocal;AcceptanceAccepted"
1566,"2026-05-25 09:35:00",29923.75,29929.75,29920,29927,501,"HHHL","Black","Up",0.35,0.2,9.75,"Up",0.3,3.25,"Up",0.6,0.717949,0.692308,False,False,True,False,"Rising","Local","Absent","Absent","Accepted","Minor","BreaksPriorHigh;AcceptanceAccepted"
1567,"2026-05-25 09:40:00",29927.5,29931.75,29923.75,29928.75,406,"HHHL","Black","Down",0.2,0.1,8,"Down",0.25,1.25,"Down",0.3,0.625,0.75,True,False,True,False,"Falling","Absent","Local","Local","Contained","Minor","BreaksPriorHigh;CloseInsidePriorRange;DissipationLocal;AcceptanceContained;CompressionLocal"
1568,"2026-05-25 09:45:00",29928,29936.25,29925.75,29934.5,318,"HHHL","Black","Down",0.1,0.04,10.5,"Up",0.4,6.5,"Up",0.65,0.833333,0.571429,False,False,True,False,"Falling","Local","Absent","Local","Accepted","Minor","BreaksPriorHigh;DissipationLocal;AcceptanceAccepted"
1569,"2026-05-25 09:50:00",29934.25,29946.5,29927.75,29945.5,613,"HHHL","Black","Up",0.7,0.42,18.75,"Up",0.8,11.25,"Up",0.85,0.946667,0.453333,False,False,True,False,"Rising","Strong","Absent","Absent","Accepted","Major","RangePeak20;BreaksPriorHigh;AcceptanceAccepted"
1570,"2026-05-25 09:55:00",29945.75,29959.25,29941,29947.75,869,"HHHL","Black","Up",0.8,0.54,18.25,"Down",0.8,2,"Down",0.3,0.369863,0.30137,False,False,True,False,"Peak","Strong","Absent","Local","Accepted","Major","VolumePeak20;RangePeak20;BreaksPriorHigh;DissipationLocal;AcceptanceAccepted"
1571,"2026-05-25 10:00:00",29948.25,29966.75,29946.75,29962.5,664,"HHHL","Black","Down",0.75,0.44,20,"Up",0.9,14.25,"Up",0.95,0.7875,0.625,False,False,True,False,"Falling","Strong","Absent","Local","Accepted","Structural","RangePeak20;BreaksPriorHigh;DissipationLocal;AcceptanceAccepted"
1572,"2026-05-26 06:35:00",29903.75,29935,29842,29852.75,21467,"LLLH","Red","Up",1,1,93,"Up",1,51,"Up",1,0.115591,0,False,False,False,True,"Climactic","Climactic","Absent","Absent","Accepted","SessionDefining","VolumePeak20;VolumeClimactic50;RangePeak20;RangeClimactic20;BreaksPriorLow;AcceptanceAccepted"
1573,"2026-05-26 06:40:00",29853.5,29864.75,29826.75,29860,10509,"LLLH","Black","Down",0.95,0.98,38,"Down",0.95,6.5,"Down",0.65,0.875,0.598684,True,True,False,True,"Climactic","Climactic","Local","Local","Contained","SessionDefining","VolumePeak20;VolumeClimactic50;RangePeak20;RangeClimactic20;BreaksPriorLow;CloseInsidePriorRange;CloseInsidePriorBody;DissipationLocal;AcceptanceContained;CompressionLocal"
1574,"2026-05-26 06:45:00",29859.75,29938,29852,29934,11884,"HHHL","Black","Up",0.95,0.98,86,"Up",0.95,74.25,"Up",1,0.953488,0.148256,False,False,True,False,"Climactic","Climactic","Absent","Absent","Accepted","SessionDefining","VolumePeak20;VolumeClimactic50;RangePeak20;RangeClimactic20;BreaksPriorHigh;AcceptanceAccepted"
1575,"2026-05-26 06:50:00",29933.5,29985.75,29929.25,29973.5,12594,"HHHL","Black","Up",0.95,0.98,56.5,"Down",0.9,40,"Down",0.9,0.783186,0.154867,False,False,True,False,"Climactic","Strong","Absent","Local","Accepted","Structural","VolumePeak20;VolumeClimactic50;RangePeak20;BreaksPriorHigh;DissipationLocal;AcceptanceAccepted"
1576,"2026-05-26 06:55:00",29973.75,29981.25,29914,29959,12854,"LLLH","Red","Up",0.95,0.98,67.25,"Up",0.9,14.75,"Down",0.85,0.669145,0.773234,True,True,False,True,"Climactic","Strong","Local","Absent","Contained","Structural","VolumePeak20;VolumeClimactic50;RangePeak20;BreaksPriorLow;CloseInsidePriorRange;CloseInsidePriorBody;AcceptanceContained;CompressionLocal"
1577,"2026-05-26 07:00:00",29959.5,30007,29949,30007,10206,"HHHL","Black","Down",0.75,0.9,58,"Down",0.85,47.5,"Up",0.9,1,0.556034,False,False,True,False,"Falling","Strong","Absent","Local","Accepted","Structural","RangePeak20;BreaksPriorHigh;DissipationLocal;AcceptanceAccepted"
1578,"2026-05-26 07:05:00",30006.75,30020,29976,29992.25,9096,"HHHL","Red","Down",0.7,0.88,44,"Down",0.75,14.5,"Down",0.75,0.369318,0.704545,True,True,True,False,"Falling","Absent","Local","Local","Contained","Moderate","BreaksPriorHigh;CloseInsidePriorRange;CloseInsidePriorBody;DissipationLocal;AcceptanceContained;CompressionLocal"
1579,"2026-05-26 07:10:00",29992,30010.25,29976.5,30004,5695,"InsideBar","Black","Down",0.65,0.86,33.75,"Down",0.65,12,"Down",0.65,0.814815,1,True,True,False,False,"Falling","Absent","Clustered","Absent","Unresolved","Moderate","CloseInsidePriorRange;CloseInsidePriorBody;CompressionClustered"
1580,"2026-05-26 07:15:00",30003.75,30030,29989,30028.25,6315,"HHHL","Black","Up",0.65,0.86,41,"Up",0.7,24.5,"Up",0.8,0.957317,0.518293,False,False,True,False,"Rising","Local","Absent","Absent","Accepted","Moderate","BreaksPriorHigh;AcceptanceAccepted"
1581,"2026-05-26 07:20:00",30028.75,30049,30008,30047,6988,"HHHL","Black","Up",0.65,0.86,41,"Flat",0.7,18.25,"Down",0.75,0.95122,0.536585,False,False,True,False,"Rising","Absent","Absent","Absent","Accepted","Moderate","BreaksPriorHigh;AcceptanceAccepted"
1582,"2026-05-26 07:25:00",30047.25,30065.25,30033.5,30062.25,6835,"HHHL","Black","Down",0.6,0.84,31.75,"Down",0.5,15,"Down",0.7,0.905512,0.488189,False,False,True,False,"Falling","Absent","Absent","Local","Accepted","Moderate","BreaksPriorHigh;DissipationLocal;AcceptanceAccepted"
1583,"2026-05-26 07:30:00",30062.75,30084,30053,30067.75,7680,"HHHL","Black","Up",0.65,0.86,31,"Down",0.45,5,"Down",0.3,0.475806,0.395161,False,False,True,False,"Rising","Absent","Absent","Local","Accepted","Moderate","BreaksPriorHigh;DissipationLocal;AcceptanceAccepted"
1584,"2026-05-26 07:35:00",30067.5,30081.5,30060.75,30078.75,5944,"InsideBar","Black","Down",0.45,0.78,20.75,"Down",0.4,11.25,"Up",0.45,0.86747,1,True,False,False,False,"Falling","Absent","Clustered","Absent","Unresolved","Minor","CloseInsidePriorRange;CompressionClustered"
1585,"2026-05-26 07:40:00",30078.25,30118.75,30076.75,30100.25,7859,"HHHL","Black","Up",0.65,0.86,42,"Up",0.7,22,"Up",0.75,0.559524,0.113095,False,False,True,False,"Rising","Local","Absent","Absent","Accepted","Moderate","BreaksPriorHigh;AcceptanceAccepted"
1586,"2026-05-26 07:45:00",30099.5,30118.25,30094.75,30105.5,4929,"InsideBar","Black","Down",0.3,0.7,23.5,"Down",0.35,6,"Down",0.2,0.457447,1,True,False,False,False,"Falling","Absent","Clustered","Absent","Unresolved","Minor","CloseInsidePriorRange;CompressionClustered"
1587,"2026-05-26 07:50:00",30105.25,30113.25,30075.75,30080.25,5350,"LLLH","Red","Up",0.3,0.72,37.5,"Up",0.5,25,"Up",0.8,0.12,0.493333,False,False,False,True,"Rising","Local","Absent","Absent","Accepted","Minor","BreaksPriorLow;AcceptanceAccepted"
1588,"2026-05-26 07:55:00",30080.5,30095.25,30065.5,30074,5173,"LLLH","Red","Down",0.25,0.7,29.75,"Down",0.3,6.5,"Down",0.25,0.285714,0.655462,False,False,False,True,"Falling","Absent","Absent","Local","Accepted","Minor","BreaksPriorLow;DissipationLocal;AcceptanceAccepted"
1589,"2026-05-26 08:00:00",30073.5,30076.75,30053,30054.75,5631,"LLLH","Red","Up",0.3,0.72,23.75,"Down",0.25,18.75,"Up",0.65,0.073684,0.473684,False,False,False,True,"Rising","Absent","Absent","Local","Accepted","Minor","BreaksPriorLow;DissipationLocal;AcceptanceAccepted"
1590,"2026-05-26 08:05:00",30055.5,30066.75,30032.75,30042.75,7699,"LLLH","Red","Up",0.6,0.84,34,"Up",0.45,12.75,"Down",0.35,0.294118,0.404412,False,False,False,True,"Rising","Local","Absent","Absent","Accepted","Moderate","BreaksPriorLow;AcceptanceAccepted"
1591,"2026-05-26 08:10:00",30043.25,30052.25,30003.75,30045,8355,"LLLH","Black","Up",0.65,0.86,48.5,"Up",0.75,1.75,"Down",0.05,0.850515,0.402062,True,True,False,True,"Rising","Local","Local","Absent","Contained","Moderate","BreaksPriorLow;CloseInsidePriorRange;CloseInsidePriorBody;AcceptanceContained;CompressionLocal"
1592,"2026-05-26 08:15:00",30044,30045.25,30012,30038.75,7031,"InsideBar","Red","Down",0.5,0.78,33.25,"Down",0.35,5.25,"Up",0.15,0.804511,1,True,False,False,False,"Falling","Absent","Clustered","Absent","Unresolved","Minor","CloseInsidePriorRange;CompressionClustered"
1593,"2026-05-26 08:20:00",30038.5,30038.5,29996.25,30023.5,7470,"LLLH","Red","Up",0.55,0.78,42.25,"Up",0.7,15,"Up",0.6,0.64497,0.627219,True,False,False,True,"Rising","Local","Local","Absent","Contained","Moderate","BreaksPriorLow;CloseInsidePriorRange;AcceptanceContained;CompressionLocal"
1594,"2026-05-26 08:25:00",30023.25,30026.75,29992.5,30011,5045,"LLLH","Red","Down",0.1,0.56,34.25,"Down",0.5,12.25,"Down",0.4,0.540146,0.890511,True,False,False,True,"Falling","Absent","Clustered","Local","Contained","Minor","BreaksPriorLow;CloseInsidePriorRange;DissipationLocal;AcceptanceContained;CompressionClustered"
1595,"2026-05-26 08:30:00",30010.75,30029.5,29994,29999.25,5646,"HHHL","Red","Up",0.3,0.64,35.5,"Up",0.55,11.5,"Down",0.35,0.147887,0.922535,True,False,True,False,"Rising","Local","Local","Absent","Contained","Minor","BreaksPriorHigh;CloseInsidePriorRange;AcceptanceContained;CompressionLocal"
1596,"2026-05-26 08:35:00",29999,30005.25,29974.25,29998.25,6332,"LLLH","Red","Up",0.5,0.7,31,"Down",0.3,0.75,"Down",0.05,0.774194,0.362903,True,False,False,True,"Rising","Absent","Local","Local","Contained","Minor","BreaksPriorLow;CloseInsidePriorRange;DissipationLocal;AcceptanceContained;CompressionLocal"
1597,"2026-05-26 08:40:00",29997.25,30007.5,29960.25,29988.5,5574,"OutsideBar","Red","Down",0.25,0.58,47.25,"Up",0.95,8.75,"Up",0.35,0.597884,0.656085,True,False,True,True,"Falling","Climactic","Local","Local","Contained","Structural","RangePeak20;RangeClimactic20;LowVolumeHighRange;BreaksPriorHigh;BreaksPriorLow;CloseInsidePriorRange;DissipationLocal;AcceptanceContained;CompressionLocal"
1598,"2026-05-26 08:45:00",29988.5,29993,29965.25,29972,4380,"InsideBar","Red","Down",0.05,0.46,27.75,"Down",0.2,16.5,"Up",0.75,0.243243,1,True,False,False,False,"Falling","Absent","Clustered","Absent","Unresolved","Minor","CloseInsidePriorRange;CompressionClustered"
1599,"2026-05-26 08:50:00",29972.25,29981.75,29940,29947,7001,"LLLH","Red","Up",0.7,0.74,41.75,"Up",0.8,25.25,"Up",1,0.167665,0.39521,False,False,False,True,"Rising","Strong","Absent","Absent","Accepted","Major","RangePeak20;BreaksPriorLow;AcceptanceAccepted"
1600,"2026-05-26 08:55:00",29946.25,29953.25,29900.25,29909.75,8192,"LLLH","Red","Up",0.95,0.84,53,"Up",1,36.5,"Up",1,0.179245,0.25,False,False,False,True,"Peak","Climactic","Absent","Absent","Accepted","Structural","VolumePeak20;RangePeak20;RangeClimactic20;BreaksPriorLow;AcceptanceAccepted"
1601,"2026-05-26 09:00:00",29909.25,29931,29886,29927.25,7726,"LLLH","Black","Down",0.85,0.8,45,"Down",0.85,18,"Down",0.75,0.916667,0.683333,True,True,False,True,"Peak","Strong","Local","Local","Contained","Major","VolumePeak20;RangePeak20;BreaksPriorLow;CloseInsidePriorRange;CloseInsidePriorBody;DissipationLocal;AcceptanceContained;CompressionLocal"
1602,"2026-05-26 09:05:00",29926.75,29970.75,29921.75,29962.5,5589,"HHHL","Black","Down",0.35,0.52,49,"Up",0.95,35.75,"Up",0.95,0.831633,0.188776,False,False,True,False,"Falling","Climactic","Absent","Local","Accepted","Structural","RangePeak20;RangeClimactic20;LowVolumeHighRange;BreaksPriorHigh;DissipationLocal;AcceptanceAccepted"
1603,"2026-05-26 09:10:00",29962.25,29979.5,29936.25,29945.75,4457,"HHHL","Red","Down",0.1,0.4,43.25,"Down",0.75,16.5,"Down",0.65,0.219653,0.797688,True,True,True,False,"Falling","Absent","Local","Local","Contained","Moderate","BreaksPriorHigh;CloseInsidePriorRange;CloseInsidePriorBody;DissipationLocal;AcceptanceContained;CompressionLocal"
1604,"2026-05-26 09:15:00",29945.25,29957.75,29926,29938.5,4943,"LLLH","Red","Up",0.2,0.42,31.75,"Down",0.3,6.75,"Down",0.3,0.393701,0.677165,True,False,False,True,"Rising","Absent","Local","Local","Contained","Minor","BreaksPriorLow;CloseInsidePriorRange;DissipationLocal;AcceptanceContained;CompressionLocal"
1605,"2026-05-26 09:20:00",29938.5,29957.5,29928,29953.25,3332,"InsideBar","Black","Down",0.05,0.34,29.5,"Down",0.2,14.75,"Up",0.55,0.855932,1,True,False,False,False,"Falling","Absent","Clustered","Absent","Unresolved","Minor","CloseInsidePriorRange;CompressionClustered"
1606,"2026-05-26 09:25:00",29953,29970.5,29937,29970.25,3293,"HHHL","Black","Down",0.05,0.32,33.5,"Up",0.4,17.25,"Up",0.7,0.992537,0.61194,False,False,True,False,"Falling","Local","Absent","Local","Accepted","Minor","BreaksPriorHigh;DissipationLocal;AcceptanceAccepted"
1607,"2026-05-26 09:30:00",29970,29992.5,29966.5,29992.25,4088,"HHHL","Black","Up",0.15,0.34,26,"Down",0.1,22.25,"Up",0.85,0.990385,0.153846,False,False,True,False,"Rising","Absent","Absent","Local","Accepted","Minor","BreaksPriorHigh;DissipationLocal;AcceptanceAccepted"
1608,"2026-05-26 09:35:00",29992,30013.75,29989.75,30009,4776,"HHHL","Black","Up",0.3,0.38,24,"Down",0.1,17,"Down",0.65,0.802083,0.114583,False,False,True,False,"Rising","Absent","Absent","Local","Accepted","Minor","BreaksPriorHigh;DissipationLocal;AcceptanceAccepted"
1609,"2026-05-26 09:40:00",30009.25,30015.5,29994.5,29994.75,3288,"HHHL","Red","Down",0.05,0.26,21,"Down",0.05,14.5,"Down",0.45,0.011905,0.916667,True,True,True,False,"Falling","Absent","Clustered","Local","Contained","Minor","BreaksPriorHigh;CloseInsidePriorRange;CloseInsidePriorBody;DissipationLocal;AcceptanceContained;CompressionClustered"
1610,"2026-05-26 09:45:00",29995.25,29997.5,29961.75,29964,3880,"LLLH","Red","Up",0.2,0.3,35.75,"Up",0.6,31.25,"Up",0.9,0.062937,0.083916,False,False,False,True,"Rising","Local","Absent","Absent","Accepted","Moderate","BreaksPriorLow;AcceptanceAccepted"
1611,"2026-05-26 09:50:00",29963.5,29983.25,29948,29948.5,4578,"LLLH","Red","Up",0.4,0.36,35.25,"Down",0.55,15,"Down",0.5,0.014184,0.609929,False,False,False,True,"Rising","Absent","Absent","Local","Accepted","Minor","BreaksPriorLow;DissipationLocal;AcceptanceAccepted"
1612,"2026-05-26 09:55:00",29948,29977.25,29948,29973.75,3502,"InsideBar","Black","Down",0.2,0.26,29.25,"Down",0.25,25.75,"Up",0.85,0.880342,1,True,False,False,False,"Falling","Absent","Clustered","Absent","Unresolved","Minor","CloseInsidePriorRange;CompressionClustered"
1613,"2026-05-26 10:00:00",29973.75,29984.5,29969,29974.75,2676,"HHHL","Black","Down",0.05,0.18,15.5,"Down",0.05,1,"Down",0.1,0.370968,0.532258,True,False,True,False,"Falling","Absent","Local","Local","Contained","Minor","BreaksPriorHigh;CloseInsidePriorRange;DissipationLocal;AcceptanceContained;CompressionLocal"
1614,"2026-05-26 10:05:00",29975.5,30002.25,29968,29992.75,3239,"OutsideBar","Black","Up",0.1,0.18,34.25,"Up",0.55,17.25,"Up",0.65,0.722628,0.452555,False,False,True,True,"Rising","Local","Absent","Absent","Accepted","Minor","BreaksPriorHigh;BreaksPriorLow;AcceptanceAccepted"
1615,"2026-05-26 10:10:00",29993,29998.5,29968.75,29976.5,3284,"InsideBar","Red","Up",0.15,0.18,29.75,"Down",0.4,16.5,"Down",0.5,0.260504,1,True,True,False,False,"Rising","Absent","Clustered","Local","Unresolved","Minor","CloseInsidePriorRange;CloseInsidePriorBody;DissipationLocal;CompressionClustered"
1616,"2026-05-26 10:15:00",29976.75,29993,29970,29986.75,2541,"InsideBar","Black","Down",0.05,0.12,23,"Down",0.15,10,"Down",0.2,0.728261,1,True,True,False,False,"Falling","Absent","Clustered","Absent","Unresolved","Minor","CloseInsidePriorRange;CloseInsidePriorBody;CompressionClustered"
1617,"2026-05-26 10:20:00",29987,29990.75,29965.25,29969.25,2835,"LLLH","Red","Up",0.15,0.14,25.5,"Up",0.25,17.75,"Up",0.65,0.156863,0.813725,False,False,False,True,"Rising","Local","Absent","Absent","Accepted","Minor","BreaksPriorLow;AcceptanceAccepted"
1618,"2026-05-26 10:25:00",29967.5,29987.75,29956.5,29962.25,3699,"LLLH","Red","Up",0.5,0.26,31.25,"Up",0.5,5.25,"Down",0.1,0.184,0.72,False,False,False,True,"Rising","Local","Absent","Absent","Accepted","Minor","BreaksPriorLow;AcceptanceAccepted"
1619,"2026-05-26 10:30:00",29962,29972.5,29954.5,29969.25,2725,"LLLH","Black","Down",0.15,0.1,18,"Down",0.1,7.25,"Up",0.2,0.819444,0.888889,True,False,False,True,"Falling","Absent","Clustered","Local","Contained","Minor","BreaksPriorLow;CloseInsidePriorRange;DissipationLocal;AcceptanceContained;CompressionClustered"
1620,"2026-05-26 10:35:00",29970,29992.75,29958.5,29992.5,3379,"HHHL","Black","Up",0.5,0.22,34.25,"Up",0.75,22.5,"Up",0.85,0.992701,0.408759,False,False,True,False,"Rising","Local","Absent","Absent","Accepted","Moderate","BreaksPriorHigh;AcceptanceAccepted"
1621,"2026-05-26 10:40:00",29992,30002,29980.5,29981,2843,"HHHL","Red","Down",0.25,0.1,21.5,"Down",0.2,11,"Down",0.3,0.023256,0.569767,True,True,True,False,"Falling","Absent","Local","Local","Contained","Minor","BreaksPriorHigh;CloseInsidePriorRange;CloseInsidePriorBody;DissipationLocal;AcceptanceContained;CompressionLocal"
1622,"2026-05-26 10:45:00",29980.75,29991.75,29969,29985.25,2684,"LLLH","Black","Down",0.15,0.06,22.75,"Up",0.25,4.5,"Down",0.1,0.714286,0.494505,True,True,False,True,"Falling","Local","Local","Local","Contained","Minor","BreaksPriorLow;CloseInsidePriorRange;CloseInsidePriorBody;DissipationLocal;AcceptanceContained;CompressionLocal"
1623,"2026-05-26 10:50:00",29986,30013.25,29985,30009.25,2493,"HHHL","Black","Down",0.05,0.02,28.25,"Up",0.5,23.25,"Up",0.9,0.858407,0.238938,False,False,True,False,"Falling","Local","Absent","Local","Accepted","Minor","BreaksPriorHigh;DissipationLocal;AcceptanceAccepted"
1624,"2026-05-26 10:55:00",30008.75,30013.25,30000.75,30000.75,2110,"InsideBar","Red","Down",0.05,0.02,12.5,"Down",0.05,8,"Down",0.25,0,1,True,True,False,False,"Falling","Absent","Clustered","Absent","Unresolved","Minor","CloseInsidePriorRange;CloseInsidePriorBody;CompressionClustered"
1625,"2026-05-26 11:00:00",30000.75,30005,29987.25,29996.75,2791,"LLLH","Red","Up",0.35,0.14,17.75,"Up",0.15,4,"Down",0.1,0.535211,0.239437,False,False,False,True,"Rising","Local","Absent","Absent","Accepted","Minor","BreaksPriorLow;AcceptanceAccepted"
1626,"2026-05-26 11:05:00",29996.5,30013.5,29982,30010,2994,"OutsideBar","Black","Up",0.5,0.2,31.5,"Up",0.8,13.5,"Up",0.45,0.888889,0.563492,False,False,True,True,"Rising","Strong","Absent","Absent","Accepted","Major","RangePeak20;BreaksPriorHigh;BreaksPriorLow;AcceptanceAccepted"
1627,"2026-05-26 11:10:00",30010,30016.25,30001.75,30014.5,2034,"HHHL","Black","Down",0.05,0.02,14.5,"Down",0.1,4.5,"Down",0.2,0.87931,0.810345,False,False,True,False,"Falling","Absent","Clustered","Local","Accepted","Minor","BreaksPriorHigh;DissipationLocal;AcceptanceAccepted;CompressionClustered"
1628,"2026-05-26 11:15:00",30014.5,30031,30011.5,30025,3470,"HHHL","Black","Up",0.8,0.36,19.5,"Up",0.3,10.5,"Up",0.45,0.692308,0.24359,False,False,True,False,"Peak","Local","Absent","Absent","Accepted","Major","VolumePeak20;HighVolumeLowRange;BreaksPriorHigh;AcceptanceAccepted"
1629,"2026-05-26 11:20:00",30025.5,30043.75,30022.5,30043,3119,"HHHL","Black","Down",0.6,0.24,21.25,"Up",0.35,17.5,"Up",0.75,0.964706,0.4,False,False,True,False,"Falling","Local","Absent","Local","Accepted","Moderate","BreaksPriorHigh;DissipationLocal;AcceptanceAccepted"
1630,"2026-05-26 11:25:00",30043.75,30054,30033.5,30046,3597,"HHHL","Black","Up",0.9,0.42,20.5,"Down",0.35,2.25,"Down",0.1,0.609756,0.5,False,False,True,False,"Peak","Absent","Absent","Local","Accepted","Major","VolumePeak20;HighVolumeLowRange;BreaksPriorHigh;DissipationLocal;AcceptanceAccepted"
1631,"2026-05-26 11:30:00",30046.5,30054.25,30040.5,30046,3232,"HHHL","Red","Down",0.65,0.26,13.75,"Down",0.1,0.5,"Down",0.05,0.4,0.981818,True,True,True,False,"Falling","Absent","Clustered","Local","Contained","Moderate","BreaksPriorHigh;CloseInsidePriorRange;CloseInsidePriorBody;DissipationLocal;AcceptanceContained;CompressionClustered"
1632,"2026-05-26 11:35:00",30046,30060.75,30044.75,30058.25,3348,"HHHL","Black","Up",0.8,0.38,16,"Up",0.25,12.25,"Up",0.65,0.84375,0.59375,False,False,True,False,"Peak","Local","Absent","Absent","Accepted","Major","VolumePeak20;HighVolumeLowRange;BreaksPriorHigh;AcceptanceAccepted"
1633,"2026-05-26 11:40:00",30058.25,30060.5,30039.25,30045.5,3016,"LLLH","Red","Down",0.55,0.24,21.25,"Up",0.5,12.75,"Up",0.65,0.294118,0.741176,True,False,False,True,"Falling","Local","Local","Local","Contained","Minor","BreaksPriorLow;CloseInsidePriorRange;DissipationLocal;AcceptanceContained;CompressionLocal"
1634,"2026-05-26 11:45:00",30046.5,30049,30030.25,30031,2920,"LLLH","Red","Down",0.5,0.22,18.75,"Down",0.35,15.5,"Up",0.75,0.04,0.52,False,False,False,True,"Falling","Absent","Absent","Local","Accepted","Minor","BreaksPriorLow;DissipationLocal;AcceptanceAccepted"
1635,"2026-05-26 11:50:00",30031,30039,30025,30025.75,2148,"LLLH","Red","Down",0.15,0.06,14,"Down",0.15,5.25,"Down",0.35,0.053571,0.625,False,False,False,True,"Falling","Absent","Absent","Local","Accepted","Minor","BreaksPriorLow;DissipationLocal;AcceptanceAccepted"
1636,"2026-05-26 11:55:00",30026.25,30045.75,30020.5,30036.75,3062,"OutsideBar","Black","Up",0.65,0.3,25.25,"Up",0.75,10.5,"Up",0.55,0.643564,0.554455,True,False,True,True,"Rising","Local","Local","Absent","Contained","Moderate","BreaksPriorHigh;BreaksPriorLow;CloseInsidePriorRange;AcceptanceContained;CompressionLocal"
1637,"2026-05-26 12:00:00",30037,30041.25,30008.75,30014.5,3384,"LLLH","Red","Up",0.85,0.5,32.5,"Up",0.95,22.5,"Up",0.95,0.176923,0.638462,False,False,False,True,"Peak","Climactic","Absent","Absent","Accepted","Structural","VolumePeak20;RangePeak20;RangeClimactic20;BreaksPriorLow;AcceptanceAccepted"
1638,"2026-05-26 12:05:00",30014,30024.75,30005.75,30024.25,3206,"LLLH","Black","Down",0.7,0.34,19,"Down",0.45,10.25,"Down",0.45,0.973684,0.842105,True,True,False,True,"Falling","Absent","Clustered","Local","Contained","Moderate","BreaksPriorLow;CloseInsidePriorRange;CloseInsidePriorBody;DissipationLocal;AcceptanceContained;CompressionClustered"
1639,"2026-05-26 12:10:00",30024.25,30050,30015.75,30047.75,3156,"HHHL","Black","Down",0.65,0.34,34.25,"Up",1,23.5,"Up",1,0.934307,0.262774,False,False,True,False,"Falling","Climactic","Absent","Local","Accepted","Structural","RangePeak20;RangeClimactic20;BreaksPriorHigh;DissipationLocal;AcceptanceAccepted"
1640,"2026-05-26 12:15:00",30048,30057.75,30042.25,30051.75,2964,"HHHL","Black","Down",0.45,0.26,15.5,"Down",0.25,3.75,"Down",0.15,0.612903,0.5,False,False,True,False,"Falling","Absent","Absent","Local","Accepted","Minor","BreaksPriorHigh;DissipationLocal;AcceptanceAccepted"
1641,"2026-05-26 12:20:00",30052,30062.5,30049,30054.5,2613,"HHHL","Black","Down",0.25,0.12,13.5,"Down",0.1,2.5,"Down",0.15,0.407407,0.648148,True,False,True,False,"Falling","Absent","Local","Local","Contained","Minor","BreaksPriorHigh;CloseInsidePriorRange;DissipationLocal;AcceptanceContained;CompressionLocal"
1642,"2026-05-26 12:25:00",30054.75,30061,30046,30055.25,2729,"LLLH","Black","Up",0.3,0.2,15,"Up",0.3,0.5,"Down",0.1,0.616667,0.8,True,False,False,True,"Rising","Local","Local","Absent","Contained","Minor","BreaksPriorLow;CloseInsidePriorRange;AcceptanceContained;CompressionLocal"
1643,"2026-05-26 12:30:00",30055,30058.75,30044.75,30053,2291,"LLLH","Red","Down",0.2,0.08,14,"Down",0.25,2,"Up",0.15,0.589286,0.910714,True,False,False,True,"Falling","Absent","Clustered","Local","Contained","Minor","BreaksPriorLow;CloseInsidePriorRange;DissipationLocal;AcceptanceContained;CompressionClustered"
1644,"2026-05-26 12:35:00",30052.75,30078.5,30051.5,30070.25,3702,"HHHL","Black","Up",1,0.72,27,"Up",0.85,17.5,"Up",0.9,0.694444,0.268519,False,False,True,False,"Peak","Strong","Absent","Absent","Accepted","Major","VolumePeak20;RangePeak20;BreaksPriorHigh;AcceptanceAccepted"
1645,"2026-05-26 12:40:00",30070.75,30087.25,30066.5,30084.75,3633,"HHHL","Black","Down",0.95,0.7,20.75,"Down",0.65,14,"Down",0.75,0.879518,0.578313,False,False,True,False,"Peak","Absent","Absent","Local","Accepted","Major","VolumePeak20;BreaksPriorHigh;DissipationLocal;AcceptanceAccepted"
1646,"2026-05-26 12:45:00",30084.5,30095.25,30080.75,30091.75,3725,"HHHL","Black","Up",1,0.76,14.5,"Down",0.3,7.25,"Down",0.45,0.758621,0.448276,False,False,True,False,"Peak","Absent","Absent","Local","Accepted","Major","VolumePeak20;HighVolumeLowRange;BreaksPriorHigh;DissipationLocal;AcceptanceAccepted"
1647,"2026-05-26 12:50:00",30092,30100,30082,30096,3601,"HHHL","Black","Down",0.85,0.7,18,"Up",0.45,4,"Down",0.35,0.777778,0.736111,False,False,True,False,"Peak","Local","Absent","Local","Accepted","Major","VolumePeak20;BreaksPriorHigh;DissipationLocal;AcceptanceAccepted"
1648,"2026-05-26 12:55:00",30095.75,30112,30084,30098.25,8279,"HHHL","Black","Up",1,1,28,"Up",0.9,2.5,"Down",0.3,0.508929,0.571429,True,False,True,False,"Climactic","Strong","Local","Absent","Contained","Structural","VolumePeak20;VolumeClimactic50;RangePeak20;BreaksPriorHigh;CloseInsidePriorRange;AcceptanceContained;CompressionLocal"
1649,"2026-05-26 13:00:00",30098,30100,30067.75,30079.25,14238,"LLLH","Red","Up",1,1,32.25,"Up",0.9,18.75,"Up",0.9,0.356589,0.496124,False,False,False,True,"Climactic","Strong","Absent","Absent","Accepted","Structural","VolumePeak20;VolumeClimactic50;RangePeak20;BreaksPriorLow;AcceptanceAccepted"
1650,"2026-05-26 13:05:00",30079.25,30084,30061,30069,5518,"LLLH","Red","Down",0.9,0.92,23,"Down",0.7,10.25,"Down",0.55,0.347826,0.706522,True,False,False,True,"Peak","Absent","Local","Local","Contained","Structural","VolumePeak20;BreaksPriorLow;CloseInsidePriorRange;DissipationLocal;AcceptanceContained;CompressionLocal"
1651,"2026-05-26 13:10:00",30068.75,30074.75,30060.25,30065,2169,"LLLH","Red","Down",0.1,0.08,14.5,"Down",0.25,3.75,"Down",0.3,0.327586,0.948276,True,False,False,True,"Falling","Absent","Clustered","Local","Contained","Minor","BreaksPriorLow;CloseInsidePriorRange;DissipationLocal;AcceptanceContained;CompressionClustered"
1652,"2026-05-26 13:15:00",30065,30067,30055.5,30057.5,1324,"LLLH","Red","Down",0.05,0.02,11.5,"Down",0.05,7.5,"Up",0.5,0.173913,0.586957,False,False,False,True,"Falling","Absent","Absent","Local","Accepted","Minor","BreaksPriorLow;DissipationLocal;AcceptanceAccepted"
1653,"2026-05-26 13:20:00",30057.25,30073,30055.75,30066.25,1247,"HHHL","Black","Down",0.05,0.02,17.25,"Up",0.45,9,"Up",0.55,0.608696,0.652174,True,False,True,False,"Falling","Local","Local","Local","Contained","Minor","BreaksPriorHigh;CloseInsidePriorRange;DissipationLocal;AcceptanceContained;CompressionLocal"
1654,"2026-05-26 13:25:00",30065.75,30070.5,30062,30062.25,702,"InsideBar","Red","Down",0.05,0.02,8.5,"Down",0.05,3.5,"Down",0.25,0.029412,1,True,True,False,False,"Falling","Absent","Clustered","Absent","Unresolved","Minor","CloseInsidePriorRange;CloseInsidePriorBody;CompressionClustered"
1655,"2026-05-26 13:30:00",30062.5,30064.25,30058.75,30061.25,604,"LLLH","Red","Down",0.05,0.02,5.5,"Down",0.05,1.25,"Down",0.1,0.454545,0.409091,False,False,False,True,"Falling","Absent","Absent","Local","Accepted","Minor","BreaksPriorLow;DissipationLocal;AcceptanceAccepted"
1656,"2026-05-26 13:35:00",30061.5,30069,30059.75,30065.75,456,"HHHL","Black","Down",0.05,0.02,9.25,"Up",0.15,4.25,"Up",0.5,0.648649,0.486486,False,False,True,False,"Falling","Local","Absent","Local","Accepted","Minor","BreaksPriorHigh;DissipationLocal;AcceptanceAccepted"
1657,"2026-05-26 13:40:00",30065.75,30070,30065.75,30069,276,"HHHL","Black","Down",0.05,0.02,4.25,"Down",0.05,3.25,"Down",0.3,0.764706,0.764706,True,False,True,False,"Falling","Absent","Local","Local","Contained","Minor","BreaksPriorHigh;CloseInsidePriorRange;DissipationLocal;AcceptanceContained;CompressionLocal"
1658,"2026-05-26 13:45:00",30068.5,30070,30060.75,30061,343,"OutsideBar","Red","Up",0.1,0.04,9.25,"Up",0.25,7.5,"Up",0.7,0.027027,0.459459,False,False,False,True,"Rising","Local","Absent","Absent","Accepted","Minor","BreaksPriorLow;AcceptanceAccepted"
1659,"2026-05-26 13:50:00",30060.75,30063,30040.25,30040.25,1035,"LLLH","Red","Up",0.3,0.12,22.75,"Up",0.8,20.5,"Up",1,0,0.098901,False,False,False,True,"Rising","Strong","Absent","Absent","Accepted","Major","RangePeak20;LowVolumeHighRange;BreaksPriorLow;AcceptanceAccepted"
1660,"2026-05-26 13:55:00",30040.75,30048,30031.5,30041,945,"LLLH","Black","Down",0.3,0.12,16.5,"Down",0.6,0.25,"Down",0.05,0.575758,0.469697,True,True,False,True,"Falling","Absent","Local","Local","Contained","Moderate","BreaksPriorLow;CloseInsidePriorRange;CloseInsidePriorBody;DissipationLocal;AcceptanceContained;CompressionLocal"
1661,"2026-05-26 14:00:00",30042.25,30047.5,30039,30044.25,409,"InsideBar","Black","Down",0.15,0.06,8.5,"Down",0.2,2,"Up",0.25,0.617647,1,True,False,False,False,"Falling","Absent","Clustered","Absent","Unresolved","Minor","CloseInsidePriorRange;CompressionClustered"
1662,"2026-05-27 06:35:00",30187.5,30192,30125.75,30140.75,22706,"HHHL","Red","Up",1,1,66.25,"Up",1,46.75,"Up",1,0.226415,0,False,False,True,False,"Climactic","Climactic","Absent","Absent","Accepted","SessionDefining","VolumePeak20;VolumeClimactic50;RangePeak20;RangeClimactic20;BreaksPriorHigh;AcceptanceAccepted"
1663,"2026-05-27 06:40:00",30140,30153.5,30053.75,30067.75,18114,"LLLH","Red","Down",0.95,0.98,99.75,"Up",1,72.25,"Up",1,0.140351,0.278195,False,False,False,True,"Climactic","Climactic","Absent","Local","Accepted","SessionDefining","VolumePeak20;VolumeClimactic50;RangePeak20;RangeClimactic20;BreaksPriorLow;DissipationLocal;AcceptanceAccepted"
1664,"2026-05-27 06:45:00",30065.75,30068.75,29965,29981.75,19501,"LLLH","Red","Up",0.95,0.98,103.75,"Up",1,84,"Up",1,0.161446,0.144578,False,False,False,True,"Climactic","Climactic","Absent","Absent","Accepted","SessionDefining","VolumePeak20;VolumeClimactic50;RangePeak20;RangeClimactic20;BreaksPriorLow;AcceptanceAccepted"
1665,"2026-05-27 06:50:00",29982,30032.25,29937,29997.75,16888,"LLLH","Black","Down",0.85,0.94,95.25,"Down",0.9,15.75,"Down",0.75,0.637795,0.706037,True,True,False,True,"Peak","Strong","Local","Local","Contained","Structural","VolumePeak20;RangePeak20;BreaksPriorLow;CloseInsidePriorRange;CloseInsidePriorBody;DissipationLocal;AcceptanceContained;CompressionLocal"
1666,"2026-05-27 06:55:00",29997.75,30077,29986.5,30026,14967,"HHHL","Black","Down",0.8,0.92,90.5,"Down",0.85,28.25,"Up",0.85,0.436464,0.505525,True,False,True,False,"Peak","Strong","Local","Local","Contained","Structural","VolumePeak20;RangePeak20;BreaksPriorHigh;CloseInsidePriorRange;DissipationLocal;AcceptanceContained;CompressionLocal"
1667,"2026-05-27 07:00:00",30026.25,30063,29990,30059.75,11857,"InsideBar","Black","Down",0.7,0.88,73,"Down",0.8,33.5,"Up",0.85,0.955479,1,True,False,False,False,"Falling","Strong","Clustered","Absent","Unresolved","Major","RangePeak20;CloseInsidePriorRange;CompressionClustered"
1668,"2026-05-27 07:05:00",30060.75,30099.25,30034,30083.25,11756,"HHHL","Black","Down",0.65,0.86,65.25,"Down",0.7,22.5,"Down",0.75,0.754789,0.444444,False,False,True,False,"Falling","Absent","Absent","Local","Accepted","Moderate","BreaksPriorHigh;DissipationLocal;AcceptanceAccepted"
1669,"2026-05-27 07:10:00",30083.5,30090.5,30000.5,30022.25,13166,"LLLH","Red","Up",0.75,0.88,90,"Up",0.8,61.25,"Up",0.9,0.241667,0.627778,False,False,False,True,"Rising","Strong","Absent","Absent","Accepted","Major","RangePeak20;BreaksPriorLow;AcceptanceAccepted"
1670,"2026-05-27 07:15:00",30022.5,30030.75,29982.5,30015.5,9582,"LLLH","Red","Down",0.6,0.82,48.25,"Down",0.6,7,"Down",0.4,0.683938,0.626943,True,False,False,True,"Falling","Absent","Local","Local","Contained","Moderate","BreaksPriorLow;CloseInsidePriorRange;DissipationLocal;AcceptanceContained;CompressionLocal"
1671,"2026-05-27 07:20:00",30015.5,30057.25,30000.75,30034.5,8506,"HHHL","Black","Down",0.55,0.8,56.5,"Up",0.6,19,"Up",0.6,0.597345,0.530973,False,False,True,False,"Falling","Local","Absent","Local","Accepted","Moderate","BreaksPriorHigh;DissipationLocal;AcceptanceAccepted"
1672,"2026-05-27 07:25:00",30034,30043,29961.75,29964.75,12603,"LLLH","Red","Up",0.7,0.86,81.25,"Up",0.75,69.25,"Up",0.9,0.036923,0.52,False,False,False,True,"Rising","Local","Absent","Absent","Accepted","Moderate","BreaksPriorLow;AcceptanceAccepted"
1673,"2026-05-27 07:30:00",29966,29966,29888.25,29916,14381,"LLLH","Red","Up",0.75,0.9,77.75,"Down",0.7,50,"Down",0.8,0.356913,0.054662,False,False,False,True,"Rising","Absent","Absent","Local","Accepted","Structural","BreaksPriorLow;DissipationLocal;AcceptanceAccepted"
1674,"2026-05-27 07:35:00",29916.75,29948.75,29877.5,29948.75,13625,"LLLH","Black","Down",0.7,0.86,71.25,"Down",0.6,32,"Down",0.65,1,0.849123,True,True,False,True,"Falling","Absent","Clustered","Local","Contained","Moderate","BreaksPriorLow;CloseInsidePriorRange;CloseInsidePriorBody;DissipationLocal;AcceptanceContained;CompressionClustered"
1675,"2026-05-27 07:40:00",29948.25,30003.5,29930.5,29998.5,8858,"HHHL","Black","Down",0.4,0.74,73,"Up",0.65,50.25,"Up",0.8,0.931507,0.25,False,False,True,False,"Falling","Local","Absent","Local","Accepted","Moderate","BreaksPriorHigh;DissipationLocal;AcceptanceAccepted"
1676,"2026-05-27 07:45:00",29998.25,30024,29972.5,29993.75,8280,"HHHL","Red","Down",0.3,0.7,51.5,"Down",0.35,4.5,"Down",0.2,0.412621,0.601942,True,True,True,False,"Falling","Absent","Local","Local","Contained","Minor","BreaksPriorHigh;CloseInsidePriorRange;CloseInsidePriorBody;DissipationLocal;AcceptanceContained;CompressionLocal"
1677,"2026-05-27 07:50:00",29993.75,30024,29975.5,29976,6257,"InsideBar","Red","Down",0.25,0.66,48.5,"Down",0.3,17.75,"Up",0.35,0.010309,1,True,False,False,False,"Falling","Absent","Clustered","Absent","Unresolved","Minor","CloseInsidePriorRange;CompressionClustered"
1678,"2026-05-27 07:55:00",29976.25,30014.25,29974.5,30003.75,4614,"LLLH","Black","Down",0.2,0.62,39.75,"Down",0.2,27.5,"Up",0.5,0.735849,0.974843,True,False,False,True,"Falling","Absent","Clustered","Local","Contained","Minor","BreaksPriorLow;CloseInsidePriorRange;DissipationLocal;AcceptanceContained;CompressionClustered"
1679,"2026-05-27 08:00:00",30002.25,30004.5,29923.25,29940.75,7815,"LLLH","Red","Up",0.25,0.66,81.25,"Up",0.75,61.5,"Up",0.85,0.215385,0.369231,False,False,False,True,"Rising","Local","Absent","Absent","Accepted","Moderate","BreaksPriorLow;AcceptanceAccepted"
1680,"2026-05-27 08:05:00",29940.5,29954.5,29914.75,29930.75,7419,"LLLH","Red","Down",0.2,0.64,39.75,"Down",0.15,9.75,"Down",0.2,0.402516,0.786164,True,False,False,True,"Falling","Absent","Local","Local","Contained","Minor","BreaksPriorLow;CloseInsidePriorRange;DissipationLocal;AcceptanceContained;CompressionLocal"
1681,"2026-05-27 08:10:00",29931,29963.5,29908.5,29960.5,5318,"OutsideBar","Black","Down",0.1,0.58,55,"Up",0.3,29.5,"Up",0.5,0.945455,0.722727,False,False,True,True,"Falling","Local","Absent","Local","Accepted","Minor","BreaksPriorHigh;BreaksPriorLow;DissipationLocal;AcceptanceAccepted"
1682,"2026-05-27 08:15:00",29960.25,29977.75,29948,29950.5,4127,"HHHL","Red","Down",0.05,0.54,29.75,"Down",0.05,9.75,"Down",0.2,0.084034,0.521008,True,True,True,False,"Falling","Absent","Local","Local","Contained","Minor","BreaksPriorHigh;CloseInsidePriorRange;CloseInsidePriorBody;DissipationLocal;AcceptanceContained;CompressionLocal"
1683,"2026-05-27 08:20:00",29950.75,29952,29899,29903.25,5825,"LLLH","Red","Up",0.2,0.6,53,"Up",0.35,47.5,"Up",0.7,0.080189,0.075472,False,False,False,True,"Rising","Local","Absent","Absent","Accepted","Minor","BreaksPriorLow;AcceptanceAccepted"
1684,"2026-05-27 08:25:00",29901.5,29927,29883.25,29923.5,6286,"LLLH","Black","Up",0.3,0.62,43.75,"Down",0.2,22,"Down",0.4,0.92,0.64,True,True,False,True,"Rising","Absent","Local","Local","Contained","Minor","BreaksPriorLow;CloseInsidePriorRange;CloseInsidePriorBody;DissipationLocal;AcceptanceContained;CompressionLocal"
1685,"2026-05-27 08:30:00",29923,29951.75,29919,29951.75,5090,"HHHL","Black","Down",0.15,0.52,32.75,"Down",0.1,28.75,"Up",0.55,1,0.244275,False,False,True,False,"Falling","Absent","Absent","Local","Accepted","Minor","BreaksPriorHigh;DissipationLocal;AcceptanceAccepted"
1686,"2026-05-27 08:35:00",29951.5,29981.25,29947.25,29967,6492,"HHHL","Black","Up",0.4,0.62,34,"Up",0.15,15.5,"Down",0.25,0.580882,0.132353,False,False,True,False,"Rising","Local","Absent","Absent","Accepted","Minor","BreaksPriorHigh;AcceptanceAccepted"
1687,"2026-05-27 08:40:00",29967.25,29970.75,29905.75,29909.25,5566,"LLLH","Red","Down",0.25,0.54,65,"Up",0.65,58,"Up",0.85,0.053846,0.361538,False,False,False,True,"Falling","Local","Absent","Local","Accepted","Moderate","BreaksPriorLow;DissipationLocal;AcceptanceAccepted"
1688,"2026-05-27 08:45:00",29909.25,29928.25,29884.5,29890.5,6447,"LLLH","Red","Up",0.45,0.6,43.75,"Down",0.35,18.75,"Down",0.35,0.137143,0.514286,False,False,False,True,"Rising","Absent","Absent","Local","Accepted","Minor","BreaksPriorLow;DissipationLocal;AcceptanceAccepted"
1689,"2026-05-27 08:50:00",29890.25,29923.75,29882.5,29900.75,6016,"LLLH","Black","Down",0.35,0.54,41.25,"Down",0.3,10.5,"Down",0.25,0.442424,0.951515,True,True,False,True,"Falling","Absent","Clustered","Local","Contained","Minor","BreaksPriorLow;CloseInsidePriorRange;CloseInsidePriorBody;DissipationLocal;AcceptanceContained;CompressionClustered"
1690,"2026-05-27 08:55:00",29901.25,29939.5,29888.25,29924,6159,"HHHL","Black","Up",0.4,0.54,51.25,"Up",0.5,22.75,"Up",0.5,0.697561,0.692683,False,False,True,False,"Rising","Local","Absent","Absent","Accepted","Minor","BreaksPriorHigh;AcceptanceAccepted"
1691,"2026-05-27 09:00:00",29922.75,29943.5,29904.25,29936,3989,"HHHL","Black","Down",0.05,0.36,39.25,"Down",0.2,13.25,"Down",0.25,0.808917,0.898089,True,False,True,False,"Falling","Absent","Clustered","Local","Contained","Minor","BreaksPriorHigh;CloseInsidePriorRange;DissipationLocal;AcceptanceContained;CompressionClustered"
1692,"2026-05-27 09:05:00",29934.75,29958,29917.25,29928.25,5618,"HHHL","Red","Up",0.35,0.48,40.75,"Up",0.35,6.5,"Down",0.1,0.269939,0.644172,True,True,True,False,"Rising","Local","Local","Absent","Contained","Minor","BreaksPriorHigh;CloseInsidePriorRange;CloseInsidePriorBody;AcceptanceContained;CompressionLocal"
1693,"2026-05-27 09:10:00",29927.5,29972,29927.25,29972,3937,"HHHL","Black","Down",0.05,0.32,44.75,"Up",0.55,44.5,"Up",0.8,1,0.687151,False,False,True,False,"Falling","Local","Absent","Local","Accepted","Minor","BreaksPriorHigh;DissipationLocal;AcceptanceAccepted"
1694,"2026-05-27 09:15:00",29971.75,30001.75,29965,29996,5405,"HHHL","Black","Up",0.35,0.42,36.75,"Down",0.2,24.25,"Down",0.6,0.843537,0.190476,False,False,True,False,"Rising","Absent","Absent","Local","Accepted","Minor","BreaksPriorHigh;DissipationLocal;AcceptanceAccepted"
1695,"2026-05-27 09:20:00",29996.5,30009.25,29977.25,29988.5,4857,"HHHL","Red","Down",0.25,0.36,32,"Down",0.1,8,"Down",0.15,0.351563,0.765625,True,True,True,False,"Falling","Absent","Local","Local","Contained","Minor","BreaksPriorHigh;CloseInsidePriorRange;CloseInsidePriorBody;DissipationLocal;AcceptanceContained;CompressionLocal"
1696,"2026-05-27 09:25:00",29989.5,30017,29985.75,30012.75,4131,"HHHL","Black","Down",0.2,0.32,31.25,"Down",0.1,23.25,"Up",0.6,0.864,0.752,False,False,True,False,"Falling","Absent","Absent","Local","Accepted","Minor","BreaksPriorHigh;DissipationLocal;AcceptanceAccepted"
1697,"2026-05-27 09:30:00",30012.75,30014,29982.25,29991.75,2957,"LLLH","Red","Down",0.05,0.24,31.75,"Up",0.15,21,"Down",0.45,0.299213,0.889764,True,True,False,True,"Falling","Local","Local","Local","Contained","Minor","BreaksPriorLow;CloseInsidePriorRange;CloseInsidePriorBody;DissipationLocal;AcceptanceContained;CompressionLocal"
1698,"2026-05-27 09:35:00",29990.75,30004.25,29973.25,29990.25,3350,"LLLH","Red","Up",0.1,0.26,31,"Down",0.1,0.5,"Down",0.05,0.548387,0.709677,True,False,False,True,"Rising","Absent","Local","Local","Contained","Minor","BreaksPriorLow;CloseInsidePriorRange;DissipationLocal;AcceptanceContained;CompressionLocal"
1699,"2026-05-27 09:40:00",29991.25,30018.25,29987.5,30015.75,2844,"HHHL","Black","Down",0.05,0.24,30.75,"Down",0.1,24.5,"Up",0.75,0.918699,0.544715,False,False,True,False,"Falling","Absent","Absent","Local","Accepted","Minor","BreaksPriorHigh;DissipationLocal;AcceptanceAccepted"
1700,"2026-05-27 09:45:00",30015.75,30039.5,30013.75,30030,3774,"HHHL","Black","Up",0.2,0.3,25.75,"Down",0.05,14.25,"Down",0.35,0.631068,0.174757,False,False,True,False,"Rising","Absent","Absent","Local","Accepted","Minor","BreaksPriorHigh;DissipationLocal;AcceptanceAccepted"
1701,"2026-05-27 09:50:00",30031,30047,30025,30046.5,3957,"HHHL","Black","Up",0.3,0.32,22,"Down",0.05,15.5,"Up",0.45,0.977273,0.659091,False,False,True,False,"Rising","Absent","Absent","Local","Accepted","Minor","BreaksPriorHigh;DissipationLocal;AcceptanceAccepted"
1702,"2026-05-27 09:55:00",30046.25,30048.25,30002,30009,3840,"OutsideBar","Red","Down",0.25,0.28,46.25,"Up",0.85,37.25,"Up",0.85,0.151351,0.475676,False,False,True,True,"Falling","Strong","Absent","Local","Accepted","Major","RangePeak20;LowVolumeHighRange;BreaksPriorHigh;BreaksPriorLow;DissipationLocal;AcceptanceAccepted"
1703,"2026-05-27 10:00:00",30009,30009.25,29975.25,29988,3728,"LLLH","Red","Down",0.2,0.24,34,"Down",0.5,21,"Down",0.55,0.375,0.213235,False,False,False,True,"Falling","Absent","Absent","Local","Accepted","Minor","BreaksPriorLow;DissipationLocal;AcceptanceAccepted"
1704,"2026-05-27 10:05:00",29989.75,29997.25,29965,29974.25,3143,"LLLH","Red","Down",0.15,0.2,32.25,"Down",0.4,15.5,"Down",0.45,0.286822,0.682171,False,False,False,True,"Falling","Absent","Absent","Local","Accepted","Minor","BreaksPriorLow;DissipationLocal;AcceptanceAccepted"
1705,"2026-05-27 10:10:00",29975.5,29982.75,29894.75,29898.5,7441,"LLLH","Red","Up",1,0.68,88,"Up",1,77,"Up",1,0.042614,0.201705,False,False,False,True,"Peak","Climactic","Absent","Absent","Accepted","Structural","VolumePeak20;RangePeak20;RangeClimactic20;BreaksPriorLow;AcceptanceAccepted"
1706,"2026-05-27 10:15:00",29898.25,29932.25,29896.5,29921.5,5034,"InsideBar","Black","Down",0.65,0.4,35.75,"Down",0.5,23.25,"Down",0.7,0.699301,1,True,True,False,False,"Falling","Absent","Clustered","Absent","Unresolved","Moderate","CloseInsidePriorRange;CloseInsidePriorBody;CompressionClustered"
1707,"2026-05-27 10:20:00",29920.5,29948,29913.25,29944.25,3604,"HHHL","Black","Down",0.25,0.18,34.75,"Down",0.5,23.75,"Up",0.75,0.892086,0.546763,False,False,True,False,"Falling","Absent","Absent","Local","Accepted","Minor","BreaksPriorHigh;DissipationLocal;AcceptanceAccepted"
1708,"2026-05-27 10:25:00",29944.5,29970.75,29939.5,29967.75,3470,"HHHL","Black","Down",0.25,0.16,31.25,"Down",0.3,23.25,"Down",0.7,0.904,0.272,False,False,True,False,"Falling","Absent","Absent","Local","Accepted","Minor","BreaksPriorHigh;DissipationLocal;AcceptanceAccepted"
1709,"2026-05-27 10:30:00",29968,29976,29954.75,29956.25,2572,"HHHL","Red","Down",0.05,0.06,21.25,"Down",0.05,11.75,"Down",0.2,0.070588,0.752941,True,True,True,False,"Falling","Absent","Local","Local","Contained","Minor","BreaksPriorHigh;CloseInsidePriorRange;CloseInsidePriorBody;DissipationLocal;AcceptanceContained;CompressionLocal"
1710,"2026-05-27 10:35:00",29956.75,29978.75,29955.75,29970.75,3054,"HHHL","Black","Up",0.2,0.1,23,"Up",0.15,14,"Up",0.3,0.652174,0.880435,True,False,True,False,"Rising","Local","Local","Absent","Contained","Minor","BreaksPriorHigh;CloseInsidePriorRange;AcceptanceContained;CompressionLocal"
1711,"2026-05-27 10:40:00",29971,29990.5,29968.5,29972.5,2882,"HHHL","Black","Down",0.15,0.06,22,"Down",0.15,1.5,"Down",0.1,0.181818,0.465909,True,False,True,False,"Falling","Absent","Local","Local","Contained","Minor","BreaksPriorHigh;CloseInsidePriorRange;DissipationLocal;AcceptanceContained;CompressionLocal"
1712,"2026-05-27 10:45:00",29973,29978.5,29943,29947.75,3430,"LLLH","Red","Up",0.4,0.16,35.5,"Up",0.75,25.25,"Up",0.85,0.133803,0.28169,False,False,False,True,"Rising","Local","Absent","Absent","Accepted","Moderate","BreaksPriorLow;AcceptanceAccepted"
1713,"2026-05-27 10:50:00",29948,29966.5,29942.25,29966.5,3078,"LLLH","Black","Down",0.3,0.12,24.25,"Down",0.25,18.5,"Down",0.45,1,0.969072,True,True,False,True,"Falling","Absent","Clustered","Local","Contained","Minor","BreaksPriorLow;CloseInsidePriorRange;CloseInsidePriorBody;DissipationLocal;AcceptanceContained;CompressionClustered"
1714,"2026-05-27 10:55:00",29966.25,29986.5,29963,29985.25,2491,"HHHL","Black","Down",0.05,0.02,23.5,"Down",0.25,19,"Up",0.5,0.946809,0.148936,False,False,True,False,"Falling","Absent","Absent","Local","Accepted","Minor","BreaksPriorHigh;DissipationLocal;AcceptanceAccepted"
1715,"2026-05-27 11:00:00",29985.5,29994.75,29971.25,29972.5,2718,"HHHL","Red","Up",0.15,0.06,23.5,"Flat",0.3,13,"Down",0.2,0.053191,0.648936,True,True,True,False,"Rising","Absent","Local","Absent","Contained","Minor","BreaksPriorHigh;CloseInsidePriorRange;CloseInsidePriorBody;AcceptanceContained;CompressionLocal"
1716,"2026-05-27 11:05:00",29972.5,29986.25,29963,29982.75,2754,"LLLH","Black","Up",0.2,0.08,23.25,"Down",0.25,10.25,"Down",0.15,0.849462,0.645161,True,True,False,True,"Rising","Absent","Local","Local","Contained","Minor","BreaksPriorLow;CloseInsidePriorRange;CloseInsidePriorBody;DissipationLocal;AcceptanceContained;CompressionLocal"
1717,"2026-05-27 11:10:00",29983.25,30005.75,29966.5,29994,3124,"HHHL","Black","Up",0.45,0.2,39.25,"Up",0.9,10.75,"Up",0.2,0.700637,0.503185,False,False,True,False,"Rising","Strong","Absent","Absent","Accepted","Structural","RangePeak20;BreaksPriorHigh;AcceptanceAccepted"
1718,"2026-05-27 11:15:00",29994,30002.25,29980.25,29997.25,2473,"InsideBar","Black","Down",0.05,0.02,22,"Down",0.2,3.25,"Down",0.1,0.772727,1,True,False,False,False,"Falling","Absent","Clustered","Absent","Unresolved","Minor","CloseInsidePriorRange;CompressionClustered"
1719,"2026-05-27 11:20:00",29997.5,30015,29991.5,30010.5,2583,"HHHL","Black","Up",0.2,0.08,23.5,"Up",0.45,13,"Up",0.35,0.808511,0.457447,False,False,True,False,"Rising","Local","Absent","Absent","Accepted","Minor","BreaksPriorHigh;AcceptanceAccepted"
1720,"2026-05-27 11:25:00",30010,30036,30007,30035.5,3252,"HHHL","Black","Up",0.6,0.28,29,"Up",0.55,25.5,"Up",0.9,0.982759,0.275862,False,False,True,False,"Rising","Local","Absent","Absent","Accepted","Moderate","BreaksPriorHigh;AcceptanceAccepted"
1721,"2026-05-27 11:30:00",30035.75,30054.25,30034.25,30053.5,4613,"HHHL","Black","Up",0.9,0.54,20,"Down",0.05,17.75,"Down",0.5,0.9625,0.0875,False,False,True,False,"Peak","Absent","Absent","Local","Accepted","Major","VolumePeak20;HighVolumeLowRange;BreaksPriorHigh;DissipationLocal;AcceptanceAccepted"
1722,"2026-05-27 11:35:00",30053.25,30060.25,30043.5,30053.25,3728,"HHHL","Neutral","Down",0.85,0.4,16.75,"Down",0.05,0,"Down",0.05,0.58209,0.641791,True,True,True,False,"Peak","Absent","Local","Local","Contained","Major","VolumePeak20;HighVolumeLowRange;BreaksPriorHigh;CloseInsidePriorRange;CloseInsidePriorBody;DissipationLocal;AcceptanceContained;CompressionLocal"
1723,"2026-05-27 11:40:00",30053.5,30056.25,30023,30043.25,3248,"LLLH","Red","Down",0.6,0.28,33.25,"Up",0.75,10.25,"Up",0.25,0.609023,0.383459,False,False,False,True,"Falling","Local","Absent","Local","Accepted","Moderate","BreaksPriorLow;DissipationLocal;AcceptanceAccepted"
1724,"2026-05-27 11:45:00",30043.75,30056.25,30037.75,30047.5,3300,"InsideBar","Black","Up",0.65,0.32,18.5,"Down",0.1,3.75,"Down",0.2,0.527027,1,True,True,False,False,"Rising","Absent","Clustered","Local","Unresolved","Moderate","CloseInsidePriorRange;CloseInsidePriorBody;DissipationLocal;CompressionClustered"
1725,"2026-05-27 11:50:00",30047.5,30055,30037.25,30038.25,2576,"LLLH","Red","Down",0.2,0.08,17.75,"Down",0.1,9.25,"Up",0.25,0.056338,0.971831,True,False,False,True,"Falling","Absent","Clustered","Local","Contained","Minor","BreaksPriorLow;CloseInsidePriorRange;DissipationLocal;AcceptanceContained;CompressionClustered"
1726,"2026-05-27 11:55:00",30038.25,30055,30033,30039.5,3392,"OutsideBar","Black","Up",0.75,0.38,22,"Up",0.4,1.25,"Down",0.1,0.295455,0.806818,True,True,False,True,"Rising","Local","Local","Absent","Contained","Moderate","BreaksPriorLow;CloseInsidePriorRange;CloseInsidePriorBody;AcceptanceContained;CompressionLocal"
1727,"2026-05-27 12:00:00",30040.5,30055,30035.75,30038.75,2316,"InsideBar","Red","Down",0.05,0.02,19.25,"Down",0.2,1.75,"Up",0.2,0.155844,1,True,True,False,False,"Falling","Absent","Clustered","Absent","Unresolved","Minor","CloseInsidePriorRange;CloseInsidePriorBody;CompressionClustered"
1728,"2026-05-27 12:05:00",30039,30055,30024.5,30052.25,2819,"OutsideBar","Black","Up",0.45,0.18,30.5,"Up",0.85,13.25,"Up",0.7,0.909836,0.631148,True,False,False,True,"Rising","Strong","Local","Absent","Contained","Major","RangePeak20;BreaksPriorLow;CloseInsidePriorRange;AcceptanceContained;CompressionLocal"
1729,"2026-05-27 12:10:00",30052.75,30062.25,30035.5,30045,3057,"HHHL","Red","Up",0.55,0.28,26.75,"Down",0.75,7.75,"Down",0.35,0.35514,0.728972,True,True,True,False,"Rising","Absent","Local","Local","Contained","Moderate","BreaksPriorHigh;CloseInsidePriorRange;CloseInsidePriorBody;DissipationLocal;AcceptanceContained;CompressionLocal"
1730,"2026-05-27 12:15:00",30044,30051.5,30036,30042,2428,"InsideBar","Red","Down",0.1,0.04,15.5,"Down",0.05,2,"Down",0.25,0.387097,1,True,False,False,False,"Falling","Absent","Clustered","Absent","Unresolved","Minor","CloseInsidePriorRange;CompressionClustered"
1731,"2026-05-27 12:20:00",30041.25,30053.5,30038.5,30041.25,2286,"HHHL","Neutral","Down",0.05,0.02,15,"Down",0.05,0,"Down",0.1,0.183333,0.866667,True,False,True,False,"Falling","Absent","Clustered","Local","Contained","Minor","BreaksPriorHigh;CloseInsidePriorRange;DissipationLocal;AcceptanceContained;CompressionClustered"
1732,"2026-05-27 12:25:00",30042.25,30051.75,30040.25,30045,2093,"InsideBar","Black","Down",0.05,0.02,11.5,"Down",0.05,2.75,"Up",0.3,0.413043,1,True,False,False,False,"Falling","Absent","Clustered","Absent","Unresolved","Minor","CloseInsidePriorRange;CompressionClustered"
1733,"2026-05-27 12:30:00",30045.5,30046.5,30009.5,30027.25,3689,"LLLH","Red","Up",0.9,0.58,37,"Up",0.95,18.25,"Up",0.9,0.47973,0.168919,False,False,False,True,"Peak","Climactic","Absent","Absent","Accepted","Structural","VolumePeak20;RangePeak20;RangeClimactic20;BreaksPriorLow;AcceptanceAccepted"
1734,"2026-05-27 12:35:00",30027,30050.25,30025.25,30041,3613,"HHHL","Black","Down",0.85,0.58,25,"Down",0.7,14,"Down",0.85,0.63,0.85,True,True,True,False,"Peak","Absent","Clustered","Local","Contained","Major","VolumePeak20;BreaksPriorHigh;CloseInsidePriorRange;CloseInsidePriorBody;DissipationLocal;AcceptanceContained;CompressionClustered"
1735,"2026-05-27 12:40:00",30041.25,30072,30040,30063,4219,"HHHL","Black","Up",0.95,0.78,32,"Up",0.85,21.75,"Up",0.95,0.71875,0.320313,False,False,True,False,"Peak","Strong","Absent","Absent","Accepted","Major","VolumePeak20;RangePeak20;BreaksPriorHigh;AcceptanceAccepted"
1736,"2026-05-27 12:45:00",30062.25,30066.5,30050.75,30066,2916,"InsideBar","Black","Down",0.45,0.3,15.75,"Down",0.2,3.75,"Down",0.45,0.968254,1,True,False,False,False,"Falling","Absent","Clustered","Absent","Unresolved","Minor","CloseInsidePriorRange;CompressionClustered"
1737,"2026-05-27 12:50:00",30066,30066.5,30046,30047.75,3184,"OutsideBar","Red","Up",0.55,0.44,20.5,"Up",0.5,18.25,"Up",0.9,0.085366,0.768293,False,False,False,True,"Rising","Local","Absent","Absent","Accepted","Minor","BreaksPriorLow;AcceptanceAccepted"
1738,"2026-05-27 12:55:00",30047.5,30059.5,30034.25,30038.75,5260,"LLLH","Red","Up",1,0.9,25.25,"Up",0.7,8.75,"Down",0.5,0.178218,0.534653,False,False,False,True,"Peak","Local","Absent","Absent","Accepted","Structural","VolumePeak20;BreaksPriorLow;AcceptanceAccepted"
1739,"2026-05-27 13:00:00",30038.25,30055.25,30034.75,30047.5,10407,"InsideBar","Black","Up",1,1,20.5,"Down",0.55,9.25,"Up",0.6,0.621951,1,True,True,False,False,"Climactic","Absent","Clustered","Local","Unresolved","Structural","VolumePeak20;VolumeClimactic50;CloseInsidePriorRange;CloseInsidePriorBody;DissipationLocal;CompressionClustered"
1740,"2026-05-27 13:05:00",30047.25,30058,30038.5,30055.75,3331,"HHHL","Black","Down",0.6,0.52,19.5,"Down",0.45,8.5,"Down",0.5,0.884615,0.858974,False,False,True,False,"Falling","Absent","Clustered","Local","Accepted","Moderate","BreaksPriorHigh;DissipationLocal;AcceptanceAccepted;CompressionClustered"
1741,"2026-05-27 13:10:00",30056.25,30071.5,30031,30060.75,3134,"OutsideBar","Black","Down",0.45,0.42,40.5,"Up",1,4.5,"Down",0.45,0.734568,0.481481,False,False,True,True,"Falling","Climactic","Absent","Local","Accepted","Structural","RangePeak20;RangeClimactic20;BreaksPriorHigh;BreaksPriorLow;DissipationLocal;AcceptanceAccepted"
1742,"2026-05-27 13:15:00",30060.75,30062.75,30049.5,30057.5,1024,"InsideBar","Red","Down",0.05,0.02,13.25,"Down",0.1,3.25,"Down",0.3,0.603774,1,True,True,False,False,"Falling","Absent","Clustered","Absent","Unresolved","Minor","CloseInsidePriorRange;CloseInsidePriorBody;CompressionClustered"
1743,"2026-05-27 13:20:00",30058.5,30112.25,30058.5,30106,2809,"HHHL","Black","Up",0.35,0.26,53.75,"Up",1,47.5,"Up",1,0.883721,0.07907,False,False,True,False,"Rising","Climactic","Absent","Absent","Accepted","Structural","RangePeak20;RangeClimactic20;LowVolumeHighRange;BreaksPriorHigh;AcceptanceAccepted"
1744,"2026-05-27 13:25:00",30106,30114.25,30086.75,30098,1582,"HHHL","Red","Down",0.1,0.04,27.5,"Down",0.75,8,"Down",0.5,0.409091,0.927273,True,True,True,False,"Falling","Absent","Clustered","Local","Contained","Moderate","BreaksPriorHigh;CloseInsidePriorRange;CloseInsidePriorBody;DissipationLocal;AcceptanceContained;CompressionClustered"
1745,"2026-05-27 13:30:00",30098.25,30106.75,30091.75,30093.5,837,"InsideBar","Red","Down",0.05,0.02,15,"Down",0.2,4.75,"Down",0.45,0.116667,1,True,False,False,False,"Falling","Absent","Clustered","Absent","Unresolved","Minor","CloseInsidePriorRange;CompressionClustered"
1746,"2026-05-27 13:35:00",30093.5,30110.5,30092,30099.75,669,"HHHL","Black","Down",0.05,0.02,18.5,"Up",0.35,6.25,"Up",0.45,0.418919,0.797297,True,False,True,False,"Falling","Local","Local","Local","Contained","Minor","BreaksPriorHigh;CloseInsidePriorRange;DissipationLocal;AcceptanceContained;CompressionLocal"
1747,"2026-05-27 13:40:00",30100,30116.75,30098.25,30111,949,"HHHL","Black","Up",0.15,0.06,18.5,"Flat",0.4,11,"Up",0.7,0.689189,0.662162,False,False,True,False,"Rising","Absent","Absent","Absent","Accepted","Minor","BreaksPriorHigh;AcceptanceAccepted"
1748,"2026-05-27 13:45:00",30111,30111.75,30103.5,30110.75,481,"InsideBar","Red","Down",0.05,0.02,8.25,"Down",0.05,0.25,"Down",0.1,0.878788,1,True,True,False,False,"Falling","Absent","Clustered","Absent","Unresolved","Minor","CloseInsidePriorRange;CloseInsidePriorBody;CompressionClustered"
1749,"2026-05-27 13:50:00",30110.75,30119,30108.75,30112,1050,"HHHL","Black","Up",0.3,0.12,10.25,"Up",0.1,1.25,"Up",0.15,0.317073,0.292683,False,False,True,False,"Rising","Local","Absent","Absent","Accepted","Minor","BreaksPriorHigh;AcceptanceAccepted"
1750,"2026-05-27 13:55:00",30112.75,30116.75,30109.5,30115.75,750,"InsideBar","Black","Down",0.15,0.06,7.25,"Down",0.05,3,"Up",0.25,0.862069,1,True,False,False,False,"Falling","Absent","Clustered","Absent","Unresolved","Minor","CloseInsidePriorRange;CompressionClustered"
1751,"2026-05-27 14:00:00",30115.5,30129.5,30115,30125.25,1200,"HHHL","Black","Up",0.4,0.16,14.5,"Up",0.3,9.75,"Up",0.7,0.706897,0.12069,False,False,True,False,"Rising","Local","Absent","Absent","Accepted","Minor","BreaksPriorHigh;AcceptanceAccepted"
1752,"2026-05-28 06:35:00",30053,30112,30005.5,30010.75,38754,"LLLH","Red","Up",1,1,106.5,"Up",1,42.25,"Up",0.95,0.049296,0,False,False,False,True,"Climactic","Climactic","Absent","Absent","Accepted","SessionDefining","VolumePeak20;VolumeClimactic50;RangePeak20;RangeClimactic20;BreaksPriorLow;AcceptanceAccepted"
1753,"2026-05-28 06:40:00",30009.5,30025.75,29980,29981.75,26202,"LLLH","Red","Down",0.95,0.98,45.75,"Down",0.9,27.75,"Down",0.9,0.038251,0.442623,False,False,False,True,"Climactic","Strong","Absent","Local","Accepted","Structural","VolumePeak20;VolumeClimactic50;RangePeak20;BreaksPriorLow;DissipationLocal;AcceptanceAccepted"
1754,"2026-05-28 06:45:00",29981.5,29993.5,29943.25,29955.5,23431,"LLLH","Red","Down",0.9,0.96,50.25,"Up",0.9,26,"Down",0.85,0.243781,0.268657,False,False,False,True,"Climactic","Strong","Absent","Local","Accepted","Structural","VolumePeak20;VolumeClimactic50;RangePeak20;BreaksPriorLow;DissipationLocal;AcceptanceAccepted"
1755,"2026-05-28 06:50:00",29954.75,29975.25,29928.75,29932.25,23432,"LLLH","Red","Up",0.9,0.96,46.5,"Down",0.85,22.5,"Down",0.8,0.075269,0.688172,False,False,False,True,"Climactic","Strong","Absent","Local","Accepted","Structural","VolumePeak20;VolumeClimactic50;RangePeak20;BreaksPriorLow;DissipationLocal;AcceptanceAccepted"
1756,"2026-05-28 06:55:00",29931.75,29999,29920.25,29953.75,24996,"OutsideBar","Black","Up",0.9,0.96,78.75,"Up",0.95,22,"Down",0.75,0.425397,0.590476,True,True,True,True,"Climactic","Climactic","Local","Absent","Contained","SessionDefining","VolumePeak20;VolumeClimactic50;RangePeak20;RangeClimactic20;BreaksPriorHigh;BreaksPriorLow;CloseInsidePriorRange;CloseInsidePriorBody;AcceptanceContained;CompressionLocal"
1757,"2026-05-28 07:00:00",29953.25,29998,29949.25,29990.75,13803,"InsideBar","Black","Down",0.75,0.9,48.75,"Down",0.8,37.5,"Up",0.9,0.851282,1,True,False,False,False,"Falling","Strong","Clustered","Absent","Unresolved","Structural","RangePeak20;CloseInsidePriorRange;CompressionClustered"
1758,"2026-05-28 07:05:00",29992.25,30019.5,29963.25,29992.5,18597,"HHHL","Black","Up",0.75,0.9,56.25,"Up",0.9,0.25,"Down",0.1,0.52,0.617778,True,False,True,False,"Rising","Strong","Local","Absent","Contained","Structural","RangePeak20;BreaksPriorHigh;CloseInsidePriorRange;AcceptanceContained;CompressionLocal"
1759,"2026-05-28 07:10:00",29992.5,30046.5,29976.25,30046.5,16966,"HHHL","Black","Down",0.7,0.88,70.25,"Up",0.9,54,"Up",1,1,0.615658,False,False,True,False,"Falling","Strong","Absent","Local","Accepted","Structural","RangePeak20;BreaksPriorHigh;DissipationLocal;AcceptanceAccepted"
1760,"2026-05-28 07:15:00",30046.5,30187,30006.25,30161.25,43673,"HHHL","Black","Up",1,1,180.75,"Up",1,114.75,"Up",1,0.857538,0.222683,False,False,True,False,"Climactic","Climactic","Absent","Absent","Accepted","SessionDefining","VolumePeak20;VolumeClimactic50;RangePeak20;RangeClimactic20;BreaksPriorHigh;AcceptanceAccepted"
1761,"2026-05-28 07:20:00",30161,30173.25,30105,30142.75,22249,"InsideBar","Red","Down",0.7,0.88,68.25,"Down",0.8,18.25,"Down",0.55,0.553114,1,True,True,False,False,"Falling","Strong","Clustered","Absent","Unresolved","Major","RangePeak20;CloseInsidePriorRange;CloseInsidePriorBody;CompressionClustered"
1762,"2026-05-28 07:25:00",30142.75,30154,30062.5,30092,17087,"LLLH","Red","Down",0.6,0.84,91.5,"Up",0.9,50.75,"Up",0.9,0.322404,0.535519,False,False,False,True,"Falling","Strong","Absent","Local","Accepted","Structural","RangePeak20;BreaksPriorLow;DissipationLocal;AcceptanceAccepted"
1763,"2026-05-28 07:30:00",30092,30149.5,30086.5,30147.5,12566,"InsideBar","Black","Down",0.45,0.78,63,"Down",0.7,55.5,"Up",0.95,0.968254,1,True,False,False,False,"Falling","Absent","Clustered","Absent","Unresolved","Moderate","CloseInsidePriorRange;CompressionClustered"
1764,"2026-05-28 07:35:00",30148,30166.25,30110.5,30111.25,16324,"HHHL","Red","Up",0.5,0.8,55.75,"Down",0.6,36.75,"Down",0.7,0.013453,0.699552,True,True,True,False,"Rising","Absent","Local","Local","Contained","Moderate","BreaksPriorHigh;CloseInsidePriorRange;CloseInsidePriorBody;DissipationLocal;AcceptanceContained;CompressionLocal"
1765,"2026-05-28 07:40:00",30110.75,30147.5,30107.5,30126.5,11931,"LLLH","Black","Down",0.35,0.74,40,"Down",0.35,15.75,"Down",0.4,0.475,0.925,True,True,False,True,"Falling","Absent","Clustered","Local","Contained","Minor","BreaksPriorLow;CloseInsidePriorRange;CloseInsidePriorBody;DissipationLocal;AcceptanceContained;CompressionClustered"
1766,"2026-05-28 07:45:00",30126.75,30171.25,30122.25,30167.25,12534,"HHHL","Black","Up",0.35,0.74,49,"Up",0.5,40.5,"Up",0.75,0.918367,0.515306,False,False,True,False,"Rising","Local","Absent","Absent","Accepted","Minor","BreaksPriorHigh;AcceptanceAccepted"
1767,"2026-05-28 07:50:00",30168.5,30180,30123.25,30142.25,15740,"HHHL","Red","Up",0.45,0.78,56.75,"Up",0.65,26.25,"Down",0.55,0.334802,0.845815,True,True,True,False,"Rising","Local","Local","Absent","Contained","Moderate","BreaksPriorHigh;CloseInsidePriorRange;CloseInsidePriorBody;AcceptanceContained;CompressionLocal"
1768,"2026-05-28 07:55:00",30142.75,30180.5,30141,30169.5,9034,"HHHL","Black","Down",0.2,0.66,39.5,"Down",0.2,26.75,"Up",0.55,0.721519,0.987342,True,False,True,False,"Falling","Absent","Clustered","Local","Contained","Minor","BreaksPriorHigh;CloseInsidePriorRange;DissipationLocal;AcceptanceContained;CompressionClustered"
1769,"2026-05-28 08:00:00",30168.25,30191.5,30161.25,30187.75,10034,"HHHL","Black","Up",0.2,0.66,30.25,"Down",0.15,19.5,"Down",0.3,0.876033,0.636364,False,False,True,False,"Rising","Absent","Absent","Local","Accepted","Minor","BreaksPriorHigh;DissipationLocal;AcceptanceAccepted"
1770,"2026-05-28 08:05:00",30188,30235.75,30180.75,30232.25,14012,"HHHL","Black","Up",0.4,0.76,55,"Up",0.5,44.25,"Up",0.8,0.936364,0.195455,False,False,True,False,"Rising","Local","Absent","Absent","Accepted","Minor","BreaksPriorHigh;AcceptanceAccepted"
1771,"2026-05-28 08:10:00",30232.5,30244,30216.25,30233.75,11142,"HHHL","Black","Down",0.15,0.66,27.75,"Down",0.05,1.25,"Down",0.1,0.630631,0.702703,True,False,True,False,"Falling","Absent","Local","Local","Contained","Minor","BreaksPriorHigh;CloseInsidePriorRange;DissipationLocal;AcceptanceContained;CompressionLocal"
1772,"2026-05-28 08:15:00",30234.25,30240.75,30219.75,30221.25,7158,"InsideBar","Red","Down",0.05,0.58,21,"Down",0.05,13,"Up",0.15,0.071429,1,True,False,False,False,"Falling","Absent","Clustered","Absent","Unresolved","Minor","CloseInsidePriorRange;CompressionClustered"
1773,"2026-05-28 08:20:00",30221.5,30240.25,30209.25,30231.75,8522,"LLLH","Black","Up",0.1,0.58,31,"Up",0.2,10.25,"Down",0.15,0.725806,0.66129,True,True,False,True,"Rising","Local","Local","Absent","Contained","Minor","BreaksPriorLow;CloseInsidePriorRange;CloseInsidePriorBody;AcceptanceContained;CompressionLocal"
1774,"2026-05-28 08:25:00",30232.25,30249.5,30229.25,30243.25,7926,"HHHL","Black","Down",0.1,0.56,20.25,"Down",0.05,11,"Up",0.2,0.691358,0.54321,False,False,True,False,"Falling","Absent","Absent","Local","Accepted","Minor","BreaksPriorHigh;DissipationLocal;AcceptanceAccepted"
1775,"2026-05-28 08:30:00",30243.5,30274.75,30239.75,30262.5,11876,"HHHL","Black","Up",0.35,0.66,35,"Up",0.3,19,"Up",0.4,0.65,0.278571,False,False,True,False,"Rising","Local","Absent","Absent","Accepted","Minor","BreaksPriorHigh;AcceptanceAccepted"
1776,"2026-05-28 08:35:00",30262.5,30284.75,30256.75,30279.5,8470,"HHHL","Black","Down",0.15,0.54,28,"Down",0.2,17,"Down",0.35,0.8125,0.642857,False,False,True,False,"Falling","Absent","Absent","Local","Accepted","Minor","BreaksPriorHigh;DissipationLocal;AcceptanceAccepted"
1777,"2026-05-28 08:40:00",30279.75,30293,30271,30282.5,9154,"HHHL","Black","Up",0.3,0.58,22,"Down",0.15,2.75,"Down",0.15,0.522727,0.625,True,False,True,False,"Rising","Absent","Local","Local","Contained","Minor","BreaksPriorHigh;CloseInsidePriorRange;DissipationLocal;AcceptanceContained;CompressionLocal"
1778,"2026-05-28 08:45:00",30282.5,30283,30261.5,30261.5,7002,"LLLH","Red","Down",0.05,0.46,21.5,"Down",0.15,21,"Up",0.55,0,0.55814,False,False,False,True,"Falling","Absent","Absent","Local","Accepted","Minor","BreaksPriorLow;DissipationLocal;AcceptanceAccepted"
1779,"2026-05-28 08:50:00",30261.75,30271.25,30251,30255.75,6780,"LLLH","Red","Down",0.05,0.44,20.25,"Down",0.1,6,"Down",0.15,0.234568,0.481481,False,False,False,True,"Falling","Absent","Absent","Local","Accepted","Minor","BreaksPriorLow;DissipationLocal;AcceptanceAccepted"
1780,"2026-05-28 08:55:00",30255.75,30281,30255.75,30256.75,6838,"HHHL","Black","Up",0.1,0.44,25.25,"Up",0.3,1,"Down",0.05,0.039604,0.613861,True,True,True,False,"Rising","Local","Local","Absent","Contained","Minor","BreaksPriorHigh;CloseInsidePriorRange;CloseInsidePriorBody;AcceptanceContained;CompressionLocal"
1781,"2026-05-28 09:00:00",30255.75,30273.25,30252,30264.5,5729,"LLLH","Black","Down",0.05,0.4,21.25,"Down",0.2,8.75,"Up",0.25,0.588235,0.823529,True,False,False,True,"Falling","Absent","Clustered","Local","Contained","Minor","BreaksPriorLow;CloseInsidePriorRange;DissipationLocal;AcceptanceContained;CompressionClustered"
1782,"2026-05-28 09:05:00",30264.75,30267.75,30238.5,30255,7393,"LLLH","Red","Up",0.3,0.48,29.25,"Up",0.5,9.75,"Up",0.3,0.564103,0.538462,True,False,False,True,"Rising","Local","Local","Absent","Contained","Minor","BreaksPriorLow;CloseInsidePriorRange;AcceptanceContained;CompressionLocal"
1783,"2026-05-28 09:10:00",30255.5,30277.5,30254,30273.5,6031,"HHHL","Black","Down",0.1,0.38,23.5,"Down",0.35,18,"Up",0.6,0.829787,0.585106,False,False,True,False,"Falling","Absent","Absent","Local","Accepted","Minor","BreaksPriorHigh;DissipationLocal;AcceptanceAccepted"
1784,"2026-05-28 09:15:00",30273.75,30283,30269.25,30274.5,5899,"HHHL","Black","Down",0.1,0.36,13.75,"Down",0.05,0.75,"Down",0.05,0.381818,0.6,True,False,True,False,"Falling","Absent","Local","Local","Contained","Minor","BreaksPriorHigh;CloseInsidePriorRange;DissipationLocal;AcceptanceContained;CompressionLocal"
1785,"2026-05-28 09:20:00",30274.25,30303,30268,30300.75,7695,"OutsideBar","Black","Up",0.45,0.48,35,"Up",0.8,26.5,"Up",0.85,0.935714,0.392857,False,False,True,True,"Rising","Strong","Absent","Absent","Accepted","Major","RangePeak20;BreaksPriorHigh;BreaksPriorLow;AcceptanceAccepted"
1786,"2026-05-28 09:25:00",30300.75,30318.25,30284.75,30312,8848,"HHHL","Black","Up",0.65,0.54,33.5,"Down",0.75,11.25,"Down",0.5,0.813433,0.544776,False,False,True,False,"Rising","Absent","Absent","Local","Accepted","Moderate","BreaksPriorHigh;DissipationLocal;AcceptanceAccepted"
1787,"2026-05-28 09:30:00",30312.75,30315,30300,30301.75,6111,"InsideBar","Red","Down",0.2,0.34,15,"Down",0.1,11,"Down",0.5,0.116667,1,True,True,False,False,"Falling","Absent","Clustered","Absent","Unresolved","Minor","CloseInsidePriorRange;CloseInsidePriorBody;CompressionClustered"
1788,"2026-05-28 09:35:00",30302,30303.25,30283.75,30288.25,5853,"LLLH","Red","Down",0.1,0.28,19.5,"Up",0.15,13.75,"Up",0.65,0.230769,0.166667,False,False,False,True,"Falling","Local","Absent","Local","Accepted","Minor","BreaksPriorLow;DissipationLocal;AcceptanceAccepted"
1789,"2026-05-28 09:40:00",30288.25,30298.5,30277.5,30293.5,5013,"LLLH","Black","Down",0.05,0.26,21,"Up",0.35,5.25,"Down",0.25,0.761905,0.702381,True,True,False,True,"Falling","Local","Local","Local","Contained","Minor","BreaksPriorLow;CloseInsidePriorRange;CloseInsidePriorBody;DissipationLocal;AcceptanceContained;CompressionLocal"
1790,"2026-05-28 09:45:00",30294,30309.75,30293,30306.75,4510,"HHHL","Black","Down",0.05,0.24,16.75,"Down",0.15,12.75,"Up",0.65,0.820896,0.328358,False,False,True,False,"Falling","Absent","Absent","Local","Accepted","Minor","BreaksPriorHigh;DissipationLocal;AcceptanceAccepted"
1791,"2026-05-28 09:50:00",30306.5,30318.5,30303,30306,4316,"HHHL","Red","Down",0.05,0.22,15.5,"Down",0.15,0.5,"Down",0.05,0.193548,0.435484,True,True,True,False,"Falling","Absent","Local","Local","Contained","Minor","BreaksPriorHigh;CloseInsidePriorRange;CloseInsidePriorBody;DissipationLocal;AcceptanceContained;CompressionLocal"
1792,"2026-05-28 09:55:00",30306.75,30314,30298.75,30301.25,4334,"LLLH","Red","Up",0.1,0.22,15.25,"Down",0.15,5.5,"Up",0.3,0.163934,0.721311,False,False,False,True,"Rising","Absent","Absent","Local","Accepted","Minor","BreaksPriorLow;DissipationLocal;AcceptanceAccepted"
1793,"2026-05-28 10:00:00",30301.25,30329.75,30301,30326.75,6070,"HHHL","Black","Up",0.45,0.34,28.75,"Up",0.8,25.5,"Up",0.95,0.895652,0.452174,False,False,True,False,"Rising","Strong","Absent","Absent","Accepted","Major","RangePeak20;BreaksPriorHigh;AcceptanceAccepted"
1794,"2026-05-28 10:05:00",30326.75,30335.75,30320.75,30329.5,6096,"HHHL","Black","Up",0.5,0.34,15,"Down",0.15,2.75,"Down",0.25,0.583333,0.6,True,False,True,False,"Rising","Absent","Local","Local","Contained","Minor","BreaksPriorHigh;CloseInsidePriorRange;DissipationLocal;AcceptanceContained;CompressionLocal"
1795,"2026-05-28 10:10:00",30330,30334.25,30320,30321.25,5300,"LLLH","Red","Down",0.25,0.22,14.25,"Down",0.1,8.75,"Up",0.5,0.087719,0.947368,True,False,False,True,"Falling","Absent","Clustered","Local","Contained","Minor","BreaksPriorLow;CloseInsidePriorRange;DissipationLocal;AcceptanceContained;CompressionClustered"
1796,"2026-05-28 10:15:00",30321.25,30326,30313.75,30317.75,5302,"LLLH","Red","Up",0.3,0.22,12.25,"Down",0.05,3.5,"Down",0.3,0.326531,0.489796,False,False,False,True,"Rising","Absent","Absent","Local","Accepted","Minor","BreaksPriorLow;DissipationLocal;AcceptanceAccepted"
1797,"2026-05-28 10:20:00",30318,30320.5,30298,30303.25,6276,"LLLH","Red","Up",0.7,0.36,22.5,"Up",0.7,14.75,"Up",0.8,0.233333,0.3,False,False,False,True,"Rising","Local","Absent","Absent","Accepted","Moderate","BreaksPriorLow;AcceptanceAccepted"
1798,"2026-05-28 10:25:00",30303.25,30319.75,30302.75,30316.75,5986,"InsideBar","Black","Down",0.5,0.26,17,"Down",0.45,13.5,"Down",0.75,0.823529,1,True,True,False,False,"Falling","Absent","Clustered","Absent","Unresolved","Minor","CloseInsidePriorRange;CloseInsidePriorBody;CompressionClustered"
1799,"2026-05-28 10:30:00",30316.75,30319.75,30295.25,30299.25,5418,"OutsideBar","Red","Down",0.35,0.18,24.5,"Up",0.75,17.5,"Up",0.85,0.163265,0.693878,False,False,False,True,"Falling","Local","Absent","Local","Accepted","Moderate","BreaksPriorLow;DissipationLocal;AcceptanceAccepted"
1800,"2026-05-28 10:35:00",30299.5,30310,30285.5,30287,5694,"LLLH","Red","Up",0.4,0.18,24.5,"Flat",0.8,12.5,"Down",0.6,0.061224,0.602041,False,False,False,True,"Rising","Strong","Absent","Absent","Accepted","Major","RangePeak20;LowVolumeHighRange;BreaksPriorLow;AcceptanceAccepted"
1801,"2026-05-28 10:40:00",30286.5,30315.5,30282.5,30315.5,7202,"OutsideBar","Black","Up",0.85,0.44,33,"Up",0.9,29,"Up",1,1,0.742424,False,False,True,True,"Peak","Strong","Absent","Absent","Accepted","Structural","VolumePeak20;RangePeak20;BreaksPriorHigh;BreaksPriorLow;AcceptanceAccepted"
1802,"2026-05-28 10:45:00",30315.5,30324.5,30308.5,30321.5,6254,"HHHL","Black","Down",0.8,0.34,16,"Down",0.4,6,"Down",0.35,0.8125,0.4375,False,False,True,False,"Peak","Absent","Absent","Local","Accepted","Major","VolumePeak20;HighVolumeLowRange;BreaksPriorHigh;DissipationLocal;AcceptanceAccepted"
1803,"2026-05-28 10:50:00",30322,30336.75,30320,30334,7958,"HHHL","Black","Up",0.95,0.54,16.75,"Up",0.5,12,"Up",0.55,0.835821,0.268657,False,False,True,False,"Peak","Local","Absent","Absent","Accepted","Major","VolumePeak20;BreaksPriorHigh;AcceptanceAccepted"
1804,"2026-05-28 10:55:00",30334.25,30344.5,30329.5,30333.25,6188,"HHHL","Red","Down",0.7,0.34,15,"Down",0.25,1,"Down",0.1,0.25,0.483333,True,True,True,False,"Falling","Absent","Local","Local","Contained","Moderate","BreaksPriorHigh;CloseInsidePriorRange;CloseInsidePriorBody;DissipationLocal;AcceptanceContained;CompressionLocal"
1805,"2026-05-28 11:00:00",30332.75,30335,30312,30318.75,6550,"LLLH","Red","Up",0.85,0.4,23,"Up",0.75,14,"Up",0.8,0.293478,0.23913,False,False,False,True,"Peak","Local","Absent","Absent","Accepted","Major","VolumePeak20;BreaksPriorLow;AcceptanceAccepted"
1806,"2026-05-28 11:05:00",30319.5,30336.25,30308.75,30335,6320,"OutsideBar","Black","Down",0.85,0.4,27.5,"Up",0.9,15.5,"Up",0.85,0.954545,0.836364,True,False,True,True,"Peak","Strong","Local","Local","Contained","Structural","VolumePeak20;RangePeak20;BreaksPriorHigh;BreaksPriorLow;CloseInsidePriorRange;DissipationLocal;AcceptanceContained;CompressionLocal"
1807,"2026-05-28 11:10:00",30334.75,30337.5,30320.75,30321.5,4674,"HHHL","Red","Down",0.2,0.08,16.75,"Down",0.5,13.25,"Down",0.6,0.044776,0.925373,True,True,True,False,"Falling","Absent","Clustered","Local","Contained","Minor","BreaksPriorHigh;CloseInsidePriorRange;CloseInsidePriorBody;DissipationLocal;AcceptanceContained;CompressionClustered"
1808,"2026-05-28 11:15:00",30321.5,30322.25,30300.75,30303.5,6836,"LLLH","Red","Up",0.9,0.48,21.5,"Up",0.65,18,"Up",0.9,0.127907,0.069767,False,False,False,True,"Peak","Local","Absent","Absent","Accepted","Major","VolumePeak20;BreaksPriorLow;AcceptanceAccepted"
1809,"2026-05-28 11:20:00",30304,30323.5,30297.5,30305.25,9642,"OutsideBar","Black","Up",1,0.76,26,"Up",0.85,1.25,"Down",0.15,0.298077,0.826923,True,True,True,True,"Peak","Strong","Local","Absent","Contained","Major","VolumePeak20;RangePeak20;BreaksPriorHigh;BreaksPriorLow;CloseInsidePriorRange;CloseInsidePriorBody;AcceptanceContained;CompressionLocal"
1810,"2026-05-28 11:25:00",30305,30322.5,30299,30320.75,4688,"InsideBar","Black","Down",0.2,0.1,23.5,"Down",0.7,15.75,"Up",0.8,0.925532,1,True,False,False,False,"Falling","Absent","Clustered","Absent","Unresolved","Moderate","CloseInsidePriorRange;CompressionClustered"
1811,"2026-05-28 11:30:00",30320.75,30325.5,30311.5,30315.25,4246,"HHHL","Red","Down",0.05,0.02,14,"Down",0.1,5.5,"Down",0.3,0.267857,0.785714,True,True,True,False,"Falling","Absent","Local","Local","Contained","Minor","BreaksPriorHigh;CloseInsidePriorRange;CloseInsidePriorBody;DissipationLocal;AcceptanceContained;CompressionLocal"
1812,"2026-05-28 11:35:00",30315,30316,30303.25,30305.25,4524,"LLLH","Red","Up",0.1,0.1,12.75,"Down",0.1,9.75,"Up",0.4,0.156863,0.352941,False,False,False,True,"Rising","Absent","Absent","Local","Accepted","Minor","BreaksPriorLow;DissipationLocal;AcceptanceAccepted"
1813,"2026-05-28 11:40:00",30305,30306.75,30289.5,30295,5140,"LLLH","Red","Up",0.25,0.18,17.25,"Up",0.55,10,"Up",0.45,0.318841,0.202899,False,False,False,True,"Rising","Local","Absent","Absent","Accepted","Minor","BreaksPriorLow;AcceptanceAccepted"
1814,"2026-05-28 11:45:00",30294.75,30308,30290.25,30300.5,4586,"HHHL","Black","Down",0.15,0.12,17.75,"Up",0.55,5.75,"Down",0.25,0.577465,0.929577,True,True,True,False,"Falling","Local","Local","Local","Contained","Minor","BreaksPriorHigh;CloseInsidePriorRange;CloseInsidePriorBody;DissipationLocal;AcceptanceContained;CompressionLocal"
1815,"2026-05-28 11:50:00",30300.75,30303.75,30280.5,30286.25,4562,"LLLH","Red","Down",0.15,0.12,23.25,"Up",0.7,14.5,"Up",0.7,0.247312,0.580645,False,False,False,True,"Falling","Local","Absent","Local","Accepted","Moderate","BreaksPriorLow;DissipationLocal;AcceptanceAccepted"
1816,"2026-05-28 11:55:00",30286.25,30313.75,30280.75,30313.5,5724,"HHHL","Black","Up",0.5,0.32,33,"Up",1,27.25,"Up",0.95,0.992424,0.69697,False,False,True,False,"Rising","Climactic","Absent","Absent","Accepted","Structural","RangePeak20;RangeClimactic20;BreaksPriorHigh;AcceptanceAccepted"
1817,"2026-05-28 12:00:00",30313.5,30317,30292,30293.5,4495,"HHHL","Red","Down",0.1,0.08,25,"Down",0.8,20,"Down",0.9,0.06,0.87,True,True,True,False,"Falling","Strong","Clustered","Local","Contained","Major","RangePeak20;LowVolumeHighRange;BreaksPriorHigh;CloseInsidePriorRange;CloseInsidePriorBody;DissipationLocal;AcceptanceContained;CompressionClustered"
1818,"2026-05-28 12:05:00",30292,30303.25,30277.5,30302,5831,"LLLH","Black","Up",0.6,0.38,25.75,"Up",0.8,10,"Down",0.4,0.951456,0.436893,True,True,False,True,"Rising","Strong","Local","Absent","Contained","Major","RangePeak20;BreaksPriorLow;CloseInsidePriorRange;CloseInsidePriorBody;AcceptanceContained;CompressionLocal"
1819,"2026-05-28 12:10:00",30302,30311.75,30301,30302,3926,"HHHL","Neutral","Down",0.05,0.02,10.75,"Down",0.05,0,"Down",0.05,0.093023,0.209302,True,True,True,False,"Falling","Absent","Local","Local","Contained","Minor","BreaksPriorHigh;CloseInsidePriorRange;CloseInsidePriorBody;DissipationLocal;AcceptanceContained;CompressionLocal"
1820,"2026-05-28 12:15:00",30302.75,30312,30286.75,30287.5,5424,"OutsideBar","Red","Up",0.5,0.34,25.25,"Up",0.75,15.25,"Up",0.7,0.029703,0.425743,False,False,True,True,"Rising","Local","Absent","Absent","Accepted","Moderate","BreaksPriorHigh;BreaksPriorLow;AcceptanceAccepted"
1821,"2026-05-28 12:20:00",30287.5,30289.5,30274.25,30285.5,7006,"LLLH","Red","Up",0.9,0.76,15.25,"Down",0.25,2,"Down",0.2,0.737705,0.180328,False,False,False,True,"Peak","Absent","Absent","Local","Accepted","Major","VolumePeak20;HighVolumeLowRange;BreaksPriorLow;DissipationLocal;AcceptanceAccepted"
1822,"2026-05-28 12:25:00",30284.5,30294,30280,30293.5,5652,"HHHL","Black","Down",0.55,0.36,14,"Down",0.2,9,"Up",0.35,0.964286,0.678571,False,False,True,False,"Falling","Absent","Absent","Local","Accepted","Minor","BreaksPriorHigh;DissipationLocal;AcceptanceAccepted"
1823,"2026-05-28 12:30:00",30293,30309.25,30291,30306,5809,"HHHL","Black","Up",0.65,0.44,18.25,"Up",0.5,13,"Up",0.55,0.821918,0.164384,False,False,True,False,"Rising","Local","Absent","Absent","Accepted","Moderate","BreaksPriorHigh;AcceptanceAccepted"
1824,"2026-05-28 12:35:00",30305.75,30322,30303.25,30312.25,6897,"HHHL","Black","Up",0.9,0.78,18.75,"Up",0.5,6.5,"Down",0.3,0.48,0.32,False,False,True,False,"Peak","Local","Absent","Absent","Accepted","Major","VolumePeak20;BreaksPriorHigh;AcceptanceAccepted"
1825,"2026-05-28 12:40:00",30312,30331.25,30310.5,30330.75,5456,"HHHL","Black","Down",0.55,0.36,20.75,"Up",0.55,18.75,"Up",0.9,0.975904,0.554217,False,False,True,False,"Falling","Local","Absent","Local","Accepted","Minor","BreaksPriorHigh;DissipationLocal;AcceptanceAccepted"
1826,"2026-05-28 12:45:00",30330.75,30331.5,30308.5,30310.25,5494,"OutsideBar","Red","Up",0.6,0.38,23,"Up",0.65,20.5,"Up",0.95,0.076087,0.902174,False,False,True,True,"Rising","Local","Absent","Absent","Accepted","Moderate","BreaksPriorHigh;BreaksPriorLow;AcceptanceAccepted"
1827,"2026-05-28 12:50:00",30309.75,30331,30304,30317.5,6533,"LLLH","Black","Up",0.8,0.74,27,"Up",0.95,7.75,"Down",0.35,0.5,0.833333,True,True,False,True,"Peak","Climactic","Local","Absent","Contained","Structural","VolumePeak20;RangePeak20;RangeClimactic20;BreaksPriorLow;CloseInsidePriorRange;CloseInsidePriorBody;AcceptanceContained;CompressionLocal"
1828,"2026-05-28 12:55:00",30317,30317.5,30283.25,30300.75,14331,"LLLH","Red","Up",1,1,34.25,"Up",1,16.25,"Up",0.8,0.510949,0.394161,False,False,False,True,"Climactic","Climactic","Absent","Absent","Accepted","SessionDefining","VolumePeak20;VolumeClimactic50;RangePeak20;RangeClimactic20;BreaksPriorLow;AcceptanceAccepted"
1829,"2026-05-28 13:00:00",30300.5,30318.5,30290.75,30307.75,22640,"HHHL","Black","Up",1,1,27.75,"Down",0.9,7.25,"Down",0.3,0.612613,0.963964,True,True,True,False,"Climactic","Strong","Clustered","Local","Contained","Structural","VolumePeak20;VolumeClimactic50;RangePeak20;BreaksPriorHigh;CloseInsidePriorRange;CloseInsidePriorBody;DissipationLocal;AcceptanceContained;CompressionClustered"
1830,"2026-05-28 13:05:00",30302.5,30319,30292,30314.5,7268,"HHHL","Black","Down",0.9,0.86,27,"Down",0.85,12,"Up",0.6,0.833333,0.981481,True,False,True,False,"Peak","Strong","Clustered","Local","Contained","Major","VolumePeak20;RangePeak20;BreaksPriorHigh;CloseInsidePriorRange;DissipationLocal;AcceptanceContained;CompressionClustered"
1831,"2026-05-28 13:10:00",30315,30329,30312,30323.75,3564,"HHHL","Black","Down",0.05,0.02,17,"Down",0.25,8.75,"Down",0.35,0.691176,0.411765,False,False,True,False,"Falling","Absent","Absent","Local","Accepted","Minor","BreaksPriorHigh;DissipationLocal;AcceptanceAccepted"
1832,"2026-05-28 13:15:00",30323.25,30335.75,30321.25,30333.5,2250,"HHHL","Black","Down",0.05,0.02,14.5,"Down",0.15,10.25,"Up",0.55,0.844828,0.534483,False,False,True,False,"Falling","Absent","Absent","Local","Accepted","Minor","BreaksPriorHigh;DissipationLocal;AcceptanceAccepted"
1833,"2026-05-28 13:20:00",30333.75,30344,30319,30325.75,3384,"OutsideBar","Red","Up",0.1,0.04,25,"Up",0.65,8,"Down",0.35,0.27,0.58,True,True,True,True,"Rising","Local","Local","Absent","Contained","Moderate","BreaksPriorHigh;BreaksPriorLow;CloseInsidePriorRange;CloseInsidePriorBody;AcceptanceContained;CompressionLocal"
1834,"2026-05-28 13:25:00",30325.75,30327.75,30315.25,30317.5,1204,"LLLH","Red","Down",0.05,0.02,12.5,"Down",0.1,8.25,"Up",0.35,0.18,0.7,False,False,False,True,"Falling","Absent","Absent","Local","Accepted","Minor","BreaksPriorLow;DissipationLocal;AcceptanceAccepted"
1835,"2026-05-28 13:30:00",30318.25,30326.75,30316,30322,1367,"InsideBar","Black","Up",0.1,0.04,10.75,"Down",0.1,3.75,"Down",0.15,0.55814,1,True,True,False,False,"Rising","Absent","Clustered","Local","Unresolved","Minor","CloseInsidePriorRange;CloseInsidePriorBody;DissipationLocal;CompressionClustered"
1836,"2026-05-28 13:35:00",30322,30328.75,30317.5,30323.25,1161,"HHHL","Black","Down",0.05,0.02,11.25,"Up",0.15,1.25,"Down",0.1,0.511111,0.822222,True,False,True,False,"Falling","Local","Local","Local","Contained","Minor","BreaksPriorHigh;CloseInsidePriorRange;DissipationLocal;AcceptanceContained;CompressionLocal"
1837,"2026-05-28 13:40:00",30323,30324.5,30316,30320.5,1158,"LLLH","Red","Down",0.05,0.02,8.5,"Down",0.05,2.5,"Up",0.2,0.529412,0.823529,True,False,False,True,"Falling","Absent","Clustered","Local","Contained","Minor","BreaksPriorLow;CloseInsidePriorRange;DissipationLocal;AcceptanceContained;CompressionClustered"
1838,"2026-05-28 13:45:00",30320,30321.25,30318,30321,522,"InsideBar","Black","Down",0.05,0.02,3.25,"Down",0.05,1,"Down",0.1,0.923077,1,True,True,False,False,"Falling","Absent","Clustered","Absent","Unresolved","Minor","CloseInsidePriorRange;CloseInsidePriorBody;CompressionClustered"
1839,"2026-05-28 13:50:00",30320.75,30333.75,30318,30321.5,1792,"OutsideBar","Black","Up",0.3,0.12,15.75,"Up",0.45,0.75,"Down",0.05,0.222222,0.206349,False,False,True,False,"Rising","Local","Absent","Absent","Accepted","Minor","BreaksPriorHigh;AcceptanceAccepted"
1840,"2026-05-28 13:55:00",30321.25,30325.75,30317.75,30320.75,822,"LLLH","Red","Down",0.1,0.04,8,"Down",0.1,0.5,"Down",0.05,0.375,0.96875,True,True,False,True,"Falling","Absent","Clustered","Local","Contained","Minor","BreaksPriorLow;CloseInsidePriorRange;CloseInsidePriorBody;DissipationLocal;AcceptanceContained;CompressionClustered"
1841,"2026-05-28 14:00:00",30320.5,30322.5,30311.25,30313,1199,"LLLH","Red","Up",0.25,0.1,11.25,"Up",0.3,7.5,"Up",0.45,0.155556,0.422222,False,False,False,True,"Rising","Local","Absent","Absent","Accepted","Minor","BreaksPriorLow;AcceptanceAccepted"
1842,"2026-05-29 06:35:00",30382.25,30426,30364.75,30375,20851,"HHHL","Red","Up",0.95,0.98,61.25,"Up",1,7.25,"Down",0.45,0.167347,0,False,False,True,False,"Climactic","Climactic","Absent","Absent","Accepted","SessionDefining","VolumePeak20;VolumeClimactic50;RangePeak20;RangeClimactic20;BreaksPriorHigh;AcceptanceAccepted"
1843,"2026-05-29 06:40:00",30375,30438.5,30369.75,30429.25,12223,"HHHL","Black","Down",0.85,0.94,68.75,"Up",1,54.25,"Up",1,0.865455,0.818182,False,False,True,False,"Peak","Climactic","Absent","Local","Accepted","Structural","VolumePeak20;RangePeak20;RangeClimactic20;BreaksPriorHigh;DissipationLocal;AcceptanceAccepted"
1844,"2026-05-29 06:45:00",30428.5,30462,30423,30460.5,9448,"HHHL","Black","Down",0.8,0.9,39,"Down",0.9,32,"Down",0.95,0.961538,0.397436,False,False,True,False,"Peak","Strong","Absent","Local","Accepted","Structural","VolumePeak20;RangePeak20;BreaksPriorHigh;DissipationLocal;AcceptanceAccepted"
1845,"2026-05-29 06:50:00",30460.5,30492,30452.25,30486,9821,"HHHL","Black","Up",0.8,0.92,39.75,"Up",0.9,25.5,"Down",0.9,0.849057,0.245283,False,False,True,False,"Peak","Strong","Absent","Absent","Accepted","Structural","VolumePeak20;RangePeak20;BreaksPriorHigh;AcceptanceAccepted"
1846,"2026-05-29 06:55:00",30486.25,30513.5,30476.5,30496.75,7741,"HHHL","Black","Down",0.7,0.84,37,"Down",0.8,10.5,"Down",0.75,0.547297,0.418919,False,False,True,False,"Falling","Strong","Absent","Local","Accepted","Major","RangePeak20;BreaksPriorHigh;DissipationLocal;AcceptanceAccepted"
1847,"2026-05-29 07:00:00",30496.5,30520.75,30490.25,30519,6590,"HHHL","Black","Down",0.6,0.72,30.5,"Down",0.7,22.5,"Up",0.85,0.942623,0.762295,False,False,True,False,"Falling","Absent","Absent","Local","Accepted","Moderate","BreaksPriorHigh;DissipationLocal;AcceptanceAccepted"
1848,"2026-05-29 07:05:00",30518,30536,30498.5,30514.75,10031,"HHHL","Red","Up",0.85,0.92,37.5,"Up",0.8,3.25,"Down",0.3,0.433333,0.593333,True,True,True,False,"Peak","Strong","Local","Absent","Contained","Structural","VolumePeak20;RangePeak20;BreaksPriorHigh;CloseInsidePriorRange;CloseInsidePriorBody;AcceptanceContained;CompressionLocal"
1849,"2026-05-29 07:10:00",30514.5,30519.75,30474.25,30476.25,7396,"LLLH","Red","Down",0.7,0.8,45.5,"Up",0.9,38.25,"Up",0.95,0.043956,0.467033,False,False,False,True,"Falling","Strong","Absent","Local","Accepted","Structural","RangePeak20;BreaksPriorLow;DissipationLocal;AcceptanceAccepted"
1850,"2026-05-29 07:15:00",30476.5,30502.25,30444.5,30459.75,10957,"LLLH","Red","Up",0.9,0.92,57.75,"Up",0.9,16.75,"Down",0.75,0.264069,0.484848,False,False,False,True,"Peak","Strong","Absent","Absent","Accepted","Structural","VolumePeak20;RangePeak20;BreaksPriorLow;AcceptanceAccepted"
1851,"2026-05-29 07:20:00",30460,30462.75,30392.5,30414.5,13350,"LLLH","Red","Up",0.95,0.94,70.25,"Up",1,45.5,"Up",0.95,0.313167,0.259786,False,False,False,True,"Peak","Climactic","Absent","Absent","Accepted","Structural","VolumePeak20;RangePeak20;RangeClimactic20;BreaksPriorLow;AcceptanceAccepted"
1852,"2026-05-29 07:25:00",30414.75,30443,30386.75,30387,11016,"LLLH","Red","Down",0.85,0.9,56.25,"Down",0.8,27.75,"Down",0.8,0.004444,0.897778,False,False,False,True,"Peak","Strong","Clustered","Local","Accepted","Structural","VolumePeak20;RangePeak20;BreaksPriorLow;DissipationLocal;AcceptanceAccepted;CompressionClustered"
1853,"2026-05-29 07:30:00",30386.5,30407.75,30346,30407,14528,"LLLH","Black","Up",0.95,0.96,61.75,"Up",0.9,20.5,"Down",0.65,0.987854,0.340081,True,True,False,True,"Climactic","Strong","Local","Absent","Contained","Structural","VolumePeak20;VolumeClimactic50;RangePeak20;BreaksPriorLow;CloseInsidePriorRange;CloseInsidePriorBody;AcceptanceContained;CompressionLocal"
1854,"2026-05-29 07:35:00",30405.5,30437.5,30387.75,30437,11654,"HHHL","Black","Down",0.8,0.88,49.75,"Down",0.7,31.5,"Up",0.8,0.98995,0.40201,False,False,True,False,"Peak","Absent","Absent","Local","Accepted","Major","VolumePeak20;BreaksPriorHigh;DissipationLocal;AcceptanceAccepted"
1855,"2026-05-29 07:40:00",30437,30437.5,30348.5,30349.25,10169,"OutsideBar","Red","Down",0.65,0.82,89,"Up",1,87.75,"Up",1,0.008427,0.558989,False,False,False,True,"Falling","Climactic","Absent","Local","Accepted","Structural","RangePeak20;RangeClimactic20;BreaksPriorLow;DissipationLocal;AcceptanceAccepted"
1856,"2026-05-29 07:45:00",30348,30365.5,30289,30293.5,13455,"LLLH","Red","Up",0.9,0.92,76.5,"Down",0.95,54.5,"Down",0.95,0.058824,0.222222,False,False,False,True,"Peak","Climactic","Absent","Local","Accepted","Structural","VolumePeak20;RangePeak20;RangeClimactic20;BreaksPriorLow;DissipationLocal;AcceptanceAccepted"
1857,"2026-05-29 07:50:00",30294,30323,30270,30301.75,12702,"LLLH","Black","Down",0.8,0.88,53,"Down",0.6,7.75,"Down",0.35,0.599057,0.641509,True,True,False,True,"Peak","Absent","Local","Local","Contained","Major","VolumePeak20;BreaksPriorLow;CloseInsidePriorRange;CloseInsidePriorBody;DissipationLocal;AcceptanceContained;CompressionLocal"
1858,"2026-05-29 07:55:00",30300.25,30394.75,30294.5,30340.5,14678,"HHHL","Black","Up",0.95,0.96,100.25,"Up",1,40.25,"Up",0.8,0.458853,0.284289,False,False,True,False,"Climactic","Climactic","Absent","Absent","Accepted","SessionDefining","VolumePeak20;VolumeClimactic50;RangePeak20;RangeClimactic20;BreaksPriorHigh;AcceptanceAccepted"
1859,"2026-05-29 08:00:00",30340.5,30388.5,30339.25,30359.5,6848,"InsideBar","Black","Down",0.2,0.58,49.25,"Down",0.45,19,"Down",0.4,0.411168,1,True,False,False,False,"Falling","Absent","Clustered","Absent","Unresolved","Minor","CloseInsidePriorRange;CompressionClustered"
1860,"2026-05-29 08:05:00",30359.75,30378,30340.75,30366.75,6084,"InsideBar","Black","Down",0.1,0.52,37.25,"Down",0.2,7,"Down",0.1,0.697987,1,True,False,False,False,"Falling","Absent","Clustered","Absent","Unresolved","Minor","CloseInsidePriorRange;CompressionClustered"
1861,"2026-05-29 08:10:00",30367,30395.5,30335.25,30390.5,6161,"OutsideBar","Black","Up",0.1,0.52,60.25,"Up",0.65,23.5,"Up",0.5,0.917012,0.618257,False,False,True,True,"Rising","Local","Absent","Absent","Accepted","Moderate","BreaksPriorHigh;BreaksPriorLow;AcceptanceAccepted"
1862,"2026-05-29 08:15:00",30389.75,30429.5,30387.75,30427,5797,"HHHL","Black","Down",0.05,0.44,41.75,"Down",0.35,37.25,"Up",0.7,0.94012,0.185629,False,False,True,False,"Falling","Absent","Absent","Local","Accepted","Minor","BreaksPriorHigh;DissipationLocal;AcceptanceAccepted"
1863,"2026-05-29 08:20:00",30426.25,30439.75,30395,30397,6169,"HHHL","Red","Up",0.2,0.52,44.75,"Up",0.4,29.25,"Down",0.6,0.044693,0.77095,True,True,True,False,"Rising","Local","Local","Absent","Contained","Minor","BreaksPriorHigh;CloseInsidePriorRange;CloseInsidePriorBody;AcceptanceContained;CompressionLocal"
1864,"2026-05-29 08:25:00",30396.75,30405.5,30359.5,30397.75,5707,"LLLH","Black","Down",0.05,0.38,46,"Up",0.45,1,"Down",0.05,0.831522,0.228261,True,True,False,True,"Falling","Local","Local","Local","Contained","Minor","BreaksPriorLow;CloseInsidePriorRange;CloseInsidePriorBody;DissipationLocal;AcceptanceContained;CompressionLocal"
1865,"2026-05-29 08:30:00",30398,30422,30374,30397.5,5658,"HHHL","Red","Down",0.05,0.36,48,"Up",0.45,0.5,"Down",0.05,0.489583,0.65625,True,True,True,False,"Falling","Local","Local","Local","Contained","Minor","BreaksPriorHigh;CloseInsidePriorRange;CloseInsidePriorBody;DissipationLocal;AcceptanceContained;CompressionLocal"
1866,"2026-05-29 08:35:00",30398,30418.5,30392.75,30401.5,4509,"InsideBar","Black","Down",0.05,0.28,25.75,"Down",0.05,3.5,"Up",0.2,0.339806,1,True,False,False,False,"Falling","Absent","Clustered","Absent","Unresolved","Minor","CloseInsidePriorRange;CompressionClustered"
1867,"2026-05-29 08:40:00",30401.75,30419.75,30385.25,30410.75,4832,"OutsideBar","Black","Up",0.1,0.28,34.5,"Up",0.1,9,"Up",0.35,0.73913,0.746377,True,False,True,True,"Rising","Local","Local","Absent","Contained","Minor","BreaksPriorHigh;BreaksPriorLow;CloseInsidePriorRange;AcceptanceContained;CompressionLocal"
1868,"2026-05-29 08:45:00",30410.5,30416.5,30362.75,30376.75,5141,"LLLH","Red","Up",0.15,0.3,53.75,"Up",0.6,33.75,"Up",0.7,0.260465,0.581395,False,False,False,True,"Rising","Local","Absent","Absent","Accepted","Moderate","BreaksPriorLow;AcceptanceAccepted"
1869,"2026-05-29 08:50:00",30376.75,30385.75,30355.75,30381.5,4395,"LLLH","Black","Down",0.05,0.24,30,"Down",0.1,4.75,"Down",0.2,0.858333,0.766667,True,True,False,True,"Falling","Absent","Local","Local","Contained","Minor","BreaksPriorLow;CloseInsidePriorRange;CloseInsidePriorBody;DissipationLocal;AcceptanceContained;CompressionLocal"
1870,"2026-05-29 08:55:00",30381.25,30397.5,30366,30380.5,3709,"HHHL","Red","Down",0.05,0.24,31.5,"Up",0.15,0.75,"Down",0.1,0.460317,0.626984,True,True,True,False,"Falling","Local","Local","Local","Contained","Minor","BreaksPriorHigh;CloseInsidePriorRange;CloseInsidePriorBody;DissipationLocal;AcceptanceContained;CompressionLocal"
1871,"2026-05-29 09:00:00",30380,30385.25,30352.5,30362.5,2905,"LLLH","Red","Down",0.05,0.2,32.75,"Up",0.2,17.5,"Up",0.45,0.305344,0.587786,False,False,False,True,"Falling","Local","Absent","Local","Accepted","Minor","BreaksPriorLow;DissipationLocal;AcceptanceAccepted"
1872,"2026-05-29 09:05:00",30364,30410,30357.75,30406,4058,"HHHL","Black","Up",0.15,0.28,52.25,"Up",0.65,42,"Up",0.9,0.923445,0.526316,False,False,True,False,"Rising","Local","Absent","Absent","Accepted","Moderate","BreaksPriorHigh;AcceptanceAccepted"
1873,"2026-05-29 09:10:00",30406.25,30438,30397,30436,3269,"HHHL","Black","Down",0.1,0.22,41,"Down",0.35,29.75,"Down",0.65,0.95122,0.317073,False,False,True,False,"Falling","Absent","Absent","Local","Accepted","Minor","BreaksPriorHigh;DissipationLocal;AcceptanceAccepted"
1874,"2026-05-29 09:15:00",30436.5,30447.75,30427,30435.75,3655,"HHHL","Red","Up",0.15,0.28,20.75,"Down",0.05,0.75,"Down",0.15,0.421687,0.53012,True,True,True,False,"Rising","Absent","Local","Local","Contained","Minor","BreaksPriorHigh;CloseInsidePriorRange;CloseInsidePriorBody;DissipationLocal;AcceptanceContained;CompressionLocal"
1875,"2026-05-29 09:20:00",30435,30447.75,30410.75,30413.25,3566,"OutsideBar","Red","Down",0.15,0.28,37,"Up",0.35,21.75,"Up",0.6,0.067568,0.560811,False,False,False,True,"Falling","Local","Absent","Local","Accepted","Minor","BreaksPriorLow;DissipationLocal;AcceptanceAccepted"
1876,"2026-05-29 09:25:00",30413.5,30441.5,30410.25,30427,2842,"LLLH","Black","Down",0.05,0.2,31.25,"Down",0.2,13.5,"Down",0.5,0.536,0.984,True,True,False,True,"Falling","Absent","Clustered","Local","Contained","Minor","BreaksPriorLow;CloseInsidePriorRange;CloseInsidePriorBody;DissipationLocal;AcceptanceContained;CompressionClustered"
1877,"2026-05-29 09:30:00",30426.25,30426.25,30400.5,30403.75,2668,"LLLH","Red","Down",0.05,0.2,25.75,"Down",0.15,22.5,"Up",0.65,0.126214,0.621359,False,False,False,True,"Falling","Absent","Absent","Local","Accepted","Minor","BreaksPriorLow;DissipationLocal;AcceptanceAccepted"
1878,"2026-05-29 09:35:00",30404,30430,30385.75,30422.25,5209,"OutsideBar","Black","Up",0.65,0.48,44.25,"Up",0.65,18.25,"Down",0.55,0.824859,0.581921,True,True,True,True,"Rising","Local","Local","Absent","Contained","Moderate","BreaksPriorHigh;BreaksPriorLow;CloseInsidePriorRange;CloseInsidePriorBody;AcceptanceContained;CompressionLocal"
1879,"2026-05-29 09:40:00",30421.75,30444.25,30416,30441.5,3501,"HHHL","Black","Down",0.25,0.3,28.25,"Down",0.2,19.75,"Up",0.6,0.902655,0.495575,False,False,True,False,"Falling","Absent","Absent","Local","Accepted","Minor","BreaksPriorHigh;DissipationLocal;AcceptanceAccepted"
1880,"2026-05-29 09:45:00",30441.5,30447.5,30418.5,30422.5,2808,"HHHL","Red","Down",0.1,0.22,29,"Up",0.25,19,"Down",0.55,0.137931,0.887931,True,True,True,False,"Falling","Local","Local","Local","Contained","Minor","BreaksPriorHigh;CloseInsidePriorRange;CloseInsidePriorBody;DissipationLocal;AcceptanceContained;CompressionLocal"
1881,"2026-05-29 09:50:00",30422.75,30426.75,30408.75,30414.25,2753,"LLLH","Red","Down",0.1,0.22,18,"Down",0.05,8.5,"Down",0.35,0.305556,0.458333,False,False,False,True,"Falling","Absent","Absent","Local","Accepted","Minor","BreaksPriorLow;DissipationLocal;AcceptanceAccepted"
1882,"2026-05-29 09:55:00",30415,30415.75,30387,30398.25,2920,"LLLH","Red","Up",0.3,0.28,28.75,"Up",0.3,16.75,"Up",0.5,0.391304,0.243478,False,False,False,True,"Rising","Local","Absent","Absent","Accepted","Minor","BreaksPriorLow;AcceptanceAccepted"
1883,"2026-05-29 10:00:00",30398.5,30401.75,30375.5,30396.75,3499,"LLLH","Red","Up",0.4,0.32,26.25,"Down",0.25,1.75,"Down",0.25,0.809524,0.561905,True,False,False,True,"Rising","Absent","Local","Local","Contained","Minor","BreaksPriorLow;CloseInsidePriorRange;DissipationLocal;AcceptanceContained;CompressionLocal"
1884,"2026-05-29 10:05:00",30398,30410.75,30388.5,30391.75,2622,"HHHL","Red","Down",0.05,0.16,22.25,"Down",0.15,6.25,"Up",0.35,0.146067,0.595506,True,False,True,False,"Falling","Absent","Local","Local","Contained","Minor","BreaksPriorHigh;CloseInsidePriorRange;DissipationLocal;AcceptanceContained;CompressionLocal"
1885,"2026-05-29 10:10:00",30392,30401.75,30382.25,30394.25,2005,"LLLH","Black","Down",0.05,0.14,19.5,"Down",0.1,2.25,"Down",0.2,0.615385,0.679487,True,True,False,True,"Falling","Absent","Local","Local","Contained","Minor","BreaksPriorLow;CloseInsidePriorRange;CloseInsidePriorBody;DissipationLocal;AcceptanceContained;CompressionLocal"
1886,"2026-05-29 10:15:00",30394.25,30404,30381.75,30392.5,2613,"OutsideBar","Red","Up",0.1,0.14,22.25,"Up",0.25,1.75,"Down",0.2,0.483146,0.876404,True,True,True,True,"Rising","Local","Local","Absent","Contained","Minor","BreaksPriorHigh;BreaksPriorLow;CloseInsidePriorRange;CloseInsidePriorBody;AcceptanceContained;CompressionLocal"
1887,"2026-05-29 10:20:00",30392.5,30399.25,30382,30387,1664,"InsideBar","Red","Down",0.05,0.08,17.25,"Down",0.05,5.5,"Up",0.35,0.289855,1,True,False,False,False,"Falling","Absent","Clustered","Absent","Unresolved","Minor","CloseInsidePriorRange;CompressionClustered"
1888,"2026-05-29 10:25:00",30387.75,30391.25,30356,30378.5,5475,"LLLH","Red","Up",1,0.52,35.25,"Up",0.8,9.25,"Up",0.5,0.638298,0.262411,False,False,False,True,"Peak","Strong","Absent","Absent","Accepted","Major","VolumePeak20;RangePeak20;BreaksPriorLow;AcceptanceAccepted"
1889,"2026-05-29 10:30:00",30377.75,30383,30355.25,30368,2944,"LLLH","Red","Down",0.55,0.26,27.75,"Down",0.45,9.75,"Up",0.5,0.459459,0.972973,True,False,False,True,"Falling","Absent","Clustered","Local","Contained","Minor","BreaksPriorLow;CloseInsidePriorRange;DissipationLocal;AcceptanceContained;CompressionClustered"
1890,"2026-05-29 10:35:00",30367,30372.25,30341.25,30366.75,4469,"LLLH","Red","Up",0.9,0.42,31,"Up",0.65,0.25,"Down",0.05,0.822581,0.548387,True,False,False,True,"Peak","Local","Local","Absent","Contained","Major","VolumePeak20;BreaksPriorLow;CloseInsidePriorRange;AcceptanceContained;CompressionLocal"
1891,"2026-05-29 10:40:00",30367.5,30376.5,30356.25,30364.75,2346,"HHHL","Red","Down",0.15,0.06,20.25,"Down",0.2,2.75,"Up",0.3,0.419753,0.790123,True,False,True,False,"Falling","Absent","Local","Local","Contained","Minor","BreaksPriorHigh;CloseInsidePriorRange;DissipationLocal;AcceptanceContained;CompressionLocal"
1892,"2026-05-29 10:45:00",30365.25,30370.5,30340.25,30347.5,2820,"LLLH","Red","Up",0.45,0.18,30.25,"Up",0.7,17.75,"Up",0.7,0.239669,0.471074,False,False,False,True,"Rising","Local","Absent","Absent","Accepted","Moderate","BreaksPriorLow;AcceptanceAccepted"
1893,"2026-05-29 10:50:00",30347,30354.75,30337.75,30346.25,1928,"LLLH","Red","Down",0.1,0.04,17,"Down",0.05,0.75,"Down",0.15,0.5,0.852941,True,False,False,True,"Falling","Absent","Clustered","Local","Contained","Minor","BreaksPriorLow;CloseInsidePriorRange;DissipationLocal;AcceptanceContained;CompressionClustered"
1894,"2026-05-29 10:55:00",30345.75,30360.75,30329.5,30330.25,3466,"OutsideBar","Red","Up",0.7,0.32,31.25,"Up",0.85,15.5,"Up",0.65,0.024,0.544,False,False,True,True,"Rising","Strong","Absent","Absent","Accepted","Major","RangePeak20;BreaksPriorHigh;BreaksPriorLow;AcceptanceAccepted"
1895,"2026-05-29 11:00:00",30330,30330.5,30296,30302,5245,"LLLH","Red","Up",0.95,0.58,34.5,"Up",0.9,28,"Up",1,0.173913,0.028986,False,False,False,True,"Peak","Strong","Absent","Absent","Accepted","Structural","VolumePeak20;RangePeak20;BreaksPriorLow;AcceptanceAccepted"
1896,"2026-05-29 11:05:00",30301.75,30331.25,30291,30330.5,4714,"OutsideBar","Black","Down",0.85,0.52,40.25,"Up",0.95,28.75,"Up",1,0.981366,0.857143,True,False,True,True,"Peak","Climactic","Local","Local","Contained","Structural","VolumePeak20;RangePeak20;RangeClimactic20;BreaksPriorHigh;BreaksPriorLow;CloseInsidePriorRange;DissipationLocal;AcceptanceContained;CompressionLocal"
1897,"2026-05-29 11:10:00",30331.25,30353.5,30330,30351.75,3302,"HHHL","Black","Down",0.6,0.32,23.5,"Down",0.4,20.5,"Down",0.9,0.925532,0.053191,False,False,True,False,"Falling","Absent","Absent","Local","Accepted","Moderate","BreaksPriorHigh;DissipationLocal;AcceptanceAccepted"
1898,"2026-05-29 11:15:00",30352.25,30366.25,30335.5,30342.5,3842,"HHHL","Red","Up",0.8,0.46,30.75,"Up",0.75,9.75,"Down",0.6,0.227642,0.585366,True,True,True,False,"Peak","Local","Local","Absent","Contained","Major","VolumePeak20;BreaksPriorHigh;CloseInsidePriorRange;CloseInsidePriorBody;AcceptanceContained;CompressionLocal"
1899,"2026-05-29 11:20:00",30342.75,30352.5,30328.5,30351.25,3093,"LLLH","Black","Down",0.6,0.3,24,"Down",0.45,8.5,"Down",0.5,0.947917,0.708333,True,True,False,True,"Falling","Absent","Local","Local","Contained","Moderate","BreaksPriorLow;CloseInsidePriorRange;CloseInsidePriorBody;DissipationLocal;AcceptanceContained;CompressionLocal"
1900,"2026-05-29 11:25:00",30350.75,30365,30344.75,30364,2533,"HHHL","Black","Down",0.25,0.1,20.25,"Down",0.3,13.25,"Up",0.7,0.950617,0.382716,False,False,True,False,"Falling","Absent","Absent","Local","Accepted","Minor","BreaksPriorHigh;DissipationLocal;AcceptanceAccepted"
1901,"2026-05-29 11:30:00",30364.5,30385.5,30359.5,30379.5,3035,"HHHL","Black","Up",0.55,0.32,26,"Up",0.5,15,"Up",0.7,0.769231,0.211538,False,False,True,False,"Rising","Local","Absent","Absent","Accepted","Minor","BreaksPriorHigh;AcceptanceAccepted"
1902,"2026-05-29 11:35:00",30379.5,30402.25,30378.75,30395,2907,"HHHL","Black","Down",0.45,0.28,23.5,"Down",0.45,15.5,"Up",0.8,0.691489,0.287234,False,False,True,False,"Falling","Absent","Absent","Local","Accepted","Minor","BreaksPriorHigh;DissipationLocal;AcceptanceAccepted"
1903,"2026-05-29 11:40:00",30395.25,30396.75,30367,30377.5,3469,"LLLH","Red","Up",0.75,0.44,29.75,"Up",0.65,17.75,"Up",0.85,0.352941,0.605042,False,False,False,True,"Rising","Local","Absent","Absent","Accepted","Moderate","BreaksPriorLow;AcceptanceAccepted"
1904,"2026-05-29 11:45:00",30376.75,30388.25,30374.75,30384.75,2494,"InsideBar","Black","Down",0.25,0.1,13.5,"Down",0.05,8,"Down",0.35,0.740741,1,True,True,False,False,"Falling","Absent","Clustered","Absent","Unresolved","Minor","CloseInsidePriorRange;CloseInsidePriorBody;CompressionClustered"
1905,"2026-05-29 11:50:00",30385.25,30385.5,30333.75,30347.75,5960,"LLLH","Red","Up",1,0.86,51.75,"Up",1,37.5,"Up",1,0.270531,0.207729,False,False,False,True,"Peak","Climactic","Absent","Absent","Accepted","Structural","VolumePeak20;RangePeak20;RangeClimactic20;BreaksPriorLow;AcceptanceAccepted"
1906,"2026-05-29 11:55:00",30348,30356.25,30321.75,30343,4200,"LLLH","Red","Down",0.75,0.62,34.5,"Down",0.85,5,"Down",0.2,0.615942,0.652174,True,False,False,True,"Falling","Strong","Local","Local","Contained","Major","RangePeak20;BreaksPriorLow;CloseInsidePriorRange;DissipationLocal;AcceptanceContained;CompressionLocal"
1907,"2026-05-29 12:00:00",30343.25,30346.25,30316.5,30324.5,2694,"LLLH","Red","Down",0.25,0.2,29.75,"Down",0.55,18.75,"Up",0.8,0.268908,0.823529,True,False,False,True,"Falling","Absent","Clustered","Local","Contained","Minor","BreaksPriorLow;CloseInsidePriorRange;DissipationLocal;AcceptanceContained;CompressionClustered"
1908,"2026-05-29 12:05:00",30324,30352.75,30315.25,30344.25,3934,"OutsideBar","Black","Up",0.75,0.62,37.5,"Up",0.9,20.25,"Up",0.8,0.773333,0.793333,True,False,True,True,"Rising","Strong","Local","Absent","Contained","Structural","RangePeak20;BreaksPriorHigh;BreaksPriorLow;CloseInsidePriorRange;AcceptanceContained;CompressionLocal"
1909,"2026-05-29 12:10:00",30344.25,30369,30343.5,30363.5,2525,"HHHL","Black","Down",0.2,0.12,25.5,"Down",0.4,19.25,"Down",0.75,0.784314,0.362745,False,False,True,False,"Falling","Absent","Absent","Local","Accepted","Minor","BreaksPriorHigh;DissipationLocal;AcceptanceAccepted"
1910,"2026-05-29 12:15:00",30363.5,30369.25,30357.75,30365,1951,"HHHL","Black","Down",0.1,0.06,11.5,"Down",0.05,1.5,"Down",0.1,0.630435,0.978261,True,False,True,False,"Falling","Absent","Clustered","Local","Contained","Minor","BreaksPriorHigh;CloseInsidePriorRange;DissipationLocal;AcceptanceContained;CompressionClustered"
1911,"2026-05-29 12:20:00",30365.5,30370,30344,30358.75,3005,"OutsideBar","Red","Up",0.45,0.42,26,"Up",0.5,6.75,"Up",0.2,0.567308,0.442308,True,False,True,True,"Rising","Local","Local","Absent","Contained","Minor","BreaksPriorHigh;BreaksPriorLow;CloseInsidePriorRange;AcceptanceContained;CompressionLocal"
1912,"2026-05-29 12:25:00",30359,30373.5,30353.75,30368,2478,"HHHL","Black","Down",0.15,0.12,19.75,"Down",0.2,9,"Up",0.35,0.721519,0.822785,True,False,True,False,"Falling","Absent","Clustered","Local","Contained","Minor","BreaksPriorHigh;CloseInsidePriorRange;DissipationLocal;AcceptanceContained;CompressionClustered"
1913,"2026-05-29 12:30:00",30368.25,30384.25,30354.5,30381.25,2740,"HHHL","Black","Up",0.35,0.28,29.75,"Up",0.65,13,"Up",0.4,0.89916,0.638655,False,False,True,False,"Rising","Local","Absent","Absent","Accepted","Moderate","BreaksPriorHigh;AcceptanceAccepted"
1914,"2026-05-29 12:35:00",30382.25,30402.75,30381.75,30402.75,3561,"HHHL","Black","Up",0.7,0.64,21,"Down",0.25,20.5,"Up",0.85,1,0.119048,False,False,True,False,"Rising","Absent","Absent","Local","Accepted","Moderate","BreaksPriorHigh;DissipationLocal;AcceptanceAccepted"
1915,"2026-05-29 12:40:00",30402.75,30432.5,30401.5,30428.75,4674,"HHHL","Black","Up",0.9,0.86,31,"Up",0.8,26,"Up",0.9,0.879032,0.040323,False,False,True,False,"Peak","Strong","Absent","Absent","Accepted","Major","VolumePeak20;RangePeak20;BreaksPriorHigh;AcceptanceAccepted"
1916,"2026-05-29 12:45:00",30428.5,30440,30421.5,30429,4066,"HHHL","Black","Down",0.85,0.78,18.5,"Down",0.15,0.5,"Down",0.05,0.405405,0.594595,True,False,True,False,"Peak","Absent","Local","Local","Contained","Major","VolumePeak20;HighVolumeLowRange;BreaksPriorHigh;CloseInsidePriorRange;DissipationLocal;AcceptanceContained;CompressionLocal"
1917,"2026-05-29 12:50:00",30429.75,30439.5,30412.25,30436,4112,"LLLH","Black","Up",0.85,0.8,27.25,"Up",0.6,6.25,"Up",0.2,0.87156,0.66055,True,False,False,True,"Peak","Local","Local","Absent","Contained","Major","VolumePeak20;BreaksPriorLow;CloseInsidePriorRange;AcceptanceContained;CompressionLocal"
1918,"2026-05-29 12:55:00",30435.75,30445.25,30397,30410,10304,"OutsideBar","Red","Up",1,1,48.25,"Up",0.95,25.75,"Up",0.9,0.26943,0.564767,False,False,True,True,"Climactic","Climactic","Absent","Absent","Accepted","SessionDefining","VolumePeak20;VolumeClimactic50;RangePeak20;RangeClimactic20;BreaksPriorHigh;BreaksPriorLow;AcceptanceAccepted"
1919,"2026-05-29 13:00:00",30409.5,30424.25,30393,30395.75,17442,"LLLH","Red","Up",1,1,31.25,"Down",0.8,13.75,"Down",0.5,0.088,0.872,False,False,False,True,"Climactic","Strong","Clustered","Local","Accepted","Structural","VolumePeak20;VolumeClimactic50;RangePeak20;BreaksPriorLow;DissipationLocal;AcceptanceAccepted;CompressionClustered"
1920,"2026-05-29 13:05:00",30396.5,30411,30389,30406.5,6563,"LLLH","Black","Down",0.9,0.96,22,"Down",0.3,10,"Down",0.4,0.795455,0.818182,True,True,False,True,"Climactic","Absent","Clustered","Local","Contained","Structural","VolumePeak20;VolumeClimactic50;HighVolumeLowRange;BreaksPriorLow;CloseInsidePriorRange;CloseInsidePriorBody;DissipationLocal;AcceptanceContained;CompressionClustered"
1921,"2026-05-29 13:10:00",30407,30410.5,30394,30400.25,1608,"InsideBar","Red","Down",0.05,0.02,16.5,"Down",0.15,6.75,"Down",0.3,0.378788,1,True,True,False,False,"Falling","Absent","Clustered","Absent","Unresolved","Minor","CloseInsidePriorRange;CloseInsidePriorBody;CompressionClustered"
1922,"2026-05-29 13:15:00",30401,30404,30390,30396.25,1303,"LLLH","Red","Down",0.05,0.02,14,"Down",0.15,4.75,"Down",0.15,0.446429,0.714286,True,False,False,True,"Falling","Absent","Local","Local","Contained","Minor","BreaksPriorLow;CloseInsidePriorRange;DissipationLocal;AcceptanceContained;CompressionLocal"
1923,"2026-05-29 13:20:00",30396,30397,30381.25,30384.5,914,"LLLH","Red","Down",0.05,0.02,15.75,"Up",0.2,11.5,"Up",0.55,0.206349,0.444444,False,False,False,True,"Falling","Local","Absent","Local","Accepted","Minor","BreaksPriorLow;DissipationLocal;AcceptanceAccepted"
1924,"2026-05-29 13:25:00",30385,30396.5,30381.5,30393.5,836,"InsideBar","Black","Down",0.05,0.02,15,"Down",0.15,8.5,"Down",0.4,0.8,1,True,True,False,False,"Falling","Absent","Clustered","Absent","Unresolved","Minor","CloseInsidePriorRange;CloseInsidePriorBody;CompressionClustered"
1925,"2026-05-29 13:30:00",30393.75,30395,30379,30386.5,1098,"LLLH","Red","Up",0.15,0.06,16,"Up",0.25,7.25,"Down",0.4,0.46875,0.84375,True,True,False,True,"Rising","Local","Local","Absent","Contained","Minor","BreaksPriorLow;CloseInsidePriorRange;CloseInsidePriorBody;AcceptanceContained;CompressionLocal"
1926,"2026-05-29 13:35:00",30386.25,30390.25,30383.25,30390,607,"InsideBar","Black","Down",0.05,0.02,7,"Down",0.05,3.75,"Down",0.15,0.964286,1,True,True,False,False,"Falling","Absent","Clustered","Absent","Unresolved","Minor","CloseInsidePriorRange;CloseInsidePriorBody;CompressionClustered"
1927,"2026-05-29 13:40:00",30389.75,30392.25,30386,30386.75,373,"HHHL","Red","Down",0.05,0.02,6.25,"Down",0.05,3,"Down",0.15,0.12,0.68,True,True,True,False,"Falling","Absent","Local","Local","Contained","Minor","BreaksPriorHigh;CloseInsidePriorRange;CloseInsidePriorBody;DissipationLocal;AcceptanceContained;CompressionLocal"
1928,"2026-05-29 13:45:00",30386,30386.25,30376.5,30382.75,685,"LLLH","Red","Up",0.15,0.06,9.75,"Up",0.15,3.25,"Up",0.2,0.641026,0.025641,False,False,False,True,"Rising","Local","Absent","Absent","Accepted","Minor","BreaksPriorLow;AcceptanceAccepted"
1929,"2026-05-29 13:50:00",30382.5,30389,30381.5,30387,624,"HHHL","Black","Down",0.15,0.06,7.5,"Down",0.15,4.5,"Up",0.3,0.733333,0.633333,False,False,True,False,"Falling","Absent","Absent","Local","Accepted","Minor","BreaksPriorHigh;DissipationLocal;AcceptanceAccepted"
1930,"2026-05-29 13:55:00",30387,30397,30381.75,30383.5,652,"HHHL","Red","Up",0.2,0.08,15.25,"Up",0.35,3.5,"Down",0.2,0.114754,0.47541,True,True,True,False,"Rising","Local","Local","Absent","Contained","Minor","BreaksPriorHigh;CloseInsidePriorRange;CloseInsidePriorBody;AcceptanceContained;CompressionLocal"
