BarIndex,Time,Open,High,Low,Close,Volume,Geometry,VolumePolarity,VolumeDelta,VolumeRank20,VolumeRank50,Range,RangeDelta,RangeRank20,Body,BodyDelta,BodyRank20,CloseLocation,OverlapRatio,CloseInsidePriorRange,CloseInsidePriorBody,BreaksPriorHigh,BreaksPriorLow,ParticipationState,ExpansionState,CompressionState,DissipationState,AcceptanceState,SignificanceState,EvidenceFlags
1,"2026-04-01 06:10:00",93.27,93.5,93.16,93.32,1550,"HHHL","Black","Down",0,0,0.34,"Down",0,0.05,"Down",0,0.470588,0.823529,True,False,True,False,"Falling","Absent","Clustered","Local","Contained","Minor","BreaksPriorHigh;CloseInsidePriorRange;DissipationLocal;AcceptanceContained;CompressionClustered"
2,"2026-04-01 06:15:00",93.31,93.45,92.61,92.95,3290,"LLLH","Red","Up",0,0,0.84,"Up",0,0.36,"Up",0,0.404762,0.345238,False,False,False,True,"Rising","Local","Absent","Absent","Accepted","Minor","BreaksPriorLow;AcceptanceAccepted"
3,"2026-04-01 06:20:00",92.96,93.22,92.5,92.79,2295,"LLLH","Red","Down",0,0,0.72,"Down",0,0.17,"Down",0,0.402778,0.847222,True,False,False,True,"Falling","Absent","Clustered","Local","Contained","Minor","BreaksPriorLow;CloseInsidePriorRange;DissipationLocal;AcceptanceContained;CompressionClustered"
4,"2026-04-01 06:25:00",92.81,93.42,92.59,92.6,1750,"HHHL","Red","Down",0,0,0.83,"Up",0,0.21,"Up",0,0.012048,0.759036,True,False,True,False,"Falling","Local","Local","Local","Contained","Minor","BreaksPriorHigh;CloseInsidePriorRange;DissipationLocal;AcceptanceContained;CompressionLocal"
5,"2026-04-01 06:30:00",92.59,92.81,92.37,92.61,1841,"LLLH","Black","Up",0,0,0.44,"Down",0,0.02,"Down",0,0.545455,0.5,True,True,False,True,"Rising","Absent","Local","Local","Contained","Minor","BreaksPriorLow;CloseInsidePriorRange;CloseInsidePriorBody;DissipationLocal;AcceptanceContained;CompressionLocal"
6,"2026-04-01 06:35:00",92.63,92.74,92.03,92.13,2764,"LLLH","Red","Up",0,0,0.71,"Up",0,0.5,"Up",0,0.140845,0.521127,False,False,False,True,"Rising","Local","Absent","Absent","Accepted","Minor","BreaksPriorLow;AcceptanceAccepted"
7,"2026-04-01 06:40:00",92.15,92.31,91.36,91.62,4056,"LLLH","Red","Up",0,0,0.95,"Up",0,0.53,"Up",0,0.273684,0.294737,False,False,False,True,"Rising","Local","Absent","Absent","Accepted","Minor","BreaksPriorLow;AcceptanceAccepted"
8,"2026-04-01 06:45:00",91.61,92.4,91.27,91.99,4602,"OutsideBar","Black","Up",0,0,1.13,"Up",0,0.38,"Down",0,0.637168,0.840708,True,True,True,True,"Rising","Local","Local","Absent","Contained","Minor","BreaksPriorHigh;BreaksPriorLow;CloseInsidePriorRange;CloseInsidePriorBody;AcceptanceContained;CompressionLocal"
9,"2026-04-01 06:50:00",91.95,92.07,91.49,91.58,2276,"InsideBar","Red","Down",0,0,0.58,"Down",0,0.37,"Down",0,0.155172,1,True,False,False,False,"Falling","Absent","Clustered","Absent","Unresolved","Minor","CloseInsidePriorRange;CompressionClustered"
10,"2026-04-01 06:55:00",91.56,91.86,90.93,91.31,3082,"LLLH","Red","Up",0,0,0.93,"Up",0,0.25,"Down",0,0.408602,0.397849,False,False,False,True,"Rising","Local","Absent","Absent","Accepted","Minor","BreaksPriorLow;AcceptanceAccepted"
11,"2026-04-01 07:00:00",91.32,91.63,91.1,91.45,1921,"InsideBar","Black","Down",0,0,0.53,"Down",0,0.13,"Down",0,0.660377,1,True,True,False,False,"Falling","Absent","Clustered","Absent","Unresolved","Minor","CloseInsidePriorRange;CloseInsidePriorBody;CompressionClustered"
12,"2026-04-01 07:05:00",91.45,91.93,91.38,91.55,2191,"HHHL","Black","Up",0,0,0.55,"Up",0,0.1,"Down",0,0.309091,0.454545,True,False,True,False,"Rising","Local","Local","Absent","Contained","Minor","BreaksPriorHigh;CloseInsidePriorRange;AcceptanceContained;CompressionLocal"
13,"2026-04-01 07:10:00",91.52,91.92,91.37,91.51,1582,"LLLH","Red","Down",0,0,0.55,"Down",0,0.01,"Down",0,0.254545,0.981818,True,True,False,True,"Falling","Absent","Clustered","Local","Contained","Minor","BreaksPriorLow;CloseInsidePriorRange;CloseInsidePriorBody;DissipationLocal;AcceptanceContained;CompressionClustered"
14,"2026-04-01 07:15:00",91.51,91.74,91.06,91.17,1833,"LLLH","Red","Up",0,0,0.68,"Up",0,0.34,"Up",0,0.161765,0.544118,False,False,False,True,"Rising","Local","Absent","Absent","Accepted","Minor","BreaksPriorLow;AcceptanceAccepted"
15,"2026-04-01 07:20:00",91.17,91.3,90.95,91.12,1968,"LLLH","Red","Up",0,0,0.35,"Down",0,0.05,"Down",0,0.485714,0.685714,True,False,False,True,"Rising","Absent","Local","Local","Contained","Minor","BreaksPriorLow;CloseInsidePriorRange;DissipationLocal;AcceptanceContained;CompressionLocal"
16,"2026-04-01 07:25:00",91.11,91.61,91.08,91.31,2509,"HHHL","Black","Up",0,0,0.53,"Up",0,0.2,"Up",0,0.433962,0.415094,False,False,True,False,"Rising","Local","Absent","Absent","Accepted","Minor","BreaksPriorHigh;AcceptanceAccepted"
17,"2026-04-01 07:30:00",91.28,91.6,91.19,91.34,1282,"InsideBar","Black","Down",0,0,0.41,"Down",0,0.06,"Down",0,0.365854,1,True,False,False,False,"Falling","Absent","Clustered","Absent","Unresolved","Minor","CloseInsidePriorRange;CompressionClustered"
18,"2026-04-01 07:35:00",91.36,91.75,90.72,91.67,3458,"OutsideBar","Black","Up",0,0,1.03,"Up",0,0.31,"Up",0,0.92233,0.398058,False,False,True,True,"Rising","Local","Absent","Absent","Accepted","Minor","BreaksPriorHigh;BreaksPriorLow;AcceptanceAccepted"
19,"2026-04-01 07:40:00",91.66,91.99,91.02,91.27,3515,"HHHL","Red","Up",0.9,0,0.97,"Down",0.9,0.39,"Up",0.9,0.257732,0.752577,True,False,True,False,"Peak","Strong","Local","Local","Contained","Structural","VolumePeak20;RangePeak20;BreaksPriorHigh;CloseInsidePriorRange;DissipationLocal;AcceptanceContained;CompressionLocal"
20,"2026-04-01 07:45:00",91.31,92.07,91.3,91.44,2885,"HHHL","Black","Down",0.7,0,0.77,"Down",0.65,0.13,"Down",0.35,0.181818,0.896104,True,True,True,False,"Falling","Absent","Clustered","Local","Contained","Moderate","BreaksPriorHigh;CloseInsidePriorRange;CloseInsidePriorBody;DissipationLocal;AcceptanceContained;CompressionClustered"
21,"2026-04-01 07:50:00",91.45,91.83,91.22,91.34,1684,"LLLH","Red","Down",0.15,0,0.61,"Down",0.45,0.11,"Down",0.3,0.196721,0.868852,True,True,False,True,"Falling","Absent","Clustered","Local","Contained","Minor","BreaksPriorLow;CloseInsidePriorRange;CloseInsidePriorBody;DissipationLocal;AcceptanceContained;CompressionClustered"
22,"2026-04-01 07:55:00",91.34,91.58,91.09,91.34,1796,"LLLH","Neutral","Up",0.25,0,0.49,"Down",0.2,0,"Down",0.05,0.510204,0.734694,True,True,False,True,"Rising","Absent","Local","Local","Contained","Minor","BreaksPriorLow;CloseInsidePriorRange;CloseInsidePriorBody;DissipationLocal;AcceptanceContained;CompressionLocal"
23,"2026-04-01 08:00:00",91.33,91.58,91.17,91.56,1085,"InsideBar","Black","Down",0.05,0,0.41,"Down",0.15,0.23,"Up",0.6,0.95122,1,True,False,False,False,"Falling","Absent","Clustered","Absent","Unresolved","Minor","CloseInsidePriorRange;CompressionClustered"
24,"2026-04-01 08:05:00",91.55,91.86,91.43,91.63,1675,"HHHL","Black","Up",0.2,0,0.43,"Up",0.2,0.08,"Down",0.3,0.465116,0.348837,False,False,True,False,"Rising","Local","Absent","Absent","Accepted","Minor","BreaksPriorHigh;AcceptanceAccepted"
25,"2026-04-01 08:10:00",91.64,91.87,91.51,91.58,1563,"HHHL","Red","Down",0.15,0,0.36,"Down",0.1,0.06,"Down",0.25,0.194444,0.972222,True,True,True,False,"Falling","Absent","Clustered","Local","Contained","Minor","BreaksPriorHigh;CloseInsidePriorRange;CloseInsidePriorBody;DissipationLocal;AcceptanceContained;CompressionClustered"
26,"2026-04-01 08:15:00",91.58,91.85,91.54,91.77,1329,"InsideBar","Black","Down",0.15,0,0.31,"Down",0.05,0.19,"Up",0.55,0.741935,1,True,False,False,False,"Falling","Absent","Clustered","Absent","Unresolved","Minor","CloseInsidePriorRange;CompressionClustered"
27,"2026-04-01 08:20:00",91.74,91.97,91.61,91.67,1182,"HHHL","Red","Down",0.1,0,0.36,"Up",0.2,0.07,"Down",0.3,0.166667,0.666667,True,True,True,False,"Falling","Local","Local","Local","Contained","Minor","BreaksPriorHigh;CloseInsidePriorRange;CloseInsidePriorBody;DissipationLocal;AcceptanceContained;CompressionLocal"
28,"2026-04-01 08:25:00",91.68,92.48,91.61,92.39,2280,"OutsideBar","Black","Up",0.75,0,0.87,"Up",0.85,0.71,"Up",1,0.896552,0.413793,False,False,True,False,"Rising","Strong","Absent","Absent","Accepted","Major","RangePeak20;BreaksPriorHigh;AcceptanceAccepted"
29,"2026-04-01 08:30:00",92.39,92.69,92.25,92.53,3252,"HHHL","Black","Up",0.9,0,0.44,"Down",0.4,0.14,"Down",0.6,0.636364,0.522727,False,False,True,False,"Peak","Absent","Absent","Local","Accepted","Major","VolumePeak20;HighVolumeLowRange;BreaksPriorHigh;DissipationLocal;AcceptanceAccepted"
30,"2026-04-01 08:35:00",92.51,92.63,92.21,92.28,1930,"LLLH","Red","Down",0.6,0,0.42,"Down",0.35,0.23,"Up",0.8,0.166667,0.904762,True,False,False,True,"Falling","Absent","Clustered","Local","Contained","Moderate","BreaksPriorLow;CloseInsidePriorRange;DissipationLocal;AcceptanceContained;CompressionClustered"
31,"2026-04-01 08:40:00",92.27,92.43,92.03,92.08,1444,"LLLH","Red","Down",0.25,0,0.4,"Down",0.25,0.19,"Down",0.65,0.125,0.55,False,False,False,True,"Falling","Absent","Absent","Local","Accepted","Minor","BreaksPriorLow;DissipationLocal;AcceptanceAccepted"
32,"2026-04-01 08:45:00",92.06,92.39,92.05,92.34,962,"InsideBar","Black","Down",0.05,0,0.34,"Down",0.1,0.28,"Up",0.8,0.852941,1,True,False,False,False,"Falling","Absent","Clustered","Absent","Unresolved","Minor","CloseInsidePriorRange;CompressionClustered"
33,"2026-04-01 08:50:00",92.33,92.64,92.29,92.51,1189,"HHHL","Black","Up",0.2,0,0.35,"Up",0.2,0.18,"Down",0.5,0.628571,0.285714,False,False,True,False,"Rising","Local","Absent","Absent","Accepted","Minor","BreaksPriorHigh;AcceptanceAccepted"
34,"2026-04-01 08:55:00",92.51,92.77,92.49,92.61,1380,"HHHL","Black","Up",0.35,0,0.28,"Down",0.05,0.1,"Down",0.35,0.428571,0.535714,True,False,True,False,"Rising","Absent","Local","Local","Contained","Minor","BreaksPriorHigh;CloseInsidePriorRange;DissipationLocal;AcceptanceContained;CompressionLocal"
35,"2026-04-01 09:00:00",92.6,92.61,92.09,92.22,2496,"LLLH","Red","Up",0.75,0,0.52,"Up",0.7,0.38,"Up",0.9,0.25,0.230769,False,False,False,True,"Rising","Local","Absent","Absent","Accepted","Moderate","BreaksPriorLow;AcceptanceAccepted"
36,"2026-04-01 09:05:00",92.23,92.36,92.12,92.34,1532,"InsideBar","Black","Down",0.45,0,0.24,"Down",0.05,0.11,"Down",0.4,0.916667,1,True,True,False,False,"Falling","Absent","Clustered","Absent","Unresolved","Minor","CloseInsidePriorRange;CloseInsidePriorBody;CompressionClustered"
37,"2026-04-01 09:10:00",92.34,92.57,92.22,92.43,1054,"HHHL","Black","Down",0.1,0,0.35,"Up",0.3,0.09,"Down",0.25,0.6,0.4,False,False,True,False,"Falling","Local","Absent","Local","Accepted","Minor","BreaksPriorHigh;DissipationLocal;AcceptanceAccepted"
38,"2026-04-01 09:15:00",92.42,93.23,92.42,93.17,3255,"HHHL","Black","Up",0.95,0,0.81,"Up",0.9,0.75,"Up",1,0.925926,0.185185,False,False,True,False,"Peak","Strong","Absent","Absent","Accepted","Structural","VolumePeak20;RangePeak20;BreaksPriorHigh;AcceptanceAccepted"
39,"2026-04-01 09:20:00",93.16,93.35,92.84,92.89,1727,"HHHL","Red","Down",0.65,0,0.51,"Down",0.75,0.27,"Down",0.8,0.098039,0.764706,True,True,True,False,"Falling","Absent","Local","Local","Contained","Moderate","BreaksPriorHigh;CloseInsidePriorRange;CloseInsidePriorBody;DissipationLocal;AcceptanceContained;CompressionLocal"
40,"2026-04-01 09:25:00",92.89,92.98,92.7,92.82,1025,"LLLH","Red","Down",0.1,0,0.28,"Down",0.15,0.07,"Down",0.2,0.428571,0.5,False,False,False,True,"Falling","Absent","Absent","Local","Accepted","Minor","BreaksPriorLow;DissipationLocal;AcceptanceAccepted"
41,"2026-04-01 09:30:00",92.83,92.88,92.55,92.58,1307,"LLLH","Red","Up",0.35,0,0.33,"Up",0.25,0.25,"Up",0.75,0.090909,0.545455,False,False,False,True,"Rising","Local","Absent","Absent","Accepted","Minor","BreaksPriorLow;AcceptanceAccepted"
42,"2026-04-01 09:35:00",92.58,92.75,92.45,92.69,1846,"LLLH","Black","Up",0.75,0,0.3,"Down",0.2,0.11,"Down",0.4,0.8,0.666667,True,True,False,True,"Rising","Absent","Local","Local","Contained","Moderate","BreaksPriorLow;CloseInsidePriorRange;CloseInsidePriorBody;DissipationLocal;AcceptanceContained;CompressionLocal"
43,"2026-04-01 09:40:00",92.7,92.8,92.61,92.64,669,"HHHL","Red","Down",0.05,0,0.19,"Down",0.05,0.06,"Down",0.1,0.157895,0.736842,True,True,True,False,"Falling","Absent","Local","Local","Contained","Minor","BreaksPriorHigh;CloseInsidePriorRange;CloseInsidePriorBody;DissipationLocal;AcceptanceContained;CompressionLocal"
44,"2026-04-01 09:45:00",92.66,92.67,92.3,92.3,1263,"LLLH","Red","Up",0.35,0,0.37,"Up",0.65,0.36,"Up",0.85,0,0.162162,False,False,False,True,"Rising","Local","Absent","Absent","Accepted","Moderate","BreaksPriorLow;AcceptanceAccepted"
45,"2026-04-01 09:50:00",92.31,92.58,92.31,92.54,900,"InsideBar","Black","Down",0.1,0,0.27,"Down",0.15,0.23,"Down",0.65,0.851852,1,True,True,False,False,"Falling","Absent","Clustered","Absent","Unresolved","Minor","CloseInsidePriorRange;CloseInsidePriorBody;CompressionClustered"
46,"2026-04-01 09:55:00",92.54,92.69,92.46,92.66,849,"HHHL","Black","Down",0.1,0,0.23,"Down",0.1,0.12,"Down",0.4,0.869565,0.521739,False,False,True,False,"Falling","Absent","Absent","Local","Accepted","Minor","BreaksPriorHigh;DissipationLocal;AcceptanceAccepted"
47,"2026-04-01 10:00:00",92.64,92.75,92.46,92.52,679,"OutsideBar","Red","Down",0.1,0,0.29,"Up",0.35,0.12,"Up",0.4,0.206897,0.793103,True,False,True,False,"Falling","Local","Local","Local","Contained","Minor","BreaksPriorHigh;CloseInsidePriorRange;DissipationLocal;AcceptanceContained;CompressionLocal"
48,"2026-04-01 10:05:00",92.5,92.53,92.25,92.28,1429,"LLLH","Red","Up",0.6,0,0.28,"Down",0.35,0.22,"Up",0.6,0.107143,0.25,False,False,False,True,"Rising","Absent","Absent","Local","Accepted","Moderate","BreaksPriorLow;DissipationLocal;AcceptanceAccepted"
49,"2026-04-01 10:10:00",92.29,92.29,91.68,91.79,2595,"LLLH","Red","Up",0.95,0.8,0.61,"Up",0.95,0.5,"Up",0.95,0.180328,0.065574,False,False,False,True,"Peak","Climactic","Absent","Absent","Accepted","Structural","VolumePeak20;RangePeak20;RangeClimactic20;BreaksPriorLow;AcceptanceAccepted"
50,"2026-04-01 10:15:00",91.78,91.89,91.64,91.71,1672,"LLLH","Red","Down",0.75,0.44,0.25,"Down",0.2,0.07,"Down",0.15,0.28,0.84,True,False,False,True,"Falling","Absent","Clustered","Local","Contained","Moderate","BreaksPriorLow;CloseInsidePriorRange;DissipationLocal;AcceptanceContained;CompressionClustered"
51,"2026-04-01 10:20:00",91.7,92.04,91.67,92.01,1289,"HHHL","Black","Down",0.5,0.26,0.37,"Up",0.8,0.31,"Up",0.8,0.918919,0.594595,False,False,True,False,"Falling","Strong","Absent","Local","Accepted","Major","RangePeak20;BreaksPriorHigh;DissipationLocal;AcceptanceAccepted"
52,"2026-04-01 10:25:00",92.01,92.02,91.65,91.98,1397,"LLLH","Red","Up",0.6,0.34,0.37,"Down",0.7,0.03,"Down",0.05,0.891892,0.945946,True,True,False,True,"Rising","Absent","Clustered","Local","Contained","Moderate","BreaksPriorLow;CloseInsidePriorRange;CloseInsidePriorBody;DissipationLocal;AcceptanceContained;CompressionClustered"
53,"2026-04-01 10:30:00",91.99,92.03,91.8,91.81,706,"HHHL","Red","Down",0.15,0.06,0.23,"Down",0.15,0.18,"Up",0.55,0.043478,0.956522,True,False,True,False,"Falling","Absent","Clustered","Local","Contained","Minor","BreaksPriorHigh;CloseInsidePriorRange;DissipationLocal;AcceptanceContained;CompressionClustered"
54,"2026-04-01 10:35:00",91.82,91.87,91.49,91.68,1635,"LLLH","Red","Up",0.7,0.48,0.38,"Up",0.8,0.14,"Down",0.5,0.5,0.184211,False,False,False,True,"Rising","Strong","Absent","Absent","Accepted","Major","RangePeak20;BreaksPriorLow;AcceptanceAccepted"
55,"2026-04-01 10:40:00",91.67,91.74,91.49,91.55,1156,"InsideBar","Red","Down",0.4,0.2,0.25,"Down",0.3,0.12,"Down",0.5,0.24,1,True,False,False,False,"Falling","Absent","Clustered","Absent","Unresolved","Minor","CloseInsidePriorRange;CompressionClustered"
56,"2026-04-01 10:45:00",91.54,91.55,91.37,91.44,994,"LLLH","Red","Down",0.3,0.14,0.18,"Down",0.05,0.1,"Down",0.3,0.388889,0.333333,False,False,False,True,"Falling","Absent","Absent","Local","Accepted","Minor","BreaksPriorLow;DissipationLocal;AcceptanceAccepted"
57,"2026-04-01 10:50:00",91.44,91.46,91.11,91.3,1824,"LLLH","Red","Up",0.85,0.64,0.35,"Up",0.65,0.14,"Up",0.55,0.542857,0.257143,False,False,False,True,"Peak","Local","Absent","Absent","Accepted","Major","VolumePeak20;BreaksPriorLow;AcceptanceAccepted"
58,"2026-04-01 10:55:00",91.3,91.43,91.07,91.4,1508,"LLLH","Black","Down",0.7,0.46,0.36,"Up",0.7,0.1,"Down",0.3,0.916667,0.888889,True,True,False,True,"Falling","Local","Local","Local","Contained","Moderate","BreaksPriorLow;CloseInsidePriorRange;CloseInsidePriorBody;DissipationLocal;AcceptanceContained;CompressionLocal"
59,"2026-04-01 11:00:00",91.38,91.99,91.29,91.8,1984,"HHHL","Black","Up",0.95,0.78,0.7,"Up",1,0.42,"Up",0.95,0.728571,0.2,False,False,True,False,"Peak","Climactic","Absent","Absent","Accepted","Structural","VolumePeak20;RangePeak20;RangeClimactic20;BreaksPriorHigh;AcceptanceAccepted"
60,"2026-04-01 11:05:00",91.8,92.28,91.78,92.2,1918,"HHHL","Black","Down",0.9,0.72,0.5,"Down",0.9,0.4,"Down",0.9,0.84,0.42,False,False,True,False,"Peak","Strong","Absent","Local","Accepted","Structural","VolumePeak20;RangePeak20;BreaksPriorHigh;DissipationLocal;AcceptanceAccepted"
61,"2026-04-01 11:10:00",92.21,92.26,91.96,92.08,1198,"InsideBar","Red","Down",0.4,0.28,0.3,"Down",0.55,0.13,"Down",0.5,0.4,1,True,True,False,False,"Falling","Absent","Clustered","Absent","Unresolved","Minor","CloseInsidePriorRange;CloseInsidePriorBody;CompressionClustered"
62,"2026-04-01 11:15:00",92.08,92.08,91.66,91.89,1628,"LLLH","Red","Up",0.7,0.56,0.42,"Up",0.85,0.19,"Up",0.65,0.547619,0.285714,False,False,False,True,"Rising","Strong","Absent","Absent","Accepted","Major","RangePeak20;BreaksPriorLow;AcceptanceAccepted"
63,"2026-04-01 11:20:00",91.91,92.43,91.89,92.32,1640,"HHHL","Black","Up",0.75,0.58,0.54,"Up",0.9,0.41,"Up",0.9,0.796296,0.351852,False,False,True,False,"Rising","Strong","Absent","Absent","Accepted","Structural","RangePeak20;BreaksPriorHigh;AcceptanceAccepted"
64,"2026-04-01 11:25:00",92.32,92.37,91.92,92.05,2083,"InsideBar","Red","Up",0.95,0.82,0.45,"Down",0.8,0.27,"Down",0.75,0.288889,1,True,True,False,False,"Peak","Strong","Clustered","Local","Unresolved","Major","VolumePeak20;RangePeak20;CloseInsidePriorRange;CloseInsidePriorBody;DissipationLocal;CompressionClustered"
65,"2026-04-01 11:30:00",92.03,92.75,91.97,92.63,6693,"HHHL","Black","Up",1,1,0.78,"Up",1,0.6,"Up",1,0.846154,0.512821,False,False,True,False,"Climactic","Climactic","Absent","Absent","Accepted","SessionDefining","VolumePeak20;VolumeClimactic50;RangePeak20;RangeClimactic20;BreaksPriorHigh;AcceptanceAccepted"
66,"2026-04-02 06:05:00",105.64,106.46,104.31,104.69,8196,"HHHL","Red","Up",1,1,2.15,"Up",1,0.95,"Up",1,0.176744,0,False,False,True,False,"Climactic","Climactic","Absent","Absent","Accepted","SessionDefining","VolumePeak20;VolumeClimactic50;RangePeak20;RangeClimactic20;BreaksPriorHigh;AcceptanceAccepted"
67,"2026-04-02 06:10:00",104.7,105.09,104.24,104.67,4020,"LLLH","Red","Down",0.9,0.96,0.85,"Down",0.95,0.03,"Down",0.1,0.505882,0.917647,True,False,False,True,"Climactic","Climactic","Clustered","Local","Contained","SessionDefining","VolumePeak20;VolumeClimactic50;RangePeak20;RangeClimactic20;BreaksPriorLow;CloseInsidePriorRange;DissipationLocal;AcceptanceContained;CompressionClustered"
68,"2026-04-02 06:15:00",104.67,106.3,104.53,105.89,4444,"HHHL","Black","Up",0.9,0.96,1.77,"Up",0.95,1.22,"Up",1,0.768362,0.316384,False,False,True,False,"Climactic","Climactic","Absent","Absent","Accepted","SessionDefining","VolumePeak20;VolumeClimactic50;RangePeak20;RangeClimactic20;BreaksPriorHigh;AcceptanceAccepted"
69,"2026-04-02 06:20:00",105.88,105.93,105.03,105.6,3732,"InsideBar","Red","Down",0.8,0.92,0.9,"Down",0.9,0.28,"Down",0.65,0.633333,1,True,True,False,False,"Peak","Strong","Clustered","Absent","Unresolved","Structural","VolumePeak20;RangePeak20;CloseInsidePriorRange;CloseInsidePriorBody;CompressionClustered"
70,"2026-04-02 06:25:00",105.59,106.1,105.32,106.05,2321,"HHHL","Black","Down",0.75,0.82,0.78,"Down",0.8,0.46,"Up",0.85,0.935897,0.782051,False,False,True,False,"Falling","Strong","Absent","Local","Accepted","Major","RangePeak20;BreaksPriorHigh;DissipationLocal;AcceptanceAccepted"
71,"2026-04-02 06:30:00",106.05,106.05,104.99,105.13,2995,"LLLH","Red","Up",0.75,0.86,1.06,"Up",0.9,0.92,"Up",0.9,0.132075,0.688679,False,False,False,True,"Rising","Strong","Absent","Absent","Accepted","Structural","RangePeak20;BreaksPriorLow;AcceptanceAccepted"
72,"2026-04-02 06:35:00",105.14,105.17,104.2,104.39,4511,"LLLH","Red","Up",0.9,0.96,0.97,"Down",0.85,0.75,"Down",0.85,0.195876,0.185567,False,False,False,True,"Climactic","Strong","Absent","Local","Accepted","Structural","VolumePeak20;VolumeClimactic50;RangePeak20;BreaksPriorLow;DissipationLocal;AcceptanceAccepted"
73,"2026-04-02 06:40:00",104.41,105.53,103.99,105.49,4811,"OutsideBar","Black","Up",0.9,0.96,1.54,"Up",0.9,1.08,"Up",0.95,0.974026,0.62987,False,False,True,True,"Climactic","Strong","Absent","Absent","Accepted","Structural","VolumePeak20;VolumeClimactic50;RangePeak20;BreaksPriorHigh;BreaksPriorLow;AcceptanceAccepted"
74,"2026-04-02 06:45:00",105.47,105.97,105.16,105.66,3614,"HHHL","Black","Down",0.65,0.86,0.81,"Down",0.65,0.19,"Down",0.4,0.617284,0.45679,False,False,True,False,"Falling","Absent","Absent","Local","Accepted","Moderate","BreaksPriorHigh;DissipationLocal;AcceptanceAccepted"
75,"2026-04-02 06:50:00",105.66,105.68,103.99,104.33,3729,"LLLH","Red","Up",0.65,0.86,1.69,"Up",0.9,1.33,"Up",1,0.201183,0.307692,False,False,False,True,"Rising","Strong","Absent","Absent","Accepted","Structural","RangePeak20;BreaksPriorLow;AcceptanceAccepted"
76,"2026-04-02 06:55:00",104.32,104.42,103.26,103.93,4439,"LLLH","Red","Up",0.75,0.9,1.16,"Down",0.8,0.39,"Down",0.45,0.577586,0.37069,False,False,False,True,"Rising","Strong","Absent","Local","Accepted","Structural","RangePeak20;BreaksPriorLow;DissipationLocal;AcceptanceAccepted"
77,"2026-04-02 07:00:00",103.91,104.05,103.19,103.52,4332,"LLLH","Red","Down",0.7,0.88,0.86,"Down",0.6,0.39,"Up",0.45,0.383721,0.918605,True,False,False,True,"Falling","Absent","Clustered","Local","Contained","Moderate","BreaksPriorLow;CloseInsidePriorRange;DissipationLocal;AcceptanceContained;CompressionClustered"
78,"2026-04-02 07:05:00",103.52,104.21,102.99,103.91,3442,"OutsideBar","Black","Down",0.45,0.78,1.22,"Up",0.8,0.39,"Flat",0.45,0.754098,0.704918,True,True,True,True,"Falling","Strong","Local","Local","Contained","Major","RangePeak20;BreaksPriorHigh;BreaksPriorLow;CloseInsidePriorRange;CloseInsidePriorBody;DissipationLocal;AcceptanceContained;CompressionLocal"
79,"2026-04-02 07:10:00",103.92,104.18,102.82,103.22,3172,"LLLH","Red","Down",0.4,0.74,1.36,"Up",0.8,0.7,"Up",0.7,0.294118,0.875,True,False,False,True,"Falling","Strong","Local","Local","Contained","Major","RangePeak20;LowVolumeHighRange;BreaksPriorLow;CloseInsidePriorRange;DissipationLocal;AcceptanceContained;CompressionLocal"
80,"2026-04-02 07:15:00",103.22,104.06,103.18,104.01,2774,"InsideBar","Black","Down",0.3,0.7,0.88,"Down",0.5,0.79,"Up",0.75,0.943182,1,True,False,False,False,"Falling","Absent","Clustered","Absent","Unresolved","Minor","CloseInsidePriorRange;CompressionClustered"
81,"2026-04-02 07:20:00",104.01,104.01,103.07,103.51,2774,"LLLH","Red","Flat",0.3,0.7,0.94,"Up",0.55,0.5,"Down",0.55,0.468085,0.882979,True,True,False,True,"Normal","Local","Local","Absent","Contained","Minor","BreaksPriorLow;CloseInsidePriorRange;CloseInsidePriorBody;AcceptanceContained;CompressionLocal"
82,"2026-04-02 07:25:00",103.5,103.54,102.74,103.17,3555,"LLLH","Red","Up",0.45,0.78,0.8,"Down",0.25,0.33,"Down",0.25,0.5375,0.5875,True,False,False,True,"Rising","Absent","Local","Local","Contained","Minor","BreaksPriorLow;CloseInsidePriorRange;DissipationLocal;AcceptanceContained;CompressionLocal"
83,"2026-04-02 07:30:00",103.15,103.71,103.06,103.48,2379,"HHHL","Black","Down",0.15,0.6,0.65,"Down",0.1,0.33,"Flat",0.3,0.646154,0.738462,True,True,True,False,"Falling","Absent","Local","Local","Contained","Minor","BreaksPriorHigh;CloseInsidePriorRange;CloseInsidePriorBody;DissipationLocal;AcceptanceContained;CompressionLocal"
84,"2026-04-02 07:35:00",103.49,103.67,102.59,102.9,3154,"LLLH","Red","Up",0.3,0.7,1.08,"Up",0.65,0.59,"Up",0.55,0.287037,0.564815,False,False,False,True,"Rising","Local","Absent","Absent","Accepted","Moderate","BreaksPriorLow;AcceptanceAccepted"
85,"2026-04-02 07:40:00",102.92,103.01,99.11,100.61,16126,"LLLH","Red","Up",1,1,3.9,"Up",1,2.31,"Up",1,0.384615,0.107692,False,False,False,True,"Climactic","Climactic","Absent","Absent","Accepted","SessionDefining","VolumePeak20;VolumeClimactic50;RangePeak20;RangeClimactic20;BreaksPriorLow;AcceptanceAccepted"
86,"2026-04-02 07:45:00",100.59,101.99,100.09,100.14,6234,"InsideBar","Red","Down",0.95,0.94,1.9,"Down",0.95,0.45,"Down",0.45,0.026316,1,True,False,False,False,"Peak","Climactic","Clustered","Absent","Unresolved","Structural","VolumePeak20;RangePeak20;RangeClimactic20;CloseInsidePriorRange;CompressionClustered"
87,"2026-04-02 07:50:00",100.14,101.72,99.56,101.54,6195,"LLLH","Black","Down",0.9,0.92,2.16,"Up",0.95,1.4,"Up",0.95,0.916667,0.75463,True,False,False,True,"Peak","Climactic","Local","Local","Contained","Structural","VolumePeak20;RangePeak20;RangeClimactic20;BreaksPriorLow;CloseInsidePriorRange;DissipationLocal;AcceptanceContained;CompressionLocal"
88,"2026-04-02 07:55:00",101.55,102.16,101.28,101.47,3345,"HHHL","Red","Down",0.4,0.68,0.88,"Down",0.35,0.08,"Down",0.05,0.215909,0.5,True,True,True,False,"Falling","Absent","Local","Local","Contained","Minor","BreaksPriorHigh;CloseInsidePriorRange;CloseInsidePriorBody;DissipationLocal;AcceptanceContained;CompressionLocal"
89,"2026-04-02 08:00:00",101.45,101.66,100.9,101.3,2739,"LLLH","Red","Down",0.15,0.56,0.76,"Down",0.1,0.15,"Up",0.1,0.526316,0.5,True,False,False,True,"Falling","Absent","Local","Local","Contained","Minor","BreaksPriorLow;CloseInsidePriorRange;DissipationLocal;AcceptanceContained;CompressionLocal"
90,"2026-04-02 08:05:00",101.29,102.06,101.13,101.23,3699,"HHHL","Red","Up",0.6,0.74,0.93,"Up",0.4,0.06,"Down",0.05,0.107527,0.569892,True,False,True,False,"Rising","Local","Local","Absent","Contained","Moderate","BreaksPriorHigh;CloseInsidePriorRange;AcceptanceContained;CompressionLocal"
91,"2026-04-02 08:10:00",101.22,101.87,101.04,101.3,2476,"LLLH","Black","Down",0.1,0.5,0.83,"Down",0.25,0.08,"Up",0.15,0.313253,0.891566,True,False,False,True,"Falling","Absent","Clustered","Local","Contained","Minor","BreaksPriorLow;CloseInsidePriorRange;DissipationLocal;AcceptanceContained;CompressionClustered"
92,"2026-04-02 08:15:00",101.29,101.88,100.86,101.59,3259,"OutsideBar","Black","Up",0.4,0.64,1.02,"Up",0.55,0.3,"Up",0.3,0.715686,0.813725,True,False,True,True,"Rising","Local","Local","Absent","Contained","Minor","BreaksPriorHigh;BreaksPriorLow;CloseInsidePriorRange;AcceptanceContained;CompressionLocal"
93,"2026-04-02 08:20:00",101.59,101.96,101.03,101.82,2641,"HHHL","Black","Down",0.15,0.5,0.93,"Down",0.45,0.23,"Down",0.3,0.849462,0.913978,True,False,True,False,"Falling","Absent","Clustered","Local","Contained","Minor","BreaksPriorHigh;CloseInsidePriorRange;DissipationLocal;AcceptanceContained;CompressionClustered"
94,"2026-04-02 08:25:00",101.85,102.96,101.82,102.78,4015,"HHHL","Black","Up",0.75,0.78,1.14,"Up",0.65,0.93,"Up",0.85,0.842105,0.122807,False,False,True,False,"Rising","Local","Absent","Absent","Accepted","Moderate","BreaksPriorHigh;AcceptanceAccepted"
95,"2026-04-02 08:30:00",102.76,102.99,102.29,102.51,3125,"HHHL","Red","Down",0.35,0.56,0.7,"Down",0.1,0.25,"Down",0.3,0.314286,0.957143,True,True,True,False,"Falling","Absent","Clustered","Local","Contained","Minor","BreaksPriorHigh;CloseInsidePriorRange;CloseInsidePriorBody;DissipationLocal;AcceptanceContained;CompressionClustered"
96,"2026-04-02 08:35:00",102.5,103.29,102.46,102.99,3128,"HHHL","Black","Up",0.4,0.56,0.83,"Up",0.3,0.49,"Up",0.65,0.638554,0.638554,True,False,True,False,"Rising","Local","Local","Absent","Contained","Minor","BreaksPriorHigh;CloseInsidePriorRange;AcceptanceContained;CompressionLocal"
97,"2026-04-02 08:40:00",102.98,103.45,102.67,103.41,2914,"HHHL","Black","Down",0.35,0.5,0.78,"Down",0.2,0.43,"Down",0.55,0.948718,0.794872,False,False,True,False,"Falling","Absent","Absent","Local","Accepted","Minor","BreaksPriorHigh;DissipationLocal;AcceptanceAccepted"
98,"2026-04-02 08:45:00",103.39,103.99,103.29,103.55,3773,"HHHL","Black","Up",0.8,0.76,0.7,"Down",0.15,0.16,"Down",0.25,0.371429,0.228571,False,False,True,False,"Peak","Absent","Absent","Local","Accepted","Major","VolumePeak20;HighVolumeLowRange;BreaksPriorHigh;DissipationLocal;AcceptanceAccepted"
99,"2026-04-02 08:50:00",103.56,104.07,103.55,104,2300,"HHHL","Black","Down",0.05,0.32,0.52,"Down",0.05,0.44,"Up",0.6,0.865385,0.846154,False,False,True,False,"Falling","Absent","Clustered","Local","Accepted","Minor","BreaksPriorHigh;DissipationLocal;AcceptanceAccepted;CompressionClustered"
100,"2026-04-02 08:55:00",103.99,104.62,103.93,104.19,4012,"HHHL","Black","Up",0.8,0.76,0.69,"Up",0.15,0.2,"Down",0.3,0.376812,0.202899,False,False,True,False,"Peak","Local","Absent","Absent","Accepted","Major","VolumePeak20;HighVolumeLowRange;BreaksPriorHigh;AcceptanceAccepted"
101,"2026-04-02 09:00:00",104.21,104.43,103.93,104,2797,"InsideBar","Red","Down",0.3,0.44,0.5,"Down",0.05,0.21,"Up",0.35,0.14,1,True,True,False,False,"Falling","Absent","Clustered","Absent","Unresolved","Minor","CloseInsidePriorRange;CloseInsidePriorBody;CompressionClustered"
102,"2026-04-02 09:05:00",103.99,104.04,103.25,103.74,3905,"LLLH","Red","Up",0.75,0.74,0.79,"Up",0.45,0.25,"Up",0.5,0.620253,0.139241,False,False,False,True,"Rising","Local","Absent","Absent","Accepted","Moderate","BreaksPriorLow;AcceptanceAccepted"
103,"2026-04-02 09:10:00",103.75,103.99,103.34,103.75,1671,"InsideBar","Neutral","Down",0.05,0.16,0.65,"Down",0.15,0,"Down",0.05,0.630769,1,True,True,False,False,"Falling","Absent","Clustered","Absent","Unresolved","Minor","CloseInsidePriorRange;CloseInsidePriorBody;CompressionClustered"
104,"2026-04-02 09:15:00",103.73,104.27,103.62,104.14,1894,"HHHL","Black","Up",0.1,0.18,0.65,"Flat",0.2,0.41,"Up",0.65,0.8,0.569231,False,False,True,False,"Rising","Absent","Absent","Absent","Accepted","Minor","BreaksPriorHigh;AcceptanceAccepted"
105,"2026-04-02 09:20:00",104.12,104.49,103.89,104.44,1706,"HHHL","Black","Down",0.1,0.14,0.6,"Down",0.15,0.32,"Down",0.65,0.916667,0.633333,False,False,True,False,"Falling","Absent","Absent","Local","Accepted","Minor","BreaksPriorHigh;DissipationLocal;AcceptanceAccepted"
106,"2026-04-02 09:25:00",104.44,104.65,104.28,104.43,1594,"HHHL","Red","Down",0.05,0.06,0.37,"Down",0.05,0.01,"Down",0.1,0.405405,0.567568,True,True,True,False,"Falling","Absent","Local","Local","Contained","Minor","BreaksPriorHigh;CloseInsidePriorRange;CloseInsidePriorBody;DissipationLocal;AcceptanceContained;CompressionLocal"
107,"2026-04-02 09:30:00",104.45,104.58,103.98,104.24,1458,"LLLH","Red","Down",0.05,0.04,0.6,"Up",0.25,0.21,"Up",0.5,0.433333,0.5,False,False,False,True,"Falling","Local","Absent","Local","Accepted","Minor","BreaksPriorLow;DissipationLocal;AcceptanceAccepted"
108,"2026-04-02 09:35:00",104.22,104.41,103.55,103.67,1594,"LLLH","Red","Up",0.15,0.08,0.86,"Up",0.8,0.55,"Up",0.95,0.139535,0.5,False,False,False,True,"Rising","Strong","Absent","Absent","Accepted","Major","RangePeak20;LowVolumeHighRange;BreaksPriorLow;AcceptanceAccepted"
109,"2026-04-02 09:40:00",103.66,103.84,103.49,103.66,1073,"LLLH","Neutral","Down",0.05,0.02,0.35,"Down",0.05,0,"Down",0.1,0.485714,0.828571,True,False,False,True,"Falling","Absent","Clustered","Local","Contained","Minor","BreaksPriorLow;CloseInsidePriorRange;DissipationLocal;AcceptanceContained;CompressionClustered"
110,"2026-04-02 09:45:00",103.66,104.14,103.17,103.95,1582,"OutsideBar","Black","Up",0.15,0.08,0.97,"Up",0.9,0.29,"Up",0.6,0.804124,0.360825,False,False,True,True,"Rising","Strong","Absent","Absent","Accepted","Structural","RangePeak20;LowVolumeHighRange;BreaksPriorHigh;BreaksPriorLow;AcceptanceAccepted"
111,"2026-04-02 09:50:00",103.94,104.11,103.47,103.51,1149,"InsideBar","Red","Down",0.1,0.04,0.64,"Down",0.35,0.43,"Up",0.8,0.0625,1,True,False,False,False,"Falling","Absent","Clustered","Absent","Unresolved","Minor","CloseInsidePriorRange;CompressionClustered"
112,"2026-04-02 09:55:00",103.5,103.74,102.99,103.14,2025,"LLLH","Red","Up",0.5,0.22,0.75,"Up",0.65,0.36,"Down",0.65,0.2,0.36,False,False,False,True,"Rising","Local","Absent","Absent","Accepted","Moderate","BreaksPriorLow;AcceptanceAccepted"
113,"2026-04-02 10:00:00",103.15,103.56,103.09,103.49,1310,"InsideBar","Black","Down",0.15,0.06,0.47,"Down",0.15,0.34,"Down",0.6,0.851064,1,True,True,False,False,"Falling","Absent","Clustered","Absent","Unresolved","Minor","CloseInsidePriorRange;CloseInsidePriorBody;CompressionClustered"
114,"2026-04-02 10:05:00",103.5,104.02,103.13,103.31,2537,"HHHL","Red","Up",0.65,0.32,0.89,"Up",0.95,0.19,"Down",0.25,0.202247,0.483146,True,True,True,False,"Rising","Climactic","Local","Absent","Contained","Structural","RangePeak20;RangeClimactic20;BreaksPriorHigh;CloseInsidePriorRange;CloseInsidePriorBody;AcceptanceContained;CompressionLocal"
115,"2026-04-02 10:10:00",103.32,103.44,102.94,103.21,1628,"LLLH","Red","Down",0.4,0.16,0.5,"Down",0.25,0.11,"Down",0.2,0.54,0.62,True,False,False,True,"Falling","Absent","Local","Local","Contained","Minor","BreaksPriorLow;CloseInsidePriorRange;DissipationLocal;AcceptanceContained;CompressionLocal"
116,"2026-04-02 10:15:00",103.21,103.49,102.7,102.95,1983,"OutsideBar","Red","Up",0.6,0.24,0.79,"Up",0.8,0.26,"Up",0.55,0.316456,0.632911,True,False,True,True,"Rising","Strong","Local","Absent","Contained","Major","RangePeak20;BreaksPriorHigh;BreaksPriorLow;CloseInsidePriorRange;AcceptanceContained;CompressionLocal"
117,"2026-04-02 10:20:00",102.94,103.41,102.53,103.35,1878,"LLLH","Black","Down",0.55,0.22,0.88,"Up",0.9,0.41,"Up",0.85,0.931818,0.806818,True,False,False,True,"Falling","Strong","Local","Local","Contained","Structural","RangePeak20;BreaksPriorLow;CloseInsidePriorRange;DissipationLocal;AcceptanceContained;CompressionLocal"
118,"2026-04-02 10:25:00",103.35,103.54,103.16,103.32,1261,"HHHL","Red","Down",0.15,0.06,0.38,"Down",0.15,0.03,"Down",0.2,0.421053,0.657895,True,True,True,False,"Falling","Absent","Local","Local","Contained","Minor","BreaksPriorHigh;CloseInsidePriorRange;CloseInsidePriorBody;DissipationLocal;AcceptanceContained;CompressionLocal"
119,"2026-04-02 10:30:00",103.32,103.71,102.92,103.6,2393,"OutsideBar","Black","Up",0.8,0.38,0.79,"Up",0.75,0.28,"Up",0.6,0.860759,0.481013,False,False,True,True,"Peak","Local","Absent","Absent","Accepted","Major","VolumePeak20;BreaksPriorHigh;BreaksPriorLow;AcceptanceAccepted"
120,"2026-04-02 10:35:00",103.59,103.93,103.57,103.9,1293,"HHHL","Black","Down",0.2,0.08,0.36,"Down",0.1,0.31,"Up",0.65,0.916667,0.388889,False,False,True,False,"Falling","Absent","Absent","Local","Accepted","Minor","BreaksPriorHigh;DissipationLocal;AcceptanceAccepted"
121,"2026-04-02 10:40:00",103.91,104.41,103.79,103.98,2605,"HHHL","Black","Up",0.95,0.44,0.62,"Up",0.45,0.07,"Down",0.25,0.306452,0.225806,False,False,True,False,"Peak","Local","Absent","Absent","Accepted","Major","VolumePeak20;BreaksPriorHigh;AcceptanceAccepted"
122,"2026-04-02 10:45:00",103.97,104.18,103.7,103.9,1303,"LLLH","Red","Down",0.25,0.1,0.48,"Down",0.3,0.07,"Down",0.25,0.416667,0.8125,True,False,False,True,"Falling","Absent","Clustered","Local","Contained","Minor","BreaksPriorLow;CloseInsidePriorRange;DissipationLocal;AcceptanceContained;CompressionClustered"
123,"2026-04-02 10:50:00",103.89,104.47,103.86,104.38,2113,"HHHL","Black","Up",0.85,0.36,0.61,"Up",0.5,0.49,"Up",0.95,0.852459,0.52459,False,False,True,False,"Peak","Local","Absent","Absent","Accepted","Major","VolumePeak20;BreaksPriorHigh;AcceptanceAccepted"
124,"2026-04-02 10:55:00",104.41,104.49,104.08,104.13,1256,"HHHL","Red","Down",0.15,0.06,0.41,"Down",0.25,0.28,"Down",0.55,0.121951,0.95122,True,True,True,False,"Falling","Absent","Clustered","Local","Contained","Minor","BreaksPriorHigh;CloseInsidePriorRange;CloseInsidePriorBody;DissipationLocal;AcceptanceContained;CompressionClustered"
125,"2026-04-02 11:00:00",104.12,104.37,104.07,104.2,1022,"LLLH","Black","Down",0.05,0.02,0.3,"Down",0.05,0.08,"Down",0.3,0.433333,0.966667,True,True,False,True,"Falling","Absent","Clustered","Local","Contained","Minor","BreaksPriorLow;CloseInsidePriorRange;CloseInsidePriorBody;DissipationLocal;AcceptanceContained;CompressionClustered"
126,"2026-04-02 11:05:00",104.18,104.28,103.66,103.8,1709,"LLLH","Red","Up",0.65,0.32,0.62,"Up",0.6,0.38,"Up",0.8,0.225806,0.33871,False,False,False,True,"Rising","Local","Absent","Absent","Accepted","Moderate","BreaksPriorLow;AcceptanceAccepted"
127,"2026-04-02 11:10:00",103.81,104.29,103.56,104.28,1593,"OutsideBar","Black","Down",0.5,0.22,0.73,"Up",0.65,0.47,"Up",0.9,0.986301,0.849315,True,False,True,True,"Falling","Local","Local","Local","Contained","Moderate","BreaksPriorHigh;BreaksPriorLow;CloseInsidePriorRange;DissipationLocal;AcceptanceContained;CompressionLocal"
128,"2026-04-02 11:15:00",104.27,104.79,104.14,104.44,2107,"HHHL","Black","Up",0.8,0.44,0.65,"Down",0.65,0.17,"Down",0.35,0.461538,0.230769,False,False,True,False,"Peak","Absent","Absent","Local","Accepted","Major","VolumePeak20;BreaksPriorHigh;DissipationLocal;AcceptanceAccepted"
129,"2026-04-02 11:20:00",104.41,104.59,104.14,104.3,1844,"InsideBar","Red","Down",0.6,0.36,0.45,"Down",0.25,0.11,"Down",0.3,0.355556,1,True,True,False,False,"Falling","Absent","Clustered","Absent","Unresolved","Moderate","CloseInsidePriorRange;CloseInsidePriorBody;CompressionClustered"
130,"2026-04-02 11:25:00",104.31,104.72,104.28,104.64,2501,"HHHL","Black","Up",0.9,0.58,0.44,"Down",0.25,0.33,"Up",0.65,0.818182,0.704545,False,False,True,False,"Peak","Absent","Absent","Local","Accepted","Major","VolumePeak20;HighVolumeLowRange;BreaksPriorHigh;DissipationLocal;AcceptanceAccepted"
131,"2026-04-02 11:30:00",104.64,104.79,103.85,103.97,9348,"OutsideBar","Red","Up",1,0.98,0.94,"Up",1,0.67,"Up",1,0.12766,0.468085,False,False,True,True,"Climactic","Climactic","Absent","Absent","Accepted","SessionDefining","VolumePeak20;VolumeClimactic50;RangePeak20;RangeClimactic20;BreaksPriorHigh;BreaksPriorLow;AcceptanceAccepted"
132,"2026-04-06 06:05:00",102.68,103.24,102.33,103.21,1280,"LLLH","Black","Down",0.2,0.12,0.91,"Down",0.95,0.53,"Down",0.95,0.967033,0,False,False,False,True,"Falling","Climactic","Absent","Local","Accepted","Structural","RangePeak20;RangeClimactic20;LowVolumeHighRange;BreaksPriorLow;DissipationLocal;AcceptanceAccepted"
133,"2026-04-06 06:10:00",103.21,103.81,103.09,103.4,1914,"HHHL","Black","Up",0.6,0.44,0.72,"Down",0.65,0.19,"Down",0.45,0.430556,0.208333,False,False,True,False,"Rising","Absent","Absent","Local","Accepted","Moderate","BreaksPriorHigh;DissipationLocal;AcceptanceAccepted"
134,"2026-04-06 06:15:00",103.44,103.9,103.41,103.84,838,"HHHL","Black","Down",0.05,0.02,0.49,"Down",0.4,0.4,"Up",0.75,0.877551,0.816327,False,False,True,False,"Falling","Absent","Clustered","Local","Accepted","Minor","BreaksPriorHigh;DissipationLocal;AcceptanceAccepted;CompressionClustered"
135,"2026-04-06 06:20:00",103.82,104.38,103.74,104.36,1369,"HHHL","Black","Up",0.4,0.22,0.64,"Up",0.6,0.54,"Up",0.95,0.96875,0.25,False,False,True,False,"Rising","Local","Absent","Absent","Accepted","Moderate","BreaksPriorHigh;AcceptanceAccepted"
136,"2026-04-06 06:25:00",104.34,104.83,104.26,104.73,1570,"HHHL","Black","Up",0.45,0.26,0.57,"Down",0.45,0.39,"Down",0.65,0.824561,0.210526,False,False,True,False,"Rising","Absent","Absent","Local","Accepted","Minor","BreaksPriorHigh;DissipationLocal;AcceptanceAccepted"
137,"2026-04-06 06:30:00",104.73,104.94,104.68,104.76,1393,"HHHL","Black","Down",0.45,0.24,0.26,"Down",0.05,0.03,"Down",0.1,0.307692,0.576923,True,False,True,False,"Falling","Absent","Local","Local","Contained","Minor","BreaksPriorHigh;CloseInsidePriorRange;DissipationLocal;AcceptanceContained;CompressionLocal"
138,"2026-04-06 06:35:00",104.78,104.99,104.49,104.71,2278,"OutsideBar","Red","Up",0.8,0.62,0.5,"Up",0.45,0.07,"Up",0.2,0.44,0.52,True,False,True,True,"Peak","Local","Local","Absent","Contained","Major","VolumePeak20;BreaksPriorHigh;BreaksPriorLow;CloseInsidePriorRange;AcceptanceContained;CompressionLocal"
139,"2026-04-06 06:40:00",104.71,105.63,104.42,105.21,3132,"OutsideBar","Black","Up",0.95,0.86,1.21,"Up",1,0.5,"Up",0.85,0.652893,0.413223,False,False,True,True,"Peak","Climactic","Absent","Absent","Accepted","Structural","VolumePeak20;RangePeak20;RangeClimactic20;BreaksPriorHigh;BreaksPriorLow;AcceptanceAccepted"
140,"2026-04-06 06:45:00",105.2,105.54,104.99,105.5,1673,"InsideBar","Black","Down",0.5,0.42,0.55,"Down",0.45,0.3,"Down",0.5,0.927273,1,True,False,False,False,"Falling","Absent","Clustered","Absent","Unresolved","Minor","CloseInsidePriorRange;CompressionClustered"
141,"2026-04-06 06:50:00",105.47,105.52,104.49,105.02,2006,"LLLH","Red","Up",0.7,0.58,1.03,"Up",0.95,0.45,"Up",0.7,0.514563,0.514563,True,False,False,True,"Rising","Climactic","Local","Absent","Contained","Structural","RangePeak20;RangeClimactic20;BreaksPriorLow;CloseInsidePriorRange;AcceptanceContained;CompressionLocal"
142,"2026-04-06 06:55:00",105.03,105.11,104.62,104.88,901,"InsideBar","Red","Down",0.1,0.04,0.49,"Down",0.3,0.15,"Down",0.25,0.530612,1,True,False,False,False,"Falling","Absent","Clustered","Absent","Unresolved","Minor","CloseInsidePriorRange;CompressionClustered"
143,"2026-04-06 07:00:00",104.88,105.04,104.27,104.44,1258,"LLLH","Red","Up",0.25,0.14,0.77,"Up",0.8,0.44,"Up",0.7,0.220779,0.545455,False,False,False,True,"Rising","Strong","Absent","Absent","Accepted","Major","RangePeak20;LowVolumeHighRange;BreaksPriorLow;AcceptanceAccepted"
144,"2026-04-06 07:05:00",104.43,105.05,104.12,104.9,2087,"OutsideBar","Black","Up",0.75,0.66,0.93,"Up",0.85,0.47,"Up",0.8,0.83871,0.827957,True,False,True,True,"Rising","Strong","Local","Absent","Contained","Major","RangePeak20;BreaksPriorHigh;BreaksPriorLow;CloseInsidePriorRange;AcceptanceContained;CompressionLocal"
145,"2026-04-06 07:10:00",104.91,105.32,104.89,104.89,1423,"HHHL","Red","Down",0.35,0.3,0.43,"Down",0.1,0.02,"Down",0.05,0,0.372093,True,True,True,False,"Falling","Absent","Local","Local","Contained","Minor","BreaksPriorHigh;CloseInsidePriorRange;CloseInsidePriorBody;DissipationLocal;AcceptanceContained;CompressionLocal"
146,"2026-04-06 07:15:00",104.9,105.15,104,104.16,1819,"LLLH","Red","Up",0.55,0.54,1.15,"Up",0.95,0.74,"Up",1,0.13913,0.226087,False,False,False,True,"Rising","Climactic","Absent","Absent","Accepted","Structural","RangePeak20;RangeClimactic20;BreaksPriorLow;AcceptanceAccepted"
147,"2026-04-06 07:20:00",104.16,104.16,103.35,103.42,2100,"LLLH","Red","Up",0.75,0.72,0.81,"Down",0.7,0.74,"Down",0.95,0.08642,0.197531,False,False,False,True,"Rising","Absent","Absent","Local","Accepted","Moderate","BreaksPriorLow;DissipationLocal;AcceptanceAccepted"
148,"2026-04-06 07:25:00",103.41,103.6,103.07,103.44,2020,"LLLH","Black","Down",0.7,0.68,0.53,"Down",0.4,0.03,"Down",0.15,0.698113,0.471698,True,True,False,True,"Falling","Absent","Local","Local","Contained","Moderate","BreaksPriorLow;CloseInsidePriorRange;CloseInsidePriorBody;DissipationLocal;AcceptanceContained;CompressionLocal"
149,"2026-04-06 07:30:00",103.44,103.64,103.16,103.35,2271,"HHHL","Red","Up",0.8,0.8,0.48,"Down",0.2,0.09,"Up",0.25,0.395833,0.916667,True,False,True,False,"Peak","Absent","Clustered","Local","Contained","Major","VolumePeak20;HighVolumeLowRange;BreaksPriorHigh;CloseInsidePriorRange;DissipationLocal;AcceptanceContained;CompressionClustered"
150,"2026-04-06 07:35:00",103.36,103.55,102.99,103.25,2068,"LLLH","Red","Down",0.7,0.72,0.56,"Up",0.45,0.11,"Up",0.3,0.464286,0.696429,True,False,False,True,"Falling","Local","Local","Local","Contained","Moderate","BreaksPriorLow;CloseInsidePriorRange;DissipationLocal;AcceptanceContained;CompressionLocal"
151,"2026-04-06 07:40:00",103.24,104.48,102.78,103.99,4670,"OutsideBar","Black","Up",1,0.98,1.7,"Up",1,0.75,"Up",1,0.711765,0.329412,False,False,True,True,"Climactic","Climactic","Absent","Absent","Accepted","SessionDefining","VolumePeak20;VolumeClimactic50;RangePeak20;RangeClimactic20;BreaksPriorHigh;BreaksPriorLow;AcceptanceAccepted"
152,"2026-04-06 07:45:00",104.05,104.15,103.26,103.69,2104,"InsideBar","Red","Down",0.8,0.78,0.89,"Down",0.75,0.36,"Down",0.5,0.483146,1,True,True,False,False,"Peak","Absent","Clustered","Absent","Unresolved","Major","VolumePeak20;CloseInsidePriorRange;CloseInsidePriorBody;CompressionClustered"
153,"2026-04-06 07:50:00",103.71,103.95,103.55,103.79,782,"InsideBar","Black","Down",0.05,0.02,0.4,"Down",0.1,0.08,"Down",0.25,0.6,1,True,True,False,False,"Falling","Absent","Clustered","Absent","Unresolved","Minor","CloseInsidePriorRange;CloseInsidePriorBody;CompressionClustered"
154,"2026-04-06 07:55:00",103.76,103.76,103.18,103.43,974,"LLLH","Red","Up",0.15,0.08,0.58,"Up",0.55,0.33,"Up",0.5,0.431034,0.362069,False,False,False,True,"Rising","Local","Absent","Absent","Accepted","Minor","BreaksPriorLow;AcceptanceAccepted"
155,"2026-04-06 08:00:00",103.44,103.65,103.18,103.45,744,"InsideBar","Black","Down",0.05,0.02,0.47,"Down",0.2,0.01,"Down",0.05,0.574468,1,True,True,False,False,"Falling","Absent","Clustered","Absent","Unresolved","Minor","CloseInsidePriorRange;CloseInsidePriorBody;CompressionClustered"
156,"2026-04-06 08:05:00",103.44,103.89,103.34,103.72,961,"HHHL","Black","Up",0.2,0.1,0.55,"Up",0.45,0.28,"Up",0.5,0.690909,0.563636,False,False,True,False,"Rising","Local","Absent","Absent","Accepted","Minor","BreaksPriorHigh;AcceptanceAccepted"
157,"2026-04-06 08:10:00",103.76,104.32,103.75,104.09,1090,"HHHL","Black","Up",0.3,0.18,0.57,"Up",0.55,0.33,"Up",0.6,0.596491,0.245614,False,False,True,False,"Rising","Local","Absent","Absent","Accepted","Minor","BreaksPriorHigh;AcceptanceAccepted"
158,"2026-04-06 08:15:00",104.09,104.44,103.81,104.12,1713,"HHHL","Black","Up",0.5,0.54,0.63,"Up",0.6,0.03,"Down",0.2,0.492063,0.809524,True,False,True,False,"Rising","Local","Local","Absent","Contained","Moderate","BreaksPriorHigh;CloseInsidePriorRange;AcceptanceContained;CompressionLocal"
159,"2026-04-06 08:20:00",104.12,104.66,104.03,104.54,1121,"HHHL","Black","Down",0.35,0.18,0.63,"Flat",0.65,0.42,"Up",0.7,0.809524,0.650794,False,False,True,False,"Falling","Absent","Absent","Local","Accepted","Moderate","BreaksPriorHigh;DissipationLocal;AcceptanceAccepted"
160,"2026-04-06 08:25:00",104.55,104.67,104.38,104.56,916,"HHHL","Black","Down",0.2,0.1,0.29,"Down",0.05,0.01,"Down",0.1,0.62069,0.965517,True,False,True,False,"Falling","Absent","Clustered","Local","Contained","Minor","BreaksPriorHigh;CloseInsidePriorRange;DissipationLocal;AcceptanceContained;CompressionClustered"
161,"2026-04-06 08:30:00",104.57,104.88,104.56,104.69,1192,"HHHL","Black","Up",0.45,0.22,0.32,"Up",0.1,0.12,"Up",0.45,0.40625,0.34375,False,False,True,False,"Rising","Local","Absent","Absent","Accepted","Minor","BreaksPriorHigh;AcceptanceAccepted"
162,"2026-04-06 08:35:00",104.68,105.03,104.6,105,839,"HHHL","Black","Down",0.15,0.08,0.43,"Up",0.25,0.32,"Up",0.55,0.930233,0.651163,False,False,True,False,"Falling","Local","Absent","Local","Accepted","Minor","BreaksPriorHigh;DissipationLocal;AcceptanceAccepted"
163,"2026-04-06 08:40:00",105.01,105.19,104.76,104.84,1269,"HHHL","Red","Up",0.5,0.32,0.43,"Down",0.25,0.17,"Down",0.5,0.186047,0.627907,True,True,True,False,"Rising","Absent","Local","Local","Contained","Minor","BreaksPriorHigh;CloseInsidePriorRange;CloseInsidePriorBody;DissipationLocal;AcceptanceContained;CompressionLocal"
164,"2026-04-06 08:45:00",104.84,105.01,104.7,104.81,964,"LLLH","Red","Down",0.3,0.16,0.31,"Down",0.1,0.03,"Down",0.3,0.354839,0.806452,True,False,False,True,"Falling","Absent","Clustered","Local","Contained","Minor","BreaksPriorLow;CloseInsidePriorRange;DissipationLocal;AcceptanceContained;CompressionClustered"
165,"2026-04-06 08:50:00",104.81,104.89,104.33,104.65,1044,"LLLH","Red","Up",0.4,0.22,0.56,"Up",0.6,0.16,"Up",0.5,0.571429,0.339286,False,False,False,True,"Rising","Local","Absent","Absent","Accepted","Moderate","BreaksPriorLow;AcceptanceAccepted"
166,"2026-04-06 08:55:00",104.66,104.82,104.24,104.54,961,"LLLH","Red","Down",0.3,0.16,0.58,"Up",0.75,0.12,"Down",0.45,0.517241,0.844828,True,False,False,True,"Falling","Local","Local","Local","Contained","Moderate","BreaksPriorLow;CloseInsidePriorRange;DissipationLocal;AcceptanceContained;CompressionLocal"
167,"2026-04-06 09:00:00",104.54,104.62,104.28,104.38,632,"InsideBar","Red","Down",0.05,0.02,0.34,"Down",0.2,0.16,"Up",0.6,0.294118,1,True,False,False,False,"Falling","Absent","Clustered","Absent","Unresolved","Minor","CloseInsidePriorRange;CompressionClustered"
168,"2026-04-06 09:05:00",104.37,104.55,103.95,104.22,1188,"LLLH","Red","Up",0.65,0.32,0.6,"Up",0.8,0.15,"Down",0.5,0.45,0.45,False,False,False,True,"Rising","Strong","Absent","Absent","Accepted","Major","RangePeak20;BreaksPriorLow;AcceptanceAccepted"
169,"2026-04-06 09:10:00",104.21,104.34,104,104.31,681,"InsideBar","Black","Down",0.1,0.04,0.34,"Down",0.25,0.1,"Down",0.3,0.911765,1,True,True,False,False,"Falling","Absent","Clustered","Absent","Unresolved","Minor","CloseInsidePriorRange;CloseInsidePriorBody;CompressionClustered"
170,"2026-04-06 09:15:00",104.3,104.3,103.85,103.86,742,"LLLH","Red","Up",0.15,0.06,0.45,"Up",0.45,0.44,"Up",0.95,0.022222,0.666667,False,False,False,True,"Rising","Local","Absent","Absent","Accepted","Minor","BreaksPriorLow;AcceptanceAccepted"
171,"2026-04-06 09:20:00",103.87,104.21,103.66,104.17,633,"LLLH","Black","Down",0.1,0.04,0.55,"Up",0.6,0.3,"Down",0.7,0.927273,0.654545,True,True,False,True,"Falling","Local","Local","Local","Contained","Moderate","BreaksPriorLow;CloseInsidePriorRange;CloseInsidePriorBody;DissipationLocal;AcceptanceContained;CompressionLocal"
172,"2026-04-06 09:25:00",104.19,104.49,104.08,104.46,744,"HHHL","Black","Up",0.3,0.12,0.41,"Down",0.35,0.27,"Down",0.65,0.926829,0.317073,False,False,True,False,"Rising","Absent","Absent","Local","Accepted","Minor","BreaksPriorHigh;DissipationLocal;AcceptanceAccepted"
173,"2026-04-06 09:30:00",104.46,104.49,104.3,104.39,338,"InsideBar","Red","Down",0.05,0.02,0.19,"Down",0.05,0.07,"Down",0.25,0.473684,1,True,True,False,False,"Falling","Absent","Clustered","Absent","Unresolved","Minor","CloseInsidePriorRange;CloseInsidePriorBody;CompressionClustered"
174,"2026-04-06 09:35:00",104.39,104.45,103.99,104.15,700,"LLLH","Red","Up",0.25,0.1,0.46,"Up",0.55,0.24,"Up",0.65,0.347826,0.326087,False,False,False,True,"Rising","Local","Absent","Absent","Accepted","Minor","BreaksPriorLow;AcceptanceAccepted"
175,"2026-04-06 09:40:00",104.13,104.35,104.04,104.22,409,"InsideBar","Black","Down",0.1,0.04,0.31,"Down",0.15,0.09,"Down",0.25,0.580645,1,True,True,False,False,"Falling","Absent","Clustered","Absent","Unresolved","Minor","CloseInsidePriorRange;CloseInsidePriorBody;CompressionClustered"
176,"2026-04-06 09:45:00",104.18,104.29,103.77,103.9,591,"LLLH","Red","Up",0.15,0.06,0.52,"Up",0.65,0.28,"Up",0.75,0.25,0.480769,False,False,False,True,"Rising","Local","Absent","Absent","Accepted","Moderate","BreaksPriorLow;AcceptanceAccepted"
177,"2026-04-06 09:50:00",103.84,104.04,103.79,103.99,422,"InsideBar","Black","Down",0.15,0.06,0.25,"Down",0.1,0.15,"Down",0.45,0.8,1,True,True,False,False,"Falling","Absent","Clustered","Absent","Unresolved","Minor","CloseInsidePriorRange;CloseInsidePriorBody;CompressionClustered"
178,"2026-04-06 09:55:00",103.98,104.63,103.93,104.48,960,"HHHL","Black","Up",0.65,0.34,0.7,"Up",1,0.5,"Up",1,0.785714,0.157143,False,False,True,False,"Rising","Climactic","Absent","Absent","Accepted","Structural","RangePeak20;RangeClimactic20;BreaksPriorHigh;AcceptanceAccepted"
179,"2026-04-06 10:00:00",104.49,104.77,104.38,104.74,1004,"HHHL","Black","Up",0.8,0.44,0.39,"Down",0.45,0.25,"Down",0.7,0.923077,0.641026,False,False,True,False,"Peak","Absent","Absent","Local","Accepted","Major","VolumePeak20;BreaksPriorHigh;DissipationLocal;AcceptanceAccepted"
180,"2026-04-06 10:05:00",104.73,105.47,104.71,105.23,2018,"HHHL","Black","Up",1,0.8,0.76,"Up",1,0.5,"Up",1,0.684211,0.078947,False,False,True,False,"Peak","Climactic","Absent","Absent","Accepted","Structural","VolumePeak20;RangePeak20;RangeClimactic20;BreaksPriorHigh;AcceptanceAccepted"
181,"2026-04-06 10:10:00",105.23,105.49,105.14,105.45,967,"HHHL","Black","Down",0.75,0.42,0.35,"Down",0.35,0.22,"Down",0.55,0.885714,0.942857,True,False,True,False,"Falling","Absent","Clustered","Local","Contained","Moderate","BreaksPriorHigh;CloseInsidePriorRange;DissipationLocal;AcceptanceContained;CompressionClustered"
182,"2026-04-06 10:15:00",105.43,106.35,105.42,106.1,2741,"HHHL","Black","Up",1,0.96,0.93,"Up",1,0.67,"Up",1,0.731183,0.075269,False,False,True,False,"Climactic","Climactic","Absent","Absent","Accepted","SessionDefining","VolumePeak20;VolumeClimactic50;RangePeak20;RangeClimactic20;BreaksPriorHigh;AcceptanceAccepted"
183,"2026-04-06 10:20:00",106.15,106.38,106.07,106.16,1230,"HHHL","Black","Down",0.9,0.58,0.31,"Down",0.25,0.01,"Down",0.05,0.290323,0.903226,True,False,True,False,"Peak","Absent","Clustered","Local","Contained","Major","VolumePeak20;HighVolumeLowRange;BreaksPriorHigh;CloseInsidePriorRange;DissipationLocal;AcceptanceContained;CompressionClustered"
184,"2026-04-06 10:25:00",106.18,106.49,105.76,105.79,1240,"OutsideBar","Red","Up",0.9,0.58,0.73,"Up",0.9,0.39,"Up",0.8,0.041096,0.424658,False,False,True,True,"Peak","Strong","Absent","Absent","Accepted","Structural","VolumePeak20;RangePeak20;BreaksPriorHigh;BreaksPriorLow;AcceptanceAccepted"
185,"2026-04-06 10:30:00",105.79,106,105.36,105.41,1256,"LLLH","Red","Up",0.9,0.6,0.64,"Down",0.8,0.38,"Down",0.75,0.078125,0.375,False,False,False,True,"Peak","Strong","Absent","Local","Accepted","Major","VolumePeak20;RangePeak20;BreaksPriorLow;DissipationLocal;AcceptanceAccepted"
186,"2026-04-06 10:35:00",105.38,105.89,105.24,105.69,1553,"LLLH","Black","Up",0.9,0.7,0.65,"Up",0.8,0.31,"Down",0.7,0.692308,0.815385,True,True,False,True,"Peak","Strong","Local","Absent","Contained","Major","VolumePeak20;RangePeak20;BreaksPriorLow;CloseInsidePriorRange;CloseInsidePriorBody;AcceptanceContained;CompressionLocal"
187,"2026-04-06 10:40:00",105.69,106.26,105.61,106.23,1032,"HHHL","Black","Down",0.65,0.46,0.65,"Flat",0.8,0.54,"Up",0.95,0.953846,0.430769,False,False,True,False,"Falling","Strong","Absent","Local","Accepted","Major","RangePeak20;BreaksPriorHigh;DissipationLocal;AcceptanceAccepted"
188,"2026-04-06 10:45:00",106.24,106.77,106.19,106.47,1614,"HHHL","Black","Up",0.9,0.72,0.58,"Down",0.65,0.23,"Down",0.35,0.482759,0.12069,False,False,True,False,"Peak","Absent","Absent","Local","Accepted","Major","VolumePeak20;BreaksPriorHigh;DissipationLocal;AcceptanceAccepted"
189,"2026-04-06 10:50:00",106.49,106.63,106.27,106.52,985,"InsideBar","Black","Down",0.55,0.44,0.36,"Down",0.3,0.03,"Down",0.1,0.694444,1,True,False,False,False,"Falling","Absent","Clustered","Absent","Unresolved","Minor","CloseInsidePriorRange;CompressionClustered"
190,"2026-04-06 10:55:00",106.51,106.6,106.29,106.44,579,"InsideBar","Red","Down",0.2,0.08,0.31,"Down",0.2,0.07,"Up",0.2,0.483871,1,True,False,False,False,"Falling","Absent","Clustered","Absent","Unresolved","Minor","CloseInsidePriorRange;CompressionClustered"
191,"2026-04-06 11:00:00",106.43,106.62,106.01,106.56,935,"OutsideBar","Black","Up",0.4,0.34,0.61,"Up",0.65,0.13,"Up",0.3,0.901639,0.508197,True,False,True,True,"Rising","Local","Local","Absent","Contained","Moderate","BreaksPriorHigh;BreaksPriorLow;CloseInsidePriorRange;AcceptanceContained;CompressionLocal"
192,"2026-04-06 11:05:00",106.56,106.71,105.99,106.31,1393,"OutsideBar","Red","Up",0.8,0.72,0.72,"Up",0.85,0.25,"Up",0.6,0.444444,0.847222,True,False,True,True,"Peak","Strong","Local","Absent","Contained","Major","VolumePeak20;RangePeak20;BreaksPriorHigh;BreaksPriorLow;CloseInsidePriorRange;AcceptanceContained;CompressionLocal"
193,"2026-04-06 11:10:00",106.34,106.36,105.85,105.99,780,"LLLH","Red","Down",0.3,0.26,0.51,"Down",0.45,0.35,"Up",0.7,0.27451,0.72549,True,False,False,True,"Falling","Absent","Local","Local","Contained","Minor","BreaksPriorLow;CloseInsidePriorRange;DissipationLocal;AcceptanceContained;CompressionLocal"
194,"2026-04-06 11:15:00",106,106.01,104.99,105.63,3319,"LLLH","Red","Up",1,0.98,1.02,"Up",1,0.37,"Up",0.7,0.627451,0.156863,False,False,False,True,"Climactic","Climactic","Absent","Absent","Accepted","SessionDefining","VolumePeak20;VolumeClimactic50;RangePeak20;RangeClimactic20;BreaksPriorLow;AcceptanceAccepted"
195,"2026-04-06 11:20:00",105.62,105.62,104.89,105.19,1237,"LLLH","Red","Down",0.6,0.66,0.73,"Down",0.85,0.43,"Up",0.8,0.410959,0.863014,True,False,False,True,"Falling","Strong","Clustered","Local","Contained","Major","RangePeak20;BreaksPriorLow;CloseInsidePriorRange;DissipationLocal;AcceptanceContained;CompressionClustered"
196,"2026-04-06 11:25:00",105.19,105.49,105.04,105.44,978,"InsideBar","Black","Down",0.35,0.48,0.45,"Down",0.35,0.25,"Down",0.5,0.888889,1,True,True,False,False,"Falling","Absent","Clustered","Absent","Unresolved","Minor","CloseInsidePriorRange;CloseInsidePriorBody;CompressionClustered"
197,"2026-04-06 11:30:00",105.46,105.63,104.56,104.74,5881,"OutsideBar","Red","Up",1,1,1.07,"Up",1,0.72,"Up",1,0.168224,0.420561,False,False,True,True,"Climactic","Climactic","Absent","Absent","Accepted","SessionDefining","VolumePeak20;VolumeClimactic50;RangePeak20;RangeClimactic20;BreaksPriorHigh;BreaksPriorLow;AcceptanceAccepted"
198,"2026-04-07 06:05:00",107.54,107.92,107.24,107.41,1585,"HHHL","Red","Down",0.75,0.8,0.68,"Down",0.65,0.13,"Down",0.25,0.25,0,False,False,True,False,"Falling","Absent","Absent","Local","Accepted","Moderate","BreaksPriorHigh;DissipationLocal;AcceptanceAccepted"
199,"2026-04-07 06:10:00",107.42,107.47,107.01,107.26,1156,"LLLH","Red","Down",0.4,0.62,0.46,"Down",0.3,0.16,"Up",0.3,0.543478,0.5,True,False,False,True,"Falling","Absent","Local","Local","Contained","Minor","BreaksPriorLow;CloseInsidePriorRange;DissipationLocal;AcceptanceContained;CompressionLocal"
200,"2026-04-07 06:15:00",107.3,108.39,107.3,107.74,3112,"HHHL","Black","Up",0.9,0.94,1.09,"Up",1,0.44,"Up",0.85,0.40367,0.155963,False,False,True,False,"Peak","Climactic","Absent","Absent","Accepted","Structural","VolumePeak20;RangePeak20;RangeClimactic20;BreaksPriorHigh;AcceptanceAccepted"
201,"2026-04-07 06:20:00",107.77,108.19,107.51,108.15,1180,"InsideBar","Black","Down",0.4,0.64,0.68,"Down",0.6,0.38,"Down",0.7,0.941176,1,True,False,False,False,"Falling","Absent","Clustered","Absent","Unresolved","Moderate","CloseInsidePriorRange;CompressionClustered"
202,"2026-04-07 06:25:00",108.15,108.22,107.86,107.92,1065,"HHHL","Red","Down",0.35,0.58,0.36,"Down",0.2,0.23,"Down",0.4,0.166667,0.916667,True,True,True,False,"Falling","Absent","Clustered","Local","Contained","Minor","BreaksPriorHigh;CloseInsidePriorRange;CloseInsidePriorBody;DissipationLocal;AcceptanceContained;CompressionClustered"
203,"2026-04-07 06:30:00",107.94,107.96,107.44,107.75,1561,"LLLH","Red","Up",0.75,0.84,0.52,"Up",0.35,0.19,"Down",0.3,0.596154,0.192308,False,False,False,True,"Rising","Local","Absent","Absent","Accepted","Moderate","BreaksPriorLow;AcceptanceAccepted"
204,"2026-04-07 06:35:00",107.79,108.37,107.56,108.26,2623,"HHHL","Black","Up",0.85,0.92,0.81,"Up",0.85,0.47,"Up",0.9,0.864198,0.493827,False,False,True,False,"Peak","Strong","Absent","Absent","Accepted","Structural","VolumePeak20;RangePeak20;BreaksPriorHigh;AcceptanceAccepted"
205,"2026-04-07 06:40:00",108.28,108.41,108.01,108.32,1805,"HHHL","Black","Down",0.8,0.88,0.4,"Down",0.2,0.04,"Down",0.1,0.775,0.9,True,False,True,False,"Peak","Absent","Clustered","Local","Contained","Major","VolumePeak20;HighVolumeLowRange;BreaksPriorHigh;CloseInsidePriorRange;DissipationLocal;AcceptanceContained;CompressionClustered"
206,"2026-04-07 06:45:00",108.31,108.6,108.16,108.51,2323,"HHHL","Black","Up",0.8,0.9,0.44,"Up",0.25,0.2,"Up",0.4,0.795455,0.568182,False,False,True,False,"Peak","Local","Absent","Absent","Accepted","Structural","VolumePeak20;HighVolumeLowRange;BreaksPriorHigh;AcceptanceAccepted"
207,"2026-04-07 06:50:00",108.52,108.73,108.28,108.31,1736,"HHHL","Red","Down",0.7,0.84,0.45,"Up",0.35,0.21,"Up",0.45,0.066667,0.711111,True,True,True,False,"Falling","Local","Local","Local","Contained","Moderate","BreaksPriorHigh;CloseInsidePriorRange;CloseInsidePriorBody;DissipationLocal;AcceptanceContained;CompressionLocal"
208,"2026-04-07 06:55:00",108.32,108.48,108.01,108.19,1746,"LLLH","Red","Up",0.7,0.84,0.47,"Up",0.45,0.13,"Down",0.25,0.382979,0.425532,False,False,False,True,"Rising","Local","Absent","Absent","Accepted","Moderate","BreaksPriorLow;AcceptanceAccepted"
209,"2026-04-07 07:00:00",108.16,108.76,108.12,108.71,1273,"HHHL","Black","Down",0.45,0.7,0.64,"Up",0.6,0.55,"Up",0.95,0.921875,0.5625,False,False,True,False,"Falling","Local","Absent","Local","Accepted","Moderate","BreaksPriorHigh;DissipationLocal;AcceptanceAccepted"
210,"2026-04-07 07:05:00",108.7,108.84,108.53,108.61,1642,"HHHL","Red","Up",0.6,0.8,0.31,"Down",0.05,0.09,"Down",0.1,0.258065,0.741935,True,True,True,False,"Rising","Absent","Local","Local","Contained","Moderate","BreaksPriorHigh;CloseInsidePriorRange;CloseInsidePriorBody;DissipationLocal;AcceptanceContained;CompressionLocal"
211,"2026-04-07 07:10:00",108.63,109.33,108.59,109,2911,"HHHL","Black","Up",0.85,0.94,0.74,"Up",0.8,0.37,"Up",0.7,0.554054,0.337838,False,False,True,False,"Peak","Strong","Absent","Absent","Accepted","Structural","VolumePeak20;RangePeak20;BreaksPriorHigh;AcceptanceAccepted"
212,"2026-04-07 07:15:00",109,109.37,108.85,109.21,1639,"HHHL","Black","Down",0.5,0.76,0.52,"Down",0.55,0.21,"Down",0.45,0.692308,0.923077,True,False,True,False,"Falling","Absent","Clustered","Local","Contained","Minor","BreaksPriorHigh;CloseInsidePriorRange;DissipationLocal;AcceptanceContained;CompressionClustered"
213,"2026-04-07 07:20:00",109.21,109.54,109.08,109.39,2479,"HHHL","Black","Up",0.75,0.88,0.46,"Down",0.4,0.18,"Down",0.3,0.673913,0.630435,False,False,True,False,"Rising","Absent","Absent","Local","Accepted","Moderate","BreaksPriorHigh;DissipationLocal;AcceptanceAccepted"
214,"2026-04-07 07:25:00",109.36,109.4,108.32,108.46,2355,"LLLH","Red","Down",0.75,0.86,1.08,"Up",0.95,0.9,"Up",1,0.12963,0.296296,False,False,False,True,"Falling","Climactic","Absent","Local","Accepted","Structural","RangePeak20;RangeClimactic20;BreaksPriorLow;DissipationLocal;AcceptanceAccepted"
215,"2026-04-07 07:30:00",108.49,109.05,108.48,109.03,1931,"InsideBar","Black","Down",0.65,0.8,0.57,"Down",0.6,0.54,"Down",0.85,0.964912,1,True,True,False,False,"Falling","Absent","Clustered","Absent","Unresolved","Moderate","CloseInsidePriorRange;CloseInsidePriorBody;CompressionClustered"
216,"2026-04-07 07:35:00",109.03,109.37,108.71,108.82,2429,"HHHL","Red","Up",0.75,0.86,0.66,"Up",0.65,0.21,"Down",0.55,0.166667,0.515152,True,True,True,False,"Rising","Local","Local","Absent","Contained","Moderate","BreaksPriorHigh;CloseInsidePriorRange;CloseInsidePriorBody;AcceptanceContained;CompressionLocal"
217,"2026-04-07 07:40:00",108.82,109.24,108.52,108.79,2111,"LLLH","Red","Down",0.65,0.8,0.72,"Up",0.8,0.03,"Down",0.05,0.375,0.736111,True,False,False,True,"Falling","Strong","Local","Local","Contained","Major","RangePeak20;BreaksPriorLow;CloseInsidePriorRange;DissipationLocal;AcceptanceContained;CompressionLocal"
218,"2026-04-07 07:45:00",108.8,108.96,108.49,108.76,1417,"LLLH","Red","Down",0.25,0.56,0.47,"Down",0.45,0.04,"Up",0.15,0.574468,0.93617,True,False,False,True,"Falling","Absent","Clustered","Local","Contained","Minor","BreaksPriorLow;CloseInsidePriorRange;DissipationLocal;AcceptanceContained;CompressionClustered"
219,"2026-04-07 07:50:00",108.77,108.81,107.91,108.36,2040,"LLLH","Red","Up",0.6,0.78,0.9,"Up",0.9,0.41,"Up",0.75,0.5,0.355556,False,False,False,True,"Rising","Strong","Absent","Absent","Accepted","Structural","RangePeak20;BreaksPriorLow;AcceptanceAccepted"
220,"2026-04-07 07:55:00",108.37,108.66,108.35,108.44,1325,"InsideBar","Black","Down",0.2,0.5,0.31,"Down",0.1,0.07,"Down",0.2,0.290323,1,True,True,False,False,"Falling","Absent","Clustered","Absent","Unresolved","Minor","CloseInsidePriorRange;CloseInsidePriorBody;CompressionClustered"
221,"2026-04-07 08:00:00",108.46,108.99,108.3,108.91,1946,"OutsideBar","Black","Up",0.6,0.74,0.69,"Up",0.75,0.45,"Up",0.8,0.884058,0.449275,False,False,True,True,"Rising","Local","Absent","Absent","Accepted","Moderate","BreaksPriorHigh;BreaksPriorLow;AcceptanceAccepted"
222,"2026-04-07 08:05:00",108.92,109.54,108.91,109.53,2535,"HHHL","Black","Up",0.9,0.88,0.63,"Down",0.6,0.61,"Up",0.95,0.984127,0.126984,False,False,True,False,"Peak","Absent","Absent","Local","Accepted","Major","VolumePeak20;BreaksPriorHigh;DissipationLocal;AcceptanceAccepted"
223,"2026-04-07 08:10:00",109.53,110.08,109.52,110.02,3296,"HHHL","Black","Up",1,0.96,0.56,"Down",0.5,0.49,"Down",0.8,0.892857,0.035714,False,False,True,False,"Climactic","Absent","Absent","Local","Accepted","Structural","VolumePeak20;VolumeClimactic50;BreaksPriorHigh;DissipationLocal;AcceptanceAccepted"
224,"2026-04-07 08:15:00",110.06,110.12,109.66,109.8,1973,"HHHL","Red","Down",0.55,0.7,0.46,"Down",0.35,0.26,"Down",0.6,0.304348,0.913043,True,True,True,False,"Falling","Absent","Clustered","Local","Contained","Minor","BreaksPriorHigh;CloseInsidePriorRange;CloseInsidePriorBody;DissipationLocal;AcceptanceContained;CompressionClustered"
225,"2026-04-07 08:20:00",109.8,109.85,108.51,108.76,4786,"LLLH","Red","Up",1,0.98,1.34,"Up",1,1.04,"Up",1,0.186567,0.141791,False,False,False,True,"Climactic","Climactic","Absent","Absent","Accepted","SessionDefining","VolumePeak20;VolumeClimactic50;RangePeak20;RangeClimactic20;BreaksPriorLow;AcceptanceAccepted"
226,"2026-04-07 08:25:00",108.76,109.24,108.74,109.17,1667,"InsideBar","Black","Down",0.3,0.56,0.5,"Down",0.4,0.41,"Down",0.65,0.86,1,True,True,False,False,"Falling","Absent","Clustered","Absent","Unresolved","Minor","CloseInsidePriorRange;CloseInsidePriorBody;CompressionClustered"
227,"2026-04-07 08:30:00",109.18,109.18,108.18,108.31,3642,"LLLH","Red","Up",0.95,0.96,1,"Up",0.9,0.87,"Up",0.9,0.13,0.44,False,False,False,True,"Climactic","Strong","Absent","Absent","Accepted","Structural","VolumePeak20;VolumeClimactic50;RangePeak20;BreaksPriorLow;AcceptanceAccepted"
228,"2026-04-07 08:35:00",108.31,108.84,108.19,108.69,2301,"InsideBar","Black","Down",0.6,0.72,0.65,"Down",0.6,0.38,"Down",0.5,0.769231,1,True,True,False,False,"Falling","Absent","Clustered","Absent","Unresolved","Moderate","CloseInsidePriorRange;CloseInsidePriorBody;CompressionClustered"
229,"2026-04-07 08:40:00",108.68,108.78,108.34,108.62,1681,"InsideBar","Red","Down",0.3,0.52,0.44,"Down",0.15,0.06,"Down",0.15,0.636364,1,True,True,False,False,"Falling","Absent","Clustered","Absent","Unresolved","Minor","CloseInsidePriorRange;CloseInsidePriorBody;CompressionClustered"
230,"2026-04-07 08:45:00",108.63,108.63,108.14,108.28,1330,"LLLH","Red","Down",0.1,0.34,0.49,"Up",0.3,0.35,"Up",0.45,0.285714,0.591837,False,False,False,True,"Falling","Local","Absent","Local","Accepted","Minor","BreaksPriorLow;DissipationLocal;AcceptanceAccepted"
231,"2026-04-07 08:50:00",108.28,108.36,107.91,108.11,2041,"LLLH","Red","Up",0.55,0.68,0.45,"Down",0.15,0.17,"Down",0.25,0.444444,0.488889,False,False,False,True,"Rising","Absent","Absent","Local","Accepted","Minor","BreaksPriorLow;DissipationLocal;AcceptanceAccepted"
232,"2026-04-07 08:55:00",108.13,108.23,107.68,107.82,1552,"LLLH","Red","Down",0.2,0.38,0.55,"Up",0.45,0.31,"Up",0.45,0.254545,0.581818,False,False,False,True,"Falling","Local","Absent","Local","Accepted","Minor","BreaksPriorLow;DissipationLocal;AcceptanceAccepted"
233,"2026-04-07 09:00:00",107.82,107.87,106.99,107.47,3241,"LLLH","Red","Up",0.85,0.9,0.88,"Up",0.8,0.35,"Up",0.5,0.545455,0.215909,False,False,False,True,"Peak","Strong","Absent","Absent","Accepted","Structural","VolumePeak20;RangePeak20;BreaksPriorLow;AcceptanceAccepted"
234,"2026-04-07 09:05:00",107.45,107.45,106.12,106.92,4017,"LLLH","Red","Up",0.95,0.96,1.33,"Up",0.95,0.53,"Up",0.8,0.601504,0.345865,False,False,False,True,"Climactic","Climactic","Absent","Absent","Accepted","SessionDefining","VolumePeak20;VolumeClimactic50;RangePeak20;RangeClimactic20;BreaksPriorLow;AcceptanceAccepted"
235,"2026-04-07 09:10:00",106.91,107.49,106.7,107.44,2800,"HHHL","Black","Down",0.75,0.82,0.79,"Down",0.75,0.53,"Flat",0.85,0.936709,0.949367,True,True,True,False,"Falling","Absent","Clustered","Local","Contained","Moderate","BreaksPriorHigh;CloseInsidePriorRange;CloseInsidePriorBody;DissipationLocal;AcceptanceContained;CompressionClustered"
236,"2026-04-07 09:15:00",107.45,107.67,107.25,107.64,1161,"HHHL","Black","Down",0.05,0.18,0.42,"Down",0.1,0.19,"Down",0.3,0.928571,0.571429,False,False,True,False,"Falling","Absent","Absent","Local","Accepted","Minor","BreaksPriorHigh;DissipationLocal;AcceptanceAccepted"
237,"2026-04-07 09:20:00",107.65,108.02,107.55,108,1471,"HHHL","Black","Up",0.25,0.32,0.47,"Up",0.35,0.35,"Up",0.5,0.957447,0.255319,False,False,True,False,"Rising","Local","Absent","Absent","Accepted","Minor","BreaksPriorHigh;AcceptanceAccepted"
238,"2026-04-07 09:25:00",108.01,108.13,107.07,107.29,2502,"OutsideBar","Red","Up",0.65,0.76,1.06,"Up",0.9,0.72,"Up",0.9,0.207547,0.443396,False,False,True,True,"Rising","Strong","Absent","Absent","Accepted","Structural","RangePeak20;BreaksPriorHigh;BreaksPriorLow;AcceptanceAccepted"
239,"2026-04-07 09:30:00",107.25,107.73,107.02,107.34,1803,"LLLH","Black","Down",0.4,0.5,0.71,"Down",0.7,0.09,"Down",0.15,0.450704,0.929577,True,True,False,True,"Falling","Absent","Clustered","Local","Contained","Moderate","BreaksPriorLow;CloseInsidePriorRange;CloseInsidePriorBody;DissipationLocal;AcceptanceContained;CompressionClustered"
240,"2026-04-07 09:35:00",107.35,107.59,107.07,107.2,1165,"InsideBar","Red","Down",0.1,0.14,0.52,"Down",0.4,0.15,"Up",0.15,0.25,1,True,False,False,False,"Falling","Absent","Clustered","Absent","Unresolved","Minor","CloseInsidePriorRange;CompressionClustered"
241,"2026-04-07 09:40:00",107.19,107.87,107.19,107.79,1082,"HHHL","Black","Down",0.05,0.08,0.68,"Up",0.65,0.6,"Up",0.8,0.882353,0.588235,False,False,True,False,"Falling","Local","Absent","Local","Accepted","Moderate","BreaksPriorHigh;DissipationLocal;AcceptanceAccepted"
242,"2026-04-07 09:45:00",107.77,107.82,107.33,107.41,931,"InsideBar","Red","Down",0.05,0.04,0.49,"Down",0.35,0.36,"Down",0.55,0.163265,1,True,True,False,False,"Falling","Absent","Clustered","Absent","Unresolved","Minor","CloseInsidePriorRange;CloseInsidePriorBody;CompressionClustered"
243,"2026-04-07 09:50:00",107.39,107.39,106.99,107.13,1070,"LLLH","Red","Up",0.1,0.08,0.4,"Down",0.05,0.26,"Down",0.35,0.35,0.15,False,False,False,True,"Rising","Absent","Absent","Local","Accepted","Minor","BreaksPriorLow;DissipationLocal;AcceptanceAccepted"
244,"2026-04-07 09:55:00",107.13,107.37,106.77,107.07,1412,"LLLH","Red","Up",0.35,0.28,0.6,"Up",0.55,0.06,"Down",0.1,0.5,0.633333,True,False,False,True,"Rising","Local","Local","Absent","Contained","Minor","BreaksPriorLow;CloseInsidePriorRange;AcceptanceContained;CompressionLocal"
245,"2026-04-07 10:00:00",107.09,107.65,107.09,107.63,1605,"HHHL","Black","Up",0.5,0.38,0.56,"Down",0.55,0.54,"Up",0.85,0.964286,0.5,False,False,True,False,"Rising","Absent","Absent","Local","Accepted","Minor","BreaksPriorHigh;DissipationLocal;AcceptanceAccepted"
246,"2026-04-07 10:05:00",107.62,107.82,106.93,106.95,1831,"OutsideBar","Red","Up",0.65,0.54,0.89,"Up",0.85,0.67,"Up",0.9,0.022472,0.629213,False,False,True,True,"Rising","Strong","Absent","Absent","Accepted","Major","RangePeak20;BreaksPriorHigh;BreaksPriorLow;AcceptanceAccepted"
247,"2026-04-07 10:10:00",106.95,107.45,106.88,107.36,1075,"LLLH","Black","Down",0.15,0.08,0.57,"Down",0.55,0.41,"Down",0.7,0.842105,0.912281,True,True,False,True,"Falling","Absent","Clustered","Local","Contained","Minor","BreaksPriorLow;CloseInsidePriorRange;CloseInsidePriorBody;DissipationLocal;AcceptanceContained;CompressionClustered"
248,"2026-04-07 10:15:00",107.38,107.85,107.38,107.74,1476,"HHHL","Black","Up",0.5,0.32,0.47,"Down",0.3,0.36,"Down",0.65,0.765957,0.148936,False,False,True,False,"Rising","Absent","Absent","Local","Accepted","Minor","BreaksPriorHigh;DissipationLocal;AcceptanceAccepted"
249,"2026-04-07 10:20:00",107.72,107.91,107.46,107.72,954,"HHHL","Neutral","Down",0.1,0.04,0.45,"Down",0.2,0,"Down",0.05,0.577778,0.866667,True,True,True,False,"Falling","Absent","Clustered","Local","Contained","Minor","BreaksPriorHigh;CloseInsidePriorRange;CloseInsidePriorBody;DissipationLocal;AcceptanceContained;CompressionClustered"
250,"2026-04-07 10:25:00",107.72,108.05,107.67,107.98,1165,"HHHL","Black","Up",0.4,0.18,0.38,"Down",0.05,0.26,"Up",0.4,0.815789,0.631579,False,False,True,False,"Rising","Absent","Absent","Local","Accepted","Minor","BreaksPriorHigh;DissipationLocal;AcceptanceAccepted"
251,"2026-04-07 10:30:00",107.98,108.36,107.72,107.9,1153,"HHHL","Red","Down",0.3,0.14,0.64,"Up",0.65,0.08,"Down",0.15,0.28125,0.515625,True,True,True,False,"Falling","Local","Local","Local","Contained","Moderate","BreaksPriorHigh;CloseInsidePriorRange;CloseInsidePriorBody;DissipationLocal;AcceptanceContained;CompressionLocal"
252,"2026-04-07 10:35:00",107.89,107.89,106.86,106.95,2564,"LLLH","Red","Up",0.85,0.84,1.03,"Up",0.9,0.94,"Up",1,0.087379,0.165049,False,False,False,True,"Peak","Strong","Absent","Absent","Accepted","Structural","VolumePeak20;RangePeak20;BreaksPriorLow;AcceptanceAccepted"
253,"2026-04-07 10:40:00",106.93,107.01,106.32,106.7,2866,"LLLH","Red","Up",0.95,0.88,0.69,"Down",0.7,0.23,"Down",0.35,0.550725,0.217391,False,False,False,True,"Peak","Absent","Absent","Local","Accepted","Major","VolumePeak20;BreaksPriorLow;DissipationLocal;AcceptanceAccepted"
254,"2026-04-07 10:45:00",106.7,107,106.42,106.77,1699,"InsideBar","Black","Down",0.7,0.46,0.58,"Down",0.55,0.07,"Down",0.15,0.603448,1,True,True,False,False,"Falling","Absent","Clustered","Absent","Unresolved","Moderate","CloseInsidePriorRange;CloseInsidePriorBody;CompressionClustered"
255,"2026-04-07 10:50:00",106.81,106.99,106.37,106.57,1241,"LLLH","Red","Down",0.5,0.2,0.62,"Up",0.65,0.24,"Up",0.45,0.322581,0.919355,True,False,False,True,"Falling","Local","Local","Local","Contained","Moderate","BreaksPriorLow;CloseInsidePriorRange;DissipationLocal;AcceptanceContained;CompressionLocal"
256,"2026-04-07 10:55:00",106.55,106.55,105.83,106.17,2958,"LLLH","Red","Up",1,0.9,0.72,"Up",0.85,0.38,"Up",0.7,0.472222,0.25,False,False,False,True,"Peak","Strong","Absent","Absent","Accepted","Structural","VolumePeak20;RangePeak20;BreaksPriorLow;AcceptanceAccepted"
257,"2026-04-07 11:00:00",106.17,106.51,106,106.41,1942,"InsideBar","Black","Down",0.8,0.58,0.51,"Down",0.3,0.24,"Down",0.4,0.803922,1,True,True,False,False,"Peak","Absent","Clustered","Absent","Unresolved","Major","VolumePeak20;HighVolumeLowRange;CloseInsidePriorRange;CloseInsidePriorBody;CompressionClustered"
258,"2026-04-07 11:05:00",106.4,106.45,105.95,106.17,1333,"LLLH","Red","Down",0.5,0.28,0.5,"Down",0.3,0.23,"Down",0.4,0.44,0.9,True,True,False,True,"Falling","Absent","Clustered","Local","Contained","Minor","BreaksPriorLow;CloseInsidePriorRange;CloseInsidePriorBody;DissipationLocal;AcceptanceContained;CompressionClustered"
259,"2026-04-07 11:10:00",106.16,106.59,106.09,106.36,1622,"HHHL","Black","Up",0.7,0.4,0.5,"Flat",0.35,0.2,"Down",0.3,0.54,0.72,True,True,True,False,"Rising","Absent","Local","Absent","Contained","Moderate","BreaksPriorHigh;CloseInsidePriorRange;CloseInsidePriorBody;AcceptanceContained;CompressionLocal"
260,"2026-04-07 11:15:00",106.35,106.55,105.86,106.09,1352,"LLLH","Red","Down",0.5,0.28,0.69,"Up",0.8,0.26,"Up",0.5,0.333333,0.666667,True,False,False,True,"Falling","Strong","Local","Local","Contained","Major","RangePeak20;BreaksPriorLow;CloseInsidePriorRange;DissipationLocal;AcceptanceContained;CompressionLocal"
261,"2026-04-07 11:20:00",106.08,106.24,105.32,105.42,2458,"LLLH","Red","Up",0.85,0.76,0.92,"Up",0.95,0.66,"Up",0.9,0.108696,0.413043,False,False,False,True,"Peak","Climactic","Absent","Absent","Accepted","Structural","VolumePeak20;RangePeak20;RangeClimactic20;BreaksPriorLow;AcceptanceAccepted"
262,"2026-04-07 11:25:00",105.42,105.7,105.19,105.39,2605,"LLLH","Red","Up",0.9,0.84,0.51,"Down",0.4,0.03,"Down",0.1,0.392157,0.745098,True,False,False,True,"Peak","Absent","Local","Local","Contained","Major","VolumePeak20;HighVolumeLowRange;BreaksPriorLow;CloseInsidePriorRange;DissipationLocal;AcceptanceContained;CompressionLocal"
263,"2026-04-07 11:30:00",105.38,105.68,105.01,105.34,7679,"LLLH","Red","Up",1,1,0.67,"Up",0.7,0.04,"Up",0.15,0.492537,0.731343,True,False,False,True,"Climactic","Local","Local","Absent","Contained","Structural","VolumePeak20;VolumeClimactic50;BreaksPriorLow;CloseInsidePriorRange;AcceptanceContained;CompressionLocal"
264,"2026-04-08 06:05:00",85.08,85.22,84.56,84.61,3271,"LLLH","Red","Down",0.95,0.9,0.66,"Down",0.65,0.47,"Up",0.8,0.075758,0,False,False,False,True,"Peak","Absent","Absent","Local","Accepted","Structural","VolumePeak20;BreaksPriorLow;DissipationLocal;AcceptanceAccepted"
265,"2026-04-08 06:10:00",84.61,85.28,84.51,84.79,2765,"OutsideBar","Black","Down",0.8,0.8,0.77,"Up",0.85,0.18,"Down",0.3,0.363636,0.857143,True,True,True,True,"Peak","Strong","Local","Local","Contained","Major","VolumePeak20;RangePeak20;BreaksPriorHigh;BreaksPriorLow;CloseInsidePriorRange;CloseInsidePriorBody;DissipationLocal;AcceptanceContained;CompressionLocal"
266,"2026-04-08 06:15:00",84.78,85.1,84.59,84.62,1917,"InsideBar","Red","Down",0.55,0.54,0.51,"Down",0.3,0.16,"Down",0.3,0.058824,1,True,True,False,False,"Falling","Absent","Clustered","Absent","Unresolved","Minor","CloseInsidePriorRange;CloseInsidePriorBody;CompressionClustered"
267,"2026-04-08 06:20:00",84.61,84.93,84.34,84.91,3181,"LLLH","Black","Up",0.9,0.86,0.59,"Up",0.5,0.3,"Up",0.75,0.966102,0.576271,True,False,False,True,"Peak","Local","Local","Absent","Contained","Major","VolumePeak20;BreaksPriorLow;CloseInsidePriorRange;AcceptanceContained;CompressionLocal"
268,"2026-04-08 06:25:00",84.91,85.36,84.87,85.1,2392,"HHHL","Black","Down",0.55,0.66,0.49,"Down",0.15,0.19,"Down",0.4,0.469388,0.122449,False,False,True,False,"Falling","Absent","Absent","Local","Accepted","Minor","BreaksPriorHigh;DissipationLocal;AcceptanceAccepted"
269,"2026-04-08 06:30:00",85.09,85.66,84.94,85.63,2302,"HHHL","Black","Down",0.5,0.64,0.72,"Up",0.85,0.54,"Up",0.9,0.958333,0.583333,False,False,True,False,"Falling","Strong","Absent","Local","Accepted","Major","RangePeak20;BreaksPriorHigh;DissipationLocal;AcceptanceAccepted"
270,"2026-04-08 06:35:00",85.62,86.08,85.44,85.54,4674,"HHHL","Red","Up",0.95,0.96,0.64,"Down",0.55,0.08,"Down",0.25,0.15625,0.34375,True,True,True,False,"Climactic","Absent","Local","Local","Contained","Structural","VolumePeak20;VolumeClimactic50;BreaksPriorHigh;CloseInsidePriorRange;CloseInsidePriorBody;DissipationLocal;AcceptanceContained;CompressionLocal"
271,"2026-04-08 06:40:00",85.56,86.66,85.36,86.57,4133,"OutsideBar","Black","Down",0.9,0.94,1.3,"Up",1,1.01,"Up",1,0.930769,0.492308,False,False,True,True,"Peak","Climactic","Absent","Local","Accepted","Structural","VolumePeak20;RangePeak20;RangeClimactic20;BreaksPriorHigh;BreaksPriorLow;DissipationLocal;AcceptanceAccepted"
272,"2026-04-08 06:45:00",86.54,86.93,86.16,86.39,4048,"HHHL","Red","Down",0.85,0.92,0.77,"Down",0.9,0.15,"Down",0.25,0.298701,0.649351,True,True,True,False,"Peak","Strong","Local","Local","Contained","Structural","VolumePeak20;RangePeak20;BreaksPriorHigh;CloseInsidePriorRange;CloseInsidePriorBody;DissipationLocal;AcceptanceContained;CompressionLocal"
273,"2026-04-08 06:50:00",86.39,86.41,84.97,84.99,3062,"LLLH","Red","Down",0.7,0.8,1.44,"Up",1,1.4,"Up",1,0.013889,0.173611,False,False,False,True,"Falling","Climactic","Absent","Local","Accepted","Structural","RangePeak20;RangeClimactic20;BreaksPriorLow;DissipationLocal;AcceptanceAccepted"
274,"2026-04-08 06:55:00",85,85.79,84.93,85.68,3548,"LLLH","Black","Up",0.8,0.86,0.86,"Down",0.85,0.68,"Down",0.9,0.872093,0.953488,True,True,False,True,"Peak","Strong","Clustered","Local","Contained","Major","VolumePeak20;RangePeak20;BreaksPriorLow;CloseInsidePriorRange;CloseInsidePriorBody;DissipationLocal;AcceptanceContained;CompressionClustered"
275,"2026-04-08 07:00:00",85.68,85.77,85.27,85.74,2069,"InsideBar","Black","Down",0.3,0.56,0.5,"Down",0.2,0.06,"Down",0.15,0.94,1,True,False,False,False,"Falling","Absent","Clustered","Absent","Unresolved","Minor","CloseInsidePriorRange;CompressionClustered"
276,"2026-04-08 07:05:00",85.73,85.78,84.96,85.07,2705,"OutsideBar","Red","Up",0.55,0.7,0.82,"Up",0.8,0.66,"Up",0.85,0.134146,0.609756,False,False,True,True,"Rising","Strong","Absent","Absent","Accepted","Major","RangePeak20;BreaksPriorHigh;BreaksPriorLow;AcceptanceAccepted"
277,"2026-04-08 07:10:00",85.06,85.93,84.97,85.56,2960,"HHHL","Black","Up",0.6,0.8,0.96,"Up",0.9,0.5,"Down",0.7,0.614583,0.84375,True,True,True,False,"Rising","Strong","Local","Absent","Contained","Structural","RangePeak20;BreaksPriorHigh;CloseInsidePriorRange;CloseInsidePriorBody;AcceptanceContained;CompressionLocal"
278,"2026-04-08 07:15:00",85.55,85.63,85.03,85.17,2358,"InsideBar","Red","Down",0.3,0.58,0.6,"Down",0.35,0.38,"Down",0.6,0.233333,1,True,True,False,False,"Falling","Absent","Clustered","Absent","Unresolved","Minor","CloseInsidePriorRange;CloseInsidePriorBody;CompressionClustered"
279,"2026-04-08 07:20:00",85.14,86.37,85.01,86.2,3635,"OutsideBar","Black","Up",0.8,0.9,1.36,"Up",0.95,1.06,"Up",0.95,0.875,0.441176,False,False,True,True,"Peak","Climactic","Absent","Absent","Accepted","Structural","VolumePeak20;RangePeak20;RangeClimactic20;BreaksPriorHigh;BreaksPriorLow;AcceptanceAccepted"
280,"2026-04-08 07:25:00",86.2,86.9,85.95,86.84,3299,"HHHL","Black","Down",0.7,0.86,0.95,"Down",0.8,0.64,"Down",0.7,0.936842,0.442105,False,False,True,False,"Falling","Strong","Absent","Local","Accepted","Major","RangePeak20;BreaksPriorHigh;DissipationLocal;AcceptanceAccepted"
281,"2026-04-08 07:30:00",86.83,87.29,86.71,86.83,2893,"HHHL","Neutral","Down",0.45,0.72,0.58,"Down",0.25,0,"Down",0.05,0.206897,0.327586,True,True,True,False,"Falling","Absent","Local","Local","Contained","Minor","BreaksPriorHigh;CloseInsidePriorRange;CloseInsidePriorBody;DissipationLocal;AcceptanceContained;CompressionLocal"
282,"2026-04-08 07:35:00",86.88,88.06,86.71,87.74,5212,"OutsideBar","Black","Up",0.95,0.98,1.35,"Up",0.9,0.86,"Up",0.85,0.762963,0.42963,False,False,True,False,"Climactic","Strong","Absent","Absent","Accepted","Structural","VolumePeak20;VolumeClimactic50;RangePeak20;BreaksPriorHigh;AcceptanceAccepted"
283,"2026-04-08 07:40:00",87.75,88.61,87.62,88.33,4650,"HHHL","Black","Down",0.9,0.94,0.99,"Down",0.8,0.58,"Down",0.65,0.717172,0.444444,False,False,True,False,"Peak","Strong","Absent","Local","Accepted","Structural","VolumePeak20;RangePeak20;BreaksPriorHigh;DissipationLocal;AcceptanceAccepted"
284,"2026-04-08 07:45:00",88.32,88.43,87.9,88.35,3181,"InsideBar","Black","Down",0.6,0.8,0.53,"Down",0.2,0.03,"Down",0.1,0.849057,1,True,False,False,False,"Falling","Absent","Clustered","Absent","Unresolved","Moderate","CloseInsidePriorRange;CompressionClustered"
285,"2026-04-08 07:50:00",88.32,88.39,87.7,87.95,2447,"LLLH","Red","Down",0.3,0.54,0.69,"Up",0.45,0.37,"Up",0.45,0.362319,0.710145,True,False,False,True,"Falling","Local","Local","Local","Contained","Minor","BreaksPriorLow;CloseInsidePriorRange;DissipationLocal;AcceptanceContained;CompressionLocal"
286,"2026-04-08 07:55:00",87.93,88.52,87.65,87.83,2792,"OutsideBar","Red","Up",0.35,0.66,0.87,"Up",0.65,0.1,"Down",0.25,0.206897,0.793103,True,False,True,True,"Rising","Local","Local","Absent","Contained","Moderate","BreaksPriorHigh;BreaksPriorLow;CloseInsidePriorRange;AcceptanceContained;CompressionLocal"
287,"2026-04-08 08:00:00",87.84,88.81,87.79,88.07,3640,"HHHL","Black","Up",0.75,0.88,1.02,"Up",0.8,0.23,"Up",0.4,0.27451,0.715686,True,False,True,False,"Rising","Strong","Local","Absent","Contained","Major","RangePeak20;BreaksPriorHigh;CloseInsidePriorRange;AcceptanceContained;CompressionLocal"
288,"2026-04-08 08:05:00",88.05,88.18,87.35,87.77,2996,"LLLH","Red","Down",0.45,0.72,0.83,"Down",0.5,0.28,"Up",0.4,0.506024,0.46988,False,False,False,True,"Falling","Absent","Absent","Local","Accepted","Minor","BreaksPriorLow;DissipationLocal;AcceptanceAccepted"
289,"2026-04-08 08:10:00",87.73,88.48,87.64,88.39,2820,"HHHL","Black","Down",0.3,0.62,0.84,"Up",0.5,0.66,"Up",0.7,0.892857,0.642857,False,False,True,False,"Falling","Local","Absent","Local","Accepted","Minor","BreaksPriorHigh;DissipationLocal;AcceptanceAccepted"
290,"2026-04-08 08:15:00",88.38,88.51,87.91,88.1,2261,"HHHL","Red","Down",0.1,0.4,0.6,"Down",0.25,0.28,"Down",0.4,0.316667,0.95,True,True,True,False,"Falling","Absent","Clustered","Local","Contained","Minor","BreaksPriorHigh;CloseInsidePriorRange;CloseInsidePriorBody;DissipationLocal;AcceptanceContained;CompressionClustered"
291,"2026-04-08 08:20:00",88.11,88.35,87.83,87.95,1699,"LLLH","Red","Down",0.05,0.3,0.52,"Down",0.1,0.16,"Down",0.3,0.230769,0.846154,True,False,False,True,"Falling","Absent","Clustered","Local","Contained","Minor","BreaksPriorLow;CloseInsidePriorRange;DissipationLocal;AcceptanceContained;CompressionClustered"
292,"2026-04-08 08:25:00",87.94,88.24,87.75,88.04,1466,"LLLH","Black","Down",0.05,0.2,0.49,"Down",0.05,0.1,"Down",0.25,0.591837,0.836735,True,True,False,True,"Falling","Absent","Clustered","Local","Contained","Minor","BreaksPriorLow;CloseInsidePriorRange;CloseInsidePriorBody;DissipationLocal;AcceptanceContained;CompressionClustered"
293,"2026-04-08 08:30:00",88.06,88.9,87.97,88.87,2724,"HHHL","Black","Up",0.4,0.56,0.93,"Up",0.7,0.81,"Up",0.9,0.967742,0.290323,False,False,True,False,"Rising","Local","Absent","Absent","Accepted","Moderate","BreaksPriorHigh;AcceptanceAccepted"
294,"2026-04-08 08:35:00",88.86,88.92,88.23,88.26,2483,"HHHL","Red","Down",0.35,0.48,0.69,"Down",0.45,0.6,"Down",0.7,0.043478,0.971014,True,True,True,False,"Falling","Absent","Clustered","Local","Contained","Minor","BreaksPriorHigh;CloseInsidePriorRange;CloseInsidePriorBody;DissipationLocal;AcceptanceContained;CompressionClustered"
295,"2026-04-08 08:40:00",88.26,88.28,87.56,87.61,2186,"LLLH","Red","Down",0.15,0.34,0.72,"Up",0.45,0.65,"Up",0.75,0.069444,0.069444,False,False,False,True,"Falling","Local","Absent","Local","Accepted","Minor","BreaksPriorLow;DissipationLocal;AcceptanceAccepted"
296,"2026-04-08 08:45:00",87.61,87.92,87.49,87.83,2001,"LLLH","Black","Down",0.15,0.3,0.43,"Down",0.05,0.22,"Down",0.3,0.790698,0.837209,True,True,False,True,"Falling","Absent","Clustered","Local","Contained","Minor","BreaksPriorLow;CloseInsidePriorRange;CloseInsidePriorBody;DissipationLocal;AcceptanceContained;CompressionClustered"
297,"2026-04-08 08:50:00",87.83,87.93,87.49,87.58,1502,"OutsideBar","Red","Down",0.1,0.18,0.44,"Up",0.1,0.25,"Up",0.4,0.204545,0.977273,True,False,True,False,"Falling","Local","Local","Local","Contained","Minor","BreaksPriorHigh;CloseInsidePriorRange;DissipationLocal;AcceptanceContained;CompressionLocal"
298,"2026-04-08 08:55:00",87.57,87.57,87.17,87.3,1817,"LLLH","Red","Up",0.2,0.24,0.4,"Down",0.05,0.27,"Up",0.45,0.325,0.2,False,False,False,True,"Rising","Absent","Absent","Local","Accepted","Minor","BreaksPriorLow;DissipationLocal;AcceptanceAccepted"
299,"2026-04-08 09:00:00",87.32,87.54,87.13,87.43,1382,"LLLH","Black","Down",0.05,0.12,0.41,"Up",0.1,0.11,"Down",0.25,0.731707,0.902439,True,True,False,True,"Falling","Local","Local","Local","Contained","Minor","BreaksPriorLow;CloseInsidePriorRange;CloseInsidePriorBody;DissipationLocal;AcceptanceContained;CompressionLocal"
300,"2026-04-08 09:05:00",87.46,87.51,87.03,87.27,1421,"LLLH","Red","Up",0.1,0.12,0.48,"Up",0.25,0.19,"Up",0.35,0.5,0.791667,True,False,False,True,"Rising","Local","Local","Absent","Contained","Minor","BreaksPriorLow;CloseInsidePriorRange;AcceptanceContained;CompressionLocal"
301,"2026-04-08 09:10:00",87.29,87.58,87.01,87.18,1586,"OutsideBar","Red","Up",0.25,0.16,0.57,"Up",0.45,0.11,"Down",0.2,0.298246,0.842105,True,False,True,True,"Rising","Local","Local","Absent","Contained","Minor","BreaksPriorHigh;BreaksPriorLow;CloseInsidePriorRange;AcceptanceContained;CompressionLocal"
302,"2026-04-08 09:15:00",87.16,87.73,87.03,87.71,2309,"HHHL","Black","Up",0.55,0.4,0.7,"Up",0.65,0.55,"Up",0.75,0.971429,0.785714,False,False,True,False,"Rising","Local","Absent","Absent","Accepted","Moderate","BreaksPriorHigh;AcceptanceAccepted"
303,"2026-04-08 09:20:00",87.69,88.11,87.67,87.86,2553,"HHHL","Black","Up",0.7,0.52,0.44,"Down",0.2,0.17,"Down",0.35,0.431818,0.136364,False,False,True,False,"Rising","Absent","Absent","Local","Accepted","Moderate","BreaksPriorHigh;DissipationLocal;AcceptanceAccepted"
304,"2026-04-08 09:25:00",87.85,87.94,87.58,87.85,1218,"LLLH","Neutral","Down",0.05,0.02,0.36,"Down",0.05,0,"Down",0.05,0.75,0.75,True,True,False,True,"Falling","Absent","Local","Local","Contained","Minor","BreaksPriorLow;CloseInsidePriorRange;CloseInsidePriorBody;DissipationLocal;AcceptanceContained;CompressionLocal"
305,"2026-04-08 09:30:00",87.84,87.99,87.4,87.56,1419,"OutsideBar","Red","Up",0.15,0.1,0.59,"Up",0.55,0.28,"Up",0.75,0.271186,0.610169,False,False,True,True,"Rising","Local","Absent","Absent","Accepted","Minor","BreaksPriorHigh;BreaksPriorLow;AcceptanceAccepted"
306,"2026-04-08 09:35:00",87.54,87.74,87.21,87.38,1177,"LLLH","Red","Down",0.05,0.02,0.53,"Down",0.5,0.16,"Down",0.3,0.320755,0.641509,False,False,False,True,"Falling","Absent","Absent","Local","Accepted","Minor","BreaksPriorLow;DissipationLocal;AcceptanceAccepted"
307,"2026-04-08 09:40:00",87.37,87.91,87.37,87.76,1877,"HHHL","Black","Up",0.55,0.28,0.54,"Up",0.55,0.39,"Up",0.75,0.722222,0.685185,False,False,True,False,"Rising","Local","Absent","Absent","Accepted","Minor","BreaksPriorHigh;AcceptanceAccepted"
308,"2026-04-08 09:45:00",87.74,87.84,87.43,87.77,1004,"InsideBar","Black","Down",0.05,0.02,0.41,"Down",0.15,0.03,"Down",0.1,0.829268,1,True,False,False,False,"Falling","Absent","Clustered","Absent","Unresolved","Minor","CloseInsidePriorRange;CompressionClustered"
309,"2026-04-08 09:50:00",87.77,87.82,87.09,87.18,1771,"LLLH","Red","Up",0.55,0.24,0.73,"Up",0.95,0.59,"Up",0.85,0.123288,0.534247,False,False,False,True,"Rising","Climactic","Absent","Absent","Accepted","Structural","RangePeak20;RangeClimactic20;BreaksPriorLow;AcceptanceAccepted"
310,"2026-04-08 09:55:00",87.17,87.27,86.81,86.84,1740,"LLLH","Red","Down",0.55,0.22,0.46,"Down",0.4,0.33,"Down",0.7,0.065217,0.391304,False,False,False,True,"Falling","Absent","Absent","Local","Accepted","Minor","BreaksPriorLow;DissipationLocal;AcceptanceAccepted"
311,"2026-04-08 10:00:00",86.84,86.91,86.63,86.91,1202,"LLLH","Black","Down",0.15,0.06,0.28,"Down",0.05,0.07,"Down",0.15,1,0.357143,True,True,False,True,"Falling","Absent","Local","Local","Contained","Minor","BreaksPriorLow;CloseInsidePriorRange;CloseInsidePriorBody;DissipationLocal;AcceptanceContained;CompressionLocal"
312,"2026-04-08 10:05:00",86.91,87.05,86.55,87.03,1416,"OutsideBar","Black","Up",0.3,0.12,0.5,"Up",0.55,0.12,"Up",0.3,0.96,0.56,False,False,True,True,"Rising","Local","Absent","Absent","Accepted","Minor","BreaksPriorHigh;BreaksPriorLow;AcceptanceAccepted"
313,"2026-04-08 10:10:00",87.03,87.47,86.99,87.38,1469,"HHHL","Black","Up",0.45,0.2,0.48,"Down",0.55,0.35,"Up",0.75,0.8125,0.125,False,False,True,False,"Rising","Absent","Absent","Local","Accepted","Minor","BreaksPriorHigh;DissipationLocal;AcceptanceAccepted"
314,"2026-04-08 10:15:00",87.37,87.37,86.83,87.05,1606,"LLLH","Red","Up",0.6,0.26,0.54,"Up",0.75,0.32,"Down",0.7,0.407407,0.703704,True,True,False,True,"Rising","Local","Local","Absent","Contained","Moderate","BreaksPriorLow;CloseInsidePriorRange;CloseInsidePriorBody;AcceptanceContained;CompressionLocal"
315,"2026-04-08 10:20:00",87.05,87.55,86.99,87.46,1565,"HHHL","Black","Down",0.55,0.24,0.56,"Up",0.8,0.41,"Up",0.9,0.839286,0.678571,False,False,True,False,"Falling","Strong","Absent","Local","Accepted","Major","RangePeak20;BreaksPriorHigh;DissipationLocal;AcceptanceAccepted"
316,"2026-04-08 10:25:00",87.46,88.08,87.34,88,2893,"HHHL","Black","Up",1,0.72,0.74,"Up",1,0.54,"Up",0.9,0.891892,0.283784,False,False,True,False,"Peak","Climactic","Absent","Absent","Accepted","Structural","VolumePeak20;RangePeak20;RangeClimactic20;BreaksPriorHigh;AcceptanceAccepted"
317,"2026-04-08 10:30:00",88,88.77,87.98,88.41,3229,"HHHL","Black","Up",1,0.82,0.79,"Up",1,0.41,"Down",0.85,0.544304,0.126582,False,False,True,False,"Peak","Climactic","Absent","Absent","Accepted","Structural","VolumePeak20;RangePeak20;RangeClimactic20;BreaksPriorHigh;AcceptanceAccepted"
318,"2026-04-08 10:35:00",88.42,88.67,88.07,88.09,1861,"InsideBar","Red","Down",0.75,0.38,0.6,"Down",0.8,0.33,"Down",0.65,0.033333,1,True,True,False,False,"Falling","Strong","Clustered","Absent","Unresolved","Major","RangePeak20;CloseInsidePriorRange;CloseInsidePriorBody;CompressionClustered"
319,"2026-04-08 10:40:00",88.08,88.33,87.76,88.12,2101,"LLLH","Black","Up",0.8,0.46,0.57,"Down",0.7,0.04,"Down",0.15,0.631579,0.45614,True,True,False,True,"Peak","Absent","Local","Local","Contained","Major","VolumePeak20;BreaksPriorLow;CloseInsidePriorRange;CloseInsidePriorBody;DissipationLocal;AcceptanceContained;CompressionLocal"
320,"2026-04-08 10:45:00",88.09,88.15,87.44,87.51,1544,"LLLH","Red","Down",0.4,0.24,0.71,"Up",0.85,0.58,"Up",0.95,0.098592,0.549296,False,False,False,True,"Falling","Strong","Absent","Local","Accepted","Major","RangePeak20;LowVolumeHighRange;BreaksPriorLow;DissipationLocal;AcceptanceAccepted"
321,"2026-04-08 10:50:00",87.52,87.65,87.38,87.58,1232,"LLLH","Black","Down",0.25,0.1,0.27,"Down",0.05,0.06,"Down",0.2,0.740741,0.777778,True,True,False,True,"Falling","Absent","Local","Local","Contained","Minor","BreaksPriorLow;CloseInsidePriorRange;CloseInsidePriorBody;DissipationLocal;AcceptanceContained;CompressionLocal"
322,"2026-04-08 10:55:00",87.57,87.71,87.35,87.67,1161,"OutsideBar","Black","Down",0.1,0.04,0.36,"Up",0.2,0.1,"Up",0.3,0.888889,0.75,False,False,True,True,"Falling","Local","Absent","Local","Accepted","Minor","BreaksPriorHigh;BreaksPriorLow;DissipationLocal;AcceptanceAccepted"
323,"2026-04-08 11:00:00",87.69,87.84,87.58,87.81,1042,"HHHL","Black","Down",0.1,0.04,0.26,"Down",0.05,0.12,"Up",0.4,0.884615,0.5,False,False,True,False,"Falling","Absent","Absent","Local","Accepted","Minor","BreaksPriorHigh;DissipationLocal;AcceptanceAccepted"
324,"2026-04-08 11:05:00",87.8,87.85,86.8,86.85,2591,"OutsideBar","Red","Up",0.9,0.7,1.05,"Up",1,0.95,"Up",1,0.047619,0.247619,False,False,True,True,"Peak","Climactic","Absent","Absent","Accepted","Structural","VolumePeak20;RangePeak20;RangeClimactic20;BreaksPriorHigh;BreaksPriorLow;AcceptanceAccepted"
325,"2026-04-08 11:10:00",86.8,86.9,86.26,86.33,3016,"LLLH","Red","Up",0.95,0.86,0.64,"Down",0.75,0.47,"Down",0.8,0.109375,0.15625,False,False,False,True,"Peak","Absent","Absent","Local","Accepted","Major","VolumePeak20;BreaksPriorLow;DissipationLocal;AcceptanceAccepted"
326,"2026-04-08 11:15:00",86.31,86.59,86.2,86.39,2133,"LLLH","Black","Down",0.8,0.54,0.39,"Down",0.25,0.08,"Down",0.25,0.487179,0.846154,True,True,False,True,"Peak","Absent","Clustered","Local","Contained","Major","VolumePeak20;HighVolumeLowRange;BreaksPriorLow;CloseInsidePriorRange;CloseInsidePriorBody;DissipationLocal;AcceptanceContained;CompressionClustered"
327,"2026-04-08 11:20:00",86.39,87.49,86.1,87.29,4247,"OutsideBar","Black","Up",1,0.96,1.39,"Up",1,0.9,"Up",0.95,0.856115,0.280576,False,False,True,True,"Climactic","Climactic","Absent","Absent","Accepted","SessionDefining","VolumePeak20;VolumeClimactic50;RangePeak20;RangeClimactic20;BreaksPriorHigh;BreaksPriorLow;AcceptanceAccepted"
328,"2026-04-08 11:25:00",87.3,88.04,87.21,87.73,4198,"HHHL","Black","Down",0.95,0.94,0.83,"Down",0.9,0.43,"Down",0.7,0.626506,0.337349,False,False,True,False,"Peak","Strong","Absent","Local","Accepted","Structural","VolumePeak20;RangePeak20;BreaksPriorHigh;DissipationLocal;AcceptanceAccepted"
329,"2026-04-08 11:30:00",87.72,88.16,86.62,86.89,8612,"OutsideBar","Red","Up",1,1,1.54,"Up",1,0.83,"Up",0.9,0.175325,0.538961,False,False,True,True,"Climactic","Climactic","Absent","Absent","Accepted","SessionDefining","VolumePeak20;VolumeClimactic50;RangePeak20;RangeClimactic20;BreaksPriorHigh;BreaksPriorLow;AcceptanceAccepted"
330,"2026-04-09 06:05:00",91.86,92.78,91.71,92.25,3842,"HHHL","Black","Down",0.85,0.9,1.07,"Down",0.9,0.39,"Down",0.55,0.504673,0,False,False,True,False,"Peak","Strong","Absent","Local","Accepted","Structural","VolumePeak20;RangePeak20;BreaksPriorHigh;DissipationLocal;AcceptanceAccepted"
331,"2026-04-09 06:10:00",92.23,92.44,92.01,92.21,1449,"InsideBar","Red","Down",0.25,0.24,0.43,"Down",0.25,0.02,"Down",0.05,0.465116,1,True,True,False,False,"Falling","Absent","Clustered","Absent","Unresolved","Minor","CloseInsidePriorRange;CloseInsidePriorBody;CompressionClustered"
332,"2026-04-09 06:15:00",92.19,92.26,91.89,92.18,1038,"LLLH","Red","Down",0.05,0.04,0.37,"Down",0.2,0.01,"Down",0.05,0.783784,0.675676,True,False,False,True,"Falling","Absent","Local","Local","Contained","Minor","BreaksPriorLow;CloseInsidePriorRange;DissipationLocal;AcceptanceContained;CompressionLocal"
333,"2026-04-09 06:20:00",92.18,92.34,91.8,92.32,1366,"OutsideBar","Black","Up",0.25,0.18,0.54,"Up",0.4,0.14,"Up",0.4,0.962963,0.685185,False,False,True,True,"Rising","Local","Absent","Absent","Accepted","Minor","BreaksPriorHigh;BreaksPriorLow;AcceptanceAccepted"
334,"2026-04-09 06:25:00",92.32,92.35,91.98,92,862,"HHHL","Red","Down",0.05,0.02,0.37,"Down",0.2,0.32,"Up",0.45,0.054054,0.972973,True,False,True,False,"Falling","Absent","Clustered","Local","Contained","Minor","BreaksPriorHigh;CloseInsidePriorRange;DissipationLocal;AcceptanceContained;CompressionClustered"
335,"2026-04-09 06:30:00",92,92.07,91.54,91.54,1338,"LLLH","Red","Up",0.3,0.2,0.53,"Up",0.4,0.46,"Up",0.7,0,0.169811,False,False,False,True,"Rising","Local","Absent","Absent","Accepted","Minor","BreaksPriorLow;AcceptanceAccepted"
336,"2026-04-09 06:35:00",91.55,92.05,91.49,91.96,1834,"LLLH","Black","Up",0.5,0.56,0.56,"Up",0.5,0.41,"Down",0.65,0.839286,0.910714,True,True,False,True,"Rising","Local","Local","Absent","Contained","Minor","BreaksPriorLow;CloseInsidePriorRange;CloseInsidePriorBody;AcceptanceContained;CompressionLocal"
337,"2026-04-09 06:40:00",91.95,92,91.68,91.73,1022,"InsideBar","Red","Down",0.1,0.06,0.32,"Down",0.15,0.22,"Down",0.45,0.15625,1,True,True,False,False,"Falling","Absent","Clustered","Absent","Unresolved","Minor","CloseInsidePriorRange;CloseInsidePriorBody;CompressionClustered"
338,"2026-04-09 06:45:00",91.74,91.98,91.69,91.9,1121,"InsideBar","Black","Up",0.25,0.12,0.29,"Down",0.15,0.16,"Down",0.45,0.724138,1,True,True,False,False,"Rising","Absent","Clustered","Local","Unresolved","Minor","CloseInsidePriorRange;CloseInsidePriorBody;DissipationLocal;CompressionClustered"
339,"2026-04-09 06:50:00",91.88,92.74,91.84,92.5,1910,"HHHL","Black","Up",0.65,0.66,0.9,"Up",0.8,0.62,"Up",0.85,0.733333,0.155556,False,False,True,False,"Rising","Strong","Absent","Absent","Accepted","Major","RangePeak20;BreaksPriorHigh;AcceptanceAccepted"
340,"2026-04-09 06:55:00",92.52,93.11,92.5,92.95,2796,"HHHL","Black","Up",0.75,0.86,0.61,"Down",0.65,0.43,"Down",0.7,0.737705,0.393443,False,False,True,False,"Rising","Absent","Absent","Local","Accepted","Moderate","BreaksPriorHigh;DissipationLocal;AcceptanceAccepted"
341,"2026-04-09 07:00:00",92.94,93.25,92.75,93.13,1748,"HHHL","Black","Down",0.5,0.54,0.5,"Down",0.45,0.19,"Down",0.4,0.76,0.72,False,False,True,False,"Falling","Absent","Absent","Local","Accepted","Minor","BreaksPriorHigh;DissipationLocal;AcceptanceAccepted"
342,"2026-04-09 07:05:00",93.14,93.31,92.93,93.23,2404,"HHHL","Black","Up",0.65,0.76,0.38,"Down",0.3,0.09,"Down",0.2,0.789474,0.842105,True,False,True,False,"Rising","Absent","Clustered","Local","Contained","Moderate","BreaksPriorHigh;CloseInsidePriorRange;DissipationLocal;AcceptanceContained;CompressionClustered"
343,"2026-04-09 07:10:00",93.24,93.39,93.09,93.18,1684,"HHHL","Red","Down",0.4,0.5,0.3,"Down",0.1,0.06,"Down",0.15,0.3,0.733333,True,True,True,False,"Falling","Absent","Local","Local","Contained","Minor","BreaksPriorHigh;CloseInsidePriorRange;CloseInsidePriorBody;DissipationLocal;AcceptanceContained;CompressionLocal"
344,"2026-04-09 07:15:00",93.19,93.34,92.81,92.88,2432,"LLLH","Red","Up",0.7,0.8,0.53,"Up",0.55,0.31,"Up",0.5,0.132075,0.471698,False,False,False,True,"Rising","Local","Absent","Absent","Accepted","Moderate","BreaksPriorLow;AcceptanceAccepted"
345,"2026-04-09 07:20:00",92.87,93.97,92.74,93.79,4389,"OutsideBar","Black","Up",0.95,0.98,1.23,"Up",0.9,0.92,"Up",1,0.853659,0.430894,False,False,True,True,"Climactic","Strong","Absent","Absent","Accepted","Structural","VolumePeak20;VolumeClimactic50;RangePeak20;BreaksPriorHigh;BreaksPriorLow;AcceptanceAccepted"
346,"2026-04-09 07:25:00",93.81,94.08,93.67,93.91,1919,"HHHL","Black","Down",0.6,0.68,0.41,"Down",0.35,0.1,"Down",0.25,0.585366,0.731707,True,False,True,False,"Falling","Absent","Local","Local","Contained","Moderate","BreaksPriorHigh;CloseInsidePriorRange;DissipationLocal;AcceptanceContained;CompressionLocal"
347,"2026-04-09 07:30:00",93.91,94.48,93.82,94.37,2906,"HHHL","Black","Up",0.8,0.86,0.66,"Up",0.75,0.46,"Up",0.85,0.833333,0.393939,False,False,True,False,"Peak","Local","Absent","Absent","Accepted","Major","VolumePeak20;BreaksPriorHigh;AcceptanceAccepted"
348,"2026-04-09 07:35:00",94.32,94.71,94.18,94.67,2799,"HHHL","Black","Down",0.8,0.82,0.53,"Down",0.55,0.35,"Down",0.6,0.924528,0.566038,False,False,True,False,"Peak","Absent","Absent","Local","Accepted","Major","VolumePeak20;BreaksPriorHigh;DissipationLocal;AcceptanceAccepted"
349,"2026-04-09 07:40:00",94.66,95.19,94.52,94.68,3043,"HHHL","Black","Up",0.9,0.88,0.67,"Up",0.85,0.02,"Down",0.15,0.238806,0.283582,True,False,True,False,"Peak","Strong","Local","Absent","Contained","Major","VolumePeak20;RangePeak20;BreaksPriorHigh;CloseInsidePriorRange;AcceptanceContained;CompressionLocal"
350,"2026-04-09 07:45:00",94.7,94.79,94.45,94.68,1830,"LLLH","Red","Down",0.5,0.52,0.34,"Down",0.2,0.02,"Down",0.1,0.676471,0.794118,True,True,False,True,"Falling","Absent","Local","Local","Contained","Minor","BreaksPriorLow;CloseInsidePriorRange;CloseInsidePriorBody;DissipationLocal;AcceptanceContained;CompressionLocal"
351,"2026-04-09 07:50:00",94.69,94.69,94.33,94.51,2018,"LLLH","Red","Up",0.65,0.62,0.36,"Up",0.25,0.18,"Up",0.45,0.5,0.666667,True,False,False,True,"Rising","Local","Local","Absent","Contained","Moderate","BreaksPriorLow;CloseInsidePriorRange;AcceptanceContained;CompressionLocal"
352,"2026-04-09 07:55:00",94.52,94.73,94.37,94.61,1574,"HHHL","Black","Down",0.3,0.4,0.36,"Flat",0.3,0.09,"Down",0.25,0.666667,0.888889,True,True,True,False,"Falling","Absent","Clustered","Local","Contained","Minor","BreaksPriorHigh;CloseInsidePriorRange;CloseInsidePriorBody;DissipationLocal;AcceptanceContained;CompressionClustered"
353,"2026-04-09 08:00:00",94.6,94.7,94.05,94.39,2949,"LLLH","Red","Up",0.9,0.84,0.65,"Up",0.8,0.21,"Up",0.5,0.523077,0.507692,True,False,False,True,"Peak","Strong","Local","Absent","Contained","Major","VolumePeak20;RangePeak20;BreaksPriorLow;CloseInsidePriorRange;AcceptanceContained;CompressionLocal"
354,"2026-04-09 08:05:00",94.37,95.13,94.31,95.01,2405,"HHHL","Black","Down",0.65,0.7,0.82,"Up",0.9,0.64,"Up",0.95,0.853659,0.47561,False,False,True,False,"Falling","Strong","Absent","Local","Accepted","Structural","RangePeak20;BreaksPriorHigh;DissipationLocal;AcceptanceAccepted"
355,"2026-04-09 08:10:00",95.02,95.12,94.61,95.01,1685,"InsideBar","Red","Down",0.25,0.42,0.51,"Down",0.5,0.01,"Down",0.05,0.784314,1,True,True,False,False,"Falling","Absent","Clustered","Absent","Unresolved","Minor","CloseInsidePriorRange;CloseInsidePriorBody;CompressionClustered"
356,"2026-04-09 08:15:00",95.03,95.05,94.11,94.3,2916,"LLLH","Red","Up",0.85,0.82,0.94,"Up",0.95,0.73,"Up",0.95,0.202128,0.468085,False,False,False,True,"Peak","Climactic","Absent","Absent","Accepted","Structural","VolumePeak20;RangePeak20;RangeClimactic20;BreaksPriorLow;AcceptanceAccepted"
357,"2026-04-09 08:20:00",94.29,94.34,93.39,93.48,5515,"LLLH","Red","Up",1,0.98,0.95,"Up",0.95,0.81,"Up",0.95,0.094737,0.242105,False,False,False,True,"Climactic","Climactic","Absent","Absent","Accepted","SessionDefining","VolumePeak20;VolumeClimactic50;RangePeak20;RangeClimactic20;BreaksPriorLow;AcceptanceAccepted"
358,"2026-04-09 08:25:00",93.48,93.89,93.35,93.55,2947,"LLLH","Black","Down",0.8,0.8,0.54,"Down",0.55,0.07,"Down",0.25,0.37037,0.925926,True,True,False,True,"Peak","Absent","Clustered","Local","Contained","Major","VolumePeak20;BreaksPriorLow;CloseInsidePriorRange;CloseInsidePriorBody;DissipationLocal;AcceptanceContained;CompressionClustered"
359,"2026-04-09 08:30:00",93.57,94.32,93.57,94.17,3113,"HHHL","Black","Up",0.9,0.86,0.75,"Up",0.8,0.6,"Up",0.8,0.8,0.426667,False,False,True,False,"Peak","Strong","Absent","Absent","Accepted","Major","VolumePeak20;RangePeak20;BreaksPriorHigh;AcceptanceAccepted"
360,"2026-04-09 08:35:00",94.17,94.25,91.92,92.37,8854,"LLLH","Red","Up",1,1,2.33,"Up",1,1.8,"Up",1,0.193133,0.291845,False,False,False,True,"Climactic","Climactic","Absent","Absent","Accepted","SessionDefining","VolumePeak20;VolumeClimactic50;RangePeak20;RangeClimactic20;BreaksPriorLow;AcceptanceAccepted"
361,"2026-04-09 08:40:00",92.35,93.09,91.82,92.76,6725,"LLLH","Black","Down",0.95,0.96,1.27,"Down",0.95,0.41,"Down",0.65,0.740157,0.92126,True,True,False,True,"Climactic","Climactic","Clustered","Local","Contained","SessionDefining","VolumePeak20;VolumeClimactic50;RangePeak20;RangeClimactic20;BreaksPriorLow;CloseInsidePriorRange;CloseInsidePriorBody;DissipationLocal;AcceptanceContained;CompressionClustered"
362,"2026-04-09 08:45:00",92.78,92.87,92.16,92.56,3323,"InsideBar","Red","Down",0.8,0.84,0.71,"Down",0.65,0.22,"Down",0.5,0.56338,1,True,True,False,False,"Peak","Absent","Clustered","Absent","Unresolved","Major","VolumePeak20;CloseInsidePriorRange;CloseInsidePriorBody;CompressionClustered"
363,"2026-04-09 08:50:00",92.55,92.87,91.43,92.12,4231,"OutsideBar","Red","Up",0.8,0.88,1.44,"Up",0.95,0.43,"Up",0.65,0.479167,0.493056,False,False,False,True,"Peak","Climactic","Absent","Absent","Accepted","Structural","VolumePeak20;RangePeak20;RangeClimactic20;BreaksPriorLow;AcceptanceAccepted"
364,"2026-04-09 08:55:00",92.13,92.26,91.35,91.64,2772,"LLLH","Red","Down",0.35,0.58,0.91,"Down",0.7,0.49,"Up",0.7,0.318681,0.912088,True,False,False,True,"Falling","Absent","Clustered","Local","Contained","Moderate","BreaksPriorLow;CloseInsidePriorRange;DissipationLocal;AcceptanceContained;CompressionClustered"
365,"2026-04-09 09:00:00",91.65,91.93,91.37,91.65,2260,"InsideBar","Neutral","Down",0.3,0.48,0.56,"Down",0.4,0,"Down",0.05,0.5,1,True,True,False,False,"Falling","Absent","Clustered","Absent","Unresolved","Minor","CloseInsidePriorRange;CloseInsidePriorBody;CompressionClustered"
366,"2026-04-09 09:05:00",91.62,91.67,90.33,90.85,5565,"LLLH","Red","Up",0.9,0.94,1.34,"Up",0.9,0.77,"Up",0.9,0.38806,0.223881,False,False,False,True,"Peak","Strong","Absent","Absent","Accepted","Structural","VolumePeak20;RangePeak20;BreaksPriorLow;AcceptanceAccepted"
367,"2026-04-09 09:10:00",90.85,91.07,90.1,90.57,3636,"LLLH","Red","Down",0.75,0.8,0.97,"Down",0.8,0.28,"Down",0.5,0.484536,0.762887,True,False,False,True,"Falling","Strong","Local","Local","Contained","Major","RangePeak20;BreaksPriorLow;CloseInsidePriorRange;DissipationLocal;AcceptanceContained;CompressionLocal"
368,"2026-04-09 09:15:00",90.55,90.81,90.02,90.71,3097,"LLLH","Black","Down",0.6,0.74,0.79,"Down",0.55,0.16,"Down",0.35,0.873418,0.898734,True,True,False,True,"Falling","Absent","Clustered","Local","Contained","Moderate","BreaksPriorLow;CloseInsidePriorRange;CloseInsidePriorBody;DissipationLocal;AcceptanceContained;CompressionClustered"
369,"2026-04-09 09:20:00",90.71,90.84,89.49,89.63,4254,"OutsideBar","Red","Up",0.8,0.88,1.35,"Up",0.9,1.08,"Up",0.95,0.103704,0.585185,False,False,True,True,"Peak","Strong","Absent","Absent","Accepted","Structural","VolumePeak20;RangePeak20;BreaksPriorHigh;BreaksPriorLow;AcceptanceAccepted"
370,"2026-04-09 09:25:00",89.65,89.97,89.35,89.91,4230,"LLLH","Black","Down",0.7,0.82,0.62,"Down",0.3,0.26,"Down",0.45,0.903226,0.774194,True,True,False,True,"Falling","Absent","Local","Local","Contained","Moderate","BreaksPriorLow;CloseInsidePriorRange;CloseInsidePriorBody;DissipationLocal;AcceptanceContained;CompressionLocal"
371,"2026-04-09 09:30:00",89.9,90.17,89.42,89.64,3018,"HHHL","Red","Down",0.45,0.66,0.75,"Up",0.45,0.26,"Up",0.45,0.293333,0.733333,True,False,True,False,"Falling","Local","Local","Local","Contained","Minor","BreaksPriorHigh;CloseInsidePriorRange;DissipationLocal;AcceptanceContained;CompressionLocal"
372,"2026-04-09 09:35:00",89.64,90.26,89.59,89.9,2262,"HHHL","Black","Down",0.15,0.4,0.67,"Down",0.3,0.26,"Flat",0.45,0.462687,0.865672,True,True,True,False,"Falling","Absent","Clustered","Local","Contained","Minor","BreaksPriorHigh;CloseInsidePriorRange;CloseInsidePriorBody;DissipationLocal;AcceptanceContained;CompressionClustered"
373,"2026-04-09 09:40:00",89.93,90.2,89.61,89.8,2232,"InsideBar","Red","Down",0.1,0.36,0.59,"Down",0.2,0.13,"Down",0.2,0.322034,1,True,True,False,False,"Falling","Absent","Clustered","Absent","Unresolved","Minor","CloseInsidePriorRange;CloseInsidePriorBody;CompressionClustered"
374,"2026-04-09 09:45:00",89.8,90.26,89.75,90.2,1593,"HHHL","Black","Down",0.05,0.18,0.51,"Down",0.1,0.4,"Up",0.55,0.882353,0.882353,True,False,True,False,"Falling","Absent","Clustered","Local","Contained","Minor","BreaksPriorHigh;CloseInsidePriorRange;DissipationLocal;AcceptanceContained;CompressionClustered"
375,"2026-04-09 09:50:00",90.21,90.88,90.21,90.56,3487,"HHHL","Black","Up",0.6,0.74,0.67,"Up",0.35,0.35,"Down",0.5,0.522388,0.074627,False,False,True,False,"Rising","Local","Absent","Absent","Accepted","Moderate","BreaksPriorHigh;AcceptanceAccepted"
376,"2026-04-09 09:55:00",90.55,90.55,89.73,89.92,2341,"LLLH","Red","Down",0.25,0.42,0.82,"Up",0.6,0.63,"Up",0.8,0.231707,0.414634,False,False,False,True,"Falling","Local","Absent","Local","Accepted","Moderate","BreaksPriorLow;DissipationLocal;AcceptanceAccepted"
377,"2026-04-09 10:00:00",89.92,90.23,89.72,89.92,2345,"LLLH","Neutral","Up",0.3,0.44,0.51,"Down",0.1,0,"Down",0.1,0.392157,0.980392,True,True,False,True,"Rising","Absent","Clustered","Local","Contained","Minor","BreaksPriorLow;CloseInsidePriorRange;CloseInsidePriorBody;DissipationLocal;AcceptanceContained;CompressionClustered"
378,"2026-04-09 10:05:00",89.93,90.23,89.65,89.79,1474,"OutsideBar","Red","Down",0.05,0.16,0.58,"Up",0.2,0.14,"Up",0.2,0.241379,0.87931,True,False,False,True,"Falling","Local","Local","Local","Contained","Minor","BreaksPriorLow;CloseInsidePriorRange;DissipationLocal;AcceptanceContained;CompressionLocal"
379,"2026-04-09 10:10:00",89.78,89.99,89.04,89.09,3013,"LLLH","Red","Up",0.45,0.68,0.95,"Up",0.7,0.69,"Up",0.85,0.052632,0.357895,False,False,False,True,"Rising","Local","Absent","Absent","Accepted","Moderate","BreaksPriorLow;AcceptanceAccepted"
380,"2026-04-09 10:15:00",89.1,89.56,88.99,89.31,2565,"LLLH","Black","Down",0.4,0.54,0.57,"Down",0.2,0.21,"Down",0.3,0.561404,0.912281,True,True,False,True,"Falling","Absent","Clustered","Local","Contained","Minor","BreaksPriorLow;CloseInsidePriorRange;CloseInsidePriorBody;DissipationLocal;AcceptanceContained;CompressionClustered"
381,"2026-04-09 10:20:00",89.29,89.43,88.65,88.9,2834,"LLLH","Red","Up",0.5,0.6,0.78,"Up",0.6,0.39,"Up",0.65,0.320513,0.564103,False,False,False,True,"Rising","Local","Absent","Absent","Accepted","Moderate","BreaksPriorLow;AcceptanceAccepted"
382,"2026-04-09 10:25:00",88.91,89.26,88.64,89,2054,"LLLH","Black","Down",0.15,0.34,0.62,"Down",0.4,0.09,"Down",0.15,0.580645,0.983871,True,True,False,True,"Falling","Absent","Clustered","Local","Contained","Minor","BreaksPriorLow;CloseInsidePriorRange;CloseInsidePriorBody;DissipationLocal;AcceptanceContained;CompressionClustered"
383,"2026-04-09 10:30:00",88.99,89.12,88.83,89.08,1024,"InsideBar","Black","Down",0.05,0.06,0.29,"Down",0.05,0.09,"Flat",0.2,0.862069,1,True,False,False,False,"Falling","Absent","Clustered","Absent","Unresolved","Minor","CloseInsidePriorRange;CompressionClustered"
384,"2026-04-09 10:35:00",89.08,89.49,88.57,88.61,2869,"OutsideBar","Red","Up",0.6,0.6,0.92,"Up",0.8,0.47,"Up",0.8,0.043478,0.315217,False,False,True,True,"Rising","Strong","Absent","Absent","Accepted","Major","RangePeak20;BreaksPriorHigh;BreaksPriorLow;AcceptanceAccepted"
385,"2026-04-09 10:40:00",88.61,88.66,87.74,88.14,4948,"LLLH","Red","Up",0.95,0.92,0.92,"Flat",0.8,0.47,"Flat",0.8,0.434783,0.097826,False,False,False,True,"Peak","Strong","Absent","Absent","Accepted","Structural","VolumePeak20;RangePeak20;BreaksPriorLow;AcceptanceAccepted"
386,"2026-04-09 10:45:00",88.14,88.35,87.84,88.24,2438,"InsideBar","Black","Down",0.45,0.46,0.51,"Down",0.1,0.1,"Down",0.2,0.784314,1,True,True,False,False,"Falling","Absent","Clustered","Absent","Unresolved","Minor","CloseInsidePriorRange;CloseInsidePriorBody;CompressionClustered"
387,"2026-04-09 10:50:00",88.26,88.44,87.97,88.29,1635,"HHHL","Black","Down",0.2,0.12,0.47,"Down",0.1,0.03,"Down",0.1,0.680851,0.808511,True,False,True,False,"Falling","Absent","Clustered","Local","Contained","Minor","BreaksPriorHigh;CloseInsidePriorRange;DissipationLocal;AcceptanceContained;CompressionClustered"
388,"2026-04-09 10:55:00",88.27,89.03,88.23,88.87,3132,"HHHL","Black","Up",0.8,0.76,0.8,"Up",0.75,0.6,"Up",0.85,0.8,0.2625,False,False,True,False,"Peak","Local","Absent","Absent","Accepted","Major","VolumePeak20;BreaksPriorHigh;AcceptanceAccepted"
389,"2026-04-09 11:00:00",88.85,88.94,88.69,88.82,1264,"InsideBar","Red","Down",0.1,0.04,0.25,"Down",0.05,0.03,"Down",0.15,0.52,1,True,True,False,False,"Falling","Absent","Clustered","Absent","Unresolved","Minor","CloseInsidePriorRange;CloseInsidePriorBody;CompressionClustered"
390,"2026-04-09 11:05:00",88.8,89.96,88.53,89.8,4699,"OutsideBar","Black","Up",0.95,0.9,1.43,"Up",1,1,"Up",1,0.888112,0.174825,False,False,True,True,"Peak","Climactic","Absent","Absent","Accepted","Structural","VolumePeak20;RangePeak20;RangeClimactic20;BreaksPriorHigh;BreaksPriorLow;AcceptanceAccepted"
391,"2026-04-09 11:10:00",89.81,89.85,89.36,89.6,2571,"InsideBar","Red","Down",0.65,0.46,0.49,"Down",0.2,0.21,"Down",0.5,0.489796,1,True,True,False,False,"Falling","Absent","Clustered","Absent","Unresolved","Moderate","CloseInsidePriorRange;CloseInsidePriorBody;CompressionClustered"
392,"2026-04-09 11:15:00",89.62,89.99,89.54,89.74,1798,"HHHL","Black","Down",0.3,0.18,0.45,"Down",0.15,0.12,"Down",0.35,0.444444,0.688889,True,True,True,False,"Falling","Absent","Local","Local","Contained","Minor","BreaksPriorHigh;CloseInsidePriorRange;CloseInsidePriorBody;DissipationLocal;AcceptanceContained;CompressionLocal"
393,"2026-04-09 11:20:00",89.72,89.8,89.19,89.56,2813,"LLLH","Red","Up",0.65,0.5,0.61,"Up",0.55,0.16,"Up",0.45,0.606557,0.42623,True,False,False,True,"Rising","Local","Local","Absent","Contained","Moderate","BreaksPriorLow;CloseInsidePriorRange;AcceptanceContained;CompressionLocal"
394,"2026-04-09 11:25:00",89.58,90.98,89.43,90.4,5463,"HHHL","Black","Up",1,0.92,1.55,"Up",1,0.82,"Up",0.95,0.625806,0.23871,False,False,True,False,"Peak","Climactic","Absent","Absent","Accepted","Structural","VolumePeak20;RangePeak20;RangeClimactic20;BreaksPriorHigh;AcceptanceAccepted"
395,"2026-04-09 11:30:00",90.39,90.64,90.09,90.38,7350,"InsideBar","Red","Up",1,0.98,0.55,"Down",0.4,0.01,"Down",0.1,0.527273,1,True,True,False,False,"Climactic","Absent","Clustered","Local","Unresolved","Structural","VolumePeak20;VolumeClimactic50;HighVolumeLowRange;CloseInsidePriorRange;CloseInsidePriorBody;DissipationLocal;CompressionClustered"
396,"2026-04-10 06:05:00",90.68,90.94,90.41,90.44,1885,"HHHL","Red","Down",0.3,0.2,0.53,"Down",0.4,0.24,"Up",0.65,0.056604,0.433962,True,False,True,False,"Falling","Absent","Local","Local","Contained","Minor","BreaksPriorHigh;CloseInsidePriorRange;DissipationLocal;AcceptanceContained;CompressionLocal"
397,"2026-04-10 06:10:00",90.45,90.54,89.9,90.17,2464,"LLLH","Red","Up",0.45,0.4,0.64,"Up",0.65,0.28,"Up",0.65,0.421875,0.203125,False,False,False,True,"Rising","Local","Absent","Absent","Accepted","Moderate","BreaksPriorLow;AcceptanceAccepted"
398,"2026-04-10 06:15:00",90.18,90.42,90.13,90.38,1262,"InsideBar","Black","Down",0.1,0.04,0.29,"Down",0.15,0.2,"Down",0.45,0.862069,1,True,True,False,False,"Falling","Absent","Clustered","Absent","Unresolved","Minor","CloseInsidePriorRange;CloseInsidePriorBody;CompressionClustered"
399,"2026-04-10 06:20:00",90.41,90.74,90.21,90.41,1746,"HHHL","Neutral","Up",0.25,0.18,0.53,"Up",0.45,0,"Down",0.05,0.377358,0.396226,True,False,True,False,"Rising","Local","Local","Absent","Contained","Minor","BreaksPriorHigh;CloseInsidePriorRange;AcceptanceContained;CompressionLocal"
400,"2026-04-10 06:25:00",90.42,90.77,90.37,90.74,825,"HHHL","Black","Down",0.05,0.02,0.4,"Down",0.2,0.32,"Up",0.7,0.925,0.925,True,False,True,False,"Falling","Absent","Clustered","Local","Contained","Minor","BreaksPriorHigh;CloseInsidePriorRange;DissipationLocal;AcceptanceContained;CompressionClustered"
401,"2026-04-10 06:30:00",90.75,90.91,90.65,90.79,1042,"HHHL","Black","Up",0.15,0.06,0.26,"Down",0.1,0.04,"Down",0.25,0.538462,0.461538,False,False,True,False,"Rising","Absent","Absent","Local","Accepted","Minor","BreaksPriorHigh;DissipationLocal;AcceptanceAccepted"
402,"2026-04-10 06:35:00",90.77,91.01,90.64,90.86,1638,"OutsideBar","Black","Up",0.35,0.18,0.37,"Up",0.25,0.09,"Up",0.35,0.594595,0.702703,True,False,True,True,"Rising","Local","Local","Absent","Contained","Minor","BreaksPriorHigh;BreaksPriorLow;CloseInsidePriorRange;AcceptanceContained;CompressionLocal"
403,"2026-04-10 06:40:00",90.87,91.29,90.78,90.86,1533,"HHHL","Red","Down",0.25,0.14,0.51,"Up",0.5,0.01,"Down",0.15,0.156863,0.45098,True,True,True,False,"Falling","Local","Local","Local","Contained","Minor","BreaksPriorHigh;CloseInsidePriorRange;CloseInsidePriorBody;DissipationLocal;AcceptanceContained;CompressionLocal"
404,"2026-04-10 06:45:00",90.86,91.28,90.77,91.05,1357,"LLLH","Black","Down",0.25,0.12,0.51,"Flat",0.55,0.19,"Up",0.55,0.54902,0.980392,True,False,False,True,"Falling","Absent","Clustered","Local","Contained","Minor","BreaksPriorLow;CloseInsidePriorRange;DissipationLocal;AcceptanceContained;CompressionClustered"
405,"2026-04-10 06:50:00",91.04,91.07,90.89,91.03,1097,"InsideBar","Red","Down",0.15,0.08,0.18,"Down",0.05,0.01,"Down",0.2,0.777778,1,True,True,False,False,"Falling","Absent","Clustered","Absent","Unresolved","Minor","CloseInsidePriorRange;CloseInsidePriorBody;CompressionClustered"
406,"2026-04-10 06:55:00",91.02,91.03,90.65,90.76,1075,"LLLH","Red","Down",0.15,0.08,0.38,"Up",0.3,0.26,"Up",0.75,0.289474,0.368421,False,False,False,True,"Falling","Local","Absent","Local","Accepted","Minor","BreaksPriorLow;DissipationLocal;AcceptanceAccepted"
407,"2026-04-10 07:00:00",90.75,90.98,90.73,90.89,783,"InsideBar","Black","Down",0.05,0.02,0.25,"Down",0.15,0.14,"Down",0.45,0.64,1,True,True,False,False,"Falling","Absent","Clustered","Absent","Unresolved","Minor","CloseInsidePriorRange;CloseInsidePriorBody;CompressionClustered"
408,"2026-04-10 07:05:00",90.92,91,90.61,90.71,899,"OutsideBar","Red","Up",0.15,0.06,0.39,"Up",0.4,0.21,"Up",0.7,0.25641,0.641026,False,False,True,True,"Rising","Local","Absent","Absent","Accepted","Minor","BreaksPriorHigh;BreaksPriorLow;AcceptanceAccepted"
409,"2026-04-10 07:10:00",90.7,91.14,90.54,90.91,2092,"OutsideBar","Black","Up",0.7,0.4,0.6,"Up",0.8,0.21,"Down",0.6,0.616667,0.65,True,True,True,True,"Rising","Strong","Local","Absent","Contained","Major","RangePeak20;BreaksPriorHigh;BreaksPriorLow;CloseInsidePriorRange;CloseInsidePriorBody;AcceptanceContained;CompressionLocal"
410,"2026-04-10 07:15:00",90.92,91.05,90.34,90.42,1779,"LLLH","Red","Down",0.6,0.34,0.71,"Up",0.95,0.5,"Up",0.95,0.112676,0.71831,False,False,False,True,"Falling","Climactic","Absent","Local","Accepted","Structural","RangePeak20;RangeClimactic20;BreaksPriorLow;DissipationLocal;AcceptanceAccepted"
411,"2026-04-10 07:20:00",90.44,90.47,90.18,90.29,1451,"LLLH","Red","Down",0.45,0.22,0.29,"Down",0.2,0.15,"Down",0.45,0.37931,0.448276,False,False,False,True,"Falling","Absent","Absent","Local","Accepted","Minor","BreaksPriorLow;DissipationLocal;AcceptanceAccepted"
412,"2026-04-10 07:25:00",90.3,90.3,90.06,90.06,1058,"LLLH","Red","Down",0.25,0.12,0.24,"Down",0.1,0.24,"Up",0.7,0,0.5,False,False,False,True,"Falling","Absent","Absent","Local","Accepted","Minor","BreaksPriorLow;DissipationLocal;AcceptanceAccepted"
413,"2026-04-10 07:30:00",90.06,90.09,89.71,90,2901,"LLLH","Red","Up",0.9,0.74,0.38,"Up",0.45,0.06,"Down",0.3,0.763158,0.078947,False,False,False,True,"Peak","Local","Absent","Absent","Accepted","Major","VolumePeak20;BreaksPriorLow;AcceptanceAccepted"
414,"2026-04-10 07:35:00",89.99,90.11,89.79,90.09,1073,"HHHL","Black","Down",0.3,0.14,0.32,"Down",0.35,0.1,"Up",0.4,0.9375,0.9375,True,False,True,False,"Falling","Absent","Clustered","Local","Contained","Minor","BreaksPriorHigh;CloseInsidePriorRange;DissipationLocal;AcceptanceContained;CompressionClustered"
415,"2026-04-10 07:40:00",90.09,90.3,89.79,90.23,1604,"OutsideBar","Black","Up",0.65,0.34,0.51,"Up",0.65,0.14,"Up",0.45,0.862745,0.627451,False,False,True,False,"Rising","Local","Absent","Absent","Accepted","Moderate","BreaksPriorHigh;AcceptanceAccepted"
416,"2026-04-10 07:45:00",90.24,91.49,90.22,91.22,5343,"HHHL","Black","Up",1,0.96,1.27,"Up",1,0.98,"Up",1,0.787402,0.062992,False,False,True,False,"Climactic","Climactic","Absent","Absent","Accepted","SessionDefining","VolumePeak20;VolumeClimactic50;RangePeak20;RangeClimactic20;BreaksPriorHigh;AcceptanceAccepted"
417,"2026-04-10 07:50:00",91.21,91.46,90.93,91.26,2425,"InsideBar","Black","Down",0.9,0.6,0.53,"Down",0.8,0.05,"Down",0.25,0.622642,1,True,False,False,False,"Peak","Strong","Clustered","Absent","Unresolved","Major","VolumePeak20;RangePeak20;CloseInsidePriorRange;CompressionClustered"
418,"2026-04-10 07:55:00",91.25,91.44,90.93,91.41,1948,"InsideBar","Black","Down",0.8,0.48,0.51,"Down",0.65,0.16,"Up",0.6,0.941176,1,True,False,False,False,"Peak","Absent","Clustered","Absent","Unresolved","Major","VolumePeak20;CloseInsidePriorRange;CompressionClustered"
419,"2026-04-10 08:00:00",91.4,91.49,90.88,91,1388,"OutsideBar","Red","Down",0.5,0.26,0.61,"Up",0.9,0.4,"Up",0.9,0.196721,0.836066,True,False,True,True,"Falling","Strong","Local","Local","Contained","Structural","RangePeak20;BreaksPriorHigh;BreaksPriorLow;CloseInsidePriorRange;DissipationLocal;AcceptanceContained;CompressionLocal"
420,"2026-04-10 08:05:00",91.01,91.2,90.86,91.06,1153,"LLLH","Black","Down",0.4,0.2,0.34,"Down",0.35,0.05,"Down",0.2,0.588235,0.941176,True,True,False,True,"Falling","Absent","Clustered","Local","Contained","Minor","BreaksPriorLow;CloseInsidePriorRange;CloseInsidePriorBody;DissipationLocal;AcceptanceContained;CompressionClustered"
421,"2026-04-10 08:10:00",91.06,91.28,90.93,91.07,1251,"HHHL","Black","Up",0.4,0.22,0.35,"Up",0.35,0.01,"Down",0.05,0.4,0.771429,True,False,True,False,"Rising","Local","Local","Absent","Contained","Minor","BreaksPriorHigh;CloseInsidePriorRange;AcceptanceContained;CompressionLocal"
422,"2026-04-10 08:15:00",91.08,91.16,90.92,91.14,903,"LLLH","Black","Down",0.15,0.08,0.24,"Down",0.15,0.06,"Up",0.35,0.916667,0.958333,True,False,False,True,"Falling","Absent","Clustered","Local","Contained","Minor","BreaksPriorLow;CloseInsidePriorRange;DissipationLocal;AcceptanceContained;CompressionClustered"
423,"2026-04-10 08:20:00",91.14,91.46,91.02,91.41,1534,"HHHL","Black","Up",0.65,0.4,0.44,"Up",0.6,0.27,"Up",0.85,0.886364,0.318182,False,False,True,False,"Rising","Local","Absent","Absent","Accepted","Moderate","BreaksPriorHigh;AcceptanceAccepted"
424,"2026-04-10 08:25:00",91.44,91.49,90.76,90.79,2824,"OutsideBar","Red","Up",0.9,0.78,0.73,"Up",0.95,0.65,"Up",0.95,0.041096,0.60274,False,False,True,True,"Peak","Climactic","Absent","Absent","Accepted","Structural","VolumePeak20;RangePeak20;RangeClimactic20;BreaksPriorHigh;BreaksPriorLow;AcceptanceAccepted"
425,"2026-04-10 08:30:00",90.81,91.48,90.81,91.25,2942,"InsideBar","Black","Up",0.95,0.86,0.67,"Down",0.85,0.44,"Down",0.85,0.656716,1,True,True,False,False,"Peak","Strong","Clustered","Local","Unresolved","Major","VolumePeak20;RangePeak20;CloseInsidePriorRange;CloseInsidePriorBody;DissipationLocal;CompressionClustered"
426,"2026-04-10 08:35:00",91.25,91.65,90.96,91.57,2058,"HHHL","Black","Down",0.7,0.6,0.69,"Up",0.85,0.32,"Down",0.75,0.884058,0.753623,False,False,True,False,"Falling","Strong","Absent","Local","Accepted","Major","RangePeak20;BreaksPriorHigh;DissipationLocal;AcceptanceAccepted"
427,"2026-04-10 08:40:00",91.57,91.91,91.52,91.83,2046,"HHHL","Black","Down",0.65,0.58,0.39,"Down",0.45,0.26,"Down",0.65,0.794872,0.333333,False,False,True,False,"Falling","Absent","Absent","Local","Accepted","Moderate","BreaksPriorHigh;DissipationLocal;AcceptanceAccepted"
428,"2026-04-10 08:45:00",91.82,91.95,91.52,91.7,1689,"OutsideBar","Red","Down",0.5,0.46,0.43,"Up",0.45,0.12,"Down",0.35,0.418605,0.906977,True,True,True,False,"Falling","Local","Local","Local","Contained","Minor","BreaksPriorHigh;CloseInsidePriorRange;CloseInsidePriorBody;DissipationLocal;AcceptanceContained;CompressionLocal"
429,"2026-04-10 08:50:00",91.7,91.82,91.53,91.71,1274,"InsideBar","Black","Down",0.3,0.3,0.29,"Down",0.2,0.01,"Down",0.1,0.62069,1,True,True,False,False,"Falling","Absent","Clustered","Absent","Unresolved","Minor","CloseInsidePriorRange;CloseInsidePriorBody;CompressionClustered"
430,"2026-04-10 08:55:00",91.72,91.73,91.51,91.53,1040,"LLLH","Red","Down",0.1,0.12,0.22,"Down",0.05,0.19,"Up",0.6,0.090909,0.909091,True,False,False,True,"Falling","Absent","Clustered","Local","Contained","Minor","BreaksPriorLow;CloseInsidePriorRange;DissipationLocal;AcceptanceContained;CompressionClustered"
431,"2026-04-10 09:00:00",91.52,91.86,91.51,91.68,1375,"OutsideBar","Black","Up",0.4,0.36,0.35,"Up",0.4,0.16,"Down",0.55,0.485714,0.628571,True,True,True,False,"Rising","Local","Local","Absent","Contained","Minor","BreaksPriorHigh;CloseInsidePriorRange;CloseInsidePriorBody;AcceptanceContained;CompressionLocal"
432,"2026-04-10 09:05:00",91.67,91.99,91.62,91.76,1255,"HHHL","Black","Down",0.3,0.28,0.37,"Up",0.4,0.09,"Down",0.35,0.378378,0.648649,True,False,True,False,"Falling","Local","Local","Local","Contained","Minor","BreaksPriorHigh;CloseInsidePriorRange;DissipationLocal;AcceptanceContained;CompressionLocal"
433,"2026-04-10 09:10:00",91.75,91.96,91.74,91.74,1103,"InsideBar","Red","Down",0.2,0.22,0.22,"Down",0.1,0.01,"Down",0.15,0,1,True,True,False,False,"Falling","Absent","Clustered","Absent","Unresolved","Minor","CloseInsidePriorRange;CloseInsidePriorBody;CompressionClustered"
434,"2026-04-10 09:15:00",91.75,91.75,91.28,91.37,1831,"LLLH","Red","Up",0.65,0.62,0.47,"Up",0.6,0.38,"Up",0.8,0.191489,0.021277,False,False,False,True,"Rising","Local","Absent","Absent","Accepted","Moderate","BreaksPriorLow;AcceptanceAccepted"
435,"2026-04-10 09:20:00",91.39,91.41,91.21,91.3,741,"LLLH","Red","Down",0.05,0.02,0.2,"Down",0.05,0.09,"Down",0.4,0.45,0.65,True,False,False,True,"Falling","Absent","Local","Local","Contained","Minor","BreaksPriorLow;CloseInsidePriorRange;DissipationLocal;AcceptanceContained;CompressionLocal"
436,"2026-04-10 09:25:00",91.27,91.46,91.1,91.13,851,"OutsideBar","Red","Up",0.1,0.08,0.36,"Up",0.45,0.14,"Up",0.5,0.083333,0.555556,False,False,True,True,"Rising","Local","Absent","Absent","Accepted","Minor","BreaksPriorHigh;BreaksPriorLow;AcceptanceAccepted"
437,"2026-04-10 09:30:00",91.15,91.42,91.13,91.3,1162,"InsideBar","Black","Up",0.35,0.3,0.29,"Down",0.3,0.15,"Up",0.5,0.586207,1,True,False,False,False,"Rising","Absent","Clustered","Local","Unresolved","Minor","CloseInsidePriorRange;DissipationLocal;CompressionClustered"
438,"2026-04-10 09:35:00",91.31,91.35,90.96,91.15,1215,"LLLH","Red","Up",0.4,0.32,0.39,"Up",0.65,0.16,"Up",0.55,0.487179,0.564103,True,True,False,True,"Rising","Local","Local","Absent","Contained","Moderate","BreaksPriorLow;CloseInsidePriorRange;CloseInsidePriorBody;AcceptanceContained;CompressionLocal"
439,"2026-04-10 09:40:00",91.15,91.23,90.87,91.08,1919,"LLLH","Red","Up",0.8,0.7,0.36,"Down",0.55,0.07,"Down",0.3,0.583333,0.75,True,False,False,True,"Peak","Absent","Local","Local","Contained","Major","VolumePeak20;BreaksPriorLow;CloseInsidePriorRange;DissipationLocal;AcceptanceContained;CompressionLocal"
440,"2026-04-10 09:45:00",91.09,91.42,91.09,91.22,999,"HHHL","Black","Down",0.2,0.14,0.33,"Down",0.35,0.13,"Up",0.45,0.393939,0.424242,True,False,True,False,"Falling","Absent","Local","Local","Contained","Minor","BreaksPriorHigh;CloseInsidePriorRange;DissipationLocal;AcceptanceContained;CompressionLocal"
441,"2026-04-10 09:50:00",91.22,91.3,90.97,91.01,657,"LLLH","Red","Down",0.05,0.02,0.33,"Flat",0.4,0.21,"Up",0.7,0.121212,0.636364,False,False,False,True,"Falling","Absent","Absent","Local","Accepted","Minor","BreaksPriorLow;DissipationLocal;AcceptanceAccepted"
442,"2026-04-10 09:55:00",91,91.06,90.61,90.75,1265,"LLLH","Red","Up",0.5,0.44,0.45,"Up",0.8,0.25,"Up",0.7,0.311111,0.2,False,False,False,True,"Rising","Strong","Absent","Absent","Accepted","Major","RangePeak20;BreaksPriorLow;AcceptanceAccepted"
443,"2026-04-10 10:00:00",90.76,90.86,90.64,90.69,931,"InsideBar","Red","Down",0.2,0.16,0.22,"Down",0.2,0.07,"Down",0.2,0.227273,1,True,False,False,False,"Falling","Absent","Clustered","Absent","Unresolved","Minor","CloseInsidePriorRange;CompressionClustered"
444,"2026-04-10 10:05:00",90.69,90.94,90.65,90.92,1108,"HHHL","Black","Up",0.4,0.34,0.29,"Up",0.3,0.23,"Up",0.75,0.931034,0.724138,False,False,True,False,"Rising","Local","Absent","Absent","Accepted","Minor","BreaksPriorHigh;AcceptanceAccepted"
445,"2026-04-10 10:10:00",90.93,90.93,90.64,90.69,1087,"LLLH","Red","Down",0.35,0.3,0.29,"Up",0.4,0.24,"Up",0.8,0.172414,0.965517,True,True,False,True,"Falling","Local","Local","Local","Contained","Minor","BreaksPriorLow;CloseInsidePriorRange;CloseInsidePriorBody;DissipationLocal;AcceptanceContained;CompressionLocal"
446,"2026-04-10 10:15:00",90.7,90.74,90.49,90.58,1444,"LLLH","Red","Up",0.8,0.6,0.25,"Down",0.25,0.12,"Down",0.4,0.36,0.4,False,False,False,True,"Peak","Absent","Absent","Local","Accepted","Major","VolumePeak20;HighVolumeLowRange;BreaksPriorLow;DissipationLocal;AcceptanceAccepted"
447,"2026-04-10 10:20:00",90.58,90.78,90.46,90.56,963,"OutsideBar","Red","Down",0.25,0.18,0.32,"Up",0.5,0.02,"Down",0.15,0.3125,0.78125,True,False,True,True,"Falling","Local","Local","Local","Contained","Minor","BreaksPriorHigh;BreaksPriorLow;CloseInsidePriorRange;DissipationLocal;AcceptanceContained;CompressionLocal"
448,"2026-04-10 10:25:00",90.56,91.04,90.56,90.83,1187,"HHHL","Black","Up",0.6,0.44,0.48,"Up",1,0.27,"Up",0.95,0.5625,0.458333,False,False,True,False,"Rising","Climactic","Absent","Absent","Accepted","Structural","RangePeak20;RangeClimactic20;BreaksPriorHigh;AcceptanceAccepted"
449,"2026-04-10 10:30:00",90.83,90.99,90.68,90.84,1141,"InsideBar","Black","Down",0.55,0.4,0.31,"Down",0.45,0.01,"Down",0.1,0.516129,1,True,False,False,False,"Falling","Absent","Clustered","Absent","Unresolved","Minor","CloseInsidePriorRange;CompressionClustered"
450,"2026-04-10 10:35:00",90.84,90.95,90.63,90.73,876,"LLLH","Red","Down",0.2,0.1,0.32,"Up",0.5,0.11,"Up",0.4,0.3125,0.84375,True,False,False,True,"Falling","Local","Local","Local","Contained","Minor","BreaksPriorLow;CloseInsidePriorRange;DissipationLocal;AcceptanceContained;CompressionLocal"
451,"2026-04-10 10:40:00",90.72,90.88,90.63,90.75,744,"InsideBar","Black","Down",0.15,0.06,0.25,"Down",0.25,0.03,"Down",0.2,0.48,1,True,True,False,False,"Falling","Absent","Clustered","Absent","Unresolved","Minor","CloseInsidePriorRange;CloseInsidePriorBody;CompressionClustered"
452,"2026-04-10 10:45:00",90.76,91.07,90.69,91.07,1254,"HHHL","Black","Up",0.8,0.52,0.38,"Up",0.8,0.31,"Up",0.95,1,0.5,False,False,True,False,"Peak","Strong","Absent","Absent","Accepted","Major","VolumePeak20;RangePeak20;BreaksPriorHigh;AcceptanceAccepted"
453,"2026-04-10 10:50:00",91.09,91.22,90.82,90.9,1300,"HHHL","Red","Up",0.85,0.6,0.4,"Up",0.85,0.19,"Down",0.65,0.2,0.625,True,True,True,False,"Peak","Strong","Local","Absent","Contained","Major","VolumePeak20;RangePeak20;BreaksPriorHigh;CloseInsidePriorRange;CloseInsidePriorBody;AcceptanceContained;CompressionLocal"
454,"2026-04-10 10:55:00",90.9,90.9,90.6,90.68,831,"LLLH","Red","Down",0.2,0.1,0.3,"Down",0.4,0.22,"Up",0.75,0.266667,0.266667,False,False,False,True,"Falling","Absent","Absent","Local","Accepted","Minor","BreaksPriorLow;DissipationLocal;AcceptanceAccepted"
455,"2026-04-10 11:00:00",90.68,90.71,90.41,90.47,1234,"LLLH","Red","Up",0.75,0.5,0.3,"Down",0.35,0.21,"Down",0.7,0.2,0.366667,False,False,False,True,"Rising","Absent","Absent","Local","Accepted","Moderate","BreaksPriorLow;DissipationLocal;AcceptanceAccepted"
456,"2026-04-10 11:05:00",90.47,90.88,90.35,90.76,2218,"OutsideBar","Black","Up",1,0.9,0.53,"Up",1,0.29,"Up",0.95,0.773585,0.566038,False,False,True,True,"Peak","Climactic","Absent","Absent","Accepted","Structural","VolumePeak20;RangePeak20;RangeClimactic20;BreaksPriorHigh;BreaksPriorLow;AcceptanceAccepted"
457,"2026-04-10 11:10:00",90.75,90.77,90.19,90.49,2113,"LLLH","Red","Down",0.95,0.88,0.58,"Up",1,0.26,"Down",0.85,0.517241,0.724138,True,True,False,True,"Peak","Climactic","Local","Local","Contained","Structural","VolumePeak20;RangePeak20;RangeClimactic20;BreaksPriorLow;CloseInsidePriorRange;CloseInsidePriorBody;DissipationLocal;AcceptanceContained;CompressionLocal"
458,"2026-04-10 11:15:00",90.5,90.58,90.1,90.13,1247,"LLLH","Red","Down",0.65,0.46,0.48,"Down",0.9,0.37,"Up",1,0.0625,0.8125,False,False,False,True,"Falling","Strong","Clustered","Local","Accepted","Structural","RangePeak20;BreaksPriorLow;DissipationLocal;AcceptanceAccepted;CompressionClustered"
459,"2026-04-10 11:20:00",90.14,90.23,89.42,89.49,3379,"LLLH","Red","Up",1,0.98,0.81,"Up",1,0.65,"Up",1,0.08642,0.160494,False,False,False,True,"Climactic","Climactic","Absent","Absent","Accepted","SessionDefining","VolumePeak20;VolumeClimactic50;RangePeak20;RangeClimactic20;BreaksPriorLow;AcceptanceAccepted"
460,"2026-04-10 11:25:00",89.49,89.58,88.92,89.04,3708,"LLLH","Red","Up",1,0.98,0.66,"Down",0.95,0.45,"Down",0.95,0.181818,0.242424,False,False,False,True,"Climactic","Climactic","Absent","Local","Accepted","SessionDefining","VolumePeak20;VolumeClimactic50;RangePeak20;RangeClimactic20;BreaksPriorLow;DissipationLocal;AcceptanceAccepted"
461,"2026-04-10 11:30:00",89.03,89.46,88.87,89.05,5302,"LLLH","Black","Up",1,0.98,0.59,"Down",0.9,0.02,"Down",0.15,0.305085,0.915254,True,True,False,True,"Climactic","Strong","Clustered","Local","Contained","Structural","VolumePeak20;VolumeClimactic50;RangePeak20;BreaksPriorLow;CloseInsidePriorRange;CloseInsidePriorBody;DissipationLocal;AcceptanceContained;CompressionClustered"
462,"2026-04-13 06:05:00",96.14,96.22,95.83,96.08,1312,"HHHL","Red","Down",0.7,0.58,0.39,"Down",0.6,0.06,"Up",0.25,0.641026,0,False,False,True,False,"Falling","Absent","Absent","Local","Accepted","Moderate","BreaksPriorHigh;DissipationLocal;AcceptanceAccepted"
463,"2026-04-13 06:10:00",96.09,96.14,95.92,95.93,634,"InsideBar","Red","Down",0.05,0.02,0.22,"Down",0.05,0.16,"Up",0.4,0.045455,1,True,False,False,False,"Falling","Absent","Clustered","Absent","Unresolved","Minor","CloseInsidePriorRange;CompressionClustered"
464,"2026-04-13 06:15:00",95.94,96.07,95.8,95.9,779,"LLLH","Red","Up",0.15,0.1,0.27,"Up",0.2,0.04,"Down",0.25,0.37037,0.555556,False,False,False,True,"Rising","Local","Absent","Absent","Accepted","Minor","BreaksPriorLow;AcceptanceAccepted"
465,"2026-04-13 06:20:00",95.89,96.3,95.86,96.08,1115,"HHHL","Black","Up",0.35,0.34,0.44,"Up",0.65,0.19,"Up",0.55,0.5,0.477273,False,False,True,False,"Rising","Local","Absent","Absent","Accepted","Moderate","BreaksPriorHigh;AcceptanceAccepted"
466,"2026-04-13 06:25:00",96.07,96.26,96.03,96.16,646,"InsideBar","Black","Down",0.1,0.04,0.23,"Down",0.1,0.09,"Down",0.35,0.565217,1,True,False,False,False,"Falling","Absent","Clustered","Absent","Unresolved","Minor","CloseInsidePriorRange;CompressionClustered"
467,"2026-04-13 06:30:00",96.19,96.22,95.94,95.99,791,"LLLH","Red","Up",0.25,0.14,0.28,"Up",0.25,0.2,"Up",0.55,0.178571,0.678571,False,False,False,True,"Rising","Local","Absent","Absent","Accepted","Minor","BreaksPriorLow;AcceptanceAccepted"
468,"2026-04-13 06:35:00",95.98,96.18,95.64,95.65,1561,"LLLH","Red","Up",0.75,0.76,0.54,"Up",0.8,0.33,"Up",0.85,0.018519,0.444444,False,False,False,True,"Rising","Strong","Absent","Absent","Accepted","Major","RangePeak20;BreaksPriorLow;AcceptanceAccepted"
469,"2026-04-13 06:40:00",95.64,95.93,95.54,95.72,1823,"LLLH","Black","Up",0.75,0.78,0.39,"Down",0.55,0.08,"Down",0.25,0.461538,0.74359,True,True,False,True,"Rising","Absent","Local","Local","Contained","Moderate","BreaksPriorLow;CloseInsidePriorRange;CloseInsidePriorBody;DissipationLocal;AcceptanceContained;CompressionLocal"
470,"2026-04-13 06:45:00",95.73,95.93,95.66,95.8,958,"InsideBar","Black","Down",0.35,0.26,0.27,"Down",0.25,0.07,"Down",0.25,0.518519,1,True,False,False,False,"Falling","Absent","Clustered","Absent","Unresolved","Minor","CloseInsidePriorRange;CompressionClustered"
471,"2026-04-13 06:50:00",95.8,95.82,93.97,94.28,5572,"LLLH","Red","Up",1,1,1.85,"Up",1,1.52,"Up",1,0.167568,0.086486,False,False,False,True,"Climactic","Climactic","Absent","Absent","Accepted","SessionDefining","VolumePeak20;VolumeClimactic50;RangePeak20;RangeClimactic20;BreaksPriorLow;AcceptanceAccepted"
472,"2026-04-13 06:55:00",94.28,94.39,92.85,94.09,8873,"LLLH","Red","Up",1,1,1.54,"Down",0.95,0.19,"Down",0.5,0.805195,0.272727,True,False,False,True,"Climactic","Climactic","Local","Local","Contained","SessionDefining","VolumePeak20;VolumeClimactic50;RangePeak20;RangeClimactic20;BreaksPriorLow;CloseInsidePriorRange;DissipationLocal;AcceptanceContained;CompressionLocal"
473,"2026-04-13 07:00:00",94.05,94.55,93.87,94.21,2736,"HHHL","Black","Down",0.75,0.86,0.68,"Down",0.85,0.16,"Down",0.4,0.5,0.764706,True,True,True,False,"Falling","Strong","Local","Local","Contained","Major","RangePeak20;BreaksPriorHigh;CloseInsidePriorRange;CloseInsidePriorBody;DissipationLocal;AcceptanceContained;CompressionLocal"
474,"2026-04-13 07:05:00",94.22,94.44,93.64,93.89,2694,"LLLH","Red","Down",0.7,0.86,0.8,"Up",0.85,0.33,"Up",0.8,0.3125,0.7125,True,False,False,True,"Falling","Strong","Local","Local","Contained","Major","RangePeak20;BreaksPriorLow;CloseInsidePriorRange;DissipationLocal;AcceptanceContained;CompressionLocal"
475,"2026-04-13 07:10:00",93.93,93.97,93.07,93.61,3520,"LLLH","Red","Up",0.8,0.92,0.9,"Up",0.9,0.32,"Down",0.7,0.6,0.366667,False,False,False,True,"Peak","Strong","Absent","Absent","Accepted","Structural","VolumePeak20;RangePeak20;BreaksPriorLow;AcceptanceAccepted"
476,"2026-04-13 07:15:00",93.61,93.85,93.45,93.6,1718,"InsideBar","Red","Down",0.5,0.72,0.4,"Down",0.4,0.01,"Down",0.05,0.375,1,True,False,False,False,"Falling","Absent","Clustered","Absent","Unresolved","Minor","CloseInsidePriorRange;CompressionClustered"
477,"2026-04-13 07:20:00",93.6,94.04,93.54,93.88,1811,"HHHL","Black","Up",0.55,0.74,0.5,"Up",0.55,0.28,"Up",0.65,0.68,0.62,False,False,True,False,"Rising","Local","Absent","Absent","Accepted","Minor","BreaksPriorHigh;AcceptanceAccepted"
478,"2026-04-13 07:25:00",93.88,94.27,93.56,94.02,2326,"HHHL","Black","Up",0.6,0.84,0.71,"Up",0.75,0.14,"Down",0.4,0.647887,0.676056,True,False,True,False,"Rising","Local","Local","Absent","Contained","Moderate","BreaksPriorHigh;CloseInsidePriorRange;AcceptanceContained;CompressionLocal"
479,"2026-04-13 07:30:00",94.06,94.54,93.96,94.45,1666,"HHHL","Black","Down",0.45,0.68,0.58,"Down",0.6,0.39,"Up",0.9,0.844828,0.534483,False,False,True,False,"Falling","Absent","Absent","Local","Accepted","Moderate","BreaksPriorHigh;DissipationLocal;AcceptanceAccepted"
480,"2026-04-13 07:35:00",94.43,94.57,94.15,94.22,1311,"HHHL","Red","Down",0.35,0.58,0.42,"Down",0.45,0.21,"Down",0.7,0.166667,0.928571,True,True,True,False,"Falling","Absent","Clustered","Local","Contained","Minor","BreaksPriorHigh;CloseInsidePriorRange;CloseInsidePriorBody;DissipationLocal;AcceptanceContained;CompressionClustered"
481,"2026-04-13 07:40:00",94.21,94.29,93.95,94.06,1016,"LLLH","Red","Down",0.3,0.3,0.34,"Down",0.3,0.15,"Down",0.4,0.323529,0.411765,False,False,False,True,"Falling","Absent","Absent","Local","Accepted","Minor","BreaksPriorLow;DissipationLocal;AcceptanceAccepted"
482,"2026-04-13 07:45:00",94.07,94.35,93.95,94.16,1057,"OutsideBar","Black","Up",0.35,0.32,0.4,"Up",0.45,0.09,"Down",0.3,0.525,0.85,True,True,True,False,"Rising","Local","Local","Absent","Contained","Minor","BreaksPriorHigh;CloseInsidePriorRange;CloseInsidePriorBody;AcceptanceContained;CompressionLocal"
483,"2026-04-13 07:50:00",94.14,94.99,94.02,94.76,1827,"HHHL","Black","Up",0.7,0.74,0.97,"Up",0.9,0.62,"Up",0.95,0.762887,0.340206,False,False,True,False,"Rising","Strong","Absent","Absent","Accepted","Structural","RangePeak20;BreaksPriorHigh;AcceptanceAccepted"
484,"2026-04-13 07:55:00",94.77,94.94,94.58,94.59,1176,"InsideBar","Red","Down",0.35,0.44,0.36,"Down",0.25,0.18,"Down",0.45,0.027778,1,True,True,False,False,"Falling","Absent","Clustered","Absent","Unresolved","Minor","CloseInsidePriorRange;CloseInsidePriorBody;CompressionClustered"
485,"2026-04-13 08:00:00",94.59,94.71,94.31,94.52,1407,"LLLH","Red","Up",0.4,0.62,0.4,"Up",0.45,0.07,"Down",0.15,0.525,0.325,False,False,False,True,"Rising","Local","Absent","Absent","Accepted","Minor","BreaksPriorLow;AcceptanceAccepted"
486,"2026-04-13 08:05:00",94.51,95.25,94.5,94.99,2391,"HHHL","Black","Up",0.75,0.84,0.75,"Up",0.75,0.48,"Up",0.9,0.653333,0.28,False,False,True,False,"Rising","Local","Absent","Absent","Accepted","Moderate","BreaksPriorHigh;AcceptanceAccepted"
487,"2026-04-13 08:10:00",94.99,95.16,94.64,94.81,1364,"InsideBar","Red","Down",0.3,0.58,0.52,"Down",0.5,0.18,"Down",0.5,0.326923,1,True,True,False,False,"Falling","Absent","Clustered","Absent","Unresolved","Minor","CloseInsidePriorRange;CloseInsidePriorBody;CompressionClustered"
488,"2026-04-13 08:15:00",94.82,94.96,94.71,94.76,947,"InsideBar","Red","Down",0.05,0.2,0.25,"Down",0.05,0.06,"Down",0.1,0.2,1,True,False,False,False,"Falling","Absent","Clustered","Absent","Unresolved","Minor","CloseInsidePriorRange;CompressionClustered"
489,"2026-04-13 08:20:00",94.74,95.12,94.6,95.11,1199,"OutsideBar","Black","Up",0.3,0.44,0.52,"Up",0.55,0.37,"Up",0.8,0.980769,0.480769,False,False,True,True,"Rising","Local","Absent","Absent","Accepted","Minor","BreaksPriorHigh;BreaksPriorLow;AcceptanceAccepted"
490,"2026-04-13 08:25:00",95.09,95.12,94.76,94.97,1195,"InsideBar","Red","Down",0.25,0.42,0.36,"Down",0.2,0.12,"Down",0.25,0.583333,1,True,True,False,False,"Falling","Absent","Clustered","Absent","Unresolved","Minor","CloseInsidePriorRange;CloseInsidePriorBody;CompressionClustered"
491,"2026-04-13 08:30:00",94.98,95.19,94.94,95.1,1422,"HHHL","Black","Up",0.5,0.62,0.25,"Down",0.1,0.12,"Down",0.25,0.64,0.72,True,False,True,False,"Rising","Absent","Local","Local","Contained","Minor","BreaksPriorHigh;CloseInsidePriorRange;DissipationLocal;AcceptanceContained;CompressionLocal"
492,"2026-04-13 08:35:00",95.11,95.53,95.11,95.48,1935,"HHHL","Black","Up",0.75,0.76,0.42,"Up",0.5,0.37,"Up",0.85,0.880952,0.190476,False,False,True,False,"Rising","Local","Absent","Absent","Accepted","Moderate","BreaksPriorHigh;AcceptanceAccepted"
493,"2026-04-13 08:40:00",95.46,95.64,94.81,95.24,2237,"OutsideBar","Red","Up",0.8,0.8,0.83,"Up",0.9,0.22,"Down",0.6,0.518072,0.506024,True,True,True,True,"Peak","Strong","Local","Absent","Contained","Structural","VolumePeak20;RangePeak20;BreaksPriorHigh;BreaksPriorLow;CloseInsidePriorRange;CloseInsidePriorBody;AcceptanceContained;CompressionLocal"
494,"2026-04-13 08:45:00",95.25,95.68,95.14,95.53,1334,"HHHL","Black","Down",0.4,0.52,0.54,"Down",0.7,0.28,"Up",0.7,0.722222,0.925926,True,False,True,False,"Falling","Absent","Clustered","Local","Contained","Moderate","BreaksPriorHigh;CloseInsidePriorRange;DissipationLocal;AcceptanceContained;CompressionClustered"
495,"2026-04-13 08:50:00",95.52,95.57,95.33,95.4,762,"InsideBar","Red","Down",0.05,0.08,0.24,"Down",0.05,0.12,"Down",0.3,0.291667,1,True,True,False,False,"Falling","Absent","Clustered","Absent","Unresolved","Minor","CloseInsidePriorRange;CloseInsidePriorBody;CompressionClustered"
496,"2026-04-13 08:55:00",95.43,95.6,95.33,95.52,871,"OutsideBar","Black","Up",0.1,0.16,0.27,"Up",0.2,0.09,"Down",0.15,0.703704,0.888889,True,True,True,False,"Rising","Local","Local","Absent","Contained","Minor","BreaksPriorHigh;CloseInsidePriorRange;CloseInsidePriorBody;AcceptanceContained;CompressionLocal"
497,"2026-04-13 09:00:00",95.52,95.59,95.32,95.33,858,"LLLH","Red","Down",0.1,0.16,0.27,"Up",0.25,0.19,"Up",0.6,0.037037,0.962963,True,False,False,True,"Falling","Local","Local","Local","Contained","Minor","BreaksPriorLow;CloseInsidePriorRange;DissipationLocal;AcceptanceContained;CompressionLocal"
498,"2026-04-13 09:05:00",95.32,95.49,95.12,95.34,892,"LLLH","Black","Up",0.2,0.22,0.37,"Up",0.45,0.02,"Down",0.05,0.594595,0.459459,True,True,False,True,"Rising","Local","Local","Absent","Contained","Minor","BreaksPriorLow;CloseInsidePriorRange;CloseInsidePriorBody;AcceptanceContained;CompressionLocal"
499,"2026-04-13 09:10:00",95.36,95.49,94.48,94.91,3677,"OutsideBar","Red","Up",1,0.92,1.01,"Up",1,0.45,"Up",0.9,0.425743,0.366337,False,False,False,True,"Peak","Climactic","Absent","Absent","Accepted","Structural","VolumePeak20;RangePeak20;RangeClimactic20;BreaksPriorLow;AcceptanceAccepted"
500,"2026-04-13 09:15:00",94.92,95.02,94.55,94.77,1258,"InsideBar","Red","Down",0.55,0.44,0.47,"Down",0.65,0.15,"Down",0.5,0.468085,1,True,False,False,False,"Falling","Absent","Clustered","Absent","Unresolved","Moderate","CloseInsidePriorRange;CompressionClustered"
501,"2026-04-13 09:20:00",94.78,94.92,94.33,94.69,2129,"LLLH","Red","Up",0.85,0.74,0.59,"Up",0.8,0.09,"Down",0.3,0.610169,0.627119,True,False,False,True,"Peak","Strong","Local","Absent","Contained","Major","VolumePeak20;RangePeak20;BreaksPriorLow;CloseInsidePriorRange;AcceptanceContained;CompressionLocal"
502,"2026-04-13 09:25:00",94.69,94.87,94.3,94.48,2106,"LLLH","Red","Down",0.8,0.7,0.57,"Down",0.75,0.21,"Up",0.65,0.315789,0.947368,True,False,False,True,"Peak","Absent","Clustered","Local","Contained","Major","VolumePeak20;BreaksPriorLow;CloseInsidePriorRange;DissipationLocal;AcceptanceContained;CompressionClustered"
503,"2026-04-13 09:30:00",94.48,94.48,93.87,94.07,2916,"LLLH","Red","Up",0.95,0.86,0.61,"Up",0.85,0.41,"Up",0.9,0.327869,0.295082,False,False,False,True,"Peak","Strong","Absent","Absent","Accepted","Major","VolumePeak20;RangePeak20;BreaksPriorLow;AcceptanceAccepted"
504,"2026-04-13 09:35:00",94.08,94.12,93.15,93.44,4462,"LLLH","Red","Up",1,0.94,0.97,"Up",0.95,0.64,"Up",1,0.298969,0.257732,False,False,False,True,"Peak","Climactic","Absent","Absent","Accepted","Structural","VolumePeak20;RangePeak20;RangeClimactic20;BreaksPriorLow;AcceptanceAccepted"
505,"2026-04-13 09:40:00",93.45,93.48,92.16,92.42,6148,"LLLH","Red","Up",1,0.98,1.32,"Up",1,1.03,"Up",1,0.19697,0.25,False,False,False,True,"Climactic","Climactic","Absent","Absent","Accepted","SessionDefining","VolumePeak20;VolumeClimactic50;RangePeak20;RangeClimactic20;BreaksPriorLow;AcceptanceAccepted"
506,"2026-04-13 09:45:00",92.4,93.13,91.71,92.71,7714,"LLLH","Black","Up",1,0.98,1.42,"Up",1,0.31,"Down",0.7,0.704225,0.683099,True,True,False,True,"Climactic","Climactic","Local","Absent","Contained","SessionDefining","VolumePeak20;VolumeClimactic50;RangePeak20;RangeClimactic20;BreaksPriorLow;CloseInsidePriorRange;CloseInsidePriorBody;AcceptanceContained;CompressionLocal"
507,"2026-04-13 09:50:00",92.73,93.06,92.24,92.69,3762,"InsideBar","Red","Down",0.85,0.88,0.82,"Down",0.75,0.04,"Down",0.1,0.54878,1,True,True,False,False,"Peak","Absent","Clustered","Absent","Unresolved","Major","VolumePeak20;CloseInsidePriorRange;CloseInsidePriorBody;CompressionClustered"
508,"2026-04-13 09:55:00",92.66,92.69,91.86,92.5,3717,"LLLH","Red","Down",0.8,0.86,0.83,"Up",0.8,0.16,"Up",0.45,0.771084,0.542169,True,False,False,True,"Peak","Strong","Local","Local","Contained","Major","VolumePeak20;RangePeak20;BreaksPriorLow;CloseInsidePriorRange;DissipationLocal;AcceptanceContained;CompressionLocal"
509,"2026-04-13 10:00:00",92.52,92.75,91.88,91.97,2454,"HHHL","Red","Down",0.65,0.72,0.87,"Up",0.8,0.55,"Up",0.9,0.103448,0.931034,True,False,True,False,"Falling","Strong","Local","Local","Contained","Major","RangePeak20;BreaksPriorHigh;CloseInsidePriorRange;DissipationLocal;AcceptanceContained;CompressionLocal"
510,"2026-04-13 10:05:00",91.97,92.09,91.53,91.86,2745,"LLLH","Red","Up",0.65,0.78,0.56,"Down",0.45,0.11,"Down",0.25,0.589286,0.375,False,False,False,True,"Rising","Absent","Absent","Local","Accepted","Moderate","BreaksPriorLow;DissipationLocal;AcceptanceAccepted"
511,"2026-04-13 10:10:00",91.89,92.44,91.72,92.34,1575,"HHHL","Black","Down",0.35,0.5,0.72,"Up",0.6,0.45,"Up",0.85,0.861111,0.513889,False,False,True,False,"Falling","Local","Absent","Local","Accepted","Moderate","BreaksPriorHigh;DissipationLocal;AcceptanceAccepted"
512,"2026-04-13 10:15:00",92.33,92.47,91.88,91.99,1258,"HHHL","Red","Down",0.3,0.36,0.59,"Down",0.5,0.34,"Down",0.7,0.186441,0.949153,True,True,True,False,"Falling","Absent","Clustered","Local","Contained","Minor","BreaksPriorHigh;CloseInsidePriorRange;CloseInsidePriorBody;DissipationLocal;AcceptanceContained;CompressionClustered"
513,"2026-04-13 10:20:00",91.98,92.23,91.46,91.81,1930,"LLLH","Red","Up",0.45,0.6,0.77,"Up",0.65,0.17,"Down",0.45,0.454545,0.454545,False,False,False,True,"Rising","Local","Absent","Absent","Accepted","Moderate","BreaksPriorLow;AcceptanceAccepted"
514,"2026-04-13 10:25:00",91.82,92.31,91.76,91.8,2004,"HHHL","Red","Up",0.45,0.62,0.55,"Down",0.3,0.02,"Down",0.05,0.072727,0.854545,True,False,True,False,"Rising","Absent","Clustered","Local","Contained","Minor","BreaksPriorHigh;CloseInsidePriorRange;DissipationLocal;AcceptanceContained;CompressionClustered"
515,"2026-04-13 10:30:00",91.78,91.96,91.59,91.65,1208,"LLLH","Red","Down",0.2,0.28,0.37,"Down",0.2,0.13,"Up",0.35,0.162162,0.540541,False,False,False,True,"Falling","Absent","Absent","Local","Accepted","Minor","BreaksPriorLow;DissipationLocal;AcceptanceAccepted"
516,"2026-04-13 10:35:00",91.66,91.87,91.6,91.7,1137,"InsideBar","Black","Down",0.15,0.2,0.27,"Down",0.1,0.04,"Down",0.2,0.37037,1,True,True,False,False,"Falling","Absent","Clustered","Absent","Unresolved","Minor","CloseInsidePriorRange;CloseInsidePriorBody;CompressionClustered"
517,"2026-04-13 10:40:00",91.69,91.81,91.26,91.42,1243,"LLLH","Red","Up",0.2,0.28,0.55,"Up",0.3,0.27,"Up",0.6,0.290909,0.381818,False,False,False,True,"Rising","Local","Absent","Absent","Accepted","Minor","BreaksPriorLow;AcceptanceAccepted"
518,"2026-04-13 10:45:00",91.42,91.76,91.24,91.46,1288,"LLLH","Black","Up",0.3,0.34,0.52,"Down",0.2,0.04,"Down",0.1,0.423077,0.961538,True,True,False,True,"Rising","Absent","Clustered","Local","Contained","Minor","BreaksPriorLow;CloseInsidePriorRange;CloseInsidePriorBody;DissipationLocal;AcceptanceContained;CompressionClustered"
519,"2026-04-13 10:50:00",91.46,91.65,91.36,91.59,1132,"InsideBar","Black","Down",0.05,0.18,0.29,"Down",0.1,0.13,"Up",0.4,0.793103,1,True,False,False,False,"Falling","Absent","Clustered","Absent","Unresolved","Minor","CloseInsidePriorRange;CompressionClustered"
520,"2026-04-13 10:55:00",91.58,91.85,91.4,91.6,1301,"HHHL","Black","Up",0.35,0.36,0.45,"Up",0.2,0.02,"Down",0.1,0.444444,0.555556,True,False,True,False,"Rising","Local","Local","Absent","Contained","Minor","BreaksPriorHigh;CloseInsidePriorRange;AcceptanceContained;CompressionLocal"
521,"2026-04-13 11:00:00",91.59,91.73,91.5,91.65,824,"InsideBar","Black","Down",0.05,0.04,0.23,"Down",0.05,0.06,"Up",0.3,0.652174,1,True,False,False,False,"Falling","Absent","Clustered","Absent","Unresolved","Minor","CloseInsidePriorRange;CompressionClustered"
522,"2026-04-13 11:05:00",91.66,91.68,91.17,91.32,1486,"LLLH","Red","Up",0.45,0.5,0.51,"Up",0.3,0.34,"Up",0.75,0.294118,0.352941,False,False,False,True,"Rising","Local","Absent","Absent","Accepted","Minor","BreaksPriorLow;AcceptanceAccepted"
523,"2026-04-13 11:10:00",91.33,91.57,91.26,91.4,1038,"InsideBar","Black","Down",0.1,0.16,0.31,"Down",0.2,0.07,"Down",0.35,0.451613,1,True,True,False,False,"Falling","Absent","Clustered","Absent","Unresolved","Minor","CloseInsidePriorRange;CloseInsidePriorBody;CompressionClustered"
524,"2026-04-13 11:15:00",91.39,91.41,90.99,91.15,1200,"LLLH","Red","Up",0.25,0.3,0.42,"Up",0.3,0.24,"Up",0.65,0.380952,0.357143,False,False,False,True,"Rising","Local","Absent","Absent","Accepted","Minor","BreaksPriorLow;AcceptanceAccepted"
525,"2026-04-13 11:20:00",91.13,91.27,91.04,91.16,1198,"InsideBar","Black","Down",0.25,0.28,0.23,"Down",0.05,0.03,"Down",0.15,0.521739,1,True,True,False,False,"Falling","Absent","Clustered","Absent","Unresolved","Minor","CloseInsidePriorRange;CloseInsidePriorBody;CompressionClustered"
526,"2026-04-13 11:25:00",91.16,91.34,90.96,91.31,1716,"OutsideBar","Black","Up",0.7,0.62,0.38,"Up",0.35,0.15,"Up",0.6,0.921053,0.605263,False,False,True,True,"Rising","Local","Absent","Absent","Accepted","Moderate","BreaksPriorHigh;BreaksPriorLow;AcceptanceAccepted"
527,"2026-04-13 11:30:00",91.31,91.89,91.29,91.46,5505,"HHHL","Black","Up",1,0.96,0.6,"Up",0.8,0.15,"Down",0.55,0.283333,0.083333,False,False,True,False,"Climactic","Strong","Absent","Absent","Accepted","Structural","VolumePeak20;VolumeClimactic50;RangePeak20;BreaksPriorHigh;AcceptanceAccepted"
528,"2026-04-14 06:05:00",88.34,88.61,88.12,88.48,2099,"LLLH","Black","Down",0.85,0.72,0.49,"Down",0.5,0.14,"Down",0.55,0.734694,0,False,False,False,True,"Peak","Absent","Absent","Local","Accepted","Major","VolumePeak20;BreaksPriorLow;DissipationLocal;AcceptanceAccepted"
529,"2026-04-14 06:10:00",88.48,88.83,88.41,88.65,1221,"HHHL","Black","Down",0.4,0.36,0.42,"Down",0.45,0.17,"Up",0.75,0.571429,0.47619,False,False,True,False,"Falling","Absent","Absent","Local","Accepted","Minor","BreaksPriorHigh;DissipationLocal;AcceptanceAccepted"
530,"2026-04-14 06:15:00",88.66,88.8,88.5,88.57,826,"InsideBar","Red","Down",0.1,0.06,0.3,"Down",0.25,0.09,"Down",0.4,0.233333,1,True,True,False,False,"Falling","Absent","Clustered","Absent","Unresolved","Minor","CloseInsidePriorRange;CloseInsidePriorBody;CompressionClustered"
531,"2026-04-14 06:20:00",88.57,88.62,87.82,88.02,1921,"LLLH","Red","Up",0.8,0.64,0.8,"Up",1,0.55,"Up",1,0.25,0.15,False,False,False,True,"Peak","Climactic","Absent","Absent","Accepted","Structural","VolumePeak20;RangePeak20;RangeClimactic20;BreaksPriorLow;AcceptanceAccepted"
532,"2026-04-14 06:25:00",88.01,88.21,87.85,87.96,1261,"InsideBar","Red","Down",0.55,0.42,0.36,"Down",0.35,0.05,"Down",0.3,0.305556,1,True,False,False,False,"Falling","Absent","Clustered","Absent","Unresolved","Minor","CloseInsidePriorRange;CompressionClustered"
533,"2026-04-14 06:30:00",87.96,88.2,87.91,88.14,910,"InsideBar","Black","Down",0.15,0.14,0.29,"Down",0.25,0.18,"Up",0.8,0.793103,1,True,False,False,False,"Falling","Absent","Clustered","Absent","Unresolved","Minor","CloseInsidePriorRange;CompressionClustered"
534,"2026-04-14 06:35:00",88.15,88.28,88.02,88.2,1365,"HHHL","Black","Up",0.75,0.52,0.26,"Down",0.15,0.05,"Down",0.25,0.692308,0.692308,True,False,True,False,"Rising","Absent","Local","Local","Contained","Moderate","BreaksPriorHigh;CloseInsidePriorRange;DissipationLocal;AcceptanceContained;CompressionLocal"
535,"2026-04-14 06:40:00",88.17,88.17,87.36,87.85,3134,"LLLH","Red","Up",0.95,0.86,0.81,"Up",1,0.32,"Up",0.9,0.604938,0.185185,False,False,False,True,"Peak","Climactic","Absent","Absent","Accepted","Structural","VolumePeak20;RangePeak20;RangeClimactic20;BreaksPriorLow;AcceptanceAccepted"
536,"2026-04-14 06:45:00",87.85,87.97,87.45,87.7,2357,"InsideBar","Red","Down",0.9,0.78,0.52,"Down",0.75,0.15,"Down",0.6,0.480769,1,True,False,False,False,"Peak","Absent","Clustered","Absent","Unresolved","Major","VolumePeak20;CloseInsidePriorRange;CompressionClustered"
537,"2026-04-14 06:50:00",87.71,87.93,87.56,87.7,1180,"InsideBar","Red","Down",0.3,0.24,0.37,"Down",0.45,0.01,"Down",0.05,0.378378,1,True,True,False,False,"Falling","Absent","Clustered","Absent","Unresolved","Minor","CloseInsidePriorRange;CloseInsidePriorBody;CompressionClustered"
538,"2026-04-14 06:55:00",87.68,87.84,87.16,87.19,2108,"LLLH","Red","Up",0.85,0.72,0.68,"Up",0.9,0.49,"Up",0.95,0.044118,0.411765,False,False,False,True,"Peak","Strong","Absent","Absent","Accepted","Structural","VolumePeak20;RangePeak20;BreaksPriorLow;AcceptanceAccepted"
539,"2026-04-14 07:00:00",87.19,87.37,87.16,87.19,1136,"InsideBar","Neutral","Down",0.25,0.2,0.21,"Down",0.05,0,"Down",0.05,0.142857,1,True,True,False,False,"Falling","Absent","Clustered","Absent","Unresolved","Minor","CloseInsidePriorRange;CloseInsidePriorBody;CompressionClustered"
540,"2026-04-14 07:05:00",87.17,87.17,85.95,86.08,4959,"LLLH","Red","Up",0.95,0.94,1.22,"Up",1,1.09,"Up",1,0.106557,0.008197,False,False,False,True,"Peak","Climactic","Absent","Absent","Accepted","Structural","VolumePeak20;RangePeak20;RangeClimactic20;BreaksPriorLow;AcceptanceAccepted"
541,"2026-04-14 07:10:00",86.09,86.29,84.74,84.86,5135,"LLLH","Red","Up",0.95,0.94,1.55,"Up",1,1.23,"Up",1,0.077419,0.219355,False,False,False,True,"Peak","Climactic","Absent","Absent","Accepted","Structural","VolumePeak20;RangePeak20;RangeClimactic20;BreaksPriorLow;AcceptanceAccepted"
542,"2026-04-14 07:15:00",84.85,85.58,84.7,85.23,5402,"LLLH","Black","Up",0.95,0.94,0.88,"Down",0.9,0.38,"Down",0.8,0.602273,0.954545,True,True,False,True,"Peak","Strong","Clustered","Local","Contained","Structural","VolumePeak20;RangePeak20;BreaksPriorLow;CloseInsidePriorRange;CloseInsidePriorBody;DissipationLocal;AcceptanceContained;CompressionClustered"
543,"2026-04-14 07:20:00",85.27,85.65,85.21,85.6,2124,"HHHL","Black","Down",0.7,0.68,0.44,"Down",0.55,0.33,"Down",0.75,0.886364,0.840909,False,False,True,False,"Falling","Absent","Clustered","Local","Accepted","Moderate","BreaksPriorHigh;DissipationLocal;AcceptanceAccepted;CompressionClustered"
544,"2026-04-14 07:25:00",85.61,86.03,85.56,85.94,2565,"HHHL","Black","Up",0.75,0.74,0.47,"Up",0.55,0.33,"Flat",0.75,0.808511,0.191489,False,False,True,False,"Rising","Local","Absent","Absent","Accepted","Moderate","BreaksPriorHigh;AcceptanceAccepted"
545,"2026-04-14 07:30:00",85.92,86.25,85.82,85.98,2235,"HHHL","Black","Down",0.65,0.68,0.43,"Down",0.45,0.06,"Down",0.25,0.372093,0.488372,True,False,True,False,"Falling","Absent","Local","Local","Contained","Moderate","BreaksPriorHigh;CloseInsidePriorRange;DissipationLocal;AcceptanceContained;CompressionLocal"
546,"2026-04-14 07:35:00",85.99,86.16,85.81,85.84,1139,"LLLH","Red","Down",0.2,0.2,0.35,"Down",0.25,0.15,"Up",0.5,0.085714,0.971429,True,False,False,True,"Falling","Absent","Clustered","Local","Contained","Minor","BreaksPriorLow;CloseInsidePriorRange;DissipationLocal;AcceptanceContained;CompressionClustered"
547,"2026-04-14 07:40:00",85.85,86,85.38,85.98,2152,"LLLH","Black","Up",0.65,0.66,0.62,"Up",0.7,0.13,"Down",0.35,0.967742,0.306452,True,True,False,True,"Rising","Local","Local","Absent","Contained","Moderate","BreaksPriorLow;CloseInsidePriorRange;CloseInsidePriorBody;AcceptanceContained;CompressionLocal"
548,"2026-04-14 07:45:00",85.96,86.17,85.88,85.99,749,"HHHL","Black","Down",0.05,0.02,0.29,"Down",0.2,0.03,"Down",0.15,0.37931,0.413793,True,False,True,False,"Falling","Absent","Local","Local","Contained","Minor","BreaksPriorHigh;CloseInsidePriorRange;DissipationLocal;AcceptanceContained;CompressionLocal"
549,"2026-04-14 07:50:00",86.02,86.15,85.64,85.8,1183,"LLLH","Red","Up",0.35,0.22,0.51,"Up",0.6,0.22,"Up",0.6,0.313725,0.529412,False,False,False,True,"Rising","Local","Absent","Absent","Accepted","Moderate","BreaksPriorLow;AcceptanceAccepted"
550,"2026-04-14 07:55:00",85.81,86.09,85.76,85.97,884,"InsideBar","Black","Down",0.1,0.08,0.33,"Down",0.25,0.16,"Down",0.5,0.636364,1,True,True,False,False,"Falling","Absent","Clustered","Absent","Unresolved","Minor","CloseInsidePriorRange;CloseInsidePriorBody;CompressionClustered"
551,"2026-04-14 08:00:00",85.96,86.15,85.66,85.91,1257,"OutsideBar","Red","Up",0.4,0.36,0.49,"Up",0.6,0.05,"Down",0.25,0.510204,0.673469,True,True,True,True,"Rising","Local","Local","Absent","Contained","Moderate","BreaksPriorHigh;BreaksPriorLow;CloseInsidePriorRange;CloseInsidePriorBody;AcceptanceContained;CompressionLocal"
552,"2026-04-14 08:05:00",85.91,86.28,85.88,86.2,1405,"HHHL","Black","Up",0.5,0.48,0.4,"Down",0.4,0.29,"Up",0.65,0.8,0.675,False,False,True,False,"Rising","Absent","Absent","Local","Accepted","Minor","BreaksPriorHigh;DissipationLocal;AcceptanceAccepted"
553,"2026-04-14 08:10:00",86.18,86.81,86.15,86.56,2523,"HHHL","Black","Up",0.75,0.76,0.66,"Up",0.75,0.38,"Up",0.8,0.621212,0.19697,False,False,True,False,"Rising","Local","Absent","Absent","Accepted","Moderate","BreaksPriorHigh;AcceptanceAccepted"
554,"2026-04-14 08:15:00",86.57,86.64,86.35,86.56,958,"InsideBar","Red","Down",0.15,0.12,0.29,"Down",0.15,0.01,"Down",0.15,0.724138,1,True,True,False,False,"Falling","Absent","Clustered","Absent","Unresolved","Minor","CloseInsidePriorRange;CloseInsidePriorBody;CompressionClustered"
555,"2026-04-14 08:20:00",86.59,86.63,86,86.09,1551,"LLLH","Red","Up",0.5,0.54,0.63,"Up",0.75,0.5,"Up",0.9,0.142857,0.444444,False,False,False,True,"Rising","Local","Absent","Absent","Accepted","Moderate","BreaksPriorLow;AcceptanceAccepted"
556,"2026-04-14 08:25:00",86.09,86.26,85.68,85.99,2372,"LLLH","Red","Up",0.75,0.78,0.58,"Down",0.65,0.1,"Down",0.35,0.534483,0.448276,False,False,False,True,"Rising","Absent","Absent","Local","Accepted","Moderate","BreaksPriorLow;DissipationLocal;AcceptanceAccepted"
557,"2026-04-14 08:30:00",85.97,86.38,85.83,86.34,1463,"HHHL","Black","Down",0.45,0.52,0.55,"Down",0.6,0.37,"Up",0.7,0.927273,0.781818,False,False,True,False,"Falling","Absent","Absent","Local","Accepted","Moderate","BreaksPriorHigh;DissipationLocal;AcceptanceAccepted"
558,"2026-04-14 08:35:00",86.36,86.4,85.84,85.98,1710,"HHHL","Red","Up",0.55,0.6,0.56,"Up",0.65,0.38,"Up",0.8,0.25,0.964286,True,True,True,False,"Rising","Local","Local","Absent","Contained","Moderate","BreaksPriorHigh;CloseInsidePriorRange;CloseInsidePriorBody;AcceptanceContained;CompressionLocal"
559,"2026-04-14 08:40:00",85.98,86,85.48,85.55,2175,"LLLH","Red","Up",0.65,0.78,0.52,"Down",0.55,0.43,"Up",0.85,0.134615,0.307692,False,False,False,True,"Rising","Absent","Absent","Local","Accepted","Moderate","BreaksPriorLow;DissipationLocal;AcceptanceAccepted"
560,"2026-04-14 08:45:00",85.55,85.68,85.14,85.39,2062,"LLLH","Red","Down",0.55,0.7,0.54,"Up",0.6,0.16,"Down",0.45,0.462963,0.37037,False,False,False,True,"Falling","Local","Absent","Local","Accepted","Moderate","BreaksPriorLow;DissipationLocal;AcceptanceAccepted"
561,"2026-04-14 08:50:00",85.39,85.39,85.16,85.33,1323,"InsideBar","Red","Down",0.35,0.48,0.23,"Down",0.05,0.06,"Down",0.25,0.73913,1,True,False,False,False,"Falling","Absent","Clustered","Absent","Unresolved","Minor","CloseInsidePriorRange;CompressionClustered"
562,"2026-04-14 08:55:00",85.34,85.34,84.7,84.8,2068,"LLLH","Red","Up",0.65,0.7,0.64,"Up",0.95,0.54,"Up",1,0.15625,0.28125,False,False,False,True,"Rising","Climactic","Absent","Absent","Accepted","Structural","RangePeak20;RangeClimactic20;BreaksPriorLow;AcceptanceAccepted"
563,"2026-04-14 09:00:00",84.8,85.13,84.7,85.1,1200,"InsideBar","Black","Down",0.3,0.32,0.43,"Down",0.35,0.3,"Down",0.65,0.930233,1,True,True,False,False,"Falling","Absent","Clustered","Absent","Unresolved","Minor","CloseInsidePriorRange;CloseInsidePriorBody;CompressionClustered"
564,"2026-04-14 09:05:00",85.12,85.24,84.83,84.89,901,"HHHL","Red","Down",0.15,0.1,0.41,"Down",0.35,0.23,"Down",0.6,0.146341,0.731707,True,True,True,False,"Falling","Absent","Local","Local","Contained","Minor","BreaksPriorHigh;CloseInsidePriorRange;CloseInsidePriorBody;DissipationLocal;AcceptanceContained;CompressionLocal"
565,"2026-04-14 09:10:00",84.87,85.16,84.85,85.04,630,"InsideBar","Black","Down",0.05,0.02,0.31,"Down",0.2,0.17,"Down",0.5,0.612903,1,True,True,False,False,"Falling","Absent","Clustered","Absent","Unresolved","Minor","CloseInsidePriorRange;CloseInsidePriorBody;CompressionClustered"
566,"2026-04-14 09:15:00",85.04,85.08,84.58,84.67,1026,"LLLH","Red","Up",0.3,0.18,0.5,"Up",0.5,0.37,"Up",0.75,0.18,0.46,False,False,False,True,"Rising","Local","Absent","Absent","Accepted","Minor","BreaksPriorLow;AcceptanceAccepted"
567,"2026-04-14 09:20:00",84.66,85,84.61,84.83,800,"InsideBar","Black","Down",0.15,0.06,0.39,"Down",0.3,0.17,"Down",0.45,0.564103,1,True,True,False,False,"Falling","Absent","Clustered","Absent","Unresolved","Minor","CloseInsidePriorRange;CloseInsidePriorBody;CompressionClustered"
568,"2026-04-14 09:25:00",84.85,85,84.66,84.8,801,"InsideBar","Red","Up",0.15,0.08,0.34,"Down",0.25,0.05,"Down",0.15,0.411765,1,True,True,False,False,"Rising","Absent","Clustered","Local","Unresolved","Minor","CloseInsidePriorRange;CloseInsidePriorBody;DissipationLocal;CompressionClustered"
569,"2026-04-14 09:30:00",84.78,84.78,84.41,84.62,1338,"LLLH","Red","Up",0.55,0.5,0.37,"Up",0.3,0.16,"Up",0.4,0.567568,0.324324,False,False,False,True,"Rising","Local","Absent","Absent","Accepted","Minor","BreaksPriorLow;AcceptanceAccepted"
570,"2026-04-14 09:35:00",84.63,84.91,84.61,84.91,1206,"HHHL","Black","Down",0.4,0.4,0.3,"Down",0.15,0.28,"Up",0.55,1,0.566667,False,False,True,False,"Falling","Absent","Absent","Local","Accepted","Minor","BreaksPriorHigh;DissipationLocal;AcceptanceAccepted"
571,"2026-04-14 09:40:00",84.91,85.12,84.71,84.72,1385,"HHHL","Red","Up",0.55,0.52,0.41,"Up",0.5,0.19,"Down",0.45,0.02439,0.487805,True,True,True,False,"Rising","Local","Local","Absent","Contained","Minor","BreaksPriorHigh;CloseInsidePriorRange;CloseInsidePriorBody;AcceptanceContained;CompressionLocal"
572,"2026-04-14 09:45:00",84.7,84.9,84.46,84.75,1860,"LLLH","Black","Up",0.75,0.64,0.44,"Up",0.55,0.05,"Down",0.15,0.659091,0.431818,True,True,False,True,"Rising","Local","Local","Absent","Contained","Moderate","BreaksPriorLow;CloseInsidePriorRange;CloseInsidePriorBody;AcceptanceContained;CompressionLocal"
573,"2026-04-14 09:50:00",84.76,85.04,84.72,84.92,1421,"HHHL","Black","Down",0.6,0.54,0.32,"Down",0.25,0.16,"Up",0.4,0.625,0.5625,False,False,True,False,"Falling","Absent","Absent","Local","Accepted","Moderate","BreaksPriorHigh;DissipationLocal;AcceptanceAccepted"
574,"2026-04-14 09:55:00",84.91,85.25,84.8,85.01,1158,"HHHL","Black","Down",0.3,0.26,0.45,"Up",0.6,0.1,"Down",0.25,0.466667,0.533333,True,False,True,False,"Falling","Local","Local","Local","Contained","Moderate","BreaksPriorHigh;CloseInsidePriorRange;DissipationLocal;AcceptanceContained;CompressionLocal"
575,"2026-04-14 10:00:00",85.01,85.3,84.94,85.26,661,"HHHL","Black","Down",0.1,0.04,0.36,"Down",0.3,0.25,"Up",0.65,0.888889,0.861111,False,False,True,False,"Falling","Absent","Clustered","Local","Accepted","Minor","BreaksPriorHigh;DissipationLocal;AcceptanceAccepted;CompressionClustered"
576,"2026-04-14 10:05:00",85.25,85.49,85.13,85.16,1093,"HHHL","Red","Up",0.35,0.24,0.36,"Flat",0.35,0.09,"Down",0.2,0.083333,0.472222,True,True,True,False,"Rising","Absent","Local","Absent","Contained","Minor","BreaksPriorHigh;CloseInsidePriorRange;CloseInsidePriorBody;AcceptanceContained;CompressionLocal"
577,"2026-04-14 10:10:00",85.16,85.2,84.93,85.08,1073,"LLLH","Red","Down",0.35,0.24,0.27,"Down",0.1,0.08,"Down",0.2,0.555556,0.259259,False,False,False,True,"Falling","Absent","Absent","Local","Accepted","Minor","BreaksPriorLow;DissipationLocal;AcceptanceAccepted"
578,"2026-04-14 10:15:00",85.07,85.19,84.94,85.05,900,"InsideBar","Red","Down",0.25,0.16,0.25,"Down",0.1,0.02,"Down",0.05,0.44,1,True,False,False,False,"Falling","Absent","Clustered","Absent","Unresolved","Minor","CloseInsidePriorRange;CompressionClustered"
579,"2026-04-14 10:20:00",85.07,85.28,84.91,85,994,"OutsideBar","Red","Up",0.35,0.24,0.37,"Up",0.55,0.07,"Up",0.25,0.243243,0.675676,True,False,True,True,"Rising","Local","Local","Absent","Contained","Minor","BreaksPriorHigh;BreaksPriorLow;CloseInsidePriorRange;AcceptanceContained;CompressionLocal"
580,"2026-04-14 10:25:00",85,85.24,84.94,84.95,870,"InsideBar","Red","Down",0.25,0.12,0.3,"Down",0.25,0.05,"Down",0.2,0.033333,1,True,False,False,False,"Falling","Absent","Clustered","Absent","Unresolved","Minor","CloseInsidePriorRange;CompressionClustered"
581,"2026-04-14 10:30:00",84.94,85.03,84.9,84.98,578,"LLLH","Black","Down",0.05,0.02,0.13,"Down",0.05,0.04,"Down",0.1,0.615385,0.692308,True,True,False,True,"Falling","Absent","Local","Local","Contained","Minor","BreaksPriorLow;CloseInsidePriorRange;CloseInsidePriorBody;DissipationLocal;AcceptanceContained;CompressionLocal"
582,"2026-04-14 10:35:00",84.98,85.07,84.79,84.82,902,"OutsideBar","Red","Up",0.45,0.22,0.28,"Up",0.2,0.16,"Up",0.6,0.107143,0.464286,False,False,True,True,"Rising","Local","Absent","Absent","Accepted","Minor","BreaksPriorHigh;BreaksPriorLow;AcceptanceAccepted"
583,"2026-04-14 10:40:00",84.83,84.84,84.27,84.33,2183,"LLLH","Red","Up",1,0.82,0.57,"Up",1,0.5,"Up",1,0.105263,0.087719,False,False,False,True,"Peak","Climactic","Absent","Absent","Accepted","Structural","VolumePeak20;RangePeak20;RangeClimactic20;BreaksPriorLow;AcceptanceAccepted"
584,"2026-04-14 10:45:00",84.31,84.53,84.23,84.32,1294,"LLLH","Black","Down",0.75,0.5,0.3,"Down",0.35,0.01,"Down",0.05,0.3,0.866667,True,False,False,True,"Falling","Absent","Clustered","Local","Contained","Moderate","BreaksPriorLow;CloseInsidePriorRange;DissipationLocal;AcceptanceContained;CompressionClustered"
585,"2026-04-14 10:50:00",84.33,84.44,84,84.11,1538,"LLLH","Red","Up",0.9,0.64,0.44,"Up",0.8,0.22,"Up",0.8,0.25,0.477273,False,False,False,True,"Peak","Strong","Absent","Absent","Accepted","Major","VolumePeak20;RangePeak20;BreaksPriorLow;AcceptanceAccepted"
586,"2026-04-14 10:55:00",84.1,84.6,83.99,84.46,1626,"OutsideBar","Black","Up",0.9,0.68,0.61,"Up",1,0.36,"Up",0.95,0.770492,0.721311,False,False,True,True,"Peak","Climactic","Absent","Absent","Accepted","Structural","VolumePeak20;RangePeak20;RangeClimactic20;BreaksPriorHigh;BreaksPriorLow;AcceptanceAccepted"
587,"2026-04-14 11:00:00",84.46,84.78,84.41,84.55,2208,"HHHL","Black","Up",1,0.86,0.37,"Down",0.7,0.09,"Down",0.5,0.378378,0.513514,True,False,True,False,"Peak","Absent","Local","Local","Contained","Major","VolumePeak20;BreaksPriorHigh;CloseInsidePriorRange;DissipationLocal;AcceptanceContained;CompressionLocal"
588,"2026-04-14 11:05:00",84.54,84.65,83.97,84.04,2145,"LLLH","Red","Down",0.9,0.78,0.68,"Up",1,0.5,"Up",1,0.102941,0.352941,False,False,False,True,"Peak","Climactic","Absent","Local","Accepted","Structural","VolumePeak20;RangePeak20;RangeClimactic20;BreaksPriorLow;DissipationLocal;AcceptanceAccepted"
589,"2026-04-14 11:10:00",84.03,84.09,83.7,83.78,2171,"LLLH","Red","Up",0.9,0.8,0.39,"Down",0.65,0.25,"Down",0.8,0.205128,0.307692,False,False,False,True,"Peak","Absent","Absent","Local","Accepted","Major","VolumePeak20;BreaksPriorLow;DissipationLocal;AcceptanceAccepted"
590,"2026-04-14 11:15:00",83.79,84.11,83.76,84.1,1300,"HHHL","Black","Down",0.55,0.48,0.35,"Down",0.4,0.31,"Up",0.85,0.971429,0.942857,False,False,True,False,"Falling","Absent","Clustered","Local","Accepted","Minor","BreaksPriorHigh;DissipationLocal;AcceptanceAccepted;CompressionClustered"
591,"2026-04-14 11:20:00",84.09,84.33,83.94,84.22,1876,"HHHL","Black","Up",0.8,0.72,0.39,"Up",0.7,0.13,"Down",0.55,0.717949,0.435897,False,False,True,False,"Peak","Local","Absent","Absent","Accepted","Major","VolumePeak20;BreaksPriorHigh;AcceptanceAccepted"
592,"2026-04-14 11:25:00",84.22,84.45,83.6,84.03,3652,"OutsideBar","Red","Up",1,1,0.85,"Up",1,0.19,"Up",0.65,0.505882,0.458824,True,False,True,True,"Climactic","Climactic","Local","Absent","Contained","SessionDefining","VolumePeak20;VolumeClimactic50;RangePeak20;RangeClimactic20;BreaksPriorHigh;BreaksPriorLow;CloseInsidePriorRange;AcceptanceContained;CompressionLocal"
593,"2026-04-14 11:30:00",84,84.11,83.55,83.8,7318,"LLLH","Red","Up",1,1,0.56,"Down",0.8,0.2,"Up",0.65,0.446429,0.910714,True,False,False,True,"Climactic","Strong","Clustered","Local","Contained","Structural","VolumePeak20;VolumeClimactic50;RangePeak20;BreaksPriorLow;CloseInsidePriorRange;DissipationLocal;AcceptanceContained;CompressionClustered"
594,"2026-04-15 06:05:00",84.46,84.72,84.32,84.56,859,"HHHL","Black","Down",0.15,0.14,0.4,"Down",0.7,0.1,"Down",0.45,0.6,0,False,False,True,False,"Falling","Absent","Absent","Local","Accepted","Moderate","BreaksPriorHigh;DissipationLocal;AcceptanceAccepted"
595,"2026-04-15 06:10:00",84.57,84.6,83.84,83.89,1603,"LLLH","Red","Up",0.6,0.68,0.76,"Up",0.95,0.68,"Up",1,0.065789,0.368421,False,False,False,True,"Rising","Climactic","Absent","Absent","Accepted","Structural","RangePeak20;RangeClimactic20;BreaksPriorLow;AcceptanceAccepted"
596,"2026-04-15 06:15:00",83.86,83.96,83.49,83.9,1645,"LLLH","Black","Up",0.65,0.7,0.47,"Down",0.7,0.04,"Down",0.2,0.87234,0.255319,True,True,False,True,"Rising","Absent","Local","Local","Contained","Moderate","BreaksPriorLow;CloseInsidePriorRange;CloseInsidePriorBody;DissipationLocal;AcceptanceContained;CompressionLocal"
597,"2026-04-15 06:20:00",83.92,83.93,83.62,83.8,1068,"InsideBar","Red","Down",0.35,0.32,0.31,"Down",0.3,0.12,"Up",0.45,0.580645,1,True,False,False,False,"Falling","Absent","Clustered","Absent","Unresolved","Minor","CloseInsidePriorRange;CompressionClustered"
598,"2026-04-15 06:25:00",83.82,83.84,83.55,83.74,817,"LLLH","Red","Down",0.1,0.12,0.29,"Down",0.15,0.08,"Down",0.3,0.655172,0.758621,True,False,False,True,"Falling","Absent","Local","Local","Contained","Minor","BreaksPriorLow;CloseInsidePriorRange;DissipationLocal;AcceptanceContained;CompressionLocal"
599,"2026-04-15 06:30:00",83.73,83.73,83.22,83.45,1254,"LLLH","Red","Up",0.35,0.44,0.51,"Up",0.7,0.28,"Up",0.75,0.45098,0.352941,False,False,False,True,"Rising","Local","Absent","Absent","Accepted","Moderate","BreaksPriorLow;AcceptanceAccepted"
600,"2026-04-15 06:35:00",83.43,83.84,83.2,83.78,1544,"OutsideBar","Black","Up",0.5,0.64,0.64,"Up",0.85,0.35,"Up",0.8,0.90625,0.796875,False,False,True,True,"Rising","Strong","Absent","Absent","Accepted","Major","RangePeak20;BreaksPriorHigh;BreaksPriorLow;AcceptanceAccepted"
601,"2026-04-15 06:40:00",83.78,83.78,82.89,83.06,1878,"LLLH","Red","Up",0.7,0.78,0.89,"Up",1,0.72,"Up",1,0.191011,0.651685,False,False,False,True,"Rising","Climactic","Absent","Absent","Accepted","Structural","RangePeak20;RangeClimactic20;BreaksPriorLow;AcceptanceAccepted"
602,"2026-04-15 06:45:00",83.06,83.79,83.06,83.69,1592,"HHHL","Black","Down",0.45,0.64,0.73,"Down",0.85,0.63,"Down",0.9,0.863014,0.986301,True,True,True,False,"Falling","Strong","Clustered","Local","Contained","Major","RangePeak20;BreaksPriorHigh;CloseInsidePriorRange;CloseInsidePriorBody;DissipationLocal;AcceptanceContained;CompressionClustered"
603,"2026-04-15 06:50:00",83.7,83.71,83.45,83.51,1082,"InsideBar","Red","Down",0.2,0.34,0.26,"Down",0.05,0.19,"Down",0.45,0.230769,1,True,True,False,False,"Falling","Absent","Clustered","Absent","Unresolved","Minor","CloseInsidePriorRange;CloseInsidePriorBody;CompressionClustered"
604,"2026-04-15 06:55:00",83.54,83.9,83.45,83.87,681,"OutsideBar","Black","Down",0.05,0.08,0.45,"Up",0.5,0.33,"Up",0.7,0.933333,0.577778,False,False,True,False,"Falling","Local","Absent","Local","Accepted","Minor","BreaksPriorHigh;DissipationLocal;AcceptanceAccepted"
605,"2026-04-15 07:00:00",83.88,84.04,83.53,83.54,1098,"HHHL","Red","Up",0.3,0.38,0.51,"Up",0.6,0.34,"Up",0.7,0.019608,0.72549,True,True,True,False,"Rising","Local","Local","Absent","Contained","Moderate","BreaksPriorHigh;CloseInsidePriorRange;CloseInsidePriorBody;AcceptanceContained;CompressionLocal"
606,"2026-04-15 07:05:00",83.56,83.76,83.3,83.39,1045,"LLLH","Red","Down",0.2,0.3,0.46,"Down",0.5,0.17,"Down",0.35,0.195652,0.5,False,False,False,True,"Falling","Absent","Absent","Local","Accepted","Minor","BreaksPriorLow;DissipationLocal;AcceptanceAccepted"
607,"2026-04-15 07:10:00",83.37,83.61,83.37,83.48,570,"InsideBar","Black","Down",0.05,0.02,0.24,"Down",0.05,0.11,"Down",0.2,0.458333,1,True,True,False,False,"Falling","Absent","Clustered","Absent","Unresolved","Minor","CloseInsidePriorRange;CloseInsidePriorBody;CompressionClustered"
608,"2026-04-15 07:15:00",83.49,83.8,83.49,83.53,729,"HHHL","Black","Up",0.15,0.12,0.31,"Up",0.25,0.04,"Down",0.1,0.129032,0.387097,True,False,True,False,"Rising","Local","Local","Absent","Contained","Minor","BreaksPriorHigh;CloseInsidePriorRange;AcceptanceContained;CompressionLocal"
609,"2026-04-15 07:20:00",83.51,83.77,83.28,83.75,975,"LLLH","Black","Up",0.3,0.3,0.49,"Up",0.6,0.24,"Up",0.6,0.959184,0.571429,True,False,False,True,"Rising","Local","Local","Absent","Contained","Moderate","BreaksPriorLow;CloseInsidePriorRange;AcceptanceContained;CompressionLocal"
610,"2026-04-15 07:25:00",83.74,83.83,83.05,83.39,1672,"OutsideBar","Red","Up",0.8,0.8,0.78,"Up",0.9,0.35,"Up",0.85,0.435897,0.628205,True,False,True,True,"Peak","Strong","Local","Absent","Contained","Structural","VolumePeak20;RangePeak20;BreaksPriorHigh;BreaksPriorLow;CloseInsidePriorRange;AcceptanceContained;CompressionLocal"
611,"2026-04-15 07:30:00",83.39,83.43,83.09,83.24,1761,"InsideBar","Red","Up",0.85,0.8,0.34,"Down",0.3,0.15,"Down",0.35,0.441176,1,True,False,False,False,"Peak","Absent","Clustered","Local","Unresolved","Major","VolumePeak20;HighVolumeLowRange;CloseInsidePriorRange;DissipationLocal;CompressionClustered"
612,"2026-04-15 07:35:00",83.19,84.08,83.19,83.99,2831,"HHHL","Black","Up",0.95,0.96,0.89,"Up",1,0.8,"Up",1,0.898876,0.269663,False,False,True,False,"Climactic","Climactic","Absent","Absent","Accepted","SessionDefining","VolumePeak20;VolumeClimactic50;RangePeak20;RangeClimactic20;BreaksPriorHigh;AcceptanceAccepted"
613,"2026-04-15 07:40:00",83.98,84.6,83.91,84.5,1514,"HHHL","Black","Down",0.6,0.64,0.69,"Down",0.75,0.52,"Down",0.8,0.855072,0.246377,False,False,True,False,"Falling","Absent","Absent","Local","Accepted","Moderate","BreaksPriorHigh;DissipationLocal;AcceptanceAccepted"
614,"2026-04-15 07:45:00",84.51,84.6,84.25,84.34,1398,"InsideBar","Red","Down",0.55,0.6,0.35,"Down",0.35,0.17,"Down",0.4,0.257143,1,True,True,False,False,"Falling","Absent","Clustered","Absent","Unresolved","Minor","CloseInsidePriorRange;CloseInsidePriorBody;CompressionClustered"
615,"2026-04-15 07:50:00",84.34,84.65,84.17,84.51,1301,"OutsideBar","Black","Down",0.55,0.54,0.48,"Up",0.55,0.17,"Flat",0.45,0.708333,0.729167,True,True,True,True,"Falling","Local","Local","Local","Contained","Minor","BreaksPriorHigh;BreaksPriorLow;CloseInsidePriorRange;CloseInsidePriorBody;DissipationLocal;AcceptanceContained;CompressionLocal"
616,"2026-04-15 07:55:00",84.51,84.84,84.45,84.69,1127,"HHHL","Black","Down",0.5,0.42,0.39,"Down",0.4,0.18,"Up",0.45,0.615385,0.512821,False,False,True,False,"Falling","Absent","Absent","Local","Accepted","Minor","BreaksPriorHigh;DissipationLocal;AcceptanceAccepted"
617,"2026-04-15 08:00:00",84.71,84.95,84.54,84.84,966,"HHHL","Black","Down",0.25,0.24,0.41,"Up",0.4,0.13,"Down",0.2,0.731707,0.731707,True,False,True,False,"Falling","Local","Local","Local","Contained","Minor","BreaksPriorHigh;CloseInsidePriorRange;DissipationLocal;AcceptanceContained;CompressionLocal"
618,"2026-04-15 08:05:00",84.83,84.99,84.64,84.95,1057,"HHHL","Black","Up",0.35,0.3,0.35,"Down",0.3,0.12,"Down",0.15,0.885714,0.885714,True,False,True,False,"Rising","Absent","Clustered","Local","Contained","Minor","BreaksPriorHigh;CloseInsidePriorRange;DissipationLocal;AcceptanceContained;CompressionClustered"
619,"2026-04-15 08:10:00",84.94,85.27,84.92,85.24,1017,"HHHL","Black","Down",0.3,0.28,0.35,"Flat",0.35,0.3,"Up",0.6,0.914286,0.2,False,False,True,False,"Falling","Absent","Absent","Local","Accepted","Minor","BreaksPriorHigh;DissipationLocal;AcceptanceAccepted"
620,"2026-04-15 08:15:00",85.25,85.28,84.77,84.98,1997,"OutsideBar","Red","Up",0.95,0.86,0.51,"Up",0.75,0.27,"Down",0.6,0.411765,0.686275,True,True,True,True,"Peak","Local","Local","Absent","Contained","Major","VolumePeak20;BreaksPriorHigh;BreaksPriorLow;CloseInsidePriorRange;CloseInsidePriorBody;AcceptanceContained;CompressionLocal"
621,"2026-04-15 08:20:00",84.97,85.22,84.74,84.83,1343,"LLLH","Red","Down",0.65,0.56,0.48,"Down",0.65,0.14,"Down",0.25,0.1875,0.9375,True,False,False,True,"Falling","Absent","Clustered","Local","Contained","Moderate","BreaksPriorLow;CloseInsidePriorRange;DissipationLocal;AcceptanceContained;CompressionClustered"
622,"2026-04-15 08:25:00",84.83,85.23,84.75,85.22,1019,"HHHL","Black","Down",0.35,0.3,0.48,"Flat",0.7,0.39,"Up",0.9,0.979167,0.979167,True,False,True,False,"Falling","Absent","Clustered","Local","Contained","Moderate","BreaksPriorHigh;CloseInsidePriorRange;DissipationLocal;AcceptanceContained;CompressionClustered"
623,"2026-04-15 08:30:00",85.22,85.24,84.97,85.15,1301,"HHHL","Red","Up",0.65,0.58,0.27,"Down",0.1,0.07,"Down",0.1,0.666667,0.962963,True,True,True,False,"Rising","Absent","Clustered","Local","Contained","Moderate","BreaksPriorHigh;CloseInsidePriorRange;CloseInsidePriorBody;DissipationLocal;AcceptanceContained;CompressionClustered"
624,"2026-04-15 08:35:00",85.17,85.41,85.05,85.36,1404,"HHHL","Black","Up",0.75,0.62,0.36,"Up",0.4,0.19,"Up",0.6,0.861111,0.527778,False,False,True,False,"Rising","Local","Absent","Absent","Accepted","Moderate","BreaksPriorHigh;AcceptanceAccepted"
625,"2026-04-15 08:40:00",85.39,85.41,84.94,85.12,1057,"OutsideBar","Red","Down",0.45,0.34,0.47,"Up",0.6,0.27,"Up",0.75,0.382979,0.765957,True,False,False,True,"Falling","Local","Local","Local","Contained","Moderate","BreaksPriorLow;CloseInsidePriorRange;DissipationLocal;AcceptanceContained;CompressionLocal"
626,"2026-04-15 08:45:00",85.1,85.13,84.6,84.9,1730,"LLLH","Red","Up",0.85,0.78,0.53,"Up",0.85,0.2,"Down",0.6,0.566038,0.358491,False,False,False,True,"Peak","Strong","Absent","Absent","Accepted","Major","VolumePeak20;RangePeak20;BreaksPriorLow;AcceptanceAccepted"
627,"2026-04-15 08:50:00",84.91,84.92,84.61,84.73,838,"InsideBar","Red","Down",0.1,0.12,0.31,"Down",0.15,0.18,"Down",0.5,0.387097,1,True,False,False,False,"Falling","Absent","Clustered","Absent","Unresolved","Minor","CloseInsidePriorRange;CompressionClustered"
628,"2026-04-15 08:55:00",84.72,84.75,84.51,84.7,1086,"LLLH","Red","Up",0.4,0.4,0.24,"Down",0.05,0.02,"Down",0.05,0.791667,0.583333,True,False,False,True,"Rising","Absent","Local","Local","Contained","Minor","BreaksPriorLow;CloseInsidePriorRange;DissipationLocal;AcceptanceContained;CompressionLocal"
629,"2026-04-15 09:00:00",84.68,85.04,84.65,84.82,978,"HHHL","Black","Down",0.15,0.24,0.39,"Up",0.5,0.14,"Up",0.25,0.435897,0.25641,False,False,True,False,"Falling","Local","Absent","Local","Accepted","Minor","BreaksPriorHigh;DissipationLocal;AcceptanceAccepted"
630,"2026-04-15 09:05:00",84.82,85.03,84.69,84.74,635,"InsideBar","Red","Down",0.05,0.06,0.34,"Down",0.25,0.08,"Down",0.15,0.147059,1,True,True,False,False,"Falling","Absent","Clustered","Absent","Unresolved","Minor","CloseInsidePriorRange;CloseInsidePriorBody;CompressionClustered"
631,"2026-04-15 09:10:00",84.74,84.81,84.49,84.6,964,"LLLH","Red","Up",0.15,0.18,0.32,"Down",0.2,0.14,"Up",0.4,0.34375,0.375,False,False,False,True,"Rising","Absent","Absent","Local","Accepted","Minor","BreaksPriorLow;DissipationLocal;AcceptanceAccepted"
632,"2026-04-15 09:15:00",84.61,84.81,84.51,84.57,511,"InsideBar","Red","Down",0.05,0.02,0.3,"Down",0.15,0.04,"Down",0.1,0.2,1,True,False,False,False,"Falling","Absent","Clustered","Absent","Unresolved","Minor","CloseInsidePriorRange;CompressionClustered"
633,"2026-04-15 09:20:00",84.58,84.64,84.41,84.45,629,"LLLH","Red","Up",0.1,0.06,0.23,"Down",0.05,0.13,"Up",0.3,0.173913,0.565217,False,False,False,True,"Rising","Absent","Absent","Local","Accepted","Minor","BreaksPriorLow;DissipationLocal;AcceptanceAccepted"
634,"2026-04-15 09:25:00",84.43,84.78,84.37,84.57,587,"OutsideBar","Black","Down",0.1,0.06,0.41,"Up",0.7,0.14,"Up",0.45,0.487805,0.560976,True,True,True,True,"Falling","Local","Local","Local","Contained","Moderate","BreaksPriorHigh;BreaksPriorLow;CloseInsidePriorRange;CloseInsidePriorBody;DissipationLocal;AcceptanceContained;CompressionLocal"
635,"2026-04-15 09:30:00",84.57,84.62,84.21,84.27,840,"LLLH","Red","Up",0.3,0.2,0.41,"Up",0.75,0.3,"Up",0.95,0.146341,0.609756,False,False,False,True,"Rising","Local","Absent","Absent","Accepted","Moderate","BreaksPriorLow;AcceptanceAccepted"
636,"2026-04-15 09:35:00",84.26,84.29,84.01,84.1,1158,"LLLH","Red","Up",0.75,0.52,0.28,"Down",0.2,0.16,"Down",0.6,0.321429,0.285714,False,False,False,True,"Rising","Absent","Absent","Local","Accepted","Moderate","BreaksPriorLow;DissipationLocal;AcceptanceAccepted"
637,"2026-04-15 09:40:00",84.09,84.23,83.91,84.19,1440,"LLLH","Black","Up",0.9,0.68,0.32,"Up",0.4,0.1,"Down",0.25,0.875,0.6875,True,True,False,True,"Peak","Local","Local","Absent","Contained","Major","VolumePeak20;HighVolumeLowRange;BreaksPriorLow;CloseInsidePriorRange;CloseInsidePriorBody;AcceptanceContained;CompressionLocal"
638,"2026-04-15 09:45:00",84.18,84.34,84.15,84.32,583,"HHHL","Black","Down",0.1,0.06,0.19,"Down",0.05,0.14,"Up",0.45,0.894737,0.421053,False,False,True,False,"Falling","Absent","Absent","Local","Accepted","Minor","BreaksPriorHigh;DissipationLocal;AcceptanceAccepted"
639,"2026-04-15 09:50:00",84.32,84.41,84.13,84.3,452,"OutsideBar","Red","Down",0.05,0.02,0.28,"Up",0.3,0.02,"Down",0.1,0.607143,0.678571,True,True,True,True,"Falling","Local","Local","Local","Contained","Minor","BreaksPriorHigh;BreaksPriorLow;CloseInsidePriorRange;CloseInsidePriorBody;DissipationLocal;AcceptanceContained;CompressionLocal"
640,"2026-04-15 09:55:00",84.25,84.4,84.16,84.26,534,"InsideBar","Black","Up",0.15,0.06,0.24,"Down",0.2,0.01,"Down",0.05,0.416667,1,True,False,False,False,"Rising","Absent","Clustered","Local","Unresolved","Minor","CloseInsidePriorRange;DissipationLocal;CompressionClustered"
641,"2026-04-15 10:00:00",84.25,84.34,84.15,84.25,618,"LLLH","Neutral","Up",0.3,0.14,0.19,"Down",0.1,0,"Down",0.05,0.526316,0.947368,True,True,False,True,"Rising","Absent","Clustered","Local","Contained","Minor","BreaksPriorLow;CloseInsidePriorRange;CloseInsidePriorBody;DissipationLocal;AcceptanceContained;CompressionClustered"
642,"2026-04-15 10:05:00",84.25,84.36,84.17,84.23,804,"HHHL","Red","Up",0.45,0.24,0.19,"Flat",0.15,0.02,"Up",0.25,0.315789,0.894737,True,False,True,False,"Rising","Absent","Clustered","Absent","Contained","Minor","BreaksPriorHigh;CloseInsidePriorRange;AcceptanceContained;CompressionClustered"
643,"2026-04-15 10:10:00",84.24,84.26,84.04,84.08,654,"LLLH","Red","Down",0.45,0.2,0.22,"Up",0.2,0.16,"Up",0.7,0.181818,0.409091,False,False,False,True,"Falling","Local","Absent","Local","Accepted","Minor","BreaksPriorLow;DissipationLocal;AcceptanceAccepted"
644,"2026-04-15 10:15:00",84.08,84.48,84.04,84.42,815,"OutsideBar","Black","Up",0.55,0.28,0.44,"Up",0.9,0.34,"Up",1,0.863636,0.5,False,False,True,False,"Rising","Strong","Absent","Absent","Accepted","Structural","RangePeak20;BreaksPriorHigh;AcceptanceAccepted"
645,"2026-04-15 10:20:00",84.39,84.4,84.09,84.23,714,"InsideBar","Red","Down",0.5,0.24,0.31,"Down",0.6,0.16,"Down",0.75,0.451613,1,True,True,False,False,"Falling","Absent","Clustered","Absent","Unresolved","Moderate","CloseInsidePriorRange;CloseInsidePriorBody;CompressionClustered"
646,"2026-04-15 10:25:00",84.23,84.25,84.06,84.08,666,"LLLH","Red","Down",0.5,0.22,0.19,"Down",0.2,0.15,"Down",0.7,0.105263,0.842105,False,False,False,True,"Falling","Absent","Clustered","Local","Accepted","Minor","BreaksPriorLow;DissipationLocal;AcceptanceAccepted;CompressionClustered"
647,"2026-04-15 10:30:00",84.09,84.25,84.07,84.11,494,"InsideBar","Black","Down",0.1,0.04,0.18,"Down",0.05,0.02,"Down",0.3,0.222222,1,True,True,False,False,"Falling","Absent","Clustered","Absent","Unresolved","Minor","CloseInsidePriorRange;CloseInsidePriorBody;CompressionClustered"
648,"2026-04-15 10:35:00",84.12,84.35,84.12,84.25,741,"HHHL","Black","Up",0.65,0.32,0.23,"Up",0.35,0.13,"Up",0.5,0.565217,0.565217,True,False,True,False,"Rising","Local","Local","Absent","Contained","Moderate","BreaksPriorHigh;CloseInsidePriorRange;AcceptanceContained;CompressionLocal"
649,"2026-04-15 10:40:00",84.26,84.45,84.24,84.41,454,"HHHL","Black","Down",0.1,0.04,0.21,"Down",0.3,0.15,"Up",0.7,0.809524,0.52381,False,False,True,False,"Falling","Absent","Absent","Local","Accepted","Minor","BreaksPriorHigh;DissipationLocal;AcceptanceAccepted"
650,"2026-04-15 10:45:00",84.42,84.94,84.41,84.64,2258,"HHHL","Black","Up",1,0.98,0.53,"Up",1,0.22,"Up",0.9,0.433962,0.075472,False,False,True,False,"Climactic","Climactic","Absent","Absent","Accepted","SessionDefining","VolumePeak20;VolumeClimactic50;RangePeak20;RangeClimactic20;BreaksPriorHigh;AcceptanceAccepted"
651,"2026-04-15 10:50:00",84.63,84.71,84.46,84.59,924,"InsideBar","Red","Down",0.85,0.44,0.25,"Down",0.55,0.04,"Down",0.3,0.52,1,True,True,False,False,"Peak","Absent","Clustered","Absent","Unresolved","Major","VolumePeak20;CloseInsidePriorRange;CloseInsidePriorBody;CompressionClustered"
652,"2026-04-15 10:55:00",84.59,84.76,84.49,84.72,769,"HHHL","Black","Down",0.65,0.36,0.27,"Up",0.6,0.13,"Up",0.5,0.851852,0.814815,False,False,True,False,"Falling","Local","Absent","Local","Accepted","Moderate","BreaksPriorHigh;DissipationLocal;AcceptanceAccepted"
653,"2026-04-15 11:00:00",84.73,85.08,84.71,85,1022,"HHHL","Black","Up",0.85,0.6,0.37,"Up",0.8,0.27,"Up",0.9,0.783784,0.135135,False,False,True,False,"Peak","Strong","Absent","Absent","Accepted","Major","VolumePeak20;RangePeak20;BreaksPriorHigh;AcceptanceAccepted"
654,"2026-04-15 11:05:00",84.99,85.29,84.07,84.39,3202,"OutsideBar","Red","Up",1,1,1.22,"Up",1,0.6,"Up",1,0.262295,0.303279,False,False,True,True,"Climactic","Climactic","Absent","Absent","Accepted","SessionDefining","VolumePeak20;VolumeClimactic50;RangePeak20;RangeClimactic20;BreaksPriorHigh;BreaksPriorLow;AcceptanceAccepted"
655,"2026-04-15 11:10:00",84.4,84.42,83.94,84.36,1650,"LLLH","Red","Down",0.9,0.86,0.48,"Down",0.9,0.04,"Down",0.35,0.875,0.729167,True,False,False,True,"Peak","Strong","Local","Local","Contained","Structural","VolumePeak20;RangePeak20;BreaksPriorLow;CloseInsidePriorRange;DissipationLocal;AcceptanceContained;CompressionLocal"
656,"2026-04-15 11:15:00",84.35,84.42,83.75,83.88,1091,"OutsideBar","Red","Down",0.8,0.66,0.67,"Up",0.95,0.47,"Up",0.95,0.19403,0.716418,False,False,False,True,"Peak","Climactic","Absent","Local","Accepted","Structural","VolumePeak20;RangePeak20;RangeClimactic20;BreaksPriorLow;DissipationLocal;AcceptanceAccepted"
657,"2026-04-15 11:20:00",83.85,84.12,83.61,84.08,1167,"LLLH","Black","Up",0.85,0.7,0.51,"Down",0.85,0.23,"Down",0.8,0.921569,0.72549,True,True,False,True,"Peak","Strong","Local","Local","Contained","Major","VolumePeak20;RangePeak20;BreaksPriorLow;CloseInsidePriorRange;CloseInsidePriorBody;DissipationLocal;AcceptanceContained;CompressionLocal"
658,"2026-04-15 11:25:00",84.08,84.21,83.86,83.91,626,"HHHL","Red","Down",0.3,0.18,0.35,"Down",0.65,0.17,"Down",0.7,0.142857,0.742857,True,True,True,False,"Falling","Absent","Local","Local","Contained","Moderate","BreaksPriorHigh;CloseInsidePriorRange;CloseInsidePriorBody;DissipationLocal;AcceptanceContained;CompressionLocal"
659,"2026-04-15 11:30:00",83.9,84.05,83.69,83.79,3250,"LLLH","Red","Up",1,1,0.36,"Up",0.65,0.11,"Down",0.35,0.277778,0.527778,False,False,False,True,"Climactic","Local","Absent","Absent","Accepted","Structural","VolumePeak20;VolumeClimactic50;BreaksPriorLow;AcceptanceAccepted"
660,"2026-04-16 06:05:00",85.03,85.11,84.89,84.96,1529,"HHHL","Red","Down",0.8,0.84,0.22,"Down",0.35,0.07,"Down",0.3,0.318182,0,False,False,True,False,"Peak","Absent","Absent","Local","Accepted","Major","VolumePeak20;HighVolumeLowRange;BreaksPriorHigh;DissipationLocal;AcceptanceAccepted"
661,"2026-04-16 06:10:00",84.97,85.12,84.82,85.1,1175,"OutsideBar","Black","Down",0.75,0.7,0.3,"Up",0.5,0.13,"Up",0.45,0.933333,0.733333,True,False,True,True,"Falling","Local","Local","Local","Contained","Moderate","BreaksPriorHigh;BreaksPriorLow;CloseInsidePriorRange;DissipationLocal;AcceptanceContained;CompressionLocal"
662,"2026-04-16 06:15:00",85.12,85.26,85.08,85.1,1036,"HHHL","Red","Down",0.6,0.56,0.18,"Down",0.1,0.02,"Down",0.1,0.111111,0.222222,True,True,True,False,"Falling","Absent","Local","Local","Contained","Moderate","BreaksPriorHigh;CloseInsidePriorRange;CloseInsidePriorBody;DissipationLocal;AcceptanceContained;CompressionLocal"
663,"2026-04-16 06:20:00",85.11,85.11,84.85,84.92,903,"LLLH","Red","Down",0.45,0.42,0.26,"Up",0.4,0.19,"Up",0.7,0.269231,0.115385,False,False,False,True,"Falling","Local","Absent","Local","Accepted","Minor","BreaksPriorLow;DissipationLocal;AcceptanceAccepted"
664,"2026-04-16 06:25:00",84.92,84.93,84.7,84.74,726,"LLLH","Red","Down",0.3,0.3,0.23,"Down",0.35,0.18,"Down",0.7,0.173913,0.347826,False,False,False,True,"Falling","Absent","Absent","Local","Accepted","Minor","BreaksPriorLow;DissipationLocal;AcceptanceAccepted"
665,"2026-04-16 06:30:00",84.72,84.73,84.55,84.62,576,"LLLH","Red","Down",0.15,0.12,0.18,"Down",0.15,0.1,"Down",0.3,0.388889,0.166667,False,False,False,True,"Falling","Absent","Absent","Local","Accepted","Minor","BreaksPriorLow;DissipationLocal;AcceptanceAccepted"
666,"2026-04-16 06:35:00",84.62,84.92,84.61,84.84,990,"HHHL","Black","Up",0.5,0.56,0.31,"Up",0.6,0.22,"Up",0.8,0.741935,0.387097,False,False,True,False,"Rising","Local","Absent","Absent","Accepted","Moderate","BreaksPriorHigh;AcceptanceAccepted"
667,"2026-04-16 06:40:00",84.85,85.26,84.85,85.23,1650,"HHHL","Black","Up",0.85,0.9,0.41,"Up",0.75,0.38,"Up",0.9,0.926829,0.170732,False,False,True,False,"Peak","Local","Absent","Absent","Accepted","Structural","VolumePeak20;BreaksPriorHigh;AcceptanceAccepted"
668,"2026-04-16 06:45:00",85.22,85.52,85.2,85.34,1601,"HHHL","Black","Down",0.75,0.86,0.32,"Down",0.55,0.12,"Down",0.35,0.4375,0.1875,False,False,True,False,"Falling","Absent","Absent","Local","Accepted","Moderate","BreaksPriorHigh;DissipationLocal;AcceptanceAccepted"
669,"2026-04-16 06:50:00",85.36,85.55,85.3,85.52,1108,"HHHL","Black","Down",0.55,0.68,0.25,"Down",0.3,0.16,"Up",0.5,0.88,0.88,True,False,True,False,"Falling","Absent","Clustered","Local","Contained","Minor","BreaksPriorHigh;CloseInsidePriorRange;DissipationLocal;AcceptanceContained;CompressionClustered"
670,"2026-04-16 06:55:00",85.53,86.13,85.52,86.1,2363,"HHHL","Black","Up",0.9,0.96,0.61,"Up",0.9,0.57,"Up",0.95,0.95082,0.04918,False,False,True,False,"Climactic","Strong","Absent","Absent","Accepted","Structural","VolumePeak20;VolumeClimactic50;RangePeak20;BreaksPriorHigh;AcceptanceAccepted"
671,"2026-04-16 07:00:00",86.1,86.17,85.9,85.91,1472,"HHHL","Red","Down",0.65,0.82,0.27,"Down",0.35,0.19,"Down",0.65,0.037037,0.851852,True,True,True,False,"Falling","Absent","Clustered","Local","Contained","Moderate","BreaksPriorHigh;CloseInsidePriorRange;CloseInsidePriorBody;DissipationLocal;AcceptanceContained;CompressionClustered"
672,"2026-04-16 07:05:00",85.92,86.01,85.77,85.93,1511,"LLLH","Black","Up",0.65,0.82,0.24,"Down",0.25,0.01,"Down",0.05,0.666667,0.458333,True,True,False,True,"Rising","Absent","Local","Local","Contained","Moderate","BreaksPriorLow;CloseInsidePriorRange;CloseInsidePriorBody;DissipationLocal;AcceptanceContained;CompressionLocal"
673,"2026-04-16 07:10:00",85.93,86.09,85.67,85.88,1121,"OutsideBar","Red","Down",0.45,0.68,0.42,"Up",0.75,0.05,"Up",0.2,0.5,0.571429,True,False,True,True,"Falling","Local","Local","Local","Contained","Moderate","BreaksPriorHigh;BreaksPriorLow;CloseInsidePriorRange;DissipationLocal;AcceptanceContained;CompressionLocal"
674,"2026-04-16 07:15:00",85.88,85.93,85.7,85.91,752,"InsideBar","Black","Down",0.2,0.36,0.23,"Down",0.25,0.03,"Down",0.15,0.913043,1,True,True,False,False,"Falling","Absent","Clustered","Absent","Unresolved","Minor","CloseInsidePriorRange;CloseInsidePriorBody;CompressionClustered"
675,"2026-04-16 07:20:00",85.9,86.14,85.86,86.01,871,"HHHL","Black","Up",0.25,0.48,0.28,"Up",0.5,0.11,"Up",0.4,0.535714,0.25,False,False,True,False,"Rising","Local","Absent","Absent","Accepted","Minor","BreaksPriorHigh;AcceptanceAccepted"
676,"2026-04-16 07:25:00",85.99,86.41,85.94,86.26,1419,"HHHL","Black","Up",0.65,0.78,0.47,"Up",0.9,0.27,"Up",0.9,0.680851,0.425532,False,False,True,False,"Rising","Strong","Absent","Absent","Accepted","Structural","RangePeak20;BreaksPriorHigh;AcceptanceAccepted"
677,"2026-04-16 07:30:00",86.27,86.34,86.04,86.07,906,"InsideBar","Red","Down",0.35,0.5,0.3,"Down",0.55,0.2,"Down",0.8,0.1,1,True,True,False,False,"Falling","Absent","Clustered","Absent","Unresolved","Minor","CloseInsidePriorRange;CloseInsidePriorBody;CompressionClustered"
678,"2026-04-16 07:35:00",86.06,86.41,86.02,86.22,1295,"OutsideBar","Black","Up",0.6,0.76,0.39,"Up",0.8,0.16,"Down",0.6,0.512821,0.769231,True,True,True,True,"Rising","Strong","Local","Absent","Contained","Major","RangePeak20;BreaksPriorHigh;BreaksPriorLow;CloseInsidePriorRange;CloseInsidePriorBody;AcceptanceContained;CompressionLocal"
679,"2026-04-16 07:40:00",86.22,86.44,86.17,86.3,1253,"HHHL","Black","Down",0.6,0.74,0.27,"Down",0.5,0.08,"Down",0.3,0.481481,0.888889,True,False,True,False,"Falling","Absent","Clustered","Local","Contained","Moderate","BreaksPriorHigh;CloseInsidePriorRange;DissipationLocal;AcceptanceContained;CompressionClustered"
680,"2026-04-16 07:45:00",86.29,86.29,85.88,85.99,1230,"LLLH","Red","Down",0.6,0.72,0.41,"Up",0.85,0.3,"Up",0.9,0.268293,0.292683,False,False,False,True,"Falling","Strong","Absent","Local","Accepted","Major","RangePeak20;BreaksPriorLow;DissipationLocal;AcceptanceAccepted"
681,"2026-04-16 07:50:00",85.99,86.09,85.81,86.07,1038,"LLLH","Black","Down",0.45,0.58,0.28,"Down",0.55,0.08,"Down",0.3,0.928571,0.75,True,True,False,True,"Falling","Absent","Local","Local","Contained","Minor","BreaksPriorLow;CloseInsidePriorRange;CloseInsidePriorBody;DissipationLocal;AcceptanceContained;CompressionLocal"
682,"2026-04-16 07:55:00",86.07,86.1,85.93,86.06,738,"HHHL","Red","Down",0.15,0.3,0.17,"Down",0.05,0.01,"Down",0.05,0.764706,0.941176,True,True,True,False,"Falling","Absent","Clustered","Local","Contained","Minor","BreaksPriorHigh;CloseInsidePriorRange;CloseInsidePriorBody;DissipationLocal;AcceptanceContained;CompressionClustered"
683,"2026-04-16 08:00:00",86.06,86.3,86.05,86.11,837,"HHHL","Black","Up",0.25,0.4,0.25,"Up",0.35,0.05,"Up",0.2,0.24,0.2,False,False,True,False,"Rising","Local","Absent","Absent","Accepted","Minor","BreaksPriorHigh;AcceptanceAccepted"
684,"2026-04-16 08:05:00",86.1,86.11,85.69,85.81,1572,"LLLH","Red","Up",0.85,0.86,0.42,"Up",0.9,0.29,"Up",0.85,0.285714,0.142857,False,False,False,True,"Peak","Strong","Absent","Absent","Accepted","Structural","VolumePeak20;RangePeak20;BreaksPriorLow;AcceptanceAccepted"
685,"2026-04-16 08:10:00",85.78,86.06,85.67,85.7,1101,"LLLH","Red","Down",0.4,0.58,0.39,"Down",0.7,0.08,"Down",0.4,0.076923,0.948718,True,False,False,True,"Falling","Absent","Clustered","Local","Contained","Moderate","BreaksPriorLow;CloseInsidePriorRange;DissipationLocal;AcceptanceContained;CompressionClustered"
686,"2026-04-16 08:15:00",85.69,85.86,85.52,85.77,1370,"LLLH","Black","Up",0.65,0.74,0.34,"Down",0.6,0.08,"Flat",0.45,0.735294,0.558824,True,True,False,True,"Rising","Absent","Local","Local","Contained","Moderate","BreaksPriorLow;CloseInsidePriorRange;CloseInsidePriorBody;DissipationLocal;AcceptanceContained;CompressionLocal"
687,"2026-04-16 08:20:00",85.78,86.04,85.52,85.97,1225,"OutsideBar","Black","Down",0.5,0.68,0.52,"Up",0.95,0.19,"Up",0.75,0.865385,0.653846,False,False,True,False,"Falling","Climactic","Absent","Local","Accepted","Structural","RangePeak20;RangeClimactic20;BreaksPriorHigh;DissipationLocal;AcceptanceAccepted"
688,"2026-04-16 08:25:00",85.98,86.16,85.84,86.14,1150,"HHHL","Black","Down",0.5,0.62,0.32,"Down",0.55,0.16,"Down",0.65,0.9375,0.625,False,False,True,False,"Falling","Absent","Absent","Local","Accepted","Minor","BreaksPriorHigh;DissipationLocal;AcceptanceAccepted"
689,"2026-04-16 08:30:00",86.14,86.47,86.02,86.44,1703,"HHHL","Black","Up",0.95,0.92,0.45,"Up",0.85,0.3,"Up",0.9,0.933333,0.311111,False,False,True,False,"Peak","Strong","Absent","Absent","Accepted","Structural","VolumePeak20;RangePeak20;BreaksPriorHigh;AcceptanceAccepted"
690,"2026-04-16 08:35:00",86.45,86.65,86.27,86.56,1880,"HHHL","Black","Up",1,0.92,0.38,"Down",0.6,0.11,"Down",0.55,0.763158,0.526316,False,False,True,False,"Peak","Absent","Absent","Local","Accepted","Structural","VolumePeak20;BreaksPriorHigh;DissipationLocal;AcceptanceAccepted"
691,"2026-04-16 08:40:00",86.56,86.66,85.79,85.89,3626,"OutsideBar","Red","Up",1,1,0.87,"Up",1,0.67,"Up",1,0.114943,0.436782,False,False,True,True,"Climactic","Climactic","Absent","Absent","Accepted","SessionDefining","VolumePeak20;VolumeClimactic50;RangePeak20;RangeClimactic20;BreaksPriorHigh;BreaksPriorLow;AcceptanceAccepted"
692,"2026-04-16 08:45:00",85.9,86.55,85.88,86.32,1721,"InsideBar","Black","Down",0.9,0.88,0.67,"Down",0.95,0.42,"Down",0.95,0.656716,1,True,True,False,False,"Peak","Climactic","Clustered","Absent","Unresolved","Structural","VolumePeak20;RangePeak20;RangeClimactic20;CloseInsidePriorRange;CloseInsidePriorBody;CompressionClustered"
693,"2026-04-16 08:50:00",86.31,86.46,86.18,86.31,784,"InsideBar","Neutral","Down",0.15,0.24,0.28,"Down",0.25,0,"Down",0.05,0.464286,1,True,True,False,False,"Falling","Absent","Clustered","Absent","Unresolved","Minor","CloseInsidePriorRange;CloseInsidePriorBody;CompressionClustered"
694,"2026-04-16 08:55:00",86.33,86.33,86.1,86.21,592,"LLLH","Red","Down",0.05,0.08,0.23,"Down",0.1,0.12,"Up",0.5,0.478261,0.652174,True,False,False,True,"Falling","Absent","Local","Local","Contained","Minor","BreaksPriorLow;CloseInsidePriorRange;DissipationLocal;AcceptanceContained;CompressionLocal"
695,"2026-04-16 09:00:00",86.21,86.25,85.99,86.06,491,"LLLH","Red","Down",0.05,0.04,0.26,"Up",0.2,0.15,"Up",0.5,0.269231,0.576923,False,False,False,True,"Falling","Local","Absent","Local","Accepted","Minor","BreaksPriorLow;DissipationLocal;AcceptanceAccepted"
696,"2026-04-16 09:05:00",86.06,86.32,86.05,86.22,703,"HHHL","Black","Up",0.15,0.14,0.27,"Up",0.3,0.16,"Up",0.65,0.62963,0.740741,True,False,True,False,"Rising","Local","Local","Absent","Contained","Minor","BreaksPriorHigh;CloseInsidePriorRange;AcceptanceContained;CompressionLocal"
697,"2026-04-16 09:10:00",86.21,86.35,86.16,86.33,529,"HHHL","Black","Down",0.1,0.06,0.19,"Down",0.1,0.12,"Down",0.5,0.894737,0.842105,False,False,True,False,"Falling","Absent","Clustered","Local","Accepted","Minor","BreaksPriorHigh;DissipationLocal;AcceptanceAccepted;CompressionClustered"
698,"2026-04-16 09:15:00",86.33,86.34,86.14,86.32,369,"LLLH","Red","Down",0.05,0.02,0.2,"Up",0.15,0.01,"Down",0.15,0.9,0.9,True,True,False,True,"Falling","Local","Local","Local","Contained","Minor","BreaksPriorLow;CloseInsidePriorRange;CloseInsidePriorBody;DissipationLocal;AcceptanceContained;CompressionLocal"
699,"2026-04-16 09:20:00",86.32,86.35,86.08,86.12,551,"OutsideBar","Red","Up",0.2,0.08,0.27,"Up",0.4,0.2,"Up",0.75,0.148148,0.740741,False,False,True,True,"Rising","Local","Absent","Absent","Accepted","Minor","BreaksPriorHigh;BreaksPriorLow;AcceptanceAccepted"
700,"2026-04-16 09:25:00",86.12,86.34,86.1,86.22,640,"InsideBar","Black","Up",0.3,0.16,0.24,"Down",0.25,0.1,"Down",0.4,0.5,1,True,True,False,False,"Rising","Absent","Clustered","Local","Unresolved","Minor","CloseInsidePriorRange;CloseInsidePriorBody;DissipationLocal;CompressionClustered"
701,"2026-04-16 09:30:00",86.22,86.27,86.06,86.09,548,"LLLH","Red","Down",0.2,0.08,0.21,"Down",0.2,0.13,"Up",0.55,0.142857,0.809524,False,False,False,True,"Falling","Absent","Clustered","Local","Accepted","Minor","BreaksPriorLow;DissipationLocal;AcceptanceAccepted;CompressionClustered"
702,"2026-04-16 09:35:00",86.08,86.73,86.04,86.58,2246,"OutsideBar","Black","Up",0.95,0.92,0.69,"Up",0.95,0.5,"Up",0.95,0.782609,0.304348,False,False,True,True,"Peak","Climactic","Absent","Absent","Accepted","Structural","VolumePeak20;RangePeak20;RangeClimactic20;BreaksPriorHigh;BreaksPriorLow;AcceptanceAccepted"
703,"2026-04-16 09:40:00",86.6,86.69,86.37,86.49,1161,"InsideBar","Red","Down",0.6,0.54,0.32,"Down",0.55,0.11,"Down",0.35,0.375,1,True,True,False,False,"Falling","Absent","Clustered","Absent","Unresolved","Moderate","CloseInsidePriorRange;CloseInsidePriorBody;CompressionClustered"
704,"2026-04-16 09:45:00",86.5,86.97,86.45,86.88,1673,"HHHL","Black","Up",0.75,0.86,0.52,"Up",0.8,0.38,"Up",0.85,0.826923,0.461538,False,False,True,False,"Rising","Strong","Absent","Absent","Accepted","Major","RangePeak20;BreaksPriorHigh;AcceptanceAccepted"
705,"2026-04-16 09:50:00",86.87,86.98,86.82,86.95,1107,"HHHL","Black","Down",0.5,0.48,0.16,"Down",0.05,0.08,"Down",0.2,0.8125,0.9375,True,False,True,False,"Falling","Absent","Clustered","Local","Contained","Minor","BreaksPriorHigh;CloseInsidePriorRange;DissipationLocal;AcceptanceContained;CompressionClustered"
706,"2026-04-16 09:55:00",86.95,87.02,86.81,86.96,1035,"OutsideBar","Black","Down",0.5,0.4,0.21,"Up",0.25,0.01,"Down",0.1,0.714286,0.761905,True,False,True,True,"Falling","Local","Local","Local","Contained","Minor","BreaksPriorHigh;BreaksPriorLow;CloseInsidePriorRange;DissipationLocal;AcceptanceContained;CompressionLocal"
707,"2026-04-16 10:00:00",86.96,87.05,86.93,86.97,614,"HHHL","Black","Down",0.35,0.16,0.12,"Down",0.05,0.01,"Up",0.2,0.333333,0.75,True,False,True,False,"Falling","Absent","Local","Local","Contained","Minor","BreaksPriorHigh;CloseInsidePriorRange;DissipationLocal;AcceptanceContained;CompressionLocal"
708,"2026-04-16 10:05:00",86.96,86.99,86.85,86.99,784,"LLLH","Black","Up",0.55,0.3,0.14,"Up",0.1,0.03,"Up",0.25,1,0.428571,True,False,False,True,"Rising","Local","Local","Absent","Contained","Minor","BreaksPriorLow;CloseInsidePriorRange;AcceptanceContained;CompressionLocal"
709,"2026-04-16 10:10:00",86.99,87.15,86.96,87.04,818,"HHHL","Black","Up",0.6,0.32,0.19,"Up",0.25,0.05,"Up",0.3,0.421053,0.157895,False,False,True,False,"Rising","Local","Absent","Absent","Accepted","Moderate","BreaksPriorHigh;AcceptanceAccepted"
710,"2026-04-16 10:15:00",87.06,87.33,86.99,87.31,1152,"HHHL","Black","Up",0.75,0.6,0.34,"Up",0.8,0.25,"Up",0.8,0.941176,0.470588,False,False,True,False,"Rising","Strong","Absent","Absent","Accepted","Major","RangePeak20;BreaksPriorHigh;AcceptanceAccepted"
711,"2026-04-16 10:20:00",87.31,87.34,87.17,87.32,874,"HHHL","Black","Down",0.65,0.38,0.17,"Down",0.2,0.01,"Down",0.15,0.882353,0.941176,True,False,True,False,"Falling","Absent","Clustered","Local","Contained","Moderate","BreaksPriorHigh;CloseInsidePriorRange;DissipationLocal;AcceptanceContained;CompressionClustered"
712,"2026-04-16 10:25:00",87.31,87.31,87.03,87.11,712,"LLLH","Red","Down",0.5,0.22,0.28,"Up",0.8,0.2,"Up",0.85,0.285714,0.5,False,False,False,True,"Falling","Strong","Absent","Local","Accepted","Major","RangePeak20;BreaksPriorLow;DissipationLocal;AcceptanceAccepted"
713,"2026-04-16 10:30:00",87.1,87.24,87.03,87.18,670,"InsideBar","Black","Down",0.45,0.2,0.21,"Down",0.5,0.08,"Down",0.4,0.714286,1,True,True,False,False,"Falling","Absent","Clustered","Absent","Unresolved","Minor","CloseInsidePriorRange;CloseInsidePriorBody;CompressionClustered"
714,"2026-04-16 10:35:00",87.17,87.4,87.13,87.38,926,"HHHL","Black","Up",0.7,0.44,0.27,"Up",0.75,0.21,"Up",0.85,0.925926,0.407407,False,False,True,False,"Rising","Local","Absent","Absent","Accepted","Moderate","BreaksPriorHigh;AcceptanceAccepted"
715,"2026-04-16 10:40:00",87.41,87.54,87.36,87.51,1014,"HHHL","Black","Up",0.7,0.46,0.18,"Down",0.25,0.1,"Down",0.5,0.833333,0.222222,False,False,True,False,"Rising","Absent","Absent","Local","Accepted","Moderate","BreaksPriorHigh;DissipationLocal;AcceptanceAccepted"
716,"2026-04-16 10:45:00",87.51,87.52,87.19,87.32,870,"LLLH","Red","Down",0.55,0.36,0.33,"Up",0.85,0.19,"Up",0.7,0.393939,0.484848,False,False,False,True,"Falling","Strong","Absent","Local","Accepted","Major","RangePeak20;BreaksPriorLow;DissipationLocal;AcceptanceAccepted"
717,"2026-04-16 10:50:00",87.33,87.44,87.25,87.3,463,"InsideBar","Red","Down",0.1,0.04,0.19,"Down",0.3,0.03,"Down",0.3,0.263158,1,True,False,False,False,"Falling","Absent","Clustered","Absent","Unresolved","Minor","CloseInsidePriorRange;CompressionClustered"
718,"2026-04-16 10:55:00",87.31,87.54,87.31,87.47,513,"HHHL","Black","Up",0.1,0.08,0.23,"Up",0.55,0.16,"Up",0.65,0.695652,0.565217,False,False,True,False,"Rising","Local","Absent","Absent","Accepted","Minor","BreaksPriorHigh;AcceptanceAccepted"
719,"2026-04-16 11:00:00",87.48,87.58,87.24,87.33,1177,"OutsideBar","Red","Up",0.9,0.68,0.34,"Up",0.9,0.15,"Down",0.65,0.264706,0.676471,True,True,True,True,"Peak","Strong","Local","Absent","Contained","Structural","VolumePeak20;RangePeak20;BreaksPriorHigh;BreaksPriorLow;CloseInsidePriorRange;CloseInsidePriorBody;AcceptanceContained;CompressionLocal"
720,"2026-04-16 11:05:00",87.33,87.37,86.8,87.2,1598,"LLLH","Red","Up",0.9,0.88,0.57,"Up",0.95,0.13,"Down",0.6,0.701754,0.22807,False,False,False,True,"Peak","Climactic","Absent","Absent","Accepted","Structural","VolumePeak20;RangePeak20;RangeClimactic20;BreaksPriorLow;AcceptanceAccepted"
721,"2026-04-16 11:10:00",87.2,87.2,86.89,87.01,666,"InsideBar","Red","Down",0.2,0.22,0.31,"Down",0.65,0.19,"Up",0.7,0.387097,1,True,False,False,False,"Falling","Absent","Clustered","Absent","Unresolved","Moderate","CloseInsidePriorRange;CompressionClustered"
722,"2026-04-16 11:15:00",87.01,87.05,86.83,86.84,458,"LLLH","Red","Down",0.05,0.04,0.22,"Down",0.5,0.17,"Down",0.7,0.045455,0.727273,False,False,False,True,"Falling","Absent","Absent","Local","Accepted","Minor","BreaksPriorLow;DissipationLocal;AcceptanceAccepted"
723,"2026-04-16 11:20:00",86.83,86.9,86.71,86.81,1189,"LLLH","Red","Up",0.9,0.72,0.19,"Down",0.4,0.02,"Down",0.2,0.526316,0.368421,False,False,False,True,"Peak","Absent","Absent","Local","Accepted","Major","VolumePeak20;HighVolumeLowRange;BreaksPriorLow;DissipationLocal;AcceptanceAccepted"
724,"2026-04-16 11:25:00",86.8,87.1,86.74,87.09,1072,"HHHL","Black","Down",0.75,0.58,0.36,"Up",0.95,0.29,"Up",1,0.972222,0.444444,False,False,True,False,"Falling","Climactic","Absent","Local","Accepted","Structural","RangePeak20;RangeClimactic20;BreaksPriorHigh;DissipationLocal;AcceptanceAccepted"
725,"2026-04-16 11:30:00",87.07,87.1,86.87,86.94,2724,"InsideBar","Red","Up",1,0.98,0.23,"Down",0.55,0.13,"Down",0.55,0.304348,1,True,True,False,False,"Climactic","Absent","Clustered","Local","Unresolved","Structural","VolumePeak20;VolumeClimactic50;CloseInsidePriorRange;CloseInsidePriorBody;DissipationLocal;CompressionClustered"
726,"2026-04-17 06:05:00",78.19,79.01,77.98,78.06,6085,"LLLH","Red","Up",1,1,1.03,"Up",1,0.13,"Flat",0.55,0.07767,0,False,False,False,True,"Climactic","Climactic","Absent","Absent","Accepted","SessionDefining","VolumePeak20;VolumeClimactic50;RangePeak20;RangeClimactic20;BreaksPriorLow;AcceptanceAccepted"
727,"2026-04-17 06:10:00",78.05,78.51,77.01,77.14,7086,"LLLH","Red","Up",1,1,1.5,"Up",1,0.91,"Up",1,0.086667,0.353333,False,False,False,True,"Climactic","Climactic","Absent","Absent","Accepted","SessionDefining","VolumePeak20;VolumeClimactic50;RangePeak20;RangeClimactic20;BreaksPriorLow;AcceptanceAccepted"
728,"2026-04-17 06:15:00",77.14,77.18,76.18,76.81,7252,"LLLH","Red","Up",1,1,1,"Down",0.9,0.33,"Down",0.95,0.63,0.17,False,False,False,True,"Climactic","Strong","Absent","Local","Accepted","Structural","VolumePeak20;VolumeClimactic50;RangePeak20;BreaksPriorLow;DissipationLocal;AcceptanceAccepted"
729,"2026-04-17 06:20:00",76.82,77.56,76.82,77.08,3930,"HHHL","Black","Down",0.85,0.94,0.74,"Down",0.85,0.26,"Down",0.85,0.351351,0.486486,True,True,True,False,"Peak","Strong","Local","Local","Contained","Structural","VolumePeak20;RangePeak20;BreaksPriorHigh;CloseInsidePriorRange;CloseInsidePriorBody;DissipationLocal;AcceptanceContained;CompressionLocal"
730,"2026-04-17 06:25:00",77.07,77.8,77.07,77.45,3628,"HHHL","Black","Down",0.8,0.92,0.73,"Down",0.8,0.38,"Up",0.95,0.520548,0.671233,True,False,True,False,"Peak","Strong","Local","Local","Contained","Structural","VolumePeak20;RangePeak20;BreaksPriorHigh;CloseInsidePriorRange;DissipationLocal;AcceptanceContained;CompressionLocal"
731,"2026-04-17 06:30:00",77.46,78.3,77.1,77.86,7129,"HHHL","Black","Up",0.95,0.98,1.2,"Up",0.95,0.4,"Up",0.95,0.633333,0.583333,False,False,True,False,"Climactic","Climactic","Absent","Absent","Accepted","SessionDefining","VolumePeak20;VolumeClimactic50;RangePeak20;RangeClimactic20;BreaksPriorHigh;AcceptanceAccepted"
732,"2026-04-17 06:35:00",77.86,78.11,77.18,77.29,4875,"InsideBar","Red","Down",0.8,0.92,0.93,"Down",0.8,0.57,"Up",0.95,0.11828,1,True,False,False,False,"Peak","Strong","Clustered","Absent","Unresolved","Structural","VolumePeak20;RangePeak20;CloseInsidePriorRange;CompressionClustered"
733,"2026-04-17 06:40:00",77.29,77.33,76.94,77.08,4001,"LLLH","Red","Down",0.75,0.9,0.39,"Down",0.6,0.21,"Down",0.65,0.358974,0.384615,False,False,False,True,"Falling","Absent","Absent","Local","Accepted","Structural","BreaksPriorLow;DissipationLocal;AcceptanceAccepted"
734,"2026-04-17 06:45:00",77.07,77.77,77.01,77.39,5490,"HHHL","Black","Up",0.8,0.92,0.76,"Up",0.75,0.32,"Up",0.75,0.5,0.421053,False,False,True,False,"Peak","Local","Absent","Absent","Accepted","Structural","VolumePeak20;BreaksPriorHigh;AcceptanceAccepted"
735,"2026-04-17 06:50:00",77.38,78.66,76.95,77.77,9172,"OutsideBar","Black","Up",1,1,1.71,"Up",1,0.39,"Up",0.85,0.479532,0.444444,True,False,True,True,"Climactic","Climactic","Local","Absent","Contained","SessionDefining","VolumePeak20;VolumeClimactic50;RangePeak20;RangeClimactic20;BreaksPriorHigh;BreaksPriorLow;CloseInsidePriorRange;AcceptanceContained;CompressionLocal"
736,"2026-04-17 06:55:00",77.77,77.81,77.32,77.61,3879,"InsideBar","Red","Down",0.55,0.82,0.49,"Down",0.5,0.16,"Down",0.4,0.591837,1,True,True,False,False,"Falling","Absent","Clustered","Absent","Unresolved","Minor","CloseInsidePriorRange;CloseInsidePriorBody;CompressionClustered"
737,"2026-04-17 07:00:00",77.6,78,77.26,77.51,4157,"OutsideBar","Red","Up",0.65,0.86,0.74,"Up",0.6,0.09,"Down",0.1,0.337838,0.662162,True,False,True,True,"Rising","Local","Local","Absent","Contained","Moderate","BreaksPriorHigh;BreaksPriorLow;CloseInsidePriorRange;AcceptanceContained;CompressionLocal"
738,"2026-04-17 07:05:00",77.51,77.66,76.9,77.03,3082,"LLLH","Red","Down",0.4,0.74,0.76,"Up",0.7,0.48,"Up",0.9,0.171053,0.526316,False,False,False,True,"Falling","Local","Absent","Local","Accepted","Moderate","BreaksPriorLow;DissipationLocal;AcceptanceAccepted"
739,"2026-04-17 07:10:00",77.05,77.26,76.95,77.11,2626,"InsideBar","Black","Down",0.3,0.7,0.31,"Down",0.25,0.06,"Down",0.1,0.516129,1,True,True,False,False,"Falling","Absent","Clustered","Absent","Unresolved","Minor","CloseInsidePriorRange;CloseInsidePriorBody;CompressionClustered"
740,"2026-04-17 07:15:00",77.09,77.52,77.03,77.06,2752,"HHHL","Red","Up",0.35,0.72,0.49,"Up",0.4,0.03,"Down",0.1,0.061224,0.469388,True,True,True,False,"Rising","Local","Local","Absent","Contained","Minor","BreaksPriorHigh;CloseInsidePriorRange;CloseInsidePriorBody;AcceptanceContained;CompressionLocal"
741,"2026-04-17 07:20:00",77.06,77.07,76.77,76.91,3225,"LLLH","Red","Up",0.4,0.76,0.3,"Down",0.2,0.15,"Up",0.35,0.466667,0.133333,False,False,False,True,"Rising","Absent","Absent","Local","Accepted","Minor","BreaksPriorLow;DissipationLocal;AcceptanceAccepted"
742,"2026-04-17 07:25:00",76.92,77.15,76.4,76.42,3921,"OutsideBar","Red","Up",0.5,0.8,0.75,"Up",0.6,0.5,"Up",0.9,0.026667,0.4,False,False,True,True,"Rising","Local","Absent","Absent","Accepted","Moderate","BreaksPriorHigh;BreaksPriorLow;AcceptanceAccepted"
743,"2026-04-17 07:30:00",76.41,76.93,76.37,76.78,3595,"LLLH","Black","Down",0.35,0.74,0.56,"Down",0.4,0.37,"Down",0.65,0.732143,0.946429,True,True,False,True,"Falling","Absent","Clustered","Local","Contained","Minor","BreaksPriorLow;CloseInsidePriorRange;CloseInsidePriorBody;DissipationLocal;AcceptanceContained;CompressionClustered"
744,"2026-04-17 07:35:00",76.79,76.86,75.92,76.02,4120,"LLLH","Red","Up",0.6,0.84,0.94,"Up",0.75,0.77,"Up",0.95,0.106383,0.521277,False,False,False,True,"Rising","Local","Absent","Absent","Accepted","Moderate","BreaksPriorLow;AcceptanceAccepted"
745,"2026-04-17 07:40:00",76.02,76.44,75.72,75.74,3473,"LLLH","Red","Down",0.25,0.7,0.72,"Down",0.35,0.28,"Down",0.45,0.027778,0.722222,False,False,False,True,"Falling","Absent","Absent","Local","Accepted","Minor","BreaksPriorLow;DissipationLocal;AcceptanceAccepted"
746,"2026-04-17 07:45:00",75.73,75.75,74.73,75.1,7037,"LLLH","Red","Up",0.8,0.92,1.02,"Up",0.85,0.63,"Up",0.9,0.362745,0.029412,False,False,False,True,"Peak","Strong","Absent","Absent","Accepted","Structural","VolumePeak20;RangePeak20;BreaksPriorLow;AcceptanceAccepted"
747,"2026-04-17 07:50:00",75.1,75.41,74.87,75.01,3070,"InsideBar","Red","Down",0.15,0.62,0.54,"Down",0.3,0.09,"Down",0.2,0.259259,1,True,False,False,False,"Falling","Absent","Clustered","Absent","Unresolved","Minor","CloseInsidePriorRange;CompressionClustered"
748,"2026-04-17 07:55:00",75,75.31,74.9,75.25,2902,"InsideBar","Black","Down",0.15,0.6,0.41,"Down",0.2,0.25,"Up",0.4,0.853659,1,True,False,False,False,"Falling","Absent","Clustered","Absent","Unresolved","Minor","CloseInsidePriorRange;CompressionClustered"
749,"2026-04-17 08:00:00",75.25,75.78,75.18,75.75,3718,"HHHL","Black","Up",0.5,0.72,0.6,"Up",0.45,0.5,"Up",0.85,0.95,0.216667,False,False,True,False,"Rising","Local","Absent","Absent","Accepted","Minor","BreaksPriorHigh;AcceptanceAccepted"
750,"2026-04-17 08:05:00",75.75,76.1,75.45,75.74,5296,"HHHL","Red","Up",0.8,0.86,0.65,"Up",0.5,0.01,"Down",0.05,0.446154,0.507692,True,True,True,False,"Peak","Local","Local","Absent","Contained","Major","VolumePeak20;BreaksPriorHigh;CloseInsidePriorRange;CloseInsidePriorBody;AcceptanceContained;CompressionLocal"
751,"2026-04-17 08:10:00",75.75,76.34,75.66,76.09,3401,"HHHL","Black","Down",0.35,0.62,0.68,"Up",0.55,0.34,"Up",0.6,0.632353,0.647059,True,False,True,False,"Falling","Local","Local","Local","Contained","Minor","BreaksPriorHigh;CloseInsidePriorRange;DissipationLocal;AcceptanceContained;CompressionLocal"
752,"2026-04-17 08:15:00",76.11,76.48,76.04,76.4,2521,"HHHL","Black","Down",0.05,0.46,0.44,"Down",0.25,0.29,"Down",0.55,0.818182,0.681818,False,False,True,False,"Falling","Absent","Absent","Local","Accepted","Minor","BreaksPriorHigh;DissipationLocal;AcceptanceAccepted"
753,"2026-04-17 08:20:00",76.41,76.87,76.17,76.74,3065,"HHHL","Black","Up",0.25,0.54,0.7,"Up",0.6,0.33,"Up",0.6,0.814286,0.442857,False,False,True,False,"Rising","Local","Absent","Absent","Accepted","Moderate","BreaksPriorHigh;AcceptanceAccepted"
754,"2026-04-17 08:25:00",76.75,77.02,76.7,76.91,2859,"HHHL","Black","Down",0.2,0.5,0.32,"Down",0.15,0.16,"Down",0.4,0.65625,0.53125,False,False,True,False,"Falling","Absent","Absent","Local","Accepted","Minor","BreaksPriorHigh;DissipationLocal;AcceptanceAccepted"
755,"2026-04-17 08:30:00",76.92,77.37,76.86,77.3,3508,"HHHL","Black","Up",0.6,0.64,0.51,"Up",0.4,0.38,"Up",0.75,0.862745,0.313725,False,False,True,False,"Rising","Local","Absent","Absent","Accepted","Moderate","BreaksPriorHigh;AcceptanceAccepted"
756,"2026-04-17 08:35:00",77.3,77.55,76.95,76.96,3828,"HHHL","Red","Up",0.75,0.7,0.6,"Up",0.55,0.34,"Down",0.65,0.016667,0.7,True,True,True,False,"Rising","Local","Local","Absent","Contained","Moderate","BreaksPriorHigh;CloseInsidePriorRange;CloseInsidePriorBody;AcceptanceContained;CompressionLocal"
757,"2026-04-17 08:40:00",76.96,77.19,76.8,76.81,2560,"LLLH","Red","Down",0.1,0.38,0.39,"Down",0.2,0.15,"Down",0.25,0.025641,0.615385,False,False,False,True,"Falling","Absent","Absent","Local","Accepted","Minor","BreaksPriorLow;DissipationLocal;AcceptanceAccepted"
758,"2026-04-17 08:45:00",76.81,77.27,76.68,77.16,2133,"OutsideBar","Black","Down",0.05,0.34,0.59,"Up",0.55,0.35,"Up",0.7,0.813559,0.661017,True,False,True,True,"Falling","Local","Local","Local","Contained","Minor","BreaksPriorHigh;BreaksPriorLow;CloseInsidePriorRange;DissipationLocal;AcceptanceContained;CompressionLocal"
759,"2026-04-17 08:50:00",77.15,77.35,76.97,77.15,2203,"HHHL","Neutral","Up",0.1,0.34,0.38,"Down",0.15,0,"Down",0.05,0.473684,0.789474,True,True,True,False,"Rising","Absent","Local","Local","Contained","Minor","BreaksPriorHigh;CloseInsidePriorRange;CloseInsidePriorBody;DissipationLocal;AcceptanceContained;CompressionLocal"
760,"2026-04-17 08:55:00",77.13,77.13,76.62,76.84,2604,"LLLH","Red","Up",0.25,0.38,0.51,"Up",0.35,0.29,"Up",0.45,0.431373,0.313725,False,False,False,True,"Rising","Local","Absent","Absent","Accepted","Minor","BreaksPriorLow;AcceptanceAccepted"
761,"2026-04-17 09:00:00",76.85,77.04,76.72,76.88,1518,"InsideBar","Black","Down",0.05,0.26,0.32,"Down",0.1,0.03,"Down",0.15,0.5,1,True,True,False,False,"Falling","Absent","Clustered","Absent","Unresolved","Minor","CloseInsidePriorRange;CloseInsidePriorBody;CompressionClustered"
762,"2026-04-17 09:05:00",76.9,77.28,76.84,77.22,2055,"HHHL","Black","Up",0.1,0.28,0.44,"Up",0.35,0.32,"Up",0.55,0.863636,0.454545,False,False,True,False,"Rising","Local","Absent","Absent","Accepted","Minor","BreaksPriorHigh;AcceptanceAccepted"
763,"2026-04-17 09:10:00",77.22,77.28,76.74,76.96,1445,"OutsideBar","Red","Down",0.05,0.22,0.54,"Up",0.55,0.26,"Down",0.4,0.407407,0.814815,True,True,False,True,"Falling","Local","Local","Local","Contained","Minor","BreaksPriorLow;CloseInsidePriorRange;CloseInsidePriorBody;DissipationLocal;AcceptanceContained;CompressionLocal"
764,"2026-04-17 09:15:00",76.97,77.12,76.77,76.79,954,"InsideBar","Red","Down",0.05,0.12,0.35,"Down",0.15,0.18,"Down",0.35,0.057143,1,True,False,False,False,"Falling","Absent","Clustered","Absent","Unresolved","Minor","CloseInsidePriorRange;CompressionClustered"
765,"2026-04-17 09:20:00",76.8,77.02,76.68,76.71,1413,"LLLH","Red","Up",0.1,0.2,0.34,"Down",0.15,0.09,"Down",0.25,0.088235,0.735294,False,False,False,True,"Rising","Absent","Absent","Local","Accepted","Minor","BreaksPriorLow;DissipationLocal;AcceptanceAccepted"
766,"2026-04-17 09:25:00",76.72,77.12,76.63,77.1,1212,"OutsideBar","Black","Down",0.1,0.18,0.49,"Up",0.5,0.38,"Up",0.95,0.959184,0.693878,False,False,True,True,"Falling","Local","Absent","Local","Accepted","Minor","BreaksPriorHigh;BreaksPriorLow;DissipationLocal;AcceptanceAccepted"
767,"2026-04-17 09:30:00",77.08,77.58,77.06,77.54,1410,"HHHL","Black","Up",0.15,0.18,0.52,"Up",0.65,0.46,"Up",0.95,0.923077,0.115385,False,False,True,False,"Rising","Local","Absent","Absent","Accepted","Moderate","BreaksPriorHigh;AcceptanceAccepted"
768,"2026-04-17 09:35:00",77.54,77.6,77.21,77.33,1162,"HHHL","Red","Down",0.1,0.1,0.39,"Down",0.35,0.21,"Down",0.4,0.307692,0.948718,True,True,True,False,"Falling","Absent","Clustered","Local","Contained","Minor","BreaksPriorHigh;CloseInsidePriorRange;CloseInsidePriorBody;DissipationLocal;AcceptanceContained;CompressionClustered"
769,"2026-04-17 09:40:00",77.32,77.41,77.12,77.21,1124,"LLLH","Red","Down",0.1,0.1,0.29,"Down",0.05,0.11,"Down",0.25,0.310345,0.689655,True,False,False,True,"Falling","Absent","Local","Local","Contained","Minor","BreaksPriorLow;CloseInsidePriorRange;DissipationLocal;AcceptanceContained;CompressionLocal"
770,"2026-04-17 09:45:00",77.22,77.29,77.09,77.15,663,"LLLH","Red","Down",0.05,0.04,0.2,"Down",0.05,0.07,"Down",0.15,0.3,0.85,True,False,False,True,"Falling","Absent","Clustered","Local","Contained","Minor","BreaksPriorLow;CloseInsidePriorRange;DissipationLocal;AcceptanceContained;CompressionClustered"
771,"2026-04-17 09:50:00",77.16,77.22,77.03,77.11,677,"LLLH","Red","Up",0.1,0.06,0.19,"Down",0.05,0.05,"Down",0.15,0.421053,0.684211,True,False,False,True,"Rising","Absent","Local","Local","Contained","Minor","BreaksPriorLow;CloseInsidePriorRange;DissipationLocal;AcceptanceContained;CompressionLocal"
772,"2026-04-17 09:55:00",77.12,77.27,76.99,77.13,720,"OutsideBar","Black","Up",0.15,0.06,0.28,"Up",0.15,0.01,"Down",0.1,0.5,0.678571,True,True,True,True,"Rising","Local","Local","Absent","Contained","Minor","BreaksPriorHigh;BreaksPriorLow;CloseInsidePriorRange;CloseInsidePriorBody;AcceptanceContained;CompressionLocal"
773,"2026-04-17 10:00:00",77.12,77.23,77.05,77.12,597,"InsideBar","Neutral","Down",0.05,0.02,0.18,"Down",0.05,0,"Down",0.1,0.388889,1,True,True,False,False,"Falling","Absent","Clustered","Absent","Unresolved","Minor","CloseInsidePriorRange;CloseInsidePriorBody;CompressionClustered"
774,"2026-04-17 10:05:00",77.11,77.67,77.04,77.49,2134,"OutsideBar","Black","Up",0.75,0.3,0.63,"Up",1,0.38,"Up",0.95,0.714286,0.285714,False,False,True,True,"Rising","Climactic","Absent","Absent","Accepted","Structural","RangePeak20;RangeClimactic20;BreaksPriorHigh;BreaksPriorLow;AcceptanceAccepted"
775,"2026-04-17 10:10:00",77.48,78.15,77.39,77.83,2021,"HHHL","Black","Down",0.65,0.26,0.76,"Up",1,0.35,"Down",0.85,0.578947,0.368421,False,False,True,False,"Falling","Climactic","Absent","Local","Accepted","Structural","RangePeak20;RangeClimactic20;BreaksPriorHigh;DissipationLocal;AcceptanceAccepted"
776,"2026-04-17 10:15:00",77.82,77.96,77.56,77.64,1469,"InsideBar","Red","Down",0.6,0.24,0.4,"Down",0.6,0.18,"Down",0.55,0.2,1,True,True,False,False,"Falling","Absent","Clustered","Absent","Unresolved","Moderate","CloseInsidePriorRange;CloseInsidePriorBody;CompressionClustered"
777,"2026-04-17 10:20:00",77.63,77.88,77.55,77.81,1264,"LLLH","Black","Down",0.45,0.18,0.33,"Down",0.35,0.18,"Up",0.55,0.787879,0.969697,True,True,False,True,"Falling","Absent","Clustered","Local","Contained","Minor","BreaksPriorLow;CloseInsidePriorRange;CloseInsidePriorBody;DissipationLocal;AcceptanceContained;CompressionClustered"
778,"2026-04-17 10:25:00",77.84,78.67,77.82,78.58,2551,"HHHL","Black","Up",0.95,0.42,0.85,"Up",1,0.74,"Up",1,0.894118,0.070588,False,False,True,False,"Peak","Climactic","Absent","Absent","Accepted","Structural","VolumePeak20;RangePeak20;RangeClimactic20;BreaksPriorHigh;AcceptanceAccepted"
779,"2026-04-17 10:30:00",78.56,78.66,78.32,78.53,2595,"InsideBar","Red","Up",0.95,0.46,0.34,"Down",0.45,0.03,"Down",0.2,0.617647,1,True,True,False,False,"Peak","Absent","Clustered","Local","Unresolved","Major","VolumePeak20;CloseInsidePriorRange;CloseInsidePriorBody;DissipationLocal;CompressionClustered"
780,"2026-04-17 10:35:00",78.54,78.6,78.32,78.42,1046,"InsideBar","Red","Down",0.3,0.12,0.28,"Down",0.25,0.12,"Up",0.45,0.357143,1,True,False,False,False,"Falling","Absent","Clustered","Absent","Unresolved","Minor","CloseInsidePriorRange;CompressionClustered"
781,"2026-04-17 10:40:00",78.42,78.73,78.24,78.49,1353,"OutsideBar","Black","Up",0.55,0.22,0.49,"Up",0.75,0.07,"Down",0.3,0.510204,0.571429,True,True,True,True,"Rising","Local","Local","Absent","Contained","Moderate","BreaksPriorHigh;BreaksPriorLow;CloseInsidePriorRange;CloseInsidePriorBody;AcceptanceContained;CompressionLocal"
782,"2026-04-17 10:45:00",78.5,78.58,78.22,78.29,1069,"LLLH","Red","Down",0.35,0.14,0.36,"Down",0.55,0.21,"Up",0.65,0.194444,0.944444,True,False,False,True,"Falling","Absent","Clustered","Local","Contained","Minor","BreaksPriorLow;CloseInsidePriorRange;DissipationLocal;AcceptanceContained;CompressionClustered"
783,"2026-04-17 10:50:00",78.29,78.34,77.8,77.96,1784,"LLLH","Red","Up",0.8,0.36,0.54,"Up",0.85,0.33,"Up",0.75,0.296296,0.222222,False,False,False,True,"Peak","Strong","Absent","Absent","Accepted","Major","VolumePeak20;RangePeak20;BreaksPriorLow;AcceptanceAccepted"
784,"2026-04-17 10:55:00",77.96,78.1,77.89,77.95,946,"InsideBar","Red","Down",0.25,0.1,0.21,"Down",0.2,0.01,"Down",0.15,0.285714,1,True,False,False,False,"Falling","Absent","Clustered","Absent","Unresolved","Minor","CloseInsidePriorRange;CompressionClustered"
785,"2026-04-17 11:00:00",77.94,77.94,77.58,77.61,1428,"LLLH","Red","Up",0.7,0.32,0.36,"Up",0.55,0.33,"Up",0.7,0.083333,0.138889,False,False,False,True,"Rising","Local","Absent","Absent","Accepted","Moderate","BreaksPriorLow;AcceptanceAccepted"
786,"2026-04-17 11:05:00",77.61,77.98,77.55,77.98,1344,"OutsideBar","Black","Down",0.55,0.26,0.43,"Up",0.7,0.37,"Up",0.85,1,0.837209,False,False,True,True,"Falling","Local","Absent","Local","Accepted","Moderate","BreaksPriorHigh;BreaksPriorLow;DissipationLocal;AcceptanceAccepted"
787,"2026-04-17 11:10:00",77.98,78.34,77.89,78.27,1278,"HHHL","Black","Down",0.55,0.26,0.45,"Up",0.75,0.29,"Down",0.7,0.844444,0.2,False,False,True,False,"Falling","Local","Absent","Local","Accepted","Moderate","BreaksPriorHigh;DissipationLocal;AcceptanceAccepted"
788,"2026-04-17 11:15:00",78.27,78.67,78.25,78.65,1721,"HHHL","Black","Up",0.75,0.44,0.42,"Down",0.65,0.38,"Up",0.95,0.952381,0.214286,False,False,True,False,"Rising","Absent","Absent","Local","Accepted","Moderate","BreaksPriorHigh;DissipationLocal;AcceptanceAccepted"
789,"2026-04-17 11:20:00",78.66,78.72,78.22,78.49,2516,"OutsideBar","Red","Up",0.9,0.58,0.5,"Up",0.8,0.17,"Down",0.45,0.54,0.84,True,True,True,True,"Peak","Strong","Local","Absent","Contained","Major","VolumePeak20;RangePeak20;BreaksPriorHigh;BreaksPriorLow;CloseInsidePriorRange;CloseInsidePriorBody;AcceptanceContained;CompressionLocal"
790,"2026-04-17 11:25:00",78.5,78.57,77.62,77.71,2965,"LLLH","Red","Up",1,0.74,0.95,"Up",1,0.79,"Up",1,0.094737,0.368421,False,False,False,True,"Peak","Climactic","Absent","Absent","Accepted","Structural","VolumePeak20;RangePeak20;RangeClimactic20;BreaksPriorLow;AcceptanceAccepted"
791,"2026-04-17 11:30:00",77.71,78.67,77.53,78.66,7564,"OutsideBar","Black","Up",1,1,1.14,"Up",1,0.95,"Up",1,0.991228,0.833333,False,False,True,True,"Climactic","Climactic","Absent","Absent","Accepted","SessionDefining","VolumePeak20;VolumeClimactic50;RangePeak20;RangeClimactic20;BreaksPriorHigh;BreaksPriorLow;AcceptanceAccepted"
792,"2026-04-20 06:05:00",82.74,83.22,82.71,83.01,2652,"HHHL","Black","Down",0.9,0.7,0.51,"Down",0.7,0.27,"Down",0.5,0.588235,0,False,False,True,False,"Peak","Absent","Absent","Local","Accepted","Major","VolumePeak20;BreaksPriorHigh;DissipationLocal;AcceptanceAccepted"
793,"2026-04-20 06:10:00",83.02,83.04,81.67,82.1,5376,"LLLH","Red","Up",0.95,0.96,1.37,"Up",1,0.92,"Up",0.95,0.313869,0.240876,False,False,False,True,"Climactic","Climactic","Absent","Absent","Accepted","SessionDefining","VolumePeak20;VolumeClimactic50;RangePeak20;RangeClimactic20;BreaksPriorLow;AcceptanceAccepted"
794,"2026-04-20 06:15:00",82.1,82.3,81.9,82.21,2410,"InsideBar","Black","Down",0.65,0.58,0.4,"Down",0.4,0.11,"Down",0.2,0.775,1,True,True,False,False,"Falling","Absent","Clustered","Absent","Unresolved","Moderate","CloseInsidePriorRange;CloseInsidePriorBody;CompressionClustered"
795,"2026-04-20 06:20:00",82.18,82.36,81.9,82.12,1498,"OutsideBar","Red","Down",0.5,0.42,0.46,"Up",0.6,0.06,"Down",0.15,0.478261,0.869565,True,True,True,False,"Falling","Local","Local","Local","Contained","Moderate","BreaksPriorHigh;CloseInsidePriorRange;CloseInsidePriorBody;DissipationLocal;AcceptanceContained;CompressionLocal"
796,"2026-04-20 06:25:00",82.11,82.28,81.78,81.99,2129,"LLLH","Red","Up",0.6,0.54,0.5,"Up",0.7,0.12,"Up",0.35,0.42,0.76,True,False,False,True,"Rising","Local","Local","Absent","Contained","Moderate","BreaksPriorLow;CloseInsidePriorRange;AcceptanceContained;CompressionLocal"
797,"2026-04-20 06:30:00",81.98,82.1,81.43,81.57,2812,"LLLH","Red","Up",0.85,0.78,0.67,"Up",0.8,0.41,"Up",0.8,0.208955,0.477612,False,False,False,True,"Peak","Strong","Absent","Absent","Accepted","Major","VolumePeak20;RangePeak20;BreaksPriorLow;AcceptanceAccepted"
798,"2026-04-20 06:35:00",81.57,81.69,81.21,81.45,3088,"LLLH","Red","Up",0.9,0.86,0.48,"Down",0.55,0.12,"Down",0.3,0.5,0.541667,True,False,False,True,"Peak","Absent","Local","Local","Contained","Major","VolumePeak20;BreaksPriorLow;CloseInsidePriorRange;DissipationLocal;AcceptanceContained;CompressionLocal"
799,"2026-04-20 06:40:00",81.46,82.13,81.29,82.09,2353,"HHHL","Black","Down",0.6,0.62,0.84,"Up",0.85,0.63,"Up",0.85,0.952381,0.47619,False,False,True,False,"Falling","Strong","Absent","Local","Accepted","Major","RangePeak20;BreaksPriorHigh;DissipationLocal;AcceptanceAccepted"
800,"2026-04-20 06:45:00",82.1,82.19,81.44,81.52,2310,"HHHL","Red","Down",0.55,0.62,0.75,"Down",0.8,0.58,"Down",0.8,0.106667,0.92,True,True,True,False,"Falling","Strong","Clustered","Local","Contained","Major","RangePeak20;BreaksPriorHigh;CloseInsidePriorRange;CloseInsidePriorBody;DissipationLocal;AcceptanceContained;CompressionClustered"
801,"2026-04-20 06:50:00",81.53,81.91,81.52,81.81,1642,"InsideBar","Black","Down",0.35,0.46,0.39,"Down",0.2,0.28,"Down",0.45,0.74359,1,True,True,False,False,"Falling","Absent","Clustered","Absent","Unresolved","Minor","CloseInsidePriorRange;CloseInsidePriorBody;CompressionClustered"
802,"2026-04-20 06:55:00",81.79,81.92,81.62,81.78,1148,"HHHL","Red","Down",0.1,0.2,0.3,"Down",0.1,0.01,"Down",0.1,0.533333,0.966667,True,True,True,False,"Falling","Absent","Clustered","Local","Contained","Minor","BreaksPriorHigh;CloseInsidePriorRange;CloseInsidePriorBody;DissipationLocal;AcceptanceContained;CompressionClustered"
803,"2026-04-20 07:00:00",81.79,81.91,81.61,81.72,788,"LLLH","Red","Down",0.05,0.1,0.3,"Flat",0.15,0.07,"Up",0.2,0.366667,0.966667,True,False,False,True,"Falling","Absent","Clustered","Local","Contained","Minor","BreaksPriorLow;CloseInsidePriorRange;DissipationLocal;AcceptanceContained;CompressionClustered"
804,"2026-04-20 07:05:00",81.73,82.13,81.7,81.92,1517,"HHHL","Black","Up",0.35,0.48,0.43,"Up",0.35,0.19,"Up",0.4,0.511628,0.488372,False,False,True,False,"Rising","Local","Absent","Absent","Accepted","Minor","BreaksPriorHigh;AcceptanceAccepted"
805,"2026-04-20 07:10:00",81.91,82.22,81.83,82.11,1283,"HHHL","Black","Down",0.2,0.32,0.39,"Down",0.2,0.2,"Up",0.45,0.717949,0.769231,True,False,True,False,"Falling","Absent","Local","Local","Contained","Minor","BreaksPriorHigh;CloseInsidePriorRange;DissipationLocal;AcceptanceContained;CompressionLocal"
806,"2026-04-20 07:15:00",82.11,82.52,82.04,82.11,2040,"HHHL","Neutral","Up",0.45,0.62,0.48,"Up",0.5,0,"Down",0.05,0.145833,0.375,True,True,True,False,"Rising","Local","Local","Absent","Contained","Minor","BreaksPriorHigh;CloseInsidePriorRange;CloseInsidePriorBody;AcceptanceContained;CompressionLocal"
807,"2026-04-20 07:20:00",82.11,82.34,81.94,82,1364,"LLLH","Red","Down",0.2,0.38,0.4,"Down",0.3,0.11,"Up",0.3,0.15,0.75,False,False,False,True,"Falling","Absent","Absent","Local","Accepted","Minor","BreaksPriorLow;DissipationLocal;AcceptanceAccepted"
808,"2026-04-20 07:25:00",81.99,82.08,81.74,81.86,1253,"LLLH","Red","Down",0.15,0.28,0.34,"Down",0.15,0.13,"Up",0.45,0.352941,0.411765,False,False,False,True,"Falling","Absent","Absent","Local","Accepted","Minor","BreaksPriorLow;DissipationLocal;AcceptanceAccepted"
809,"2026-04-20 07:30:00",81.86,82.2,81.82,81.97,970,"HHHL","Black","Down",0.1,0.16,0.38,"Up",0.2,0.11,"Down",0.35,0.394737,0.684211,True,True,True,False,"Falling","Local","Local","Local","Contained","Minor","BreaksPriorHigh;CloseInsidePriorRange;CloseInsidePriorBody;DissipationLocal;AcceptanceContained;CompressionLocal"
810,"2026-04-20 07:35:00",81.99,82.15,81.75,82,1137,"LLLH","Black","Up",0.15,0.24,0.4,"Up",0.45,0.01,"Down",0.15,0.625,0.825,True,False,False,True,"Rising","Local","Local","Absent","Contained","Minor","BreaksPriorLow;CloseInsidePriorRange;AcceptanceContained;CompressionLocal"
811,"2026-04-20 07:40:00",81.99,82.38,81.95,82.36,1069,"HHHL","Black","Down",0.15,0.22,0.43,"Up",0.55,0.37,"Up",0.8,0.953488,0.465116,False,False,True,False,"Falling","Local","Absent","Local","Accepted","Minor","BreaksPriorHigh;DissipationLocal;AcceptanceAccepted"
812,"2026-04-20 07:45:00",82.36,82.65,82.35,82.39,1700,"HHHL","Black","Up",0.6,0.64,0.3,"Down",0.15,0.03,"Down",0.2,0.133333,0.1,False,False,True,False,"Rising","Absent","Absent","Local","Accepted","Moderate","BreaksPriorHigh;DissipationLocal;AcceptanceAccepted"
813,"2026-04-20 07:50:00",82.39,82.61,82.34,82.46,759,"LLLH","Black","Down",0.05,0.1,0.27,"Down",0.05,0.07,"Up",0.3,0.444444,0.962963,True,False,False,True,"Falling","Absent","Clustered","Local","Contained","Minor","BreaksPriorLow;CloseInsidePriorRange;DissipationLocal;AcceptanceContained;CompressionClustered"
814,"2026-04-20 07:55:00",82.44,83.6,82.4,82.96,5979,"HHHL","Black","Up",1,0.98,1.2,"Up",1,0.52,"Up",0.9,0.466667,0.175,False,False,True,False,"Climactic","Climactic","Absent","Absent","Accepted","SessionDefining","VolumePeak20;VolumeClimactic50;RangePeak20;RangeClimactic20;BreaksPriorHigh;AcceptanceAccepted"
815,"2026-04-20 08:00:00",82.96,83.14,82.86,83.05,1643,"InsideBar","Black","Down",0.6,0.6,0.28,"Down",0.1,0.09,"Down",0.35,0.678571,1,True,False,False,False,"Falling","Absent","Clustered","Absent","Unresolved","Moderate","CloseInsidePriorRange;CompressionClustered"
816,"2026-04-20 08:05:00",83.04,83.27,82.81,83.13,2239,"OutsideBar","Black","Up",0.75,0.74,0.46,"Up",0.7,0.09,"Down",0.35,0.695652,0.608696,True,False,True,True,"Rising","Local","Local","Absent","Contained","Moderate","BreaksPriorHigh;BreaksPriorLow;CloseInsidePriorRange;AcceptanceContained;CompressionLocal"
817,"2026-04-20 08:10:00",83.12,83.25,82.99,83.19,1304,"InsideBar","Black","Down",0.45,0.4,0.26,"Down",0.05,0.07,"Down",0.3,0.769231,1,True,False,False,False,"Falling","Absent","Clustered","Absent","Unresolved","Minor","CloseInsidePriorRange;CompressionClustered"
818,"2026-04-20 08:15:00",83.21,83.27,82.92,82.95,1188,"OutsideBar","Red","Down",0.35,0.3,0.35,"Up",0.4,0.26,"Up",0.75,0.085714,0.742857,False,False,True,True,"Falling","Local","Absent","Local","Accepted","Minor","BreaksPriorHigh;BreaksPriorLow;DissipationLocal;AcceptanceAccepted"
819,"2026-04-20 08:20:00",82.96,83.24,82.88,83.23,1198,"LLLH","Black","Up",0.4,0.3,0.36,"Up",0.45,0.27,"Up",0.8,0.972222,0.888889,True,False,False,True,"Rising","Local","Local","Absent","Contained","Minor","BreaksPriorLow;CloseInsidePriorRange;AcceptanceContained;CompressionLocal"
820,"2026-04-20 08:25:00",83.23,83.25,82.33,82.52,4183,"OutsideBar","Red","Up",0.95,0.94,0.92,"Up",0.95,0.71,"Up",1,0.206522,0.391304,False,False,True,True,"Peak","Climactic","Absent","Absent","Accepted","Structural","VolumePeak20;RangePeak20;RangeClimactic20;BreaksPriorHigh;BreaksPriorLow;AcceptanceAccepted"
821,"2026-04-20 08:30:00",82.51,82.71,82.23,82.28,3099,"LLLH","Red","Down",0.9,0.92,0.48,"Down",0.9,0.23,"Down",0.75,0.104167,0.791667,False,False,False,True,"Peak","Strong","Absent","Local","Accepted","Structural","VolumePeak20;RangePeak20;BreaksPriorLow;DissipationLocal;AcceptanceAccepted"
822,"2026-04-20 08:35:00",82.29,82.74,82.25,82.7,2100,"HHHL","Black","Down",0.8,0.64,0.49,"Up",0.9,0.41,"Up",0.9,0.918367,0.938776,True,False,True,False,"Peak","Strong","Local","Local","Contained","Structural","VolumePeak20;RangePeak20;BreaksPriorHigh;CloseInsidePriorRange;DissipationLocal;AcceptanceContained;CompressionLocal"
823,"2026-04-20 08:40:00",82.72,83.18,82.64,83.15,1244,"HHHL","Black","Down",0.35,0.24,0.54,"Up",0.9,0.43,"Up",0.9,0.944444,0.185185,False,False,True,False,"Falling","Strong","Absent","Local","Accepted","Structural","RangePeak20;LowVolumeHighRange;BreaksPriorHigh;DissipationLocal;AcceptanceAccepted"
824,"2026-04-20 08:45:00",83.14,83.18,82.71,82.83,1112,"InsideBar","Red","Down",0.2,0.16,0.47,"Down",0.7,0.31,"Down",0.75,0.255319,1,True,True,False,False,"Falling","Absent","Clustered","Absent","Unresolved","Moderate","CloseInsidePriorRange;CloseInsidePriorBody;CompressionClustered"
825,"2026-04-20 08:50:00",82.81,82.97,82.77,82.85,596,"InsideBar","Black","Down",0.05,0.02,0.2,"Down",0.05,0.04,"Down",0.2,0.4,1,True,True,False,False,"Falling","Absent","Clustered","Absent","Unresolved","Minor","CloseInsidePriorRange;CloseInsidePriorBody;CompressionClustered"
826,"2026-04-20 08:55:00",82.87,83.22,82.87,83.19,895,"HHHL","Black","Up",0.15,0.08,0.35,"Up",0.4,0.32,"Up",0.75,0.914286,0.285714,False,False,True,False,"Rising","Local","Absent","Absent","Accepted","Minor","BreaksPriorHigh;AcceptanceAccepted"
827,"2026-04-20 09:00:00",83.2,83.21,82.96,83.09,554,"InsideBar","Red","Down",0.05,0.02,0.25,"Down",0.1,0.11,"Down",0.45,0.52,1,True,True,False,False,"Falling","Absent","Clustered","Absent","Unresolved","Minor","CloseInsidePriorRange;CloseInsidePriorBody;CompressionClustered"
828,"2026-04-20 09:05:00",83.08,83.44,83.01,83.34,1692,"HHHL","Black","Up",0.7,0.58,0.43,"Up",0.65,0.26,"Up",0.6,0.767442,0.465116,False,False,True,False,"Rising","Local","Absent","Absent","Accepted","Moderate","BreaksPriorHigh;AcceptanceAccepted"
829,"2026-04-20 09:10:00",83.33,83.36,83.14,83.17,830,"InsideBar","Red","Down",0.2,0.1,0.22,"Down",0.1,0.16,"Down",0.45,0.136364,1,True,True,False,False,"Falling","Absent","Clustered","Absent","Unresolved","Minor","CloseInsidePriorRange;CloseInsidePriorBody;CompressionClustered"
830,"2026-04-20 09:15:00",83.18,83.23,83.05,83.2,780,"LLLH","Black","Down",0.2,0.08,0.18,"Down",0.05,0.02,"Down",0.05,0.833333,0.5,True,True,False,True,"Falling","Absent","Local","Local","Contained","Minor","BreaksPriorLow;CloseInsidePriorRange;CloseInsidePriorBody;DissipationLocal;AcceptanceContained;CompressionLocal"
831,"2026-04-20 09:20:00",83.21,83.34,83.12,83.12,514,"HHHL","Red","Down",0.05,0.02,0.22,"Up",0.2,0.09,"Up",0.35,0,0.5,True,False,True,False,"Falling","Local","Local","Local","Contained","Minor","BreaksPriorHigh;CloseInsidePriorRange;DissipationLocal;AcceptanceContained;CompressionLocal"
832,"2026-04-20 09:25:00",83.11,83.16,82.91,83.12,667,"LLLH","Black","Up",0.2,0.08,0.25,"Up",0.3,0.01,"Down",0.05,0.84,0.16,True,True,False,True,"Rising","Local","Local","Absent","Contained","Minor","BreaksPriorLow;CloseInsidePriorRange;CloseInsidePriorBody;AcceptanceContained;CompressionLocal"
833,"2026-04-20 09:30:00",83.12,83.12,82.9,83.04,468,"LLLH","Red","Down",0.05,0.02,0.22,"Down",0.25,0.08,"Up",0.25,0.636364,0.954545,True,False,False,True,"Falling","Absent","Clustered","Local","Contained","Minor","BreaksPriorLow;CloseInsidePriorRange;DissipationLocal;AcceptanceContained;CompressionClustered"
834,"2026-04-20 09:35:00",83.05,83.06,82.84,82.99,1017,"LLLH","Red","Up",0.45,0.24,0.22,"Flat",0.3,0.06,"Down",0.2,0.681818,0.727273,True,False,False,True,"Rising","Absent","Local","Absent","Contained","Minor","BreaksPriorLow;CloseInsidePriorRange;AcceptanceContained;CompressionLocal"
835,"2026-04-20 09:40:00",83.01,83.2,82.99,83.19,567,"HHHL","Black","Down",0.2,0.08,0.21,"Down",0.15,0.18,"Up",0.55,0.952381,0.333333,False,False,True,False,"Falling","Absent","Absent","Local","Accepted","Minor","BreaksPriorHigh;DissipationLocal;AcceptanceAccepted"
836,"2026-04-20 09:45:00",83.17,83.27,82.95,83.19,857,"OutsideBar","Black","Up",0.45,0.22,0.32,"Up",0.55,0.02,"Down",0.15,0.75,0.65625,True,True,True,True,"Rising","Local","Local","Absent","Contained","Minor","BreaksPriorHigh;BreaksPriorLow;CloseInsidePriorRange;CloseInsidePriorBody;AcceptanceContained;CompressionLocal"
837,"2026-04-20 09:50:00",83.19,83.25,82.99,82.99,352,"InsideBar","Red","Down",0.05,0.02,0.26,"Down",0.5,0.2,"Up",0.55,0,1,True,False,False,False,"Falling","Absent","Clustered","Absent","Unresolved","Minor","CloseInsidePriorRange;CompressionClustered"
838,"2026-04-20 09:55:00",82.99,83,82.78,82.86,671,"LLLH","Red","Up",0.4,0.16,0.22,"Down",0.4,0.13,"Down",0.45,0.363636,0.045455,False,False,False,True,"Rising","Absent","Absent","Local","Accepted","Minor","BreaksPriorLow;DissipationLocal;AcceptanceAccepted"
839,"2026-04-20 10:00:00",82.87,83.06,82.86,83.03,619,"HHHL","Black","Down",0.35,0.14,0.2,"Down",0.15,0.16,"Up",0.55,0.85,0.7,False,False,True,False,"Falling","Absent","Absent","Local","Accepted","Minor","BreaksPriorHigh;DissipationLocal;AcceptanceAccepted"
840,"2026-04-20 10:05:00",83.04,83.25,82.84,82.98,1647,"OutsideBar","Red","Up",0.85,0.66,0.41,"Up",0.75,0.06,"Down",0.3,0.341463,0.487805,True,True,True,True,"Peak","Local","Local","Absent","Contained","Major","VolumePeak20;BreaksPriorHigh;BreaksPriorLow;CloseInsidePriorRange;CloseInsidePriorBody;AcceptanceContained;CompressionLocal"
841,"2026-04-20 10:10:00",82.98,83.08,82.87,83,665,"InsideBar","Black","Down",0.4,0.16,0.21,"Down",0.2,0.02,"Down",0.2,0.619048,1,True,True,False,False,"Falling","Absent","Clustered","Absent","Unresolved","Minor","CloseInsidePriorRange;CloseInsidePriorBody;CompressionClustered"
842,"2026-04-20 10:15:00",83,83.1,82.84,82.89,599,"OutsideBar","Red","Down",0.35,0.14,0.26,"Up",0.65,0.11,"Up",0.55,0.192308,0.807692,True,False,True,True,"Falling","Local","Local","Local","Contained","Moderate","BreaksPriorHigh;BreaksPriorLow;CloseInsidePriorRange;DissipationLocal;AcceptanceContained;CompressionLocal"
843,"2026-04-20 10:20:00",82.9,83.06,82.89,83.02,650,"InsideBar","Black","Up",0.45,0.18,0.17,"Down",0.05,0.12,"Up",0.6,0.764706,1,True,False,False,False,"Rising","Absent","Clustered","Local","Unresolved","Minor","CloseInsidePriorRange;DissipationLocal;CompressionClustered"
844,"2026-04-20 10:25:00",83.04,83.38,83.04,83.37,1142,"HHHL","Black","Up",0.9,0.48,0.34,"Up",0.85,0.33,"Up",1,0.970588,0.058824,False,False,True,False,"Peak","Strong","Absent","Absent","Accepted","Major","VolumePeak20;RangePeak20;BreaksPriorHigh;AcceptanceAccepted"
845,"2026-04-20 10:30:00",83.37,83.51,83.36,83.5,1209,"HHHL","Black","Up",0.9,0.56,0.15,"Down",0.05,0.13,"Down",0.65,0.933333,0.133333,False,False,True,False,"Peak","Absent","Absent","Local","Accepted","Major","VolumePeak20;HighVolumeLowRange;BreaksPriorHigh;DissipationLocal;AcceptanceAccepted"
846,"2026-04-20 10:35:00",83.5,83.72,83.46,83.72,1899,"HHHL","Black","Up",1,0.8,0.26,"Up",0.8,0.22,"Up",0.9,1,0.192308,False,False,True,False,"Peak","Strong","Absent","Absent","Accepted","Major","VolumePeak20;RangePeak20;BreaksPriorHigh;AcceptanceAccepted"
847,"2026-04-20 10:40:00",83.72,83.74,83.04,83.07,2332,"OutsideBar","Red","Up",1,0.9,0.7,"Up",1,0.65,"Up",1,0.042857,0.371429,False,False,True,True,"Peak","Climactic","Absent","Absent","Accepted","Structural","VolumePeak20;RangePeak20;RangeClimactic20;BreaksPriorHigh;BreaksPriorLow;AcceptanceAccepted"
848,"2026-04-20 10:45:00",83.1,83.24,82.94,82.96,1222,"LLLH","Red","Down",0.85,0.58,0.3,"Down",0.8,0.14,"Down",0.65,0.066667,0.666667,False,False,False,True,"Peak","Strong","Absent","Local","Accepted","Major","VolumePeak20;RangePeak20;BreaksPriorLow;DissipationLocal;AcceptanceAccepted"
849,"2026-04-20 10:50:00",82.97,83.16,82.92,83.02,425,"LLLH","Black","Down",0.1,0.04,0.24,"Down",0.55,0.05,"Down",0.25,0.416667,0.916667,True,True,False,True,"Falling","Absent","Clustered","Local","Contained","Minor","BreaksPriorLow;CloseInsidePriorRange;CloseInsidePriorBody;DissipationLocal;AcceptanceContained;CompressionClustered"
850,"2026-04-20 10:55:00",83.03,83.16,83,83.11,418,"InsideBar","Black","Down",0.1,0.04,0.16,"Down",0.1,0.08,"Up",0.4,0.6875,1,True,False,False,False,"Falling","Absent","Clustered","Absent","Unresolved","Minor","CloseInsidePriorRange;CompressionClustered"
851,"2026-04-20 11:00:00",83.12,83.36,83.11,83.27,812,"HHHL","Black","Up",0.6,0.36,0.25,"Up",0.6,0.15,"Up",0.7,0.64,0.2,False,False,True,False,"Rising","Local","Absent","Absent","Accepted","Moderate","BreaksPriorHigh;AcceptanceAccepted"
852,"2026-04-20 11:05:00",83.26,83.32,83.09,83.14,702,"LLLH","Red","Down",0.55,0.3,0.23,"Down",0.5,0.12,"Down",0.5,0.217391,0.913043,True,True,False,True,"Falling","Absent","Clustered","Local","Contained","Minor","BreaksPriorLow;CloseInsidePriorRange;CloseInsidePriorBody;DissipationLocal;AcceptanceContained;CompressionClustered"
853,"2026-04-20 11:10:00",83.14,83.24,82.91,83.03,1503,"LLLH","Red","Up",0.85,0.74,0.33,"Up",0.85,0.11,"Down",0.4,0.363636,0.454545,False,False,False,True,"Peak","Strong","Absent","Absent","Accepted","Major","VolumePeak20;RangePeak20;BreaksPriorLow;AcceptanceAccepted"
854,"2026-04-20 11:15:00",83.02,83.52,83.01,83.13,1645,"HHHL","Black","Up",0.85,0.78,0.51,"Up",0.95,0.11,"Flat",0.4,0.235294,0.45098,True,True,True,False,"Peak","Climactic","Local","Absent","Contained","Structural","VolumePeak20;RangePeak20;RangeClimactic20;BreaksPriorHigh;CloseInsidePriorRange;CloseInsidePriorBody;AcceptanceContained;CompressionLocal"
855,"2026-04-20 11:20:00",83.15,83.17,82.81,82.86,1097,"LLLH","Red","Down",0.6,0.5,0.36,"Down",0.85,0.29,"Up",0.9,0.138889,0.444444,False,False,False,True,"Falling","Strong","Absent","Local","Accepted","Major","RangePeak20;BreaksPriorLow;DissipationLocal;AcceptanceAccepted"
856,"2026-04-20 11:25:00",82.84,82.96,82.73,82.8,1165,"LLLH","Red","Up",0.65,0.58,0.23,"Down",0.4,0.04,"Down",0.1,0.304348,0.652174,False,False,False,True,"Rising","Absent","Absent","Local","Accepted","Moderate","BreaksPriorLow;DissipationLocal;AcceptanceAccepted"
857,"2026-04-20 11:30:00",82.76,83.32,82.74,83.11,4969,"HHHL","Black","Up",1,0.98,0.58,"Up",0.95,0.35,"Up",0.95,0.637931,0.37931,False,False,True,False,"Climactic","Climactic","Absent","Absent","Accepted","SessionDefining","VolumePeak20;VolumeClimactic50;RangePeak20;RangeClimactic20;BreaksPriorHigh;AcceptanceAccepted"
858,"2026-04-21 06:05:00",83.11,83.12,82.82,82.91,1426,"InsideBar","Red","Down",0.7,0.72,0.3,"Down",0.65,0.2,"Down",0.75,0.3,1,True,True,False,False,"Falling","Absent","Clustered","Absent","Unresolved","Moderate","CloseInsidePriorRange;CloseInsidePriorBody;CompressionClustered"
859,"2026-04-21 06:10:00",82.91,83.02,82.77,82.84,845,"LLLH","Red","Down",0.4,0.4,0.25,"Down",0.45,0.07,"Down",0.25,0.28,0.8,True,False,False,True,"Falling","Absent","Clustered","Local","Contained","Minor","BreaksPriorLow;CloseInsidePriorRange;DissipationLocal;AcceptanceContained;CompressionClustered"
860,"2026-04-21 06:15:00",82.86,82.94,82.72,82.9,945,"LLLH","Black","Up",0.45,0.46,0.22,"Down",0.25,0.04,"Down",0.15,0.818182,0.772727,True,True,False,True,"Rising","Absent","Local","Local","Contained","Minor","BreaksPriorLow;CloseInsidePriorRange;CloseInsidePriorBody;DissipationLocal;AcceptanceContained;CompressionLocal"
861,"2026-04-21 06:20:00",82.9,83,82.79,83,958,"HHHL","Black","Up",0.45,0.48,0.21,"Down",0.2,0.1,"Up",0.3,1,0.714286,False,False,True,False,"Rising","Absent","Absent","Local","Accepted","Minor","BreaksPriorHigh;DissipationLocal;AcceptanceAccepted"
862,"2026-04-21 06:25:00",82.99,83.06,82.31,82.74,2022,"OutsideBar","Red","Up",0.9,0.86,0.75,"Up",1,0.25,"Up",0.8,0.573333,0.28,False,False,True,True,"Peak","Climactic","Absent","Absent","Accepted","Structural","VolumePeak20;RangePeak20;RangeClimactic20;BreaksPriorHigh;BreaksPriorLow;AcceptanceAccepted"
863,"2026-04-21 06:30:00",82.74,82.93,82.68,82.71,817,"InsideBar","Red","Down",0.25,0.36,0.25,"Down",0.5,0.03,"Down",0.05,0.12,1,True,False,False,False,"Falling","Absent","Clustered","Absent","Unresolved","Minor","CloseInsidePriorRange;CompressionClustered"
864,"2026-04-21 06:35:00",82.71,82.83,82.5,82.62,1047,"LLLH","Red","Up",0.45,0.52,0.33,"Up",0.75,0.09,"Up",0.35,0.363636,0.454545,False,False,False,True,"Rising","Local","Absent","Absent","Accepted","Moderate","BreaksPriorLow;AcceptanceAccepted"
865,"2026-04-21 06:40:00",82.6,82.87,82.56,82.83,834,"HHHL","Black","Down",0.3,0.4,0.31,"Down",0.65,0.23,"Up",0.8,0.870968,0.870968,True,False,True,False,"Falling","Absent","Clustered","Local","Contained","Moderate","BreaksPriorHigh;CloseInsidePriorRange;DissipationLocal;AcceptanceContained;CompressionClustered"
866,"2026-04-21 06:45:00",82.81,82.93,82.59,82.76,938,"HHHL","Red","Up",0.4,0.48,0.34,"Up",0.75,0.05,"Down",0.25,0.5,0.823529,True,True,True,False,"Rising","Local","Local","Absent","Contained","Moderate","BreaksPriorHigh;CloseInsidePriorRange;CloseInsidePriorBody;AcceptanceContained;CompressionLocal"
867,"2026-04-21 06:50:00",82.74,82.78,82.43,82.53,1456,"LLLH","Red","Up",0.8,0.78,0.35,"Up",0.8,0.21,"Up",0.8,0.285714,0.542857,False,False,False,True,"Peak","Strong","Absent","Absent","Accepted","Major","VolumePeak20;RangePeak20;BreaksPriorLow;AcceptanceAccepted"
868,"2026-04-21 06:55:00",82.51,82.61,82.38,82.49,1302,"LLLH","Red","Down",0.7,0.74,0.23,"Down",0.3,0.02,"Down",0.05,0.478261,0.782609,True,False,False,True,"Falling","Absent","Local","Local","Contained","Moderate","BreaksPriorLow;CloseInsidePriorRange;DissipationLocal;AcceptanceContained;CompressionLocal"
869,"2026-04-21 07:00:00",82.48,82.63,82.41,82.55,893,"HHHL","Black","Down",0.35,0.46,0.22,"Down",0.2,0.07,"Up",0.35,0.636364,0.909091,True,False,True,False,"Falling","Absent","Clustered","Local","Contained","Minor","BreaksPriorHigh;CloseInsidePriorRange;DissipationLocal;AcceptanceContained;CompressionClustered"
870,"2026-04-21 07:05:00",82.56,83.19,82.52,82.94,2616,"HHHL","Black","Up",0.95,0.96,0.67,"Up",0.95,0.38,"Up",1,0.626866,0.164179,False,False,True,False,"Climactic","Climactic","Absent","Absent","Accepted","SessionDefining","VolumePeak20;VolumeClimactic50;RangePeak20;RangeClimactic20;BreaksPriorHigh;AcceptanceAccepted"
871,"2026-04-21 07:10:00",82.94,83.29,82.91,83.27,1324,"HHHL","Black","Down",0.65,0.76,0.38,"Down",0.8,0.33,"Down",0.9,0.947368,0.736842,False,False,True,False,"Falling","Strong","Absent","Local","Accepted","Major","RangePeak20;BreaksPriorHigh;DissipationLocal;AcceptanceAccepted"
872,"2026-04-21 07:15:00",83.29,83.6,83.27,83.52,2851,"HHHL","Black","Up",0.95,0.98,0.33,"Down",0.6,0.23,"Down",0.7,0.757576,0.060606,False,False,True,False,"Climactic","Absent","Absent","Local","Accepted","Structural","VolumePeak20;VolumeClimactic50;BreaksPriorHigh;DissipationLocal;AcceptanceAccepted"
873,"2026-04-21 07:20:00",83.53,83.63,83.35,83.53,2034,"HHHL","Neutral","Down",0.85,0.92,0.28,"Down",0.4,0,"Down",0.05,0.642857,0.892857,True,False,True,False,"Peak","Absent","Clustered","Local","Contained","Structural","VolumePeak20;HighVolumeLowRange;BreaksPriorHigh;CloseInsidePriorRange;DissipationLocal;AcceptanceContained;CompressionClustered"
874,"2026-04-21 07:25:00",83.54,83.79,83.4,83.73,2186,"HHHL","Black","Up",0.85,0.92,0.39,"Up",0.85,0.19,"Up",0.55,0.846154,0.589744,False,False,True,False,"Peak","Strong","Absent","Absent","Accepted","Structural","VolumePeak20;RangePeak20;BreaksPriorHigh;AcceptanceAccepted"
875,"2026-04-21 07:30:00",83.74,83.77,83.57,83.63,1251,"InsideBar","Red","Down",0.5,0.68,0.2,"Down",0.05,0.11,"Down",0.55,0.3,1,True,True,False,False,"Falling","Absent","Clustered","Absent","Unresolved","Minor","CloseInsidePriorRange;CloseInsidePriorBody;CompressionClustered"
876,"2026-04-21 07:35:00",83.62,83.66,83.41,83.57,1244,"LLLH","Red","Down",0.45,0.66,0.25,"Up",0.4,0.05,"Down",0.3,0.64,0.36,True,False,False,True,"Falling","Local","Local","Local","Contained","Minor","BreaksPriorLow;CloseInsidePriorRange;DissipationLocal;AcceptanceContained;CompressionLocal"
877,"2026-04-21 07:40:00",83.57,83.66,83.43,83.58,871,"InsideBar","Black","Down",0.2,0.42,0.23,"Down",0.25,0.01,"Down",0.1,0.652174,1,True,True,False,False,"Falling","Absent","Clustered","Absent","Unresolved","Minor","CloseInsidePriorRange;CloseInsidePriorBody;CompressionClustered"
878,"2026-04-21 07:45:00",83.56,83.89,83.56,83.81,1992,"HHHL","Black","Up",0.75,0.86,0.33,"Up",0.7,0.25,"Up",0.9,0.757576,0.30303,False,False,True,False,"Rising","Local","Absent","Absent","Accepted","Moderate","BreaksPriorHigh;AcceptanceAccepted"
879,"2026-04-21 07:50:00",83.82,84.28,83.82,84.21,3051,"HHHL","Black","Up",1,0.98,0.46,"Up",0.9,0.39,"Up",1,0.847826,0.152174,False,False,True,False,"Climactic","Strong","Absent","Absent","Accepted","Structural","VolumePeak20;VolumeClimactic50;RangePeak20;BreaksPriorHigh;AcceptanceAccepted"
880,"2026-04-21 07:55:00",84.2,84.3,84.11,84.22,1630,"HHHL","Black","Down",0.65,0.76,0.19,"Down",0.05,0.02,"Down",0.15,0.578947,0.894737,True,False,True,False,"Falling","Absent","Clustered","Local","Contained","Moderate","BreaksPriorHigh;CloseInsidePriorRange;DissipationLocal;AcceptanceContained;CompressionClustered"
881,"2026-04-21 08:00:00",84.23,84.55,84.13,84.5,2087,"HHHL","Black","Up",0.8,0.88,0.42,"Up",0.85,0.27,"Up",0.85,0.880952,0.404762,False,False,True,False,"Peak","Strong","Absent","Absent","Accepted","Major","VolumePeak20;RangePeak20;BreaksPriorHigh;AcceptanceAccepted"
882,"2026-04-21 08:05:00",84.5,84.76,84.5,84.61,3049,"HHHL","Black","Up",0.95,0.96,0.26,"Down",0.4,0.11,"Down",0.55,0.423077,0.192308,False,False,True,False,"Climactic","Absent","Absent","Local","Accepted","Structural","VolumePeak20;VolumeClimactic50;HighVolumeLowRange;BreaksPriorHigh;DissipationLocal;AcceptanceAccepted"
883,"2026-04-21 08:10:00",84.61,84.69,84.33,84.36,2114,"LLLH","Red","Down",0.75,0.86,0.36,"Up",0.75,0.25,"Up",0.8,0.083333,0.527778,False,False,False,True,"Falling","Local","Absent","Local","Accepted","Moderate","BreaksPriorLow;DissipationLocal;AcceptanceAccepted"
884,"2026-04-21 08:15:00",84.35,84.54,84.16,84.51,1316,"LLLH","Black","Down",0.4,0.6,0.38,"Up",0.8,0.16,"Down",0.5,0.921053,0.552632,True,True,False,True,"Falling","Strong","Local","Local","Contained","Major","RangePeak20;LowVolumeHighRange;BreaksPriorLow;CloseInsidePriorRange;CloseInsidePriorBody;DissipationLocal;AcceptanceContained;CompressionLocal"
885,"2026-04-21 08:20:00",84.52,84.72,84.41,84.62,1815,"HHHL","Black","Up",0.55,0.74,0.31,"Down",0.45,0.1,"Down",0.4,0.677419,0.419355,False,False,True,False,"Rising","Absent","Absent","Local","Accepted","Minor","BreaksPriorHigh;DissipationLocal;AcceptanceAccepted"
886,"2026-04-21 08:25:00",84.65,85,84.63,84.96,2486,"HHHL","Black","Up",0.8,0.9,0.37,"Up",0.7,0.31,"Up",0.85,0.891892,0.243243,False,False,True,False,"Peak","Local","Absent","Absent","Accepted","Structural","VolumePeak20;BreaksPriorHigh;AcceptanceAccepted"
887,"2026-04-21 08:30:00",84.96,85.62,84.96,85.55,5371,"HHHL","Black","Up",1,1,0.66,"Up",0.95,0.59,"Up",1,0.893939,0.060606,False,False,True,False,"Climactic","Climactic","Absent","Absent","Accepted","SessionDefining","VolumePeak20;VolumeClimactic50;RangePeak20;RangeClimactic20;BreaksPriorHigh;AcceptanceAccepted"
888,"2026-04-21 08:35:00",85.54,85.73,85.42,85.56,2859,"HHHL","Black","Down",0.85,0.92,0.31,"Down",0.45,0.02,"Down",0.2,0.451613,0.645161,True,False,True,False,"Peak","Absent","Local","Local","Contained","Structural","VolumePeak20;BreaksPriorHigh;CloseInsidePriorRange;DissipationLocal;AcceptanceContained;CompressionLocal"
889,"2026-04-21 08:40:00",85.56,85.85,85.52,85.66,2943,"HHHL","Black","Up",0.85,0.92,0.33,"Up",0.55,0.1,"Up",0.3,0.424242,0.636364,True,False,True,False,"Peak","Local","Local","Absent","Contained","Structural","VolumePeak20;BreaksPriorHigh;CloseInsidePriorRange;AcceptanceContained;CompressionLocal"
890,"2026-04-21 08:45:00",85.66,85.83,85.46,85.64,1749,"LLLH","Red","Down",0.35,0.64,0.37,"Up",0.7,0.02,"Down",0.25,0.486486,0.837838,True,True,False,True,"Falling","Local","Local","Local","Contained","Moderate","BreaksPriorLow;CloseInsidePriorRange;CloseInsidePriorBody;DissipationLocal;AcceptanceContained;CompressionLocal"
891,"2026-04-21 08:50:00",85.64,85.67,85.14,85.43,2128,"LLLH","Red","Up",0.6,0.78,0.53,"Up",0.95,0.21,"Up",0.65,0.54717,0.396226,False,False,False,True,"Rising","Climactic","Absent","Absent","Accepted","Structural","RangePeak20;RangeClimactic20;BreaksPriorLow;AcceptanceAccepted"
892,"2026-04-21 08:55:00",85.44,85.55,85.31,85.52,1608,"InsideBar","Black","Down",0.25,0.56,0.24,"Down",0.2,0.08,"Down",0.35,0.875,1,True,True,False,False,"Falling","Absent","Clustered","Absent","Unresolved","Minor","CloseInsidePriorRange;CloseInsidePriorBody;CompressionClustered"
893,"2026-04-21 09:00:00",85.52,85.6,85.36,85.52,961,"HHHL","Neutral","Down",0.1,0.26,0.24,"Flat",0.25,0,"Down",0.05,0.666667,0.791667,True,True,True,False,"Falling","Absent","Local","Local","Contained","Minor","BreaksPriorHigh;CloseInsidePriorRange;CloseInsidePriorBody;DissipationLocal;AcceptanceContained;CompressionLocal"
894,"2026-04-21 09:05:00",85.53,85.56,85.18,85.52,2805,"LLLH","Red","Up",0.75,0.86,0.38,"Up",0.75,0.01,"Up",0.15,0.894737,0.526316,True,True,False,True,"Rising","Local","Local","Absent","Contained","Moderate","BreaksPriorLow;CloseInsidePriorRange;CloseInsidePriorBody;AcceptanceContained;CompressionLocal"
895,"2026-04-21 09:10:00",85.53,85.6,85.36,85.51,1436,"HHHL","Red","Down",0.25,0.48,0.24,"Down",0.25,0.02,"Up",0.35,0.625,0.833333,True,False,True,False,"Falling","Absent","Clustered","Local","Contained","Minor","BreaksPriorHigh;CloseInsidePriorRange;DissipationLocal;AcceptanceContained;CompressionClustered"
896,"2026-04-21 09:15:00",85.53,85.91,85.52,85.75,2266,"HHHL","Black","Up",0.65,0.78,0.39,"Up",0.8,0.22,"Up",0.7,0.589744,0.205128,False,False,True,False,"Rising","Strong","Absent","Absent","Accepted","Major","RangePeak20;BreaksPriorHigh;AcceptanceAccepted"
897,"2026-04-21 09:20:00",85.75,85.8,85.63,85.74,1080,"InsideBar","Red","Down",0.1,0.3,0.17,"Down",0.05,0.01,"Down",0.15,0.647059,1,True,True,False,False,"Falling","Absent","Clustered","Absent","Unresolved","Minor","CloseInsidePriorRange;CloseInsidePriorBody;CompressionClustered"
898,"2026-04-21 09:25:00",85.75,85.89,85.49,85.65,1733,"OutsideBar","Red","Up",0.35,0.6,0.4,"Up",0.8,0.1,"Up",0.5,0.4,0.425,True,False,True,True,"Rising","Strong","Local","Absent","Contained","Major","RangePeak20;LowVolumeHighRange;BreaksPriorHigh;BreaksPriorLow;CloseInsidePriorRange;AcceptanceContained;CompressionLocal"
899,"2026-04-21 09:30:00",85.65,85.81,85.63,85.72,560,"InsideBar","Black","Down",0.05,0.04,0.18,"Down",0.1,0.07,"Down",0.4,0.5,1,True,True,False,False,"Falling","Absent","Clustered","Absent","Unresolved","Minor","CloseInsidePriorRange;CloseInsidePriorBody;CompressionClustered"
900,"2026-04-21 09:35:00",85.72,85.8,85.53,85.75,1147,"LLLH","Black","Up",0.2,0.32,0.27,"Up",0.35,0.03,"Down",0.35,0.814815,0.62963,True,False,False,True,"Rising","Local","Local","Absent","Contained","Minor","BreaksPriorLow;CloseInsidePriorRange;AcceptanceContained;CompressionLocal"
901,"2026-04-21 09:40:00",85.75,85.98,85.57,85.88,1250,"HHHL","Black","Up",0.25,0.36,0.41,"Up",0.9,0.13,"Up",0.7,0.756098,0.560976,False,False,True,False,"Rising","Strong","Absent","Absent","Accepted","Structural","RangePeak20;LowVolumeHighRange;BreaksPriorHigh;AcceptanceAccepted"
902,"2026-04-21 09:45:00",85.87,86.11,85.82,86.03,1650,"HHHL","Black","Up",0.45,0.58,0.29,"Down",0.35,0.16,"Up",0.7,0.724138,0.551724,False,False,True,False,"Rising","Absent","Absent","Local","Accepted","Minor","BreaksPriorHigh;DissipationLocal;AcceptanceAccepted"
903,"2026-04-21 09:50:00",86,86.06,85.88,85.97,679,"InsideBar","Red","Down",0.1,0.04,0.18,"Down",0.15,0.03,"Down",0.4,0.5,1,True,True,False,False,"Falling","Absent","Clustered","Absent","Unresolved","Minor","CloseInsidePriorRange;CloseInsidePriorBody;CompressionClustered"
904,"2026-04-21 09:55:00",85.99,86.17,85.92,86.14,1096,"HHHL","Black","Up",0.25,0.28,0.25,"Up",0.35,0.15,"Up",0.75,0.88,0.56,False,False,True,False,"Rising","Local","Absent","Absent","Accepted","Minor","BreaksPriorHigh;AcceptanceAccepted"
905,"2026-04-21 10:00:00",86.13,86.21,86.01,86.18,888,"HHHL","Black","Down",0.15,0.14,0.2,"Down",0.2,0.05,"Down",0.45,0.85,0.8,False,False,True,False,"Falling","Absent","Clustered","Local","Accepted","Minor","BreaksPriorHigh;DissipationLocal;AcceptanceAccepted;CompressionClustered"
906,"2026-04-21 10:05:00",86.18,86.18,86.04,86.17,822,"InsideBar","Red","Down",0.15,0.08,0.14,"Down",0.05,0.01,"Down",0.2,0.928571,1,True,True,False,False,"Falling","Absent","Clustered","Absent","Unresolved","Minor","CloseInsidePriorRange;CloseInsidePriorBody;CompressionClustered"
907,"2026-04-21 10:10:00",86.17,86.75,86.16,86.57,3932,"HHHL","Black","Up",1,0.98,0.59,"Up",1,0.4,"Up",1,0.694915,0.033898,False,False,True,False,"Climactic","Climactic","Absent","Absent","Accepted","SessionDefining","VolumePeak20;VolumeClimactic50;RangePeak20;RangeClimactic20;BreaksPriorHigh;AcceptanceAccepted"
908,"2026-04-21 10:15:00",86.57,87.21,86.56,87.04,3716,"HHHL","Black","Down",0.95,0.96,0.65,"Up",1,0.47,"Up",1,0.738462,0.292308,False,False,True,False,"Climactic","Climactic","Absent","Local","Accepted","SessionDefining","VolumePeak20;VolumeClimactic50;RangePeak20;RangeClimactic20;BreaksPriorHigh;DissipationLocal;AcceptanceAccepted"
909,"2026-04-21 10:20:00",87.03,87.19,86.77,87.1,1856,"InsideBar","Black","Down",0.75,0.62,0.42,"Down",0.85,0.07,"Down",0.55,0.785714,1,True,False,False,False,"Falling","Strong","Clustered","Absent","Unresolved","Major","RangePeak20;CloseInsidePriorRange;CompressionClustered"
910,"2026-04-21 10:25:00",87.09,87.09,86.84,86.92,1083,"InsideBar","Red","Down",0.35,0.28,0.25,"Down",0.5,0.17,"Up",0.8,0.32,1,True,False,False,False,"Falling","Absent","Clustered","Absent","Unresolved","Minor","CloseInsidePriorRange;CompressionClustered"
911,"2026-04-21 10:30:00",86.9,86.98,86.59,86.85,1662,"LLLH","Red","Up",0.7,0.54,0.39,"Up",0.75,0.05,"Down",0.45,0.666667,0.358974,True,False,False,True,"Rising","Local","Local","Absent","Contained","Moderate","BreaksPriorLow;CloseInsidePriorRange;AcceptanceContained;CompressionLocal"
912,"2026-04-21 10:35:00",86.85,86.87,86.44,86.53,1483,"LLLH","Red","Down",0.6,0.48,0.43,"Up",0.9,0.32,"Up",0.9,0.209302,0.651163,False,False,False,True,"Falling","Strong","Absent","Local","Accepted","Structural","RangePeak20;BreaksPriorLow;DissipationLocal;AcceptanceAccepted"
913,"2026-04-21 10:40:00",86.54,86.71,85.68,85.79,4997,"LLLH","Red","Up",1,0.98,1.03,"Up",1,0.75,"Up",1,0.106796,0.262136,False,False,False,True,"Climactic","Climactic","Absent","Absent","Accepted","SessionDefining","VolumePeak20;VolumeClimactic50;RangePeak20;RangeClimactic20;BreaksPriorLow;AcceptanceAccepted"
914,"2026-04-21 10:45:00",85.78,85.84,84.73,85.16,7764,"LLLH","Red","Up",1,1,1.11,"Up",1,0.62,"Down",0.95,0.387387,0.144144,False,False,False,True,"Climactic","Climactic","Absent","Absent","Accepted","SessionDefining","VolumePeak20;VolumeClimactic50;RangePeak20;RangeClimactic20;BreaksPriorLow;AcceptanceAccepted"
915,"2026-04-21 10:50:00",85.16,85.56,85.05,85.41,3390,"InsideBar","Black","Down",0.8,0.9,0.51,"Down",0.8,0.25,"Down",0.75,0.705882,1,True,True,False,False,"Peak","Strong","Clustered","Absent","Unresolved","Structural","VolumePeak20;RangePeak20;CloseInsidePriorRange;CloseInsidePriorBody;CompressionClustered"
916,"2026-04-21 10:55:00",85.42,85.65,85.14,85.49,2598,"HHHL","Black","Down",0.75,0.74,0.51,"Flat",0.8,0.07,"Down",0.45,0.686275,0.823529,True,False,True,False,"Falling","Strong","Clustered","Local","Contained","Major","RangePeak20;BreaksPriorHigh;CloseInsidePriorRange;DissipationLocal;AcceptanceContained;CompressionClustered"
917,"2026-04-21 11:00:00",85.5,85.74,85.17,85.18,2608,"HHHL","Red","Up",0.75,0.74,0.57,"Up",0.8,0.32,"Up",0.8,0.017544,0.842105,True,False,True,False,"Rising","Strong","Local","Absent","Contained","Major","RangePeak20;BreaksPriorHigh;CloseInsidePriorRange;AcceptanceContained;CompressionLocal"
918,"2026-04-21 11:05:00",85.19,85.24,84.95,85.18,2518,"LLLH","Red","Down",0.65,0.7,0.29,"Down",0.4,0.01,"Down",0.05,0.793103,0.241379,True,True,False,True,"Falling","Absent","Local","Local","Contained","Moderate","BreaksPriorLow;CloseInsidePriorRange;CloseInsidePriorBody;DissipationLocal;AcceptanceContained;CompressionLocal"
919,"2026-04-21 11:10:00",85.18,85.29,84.87,85.24,2574,"OutsideBar","Black","Up",0.65,0.7,0.42,"Up",0.6,0.06,"Up",0.35,0.880952,0.690476,True,False,True,True,"Rising","Local","Local","Absent","Contained","Moderate","BreaksPriorHigh;BreaksPriorLow;CloseInsidePriorRange;AcceptanceContained;CompressionLocal"
920,"2026-04-21 11:15:00",85.25,85.44,85.15,85.24,2269,"HHHL","Red","Down",0.55,0.66,0.29,"Down",0.35,0.01,"Down",0.15,0.310345,0.482759,True,True,True,False,"Falling","Absent","Local","Local","Contained","Minor","BreaksPriorHigh;CloseInsidePriorRange;CloseInsidePriorBody;DissipationLocal;AcceptanceContained;CompressionLocal"
921,"2026-04-21 11:20:00",85.25,85.82,85.02,85.38,4730,"OutsideBar","Black","Up",0.9,0.94,0.8,"Up",0.9,0.13,"Up",0.5,0.45,0.3625,True,False,True,True,"Peak","Strong","Local","Absent","Contained","Structural","VolumePeak20;RangePeak20;BreaksPriorHigh;BreaksPriorLow;CloseInsidePriorRange;AcceptanceContained;CompressionLocal"
922,"2026-04-21 11:25:00",85.39,85.56,85.3,85.5,2286,"InsideBar","Black","Down",0.5,0.66,0.26,"Down",0.3,0.11,"Down",0.5,0.769231,1,True,False,False,False,"Falling","Absent","Clustered","Absent","Unresolved","Minor","CloseInsidePriorRange;CompressionClustered"
923,"2026-04-21 11:30:00",85.49,85.65,85.17,85.32,6409,"OutsideBar","Red","Up",0.95,0.98,0.48,"Up",0.6,0.17,"Up",0.65,0.3125,0.541667,True,False,True,True,"Climactic","Local","Local","Absent","Contained","Structural","VolumePeak20;VolumeClimactic50;BreaksPriorHigh;BreaksPriorLow;CloseInsidePriorRange;AcceptanceContained;CompressionLocal"
924,"2026-04-22 06:05:00",87.19,87.26,86.94,87,2127,"HHHL","Red","Down",0.35,0.56,0.32,"Down",0.35,0.19,"Up",0.65,0.1875,0,False,False,True,False,"Falling","Absent","Absent","Local","Accepted","Minor","BreaksPriorHigh;DissipationLocal;AcceptanceAccepted"
925,"2026-04-22 06:10:00",87,87.11,86.23,86.65,3708,"LLLH","Red","Up",0.7,0.86,0.88,"Up",0.9,0.35,"Up",0.8,0.477273,0.193182,False,False,False,True,"Rising","Strong","Absent","Absent","Accepted","Structural","RangePeak20;BreaksPriorLow;AcceptanceAccepted"
926,"2026-04-22 06:15:00",86.67,87.26,86.65,87.03,2439,"HHHL","Black","Down",0.4,0.62,0.61,"Down",0.75,0.36,"Up",0.8,0.622951,0.754098,True,False,True,False,"Falling","Absent","Local","Local","Contained","Moderate","BreaksPriorHigh;CloseInsidePriorRange;DissipationLocal;AcceptanceContained;CompressionLocal"
927,"2026-04-22 06:20:00",87.03,87.64,86.49,86.63,5217,"OutsideBar","Red","Up",0.9,0.94,1.15,"Up",1,0.4,"Up",0.85,0.121739,0.530435,False,False,True,True,"Peak","Climactic","Absent","Absent","Accepted","Structural","VolumePeak20;RangePeak20;RangeClimactic20;BreaksPriorHigh;BreaksPriorLow;AcceptanceAccepted"
928,"2026-04-22 06:25:00",86.6,87.26,86.44,86.87,3621,"LLLH","Black","Down",0.7,0.82,0.82,"Down",0.8,0.27,"Down",0.65,0.52439,0.939024,True,True,False,True,"Falling","Strong","Clustered","Local","Contained","Major","RangePeak20;BreaksPriorLow;CloseInsidePriorRange;CloseInsidePriorBody;DissipationLocal;AcceptanceContained;CompressionClustered"
929,"2026-04-22 06:30:00",86.85,87.04,86.82,86.93,1228,"InsideBar","Black","Down",0.1,0.2,0.22,"Down",0.05,0.08,"Down",0.3,0.5,1,True,False,False,False,"Falling","Absent","Clustered","Absent","Unresolved","Minor","CloseInsidePriorRange;CompressionClustered"
930,"2026-04-22 06:35:00",86.93,87.59,86.89,87.5,3389,"HHHL","Black","Up",0.6,0.78,0.7,"Up",0.7,0.57,"Up",0.9,0.871429,0.214286,False,False,True,False,"Rising","Local","Absent","Absent","Accepted","Moderate","BreaksPriorHigh;AcceptanceAccepted"
931,"2026-04-22 06:40:00",87.51,87.84,87.41,87.57,2328,"HHHL","Black","Down",0.3,0.56,0.43,"Down",0.4,0.06,"Down",0.2,0.372093,0.418605,True,False,True,False,"Falling","Absent","Local","Local","Contained","Minor","BreaksPriorHigh;CloseInsidePriorRange;DissipationLocal;AcceptanceContained;CompressionLocal"
932,"2026-04-22 06:45:00",87.58,87.62,87.35,87.57,1038,"LLLH","Red","Down",0.05,0.12,0.27,"Down",0.15,0.01,"Down",0.15,0.814815,0.777778,True,True,False,True,"Falling","Absent","Local","Local","Contained","Minor","BreaksPriorLow;CloseInsidePriorRange;CloseInsidePriorBody;DissipationLocal;AcceptanceContained;CompressionLocal"
933,"2026-04-22 06:50:00",87.57,87.6,87.23,87.4,2107,"LLLH","Red","Up",0.15,0.46,0.37,"Up",0.35,0.17,"Up",0.5,0.459459,0.675676,True,False,False,True,"Rising","Local","Local","Absent","Contained","Minor","BreaksPriorLow;CloseInsidePriorRange;AcceptanceContained;CompressionLocal"
934,"2026-04-22 06:55:00",87.41,87.59,87.31,87.32,1476,"InsideBar","Red","Down",0.15,0.28,0.28,"Down",0.2,0.09,"Down",0.4,0.035714,1,True,False,False,False,"Falling","Absent","Clustered","Absent","Unresolved","Minor","CloseInsidePriorRange;CompressionClustered"
935,"2026-04-22 07:00:00",87.34,87.67,87.34,87.49,1347,"HHHL","Black","Down",0.15,0.26,0.33,"Up",0.4,0.15,"Up",0.55,0.454545,0.757576,True,False,True,False,"Falling","Local","Local","Local","Contained","Minor","BreaksPriorHigh;CloseInsidePriorRange;DissipationLocal;AcceptanceContained;CompressionLocal"
936,"2026-04-22 07:05:00",87.5,87.58,87.28,87.41,1319,"LLLH","Red","Down",0.15,0.26,0.3,"Down",0.35,0.09,"Down",0.4,0.433333,0.8,True,True,False,True,"Falling","Absent","Local","Local","Contained","Minor","BreaksPriorLow;CloseInsidePriorRange;CloseInsidePriorBody;DissipationLocal;AcceptanceContained;CompressionLocal"
937,"2026-04-22 07:10:00",87.41,87.5,87.16,87.18,1308,"LLLH","Red","Down",0.15,0.26,0.34,"Up",0.5,0.23,"Up",0.75,0.058824,0.647059,False,False,False,True,"Falling","Local","Absent","Local","Accepted","Minor","BreaksPriorLow;DissipationLocal;AcceptanceAccepted"
938,"2026-04-22 07:15:00",87.18,87.4,87.13,87.22,1000,"LLLH","Black","Down",0.05,0.12,0.27,"Down",0.2,0.04,"Down",0.15,0.333333,0.888889,True,True,False,True,"Falling","Absent","Clustered","Local","Contained","Minor","BreaksPriorLow;CloseInsidePriorRange;CloseInsidePriorBody;DissipationLocal;AcceptanceContained;CompressionClustered"
939,"2026-04-22 07:20:00",87.2,87.25,86.9,87.04,1409,"LLLH","Red","Up",0.35,0.34,0.35,"Up",0.55,0.16,"Up",0.55,0.4,0.342857,False,False,False,True,"Rising","Local","Absent","Absent","Accepted","Minor","BreaksPriorLow;AcceptanceAccepted"
940,"2026-04-22 07:25:00",87.03,87.49,87.01,87.35,1535,"HHHL","Black","Up",0.45,0.42,0.48,"Up",0.65,0.32,"Up",0.8,0.708333,0.5,False,False,True,False,"Rising","Local","Absent","Absent","Accepted","Moderate","BreaksPriorHigh;AcceptanceAccepted"
941,"2026-04-22 07:30:00",87.36,87.36,87.03,87.04,1094,"InsideBar","Red","Down",0.15,0.2,0.33,"Down",0.45,0.32,"Flat",0.8,0.030303,1,True,True,False,False,"Falling","Absent","Clustered","Absent","Unresolved","Minor","CloseInsidePriorRange;CloseInsidePriorBody;CompressionClustered"
942,"2026-04-22 07:35:00",87.03,87.64,86.96,87.23,2655,"OutsideBar","Black","Up",0.75,0.76,0.68,"Up",0.8,0.2,"Down",0.6,0.397059,0.485294,True,True,True,True,"Rising","Strong","Local","Absent","Contained","Major","RangePeak20;BreaksPriorHigh;BreaksPriorLow;CloseInsidePriorRange;CloseInsidePriorBody;AcceptanceContained;CompressionLocal"
943,"2026-04-22 07:40:00",87.24,87.49,86.72,86.92,2318,"LLLH","Red","Down",0.65,0.62,0.77,"Up",0.85,0.32,"Up",0.8,0.25974,0.688312,False,False,False,True,"Falling","Strong","Absent","Local","Accepted","Major","RangePeak20;BreaksPriorLow;DissipationLocal;AcceptanceAccepted"
944,"2026-04-22 07:45:00",86.92,87.78,86.84,87.75,2283,"HHHL","Black","Down",0.6,0.6,0.94,"Up",0.95,0.83,"Up",1,0.968085,0.691489,False,False,True,False,"Falling","Climactic","Absent","Local","Accepted","Structural","RangePeak20;RangeClimactic20;BreaksPriorHigh;DissipationLocal;AcceptanceAccepted"
945,"2026-04-22 07:50:00",87.74,87.76,87.4,87.48,1837,"InsideBar","Red","Down",0.55,0.48,0.36,"Down",0.5,0.26,"Down",0.6,0.222222,1,True,True,False,False,"Falling","Absent","Clustered","Absent","Unresolved","Minor","CloseInsidePriorRange;CloseInsidePriorBody;CompressionClustered"
946,"2026-04-22 07:55:00",87.49,88.15,87.37,87.92,2644,"OutsideBar","Black","Up",0.8,0.76,0.78,"Up",0.85,0.43,"Up",0.9,0.705128,0.461538,False,False,True,True,"Peak","Strong","Absent","Absent","Accepted","Major","VolumePeak20;RangePeak20;BreaksPriorHigh;BreaksPriorLow;AcceptanceAccepted"
947,"2026-04-22 08:00:00",87.96,88.22,87.85,87.97,1931,"HHHL","Black","Down",0.6,0.5,0.37,"Down",0.6,0.01,"Down",0.1,0.324324,0.810811,True,False,True,False,"Falling","Absent","Clustered","Local","Contained","Moderate","BreaksPriorHigh;CloseInsidePriorRange;DissipationLocal;AcceptanceContained;CompressionClustered"
948,"2026-04-22 08:05:00",87.97,88.15,87.81,88.08,1723,"LLLH","Black","Down",0.55,0.44,0.34,"Down",0.45,0.11,"Up",0.4,0.794118,0.882353,True,False,False,True,"Falling","Absent","Clustered","Local","Contained","Minor","BreaksPriorLow;CloseInsidePriorRange;DissipationLocal;AcceptanceContained;CompressionClustered"
949,"2026-04-22 08:10:00",88.1,88.18,87.35,87.65,3332,"OutsideBar","Red","Up",0.95,0.78,0.83,"Up",0.95,0.45,"Up",0.9,0.361446,0.409639,False,False,True,True,"Peak","Climactic","Absent","Absent","Accepted","Structural","VolumePeak20;RangePeak20;RangeClimactic20;BreaksPriorHigh;BreaksPriorLow;AcceptanceAccepted"
950,"2026-04-22 08:15:00",87.66,87.68,87.07,87.66,2590,"LLLH","Neutral","Down",0.85,0.68,0.61,"Down",0.75,0,"Down",0.05,0.967213,0.540984,True,True,False,True,"Peak","Absent","Local","Local","Contained","Major","VolumePeak20;BreaksPriorLow;CloseInsidePriorRange;CloseInsidePriorBody;DissipationLocal;AcceptanceContained;CompressionLocal"
951,"2026-04-22 08:20:00",87.67,88.14,87.66,88.03,1550,"HHHL","Black","Down",0.5,0.34,0.48,"Down",0.7,0.36,"Up",0.85,0.770833,0.041667,False,False,True,False,"Falling","Absent","Absent","Local","Accepted","Moderate","BreaksPriorHigh;DissipationLocal;AcceptanceAccepted"
952,"2026-04-22 08:25:00",88.05,88.12,87.88,88,1386,"InsideBar","Red","Down",0.3,0.26,0.24,"Down",0.05,0.05,"Down",0.2,0.5,1,True,True,False,False,"Falling","Absent","Clustered","Absent","Unresolved","Minor","CloseInsidePriorRange;CloseInsidePriorBody;CompressionClustered"
953,"2026-04-22 08:30:00",88,88.22,87.79,88.03,3194,"OutsideBar","Black","Up",0.95,0.76,0.43,"Up",0.6,0.03,"Down",0.15,0.55814,0.55814,True,True,True,True,"Peak","Local","Local","Absent","Contained","Major","VolumePeak20;BreaksPriorHigh;BreaksPriorLow;CloseInsidePriorRange;CloseInsidePriorBody;AcceptanceContained;CompressionLocal"
954,"2026-04-22 08:35:00",88.03,88.37,87.91,88.33,2163,"HHHL","Black","Down",0.65,0.48,0.46,"Up",0.6,0.3,"Up",0.65,0.913043,0.673913,False,False,True,False,"Falling","Local","Absent","Local","Accepted","Moderate","BreaksPriorHigh;DissipationLocal;AcceptanceAccepted"
955,"2026-04-22 08:40:00",88.31,88.69,88.29,88.64,3073,"HHHL","Black","Up",0.9,0.74,0.4,"Down",0.5,0.33,"Up",0.8,0.875,0.2,False,False,True,False,"Peak","Absent","Absent","Local","Accepted","Major","VolumePeak20;BreaksPriorHigh;DissipationLocal;AcceptanceAccepted"
956,"2026-04-22 08:45:00",88.65,88.9,88.55,88.71,2375,"HHHL","Black","Down",0.7,0.56,0.35,"Down",0.35,0.06,"Down",0.3,0.457143,0.4,False,False,True,False,"Falling","Absent","Absent","Local","Accepted","Moderate","BreaksPriorHigh;DissipationLocal;AcceptanceAccepted"
957,"2026-04-22 08:50:00",88.7,88.89,88.6,88.84,1247,"InsideBar","Black","Down",0.15,0.12,0.29,"Down",0.15,0.14,"Up",0.4,0.827586,1,True,False,False,False,"Falling","Absent","Clustered","Absent","Unresolved","Minor","CloseInsidePriorRange;CompressionClustered"
958,"2026-04-22 08:55:00",88.87,89.03,88.73,88.86,1964,"HHHL","Red","Up",0.5,0.42,0.3,"Up",0.15,0.01,"Down",0.15,0.433333,0.533333,True,False,True,False,"Rising","Local","Local","Absent","Contained","Minor","BreaksPriorHigh;CloseInsidePriorRange;AcceptanceContained;CompressionLocal"
959,"2026-04-22 09:00:00",88.86,88.95,88.72,88.87,988,"LLLH","Black","Down",0.05,0.02,0.23,"Down",0.05,0.01,"Flat",0.2,0.652174,0.956522,True,True,False,True,"Falling","Absent","Clustered","Local","Contained","Minor","BreaksPriorLow;CloseInsidePriorRange;CloseInsidePriorBody;DissipationLocal;AcceptanceContained;CompressionClustered"
960,"2026-04-22 09:05:00",88.85,88.98,88.69,88.72,1213,"OutsideBar","Red","Up",0.15,0.1,0.29,"Up",0.2,0.13,"Up",0.45,0.103448,0.793103,True,False,True,True,"Rising","Local","Local","Absent","Contained","Minor","BreaksPriorHigh;BreaksPriorLow;CloseInsidePriorRange;AcceptanceContained;CompressionLocal"
961,"2026-04-22 09:10:00",88.73,88.79,88.64,88.71,869,"LLLH","Red","Down",0.05,0.02,0.15,"Down",0.05,0.02,"Down",0.25,0.466667,0.666667,True,False,False,True,"Falling","Absent","Local","Local","Contained","Minor","BreaksPriorLow;CloseInsidePriorRange;DissipationLocal;AcceptanceContained;CompressionLocal"
962,"2026-04-22 09:15:00",88.72,88.98,88.69,88.9,799,"HHHL","Black","Down",0.05,0.02,0.29,"Up",0.3,0.18,"Up",0.6,0.724138,0.344828,False,False,True,False,"Falling","Local","Absent","Local","Accepted","Minor","BreaksPriorHigh;DissipationLocal;AcceptanceAccepted"
963,"2026-04-22 09:20:00",88.9,89.17,88.82,89.16,997,"HHHL","Black","Up",0.2,0.08,0.35,"Up",0.5,0.26,"Up",0.7,0.971429,0.457143,False,False,True,False,"Rising","Local","Absent","Absent","Accepted","Minor","BreaksPriorHigh;AcceptanceAccepted"
964,"2026-04-22 09:25:00",89.15,89.26,88.99,89.19,1480,"HHHL","Black","Up",0.4,0.34,0.27,"Down",0.2,0.04,"Down",0.35,0.740741,0.666667,False,False,True,False,"Rising","Absent","Absent","Local","Accepted","Minor","BreaksPriorHigh;DissipationLocal;AcceptanceAccepted"
965,"2026-04-22 09:30:00",89.17,89.2,88.91,88.98,876,"LLLH","Red","Down",0.15,0.06,0.29,"Up",0.4,0.19,"Up",0.7,0.241379,0.724138,False,False,False,True,"Falling","Local","Absent","Local","Accepted","Minor","BreaksPriorLow;DissipationLocal;AcceptanceAccepted"
966,"2026-04-22 09:35:00",88.98,89.16,88.98,89.1,498,"InsideBar","Black","Down",0.05,0.02,0.18,"Down",0.1,0.12,"Down",0.55,0.666667,1,True,True,False,False,"Falling","Absent","Clustered","Absent","Unresolved","Minor","CloseInsidePriorRange;CloseInsidePriorBody;CompressionClustered"
967,"2026-04-22 09:40:00",89.1,89.18,89,89.05,684,"HHHL","Red","Up",0.1,0.04,0.18,"Up",0.15,0.05,"Down",0.4,0.277778,0.888889,True,True,True,False,"Rising","Local","Local","Absent","Contained","Minor","BreaksPriorHigh;CloseInsidePriorRange;CloseInsidePriorBody;AcceptanceContained;CompressionLocal"
968,"2026-04-22 09:45:00",89.06,89.44,88.95,89.33,3275,"OutsideBar","Black","Up",0.95,0.86,0.49,"Up",0.9,0.27,"Up",0.8,0.77551,0.367347,False,False,True,True,"Peak","Strong","Absent","Absent","Accepted","Structural","VolumePeak20;RangePeak20;BreaksPriorHigh;BreaksPriorLow;AcceptanceAccepted"
969,"2026-04-22 09:50:00",89.34,89.36,89.04,89.1,741,"InsideBar","Red","Down",0.15,0.06,0.32,"Down",0.6,0.24,"Down",0.75,0.1875,1,True,True,False,False,"Falling","Absent","Clustered","Absent","Unresolved","Moderate","CloseInsidePriorRange;CloseInsidePriorBody;CompressionClustered"
970,"2026-04-22 09:55:00",89.11,89.47,89.07,89.27,1465,"HHHL","Black","Up",0.6,0.4,0.4,"Up",0.8,0.16,"Down",0.6,0.5,0.725,True,True,True,False,"Rising","Strong","Local","Absent","Contained","Major","RangePeak20;BreaksPriorHigh;CloseInsidePriorRange;CloseInsidePriorBody;AcceptanceContained;CompressionLocal"
971,"2026-04-22 10:00:00",89.26,89.49,89.13,89.38,1518,"HHHL","Black","Up",0.7,0.46,0.36,"Down",0.75,0.12,"Down",0.5,0.694444,0.944444,True,False,True,False,"Rising","Absent","Clustered","Local","Contained","Moderate","BreaksPriorHigh;CloseInsidePriorRange;DissipationLocal;AcceptanceContained;CompressionClustered"
972,"2026-04-22 10:05:00",89.39,89.45,88.61,88.8,4056,"LLLH","Red","Up",1,0.96,0.84,"Up",1,0.59,"Up",1,0.22619,0.380952,False,False,False,True,"Climactic","Climactic","Absent","Absent","Accepted","SessionDefining","VolumePeak20;VolumeClimactic50;RangePeak20;RangeClimactic20;BreaksPriorLow;AcceptanceAccepted"
973,"2026-04-22 10:10:00",88.8,88.98,88.63,88.64,1517,"InsideBar","Red","Down",0.65,0.46,0.35,"Down",0.7,0.16,"Down",0.6,0.028571,1,True,False,False,False,"Falling","Absent","Clustered","Absent","Unresolved","Moderate","CloseInsidePriorRange;CompressionClustered"
974,"2026-04-22 10:15:00",88.65,88.88,88.28,88.79,2681,"LLLH","Black","Up",0.85,0.82,0.6,"Up",0.95,0.14,"Down",0.55,0.85,0.416667,True,True,False,True,"Peak","Climactic","Local","Absent","Contained","Structural","VolumePeak20;RangePeak20;RangeClimactic20;BreaksPriorLow;CloseInsidePriorRange;CloseInsidePriorBody;AcceptanceContained;CompressionLocal"
975,"2026-04-22 10:20:00",88.8,89.12,88.64,89.1,1140,"HHHL","Black","Down",0.45,0.24,0.48,"Down",0.85,0.3,"Up",0.95,0.958333,0.5,False,False,True,False,"Falling","Strong","Absent","Local","Accepted","Major","RangePeak20;BreaksPriorHigh;DissipationLocal;AcceptanceAccepted"
976,"2026-04-22 10:25:00",89.09,89.18,88.77,88.91,1586,"HHHL","Red","Up",0.8,0.56,0.41,"Down",0.8,0.18,"Down",0.7,0.341463,0.853659,True,True,True,False,"Peak","Strong","Clustered","Local","Contained","Major","VolumePeak20;RangePeak20;BreaksPriorHigh;CloseInsidePriorRange;CloseInsidePriorBody;DissipationLocal;AcceptanceContained;CompressionClustered"
977,"2026-04-22 10:30:00",88.92,88.97,88.74,88.78,855,"LLLH","Red","Down",0.25,0.1,0.23,"Down",0.25,0.14,"Down",0.5,0.173913,0.869565,True,False,False,True,"Falling","Absent","Clustered","Local","Contained","Minor","BreaksPriorLow;CloseInsidePriorRange;DissipationLocal;AcceptanceContained;CompressionClustered"
978,"2026-04-22 10:35:00",88.76,88.96,88.68,88.91,938,"LLLH","Black","Up",0.4,0.16,0.28,"Up",0.35,0.15,"Up",0.5,0.821429,0.785714,True,True,False,True,"Rising","Local","Local","Absent","Contained","Minor","BreaksPriorLow;CloseInsidePriorRange;CloseInsidePriorBody;AcceptanceContained;CompressionLocal"
979,"2026-04-22 10:40:00",88.92,88.95,88.74,88.86,633,"InsideBar","Red","Down",0.1,0.04,0.21,"Down",0.2,0.06,"Down",0.2,0.571429,1,True,True,False,False,"Falling","Absent","Clustered","Absent","Unresolved","Minor","CloseInsidePriorRange;CloseInsidePriorBody;CompressionClustered"
980,"2026-04-22 10:45:00",88.87,88.89,88.57,88.57,1109,"LLLH","Red","Up",0.55,0.3,0.32,"Up",0.55,0.3,"Up",0.95,0,0.46875,False,False,False,True,"Rising","Local","Absent","Absent","Accepted","Minor","BreaksPriorLow;AcceptanceAccepted"
981,"2026-04-22 10:50:00",88.56,88.79,88.09,88.46,2931,"LLLH","Red","Up",0.9,0.9,0.7,"Up",0.95,0.1,"Down",0.2,0.528571,0.314286,False,False,False,True,"Peak","Climactic","Absent","Absent","Accepted","Structural","VolumePeak20;RangePeak20;RangeClimactic20;BreaksPriorLow;AcceptanceAccepted"
982,"2026-04-22 10:55:00",88.47,88.67,88.36,88.37,902,"InsideBar","Red","Down",0.35,0.18,0.31,"Down",0.4,0.1,"Down",0.2,0.032258,1,True,False,False,False,"Falling","Absent","Clustered","Absent","Unresolved","Minor","CloseInsidePriorRange;CompressionClustered"
983,"2026-04-22 11:00:00",88.37,88.5,88.28,88.38,1127,"LLLH","Black","Up",0.5,0.32,0.22,"Down",0.2,0.01,"Down",0.05,0.454545,0.636364,True,True,False,True,"Rising","Absent","Local","Local","Contained","Minor","BreaksPriorLow;CloseInsidePriorRange;CloseInsidePriorBody;DissipationLocal;AcceptanceContained;CompressionLocal"
984,"2026-04-22 11:05:00",88.39,88.6,88.36,88.53,959,"HHHL","Black","Down",0.45,0.22,0.24,"Up",0.3,0.14,"Up",0.5,0.708333,0.583333,False,False,True,False,"Falling","Local","Absent","Local","Accepted","Minor","BreaksPriorHigh;DissipationLocal;AcceptanceAccepted"
985,"2026-04-22 11:10:00",88.56,88.65,88.51,88.61,530,"HHHL","Black","Down",0.1,0.04,0.14,"Down",0.05,0.05,"Down",0.15,0.714286,0.642857,False,False,True,False,"Falling","Absent","Absent","Local","Accepted","Minor","BreaksPriorHigh;DissipationLocal;AcceptanceAccepted"
986,"2026-04-22 11:15:00",88.63,88.8,88.6,88.62,574,"HHHL","Red","Up",0.1,0.06,0.2,"Up",0.15,0.01,"Down",0.1,0.1,0.25,True,False,True,False,"Rising","Local","Local","Absent","Contained","Minor","BreaksPriorHigh;CloseInsidePriorRange;AcceptanceContained;CompressionLocal"
987,"2026-04-22 11:20:00",88.62,88.88,88.57,88.87,817,"OutsideBar","Black","Up",0.25,0.16,0.31,"Up",0.45,0.25,"Up",0.8,0.967742,0.645161,False,False,True,True,"Rising","Local","Absent","Absent","Accepted","Minor","BreaksPriorHigh;BreaksPriorLow;AcceptanceAccepted"
988,"2026-04-22 11:25:00",88.87,89.07,88.83,88.96,1328,"HHHL","Black","Up",0.65,0.46,0.24,"Down",0.35,0.09,"Down",0.25,0.541667,0.208333,False,False,True,False,"Rising","Absent","Absent","Local","Accepted","Moderate","BreaksPriorHigh;DissipationLocal;AcceptanceAccepted"
989,"2026-04-22 11:30:00",88.95,88.99,88.64,88.77,3934,"LLLH","Red","Up",0.95,0.98,0.35,"Up",0.6,0.18,"Up",0.8,0.371429,0.457143,False,False,False,True,"Climactic","Local","Absent","Absent","Accepted","Structural","VolumePeak20;VolumeClimactic50;BreaksPriorLow;AcceptanceAccepted"
990,"2026-04-23 06:05:00",88.98,89.11,88.74,89,2476,"HHHL","Black","Down",0.8,0.78,0.37,"Up",0.75,0.02,"Down",0.15,0.702703,0.675676,False,False,True,False,"Peak","Local","Absent","Local","Accepted","Major","VolumePeak20;BreaksPriorHigh;DissipationLocal;AcceptanceAccepted"
991,"2026-04-23 06:10:00",89.01,89.3,88.91,89.14,1269,"HHHL","Black","Down",0.6,0.44,0.39,"Up",0.75,0.13,"Up",0.45,0.589744,0.512821,False,False,True,False,"Falling","Local","Absent","Local","Accepted","Moderate","BreaksPriorHigh;DissipationLocal;AcceptanceAccepted"
992,"2026-04-23 06:15:00",89.13,89.77,89.11,89.5,2479,"HHHL","Black","Up",0.85,0.8,0.66,"Up",0.95,0.37,"Up",1,0.590909,0.287879,False,False,True,False,"Peak","Climactic","Absent","Absent","Accepted","Structural","VolumePeak20;RangePeak20;RangeClimactic20;BreaksPriorHigh;AcceptanceAccepted"
993,"2026-04-23 06:20:00",89.5,89.62,89.3,89.44,1389,"InsideBar","Red","Down",0.7,0.5,0.32,"Down",0.6,0.06,"Down",0.3,0.4375,1,True,True,False,False,"Falling","Absent","Clustered","Absent","Unresolved","Moderate","CloseInsidePriorRange;CloseInsidePriorBody;CompressionClustered"
994,"2026-04-23 06:25:00",89.44,89.54,89.12,89.54,1325,"LLLH","Black","Down",0.65,0.46,0.42,"Up",0.85,0.1,"Up",0.5,1,0.571429,True,False,False,True,"Falling","Strong","Local","Local","Contained","Major","RangePeak20;BreaksPriorLow;CloseInsidePriorRange;DissipationLocal;AcceptanceContained;CompressionLocal"
995,"2026-04-23 06:30:00",89.55,89.76,89.54,89.72,1134,"HHHL","Black","Down",0.55,0.38,0.22,"Down",0.25,0.17,"Up",0.75,0.818182,0,False,False,True,False,"Falling","Absent","Absent","Local","Accepted","Minor","BreaksPriorHigh;DissipationLocal;AcceptanceAccepted"
996,"2026-04-23 06:35:00",89.73,89.98,89.56,89.98,1580,"HHHL","Black","Up",0.8,0.66,0.42,"Up",0.9,0.25,"Up",0.9,1,0.47619,False,False,True,False,"Peak","Strong","Absent","Absent","Accepted","Structural","VolumePeak20;RangePeak20;BreaksPriorHigh;AcceptanceAccepted"
997,"2026-04-23 06:40:00",89.99,90.15,89.79,89.81,1493,"HHHL","Red","Down",0.75,0.6,0.36,"Down",0.7,0.18,"Down",0.75,0.055556,0.527778,True,True,True,False,"Falling","Absent","Local","Local","Contained","Moderate","BreaksPriorHigh;CloseInsidePriorRange;CloseInsidePriorBody;DissipationLocal;AcceptanceContained;CompressionLocal"
998,"2026-04-23 06:45:00",89.82,90.14,89.5,90.12,1347,"LLLH","Black","Down",0.65,0.52,0.64,"Up",0.9,0.3,"Up",0.95,0.96875,0.546875,True,False,False,True,"Falling","Strong","Local","Local","Contained","Structural","RangePeak20;BreaksPriorLow;CloseInsidePriorRange;DissipationLocal;AcceptanceContained;CompressionLocal"
999,"2026-04-23 06:50:00",90.15,90.21,89.66,89.71,1535,"HHHL","Red","Up",0.75,0.68,0.55,"Down",0.85,0.44,"Up",1,0.090909,0.872727,True,False,True,False,"Rising","Strong","Clustered","Local","Contained","Major","RangePeak20;BreaksPriorHigh;CloseInsidePriorRange;DissipationLocal;AcceptanceContained;CompressionClustered"
1000,"2026-04-23 06:55:00",89.72,89.82,89.6,89.67,826,"LLLH","Red","Down",0.2,0.18,0.22,"Down",0.25,0.05,"Down",0.25,0.318182,0.727273,True,False,False,True,"Falling","Absent","Local","Local","Contained","Minor","BreaksPriorLow;CloseInsidePriorRange;DissipationLocal;AcceptanceContained;CompressionLocal"
1001,"2026-04-23 07:00:00",89.66,89.8,89.58,89.75,1069,"LLLH","Black","Up",0.35,0.36,0.22,"Flat",0.3,0.09,"Up",0.4,0.772727,0.909091,True,False,False,True,"Rising","Absent","Clustered","Absent","Contained","Minor","BreaksPriorLow;CloseInsidePriorRange;AcceptanceContained;CompressionClustered"
1002,"2026-04-23 07:05:00",89.75,90.39,89.75,89.85,3792,"HHHL","Black","Up",0.95,0.96,0.64,"Up",0.95,0.1,"Up",0.45,0.15625,0.078125,False,False,True,False,"Climactic","Climactic","Absent","Absent","Accepted","SessionDefining","VolumePeak20;VolumeClimactic50;RangePeak20;RangeClimactic20;BreaksPriorHigh;AcceptanceAccepted"
1003,"2026-04-23 07:10:00",89.88,90.01,89.6,89.86,1509,"LLLH","Red","Down",0.7,0.66,0.41,"Down",0.7,0.02,"Down",0.15,0.634146,0.634146,True,False,False,True,"Falling","Absent","Local","Local","Contained","Moderate","BreaksPriorLow;CloseInsidePriorRange;DissipationLocal;AcceptanceContained;CompressionLocal"
1004,"2026-04-23 07:15:00",89.85,89.92,89.43,89.55,1534,"LLLH","Red","Up",0.7,0.72,0.49,"Up",0.8,0.3,"Up",0.85,0.244898,0.653061,False,False,False,True,"Rising","Strong","Absent","Absent","Accepted","Major","RangePeak20;BreaksPriorLow;AcceptanceAccepted"
1005,"2026-04-23 07:20:00",89.59,89.59,89.21,89.43,1518,"LLLH","Red","Down",0.65,0.72,0.38,"Down",0.55,0.16,"Down",0.55,0.578947,0.421053,True,False,False,True,"Falling","Absent","Local","Local","Contained","Moderate","BreaksPriorLow;CloseInsidePriorRange;DissipationLocal;AcceptanceContained;CompressionLocal"
1006,"2026-04-23 07:25:00",89.44,89.47,89.1,89.16,1464,"LLLH","Red","Down",0.5,0.6,0.37,"Down",0.5,0.28,"Up",0.8,0.162162,0.702703,False,False,False,True,"Falling","Absent","Absent","Local","Accepted","Minor","BreaksPriorLow;DissipationLocal;AcceptanceAccepted"
1007,"2026-04-23 07:30:00",89.16,89.29,89.02,89.14,1307,"LLLH","Red","Down",0.25,0.5,0.27,"Down",0.25,0.02,"Down",0.15,0.444444,0.703704,True,False,False,True,"Falling","Absent","Local","Local","Contained","Minor","BreaksPriorLow;CloseInsidePriorRange;DissipationLocal;AcceptanceContained;CompressionLocal"
1008,"2026-04-23 07:35:00",89.15,89.24,88.99,89.24,1042,"LLLH","Black","Down",0.1,0.36,0.25,"Down",0.2,0.09,"Up",0.3,1,0.88,True,False,False,True,"Falling","Absent","Clustered","Local","Contained","Minor","BreaksPriorLow;CloseInsidePriorRange;DissipationLocal;AcceptanceContained;CompressionClustered"
1009,"2026-04-23 07:40:00",89.25,89.5,88.97,89.35,1611,"OutsideBar","Black","Up",0.85,0.84,0.53,"Up",0.8,0.1,"Up",0.45,0.716981,0.471698,False,False,True,True,"Peak","Strong","Absent","Absent","Accepted","Major","VolumePeak20;RangePeak20;BreaksPriorHigh;BreaksPriorLow;AcceptanceAccepted"
1010,"2026-04-23 07:45:00",89.34,89.49,89.04,89.05,986,"InsideBar","Red","Down",0.1,0.32,0.45,"Down",0.7,0.29,"Up",0.8,0.022222,1,True,False,False,False,"Falling","Absent","Clustered","Absent","Unresolved","Moderate","CloseInsidePriorRange;CompressionClustered"
1011,"2026-04-23 07:50:00",89.04,89.35,88.91,89.02,1116,"LLLH","Red","Up",0.25,0.4,0.44,"Down",0.65,0.02,"Down",0.15,0.25,0.704545,False,False,False,True,"Rising","Absent","Absent","Local","Accepted","Moderate","BreaksPriorLow;DissipationLocal;AcceptanceAccepted"
1012,"2026-04-23 07:55:00",89.04,89.18,88.79,88.89,922,"LLLH","Red","Down",0.1,0.24,0.39,"Down",0.5,0.15,"Up",0.55,0.25641,0.692308,False,False,False,True,"Falling","Absent","Absent","Local","Accepted","Minor","BreaksPriorLow;DissipationLocal;AcceptanceAccepted"
1013,"2026-04-23 08:00:00",88.89,89.06,88.81,88.84,695,"InsideBar","Red","Down",0.05,0.12,0.25,"Down",0.25,0.05,"Down",0.25,0.12,1,True,False,False,False,"Falling","Absent","Clustered","Absent","Unresolved","Minor","CloseInsidePriorRange;CompressionClustered"
1014,"2026-04-23 08:05:00",88.85,88.98,88.72,88.86,916,"LLLH","Black","Up",0.15,0.26,0.26,"Up",0.3,0.01,"Down",0.05,0.538462,0.653846,True,True,False,True,"Rising","Local","Local","Absent","Contained","Minor","BreaksPriorLow;CloseInsidePriorRange;CloseInsidePriorBody;AcceptanceContained;CompressionLocal"
1015,"2026-04-23 08:10:00",88.85,89.49,88.84,89.44,1463,"HHHL","Black","Up",0.55,0.6,0.65,"Up",1,0.59,"Up",1,0.923077,0.215385,False,False,True,False,"Rising","Climactic","Absent","Absent","Accepted","Structural","RangePeak20;RangeClimactic20;BreaksPriorHigh;AcceptanceAccepted"
1016,"2026-04-23 08:15:00",89.45,89.54,89.3,89.39,852,"HHHL","Red","Down",0.15,0.18,0.24,"Down",0.15,0.06,"Down",0.35,0.375,0.791667,True,True,True,False,"Falling","Absent","Local","Local","Contained","Minor","BreaksPriorHigh;CloseInsidePriorRange;CloseInsidePriorBody;DissipationLocal;AcceptanceContained;CompressionLocal"
1017,"2026-04-23 08:20:00",89.4,89.54,89.09,89.2,1110,"OutsideBar","Red","Up",0.45,0.38,0.45,"Up",0.7,0.2,"Up",0.7,0.244444,0.533333,False,False,False,True,"Rising","Local","Absent","Absent","Accepted","Moderate","BreaksPriorLow;AcceptanceAccepted"
1018,"2026-04-23 08:25:00",89.2,89.36,89.13,89.35,728,"InsideBar","Black","Down",0.1,0.1,0.23,"Down",0.15,0.15,"Down",0.6,0.956522,1,True,True,False,False,"Falling","Absent","Clustered","Absent","Unresolved","Minor","CloseInsidePriorRange;CloseInsidePriorBody;CompressionClustered"
1019,"2026-04-23 08:30:00",89.36,89.44,89.1,89.42,1025,"OutsideBar","Black","Up",0.4,0.32,0.34,"Up",0.45,0.06,"Down",0.4,0.941176,0.676471,False,False,True,True,"Rising","Local","Absent","Absent","Accepted","Minor","BreaksPriorHigh;BreaksPriorLow;AcceptanceAccepted"
1020,"2026-04-23 08:35:00",89.43,89.73,89.37,89.71,1768,"HHHL","Black","Up",0.95,0.86,0.36,"Up",0.45,0.28,"Up",0.8,0.944444,0.194444,False,False,True,False,"Peak","Local","Absent","Absent","Accepted","Major","VolumePeak20;BreaksPriorHigh;AcceptanceAccepted"
1021,"2026-04-23 08:40:00",89.7,89.94,89.61,89.93,1344,"HHHL","Black","Down",0.6,0.58,0.33,"Down",0.35,0.23,"Down",0.75,0.969697,0.363636,False,False,True,False,"Falling","Absent","Absent","Local","Accepted","Moderate","BreaksPriorHigh;DissipationLocal;AcceptanceAccepted"
1022,"2026-04-23 08:45:00",89.93,89.96,89.65,89.9,1232,"HHHL","Red","Down",0.55,0.5,0.31,"Down",0.35,0.03,"Down",0.25,0.806452,0.935484,True,True,True,False,"Falling","Absent","Clustered","Local","Contained","Minor","BreaksPriorHigh;CloseInsidePriorRange;CloseInsidePriorBody;DissipationLocal;AcceptanceContained;CompressionClustered"
1023,"2026-04-23 08:50:00",89.88,90.41,89.88,90.13,3129,"HHHL","Black","Up",1,0.96,0.53,"Up",0.95,0.25,"Up",0.75,0.471698,0.150943,False,False,True,False,"Climactic","Climactic","Absent","Absent","Accepted","SessionDefining","VolumePeak20;VolumeClimactic50;RangePeak20;RangeClimactic20;BreaksPriorHigh;AcceptanceAccepted"
1024,"2026-04-23 08:55:00",90.15,90.3,90.03,90.25,995,"InsideBar","Black","Down",0.35,0.32,0.27,"Down",0.3,0.1,"Down",0.5,0.814815,1,True,False,False,False,"Falling","Absent","Clustered","Absent","Unresolved","Minor","CloseInsidePriorRange;CompressionClustered"
1025,"2026-04-23 09:00:00",90.24,90.25,90,90.21,797,"LLLH","Red","Down",0.15,0.12,0.25,"Down",0.25,0.03,"Down",0.25,0.84,0.88,True,True,False,True,"Falling","Absent","Clustered","Local","Contained","Minor","BreaksPriorLow;CloseInsidePriorRange;CloseInsidePriorBody;DissipationLocal;AcceptanceContained;CompressionClustered"
1026,"2026-04-23 09:05:00",90.21,90.45,90.1,90.44,862,"HHHL","Black","Up",0.25,0.22,0.35,"Up",0.6,0.23,"Up",0.8,0.971429,0.428571,False,False,True,False,"Rising","Local","Absent","Absent","Accepted","Moderate","BreaksPriorHigh;AcceptanceAccepted"
1027,"2026-04-23 09:10:00",90.45,90.46,90.19,90.24,924,"HHHL","Red","Up",0.4,0.28,0.27,"Down",0.4,0.21,"Down",0.7,0.185185,0.962963,True,True,True,False,"Rising","Absent","Clustered","Local","Contained","Minor","BreaksPriorHigh;CloseInsidePriorRange;CloseInsidePriorBody;DissipationLocal;AcceptanceContained;CompressionClustered"
1028,"2026-04-23 09:15:00",90.22,90.41,90.14,90.26,600,"LLLH","Black","Down",0.05,0.06,0.27,"Flat",0.4,0.04,"Down",0.25,0.444444,0.814815,True,True,False,True,"Falling","Absent","Clustered","Local","Contained","Minor","BreaksPriorLow;CloseInsidePriorRange;CloseInsidePriorBody;DissipationLocal;AcceptanceContained;CompressionClustered"
1029,"2026-04-23 09:20:00",90.26,90.35,90.14,90.17,626,"InsideBar","Red","Up",0.1,0.08,0.21,"Down",0.05,0.09,"Up",0.45,0.142857,1,True,False,False,False,"Rising","Absent","Clustered","Local","Unresolved","Minor","CloseInsidePriorRange;DissipationLocal;CompressionClustered"
1030,"2026-04-23 09:25:00",90.16,90.32,90.11,90.31,495,"LLLH","Black","Down",0.05,0.02,0.21,"Flat",0.1,0.15,"Up",0.65,0.952381,0.857143,True,False,False,True,"Falling","Absent","Clustered","Local","Contained","Minor","BreaksPriorLow;CloseInsidePriorRange;DissipationLocal;AcceptanceContained;CompressionClustered"
1031,"2026-04-23 09:30:00",90.32,90.35,90.05,90.11,913,"OutsideBar","Red","Up",0.45,0.28,0.3,"Up",0.55,0.21,"Up",0.7,0.2,0.7,True,False,True,True,"Rising","Local","Local","Absent","Contained","Minor","BreaksPriorHigh;BreaksPriorLow;CloseInsidePriorRange;AcceptanceContained;CompressionLocal"
1032,"2026-04-23 09:35:00",90.1,90.21,89.77,89.8,814,"LLLH","Red","Down",0.35,0.18,0.44,"Up",0.85,0.3,"Up",0.95,0.068182,0.363636,False,False,False,True,"Falling","Strong","Absent","Local","Accepted","Major","RangePeak20;LowVolumeHighRange;BreaksPriorLow;DissipationLocal;AcceptanceAccepted"
1033,"2026-04-23 09:40:00",89.8,90.05,89.69,89.98,962,"LLLH","Black","Up",0.6,0.38,0.36,"Down",0.8,0.18,"Down",0.55,0.805556,0.777778,True,True,False,True,"Rising","Strong","Local","Local","Contained","Major","RangePeak20;BreaksPriorLow;CloseInsidePriorRange;CloseInsidePriorBody;DissipationLocal;AcceptanceContained;CompressionLocal"
1034,"2026-04-23 09:45:00",89.99,90.16,89.93,89.97,491,"HHHL","Red","Down",0.05,0.02,0.23,"Down",0.15,0.02,"Down",0.05,0.173913,0.521739,True,True,True,False,"Falling","Absent","Local","Local","Contained","Minor","BreaksPriorHigh;CloseInsidePriorRange;CloseInsidePriorBody;DissipationLocal;AcceptanceContained;CompressionLocal"
1035,"2026-04-23 09:50:00",89.98,89.98,89.74,89.79,767,"LLLH","Red","Up",0.3,0.16,0.24,"Up",0.3,0.19,"Up",0.6,0.208333,0.208333,False,False,False,True,"Rising","Local","Absent","Absent","Accepted","Minor","BreaksPriorLow;AcceptanceAccepted"
1036,"2026-04-23 09:55:00",89.82,90.08,89.81,90.02,731,"HHHL","Black","Down",0.3,0.14,0.27,"Up",0.5,0.2,"Up",0.65,0.777778,0.62963,False,False,True,False,"Falling","Local","Absent","Local","Accepted","Minor","BreaksPriorHigh;DissipationLocal;AcceptanceAccepted"
1037,"2026-04-23 10:00:00",90.04,90.4,89.96,90.22,1552,"HHHL","Black","Up",0.9,0.84,0.44,"Up",0.95,0.18,"Down",0.5,0.590909,0.272727,False,False,True,False,"Peak","Climactic","Absent","Absent","Accepted","Structural","VolumePeak20;RangePeak20;RangeClimactic20;BreaksPriorHigh;AcceptanceAccepted"
1038,"2026-04-23 10:05:00",90.2,91.34,90.19,91.23,7108,"HHHL","Black","Up",1,1,1.15,"Up",1,1.03,"Up",1,0.904348,0.182609,False,False,True,False,"Climactic","Climactic","Absent","Absent","Accepted","SessionDefining","VolumePeak20;VolumeClimactic50;RangePeak20;RangeClimactic20;BreaksPriorHigh;AcceptanceAccepted"
1039,"2026-04-23 10:10:00",91.25,91.91,91.23,91.87,5607,"HHHL","Black","Down",0.95,0.98,0.68,"Down",0.95,0.62,"Down",0.95,0.941176,0.161765,False,False,True,False,"Climactic","Climactic","Absent","Local","Accepted","SessionDefining","VolumePeak20;VolumeClimactic50;RangePeak20;RangeClimactic20;BreaksPriorHigh;DissipationLocal;AcceptanceAccepted"
1040,"2026-04-23 10:15:00",91.85,92,91.51,91.7,3933,"HHHL","Red","Down",0.9,0.96,0.49,"Down",0.85,0.15,"Down",0.35,0.387755,0.816327,True,True,True,False,"Climactic","Strong","Clustered","Local","Contained","Structural","VolumePeak20;VolumeClimactic50;RangePeak20;BreaksPriorHigh;CloseInsidePriorRange;CloseInsidePriorBody;DissipationLocal;AcceptanceContained;CompressionClustered"
1041,"2026-04-23 10:20:00",91.69,92.44,91.68,92.31,3974,"HHHL","Black","Up",0.9,0.96,0.76,"Up",0.95,0.62,"Up",0.95,0.828947,0.421053,False,False,True,False,"Climactic","Climactic","Absent","Absent","Accepted","SessionDefining","VolumePeak20;VolumeClimactic50;RangePeak20;RangeClimactic20;BreaksPriorHigh;AcceptanceAccepted"
1042,"2026-04-23 10:25:00",92.31,92.7,92.26,92.49,3348,"HHHL","Black","Down",0.8,0.9,0.44,"Down",0.7,0.18,"Down",0.45,0.522727,0.409091,False,False,True,False,"Peak","Absent","Absent","Local","Accepted","Structural","VolumePeak20;BreaksPriorHigh;DissipationLocal;AcceptanceAccepted"
1043,"2026-04-23 10:30:00",92.48,92.64,91.89,92.49,4898,"LLLH","Black","Up",0.9,0.96,0.75,"Up",0.9,0.01,"Down",0.05,0.8,0.506667,True,True,False,True,"Climactic","Strong","Local","Absent","Contained","Structural","VolumePeak20;VolumeClimactic50;RangePeak20;BreaksPriorLow;CloseInsidePriorRange;CloseInsidePriorBody;AcceptanceContained;CompressionLocal"
1044,"2026-04-23 10:35:00",92.5,92.77,92.19,92.31,3650,"HHHL","Red","Down",0.75,0.88,0.58,"Down",0.8,0.19,"Up",0.6,0.206897,0.775862,True,False,True,False,"Falling","Strong","Local","Local","Contained","Major","RangePeak20;BreaksPriorHigh;CloseInsidePriorRange;DissipationLocal;AcceptanceContained;CompressionLocal"
1045,"2026-04-23 10:40:00",92.3,93.25,92.15,93.2,4358,"OutsideBar","Black","Up",0.85,0.94,1.1,"Up",0.95,0.9,"Up",0.95,0.954545,0.527273,False,False,True,True,"Peak","Climactic","Absent","Absent","Accepted","Structural","VolumePeak20;RangePeak20;RangeClimactic20;BreaksPriorHigh;BreaksPriorLow;AcceptanceAccepted"
1046,"2026-04-23 10:45:00",93.22,93.96,93.19,93.61,5436,"HHHL","Black","Up",0.9,0.96,0.77,"Down",0.9,0.39,"Down",0.8,0.545455,0.077922,False,False,True,False,"Climactic","Strong","Absent","Local","Accepted","Structural","VolumePeak20;VolumeClimactic50;RangePeak20;BreaksPriorHigh;DissipationLocal;AcceptanceAccepted"
1047,"2026-04-23 10:50:00",93.62,94.15,92.99,93.14,6439,"OutsideBar","Red","Up",0.95,0.98,1.16,"Up",1,0.48,"Up",0.8,0.12931,0.663793,False,False,True,True,"Climactic","Climactic","Absent","Absent","Accepted","SessionDefining","VolumePeak20;VolumeClimactic50;RangePeak20;RangeClimactic20;BreaksPriorHigh;BreaksPriorLow;AcceptanceAccepted"
1048,"2026-04-23 10:55:00",93.16,93.73,91.7,92.52,8384,"LLLH","Red","Up",1,1,2.03,"Up",1,0.64,"Up",0.9,0.403941,0.364532,False,False,False,True,"Climactic","Climactic","Absent","Absent","Accepted","SessionDefining","VolumePeak20;VolumeClimactic50;RangePeak20;RangeClimactic20;BreaksPriorLow;AcceptanceAccepted"
1049,"2026-04-23 11:00:00",92.51,92.76,91.81,91.95,4257,"InsideBar","Red","Down",0.65,0.86,0.95,"Down",0.8,0.56,"Down",0.75,0.147368,1,True,False,False,False,"Falling","Strong","Clustered","Absent","Unresolved","Major","RangePeak20;CloseInsidePriorRange;CompressionClustered"
1050,"2026-04-23 11:05:00",91.98,92.06,90.96,91.85,5556,"LLLH","Red","Up",0.8,0.92,1.1,"Up",0.85,0.13,"Down",0.15,0.809091,0.227273,True,False,False,True,"Peak","Strong","Local","Absent","Contained","Structural","VolumePeak20;RangePeak20;BreaksPriorLow;CloseInsidePriorRange;AcceptanceContained;CompressionLocal"
1051,"2026-04-23 11:10:00",91.84,92.09,91.24,91.76,2829,"HHHL","Red","Down",0.35,0.7,0.85,"Down",0.7,0.08,"Down",0.15,0.611765,0.964706,True,False,True,False,"Falling","Absent","Clustered","Local","Contained","Moderate","BreaksPriorHigh;CloseInsidePriorRange;DissipationLocal;AcceptanceContained;CompressionClustered"
1052,"2026-04-23 11:15:00",91.75,91.81,90.99,91.45,4692,"LLLH","Red","Up",0.65,0.86,0.82,"Down",0.65,0.3,"Up",0.6,0.560976,0.695122,True,False,False,True,"Rising","Absent","Local","Local","Contained","Moderate","BreaksPriorLow;CloseInsidePriorRange;DissipationLocal;AcceptanceContained;CompressionLocal"
1053,"2026-04-23 11:20:00",91.46,91.7,91.2,91.37,2075,"InsideBar","Red","Down",0.25,0.68,0.5,"Down",0.35,0.09,"Down",0.2,0.34,1,True,False,False,False,"Falling","Absent","Clustered","Absent","Unresolved","Minor","CloseInsidePriorRange;CompressionClustered"
1054,"2026-04-23 11:25:00",91.35,91.72,91.16,91.53,2563,"OutsideBar","Black","Up",0.25,0.68,0.56,"Up",0.35,0.18,"Up",0.4,0.660714,0.892857,True,False,True,True,"Rising","Local","Local","Absent","Contained","Minor","BreaksPriorHigh;BreaksPriorLow;CloseInsidePriorRange;AcceptanceContained;CompressionLocal"
1055,"2026-04-23 11:30:00",91.51,91.83,91.36,91.52,4729,"HHHL","Black","Up",0.65,0.86,0.47,"Down",0.2,0.01,"Down",0.1,0.340426,0.765957,True,True,True,False,"Rising","Absent","Local","Local","Contained","Moderate","BreaksPriorHigh;CloseInsidePriorRange;CloseInsidePriorBody;DissipationLocal;AcceptanceContained;CompressionLocal"
1056,"2026-04-24 06:05:00",91.68,91.68,91.25,91.26,2038,"LLLH","Red","Down",0.1,0.62,0.43,"Down",0.05,0.42,"Up",0.65,0.023256,0.744186,False,False,False,True,"Falling","Absent","Absent","Local","Accepted","Minor","BreaksPriorLow;DissipationLocal;AcceptanceAccepted"
1057,"2026-04-24 06:10:00",91.27,91.43,91.08,91.29,2024,"LLLH","Black","Down",0.05,0.6,0.35,"Down",0.05,0.02,"Down",0.15,0.6,0.514286,True,True,False,True,"Falling","Absent","Local","Local","Contained","Minor","BreaksPriorLow;CloseInsidePriorRange;CloseInsidePriorBody;DissipationLocal;AcceptanceContained;CompressionLocal"
1058,"2026-04-24 06:15:00",91.28,91.29,90.48,90.79,2984,"LLLH","Red","Up",0.3,0.68,0.81,"Up",0.65,0.49,"Up",0.75,0.382716,0.259259,False,False,False,True,"Rising","Local","Absent","Absent","Accepted","Moderate","BreaksPriorLow;AcceptanceAccepted"
1059,"2026-04-24 06:20:00",90.79,91.05,90.41,90.43,1930,"LLLH","Red","Down",0.05,0.56,0.64,"Down",0.45,0.36,"Down",0.6,0.03125,0.890625,False,False,False,True,"Falling","Absent","Clustered","Local","Accepted","Minor","BreaksPriorLow;DissipationLocal;AcceptanceAccepted;CompressionClustered"
1060,"2026-04-24 06:25:00",90.46,91.1,90.4,90.9,1907,"OutsideBar","Black","Down",0.05,0.54,0.7,"Up",0.45,0.44,"Up",0.7,0.714286,0.914286,True,False,True,True,"Falling","Local","Local","Local","Contained","Minor","BreaksPriorHigh;BreaksPriorLow;CloseInsidePriorRange;DissipationLocal;AcceptanceContained;CompressionLocal"
1061,"2026-04-24 06:30:00",90.92,91.1,90.63,90.69,1383,"InsideBar","Red","Down",0.05,0.46,0.47,"Down",0.25,0.23,"Down",0.5,0.12766,1,True,True,False,False,"Falling","Absent","Clustered","Absent","Unresolved","Minor","CloseInsidePriorRange;CloseInsidePriorBody;CompressionClustered"
1062,"2026-04-24 06:35:00",90.68,91.31,90.61,91.18,2066,"OutsideBar","Black","Up",0.3,0.6,0.7,"Up",0.5,0.5,"Up",0.85,0.814286,0.671429,False,False,True,True,"Rising","Local","Absent","Absent","Accepted","Minor","BreaksPriorHigh;BreaksPriorLow;AcceptanceAccepted"
1063,"2026-04-24 06:40:00",91.17,91.23,91.04,91.15,855,"InsideBar","Red","Down",0.05,0.22,0.19,"Down",0.05,0.02,"Down",0.1,0.578947,1,True,True,False,False,"Falling","Absent","Clustered","Absent","Unresolved","Minor","CloseInsidePriorRange;CloseInsidePriorBody;CompressionClustered"
1064,"2026-04-24 06:45:00",91.11,91.2,90.94,91.16,1005,"LLLH","Black","Up",0.1,0.34,0.26,"Up",0.1,0.05,"Up",0.2,0.846154,0.615385,True,True,False,True,"Rising","Local","Local","Absent","Contained","Minor","BreaksPriorLow;CloseInsidePriorRange;CloseInsidePriorBody;AcceptanceContained;CompressionLocal"
1065,"2026-04-24 06:50:00",91.15,91.18,90.77,90.93,1785,"LLLH","Red","Up",0.2,0.5,0.41,"Up",0.2,0.22,"Up",0.45,0.390244,0.585366,False,False,False,True,"Rising","Local","Absent","Absent","Accepted","Minor","BreaksPriorLow;AcceptanceAccepted"
1066,"2026-04-24 06:55:00",90.93,91.19,90.81,91.17,1000,"HHHL","Black","Down",0.1,0.32,0.38,"Down",0.2,0.24,"Up",0.55,0.947368,0.973684,True,False,True,False,"Falling","Absent","Clustered","Local","Contained","Minor","BreaksPriorHigh;CloseInsidePriorRange;DissipationLocal;AcceptanceContained;CompressionClustered"
1067,"2026-04-24 07:00:00",91.16,91.24,90.92,90.96,695,"HHHL","Red","Down",0.05,0.1,0.32,"Down",0.15,0.2,"Down",0.45,0.125,0.84375,True,True,True,False,"Falling","Absent","Clustered","Local","Contained","Minor","BreaksPriorHigh;CloseInsidePriorRange;CloseInsidePriorBody;DissipationLocal;AcceptanceContained;CompressionClustered"
1068,"2026-04-24 07:05:00",90.99,91.35,90.84,90.91,1538,"OutsideBar","Red","Up",0.3,0.44,0.51,"Up",0.55,0.08,"Down",0.3,0.137255,0.627451,False,False,True,True,"Rising","Local","Absent","Absent","Accepted","Minor","BreaksPriorHigh;BreaksPriorLow;AcceptanceAccepted"
1069,"2026-04-24 07:10:00",90.89,91.26,90.63,90.74,2473,"LLLH","Red","Up",0.7,0.62,0.63,"Up",0.65,0.15,"Up",0.45,0.174603,0.666667,False,False,False,True,"Rising","Local","Absent","Absent","Accepted","Moderate","BreaksPriorLow;AcceptanceAccepted"
1070,"2026-04-24 07:15:00",90.72,90.95,90.51,90.95,1836,"LLLH","Black","Down",0.4,0.48,0.44,"Down",0.4,0.23,"Up",0.65,1,0.727273,True,False,False,True,"Falling","Absent","Local","Local","Contained","Minor","BreaksPriorLow;CloseInsidePriorRange;DissipationLocal;AcceptanceContained;CompressionLocal"
1071,"2026-04-24 07:20:00",90.94,91.13,90.74,90.84,1317,"HHHL","Red","Down",0.25,0.38,0.39,"Down",0.3,0.1,"Down",0.35,0.25641,0.538462,True,True,True,False,"Falling","Absent","Local","Local","Contained","Minor","BreaksPriorHigh;CloseInsidePriorRange;CloseInsidePriorBody;DissipationLocal;AcceptanceContained;CompressionLocal"
1072,"2026-04-24 07:25:00",90.84,91.02,90.66,90.96,1373,"LLLH","Black","Up",0.3,0.38,0.36,"Down",0.25,0.12,"Up",0.4,0.833333,0.777778,True,False,False,True,"Rising","Absent","Local","Local","Contained","Minor","BreaksPriorLow;CloseInsidePriorRange;DissipationLocal;AcceptanceContained;CompressionLocal"
1073,"2026-04-24 07:30:00",90.96,91.29,90.83,91.09,1653,"HHHL","Black","Up",0.45,0.46,0.46,"Up",0.55,0.13,"Up",0.4,0.565217,0.413043,False,False,True,False,"Rising","Local","Absent","Absent","Accepted","Minor","BreaksPriorHigh;AcceptanceAccepted"
1074,"2026-04-24 07:35:00",91.1,91.2,90.69,90.81,1387,"LLLH","Red","Down",0.4,0.4,0.51,"Up",0.75,0.29,"Up",0.75,0.235294,0.72549,False,False,False,True,"Falling","Local","Absent","Local","Accepted","Moderate","BreaksPriorLow;DissipationLocal;AcceptanceAccepted"
1075,"2026-04-24 07:40:00",90.81,90.88,90.53,90.77,1674,"LLLH","Red","Up",0.55,0.46,0.35,"Down",0.2,0.04,"Down",0.15,0.685714,0.542857,True,False,False,True,"Rising","Absent","Local","Local","Contained","Minor","BreaksPriorLow;CloseInsidePriorRange;DissipationLocal;AcceptanceContained;CompressionLocal"
1076,"2026-04-24 07:45:00",90.77,90.79,90.46,90.55,1147,"LLLH","Red","Down",0.25,0.3,0.33,"Down",0.2,0.22,"Up",0.6,0.272727,0.787879,True,False,False,True,"Falling","Absent","Local","Local","Contained","Minor","BreaksPriorLow;CloseInsidePriorRange;DissipationLocal;AcceptanceContained;CompressionLocal"
1077,"2026-04-24 07:50:00",90.55,90.82,90.42,90.69,1278,"OutsideBar","Black","Up",0.3,0.3,0.4,"Up",0.45,0.14,"Down",0.4,0.675,0.825,True,True,True,True,"Rising","Local","Local","Absent","Contained","Minor","BreaksPriorHigh;BreaksPriorLow;CloseInsidePriorRange;CloseInsidePriorBody;AcceptanceContained;CompressionLocal"
1078,"2026-04-24 07:55:00",90.68,90.92,90.61,90.9,932,"HHHL","Black","Down",0.15,0.2,0.31,"Down",0.15,0.22,"Up",0.65,0.935484,0.677419,False,False,True,False,"Falling","Absent","Absent","Local","Accepted","Minor","BreaksPriorHigh;DissipationLocal;AcceptanceAccepted"
1079,"2026-04-24 08:00:00",90.9,90.93,90.6,90.88,1299,"OutsideBar","Red","Up",0.4,0.3,0.33,"Up",0.3,0.02,"Down",0.1,0.848485,0.939394,True,True,True,True,"Rising","Local","Local","Absent","Contained","Minor","BreaksPriorHigh;BreaksPriorLow;CloseInsidePriorRange;CloseInsidePriorBody;AcceptanceContained;CompressionLocal"
1080,"2026-04-24 08:05:00",90.88,91.29,90.8,91.27,1927,"HHHL","Black","Up",0.9,0.52,0.49,"Up",0.8,0.39,"Up",0.95,0.959184,0.265306,False,False,True,False,"Peak","Strong","Absent","Absent","Accepted","Major","VolumePeak20;RangePeak20;BreaksPriorHigh;AcceptanceAccepted"
1081,"2026-04-24 08:10:00",91.28,91.57,91.18,91.21,1390,"HHHL","Red","Down",0.6,0.36,0.39,"Down",0.5,0.07,"Down",0.25,0.076923,0.282051,True,True,True,False,"Falling","Absent","Local","Local","Contained","Moderate","BreaksPriorHigh;CloseInsidePriorRange;CloseInsidePriorBody;DissipationLocal;AcceptanceContained;CompressionLocal"
1082,"2026-04-24 08:15:00",91.18,91.37,90.96,91.19,1316,"LLLH","Black","Down",0.45,0.26,0.41,"Up",0.7,0.01,"Down",0.05,0.560976,0.463415,True,False,False,True,"Falling","Local","Local","Local","Contained","Moderate","BreaksPriorLow;CloseInsidePriorRange;DissipationLocal;AcceptanceContained;CompressionLocal"
1083,"2026-04-24 08:20:00",91.18,91.39,91.16,91.2,932,"HHHL","Black","Down",0.15,0.14,0.23,"Down",0.05,0.02,"Up",0.1,0.173913,0.913043,True,False,True,False,"Falling","Absent","Clustered","Local","Contained","Minor","BreaksPriorHigh;CloseInsidePriorRange;DissipationLocal;AcceptanceContained;CompressionClustered"
1084,"2026-04-24 08:25:00",91.19,91.34,90.98,91.13,1437,"LLLH","Red","Up",0.65,0.36,0.36,"Up",0.4,0.06,"Up",0.25,0.416667,0.5,False,False,False,True,"Rising","Local","Absent","Absent","Accepted","Moderate","BreaksPriorLow;AcceptanceAccepted"
1085,"2026-04-24 08:30:00",91.13,91.49,91.04,91.25,1742,"HHHL","Black","Up",0.85,0.44,0.45,"Up",0.75,0.12,"Up",0.5,0.466667,0.666667,True,False,True,False,"Peak","Local","Local","Absent","Contained","Major","VolumePeak20;BreaksPriorHigh;CloseInsidePriorRange;AcceptanceContained;CompressionLocal"
1086,"2026-04-24 08:35:00",91.23,91.31,90.67,91.02,2265,"LLLH","Red","Up",0.95,0.62,0.64,"Up",1,0.21,"Up",0.75,0.546875,0.421875,False,False,False,True,"Peak","Climactic","Absent","Absent","Accepted","Structural","VolumePeak20;RangePeak20;RangeClimactic20;BreaksPriorLow;AcceptanceAccepted"
1087,"2026-04-24 08:40:00",91.04,91.09,90.62,90.62,1315,"LLLH","Red","Down",0.3,0.2,0.47,"Down",0.75,0.42,"Up",1,0,0.893617,False,False,False,True,"Falling","Absent","Clustered","Local","Accepted","Moderate","BreaksPriorLow;DissipationLocal;AcceptanceAccepted;CompressionClustered"
1088,"2026-04-24 08:45:00",90.64,90.82,89.39,89.61,3657,"LLLH","Red","Up",1,0.76,1.43,"Up",1,1.03,"Up",1,0.153846,0.13986,False,False,False,True,"Peak","Climactic","Absent","Absent","Accepted","Structural","VolumePeak20;RangePeak20;RangeClimactic20;BreaksPriorLow;AcceptanceAccepted"
1089,"2026-04-24 08:50:00",89.61,89.61,88.44,89.36,10599,"LLLH","Red","Up",1,1,1.17,"Down",0.95,0.25,"Down",0.8,0.786325,0.188034,False,False,False,True,"Climactic","Climactic","Absent","Local","Accepted","SessionDefining","VolumePeak20;VolumeClimactic50;RangePeak20;RangeClimactic20;BreaksPriorLow;DissipationLocal;AcceptanceAccepted"
1090,"2026-04-24 08:55:00",89.37,89.44,88.79,88.81,3744,"InsideBar","Red","Down",0.95,0.78,0.65,"Down",0.9,0.56,"Up",0.95,0.030769,1,True,False,False,False,"Peak","Strong","Clustered","Absent","Unresolved","Structural","VolumePeak20;RangePeak20;CloseInsidePriorRange;CompressionClustered"
1091,"2026-04-24 09:00:00",88.82,89.39,88.73,89.29,3205,"LLLH","Black","Down",0.85,0.72,0.66,"Up",0.9,0.47,"Down",0.9,0.848485,0.909091,True,True,False,True,"Peak","Strong","Local","Local","Contained","Structural","VolumePeak20;RangePeak20;BreaksPriorLow;CloseInsidePriorRange;CloseInsidePriorBody;DissipationLocal;AcceptanceContained;CompressionLocal"
1092,"2026-04-24 09:05:00",89.29,89.38,88.89,89.3,1849,"InsideBar","Black","Down",0.7,0.48,0.49,"Down",0.65,0.01,"Down",0.1,0.836735,1,True,False,False,False,"Falling","Absent","Clustered","Absent","Unresolved","Moderate","CloseInsidePriorRange;CompressionClustered"
1093,"2026-04-24 09:10:00",89.3,89.82,89.17,89.65,2036,"HHHL","Black","Up",0.75,0.58,0.65,"Up",0.85,0.35,"Up",0.75,0.738462,0.323077,False,False,True,False,"Rising","Strong","Absent","Absent","Accepted","Major","RangePeak20;BreaksPriorHigh;AcceptanceAccepted"
1094,"2026-04-24 09:15:00",89.66,89.74,89.29,89.57,1529,"InsideBar","Red","Down",0.5,0.36,0.45,"Down",0.55,0.09,"Down",0.4,0.622222,1,True,True,False,False,"Falling","Absent","Clustered","Absent","Unresolved","Minor","CloseInsidePriorRange;CloseInsidePriorBody;CompressionClustered"
1095,"2026-04-24 09:20:00",89.57,89.98,89.49,89.89,1232,"HHHL","Black","Down",0.2,0.16,0.49,"Up",0.7,0.32,"Up",0.7,0.816327,0.510204,False,False,True,False,"Falling","Local","Absent","Local","Accepted","Moderate","BreaksPriorHigh;DissipationLocal;AcceptanceAccepted"
1096,"2026-04-24 09:25:00",89.88,89.89,89.65,89.72,617,"InsideBar","Red","Down",0.05,0.02,0.24,"Down",0.1,0.16,"Down",0.5,0.291667,1,True,True,False,False,"Falling","Absent","Clustered","Absent","Unresolved","Minor","CloseInsidePriorRange;CloseInsidePriorBody;CompressionClustered"
1097,"2026-04-24 09:30:00",89.7,89.96,89.57,89.75,1156,"OutsideBar","Black","Up",0.2,0.18,0.39,"Up",0.35,0.05,"Down",0.25,0.461538,0.615385,True,True,True,True,"Rising","Local","Local","Absent","Contained","Minor","BreaksPriorHigh;BreaksPriorLow;CloseInsidePriorRange;CloseInsidePriorBody;AcceptanceContained;CompressionLocal"
1098,"2026-04-24 09:35:00",89.74,89.91,89.42,89.72,1150,"LLLH","Red","Down",0.15,0.18,0.49,"Up",0.6,0.02,"Down",0.2,0.612245,0.693878,True,True,False,True,"Falling","Local","Local","Local","Contained","Moderate","BreaksPriorLow;CloseInsidePriorRange;CloseInsidePriorBody;DissipationLocal;AcceptanceContained;CompressionLocal"
1099,"2026-04-24 09:40:00",89.74,89.87,89.54,89.85,769,"InsideBar","Black","Down",0.1,0.06,0.33,"Down",0.15,0.11,"Up",0.45,0.939394,1,True,False,False,False,"Falling","Absent","Clustered","Absent","Unresolved","Minor","CloseInsidePriorRange;CompressionClustered"
1100,"2026-04-24 09:45:00",89.85,90.19,89.71,89.78,1422,"HHHL","Red","Up",0.5,0.44,0.48,"Up",0.55,0.07,"Down",0.35,0.145833,0.333333,True,True,True,False,"Rising","Local","Local","Absent","Contained","Minor","BreaksPriorHigh;CloseInsidePriorRange;CloseInsidePriorBody;AcceptanceContained;CompressionLocal"
1101,"2026-04-24 09:50:00",89.78,89.99,89.62,89.92,1030,"LLLH","Black","Down",0.2,0.18,0.37,"Down",0.25,0.14,"Up",0.55,0.810811,0.756757,True,False,False,True,"Falling","Absent","Local","Local","Contained","Minor","BreaksPriorLow;CloseInsidePriorRange;DissipationLocal;AcceptanceContained;CompressionLocal"
1102,"2026-04-24 09:55:00",89.9,89.92,89.68,89.79,729,"InsideBar","Red","Down",0.1,0.06,0.24,"Down",0.15,0.11,"Down",0.45,0.458333,1,True,True,False,False,"Falling","Absent","Clustered","Absent","Unresolved","Minor","CloseInsidePriorRange;CloseInsidePriorBody;CompressionClustered"
1103,"2026-04-24 10:00:00",89.79,89.82,89.44,89.53,1519,"LLLH","Red","Up",0.55,0.52,0.38,"Up",0.3,0.26,"Up",0.7,0.236842,0.368421,False,False,False,True,"Rising","Local","Absent","Absent","Accepted","Minor","BreaksPriorLow;AcceptanceAccepted"
1104,"2026-04-24 10:05:00",89.52,89.54,89.16,89.26,1143,"LLLH","Red","Down",0.25,0.22,0.38,"Up",0.3,0.26,"Down",0.65,0.263158,0.263158,False,False,False,True,"Falling","Local","Absent","Local","Accepted","Minor","BreaksPriorLow;DissipationLocal;AcceptanceAccepted"
1105,"2026-04-24 10:10:00",89.23,89.53,89.12,89.37,1651,"LLLH","Black","Up",0.65,0.6,0.41,"Up",0.4,0.14,"Down",0.45,0.609756,0.902439,True,True,False,True,"Rising","Local","Local","Absent","Contained","Moderate","BreaksPriorLow;CloseInsidePriorRange;CloseInsidePriorBody;AcceptanceContained;CompressionLocal"
1106,"2026-04-24 10:15:00",89.36,89.54,89.22,89.5,745,"HHHL","Black","Down",0.15,0.08,0.32,"Down",0.15,0.14,"Flat",0.5,0.875,0.96875,True,False,True,False,"Falling","Absent","Clustered","Local","Contained","Minor","BreaksPriorHigh;CloseInsidePriorRange;DissipationLocal;AcceptanceContained;CompressionClustered"
1107,"2026-04-24 10:20:00",89.5,89.66,89.45,89.46,622,"HHHL","Red","Down",0.1,0.04,0.21,"Down",0.05,0.04,"Down",0.15,0.047619,0.428571,True,True,True,False,"Falling","Absent","Local","Local","Contained","Minor","BreaksPriorHigh;CloseInsidePriorRange;CloseInsidePriorBody;DissipationLocal;AcceptanceContained;CompressionLocal"
1108,"2026-04-24 10:25:00",89.45,89.7,89.36,89.41,711,"OutsideBar","Red","Up",0.15,0.08,0.34,"Up",0.3,0.04,"Flat",0.2,0.147059,0.617647,False,False,True,True,"Rising","Local","Absent","Absent","Accepted","Minor","BreaksPriorHigh;BreaksPriorLow;AcceptanceAccepted"
1109,"2026-04-24 10:30:00",89.42,89.68,89.33,89.65,682,"LLLH","Black","Down",0.15,0.06,0.35,"Up",0.35,0.23,"Up",0.7,0.914286,0.914286,True,False,False,True,"Falling","Local","Local","Local","Contained","Minor","BreaksPriorLow;CloseInsidePriorRange;DissipationLocal;AcceptanceContained;CompressionLocal"
1110,"2026-04-24 10:35:00",89.65,89.87,89.51,89.57,2061,"HHHL","Red","Up",0.95,0.86,0.36,"Up",0.4,0.08,"Down",0.35,0.166667,0.472222,True,True,True,False,"Peak","Local","Local","Absent","Contained","Major","VolumePeak20;HighVolumeLowRange;BreaksPriorHigh;CloseInsidePriorRange;CloseInsidePriorBody;AcceptanceContained;CompressionLocal"
1111,"2026-04-24 10:40:00",89.56,89.59,88.9,89.42,1711,"LLLH","Red","Down",0.85,0.72,0.69,"Up",1,0.14,"Up",0.7,0.753623,0.115942,False,False,False,True,"Peak","Climactic","Absent","Local","Accepted","Structural","VolumePeak20;RangePeak20;RangeClimactic20;BreaksPriorLow;DissipationLocal;AcceptanceAccepted"
1112,"2026-04-24 10:45:00",89.44,89.45,89.25,89.3,721,"InsideBar","Red","Down",0.25,0.12,0.2,"Down",0.05,0.14,"Flat",0.7,0.25,1,True,False,False,False,"Falling","Absent","Clustered","Absent","Unresolved","Minor","CloseInsidePriorRange;CompressionClustered"
1113,"2026-04-24 10:50:00",89.28,89.31,89.09,89.2,717,"LLLH","Red","Down",0.25,0.12,0.22,"Up",0.15,0.08,"Down",0.3,0.5,0.272727,False,False,False,True,"Falling","Local","Absent","Local","Accepted","Minor","BreaksPriorLow;DissipationLocal;AcceptanceAccepted"
1114,"2026-04-24 10:55:00",89.19,89.22,88.51,88.84,2125,"LLLH","Red","Up",1,0.88,0.71,"Up",1,0.35,"Up",1,0.464789,0.183099,False,False,False,True,"Peak","Climactic","Absent","Absent","Accepted","Structural","VolumePeak20;RangePeak20;RangeClimactic20;BreaksPriorLow;AcceptanceAccepted"
1115,"2026-04-24 11:00:00",88.84,89.44,88.78,89.37,1662,"HHHL","Black","Down",0.85,0.7,0.66,"Down",0.9,0.53,"Up",1,0.893939,0.666667,False,False,True,False,"Peak","Strong","Absent","Local","Accepted","Structural","VolumePeak20;RangePeak20;BreaksPriorHigh;DissipationLocal;AcceptanceAccepted"
1116,"2026-04-24 11:05:00",89.38,89.68,89.36,89.68,1928,"HHHL","Black","Up",0.9,0.82,0.32,"Down",0.3,0.3,"Down",0.9,1,0.25,False,False,True,False,"Peak","Absent","Absent","Local","Accepted","Major","VolumePeak20;HighVolumeLowRange;BreaksPriorHigh;DissipationLocal;AcceptanceAccepted"
1117,"2026-04-24 11:10:00",89.68,89.94,89.68,89.82,1739,"HHHL","Black","Down",0.85,0.72,0.26,"Down",0.25,0.14,"Down",0.45,0.538462,0,False,False,True,False,"Peak","Absent","Absent","Local","Accepted","Major","VolumePeak20;HighVolumeLowRange;BreaksPriorHigh;DissipationLocal;AcceptanceAccepted"
1118,"2026-04-24 11:15:00",89.82,89.93,89.71,89.75,1103,"InsideBar","Red","Down",0.5,0.26,0.22,"Down",0.2,0.07,"Down",0.2,0.181818,1,True,True,False,False,"Falling","Absent","Clustered","Absent","Unresolved","Minor","CloseInsidePriorRange;CloseInsidePriorBody;CompressionClustered"
1119,"2026-04-24 11:20:00",89.75,90.12,89.68,89.94,1471,"OutsideBar","Black","Up",0.6,0.58,0.44,"Up",0.8,0.19,"Up",0.7,0.590909,0.5,False,False,True,True,"Rising","Strong","Absent","Absent","Accepted","Major","RangePeak20;BreaksPriorHigh;BreaksPriorLow;AcceptanceAccepted"
1120,"2026-04-24 11:25:00",89.94,90.16,89.83,90.15,1450,"HHHL","Black","Down",0.55,0.58,0.33,"Down",0.45,0.21,"Up",0.7,0.969697,0.878788,False,False,True,False,"Falling","Absent","Clustered","Local","Accepted","Minor","BreaksPriorHigh;DissipationLocal;AcceptanceAccepted;CompressionClustered"
1121,"2026-04-24 11:30:00",90.15,90.26,90.08,90.18,3722,"HHHL","Black","Up",1,0.96,0.18,"Down",0.05,0.03,"Down",0.05,0.555556,0.444444,False,False,True,False,"Climactic","Absent","Absent","Local","Accepted","Structural","VolumePeak20;VolumeClimactic50;HighVolumeLowRange;BreaksPriorHigh;DissipationLocal;AcceptanceAccepted"
1122,"2026-04-27 06:05:00",92.08,92.14,91.79,91.81,1825,"HHHL","Red","Down",0.8,0.76,0.35,"Up",0.55,0.27,"Up",0.85,0.057143,0,False,False,True,False,"Peak","Local","Absent","Local","Accepted","Major","VolumePeak20;BreaksPriorHigh;DissipationLocal;AcceptanceAccepted"
1123,"2026-04-27 06:10:00",91.8,91.92,91.63,91.69,1073,"LLLH","Red","Down",0.35,0.26,0.29,"Down",0.35,0.11,"Down",0.35,0.206897,0.448276,False,False,False,True,"Falling","Absent","Absent","Local","Accepted","Minor","BreaksPriorLow;DissipationLocal;AcceptanceAccepted"
1124,"2026-04-27 06:15:00",91.7,91.89,91.53,91.78,1224,"LLLH","Black","Up",0.45,0.38,0.36,"Up",0.75,0.08,"Down",0.3,0.694444,0.722222,True,True,False,True,"Rising","Local","Local","Absent","Contained","Moderate","BreaksPriorLow;CloseInsidePriorRange;CloseInsidePriorBody;AcceptanceContained;CompressionLocal"
1125,"2026-04-27 06:20:00",91.79,91.88,91.52,91.55,795,"LLLH","Red","Down",0.35,0.2,0.36,"Flat",0.8,0.24,"Up",0.8,0.083333,0.972222,True,False,False,True,"Falling","Strong","Clustered","Local","Contained","Major","RangePeak20;LowVolumeHighRange;BreaksPriorLow;CloseInsidePriorRange;DissipationLocal;AcceptanceContained;CompressionClustered"
1126,"2026-04-27 06:25:00",91.56,91.6,91.38,91.54,896,"LLLH","Red","Up",0.35,0.22,0.22,"Down",0.25,0.02,"Down",0.05,0.727273,0.363636,True,False,False,True,"Rising","Absent","Local","Local","Contained","Minor","BreaksPriorLow;CloseInsidePriorRange;DissipationLocal;AcceptanceContained;CompressionLocal"
1127,"2026-04-27 06:30:00",91.55,91.7,91.51,91.6,641,"HHHL","Black","Down",0.05,0.06,0.19,"Down",0.1,0.05,"Up",0.2,0.473684,0.473684,True,False,True,False,"Falling","Absent","Local","Local","Contained","Minor","BreaksPriorHigh;CloseInsidePriorRange;DissipationLocal;AcceptanceContained;CompressionLocal"
1128,"2026-04-27 06:35:00",91.59,92.15,91.48,92.15,1338,"OutsideBar","Black","Up",0.5,0.5,0.67,"Up",0.9,0.56,"Up",1,1,0.283582,False,False,True,True,"Rising","Strong","Absent","Absent","Accepted","Structural","RangePeak20;BreaksPriorHigh;BreaksPriorLow;AcceptanceAccepted"
1129,"2026-04-27 06:40:00",92.15,92.18,91.88,91.9,1329,"HHHL","Red","Down",0.45,0.48,0.3,"Down",0.45,0.25,"Down",0.75,0.066667,0.9,True,True,True,False,"Falling","Absent","Clustered","Local","Contained","Minor","BreaksPriorHigh;CloseInsidePriorRange;CloseInsidePriorBody;DissipationLocal;AcceptanceContained;CompressionClustered"
1130,"2026-04-27 06:45:00",91.89,92.27,91.87,92.19,945,"OutsideBar","Black","Down",0.3,0.28,0.4,"Up",0.75,0.3,"Up",0.8,0.8,0.75,False,False,True,True,"Falling","Local","Absent","Local","Accepted","Moderate","BreaksPriorHigh;BreaksPriorLow;DissipationLocal;AcceptanceAccepted"
1131,"2026-04-27 06:50:00",92.19,92.29,92.08,92.15,906,"HHHL","Red","Down",0.3,0.26,0.21,"Down",0.2,0.04,"Down",0.15,0.333333,0.904762,True,True,True,False,"Falling","Absent","Clustered","Local","Contained","Minor","BreaksPriorHigh;CloseInsidePriorRange;CloseInsidePriorBody;DissipationLocal;AcceptanceContained;CompressionClustered"
1132,"2026-04-27 06:55:00",92.16,92.23,91.87,91.95,1123,"LLLH","Red","Up",0.45,0.38,0.36,"Up",0.75,0.21,"Up",0.55,0.222222,0.416667,False,False,False,True,"Rising","Local","Absent","Absent","Accepted","Moderate","BreaksPriorLow;AcceptanceAccepted"
1133,"2026-04-27 07:00:00",91.93,92.04,91.43,91.47,1657,"LLLH","Red","Up",0.7,0.68,0.61,"Up",0.85,0.46,"Up",0.9,0.065574,0.278689,False,False,False,True,"Rising","Strong","Absent","Absent","Accepted","Major","RangePeak20;BreaksPriorLow;AcceptanceAccepted"
1134,"2026-04-27 07:05:00",91.46,91.61,91.22,91.36,1477,"LLLH","Red","Down",0.7,0.6,0.39,"Down",0.75,0.1,"Down",0.35,0.358974,0.461538,False,False,False,True,"Falling","Absent","Absent","Local","Accepted","Moderate","BreaksPriorLow;DissipationLocal;AcceptanceAccepted"
1135,"2026-04-27 07:10:00",91.38,91.51,91.06,91.48,1976,"LLLH","Black","Up",0.95,0.82,0.45,"Up",0.9,0.1,"Up",0.4,0.933333,0.644444,True,False,False,True,"Peak","Strong","Local","Absent","Contained","Structural","VolumePeak20;RangePeak20;BreaksPriorLow;CloseInsidePriorRange;AcceptanceContained;CompressionLocal"
1136,"2026-04-27 07:15:00",91.5,91.83,91.38,91.73,1812,"HHHL","Black","Down",0.85,0.76,0.45,"Flat",0.9,0.23,"Up",0.7,0.777778,0.288889,False,False,True,False,"Peak","Strong","Absent","Local","Accepted","Structural","VolumePeak20;RangePeak20;BreaksPriorHigh;DissipationLocal;AcceptanceAccepted"
1137,"2026-04-27 07:20:00",91.71,92.06,91.68,91.95,1283,"HHHL","Black","Down",0.5,0.48,0.38,"Down",0.65,0.24,"Up",0.75,0.710526,0.394737,False,False,True,False,"Falling","Absent","Absent","Local","Accepted","Moderate","BreaksPriorHigh;DissipationLocal;AcceptanceAccepted"
1138,"2026-04-27 07:25:00",91.97,92.13,91.83,91.89,1876,"HHHL","Red","Up",0.9,0.82,0.3,"Down",0.3,0.08,"Down",0.3,0.2,0.766667,True,True,True,False,"Peak","Absent","Local","Local","Contained","Major","VolumePeak20;HighVolumeLowRange;BreaksPriorHigh;CloseInsidePriorRange;CloseInsidePriorBody;DissipationLocal;AcceptanceContained;CompressionLocal"
1139,"2026-04-27 07:30:00",91.88,92.13,91.75,92,1340,"OutsideBar","Black","Down",0.6,0.54,0.38,"Up",0.7,0.12,"Up",0.5,0.657895,0.789474,True,False,False,True,"Falling","Local","Local","Local","Contained","Moderate","BreaksPriorLow;CloseInsidePriorRange;DissipationLocal;AcceptanceContained;CompressionLocal"
1140,"2026-04-27 07:35:00",91.99,92.2,91.94,92.08,1110,"HHHL","Black","Down",0.35,0.36,0.26,"Down",0.25,0.09,"Down",0.35,0.538462,0.730769,True,False,True,False,"Falling","Absent","Local","Local","Contained","Minor","BreaksPriorHigh;CloseInsidePriorRange;DissipationLocal;AcceptanceContained;CompressionLocal"
1141,"2026-04-27 07:40:00",92.1,92.13,91.46,91.91,2838,"LLLH","Red","Up",1,0.98,0.67,"Up",1,0.19,"Up",0.55,0.671642,0.283582,False,False,False,True,"Climactic","Climactic","Absent","Absent","Accepted","SessionDefining","VolumePeak20;VolumeClimactic50;RangePeak20;RangeClimactic20;BreaksPriorLow;AcceptanceAccepted"
1142,"2026-04-27 07:45:00",91.91,92.24,91.73,91.98,1626,"HHHL","Black","Down",0.75,0.7,0.51,"Down",0.85,0.07,"Down",0.2,0.490196,0.784314,True,True,True,False,"Falling","Strong","Local","Local","Contained","Major","RangePeak20;BreaksPriorHigh;CloseInsidePriorRange;CloseInsidePriorBody;DissipationLocal;AcceptanceContained;CompressionLocal"
1143,"2026-04-27 07:50:00",91.96,92.28,91.92,92.24,834,"HHHL","Black","Down",0.15,0.24,0.36,"Down",0.5,0.28,"Up",0.85,0.888889,0.888889,True,False,True,False,"Falling","Absent","Clustered","Local","Contained","Minor","BreaksPriorHigh;CloseInsidePriorRange;DissipationLocal;AcceptanceContained;CompressionClustered"
1144,"2026-04-27 07:55:00",92.24,92.55,92.14,92.38,1877,"HHHL","Black","Up",0.9,0.88,0.41,"Up",0.7,0.14,"Down",0.5,0.585366,0.341463,False,False,True,False,"Peak","Local","Absent","Absent","Accepted","Major","VolumePeak20;BreaksPriorHigh;AcceptanceAccepted"
1145,"2026-04-27 08:00:00",92.39,92.54,92.32,92.51,968,"InsideBar","Black","Down",0.3,0.32,0.22,"Down",0.2,0.12,"Down",0.5,0.863636,1,True,False,False,False,"Falling","Absent","Clustered","Absent","Unresolved","Minor","CloseInsidePriorRange;CompressionClustered"
1146,"2026-04-27 08:05:00",92.51,92.98,92.45,92.79,2676,"HHHL","Black","Up",0.95,0.96,0.53,"Up",0.85,0.28,"Up",0.85,0.641509,0.169811,False,False,True,False,"Climactic","Strong","Absent","Absent","Accepted","Structural","VolumePeak20;VolumeClimactic50;RangePeak20;BreaksPriorHigh;AcceptanceAccepted"
1147,"2026-04-27 08:10:00",92.79,92.85,92.68,92.74,1436,"InsideBar","Red","Down",0.55,0.58,0.17,"Down",0.05,0.05,"Down",0.1,0.352941,1,True,True,False,False,"Falling","Absent","Clustered","Absent","Unresolved","Minor","CloseInsidePriorRange;CloseInsidePriorBody;CompressionClustered"
1148,"2026-04-27 08:15:00",92.75,92.97,92.69,92.86,1631,"HHHL","Black","Up",0.65,0.68,0.28,"Up",0.25,0.11,"Up",0.4,0.607143,0.571429,False,False,True,False,"Rising","Local","Absent","Absent","Accepted","Moderate","BreaksPriorHigh;AcceptanceAccepted"
1149,"2026-04-27 08:20:00",92.86,92.92,92.7,92.84,1057,"InsideBar","Red","Down",0.25,0.32,0.22,"Down",0.15,0.02,"Down",0.05,0.636364,1,True,True,False,False,"Falling","Absent","Clustered","Absent","Unresolved","Minor","CloseInsidePriorRange;CloseInsidePriorBody;CompressionClustered"
1150,"2026-04-27 08:25:00",92.85,93.26,92.81,92.94,2791,"HHHL","Black","Up",0.95,0.96,0.45,"Up",0.8,0.09,"Up",0.35,0.288889,0.244444,False,False,True,False,"Climactic","Strong","Absent","Absent","Accepted","Structural","VolumePeak20;VolumeClimactic50;RangePeak20;BreaksPriorHigh;AcceptanceAccepted"
1151,"2026-04-27 08:30:00",92.95,93.01,92.57,92.65,2607,"LLLH","Red","Down",0.85,0.92,0.44,"Down",0.65,0.3,"Up",0.95,0.181818,0.454545,False,False,False,True,"Peak","Absent","Absent","Local","Accepted","Structural","VolumePeak20;BreaksPriorLow;DissipationLocal;AcceptanceAccepted"
1152,"2026-04-27 08:35:00",92.66,92.9,92.59,92.84,1424,"InsideBar","Black","Down",0.35,0.5,0.31,"Down",0.35,0.18,"Down",0.65,0.806452,1,True,True,False,False,"Falling","Absent","Clustered","Absent","Unresolved","Minor","CloseInsidePriorRange;CloseInsidePriorBody;CompressionClustered"
1153,"2026-04-27 08:40:00",92.82,92.96,92.56,92.65,1186,"OutsideBar","Red","Down",0.25,0.4,0.4,"Up",0.6,0.17,"Down",0.65,0.225,0.775,True,False,True,True,"Falling","Local","Local","Local","Contained","Moderate","BreaksPriorHigh;BreaksPriorLow;CloseInsidePriorRange;DissipationLocal;AcceptanceContained;CompressionLocal"
1154,"2026-04-27 08:45:00",92.65,92.66,92.32,92.39,1215,"LLLH","Red","Up",0.3,0.4,0.34,"Down",0.4,0.26,"Up",0.85,0.205882,0.294118,False,False,False,True,"Rising","Absent","Absent","Local","Accepted","Minor","BreaksPriorLow;DissipationLocal;AcceptanceAccepted"
1155,"2026-04-27 08:50:00",92.37,92.47,92.29,92.43,862,"LLLH","Black","Down",0.1,0.2,0.18,"Down",0.1,0.06,"Down",0.15,0.777778,0.833333,True,True,False,True,"Falling","Absent","Clustered","Local","Contained","Minor","BreaksPriorLow;CloseInsidePriorRange;CloseInsidePriorBody;DissipationLocal;AcceptanceContained;CompressionClustered"
1156,"2026-04-27 08:55:00",92.44,92.55,92.13,92.14,1228,"OutsideBar","Red","Up",0.4,0.44,0.42,"Up",0.75,0.3,"Up",1,0.02381,0.428571,False,False,True,True,"Rising","Local","Absent","Absent","Accepted","Moderate","BreaksPriorHigh;BreaksPriorLow;AcceptanceAccepted"
1157,"2026-04-27 09:00:00",92.12,92.21,91.86,91.93,1204,"LLLH","Red","Down",0.35,0.38,0.35,"Down",0.5,0.19,"Down",0.75,0.2,0.228571,False,False,False,True,"Falling","Absent","Absent","Local","Accepted","Minor","BreaksPriorLow;DissipationLocal;AcceptanceAccepted"
1158,"2026-04-27 09:05:00",91.91,92.08,91.82,91.88,1222,"LLLH","Red","Up",0.45,0.4,0.26,"Down",0.3,0.03,"Down",0.1,0.230769,0.846154,True,False,False,True,"Rising","Absent","Clustered","Local","Contained","Minor","BreaksPriorLow;CloseInsidePriorRange;DissipationLocal;AcceptanceContained;CompressionClustered"
1159,"2026-04-27 09:10:00",91.89,92.01,91.82,91.94,791,"InsideBar","Black","Down",0.05,0.08,0.19,"Down",0.15,0.05,"Up",0.15,0.631579,1,True,False,False,False,"Falling","Absent","Clustered","Absent","Unresolved","Minor","CloseInsidePriorRange;CompressionClustered"
1160,"2026-04-27 09:15:00",91.92,92.21,91.88,92.13,934,"HHHL","Black","Up",0.2,0.2,0.33,"Up",0.45,0.21,"Up",0.75,0.757576,0.393939,False,False,True,False,"Rising","Local","Absent","Absent","Accepted","Minor","BreaksPriorHigh;AcceptanceAccepted"
1161,"2026-04-27 09:20:00",92.15,92.2,91.88,91.96,800,"InsideBar","Red","Down",0.1,0.12,0.32,"Down",0.45,0.19,"Down",0.7,0.25,1,True,True,False,False,"Falling","Absent","Clustered","Absent","Unresolved","Minor","CloseInsidePriorRange;CloseInsidePriorBody;CompressionClustered"
1162,"2026-04-27 09:25:00",91.97,92.11,91.94,92.1,328,"InsideBar","Black","Down",0.05,0.02,0.17,"Down",0.1,0.13,"Down",0.45,0.941176,1,True,True,False,False,"Falling","Absent","Clustered","Absent","Unresolved","Minor","CloseInsidePriorRange;CloseInsidePriorBody;CompressionClustered"
1163,"2026-04-27 09:30:00",92.11,92.14,91.94,92.1,395,"OutsideBar","Red","Up",0.1,0.04,0.2,"Up",0.25,0.01,"Down",0.05,0.8,0.85,True,True,True,False,"Rising","Local","Local","Absent","Contained","Minor","BreaksPriorHigh;CloseInsidePriorRange;CloseInsidePriorBody;AcceptanceContained;CompressionLocal"
1164,"2026-04-27 09:35:00",92.12,92.15,91.94,92.01,454,"OutsideBar","Red","Up",0.15,0.06,0.21,"Up",0.3,0.11,"Up",0.45,0.333333,0.952381,True,False,True,False,"Rising","Local","Local","Absent","Contained","Minor","BreaksPriorHigh;CloseInsidePriorRange;AcceptanceContained;CompressionLocal"
1165,"2026-04-27 09:40:00",92,92.03,91.88,91.91,431,"LLLH","Red","Down",0.15,0.06,0.15,"Down",0.05,0.09,"Down",0.4,0.2,0.6,False,False,False,True,"Falling","Absent","Absent","Local","Accepted","Minor","BreaksPriorLow;DissipationLocal;AcceptanceAccepted"
1166,"2026-04-27 09:45:00",91.92,92.24,91.91,92.21,413,"HHHL","Black","Down",0.15,0.06,0.33,"Up",0.7,0.29,"Up",0.9,0.909091,0.363636,False,False,True,False,"Falling","Local","Absent","Local","Accepted","Moderate","BreaksPriorHigh;DissipationLocal;AcceptanceAccepted"
1167,"2026-04-27 09:50:00",92.23,92.25,92.14,92.21,336,"HHHL","Red","Down",0.1,0.04,0.11,"Down",0.05,0.02,"Down",0.15,0.636364,0.909091,True,True,True,False,"Falling","Absent","Clustered","Local","Contained","Minor","BreaksPriorHigh;CloseInsidePriorRange;CloseInsidePriorBody;DissipationLocal;AcceptanceContained;CompressionClustered"
1168,"2026-04-27 09:55:00",92.22,92.36,92.14,92.29,733,"OutsideBar","Black","Up",0.35,0.16,0.22,"Up",0.45,0.07,"Up",0.35,0.681818,0.5,False,False,True,False,"Rising","Local","Absent","Absent","Accepted","Minor","BreaksPriorHigh;AcceptanceAccepted"
1169,"2026-04-27 10:00:00",92.3,92.35,92.23,92.33,327,"InsideBar","Black","Down",0.05,0.02,0.12,"Down",0.1,0.03,"Down",0.2,0.833333,1,True,False,False,False,"Falling","Absent","Clustered","Absent","Unresolved","Minor","CloseInsidePriorRange;CompressionClustered"
1170,"2026-04-27 10:05:00",92.33,92.44,92.28,92.44,573,"HHHL","Black","Up",0.4,0.16,0.16,"Up",0.2,0.11,"Up",0.5,1,0.4375,False,False,True,False,"Rising","Local","Absent","Absent","Accepted","Minor","BreaksPriorHigh;AcceptanceAccepted"
1171,"2026-04-27 10:10:00",92.44,92.65,92.37,92.58,629,"HHHL","Black","Up",0.45,0.18,0.28,"Up",0.6,0.14,"Up",0.6,0.75,0.25,False,False,True,False,"Rising","Local","Absent","Absent","Accepted","Moderate","BreaksPriorHigh;AcceptanceAccepted"
1172,"2026-04-27 10:15:00",92.59,92.77,92.59,92.66,691,"HHHL","Black","Up",0.5,0.22,0.18,"Down",0.35,0.07,"Down",0.35,0.388889,0.333333,False,False,True,False,"Rising","Absent","Absent","Local","Accepted","Minor","BreaksPriorHigh;DissipationLocal;AcceptanceAccepted"
1173,"2026-04-27 10:20:00",92.66,93.43,92.62,93.03,2458,"HHHL","Black","Up",1,0.92,0.81,"Up",1,0.37,"Up",1,0.506173,0.185185,False,False,True,False,"Peak","Climactic","Absent","Absent","Accepted","Structural","VolumePeak20;RangePeak20;RangeClimactic20;BreaksPriorHigh;AcceptanceAccepted"
1174,"2026-04-27 10:25:00",93.04,93.17,92.42,92.92,1932,"LLLH","Red","Down",0.95,0.88,0.75,"Down",0.95,0.12,"Down",0.6,0.666667,0.733333,True,True,False,True,"Peak","Climactic","Local","Local","Contained","Structural","VolumePeak20;RangePeak20;RangeClimactic20;BreaksPriorLow;CloseInsidePriorRange;CloseInsidePriorBody;DissipationLocal;AcceptanceContained;CompressionLocal"
1175,"2026-04-27 10:30:00",92.91,92.94,92.6,92.63,1020,"InsideBar","Red","Down",0.75,0.44,0.34,"Down",0.8,0.28,"Up",0.85,0.088235,1,True,False,False,False,"Falling","Strong","Clustered","Absent","Unresolved","Major","RangePeak20;CloseInsidePriorRange;CompressionClustered"
1176,"2026-04-27 10:35:00",92.62,92.65,91.92,91.94,1970,"LLLH","Red","Up",0.95,0.88,0.73,"Up",0.9,0.68,"Up",1,0.027397,0.068493,False,False,False,True,"Peak","Strong","Absent","Absent","Accepted","Structural","VolumePeak20;RangePeak20;BreaksPriorLow;AcceptanceAccepted"
1177,"2026-04-27 10:40:00",91.94,92.39,91.94,92.36,1002,"InsideBar","Black","Down",0.75,0.4,0.45,"Down",0.85,0.42,"Down",0.95,0.933333,1,True,True,False,False,"Falling","Strong","Clustered","Absent","Unresolved","Major","RangePeak20;CloseInsidePriorRange;CloseInsidePriorBody;CompressionClustered"
1178,"2026-04-27 10:45:00",92.37,92.44,92.21,92.26,593,"HHHL","Red","Down",0.45,0.18,0.23,"Down",0.55,0.11,"Down",0.5,0.217391,0.782609,True,True,True,False,"Falling","Absent","Local","Local","Contained","Minor","BreaksPriorHigh;CloseInsidePriorRange;CloseInsidePriorBody;DissipationLocal;AcceptanceContained;CompressionLocal"
1179,"2026-04-27 10:50:00",92.24,92.56,92.18,92.51,698,"OutsideBar","Black","Up",0.6,0.24,0.38,"Up",0.8,0.27,"Up",0.75,0.868421,0.605263,False,False,True,True,"Rising","Strong","Absent","Absent","Accepted","Major","RangePeak20;BreaksPriorHigh;BreaksPriorLow;AcceptanceAccepted"
1180,"2026-04-27 10:55:00",92.51,92.55,92.38,92.45,497,"InsideBar","Red","Down",0.4,0.16,0.17,"Down",0.3,0.06,"Down",0.2,0.411765,1,True,True,False,False,"Falling","Absent","Clustered","Absent","Unresolved","Minor","CloseInsidePriorRange;CloseInsidePriorBody;CompressionClustered"
1181,"2026-04-27 11:00:00",92.44,92.46,92.26,92.3,513,"LLLH","Red","Up",0.45,0.18,0.2,"Up",0.4,0.14,"Up",0.7,0.2,0.4,False,False,False,True,"Rising","Local","Absent","Absent","Accepted","Minor","BreaksPriorLow;AcceptanceAccepted"
1182,"2026-04-27 11:05:00",92.33,92.79,92.32,92.75,1094,"HHHL","Black","Up",0.85,0.5,0.47,"Up",0.85,0.42,"Up",0.95,0.914894,0.297872,False,False,True,False,"Peak","Strong","Absent","Absent","Accepted","Major","VolumePeak20;RangePeak20;BreaksPriorHigh;AcceptanceAccepted"
1183,"2026-04-27 11:10:00",92.77,92.99,92.48,92.54,1462,"HHHL","Red","Up",0.85,0.72,0.51,"Up",0.85,0.23,"Down",0.65,0.117647,0.607843,True,True,True,False,"Peak","Strong","Local","Absent","Contained","Major","VolumePeak20;RangePeak20;BreaksPriorHigh;CloseInsidePriorRange;CloseInsidePriorBody;AcceptanceContained;CompressionLocal"
1184,"2026-04-27 11:15:00",92.55,92.64,92.45,92.59,678,"LLLH","Black","Down",0.5,0.26,0.19,"Down",0.35,0.04,"Down",0.15,0.736842,0.842105,True,True,False,True,"Falling","Absent","Clustered","Local","Contained","Minor","BreaksPriorLow;CloseInsidePriorRange;CloseInsidePriorBody;DissipationLocal;AcceptanceContained;CompressionClustered"
1185,"2026-04-27 11:20:00",92.58,92.64,92.37,92.52,1056,"OutsideBar","Red","Up",0.75,0.5,0.27,"Up",0.5,0.06,"Up",0.25,0.555556,0.703704,True,False,False,True,"Rising","Local","Local","Absent","Contained","Moderate","BreaksPriorLow;CloseInsidePriorRange;AcceptanceContained;CompressionLocal"
1186,"2026-04-27 11:25:00",92.51,92.64,92.19,92.21,1187,"OutsideBar","Red","Up",0.8,0.6,0.45,"Up",0.75,0.3,"Up",0.8,0.044444,0.6,False,False,False,True,"Peak","Local","Absent","Absent","Accepted","Major","VolumePeak20;BreaksPriorLow;AcceptanceAccepted"
1187,"2026-04-27 11:30:00",92.21,92.28,92,92.15,3630,"LLLH","Red","Up",1,1,0.28,"Down",0.55,0.06,"Down",0.15,0.535714,0.321429,False,False,False,True,"Climactic","Absent","Absent","Local","Accepted","Structural","VolumePeak20;VolumeClimactic50;BreaksPriorLow;DissipationLocal;AcceptanceAccepted"
1188,"2026-04-28 06:05:00",95.17,95.8,95.16,95.78,2244,"HHHL","Black","Down",0.9,0.88,0.64,"Up",0.85,0.61,"Up",0.95,0.96875,0,False,False,True,False,"Peak","Strong","Absent","Local","Accepted","Major","VolumePeak20;RangePeak20;BreaksPriorHigh;DissipationLocal;AcceptanceAccepted"
1189,"2026-04-28 06:10:00",95.79,96.02,95.75,95.84,1843,"HHHL","Black","Down",0.75,0.8,0.27,"Down",0.4,0.05,"Down",0.1,0.333333,0.185185,False,False,True,False,"Falling","Absent","Absent","Local","Accepted","Moderate","BreaksPriorHigh;DissipationLocal;AcceptanceAccepted"
1190,"2026-04-28 06:15:00",95.81,96.19,95.6,96.08,1275,"OutsideBar","Black","Down",0.65,0.68,0.59,"Up",0.8,0.27,"Up",0.6,0.813559,0.457627,False,False,True,True,"Falling","Strong","Absent","Local","Accepted","Major","RangePeak20;BreaksPriorHigh;BreaksPriorLow;DissipationLocal;AcceptanceAccepted"
1191,"2026-04-28 06:20:00",96.07,96.15,95.77,95.84,1451,"InsideBar","Red","Up",0.65,0.74,0.38,"Down",0.55,0.23,"Down",0.55,0.184211,1,True,True,False,False,"Rising","Absent","Clustered","Local","Unresolved","Moderate","CloseInsidePriorRange;CloseInsidePriorBody;DissipationLocal;CompressionClustered"
1192,"2026-04-28 06:25:00",95.85,95.86,95.3,95.61,1903,"LLLH","Red","Up",0.75,0.84,0.56,"Up",0.75,0.24,"Up",0.55,0.553571,0.160714,False,False,False,True,"Rising","Local","Absent","Absent","Accepted","Moderate","BreaksPriorLow;AcceptanceAccepted"
1193,"2026-04-28 06:30:00",95.61,95.74,94.72,95.11,3517,"LLLH","Red","Up",0.95,0.98,1.02,"Up",1,0.5,"Up",0.9,0.382353,0.431373,False,False,False,True,"Climactic","Climactic","Absent","Absent","Accepted","SessionDefining","VolumePeak20;VolumeClimactic50;RangePeak20;RangeClimactic20;BreaksPriorLow;AcceptanceAccepted"
1194,"2026-04-28 06:35:00",95.09,95.5,95.09,95.42,2681,"InsideBar","Black","Down",0.9,0.94,0.41,"Down",0.55,0.33,"Down",0.75,0.804878,1,True,True,False,False,"Peak","Absent","Clustered","Absent","Unresolved","Structural","VolumePeak20;CloseInsidePriorRange;CloseInsidePriorBody;CompressionClustered"
1195,"2026-04-28 06:40:00",95.42,95.46,94.6,95.27,2506,"LLLH","Red","Down",0.85,0.88,0.86,"Up",0.95,0.15,"Down",0.4,0.77907,0.430233,True,True,False,True,"Peak","Climactic","Local","Local","Contained","Structural","VolumePeak20;RangePeak20;RangeClimactic20;BreaksPriorLow;CloseInsidePriorRange;CloseInsidePriorBody;DissipationLocal;AcceptanceContained;CompressionLocal"
1196,"2026-04-28 06:45:00",95.28,95.52,94.63,94.84,2139,"HHHL","Red","Down",0.75,0.84,0.89,"Up",0.95,0.44,"Up",0.9,0.235955,0.932584,True,False,True,False,"Falling","Climactic","Local","Local","Contained","Structural","RangePeak20;RangeClimactic20;BreaksPriorHigh;CloseInsidePriorRange;DissipationLocal;AcceptanceContained;CompressionLocal"
1197,"2026-04-28 06:50:00",94.84,95.18,94.67,95,2065,"InsideBar","Black","Down",0.7,0.82,0.51,"Down",0.7,0.16,"Down",0.45,0.647059,1,True,True,False,False,"Falling","Absent","Clustered","Absent","Unresolved","Moderate","CloseInsidePriorRange;CloseInsidePriorBody;CompressionClustered"
1198,"2026-04-28 06:55:00",95,95.01,94.51,94.87,2631,"LLLH","Red","Up",0.85,0.92,0.5,"Down",0.6,0.13,"Down",0.3,0.72,0.68,True,True,False,True,"Peak","Absent","Local","Local","Contained","Structural","VolumePeak20;BreaksPriorLow;CloseInsidePriorRange;CloseInsidePriorBody;DissipationLocal;AcceptanceContained;CompressionLocal"
1199,"2026-04-28 07:00:00",94.88,95.37,94.86,95.16,1696,"HHHL","Black","Down",0.5,0.7,0.51,"Up",0.7,0.28,"Up",0.7,0.588235,0.294118,False,False,True,False,"Falling","Local","Absent","Local","Accepted","Moderate","BreaksPriorHigh;DissipationLocal;AcceptanceAccepted"
1200,"2026-04-28 07:05:00",95.18,95.96,95.18,95.66,2315,"HHHL","Black","Up",0.75,0.86,0.78,"Up",0.85,0.48,"Up",0.9,0.615385,0.24359,False,False,True,False,"Rising","Strong","Absent","Absent","Accepted","Major","RangePeak20;BreaksPriorHigh;AcceptanceAccepted"
1201,"2026-04-28 07:10:00",95.66,95.76,95.57,95.69,1154,"InsideBar","Black","Down",0.2,0.5,0.19,"Down",0.1,0.03,"Down",0.05,0.631579,1,True,False,False,False,"Falling","Absent","Clustered","Absent","Unresolved","Minor","CloseInsidePriorRange;CompressionClustered"
1202,"2026-04-28 07:15:00",95.68,95.99,95.68,95.84,1542,"HHHL","Black","Up",0.4,0.7,0.31,"Up",0.3,0.16,"Up",0.45,0.516129,0.258065,False,False,True,False,"Rising","Local","Absent","Absent","Accepted","Minor","BreaksPriorHigh;AcceptanceAccepted"
1203,"2026-04-28 07:20:00",95.82,95.97,95.66,95.82,1157,"LLLH","Neutral","Down",0.2,0.52,0.31,"Up",0.35,0,"Down",0.05,0.516129,0.935484,True,True,False,True,"Falling","Local","Local","Local","Contained","Minor","BreaksPriorLow;CloseInsidePriorRange;CloseInsidePriorBody;DissipationLocal;AcceptanceContained;CompressionLocal"
1204,"2026-04-28 07:25:00",95.83,95.9,95.7,95.74,929,"InsideBar","Red","Down",0.05,0.4,0.2,"Down",0.1,0.09,"Up",0.3,0.2,1,True,False,False,False,"Falling","Absent","Clustered","Absent","Unresolved","Minor","CloseInsidePriorRange;CompressionClustered"
1205,"2026-04-28 07:30:00",95.74,95.87,95.56,95.66,1195,"LLLH","Red","Up",0.25,0.56,0.31,"Up",0.35,0.08,"Down",0.25,0.322581,0.548387,False,False,False,True,"Rising","Local","Absent","Absent","Accepted","Minor","BreaksPriorLow;AcceptanceAccepted"
1206,"2026-04-28 07:35:00",95.66,95.89,95.33,95.68,1402,"OutsideBar","Black","Up",0.3,0.64,0.56,"Up",0.7,0.02,"Down",0.1,0.625,0.553571,True,True,True,True,"Rising","Local","Local","Absent","Contained","Moderate","BreaksPriorHigh;BreaksPriorLow;CloseInsidePriorRange;CloseInsidePriorBody;AcceptanceContained;CompressionLocal"
1207,"2026-04-28 07:40:00",95.68,96.21,95.53,96.15,1637,"HHHL","Black","Up",0.45,0.7,0.68,"Up",0.8,0.47,"Up",0.85,0.911765,0.529412,False,False,True,False,"Rising","Strong","Absent","Absent","Accepted","Major","RangePeak20;BreaksPriorHigh;AcceptanceAccepted"
1208,"2026-04-28 07:45:00",96.16,96.23,95.55,95.62,1409,"HHHL","Red","Down",0.35,0.62,0.68,"Up",0.8,0.54,"Up",1,0.102941,0.970588,True,False,True,False,"Falling","Strong","Local","Local","Contained","Major","RangePeak20;LowVolumeHighRange;BreaksPriorHigh;CloseInsidePriorRange;DissipationLocal;AcceptanceContained;CompressionLocal"
1209,"2026-04-28 07:50:00",95.63,95.97,95.06,95.8,3203,"LLLH","Black","Up",0.95,0.96,0.91,"Up",0.95,0.17,"Down",0.5,0.813187,0.461538,True,True,False,True,"Climactic","Climactic","Local","Absent","Contained","SessionDefining","VolumePeak20;VolumeClimactic50;RangePeak20;RangeClimactic20;BreaksPriorLow;CloseInsidePriorRange;CloseInsidePriorBody;AcceptanceContained;CompressionLocal"
1210,"2026-04-28 07:55:00",95.82,96.14,95.67,95.8,1960,"HHHL","Red","Down",0.6,0.76,0.47,"Down",0.4,0.02,"Down",0.1,0.276596,0.638298,True,True,True,False,"Falling","Absent","Local","Local","Contained","Moderate","BreaksPriorHigh;CloseInsidePriorRange;CloseInsidePriorBody;DissipationLocal;AcceptanceContained;CompressionLocal"
1211,"2026-04-28 08:00:00",95.78,95.88,94.98,95.12,5098,"LLLH","Red","Up",1,1,0.9,"Up",0.9,0.66,"Up",1,0.155556,0.233333,False,False,False,True,"Climactic","Strong","Absent","Absent","Accepted","Structural","VolumePeak20;VolumeClimactic50;RangePeak20;BreaksPriorLow;AcceptanceAccepted"
1212,"2026-04-28 08:05:00",95.14,95.39,94.88,94.9,2601,"LLLH","Red","Down",0.75,0.88,0.51,"Down",0.55,0.24,"Down",0.6,0.039216,0.803922,False,False,False,True,"Falling","Absent","Clustered","Local","Accepted","Moderate","BreaksPriorLow;DissipationLocal;AcceptanceAccepted;CompressionClustered"
1213,"2026-04-28 08:10:00",94.91,95.55,94.77,95.5,1964,"OutsideBar","Black","Down",0.55,0.72,0.78,"Up",0.8,0.59,"Up",0.95,0.935897,0.653846,False,False,True,True,"Falling","Strong","Absent","Local","Accepted","Major","RangePeak20;BreaksPriorHigh;BreaksPriorLow;DissipationLocal;AcceptanceAccepted"
1214,"2026-04-28 08:15:00",95.48,95.51,95.21,95.37,908,"InsideBar","Red","Down",0.05,0.28,0.3,"Down",0.15,0.11,"Down",0.35,0.533333,1,True,True,False,False,"Falling","Absent","Clustered","Absent","Unresolved","Minor","CloseInsidePriorRange;CloseInsidePriorBody;CompressionClustered"
1215,"2026-04-28 08:20:00",95.39,95.58,95.19,95.31,996,"OutsideBar","Red","Up",0.15,0.3,0.39,"Up",0.35,0.08,"Down",0.3,0.307692,0.769231,True,False,True,True,"Rising","Local","Local","Absent","Contained","Minor","BreaksPriorHigh;BreaksPriorLow;CloseInsidePriorRange;AcceptanceContained;CompressionLocal"
1216,"2026-04-28 08:25:00",95.29,95.54,95.16,95.32,1040,"LLLH","Black","Up",0.2,0.34,0.38,"Down",0.35,0.03,"Down",0.2,0.421053,0.921053,True,True,False,True,"Rising","Absent","Clustered","Local","Contained","Minor","BreaksPriorLow;CloseInsidePriorRange;CloseInsidePriorBody;DissipationLocal;AcceptanceContained;CompressionClustered"
1217,"2026-04-28 08:30:00",95.32,95.44,95.15,95.38,1154,"LLLH","Black","Up",0.3,0.4,0.29,"Down",0.15,0.06,"Up",0.3,0.793103,0.965517,True,False,False,True,"Rising","Absent","Clustered","Local","Contained","Minor","BreaksPriorLow;CloseInsidePriorRange;DissipationLocal;AcceptanceContained;CompressionClustered"
1218,"2026-04-28 08:35:00",95.4,95.76,95.29,95.41,1815,"HHHL","Black","Up",0.7,0.62,0.47,"Up",0.55,0.01,"Down",0.1,0.255319,0.319149,True,False,True,False,"Rising","Local","Local","Absent","Contained","Moderate","BreaksPriorHigh;CloseInsidePriorRange;AcceptanceContained;CompressionLocal"
1219,"2026-04-28 08:40:00",95.4,95.46,95.02,95.21,1095,"LLLH","Red","Down",0.25,0.34,0.44,"Down",0.5,0.19,"Up",0.7,0.431818,0.386364,False,False,False,True,"Falling","Absent","Absent","Local","Accepted","Minor","BreaksPriorLow;DissipationLocal;AcceptanceAccepted"
1220,"2026-04-28 08:45:00",95.22,95.62,95.14,95.59,1019,"HHHL","Black","Down",0.2,0.24,0.48,"Up",0.65,0.37,"Up",0.8,0.9375,0.666667,False,False,True,False,"Falling","Local","Absent","Local","Accepted","Moderate","BreaksPriorHigh;DissipationLocal;AcceptanceAccepted"
1221,"2026-04-28 08:50:00",95.58,95.77,95.54,95.72,1266,"HHHL","Black","Up",0.5,0.44,0.23,"Down",0.1,0.14,"Down",0.55,0.782609,0.347826,False,False,True,False,"Rising","Absent","Absent","Local","Accepted","Minor","BreaksPriorHigh;DissipationLocal;AcceptanceAccepted"
1222,"2026-04-28 08:55:00",95.72,95.74,95.39,95.43,778,"LLLH","Red","Down",0.05,0.12,0.35,"Up",0.35,0.29,"Up",0.75,0.114286,0.571429,False,False,False,True,"Falling","Local","Absent","Local","Accepted","Minor","BreaksPriorLow;DissipationLocal;AcceptanceAccepted"
1223,"2026-04-28 09:00:00",95.44,95.74,95.42,95.55,516,"InsideBar","Black","Down",0.05,0.06,0.32,"Down",0.3,0.11,"Down",0.5,0.40625,1,True,True,False,False,"Falling","Absent","Clustered","Absent","Unresolved","Minor","CloseInsidePriorRange;CloseInsidePriorBody;CompressionClustered"
1224,"2026-04-28 09:05:00",95.56,95.71,95.43,95.59,974,"InsideBar","Black","Up",0.2,0.2,0.28,"Down",0.1,0.03,"Down",0.25,0.571429,1,True,False,False,False,"Rising","Absent","Clustered","Local","Unresolved","Minor","CloseInsidePriorRange;DissipationLocal;CompressionClustered"
1225,"2026-04-28 09:10:00",95.61,95.74,95.51,95.64,544,"HHHL","Black","Down",0.1,0.08,0.23,"Down",0.1,0.03,"Flat",0.3,0.565217,0.869565,True,False,True,False,"Falling","Absent","Clustered","Local","Contained","Minor","BreaksPriorHigh;CloseInsidePriorRange;DissipationLocal;AcceptanceContained;CompressionClustered"
1226,"2026-04-28 09:15:00",95.63,95.75,95.53,95.55,626,"HHHL","Red","Up",0.15,0.12,0.22,"Down",0.05,0.08,"Up",0.4,0.090909,0.954545,True,False,True,False,"Rising","Absent","Clustered","Local","Contained","Minor","BreaksPriorHigh;CloseInsidePriorRange;DissipationLocal;AcceptanceContained;CompressionClustered"
1227,"2026-04-28 09:20:00",95.56,95.96,95.49,95.49,1145,"OutsideBar","Red","Up",0.55,0.38,0.47,"Up",0.7,0.07,"Down",0.35,0,0.468085,False,False,True,True,"Rising","Local","Absent","Absent","Accepted","Moderate","BreaksPriorHigh;BreaksPriorLow;AcceptanceAccepted"
1228,"2026-04-28 09:25:00",95.49,95.59,95.31,95.36,655,"LLLH","Red","Down",0.2,0.12,0.28,"Down",0.25,0.13,"Up",0.6,0.178571,0.357143,False,False,False,True,"Falling","Absent","Absent","Local","Accepted","Minor","BreaksPriorLow;DissipationLocal;AcceptanceAccepted"
1229,"2026-04-28 09:30:00",95.33,95.59,95.29,95.46,761,"OutsideBar","Black","Up",0.25,0.16,0.3,"Up",0.35,0.13,"Flat",0.65,0.566667,0.933333,True,True,False,True,"Rising","Local","Local","Absent","Contained","Minor","BreaksPriorLow;CloseInsidePriorRange;CloseInsidePriorBody;AcceptanceContained;CompressionLocal"
1230,"2026-04-28 09:35:00",95.44,95.47,95.26,95.43,597,"LLLH","Red","Down",0.15,0.08,0.21,"Down",0.05,0.01,"Down",0.1,0.809524,0.857143,True,True,False,True,"Falling","Absent","Clustered","Local","Contained","Minor","BreaksPriorLow;CloseInsidePriorRange;CloseInsidePriorBody;DissipationLocal;AcceptanceContained;CompressionClustered"
1231,"2026-04-28 09:40:00",95.44,95.56,95.24,95.35,1027,"OutsideBar","Red","Up",0.6,0.28,0.32,"Up",0.55,0.09,"Up",0.5,0.34375,0.65625,True,False,True,True,"Rising","Local","Local","Absent","Contained","Moderate","BreaksPriorHigh;BreaksPriorLow;CloseInsidePriorRange;AcceptanceContained;CompressionLocal"
1232,"2026-04-28 09:45:00",95.36,95.56,95.3,95.41,514,"InsideBar","Black","Down",0.05,0.02,0.26,"Down",0.25,0.05,"Down",0.3,0.423077,1,True,True,False,False,"Falling","Absent","Clustered","Absent","Unresolved","Minor","CloseInsidePriorRange;CloseInsidePriorBody;CompressionClustered"
1233,"2026-04-28 09:50:00",95.41,95.62,95.22,95.35,796,"OutsideBar","Red","Up",0.45,0.2,0.4,"Up",0.8,0.06,"Up",0.4,0.325,0.65,True,False,True,True,"Rising","Strong","Local","Absent","Contained","Major","RangePeak20;BreaksPriorHigh;BreaksPriorLow;CloseInsidePriorRange;AcceptanceContained;CompressionLocal"
1234,"2026-04-28 09:55:00",95.35,95.43,94.82,94.97,1294,"LLLH","Red","Up",0.95,0.54,0.61,"Up",1,0.38,"Up",1,0.245902,0.344262,False,False,False,True,"Peak","Climactic","Absent","Absent","Accepted","Structural","VolumePeak20;RangePeak20;RangeClimactic20;BreaksPriorLow;AcceptanceAccepted"
1235,"2026-04-28 10:00:00",94.97,95.17,94.83,94.97,1043,"InsideBar","Neutral","Down",0.7,0.34,0.34,"Down",0.6,0,"Down",0.05,0.411765,1,True,True,False,False,"Falling","Absent","Clustered","Absent","Unresolved","Moderate","CloseInsidePriorRange;CloseInsidePriorBody;CompressionClustered"
1236,"2026-04-28 10:05:00",94.98,95.35,94.89,95.3,815,"HHHL","Black","Down",0.5,0.2,0.46,"Up",0.8,0.32,"Up",0.9,0.891304,0.608696,False,False,True,False,"Falling","Strong","Absent","Local","Accepted","Major","RangePeak20;BreaksPriorHigh;DissipationLocal;AcceptanceAccepted"
1237,"2026-04-28 10:10:00",95.3,95.36,95.26,95.35,412,"HHHL","Black","Down",0.05,0.02,0.1,"Down",0.05,0.05,"Down",0.35,0.9,0.9,True,False,True,False,"Falling","Absent","Clustered","Local","Contained","Minor","BreaksPriorHigh;CloseInsidePriorRange;DissipationLocal;AcceptanceContained;CompressionClustered"
1238,"2026-04-28 10:15:00",95.36,95.73,95.36,95.69,1337,"HHHL","Black","Up",1,0.58,0.37,"Up",0.7,0.33,"Up",0.9,0.891892,0,False,False,True,False,"Peak","Local","Absent","Absent","Accepted","Major","VolumePeak20;BreaksPriorHigh;AcceptanceAccepted"
1239,"2026-04-28 10:20:00",95.7,96.15,95.67,96.11,1463,"HHHL","Black","Up",1,0.66,0.48,"Up",0.95,0.41,"Up",1,0.916667,0.125,False,False,True,False,"Peak","Climactic","Absent","Absent","Accepted","Structural","VolumePeak20;RangePeak20;RangeClimactic20;BreaksPriorHigh;AcceptanceAccepted"
1240,"2026-04-28 10:25:00",96.1,96.21,96.01,96.04,1148,"HHHL","Red","Down",0.8,0.44,0.2,"Down",0.1,0.06,"Down",0.35,0.15,0.7,True,True,True,False,"Peak","Absent","Local","Local","Contained","Major","VolumePeak20;HighVolumeLowRange;BreaksPriorHigh;CloseInsidePriorRange;CloseInsidePriorBody;DissipationLocal;AcceptanceContained;CompressionLocal"
1241,"2026-04-28 10:30:00",96.05,96.22,96.02,96.14,1337,"HHHL","Black","Up",0.95,0.6,0.2,"Up",0.15,0.09,"Up",0.6,0.6,0.95,True,False,True,False,"Peak","Local","Local","Absent","Contained","Major","VolumePeak20;HighVolumeLowRange;BreaksPriorHigh;CloseInsidePriorRange;AcceptanceContained;CompressionLocal"
1242,"2026-04-28 10:35:00",96.14,96.14,95.88,95.94,987,"LLLH","Red","Down",0.6,0.3,0.26,"Up",0.4,0.2,"Up",0.8,0.230769,0.461538,False,False,False,True,"Falling","Local","Absent","Local","Accepted","Moderate","BreaksPriorLow;DissipationLocal;AcceptanceAccepted"
1243,"2026-04-28 10:40:00",95.95,96,95.7,95.77,1016,"LLLH","Red","Up",0.6,0.34,0.3,"Up",0.6,0.18,"Down",0.75,0.233333,0.4,False,False,False,True,"Rising","Local","Absent","Absent","Accepted","Moderate","BreaksPriorLow;AcceptanceAccepted"
1244,"2026-04-28 10:45:00",95.79,95.97,95.73,95.82,546,"InsideBar","Black","Down",0.2,0.1,0.24,"Down",0.35,0.03,"Down",0.15,0.375,1,True,True,False,False,"Falling","Absent","Clustered","Absent","Unresolved","Minor","CloseInsidePriorRange;CloseInsidePriorBody;CompressionClustered"
1245,"2026-04-28 10:50:00",95.84,95.85,95.68,95.73,463,"LLLH","Red","Down",0.1,0.04,0.17,"Down",0.1,0.11,"Up",0.6,0.294118,0.705882,True,False,False,True,"Falling","Absent","Local","Local","Contained","Minor","BreaksPriorLow;CloseInsidePriorRange;DissipationLocal;AcceptanceContained;CompressionLocal"
1246,"2026-04-28 10:55:00",95.74,95.88,95.72,95.78,398,"HHHL","Black","Down",0.05,0.02,0.16,"Down",0.1,0.04,"Down",0.2,0.375,0.8125,True,True,True,False,"Falling","Absent","Clustered","Local","Contained","Minor","BreaksPriorHigh;CloseInsidePriorRange;CloseInsidePriorBody;DissipationLocal;AcceptanceContained;CompressionClustered"
1247,"2026-04-28 11:00:00",95.8,96.07,95.74,96,687,"HHHL","Black","Up",0.4,0.22,0.33,"Up",0.7,0.2,"Up",0.8,0.787879,0.424242,False,False,True,False,"Rising","Local","Absent","Absent","Accepted","Moderate","BreaksPriorHigh;AcceptanceAccepted"
1248,"2026-04-28 11:05:00",95.98,96,95.8,95.91,615,"InsideBar","Red","Down",0.35,0.18,0.2,"Down",0.3,0.07,"Down",0.45,0.55,1,True,True,False,False,"Falling","Absent","Clustered","Absent","Unresolved","Minor","CloseInsidePriorRange;CloseInsidePriorBody;CompressionClustered"
1249,"2026-04-28 11:10:00",95.91,95.98,95.72,95.74,495,"LLLH","Red","Down",0.2,0.08,0.26,"Up",0.55,0.17,"Up",0.65,0.076923,0.692308,False,False,False,True,"Falling","Local","Absent","Local","Accepted","Minor","BreaksPriorLow;DissipationLocal;AcceptanceAccepted"
1250,"2026-04-28 11:15:00",95.75,95.84,95.55,95.6,847,"LLLH","Red","Up",0.55,0.36,0.29,"Up",0.55,0.15,"Down",0.6,0.172414,0.413793,False,False,False,True,"Rising","Local","Absent","Absent","Accepted","Minor","BreaksPriorLow;AcceptanceAccepted"
1251,"2026-04-28 11:20:00",95.59,95.7,95.49,95.54,1091,"LLLH","Red","Up",0.75,0.58,0.21,"Down",0.35,0.05,"Down",0.3,0.238095,0.714286,False,False,False,True,"Rising","Absent","Absent","Local","Accepted","Moderate","BreaksPriorLow;DissipationLocal;AcceptanceAccepted"
1252,"2026-04-28 11:25:00",95.52,95.6,95.11,95.28,2745,"LLLH","Red","Up",1,0.96,0.49,"Up",0.95,0.24,"Up",0.8,0.346939,0.22449,False,False,False,True,"Climactic","Climactic","Absent","Absent","Accepted","SessionDefining","VolumePeak20;VolumeClimactic50;RangePeak20;RangeClimactic20;BreaksPriorLow;AcceptanceAccepted"
1253,"2026-04-28 11:30:00",95.26,95.84,95.12,95.71,5044,"HHHL","Black","Up",1,0.98,0.72,"Up",1,0.45,"Up",1,0.819444,0.666667,False,False,True,False,"Climactic","Climactic","Absent","Absent","Accepted","SessionDefining","VolumePeak20;VolumeClimactic50;RangePeak20;RangeClimactic20;BreaksPriorHigh;AcceptanceAccepted"
1254,"2026-04-29 06:05:00",99.59,99.59,98.93,99.03,2667,"HHHL","Red","Down",0.9,0.92,0.66,"Down",0.95,0.56,"Up",1,0.151515,0,False,False,True,False,"Peak","Climactic","Absent","Local","Accepted","Structural","VolumePeak20;RangePeak20;RangeClimactic20;BreaksPriorHigh;DissipationLocal;AcceptanceAccepted"
1255,"2026-04-29 06:10:00",99,99.11,98.81,99.07,1483,"LLLH","Black","Down",0.85,0.8,0.3,"Down",0.65,0.07,"Down",0.3,0.866667,0.6,True,True,False,True,"Peak","Absent","Local","Local","Contained","Major","VolumePeak20;BreaksPriorLow;CloseInsidePriorRange;CloseInsidePriorBody;DissipationLocal;AcceptanceContained;CompressionLocal"
1256,"2026-04-29 06:15:00",99.07,99.13,98.92,99.1,936,"HHHL","Black","Down",0.45,0.4,0.21,"Down",0.35,0.03,"Down",0.1,0.857143,0.904762,True,False,True,False,"Falling","Absent","Clustered","Local","Contained","Minor","BreaksPriorHigh;CloseInsidePriorRange;DissipationLocal;AcceptanceContained;CompressionClustered"
1257,"2026-04-29 06:20:00",99.12,99.7,99.03,99.65,1591,"HHHL","Black","Up",0.85,0.82,0.67,"Up",0.95,0.53,"Up",0.95,0.925373,0.149254,False,False,True,False,"Peak","Climactic","Absent","Absent","Accepted","Structural","VolumePeak20;RangePeak20;RangeClimactic20;BreaksPriorHigh;AcceptanceAccepted"
1258,"2026-04-29 06:25:00",99.62,100.23,99.51,100.04,3876,"HHHL","Black","Up",0.95,0.96,0.72,"Up",1,0.42,"Down",0.85,0.736111,0.263889,False,False,True,False,"Climactic","Climactic","Absent","Absent","Accepted","SessionDefining","VolumePeak20;VolumeClimactic50;RangePeak20;RangeClimactic20;BreaksPriorHigh;AcceptanceAccepted"
1259,"2026-04-29 06:30:00",100.03,100.39,100.03,100.3,1864,"HHHL","Black","Down",0.8,0.84,0.36,"Down",0.75,0.27,"Down",0.8,0.75,0.555556,False,False,True,False,"Peak","Absent","Absent","Local","Accepted","Major","VolumePeak20;BreaksPriorHigh;DissipationLocal;AcceptanceAccepted"
1260,"2026-04-29 06:35:00",100.31,100.58,100.16,100.56,3040,"HHHL","Black","Up",0.9,0.94,0.42,"Up",0.75,0.25,"Down",0.75,0.952381,0.547619,False,False,True,False,"Peak","Local","Absent","Absent","Accepted","Structural","VolumePeak20;BreaksPriorHigh;AcceptanceAccepted"
1261,"2026-04-29 06:40:00",100.58,100.64,100.29,100.46,2264,"HHHL","Red","Down",0.75,0.88,0.35,"Down",0.65,0.12,"Down",0.4,0.485714,0.828571,True,True,True,False,"Falling","Absent","Clustered","Local","Contained","Moderate","BreaksPriorHigh;CloseInsidePriorRange;CloseInsidePriorBody;DissipationLocal;AcceptanceContained;CompressionClustered"
1262,"2026-04-29 06:45:00",100.46,100.75,100.46,100.61,1719,"HHHL","Black","Down",0.65,0.82,0.29,"Down",0.45,0.15,"Up",0.5,0.517241,0.62069,True,False,True,False,"Falling","Absent","Local","Local","Contained","Moderate","BreaksPriorHigh;CloseInsidePriorRange;DissipationLocal;AcceptanceContained;CompressionLocal"
1263,"2026-04-29 06:50:00",100.62,100.8,100.54,100.58,1994,"HHHL","Red","Up",0.7,0.88,0.26,"Down",0.35,0.04,"Down",0.2,0.153846,0.807692,True,True,True,False,"Rising","Absent","Clustered","Local","Contained","Moderate","BreaksPriorHigh;CloseInsidePriorRange;CloseInsidePriorBody;DissipationLocal;AcceptanceContained;CompressionClustered"
1264,"2026-04-29 06:55:00",100.58,101.01,100.42,100.7,2547,"OutsideBar","Black","Up",0.75,0.9,0.59,"Up",0.8,0.12,"Up",0.45,0.474576,0.440678,True,False,True,True,"Rising","Strong","Local","Absent","Contained","Structural","RangePeak20;BreaksPriorHigh;BreaksPriorLow;CloseInsidePriorRange;AcceptanceContained;CompressionLocal"
1265,"2026-04-29 07:00:00",100.69,100.84,100.47,100.72,1691,"InsideBar","Black","Down",0.5,0.78,0.37,"Down",0.65,0.03,"Down",0.1,0.675676,1,True,False,False,False,"Falling","Absent","Clustered","Absent","Unresolved","Moderate","CloseInsidePriorRange;CompressionClustered"
1266,"2026-04-29 07:05:00",100.74,100.84,100.53,100.55,1378,"InsideBar","Red","Down",0.35,0.7,0.31,"Down",0.45,0.19,"Up",0.6,0.064516,1,True,False,False,False,"Falling","Absent","Clustered","Absent","Unresolved","Minor","CloseInsidePriorRange;CompressionClustered"
1267,"2026-04-29 07:10:00",100.54,100.7,100.47,100.47,1013,"LLLH","Red","Down",0.25,0.44,0.23,"Down",0.2,0.07,"Down",0.35,0,0.73913,False,False,False,True,"Falling","Absent","Absent","Local","Accepted","Minor","BreaksPriorLow;DissipationLocal;AcceptanceAccepted"
1268,"2026-04-29 07:15:00",100.48,100.75,100.39,100.48,1155,"OutsideBar","Neutral","Up",0.3,0.62,0.36,"Up",0.6,0,"Down",0.05,0.25,0.638889,True,True,True,True,"Rising","Local","Local","Absent","Contained","Moderate","BreaksPriorHigh;BreaksPriorLow;CloseInsidePriorRange;CloseInsidePriorBody;AcceptanceContained;CompressionLocal"
1269,"2026-04-29 07:20:00",100.5,100.69,100.48,100.55,1033,"InsideBar","Black","Down",0.2,0.52,0.21,"Down",0.1,0.05,"Up",0.3,0.333333,1,True,False,False,False,"Falling","Absent","Clustered","Absent","Unresolved","Minor","CloseInsidePriorRange;CompressionClustered"
1270,"2026-04-29 07:25:00",100.55,100.74,100.44,100.58,1311,"OutsideBar","Black","Up",0.3,0.66,0.3,"Up",0.4,0.03,"Down",0.2,0.466667,0.7,True,False,True,True,"Rising","Local","Local","Absent","Contained","Minor","BreaksPriorHigh;BreaksPriorLow;CloseInsidePriorRange;AcceptanceContained;CompressionLocal"
1271,"2026-04-29 07:30:00",100.57,100.62,100.15,100.5,1246,"LLLH","Red","Down",0.25,0.62,0.47,"Up",0.7,0.07,"Up",0.4,0.744681,0.382979,True,False,False,True,"Falling","Local","Local","Local","Contained","Moderate","BreaksPriorLow;CloseInsidePriorRange;DissipationLocal;AcceptanceContained;CompressionLocal"
1272,"2026-04-29 07:35:00",100.48,101.11,100.48,100.54,2927,"HHHL","Black","Up",0.85,0.94,0.63,"Up",0.8,0.06,"Down",0.35,0.095238,0.222222,True,True,True,False,"Peak","Strong","Local","Absent","Contained","Structural","VolumePeak20;RangePeak20;BreaksPriorHigh;CloseInsidePriorRange;CloseInsidePriorBody;AcceptanceContained;CompressionLocal"
1273,"2026-04-29 07:40:00",100.53,100.65,100.23,100.59,1769,"LLLH","Black","Down",0.6,0.8,0.42,"Down",0.7,0.06,"Flat",0.4,0.857143,0.404762,True,False,False,True,"Falling","Absent","Local","Local","Contained","Moderate","BreaksPriorLow;CloseInsidePriorRange;DissipationLocal;AcceptanceContained;CompressionLocal"
1274,"2026-04-29 07:45:00",100.6,101.07,100.59,100.82,1797,"HHHL","Black","Up",0.65,0.8,0.48,"Up",0.8,0.22,"Up",0.8,0.479167,0.125,False,False,True,False,"Rising","Strong","Absent","Absent","Accepted","Major","RangePeak20;BreaksPriorHigh;AcceptanceAccepted"
1275,"2026-04-29 07:50:00",100.8,100.99,100.75,100.96,1058,"InsideBar","Black","Down",0.2,0.46,0.24,"Down",0.2,0.16,"Down",0.7,0.875,1,True,False,False,False,"Falling","Absent","Clustered","Absent","Unresolved","Minor","CloseInsidePriorRange;CompressionClustered"
1276,"2026-04-29 07:55:00",100.98,101.19,100.89,100.9,1567,"HHHL","Red","Up",0.4,0.7,0.3,"Up",0.35,0.08,"Down",0.5,0.033333,0.333333,True,True,True,False,"Rising","Local","Local","Absent","Contained","Minor","BreaksPriorHigh;CloseInsidePriorRange;CloseInsidePriorBody;AcceptanceContained;CompressionLocal"
1277,"2026-04-29 08:00:00",100.91,101.05,100.87,100.95,914,"LLLH","Black","Down",0.05,0.3,0.18,"Down",0.05,0.04,"Down",0.25,0.444444,0.888889,True,True,False,True,"Falling","Absent","Clustered","Local","Contained","Minor","BreaksPriorLow;CloseInsidePriorRange;CloseInsidePriorBody;DissipationLocal;AcceptanceContained;CompressionClustered"
1278,"2026-04-29 08:05:00",100.94,100.99,100.77,100.93,1227,"LLLH","Red","Up",0.3,0.52,0.22,"Up",0.15,0.01,"Down",0.1,0.727273,0.545455,True,True,False,True,"Rising","Local","Local","Absent","Contained","Minor","BreaksPriorLow;CloseInsidePriorRange;CloseInsidePriorBody;AcceptanceContained;CompressionLocal"
1279,"2026-04-29 08:10:00",100.94,101.12,100.85,101.05,1333,"HHHL","Black","Up",0.45,0.58,0.27,"Up",0.35,0.11,"Up",0.65,0.740741,0.518519,False,False,True,False,"Rising","Local","Absent","Absent","Accepted","Minor","BreaksPriorHigh;AcceptanceAccepted"
1280,"2026-04-29 08:15:00",101.04,101.17,100.98,101.11,1258,"HHHL","Black","Down",0.4,0.52,0.19,"Down",0.1,0.07,"Down",0.55,0.684211,0.736842,True,False,True,False,"Falling","Absent","Local","Local","Contained","Minor","BreaksPriorHigh;CloseInsidePriorRange;DissipationLocal;AcceptanceContained;CompressionLocal"
1281,"2026-04-29 08:20:00",101.14,101.23,100.69,101.06,1960,"OutsideBar","Red","Up",0.85,0.82,0.54,"Up",0.9,0.08,"Up",0.7,0.685185,0.351852,True,True,True,True,"Peak","Strong","Local","Absent","Contained","Structural","VolumePeak20;RangePeak20;BreaksPriorHigh;BreaksPriorLow;CloseInsidePriorRange;CloseInsidePriorBody;AcceptanceContained;CompressionLocal"
1282,"2026-04-29 08:25:00",101.05,101.15,100.78,101.01,1197,"InsideBar","Red","Down",0.3,0.44,0.37,"Down",0.7,0.04,"Down",0.25,0.621622,1,True,False,False,False,"Falling","Absent","Clustered","Absent","Unresolved","Moderate","CloseInsidePriorRange;CompressionClustered"
1283,"2026-04-29 08:30:00",101.02,101.4,100.97,101.27,2020,"HHHL","Black","Up",0.9,0.84,0.43,"Up",0.75,0.25,"Up",1,0.697674,0.418605,False,False,True,False,"Peak","Local","Absent","Absent","Accepted","Major","VolumePeak20;BreaksPriorHigh;AcceptanceAccepted"
1284,"2026-04-29 08:35:00",101.3,101.72,101.17,101.33,2961,"HHHL","Black","Up",1,0.94,0.55,"Up",0.95,0.03,"Down",0.25,0.290909,0.418182,True,False,True,False,"Peak","Climactic","Local","Absent","Contained","Structural","VolumePeak20;RangePeak20;RangeClimactic20;BreaksPriorHigh;CloseInsidePriorRange;AcceptanceContained;CompressionLocal"
1285,"2026-04-29 08:40:00",101.33,101.54,101.3,101.42,1777,"InsideBar","Black","Down",0.75,0.72,0.24,"Down",0.35,0.09,"Up",0.75,0.5,1,True,False,False,False,"Falling","Absent","Clustered","Absent","Unresolved","Moderate","CloseInsidePriorRange;CompressionClustered"
1286,"2026-04-29 08:45:00",101.43,101.72,101.32,101.54,1350,"HHHL","Black","Down",0.6,0.54,0.4,"Up",0.65,0.11,"Up",0.85,0.55,0.55,True,False,True,False,"Falling","Local","Local","Local","Contained","Moderate","BreaksPriorHigh;CloseInsidePriorRange;DissipationLocal;AcceptanceContained;CompressionLocal"
1287,"2026-04-29 08:50:00",101.55,101.66,101.36,101.49,1292,"InsideBar","Red","Down",0.45,0.44,0.3,"Down",0.5,0.06,"Down",0.5,0.433333,1,True,True,False,False,"Falling","Absent","Clustered","Absent","Unresolved","Minor","CloseInsidePriorRange;CloseInsidePriorBody;CompressionClustered"
1288,"2026-04-29 08:55:00",101.48,102.43,101.28,102.21,5993,"OutsideBar","Black","Up",1,1,1.15,"Up",1,0.73,"Up",1,0.808696,0.26087,False,False,True,True,"Climactic","Climactic","Absent","Absent","Accepted","SessionDefining","VolumePeak20;VolumeClimactic50;RangePeak20;RangeClimactic20;BreaksPriorHigh;BreaksPriorLow;AcceptanceAccepted"
1289,"2026-04-29 09:00:00",102.22,102.8,102.18,102.54,4425,"HHHL","Black","Down",0.95,0.96,0.62,"Down",0.9,0.32,"Down",0.95,0.580645,0.403226,False,False,True,False,"Climactic","Strong","Absent","Local","Accepted","Structural","VolumePeak20;VolumeClimactic50;RangePeak20;BreaksPriorHigh;DissipationLocal;AcceptanceAccepted"
1290,"2026-04-29 09:05:00",102.56,102.61,101.97,102.22,2413,"LLLH","Red","Down",0.8,0.8,0.64,"Up",0.95,0.34,"Up",0.95,0.390625,0.671875,True,True,False,True,"Peak","Climactic","Local","Local","Contained","Structural","VolumePeak20;RangePeak20;RangeClimactic20;BreaksPriorLow;CloseInsidePriorRange;CloseInsidePriorBody;DissipationLocal;AcceptanceContained;CompressionLocal"
1291,"2026-04-29 09:10:00",102.21,102.33,101.95,102.11,1350,"LLLH","Red","Down",0.45,0.5,0.38,"Down",0.5,0.1,"Down",0.6,0.421053,0.947368,True,False,False,True,"Falling","Absent","Clustered","Local","Contained","Minor","BreaksPriorLow;CloseInsidePriorRange;DissipationLocal;AcceptanceContained;CompressionClustered"
1292,"2026-04-29 09:15:00",102.11,102.42,102.03,102.38,1630,"HHHL","Black","Up",0.55,0.58,0.39,"Up",0.55,0.27,"Up",0.85,0.897436,0.769231,False,False,True,False,"Rising","Local","Absent","Absent","Accepted","Minor","BreaksPriorHigh;AcceptanceAccepted"
1293,"2026-04-29 09:20:00",102.37,102.62,102.27,102.54,1343,"HHHL","Black","Down",0.4,0.44,0.35,"Down",0.45,0.17,"Down",0.7,0.771429,0.428571,False,False,True,False,"Falling","Absent","Absent","Local","Accepted","Minor","BreaksPriorHigh;DissipationLocal;AcceptanceAccepted"
1294,"2026-04-29 09:25:00",102.55,102.6,102.4,102.5,1040,"InsideBar","Red","Down",0.1,0.22,0.2,"Down",0.15,0.05,"Down",0.25,0.5,1,True,True,False,False,"Falling","Absent","Clustered","Absent","Unresolved","Minor","CloseInsidePriorRange;CloseInsidePriorBody;CompressionClustered"
1295,"2026-04-29 09:30:00",102.49,102.54,102.18,102.45,1155,"LLLH","Red","Up",0.15,0.28,0.36,"Up",0.5,0.04,"Down",0.2,0.75,0.388889,True,False,False,True,"Rising","Local","Local","Absent","Contained","Minor","BreaksPriorLow;CloseInsidePriorRange;AcceptanceContained;CompressionLocal"
1296,"2026-04-29 09:35:00",102.48,102.78,102.4,102.71,1952,"HHHL","Black","Up",0.7,0.7,0.38,"Up",0.6,0.23,"Up",0.75,0.815789,0.368421,False,False,True,False,"Rising","Local","Absent","Absent","Accepted","Moderate","BreaksPriorHigh;AcceptanceAccepted"
1297,"2026-04-29 09:40:00",102.73,102.77,102.54,102.61,1676,"InsideBar","Red","Down",0.6,0.56,0.23,"Down",0.2,0.12,"Down",0.65,0.304348,1,True,True,False,False,"Falling","Absent","Clustered","Absent","Unresolved","Moderate","CloseInsidePriorRange;CloseInsidePriorBody;CompressionClustered"
1298,"2026-04-29 09:45:00",102.6,102.66,102.42,102.51,787,"LLLH","Red","Down",0.05,0.04,0.24,"Up",0.2,0.09,"Down",0.4,0.375,0.5,False,False,False,True,"Falling","Local","Absent","Local","Accepted","Minor","BreaksPriorLow;DissipationLocal;AcceptanceAccepted"
1299,"2026-04-29 09:50:00",102.51,102.55,102.28,102.49,1212,"LLLH","Red","Up",0.25,0.26,0.27,"Up",0.3,0.02,"Down",0.05,0.777778,0.481481,True,False,False,True,"Rising","Local","Local","Absent","Contained","Minor","BreaksPriorLow;CloseInsidePriorRange;AcceptanceContained;CompressionLocal"
1300,"2026-04-29 09:55:00",102.5,102.73,102.43,102.6,948,"HHHL","Black","Down",0.1,0.08,0.3,"Up",0.35,0.1,"Up",0.55,0.566667,0.4,False,False,True,False,"Falling","Local","Absent","Local","Accepted","Minor","BreaksPriorHigh;DissipationLocal;AcceptanceAccepted"
1301,"2026-04-29 10:00:00",102.62,103.03,102.6,102.9,1815,"HHHL","Black","Up",0.7,0.66,0.43,"Up",0.8,0.28,"Up",0.85,0.697674,0.302326,False,False,True,False,"Rising","Strong","Absent","Absent","Accepted","Major","RangePeak20;BreaksPriorHigh;AcceptanceAccepted"
1302,"2026-04-29 10:05:00",102.9,103.39,102.82,103.14,2280,"HHHL","Black","Up",0.8,0.8,0.57,"Up",0.85,0.24,"Down",0.7,0.561404,0.368421,False,False,True,False,"Peak","Strong","Absent","Absent","Accepted","Major","VolumePeak20;RangePeak20;BreaksPriorHigh;AcceptanceAccepted"
1303,"2026-04-29 10:10:00",103.13,103.18,102.87,103.02,1549,"InsideBar","Red","Down",0.5,0.48,0.31,"Down",0.4,0.11,"Down",0.55,0.483871,1,True,True,False,False,"Falling","Absent","Clustered","Absent","Unresolved","Minor","CloseInsidePriorRange;CloseInsidePriorBody;CompressionClustered"
1304,"2026-04-29 10:15:00",103.02,103.37,102.97,103.28,1415,"HHHL","Black","Down",0.5,0.46,0.4,"Up",0.75,0.26,"Up",0.75,0.775,0.525,False,False,True,False,"Falling","Local","Absent","Local","Accepted","Moderate","BreaksPriorHigh;DissipationLocal;AcceptanceAccepted"
1305,"2026-04-29 10:20:00",103.28,103.44,103.16,103.26,1414,"HHHL","Red","Down",0.5,0.46,0.28,"Down",0.25,0.02,"Down",0.05,0.357143,0.75,True,True,True,False,"Falling","Absent","Local","Local","Contained","Minor","BreaksPriorHigh;CloseInsidePriorRange;CloseInsidePriorBody;DissipationLocal;AcceptanceContained;CompressionLocal"
1306,"2026-04-29 10:25:00",103.28,103.28,102.7,102.89,2476,"LLLH","Red","Up",0.9,0.86,0.58,"Up",0.85,0.39,"Up",0.95,0.327586,0.206897,False,False,False,True,"Peak","Strong","Absent","Absent","Accepted","Major","VolumePeak20;RangePeak20;BreaksPriorLow;AcceptanceAccepted"
1307,"2026-04-29 10:30:00",102.89,103,102.53,102.57,1461,"LLLH","Red","Down",0.5,0.48,0.47,"Down",0.75,0.32,"Down",0.85,0.085106,0.638298,False,False,False,True,"Falling","Absent","Absent","Local","Accepted","Moderate","BreaksPriorLow;DissipationLocal;AcceptanceAccepted"
1308,"2026-04-29 10:35:00",102.56,102.66,102.03,102.34,2822,"LLLH","Red","Up",0.95,0.9,0.63,"Up",0.95,0.22,"Down",0.55,0.492063,0.206349,False,False,False,True,"Peak","Climactic","Absent","Absent","Accepted","Structural","VolumePeak20;RangePeak20;RangeClimactic20;BreaksPriorLow;AcceptanceAccepted"
1309,"2026-04-29 10:40:00",102.34,102.74,102.33,102.71,1528,"HHHL","Black","Down",0.55,0.5,0.41,"Down",0.7,0.37,"Up",0.95,0.926829,0.804878,False,False,True,False,"Falling","Absent","Clustered","Local","Accepted","Moderate","BreaksPriorHigh;DissipationLocal;AcceptanceAccepted;CompressionClustered"
1310,"2026-04-29 10:45:00",102.7,102.96,102.67,102.91,1148,"HHHL","Black","Down",0.2,0.16,0.29,"Down",0.3,0.21,"Down",0.55,0.827586,0.241379,False,False,True,False,"Falling","Absent","Absent","Local","Accepted","Minor","BreaksPriorHigh;DissipationLocal;AcceptanceAccepted"
1311,"2026-04-29 10:50:00",102.9,102.97,102.38,102.61,2558,"OutsideBar","Red","Up",0.95,0.9,0.59,"Up",0.95,0.29,"Up",0.85,0.389831,0.491525,False,False,True,True,"Peak","Climactic","Absent","Absent","Accepted","Structural","VolumePeak20;RangePeak20;RangeClimactic20;BreaksPriorHigh;BreaksPriorLow;AcceptanceAccepted"
1312,"2026-04-29 10:55:00",102.61,102.69,102.12,102.35,2056,"LLLH","Red","Down",0.8,0.8,0.57,"Down",0.8,0.26,"Down",0.75,0.403509,0.54386,False,False,False,True,"Peak","Strong","Absent","Local","Accepted","Major","VolumePeak20;RangePeak20;BreaksPriorLow;DissipationLocal;AcceptanceAccepted"
1313,"2026-04-29 11:00:00",102.35,102.45,102.12,102.28,1035,"InsideBar","Red","Down",0.15,0.12,0.33,"Down",0.45,0.07,"Down",0.25,0.484848,1,True,False,False,False,"Falling","Absent","Clustered","Absent","Unresolved","Minor","CloseInsidePriorRange;CompressionClustered"
1314,"2026-04-29 11:05:00",102.33,102.59,102.23,102.47,1196,"HHHL","Black","Up",0.3,0.24,0.36,"Up",0.5,0.14,"Up",0.45,0.666667,0.611111,False,False,True,False,"Rising","Local","Absent","Absent","Accepted","Minor","BreaksPriorHigh;AcceptanceAccepted"
1315,"2026-04-29 11:10:00",102.47,102.95,102.42,102.79,1529,"HHHL","Black","Up",0.55,0.58,0.53,"Up",0.75,0.32,"Up",0.9,0.698113,0.320755,False,False,True,False,"Rising","Local","Absent","Absent","Accepted","Moderate","BreaksPriorHigh;AcceptanceAccepted"
1316,"2026-04-29 11:15:00",102.79,102.91,102.66,102.9,1160,"InsideBar","Black","Down",0.25,0.24,0.25,"Down",0.15,0.11,"Down",0.35,0.96,1,True,False,False,False,"Falling","Absent","Clustered","Absent","Unresolved","Minor","CloseInsidePriorRange;CompressionClustered"
1317,"2026-04-29 11:20:00",102.89,102.92,102.46,102.61,2390,"OutsideBar","Red","Up",0.85,0.84,0.46,"Up",0.65,0.28,"Up",0.75,0.326087,0.543478,False,False,True,True,"Peak","Local","Absent","Absent","Accepted","Major","VolumePeak20;BreaksPriorHigh;BreaksPriorLow;AcceptanceAccepted"
1318,"2026-04-29 11:25:00",102.6,102.66,102.42,102.56,1321,"LLLH","Red","Down",0.35,0.38,0.24,"Down",0.05,0.04,"Down",0.15,0.583333,0.833333,True,False,False,True,"Falling","Absent","Clustered","Local","Contained","Minor","BreaksPriorLow;CloseInsidePriorRange;DissipationLocal;AcceptanceContained;CompressionClustered"
1319,"2026-04-29 11:30:00",102.56,102.92,102.45,102.74,4722,"HHHL","Black","Up",1,0.98,0.47,"Up",0.7,0.18,"Up",0.4,0.617021,0.446809,False,False,True,False,"Climactic","Local","Absent","Absent","Accepted","Structural","VolumePeak20;VolumeClimactic50;BreaksPriorHigh;AcceptanceAccepted"
1320,"2026-04-30 06:05:00",101.06,101.06,100.34,100.51,1816,"LLLH","Red","Down",0.65,0.7,0.72,"Up",1,0.55,"Up",1,0.236111,0,False,False,False,True,"Falling","Climactic","Absent","Local","Accepted","Structural","RangePeak20;RangeClimactic20;BreaksPriorLow;DissipationLocal;AcceptanceAccepted"
1321,"2026-04-30 06:10:00",100.51,100.57,99.79,99.82,1857,"LLLH","Red","Up",0.65,0.7,0.78,"Up",1,0.69,"Up",1,0.038462,0.294872,False,False,False,True,"Rising","Climactic","Absent","Absent","Accepted","Structural","RangePeak20;RangeClimactic20;BreaksPriorLow;AcceptanceAccepted"
1322,"2026-04-30 06:15:00",99.83,100.41,99.8,99.9,1307,"InsideBar","Black","Down",0.25,0.32,0.61,"Down",0.85,0.07,"Down",0.2,0.163934,1,True,True,False,False,"Falling","Strong","Clustered","Absent","Unresolved","Major","RangePeak20;LowVolumeHighRange;CloseInsidePriorRange;CloseInsidePriorBody;CompressionClustered"
1323,"2026-04-30 06:20:00",99.9,100.11,99.61,99.93,1009,"LLLH","Black","Down",0.05,0.08,0.5,"Down",0.6,0.03,"Down",0.1,0.64,0.62,True,False,False,True,"Falling","Absent","Local","Local","Contained","Moderate","BreaksPriorLow;CloseInsidePriorRange;DissipationLocal;AcceptanceContained;CompressionLocal"
1324,"2026-04-30 06:25:00",99.94,100.24,99.8,100.19,924,"HHHL","Black","Down",0.05,0.06,0.44,"Down",0.4,0.25,"Up",0.55,0.886364,0.704545,False,False,True,False,"Falling","Absent","Absent","Local","Accepted","Minor","BreaksPriorHigh;DissipationLocal;AcceptanceAccepted"
1325,"2026-04-30 06:30:00",100.2,100.43,100.02,100.41,1285,"HHHL","Black","Up",0.35,0.32,0.41,"Down",0.35,0.21,"Down",0.45,0.95122,0.536585,False,False,True,False,"Rising","Absent","Absent","Local","Accepted","Minor","BreaksPriorHigh;DissipationLocal;AcceptanceAccepted"
1326,"2026-04-30 06:35:00",100.42,101.16,100.36,101.16,1978,"HHHL","Black","Up",0.75,0.76,0.8,"Up",1,0.74,"Up",1,1,0.0875,False,False,True,False,"Rising","Climactic","Absent","Absent","Accepted","Structural","RangePeak20;RangeClimactic20;BreaksPriorHigh;AcceptanceAccepted"
1327,"2026-04-30 06:40:00",101.17,101.74,101.08,101.43,2365,"HHHL","Black","Up",0.8,0.82,0.66,"Down",0.85,0.26,"Down",0.65,0.530303,0.121212,False,False,True,False,"Peak","Strong","Absent","Local","Accepted","Major","VolumePeak20;RangePeak20;BreaksPriorHigh;DissipationLocal;AcceptanceAccepted"
1328,"2026-04-30 06:45:00",101.45,101.59,101.1,101.16,1633,"InsideBar","Red","Down",0.6,0.58,0.49,"Down",0.55,0.29,"Up",0.75,0.122449,1,True,False,False,False,"Falling","Absent","Clustered","Absent","Unresolved","Moderate","CloseInsidePriorRange;CompressionClustered"
1329,"2026-04-30 06:50:00",101.17,101.58,101.08,101.16,1201,"LLLH","Red","Down",0.35,0.24,0.5,"Up",0.6,0.01,"Down",0.05,0.16,0.96,True,True,False,True,"Falling","Local","Local","Local","Contained","Moderate","BreaksPriorLow;CloseInsidePriorRange;CloseInsidePriorBody;DissipationLocal;AcceptanceContained;CompressionLocal"
1330,"2026-04-30 06:55:00",101.16,101.42,100.96,101.29,1355,"LLLH","Black","Up",0.5,0.42,0.46,"Down",0.4,0.13,"Up",0.35,0.717391,0.73913,True,False,False,True,"Rising","Absent","Local","Local","Contained","Minor","BreaksPriorLow;CloseInsidePriorRange;DissipationLocal;AcceptanceContained;CompressionLocal"
1331,"2026-04-30 07:00:00",101.3,101.4,101.04,101.21,851,"InsideBar","Red","Down",0.05,0.04,0.36,"Down",0.25,0.09,"Down",0.3,0.472222,1,True,True,False,False,"Falling","Absent","Clustered","Absent","Unresolved","Minor","CloseInsidePriorRange;CloseInsidePriorBody;CompressionClustered"
1332,"2026-04-30 07:05:00",101.21,101.38,100.84,101.34,1565,"LLLH","Black","Up",0.65,0.56,0.54,"Up",0.75,0.13,"Up",0.45,0.925926,0.62963,True,False,False,True,"Rising","Local","Local","Absent","Contained","Moderate","BreaksPriorLow;CloseInsidePriorRange;AcceptanceContained;CompressionLocal"
1333,"2026-04-30 07:10:00",101.35,101.5,100.93,101.12,1199,"HHHL","Red","Down",0.3,0.24,0.57,"Up",0.75,0.23,"Up",0.6,0.333333,0.789474,True,False,True,False,"Falling","Local","Local","Local","Contained","Moderate","BreaksPriorHigh;CloseInsidePriorRange;DissipationLocal;AcceptanceContained;CompressionLocal"
1334,"2026-04-30 07:15:00",101.12,101.18,100.55,100.83,1908,"LLLH","Red","Up",0.8,0.74,0.63,"Up",0.8,0.29,"Up",0.8,0.444444,0.396825,False,False,False,True,"Peak","Strong","Absent","Absent","Accepted","Major","VolumePeak20;RangePeak20;BreaksPriorLow;AcceptanceAccepted"
1335,"2026-04-30 07:20:00",100.82,101.52,100.59,100.62,1887,"HHHL","Red","Down",0.75,0.72,0.93,"Up",1,0.2,"Down",0.5,0.032258,0.634409,True,False,True,False,"Falling","Climactic","Local","Local","Contained","Structural","RangePeak20;RangeClimactic20;BreaksPriorHigh;CloseInsidePriorRange;DissipationLocal;AcceptanceContained;CompressionLocal"
1336,"2026-04-30 07:25:00",100.62,101.04,100.45,100.74,1803,"LLLH","Black","Down",0.6,0.64,0.59,"Down",0.65,0.12,"Down",0.3,0.491525,0.762712,True,True,False,True,"Falling","Absent","Local","Local","Contained","Moderate","BreaksPriorLow;CloseInsidePriorRange;CloseInsidePriorBody;DissipationLocal;AcceptanceContained;CompressionLocal"
1337,"2026-04-30 07:30:00",100.76,101.11,100.7,100.84,1397,"HHHL","Black","Down",0.5,0.42,0.41,"Down",0.15,0.08,"Down",0.25,0.341463,0.829268,True,False,True,False,"Falling","Absent","Clustered","Local","Contained","Minor","BreaksPriorHigh;CloseInsidePriorRange;DissipationLocal;AcceptanceContained;CompressionClustered"
1338,"2026-04-30 07:35:00",100.85,101.68,100.75,101.45,2353,"HHHL","Black","Up",0.9,0.84,0.93,"Up",1,0.6,"Up",0.9,0.752688,0.387097,False,False,True,False,"Peak","Climactic","Absent","Absent","Accepted","Structural","VolumePeak20;RangePeak20;RangeClimactic20;BreaksPriorHigh;AcceptanceAccepted"
1339,"2026-04-30 07:40:00",101.45,102.22,101.44,101.97,2664,"HHHL","Black","Up",1,0.96,0.78,"Down",0.85,0.52,"Down",0.8,0.679487,0.307692,False,False,True,False,"Climactic","Strong","Absent","Local","Accepted","Structural","VolumePeak20;VolumeClimactic50;RangePeak20;BreaksPriorHigh;DissipationLocal;AcceptanceAccepted"
1340,"2026-04-30 07:45:00",101.96,101.97,101.51,101.69,1509,"InsideBar","Red","Down",0.5,0.5,0.46,"Down",0.25,0.27,"Down",0.7,0.391304,1,True,True,False,False,"Falling","Absent","Clustered","Absent","Unresolved","Minor","CloseInsidePriorRange;CloseInsidePriorBody;CompressionClustered"
1341,"2026-04-30 07:50:00",101.68,101.93,101.46,101.81,1236,"LLLH","Black","Down",0.3,0.3,0.47,"Up",0.35,0.13,"Down",0.35,0.744681,0.893617,True,True,False,True,"Falling","Local","Local","Local","Contained","Minor","BreaksPriorLow;CloseInsidePriorRange;CloseInsidePriorBody;DissipationLocal;AcceptanceContained;CompressionLocal"
1342,"2026-04-30 07:55:00",101.81,101.83,101.19,101.33,1249,"LLLH","Red","Up",0.35,0.32,0.64,"Up",0.75,0.48,"Up",0.85,0.21875,0.578125,False,False,False,True,"Rising","Local","Absent","Absent","Accepted","Moderate","BreaksPriorLow;AcceptanceAccepted"
1343,"2026-04-30 08:00:00",101.36,101.78,101.28,101.75,991,"InsideBar","Black","Down",0.15,0.1,0.5,"Down",0.5,0.39,"Down",0.8,0.94,1,True,True,False,False,"Falling","Absent","Clustered","Absent","Unresolved","Minor","CloseInsidePriorRange;CloseInsidePriorBody;CompressionClustered"
1344,"2026-04-30 08:05:00",101.76,102.38,101.48,102.26,2059,"HHHL","Black","Up",0.85,0.82,0.9,"Up",0.9,0.5,"Up",0.85,0.866667,0.333333,False,False,True,False,"Peak","Strong","Absent","Absent","Accepted","Structural","VolumePeak20;RangePeak20;BreaksPriorHigh;AcceptanceAccepted"
1345,"2026-04-30 08:10:00",102.27,102.34,100.89,100.93,5225,"LLLH","Red","Up",1,1,1.45,"Up",1,1.34,"Up",1,0.027586,0.593103,False,False,False,True,"Climactic","Climactic","Absent","Absent","Accepted","SessionDefining","VolumePeak20;VolumeClimactic50;RangePeak20;RangeClimactic20;BreaksPriorLow;AcceptanceAccepted"
1346,"2026-04-30 08:15:00",100.93,100.98,100.34,100.49,4283,"LLLH","Red","Down",0.95,0.96,0.64,"Down",0.7,0.44,"Down",0.75,0.234375,0.140625,False,False,False,True,"Climactic","Absent","Absent","Local","Accepted","Structural","VolumePeak20;VolumeClimactic50;BreaksPriorLow;DissipationLocal;AcceptanceAccepted"
1347,"2026-04-30 08:20:00",100.47,100.74,100.29,100.44,2757,"LLLH","Red","Down",0.9,0.92,0.45,"Down",0.15,0.03,"Down",0.1,0.333333,0.888889,True,False,False,True,"Peak","Absent","Clustered","Local","Contained","Structural","VolumePeak20;HighVolumeLowRange;BreaksPriorLow;CloseInsidePriorRange;DissipationLocal;AcceptanceContained;CompressionClustered"
1348,"2026-04-30 08:25:00",100.44,100.73,100.07,100.13,2958,"LLLH","Red","Up",0.9,0.94,0.66,"Up",0.75,0.31,"Up",0.65,0.090909,0.666667,False,False,False,True,"Peak","Local","Absent","Absent","Accepted","Structural","VolumePeak20;BreaksPriorLow;AcceptanceAccepted"
1349,"2026-04-30 08:30:00",100.1,100.31,99.84,100.2,2973,"LLLH","Black","Up",0.9,0.94,0.47,"Down",0.3,0.1,"Down",0.2,0.765957,0.510638,True,True,False,True,"Peak","Absent","Local","Local","Contained","Structural","VolumePeak20;HighVolumeLowRange;BreaksPriorLow;CloseInsidePriorRange;CloseInsidePriorBody;DissipationLocal;AcceptanceContained;CompressionLocal"
1350,"2026-04-30 08:35:00",100.2,100.21,99.31,100.06,4017,"LLLH","Red","Up",0.9,0.94,0.9,"Up",0.85,0.14,"Up",0.4,0.833333,0.411111,True,False,False,True,"Peak","Strong","Local","Absent","Contained","Structural","VolumePeak20;RangePeak20;BreaksPriorLow;CloseInsidePriorRange;AcceptanceContained;CompressionLocal"
1351,"2026-04-30 08:40:00",100.07,100.44,99.99,100.07,2059,"HHHL","Neutral","Down",0.6,0.7,0.45,"Down",0.15,0,"Down",0.05,0.177778,0.488889,True,True,True,False,"Falling","Absent","Local","Local","Contained","Moderate","BreaksPriorHigh;CloseInsidePriorRange;CloseInsidePriorBody;DissipationLocal;AcceptanceContained;CompressionLocal"
1352,"2026-04-30 08:45:00",100.06,100.39,99.97,100.12,1560,"LLLH","Black","Down",0.35,0.5,0.42,"Down",0.1,0.06,"Up",0.15,0.357143,0.952381,True,False,False,True,"Falling","Absent","Clustered","Local","Contained","Minor","BreaksPriorLow;CloseInsidePriorRange;DissipationLocal;AcceptanceContained;CompressionClustered"
1353,"2026-04-30 08:50:00",100.12,100.65,100.12,100.36,1419,"HHHL","Black","Down",0.25,0.4,0.53,"Up",0.45,0.24,"Up",0.5,0.45283,0.509434,True,False,True,False,"Falling","Local","Local","Local","Contained","Minor","BreaksPriorHigh;CloseInsidePriorRange;DissipationLocal;AcceptanceContained;CompressionLocal"
1354,"2026-04-30 08:55:00",100.34,100.35,99.78,99.81,1564,"LLLH","Red","Up",0.4,0.5,0.57,"Up",0.5,0.53,"Up",0.9,0.052632,0.403509,False,False,False,True,"Rising","Local","Absent","Absent","Accepted","Minor","BreaksPriorLow;AcceptanceAccepted"
1355,"2026-04-30 09:00:00",99.81,99.93,99.65,99.86,1515,"LLLH","Black","Down",0.35,0.42,0.28,"Down",0.05,0.05,"Down",0.15,0.75,0.535714,True,True,False,True,"Falling","Absent","Local","Local","Contained","Minor","BreaksPriorLow;CloseInsidePriorRange;CloseInsidePriorBody;DissipationLocal;AcceptanceContained;CompressionLocal"
1356,"2026-04-30 09:05:00",99.86,100.3,99.8,100.03,1121,"HHHL","Black","Down",0.1,0.12,0.5,"Up",0.5,0.17,"Up",0.45,0.46,0.26,False,False,True,False,"Falling","Local","Absent","Local","Accepted","Minor","BreaksPriorHigh;DissipationLocal;AcceptanceAccepted"
1357,"2026-04-30 09:10:00",99.97,100.21,99.87,100.15,1029,"InsideBar","Black","Down",0.1,0.1,0.34,"Down",0.1,0.18,"Up",0.45,0.823529,1,True,False,False,False,"Falling","Absent","Clustered","Absent","Unresolved","Minor","CloseInsidePriorRange;CompressionClustered"
1358,"2026-04-30 09:15:00",100.16,100.22,99.78,99.89,996,"OutsideBar","Red","Down",0.1,0.08,0.44,"Up",0.2,0.27,"Up",0.6,0.25,0.772727,True,False,True,True,"Falling","Local","Local","Local","Contained","Minor","BreaksPriorHigh;BreaksPriorLow;CloseInsidePriorRange;DissipationLocal;AcceptanceContained;CompressionLocal"
1359,"2026-04-30 09:20:00",99.91,100.42,99.89,100.18,1130,"HHHL","Black","Up",0.25,0.18,0.53,"Up",0.65,0.27,"Up",0.65,0.54717,0.622642,True,False,True,False,"Rising","Local","Local","Absent","Contained","Moderate","BreaksPriorHigh;CloseInsidePriorRange;AcceptanceContained;CompressionLocal"
1360,"2026-04-30 09:25:00",100.2,100.51,100.09,100.42,704,"HHHL","Black","Down",0.05,0.02,0.42,"Down",0.2,0.22,"Down",0.5,0.785714,0.785714,True,False,True,False,"Falling","Absent","Local","Local","Contained","Minor","BreaksPriorHigh;CloseInsidePriorRange;DissipationLocal;AcceptanceContained;CompressionLocal"
1361,"2026-04-30 09:30:00",100.45,100.52,100.28,100.41,802,"HHHL","Red","Up",0.1,0.04,0.24,"Down",0.05,0.04,"Down",0.15,0.541667,0.958333,True,True,True,False,"Rising","Absent","Clustered","Local","Contained","Minor","BreaksPriorHigh;CloseInsidePriorRange;CloseInsidePriorBody;DissipationLocal;AcceptanceContained;CompressionClustered"
1362,"2026-04-30 09:35:00",100.41,100.54,100.33,100.46,599,"HHHL","Black","Down",0.05,0.02,0.21,"Down",0.05,0.05,"Up",0.25,0.619048,0.904762,True,False,True,False,"Falling","Absent","Clustered","Local","Contained","Minor","BreaksPriorHigh;CloseInsidePriorRange;DissipationLocal;AcceptanceContained;CompressionClustered"
1363,"2026-04-30 09:40:00",100.46,100.53,100.34,100.38,492,"InsideBar","Red","Down",0.05,0.02,0.19,"Down",0.05,0.08,"Up",0.35,0.210526,1,True,False,False,False,"Falling","Absent","Clustered","Absent","Unresolved","Minor","CloseInsidePriorRange;CompressionClustered"
1364,"2026-04-30 09:45:00",100.39,100.48,100.13,100.32,871,"LLLH","Red","Up",0.25,0.12,0.35,"Up",0.3,0.07,"Down",0.35,0.542857,0.4,False,False,False,True,"Rising","Local","Absent","Absent","Accepted","Minor","BreaksPriorLow;AcceptanceAccepted"
1365,"2026-04-30 09:50:00",100.31,100.69,100.28,100.36,935,"HHHL","Black","Up",0.3,0.16,0.41,"Up",0.35,0.05,"Down",0.3,0.195122,0.487805,True,True,True,False,"Rising","Local","Local","Absent","Contained","Minor","BreaksPriorHigh;CloseInsidePriorRange;CloseInsidePriorBody;AcceptanceContained;CompressionLocal"
1366,"2026-04-30 09:55:00",100.38,100.93,100.38,100.72,1239,"HHHL","Black","Up",0.55,0.36,0.55,"Up",0.85,0.34,"Up",0.95,0.618182,0.563636,False,False,True,False,"Rising","Strong","Absent","Absent","Accepted","Major","RangePeak20;BreaksPriorHigh;AcceptanceAccepted"
1367,"2026-04-30 10:00:00",100.71,100.91,100.52,100.53,798,"InsideBar","Red","Down",0.2,0.08,0.39,"Down",0.35,0.18,"Down",0.6,0.025641,1,True,True,False,False,"Falling","Absent","Clustered","Absent","Unresolved","Minor","CloseInsidePriorRange;CloseInsidePriorBody;CompressionClustered"
1368,"2026-04-30 10:05:00",100.53,100.53,99.9,100.08,1215,"LLLH","Red","Up",0.6,0.36,0.63,"Up",0.95,0.45,"Up",0.95,0.285714,0.015873,False,False,False,True,"Rising","Climactic","Absent","Absent","Accepted","Structural","RangePeak20;RangeClimactic20;BreaksPriorLow;AcceptanceAccepted"
1369,"2026-04-30 10:10:00",100.09,100.18,99.82,99.86,931,"LLLH","Red","Down",0.35,0.18,0.36,"Down",0.35,0.23,"Down",0.7,0.111111,0.777778,False,False,False,True,"Falling","Absent","Absent","Local","Accepted","Minor","BreaksPriorLow;DissipationLocal;AcceptanceAccepted"
1370,"2026-04-30 10:15:00",99.86,99.97,99.66,99.82,1086,"LLLH","Red","Up",0.55,0.3,0.31,"Down",0.25,0.04,"Down",0.15,0.516129,0.483871,True,False,False,True,"Rising","Absent","Local","Local","Contained","Minor","BreaksPriorLow;CloseInsidePriorRange;DissipationLocal;AcceptanceContained;CompressionLocal"
1371,"2026-04-30 10:20:00",99.84,100.44,99.84,100.26,1198,"HHHL","Black","Up",0.7,0.36,0.6,"Up",0.95,0.42,"Up",0.9,0.7,0.216667,False,False,True,False,"Rising","Climactic","Absent","Absent","Accepted","Structural","RangePeak20;RangeClimactic20;BreaksPriorHigh;AcceptanceAccepted"
1372,"2026-04-30 10:25:00",100.27,100.42,100.07,100.24,1161,"InsideBar","Red","Down",0.7,0.36,0.35,"Down",0.4,0.03,"Down",0.05,0.485714,1,True,True,False,False,"Falling","Absent","Clustered","Absent","Unresolved","Moderate","CloseInsidePriorRange;CloseInsidePriorBody;CompressionClustered"
1373,"2026-04-30 10:30:00",100.25,100.62,100.24,100.28,1165,"HHHL","Black","Up",0.75,0.36,0.38,"Up",0.5,0.03,"Flat",0.1,0.105263,0.473684,True,False,True,False,"Rising","Local","Local","Absent","Contained","Moderate","BreaksPriorHigh;CloseInsidePriorRange;AcceptanceContained;CompressionLocal"
1374,"2026-04-30 10:35:00",100.29,100.29,99.19,99.75,3982,"LLLH","Red","Up",1,0.94,1.1,"Up",1,0.54,"Up",1,0.509091,0.045455,False,False,False,True,"Peak","Climactic","Absent","Absent","Accepted","Structural","VolumePeak20;RangePeak20;RangeClimactic20;BreaksPriorLow;AcceptanceAccepted"
1375,"2026-04-30 10:40:00",99.74,99.83,99.55,99.77,975,"InsideBar","Black","Down",0.45,0.2,0.28,"Down",0.2,0.03,"Down",0.15,0.785714,1,True,True,False,False,"Falling","Absent","Clustered","Absent","Unresolved","Minor","CloseInsidePriorRange;CloseInsidePriorBody;CompressionClustered"
1376,"2026-04-30 10:45:00",99.77,99.97,99.53,99.71,1043,"OutsideBar","Red","Up",0.6,0.28,0.44,"Up",0.75,0.06,"Up",0.4,0.409091,0.636364,True,False,True,True,"Rising","Local","Local","Absent","Contained","Moderate","BreaksPriorHigh;BreaksPriorLow;CloseInsidePriorRange;AcceptanceContained;CompressionLocal"
1377,"2026-04-30 10:50:00",99.72,99.74,99.1,99.29,2034,"LLLH","Red","Up",0.95,0.78,0.64,"Up",0.95,0.43,"Up",0.9,0.296875,0.328125,False,False,False,True,"Peak","Climactic","Absent","Absent","Accepted","Structural","VolumePeak20;RangePeak20;RangeClimactic20;BreaksPriorLow;AcceptanceAccepted"
1378,"2026-04-30 10:55:00",99.29,99.51,99.2,99.49,1218,"InsideBar","Black","Down",0.85,0.48,0.31,"Down",0.3,0.2,"Down",0.6,0.935484,1,True,True,False,False,"Peak","Absent","Clustered","Absent","Unresolved","Major","VolumePeak20;HighVolumeLowRange;CloseInsidePriorRange;CloseInsidePriorBody;CompressionClustered"
1379,"2026-04-30 11:00:00",99.48,99.62,99.35,99.43,1107,"HHHL","Red","Down",0.6,0.32,0.27,"Down",0.2,0.05,"Down",0.4,0.296296,0.592593,True,True,True,False,"Falling","Absent","Local","Local","Contained","Moderate","BreaksPriorHigh;CloseInsidePriorRange;CloseInsidePriorBody;DissipationLocal;AcceptanceContained;CompressionLocal"
1380,"2026-04-30 11:05:00",99.43,99.57,99.19,99.42,1013,"LLLH","Red","Down",0.45,0.26,0.38,"Up",0.55,0.01,"Down",0.05,0.605263,0.578947,True,False,False,True,"Falling","Local","Local","Local","Contained","Minor","BreaksPriorLow;CloseInsidePriorRange;DissipationLocal;AcceptanceContained;CompressionLocal"
1381,"2026-04-30 11:10:00",99.44,99.7,99.4,99.7,1207,"HHHL","Black","Up",0.75,0.46,0.3,"Down",0.25,0.26,"Up",0.75,1,0.566667,False,False,True,False,"Rising","Absent","Absent","Local","Accepted","Moderate","BreaksPriorHigh;DissipationLocal;AcceptanceAccepted"
1382,"2026-04-30 11:15:00",99.7,99.94,99.59,99.91,1743,"HHHL","Black","Up",0.9,0.7,0.35,"Up",0.35,0.21,"Down",0.65,0.914286,0.314286,False,False,True,False,"Peak","Local","Absent","Absent","Accepted","Major","VolumePeak20;HighVolumeLowRange;BreaksPriorHigh;AcceptanceAccepted"
1383,"2026-04-30 11:20:00",99.9,100.14,99.81,99.83,1389,"HHHL","Red","Down",0.85,0.56,0.33,"Down",0.3,0.07,"Down",0.5,0.060606,0.393939,True,True,True,False,"Peak","Absent","Local","Local","Contained","Major","VolumePeak20;HighVolumeLowRange;BreaksPriorHigh;CloseInsidePriorRange;CloseInsidePriorBody;DissipationLocal;AcceptanceContained;CompressionLocal"
1384,"2026-04-30 11:25:00",99.83,100.73,99.75,100.7,2469,"OutsideBar","Black","Up",0.95,0.84,0.98,"Up",0.95,0.87,"Up",1,0.969388,0.336735,False,False,True,True,"Peak","Climactic","Absent","Absent","Accepted","Structural","VolumePeak20;RangePeak20;RangeClimactic20;BreaksPriorHigh;BreaksPriorLow;AcceptanceAccepted"
1385,"2026-04-30 11:30:00",100.69,101.07,100.54,100.91,7901,"HHHL","Black","Up",1,1,0.53,"Down",0.7,0.22,"Down",0.6,0.698113,0.358491,False,False,True,False,"Climactic","Absent","Absent","Local","Accepted","Structural","VolumePeak20;VolumeClimactic50;BreaksPriorHigh;DissipationLocal;AcceptanceAccepted"
1386,"2026-05-01 06:05:00",99.54,99.63,98.95,99.12,1954,"LLLH","Red","Down",0.8,0.72,0.68,"Up",0.9,0.42,"Up",0.8,0.25,0,False,False,False,True,"Peak","Strong","Absent","Local","Accepted","Structural","VolumePeak20;RangePeak20;BreaksPriorLow;DissipationLocal;AcceptanceAccepted"
1387,"2026-05-01 06:10:00",99.13,99.14,98.55,98.6,1685,"LLLH","Red","Down",0.7,0.68,0.59,"Down",0.7,0.53,"Up",0.9,0.084746,0.322034,False,False,False,True,"Falling","Absent","Absent","Local","Accepted","Moderate","BreaksPriorLow;DissipationLocal;AcceptanceAccepted"
1388,"2026-05-01 06:15:00",98.61,98.97,98.57,98.93,1367,"InsideBar","Black","Down",0.6,0.56,0.4,"Down",0.6,0.32,"Down",0.7,0.9,1,True,True,False,False,"Falling","Absent","Clustered","Absent","Unresolved","Moderate","CloseInsidePriorRange;CloseInsidePriorBody;CompressionClustered"
1389,"2026-05-01 06:20:00",98.94,99.11,98.71,98.74,880,"HHHL","Red","Down",0.05,0.14,0.4,"Flat",0.6,0.2,"Down",0.5,0.075,0.65,True,True,True,False,"Falling","Absent","Local","Local","Contained","Moderate","BreaksPriorHigh;CloseInsidePriorRange;CloseInsidePriorBody;DissipationLocal;AcceptanceContained;CompressionLocal"
1390,"2026-05-01 06:25:00",98.74,98.77,98.42,98.52,1072,"LLLH","Red","Up",0.25,0.32,0.35,"Down",0.35,0.22,"Up",0.6,0.285714,0.171429,False,False,False,True,"Rising","Absent","Absent","Local","Accepted","Minor","BreaksPriorLow;DissipationLocal;AcceptanceAccepted"
1391,"2026-05-01 06:30:00",98.55,98.69,98.27,98.4,1216,"LLLH","Red","Up",0.5,0.52,0.42,"Up",0.65,0.15,"Down",0.4,0.309524,0.642857,False,False,False,True,"Rising","Local","Absent","Absent","Accepted","Moderate","BreaksPriorLow;AcceptanceAccepted"
1392,"2026-05-01 06:35:00",98.37,98.69,97.57,97.64,3795,"OutsideBar","Red","Up",0.9,0.9,1.12,"Up",1,0.73,"Up",0.95,0.0625,0.375,False,False,False,True,"Peak","Climactic","Absent","Absent","Accepted","Structural","VolumePeak20;RangePeak20;RangeClimactic20;BreaksPriorLow;AcceptanceAccepted"
1393,"2026-05-01 06:40:00",97.66,97.92,97.47,97.82,2149,"LLLH","Black","Down",0.8,0.8,0.45,"Down",0.65,0.16,"Down",0.35,0.777778,0.777778,True,True,False,True,"Peak","Absent","Local","Local","Contained","Major","VolumePeak20;BreaksPriorLow;CloseInsidePriorRange;CloseInsidePriorBody;DissipationLocal;AcceptanceContained;CompressionLocal"
1394,"2026-05-01 06:45:00",97.82,97.92,97.37,97.42,1450,"OutsideBar","Red","Down",0.6,0.62,0.55,"Up",0.75,0.4,"Up",0.75,0.090909,0.818182,False,False,False,True,"Falling","Local","Absent","Local","Accepted","Moderate","BreaksPriorLow;DissipationLocal;AcceptanceAccepted"
1395,"2026-05-01 06:50:00",97.42,97.77,97.3,97.63,2191,"LLLH","Black","Up",0.85,0.82,0.47,"Down",0.65,0.21,"Down",0.5,0.702128,0.851064,True,True,False,True,"Peak","Absent","Clustered","Local","Contained","Major","VolumePeak20;BreaksPriorLow;CloseInsidePriorRange;CloseInsidePriorBody;DissipationLocal;AcceptanceContained;CompressionClustered"
1396,"2026-05-01 06:55:00",97.65,97.85,96.95,97.07,3243,"OutsideBar","Red","Up",0.9,0.92,0.9,"Up",0.9,0.58,"Up",0.9,0.133333,0.522222,False,False,True,True,"Peak","Strong","Absent","Absent","Accepted","Structural","VolumePeak20;RangePeak20;BreaksPriorHigh;BreaksPriorLow;AcceptanceAccepted"
1397,"2026-05-01 07:00:00",97.07,97.12,96.18,96.61,4822,"LLLH","Red","Up",0.95,0.98,0.94,"Up",0.9,0.46,"Down",0.8,0.457447,0.180851,False,False,False,True,"Climactic","Strong","Absent","Absent","Accepted","Structural","VolumePeak20;VolumeClimactic50;RangePeak20;BreaksPriorLow;AcceptanceAccepted"
1398,"2026-05-01 07:05:00",96.61,96.7,95.87,96,3151,"LLLH","Red","Down",0.8,0.88,0.83,"Down",0.8,0.61,"Up",0.9,0.156627,0.626506,False,False,False,True,"Peak","Strong","Absent","Local","Accepted","Major","VolumePeak20;RangePeak20;BreaksPriorLow;DissipationLocal;AcceptanceAccepted"
1399,"2026-05-01 07:10:00",95.98,96.66,95.86,96.29,3351,"LLLH","Black","Up",0.85,0.9,0.8,"Down",0.75,0.31,"Down",0.55,0.5375,0.9875,True,True,False,True,"Peak","Absent","Clustered","Local","Contained","Structural","VolumePeak20;BreaksPriorLow;CloseInsidePriorRange;CloseInsidePriorBody;DissipationLocal;AcceptanceContained;CompressionClustered"
1400,"2026-05-01 07:15:00",96.31,96.33,95.06,95.49,5261,"LLLH","Red","Up",0.95,0.98,1.27,"Up",1,0.82,"Up",0.95,0.338583,0.370079,False,False,False,True,"Climactic","Climactic","Absent","Absent","Accepted","SessionDefining","VolumePeak20;VolumeClimactic50;RangePeak20;RangeClimactic20;BreaksPriorLow;AcceptanceAccepted"
1401,"2026-05-01 07:20:00",95.47,96.08,95.36,95.76,3079,"InsideBar","Black","Down",0.65,0.84,0.72,"Down",0.65,0.29,"Down",0.45,0.555556,1,True,True,False,False,"Falling","Absent","Clustered","Absent","Unresolved","Moderate","CloseInsidePriorRange;CloseInsidePriorBody;CompressionClustered"
1402,"2026-05-01 07:25:00",95.76,96.1,95.52,96.1,1637,"HHHL","Black","Down",0.35,0.68,0.58,"Down",0.5,0.34,"Up",0.55,1,0.965517,False,False,True,False,"Falling","Absent","Clustered","Local","Accepted","Minor","BreaksPriorHigh;DissipationLocal;AcceptanceAccepted;CompressionClustered"
1403,"2026-05-01 07:30:00",96.12,96.57,96.12,96.42,2261,"HHHL","Black","Up",0.55,0.8,0.45,"Down",0.25,0.3,"Down",0.4,0.666667,0,False,False,True,False,"Rising","Absent","Absent","Local","Accepted","Minor","BreaksPriorHigh;DissipationLocal;AcceptanceAccepted"
1404,"2026-05-01 07:35:00",96.43,96.94,96.3,96.81,2104,"HHHL","Black","Down",0.45,0.74,0.64,"Up",0.6,0.38,"Up",0.6,0.796875,0.421875,False,False,True,False,"Falling","Local","Absent","Local","Accepted","Moderate","BreaksPriorHigh;DissipationLocal;AcceptanceAccepted"
1405,"2026-05-01 07:40:00",96.79,97.16,96.66,96.99,1997,"HHHL","Black","Down",0.45,0.7,0.5,"Down",0.4,0.2,"Down",0.15,0.66,0.56,False,False,True,False,"Falling","Absent","Absent","Local","Accepted","Minor","BreaksPriorHigh;DissipationLocal;AcceptanceAccepted"
1406,"2026-05-01 07:45:00",96.99,97.38,96.87,97.33,1899,"HHHL","Black","Down",0.4,0.66,0.51,"Up",0.45,0.34,"Up",0.6,0.901961,0.568627,False,False,True,False,"Falling","Local","Absent","Local","Accepted","Minor","BreaksPriorHigh;DissipationLocal;AcceptanceAccepted"
1407,"2026-05-01 07:50:00",97.32,97.42,97.1,97.19,1106,"HHHL","Red","Down",0.15,0.32,0.32,"Down",0.05,0.13,"Down",0.05,0.28125,0.875,True,True,True,False,"Falling","Absent","Clustered","Local","Contained","Minor","BreaksPriorHigh;CloseInsidePriorRange;CloseInsidePriorBody;DissipationLocal;AcceptanceContained;CompressionClustered"
1408,"2026-05-01 07:55:00",97.18,97.5,97.11,97.39,1067,"HHHL","Black","Down",0.1,0.26,0.39,"Up",0.15,0.21,"Up",0.35,0.717949,0.794872,True,False,True,False,"Falling","Local","Local","Local","Contained","Minor","BreaksPriorHigh;CloseInsidePriorRange;DissipationLocal;AcceptanceContained;CompressionLocal"
1409,"2026-05-01 08:00:00",97.4,97.44,97.19,97.37,923,"InsideBar","Red","Down",0.05,0.16,0.25,"Down",0.05,0.03,"Down",0.05,0.72,1,True,True,False,False,"Falling","Absent","Clustered","Absent","Unresolved","Minor","CloseInsidePriorRange;CloseInsidePriorBody;CompressionClustered"
1410,"2026-05-01 08:05:00",97.35,97.94,97.35,97.9,1922,"HHHL","Black","Up",0.4,0.66,0.59,"Up",0.6,0.55,"Up",0.8,0.932203,0.152542,False,False,True,False,"Rising","Local","Absent","Absent","Accepted","Moderate","BreaksPriorHigh;AcceptanceAccepted"
1411,"2026-05-01 08:10:00",97.91,98,97.62,97.68,1275,"HHHL","Red","Down",0.2,0.5,0.38,"Down",0.15,0.23,"Down",0.35,0.157895,0.842105,True,True,True,False,"Falling","Absent","Clustered","Local","Contained","Minor","BreaksPriorHigh;CloseInsidePriorRange;CloseInsidePriorBody;DissipationLocal;AcceptanceContained;CompressionClustered"
1412,"2026-05-01 08:15:00",97.68,97.84,97.46,97.5,1176,"LLLH","Red","Down",0.2,0.36,0.38,"Up",0.2,0.18,"Down",0.2,0.105263,0.578947,False,False,False,True,"Falling","Local","Absent","Local","Accepted","Minor","BreaksPriorLow;DissipationLocal;AcceptanceAccepted"
1413,"2026-05-01 08:20:00",97.48,97.72,97.26,97.53,1271,"LLLH","Black","Up",0.25,0.48,0.46,"Up",0.35,0.05,"Down",0.1,0.586957,0.565217,True,True,False,True,"Rising","Local","Local","Absent","Contained","Minor","BreaksPriorLow;CloseInsidePriorRange;CloseInsidePriorBody;AcceptanceContained;CompressionLocal"
1414,"2026-05-01 08:25:00",97.52,97.72,97.41,97.5,555,"InsideBar","Red","Down",0.05,0.02,0.31,"Down",0.1,0.02,"Down",0.05,0.290323,1,True,True,False,False,"Falling","Absent","Clustered","Absent","Unresolved","Minor","CloseInsidePriorRange;CloseInsidePriorBody;CompressionClustered"
1415,"2026-05-01 08:30:00",97.48,98.24,97.25,97.82,2278,"OutsideBar","Black","Up",0.7,0.8,0.99,"Up",0.95,0.34,"Up",0.65,0.575758,0.313131,False,False,True,True,"Rising","Climactic","Absent","Absent","Accepted","Structural","RangePeak20;RangeClimactic20;BreaksPriorHigh;BreaksPriorLow;AcceptanceAccepted"
1416,"2026-05-01 08:35:00",97.79,97.81,97.27,97.49,1234,"InsideBar","Red","Down",0.3,0.44,0.54,"Down",0.55,0.3,"Down",0.55,0.407407,1,True,True,False,False,"Falling","Absent","Clustered","Absent","Unresolved","Minor","CloseInsidePriorRange;CloseInsidePriorBody;CompressionClustered"
1417,"2026-05-01 08:40:00",97.47,97.72,97.3,97.42,1206,"InsideBar","Red","Down",0.3,0.34,0.42,"Down",0.35,0.05,"Down",0.2,0.285714,1,True,False,False,False,"Falling","Absent","Clustered","Absent","Unresolved","Minor","CloseInsidePriorRange;CompressionClustered"
1418,"2026-05-01 08:45:00",97.42,97.5,97.01,97.02,1115,"LLLH","Red","Down",0.25,0.26,0.49,"Up",0.5,0.4,"Up",0.9,0.020408,0.408163,False,False,False,True,"Falling","Local","Absent","Local","Accepted","Minor","BreaksPriorLow;DissipationLocal;AcceptanceAccepted"
1419,"2026-05-01 08:50:00",97.04,97.21,96.91,96.99,1926,"LLLH","Red","Up",0.7,0.64,0.3,"Down",0.1,0.05,"Down",0.25,0.266667,0.666667,False,False,False,True,"Rising","Absent","Absent","Local","Accepted","Moderate","BreaksPriorLow;DissipationLocal;AcceptanceAccepted"
1420,"2026-05-01 08:55:00",96.99,97.41,96.76,96.77,1902,"OutsideBar","Red","Down",0.65,0.6,0.65,"Up",0.9,0.22,"Up",0.5,0.015385,0.461538,False,False,True,True,"Falling","Strong","Absent","Local","Accepted","Structural","RangePeak20;BreaksPriorHigh;BreaksPriorLow;DissipationLocal;AcceptanceAccepted"
1421,"2026-05-01 09:00:00",96.76,97.06,96.52,96.82,2154,"LLLH","Black","Up",0.9,0.74,0.54,"Down",0.75,0.06,"Down",0.3,0.555556,0.555556,True,True,False,True,"Peak","Absent","Local","Local","Contained","Major","VolumePeak20;BreaksPriorLow;CloseInsidePriorRange;CloseInsidePriorBody;DissipationLocal;AcceptanceContained;CompressionLocal"
1422,"2026-05-01 09:05:00",96.85,96.87,96.47,96.68,1099,"LLLH","Red","Down",0.2,0.18,0.4,"Down",0.4,0.17,"Up",0.4,0.525,0.875,True,False,False,True,"Falling","Absent","Clustered","Local","Contained","Minor","BreaksPriorLow;CloseInsidePriorRange;DissipationLocal;AcceptanceContained;CompressionClustered"
1423,"2026-05-01 09:10:00",96.71,96.95,96.58,96.9,991,"HHHL","Black","Down",0.15,0.1,0.37,"Down",0.25,0.19,"Up",0.5,0.864865,0.783784,False,False,True,False,"Falling","Absent","Absent","Local","Accepted","Minor","BreaksPriorHigh;DissipationLocal;AcceptanceAccepted"
1424,"2026-05-01 09:15:00",96.9,97.01,96.63,96.8,871,"HHHL","Red","Down",0.1,0.04,0.38,"Up",0.4,0.1,"Down",0.35,0.447368,0.842105,True,True,True,False,"Falling","Local","Local","Local","Contained","Minor","BreaksPriorHigh;CloseInsidePriorRange;CloseInsidePriorBody;DissipationLocal;AcceptanceContained;CompressionLocal"
1425,"2026-05-01 09:20:00",96.81,96.95,96.73,96.83,479,"InsideBar","Black","Down",0.05,0.02,0.22,"Down",0.05,0.02,"Down",0.1,0.454545,1,True,True,False,False,"Falling","Absent","Clustered","Absent","Unresolved","Minor","CloseInsidePriorRange;CloseInsidePriorBody;CompressionClustered"
1426,"2026-05-01 09:25:00",96.81,97.74,96.56,97.45,3895,"OutsideBar","Black","Up",1,0.94,1.18,"Up",1,0.64,"Up",1,0.754237,0.186441,False,False,True,True,"Peak","Climactic","Absent","Absent","Accepted","Structural","VolumePeak20;RangePeak20;RangeClimactic20;BreaksPriorHigh;BreaksPriorLow;AcceptanceAccepted"
1427,"2026-05-01 09:30:00",97.45,98.35,97.4,98.29,4481,"HHHL","Black","Up",1,0.94,0.95,"Down",0.9,0.84,"Up",1,0.936842,0.357895,False,False,True,False,"Peak","Strong","Absent","Local","Accepted","Structural","VolumePeak20;RangePeak20;BreaksPriorHigh;DissipationLocal;AcceptanceAccepted"
1428,"2026-05-01 09:35:00",98.31,98.34,97.89,97.9,1953,"InsideBar","Red","Down",0.8,0.62,0.45,"Down",0.55,0.41,"Down",0.85,0.022222,1,True,True,False,False,"Peak","Absent","Clustered","Absent","Unresolved","Major","VolumePeak20;CloseInsidePriorRange;CloseInsidePriorBody;CompressionClustered"
1429,"2026-05-01 09:40:00",97.92,98.06,97.64,97.66,1148,"LLLH","Red","Down",0.35,0.26,0.42,"Down",0.5,0.26,"Down",0.65,0.047619,0.404762,False,False,False,True,"Falling","Absent","Absent","Local","Accepted","Minor","BreaksPriorLow;DissipationLocal;AcceptanceAccepted"
1430,"2026-05-01 09:45:00",97.68,97.77,97.44,97.73,902,"LLLH","Black","Down",0.2,0.1,0.33,"Down",0.2,0.05,"Down",0.25,0.878788,0.393939,True,True,False,True,"Falling","Absent","Local","Local","Contained","Minor","BreaksPriorLow;CloseInsidePriorRange;CloseInsidePriorBody;DissipationLocal;AcceptanceContained;CompressionLocal"
1431,"2026-05-01 09:50:00",97.75,97.86,97.55,97.58,841,"HHHL","Red","Down",0.15,0.06,0.31,"Down",0.2,0.17,"Up",0.5,0.096774,0.709677,True,False,True,False,"Falling","Absent","Local","Local","Contained","Minor","BreaksPriorHigh;CloseInsidePriorRange;DissipationLocal;AcceptanceContained;CompressionLocal"
1432,"2026-05-01 09:55:00",97.59,97.68,97.31,97.39,737,"LLLH","Red","Down",0.15,0.06,0.37,"Up",0.35,0.2,"Up",0.6,0.216216,0.351351,False,False,False,True,"Falling","Local","Absent","Local","Accepted","Minor","BreaksPriorLow;DissipationLocal;AcceptanceAccepted"
1433,"2026-05-01 10:00:00",97.41,97.63,97.32,97.59,573,"InsideBar","Black","Down",0.15,0.06,0.31,"Down",0.25,0.18,"Down",0.5,0.870968,1,True,True,False,False,"Falling","Absent","Clustered","Absent","Unresolved","Minor","CloseInsidePriorRange;CloseInsidePriorBody;CompressionClustered"
1434,"2026-05-01 10:05:00",97.64,97.64,97.13,97.53,924,"OutsideBar","Red","Up",0.35,0.2,0.51,"Up",0.7,0.11,"Down",0.35,0.784314,0.607843,True,True,True,True,"Rising","Local","Local","Absent","Contained","Moderate","BreaksPriorHigh;BreaksPriorLow;CloseInsidePriorRange;CloseInsidePriorBody;AcceptanceContained;CompressionLocal"
1435,"2026-05-01 10:10:00",97.51,97.53,97.3,97.38,615,"InsideBar","Red","Down",0.15,0.08,0.23,"Down",0.1,0.13,"Up",0.4,0.347826,1,True,False,False,False,"Falling","Absent","Clustered","Absent","Unresolved","Minor","CloseInsidePriorRange;CompressionClustered"
1436,"2026-05-01 10:15:00",97.38,97.59,97.35,97.36,616,"HHHL","Red","Up",0.2,0.1,0.24,"Up",0.15,0.02,"Down",0.1,0.041667,0.75,True,False,True,False,"Rising","Local","Local","Absent","Contained","Minor","BreaksPriorHigh;CloseInsidePriorRange;AcceptanceContained;CompressionLocal"
1437,"2026-05-01 10:20:00",97.37,97.6,97.23,97.41,934,"OutsideBar","Black","Up",0.5,0.26,0.37,"Up",0.4,0.04,"Up",0.15,0.486486,0.648649,True,False,True,True,"Rising","Local","Local","Absent","Contained","Minor","BreaksPriorHigh;BreaksPriorLow;CloseInsidePriorRange;AcceptanceContained;CompressionLocal"
1438,"2026-05-01 10:25:00",97.43,97.48,97.21,97.4,529,"LLLH","Red","Down",0.1,0.04,0.27,"Down",0.2,0.03,"Down",0.15,0.703704,0.925926,True,True,False,True,"Falling","Absent","Clustered","Local","Contained","Minor","BreaksPriorLow;CloseInsidePriorRange;CloseInsidePriorBody;DissipationLocal;AcceptanceContained;CompressionClustered"
1439,"2026-05-01 10:30:00",97.4,97.52,97.27,97.38,510,"HHHL","Red","Down",0.1,0.04,0.25,"Down",0.2,0.02,"Down",0.15,0.44,0.84,True,False,True,False,"Falling","Absent","Clustered","Local","Contained","Minor","BreaksPriorHigh;CloseInsidePriorRange;DissipationLocal;AcceptanceContained;CompressionClustered"
1440,"2026-05-01 10:35:00",97.38,97.51,97.22,97.47,569,"LLLH","Black","Up",0.2,0.1,0.29,"Up",0.3,0.09,"Up",0.4,0.862069,0.827586,True,False,False,True,"Rising","Local","Local","Absent","Contained","Minor","BreaksPriorLow;CloseInsidePriorRange;AcceptanceContained;CompressionLocal"
1441,"2026-05-01 10:40:00",97.46,97.76,97.41,97.6,754,"HHHL","Black","Up",0.45,0.2,0.35,"Up",0.5,0.14,"Up",0.55,0.542857,0.285714,False,False,True,False,"Rising","Local","Absent","Absent","Accepted","Minor","BreaksPriorHigh;AcceptanceAccepted"
1442,"2026-05-01 10:45:00",97.62,97.74,97.47,97.67,572,"InsideBar","Black","Down",0.25,0.12,0.27,"Down",0.25,0.05,"Down",0.35,0.740741,1,True,False,False,False,"Falling","Absent","Clustered","Absent","Unresolved","Minor","CloseInsidePriorRange;CompressionClustered"
1443,"2026-05-01 10:50:00",97.68,97.89,97.62,97.79,1039,"HHHL","Black","Up",0.8,0.38,0.27,"Flat",0.3,0.11,"Up",0.55,0.62963,0.444444,False,False,True,False,"Peak","Absent","Absent","Absent","Accepted","Major","VolumePeak20;HighVolumeLowRange;BreaksPriorHigh;AcceptanceAccepted"
1444,"2026-05-01 10:55:00",97.78,97.79,96.99,97.32,1690,"LLLH","Red","Up",0.85,0.62,0.8,"Up",0.9,0.46,"Up",0.9,0.4125,0.2125,False,False,False,True,"Peak","Strong","Absent","Absent","Accepted","Structural","VolumePeak20;RangePeak20;BreaksPriorLow;AcceptanceAccepted"
1445,"2026-05-01 11:00:00",97.32,97.42,97.05,97.2,1157,"InsideBar","Red","Down",0.8,0.5,0.37,"Down",0.7,0.12,"Down",0.5,0.405405,1,True,False,False,False,"Peak","Absent","Clustered","Absent","Unresolved","Major","VolumePeak20;CloseInsidePriorRange;CompressionClustered"
1446,"2026-05-01 11:05:00",97.21,97.24,96.9,97.11,1241,"LLLH","Red","Up",0.85,0.58,0.34,"Down",0.55,0.1,"Down",0.4,0.617647,0.558824,True,False,False,True,"Peak","Absent","Local","Local","Contained","Major","VolumePeak20;BreaksPriorLow;CloseInsidePriorRange;DissipationLocal;AcceptanceContained;CompressionLocal"
1447,"2026-05-01 11:10:00",97.1,97.22,96.92,97.14,884,"InsideBar","Black","Down",0.55,0.28,0.3,"Down",0.4,0.04,"Down",0.25,0.733333,1,True,True,False,False,"Falling","Absent","Clustered","Absent","Unresolved","Minor","CloseInsidePriorRange;CloseInsidePriorBody;CompressionClustered"
1448,"2026-05-01 11:15:00",97.16,97.75,97.11,97.67,1372,"HHHL","Black","Up",0.95,0.66,0.64,"Up",0.95,0.51,"Up",1,0.875,0.171875,False,False,True,False,"Peak","Climactic","Absent","Absent","Accepted","Structural","VolumePeak20;RangePeak20;RangeClimactic20;BreaksPriorHigh;AcceptanceAccepted"
1449,"2026-05-01 11:20:00",97.68,97.89,97.48,97.7,1158,"HHHL","Black","Down",0.85,0.54,0.41,"Down",0.85,0.02,"Down",0.1,0.536585,0.658537,True,False,True,False,"Peak","Strong","Local","Local","Contained","Major","VolumePeak20;RangePeak20;BreaksPriorHigh;CloseInsidePriorRange;DissipationLocal;AcceptanceContained;CompressionLocal"
1450,"2026-05-01 11:25:00",97.71,97.8,97.48,97.73,1108,"InsideBar","Black","Down",0.75,0.48,0.32,"Down",0.55,0.02,"Up",0.2,0.78125,1,True,False,False,False,"Falling","Absent","Clustered","Absent","Unresolved","Moderate","CloseInsidePriorRange;CompressionClustered"
1451,"2026-05-01 11:30:00",97.74,97.93,97.59,97.61,5040,"HHHL","Red","Up",1,1,0.34,"Up",0.6,0.13,"Up",0.7,0.058824,0.617647,True,False,True,False,"Climactic","Local","Local","Absent","Contained","Structural","VolumePeak20;VolumeClimactic50;BreaksPriorHigh;CloseInsidePriorRange;AcceptanceContained;CompressionLocal"
1452,"2026-05-04 06:05:00",98.58,99.94,98.57,98.85,6040,"HHHL","Black","Up",1,1,1.37,"Up",1,0.27,"Up",0.9,0.20438,0,False,False,True,False,"Climactic","Climactic","Absent","Absent","Accepted","SessionDefining","VolumePeak20;VolumeClimactic50;RangePeak20;RangeClimactic20;BreaksPriorHigh;AcceptanceAccepted"
1453,"2026-05-04 06:10:00",98.85,98.86,97.98,98.32,2442,"LLLH","Red","Down",0.9,0.92,0.88,"Down",0.95,0.53,"Up",1,0.386364,0.329545,False,False,False,True,"Peak","Climactic","Absent","Local","Accepted","Structural","VolumePeak20;RangePeak20;RangeClimactic20;BreaksPriorLow;DissipationLocal;AcceptanceAccepted"
1454,"2026-05-04 06:15:00",98.33,98.37,97.78,98.07,2177,"LLLH","Red","Down",0.85,0.88,0.59,"Down",0.8,0.26,"Down",0.8,0.491525,0.661017,True,False,False,True,"Peak","Strong","Local","Local","Contained","Major","VolumePeak20;RangePeak20;BreaksPriorLow;CloseInsidePriorRange;DissipationLocal;AcceptanceContained;CompressionLocal"
1455,"2026-05-04 06:20:00",98.08,98.17,97.59,97.92,1732,"LLLH","Red","Down",0.8,0.74,0.58,"Down",0.75,0.16,"Down",0.75,0.568966,0.672414,True,False,False,True,"Peak","Absent","Local","Local","Contained","Major","VolumePeak20;BreaksPriorLow;CloseInsidePriorRange;DissipationLocal;AcceptanceContained;CompressionLocal"
1456,"2026-05-04 06:25:00",97.92,98.26,97.78,98.26,1163,"HHHL","Black","Down",0.6,0.58,0.48,"Down",0.7,0.34,"Up",0.85,1,0.8125,False,False,True,False,"Falling","Absent","Clustered","Local","Accepted","Moderate","BreaksPriorHigh;DissipationLocal;AcceptanceAccepted;CompressionClustered"
1457,"2026-05-04 06:30:00",98.26,98.67,98.17,98.56,1010,"HHHL","Black","Down",0.35,0.4,0.5,"Up",0.7,0.3,"Down",0.8,0.78,0.18,False,False,True,False,"Falling","Local","Absent","Local","Accepted","Moderate","BreaksPriorHigh;DissipationLocal;AcceptanceAccepted"
1458,"2026-05-04 06:35:00",98.54,98.75,97.66,97.71,3012,"OutsideBar","Red","Up",0.9,0.92,1.09,"Up",0.95,0.83,"Up",1,0.045872,0.458716,False,False,True,True,"Peak","Climactic","Absent","Absent","Accepted","Structural","VolumePeak20;RangePeak20;RangeClimactic20;BreaksPriorHigh;BreaksPriorLow;AcceptanceAccepted"
1459,"2026-05-04 06:40:00",97.7,98.22,97.7,97.92,1214,"InsideBar","Black","Down",0.55,0.6,0.52,"Down",0.65,0.22,"Down",0.6,0.423077,1,True,True,False,False,"Falling","Absent","Clustered","Absent","Unresolved","Moderate","CloseInsidePriorRange;CloseInsidePriorBody;CompressionClustered"
1460,"2026-05-04 06:45:00",97.93,98.15,97.93,98.1,643,"InsideBar","Black","Down",0.1,0.2,0.22,"Down",0.05,0.17,"Down",0.55,0.772727,1,True,False,False,False,"Falling","Absent","Clustered","Absent","Unresolved","Minor","CloseInsidePriorRange;CompressionClustered"
1461,"2026-05-04 06:50:00",98.11,98.32,97.9,98.12,1185,"OutsideBar","Black","Up",0.5,0.6,0.42,"Up",0.5,0.01,"Down",0.05,0.52381,0.52381,True,False,True,True,"Rising","Local","Local","Absent","Contained","Minor","BreaksPriorHigh;BreaksPriorLow;CloseInsidePriorRange;AcceptanceContained;CompressionLocal"
1462,"2026-05-04 06:55:00",98.13,98.3,97.94,98.07,857,"InsideBar","Red","Down",0.1,0.28,0.36,"Down",0.35,0.06,"Up",0.25,0.361111,1,True,False,False,False,"Falling","Absent","Clustered","Absent","Unresolved","Minor","CloseInsidePriorRange;CompressionClustered"
1463,"2026-05-04 07:00:00",98.08,98.19,97.93,97.96,838,"LLLH","Red","Down",0.1,0.26,0.26,"Down",0.1,0.12,"Up",0.4,0.115385,0.961538,True,False,False,True,"Falling","Absent","Clustered","Local","Contained","Minor","BreaksPriorLow;CloseInsidePriorRange;DissipationLocal;AcceptanceContained;CompressionClustered"
1464,"2026-05-04 07:05:00",97.98,98.07,97.7,97.92,1089,"LLLH","Red","Up",0.3,0.46,0.37,"Up",0.4,0.06,"Down",0.3,0.594595,0.378378,False,False,False,True,"Rising","Local","Absent","Absent","Accepted","Minor","BreaksPriorLow;AcceptanceAccepted"
1465,"2026-05-04 07:10:00",97.92,98.64,97.84,98.54,2470,"HHHL","Black","Up",0.85,0.9,0.8,"Up",0.85,0.62,"Up",0.95,0.875,0.2875,False,False,True,False,"Peak","Strong","Absent","Absent","Accepted","Structural","VolumePeak20;RangePeak20;BreaksPriorHigh;AcceptanceAccepted"
1466,"2026-05-04 07:15:00",98.55,98.6,97.57,98.18,2043,"LLLH","Red","Down",0.7,0.82,1.03,"Up",0.9,0.37,"Down",0.8,0.592233,0.737864,True,True,False,True,"Falling","Strong","Local","Local","Contained","Structural","RangePeak20;BreaksPriorLow;CloseInsidePriorRange;CloseInsidePriorBody;DissipationLocal;AcceptanceContained;CompressionLocal"
1467,"2026-05-04 07:20:00",98.17,98.18,97.5,97.51,1664,"LLLH","Red","Down",0.6,0.7,0.68,"Down",0.75,0.66,"Up",0.95,0.014706,0.897059,False,False,False,True,"Falling","Absent","Clustered","Local","Accepted","Moderate","BreaksPriorLow;DissipationLocal;AcceptanceAccepted;CompressionClustered"
1468,"2026-05-04 07:25:00",97.48,97.86,97.25,97.81,1899,"LLLH","Black","Up",0.65,0.74,0.61,"Down",0.7,0.33,"Down",0.7,0.918033,0.590164,True,True,False,True,"Rising","Absent","Local","Local","Contained","Moderate","BreaksPriorLow;CloseInsidePriorRange;CloseInsidePriorBody;DissipationLocal;AcceptanceContained;CompressionLocal"
1469,"2026-05-04 07:30:00",97.83,98.15,97.67,98.05,1646,"HHHL","Black","Down",0.5,0.68,0.48,"Down",0.45,0.22,"Down",0.5,0.791667,0.395833,False,False,True,False,"Falling","Absent","Absent","Local","Accepted","Minor","BreaksPriorHigh;DissipationLocal;AcceptanceAccepted"
1470,"2026-05-04 07:35:00",98.05,98.13,97.75,98.05,946,"InsideBar","Neutral","Down",0.2,0.4,0.38,"Down",0.3,0,"Down",0.05,0.789474,1,True,True,False,False,"Falling","Absent","Clustered","Absent","Unresolved","Minor","CloseInsidePriorRange;CloseInsidePriorBody;CompressionClustered"
1471,"2026-05-04 07:40:00",98.08,98.36,97.86,98.01,1166,"HHHL","Red","Up",0.4,0.62,0.5,"Up",0.5,0.07,"Up",0.25,0.3,0.54,True,False,True,False,"Rising","Local","Local","Absent","Contained","Minor","BreaksPriorHigh;CloseInsidePriorRange;AcceptanceContained;CompressionLocal"
1472,"2026-05-04 07:45:00",98,98.23,97.82,98.23,990,"LLLH","Black","Down",0.25,0.42,0.41,"Down",0.3,0.23,"Up",0.55,1,0.902439,True,False,False,True,"Falling","Absent","Clustered","Local","Contained","Minor","BreaksPriorLow;CloseInsidePriorRange;DissipationLocal;AcceptanceContained;CompressionClustered"
1473,"2026-05-04 07:50:00",98.19,98.45,98.03,98.29,1061,"HHHL","Black","Up",0.35,0.48,0.42,"Up",0.4,0.1,"Down",0.3,0.619048,0.47619,False,False,True,False,"Rising","Local","Absent","Absent","Accepted","Minor","BreaksPriorHigh;AcceptanceAccepted"
1474,"2026-05-04 07:55:00",98.29,98.41,98.2,98.34,817,"InsideBar","Black","Down",0.1,0.24,0.21,"Down",0.05,0.05,"Down",0.15,0.666667,1,True,False,False,False,"Falling","Absent","Clustered","Absent","Unresolved","Minor","CloseInsidePriorRange;CompressionClustered"
1475,"2026-05-04 08:00:00",98.32,99.41,98.3,99.23,3702,"HHHL","Black","Up",1,0.92,1.11,"Up",1,0.91,"Up",1,0.837838,0.099099,False,False,True,False,"Peak","Climactic","Absent","Absent","Accepted","Structural","VolumePeak20;RangePeak20;RangeClimactic20;BreaksPriorHigh;AcceptanceAccepted"
1476,"2026-05-04 08:05:00",99.25,99.63,98.75,99.37,3446,"HHHL","Black","Down",0.95,0.92,0.88,"Down",0.85,0.12,"Down",0.45,0.704545,0.75,True,False,True,False,"Peak","Strong","Local","Local","Contained","Structural","VolumePeak20;RangePeak20;BreaksPriorHigh;CloseInsidePriorRange;DissipationLocal;AcceptanceContained;CompressionLocal"
1477,"2026-05-04 08:10:00",99.37,99.65,98.97,99.51,1962,"HHHL","Black","Down",0.75,0.82,0.68,"Down",0.75,0.14,"Up",0.5,0.794118,0.970588,True,False,True,False,"Falling","Absent","Clustered","Local","Contained","Moderate","BreaksPriorHigh;CloseInsidePriorRange;DissipationLocal;AcceptanceContained;CompressionClustered"
1478,"2026-05-04 08:15:00",99.52,99.79,99.36,99.48,2022,"HHHL","Red","Up",0.8,0.82,0.43,"Down",0.5,0.04,"Down",0.15,0.27907,0.674419,True,True,True,False,"Peak","Absent","Local","Local","Contained","Major","VolumePeak20;BreaksPriorHigh;CloseInsidePriorRange;CloseInsidePriorBody;DissipationLocal;AcceptanceContained;CompressionLocal"
1479,"2026-05-04 08:20:00",99.51,100.55,99.16,100.43,3968,"OutsideBar","Black","Up",1,0.96,1.39,"Up",1,0.92,"Up",1,0.913669,0.309353,False,False,True,True,"Climactic","Climactic","Absent","Absent","Accepted","SessionDefining","VolumePeak20;VolumeClimactic50;RangePeak20;RangeClimactic20;BreaksPriorHigh;BreaksPriorLow;AcceptanceAccepted"
1480,"2026-05-04 08:25:00",100.46,101.61,100.3,101.51,5721,"HHHL","Black","Up",1,0.98,1.31,"Down",0.95,1.05,"Up",1,0.923664,0.19084,False,False,True,False,"Climactic","Climactic","Absent","Local","Accepted","SessionDefining","VolumePeak20;VolumeClimactic50;RangePeak20;RangeClimactic20;BreaksPriorHigh;DissipationLocal;AcceptanceAccepted"
1481,"2026-05-04 08:30:00",101.49,101.55,100.71,101,3516,"InsideBar","Red","Down",0.85,0.9,0.84,"Down",0.75,0.49,"Down",0.75,0.345238,1,True,True,False,False,"Peak","Absent","Clustered","Absent","Unresolved","Structural","VolumePeak20;CloseInsidePriorRange;CloseInsidePriorBody;CompressionClustered"
1482,"2026-05-04 08:35:00",101.01,101.56,100.99,101.32,2240,"HHHL","Black","Down",0.7,0.8,0.57,"Down",0.5,0.31,"Down",0.6,0.578947,0.982456,True,True,True,False,"Falling","Absent","Clustered","Local","Contained","Moderate","BreaksPriorHigh;CloseInsidePriorRange;CloseInsidePriorBody;DissipationLocal;AcceptanceContained;CompressionClustered"
1483,"2026-05-04 08:40:00",101.34,101.51,100.77,101.34,2015,"LLLH","Neutral","Down",0.55,0.72,0.74,"Up",0.65,0,"Down",0.1,0.77027,0.702703,True,False,False,True,"Falling","Local","Local","Local","Contained","Moderate","BreaksPriorLow;CloseInsidePriorRange;DissipationLocal;AcceptanceContained;CompressionLocal"
1484,"2026-05-04 08:45:00",101.35,101.51,100.77,100.86,1956,"Symmetric","Red","Down",0.45,0.68,0.74,"Flat",0.65,0.49,"Up",0.75,0.121622,1,True,False,False,False,"Falling","Absent","Clustered","Absent","Unresolved","Moderate","CloseInsidePriorRange;CompressionClustered"
1485,"2026-05-04 08:50:00",100.89,101.47,100.81,101.41,2243,"InsideBar","Black","Up",0.75,0.8,0.66,"Down",0.5,0.52,"Up",0.8,0.909091,1,True,False,False,False,"Rising","Absent","Clustered","Local","Unresolved","Moderate","CloseInsidePriorRange;DissipationLocal;CompressionClustered"
1486,"2026-05-04 08:55:00",101.42,101.79,101.03,101.3,3415,"HHHL","Red","Up",0.75,0.86,0.76,"Up",0.75,0.12,"Down",0.4,0.355263,0.578947,True,True,True,False,"Rising","Local","Local","Absent","Contained","Moderate","BreaksPriorHigh;CloseInsidePriorRange;CloseInsidePriorBody;AcceptanceContained;CompressionLocal"
1487,"2026-05-04 09:00:00",101.27,101.41,101.07,101.36,1807,"InsideBar","Black","Down",0.35,0.6,0.34,"Down",0.1,0.09,"Down",0.3,0.852941,1,True,True,False,False,"Falling","Absent","Clustered","Absent","Unresolved","Minor","CloseInsidePriorRange;CloseInsidePriorBody;CompressionClustered"
1488,"2026-05-04 09:05:00",101.39,101.48,101.11,101.12,1338,"HHHL","Red","Down",0.3,0.48,0.37,"Up",0.15,0.27,"Up",0.65,0.027027,0.810811,True,False,True,False,"Falling","Local","Local","Local","Contained","Minor","BreaksPriorHigh;CloseInsidePriorRange;DissipationLocal;AcceptanceContained;CompressionLocal"
1489,"2026-05-04 09:10:00",101.14,102.4,101.09,101.31,5876,"OutsideBar","Black","Up",1,0.98,1.31,"Up",0.95,0.17,"Down",0.55,0.167939,0.282443,True,True,True,True,"Climactic","Climactic","Local","Absent","Contained","SessionDefining","VolumePeak20;VolumeClimactic50;RangePeak20;RangeClimactic20;BreaksPriorHigh;BreaksPriorLow;CloseInsidePriorRange;CloseInsidePriorBody;AcceptanceContained;CompressionLocal"
1490,"2026-05-04 09:15:00",101.36,101.54,101.14,101.44,1523,"InsideBar","Black","Down",0.3,0.48,0.4,"Down",0.2,0.08,"Down",0.25,0.75,1,True,False,False,False,"Falling","Absent","Clustered","Absent","Unresolved","Minor","CloseInsidePriorRange;CompressionClustered"
1491,"2026-05-04 09:20:00",101.47,101.7,100.45,100.8,3957,"OutsideBar","Red","Up",0.85,0.9,1.25,"Up",0.85,0.67,"Up",0.85,0.28,0.32,False,False,True,True,"Peak","Strong","Absent","Absent","Accepted","Structural","VolumePeak20;RangePeak20;BreaksPriorHigh;BreaksPriorLow;AcceptanceAccepted"
1492,"2026-05-04 09:25:00",100.84,100.96,100.66,100.9,2077,"InsideBar","Black","Down",0.5,0.68,0.3,"Down",0.1,0.06,"Down",0.2,0.8,1,True,True,False,False,"Falling","Absent","Clustered","Absent","Unresolved","Minor","CloseInsidePriorRange;CloseInsidePriorBody;CompressionClustered"
1493,"2026-05-04 09:30:00",100.91,101.35,100.65,101.31,1454,"OutsideBar","Black","Down",0.15,0.42,0.7,"Up",0.5,0.4,"Up",0.65,0.942857,0.428571,False,False,True,True,"Falling","Local","Absent","Local","Accepted","Minor","BreaksPriorHigh;BreaksPriorLow;DissipationLocal;AcceptanceAccepted"
1494,"2026-05-04 09:35:00",101.31,101.51,101.22,101.46,850,"HHHL","Black","Down",0.05,0.08,0.29,"Down",0.05,0.15,"Down",0.45,0.827586,0.448276,False,False,True,False,"Falling","Absent","Absent","Local","Accepted","Minor","BreaksPriorHigh;DissipationLocal;AcceptanceAccepted"
1495,"2026-05-05 06:05:00",98.98,99.12,98.63,98.86,1343,"LLLH","Red","Up",0.15,0.4,0.49,"Up",0.35,0.12,"Down",0.4,0.469388,0,False,False,False,True,"Rising","Local","Absent","Absent","Accepted","Minor","BreaksPriorLow;AcceptanceAccepted"
1496,"2026-05-05 06:10:00",98.88,98.89,97.8,98.38,2496,"LLLH","Red","Up",0.7,0.78,1.09,"Up",0.8,0.5,"Up",0.8,0.53211,0.238532,False,False,False,True,"Rising","Strong","Absent","Absent","Accepted","Major","RangePeak20;BreaksPriorLow;AcceptanceAccepted"
1497,"2026-05-05 06:15:00",98.39,98.53,98.2,98.51,1099,"InsideBar","Black","Down",0.1,0.22,0.33,"Down",0.15,0.12,"Down",0.4,0.939394,1,True,True,False,False,"Falling","Absent","Clustered","Absent","Unresolved","Minor","CloseInsidePriorRange;CloseInsidePriorBody;CompressionClustered"
1498,"2026-05-05 06:20:00",98.49,98.51,98.26,98.36,811,"InsideBar","Red","Down",0.05,0.04,0.25,"Down",0.05,0.13,"Up",0.4,0.4,1,True,False,False,False,"Falling","Absent","Clustered","Absent","Unresolved","Minor","CloseInsidePriorRange;CompressionClustered"
1499,"2026-05-05 06:25:00",98.37,98.59,98.3,98.42,856,"HHHL","Black","Up",0.15,0.12,0.29,"Up",0.15,0.05,"Down",0.1,0.413793,0.724138,True,True,True,False,"Rising","Local","Local","Absent","Contained","Minor","BreaksPriorHigh;CloseInsidePriorRange;CloseInsidePriorBody;AcceptanceContained;CompressionLocal"
1500,"2026-05-05 06:30:00",98.41,98.44,98.14,98.22,916,"LLLH","Red","Up",0.2,0.16,0.3,"Up",0.25,0.19,"Up",0.6,0.266667,0.466667,False,False,False,True,"Rising","Local","Absent","Absent","Accepted","Minor","BreaksPriorLow;AcceptanceAccepted"
1501,"2026-05-05 06:35:00",98.19,98.34,98.08,98.09,1370,"LLLH","Red","Up",0.4,0.42,0.26,"Down",0.1,0.1,"Down",0.3,0.038462,0.769231,False,False,False,True,"Rising","Absent","Absent","Local","Accepted","Minor","BreaksPriorLow;DissipationLocal;AcceptanceAccepted"
1502,"2026-05-05 06:40:00",98.09,98.47,98.09,98.31,936,"HHHL","Black","Down",0.25,0.18,0.38,"Up",0.5,0.22,"Up",0.7,0.578947,0.657895,True,False,True,False,"Falling","Local","Local","Local","Contained","Minor","BreaksPriorHigh;CloseInsidePriorRange;DissipationLocal;AcceptanceContained;CompressionLocal"
1503,"2026-05-05 06:45:00",98.3,98.45,98.05,98.13,970,"LLLH","Red","Up",0.3,0.22,0.4,"Up",0.6,0.17,"Down",0.6,0.2,0.9,True,True,False,True,"Rising","Local","Local","Absent","Contained","Moderate","BreaksPriorLow;CloseInsidePriorRange;CloseInsidePriorBody;AcceptanceContained;CompressionLocal"
1504,"2026-05-05 06:50:00",98.1,98.25,97.89,98.13,1095,"LLLH","Black","Up",0.35,0.32,0.36,"Down",0.45,0.03,"Down",0.05,0.666667,0.555556,True,True,False,True,"Rising","Absent","Local","Local","Contained","Minor","BreaksPriorLow;CloseInsidePriorRange;CloseInsidePriorBody;DissipationLocal;AcceptanceContained;CompressionLocal"
1505,"2026-05-05 06:55:00",98.13,98.14,97.89,98.04,808,"InsideBar","Red","Down",0.05,0.04,0.25,"Down",0.1,0.09,"Up",0.25,0.6,1,True,False,False,False,"Falling","Absent","Clustered","Absent","Unresolved","Minor","CloseInsidePriorRange;CompressionClustered"
1506,"2026-05-05 07:00:00",98.03,98.22,97.82,97.82,935,"OutsideBar","Red","Up",0.3,0.2,0.4,"Up",0.75,0.21,"Up",0.75,0,0.625,False,False,True,True,"Rising","Local","Absent","Absent","Accepted","Moderate","BreaksPriorHigh;BreaksPriorLow;AcceptanceAccepted"
1507,"2026-05-05 07:05:00",97.87,98.02,97.43,97.49,2364,"LLLH","Red","Up",0.85,0.78,0.59,"Up",0.8,0.38,"Up",0.85,0.101695,0.338983,False,False,False,True,"Peak","Strong","Absent","Absent","Accepted","Major","VolumePeak20;RangePeak20;BreaksPriorLow;AcceptanceAccepted"
1508,"2026-05-05 07:10:00",97.49,97.69,96.84,97.29,3878,"LLLH","Red","Up",0.9,0.92,0.85,"Up",0.85,0.2,"Down",0.7,0.529412,0.305882,False,False,False,True,"Peak","Strong","Absent","Absent","Accepted","Structural","VolumePeak20;RangePeak20;BreaksPriorLow;AcceptanceAccepted"
1509,"2026-05-05 07:15:00",97.27,98.49,97.15,98.27,5390,"HHHL","Black","Up",1,0.96,1.34,"Up",1,1,"Up",1,0.835821,0.402985,False,False,True,False,"Climactic","Climactic","Absent","Absent","Accepted","SessionDefining","VolumePeak20;VolumeClimactic50;RangePeak20;RangeClimactic20;BreaksPriorHigh;AcceptanceAccepted"
1510,"2026-05-05 07:20:00",98.25,98.76,98.01,98.55,5164,"HHHL","Black","Down",0.95,0.94,0.75,"Down",0.8,0.3,"Down",0.75,0.72,0.64,False,False,True,False,"Peak","Strong","Absent","Local","Accepted","Structural","VolumePeak20;RangePeak20;BreaksPriorHigh;DissipationLocal;AcceptanceAccepted"
1511,"2026-05-05 07:25:00",98.55,98.65,97.81,97.9,2565,"LLLH","Red","Down",0.85,0.78,0.84,"Up",0.85,0.65,"Up",0.95,0.107143,0.761905,False,False,False,True,"Peak","Strong","Absent","Local","Accepted","Major","VolumePeak20;RangePeak20;BreaksPriorLow;DissipationLocal;AcceptanceAccepted"
1512,"2026-05-05 07:30:00",97.91,97.91,97.5,97.62,1931,"LLLH","Red","Down",0.7,0.54,0.41,"Down",0.6,0.29,"Down",0.7,0.292683,0.243902,False,False,False,True,"Falling","Absent","Absent","Local","Accepted","Moderate","BreaksPriorLow;DissipationLocal;AcceptanceAccepted"
1513,"2026-05-05 07:35:00",97.64,98.21,97.58,97.91,1594,"HHHL","Black","Down",0.65,0.44,0.63,"Up",0.75,0.27,"Down",0.7,0.52381,0.52381,True,True,True,False,"Falling","Local","Local","Local","Contained","Moderate","BreaksPriorHigh;CloseInsidePriorRange;CloseInsidePriorBody;DissipationLocal;AcceptanceContained;CompressionLocal"
1514,"2026-05-05 07:40:00",97.96,98.18,97.81,97.97,959,"InsideBar","Black","Down",0.35,0.2,0.37,"Down",0.4,0.01,"Down",0.05,0.432432,1,True,False,False,False,"Falling","Absent","Clustered","Absent","Unresolved","Minor","CloseInsidePriorRange;CompressionClustered"
1515,"2026-05-05 07:45:00",97.99,98.06,97.6,97.99,1167,"LLLH","Neutral","Up",0.55,0.34,0.46,"Up",0.65,0,"Down",0.05,0.847826,0.543478,True,False,False,True,"Rising","Local","Local","Absent","Contained","Moderate","BreaksPriorLow;CloseInsidePriorRange;AcceptanceContained;CompressionLocal"
1516,"2026-05-05 07:50:00",98,98.39,97.69,97.82,1776,"HHHL","Red","Up",0.7,0.52,0.7,"Up",0.8,0.18,"Up",0.5,0.185714,0.528571,True,False,True,False,"Rising","Strong","Local","Absent","Contained","Major","RangePeak20;BreaksPriorHigh;CloseInsidePriorRange;AcceptanceContained;CompressionLocal"
1517,"2026-05-05 07:55:00",97.8,98.02,97.53,97.68,934,"LLLH","Red","Down",0.25,0.14,0.49,"Down",0.65,0.12,"Down",0.35,0.306122,0.673469,False,False,False,True,"Falling","Absent","Absent","Local","Accepted","Moderate","BreaksPriorLow;DissipationLocal;AcceptanceAccepted"
1518,"2026-05-05 08:00:00",97.69,97.69,97.33,97.38,1283,"LLLH","Red","Up",0.55,0.38,0.36,"Down",0.3,0.31,"Up",0.85,0.138889,0.444444,False,False,False,True,"Rising","Absent","Absent","Local","Accepted","Minor","BreaksPriorLow;DissipationLocal;AcceptanceAccepted"
1519,"2026-05-05 08:05:00",97.38,97.59,97.26,97.31,1133,"LLLH","Red","Down",0.45,0.34,0.33,"Down",0.2,0.07,"Down",0.2,0.151515,0.787879,False,False,False,True,"Falling","Absent","Absent","Local","Accepted","Minor","BreaksPriorLow;DissipationLocal;AcceptanceAccepted"
1520,"2026-05-05 08:10:00",97.3,97.53,97.26,97.51,1202,"InsideBar","Black","Up",0.5,0.38,0.27,"Down",0.15,0.21,"Up",0.6,0.925926,1,True,False,False,False,"Rising","Absent","Clustered","Local","Unresolved","Minor","CloseInsidePriorRange;DissipationLocal;CompressionClustered"
1521,"2026-05-05 08:15:00",97.5,97.63,97.31,97.61,856,"HHHL","Black","Down",0.1,0.12,0.32,"Up",0.15,0.11,"Down",0.3,0.9375,0.6875,False,False,True,False,"Falling","Local","Absent","Local","Accepted","Minor","BreaksPriorHigh;DissipationLocal;AcceptanceAccepted"
1522,"2026-05-05 08:20:00",97.6,97.79,97.47,97.78,776,"HHHL","Black","Down",0.05,0.02,0.32,"Up",0.2,0.18,"Up",0.5,0.96875,0.5,False,False,True,False,"Falling","Local","Absent","Local","Accepted","Minor","BreaksPriorHigh;DissipationLocal;AcceptanceAccepted"
1523,"2026-05-05 08:25:00",97.76,98.18,97.76,98.15,1548,"HHHL","Black","Up",0.6,0.5,0.42,"Up",0.55,0.39,"Up",0.9,0.928571,0.071429,False,False,True,False,"Rising","Local","Absent","Absent","Accepted","Moderate","BreaksPriorHigh;AcceptanceAccepted"
1524,"2026-05-05 08:30:00",98.15,98.28,97.69,97.73,2406,"OutsideBar","Red","Up",0.8,0.74,0.59,"Up",0.7,0.42,"Up",0.9,0.067797,0.711864,False,False,True,True,"Peak","Local","Absent","Absent","Accepted","Major","VolumePeak20;BreaksPriorHigh;BreaksPriorLow;AcceptanceAccepted"
1525,"2026-05-05 08:35:00",97.74,97.82,97.41,97.72,1465,"LLLH","Red","Down",0.5,0.46,0.41,"Down",0.45,0.02,"Down",0.15,0.756098,0.317073,True,False,False,True,"Falling","Absent","Local","Local","Contained","Minor","BreaksPriorLow;CloseInsidePriorRange;DissipationLocal;AcceptanceContained;CompressionLocal"
1526,"2026-05-05 08:40:00",97.71,97.72,97.38,97.47,1120,"LLLH","Red","Down",0.25,0.3,0.34,"Down",0.25,0.24,"Up",0.55,0.264706,0.911765,True,False,False,True,"Falling","Absent","Clustered","Local","Contained","Minor","BreaksPriorLow;CloseInsidePriorRange;DissipationLocal;AcceptanceContained;CompressionClustered"
1527,"2026-05-05 08:45:00",97.48,97.58,97.35,97.49,645,"LLLH","Black","Down",0.05,0.02,0.23,"Down",0.05,0.01,"Down",0.1,0.608696,0.869565,True,True,False,True,"Falling","Absent","Clustered","Local","Contained","Minor","BreaksPriorLow;CloseInsidePriorRange;CloseInsidePriorBody;DissipationLocal;AcceptanceContained;CompressionClustered"
1528,"2026-05-05 08:50:00",97.46,97.55,97.04,97.3,1918,"LLLH","Red","Up",0.75,0.62,0.51,"Up",0.7,0.16,"Up",0.4,0.509804,0.392157,False,False,False,True,"Rising","Local","Absent","Absent","Accepted","Moderate","BreaksPriorLow;AcceptanceAccepted"
1529,"2026-05-05 08:55:00",97.29,97.68,97.26,97.59,854,"HHHL","Black","Down",0.15,0.12,0.42,"Down",0.6,0.3,"Up",0.8,0.785714,0.690476,False,False,True,False,"Falling","Absent","Absent","Local","Accepted","Moderate","BreaksPriorHigh;DissipationLocal;AcceptanceAccepted"
1530,"2026-05-05 09:00:00",97.59,97.98,97.59,97.86,1008,"HHHL","Black","Up",0.35,0.3,0.39,"Down",0.45,0.27,"Down",0.7,0.692308,0.230769,False,False,True,False,"Rising","Absent","Absent","Local","Accepted","Minor","BreaksPriorHigh;DissipationLocal;AcceptanceAccepted"
1531,"2026-05-05 09:05:00",97.85,98.14,97.81,97.89,898,"HHHL","Black","Down",0.25,0.18,0.33,"Down",0.3,0.04,"Down",0.25,0.242424,0.515152,True,False,True,False,"Falling","Absent","Local","Local","Contained","Minor","BreaksPriorHigh;CloseInsidePriorRange;DissipationLocal;AcceptanceContained;CompressionLocal"
1532,"2026-05-05 09:10:00",97.87,97.91,97.51,97.65,653,"LLLH","Red","Down",0.1,0.04,0.4,"Up",0.55,0.22,"Up",0.65,0.35,0.25,False,False,False,True,"Falling","Local","Absent","Local","Accepted","Minor","BreaksPriorLow;DissipationLocal;AcceptanceAccepted"
1533,"2026-05-05 09:15:00",97.63,97.82,97.57,97.68,501,"InsideBar","Black","Down",0.05,0.02,0.25,"Down",0.1,0.05,"Down",0.3,0.44,1,True,True,False,False,"Falling","Absent","Clustered","Absent","Unresolved","Minor","CloseInsidePriorRange;CloseInsidePriorBody;CompressionClustered"
1534,"2026-05-05 09:20:00",97.67,97.84,97.63,97.75,434,"HHHL","Black","Down",0.05,0.02,0.21,"Down",0.05,0.08,"Up",0.35,0.571429,0.904762,True,False,True,False,"Falling","Absent","Clustered","Local","Contained","Minor","BreaksPriorHigh;CloseInsidePriorRange;DissipationLocal;AcceptanceContained;CompressionClustered"
1535,"2026-05-05 09:25:00",97.75,97.93,97.7,97.84,547,"HHHL","Black","Up",0.15,0.06,0.23,"Up",0.15,0.09,"Up",0.35,0.608696,0.608696,True,False,True,False,"Rising","Local","Local","Absent","Contained","Minor","BreaksPriorHigh;CloseInsidePriorRange;AcceptanceContained;CompressionLocal"
1536,"2026-05-05 09:30:00",97.84,98.04,97.72,97.92,719,"HHHL","Black","Up",0.3,0.12,0.32,"Up",0.4,0.08,"Down",0.35,0.625,0.65625,True,False,True,False,"Rising","Local","Local","Absent","Contained","Minor","BreaksPriorHigh;CloseInsidePriorRange;AcceptanceContained;CompressionLocal"
1537,"2026-05-05 09:35:00",97.91,98.13,97.86,97.92,732,"HHHL","Black","Up",0.35,0.14,0.27,"Down",0.3,0.01,"Down",0.1,0.222222,0.666667,True,True,True,False,"Rising","Absent","Local","Local","Contained","Minor","BreaksPriorHigh;CloseInsidePriorRange;CloseInsidePriorBody;DissipationLocal;AcceptanceContained;CompressionLocal"
1538,"2026-05-05 09:40:00",97.91,97.93,97.67,97.89,641,"LLLH","Red","Down",0.2,0.08,0.26,"Down",0.25,0.02,"Up",0.2,0.846154,0.269231,True,False,False,True,"Falling","Absent","Local","Local","Contained","Minor","BreaksPriorLow;CloseInsidePriorRange;DissipationLocal;AcceptanceContained;CompressionLocal"
1539,"2026-05-05 09:45:00",97.86,98.06,97.78,97.82,576,"HHHL","Red","Down",0.2,0.08,0.28,"Up",0.4,0.04,"Up",0.3,0.142857,0.535714,True,False,True,False,"Falling","Local","Local","Local","Contained","Minor","BreaksPriorHigh;CloseInsidePriorRange;DissipationLocal;AcceptanceContained;CompressionLocal"
1540,"2026-05-05 09:50:00",97.85,98.02,97.79,97.92,362,"InsideBar","Black","Down",0.05,0.02,0.23,"Down",0.1,0.07,"Up",0.4,0.565217,1,True,False,False,False,"Falling","Absent","Clustered","Absent","Unresolved","Minor","CloseInsidePriorRange;CompressionClustered"
1541,"2026-05-05 09:55:00",97.95,98,97.8,97.99,404,"InsideBar","Black","Up",0.1,0.04,0.2,"Down",0.05,0.04,"Down",0.25,0.95,1,True,False,False,False,"Rising","Absent","Clustered","Local","Unresolved","Minor","CloseInsidePriorRange;DissipationLocal;CompressionClustered"
1542,"2026-05-05 10:00:00",97.98,98.18,97.9,98.07,679,"HHHL","Black","Up",0.5,0.2,0.28,"Up",0.5,0.09,"Up",0.6,0.607143,0.357143,False,False,True,False,"Rising","Local","Absent","Absent","Accepted","Minor","BreaksPriorHigh;AcceptanceAccepted"
1543,"2026-05-05 10:05:00",98.07,98.14,97.85,97.93,755,"LLLH","Red","Up",0.65,0.26,0.29,"Up",0.55,0.14,"Up",0.7,0.275862,0.827586,True,False,False,True,"Rising","Local","Local","Absent","Contained","Moderate","BreaksPriorLow;CloseInsidePriorRange;AcceptanceContained;CompressionLocal"
1544,"2026-05-05 10:10:00",97.91,98.07,97.85,97.96,395,"InsideBar","Black","Down",0.1,0.04,0.22,"Down",0.15,0.05,"Down",0.4,0.5,1,True,True,False,False,"Falling","Absent","Clustered","Absent","Unresolved","Minor","CloseInsidePriorRange;CloseInsidePriorBody;CompressionClustered"
1545,"2026-05-05 10:15:00",97.95,98.1,97.73,97.78,750,"OutsideBar","Red","Up",0.7,0.28,0.37,"Up",0.8,0.17,"Up",0.8,0.135135,0.594595,False,False,True,True,"Rising","Strong","Absent","Absent","Accepted","Major","RangePeak20;BreaksPriorHigh;BreaksPriorLow;AcceptanceAccepted"
1546,"2026-05-05 10:20:00",97.77,97.83,97.44,97.45,1113,"LLLH","Red","Up",0.95,0.64,0.39,"Up",0.85,0.32,"Up",1,0.025641,0.25641,False,False,False,True,"Peak","Strong","Absent","Absent","Accepted","Major","VolumePeak20;RangePeak20;BreaksPriorLow;AcceptanceAccepted"
1547,"2026-05-05 10:25:00",97.45,97.67,97.39,97.65,903,"LLLH","Black","Down",0.85,0.46,0.28,"Down",0.55,0.2,"Down",0.8,0.928571,0.821429,True,True,False,True,"Peak","Absent","Clustered","Local","Contained","Major","VolumePeak20;BreaksPriorLow;CloseInsidePriorRange;CloseInsidePriorBody;DissipationLocal;AcceptanceContained;CompressionClustered"
1548,"2026-05-05 10:30:00",97.66,97.68,97.47,97.5,443,"HHHL","Red","Down",0.25,0.1,0.21,"Down",0.15,0.16,"Down",0.7,0.142857,0.952381,True,True,True,False,"Falling","Absent","Clustered","Local","Contained","Minor","BreaksPriorHigh;CloseInsidePriorRange;CloseInsidePriorBody;DissipationLocal;AcceptanceContained;CompressionClustered"
1549,"2026-05-05 10:35:00",97.5,97.53,97.24,97.38,1346,"LLLH","Red","Up",1,0.74,0.29,"Up",0.7,0.12,"Down",0.65,0.482759,0.206897,False,False,False,True,"Peak","Local","Absent","Absent","Accepted","Major","VolumePeak20;BreaksPriorLow;AcceptanceAccepted"
1550,"2026-05-05 10:40:00",97.39,97.47,97.25,97.45,783,"InsideBar","Black","Down",0.8,0.36,0.22,"Down",0.25,0.06,"Down",0.4,0.909091,1,True,True,False,False,"Peak","Absent","Clustered","Absent","Unresolved","Major","VolumePeak20;HighVolumeLowRange;CloseInsidePriorRange;CloseInsidePriorBody;CompressionClustered"
1551,"2026-05-05 10:45:00",97.44,97.45,97.21,97.43,938,"LLLH","Red","Up",0.9,0.54,0.24,"Up",0.4,0.01,"Down",0.05,0.916667,0.833333,True,True,False,True,"Peak","Local","Local","Absent","Contained","Major","VolumePeak20;HighVolumeLowRange;BreaksPriorLow;CloseInsidePriorRange;CloseInsidePriorBody;AcceptanceContained;CompressionLocal"
1552,"2026-05-05 10:50:00",97.42,97.57,97.32,97.49,731,"HHHL","Black","Down",0.6,0.28,0.25,"Up",0.5,0.07,"Up",0.45,0.68,0.52,False,False,True,False,"Falling","Local","Absent","Local","Accepted","Moderate","BreaksPriorHigh;DissipationLocal;AcceptanceAccepted"
1553,"2026-05-05 10:55:00",97.5,97.85,97.5,97.85,814,"HHHL","Black","Up",0.8,0.42,0.35,"Up",0.9,0.35,"Up",1,1,0.2,False,False,True,False,"Peak","Strong","Absent","Absent","Accepted","Structural","VolumePeak20;RangePeak20;BreaksPriorHigh;AcceptanceAccepted"
1554,"2026-05-05 11:00:00",97.84,97.89,97.76,97.83,772,"HHHL","Red","Down",0.7,0.36,0.13,"Down",0.05,0.01,"Down",0.15,0.538462,0.692308,True,True,True,False,"Falling","Absent","Local","Local","Contained","Moderate","BreaksPriorHigh;CloseInsidePriorRange;CloseInsidePriorBody;DissipationLocal;AcceptanceContained;CompressionLocal"
1555,"2026-05-05 11:05:00",97.82,98.02,97.59,98,1428,"OutsideBar","Black","Up",1,0.76,0.43,"Up",1,0.18,"Up",0.85,0.953488,0.302326,False,False,True,True,"Peak","Climactic","Absent","Absent","Accepted","Structural","VolumePeak20;RangePeak20;RangeClimactic20;BreaksPriorHigh;BreaksPriorLow;AcceptanceAccepted"
1556,"2026-05-05 11:10:00",98,98.14,97.71,98.06,946,"HHHL","Black","Down",0.85,0.56,0.43,"Up",1,0.06,"Down",0.45,0.813953,0.72093,False,False,True,False,"Peak","Climactic","Absent","Local","Accepted","Structural","VolumePeak20;RangePeak20;RangeClimactic20;BreaksPriorHigh;DissipationLocal;AcceptanceAccepted"
1557,"2026-05-05 11:15:00",98.06,98.11,97.88,98.09,611,"InsideBar","Black","Down",0.3,0.18,0.23,"Down",0.35,0.03,"Down",0.2,0.913043,1,True,False,False,False,"Falling","Absent","Clustered","Absent","Unresolved","Minor","CloseInsidePriorRange;CompressionClustered"
1558,"2026-05-05 11:20:00",98.11,98.33,98.07,98.32,890,"HHHL","Black","Up",0.7,0.5,0.26,"Up",0.5,0.21,"Up",0.9,0.961538,0.153846,False,False,True,False,"Rising","Local","Absent","Absent","Accepted","Moderate","BreaksPriorHigh;AcceptanceAccepted"
1559,"2026-05-05 11:25:00",98.31,98.39,98.18,98.34,895,"HHHL","Black","Up",0.7,0.52,0.21,"Down",0.15,0.03,"Down",0.2,0.761905,0.714286,False,False,True,False,"Rising","Absent","Absent","Local","Accepted","Moderate","BreaksPriorHigh;DissipationLocal;AcceptanceAccepted"
1560,"2026-05-05 11:30:00",98.32,98.38,97.83,97.92,4608,"LLLH","Red","Up",1,1,0.55,"Up",1,0.4,"Up",1,0.163636,0.363636,False,False,False,True,"Climactic","Climactic","Absent","Absent","Accepted","SessionDefining","VolumePeak20;VolumeClimactic50;RangePeak20;RangeClimactic20;BreaksPriorLow;AcceptanceAccepted"
1561,"2026-05-06 06:05:00",91.18,91.69,90.88,91.4,3298,"LLLH","Black","Down",0.95,0.98,0.81,"Up",1,0.22,"Down",0.85,0.641975,0,False,False,False,True,"Climactic","Climactic","Absent","Local","Accepted","SessionDefining","VolumePeak20;VolumeClimactic50;RangePeak20;RangeClimactic20;BreaksPriorLow;DissipationLocal;AcceptanceAccepted"
1562,"2026-05-06 06:10:00",91.39,92.56,91.17,92.2,4503,"HHHL","Black","Up",0.95,0.98,1.39,"Up",1,0.81,"Up",1,0.741007,0.374101,False,False,True,False,"Climactic","Climactic","Absent","Absent","Accepted","SessionDefining","VolumePeak20;VolumeClimactic50;RangePeak20;RangeClimactic20;BreaksPriorHigh;AcceptanceAccepted"
1563,"2026-05-06 06:15:00",92.19,92.38,91.74,91.84,2729,"InsideBar","Red","Down",0.85,0.94,0.64,"Down",0.9,0.35,"Down",0.9,0.15625,1,True,True,False,False,"Peak","Strong","Clustered","Absent","Unresolved","Structural","VolumePeak20;RangePeak20;CloseInsidePriorRange;CloseInsidePriorBody;CompressionClustered"
1564,"2026-05-06 06:20:00",91.82,92.12,91.55,92.06,1748,"LLLH","Black","Down",0.8,0.86,0.57,"Down",0.85,0.24,"Down",0.75,0.894737,0.666667,True,True,False,True,"Peak","Strong","Local","Local","Contained","Major","VolumePeak20;RangePeak20;BreaksPriorLow;CloseInsidePriorRange;CloseInsidePriorBody;DissipationLocal;AcceptanceContained;CompressionLocal"
1565,"2026-05-06 06:25:00",92.08,92.21,91.91,92.18,1412,"HHHL","Black","Down",0.7,0.78,0.3,"Down",0.55,0.1,"Down",0.4,0.9,0.7,False,False,True,False,"Falling","Absent","Absent","Local","Accepted","Moderate","BreaksPriorHigh;DissipationLocal;AcceptanceAccepted"
1566,"2026-05-06 06:30:00",92.16,92.39,92.01,92.04,1361,"HHHL","Red","Down",0.65,0.78,0.38,"Up",0.65,0.12,"Up",0.45,0.078947,0.526316,True,False,True,False,"Falling","Local","Local","Local","Contained","Moderate","BreaksPriorHigh;CloseInsidePriorRange;DissipationLocal;AcceptanceContained;CompressionLocal"
1567,"2026-05-06 06:35:00",92.04,92.39,91.35,91.4,3281,"OutsideBar","Red","Up",0.85,0.94,1.04,"Up",0.95,0.64,"Up",0.95,0.048077,0.365385,False,False,False,True,"Peak","Climactic","Absent","Absent","Accepted","Structural","VolumePeak20;RangePeak20;RangeClimactic20;BreaksPriorLow;AcceptanceAccepted"
1568,"2026-05-06 06:40:00",91.41,91.64,91.19,91.56,2648,"LLLH","Black","Down",0.75,0.9,0.45,"Down",0.7,0.15,"Down",0.55,0.822222,0.644444,True,True,False,True,"Falling","Absent","Local","Local","Contained","Structural","BreaksPriorLow;CloseInsidePriorRange;CloseInsidePriorBody;DissipationLocal;AcceptanceContained;CompressionLocal"
1569,"2026-05-06 06:45:00",91.56,92.29,91.35,92.1,2075,"HHHL","Black","Down",0.7,0.86,0.94,"Up",0.9,0.54,"Up",0.9,0.797872,0.308511,False,False,True,False,"Falling","Strong","Absent","Local","Accepted","Structural","RangePeak20;BreaksPriorHigh;DissipationLocal;AcceptanceAccepted"
1570,"2026-05-06 06:50:00",92.1,92.35,91.82,91.83,1694,"HHHL","Red","Down",0.6,0.8,0.53,"Down",0.65,0.27,"Down",0.7,0.018868,0.886792,True,True,True,False,"Falling","Absent","Clustered","Local","Contained","Moderate","BreaksPriorHigh;CloseInsidePriorRange;CloseInsidePriorBody;DissipationLocal;AcceptanceContained;CompressionClustered"
1571,"2026-05-06 06:55:00",91.84,92.18,91.82,91.94,1422,"InsideBar","Black","Down",0.5,0.72,0.36,"Down",0.4,0.1,"Down",0.3,0.333333,1,True,True,False,False,"Falling","Absent","Clustered","Absent","Unresolved","Minor","CloseInsidePriorRange;CloseInsidePriorBody;CompressionClustered"
1572,"2026-05-06 07:00:00",91.95,92.19,91.59,91.8,1882,"OutsideBar","Red","Up",0.65,0.82,0.6,"Up",0.75,0.15,"Up",0.45,0.35,0.6,False,False,True,True,"Rising","Local","Absent","Absent","Accepted","Moderate","BreaksPriorHigh;BreaksPriorLow;AcceptanceAccepted"
1573,"2026-05-06 07:05:00",91.79,91.91,91.63,91.75,1408,"InsideBar","Red","Down",0.35,0.68,0.28,"Down",0.25,0.04,"Down",0.2,0.428571,1,True,False,False,False,"Falling","Absent","Clustered","Absent","Unresolved","Minor","CloseInsidePriorRange;CompressionClustered"
1574,"2026-05-06 07:10:00",91.76,93.09,91.76,91.8,4357,"HHHL","Black","Up",0.9,0.96,1.33,"Up",0.95,0.04,"Down",0.15,0.030075,0.112782,True,False,True,False,"Climactic","Climactic","Local","Absent","Contained","SessionDefining","VolumePeak20;VolumeClimactic50;RangePeak20;RangeClimactic20;BreaksPriorHigh;CloseInsidePriorRange;AcceptanceContained;CompressionLocal"
1575,"2026-05-06 07:15:00",91.8,91.8,90.67,90.9,4352,"LLLH","Red","Down",0.85,0.94,1.13,"Down",0.9,0.9,"Up",1,0.20354,0.035398,False,False,False,True,"Peak","Strong","Absent","Local","Accepted","Structural","VolumePeak20;RangePeak20;BreaksPriorLow;DissipationLocal;AcceptanceAccepted"
1576,"2026-05-06 07:20:00",90.9,91.13,90.63,91.02,2909,"LLLH","Black","Down",0.7,0.88,0.5,"Down",0.45,0.12,"Down",0.4,0.78,0.92,True,True,False,True,"Falling","Absent","Clustered","Local","Contained","Moderate","BreaksPriorLow;CloseInsidePriorRange;CloseInsidePriorBody;DissipationLocal;AcceptanceContained;CompressionClustered"
1577,"2026-05-06 07:25:00",91.03,91.05,90.78,90.92,1206,"InsideBar","Red","Down",0.15,0.6,0.27,"Down",0.15,0.11,"Down",0.3,0.518519,1,True,True,False,False,"Falling","Absent","Clustered","Absent","Unresolved","Minor","CloseInsidePriorRange;CloseInsidePriorBody;CompressionClustered"
1578,"2026-05-06 07:30:00",90.93,91.39,90.81,91.39,1593,"HHHL","Black","Up",0.35,0.74,0.58,"Up",0.6,0.46,"Up",0.8,1,0.413793,False,False,True,False,"Rising","Local","Absent","Absent","Accepted","Moderate","BreaksPriorHigh;AcceptanceAccepted"
1579,"2026-05-06 07:35:00",91.39,91.63,90.69,90.98,1734,"OutsideBar","Red","Up",0.4,0.76,0.94,"Up",0.75,0.41,"Down",0.75,0.308511,0.617021,True,True,True,True,"Rising","Local","Local","Absent","Contained","Moderate","BreaksPriorHigh;BreaksPriorLow;CloseInsidePriorRange;CloseInsidePriorBody;AcceptanceContained;CompressionLocal"
1580,"2026-05-06 07:40:00",91.02,91.25,90.81,90.93,1002,"InsideBar","Red","Down",0.05,0.54,0.44,"Down",0.3,0.09,"Down",0.15,0.272727,1,True,False,False,False,"Falling","Absent","Clustered","Absent","Unresolved","Minor","CloseInsidePriorRange;CompressionClustered"
1581,"2026-05-06 07:45:00",90.93,91.12,90.24,90.53,3411,"LLLH","Red","Up",0.85,0.92,0.88,"Up",0.7,0.4,"Up",0.7,0.329545,0.352273,False,False,False,True,"Peak","Local","Absent","Absent","Accepted","Structural","VolumePeak20;BreaksPriorLow;AcceptanceAccepted"
1582,"2026-05-06 07:50:00",90.53,91.42,90.32,91.01,2155,"HHHL","Black","Down",0.65,0.8,1.1,"Up",0.9,0.48,"Up",0.85,0.627273,0.727273,True,False,True,False,"Falling","Strong","Local","Local","Contained","Structural","RangePeak20;BreaksPriorHigh;CloseInsidePriorRange;DissipationLocal;AcceptanceContained;CompressionLocal"
1583,"2026-05-06 07:55:00",90.99,91.22,90.79,90.9,1248,"InsideBar","Red","Down",0.15,0.54,0.43,"Down",0.3,0.09,"Down",0.2,0.255814,1,True,True,False,False,"Falling","Absent","Clustered","Absent","Unresolved","Minor","CloseInsidePriorRange;CloseInsidePriorBody;CompressionClustered"
1584,"2026-05-06 08:00:00",90.88,90.96,90.52,90.54,1395,"LLLH","Red","Up",0.25,0.58,0.44,"Up",0.4,0.34,"Up",0.65,0.045455,0.386364,False,False,False,True,"Rising","Local","Absent","Absent","Accepted","Minor","BreaksPriorLow;AcceptanceAccepted"
1585,"2026-05-06 08:05:00",90.53,90.82,90.53,90.63,1418,"InsideBar","Black","Up",0.35,0.62,0.29,"Down",0.15,0.1,"Down",0.3,0.344828,1,True,True,False,False,"Rising","Absent","Clustered","Local","Unresolved","Minor","CloseInsidePriorRange;CloseInsidePriorBody;DissipationLocal;CompressionClustered"
1586,"2026-05-06 08:10:00",90.62,91.55,90.53,91.24,2015,"OutsideBar","Black","Up",0.6,0.76,1.02,"Up",0.8,0.62,"Up",0.9,0.696078,0.284314,False,False,True,False,"Rising","Strong","Absent","Absent","Accepted","Major","RangePeak20;BreaksPriorHigh;AcceptanceAccepted"
1587,"2026-05-06 08:15:00",91.24,91.87,91.07,91.29,1867,"HHHL","Black","Down",0.55,0.72,0.8,"Down",0.65,0.05,"Down",0.15,0.275,0.6,True,False,True,False,"Falling","Absent","Local","Local","Contained","Moderate","BreaksPriorHigh;CloseInsidePriorRange;DissipationLocal;AcceptanceContained;CompressionLocal"
1588,"2026-05-06 08:20:00",91.28,91.45,90.9,90.9,1146,"LLLH","Red","Down",0.1,0.42,0.55,"Down",0.5,0.38,"Up",0.65,0,0.690909,False,False,False,True,"Falling","Absent","Absent","Local","Accepted","Minor","BreaksPriorLow;DissipationLocal;AcceptanceAccepted"
1589,"2026-05-06 08:25:00",90.88,90.96,90.64,90.73,1345,"LLLH","Red","Up",0.25,0.46,0.32,"Down",0.2,0.15,"Down",0.5,0.28125,0.1875,False,False,False,True,"Rising","Absent","Absent","Local","Accepted","Minor","BreaksPriorLow;DissipationLocal;AcceptanceAccepted"
1590,"2026-05-06 08:30:00",90.72,90.97,90.57,90.76,1665,"OutsideBar","Black","Up",0.55,0.64,0.4,"Up",0.3,0.04,"Down",0.15,0.475,0.8,True,True,True,True,"Rising","Local","Local","Absent","Contained","Minor","BreaksPriorHigh;BreaksPriorLow;CloseInsidePriorRange;CloseInsidePriorBody;AcceptanceContained;CompressionLocal"
1591,"2026-05-06 08:35:00",90.76,90.78,90.41,90.45,1777,"LLLH","Red","Up",0.6,0.7,0.37,"Down",0.25,0.31,"Up",0.6,0.108108,0.567568,False,False,False,True,"Rising","Absent","Absent","Local","Accepted","Moderate","BreaksPriorLow;DissipationLocal;AcceptanceAccepted"
1592,"2026-05-06 08:40:00",90.43,90.8,90.38,90.79,1570,"OutsideBar","Black","Down",0.45,0.58,0.42,"Up",0.35,0.36,"Up",0.65,0.97619,0.880952,False,False,True,True,"Falling","Local","Absent","Local","Accepted","Minor","BreaksPriorHigh;BreaksPriorLow;DissipationLocal;AcceptanceAccepted"
1593,"2026-05-06 08:45:00",90.79,91.3,90.6,90.85,2613,"HHHL","Black","Up",0.8,0.8,0.7,"Up",0.65,0.06,"Down",0.2,0.357143,0.285714,False,False,True,False,"Peak","Local","Absent","Absent","Accepted","Major","VolumePeak20;BreaksPriorHigh;AcceptanceAccepted"
1594,"2026-05-06 08:50:00",90.92,91.17,90.84,91,907,"InsideBar","Black","Down",0.05,0.22,0.33,"Down",0.2,0.08,"Up",0.2,0.484848,1,True,False,False,False,"Falling","Absent","Clustered","Absent","Unresolved","Minor","CloseInsidePriorRange;CompressionClustered"
1595,"2026-05-06 08:55:00",91,91.32,90.94,91.19,843,"HHHL","Black","Down",0.05,0.14,0.38,"Up",0.3,0.19,"Up",0.55,0.657895,0.605263,False,False,True,False,"Falling","Local","Absent","Local","Accepted","Minor","BreaksPriorHigh;DissipationLocal;AcceptanceAccepted"
1596,"2026-05-06 09:00:00",91.19,91.24,90.92,91.09,821,"LLLH","Red","Down",0.05,0.14,0.32,"Down",0.2,0.1,"Down",0.4,0.53125,0.9375,True,True,False,True,"Falling","Absent","Clustered","Local","Contained","Minor","BreaksPriorLow;CloseInsidePriorRange;CloseInsidePriorBody;DissipationLocal;AcceptanceContained;CompressionClustered"
1597,"2026-05-06 09:05:00",91.09,91.35,91.06,91.16,1088,"HHHL","Black","Up",0.25,0.3,0.29,"Down",0.1,0.07,"Down",0.2,0.344828,0.62069,True,True,True,False,"Rising","Absent","Local","Local","Contained","Minor","BreaksPriorHigh;CloseInsidePriorRange;CloseInsidePriorBody;DissipationLocal;AcceptanceContained;CompressionLocal"
1598,"2026-05-06 09:10:00",91.14,91.48,91.08,91.39,1142,"HHHL","Black","Up",0.3,0.3,0.4,"Up",0.45,0.25,"Up",0.6,0.775,0.675,False,False,True,False,"Rising","Local","Absent","Absent","Accepted","Minor","BreaksPriorHigh;AcceptanceAccepted"
1599,"2026-05-06 09:15:00",91.38,91.45,91.02,91.08,907,"LLLH","Red","Down",0.2,0.22,0.43,"Up",0.6,0.3,"Up",0.65,0.139535,0.860465,True,False,False,True,"Falling","Local","Local","Local","Contained","Moderate","BreaksPriorLow;CloseInsidePriorRange;DissipationLocal;AcceptanceContained;CompressionLocal"
1600,"2026-05-06 09:20:00",91.11,91.17,90.8,90.83,746,"LLLH","Red","Down",0.05,0.06,0.37,"Down",0.35,0.28,"Down",0.6,0.081081,0.405405,False,False,False,True,"Falling","Absent","Absent","Local","Accepted","Minor","BreaksPriorLow;DissipationLocal;AcceptanceAccepted"
1601,"2026-05-06 09:25:00",90.82,90.83,90.52,90.7,1344,"LLLH","Red","Up",0.5,0.38,0.31,"Down",0.15,0.12,"Down",0.45,0.580645,0.096774,False,False,False,True,"Rising","Absent","Absent","Local","Accepted","Minor","BreaksPriorLow;DissipationLocal;AcceptanceAccepted"
1602,"2026-05-06 09:30:00",90.7,90.73,90.56,90.61,932,"InsideBar","Red","Down",0.3,0.22,0.17,"Down",0.05,0.09,"Down",0.35,0.294118,1,True,False,False,False,"Falling","Absent","Clustered","Absent","Unresolved","Minor","CloseInsidePriorRange;CompressionClustered"
1603,"2026-05-06 09:35:00",90.62,90.67,90.36,90.44,1004,"LLLH","Red","Up",0.35,0.26,0.31,"Up",0.25,0.18,"Up",0.55,0.258065,0.354839,False,False,False,True,"Rising","Local","Absent","Absent","Accepted","Minor","BreaksPriorLow;AcceptanceAccepted"
1604,"2026-05-06 09:40:00",90.45,90.6,90.33,90.54,746,"LLLH","Black","Down",0.1,0.06,0.27,"Down",0.1,0.09,"Down",0.35,0.777778,0.888889,True,True,False,True,"Falling","Absent","Clustered","Local","Contained","Minor","BreaksPriorLow;CloseInsidePriorRange;CloseInsidePriorBody;DissipationLocal;AcceptanceContained;CompressionClustered"
1605,"2026-05-06 09:45:00",90.53,90.86,90.51,90.86,786,"HHHL","Black","Up",0.15,0.08,0.35,"Up",0.45,0.33,"Up",0.85,1,0.257143,False,False,True,False,"Rising","Local","Absent","Absent","Accepted","Minor","BreaksPriorHigh;AcceptanceAccepted"
1606,"2026-05-06 09:50:00",90.84,91.35,90.77,91.32,1203,"HHHL","Black","Up",0.65,0.34,0.58,"Up",0.9,0.48,"Up",1,0.948276,0.155172,False,False,True,False,"Rising","Strong","Absent","Absent","Accepted","Structural","RangePeak20;BreaksPriorHigh;AcceptanceAccepted"
1607,"2026-05-06 09:55:00",91.32,91.78,91.28,91.59,1397,"HHHL","Black","Up",0.8,0.46,0.5,"Down",0.85,0.27,"Down",0.65,0.62,0.14,False,False,True,False,"Peak","Strong","Absent","Local","Accepted","Major","VolumePeak20;RangePeak20;BreaksPriorHigh;DissipationLocal;AcceptanceAccepted"
1608,"2026-05-06 10:00:00",91.6,92.11,91.48,91.63,2074,"HHHL","Black","Up",0.95,0.74,0.63,"Up",0.95,0.03,"Down",0.05,0.238095,0.47619,True,False,True,False,"Peak","Climactic","Local","Absent","Contained","Structural","VolumePeak20;RangePeak20;RangeClimactic20;BreaksPriorHigh;CloseInsidePriorRange;AcceptanceContained;CompressionLocal"
1609,"2026-05-06 10:05:00",91.62,91.71,91.05,91.07,1115,"LLLH","Red","Down",0.55,0.24,0.66,"Up",0.95,0.55,"Up",1,0.030303,0.348485,False,False,False,True,"Falling","Climactic","Absent","Local","Accepted","Structural","RangePeak20;RangeClimactic20;BreaksPriorLow;DissipationLocal;AcceptanceAccepted"
1610,"2026-05-06 10:10:00",91.06,91.25,90.9,91.21,1074,"LLLH","Black","Down",0.5,0.22,0.35,"Down",0.45,0.15,"Down",0.45,0.885714,0.571429,True,True,False,True,"Falling","Absent","Local","Local","Contained","Minor","BreaksPriorLow;CloseInsidePriorRange;CloseInsidePriorBody;DissipationLocal;AcceptanceContained;CompressionLocal"
1611,"2026-05-06 10:15:00",91.21,91.44,91.11,91.33,841,"HHHL","Black","Down",0.25,0.1,0.33,"Down",0.4,0.12,"Down",0.45,0.666667,0.424242,False,False,True,False,"Falling","Absent","Absent","Local","Accepted","Minor","BreaksPriorHigh;DissipationLocal;AcceptanceAccepted"
1612,"2026-05-06 10:20:00",91.34,91.45,91.23,91.43,416,"HHHL","Black","Down",0.05,0.02,0.22,"Down",0.1,0.09,"Down",0.35,0.909091,0.954545,True,False,True,False,"Falling","Absent","Clustered","Local","Contained","Minor","BreaksPriorHigh;CloseInsidePriorRange;DissipationLocal;AcceptanceContained;CompressionClustered"
1613,"2026-05-06 10:25:00",91.43,91.48,91.21,91.3,732,"OutsideBar","Red","Up",0.1,0.04,0.27,"Up",0.2,0.13,"Up",0.5,0.333333,0.814815,True,False,True,True,"Rising","Local","Local","Absent","Contained","Minor","BreaksPriorHigh;BreaksPriorLow;CloseInsidePriorRange;AcceptanceContained;CompressionLocal"
1614,"2026-05-06 10:30:00",91.3,91.32,90.97,91,781,"LLLH","Red","Up",0.25,0.1,0.35,"Up",0.6,0.3,"Up",0.85,0.085714,0.314286,False,False,False,True,"Rising","Local","Absent","Absent","Accepted","Moderate","BreaksPriorLow;AcceptanceAccepted"
1615,"2026-05-06 10:35:00",91.03,91.03,90.75,90.99,899,"LLLH","Red","Up",0.45,0.2,0.28,"Down",0.25,0.04,"Down",0.1,0.857143,0.214286,True,False,False,True,"Rising","Absent","Local","Local","Contained","Minor","BreaksPriorLow;CloseInsidePriorRange;DissipationLocal;AcceptanceContained;CompressionLocal"
1616,"2026-05-06 10:40:00",91,91.32,90.92,91.25,947,"HHHL","Black","Up",0.55,0.28,0.4,"Up",0.7,0.25,"Up",0.65,0.825,0.275,False,False,True,False,"Rising","Local","Absent","Absent","Accepted","Moderate","BreaksPriorHigh;AcceptanceAccepted"
1617,"2026-05-06 10:45:00",91.26,91.45,91.17,91.2,555,"HHHL","Red","Down",0.1,0.04,0.28,"Down",0.3,0.06,"Down",0.15,0.107143,0.535714,True,True,True,False,"Falling","Absent","Local","Local","Contained","Minor","BreaksPriorHigh;CloseInsidePriorRange;CloseInsidePriorBody;DissipationLocal;AcceptanceContained;CompressionLocal"
1618,"2026-05-06 10:50:00",91.2,91.28,91.09,91.12,519,"LLLH","Red","Down",0.1,0.04,0.19,"Down",0.1,0.08,"Up",0.2,0.157895,0.578947,False,False,False,True,"Falling","Absent","Absent","Local","Accepted","Minor","BreaksPriorLow;DissipationLocal;AcceptanceAccepted"
1619,"2026-05-06 10:55:00",91.13,91.28,91.1,91.12,619,"InsideBar","Red","Up",0.2,0.08,0.18,"Down",0.1,0.01,"Down",0.05,0.111111,1,True,True,False,False,"Rising","Absent","Clustered","Local","Unresolved","Minor","CloseInsidePriorRange;CloseInsidePriorBody;DissipationLocal;CompressionClustered"
1620,"2026-05-06 11:00:00",91.12,91.18,90.92,91,652,"LLLH","Red","Up",0.25,0.1,0.26,"Up",0.25,0.12,"Up",0.55,0.307692,0.307692,False,False,False,True,"Rising","Local","Absent","Absent","Accepted","Minor","BreaksPriorLow;AcceptanceAccepted"
1621,"2026-05-06 11:05:00",91.01,91.07,90.81,90.88,603,"LLLH","Red","Down",0.2,0.08,0.26,"Down",0.25,0.13,"Up",0.6,0.269231,0.576923,False,False,False,True,"Falling","Absent","Absent","Local","Accepted","Minor","BreaksPriorLow;DissipationLocal;AcceptanceAccepted"
1622,"2026-05-06 11:10:00",90.88,90.89,90.58,90.62,1367,"LLLH","Red","Up",0.9,0.64,0.31,"Up",0.55,0.26,"Up",0.75,0.129032,0.258065,False,False,False,True,"Peak","Local","Absent","Absent","Accepted","Major","VolumePeak20;BreaksPriorLow;AcceptanceAccepted"
1623,"2026-05-06 11:15:00",90.63,90.75,90.18,90.39,1958,"LLLH","Red","Up",0.95,0.84,0.57,"Up",0.85,0.24,"Down",0.65,0.368421,0.298246,False,False,False,True,"Peak","Strong","Absent","Absent","Accepted","Major","VolumePeak20;RangePeak20;BreaksPriorLow;AcceptanceAccepted"
1624,"2026-05-06 11:20:00",90.42,90.47,90.13,90.26,1030,"LLLH","Red","Down",0.65,0.44,0.34,"Down",0.55,0.16,"Down",0.6,0.382353,0.852941,True,False,False,True,"Falling","Absent","Clustered","Local","Contained","Moderate","BreaksPriorLow;CloseInsidePriorRange;DissipationLocal;AcceptanceContained;CompressionClustered"
1625,"2026-05-06 11:25:00",90.25,90.6,90.09,90.54,1255,"OutsideBar","Black","Up",0.8,0.62,0.51,"Up",0.8,0.29,"Up",0.85,0.882353,0.666667,False,False,True,True,"Peak","Strong","Absent","Absent","Accepted","Major","VolumePeak20;RangePeak20;BreaksPriorHigh;BreaksPriorLow;AcceptanceAccepted"
1626,"2026-05-06 11:30:00",90.54,91.02,90.4,90.98,6234,"HHHL","Black","Up",1,1,0.62,"Up",0.9,0.44,"Up",0.95,0.935484,0.322581,False,False,True,False,"Climactic","Strong","Absent","Absent","Accepted","Structural","VolumePeak20;VolumeClimactic50;RangePeak20;BreaksPriorHigh;AcceptanceAccepted"
1627,"2026-05-07 06:05:00",86.46,87.46,86.44,87.1,4350,"LLLH","Black","Down",0.95,0.98,1.02,"Up",1,0.64,"Up",1,0.647059,0,False,False,False,True,"Climactic","Climactic","Absent","Local","Accepted","SessionDefining","VolumePeak20;VolumeClimactic50;RangePeak20;RangeClimactic20;BreaksPriorLow;DissipationLocal;AcceptanceAccepted"
1628,"2026-05-07 06:10:00",87.11,87.26,86.98,87.23,1623,"InsideBar","Black","Down",0.85,0.76,0.28,"Down",0.45,0.12,"Down",0.4,0.892857,1,True,False,False,False,"Peak","Absent","Clustered","Absent","Unresolved","Major","VolumePeak20;CloseInsidePriorRange;CompressionClustered"
1629,"2026-05-07 06:15:00",87.24,87.55,87.21,87.47,1494,"HHHL","Black","Down",0.8,0.74,0.34,"Up",0.65,0.23,"Up",0.65,0.764706,0.147059,False,False,True,False,"Peak","Local","Absent","Local","Accepted","Major","VolumePeak20;BreaksPriorHigh;DissipationLocal;AcceptanceAccepted"
1630,"2026-05-07 06:20:00",87.47,87.48,86.98,87.06,1699,"LLLH","Red","Up",0.85,0.8,0.5,"Up",0.8,0.41,"Up",0.9,0.16,0.54,False,False,False,True,"Peak","Strong","Absent","Absent","Accepted","Major","VolumePeak20;RangePeak20;BreaksPriorLow;AcceptanceAccepted"
1631,"2026-05-07 06:25:00",87.04,87.25,86.77,86.83,1624,"LLLH","Red","Down",0.8,0.78,0.48,"Down",0.75,0.21,"Down",0.55,0.125,0.5625,False,False,False,True,"Peak","Absent","Absent","Local","Accepted","Major","VolumePeak20;BreaksPriorLow;DissipationLocal;AcceptanceAccepted"
1632,"2026-05-07 06:30:00",86.86,87.13,86.86,87.04,889,"InsideBar","Black","Down",0.4,0.3,0.27,"Down",0.25,0.18,"Down",0.5,0.666667,1,True,True,False,False,"Falling","Absent","Clustered","Absent","Unresolved","Minor","CloseInsidePriorRange;CloseInsidePriorBody;CompressionClustered"
1633,"2026-05-07 06:35:00",87.06,87.16,86.91,86.92,843,"HHHL","Red","Down",0.35,0.3,0.25,"Down",0.15,0.14,"Down",0.4,0.04,0.88,True,True,True,False,"Falling","Absent","Clustered","Local","Contained","Minor","BreaksPriorHigh;CloseInsidePriorRange;CloseInsidePriorBody;DissipationLocal;AcceptanceContained;CompressionClustered"
1634,"2026-05-07 06:40:00",86.92,87.17,86.87,86.95,1101,"OutsideBar","Black","Up",0.55,0.52,0.3,"Up",0.5,0.03,"Down",0.1,0.266667,0.833333,True,True,True,True,"Rising","Local","Local","Absent","Contained","Minor","BreaksPriorHigh;BreaksPriorLow;CloseInsidePriorRange;CloseInsidePriorBody;AcceptanceContained;CompressionLocal"
1635,"2026-05-07 06:45:00",86.95,87.17,86.82,87.16,775,"OutsideBar","Black","Down",0.3,0.2,0.35,"Up",0.65,0.21,"Up",0.55,0.971429,0.857143,True,False,False,True,"Falling","Local","Local","Local","Contained","Moderate","BreaksPriorLow;CloseInsidePriorRange;DissipationLocal;AcceptanceContained;CompressionLocal"
1636,"2026-05-07 06:50:00",87.14,88.45,86.96,87.88,4422,"HHHL","Black","Up",0.95,0.98,1.49,"Up",1,0.74,"Up",1,0.61745,0.14094,False,False,True,False,"Climactic","Climactic","Absent","Absent","Accepted","SessionDefining","VolumePeak20;VolumeClimactic50;RangePeak20;RangeClimactic20;BreaksPriorHigh;AcceptanceAccepted"
1637,"2026-05-07 06:55:00",87.89,87.98,87.57,87.61,1693,"InsideBar","Red","Down",0.75,0.84,0.41,"Down",0.65,0.28,"Down",0.75,0.097561,1,True,True,False,False,"Falling","Absent","Clustered","Absent","Unresolved","Moderate","CloseInsidePriorRange;CloseInsidePriorBody;CompressionClustered"
1638,"2026-05-07 07:00:00",87.6,87.61,86.89,86.92,2334,"LLLH","Red","Up",0.85,0.92,0.72,"Up",0.9,0.68,"Up",0.95,0.041667,0.055556,False,False,False,True,"Peak","Strong","Absent","Absent","Accepted","Structural","VolumePeak20;RangePeak20;BreaksPriorLow;AcceptanceAccepted"
1639,"2026-05-07 07:05:00",86.93,87.04,86.45,86.67,1865,"LLLH","Red","Down",0.75,0.86,0.59,"Down",0.8,0.26,"Down",0.65,0.372881,0.254237,False,False,False,True,"Falling","Strong","Absent","Local","Accepted","Major","RangePeak20;BreaksPriorLow;DissipationLocal;AcceptanceAccepted"
1640,"2026-05-07 07:10:00",86.65,86.71,86.44,86.53,1305,"LLLH","Red","Down",0.4,0.64,0.27,"Down",0.2,0.12,"Down",0.15,0.333333,0.962963,True,False,False,True,"Falling","Absent","Clustered","Local","Contained","Minor","BreaksPriorLow;CloseInsidePriorRange;DissipationLocal;AcceptanceContained;CompressionClustered"
1641,"2026-05-07 07:15:00",86.53,86.64,86.09,86.12,1389,"LLLH","Red","Up",0.45,0.7,0.55,"Up",0.7,0.41,"Up",0.8,0.054545,0.363636,False,False,False,True,"Rising","Local","Absent","Absent","Accepted","Moderate","BreaksPriorLow;AcceptanceAccepted"
1642,"2026-05-07 07:20:00",86.14,86.74,86.06,86.51,2397,"OutsideBar","Black","Up",0.85,0.92,0.68,"Up",0.85,0.37,"Down",0.7,0.661765,0.808824,True,True,True,True,"Peak","Strong","Local","Absent","Contained","Structural","VolumePeak20;RangePeak20;BreaksPriorHigh;BreaksPriorLow;CloseInsidePriorRange;CloseInsidePriorBody;AcceptanceContained;CompressionLocal"
1643,"2026-05-07 07:25:00",86.5,86.63,86.16,86.31,1342,"InsideBar","Red","Down",0.4,0.66,0.47,"Down",0.5,0.19,"Down",0.35,0.319149,1,True,True,False,False,"Falling","Absent","Clustered","Absent","Unresolved","Minor","CloseInsidePriorRange;CloseInsidePriorBody;CompressionClustered"
1644,"2026-05-07 07:30:00",86.31,86.8,86.17,86.72,1223,"HHHL","Black","Down",0.25,0.6,0.63,"Up",0.8,0.41,"Up",0.8,0.873016,0.730159,False,False,True,False,"Falling","Strong","Absent","Local","Accepted","Major","RangePeak20;LowVolumeHighRange;BreaksPriorHigh;DissipationLocal;AcceptanceAccepted"
1645,"2026-05-07 07:35:00",86.76,87.12,86.6,87.12,1728,"HHHL","Black","Up",0.7,0.84,0.52,"Down",0.6,0.36,"Down",0.6,1,0.384615,False,False,True,False,"Rising","Absent","Absent","Local","Accepted","Moderate","BreaksPriorHigh;DissipationLocal;AcceptanceAccepted"
1646,"2026-05-07 07:40:00",87.12,87.34,86.69,87.01,2525,"HHHL","Red","Up",0.9,0.94,0.65,"Up",0.8,0.11,"Down",0.1,0.492308,0.661538,True,True,True,False,"Peak","Strong","Local","Absent","Contained","Structural","VolumePeak20;RangePeak20;BreaksPriorHigh;CloseInsidePriorRange;CloseInsidePriorBody;AcceptanceContained;CompressionLocal"
1647,"2026-05-07 07:45:00",87.01,87.33,86.92,87.25,1215,"InsideBar","Black","Down",0.25,0.54,0.41,"Down",0.4,0.24,"Up",0.55,0.804878,1,True,False,False,False,"Falling","Absent","Clustered","Absent","Unresolved","Minor","CloseInsidePriorRange;CompressionClustered"
1648,"2026-05-07 07:50:00",87.23,87.31,86.98,87.11,966,"InsideBar","Red","Down",0.2,0.4,0.33,"Down",0.25,0.12,"Down",0.2,0.393939,1,True,True,False,False,"Falling","Absent","Clustered","Absent","Unresolved","Minor","CloseInsidePriorRange;CloseInsidePriorBody;CompressionClustered"
1649,"2026-05-07 07:55:00",87.12,87.23,86.87,86.9,797,"LLLH","Red","Down",0.1,0.26,0.36,"Up",0.35,0.22,"Up",0.5,0.083333,0.694444,False,False,False,True,"Falling","Local","Absent","Local","Accepted","Minor","BreaksPriorLow;DissipationLocal;AcceptanceAccepted"
1650,"2026-05-07 08:00:00",86.89,87.03,86.8,86.96,900,"LLLH","Black","Up",0.25,0.34,0.23,"Down",0.05,0.07,"Down",0.1,0.695652,0.695652,True,True,False,True,"Rising","Absent","Local","Local","Contained","Minor","BreaksPriorLow;CloseInsidePriorRange;CloseInsidePriorBody;DissipationLocal;AcceptanceContained;CompressionLocal"
1651,"2026-05-07 08:05:00",86.93,87.54,86.92,87.38,1727,"HHHL","Black","Up",0.7,0.8,0.62,"Up",0.75,0.45,"Up",0.9,0.741935,0.177419,False,False,True,False,"Rising","Local","Absent","Absent","Accepted","Moderate","BreaksPriorHigh;AcceptanceAccepted"
1652,"2026-05-07 08:10:00",87.38,87.59,87.27,87.39,1147,"HHHL","Black","Down",0.35,0.5,0.32,"Down",0.25,0.01,"Down",0.05,0.375,0.84375,True,False,True,False,"Falling","Absent","Clustered","Local","Contained","Minor","BreaksPriorHigh;CloseInsidePriorRange;DissipationLocal;AcceptanceContained;CompressionClustered"
1653,"2026-05-07 08:15:00",87.4,87.58,87.25,87.45,1297,"LLLH","Black","Up",0.45,0.58,0.33,"Up",0.3,0.05,"Up",0.15,0.606061,0.939394,True,False,False,True,"Rising","Local","Local","Absent","Contained","Minor","BreaksPriorLow;CloseInsidePriorRange;AcceptanceContained;CompressionLocal"
1654,"2026-05-07 08:20:00",87.46,87.64,87.31,87.49,1038,"HHHL","Black","Down",0.25,0.4,0.33,"Flat",0.3,0.03,"Down",0.1,0.545455,0.818182,True,False,True,False,"Falling","Absent","Clustered","Local","Contained","Minor","BreaksPriorHigh;CloseInsidePriorRange;DissipationLocal;AcceptanceContained;CompressionClustered"
1655,"2026-05-07 08:25:00",87.47,88.16,87.43,87.9,3149,"HHHL","Black","Up",0.95,0.94,0.73,"Up",0.95,0.43,"Up",0.85,0.643836,0.287671,False,False,True,False,"Peak","Climactic","Absent","Absent","Accepted","Structural","VolumePeak20;RangePeak20;RangeClimactic20;BreaksPriorHigh;AcceptanceAccepted"
1656,"2026-05-07 08:30:00",87.92,88.46,87.75,87.93,4162,"HHHL","Black","Up",1,0.94,0.71,"Down",0.9,0.01,"Down",0.1,0.253521,0.577465,True,False,True,False,"Peak","Strong","Local","Local","Contained","Structural","VolumePeak20;RangePeak20;BreaksPriorHigh;CloseInsidePriorRange;DissipationLocal;AcceptanceContained;CompressionLocal"
1657,"2026-05-07 08:35:00",87.93,87.98,87.45,87.54,1927,"LLLH","Red","Down",0.75,0.8,0.53,"Down",0.55,0.39,"Up",0.75,0.169811,0.433962,False,False,False,True,"Falling","Absent","Absent","Local","Accepted","Moderate","BreaksPriorLow;DissipationLocal;AcceptanceAccepted"
1658,"2026-05-07 08:40:00",87.56,87.7,87.49,87.63,804,"InsideBar","Black","Down",0.1,0.22,0.21,"Down",0.05,0.07,"Down",0.3,0.666667,1,True,True,False,False,"Falling","Absent","Clustered","Absent","Unresolved","Minor","CloseInsidePriorRange;CloseInsidePriorBody;CompressionClustered"
1659,"2026-05-07 08:45:00",87.61,87.88,87.57,87.86,977,"HHHL","Black","Up",0.25,0.38,0.31,"Up",0.2,0.25,"Up",0.65,0.935484,0.419355,False,False,True,False,"Rising","Local","Absent","Absent","Accepted","Minor","BreaksPriorHigh;AcceptanceAccepted"
1660,"2026-05-07 08:50:00",87.86,88.15,87.79,88.04,1113,"HHHL","Black","Up",0.35,0.46,0.36,"Up",0.45,0.18,"Down",0.45,0.694444,0.25,False,False,True,False,"Rising","Local","Absent","Absent","Accepted","Minor","BreaksPriorHigh;AcceptanceAccepted"
1661,"2026-05-07 08:55:00",88.03,88.74,88.02,88.73,1819,"HHHL","Black","Up",0.75,0.78,0.72,"Up",0.95,0.7,"Up",1,0.986111,0.180556,False,False,True,False,"Rising","Climactic","Absent","Absent","Accepted","Structural","RangePeak20;RangeClimactic20;BreaksPriorHigh;AcceptanceAccepted"
1662,"2026-05-07 09:00:00",88.7,89.19,88.7,89.07,3062,"HHHL","Black","Up",0.9,0.9,0.49,"Down",0.6,0.37,"Down",0.75,0.755102,0.081633,False,False,True,False,"Peak","Absent","Absent","Local","Accepted","Structural","VolumePeak20;BreaksPriorHigh;DissipationLocal;AcceptanceAccepted"
1663,"2026-05-07 09:05:00",89.07,89.59,89.03,89.43,3090,"HHHL","Black","Up",0.9,0.9,0.56,"Up",0.7,0.36,"Down",0.7,0.714286,0.285714,False,False,True,False,"Peak","Local","Absent","Absent","Accepted","Structural","VolumePeak20;BreaksPriorHigh;AcceptanceAccepted"
1664,"2026-05-07 09:10:00",89.45,89.75,89.38,89.44,2135,"HHHL","Red","Down",0.75,0.8,0.37,"Down",0.5,0.01,"Down",0.15,0.162162,0.567568,True,False,True,False,"Falling","Absent","Local","Local","Contained","Moderate","BreaksPriorHigh;CloseInsidePriorRange;DissipationLocal;AcceptanceContained;CompressionLocal"
1665,"2026-05-07 09:15:00",89.45,90.06,89.45,89.9,2040,"HHHL","Black","Down",0.7,0.78,0.61,"Up",0.75,0.45,"Up",0.95,0.737705,0.491803,False,False,True,False,"Falling","Local","Absent","Local","Accepted","Moderate","BreaksPriorHigh;DissipationLocal;AcceptanceAccepted"
1666,"2026-05-07 09:20:00",89.9,90.84,89.9,90.6,3415,"HHHL","Black","Up",0.95,0.92,0.94,"Up",1,0.7,"Up",0.95,0.744681,0.170213,False,False,True,False,"Peak","Climactic","Absent","Absent","Accepted","Structural","VolumePeak20;RangePeak20;RangeClimactic20;BreaksPriorHigh;AcceptanceAccepted"
1667,"2026-05-07 09:25:00",90.6,90.62,90.09,90.22,2573,"InsideBar","Red","Down",0.75,0.84,0.53,"Down",0.65,0.38,"Down",0.7,0.245283,1,True,True,False,False,"Falling","Absent","Clustered","Absent","Unresolved","Moderate","CloseInsidePriorRange;CloseInsidePriorBody;CompressionClustered"
1668,"2026-05-07 09:30:00",90.22,90.22,89.46,89.79,3407,"LLLH","Red","Up",0.9,0.9,0.76,"Up",0.95,0.43,"Up",0.75,0.434211,0.171053,False,False,False,True,"Peak","Climactic","Absent","Absent","Accepted","Structural","VolumePeak20;RangePeak20;RangeClimactic20;BreaksPriorLow;AcceptanceAccepted"
1669,"2026-05-07 09:35:00",89.79,90.17,89.7,90.1,2095,"InsideBar","Black","Down",0.6,0.72,0.47,"Down",0.45,0.31,"Down",0.5,0.851064,1,True,True,False,False,"Falling","Absent","Clustered","Absent","Unresolved","Moderate","CloseInsidePriorRange;CloseInsidePriorBody;CompressionClustered"
1670,"2026-05-07 09:40:00",90.1,90.63,90.09,90.54,2196,"HHHL","Black","Up",0.65,0.74,0.54,"Up",0.6,0.44,"Up",0.8,0.833333,0.148148,False,False,True,False,"Rising","Local","Absent","Absent","Accepted","Moderate","BreaksPriorHigh;AcceptanceAccepted"
1671,"2026-05-07 09:45:00",90.54,91.09,90.48,90.85,2666,"HHHL","Black","Up",0.7,0.82,0.61,"Up",0.75,0.31,"Down",0.5,0.606557,0.245902,False,False,True,False,"Rising","Local","Absent","Absent","Accepted","Moderate","BreaksPriorHigh;AcceptanceAccepted"
1672,"2026-05-07 09:50:00",90.85,91.31,90.85,91.24,2596,"HHHL","Black","Down",0.65,0.8,0.46,"Down",0.35,0.39,"Up",0.7,0.847826,0.521739,False,False,True,False,"Falling","Absent","Absent","Local","Accepted","Moderate","BreaksPriorHigh;DissipationLocal;AcceptanceAccepted"
1673,"2026-05-07 09:55:00",91.25,91.51,91.18,91.28,1773,"HHHL","Black","Down",0.25,0.56,0.33,"Down",0.2,0.03,"Down",0.2,0.30303,0.393939,True,False,True,False,"Falling","Absent","Local","Local","Contained","Minor","BreaksPriorHigh;CloseInsidePriorRange;DissipationLocal;AcceptanceContained;CompressionLocal"
1674,"2026-05-07 10:00:00",91.29,91.65,91.09,91.4,1858,"OutsideBar","Black","Up",0.3,0.58,0.56,"Up",0.65,0.11,"Up",0.25,0.553571,0.589286,True,False,True,True,"Rising","Local","Local","Absent","Contained","Moderate","BreaksPriorHigh;BreaksPriorLow;CloseInsidePriorRange;AcceptanceContained;CompressionLocal"
1675,"2026-05-07 10:05:00",91.39,91.51,91.11,91.46,1702,"InsideBar","Black","Down",0.2,0.48,0.4,"Down",0.3,0.07,"Down",0.25,0.875,1,True,False,False,False,"Falling","Absent","Clustered","Absent","Unresolved","Minor","CloseInsidePriorRange;CompressionClustered"
1676,"2026-05-07 10:10:00",91.46,91.62,91.21,91.49,2361,"HHHL","Black","Up",0.65,0.74,0.41,"Up",0.35,0.03,"Down",0.15,0.682927,0.731707,True,False,True,False,"Rising","Local","Local","Absent","Contained","Moderate","BreaksPriorHigh;CloseInsidePriorRange;AcceptanceContained;CompressionLocal"
1677,"2026-05-07 10:15:00",91.49,91.69,91.3,91.34,1537,"HHHL","Red","Down",0.2,0.4,0.39,"Down",0.3,0.15,"Up",0.35,0.102564,0.820513,True,False,True,False,"Falling","Absent","Clustered","Local","Contained","Minor","BreaksPriorHigh;CloseInsidePriorRange;DissipationLocal;AcceptanceContained;CompressionClustered"
1678,"2026-05-07 10:20:00",91.34,91.76,91.34,91.63,1673,"HHHL","Black","Up",0.2,0.44,0.42,"Up",0.4,0.29,"Up",0.45,0.690476,0.833333,True,False,True,False,"Rising","Local","Local","Absent","Contained","Minor","BreaksPriorHigh;CloseInsidePriorRange;AcceptanceContained;CompressionLocal"
1679,"2026-05-07 10:25:00",91.63,91.77,91.07,91.19,1958,"OutsideBar","Red","Up",0.4,0.64,0.7,"Up",0.85,0.44,"Up",0.8,0.171429,0.6,False,False,True,True,"Rising","Strong","Absent","Absent","Accepted","Major","RangePeak20;LowVolumeHighRange;BreaksPriorHigh;BreaksPriorLow;AcceptanceAccepted"
1680,"2026-05-07 10:30:00",91.18,93.22,90.92,92.76,9576,"OutsideBar","Black","Up",1,1,2.3,"Up",1,1.58,"Up",1,0.8,0.304348,False,False,True,True,"Climactic","Climactic","Absent","Absent","Accepted","SessionDefining","VolumePeak20;VolumeClimactic50;RangePeak20;RangeClimactic20;BreaksPriorHigh;BreaksPriorLow;AcceptanceAccepted"
1681,"2026-05-07 10:35:00",92.75,92.94,92.12,92.26,3348,"InsideBar","Red","Down",0.85,0.9,0.82,"Down",0.9,0.49,"Down",0.9,0.170732,1,True,True,False,False,"Peak","Strong","Clustered","Absent","Unresolved","Structural","VolumePeak20;RangePeak20;CloseInsidePriorRange;CloseInsidePriorBody;CompressionClustered"
1682,"2026-05-07 10:40:00",92.24,92.49,91.67,91.71,2773,"LLLH","Red","Down",0.75,0.82,0.82,"Flat",0.9,0.53,"Up",0.9,0.04878,0.45122,False,False,False,True,"Falling","Strong","Absent","Local","Accepted","Structural","RangePeak20;BreaksPriorLow;DissipationLocal;AcceptanceAccepted"
1683,"2026-05-07 10:45:00",91.72,91.99,91.57,91.84,2056,"LLLH","Black","Down",0.4,0.6,0.42,"Down",0.35,0.12,"Down",0.3,0.642857,0.761905,True,True,False,True,"Falling","Absent","Local","Local","Contained","Minor","BreaksPriorLow;CloseInsidePriorRange;CloseInsidePriorBody;DissipationLocal;AcceptanceContained;CompressionLocal"
1684,"2026-05-07 10:50:00",91.86,91.87,91.47,91.62,1895,"LLLH","Red","Down",0.3,0.52,0.4,"Down",0.2,0.24,"Up",0.35,0.375,0.75,True,False,False,True,"Falling","Absent","Local","Local","Contained","Minor","BreaksPriorLow;CloseInsidePriorRange;DissipationLocal;AcceptanceContained;CompressionLocal"
1685,"2026-05-07 10:55:00",91.63,91.96,91.27,91.28,1605,"OutsideBar","Red","Down",0.1,0.32,0.69,"Up",0.7,0.35,"Up",0.55,0.014493,0.57971,False,False,True,True,"Falling","Local","Absent","Local","Accepted","Moderate","BreaksPriorHigh;BreaksPriorLow;DissipationLocal;AcceptanceAccepted"
1686,"2026-05-07 11:00:00",91.28,91.39,90.32,90.64,4011,"LLLH","Red","Up",0.95,0.96,1.07,"Up",0.95,0.64,"Up",0.95,0.299065,0.11215,False,False,False,True,"Climactic","Climactic","Absent","Absent","Accepted","SessionDefining","VolumePeak20;VolumeClimactic50;RangePeak20;RangeClimactic20;BreaksPriorLow;AcceptanceAccepted"
1687,"2026-05-07 11:05:00",90.64,91,90.6,90.82,1772,"InsideBar","Black","Down",0.25,0.42,0.4,"Down",0.25,0.18,"Down",0.35,0.55,1,True,True,False,False,"Falling","Absent","Clustered","Absent","Unresolved","Minor","CloseInsidePriorRange;CloseInsidePriorBody;CompressionClustered"
1688,"2026-05-07 11:10:00",90.8,90.9,90.42,90.83,1763,"LLLH","Black","Down",0.25,0.42,0.48,"Up",0.55,0.03,"Down",0.15,0.854167,0.625,True,False,False,True,"Falling","Local","Local","Local","Contained","Minor","BreaksPriorLow;CloseInsidePriorRange;DissipationLocal;AcceptanceContained;CompressionLocal"
1689,"2026-05-07 11:15:00",90.83,91.08,90.62,90.89,1465,"HHHL","Black","Down",0.05,0.3,0.46,"Down",0.45,0.06,"Up",0.2,0.586957,0.608696,True,False,True,False,"Falling","Absent","Local","Local","Contained","Minor","BreaksPriorHigh;CloseInsidePriorRange;DissipationLocal;AcceptanceContained;CompressionLocal"
1690,"2026-05-07 11:20:00",90.88,90.95,90.33,90.57,1421,"LLLH","Red","Down",0.05,0.28,0.62,"Up",0.7,0.31,"Up",0.65,0.387097,0.532258,False,False,False,True,"Falling","Local","Absent","Local","Accepted","Moderate","BreaksPriorLow;DissipationLocal;AcceptanceAccepted"
1691,"2026-05-07 11:25:00",90.57,90.76,90.41,90.68,1275,"InsideBar","Black","Down",0.05,0.22,0.35,"Down",0.1,0.11,"Down",0.35,0.771429,1,True,True,False,False,"Falling","Absent","Clustered","Absent","Unresolved","Minor","CloseInsidePriorRange;CloseInsidePriorBody;CompressionClustered"
1692,"2026-05-07 11:30:00",90.68,90.83,90.45,90.65,5352,"HHHL","Red","Up",0.95,0.98,0.38,"Up",0.15,0.03,"Down",0.2,0.526316,0.815789,True,True,True,False,"Climactic","Local","Local","Absent","Contained","Structural","VolumePeak20;VolumeClimactic50;HighVolumeLowRange;BreaksPriorHigh;CloseInsidePriorRange;CloseInsidePriorBody;AcceptanceContained;CompressionLocal"
1693,"2026-05-08 06:05:00",91.11,91.16,90.32,90.63,2872,"OutsideBar","Red","Down",0.8,0.8,0.84,"Up",0.9,0.48,"Up",0.8,0.369048,0.452381,True,False,True,True,"Peak","Strong","Local","Local","Contained","Structural","VolumePeak20;RangePeak20;BreaksPriorHigh;BreaksPriorLow;CloseInsidePriorRange;DissipationLocal;AcceptanceContained;CompressionLocal"
1694,"2026-05-08 06:10:00",90.64,90.85,90.53,90.62,1043,"InsideBar","Red","Down",0.05,0.14,0.32,"Down",0.05,0.02,"Down",0.05,0.28125,1,True,False,False,False,"Falling","Absent","Clustered","Absent","Unresolved","Minor","CloseInsidePriorRange;CompressionClustered"
1695,"2026-05-08 06:15:00",90.63,91.02,90.56,90.68,1650,"HHHL","Black","Up",0.35,0.34,0.46,"Up",0.55,0.05,"Up",0.25,0.26087,0.630435,True,False,True,False,"Rising","Local","Local","Absent","Contained","Minor","BreaksPriorHigh;CloseInsidePriorRange;AcceptanceContained;CompressionLocal"
1696,"2026-05-08 06:20:00",90.64,90.8,90.41,90.41,1198,"LLLH","Red","Down",0.1,0.2,0.39,"Down",0.25,0.23,"Up",0.5,0,0.615385,False,False,False,True,"Falling","Absent","Absent","Local","Accepted","Minor","BreaksPriorLow;DissipationLocal;AcceptanceAccepted"
1697,"2026-05-08 06:25:00",90.41,90.43,90.17,90.26,1359,"LLLH","Red","Up",0.2,0.26,0.26,"Down",0.05,0.15,"Down",0.4,0.346154,0.076923,False,False,False,True,"Rising","Absent","Absent","Local","Accepted","Minor","BreaksPriorLow;DissipationLocal;AcceptanceAccepted"
1698,"2026-05-08 06:30:00",90.25,90.26,89.67,89.92,1593,"LLLH","Red","Up",0.35,0.32,0.59,"Up",0.6,0.33,"Up",0.65,0.423729,0.152542,False,False,False,True,"Rising","Local","Absent","Absent","Accepted","Moderate","BreaksPriorLow;AcceptanceAccepted"
1699,"2026-05-08 06:35:00",89.87,90.09,89.77,89.94,1509,"InsideBar","Black","Down",0.35,0.28,0.32,"Down",0.15,0.07,"Down",0.3,0.53125,1,True,True,False,False,"Falling","Absent","Clustered","Absent","Unresolved","Minor","CloseInsidePriorRange;CloseInsidePriorBody;CompressionClustered"
1700,"2026-05-08 06:40:00",89.92,90.44,89.86,90.42,1183,"HHHL","Black","Down",0.1,0.14,0.58,"Up",0.65,0.5,"Up",0.9,0.965517,0.396552,False,False,True,False,"Falling","Local","Absent","Local","Accepted","Moderate","BreaksPriorHigh;DissipationLocal;AcceptanceAccepted"
1701,"2026-05-08 06:45:00",90.41,90.62,90.12,90.23,1705,"HHHL","Red","Up",0.6,0.42,0.5,"Down",0.65,0.18,"Down",0.55,0.22,0.64,True,True,True,False,"Rising","Absent","Local","Local","Contained","Moderate","BreaksPriorHigh;CloseInsidePriorRange;CloseInsidePriorBody;DissipationLocal;AcceptanceContained;CompressionLocal"
1702,"2026-05-08 06:50:00",90.21,90.21,89.85,90,1667,"LLLH","Red","Down",0.6,0.36,0.36,"Down",0.25,0.21,"Up",0.6,0.416667,0.25,False,False,False,True,"Falling","Absent","Absent","Local","Accepted","Moderate","BreaksPriorLow;DissipationLocal;AcceptanceAccepted"
1703,"2026-05-08 06:55:00",89.99,90.19,89.96,90.01,567,"InsideBar","Black","Down",0.05,0.02,0.23,"Down",0.05,0.02,"Down",0.1,0.217391,1,True,True,False,False,"Falling","Absent","Clustered","Absent","Unresolved","Minor","CloseInsidePriorRange;CloseInsidePriorBody;CompressionClustered"
1704,"2026-05-08 07:00:00",89.97,90.14,89.97,90.07,546,"InsideBar","Black","Down",0.05,0.02,0.17,"Down",0.05,0.1,"Up",0.4,0.588235,1,True,False,False,False,"Falling","Absent","Clustered","Absent","Unresolved","Minor","CloseInsidePriorRange;CompressionClustered"
1705,"2026-05-08 07:05:00",90.1,90.49,90.08,90.38,920,"HHHL","Black","Up",0.15,0.08,0.41,"Up",0.55,0.28,"Up",0.75,0.731707,0.146341,False,False,True,False,"Rising","Local","Absent","Absent","Accepted","Minor","BreaksPriorHigh;AcceptanceAccepted"
1706,"2026-05-08 07:10:00",90.37,90.76,90.28,90.75,1216,"HHHL","Black","Up",0.35,0.2,0.48,"Up",0.75,0.38,"Up",0.9,0.979167,0.4375,False,False,True,False,"Rising","Local","Absent","Absent","Accepted","Moderate","BreaksPriorHigh;AcceptanceAccepted"
1707,"2026-05-08 07:15:00",90.72,91.22,90.69,90.93,1768,"HHHL","Black","Up",0.9,0.5,0.53,"Up",0.8,0.21,"Down",0.65,0.45283,0.132075,False,False,True,False,"Peak","Strong","Absent","Absent","Accepted","Major","VolumePeak20;RangePeak20;BreaksPriorHigh;AcceptanceAccepted"
1708,"2026-05-08 07:20:00",90.94,91.33,90.92,91.08,1267,"HHHL","Black","Down",0.4,0.2,0.41,"Down",0.55,0.14,"Down",0.45,0.390244,0.731707,True,False,True,False,"Falling","Absent","Local","Local","Contained","Minor","BreaksPriorHigh;CloseInsidePriorRange;DissipationLocal;AcceptanceContained;CompressionLocal"
1709,"2026-05-08 07:25:00",91.09,91.35,91.06,91.09,1115,"HHHL","Neutral","Down",0.25,0.12,0.29,"Down",0.2,0,"Down",0.05,0.103448,0.931034,True,False,True,False,"Falling","Absent","Clustered","Local","Contained","Minor","BreaksPriorHigh;CloseInsidePriorRange;DissipationLocal;AcceptanceContained;CompressionClustered"
1710,"2026-05-08 07:30:00",91.09,91.33,90.89,91.31,1425,"LLLH","Black","Up",0.6,0.26,0.44,"Up",0.65,0.22,"Up",0.7,0.954545,0.613636,True,False,False,True,"Rising","Local","Local","Absent","Contained","Moderate","BreaksPriorLow;CloseInsidePriorRange;AcceptanceContained;CompressionLocal"
1711,"2026-05-08 07:35:00",91.32,91.61,91.1,91.23,1834,"HHHL","Red","Up",0.9,0.56,0.51,"Up",0.8,0.09,"Down",0.35,0.254902,0.45098,True,True,True,False,"Peak","Strong","Local","Absent","Contained","Major","VolumePeak20;RangePeak20;BreaksPriorHigh;CloseInsidePriorRange;CloseInsidePriorBody;AcceptanceContained;CompressionLocal"
1712,"2026-05-08 07:40:00",91.24,91.32,90.56,90.61,1722,"LLLH","Red","Down",0.85,0.48,0.76,"Up",0.95,0.63,"Up",1,0.065789,0.289474,False,False,False,True,"Peak","Climactic","Absent","Local","Accepted","Structural","VolumePeak20;RangePeak20;RangeClimactic20;BreaksPriorLow;DissipationLocal;AcceptanceAccepted"
1713,"2026-05-08 07:45:00",90.6,90.75,90.51,90.7,919,"LLLH","Black","Down",0.15,0.06,0.24,"Down",0.15,0.1,"Down",0.4,0.791667,0.791667,True,True,False,True,"Falling","Absent","Local","Local","Contained","Minor","BreaksPriorLow;CloseInsidePriorRange;CloseInsidePriorBody;DissipationLocal;AcceptanceContained;CompressionLocal"
1714,"2026-05-08 07:50:00",90.69,90.93,90.61,90.76,985,"HHHL","Black","Up",0.25,0.1,0.32,"Up",0.35,0.07,"Down",0.25,0.46875,0.4375,False,False,True,False,"Rising","Local","Absent","Absent","Accepted","Minor","BreaksPriorHigh;AcceptanceAccepted"
1715,"2026-05-08 07:55:00",90.78,91.24,90.78,91.02,1226,"HHHL","Black","Up",0.5,0.22,0.46,"Up",0.65,0.24,"Up",0.75,0.521739,0.326087,False,False,True,False,"Rising","Local","Absent","Absent","Accepted","Moderate","BreaksPriorHigh;AcceptanceAccepted"
1716,"2026-05-08 08:00:00",91.03,91.23,91.03,91.17,878,"InsideBar","Black","Down",0.15,0.06,0.2,"Down",0.1,0.14,"Down",0.45,0.7,1,True,False,False,False,"Falling","Absent","Clustered","Absent","Unresolved","Minor","CloseInsidePriorRange;CompressionClustered"
1717,"2026-05-08 08:05:00",91.18,91.25,90.86,91.21,1109,"OutsideBar","Black","Up",0.35,0.16,0.39,"Up",0.45,0.03,"Down",0.15,0.897436,0.512821,True,False,True,True,"Rising","Local","Local","Absent","Contained","Minor","BreaksPriorHigh;BreaksPriorLow;CloseInsidePriorRange;AcceptanceContained;CompressionLocal"
1718,"2026-05-08 08:10:00",91.22,91.22,90.91,91.15,1173,"InsideBar","Red","Up",0.45,0.2,0.31,"Down",0.3,0.07,"Up",0.25,0.774194,1,True,False,False,False,"Rising","Absent","Clustered","Local","Unresolved","Minor","CloseInsidePriorRange;DissipationLocal;CompressionClustered"
1719,"2026-05-08 08:15:00",91.15,91.51,91.07,91.33,1210,"HHHL","Black","Up",0.55,0.26,0.44,"Up",0.65,0.18,"Up",0.6,0.590909,0.340909,False,False,True,False,"Rising","Local","Absent","Absent","Accepted","Moderate","BreaksPriorHigh;AcceptanceAccepted"
1720,"2026-05-08 08:20:00",91.31,91.88,91.26,91.63,2050,"HHHL","Black","Up",1,0.8,0.62,"Up",0.95,0.32,"Up",0.9,0.596774,0.403226,False,False,True,False,"Peak","Climactic","Absent","Absent","Accepted","Structural","VolumePeak20;RangePeak20;RangeClimactic20;BreaksPriorHigh;AcceptanceAccepted"
1721,"2026-05-08 08:25:00",91.63,91.68,91.28,91.58,1043,"InsideBar","Red","Down",0.35,0.16,0.4,"Down",0.5,0.05,"Down",0.2,0.75,1,True,True,False,False,"Falling","Absent","Clustered","Absent","Unresolved","Minor","CloseInsidePriorRange;CloseInsidePriorBody;CompressionClustered"
1722,"2026-05-08 08:30:00",91.56,91.68,91.33,91.37,1514,"InsideBar","Red","Up",0.8,0.48,0.35,"Down",0.4,0.19,"Up",0.65,0.114286,1,True,False,False,False,"Peak","Absent","Clustered","Local","Unresolved","Major","VolumePeak20;HighVolumeLowRange;CloseInsidePriorRange;DissipationLocal;CompressionClustered"
1723,"2026-05-08 08:35:00",91.36,91.87,91.24,91.34,2172,"OutsideBar","Red","Up",1,0.86,0.63,"Up",0.95,0.02,"Down",0.1,0.15873,0.555556,True,False,True,True,"Peak","Climactic","Local","Absent","Contained","Structural","VolumePeak20;RangePeak20;RangeClimactic20;BreaksPriorHigh;BreaksPriorLow;CloseInsidePriorRange;AcceptanceContained;CompressionLocal"
1724,"2026-05-08 08:40:00",91.35,91.41,90.96,91.21,1574,"LLLH","Red","Down",0.75,0.52,0.45,"Down",0.65,0.14,"Up",0.55,0.555556,0.377778,False,False,False,True,"Falling","Absent","Absent","Local","Accepted","Moderate","BreaksPriorLow;DissipationLocal;AcceptanceAccepted"
1725,"2026-05-08 08:45:00",91.24,91.75,91.21,91.73,1472,"HHHL","Black","Down",0.65,0.46,0.54,"Up",0.85,0.49,"Up",0.95,0.962963,0.37037,False,False,True,False,"Falling","Strong","Absent","Local","Accepted","Major","RangePeak20;BreaksPriorHigh;DissipationLocal;AcceptanceAccepted"
1726,"2026-05-08 08:50:00",91.73,91.81,91.37,91.43,2255,"HHHL","Red","Up",1,0.88,0.44,"Down",0.55,0.3,"Down",0.85,0.136364,0.863636,True,True,True,False,"Peak","Absent","Clustered","Local","Contained","Major","VolumePeak20;BreaksPriorHigh;CloseInsidePriorRange;CloseInsidePriorBody;DissipationLocal;AcceptanceContained;CompressionClustered"
1727,"2026-05-08 08:55:00",91.43,91.79,91.36,91.78,747,"LLLH","Black","Down",0.05,0.06,0.43,"Down",0.5,0.35,"Up",0.9,0.976744,0.976744,True,False,False,True,"Falling","Absent","Clustered","Local","Contained","Minor","BreaksPriorLow;CloseInsidePriorRange;DissipationLocal;AcceptanceContained;CompressionClustered"
1728,"2026-05-08 09:00:00",91.77,91.88,91.52,91.57,1197,"HHHL","Red","Up",0.45,0.28,0.36,"Down",0.35,0.2,"Down",0.65,0.138889,0.75,True,True,True,False,"Rising","Absent","Local","Local","Contained","Minor","BreaksPriorHigh;CloseInsidePriorRange;CloseInsidePriorBody;DissipationLocal;AcceptanceContained;CompressionLocal"
1729,"2026-05-08 09:05:00",91.57,91.65,91.28,91.65,1462,"LLLH","Black","Up",0.6,0.48,0.37,"Up",0.35,0.08,"Down",0.3,1,0.351351,True,True,False,True,"Rising","Local","Local","Absent","Contained","Moderate","BreaksPriorLow;CloseInsidePriorRange;CloseInsidePriorBody;AcceptanceContained;CompressionLocal"
1730,"2026-05-08 09:10:00",91.67,91.75,91.21,91.65,1813,"OutsideBar","Red","Up",0.8,0.78,0.54,"Up",0.85,0.02,"Down",0.1,0.814815,0.685185,True,True,True,True,"Peak","Strong","Local","Absent","Contained","Major","VolumePeak20;RangePeak20;BreaksPriorHigh;BreaksPriorLow;CloseInsidePriorRange;CloseInsidePriorBody;AcceptanceContained;CompressionLocal"
1731,"2026-05-08 09:15:00",91.65,91.86,91.63,91.67,816,"HHHL","Black","Down",0.1,0.08,0.23,"Down",0.1,0.02,"Flat",0.15,0.173913,0.521739,True,True,True,False,"Falling","Absent","Local","Local","Contained","Minor","BreaksPriorHigh;CloseInsidePriorRange;CloseInsidePriorBody;DissipationLocal;AcceptanceContained;CompressionLocal"
1732,"2026-05-08 09:20:00",91.7,91.76,91.58,91.67,456,"LLLH","Red","Down",0.05,0.02,0.18,"Down",0.05,0.03,"Up",0.25,0.5,0.722222,True,True,False,True,"Falling","Absent","Local","Local","Contained","Minor","BreaksPriorLow;CloseInsidePriorRange;CloseInsidePriorBody;DissipationLocal;AcceptanceContained;CompressionLocal"
1733,"2026-05-08 09:25:00",91.67,91.71,91.49,91.51,589,"LLLH","Red","Up",0.1,0.08,0.22,"Up",0.15,0.16,"Up",0.6,0.090909,0.590909,False,False,False,True,"Rising","Local","Absent","Absent","Accepted","Minor","BreaksPriorLow;AcceptanceAccepted"
1734,"2026-05-08 09:30:00",91.53,91.54,91.3,91.39,928,"LLLH","Red","Up",0.3,0.2,0.24,"Up",0.25,0.14,"Down",0.55,0.375,0.208333,False,False,False,True,"Rising","Local","Absent","Absent","Accepted","Minor","BreaksPriorLow;AcceptanceAccepted"
1735,"2026-05-08 09:35:00",91.37,91.58,91.32,91.45,655,"HHHL","Black","Down",0.15,0.1,0.26,"Up",0.3,0.08,"Down",0.4,0.5,0.846154,True,True,True,False,"Falling","Local","Local","Local","Contained","Minor","BreaksPriorHigh;CloseInsidePriorRange;CloseInsidePriorBody;DissipationLocal;AcceptanceContained;CompressionLocal"
1736,"2026-05-08 09:40:00",91.48,91.68,91.46,91.64,517,"HHHL","Black","Down",0.1,0.04,0.22,"Down",0.15,0.16,"Up",0.65,0.818182,0.545455,False,False,True,False,"Falling","Absent","Absent","Local","Accepted","Minor","BreaksPriorHigh;DissipationLocal;AcceptanceAccepted"
1737,"2026-05-08 09:45:00",91.64,91.94,91.62,91.88,1148,"HHHL","Black","Up",0.45,0.36,0.32,"Up",0.4,0.24,"Up",0.8,0.8125,0.1875,False,False,True,False,"Rising","Local","Absent","Absent","Accepted","Minor","BreaksPriorHigh;AcceptanceAccepted"
1738,"2026-05-08 09:50:00",91.89,91.91,91.55,91.59,772,"LLLH","Red","Down",0.3,0.16,0.36,"Up",0.5,0.3,"Up",0.85,0.111111,0.805556,False,False,False,True,"Falling","Local","Absent","Local","Accepted","Minor","BreaksPriorLow;DissipationLocal;AcceptanceAccepted"
1739,"2026-05-08 09:55:00",91.56,91.74,91.55,91.71,399,"InsideBar","Black","Down",0.05,0.02,0.19,"Down",0.1,0.15,"Down",0.5,0.842105,1,True,True,False,False,"Falling","Absent","Clustered","Absent","Unresolved","Minor","CloseInsidePriorRange;CloseInsidePriorBody;CompressionClustered"
1740,"2026-05-08 10:00:00",91.7,91.92,91.66,91.89,801,"HHHL","Black","Up",0.4,0.2,0.26,"Up",0.4,0.19,"Up",0.7,0.884615,0.307692,False,False,True,False,"Rising","Local","Absent","Absent","Accepted","Minor","BreaksPriorHigh;AcceptanceAccepted"
1741,"2026-05-08 10:05:00",91.89,91.92,91.56,91.58,762,"OutsideBar","Red","Down",0.35,0.18,0.36,"Up",0.65,0.31,"Up",0.9,0.055556,0.722222,False,False,False,True,"Falling","Local","Absent","Local","Accepted","Moderate","BreaksPriorLow;DissipationLocal;AcceptanceAccepted"
1742,"2026-05-08 10:10:00",91.58,91.82,91.54,91.75,545,"LLLH","Black","Down",0.2,0.08,0.28,"Down",0.45,0.17,"Down",0.6,0.75,0.928571,True,True,False,True,"Falling","Absent","Clustered","Local","Contained","Minor","BreaksPriorLow;CloseInsidePriorRange;CloseInsidePriorBody;DissipationLocal;AcceptanceContained;CompressionClustered"
1743,"2026-05-08 10:15:00",91.77,91.83,91.57,91.6,429,"HHHL","Red","Down",0.1,0.04,0.26,"Down",0.45,0.17,"Flat",0.6,0.115385,0.961538,True,True,True,False,"Falling","Absent","Clustered","Local","Contained","Minor","BreaksPriorHigh;CloseInsidePriorRange;CloseInsidePriorBody;DissipationLocal;AcceptanceContained;CompressionClustered"
1744,"2026-05-08 10:20:00",91.58,91.58,91.4,91.56,646,"LLLH","Red","Up",0.35,0.18,0.18,"Down",0.05,0.02,"Down",0.15,0.888889,0.055556,False,False,False,True,"Rising","Absent","Absent","Local","Accepted","Minor","BreaksPriorLow;DissipationLocal;AcceptanceAccepted"
1745,"2026-05-08 10:25:00",91.57,91.66,91.34,91.41,895,"OutsideBar","Red","Up",0.7,0.34,0.32,"Up",0.65,0.16,"Up",0.55,0.21875,0.5625,True,False,True,True,"Rising","Local","Local","Absent","Contained","Moderate","BreaksPriorHigh;BreaksPriorLow;CloseInsidePriorRange;AcceptanceContained;CompressionLocal"
1746,"2026-05-08 10:30:00",91.41,91.44,91.07,91.19,781,"LLLH","Red","Down",0.6,0.28,0.37,"Up",0.9,0.22,"Up",0.8,0.324324,0.27027,False,False,False,True,"Falling","Strong","Absent","Local","Accepted","Structural","RangePeak20;BreaksPriorLow;DissipationLocal;AcceptanceAccepted"
1747,"2026-05-08 10:35:00",91.19,91.3,91.11,91.22,815,"InsideBar","Black","Up",0.65,0.32,0.19,"Down",0.2,0.03,"Down",0.25,0.578947,1,True,True,False,False,"Rising","Absent","Clustered","Local","Unresolved","Moderate","CloseInsidePriorRange;CloseInsidePriorBody;DissipationLocal;CompressionClustered"
1748,"2026-05-08 10:40:00",91.22,91.36,91.22,91.35,576,"HHHL","Black","Down",0.3,0.16,0.14,"Down",0.05,0.13,"Up",0.4,0.928571,0.571429,False,False,True,False,"Falling","Absent","Absent","Local","Accepted","Minor","BreaksPriorHigh;DissipationLocal;AcceptanceAccepted"
1749,"2026-05-08 10:45:00",91.34,91.45,91.3,91.43,412,"HHHL","Black","Down",0.1,0.04,0.15,"Up",0.1,0.09,"Down",0.35,0.866667,0.4,False,False,True,False,"Falling","Local","Absent","Local","Accepted","Minor","BreaksPriorHigh;DissipationLocal;AcceptanceAccepted"
1750,"2026-05-08 10:50:00",91.44,91.54,91.35,91.41,668,"HHHL","Red","Up",0.55,0.26,0.19,"Up",0.35,0.03,"Down",0.25,0.315789,0.526316,True,True,True,False,"Rising","Local","Local","Absent","Contained","Minor","BreaksPriorHigh;CloseInsidePriorRange;CloseInsidePriorBody;AcceptanceContained;CompressionLocal"
1751,"2026-05-08 10:55:00",91.41,91.53,91.31,91.31,462,"LLLH","Red","Down",0.25,0.1,0.22,"Up",0.45,0.1,"Up",0.35,0,0.818182,False,False,False,True,"Falling","Local","Absent","Local","Accepted","Minor","BreaksPriorLow;DissipationLocal;AcceptanceAccepted"
1752,"2026-05-08 11:00:00",91.3,91.3,91.12,91.25,745,"LLLH","Red","Up",0.6,0.3,0.18,"Down",0.2,0.05,"Down",0.2,0.722222,0,False,False,False,True,"Rising","Absent","Absent","Local","Accepted","Moderate","BreaksPriorLow;DissipationLocal;AcceptanceAccepted"
1753,"2026-05-08 11:05:00",91.25,91.38,90.35,90.98,3031,"OutsideBar","Red","Up",1,1,1.03,"Up",1,0.27,"Up",0.9,0.61165,0.174757,False,False,True,True,"Climactic","Climactic","Absent","Absent","Accepted","SessionDefining","VolumePeak20;VolumeClimactic50;RangePeak20;RangeClimactic20;BreaksPriorHigh;BreaksPriorLow;AcceptanceAccepted"
1754,"2026-05-08 11:10:00",91,91.12,90.78,91.05,873,"InsideBar","Black","Down",0.85,0.42,0.34,"Down",0.8,0.05,"Down",0.25,0.794118,1,True,True,False,False,"Peak","Strong","Clustered","Absent","Unresolved","Major","VolumePeak20;RangePeak20;CloseInsidePriorRange;CloseInsidePriorBody;CompressionClustered"
1755,"2026-05-08 11:15:00",91.09,91.15,90.92,90.99,543,"HHHL","Red","Down",0.3,0.14,0.23,"Down",0.5,0.1,"Up",0.4,0.304348,0.869565,True,False,True,False,"Falling","Absent","Clustered","Local","Contained","Minor","BreaksPriorHigh;CloseInsidePriorRange;DissipationLocal;AcceptanceContained;CompressionClustered"
1756,"2026-05-08 11:20:00",90.97,91.03,90.77,90.97,626,"LLLH","Neutral","Up",0.4,0.22,0.26,"Up",0.6,0,"Down",0.05,0.769231,0.423077,True,False,False,True,"Rising","Local","Local","Absent","Contained","Moderate","BreaksPriorLow;CloseInsidePriorRange;AcceptanceContained;CompressionLocal"
1757,"2026-05-08 11:25:00",90.99,91.13,90.79,91,844,"HHHL","Black","Up",0.85,0.46,0.34,"Up",0.75,0.01,"Up",0.1,0.617647,0.705882,True,False,True,False,"Peak","Local","Local","Absent","Contained","Major","VolumePeak20;BreaksPriorHigh;CloseInsidePriorRange;AcceptanceContained;CompressionLocal"
1758,"2026-05-08 11:30:00",91.01,91.36,90.96,91.15,6354,"HHHL","Black","Up",1,1,0.4,"Up",0.95,0.14,"Up",0.6,0.475,0.425,False,False,True,False,"Climactic","Climactic","Absent","Absent","Accepted","SessionDefining","VolumePeak20;VolumeClimactic50;RangePeak20;RangeClimactic20;BreaksPriorHigh;AcceptanceAccepted"
1759,"2026-05-11 06:05:00",93.84,93.88,92.83,92.87,2687,"HHHL","Red","Down",0.9,0.96,1.05,"Up",1,0.97,"Up",1,0.038095,0,False,False,True,False,"Climactic","Climactic","Absent","Local","Accepted","SessionDefining","VolumePeak20;VolumeClimactic50;RangePeak20;RangeClimactic20;BreaksPriorHigh;DissipationLocal;AcceptanceAccepted"
1760,"2026-05-11 06:10:00",92.85,92.95,92.35,92.52,1684,"LLLH","Red","Down",0.85,0.82,0.6,"Down",0.9,0.33,"Down",0.95,0.283333,0.2,False,False,False,True,"Peak","Strong","Absent","Local","Accepted","Structural","VolumePeak20;RangePeak20;BreaksPriorLow;DissipationLocal;AcceptanceAccepted"
1761,"2026-05-11 06:15:00",92.53,92.82,92.46,92.55,1263,"InsideBar","Black","Down",0.8,0.74,0.36,"Down",0.75,0.02,"Down",0.2,0.25,1,True,True,False,False,"Peak","Absent","Clustered","Absent","Unresolved","Major","VolumePeak20;CloseInsidePriorRange;CloseInsidePriorBody;CompressionClustered"
1762,"2026-05-11 06:20:00",92.56,92.78,92.4,92.53,787,"LLLH","Red","Down",0.55,0.4,0.38,"Up",0.8,0.03,"Up",0.35,0.342105,0.842105,True,True,False,True,"Falling","Strong","Local","Local","Contained","Major","RangePeak20;BreaksPriorLow;CloseInsidePriorRange;CloseInsidePriorBody;DissipationLocal;AcceptanceContained;CompressionLocal"
1763,"2026-05-11 06:25:00",92.51,92.72,92.4,92.41,886,"InsideBar","Red","Up",0.7,0.54,0.32,"Down",0.55,0.1,"Up",0.65,0.03125,1,True,False,False,False,"Rising","Absent","Clustered","Local","Unresolved","Moderate","CloseInsidePriorRange;DissipationLocal;CompressionClustered"
1764,"2026-05-11 06:30:00",92.42,92.62,92.16,92.61,1244,"LLLH","Black","Up",0.75,0.74,0.46,"Up",0.85,0.19,"Up",0.8,0.978261,0.478261,True,False,False,True,"Rising","Strong","Local","Absent","Contained","Major","RangePeak20;BreaksPriorLow;CloseInsidePriorRange;AcceptanceContained;CompressionLocal"
1765,"2026-05-11 06:35:00",92.6,92.82,92.5,92.77,1099,"HHHL","Black","Down",0.7,0.62,0.32,"Down",0.5,0.17,"Down",0.75,0.84375,0.375,False,False,True,False,"Falling","Absent","Absent","Local","Accepted","Moderate","BreaksPriorHigh;DissipationLocal;AcceptanceAccepted"
1766,"2026-05-11 06:40:00",92.76,93.04,92.6,92.66,1175,"HHHL","Red","Up",0.7,0.68,0.44,"Up",0.8,0.1,"Down",0.65,0.136364,0.5,True,True,True,False,"Rising","Strong","Local","Absent","Contained","Major","RangePeak20;BreaksPriorHigh;CloseInsidePriorRange;CloseInsidePriorBody;AcceptanceContained;CompressionLocal"
1767,"2026-05-11 06:45:00",92.65,92.71,92.21,92.28,2085,"LLLH","Red","Up",0.85,0.9,0.5,"Up",0.85,0.37,"Up",0.95,0.14,0.22,False,False,False,True,"Peak","Strong","Absent","Absent","Accepted","Structural","VolumePeak20;RangePeak20;BreaksPriorLow;AcceptanceAccepted"
1768,"2026-05-11 06:50:00",92.3,92.33,91.89,92.09,2630,"LLLH","Red","Up",0.85,0.94,0.44,"Down",0.7,0.21,"Down",0.8,0.454545,0.272727,False,False,False,True,"Peak","Absent","Absent","Local","Accepted","Structural","VolumePeak20;BreaksPriorLow;DissipationLocal;AcceptanceAccepted"
1769,"2026-05-11 06:55:00",92.07,92.15,91.9,92.01,1536,"InsideBar","Red","Down",0.7,0.78,0.25,"Down",0.25,0.06,"Down",0.4,0.44,1,True,False,False,False,"Falling","Absent","Clustered","Absent","Unresolved","Moderate","CloseInsidePriorRange;CompressionClustered"
1770,"2026-05-11 07:00:00",92.02,92.42,91.98,92.38,1061,"HHHL","Black","Down",0.45,0.6,0.44,"Up",0.7,0.36,"Up",0.9,0.909091,0.386364,False,False,True,False,"Falling","Local","Absent","Local","Accepted","Moderate","BreaksPriorHigh;DissipationLocal;AcceptanceAccepted"
1771,"2026-05-11 07:05:00",92.4,92.7,92.32,92.68,1026,"HHHL","Black","Down",0.4,0.58,0.38,"Down",0.55,0.28,"Down",0.8,0.947368,0.263158,False,False,True,False,"Falling","Absent","Absent","Local","Accepted","Minor","BreaksPriorHigh;DissipationLocal;AcceptanceAccepted"
1772,"2026-05-11 07:10:00",92.68,92.75,92.51,92.71,694,"HHHL","Black","Down",0.15,0.3,0.24,"Down",0.1,0.03,"Down",0.2,0.833333,0.791667,False,False,True,False,"Falling","Absent","Absent","Local","Accepted","Minor","BreaksPriorHigh;DissipationLocal;AcceptanceAccepted"
1773,"2026-05-11 07:15:00",92.7,92.91,92.64,92.73,735,"HHHL","Black","Up",0.2,0.32,0.27,"Up",0.25,0.03,"Up",0.3,0.333333,0.407407,True,False,True,False,"Rising","Local","Local","Absent","Contained","Minor","BreaksPriorHigh;CloseInsidePriorRange;AcceptanceContained;CompressionLocal"
1774,"2026-05-11 07:20:00",92.74,92.75,92.54,92.61,613,"LLLH","Red","Down",0.1,0.22,0.21,"Down",0.05,0.13,"Up",0.55,0.333333,0.52381,False,False,False,True,"Falling","Absent","Absent","Local","Accepted","Minor","BreaksPriorLow;DissipationLocal;AcceptanceAccepted"
1775,"2026-05-11 07:25:00",92.6,92.78,92.5,92.75,642,"OutsideBar","Black","Up",0.15,0.26,0.28,"Up",0.3,0.15,"Up",0.6,0.892857,0.75,True,False,True,True,"Rising","Local","Local","Absent","Contained","Minor","BreaksPriorHigh;BreaksPriorLow;CloseInsidePriorRange;AcceptanceContained;CompressionLocal"
1776,"2026-05-11 07:30:00",92.76,93.08,92.68,93.04,1291,"HHHL","Black","Up",0.7,0.82,0.4,"Up",0.6,0.28,"Up",0.8,0.9,0.25,False,False,True,False,"Rising","Local","Absent","Absent","Accepted","Moderate","BreaksPriorHigh;AcceptanceAccepted"
1777,"2026-05-11 07:35:00",93.04,93.72,92.93,93.28,3158,"HHHL","Black","Up",0.95,0.98,0.79,"Up",0.95,0.24,"Down",0.7,0.443038,0.189873,False,False,True,False,"Climactic","Climactic","Absent","Absent","Accepted","SessionDefining","VolumePeak20;VolumeClimactic50;RangePeak20;RangeClimactic20;BreaksPriorHigh;AcceptanceAccepted"
1778,"2026-05-11 07:40:00",93.27,93.47,93.09,93.18,1347,"InsideBar","Red","Down",0.7,0.8,0.38,"Down",0.5,0.09,"Down",0.3,0.236842,1,True,True,False,False,"Falling","Absent","Clustered","Absent","Unresolved","Moderate","CloseInsidePriorRange;CloseInsidePriorBody;CompressionClustered"
1779,"2026-05-11 07:45:00",93.18,93.19,92.88,92.98,919,"LLLH","Red","Down",0.35,0.62,0.31,"Down",0.3,0.2,"Up",0.65,0.322581,0.322581,False,False,False,True,"Falling","Absent","Absent","Local","Accepted","Minor","BreaksPriorLow;DissipationLocal;AcceptanceAccepted"
1780,"2026-05-11 07:50:00",92.98,93.44,92.9,93.27,1550,"HHHL","Black","Up",0.85,0.86,0.54,"Up",0.95,0.29,"Up",0.9,0.685185,0.537037,False,False,True,False,"Peak","Climactic","Absent","Absent","Accepted","Structural","VolumePeak20;RangePeak20;RangeClimactic20;BreaksPriorHigh;AcceptanceAccepted"
1781,"2026-05-11 07:55:00",93.28,93.45,93.22,93.39,785,"HHHL","Black","Down",0.25,0.46,0.23,"Down",0.1,0.11,"Down",0.4,0.73913,0.956522,True,False,True,False,"Falling","Absent","Clustered","Local","Contained","Minor","BreaksPriorHigh;CloseInsidePriorRange;DissipationLocal;AcceptanceContained;CompressionClustered"
1782,"2026-05-11 08:00:00",93.39,93.51,93.37,93.45,796,"HHHL","Black","Up",0.3,0.48,0.14,"Down",0.05,0.06,"Down",0.2,0.571429,0.571429,True,False,True,False,"Rising","Absent","Local","Local","Contained","Minor","BreaksPriorHigh;CloseInsidePriorRange;DissipationLocal;AcceptanceContained;CompressionLocal"
1783,"2026-05-11 08:05:00",93.43,93.47,93.25,93.45,939,"LLLH","Black","Up",0.4,0.64,0.22,"Up",0.15,0.02,"Down",0.05,0.909091,0.454545,True,True,False,True,"Rising","Local","Local","Absent","Contained","Minor","BreaksPriorLow;CloseInsidePriorRange;CloseInsidePriorBody;AcceptanceContained;CompressionLocal"
1784,"2026-05-11 08:10:00",93.46,93.52,93.21,93.24,660,"OutsideBar","Red","Down",0.15,0.28,0.31,"Up",0.5,0.22,"Up",0.7,0.096774,0.709677,False,False,True,True,"Falling","Local","Absent","Local","Accepted","Minor","BreaksPriorHigh;BreaksPriorLow;DissipationLocal;AcceptanceAccepted"
1785,"2026-05-11 08:15:00",93.24,93.55,93.17,93.51,1166,"OutsideBar","Black","Up",0.6,0.72,0.38,"Up",0.6,0.27,"Up",0.75,0.894737,0.815789,True,False,True,True,"Rising","Local","Local","Absent","Contained","Moderate","BreaksPriorHigh;BreaksPriorLow;CloseInsidePriorRange;AcceptanceContained;CompressionLocal"
1786,"2026-05-11 08:20:00",93.5,93.68,93.12,93.24,1003,"OutsideBar","Red","Down",0.5,0.62,0.56,"Up",0.95,0.26,"Down",0.7,0.214286,0.678571,True,True,True,True,"Falling","Climactic","Local","Local","Contained","Structural","RangePeak20;RangeClimactic20;BreaksPriorHigh;BreaksPriorLow;CloseInsidePriorRange;CloseInsidePriorBody;DissipationLocal;AcceptanceContained;CompressionLocal"
1787,"2026-05-11 08:25:00",93.25,93.26,92.97,93.03,580,"LLLH","Red","Down",0.05,0.16,0.29,"Down",0.45,0.22,"Down",0.65,0.206897,0.482759,False,False,False,True,"Falling","Absent","Absent","Local","Accepted","Minor","BreaksPriorLow;DissipationLocal;AcceptanceAccepted"
1788,"2026-05-11 08:30:00",93.04,93.37,93.02,93.26,969,"HHHL","Black","Up",0.55,0.62,0.35,"Up",0.6,0.22,"Flat",0.65,0.685714,0.685714,True,False,True,False,"Rising","Local","Local","Absent","Contained","Moderate","BreaksPriorHigh;CloseInsidePriorRange;AcceptanceContained;CompressionLocal"
1789,"2026-05-11 08:35:00",93.26,93.34,92.95,93.08,850,"LLLH","Red","Down",0.45,0.5,0.39,"Up",0.75,0.18,"Down",0.45,0.333333,0.820513,True,True,False,True,"Falling","Local","Local","Local","Contained","Moderate","BreaksPriorLow;CloseInsidePriorRange;CloseInsidePriorBody;DissipationLocal;AcceptanceContained;CompressionLocal"
1790,"2026-05-11 08:40:00",93.08,93.44,93.06,93.36,1620,"HHHL","Black","Up",0.95,0.86,0.38,"Down",0.7,0.28,"Up",0.95,0.789474,0.736842,False,False,True,False,"Peak","Absent","Absent","Local","Accepted","Major","VolumePeak20;BreaksPriorHigh;DissipationLocal;AcceptanceAccepted"
1791,"2026-05-11 08:45:00",93.35,93.93,93.29,93.76,1750,"HHHL","Black","Up",0.95,0.88,0.64,"Up",0.95,0.41,"Up",1,0.734375,0.234375,False,False,True,False,"Peak","Climactic","Absent","Absent","Accepted","Structural","VolumePeak20;RangePeak20;RangeClimactic20;BreaksPriorHigh;AcceptanceAccepted"
1792,"2026-05-11 08:50:00",93.74,94.06,93.55,93.6,2462,"HHHL","Red","Up",0.95,0.9,0.51,"Down",0.8,0.14,"Down",0.35,0.098039,0.745098,True,True,True,False,"Peak","Strong","Local","Local","Contained","Structural","VolumePeak20;RangePeak20;BreaksPriorHigh;CloseInsidePriorRange;CloseInsidePriorBody;DissipationLocal;AcceptanceContained;CompressionLocal"
1793,"2026-05-11 08:55:00",93.6,93.8,93.42,93.48,924,"LLLH","Red","Down",0.45,0.52,0.38,"Down",0.65,0.12,"Down",0.25,0.157895,0.657895,False,False,False,True,"Falling","Absent","Absent","Local","Accepted","Moderate","BreaksPriorLow;DissipationLocal;AcceptanceAccepted"
1794,"2026-05-11 09:00:00",93.48,93.67,93.37,93.63,698,"LLLH","Black","Down",0.2,0.24,0.3,"Down",0.3,0.15,"Up",0.35,0.866667,0.833333,True,False,False,True,"Falling","Absent","Clustered","Local","Contained","Minor","BreaksPriorLow;CloseInsidePriorRange;DissipationLocal;AcceptanceContained;CompressionClustered"
1795,"2026-05-11 09:05:00",93.64,93.83,93.61,93.77,1039,"HHHL","Black","Up",0.6,0.6,0.22,"Down",0.15,0.13,"Down",0.3,0.727273,0.272727,False,False,True,False,"Rising","Absent","Absent","Local","Accepted","Moderate","BreaksPriorHigh;DissipationLocal;AcceptanceAccepted"
1796,"2026-05-11 09:10:00",93.77,93.99,93.74,93.99,616,"HHHL","Black","Down",0.1,0.14,0.25,"Up",0.25,0.22,"Up",0.7,1,0.36,False,False,True,False,"Falling","Local","Absent","Local","Accepted","Minor","BreaksPriorHigh;DissipationLocal;AcceptanceAccepted"
1797,"2026-05-11 09:15:00",93.98,94.17,93.93,94.11,1011,"HHHL","Black","Up",0.65,0.56,0.24,"Down",0.25,0.13,"Down",0.35,0.75,0.25,False,False,True,False,"Rising","Absent","Absent","Local","Accepted","Moderate","BreaksPriorHigh;DissipationLocal;AcceptanceAccepted"
1798,"2026-05-11 09:20:00",94.11,94.36,94.08,94.31,1113,"HHHL","Black","Up",0.75,0.64,0.28,"Up",0.35,0.2,"Up",0.55,0.821429,0.321429,False,False,True,False,"Rising","Local","Absent","Absent","Accepted","Moderate","BreaksPriorHigh;AcceptanceAccepted"
1799,"2026-05-11 09:25:00",94.3,94.56,94.27,94.33,1417,"HHHL","Black","Up",0.8,0.76,0.29,"Up",0.45,0.03,"Down",0.1,0.206897,0.310345,True,False,True,False,"Peak","Local","Local","Absent","Contained","Major","VolumePeak20;BreaksPriorHigh;CloseInsidePriorRange;AcceptanceContained;CompressionLocal"
1800,"2026-05-11 09:30:00",94.33,94.53,94.31,94.48,675,"InsideBar","Black","Down",0.2,0.18,0.22,"Down",0.2,0.15,"Up",0.5,0.772727,1,True,False,False,False,"Falling","Absent","Clustered","Absent","Unresolved","Minor","CloseInsidePriorRange;CompressionClustered"
1801,"2026-05-11 09:35:00",94.49,94.59,94.39,94.55,664,"HHHL","Black","Down",0.2,0.16,0.2,"Down",0.1,0.06,"Down",0.2,0.8,0.7,False,False,True,False,"Falling","Absent","Absent","Local","Accepted","Minor","BreaksPriorHigh;DissipationLocal;AcceptanceAccepted"
1802,"2026-05-11 09:40:00",94.55,94.84,94.54,94.69,1299,"HHHL","Black","Up",0.8,0.72,0.3,"Up",0.55,0.14,"Up",0.4,0.5,0.166667,False,False,True,False,"Peak","Local","Absent","Absent","Accepted","Major","VolumePeak20;BreaksPriorHigh;AcceptanceAccepted"
1803,"2026-05-11 09:45:00",94.7,95.6,94.63,95.46,3736,"HHHL","Black","Up",1,0.98,0.97,"Up",1,0.76,"Up",1,0.85567,0.216495,False,False,True,False,"Climactic","Climactic","Absent","Absent","Accepted","SessionDefining","VolumePeak20;VolumeClimactic50;RangePeak20;RangeClimactic20;BreaksPriorHigh;AcceptanceAccepted"
1804,"2026-05-11 09:50:00",95.46,95.52,95.2,95.3,1158,"InsideBar","Red","Down",0.65,0.6,0.32,"Down",0.55,0.16,"Down",0.5,0.3125,1,True,True,False,False,"Falling","Absent","Clustered","Absent","Unresolved","Moderate","CloseInsidePriorRange;CloseInsidePriorBody;CompressionClustered"
1805,"2026-05-11 09:55:00",95.3,95.53,95.17,95.26,1256,"OutsideBar","Red","Up",0.7,0.66,0.36,"Up",0.65,0.04,"Down",0.1,0.25,0.888889,True,False,True,True,"Rising","Local","Local","Absent","Contained","Moderate","BreaksPriorHigh;BreaksPriorLow;CloseInsidePriorRange;AcceptanceContained;CompressionLocal"
1806,"2026-05-11 10:00:00",95.28,95.36,95.01,95.02,889,"LLLH","Red","Down",0.35,0.34,0.35,"Down",0.6,0.26,"Up",0.85,0.028571,0.542857,False,False,False,True,"Falling","Absent","Absent","Local","Accepted","Moderate","BreaksPriorLow;DissipationLocal;AcceptanceAccepted"
1807,"2026-05-11 10:05:00",95.02,95.02,94.58,94.77,1166,"LLLH","Red","Up",0.65,0.6,0.44,"Up",0.85,0.25,"Down",0.8,0.431818,0.022727,False,False,False,True,"Rising","Strong","Absent","Absent","Accepted","Major","RangePeak20;BreaksPriorLow;AcceptanceAccepted"
1808,"2026-05-11 10:10:00",94.8,94.88,94.67,94.72,624,"InsideBar","Red","Down",0.1,0.08,0.21,"Down",0.1,0.08,"Down",0.2,0.238095,1,True,False,False,False,"Falling","Absent","Clustered","Absent","Unresolved","Minor","CloseInsidePriorRange;CompressionClustered"
1809,"2026-05-11 10:15:00",94.72,94.88,94.69,94.72,431,"InsideBar","Neutral","Down",0.05,0.02,0.19,"Down",0.05,0,"Down",0.05,0.157895,1,True,True,False,False,"Falling","Absent","Clustered","Absent","Unresolved","Minor","CloseInsidePriorRange;CloseInsidePriorBody;CompressionClustered"
1810,"2026-05-11 10:20:00",94.71,94.79,94.48,94.68,1073,"LLLH","Red","Up",0.55,0.56,0.31,"Up",0.6,0.03,"Up",0.1,0.645161,0.322581,False,False,False,True,"Rising","Local","Absent","Absent","Accepted","Moderate","BreaksPriorLow;AcceptanceAccepted"
1811,"2026-05-11 10:25:00",94.67,94.67,94.33,94.37,620,"LLLH","Red","Down",0.15,0.1,0.34,"Up",0.7,0.3,"Up",0.95,0.117647,0.558824,False,False,False,True,"Falling","Local","Absent","Local","Accepted","Moderate","BreaksPriorLow;DissipationLocal;AcceptanceAccepted"
1812,"2026-05-11 10:30:00",94.37,94.4,94.16,94.4,746,"LLLH","Black","Up",0.4,0.28,0.24,"Down",0.35,0.03,"Down",0.2,1,0.291667,True,True,False,True,"Rising","Absent","Local","Local","Contained","Minor","BreaksPriorLow;CloseInsidePriorRange;CloseInsidePriorBody;DissipationLocal;AcceptanceContained;CompressionLocal"
1813,"2026-05-11 10:35:00",94.39,94.44,94.06,94.08,714,"OutsideBar","Red","Down",0.4,0.26,0.38,"Up",0.9,0.31,"Up",0.95,0.052632,0.631579,False,False,True,True,"Falling","Strong","Absent","Local","Accepted","Structural","RangePeak20;LowVolumeHighRange;BreaksPriorHigh;BreaksPriorLow;DissipationLocal;AcceptanceAccepted"
1814,"2026-05-11 10:40:00",94.06,94.17,93.89,94.01,865,"LLLH","Red","Up",0.45,0.38,0.28,"Down",0.5,0.05,"Down",0.3,0.428571,0.392857,False,False,False,True,"Rising","Absent","Absent","Local","Accepted","Minor","BreaksPriorLow;DissipationLocal;AcceptanceAccepted"
1815,"2026-05-11 10:45:00",94.02,94.04,93.87,93.94,540,"LLLH","Red","Down",0.1,0.04,0.17,"Down",0.05,0.08,"Up",0.45,0.411765,0.882353,True,False,False,True,"Falling","Absent","Clustered","Local","Contained","Minor","BreaksPriorLow;CloseInsidePriorRange;DissipationLocal;AcceptanceContained;CompressionClustered"
1816,"2026-05-11 10:50:00",93.93,94.13,93.88,94.12,641,"HHHL","Black","Up",0.25,0.16,0.25,"Up",0.4,0.19,"Up",0.7,0.96,0.64,False,False,True,False,"Rising","Local","Absent","Absent","Accepted","Minor","BreaksPriorHigh;AcceptanceAccepted"
1817,"2026-05-11 10:55:00",94.11,94.27,94.04,94.19,646,"HHHL","Black","Up",0.3,0.2,0.23,"Down",0.3,0.08,"Down",0.5,0.652174,0.391304,False,False,True,False,"Rising","Absent","Absent","Local","Accepted","Minor","BreaksPriorHigh;DissipationLocal;AcceptanceAccepted"
1818,"2026-05-11 11:00:00",94.21,94.21,94.08,94.1,391,"InsideBar","Red","Down",0.05,0.02,0.13,"Down",0.05,0.11,"Up",0.55,0.153846,1,True,False,False,False,"Falling","Absent","Clustered","Absent","Unresolved","Minor","CloseInsidePriorRange;CompressionClustered"
1819,"2026-05-11 11:05:00",94.12,94.19,93.58,93.82,1583,"LLLH","Red","Up",0.95,0.9,0.61,"Up",0.95,0.3,"Up",0.9,0.393443,0.180328,False,False,False,True,"Peak","Climactic","Absent","Absent","Accepted","Structural","VolumePeak20;RangePeak20;RangeClimactic20;BreaksPriorLow;AcceptanceAccepted"
1820,"2026-05-11 11:10:00",93.82,93.9,93.66,93.72,794,"InsideBar","Red","Down",0.55,0.42,0.24,"Down",0.4,0.1,"Down",0.5,0.25,1,True,False,False,False,"Falling","Absent","Clustered","Absent","Unresolved","Minor","CloseInsidePriorRange;CompressionClustered"
1821,"2026-05-11 11:15:00",93.71,94.44,93.66,94.31,1657,"OutsideBar","Black","Up",0.95,0.92,0.78,"Up",0.95,0.6,"Up",0.95,0.833333,0.307692,False,False,True,False,"Peak","Climactic","Absent","Absent","Accepted","Structural","VolumePeak20;RangePeak20;RangeClimactic20;BreaksPriorHigh;AcceptanceAccepted"
1822,"2026-05-11 11:20:00",94.3,94.65,94.22,94.54,1573,"HHHL","Black","Down",0.85,0.86,0.43,"Down",0.8,0.24,"Down",0.65,0.744186,0.511628,False,False,True,False,"Peak","Strong","Absent","Local","Accepted","Major","VolumePeak20;RangePeak20;BreaksPriorHigh;DissipationLocal;AcceptanceAccepted"
1823,"2026-05-11 11:25:00",94.52,94.66,94.18,94.31,2017,"OutsideBar","Red","Up",1,0.94,0.48,"Up",0.9,0.21,"Down",0.65,0.270833,0.895833,True,True,True,True,"Peak","Strong","Local","Absent","Contained","Structural","VolumePeak20;RangePeak20;BreaksPriorHigh;BreaksPriorLow;CloseInsidePriorRange;CloseInsidePriorBody;AcceptanceContained;CompressionLocal"
1824,"2026-05-11 11:30:00",94.32,94.33,93.74,93.83,5845,"LLLH","Red","Up",1,1,0.59,"Up",0.9,0.49,"Up",0.95,0.152542,0.254237,False,False,False,True,"Climactic","Strong","Absent","Absent","Accepted","Structural","VolumePeak20;VolumeClimactic50;RangePeak20;BreaksPriorLow;AcceptanceAccepted"
1825,"2026-05-12 06:05:00",96.52,97.13,96.43,97.06,1978,"HHHL","Black","Down",0.9,0.9,0.7,"Up",0.95,0.54,"Up",0.95,0.9,0,False,False,True,False,"Peak","Climactic","Absent","Local","Accepted","Structural","VolumePeak20;RangePeak20;RangeClimactic20;BreaksPriorHigh;DissipationLocal;AcceptanceAccepted"
1826,"2026-05-12 06:10:00",97.04,97.25,96.89,97.06,1139,"HHHL","Black","Down",0.65,0.62,0.36,"Down",0.6,0.02,"Down",0.1,0.472222,0.666667,True,True,True,False,"Falling","Absent","Local","Local","Contained","Moderate","BreaksPriorHigh;CloseInsidePriorRange;CloseInsidePriorBody;DissipationLocal;AcceptanceContained;CompressionLocal"
1827,"2026-05-12 06:15:00",97.05,97.16,96.98,97.02,480,"InsideBar","Red","Down",0.15,0.06,0.18,"Down",0.15,0.03,"Up",0.25,0.222222,1,True,False,False,False,"Falling","Absent","Clustered","Absent","Unresolved","Minor","CloseInsidePriorRange;CompressionClustered"
1828,"2026-05-12 06:20:00",97.05,97.11,96.96,97.04,394,"LLLH","Red","Down",0.1,0.04,0.15,"Down",0.1,0.01,"Down",0.1,0.533333,0.866667,True,True,False,True,"Falling","Absent","Clustered","Local","Contained","Minor","BreaksPriorLow;CloseInsidePriorRange;CloseInsidePriorBody;DissipationLocal;AcceptanceContained;CompressionClustered"
1829,"2026-05-12 06:25:00",97.03,97.17,96.98,97.14,625,"HHHL","Black","Up",0.3,0.2,0.19,"Up",0.25,0.11,"Up",0.55,0.842105,0.684211,False,False,True,False,"Rising","Local","Absent","Absent","Accepted","Minor","BreaksPriorHigh;AcceptanceAccepted"
1830,"2026-05-12 06:30:00",97.15,97.44,97.09,97.41,633,"HHHL","Black","Up",0.35,0.22,0.35,"Up",0.6,0.26,"Up",0.7,0.914286,0.228571,False,False,True,False,"Rising","Local","Absent","Absent","Accepted","Moderate","BreaksPriorHigh;AcceptanceAccepted"
1831,"2026-05-12 06:35:00",97.43,97.67,97.28,97.5,1248,"HHHL","Black","Up",0.7,0.74,0.39,"Up",0.7,0.07,"Down",0.3,0.564103,0.410256,False,False,True,False,"Rising","Local","Absent","Absent","Accepted","Moderate","BreaksPriorHigh;AcceptanceAccepted"
1832,"2026-05-12 06:40:00",97.51,97.89,97.23,97.28,1776,"OutsideBar","Red","Up",0.85,0.9,0.66,"Up",0.9,0.23,"Up",0.65,0.075758,0.590909,True,False,True,True,"Peak","Strong","Local","Absent","Contained","Structural","VolumePeak20;RangePeak20;BreaksPriorHigh;BreaksPriorLow;CloseInsidePriorRange;AcceptanceContained;CompressionLocal"
1833,"2026-05-12 06:45:00",97.28,97.33,97.05,97.28,982,"LLLH","Neutral","Down",0.55,0.52,0.28,"Down",0.5,0,"Down",0.05,0.821429,0.357143,True,True,False,True,"Falling","Absent","Local","Local","Contained","Minor","BreaksPriorLow;CloseInsidePriorRange;CloseInsidePriorBody;DissipationLocal;AcceptanceContained;CompressionLocal"
1834,"2026-05-12 06:50:00",97.27,97.4,97.15,97.35,650,"HHHL","Black","Down",0.45,0.28,0.25,"Down",0.45,0.08,"Up",0.4,0.8,0.72,False,False,True,False,"Falling","Absent","Absent","Local","Accepted","Minor","BreaksPriorHigh;DissipationLocal;AcceptanceAccepted"
1835,"2026-05-12 06:55:00",97.36,97.52,97.3,97.48,462,"HHHL","Black","Down",0.15,0.08,0.22,"Down",0.25,0.12,"Up",0.55,0.818182,0.454545,False,False,True,False,"Falling","Absent","Absent","Local","Accepted","Minor","BreaksPriorHigh;DissipationLocal;AcceptanceAccepted"
1836,"2026-05-12 07:00:00",97.5,97.6,97.42,97.53,621,"HHHL","Black","Up",0.25,0.2,0.18,"Down",0.2,0.03,"Down",0.25,0.611111,0.555556,False,False,True,False,"Rising","Absent","Absent","Local","Accepted","Minor","BreaksPriorHigh;DissipationLocal;AcceptanceAccepted"
1837,"2026-05-12 07:05:00",97.53,97.57,97.22,97.35,990,"LLLH","Red","Up",0.55,0.56,0.35,"Up",0.55,0.18,"Up",0.6,0.371429,0.428571,False,False,False,True,"Rising","Local","Absent","Absent","Accepted","Minor","BreaksPriorLow;AcceptanceAccepted"
1838,"2026-05-12 07:10:00",97.37,97.55,97.23,97.39,605,"InsideBar","Black","Down",0.2,0.14,0.32,"Down",0.45,0.02,"Down",0.2,0.5,1,True,True,False,False,"Falling","Absent","Clustered","Absent","Unresolved","Minor","CloseInsidePriorRange;CloseInsidePriorBody;CompressionClustered"
1839,"2026-05-12 07:15:00",97.41,97.52,97.14,97.22,635,"LLLH","Red","Up",0.4,0.28,0.38,"Up",0.65,0.19,"Up",0.65,0.210526,0.763158,False,False,False,True,"Rising","Local","Absent","Absent","Accepted","Moderate","BreaksPriorLow;AcceptanceAccepted"
1840,"2026-05-12 07:20:00",97.23,97.46,97.14,97.33,814,"InsideBar","Black","Up",0.5,0.48,0.32,"Down",0.45,0.1,"Down",0.45,0.59375,1,True,True,False,False,"Rising","Absent","Clustered","Local","Unresolved","Minor","CloseInsidePriorRange;CloseInsidePriorBody;DissipationLocal;CompressionClustered"
1841,"2026-05-12 07:25:00",97.34,97.45,97.19,97.42,996,"InsideBar","Black","Up",0.65,0.6,0.26,"Down",0.35,0.08,"Down",0.45,0.884615,1,True,False,False,False,"Rising","Absent","Clustered","Local","Unresolved","Moderate","CloseInsidePriorRange;DissipationLocal;CompressionClustered"
1842,"2026-05-12 07:30:00",97.42,97.74,97.31,97.73,1024,"HHHL","Black","Up",0.7,0.64,0.43,"Up",0.8,0.31,"Up",0.9,0.976744,0.325581,False,False,True,False,"Rising","Strong","Absent","Absent","Accepted","Major","RangePeak20;BreaksPriorHigh;AcceptanceAccepted"
1843,"2026-05-12 07:35:00",97.7,97.94,97.66,97.68,1545,"HHHL","Red","Up",0.85,0.84,0.28,"Down",0.45,0.02,"Down",0.25,0.071429,0.285714,True,True,True,False,"Peak","Absent","Local","Local","Contained","Major","VolumePeak20;BreaksPriorHigh;CloseInsidePriorRange;CloseInsidePriorBody;DissipationLocal;AcceptanceContained;CompressionLocal"
1844,"2026-05-12 07:40:00",97.68,97.79,97.59,97.6,600,"LLLH","Red","Down",0.2,0.14,0.2,"Down",0.25,0.08,"Up",0.55,0.05,0.65,False,False,False,True,"Falling","Absent","Absent","Local","Accepted","Minor","BreaksPriorLow;DissipationLocal;AcceptanceAccepted"
1845,"2026-05-12 07:45:00",97.6,97.64,97.26,97.3,1042,"LLLH","Red","Up",0.8,0.64,0.38,"Up",0.85,0.3,"Up",0.95,0.105263,0.131579,False,False,False,True,"Peak","Strong","Absent","Absent","Accepted","Major","VolumePeak20;RangePeak20;BreaksPriorLow;AcceptanceAccepted"
1846,"2026-05-12 07:50:00",97.31,97.53,97.26,97.5,835,"InsideBar","Black","Down",0.6,0.48,0.27,"Down",0.45,0.19,"Down",0.8,0.888889,1,True,True,False,False,"Falling","Absent","Clustered","Absent","Unresolved","Moderate","CloseInsidePriorRange;CloseInsidePriorBody;CompressionClustered"
1847,"2026-05-12 07:55:00",97.51,97.74,97.48,97.67,847,"HHHL","Black","Up",0.6,0.5,0.26,"Down",0.35,0.16,"Down",0.65,0.730769,0.192308,False,False,True,False,"Rising","Absent","Absent","Local","Accepted","Moderate","BreaksPriorHigh;DissipationLocal;AcceptanceAccepted"
1848,"2026-05-12 08:00:00",97.68,97.83,97.66,97.7,901,"HHHL","Black","Up",0.6,0.56,0.17,"Down",0.05,0.02,"Down",0.2,0.235294,0.470588,True,False,True,False,"Rising","Absent","Local","Local","Contained","Moderate","BreaksPriorHigh;CloseInsidePriorRange;DissipationLocal;AcceptanceContained;CompressionLocal"
1849,"2026-05-12 08:05:00",97.7,97.91,97.62,97.8,776,"OutsideBar","Black","Down",0.4,0.44,0.29,"Up",0.55,0.1,"Up",0.55,0.62069,0.586207,True,False,True,True,"Falling","Local","Local","Local","Contained","Minor","BreaksPriorHigh;BreaksPriorLow;CloseInsidePriorRange;DissipationLocal;AcceptanceContained;CompressionLocal"
1850,"2026-05-12 08:10:00",97.8,97.95,97.43,97.43,1237,"OutsideBar","Red","Up",0.85,0.76,0.52,"Up",0.95,0.37,"Up",1,0,0.557692,False,False,True,True,"Peak","Climactic","Absent","Absent","Accepted","Structural","VolumePeak20;RangePeak20;RangeClimactic20;BreaksPriorHigh;BreaksPriorLow;AcceptanceAccepted"
1851,"2026-05-12 08:15:00",97.43,97.58,97.35,97.56,876,"LLLH","Black","Down",0.55,0.52,0.23,"Down",0.25,0.13,"Down",0.6,0.913043,0.652174,True,True,False,True,"Falling","Absent","Local","Local","Contained","Minor","BreaksPriorLow;CloseInsidePriorRange;CloseInsidePriorBody;DissipationLocal;AcceptanceContained;CompressionLocal"
1852,"2026-05-12 08:20:00",97.58,97.72,97.49,97.55,587,"HHHL","Red","Down",0.1,0.14,0.23,"Flat",0.3,0.03,"Down",0.3,0.26087,0.391304,True,True,True,False,"Falling","Absent","Local","Local","Contained","Minor","BreaksPriorHigh;CloseInsidePriorRange;CloseInsidePriorBody;DissipationLocal;AcceptanceContained;CompressionLocal"
1853,"2026-05-12 08:25:00",97.56,97.96,97.51,97.94,936,"HHHL","Black","Up",0.7,0.6,0.45,"Up",0.95,0.38,"Up",1,0.955556,0.466667,False,False,True,False,"Rising","Climactic","Absent","Absent","Accepted","Structural","RangePeak20;RangeClimactic20;BreaksPriorHigh;AcceptanceAccepted"
1854,"2026-05-12 08:30:00",97.94,98,97.64,97.68,1176,"HHHL","Red","Up",0.9,0.78,0.36,"Down",0.75,0.26,"Down",0.8,0.111111,0.888889,True,True,True,False,"Peak","Absent","Clustered","Local","Contained","Major","VolumePeak20;BreaksPriorHigh;CloseInsidePriorRange;CloseInsidePriorBody;DissipationLocal;AcceptanceContained;CompressionClustered"
1855,"2026-05-12 08:35:00",97.67,97.71,97.25,97.29,1443,"LLLH","Red","Up",0.95,0.84,0.46,"Up",0.95,0.38,"Up",1,0.086957,0.152174,False,False,False,True,"Peak","Climactic","Absent","Absent","Accepted","Structural","VolumePeak20;RangePeak20;RangeClimactic20;BreaksPriorLow;AcceptanceAccepted"
1856,"2026-05-12 08:40:00",97.3,97.49,97.2,97.3,1073,"LLLH","Neutral","Down",0.8,0.72,0.29,"Down",0.5,0,"Down",0.05,0.344828,0.827586,True,True,False,True,"Peak","Absent","Clustered","Local","Contained","Major","VolumePeak20;BreaksPriorLow;CloseInsidePriorRange;CloseInsidePriorBody;DissipationLocal;AcceptanceContained;CompressionClustered"
1857,"2026-05-12 08:45:00",97.31,97.31,96.97,97.04,754,"LLLH","Red","Down",0.25,0.42,0.34,"Up",0.65,0.27,"Up",0.75,0.205882,0.323529,False,False,False,True,"Falling","Local","Absent","Local","Accepted","Moderate","BreaksPriorLow;DissipationLocal;AcceptanceAccepted"
1858,"2026-05-12 08:50:00",97.04,97.28,96.92,97.21,776,"LLLH","Black","Up",0.3,0.44,0.36,"Up",0.7,0.17,"Down",0.55,0.805556,0.861111,True,True,False,True,"Rising","Local","Local","Absent","Contained","Moderate","BreaksPriorLow;CloseInsidePriorRange;CloseInsidePriorBody;AcceptanceContained;CompressionLocal"
1859,"2026-05-12 08:55:00",97.23,97.41,97.14,97.15,680,"HHHL","Red","Down",0.15,0.34,0.27,"Down",0.4,0.08,"Down",0.3,0.037037,0.518519,True,True,True,False,"Falling","Absent","Local","Local","Contained","Minor","BreaksPriorHigh;CloseInsidePriorRange;CloseInsidePriorBody;DissipationLocal;AcceptanceContained;CompressionLocal"
1860,"2026-05-12 09:00:00",97.18,97.32,97.18,97.26,443,"InsideBar","Black","Down",0.05,0.06,0.14,"Down",0.05,0.08,"Flat",0.35,0.571429,1,True,False,False,False,"Falling","Absent","Clustered","Absent","Unresolved","Minor","CloseInsidePriorRange;CompressionClustered"
1861,"2026-05-12 09:05:00",97.24,97.44,97.23,97.24,759,"HHHL","Neutral","Up",0.3,0.42,0.21,"Up",0.2,0,"Down",0.1,0.047619,0.428571,True,True,True,False,"Rising","Local","Local","Absent","Contained","Minor","BreaksPriorHigh;CloseInsidePriorRange;CloseInsidePriorBody;AcceptanceContained;CompressionLocal"
1862,"2026-05-12 09:10:00",97.23,97.4,97.21,97.33,421,"LLLH","Black","Down",0.05,0.06,0.19,"Down",0.15,0.1,"Up",0.5,0.631579,0.894737,True,False,False,True,"Falling","Absent","Clustered","Local","Contained","Minor","BreaksPriorLow;CloseInsidePriorRange;DissipationLocal;AcceptanceContained;CompressionClustered"
1863,"2026-05-12 09:15:00",97.33,97.34,97.01,97.04,505,"LLLH","Red","Up",0.15,0.14,0.33,"Up",0.65,0.29,"Up",0.8,0.090909,0.393939,False,False,False,True,"Rising","Local","Absent","Absent","Accepted","Moderate","BreaksPriorLow;AcceptanceAccepted"
1864,"2026-05-12 09:20:00",97.05,97.15,96.98,97.1,552,"LLLH","Black","Up",0.2,0.18,0.17,"Down",0.15,0.05,"Down",0.25,0.705882,0.823529,True,True,False,True,"Rising","Absent","Clustered","Local","Contained","Minor","BreaksPriorLow;CloseInsidePriorRange;CloseInsidePriorBody;DissipationLocal;AcceptanceContained;CompressionClustered"
1865,"2026-05-12 09:25:00",97.1,97.37,97.09,97.31,514,"HHHL","Black","Down",0.2,0.16,0.28,"Up",0.55,0.21,"Up",0.7,0.785714,0.214286,False,False,True,False,"Falling","Local","Absent","Local","Accepted","Minor","BreaksPriorHigh;DissipationLocal;AcceptanceAccepted"
1866,"2026-05-12 09:30:00",97.29,97.51,97.28,97.47,597,"HHHL","Black","Up",0.35,0.22,0.23,"Down",0.4,0.18,"Down",0.65,0.826087,0.391304,False,False,True,False,"Rising","Absent","Absent","Local","Accepted","Minor","BreaksPriorHigh;DissipationLocal;AcceptanceAccepted"
1867,"2026-05-12 09:35:00",97.46,97.68,97.41,97.59,828,"HHHL","Black","Up",0.65,0.52,0.27,"Up",0.5,0.13,"Down",0.55,0.666667,0.37037,False,False,True,False,"Rising","Local","Absent","Absent","Accepted","Moderate","BreaksPriorHigh;AcceptanceAccepted"
1868,"2026-05-12 09:40:00",97.59,97.69,97.51,97.62,780,"HHHL","Black","Down",0.65,0.46,0.18,"Down",0.15,0.03,"Down",0.2,0.611111,0.944444,True,False,True,False,"Falling","Absent","Clustered","Local","Contained","Moderate","BreaksPriorHigh;CloseInsidePriorRange;DissipationLocal;AcceptanceContained;CompressionClustered"
1869,"2026-05-12 09:45:00",97.61,97.73,97.55,97.66,500,"HHHL","Black","Down",0.15,0.12,0.18,"Up",0.2,0.05,"Up",0.3,0.611111,0.777778,True,False,True,False,"Falling","Local","Local","Local","Contained","Minor","BreaksPriorHigh;CloseInsidePriorRange;DissipationLocal;AcceptanceContained;CompressionLocal"
1870,"2026-05-12 09:50:00",97.66,97.69,97.54,97.6,840,"LLLH","Red","Up",0.75,0.56,0.15,"Down",0.1,0.06,"Up",0.35,0.4,0.933333,True,False,False,True,"Rising","Absent","Clustered","Local","Contained","Moderate","BreaksPriorLow;CloseInsidePriorRange;DissipationLocal;AcceptanceContained;CompressionClustered"
1871,"2026-05-12 09:55:00",97.61,97.7,97.52,97.57,804,"OutsideBar","Red","Down",0.7,0.5,0.18,"Up",0.3,0.04,"Down",0.25,0.277778,0.833333,True,False,True,True,"Falling","Local","Local","Local","Contained","Moderate","BreaksPriorHigh;BreaksPriorLow;CloseInsidePriorRange;DissipationLocal;AcceptanceContained;CompressionLocal"
1872,"2026-05-12 10:00:00",97.56,97.59,97.37,97.4,488,"LLLH","Red","Down",0.15,0.12,0.22,"Up",0.45,0.16,"Up",0.6,0.136364,0.318182,False,False,False,True,"Falling","Local","Absent","Local","Accepted","Minor","BreaksPriorLow;DissipationLocal;AcceptanceAccepted"
1873,"2026-05-12 10:05:00",97.39,97.39,97.14,97.22,634,"LLLH","Red","Up",0.45,0.36,0.25,"Up",0.55,0.17,"Up",0.7,0.32,0.08,False,False,False,True,"Rising","Local","Absent","Absent","Accepted","Minor","BreaksPriorLow;AcceptanceAccepted"
1874,"2026-05-12 10:10:00",97.2,97.25,97.11,97.18,343,"LLLH","Red","Down",0.05,0.02,0.14,"Down",0.1,0.02,"Down",0.15,0.5,0.785714,True,False,False,True,"Falling","Absent","Local","Local","Contained","Minor","BreaksPriorLow;CloseInsidePriorRange;DissipationLocal;AcceptanceContained;CompressionLocal"
1875,"2026-05-12 10:15:00",97.17,97.37,97.11,97.32,678,"OutsideBar","Black","Up",0.55,0.44,0.26,"Up",0.65,0.15,"Up",0.65,0.807692,0.538462,False,False,True,False,"Rising","Local","Absent","Absent","Accepted","Moderate","BreaksPriorHigh;AcceptanceAccepted"
1876,"2026-05-12 10:20:00",97.32,97.32,97.02,97.03,690,"LLLH","Red","Up",0.65,0.48,0.3,"Up",0.85,0.29,"Up",1,0.033333,0.7,False,False,False,True,"Rising","Strong","Absent","Absent","Accepted","Major","RangePeak20;BreaksPriorLow;AcceptanceAccepted"
1877,"2026-05-12 10:25:00",97.04,97.21,97,97.14,510,"LLLH","Black","Down",0.35,0.18,0.21,"Down",0.5,0.1,"Down",0.55,0.666667,0.904762,True,True,False,True,"Falling","Absent","Clustered","Local","Contained","Minor","BreaksPriorLow;CloseInsidePriorRange;CloseInsidePriorBody;DissipationLocal;AcceptanceContained;CompressionClustered"
1878,"2026-05-12 10:30:00",97.13,97.16,97.02,97.12,384,"InsideBar","Red","Down",0.1,0.04,0.14,"Down",0.15,0.01,"Down",0.1,0.714286,1,True,True,False,False,"Falling","Absent","Clustered","Absent","Unresolved","Minor","CloseInsidePriorRange;CloseInsidePriorBody;CompressionClustered"
1879,"2026-05-12 10:35:00",97.11,97.27,97.09,97.2,494,"HHHL","Black","Up",0.3,0.14,0.18,"Up",0.35,0.09,"Up",0.5,0.611111,0.388889,False,False,True,False,"Rising","Local","Absent","Absent","Accepted","Minor","BreaksPriorHigh;AcceptanceAccepted"
1880,"2026-05-12 10:40:00",97.2,97.22,96.99,97.07,491,"LLLH","Red","Down",0.25,0.14,0.23,"Up",0.7,0.13,"Up",0.65,0.347826,0.565217,False,False,False,True,"Falling","Local","Absent","Local","Accepted","Moderate","BreaksPriorLow;DissipationLocal;AcceptanceAccepted"
1881,"2026-05-12 10:45:00",97.04,97.3,97.04,97.25,427,"HHHL","Black","Down",0.2,0.08,0.26,"Up",0.75,0.21,"Up",0.85,0.807692,0.692308,False,False,True,False,"Falling","Local","Absent","Local","Accepted","Moderate","BreaksPriorHigh;DissipationLocal;AcceptanceAccepted"
1882,"2026-05-12 10:50:00",97.24,97.45,97.24,97.39,613,"HHHL","Black","Up",0.65,0.38,0.21,"Down",0.5,0.15,"Down",0.65,0.714286,0.285714,False,False,True,False,"Rising","Absent","Absent","Local","Accepted","Moderate","BreaksPriorHigh;DissipationLocal;AcceptanceAccepted"
1883,"2026-05-12 10:55:00",97.38,97.42,97.14,97.2,772,"LLLH","Red","Up",0.8,0.58,0.28,"Up",0.95,0.18,"Up",0.85,0.214286,0.642857,False,False,False,True,"Peak","Climactic","Absent","Absent","Accepted","Structural","VolumePeak20;RangePeak20;RangeClimactic20;BreaksPriorLow;AcceptanceAccepted"
1884,"2026-05-12 11:00:00",97.18,97.48,97.18,97.45,699,"HHHL","Black","Down",0.75,0.52,0.3,"Up",1,0.27,"Up",0.95,0.9,0.8,False,False,True,False,"Falling","Climactic","Absent","Local","Accepted","Structural","RangePeak20;RangeClimactic20;BreaksPriorHigh;DissipationLocal;AcceptanceAccepted"
1885,"2026-05-12 11:05:00",97.45,97.82,97.29,97.55,1597,"HHHL","Black","Up",1,1,0.53,"Up",1,0.1,"Down",0.45,0.490566,0.358491,False,False,True,False,"Climactic","Climactic","Absent","Absent","Accepted","SessionDefining","VolumePeak20;VolumeClimactic50;RangePeak20;RangeClimactic20;BreaksPriorHigh;AcceptanceAccepted"
1886,"2026-05-12 11:10:00",97.56,97.86,97.54,97.8,983,"HHHL","Black","Down",0.95,0.8,0.32,"Down",0.95,0.24,"Up",0.9,0.8125,0.875,True,False,True,False,"Peak","Climactic","Clustered","Local","Contained","Structural","VolumePeak20;RangePeak20;RangeClimactic20;BreaksPriorHigh;CloseInsidePriorRange;DissipationLocal;AcceptanceContained;CompressionClustered"
1887,"2026-05-12 11:15:00",97.79,98.42,97.77,98.06,2001,"HHHL","Black","Up",1,1,0.65,"Up",1,0.27,"Up",0.95,0.446154,0.138462,False,False,True,False,"Climactic","Climactic","Absent","Absent","Accepted","SessionDefining","VolumePeak20;VolumeClimactic50;RangePeak20;RangeClimactic20;BreaksPriorHigh;AcceptanceAccepted"
1888,"2026-05-12 11:20:00",98.06,98.11,97.78,97.84,1022,"InsideBar","Red","Down",0.9,0.82,0.33,"Down",0.9,0.22,"Down",0.8,0.181818,1,True,True,False,False,"Peak","Strong","Clustered","Absent","Unresolved","Structural","VolumePeak20;RangePeak20;CloseInsidePriorRange;CloseInsidePriorBody;CompressionClustered"
1889,"2026-05-12 11:25:00",97.86,98.02,97.74,97.86,1124,"LLLH","Neutral","Up",0.9,0.88,0.28,"Down",0.7,0,"Down",0.05,0.428571,0.857143,True,True,False,True,"Peak","Absent","Clustered","Local","Contained","Major","VolumePeak20;BreaksPriorLow;CloseInsidePriorRange;CloseInsidePriorBody;DissipationLocal;AcceptanceContained;CompressionClustered"
1890,"2026-05-12 11:30:00",97.85,98.07,97.71,98.06,7253,"OutsideBar","Black","Up",1,1,0.36,"Up",0.9,0.21,"Up",0.75,0.972222,0.777778,False,False,True,True,"Climactic","Strong","Absent","Absent","Accepted","Structural","VolumePeak20;VolumeClimactic50;RangePeak20;BreaksPriorHigh;BreaksPriorLow;AcceptanceAccepted"
1891,"2026-05-13 06:05:00",98.09,98.09,97.79,97.91,1080,"HHHL","Red","Down",0.8,0.84,0.3,"Down",0.75,0.18,"Down",0.65,0.4,0.933333,True,True,True,False,"Peak","Absent","Clustered","Local","Contained","Major","VolumePeak20;BreaksPriorHigh;CloseInsidePriorRange;CloseInsidePriorBody;DissipationLocal;AcceptanceContained;CompressionClustered"
1892,"2026-05-13 06:10:00",97.89,97.99,97.82,97.97,651,"InsideBar","Black","Down",0.45,0.38,0.17,"Down",0.15,0.08,"Down",0.2,0.882353,1,True,True,False,False,"Falling","Absent","Clustered","Absent","Unresolved","Minor","CloseInsidePriorRange;CloseInsidePriorBody;CompressionClustered"
1893,"2026-05-13 06:15:00",97.98,98.09,97.95,98.09,236,"HHHL","Black","Down",0.05,0.02,0.14,"Down",0.15,0.11,"Up",0.4,1,0.285714,False,False,True,False,"Falling","Absent","Absent","Local","Accepted","Minor","BreaksPriorHigh;DissipationLocal;AcceptanceAccepted"
1894,"2026-05-14 06:05:00",96.11,96.39,96.11,96.31,982,"LLLH","Black","Up",0.65,0.76,0.28,"Up",0.6,0.2,"Up",0.65,0.714286,0,False,False,False,True,"Rising","Local","Absent","Absent","Accepted","Moderate","BreaksPriorLow;AcceptanceAccepted"
1895,"2026-05-14 06:10:00",96.3,96.58,96.25,96.27,1177,"HHHL","Red","Up",0.85,0.9,0.33,"Up",0.85,0.03,"Down",0.15,0.060606,0.424242,True,True,True,False,"Peak","Strong","Local","Absent","Contained","Structural","VolumePeak20;RangePeak20;BreaksPriorHigh;CloseInsidePriorRange;CloseInsidePriorBody;AcceptanceContained;CompressionLocal"
1896,"2026-05-14 06:15:00",96.28,96.53,96.21,96.41,413,"LLLH","Black","Down",0.15,0.08,0.32,"Down",0.75,0.13,"Up",0.45,0.625,0.875,True,False,False,True,"Falling","Absent","Clustered","Local","Contained","Moderate","BreaksPriorLow;CloseInsidePriorRange;DissipationLocal;AcceptanceContained;CompressionClustered"
1897,"2026-05-14 06:20:00",96.41,96.43,96.26,96.39,332,"InsideBar","Red","Down",0.1,0.04,0.17,"Down",0.2,0.02,"Down",0.15,0.764706,1,True,True,False,False,"Falling","Absent","Clustered","Absent","Unresolved","Minor","CloseInsidePriorRange;CloseInsidePriorBody;CompressionClustered"
1898,"2026-05-14 06:25:00",96.38,96.47,96.22,96.24,355,"OutsideBar","Red","Up",0.15,0.08,0.25,"Up",0.35,0.14,"Up",0.5,0.08,0.68,False,False,True,True,"Rising","Local","Absent","Absent","Accepted","Minor","BreaksPriorHigh;BreaksPriorLow;AcceptanceAccepted"
1899,"2026-05-14 06:30:00",96.25,96.3,96.13,96.28,385,"LLLH","Black","Up",0.2,0.12,0.17,"Down",0.2,0.03,"Down",0.2,0.882353,0.470588,True,True,False,True,"Rising","Absent","Local","Local","Contained","Minor","BreaksPriorLow;CloseInsidePriorRange;CloseInsidePriorBody;DissipationLocal;AcceptanceContained;CompressionLocal"
1900,"2026-05-14 06:35:00",96.31,96.52,96.27,96.45,711,"HHHL","Black","Up",0.5,0.56,0.25,"Up",0.35,0.14,"Up",0.5,0.72,0.12,False,False,True,False,"Rising","Local","Absent","Absent","Accepted","Minor","BreaksPriorHigh;AcceptanceAccepted"
1901,"2026-05-14 06:40:00",96.46,96.83,96.43,96.77,775,"HHHL","Black","Up",0.55,0.64,0.4,"Up",0.9,0.31,"Up",1,0.85,0.225,False,False,True,False,"Rising","Strong","Absent","Absent","Accepted","Structural","RangePeak20;BreaksPriorHigh;AcceptanceAccepted"
1902,"2026-05-14 06:45:00",96.78,96.94,96.64,96.81,798,"HHHL","Black","Up",0.55,0.68,0.3,"Down",0.6,0.03,"Down",0.25,0.566667,0.633333,True,False,True,False,"Rising","Absent","Local","Local","Contained","Moderate","BreaksPriorHigh;CloseInsidePriorRange;DissipationLocal;AcceptanceContained;CompressionLocal"
1903,"2026-05-14 06:50:00",96.81,97.01,96.13,96.57,1226,"OutsideBar","Red","Up",0.85,0.92,0.88,"Up",1,0.24,"Up",0.85,0.5,0.340909,False,False,True,True,"Peak","Climactic","Absent","Absent","Accepted","Structural","VolumePeak20;RangePeak20;RangeClimactic20;BreaksPriorHigh;BreaksPriorLow;AcceptanceAccepted"
1904,"2026-05-14 06:55:00",96.59,96.77,96.33,96.55,1039,"InsideBar","Red","Down",0.65,0.82,0.44,"Down",0.85,0.04,"Down",0.3,0.5,1,True,False,False,False,"Falling","Strong","Clustered","Absent","Unresolved","Major","RangePeak20;CloseInsidePriorRange;CompressionClustered"
1905,"2026-05-14 07:00:00",96.56,96.8,96.54,96.78,533,"HHHL","Black","Down",0.3,0.36,0.26,"Down",0.35,0.22,"Up",0.8,0.923077,0.884615,False,False,True,False,"Falling","Absent","Clustered","Local","Accepted","Minor","BreaksPriorHigh;DissipationLocal;AcceptanceAccepted;CompressionClustered"
1906,"2026-05-14 07:05:00",96.8,96.81,96.63,96.75,321,"HHHL","Red","Down",0.1,0.04,0.18,"Down",0.25,0.05,"Down",0.35,0.666667,0.944444,True,True,True,False,"Falling","Absent","Clustered","Local","Contained","Minor","BreaksPriorHigh;CloseInsidePriorRange;CloseInsidePriorBody;DissipationLocal;AcceptanceContained;CompressionClustered"
1907,"2026-05-14 07:10:00",96.73,97.01,96.71,96.89,639,"HHHL","Black","Up",0.4,0.48,0.3,"Up",0.65,0.16,"Up",0.65,0.6,0.333333,False,False,True,False,"Rising","Local","Absent","Absent","Accepted","Moderate","BreaksPriorHigh;AcceptanceAccepted"
1908,"2026-05-14 07:15:00",96.9,97.08,96.86,96.96,388,"HHHL","Black","Down",0.3,0.16,0.22,"Down",0.3,0.06,"Down",0.4,0.454545,0.681818,True,False,True,False,"Falling","Absent","Local","Local","Contained","Minor","BreaksPriorHigh;CloseInsidePriorRange;DissipationLocal;AcceptanceContained;CompressionLocal"
1909,"2026-05-14 07:20:00",96.97,97.06,96.89,96.94,367,"InsideBar","Red","Down",0.25,0.12,0.17,"Down",0.25,0.03,"Down",0.25,0.294118,1,True,True,False,False,"Falling","Absent","Clustered","Absent","Unresolved","Minor","CloseInsidePriorRange;CloseInsidePriorBody;CompressionClustered"
1910,"2026-05-14 07:25:00",96.95,97.19,96.83,97.12,425,"OutsideBar","Black","Up",0.45,0.24,0.36,"Up",0.85,0.17,"Up",0.75,0.805556,0.472222,False,False,True,True,"Rising","Strong","Absent","Absent","Accepted","Major","RangePeak20;BreaksPriorHigh;BreaksPriorLow;AcceptanceAccepted"
1911,"2026-05-14 07:30:00",97.14,97.51,97.09,97.1,785,"HHHL","Red","Up",0.75,0.7,0.42,"Up",0.9,0.04,"Down",0.35,0.02381,0.238095,True,True,True,False,"Rising","Strong","Local","Absent","Contained","Structural","RangePeak20;BreaksPriorHigh;CloseInsidePriorRange;CloseInsidePriorBody;AcceptanceContained;CompressionLocal"
1912,"2026-05-14 07:35:00",97.1,97.31,97.09,97.13,484,"InsideBar","Black","Down",0.5,0.26,0.22,"Down",0.35,0.03,"Down",0.3,0.181818,1,True,True,False,False,"Falling","Absent","Clustered","Absent","Unresolved","Minor","CloseInsidePriorRange;CloseInsidePriorBody;CompressionClustered"
1913,"2026-05-14 07:40:00",97.13,97.18,96.97,97.11,356,"LLLH","Red","Down",0.2,0.12,0.21,"Down",0.25,0.02,"Down",0.1,0.666667,0.428571,True,True,False,True,"Falling","Absent","Local","Local","Contained","Minor","BreaksPriorLow;CloseInsidePriorRange;CloseInsidePriorBody;DissipationLocal;AcceptanceContained;CompressionLocal"
1914,"2026-05-14 07:45:00",97.13,97.2,97.03,97.11,231,"HHHL","Red","Down",0.05,0.02,0.17,"Down",0.2,0.02,"Flat",0.15,0.470588,0.882353,True,True,True,False,"Falling","Absent","Clustered","Local","Contained","Minor","BreaksPriorHigh;CloseInsidePriorRange;CloseInsidePriorBody;DissipationLocal;AcceptanceContained;CompressionClustered"
1915,"2026-05-14 07:50:00",97.11,97.11,96.65,96.65,896,"LLLH","Red","Up",0.9,0.78,0.46,"Up",0.95,0.46,"Up",1,0,0.173913,False,False,False,True,"Peak","Climactic","Absent","Absent","Accepted","Structural","VolumePeak20;RangePeak20;RangeClimactic20;BreaksPriorLow;AcceptanceAccepted"
1916,"2026-05-14 07:55:00",96.68,96.85,96.52,96.84,410,"LLLH","Black","Down",0.45,0.24,0.33,"Down",0.7,0.16,"Down",0.75,0.969697,0.606061,True,True,False,True,"Falling","Absent","Local","Local","Contained","Moderate","BreaksPriorLow;CloseInsidePriorRange;CloseInsidePriorBody;DissipationLocal;AcceptanceContained;CompressionLocal"
1917,"2026-05-14 08:00:00",96.84,96.84,96.13,96.36,910,"LLLH","Red","Up",0.9,0.78,0.71,"Up",0.95,0.48,"Up",1,0.323944,0.450704,False,False,False,True,"Peak","Climactic","Absent","Absent","Accepted","Structural","VolumePeak20;RangePeak20;RangeClimactic20;BreaksPriorLow;AcceptanceAccepted"
1918,"2026-05-14 08:05:00",96.37,96.63,96.18,96.62,838,"InsideBar","Black","Down",0.8,0.72,0.45,"Down",0.85,0.25,"Down",0.85,0.977778,1,True,True,False,False,"Peak","Strong","Clustered","Absent","Unresolved","Major","VolumePeak20;RangePeak20;CloseInsidePriorRange;CloseInsidePriorBody;CompressionClustered"
1919,"2026-05-14 08:10:00",96.63,96.68,96.51,96.56,339,"HHHL","Red","Down",0.15,0.1,0.17,"Down",0.15,0.07,"Down",0.5,0.294118,0.705882,True,True,True,False,"Falling","Absent","Local","Local","Contained","Minor","BreaksPriorHigh;CloseInsidePriorRange;CloseInsidePriorBody;DissipationLocal;AcceptanceContained;CompressionLocal"
1920,"2026-05-14 08:15:00",96.56,96.75,96.49,96.64,403,"OutsideBar","Black","Up",0.35,0.26,0.26,"Up",0.45,0.08,"Up",0.55,0.576923,0.653846,True,False,True,True,"Rising","Local","Local","Absent","Contained","Minor","BreaksPriorHigh;BreaksPriorLow;CloseInsidePriorRange;AcceptanceContained;CompressionLocal"
1921,"2026-05-14 08:20:00",96.62,96.63,96.3,96.33,472,"LLLH","Red","Up",0.5,0.36,0.33,"Up",0.65,0.29,"Up",0.9,0.090909,0.424242,False,False,False,True,"Rising","Local","Absent","Absent","Accepted","Moderate","BreaksPriorLow;AcceptanceAccepted"
1922,"2026-05-14 08:25:00",96.33,96.67,96.31,96.55,378,"HHHL","Black","Down",0.3,0.2,0.36,"Up",0.7,0.22,"Down",0.75,0.666667,0.888889,True,True,True,False,"Falling","Local","Local","Local","Contained","Moderate","BreaksPriorHigh;CloseInsidePriorRange;CloseInsidePriorBody;DissipationLocal;AcceptanceContained;CompressionLocal"
1923,"2026-05-14 08:30:00",96.55,96.59,96.37,96.49,376,"InsideBar","Red","Down",0.3,0.2,0.22,"Down",0.4,0.06,"Down",0.45,0.545455,1,True,True,False,False,"Falling","Absent","Clustered","Absent","Unresolved","Minor","CloseInsidePriorRange;CloseInsidePriorBody;CompressionClustered"
1924,"2026-05-14 08:35:00",96.48,96.54,96.35,96.46,368,"LLLH","Red","Down",0.3,0.18,0.19,"Down",0.25,0.02,"Down",0.15,0.578947,0.894737,True,False,False,True,"Falling","Absent","Clustered","Local","Contained","Minor","BreaksPriorLow;CloseInsidePriorRange;DissipationLocal;AcceptanceContained;CompressionClustered"
1925,"2026-05-14 08:40:00",96.45,96.62,96.35,96.53,376,"OutsideBar","Black","Up",0.4,0.22,0.27,"Up",0.55,0.08,"Up",0.6,0.666667,0.703704,True,False,True,False,"Rising","Local","Local","Absent","Contained","Minor","BreaksPriorHigh;CloseInsidePriorRange;AcceptanceContained;CompressionLocal"
1926,"2026-05-14 08:45:00",96.52,96.58,96.38,96.41,319,"InsideBar","Red","Down",0.1,0.06,0.2,"Down",0.25,0.11,"Up",0.6,0.15,1,True,False,False,False,"Falling","Absent","Clustered","Absent","Unresolved","Minor","CloseInsidePriorRange;CompressionClustered"
1927,"2026-05-14 08:50:00",96.4,96.53,96.34,96.48,282,"LLLH","Black","Down",0.1,0.06,0.19,"Down",0.2,0.08,"Down",0.6,0.736842,0.789474,True,True,False,True,"Falling","Absent","Local","Local","Contained","Minor","BreaksPriorLow;CloseInsidePriorRange;CloseInsidePriorBody;DissipationLocal;AcceptanceContained;CompressionLocal"
1928,"2026-05-14 08:55:00",96.48,96.67,96.45,96.66,399,"HHHL","Black","Up",0.55,0.34,0.22,"Up",0.5,0.18,"Up",0.75,0.954545,0.363636,False,False,True,False,"Rising","Local","Absent","Absent","Accepted","Minor","BreaksPriorHigh;AcceptanceAccepted"
1929,"2026-05-14 09:00:00",96.63,96.7,96.56,96.65,385,"HHHL","Black","Down",0.5,0.32,0.14,"Down",0.05,0.02,"Down",0.2,0.642857,0.785714,True,True,True,False,"Falling","Absent","Local","Local","Contained","Minor","BreaksPriorHigh;CloseInsidePriorRange;CloseInsidePriorBody;DissipationLocal;AcceptanceContained;CompressionLocal"
1930,"2026-05-14 09:05:00",96.64,96.72,96.31,96.42,581,"OutsideBar","Red","Up",0.8,0.54,0.41,"Up",0.8,0.22,"Up",0.8,0.268293,0.341463,False,False,True,True,"Peak","Strong","Absent","Absent","Accepted","Major","VolumePeak20;RangePeak20;BreaksPriorHigh;BreaksPriorLow;AcceptanceAccepted"
1931,"2026-05-14 09:10:00",96.41,96.56,96.37,96.56,278,"InsideBar","Black","Down",0.1,0.06,0.19,"Down",0.25,0.15,"Down",0.6,1,1,True,True,False,False,"Falling","Absent","Clustered","Absent","Unresolved","Minor","CloseInsidePriorRange;CloseInsidePriorBody;CompressionClustered"
1932,"2026-05-14 09:15:00",96.56,96.58,96.31,96.34,331,"OutsideBar","Red","Up",0.25,0.14,0.27,"Up",0.6,0.22,"Up",0.8,0.111111,0.703704,False,False,True,True,"Rising","Local","Absent","Absent","Accepted","Moderate","BreaksPriorHigh;BreaksPriorLow;AcceptanceAccepted"
1933,"2026-05-14 09:20:00",96.34,96.34,96.08,96.14,388,"LLLH","Red","Up",0.6,0.4,0.26,"Down",0.55,0.2,"Down",0.65,0.230769,0.115385,False,False,False,True,"Rising","Absent","Absent","Local","Accepted","Moderate","BreaksPriorLow;DissipationLocal;AcceptanceAccepted"
1934,"2026-05-14 09:25:00",96.13,96.2,96.05,96.12,291,"LLLH","Red","Down",0.15,0.1,0.15,"Down",0.1,0.01,"Down",0.05,0.466667,0.8,True,False,False,True,"Falling","Absent","Clustered","Local","Contained","Minor","BreaksPriorLow;CloseInsidePriorRange;DissipationLocal;AcceptanceContained;CompressionClustered"
1935,"2026-05-14 09:30:00",96.1,96.61,96.08,96.55,399,"HHHL","Black","Up",0.7,0.46,0.53,"Up",0.95,0.45,"Up",0.95,0.886792,0.226415,False,False,True,False,"Rising","Climactic","Absent","Absent","Accepted","Structural","RangePeak20;RangeClimactic20;BreaksPriorHigh;AcceptanceAccepted"
1936,"2026-05-14 09:35:00",96.54,96.73,96.47,96.65,486,"HHHL","Black","Up",0.85,0.6,0.26,"Down",0.6,0.11,"Down",0.5,0.692308,0.538462,False,False,True,False,"Peak","Absent","Absent","Local","Accepted","Major","VolumePeak20;BreaksPriorHigh;DissipationLocal;AcceptanceAccepted"
1937,"2026-05-14 09:40:00",96.63,96.8,96.6,96.76,525,"HHHL","Black","Up",0.9,0.62,0.2,"Down",0.4,0.13,"Up",0.55,0.8,0.65,False,False,True,False,"Peak","Absent","Absent","Local","Accepted","Major","VolumePeak20;HighVolumeLowRange;BreaksPriorHigh;DissipationLocal;AcceptanceAccepted"
1938,"2026-05-14 09:45:00",96.77,96.77,96.53,96.64,280,"LLLH","Red","Down",0.1,0.08,0.24,"Up",0.55,0.13,"Down",0.55,0.458333,0.708333,True,True,False,True,"Falling","Local","Local","Local","Contained","Minor","BreaksPriorLow;CloseInsidePriorRange;CloseInsidePriorBody;DissipationLocal;AcceptanceContained;CompressionLocal"
1939,"2026-05-14 09:50:00",96.66,96.69,96.54,96.63,238,"InsideBar","Red","Down",0.05,0.06,0.15,"Down",0.1,0.03,"Down",0.2,0.6,1,True,False,False,False,"Falling","Absent","Clustered","Absent","Unresolved","Minor","CloseInsidePriorRange;CompressionClustered"
1940,"2026-05-14 09:55:00",96.62,96.68,96.57,96.6,133,"InsideBar","Red","Down",0.05,0.02,0.11,"Down",0.05,0.02,"Down",0.2,0.272727,1,True,False,False,False,"Falling","Absent","Clustered","Absent","Unresolved","Minor","CloseInsidePriorRange;CompressionClustered"
1941,"2026-05-14 10:00:00",96.6,96.73,96.56,96.69,305,"OutsideBar","Black","Up",0.35,0.18,0.17,"Up",0.25,0.09,"Up",0.45,0.764706,0.647059,False,False,True,True,"Rising","Local","Absent","Absent","Accepted","Minor","BreaksPriorHigh;BreaksPriorLow;AcceptanceAccepted"
1942,"2026-05-14 10:05:00",96.7,96.75,96.55,96.71,450,"OutsideBar","Black","Up",0.85,0.64,0.2,"Up",0.55,0.01,"Down",0.1,0.8,0.85,True,False,True,True,"Peak","Local","Local","Absent","Contained","Major","VolumePeak20;BreaksPriorHigh;BreaksPriorLow;CloseInsidePriorRange;AcceptanceContained;CompressionLocal"
1943,"2026-05-14 10:10:00",96.7,96.99,96.62,96.97,433,"HHHL","Black","Down",0.8,0.62,0.37,"Up",0.9,0.27,"Up",0.95,0.945946,0.351351,False,False,True,False,"Peak","Strong","Absent","Local","Accepted","Structural","VolumePeak20;RangePeak20;BreaksPriorHigh;DissipationLocal;AcceptanceAccepted"
1944,"2026-05-14 10:15:00",96.95,97.02,96.86,96.98,355,"HHHL","Black","Down",0.5,0.3,0.16,"Down",0.25,0.03,"Down",0.3,0.75,0.8125,True,False,True,False,"Falling","Absent","Clustered","Local","Contained","Minor","BreaksPriorHigh;CloseInsidePriorRange;DissipationLocal;AcceptanceContained;CompressionClustered"
1945,"2026-05-14 10:20:00",96.98,97.04,96.94,97.01,346,"HHHL","Black","Down",0.5,0.28,0.1,"Down",0.05,0.03,"Flat",0.35,0.7,0.8,True,False,True,False,"Falling","Absent","Local","Local","Contained","Minor","BreaksPriorHigh;CloseInsidePriorRange;DissipationLocal;AcceptanceContained;CompressionLocal"
1946,"2026-05-14 10:25:00",97.03,97.11,96.97,97.08,403,"HHHL","Black","Up",0.75,0.6,0.14,"Up",0.2,0.05,"Up",0.4,0.785714,0.5,False,False,True,False,"Rising","Local","Absent","Absent","Accepted","Moderate","BreaksPriorHigh;AcceptanceAccepted"
1947,"2026-05-14 10:30:00",97.07,97.22,97.01,97.09,578,"HHHL","Black","Up",0.95,0.78,0.21,"Up",0.6,0.02,"Down",0.25,0.380952,0.47619,True,False,True,False,"Peak","Local","Local","Absent","Contained","Major","VolumePeak20;BreaksPriorHigh;CloseInsidePriorRange;AcceptanceContained;CompressionLocal"
1948,"2026-05-14 10:35:00",97.09,97.37,97.09,97.24,612,"HHHL","Black","Up",1,0.8,0.28,"Up",0.85,0.15,"Up",0.7,0.535714,0.464286,False,False,True,False,"Peak","Strong","Absent","Absent","Accepted","Major","VolumePeak20;RangePeak20;BreaksPriorHigh;AcceptanceAccepted"
1949,"2026-05-14 10:40:00",97.27,97.29,97.16,97.25,411,"InsideBar","Red","Down",0.65,0.58,0.13,"Down",0.15,0.02,"Down",0.15,0.692308,1,True,False,False,False,"Falling","Absent","Clustered","Absent","Unresolved","Moderate","CloseInsidePriorRange;CompressionClustered"
1950,"2026-05-14 10:45:00",97.24,97.33,97.18,97.31,471,"HHHL","Black","Up",0.8,0.66,0.15,"Up",0.3,0.07,"Up",0.5,0.866667,0.733333,False,False,True,False,"Peak","Local","Absent","Absent","Accepted","Major","VolumePeak20;HighVolumeLowRange;BreaksPriorHigh;AcceptanceAccepted"
1951,"2026-05-14 10:50:00",97.3,97.57,97.29,97.46,927,"HHHL","Black","Up",1,0.96,0.28,"Up",0.85,0.16,"Up",0.8,0.607143,0.142857,False,False,True,False,"Climactic","Strong","Absent","Absent","Accepted","Structural","VolumePeak20;VolumeClimactic50;RangePeak20;BreaksPriorHigh;AcceptanceAccepted"
1952,"2026-05-14 10:55:00",97.47,97.7,97.46,97.62,588,"HHHL","Black","Down",0.9,0.82,0.24,"Down",0.7,0.15,"Down",0.8,0.666667,0.458333,False,False,True,False,"Peak","Absent","Absent","Local","Accepted","Major","VolumePeak20;BreaksPriorHigh;DissipationLocal;AcceptanceAccepted"
1953,"2026-05-14 11:00:00",97.61,97.63,97.46,97.47,410,"InsideBar","Red","Down",0.5,0.58,0.17,"Down",0.5,0.14,"Down",0.75,0.058824,1,True,True,False,False,"Falling","Absent","Clustered","Absent","Unresolved","Minor","CloseInsidePriorRange;CloseInsidePriorBody;CompressionClustered"
1954,"2026-05-14 11:05:00",97.46,97.7,97.44,97.51,393,"OutsideBar","Black","Down",0.35,0.48,0.26,"Up",0.8,0.05,"Down",0.45,0.269231,0.653846,True,True,True,True,"Falling","Strong","Local","Local","Contained","Major","RangePeak20;LowVolumeHighRange;BreaksPriorHigh;BreaksPriorLow;CloseInsidePriorRange;CloseInsidePriorBody;DissipationLocal;AcceptanceContained;CompressionLocal"
1955,"2026-05-14 11:10:00",97.5,97.57,97.28,97.36,562,"LLLH","Red","Up",0.8,0.8,0.29,"Up",0.95,0.14,"Up",0.8,0.275862,0.448276,False,False,False,True,"Peak","Climactic","Absent","Absent","Accepted","Structural","VolumePeak20;RangePeak20;RangeClimactic20;BreaksPriorLow;AcceptanceAccepted"
1956,"2026-05-14 11:15:00",97.35,97.38,97.19,97.19,449,"LLLH","Red","Down",0.6,0.66,0.19,"Down",0.5,0.16,"Up",0.95,0,0.526316,False,False,False,True,"Falling","Absent","Absent","Local","Accepted","Moderate","BreaksPriorLow;DissipationLocal;AcceptanceAccepted"
1957,"2026-05-14 11:20:00",97.2,97.31,96.9,96.93,491,"LLLH","Red","Up",0.75,0.78,0.41,"Up",1,0.27,"Up",1,0.073171,0.292683,False,False,False,True,"Rising","Climactic","Absent","Absent","Accepted","Structural","RangePeak20;RangeClimactic20;BreaksPriorLow;AcceptanceAccepted"
1958,"2026-05-14 11:25:00",96.94,97.13,96.89,97.07,487,"LLLH","Black","Down",0.7,0.76,0.24,"Down",0.65,0.13,"Down",0.6,0.75,0.958333,True,True,False,True,"Falling","Absent","Clustered","Local","Contained","Moderate","BreaksPriorLow;CloseInsidePriorRange;CloseInsidePriorBody;DissipationLocal;AcceptanceContained;CompressionClustered"
1959,"2026-05-14 11:30:00",97.09,97.15,96.84,96.91,1407,"OutsideBar","Red","Up",1,1,0.31,"Up",0.9,0.18,"Up",0.9,0.225806,0.774194,True,False,True,True,"Climactic","Strong","Local","Absent","Contained","Structural","VolumePeak20;VolumeClimactic50;RangePeak20;BreaksPriorHigh;BreaksPriorLow;CloseInsidePriorRange;AcceptanceContained;CompressionLocal"
1960,"2026-05-15 06:05:00",99.83,99.89,99.46,99.46,1140,"HHHL","Red","Down",0.95,0.98,0.43,"Up",1,0.37,"Up",1,0,0,False,False,True,False,"Climactic","Climactic","Absent","Local","Accepted","SessionDefining","VolumePeak20;VolumeClimactic50;RangePeak20;RangeClimactic20;BreaksPriorHigh;DissipationLocal;AcceptanceAccepted"
1961,"2026-05-15 06:10:00",99.46,99.56,99.36,99.51,717,"LLLH","Black","Down",0.85,0.88,0.2,"Down",0.45,0.05,"Down",0.4,0.75,0.5,True,True,False,True,"Peak","Absent","Local","Local","Contained","Major","VolumePeak20;BreaksPriorLow;CloseInsidePriorRange;CloseInsidePriorBody;DissipationLocal;AcceptanceContained;CompressionLocal"
1962,"2026-05-15 06:15:00",99.49,99.57,99.38,99.49,655,"HHHL","Neutral","Down",0.8,0.86,0.19,"Down",0.4,0,"Down",0.05,0.578947,0.947368,True,True,True,False,"Peak","Absent","Clustered","Local","Contained","Major","VolumePeak20;HighVolumeLowRange;BreaksPriorHigh;CloseInsidePriorRange;CloseInsidePriorBody;DissipationLocal;AcceptanceContained;CompressionClustered"
1963,"2026-05-15 06:20:00",99.49,99.61,99.32,99.46,776,"OutsideBar","Red","Up",0.85,0.88,0.29,"Up",0.85,0.03,"Up",0.3,0.482759,0.655172,True,False,True,True,"Peak","Strong","Local","Absent","Contained","Major","VolumePeak20;RangePeak20;BreaksPriorHigh;BreaksPriorLow;CloseInsidePriorRange;AcceptanceContained;CompressionLocal"
1964,"2026-05-15 06:25:00",99.46,99.47,99.3,99.36,499,"LLLH","Red","Down",0.5,0.7,0.17,"Down",0.3,0.1,"Up",0.5,0.352941,0.882353,True,False,False,True,"Falling","Absent","Clustered","Local","Contained","Minor","BreaksPriorLow;CloseInsidePriorRange;DissipationLocal;AcceptanceContained;CompressionClustered"
1965,"2026-05-15 06:30:00",99.35,99.57,99.31,99.48,704,"HHHL","Black","Up",0.75,0.86,0.26,"Up",0.6,0.13,"Up",0.55,0.653846,0.615385,False,False,True,False,"Rising","Local","Absent","Absent","Accepted","Moderate","BreaksPriorHigh;AcceptanceAccepted"
1966,"2026-05-15 06:35:00",99.49,99.58,99.35,99.41,1017,"HHHL","Red","Up",0.9,0.96,0.23,"Down",0.45,0.08,"Down",0.4,0.26087,0.956522,True,True,True,False,"Climactic","Absent","Clustered","Local","Contained","Structural","VolumePeak20;VolumeClimactic50;BreaksPriorHigh;CloseInsidePriorRange;CloseInsidePriorBody;DissipationLocal;AcceptanceContained;CompressionClustered"
1967,"2026-05-15 06:40:00",99.43,99.51,99.18,99.28,1194,"LLLH","Red","Up",0.95,0.98,0.33,"Up",0.9,0.15,"Up",0.75,0.30303,0.484848,False,False,False,True,"Climactic","Strong","Absent","Absent","Accepted","Structural","VolumePeak20;VolumeClimactic50;RangePeak20;BreaksPriorLow;AcceptanceAccepted"
1968,"2026-05-15 06:45:00",99.29,99.6,99.2,99.57,895,"HHHL","Black","Down",0.75,0.9,0.4,"Up",0.9,0.28,"Up",0.95,0.925,0.775,False,False,True,False,"Falling","Strong","Absent","Local","Accepted","Structural","RangePeak20;BreaksPriorHigh;DissipationLocal;AcceptanceAccepted"
1969,"2026-05-15 06:50:00",99.58,99.83,99.53,99.74,999,"HHHL","Black","Up",0.8,0.92,0.3,"Down",0.75,0.16,"Down",0.8,0.7,0.233333,False,False,True,False,"Peak","Absent","Absent","Local","Accepted","Structural","VolumePeak20;BreaksPriorHigh;DissipationLocal;AcceptanceAccepted"
1970,"2026-05-15 06:55:00",99.73,99.9,99.65,99.72,771,"HHHL","Red","Down",0.6,0.84,0.25,"Down",0.45,0.01,"Down",0.1,0.28,0.72,True,True,True,False,"Falling","Absent","Local","Local","Contained","Moderate","BreaksPriorHigh;CloseInsidePriorRange;CloseInsidePriorBody;DissipationLocal;AcceptanceContained;CompressionLocal"
1971,"2026-05-15 07:00:00",99.73,99.9,99.71,99.89,509,"InsideBar","Black","Down",0.35,0.64,0.19,"Down",0.25,0.16,"Up",0.8,0.947368,1,True,False,False,False,"Falling","Absent","Clustered","Absent","Unresolved","Minor","CloseInsidePriorRange;CompressionClustered"
1972,"2026-05-15 07:05:00",99.89,100.04,99.79,99.82,888,"HHHL","Red","Up",0.7,0.86,0.25,"Up",0.5,0.07,"Down",0.3,0.12,0.44,True,True,True,False,"Rising","Local","Local","Absent","Contained","Moderate","BreaksPriorHigh;CloseInsidePriorRange;CloseInsidePriorBody;AcceptanceContained;CompressionLocal"
1973,"2026-05-15 07:10:00",99.8,99.82,99.47,99.59,927,"LLLH","Red","Up",0.75,0.9,0.35,"Up",0.85,0.21,"Up",0.85,0.342857,0.085714,False,False,False,True,"Rising","Strong","Absent","Absent","Accepted","Structural","RangePeak20;BreaksPriorLow;AcceptanceAccepted"
1974,"2026-05-15 07:15:00",99.58,99.66,99.36,99.4,891,"LLLH","Red","Down",0.65,0.84,0.3,"Down",0.7,0.18,"Down",0.75,0.133333,0.633333,False,False,False,True,"Falling","Absent","Absent","Local","Accepted","Moderate","BreaksPriorLow;DissipationLocal;AcceptanceAccepted"
1975,"2026-05-15 07:20:00",99.39,99.53,99.33,99.36,710,"LLLH","Red","Down",0.4,0.74,0.2,"Down",0.3,0.03,"Down",0.2,0.15,0.85,True,False,False,True,"Falling","Absent","Clustered","Local","Contained","Minor","BreaksPriorLow;CloseInsidePriorRange;DissipationLocal;AcceptanceContained;CompressionClustered"
1976,"2026-05-15 07:25:00",99.36,99.74,99.21,99.72,1007,"OutsideBar","Black","Up",0.8,0.92,0.53,"Up",1,0.36,"Up",0.95,0.962264,0.377358,False,False,True,True,"Peak","Climactic","Absent","Absent","Accepted","Structural","VolumePeak20;RangePeak20;RangeClimactic20;BreaksPriorHigh;BreaksPriorLow;AcceptanceAccepted"
1977,"2026-05-15 07:30:00",99.72,99.98,99.71,99.78,888,"HHHL","Black","Down",0.55,0.8,0.27,"Down",0.55,0.06,"Down",0.3,0.259259,0.111111,False,False,True,False,"Falling","Absent","Absent","Local","Accepted","Minor","BreaksPriorHigh;DissipationLocal;AcceptanceAccepted"
1978,"2026-05-15 07:35:00",99.77,99.92,99.71,99.81,741,"InsideBar","Black","Down",0.35,0.72,0.21,"Down",0.3,0.04,"Down",0.25,0.47619,1,True,False,False,False,"Falling","Absent","Clustered","Absent","Unresolved","Minor","CloseInsidePriorRange;CompressionClustered"
1979,"2026-05-15 07:40:00",99.82,99.95,99.72,99.9,570,"HHHL","Black","Down",0.15,0.54,0.23,"Up",0.4,0.08,"Up",0.5,0.782609,0.869565,True,False,True,False,"Falling","Local","Local","Local","Contained","Minor","BreaksPriorHigh;CloseInsidePriorRange;DissipationLocal;AcceptanceContained;CompressionLocal"
1980,"2026-05-15 07:45:00",99.91,100.25,99.9,100.16,1477,"HHHL","Black","Up",1,1,0.35,"Up",0.9,0.25,"Up",0.9,0.742857,0.142857,False,False,True,False,"Climactic","Strong","Absent","Absent","Accepted","Structural","VolumePeak20;VolumeClimactic50;RangePeak20;BreaksPriorHigh;AcceptanceAccepted"
1981,"2026-05-15 07:50:00",100.16,100.42,100.12,100.4,1073,"HHHL","Black","Down",0.9,0.92,0.3,"Down",0.75,0.24,"Down",0.85,0.933333,0.433333,False,False,True,False,"Peak","Absent","Absent","Local","Accepted","Structural","VolumePeak20;BreaksPriorHigh;DissipationLocal;AcceptanceAccepted"
1982,"2026-05-15 07:55:00",100.41,100.56,100.21,100.21,1115,"HHHL","Red","Up",0.9,0.92,0.35,"Up",0.9,0.2,"Down",0.75,0,0.6,True,True,True,False,"Peak","Strong","Local","Absent","Contained","Structural","VolumePeak20;RangePeak20;BreaksPriorHigh;CloseInsidePriorRange;CloseInsidePriorBody;AcceptanceContained;CompressionLocal"
1983,"2026-05-15 08:00:00",100.21,100.32,100.17,100.28,779,"LLLH","Black","Down",0.4,0.7,0.15,"Down",0.05,0.07,"Down",0.3,0.733333,0.733333,True,True,False,True,"Falling","Absent","Local","Local","Contained","Minor","BreaksPriorLow;CloseInsidePriorRange;CloseInsidePriorBody;DissipationLocal;AcceptanceContained;CompressionLocal"
1984,"2026-05-15 08:05:00",100.29,100.39,100.25,100.35,800,"HHHL","Black","Up",0.4,0.7,0.14,"Down",0.05,0.06,"Down",0.2,0.714286,0.5,False,False,True,False,"Rising","Absent","Absent","Local","Accepted","Minor","BreaksPriorHigh;DissipationLocal;AcceptanceAccepted"
1985,"2026-05-15 08:10:00",100.35,100.4,100.04,100.06,918,"OutsideBar","Red","Up",0.6,0.78,0.36,"Up",0.9,0.29,"Up",0.95,0.055556,0.388889,False,False,True,True,"Rising","Strong","Absent","Absent","Accepted","Structural","RangePeak20;BreaksPriorHigh;BreaksPriorLow;AcceptanceAccepted"
1986,"2026-05-15 08:15:00",100.07,100.3,99.99,100.24,832,"LLLH","Black","Down",0.4,0.68,0.31,"Down",0.65,0.17,"Down",0.6,0.806452,0.83871,True,True,False,True,"Falling","Absent","Clustered","Local","Contained","Moderate","BreaksPriorLow;CloseInsidePriorRange;CloseInsidePriorBody;DissipationLocal;AcceptanceContained;CompressionClustered"
1987,"2026-05-15 08:20:00",100.25,100.4,100.24,100.35,665,"HHHL","Black","Down",0.15,0.5,0.16,"Down",0.15,0.1,"Down",0.45,0.6875,0.375,False,False,True,False,"Falling","Absent","Absent","Local","Accepted","Minor","BreaksPriorHigh;DissipationLocal;AcceptanceAccepted"
1988,"2026-05-15 08:25:00",100.34,100.41,100.22,100.29,549,"OutsideBar","Red","Down",0.1,0.36,0.19,"Up",0.2,0.05,"Down",0.2,0.368421,0.842105,True,True,True,True,"Falling","Local","Local","Local","Contained","Minor","BreaksPriorHigh;BreaksPriorLow;CloseInsidePriorRange;CloseInsidePriorBody;DissipationLocal;AcceptanceContained;CompressionLocal"
1989,"2026-05-15 08:30:00",100.3,100.41,100.12,100.12,960,"OutsideBar","Red","Up",0.8,0.82,0.29,"Up",0.6,0.18,"Up",0.7,0,0.655172,False,False,False,True,"Peak","Local","Absent","Absent","Accepted","Major","VolumePeak20;BreaksPriorLow;AcceptanceAccepted"
1990,"2026-05-15 08:35:00",100.13,100.17,99.91,100.14,1078,"LLLH","Black","Up",0.9,0.9,0.26,"Down",0.5,0.01,"Down",0.05,0.884615,0.192308,True,True,False,True,"Peak","Absent","Local","Local","Contained","Structural","VolumePeak20;BreaksPriorLow;CloseInsidePriorRange;CloseInsidePriorBody;DissipationLocal;AcceptanceContained;CompressionLocal"
1991,"2026-05-15 08:40:00",100.15,100.42,100.11,100.42,502,"HHHL","Black","Down",0.05,0.28,0.31,"Up",0.75,0.27,"Up",0.9,1,0.193548,False,False,True,False,"Falling","Local","Absent","Local","Accepted","Moderate","BreaksPriorHigh;DissipationLocal;AcceptanceAccepted"
1992,"2026-05-15 08:45:00",100.42,100.59,100.29,100.53,1386,"HHHL","Black","Up",0.95,0.96,0.3,"Down",0.65,0.11,"Down",0.5,0.8,0.433333,False,False,True,False,"Climactic","Absent","Absent","Local","Accepted","Structural","VolumePeak20;VolumeClimactic50;BreaksPriorHigh;DissipationLocal;AcceptanceAccepted"
1993,"2026-05-15 08:50:00",100.52,100.84,100.51,100.84,922,"HHHL","Black","Down",0.65,0.72,0.33,"Up",0.8,0.32,"Up",0.95,1,0.242424,False,False,True,False,"Falling","Strong","Absent","Local","Accepted","Major","RangePeak20;BreaksPriorHigh;DissipationLocal;AcceptanceAccepted"
1994,"2026-05-15 08:55:00",100.84,101.19,100.84,101.1,1759,"HHHL","Black","Up",1,1,0.35,"Up",0.85,0.26,"Down",0.8,0.742857,0,False,False,True,False,"Climactic","Strong","Absent","Absent","Accepted","Structural","VolumePeak20;VolumeClimactic50;RangePeak20;BreaksPriorHigh;AcceptanceAccepted"
1995,"2026-05-15 09:00:00",101.11,101.17,100.87,100.93,860,"InsideBar","Red","Down",0.45,0.58,0.3,"Down",0.6,0.18,"Down",0.6,0.2,1,True,True,False,False,"Falling","Absent","Clustered","Absent","Unresolved","Moderate","CloseInsidePriorRange;CloseInsidePriorBody;CompressionClustered"
1996,"2026-05-15 09:05:00",100.92,101.03,100.84,100.92,862,"LLLH","Neutral","Up",0.5,0.58,0.19,"Down",0.25,0,"Down",0.05,0.421053,0.842105,True,False,False,True,"Rising","Absent","Clustered","Local","Contained","Minor","BreaksPriorLow;CloseInsidePriorRange;DissipationLocal;AcceptanceContained;CompressionClustered"
1997,"2026-05-15 09:10:00",100.92,101.23,100.89,101.05,1091,"HHHL","Black","Up",0.8,0.86,0.34,"Up",0.8,0.13,"Up",0.5,0.470588,0.411765,False,False,True,False,"Peak","Strong","Absent","Absent","Accepted","Major","VolumePeak20;RangePeak20;BreaksPriorHigh;AcceptanceAccepted"
1998,"2026-05-15 09:15:00",101.04,101.12,100.68,100.8,1592,"LLLH","Red","Up",0.95,0.98,0.44,"Up",1,0.24,"Up",0.75,0.272727,0.522727,False,False,False,True,"Climactic","Climactic","Absent","Absent","Accepted","SessionDefining","VolumePeak20;VolumeClimactic50;RangePeak20;RangeClimactic20;BreaksPriorLow;AcceptanceAccepted"
1999,"2026-05-15 09:20:00",100.81,100.93,100.74,100.88,625,"InsideBar","Black","Down",0.15,0.28,0.19,"Down",0.3,0.07,"Down",0.25,0.736842,1,True,True,False,False,"Falling","Absent","Clustered","Absent","Unresolved","Minor","CloseInsidePriorRange;CloseInsidePriorBody;CompressionClustered"
2000,"2026-05-15 09:25:00",100.88,100.89,100.61,100.64,547,"LLLH","Red","Down",0.1,0.18,0.28,"Up",0.4,0.24,"Up",0.7,0.107143,0.535714,False,False,False,True,"Falling","Local","Absent","Local","Accepted","Minor","BreaksPriorLow;DissipationLocal;AcceptanceAccepted"
2001,"2026-05-15 09:30:00",100.65,100.76,100.59,100.65,567,"LLLH","Neutral","Up",0.2,0.24,0.17,"Down",0.2,0,"Down",0.1,0.352941,0.882353,True,True,False,True,"Rising","Absent","Clustered","Local","Contained","Minor","BreaksPriorLow;CloseInsidePriorRange;CloseInsidePriorBody;DissipationLocal;AcceptanceContained;CompressionClustered"
2002,"2026-05-15 09:35:00",100.65,100.69,100.57,100.61,672,"LLLH","Red","Up",0.35,0.34,0.12,"Down",0.05,0.04,"Up",0.2,0.333333,0.833333,True,False,False,True,"Rising","Absent","Clustered","Local","Contained","Minor","BreaksPriorLow;CloseInsidePriorRange;DissipationLocal;AcceptanceContained;CompressionClustered"
2003,"2026-05-15 09:40:00",100.61,100.79,100.6,100.7,393,"HHHL","Black","Down",0.05,0.04,0.19,"Up",0.4,0.09,"Up",0.4,0.526316,0.473684,False,False,True,False,"Falling","Local","Absent","Local","Accepted","Minor","BreaksPriorHigh;DissipationLocal;AcceptanceAccepted"
2004,"2026-05-15 09:45:00",100.7,100.8,100.67,100.75,439,"HHHL","Black","Up",0.1,0.04,0.13,"Down",0.1,0.05,"Down",0.3,0.615385,0.923077,True,False,True,False,"Rising","Absent","Clustered","Local","Contained","Minor","BreaksPriorHigh;CloseInsidePriorRange;DissipationLocal;AcceptanceContained;CompressionClustered"
2005,"2026-05-15 09:50:00",100.75,100.81,100.71,100.76,510,"HHHL","Black","Up",0.2,0.18,0.1,"Down",0.05,0.01,"Down",0.2,0.5,0.9,True,False,True,False,"Rising","Absent","Clustered","Local","Contained","Minor","BreaksPriorHigh;CloseInsidePriorRange;DissipationLocal;AcceptanceContained;CompressionClustered"
2006,"2026-05-15 09:55:00",100.75,100.81,100.69,100.75,516,"OutsideBar","Neutral","Up",0.25,0.18,0.12,"Up",0.15,0,"Down",0.15,0.5,0.833333,True,True,False,True,"Rising","Local","Local","Absent","Contained","Minor","BreaksPriorLow;CloseInsidePriorRange;CloseInsidePriorBody;AcceptanceContained;CompressionLocal"
2007,"2026-05-15 10:00:00",100.75,100.75,100.59,100.73,514,"LLLH","Red","Down",0.25,0.16,0.16,"Up",0.25,0.02,"Up",0.3,0.875,0.375,True,False,False,True,"Falling","Local","Local","Local","Contained","Minor","BreaksPriorLow;CloseInsidePriorRange;DissipationLocal;AcceptanceContained;CompressionLocal"
2008,"2026-05-15 10:05:00",100.73,100.77,100.52,100.52,601,"OutsideBar","Red","Up",0.45,0.26,0.25,"Up",0.5,0.21,"Up",0.75,0,0.64,False,False,True,True,"Rising","Local","Absent","Absent","Accepted","Minor","BreaksPriorHigh;BreaksPriorLow;AcceptanceAccepted"
2009,"2026-05-15 10:10:00",100.53,100.55,100.39,100.49,704,"LLLH","Red","Up",0.6,0.38,0.16,"Down",0.3,0.04,"Down",0.4,0.625,0.1875,False,False,False,True,"Rising","Absent","Absent","Local","Accepted","Moderate","BreaksPriorLow;DissipationLocal;AcceptanceAccepted"
2010,"2026-05-15 10:15:00",100.48,100.52,100.35,100.38,398,"LLLH","Red","Down",0.1,0.04,0.17,"Up",0.4,0.1,"Up",0.55,0.176471,0.764706,False,False,False,True,"Falling","Local","Absent","Local","Accepted","Minor","BreaksPriorLow;DissipationLocal;AcceptanceAccepted"
2011,"2026-05-15 10:20:00",100.38,100.47,100.31,100.43,394,"LLLH","Black","Down",0.1,0.04,0.16,"Down",0.35,0.05,"Down",0.45,0.75,0.75,True,True,False,True,"Falling","Absent","Local","Local","Contained","Minor","BreaksPriorLow;CloseInsidePriorRange;CloseInsidePriorBody;DissipationLocal;AcceptanceContained;CompressionLocal"
2012,"2026-05-15 10:25:00",100.43,100.59,100.37,100.54,414,"HHHL","Black","Up",0.2,0.08,0.22,"Up",0.65,0.11,"Up",0.65,0.772727,0.454545,False,False,True,False,"Rising","Local","Absent","Absent","Accepted","Moderate","BreaksPriorHigh;AcceptanceAccepted"
2013,"2026-05-15 10:30:00",100.53,100.62,100.44,100.59,539,"HHHL","Black","Up",0.45,0.24,0.18,"Down",0.5,0.06,"Down",0.5,0.833333,0.833333,True,False,True,False,"Rising","Absent","Clustered","Local","Contained","Minor","BreaksPriorHigh;CloseInsidePriorRange;DissipationLocal;AcceptanceContained;CompressionClustered"
2014,"2026-05-15 10:35:00",100.59,100.68,100.56,100.61,584,"HHHL","Black","Up",0.6,0.32,0.12,"Down",0.2,0.02,"Down",0.3,0.416667,0.5,True,False,True,False,"Rising","Absent","Local","Local","Contained","Moderate","BreaksPriorHigh;CloseInsidePriorRange;DissipationLocal;AcceptanceContained;CompressionLocal"
2015,"2026-05-15 10:40:00",100.61,100.7,100.55,100.64,392,"OutsideBar","Black","Down",0.05,0.02,0.15,"Up",0.3,0.03,"Up",0.35,0.6,0.8,True,False,True,True,"Falling","Local","Local","Local","Contained","Minor","BreaksPriorHigh;BreaksPriorLow;CloseInsidePriorRange;DissipationLocal;AcceptanceContained;CompressionLocal"
2016,"2026-05-15 10:45:00",100.63,100.74,100.62,100.65,372,"HHHL","Black","Down",0.05,0.02,0.12,"Down",0.1,0.02,"Down",0.3,0.25,0.666667,True,False,True,False,"Falling","Absent","Local","Local","Contained","Minor","BreaksPriorHigh;CloseInsidePriorRange;DissipationLocal;AcceptanceContained;CompressionLocal"
2017,"2026-05-15 10:50:00",100.66,100.75,100.57,100.73,359,"OutsideBar","Black","Down",0.05,0.02,0.18,"Up",0.7,0.07,"Up",0.7,0.888889,0.666667,True,False,True,True,"Falling","Local","Local","Local","Contained","Moderate","BreaksPriorHigh;BreaksPriorLow;CloseInsidePriorRange;DissipationLocal;AcceptanceContained;CompressionLocal"
2018,"2026-05-15 10:55:00",100.74,100.9,100.68,100.72,748,"HHHL","Red","Up",1,0.54,0.22,"Up",0.9,0.02,"Down",0.3,0.181818,0.318182,True,True,True,False,"Peak","Strong","Local","Absent","Contained","Structural","VolumePeak20;RangePeak20;BreaksPriorHigh;CloseInsidePriorRange;CloseInsidePriorBody;AcceptanceContained;CompressionLocal"
2019,"2026-05-15 11:00:00",100.71,100.84,100.64,100.67,695,"LLLH","Red","Down",0.9,0.48,0.2,"Down",0.8,0.04,"Up",0.45,0.15,0.8,False,False,False,True,"Peak","Strong","Absent","Local","Accepted","Major","VolumePeak20;RangePeak20;BreaksPriorLow;DissipationLocal;AcceptanceAccepted"
2020,"2026-05-15 11:05:00",100.66,100.86,100.62,100.84,419,"OutsideBar","Black","Down",0.4,0.16,0.24,"Up",0.95,0.18,"Up",0.95,0.916667,0.833333,True,False,True,True,"Falling","Climactic","Local","Local","Contained","Structural","RangePeak20;RangeClimactic20;LowVolumeHighRange;BreaksPriorHigh;BreaksPriorLow;CloseInsidePriorRange;DissipationLocal;AcceptanceContained;CompressionLocal"
2021,"2026-05-15 11:10:00",100.85,101.09,100.81,101.02,893,"HHHL","Black","Up",1,0.74,0.28,"Up",1,0.17,"Down",0.9,0.75,0.178571,False,False,True,False,"Peak","Climactic","Absent","Absent","Accepted","Structural","VolumePeak20;RangePeak20;RangeClimactic20;BreaksPriorHigh;AcceptanceAccepted"
2022,"2026-05-15 11:15:00",101.01,101.03,100.83,100.9,603,"InsideBar","Red","Down",0.8,0.42,0.2,"Down",0.75,0.11,"Down",0.85,0.35,1,True,True,False,False,"Peak","Absent","Clustered","Absent","Unresolved","Major","VolumePeak20;CloseInsidePriorRange;CloseInsidePriorBody;CompressionClustered"
2023,"2026-05-15 11:20:00",100.9,101.02,100.82,101,786,"LLLH","Black","Up",0.95,0.62,0.2,"Flat",0.75,0.1,"Down",0.7,0.9,0.95,True,True,False,True,"Peak","Absent","Clustered","Absent","Contained","Major","VolumePeak20;BreaksPriorLow;CloseInsidePriorRange;CloseInsidePriorBody;AcceptanceContained;CompressionClustered"
2024,"2026-05-15 11:25:00",101,101.05,100.86,100.96,775,"HHHL","Red","Down",0.9,0.6,0.19,"Down",0.6,0.04,"Down",0.5,0.526316,0.842105,True,True,True,False,"Peak","Absent","Clustered","Local","Contained","Major","VolumePeak20;BreaksPriorHigh;CloseInsidePriorRange;CloseInsidePriorBody;DissipationLocal;AcceptanceContained;CompressionClustered"
2025,"2026-05-15 11:30:00",100.95,101.13,100.85,101.13,5307,"OutsideBar","Black","Up",1,1,0.28,"Up",1,0.18,"Up",0.9,1,0.678571,False,False,True,True,"Climactic","Climactic","Absent","Absent","Accepted","SessionDefining","VolumePeak20;VolumeClimactic50;RangePeak20;RangeClimactic20;BreaksPriorHigh;BreaksPriorLow;AcceptanceAccepted"
2026,"2026-05-18 06:05:00",99.07,100,98.95,99.54,4619,"LLLH","Black","Down",0.95,0.98,1.05,"Up",1,0.47,"Up",1,0.561905,0,False,False,False,True,"Climactic","Climactic","Absent","Local","Accepted","SessionDefining","VolumePeak20;VolumeClimactic50;RangePeak20;RangeClimactic20;BreaksPriorLow;DissipationLocal;AcceptanceAccepted"
2027,"2026-05-18 06:10:00",99.54,99.91,99.36,99.7,1714,"InsideBar","Black","Down",0.9,0.94,0.55,"Down",0.95,0.16,"Down",0.75,0.618182,1,True,False,False,False,"Peak","Climactic","Clustered","Absent","Unresolved","Structural","VolumePeak20;RangePeak20;RangeClimactic20;CloseInsidePriorRange;CompressionClustered"
2028,"2026-05-18 06:15:00",99.91,99.95,99.46,99.57,1453,"HHHL","Red","Down",0.85,0.88,0.49,"Down",0.9,0.34,"Up",0.95,0.22449,0.918367,True,True,True,False,"Peak","Strong","Clustered","Local","Contained","Structural","VolumePeak20;RangePeak20;BreaksPriorHigh;CloseInsidePriorRange;CloseInsidePriorBody;DissipationLocal;AcceptanceContained;CompressionClustered"
2029,"2026-05-18 06:20:00",99.55,99.79,99.51,99.7,827,"InsideBar","Black","Down",0.75,0.62,0.28,"Down",0.85,0.15,"Down",0.7,0.678571,1,True,True,False,False,"Falling","Strong","Clustered","Absent","Unresolved","Major","RangePeak20;CloseInsidePriorRange;CloseInsidePriorBody;CompressionClustered"
2030,"2026-05-18 06:25:00",99.68,99.78,99.56,99.66,674,"InsideBar","Red","Down",0.5,0.48,0.22,"Down",0.65,0.02,"Down",0.2,0.454545,1,True,True,False,False,"Falling","Absent","Clustered","Absent","Unresolved","Moderate","CloseInsidePriorRange;CloseInsidePriorBody;CompressionClustered"
2031,"2026-05-18 06:30:00",99.64,99.68,99.41,99.61,1602,"LLLH","Red","Up",0.85,0.92,0.27,"Up",0.7,0.03,"Up",0.3,0.740741,0.444444,True,False,False,True,"Peak","Local","Local","Absent","Contained","Structural","VolumePeak20;BreaksPriorLow;CloseInsidePriorRange;AcceptanceContained;CompressionLocal"
2032,"2026-05-18 06:35:00",99.63,99.94,99.59,99.93,1253,"HHHL","Black","Down",0.75,0.84,0.35,"Up",0.85,0.3,"Up",0.9,0.971429,0.257143,False,False,True,False,"Falling","Strong","Absent","Local","Accepted","Major","RangePeak20;BreaksPriorHigh;DissipationLocal;AcceptanceAccepted"
2033,"2026-05-18 06:40:00",99.93,99.99,99.73,99.85,1122,"HHHL","Red","Down",0.7,0.82,0.26,"Down",0.6,0.08,"Down",0.5,0.461538,0.807692,True,True,True,False,"Falling","Absent","Clustered","Local","Contained","Moderate","BreaksPriorHigh;CloseInsidePriorRange;CloseInsidePriorBody;DissipationLocal;AcceptanceContained;CompressionClustered"
2034,"2026-05-18 06:45:00",99.86,100.24,99.5,100.04,2901,"OutsideBar","Black","Up",0.9,0.96,0.74,"Up",0.95,0.18,"Up",0.85,0.72973,0.351351,False,False,True,True,"Climactic","Climactic","Absent","Absent","Accepted","SessionDefining","VolumePeak20;VolumeClimactic50;RangePeak20;RangeClimactic20;BreaksPriorHigh;BreaksPriorLow;AcceptanceAccepted"
2035,"2026-05-18 06:50:00",100.02,100.07,99.04,99.31,2668,"LLLH","Red","Down",0.85,0.94,1.03,"Up",0.95,0.71,"Up",1,0.262136,0.553398,False,False,False,True,"Peak","Climactic","Absent","Local","Accepted","Structural","VolumePeak20;RangePeak20;RangeClimactic20;BreaksPriorLow;DissipationLocal;AcceptanceAccepted"
2036,"2026-05-18 06:55:00",99.29,99.45,99.13,99.34,952,"InsideBar","Black","Down",0.55,0.7,0.32,"Down",0.7,0.05,"Down",0.3,0.65625,1,True,True,False,False,"Falling","Absent","Clustered","Absent","Unresolved","Moderate","CloseInsidePriorRange;CloseInsidePriorBody;CompressionClustered"
2037,"2026-05-18 07:00:00",99.34,99.75,99.3,99.59,1074,"HHHL","Black","Up",0.55,0.72,0.45,"Up",0.75,0.25,"Up",0.8,0.644444,0.333333,False,False,True,False,"Rising","Local","Absent","Absent","Accepted","Moderate","BreaksPriorHigh;AcceptanceAccepted"
2038,"2026-05-18 07:05:00",99.58,100.48,99.55,100.38,2022,"HHHL","Black","Up",0.8,0.92,0.93,"Up",0.9,0.8,"Up",1,0.892473,0.215054,False,False,True,False,"Peak","Strong","Absent","Absent","Accepted","Structural","VolumePeak20;RangePeak20;BreaksPriorHigh;AcceptanceAccepted"
2039,"2026-05-18 07:10:00",100.36,100.87,100.21,100.58,3663,"HHHL","Black","Up",0.9,0.96,0.66,"Down",0.8,0.22,"Down",0.7,0.560606,0.409091,False,False,True,False,"Climactic","Strong","Absent","Local","Accepted","Structural","VolumePeak20;VolumeClimactic50;RangePeak20;BreaksPriorHigh;DissipationLocal;AcceptanceAccepted"
2040,"2026-05-18 07:15:00",100.59,101.07,100.39,100.76,2360,"HHHL","Black","Down",0.75,0.9,0.68,"Up",0.8,0.17,"Down",0.55,0.544118,0.705882,True,False,True,False,"Falling","Strong","Local","Local","Contained","Structural","RangePeak20;BreaksPriorHigh;CloseInsidePriorRange;DissipationLocal;AcceptanceContained;CompressionLocal"
2041,"2026-05-18 07:20:00",100.77,100.97,100.5,100.64,999,"InsideBar","Red","Down",0.35,0.66,0.47,"Down",0.6,0.13,"Down",0.4,0.297872,1,True,True,False,False,"Falling","Absent","Clustered","Absent","Unresolved","Moderate","CloseInsidePriorRange;CloseInsidePriorBody;CompressionClustered"
2042,"2026-05-18 07:25:00",100.65,101.32,100.58,101.19,2261,"HHHL","Black","Up",0.7,0.88,0.74,"Up",0.85,0.54,"Up",0.9,0.824324,0.527027,False,False,True,False,"Rising","Strong","Absent","Absent","Accepted","Major","RangePeak20;BreaksPriorHigh;AcceptanceAccepted"
2043,"2026-05-18 07:30:00",101.17,101.41,101.1,101.37,1600,"HHHL","Black","Down",0.5,0.78,0.31,"Down",0.35,0.2,"Down",0.6,0.870968,0.709677,False,False,True,False,"Falling","Absent","Absent","Local","Accepted","Minor","BreaksPriorHigh;DissipationLocal;AcceptanceAccepted"
2044,"2026-05-18 07:35:00",101.36,101.98,101.25,101.9,1742,"HHHL","Black","Up",0.6,0.84,0.73,"Up",0.75,0.54,"Up",0.9,0.890411,0.219178,False,False,True,False,"Rising","Local","Absent","Absent","Accepted","Moderate","BreaksPriorHigh;AcceptanceAccepted"
2045,"2026-05-18 07:40:00",101.84,102.15,101.59,101.69,1936,"HHHL","Red","Up",0.65,0.84,0.56,"Down",0.6,0.15,"Down",0.35,0.178571,0.696429,True,True,True,False,"Rising","Absent","Local","Local","Contained","Moderate","BreaksPriorHigh;CloseInsidePriorRange;CloseInsidePriorBody;DissipationLocal;AcceptanceContained;CompressionLocal"
2046,"2026-05-18 07:45:00",101.68,102.21,101.68,102.06,2036,"HHHL","Black","Up",0.75,0.86,0.53,"Down",0.55,0.38,"Up",0.8,0.716981,0.886792,True,False,True,False,"Rising","Absent","Clustered","Local","Contained","Moderate","BreaksPriorHigh;CloseInsidePriorRange;DissipationLocal;AcceptanceContained;CompressionClustered"
2047,"2026-05-18 07:50:00",102.07,102.3,101.93,102,1605,"HHHL","Red","Down",0.55,0.76,0.37,"Down",0.4,0.07,"Down",0.2,0.189189,0.756757,True,True,True,False,"Falling","Absent","Local","Local","Contained","Minor","BreaksPriorHigh;CloseInsidePriorRange;CloseInsidePriorBody;DissipationLocal;AcceptanceContained;CompressionLocal"
2048,"2026-05-18 07:55:00",102.03,102.17,101.95,102.09,916,"InsideBar","Black","Down",0.15,0.58,0.22,"Down",0.1,0.06,"Down",0.2,0.636364,1,True,False,False,False,"Falling","Absent","Clustered","Absent","Unresolved","Minor","CloseInsidePriorRange;CompressionClustered"
2049,"2026-05-18 08:00:00",102.1,102.37,102.06,102.22,1299,"HHHL","Black","Up",0.4,0.68,0.31,"Up",0.3,0.12,"Up",0.35,0.516129,0.354839,False,False,True,False,"Rising","Local","Absent","Absent","Accepted","Minor","BreaksPriorHigh;AcceptanceAccepted"
2050,"2026-05-18 08:05:00",102.21,103.06,102.03,102.89,5342,"OutsideBar","Black","Up",1,1,1.03,"Up",1,0.68,"Up",0.9,0.834951,0.300971,False,False,True,True,"Climactic","Climactic","Absent","Absent","Accepted","SessionDefining","VolumePeak20;VolumeClimactic50;RangePeak20;RangeClimactic20;BreaksPriorHigh;BreaksPriorLow;AcceptanceAccepted"
2051,"2026-05-18 08:10:00",102.89,103.02,102.48,102.92,2577,"InsideBar","Black","Down",0.8,0.88,0.54,"Down",0.55,0.03,"Down",0.05,0.814815,1,True,False,False,False,"Peak","Absent","Clustered","Absent","Unresolved","Major","VolumePeak20;CloseInsidePriorRange;CompressionClustered"
2052,"2026-05-18 08:15:00",102.92,102.98,102.58,102.68,1472,"InsideBar","Red","Down",0.35,0.66,0.4,"Down",0.35,0.24,"Up",0.65,0.25,1,True,False,False,False,"Falling","Absent","Clustered","Absent","Unresolved","Minor","CloseInsidePriorRange;CompressionClustered"
2053,"2026-05-18 08:20:00",102.68,102.93,102.6,102.78,1399,"InsideBar","Black","Down",0.3,0.62,0.33,"Down",0.25,0.1,"Down",0.25,0.545455,1,True,True,False,False,"Falling","Absent","Clustered","Absent","Unresolved","Minor","CloseInsidePriorRange;CloseInsidePriorBody;CompressionClustered"
2054,"2026-05-18 08:25:00",102.78,102.92,102.64,102.78,1885,"InsideBar","Neutral","Up",0.55,0.76,0.28,"Down",0.1,0,"Down",0.05,0.5,1,True,True,False,False,"Rising","Absent","Clustered","Local","Unresolved","Minor","CloseInsidePriorRange;CloseInsidePriorBody;DissipationLocal;CompressionClustered"
2055,"2026-05-18 08:30:00",102.77,103.02,102.74,102.99,1873,"HHHL","Black","Down",0.55,0.74,0.28,"Flat",0.15,0.22,"Up",0.65,0.892857,0.642857,False,False,True,False,"Falling","Absent","Absent","Local","Accepted","Minor","BreaksPriorHigh;DissipationLocal;AcceptanceAccepted"
2056,"2026-05-18 08:35:00",102.99,103.13,102.85,102.92,1875,"HHHL","Red","Up",0.55,0.74,0.28,"Flat",0.2,0.07,"Down",0.25,0.25,0.607143,True,True,True,False,"Rising","Absent","Local","Absent","Contained","Minor","BreaksPriorHigh;CloseInsidePriorRange;CloseInsidePriorBody;AcceptanceContained;CompressionLocal"
2057,"2026-05-18 08:40:00",102.91,103.12,102.78,102.9,1280,"LLLH","Red","Down",0.15,0.52,0.34,"Up",0.4,0.01,"Down",0.1,0.352941,0.794118,True,False,False,True,"Falling","Local","Local","Local","Contained","Minor","BreaksPriorLow;CloseInsidePriorRange;DissipationLocal;AcceptanceContained;CompressionLocal"
2058,"2026-05-18 08:45:00",102.91,102.97,102.6,102.92,1255,"LLLH","Black","Down",0.15,0.5,0.37,"Up",0.5,0.01,"Up",0.15,0.864865,0.513514,True,False,False,True,"Falling","Local","Local","Local","Contained","Minor","BreaksPriorLow;CloseInsidePriorRange;DissipationLocal;AcceptanceContained;CompressionLocal"
2059,"2026-05-18 08:50:00",102.92,102.93,102.68,102.83,704,"InsideBar","Red","Down",0.05,0.26,0.25,"Down",0.1,0.09,"Up",0.4,0.6,1,True,False,False,False,"Falling","Absent","Clustered","Absent","Unresolved","Minor","CloseInsidePriorRange;CompressionClustered"
2060,"2026-05-18 08:55:00",102.83,102.9,102.68,102.73,671,"InsideBar","Red","Down",0.05,0.2,0.22,"Down",0.1,0.1,"Up",0.5,0.227273,1,True,False,False,False,"Falling","Absent","Clustered","Absent","Unresolved","Minor","CloseInsidePriorRange;CompressionClustered"
2061,"2026-05-18 09:00:00",102.75,102.88,102.69,102.85,729,"InsideBar","Black","Up",0.15,0.26,0.19,"Down",0.05,0.1,"Flat",0.55,0.842105,1,True,False,False,False,"Rising","Absent","Clustered","Local","Unresolved","Minor","CloseInsidePriorRange;DissipationLocal;CompressionClustered"
2062,"2026-05-18 09:05:00",102.84,103.05,102.79,103.01,1078,"HHHL","Black","Up",0.25,0.44,0.26,"Up",0.25,0.17,"Up",0.7,0.846154,0.346154,False,False,True,False,"Rising","Local","Absent","Absent","Accepted","Minor","BreaksPriorHigh;AcceptanceAccepted"
2063,"2026-05-18 09:10:00",103.01,103.08,102.84,103.01,928,"HHHL","Neutral","Down",0.25,0.36,0.24,"Down",0.2,0,"Down",0.1,0.708333,0.875,True,True,True,False,"Falling","Absent","Clustered","Local","Contained","Minor","BreaksPriorHigh;CloseInsidePriorRange;CloseInsidePriorBody;DissipationLocal;AcceptanceContained;CompressionClustered"
2064,"2026-05-18 09:15:00",103,103.14,102.95,102.96,803,"HHHL","Red","Down",0.2,0.28,0.19,"Down",0.1,0.04,"Up",0.3,0.052632,0.684211,True,False,True,False,"Falling","Absent","Local","Local","Contained","Minor","BreaksPriorHigh;CloseInsidePriorRange;DissipationLocal;AcceptanceContained;CompressionLocal"
2065,"2026-05-18 09:20:00",102.97,102.99,102.85,102.9,631,"LLLH","Red","Down",0.05,0.1,0.14,"Down",0.05,0.07,"Up",0.5,0.357143,0.285714,False,False,False,True,"Falling","Absent","Absent","Local","Accepted","Minor","BreaksPriorLow;DissipationLocal;AcceptanceAccepted"
2066,"2026-05-18 09:25:00",102.89,103.12,102.72,103.01,1772,"OutsideBar","Black","Up",0.75,0.7,0.4,"Up",0.9,0.12,"Up",0.8,0.725,0.35,False,False,True,True,"Rising","Strong","Absent","Absent","Accepted","Structural","RangePeak20;BreaksPriorHigh;BreaksPriorLow;AcceptanceAccepted"
2067,"2026-05-18 09:30:00",102.98,103.64,102.93,103.33,2571,"HHHL","Black","Up",0.9,0.86,0.71,"Up",0.95,0.35,"Up",0.95,0.56338,0.267606,False,False,True,False,"Peak","Climactic","Absent","Absent","Accepted","Structural","VolumePeak20;RangePeak20;RangeClimactic20;BreaksPriorHigh;AcceptanceAccepted"
2068,"2026-05-18 09:35:00",103.34,103.47,102.98,103.07,1406,"InsideBar","Red","Down",0.6,0.52,0.49,"Down",0.85,0.27,"Down",0.9,0.183673,1,True,True,False,False,"Falling","Strong","Clustered","Absent","Unresolved","Major","RangePeak20;CloseInsidePriorRange;CloseInsidePriorBody;CompressionClustered"
2069,"2026-05-18 09:40:00",103.08,103.15,102.89,103.03,698,"LLLH","Red","Down",0.15,0.12,0.26,"Down",0.4,0.05,"Down",0.35,0.538462,0.653846,True,False,False,True,"Falling","Absent","Local","Local","Contained","Minor","BreaksPriorLow;CloseInsidePriorRange;DissipationLocal;AcceptanceContained;CompressionLocal"
2070,"2026-05-18 09:45:00",103.05,103.21,103.05,103.11,604,"HHHL","Black","Down",0.05,0.04,0.16,"Down",0.1,0.06,"Up",0.4,0.375,0.625,True,False,True,False,"Falling","Absent","Local","Local","Contained","Minor","BreaksPriorHigh;CloseInsidePriorRange;DissipationLocal;AcceptanceContained;CompressionLocal"
2071,"2026-05-18 09:50:00",103.11,103.18,102.92,102.93,655,"LLLH","Red","Up",0.15,0.08,0.26,"Up",0.5,0.18,"Up",0.8,0.038462,0.5,False,False,False,True,"Rising","Local","Absent","Absent","Accepted","Minor","BreaksPriorLow;AcceptanceAccepted"
2072,"2026-05-18 09:55:00",102.93,102.96,102.82,102.93,619,"LLLH","Neutral","Down",0.1,0.04,0.14,"Down",0.1,0,"Down",0.15,0.785714,0.285714,True,True,False,True,"Falling","Absent","Local","Local","Contained","Minor","BreaksPriorLow;CloseInsidePriorRange;CloseInsidePriorBody;DissipationLocal;AcceptanceContained;CompressionLocal"
2073,"2026-05-18 10:00:00",102.92,103,102.71,102.91,1179,"OutsideBar","Red","Up",0.6,0.4,0.29,"Up",0.75,0.01,"Up",0.3,0.689655,0.482759,True,False,True,True,"Rising","Local","Local","Absent","Contained","Moderate","BreaksPriorHigh;BreaksPriorLow;CloseInsidePriorRange;AcceptanceContained;CompressionLocal"
2074,"2026-05-18 10:05:00",102.91,103.06,102.75,102.79,876,"HHHL","Red","Down",0.5,0.24,0.31,"Up",0.75,0.12,"Up",0.7,0.129032,0.806452,True,False,True,False,"Falling","Local","Local","Local","Contained","Moderate","BreaksPriorHigh;CloseInsidePriorRange;DissipationLocal;AcceptanceContained;CompressionLocal"
2075,"2026-05-18 10:10:00",102.79,102.82,102.35,102.41,2025,"LLLH","Red","Up",0.95,0.8,0.47,"Up",0.9,0.38,"Up",1,0.12766,0.148936,False,False,False,True,"Peak","Strong","Absent","Absent","Accepted","Structural","VolumePeak20;RangePeak20;BreaksPriorLow;AcceptanceAccepted"
2076,"2026-05-18 10:15:00",102.42,102.52,102.24,102.52,1155,"LLLH","Black","Down",0.65,0.4,0.28,"Down",0.6,0.1,"Down",0.65,1,0.607143,True,True,False,True,"Falling","Absent","Local","Local","Contained","Moderate","BreaksPriorLow;CloseInsidePriorRange;CloseInsidePriorBody;DissipationLocal;AcceptanceContained;CompressionLocal"
2077,"2026-05-18 10:20:00",102.51,102.52,102.19,102.33,751,"OutsideBar","Red","Down",0.45,0.2,0.33,"Up",0.75,0.18,"Up",0.85,0.424242,0.848485,True,False,False,True,"Falling","Local","Local","Local","Contained","Moderate","BreaksPriorLow;CloseInsidePriorRange;DissipationLocal;AcceptanceContained;CompressionLocal"
2078,"2026-05-18 10:25:00",102.35,102.66,102.32,102.61,691,"HHHL","Black","Down",0.3,0.14,0.34,"Up",0.8,0.26,"Up",0.85,0.852941,0.588235,False,False,True,False,"Falling","Strong","Absent","Local","Accepted","Major","RangePeak20;LowVolumeHighRange;BreaksPriorHigh;DissipationLocal;AcceptanceAccepted"
2079,"2026-05-18 10:30:00",102.61,102.63,102.5,102.61,349,"InsideBar","Neutral","Down",0.05,0.02,0.13,"Down",0.05,0,"Down",0.15,0.846154,1,True,True,False,False,"Falling","Absent","Clustered","Absent","Unresolved","Minor","CloseInsidePriorRange;CloseInsidePriorBody;CompressionClustered"
2080,"2026-05-18 10:35:00",102.59,102.9,102.58,102.83,789,"HHHL","Black","Up",0.5,0.24,0.32,"Up",0.7,0.24,"Up",0.8,0.78125,0.15625,False,False,True,False,"Rising","Local","Absent","Absent","Accepted","Moderate","BreaksPriorHigh;AcceptanceAccepted"
2081,"2026-05-18 10:40:00",102.83,103.07,102.83,103,779,"HHHL","Black","Down",0.45,0.24,0.24,"Down",0.35,0.17,"Down",0.65,0.708333,0.291667,False,False,True,False,"Falling","Absent","Absent","Local","Accepted","Minor","BreaksPriorHigh;DissipationLocal;AcceptanceAccepted"
2082,"2026-05-18 10:45:00",103,103,102.82,102.97,675,"LLLH","Red","Down",0.3,0.14,0.18,"Down",0.25,0.03,"Down",0.25,0.833333,0.944444,True,True,False,True,"Falling","Absent","Clustered","Local","Contained","Minor","BreaksPriorLow;CloseInsidePriorRange;CloseInsidePriorBody;DissipationLocal;AcceptanceContained;CompressionClustered"
2083,"2026-05-18 10:50:00",102.98,103.04,102.89,102.96,686,"HHHL","Red","Up",0.35,0.16,0.15,"Down",0.2,0.02,"Down",0.2,0.466667,0.733333,True,False,True,False,"Rising","Absent","Local","Local","Contained","Minor","BreaksPriorHigh;CloseInsidePriorRange;DissipationLocal;AcceptanceContained;CompressionLocal"
2084,"2026-05-18 10:55:00",102.94,103.06,102.86,103.04,437,"OutsideBar","Black","Down",0.1,0.04,0.2,"Up",0.35,0.1,"Up",0.5,0.9,0.75,True,False,True,True,"Falling","Local","Local","Local","Contained","Minor","BreaksPriorHigh;BreaksPriorLow;CloseInsidePriorRange;DissipationLocal;AcceptanceContained;CompressionLocal"
2085,"2026-05-18 11:00:00",103.03,103.12,102.98,103.03,555,"HHHL","Neutral","Up",0.15,0.06,0.14,"Down",0.15,0,"Down",0.15,0.357143,0.571429,True,True,True,False,"Rising","Absent","Local","Local","Contained","Minor","BreaksPriorHigh;CloseInsidePriorRange;CloseInsidePriorBody;DissipationLocal;AcceptanceContained;CompressionLocal"
2086,"2026-05-18 11:05:00",103.02,103.32,103.01,103.28,820,"HHHL","Black","Up",0.7,0.38,0.31,"Up",0.65,0.26,"Up",0.85,0.870968,0.354839,False,False,True,False,"Rising","Local","Absent","Absent","Accepted","Moderate","BreaksPriorHigh;AcceptanceAccepted"
2087,"2026-05-18 11:10:00",103.27,103.59,103.27,103.56,999,"HHHL","Black","Up",0.8,0.48,0.32,"Up",0.8,0.29,"Up",0.95,0.90625,0.15625,False,False,True,False,"Peak","Strong","Absent","Absent","Accepted","Major","VolumePeak20;RangePeak20;BreaksPriorHigh;AcceptanceAccepted"
2088,"2026-05-18 11:15:00",103.57,103.71,103.53,103.7,1259,"HHHL","Black","Up",0.95,0.58,0.18,"Down",0.3,0.13,"Down",0.6,0.944444,0.333333,False,False,True,False,"Peak","Absent","Absent","Local","Accepted","Major","VolumePeak20;HighVolumeLowRange;BreaksPriorHigh;DissipationLocal;AcceptanceAccepted"
2089,"2026-05-18 11:20:00",103.68,104.21,103.67,104.13,2995,"HHHL","Black","Up",1,0.98,0.54,"Up",1,0.45,"Up",1,0.851852,0.074074,False,False,True,False,"Climactic","Climactic","Absent","Absent","Accepted","SessionDefining","VolumePeak20;VolumeClimactic50;RangePeak20;RangeClimactic20;BreaksPriorHigh;AcceptanceAccepted"
2090,"2026-05-18 11:25:00",104.12,104.68,104.11,104.66,2830,"HHHL","Black","Down",0.95,0.96,0.57,"Up",1,0.54,"Up",1,0.964912,0.175439,False,False,True,False,"Climactic","Climactic","Absent","Local","Accepted","SessionDefining","VolumePeak20;VolumeClimactic50;RangePeak20;RangeClimactic20;BreaksPriorHigh;DissipationLocal;AcceptanceAccepted"
2091,"2026-05-18 11:30:00",104.64,105.21,104.15,104.42,10826,"HHHL","Red","Up",1,1,1.06,"Up",1,0.22,"Down",0.65,0.254717,0.5,True,True,True,False,"Climactic","Climactic","Local","Absent","Contained","SessionDefining","VolumePeak20;VolumeClimactic50;RangePeak20;RangeClimactic20;BreaksPriorHigh;CloseInsidePriorRange;CloseInsidePriorBody;AcceptanceContained;CompressionLocal"
2092,"2026-05-19 06:05:00",103.5,103.52,103.14,103.3,1238,"LLLH","Red","Down",0.75,0.54,0.38,"Down",0.8,0.2,"Down",0.6,0.421053,0,False,False,False,True,"Falling","Strong","Absent","Local","Accepted","Major","RangePeak20;BreaksPriorLow;DissipationLocal;AcceptanceAccepted"
2093,"2026-05-19 06:10:00",103.3,103.58,103.26,103.34,760,"HHHL","Black","Down",0.4,0.32,0.32,"Down",0.55,0.04,"Down",0.25,0.25,0.8125,True,True,True,False,"Falling","Absent","Clustered","Local","Contained","Minor","BreaksPriorHigh;CloseInsidePriorRange;CloseInsidePriorBody;DissipationLocal;AcceptanceContained;CompressionClustered"
2094,"2026-05-19 06:15:00",103.35,103.65,103.35,103.52,661,"HHHL","Black","Down",0.2,0.16,0.3,"Down",0.45,0.17,"Up",0.5,0.566667,0.766667,True,False,True,False,"Falling","Absent","Local","Local","Contained","Minor","BreaksPriorHigh;CloseInsidePriorRange;DissipationLocal;AcceptanceContained;CompressionLocal"
2095,"2026-05-19 06:20:00",103.51,104.13,103.48,104.1,1287,"HHHL","Black","Up",0.85,0.66,0.65,"Up",0.95,0.59,"Up",1,0.953846,0.261538,False,False,True,False,"Peak","Climactic","Absent","Absent","Accepted","Structural","VolumePeak20;RangePeak20;RangeClimactic20;BreaksPriorHigh;AcceptanceAccepted"
2096,"2026-05-19 06:25:00",104.11,104.43,103.97,104.36,1738,"HHHL","Black","Up",0.85,0.78,0.46,"Down",0.8,0.25,"Down",0.7,0.847826,0.347826,False,False,True,False,"Peak","Strong","Absent","Local","Accepted","Major","VolumePeak20;RangePeak20;BreaksPriorHigh;DissipationLocal;AcceptanceAccepted"
2097,"2026-05-19 06:30:00",104.39,104.64,104.33,104.42,1694,"HHHL","Black","Down",0.8,0.76,0.31,"Down",0.5,0.03,"Down",0.25,0.290323,0.322581,True,False,True,False,"Peak","Absent","Local","Local","Contained","Major","VolumePeak20;BreaksPriorHigh;CloseInsidePriorRange;DissipationLocal;AcceptanceContained;CompressionLocal"
2098,"2026-05-19 06:35:00",104.42,104.71,104.25,104.3,2433,"OutsideBar","Red","Up",0.85,0.88,0.46,"Up",0.75,0.12,"Up",0.4,0.108696,0.673913,False,False,True,True,"Peak","Local","Absent","Absent","Accepted","Major","VolumePeak20;BreaksPriorHigh;BreaksPriorLow;AcceptanceAccepted"
2099,"2026-05-19 06:40:00",104.31,104.5,104.05,104.19,1370,"LLLH","Red","Down",0.7,0.66,0.45,"Down",0.7,0.12,"Flat",0.4,0.311111,0.555556,False,False,False,True,"Falling","Absent","Absent","Local","Accepted","Moderate","BreaksPriorLow;DissipationLocal;AcceptanceAccepted"
2100,"2026-05-19 06:45:00",104.19,104.39,103.95,104.11,1348,"LLLH","Red","Down",0.65,0.66,0.44,"Down",0.65,0.08,"Down",0.3,0.363636,0.772727,True,False,False,True,"Falling","Absent","Local","Local","Contained","Moderate","BreaksPriorLow;CloseInsidePriorRange;DissipationLocal;AcceptanceContained;CompressionLocal"
2101,"2026-05-19 06:50:00",104.09,104.22,103.86,103.94,2233,"LLLH","Red","Up",0.8,0.9,0.36,"Down",0.55,0.15,"Up",0.55,0.222222,0.75,False,False,False,True,"Peak","Absent","Absent","Local","Accepted","Structural","VolumePeak20;BreaksPriorLow;DissipationLocal;AcceptanceAccepted"
2102,"2026-05-19 06:55:00",103.96,103.97,103.36,103.52,2115,"LLLH","Red","Down",0.75,0.88,0.61,"Up",0.9,0.44,"Up",0.85,0.262295,0.180328,False,False,False,True,"Falling","Strong","Absent","Local","Accepted","Structural","RangePeak20;BreaksPriorLow;DissipationLocal;AcceptanceAccepted"
2103,"2026-05-19 07:00:00",103.52,103.55,103.2,103.46,2609,"LLLH","Red","Up",0.85,0.94,0.35,"Down",0.45,0.06,"Down",0.2,0.742857,0.542857,True,False,False,True,"Peak","Absent","Local","Local","Contained","Structural","VolumePeak20;BreaksPriorLow;CloseInsidePriorRange;DissipationLocal;AcceptanceContained;CompressionLocal"
2104,"2026-05-19 07:05:00",103.48,103.53,102.61,102.78,3478,"LLLH","Red","Up",0.95,0.98,0.92,"Up",0.95,0.7,"Up",1,0.184783,0.358696,False,False,False,True,"Climactic","Climactic","Absent","Absent","Accepted","SessionDefining","VolumePeak20;VolumeClimactic50;RangePeak20;RangeClimactic20;BreaksPriorLow;AcceptanceAccepted"
2105,"2026-05-19 07:10:00",102.76,103.55,102.75,103.44,2481,"HHHL","Black","Down",0.75,0.88,0.8,"Down",0.9,0.68,"Down",0.95,0.8625,0.975,True,True,True,False,"Falling","Strong","Clustered","Local","Contained","Structural","RangePeak20;BreaksPriorHigh;CloseInsidePriorRange;CloseInsidePriorBody;DissipationLocal;AcceptanceContained;CompressionClustered"
2106,"2026-05-19 07:15:00",103.44,103.75,103.23,103.7,1718,"HHHL","Black","Down",0.5,0.74,0.52,"Down",0.65,0.26,"Down",0.65,0.903846,0.615385,False,False,True,False,"Falling","Absent","Absent","Local","Accepted","Moderate","BreaksPriorHigh;DissipationLocal;AcceptanceAccepted"
2107,"2026-05-19 07:20:00",103.71,103.77,103.53,103.64,698,"HHHL","Red","Down",0.1,0.28,0.24,"Down",0.1,0.07,"Down",0.2,0.458333,0.916667,True,True,True,False,"Falling","Absent","Clustered","Local","Contained","Minor","BreaksPriorHigh;CloseInsidePriorRange;CloseInsidePriorBody;DissipationLocal;AcceptanceContained;CompressionClustered"
2108,"2026-05-19 07:25:00",103.65,103.79,103.49,103.5,687,"OutsideBar","Red","Down",0.1,0.24,0.3,"Up",0.15,0.15,"Up",0.45,0.033333,0.8,False,False,True,True,"Falling","Local","Absent","Local","Accepted","Minor","BreaksPriorHigh;BreaksPriorLow;DissipationLocal;AcceptanceAccepted"
2109,"2026-05-19 07:30:00",103.51,103.56,103.06,103.14,960,"LLLH","Red","Up",0.25,0.5,0.5,"Up",0.65,0.37,"Up",0.75,0.16,0.14,False,False,False,True,"Rising","Local","Absent","Absent","Accepted","Moderate","BreaksPriorLow;AcceptanceAccepted"
2110,"2026-05-19 07:35:00",103.14,103.14,102.89,102.94,991,"LLLH","Red","Up",0.3,0.5,0.25,"Down",0.1,0.2,"Down",0.6,0.2,0.32,False,False,False,True,"Rising","Absent","Absent","Local","Accepted","Minor","BreaksPriorLow;DissipationLocal;AcceptanceAccepted"
2111,"2026-05-19 07:40:00",102.92,103.26,102.81,103.19,2007,"OutsideBar","Black","Up",0.7,0.78,0.45,"Up",0.6,0.27,"Up",0.75,0.844444,0.555556,False,False,True,True,"Rising","Local","Absent","Absent","Accepted","Moderate","BreaksPriorHigh;BreaksPriorLow;AcceptanceAccepted"
2112,"2026-05-19 07:45:00",103.21,103.5,103.09,103.29,1835,"HHHL","Black","Down",0.65,0.76,0.41,"Down",0.45,0.08,"Down",0.3,0.487805,0.414634,False,False,True,False,"Falling","Absent","Absent","Local","Accepted","Moderate","BreaksPriorHigh;DissipationLocal;AcceptanceAccepted"
2113,"2026-05-19 07:50:00",103.3,103.75,103.2,103.71,918,"HHHL","Black","Down",0.2,0.44,0.55,"Up",0.8,0.41,"Up",0.8,0.927273,0.545455,False,False,True,False,"Falling","Strong","Absent","Local","Accepted","Major","RangePeak20;LowVolumeHighRange;BreaksPriorHigh;DissipationLocal;AcceptanceAccepted"
2114,"2026-05-19 07:55:00",103.7,103.71,103.34,103.56,861,"InsideBar","Red","Down",0.15,0.4,0.37,"Down",0.35,0.14,"Down",0.4,0.594595,1,True,True,False,False,"Falling","Absent","Clustered","Absent","Unresolved","Minor","CloseInsidePriorRange;CloseInsidePriorBody;CompressionClustered"
2115,"2026-05-19 08:00:00",103.56,103.58,103.33,103.49,573,"LLLH","Red","Down",0.05,0.08,0.25,"Down",0.15,0.07,"Down",0.2,0.64,0.96,True,False,False,True,"Falling","Absent","Clustered","Local","Contained","Minor","BreaksPriorLow;CloseInsidePriorRange;DissipationLocal;AcceptanceContained;CompressionClustered"
2116,"2026-05-19 08:05:00",103.48,103.5,103,103.06,910,"LLLH","Red","Up",0.25,0.44,0.5,"Up",0.75,0.42,"Up",0.85,0.12,0.34,False,False,False,True,"Rising","Local","Absent","Absent","Accepted","Moderate","BreaksPriorLow;AcceptanceAccepted"
2117,"2026-05-19 08:10:00",103.04,103.44,102.96,103.15,1393,"LLLH","Black","Up",0.55,0.68,0.48,"Down",0.65,0.11,"Down",0.3,0.395833,0.916667,True,True,False,True,"Rising","Absent","Clustered","Local","Contained","Moderate","BreaksPriorLow;CloseInsidePriorRange;CloseInsidePriorBody;DissipationLocal;AcceptanceContained;CompressionClustered"
2118,"2026-05-19 08:15:00",103.15,103.5,103.15,103.44,684,"HHHL","Black","Down",0.1,0.2,0.35,"Down",0.3,0.29,"Up",0.7,0.828571,0.828571,True,False,True,False,"Falling","Absent","Clustered","Local","Contained","Minor","BreaksPriorHigh;CloseInsidePriorRange;DissipationLocal;AcceptanceContained;CompressionClustered"
2119,"2026-05-19 08:20:00",103.45,103.46,103.08,103.15,939,"LLLH","Red","Up",0.4,0.48,0.38,"Up",0.45,0.3,"Up",0.7,0.184211,0.815789,True,True,False,True,"Rising","Local","Local","Absent","Contained","Minor","BreaksPriorLow;CloseInsidePriorRange;CloseInsidePriorBody;AcceptanceContained;CompressionLocal"
2120,"2026-05-19 08:25:00",103.17,103.62,103.1,103.58,881,"HHHL","Black","Down",0.3,0.42,0.52,"Up",0.8,0.41,"Up",0.8,0.923077,0.692308,False,False,True,False,"Falling","Strong","Absent","Local","Accepted","Major","RangePeak20;LowVolumeHighRange;BreaksPriorHigh;DissipationLocal;AcceptanceAccepted"
2121,"2026-05-19 08:30:00",103.58,103.71,103.37,103.47,1305,"HHHL","Red","Up",0.6,0.64,0.34,"Down",0.25,0.11,"Down",0.3,0.294118,0.735294,True,True,True,False,"Rising","Absent","Local","Local","Contained","Moderate","BreaksPriorHigh;CloseInsidePriorRange;CloseInsidePriorBody;DissipationLocal;AcceptanceContained;CompressionLocal"
2122,"2026-05-19 08:35:00",103.48,103.53,103.21,103.42,794,"LLLH","Red","Down",0.25,0.32,0.32,"Down",0.25,0.06,"Down",0.1,0.65625,0.5,True,False,False,True,"Falling","Absent","Local","Local","Contained","Minor","BreaksPriorLow;CloseInsidePriorRange;DissipationLocal;AcceptanceContained;CompressionLocal"
2123,"2026-05-19 08:40:00",103.45,103.53,103.31,103.37,390,"InsideBar","Red","Down",0.05,0.04,0.22,"Down",0.05,0.08,"Up",0.2,0.272727,1,True,False,False,False,"Falling","Absent","Clustered","Absent","Unresolved","Minor","CloseInsidePriorRange;CompressionClustered"
2124,"2026-05-19 08:45:00",103.39,103.63,103.38,103.55,367,"HHHL","Black","Down",0.05,0.04,0.25,"Up",0.25,0.16,"Up",0.5,0.68,0.6,False,False,True,False,"Falling","Local","Absent","Local","Accepted","Minor","BreaksPriorHigh;DissipationLocal;AcceptanceAccepted"
2125,"2026-05-19 08:50:00",103.57,103.82,103.56,103.7,705,"HHHL","Black","Up",0.35,0.28,0.26,"Up",0.3,0.13,"Down",0.4,0.538462,0.269231,False,False,True,False,"Rising","Local","Absent","Absent","Accepted","Minor","BreaksPriorHigh;AcceptanceAccepted"
2126,"2026-05-19 08:55:00",103.71,103.83,103.63,103.76,918,"HHHL","Black","Up",0.65,0.5,0.2,"Down",0.05,0.05,"Down",0.05,0.65,0.95,True,False,True,False,"Rising","Absent","Clustered","Local","Contained","Moderate","BreaksPriorHigh;CloseInsidePriorRange;DissipationLocal;AcceptanceContained;CompressionClustered"
2127,"2026-05-19 09:00:00",103.76,103.91,103.75,103.83,625,"HHHL","Black","Down",0.2,0.14,0.16,"Down",0.05,0.07,"Up",0.15,0.5,0.5,True,False,True,False,"Falling","Absent","Local","Local","Contained","Minor","BreaksPriorHigh;CloseInsidePriorRange;DissipationLocal;AcceptanceContained;CompressionLocal"
2128,"2026-05-19 09:05:00",103.82,103.92,103.76,103.89,616,"HHHL","Black","Down",0.2,0.14,0.16,"Flat",0.1,0.07,"Up",0.25,0.8125,0.9375,True,False,True,False,"Falling","Absent","Clustered","Local","Contained","Minor","BreaksPriorHigh;CloseInsidePriorRange;DissipationLocal;AcceptanceContained;CompressionClustered"
2129,"2026-05-19 09:10:00",103.88,103.99,103.84,103.89,693,"HHHL","Black","Up",0.35,0.26,0.15,"Down",0.05,0.01,"Down",0.05,0.333333,0.533333,True,True,True,False,"Rising","Absent","Local","Local","Contained","Minor","BreaksPriorHigh;CloseInsidePriorRange;CloseInsidePriorBody;DissipationLocal;AcceptanceContained;CompressionLocal"
2130,"2026-05-19 09:15:00",103.89,104.05,103.83,103.97,612,"OutsideBar","Black","Down",0.2,0.12,0.22,"Up",0.3,0.08,"Up",0.4,0.636364,0.681818,True,False,True,True,"Falling","Local","Local","Local","Contained","Minor","BreaksPriorHigh;BreaksPriorLow;CloseInsidePriorRange;DissipationLocal;AcceptanceContained;CompressionLocal"
2131,"2026-05-19 09:20:00",103.96,104.01,103.83,103.89,489,"InsideBar","Red","Down",0.15,0.08,0.18,"Down",0.2,0.07,"Down",0.25,0.333333,1,True,True,False,False,"Falling","Absent","Clustered","Absent","Unresolved","Minor","CloseInsidePriorRange;CloseInsidePriorBody;CompressionClustered"
2132,"2026-05-19 09:25:00",103.88,104.03,103.86,103.9,501,"HHHL","Black","Up",0.2,0.1,0.17,"Down",0.2,0.02,"Down",0.1,0.235294,0.882353,True,True,True,False,"Rising","Absent","Clustered","Local","Contained","Minor","BreaksPriorHigh;CloseInsidePriorRange;CloseInsidePriorBody;DissipationLocal;AcceptanceContained;CompressionClustered"
2133,"2026-05-19 09:30:00",103.9,103.9,103.66,103.82,583,"LLLH","Red","Up",0.3,0.16,0.24,"Up",0.45,0.08,"Up",0.55,0.666667,0.166667,False,False,False,True,"Rising","Local","Absent","Absent","Accepted","Minor","BreaksPriorLow;AcceptanceAccepted"
2134,"2026-05-19 09:35:00",103.83,103.96,103.65,103.95,735,"OutsideBar","Black","Up",0.65,0.34,0.31,"Up",0.65,0.12,"Up",0.7,0.967742,0.774194,False,False,True,True,"Rising","Local","Absent","Absent","Accepted","Moderate","BreaksPriorHigh;BreaksPriorLow;AcceptanceAccepted"
2135,"2026-05-19 09:40:00",103.95,104.15,103.94,104.06,827,"HHHL","Black","Up",0.7,0.4,0.21,"Down",0.35,0.11,"Down",0.65,0.571429,0.095238,False,False,True,False,"Rising","Absent","Absent","Local","Accepted","Moderate","BreaksPriorHigh;DissipationLocal;AcceptanceAccepted"
2136,"2026-05-19 09:45:00",104.06,104.12,103.91,103.96,543,"LLLH","Red","Down",0.25,0.1,0.21,"Flat",0.4,0.1,"Down",0.55,0.238095,0.857143,True,True,False,True,"Falling","Absent","Clustered","Local","Contained","Minor","BreaksPriorLow;CloseInsidePriorRange;CloseInsidePriorBody;DissipationLocal;AcceptanceContained;CompressionClustered"
2137,"2026-05-19 09:50:00",103.96,103.97,103.62,103.69,943,"LLLH","Red","Up",0.95,0.54,0.35,"Up",0.9,0.27,"Up",0.85,0.2,0.171429,False,False,False,True,"Peak","Strong","Absent","Absent","Accepted","Structural","VolumePeak20;RangePeak20;BreaksPriorLow;AcceptanceAccepted"
2138,"2026-05-19 09:55:00",103.68,103.76,103.51,103.72,746,"LLLH","Black","Down",0.65,0.36,0.25,"Down",0.65,0.04,"Down",0.15,0.84,0.56,True,True,False,True,"Falling","Absent","Local","Local","Contained","Moderate","BreaksPriorLow;CloseInsidePriorRange;CloseInsidePriorBody;DissipationLocal;AcceptanceContained;CompressionLocal"
2139,"2026-05-19 10:00:00",103.71,103.76,103.62,103.71,506,"InsideBar","Neutral","Down",0.25,0.1,0.14,"Down",0.05,0,"Down",0.05,0.642857,1,True,True,False,False,"Falling","Absent","Clustered","Absent","Unresolved","Minor","CloseInsidePriorRange;CloseInsidePriorBody;CompressionClustered"
2140,"2026-05-19 10:05:00",103.71,103.83,103.68,103.82,612,"HHHL","Black","Up",0.45,0.2,0.15,"Up",0.15,0.11,"Up",0.8,0.933333,0.533333,False,False,True,False,"Rising","Local","Absent","Absent","Accepted","Minor","BreaksPriorHigh;AcceptanceAccepted"
2141,"2026-05-19 10:10:00",103.82,104.05,103.81,104.02,690,"HHHL","Black","Up",0.6,0.32,0.24,"Up",0.65,0.2,"Up",0.95,0.875,0.083333,False,False,True,False,"Rising","Local","Absent","Absent","Accepted","Moderate","BreaksPriorHigh;AcceptanceAccepted"
2142,"2026-05-19 10:15:00",104.02,104.09,103.92,103.93,442,"HHHL","Red","Down",0.15,0.06,0.17,"Down",0.35,0.09,"Down",0.6,0.058824,0.764706,True,True,True,False,"Falling","Absent","Local","Local","Contained","Minor","BreaksPriorHigh;CloseInsidePriorRange;CloseInsidePriorBody;DissipationLocal;AcceptanceContained;CompressionLocal"
2143,"2026-05-19 10:20:00",103.92,103.99,103.84,103.94,402,"LLLH","Black","Down",0.1,0.06,0.15,"Down",0.2,0.02,"Down",0.15,0.666667,0.466667,True,True,False,True,"Falling","Absent","Local","Local","Contained","Minor","BreaksPriorLow;CloseInsidePriorRange;CloseInsidePriorBody;DissipationLocal;AcceptanceContained;CompressionLocal"
2144,"2026-05-19 10:25:00",103.94,104.06,103.94,103.97,322,"HHHL","Black","Down",0.05,0.02,0.12,"Down",0.05,0.03,"Up",0.25,0.25,0.416667,True,False,True,False,"Falling","Absent","Local","Local","Contained","Minor","BreaksPriorHigh;CloseInsidePriorRange;DissipationLocal;AcceptanceContained;CompressionLocal"
2145,"2026-05-19 10:30:00",103.97,104.05,103.9,103.91,333,"LLLH","Red","Up",0.1,0.04,0.15,"Up",0.3,0.06,"Up",0.4,0.066667,0.733333,False,False,False,True,"Rising","Local","Absent","Absent","Accepted","Minor","BreaksPriorLow;AcceptanceAccepted"
2146,"2026-05-19 10:35:00",103.91,103.91,103.75,103.79,546,"LLLH","Red","Up",0.45,0.22,0.16,"Up",0.45,0.12,"Up",0.85,0.25,0.0625,False,False,False,True,"Rising","Local","Absent","Absent","Accepted","Minor","BreaksPriorLow;AcceptanceAccepted"
2147,"2026-05-19 10:40:00",103.78,103.78,103.33,103.41,1398,"LLLH","Red","Up",1,0.82,0.45,"Up",1,0.37,"Up",1,0.177778,0.066667,False,False,False,True,"Peak","Climactic","Absent","Absent","Accepted","Structural","VolumePeak20;RangePeak20;RangeClimactic20;BreaksPriorLow;AcceptanceAccepted"
2148,"2026-05-19 10:45:00",103.38,103.59,103.27,103.47,1473,"LLLH","Black","Up",1,0.84,0.32,"Down",0.9,0.09,"Down",0.6,0.625,0.8125,True,True,False,True,"Peak","Strong","Clustered","Local","Contained","Structural","VolumePeak20;RangePeak20;BreaksPriorLow;CloseInsidePriorRange;CloseInsidePriorBody;DissipationLocal;AcceptanceContained;CompressionClustered"
2149,"2026-05-19 10:50:00",103.46,103.84,103.46,103.63,1357,"HHHL","Black","Down",0.9,0.78,0.38,"Up",0.95,0.17,"Up",0.85,0.447368,0.342105,False,False,True,False,"Peak","Climactic","Absent","Local","Accepted","Structural","VolumePeak20;RangePeak20;RangeClimactic20;BreaksPriorHigh;DissipationLocal;AcceptanceAccepted"
2150,"2026-05-19 10:55:00",103.61,103.61,103.42,103.55,901,"LLLH","Red","Down",0.8,0.6,0.19,"Down",0.5,0.06,"Down",0.35,0.684211,0.789474,True,True,False,True,"Peak","Absent","Local","Local","Contained","Major","VolumePeak20;BreaksPriorLow;CloseInsidePriorRange;CloseInsidePriorBody;DissipationLocal;AcceptanceContained;CompressionLocal"
2151,"2026-05-19 11:00:00",103.53,103.58,103.41,103.44,1059,"LLLH","Red","Up",0.85,0.76,0.17,"Down",0.45,0.09,"Up",0.55,0.176471,0.941176,True,False,False,True,"Peak","Absent","Clustered","Local","Contained","Major","VolumePeak20;BreaksPriorLow;CloseInsidePriorRange;DissipationLocal;AcceptanceContained;CompressionClustered"
2152,"2026-05-19 11:05:00",103.43,103.51,103.3,103.35,1465,"LLLH","Red","Up",0.95,0.86,0.21,"Up",0.6,0.08,"Down",0.4,0.238095,0.47619,False,False,False,True,"Peak","Local","Absent","Absent","Accepted","Major","VolumePeak20;BreaksPriorLow;AcceptanceAccepted"
2153,"2026-05-19 11:10:00",103.35,103.37,103.21,103.24,1139,"LLLH","Red","Down",0.8,0.78,0.16,"Down",0.35,0.11,"Up",0.7,0.1875,0.4375,False,False,False,True,"Peak","Absent","Absent","Local","Accepted","Major","VolumePeak20;HighVolumeLowRange;BreaksPriorLow;DissipationLocal;AcceptanceAccepted"
2154,"2026-05-19 11:15:00",103.23,103.27,103.09,103.17,1304,"LLLH","Red","Up",0.8,0.8,0.18,"Up",0.5,0.06,"Down",0.35,0.444444,0.333333,False,False,False,True,"Peak","Local","Absent","Absent","Accepted","Major","VolumePeak20;BreaksPriorLow;AcceptanceAccepted"
2155,"2026-05-19 11:20:00",103.17,103.43,103.14,103.35,1790,"HHHL","Black","Up",1,0.96,0.29,"Up",0.8,0.18,"Up",0.85,0.724138,0.448276,False,False,True,False,"Climactic","Strong","Absent","Absent","Accepted","Structural","VolumePeak20;VolumeClimactic50;RangePeak20;BreaksPriorHigh;AcceptanceAccepted"
2156,"2026-05-19 11:25:00",103.35,103.87,103.27,103.65,3461,"HHHL","Black","Up",1,1,0.6,"Up",1,0.3,"Up",0.95,0.633333,0.266667,False,False,True,False,"Climactic","Climactic","Absent","Absent","Accepted","SessionDefining","VolumePeak20;VolumeClimactic50;RangePeak20;RangeClimactic20;BreaksPriorHigh;AcceptanceAccepted"
2157,"2026-05-19 11:30:00",103.64,104.46,103.46,104.41,8675,"HHHL","Black","Up",1,1,1,"Up",1,0.77,"Up",1,0.95,0.41,False,False,True,False,"Climactic","Climactic","Absent","Absent","Accepted","SessionDefining","VolumePeak20;VolumeClimactic50;RangePeak20;RangeClimactic20;BreaksPriorHigh;AcceptanceAccepted"
2158,"2026-05-20 06:05:00",101.68,102,101.68,101.86,2553,"LLLH","Black","Down",0.9,0.96,0.32,"Down",0.75,0.18,"Down",0.8,0.5625,0,False,False,False,True,"Climactic","Absent","Absent","Local","Accepted","Structural","VolumePeak20;VolumeClimactic50;BreaksPriorLow;DissipationLocal;AcceptanceAccepted"
2159,"2026-05-20 06:10:00",101.85,101.95,101.53,101.53,1336,"LLLH","Red","Down",0.6,0.78,0.42,"Up",0.85,0.32,"Up",0.9,0,0.642857,False,False,False,True,"Falling","Strong","Absent","Local","Accepted","Major","RangePeak20;BreaksPriorLow;DissipationLocal;AcceptanceAccepted"
2160,"2026-05-20 06:15:00",101.53,101.6,101.33,101.33,1031,"LLLH","Red","Down",0.4,0.68,0.27,"Down",0.6,0.2,"Down",0.8,0,0.259259,False,False,False,True,"Falling","Absent","Absent","Local","Accepted","Moderate","BreaksPriorLow;DissipationLocal;AcceptanceAccepted"
2161,"2026-05-20 06:20:00",101.35,101.57,101.29,101.55,1067,"LLLH","Black","Up",0.45,0.72,0.28,"Up",0.6,0.2,"Flat",0.8,0.928571,0.857143,True,False,False,True,"Rising","Local","Local","Absent","Contained","Moderate","BreaksPriorLow;CloseInsidePriorRange;AcceptanceContained;CompressionLocal"
2162,"2026-05-20 06:25:00",101.57,101.92,101.57,101.85,906,"HHHL","Black","Down",0.3,0.58,0.35,"Up",0.75,0.28,"Up",0.8,0.8,0,False,False,True,False,"Falling","Local","Absent","Local","Accepted","Moderate","BreaksPriorHigh;DissipationLocal;AcceptanceAccepted"
2163,"2026-05-20 06:30:00",101.85,102.11,101.76,102.04,1643,"HHHL","Black","Up",0.8,0.92,0.35,"Down",0.7,0.19,"Down",0.65,0.8,0.457143,False,False,True,False,"Peak","Absent","Absent","Local","Accepted","Structural","VolumePeak20;BreaksPriorHigh;DissipationLocal;AcceptanceAccepted"
2164,"2026-05-20 06:35:00",102.05,102.17,101.9,101.98,1297,"HHHL","Red","Down",0.45,0.74,0.27,"Down",0.45,0.07,"Down",0.2,0.296296,0.777778,True,True,True,False,"Falling","Absent","Local","Local","Contained","Minor","BreaksPriorHigh;CloseInsidePriorRange;CloseInsidePriorBody;DissipationLocal;AcceptanceContained;CompressionLocal"
2165,"2026-05-20 06:40:00",101.98,102.14,101.95,102,756,"InsideBar","Black","Down",0.1,0.46,0.19,"Down",0.3,0.02,"Down",0.05,0.263158,1,True,True,False,False,"Falling","Absent","Clustered","Absent","Unresolved","Minor","CloseInsidePriorRange;CloseInsidePriorBody;CompressionClustered"
2166,"2026-05-20 06:45:00",102,102.1,101.85,101.96,1327,"LLLH","Red","Up",0.5,0.78,0.25,"Up",0.35,0.04,"Up",0.1,0.44,0.6,True,False,False,True,"Rising","Local","Local","Absent","Contained","Minor","BreaksPriorLow;CloseInsidePriorRange;AcceptanceContained;CompressionLocal"
2167,"2026-05-20 06:50:00",101.97,102,101.64,101.88,1260,"LLLH","Red","Down",0.4,0.72,0.36,"Up",0.8,0.09,"Up",0.45,0.666667,0.416667,True,False,False,True,"Falling","Strong","Local","Local","Contained","Major","RangePeak20;LowVolumeHighRange;BreaksPriorLow;CloseInsidePriorRange;DissipationLocal;AcceptanceContained;CompressionLocal"
2168,"2026-05-20 06:55:00",101.89,102.14,101.81,102.12,1203,"HHHL","Black","Down",0.4,0.7,0.33,"Down",0.65,0.23,"Up",0.8,0.939394,0.575758,False,False,True,False,"Falling","Absent","Absent","Local","Accepted","Moderate","BreaksPriorHigh;DissipationLocal;AcceptanceAccepted"
2169,"2026-05-20 07:00:00",102.13,102.33,102,102.27,888,"HHHL","Black","Down",0.1,0.52,0.33,"Flat",0.7,0.14,"Down",0.5,0.818182,0.424242,False,False,True,False,"Falling","Absent","Absent","Local","Accepted","Moderate","BreaksPriorHigh;DissipationLocal;AcceptanceAccepted"
2170,"2026-05-20 07:05:00",102.26,102.45,102.21,102.35,939,"HHHL","Black","Up",0.2,0.58,0.24,"Down",0.3,0.09,"Down",0.3,0.583333,0.5,False,False,True,False,"Rising","Absent","Absent","Local","Accepted","Minor","BreaksPriorHigh;DissipationLocal;AcceptanceAccepted"
2171,"2026-05-20 07:10:00",102.36,102.53,102.32,102.43,1352,"HHHL","Black","Up",0.7,0.82,0.21,"Down",0.25,0.07,"Down",0.25,0.52381,0.619048,True,False,True,False,"Rising","Absent","Local","Local","Contained","Moderate","BreaksPriorHigh;CloseInsidePriorRange;DissipationLocal;AcceptanceContained;CompressionLocal"
2172,"2026-05-20 07:15:00",102.43,102.8,101.45,101.73,5742,"OutsideBar","Red","Up",0.95,0.98,1.35,"Up",1,0.7,"Up",0.95,0.207407,0.155556,False,False,True,True,"Climactic","Climactic","Absent","Absent","Accepted","SessionDefining","VolumePeak20;VolumeClimactic50;RangePeak20;RangeClimactic20;BreaksPriorHigh;BreaksPriorLow;AcceptanceAccepted"
2173,"2026-05-20 07:20:00",101.74,101.8,99.45,100.16,14204,"LLLH","Red","Up",1,1,2.35,"Up",1,1.58,"Up",1,0.302128,0.148936,False,False,False,True,"Climactic","Climactic","Absent","Absent","Accepted","SessionDefining","VolumePeak20;VolumeClimactic50;RangePeak20;RangeClimactic20;BreaksPriorLow;AcceptanceAccepted"
2174,"2026-05-20 07:25:00",100.15,100.87,99.73,100.67,5328,"InsideBar","Black","Down",0.85,0.94,1.14,"Down",0.9,0.52,"Down",0.85,0.824561,1,True,True,False,False,"Peak","Strong","Clustered","Absent","Unresolved","Structural","VolumePeak20;RangePeak20;CloseInsidePriorRange;CloseInsidePriorBody;CompressionClustered"
2175,"2026-05-20 07:30:00",100.68,100.81,99.98,100.39,2380,"InsideBar","Red","Down",0.7,0.88,0.83,"Down",0.8,0.29,"Down",0.7,0.493976,1,True,True,False,False,"Falling","Strong","Clustered","Absent","Unresolved","Major","RangePeak20;CloseInsidePriorRange;CloseInsidePriorBody;CompressionClustered"
2176,"2026-05-20 07:35:00",100.42,100.43,99.45,99.92,3877,"LLLH","Red","Up",0.8,0.92,0.98,"Up",0.8,0.5,"Up",0.8,0.479592,0.459184,False,False,False,True,"Peak","Strong","Absent","Absent","Accepted","Structural","VolumePeak20;RangePeak20;BreaksPriorLow;AcceptanceAccepted"
2177,"2026-05-20 07:40:00",99.94,100.67,99.84,100.5,3325,"HHHL","Black","Down",0.8,0.88,0.83,"Down",0.8,0.56,"Up",0.9,0.795181,0.710843,False,False,True,False,"Peak","Strong","Absent","Local","Accepted","Major","VolumePeak20;RangePeak20;BreaksPriorHigh;DissipationLocal;AcceptanceAccepted"
2178,"2026-05-20 07:45:00",100.51,101,100.38,100.45,2241,"HHHL","Red","Down",0.7,0.82,0.62,"Down",0.7,0.06,"Down",0.15,0.112903,0.467742,True,True,True,False,"Falling","Absent","Local","Local","Contained","Moderate","BreaksPriorHigh;CloseInsidePriorRange;CloseInsidePriorBody;DissipationLocal;AcceptanceContained;CompressionLocal"
2179,"2026-05-20 07:50:00",100.46,100.79,100.37,100.64,1087,"LLLH","Black","Down",0.35,0.52,0.42,"Down",0.65,0.18,"Up",0.45,0.642857,0.97619,True,False,False,True,"Falling","Absent","Clustered","Local","Contained","Moderate","BreaksPriorLow;CloseInsidePriorRange;DissipationLocal;AcceptanceContained;CompressionClustered"
2180,"2026-05-20 07:55:00",100.62,100.99,100.43,100.57,1151,"HHHL","Red","Up",0.35,0.54,0.56,"Up",0.65,0.05,"Down",0.15,0.25,0.642857,True,True,True,False,"Rising","Local","Local","Absent","Contained","Moderate","BreaksPriorHigh;CloseInsidePriorRange;CloseInsidePriorBody;AcceptanceContained;CompressionLocal"
2181,"2026-05-20 08:00:00",100.56,100.65,100.22,100.49,1825,"LLLH","Red","Up",0.65,0.8,0.43,"Down",0.6,0.07,"Up",0.35,0.627907,0.511628,True,False,False,True,"Rising","Absent","Local","Local","Contained","Moderate","BreaksPriorLow;CloseInsidePriorRange;DissipationLocal;AcceptanceContained;CompressionLocal"
2182,"2026-05-20 08:05:00",100.5,100.53,100,100.38,2200,"LLLH","Red","Up",0.65,0.8,0.53,"Up",0.6,0.12,"Up",0.5,0.716981,0.584906,True,False,False,True,"Rising","Local","Local","Absent","Contained","Moderate","BreaksPriorLow;CloseInsidePriorRange;AcceptanceContained;CompressionLocal"
2183,"2026-05-20 08:10:00",100.39,100.67,100.29,100.6,899,"HHHL","Black","Down",0.15,0.3,0.38,"Down",0.45,0.21,"Up",0.65,0.815789,0.631579,False,False,True,False,"Falling","Absent","Absent","Local","Accepted","Minor","BreaksPriorHigh;DissipationLocal;AcceptanceAccepted"
2184,"2026-05-20 08:15:00",100.6,100.66,100.46,100.58,470,"InsideBar","Red","Down",0.05,0.1,0.2,"Down",0.1,0.02,"Down",0.1,0.6,1,True,True,False,False,"Falling","Absent","Clustered","Absent","Unresolved","Minor","CloseInsidePriorRange;CloseInsidePriorBody;CompressionClustered"
2185,"2026-05-20 08:20:00",100.57,100.57,97,98.84,17491,"LLLH","Red","Up",1,1,3.57,"Up",1,1.73,"Up",1,0.515406,0.030812,False,False,False,True,"Climactic","Climactic","Absent","Absent","Accepted","SessionDefining","VolumePeak20;VolumeClimactic50;RangePeak20;RangeClimactic20;BreaksPriorLow;AcceptanceAccepted"
2186,"2026-05-20 08:25:00",98.85,99.34,98.73,98.92,3429,"InsideBar","Black","Down",0.75,0.86,0.61,"Down",0.6,0.07,"Down",0.3,0.311475,1,True,True,False,False,"Falling","Absent","Clustered","Absent","Unresolved","Moderate","CloseInsidePriorRange;CloseInsidePriorBody;CompressionClustered"
2187,"2026-05-20 08:30:00",98.93,100,98.92,99.7,3940,"HHHL","Black","Up",0.8,0.9,1.08,"Up",0.8,0.77,"Up",0.9,0.722222,0.388889,False,False,True,False,"Peak","Strong","Absent","Absent","Accepted","Structural","VolumePeak20;RangePeak20;BreaksPriorHigh;AcceptanceAccepted"
2188,"2026-05-20 08:35:00",99.69,99.78,99.02,99.06,2508,"InsideBar","Red","Down",0.6,0.78,0.76,"Down",0.6,0.63,"Down",0.8,0.052632,1,True,True,False,False,"Falling","Absent","Clustered","Absent","Unresolved","Moderate","CloseInsidePriorRange;CloseInsidePriorBody;CompressionClustered"
2189,"2026-05-20 08:40:00",99.08,99.27,98.81,99.09,2182,"LLLH","Black","Down",0.4,0.7,0.46,"Down",0.35,0.01,"Down",0.05,0.608696,0.543478,True,True,False,True,"Falling","Absent","Local","Local","Contained","Minor","BreaksPriorLow;CloseInsidePriorRange;CloseInsidePriorBody;DissipationLocal;AcceptanceContained;CompressionLocal"
2190,"2026-05-20 08:45:00",99.09,99.35,98.93,99.04,1397,"HHHL","Red","Down",0.3,0.56,0.42,"Down",0.2,0.05,"Up",0.15,0.261905,0.809524,True,False,True,False,"Falling","Absent","Clustered","Local","Contained","Minor","BreaksPriorHigh;CloseInsidePriorRange;DissipationLocal;AcceptanceContained;CompressionClustered"
2191,"2026-05-20 08:50:00",99.04,99.11,98.87,98.96,864,"LLLH","Red","Down",0.1,0.16,0.24,"Down",0.1,0.08,"Up",0.4,0.375,0.75,True,False,False,True,"Falling","Absent","Local","Local","Contained","Minor","BreaksPriorLow;CloseInsidePriorRange;DissipationLocal;AcceptanceContained;CompressionLocal"
2192,"2026-05-20 08:55:00",98.96,99.33,98.72,99.32,1484,"OutsideBar","Black","Up",0.35,0.62,0.61,"Up",0.55,0.36,"Up",0.65,0.983607,0.393443,False,False,True,True,"Rising","Local","Absent","Absent","Accepted","Minor","BreaksPriorHigh;BreaksPriorLow;AcceptanceAccepted"
2193,"2026-05-20 09:00:00",99.35,99.7,98.92,99.26,2960,"HHHL","Red","Up",0.7,0.8,0.78,"Up",0.7,0.09,"Down",0.45,0.435897,0.525641,True,True,True,False,"Rising","Local","Local","Absent","Contained","Moderate","BreaksPriorHigh;CloseInsidePriorRange;CloseInsidePriorBody;AcceptanceContained;CompressionLocal"
2194,"2026-05-20 09:05:00",99.23,99.3,98.56,98.69,1245,"LLLH","Red","Down",0.3,0.36,0.74,"Down",0.65,0.54,"Up",0.8,0.175676,0.513514,False,False,False,True,"Falling","Absent","Absent","Local","Accepted","Moderate","BreaksPriorLow;DissipationLocal;AcceptanceAccepted"
2195,"2026-05-20 09:10:00",98.69,98.74,98.35,98.63,1424,"LLLH","Red","Up",0.4,0.54,0.39,"Down",0.2,0.06,"Down",0.3,0.717949,0.461538,True,False,False,True,"Rising","Absent","Local","Local","Contained","Minor","BreaksPriorLow;CloseInsidePriorRange;DissipationLocal;AcceptanceContained;CompressionLocal"
2196,"2026-05-20 09:15:00",98.64,98.77,98.5,98.54,709,"HHHL","Red","Down",0.1,0.04,0.27,"Down",0.15,0.1,"Up",0.55,0.148148,0.888889,True,False,True,False,"Falling","Absent","Clustered","Local","Contained","Minor","BreaksPriorHigh;CloseInsidePriorRange;DissipationLocal;AcceptanceContained;CompressionClustered"
2197,"2026-05-20 09:20:00",98.55,98.98,98.55,98.88,1042,"HHHL","Black","Up",0.25,0.22,0.43,"Up",0.45,0.33,"Up",0.75,0.767442,0.511628,False,False,True,False,"Rising","Local","Absent","Absent","Accepted","Minor","BreaksPriorHigh;AcceptanceAccepted"
2198,"2026-05-20 09:25:00",98.87,99.59,98.78,99.54,2039,"HHHL","Black","Up",0.65,0.66,0.81,"Up",0.9,0.67,"Up",0.9,0.938272,0.246914,False,False,True,False,"Rising","Strong","Absent","Absent","Accepted","Structural","RangePeak20;BreaksPriorHigh;AcceptanceAccepted"
2199,"2026-05-20 09:30:00",99.56,99.64,99.2,99.42,1452,"HHHL","Red","Down",0.5,0.54,0.44,"Down",0.45,0.14,"Down",0.6,0.5,0.886364,True,True,True,False,"Falling","Absent","Clustered","Local","Contained","Minor","BreaksPriorHigh;CloseInsidePriorRange;CloseInsidePriorBody;DissipationLocal;AcceptanceContained;CompressionClustered"
2200,"2026-05-20 09:35:00",99.42,99.51,99.17,99.34,1291,"LLLH","Red","Down",0.35,0.38,0.34,"Down",0.2,0.08,"Down",0.35,0.5,0.911765,True,False,False,True,"Falling","Absent","Clustered","Local","Contained","Minor","BreaksPriorLow;CloseInsidePriorRange;DissipationLocal;AcceptanceContained;CompressionClustered"
2201,"2026-05-20 09:40:00",99.32,99.32,98.69,98.77,1119,"LLLH","Red","Down",0.3,0.26,0.63,"Up",0.7,0.55,"Up",0.8,0.126984,0.238095,False,False,False,True,"Falling","Local","Absent","Local","Accepted","Moderate","BreaksPriorLow;DissipationLocal;AcceptanceAccepted"
2202,"2026-05-20 09:45:00",98.75,98.82,97.94,98.05,2395,"LLLH","Red","Up",0.75,0.74,0.88,"Up",0.9,0.7,"Up",0.9,0.125,0.147727,False,False,False,True,"Rising","Strong","Absent","Absent","Accepted","Structural","RangePeak20;BreaksPriorLow;AcceptanceAccepted"
2203,"2026-05-20 09:50:00",98.05,98.18,97.8,98.08,2129,"LLLH","Black","Down",0.65,0.64,0.38,"Down",0.25,0.03,"Down",0.15,0.736842,0.631579,True,True,False,True,"Falling","Absent","Local","Local","Contained","Moderate","BreaksPriorLow;CloseInsidePriorRange;CloseInsidePriorBody;DissipationLocal;AcceptanceContained;CompressionLocal"
2204,"2026-05-20 09:55:00",98.08,98.09,97.6,97.77,1270,"LLLH","Red","Down",0.3,0.36,0.49,"Up",0.5,0.31,"Up",0.55,0.346939,0.591837,False,False,False,True,"Falling","Local","Absent","Local","Accepted","Minor","BreaksPriorLow;DissipationLocal;AcceptanceAccepted"
2205,"2026-05-20 10:00:00",97.77,97.96,97.61,97.89,1838,"InsideBar","Black","Up",0.6,0.6,0.35,"Down",0.2,0.12,"Down",0.5,0.8,1,True,True,False,False,"Rising","Absent","Clustered","Local","Unresolved","Moderate","CloseInsidePriorRange;CloseInsidePriorBody;DissipationLocal;CompressionClustered"
2206,"2026-05-20 10:05:00",97.84,98.08,97.69,97.81,1514,"HHHL","Red","Down",0.6,0.56,0.39,"Up",0.35,0.03,"Down",0.15,0.307692,0.692308,True,True,True,False,"Falling","Local","Local","Local","Contained","Moderate","BreaksPriorHigh;CloseInsidePriorRange;CloseInsidePriorBody;DissipationLocal;AcceptanceContained;CompressionLocal"
2207,"2026-05-20 10:10:00",97.78,97.94,97.62,97.67,958,"LLLH","Red","Down",0.15,0.18,0.32,"Down",0.15,0.11,"Up",0.5,0.15625,0.78125,False,False,False,True,"Falling","Absent","Absent","Local","Accepted","Minor","BreaksPriorLow;DissipationLocal;AcceptanceAccepted"
2208,"2026-05-20 10:15:00",97.68,97.81,97.01,97.46,3332,"LLLH","Red","Up",1,0.86,0.8,"Up",0.9,0.22,"Up",0.65,0.5625,0.2375,False,False,False,True,"Peak","Strong","Absent","Absent","Accepted","Structural","VolumePeak20;RangePeak20;BreaksPriorLow;AcceptanceAccepted"
2209,"2026-05-20 10:20:00",97.5,97.52,96.94,97.11,2172,"LLLH","Red","Down",0.85,0.68,0.58,"Down",0.65,0.39,"Up",0.8,0.293103,0.87931,True,False,False,True,"Peak","Absent","Clustered","Local","Contained","Major","VolumePeak20;BreaksPriorLow;CloseInsidePriorRange;DissipationLocal;AcceptanceContained;CompressionClustered"
2210,"2026-05-20 10:25:00",97.11,97.5,97.04,97.45,1276,"InsideBar","Black","Down",0.4,0.38,0.46,"Down",0.55,0.34,"Down",0.7,0.891304,1,True,True,False,False,"Falling","Absent","Clustered","Absent","Unresolved","Minor","CloseInsidePriorRange;CloseInsidePriorBody;CompressionClustered"
2211,"2026-05-20 10:30:00",97.43,97.8,97.4,97.46,2910,"HHHL","Black","Up",0.9,0.8,0.4,"Down",0.4,0.03,"Down",0.05,0.15,0.25,True,False,True,False,"Peak","Absent","Local","Local","Contained","Major","VolumePeak20;HighVolumeLowRange;BreaksPriorHigh;CloseInsidePriorRange;DissipationLocal;AcceptanceContained;CompressionLocal"
2212,"2026-05-20 10:35:00",97.45,97.71,97.2,97.59,1608,"LLLH","Black","Down",0.6,0.54,0.51,"Up",0.65,0.14,"Up",0.55,0.764706,0.607843,True,False,False,True,"Falling","Local","Local","Local","Contained","Moderate","BreaksPriorLow;CloseInsidePriorRange;DissipationLocal;AcceptanceContained;CompressionLocal"
2213,"2026-05-20 10:40:00",97.58,97.67,97.12,97.5,1625,"LLLH","Red","Up",0.65,0.56,0.55,"Up",0.7,0.08,"Down",0.3,0.690909,0.854545,True,True,False,True,"Rising","Local","Local","Absent","Contained","Moderate","BreaksPriorLow;CloseInsidePriorRange;CloseInsidePriorBody;AcceptanceContained;CompressionLocal"
2214,"2026-05-20 10:45:00",97.54,97.8,97.51,97.73,1570,"HHHL","Black","Down",0.55,0.52,0.29,"Down",0.1,0.19,"Up",0.6,0.758621,0.551724,False,False,True,False,"Falling","Absent","Absent","Local","Accepted","Minor","BreaksPriorHigh;DissipationLocal;AcceptanceAccepted"
2215,"2026-05-20 10:50:00",97.72,97.87,97.52,97.83,1399,"HHHL","Black","Down",0.4,0.42,0.35,"Up",0.3,0.11,"Down",0.4,0.885714,0.8,False,False,True,False,"Falling","Local","Absent","Local","Accepted","Minor","BreaksPriorHigh;DissipationLocal;AcceptanceAccepted"
2216,"2026-05-20 10:55:00",97.82,97.93,97.75,97.86,1221,"HHHL","Black","Down",0.2,0.26,0.18,"Down",0.05,0.04,"Down",0.2,0.611111,0.666667,True,False,True,False,"Falling","Absent","Local","Local","Contained","Minor","BreaksPriorHigh;CloseInsidePriorRange;DissipationLocal;AcceptanceContained;CompressionLocal"
2217,"2026-05-20 11:00:00",97.85,98.35,97.78,98.32,1953,"HHHL","Black","Up",0.7,0.6,0.57,"Up",0.75,0.47,"Up",0.85,0.947368,0.263158,False,False,True,False,"Rising","Local","Absent","Absent","Accepted","Moderate","BreaksPriorHigh;AcceptanceAccepted"
2218,"2026-05-20 11:05:00",98.3,98.36,97.95,98.17,1324,"HHHL","Red","Down",0.35,0.34,0.41,"Down",0.5,0.13,"Down",0.5,0.536585,0.97561,True,True,True,False,"Falling","Absent","Clustered","Local","Contained","Minor","BreaksPriorHigh;CloseInsidePriorRange;CloseInsidePriorBody;DissipationLocal;AcceptanceContained;CompressionClustered"
2219,"2026-05-20 11:10:00",98.15,98.46,98.15,98.38,1293,"HHHL","Black","Down",0.35,0.32,0.31,"Down",0.15,0.23,"Up",0.7,0.741935,0.677419,False,False,True,False,"Falling","Absent","Absent","Local","Accepted","Minor","BreaksPriorHigh;DissipationLocal;AcceptanceAccepted"
2220,"2026-05-20 11:15:00",98.37,98.5,98.28,98.4,1676,"HHHL","Black","Up",0.65,0.54,0.22,"Down",0.1,0.03,"Down",0.2,0.545455,0.818182,True,False,True,False,"Rising","Absent","Clustered","Local","Contained","Moderate","BreaksPriorHigh;CloseInsidePriorRange;DissipationLocal;AcceptanceContained;CompressionClustered"
2221,"2026-05-20 11:20:00",98.4,98.54,98.3,98.48,1273,"HHHL","Black","Down",0.2,0.26,0.24,"Up",0.15,0.08,"Up",0.35,0.75,0.833333,True,False,True,False,"Falling","Local","Local","Local","Contained","Minor","BreaksPriorHigh;CloseInsidePriorRange;DissipationLocal;AcceptanceContained;CompressionLocal"
2222,"2026-05-20 11:25:00",98.48,98.58,98.19,98.51,1849,"OutsideBar","Black","Up",0.75,0.6,0.39,"Up",0.55,0.03,"Down",0.25,0.820513,0.615385,True,False,True,True,"Rising","Local","Local","Absent","Contained","Moderate","BreaksPriorHigh;BreaksPriorLow;CloseInsidePriorRange;AcceptanceContained;CompressionLocal"
2223,"2026-05-20 11:30:00",98.51,98.71,98.06,98.19,5939,"OutsideBar","Red","Up",1,0.98,0.65,"Up",0.95,0.32,"Up",0.85,0.2,0.6,True,False,True,True,"Climactic","Climactic","Local","Absent","Contained","SessionDefining","VolumePeak20;VolumeClimactic50;RangePeak20;RangeClimactic20;BreaksPriorHigh;BreaksPriorLow;CloseInsidePriorRange;AcceptanceContained;CompressionLocal"
2224,"2026-05-21 06:05:00",101.09,101.29,100.74,100.84,1466,"HHHL","Red","Down",0.4,0.44,0.55,"Down",0.8,0.25,"Down",0.8,0.181818,0,False,False,True,False,"Falling","Strong","Absent","Local","Accepted","Major","RangePeak20;LowVolumeHighRange;BreaksPriorHigh;DissipationLocal;AcceptanceAccepted"
2225,"2026-05-21 06:10:00",100.87,101.6,100.85,101.46,1926,"HHHL","Black","Up",0.75,0.64,0.75,"Up",0.95,0.59,"Up",1,0.813333,0.586667,False,False,True,False,"Rising","Climactic","Absent","Absent","Accepted","Structural","RangePeak20;RangeClimactic20;BreaksPriorHigh;AcceptanceAccepted"
2226,"2026-05-21 06:15:00",101.47,101.99,101.47,101.8,2786,"HHHL","Black","Up",0.85,0.84,0.52,"Down",0.65,0.33,"Down",0.8,0.634615,0.25,False,False,True,False,"Peak","Absent","Absent","Local","Accepted","Major","VolumePeak20;BreaksPriorHigh;DissipationLocal;AcceptanceAccepted"
2227,"2026-05-21 06:20:00",101.81,102,101.69,101.85,2101,"HHHL","Black","Down",0.75,0.7,0.31,"Down",0.3,0.04,"Down",0.2,0.516129,0.967742,True,False,True,False,"Falling","Absent","Clustered","Local","Contained","Moderate","BreaksPriorHigh;CloseInsidePriorRange;DissipationLocal;AcceptanceContained;CompressionClustered"
2228,"2026-05-21 06:25:00",101.85,102.13,101.72,102.06,1380,"HHHL","Black","Down",0.3,0.36,0.41,"Up",0.55,0.21,"Up",0.6,0.829268,0.682927,False,False,True,False,"Falling","Local","Absent","Local","Accepted","Minor","BreaksPriorHigh;DissipationLocal;AcceptanceAccepted"
2229,"2026-05-21 06:30:00",102.07,102.19,101.9,101.93,1456,"HHHL","Red","Up",0.4,0.44,0.29,"Down",0.25,0.14,"Down",0.5,0.103448,0.793103,True,True,True,False,"Rising","Absent","Local","Local","Contained","Minor","BreaksPriorHigh;CloseInsidePriorRange;CloseInsidePriorBody;DissipationLocal;AcceptanceContained;CompressionLocal"
2230,"2026-05-21 06:35:00",101.93,102.56,101.85,102.29,2901,"OutsideBar","Black","Up",0.9,0.86,0.71,"Up",0.95,0.36,"Up",0.9,0.619718,0.408451,False,False,True,True,"Peak","Climactic","Absent","Absent","Accepted","Structural","VolumePeak20;RangePeak20;RangeClimactic20;BreaksPriorHigh;BreaksPriorLow;AcceptanceAccepted"
2231,"2026-05-21 06:40:00",102.3,102.66,102.22,102.5,2514,"HHHL","Black","Down",0.85,0.82,0.44,"Down",0.6,0.2,"Down",0.6,0.636364,0.772727,True,False,True,False,"Peak","Absent","Local","Local","Contained","Major","VolumePeak20;BreaksPriorHigh;CloseInsidePriorRange;DissipationLocal;AcceptanceContained;CompressionLocal"
2232,"2026-05-21 06:45:00",102.52,102.64,102.18,102.25,1435,"LLLH","Red","Down",0.35,0.4,0.46,"Up",0.65,0.27,"Up",0.75,0.152174,0.913043,True,False,False,True,"Falling","Local","Local","Local","Contained","Moderate","BreaksPriorLow;CloseInsidePriorRange;DissipationLocal;AcceptanceContained;CompressionLocal"
2233,"2026-05-21 06:50:00",102.27,102.32,102.08,102.24,1403,"LLLH","Red","Down",0.35,0.36,0.24,"Down",0.15,0.03,"Down",0.15,0.666667,0.583333,True,False,False,True,"Falling","Absent","Local","Local","Contained","Minor","BreaksPriorLow;CloseInsidePriorRange;DissipationLocal;AcceptanceContained;CompressionLocal"
2234,"2026-05-21 06:55:00",102.24,102.25,100.37,100.57,7572,"LLLH","Red","Up",1,0.98,1.88,"Up",1,1.67,"Up",1,0.106383,0.090426,False,False,False,True,"Climactic","Climactic","Absent","Absent","Accepted","SessionDefining","VolumePeak20;VolumeClimactic50;RangePeak20;RangeClimactic20;BreaksPriorLow;AcceptanceAccepted"
2235,"2026-05-21 07:00:00",100.58,100.81,100.29,100.53,4148,"LLLH","Red","Down",0.9,0.96,0.52,"Down",0.7,0.05,"Down",0.3,0.461538,0.846154,True,False,False,True,"Climactic","Absent","Clustered","Local","Contained","Structural","VolumePeak20;VolumeClimactic50;BreaksPriorLow;CloseInsidePriorRange;DissipationLocal;AcceptanceContained;CompressionClustered"
2236,"2026-05-21 07:05:00",100.53,100.94,100.27,100.87,2672,"OutsideBar","Black","Down",0.75,0.82,0.67,"Up",0.85,0.34,"Up",0.8,0.895522,0.776119,False,False,True,True,"Falling","Strong","Absent","Local","Accepted","Major","RangePeak20;BreaksPriorHigh;BreaksPriorLow;DissipationLocal;AcceptanceAccepted"
2237,"2026-05-21 07:10:00",100.88,101.15,100.77,101.1,1585,"HHHL","Black","Down",0.45,0.52,0.38,"Down",0.35,0.22,"Down",0.55,0.868421,0.447368,False,False,True,False,"Falling","Absent","Absent","Local","Accepted","Minor","BreaksPriorHigh;DissipationLocal;AcceptanceAccepted"
2238,"2026-05-21 07:15:00",101.1,101.34,100.72,101.14,2382,"OutsideBar","Black","Up",0.65,0.78,0.62,"Up",0.75,0.04,"Down",0.25,0.677419,0.612903,True,False,True,True,"Rising","Local","Local","Absent","Contained","Moderate","BreaksPriorHigh;BreaksPriorLow;CloseInsidePriorRange;AcceptanceContained;CompressionLocal"
2239,"2026-05-21 07:20:00",101.14,101.56,100.98,101.19,2822,"HHHL","Black","Up",0.8,0.86,0.58,"Down",0.7,0.05,"Up",0.35,0.362069,0.62069,True,False,True,False,"Peak","Absent","Local","Local","Contained","Major","VolumePeak20;BreaksPriorHigh;CloseInsidePriorRange;DissipationLocal;AcceptanceContained;CompressionLocal"
2240,"2026-05-21 07:25:00",101.2,101.21,100.74,100.81,1876,"LLLH","Red","Down",0.45,0.62,0.47,"Down",0.5,0.39,"Up",0.9,0.148936,0.489362,False,False,False,True,"Falling","Absent","Absent","Local","Accepted","Minor","BreaksPriorLow;DissipationLocal;AcceptanceAccepted"
2241,"2026-05-21 07:30:00",100.83,100.83,100.43,100.59,1537,"LLLH","Red","Down",0.3,0.46,0.4,"Down",0.3,0.24,"Down",0.55,0.4,0.225,False,False,False,True,"Falling","Absent","Absent","Local","Accepted","Minor","BreaksPriorLow;DissipationLocal;AcceptanceAccepted"
2242,"2026-05-21 07:35:00",100.6,100.65,100.37,100.64,1498,"LLLH","Black","Down",0.3,0.42,0.28,"Down",0.1,0.04,"Down",0.2,0.964286,0.785714,True,True,False,True,"Falling","Absent","Local","Local","Contained","Minor","BreaksPriorLow;CloseInsidePriorRange;CloseInsidePriorBody;DissipationLocal;AcceptanceContained;CompressionLocal"
2243,"2026-05-21 07:40:00",100.64,100.72,100.55,100.62,512,"HHHL","Red","Down",0.05,0.02,0.17,"Down",0.05,0.02,"Down",0.05,0.411765,0.588235,True,True,True,False,"Falling","Absent","Local","Local","Contained","Minor","BreaksPriorHigh;CloseInsidePriorRange;CloseInsidePriorBody;DissipationLocal;AcceptanceContained;CompressionLocal"
2244,"2026-05-21 07:45:00",100.63,101.2,100.62,101.08,949,"HHHL","Black","Up",0.1,0.06,0.58,"Up",0.75,0.45,"Up",0.9,0.793103,0.172414,False,False,True,False,"Rising","Local","Absent","Absent","Accepted","Moderate","BreaksPriorHigh;AcceptanceAccepted"
2245,"2026-05-21 07:50:00",101.08,101.41,100.95,101.08,1480,"HHHL","Neutral","Up",0.35,0.42,0.46,"Down",0.55,0,"Down",0.05,0.282609,0.543478,True,True,True,False,"Rising","Absent","Local","Local","Contained","Minor","BreaksPriorHigh;CloseInsidePriorRange;CloseInsidePriorBody;DissipationLocal;AcceptanceContained;CompressionLocal"
2246,"2026-05-21 07:55:00",101.08,101.42,101.04,101.31,1483,"HHHL","Black","Up",0.4,0.42,0.38,"Down",0.3,0.23,"Up",0.65,0.710526,0.973684,True,False,True,False,"Rising","Absent","Clustered","Local","Contained","Minor","BreaksPriorHigh;CloseInsidePriorRange;DissipationLocal;AcceptanceContained;CompressionClustered"
2247,"2026-05-21 08:00:00",101.31,101.45,101.23,101.35,987,"HHHL","Black","Down",0.15,0.08,0.22,"Down",0.1,0.04,"Down",0.2,0.545455,0.863636,True,False,True,False,"Falling","Absent","Clustered","Local","Contained","Minor","BreaksPriorHigh;CloseInsidePriorRange;DissipationLocal;AcceptanceContained;CompressionClustered"
2248,"2026-05-21 08:05:00",101.36,101.71,101.18,101.63,1364,"OutsideBar","Black","Up",0.2,0.26,0.53,"Up",0.7,0.27,"Up",0.75,0.849057,0.415094,False,False,True,True,"Rising","Local","Absent","Absent","Accepted","Moderate","BreaksPriorHigh;BreaksPriorLow;AcceptanceAccepted"
2249,"2026-05-21 08:10:00",101.64,102.14,101.55,101.99,1688,"HHHL","Black","Up",0.6,0.6,0.59,"Up",0.8,0.35,"Up",0.8,0.745763,0.271186,False,False,True,False,"Rising","Strong","Absent","Absent","Accepted","Major","RangePeak20;BreaksPriorHigh;AcceptanceAccepted"
2250,"2026-05-21 08:15:00",102.02,102.05,101.17,101.43,3164,"LLLH","Red","Up",0.9,0.92,0.88,"Up",0.95,0.59,"Up",0.95,0.295455,0.568182,False,False,False,True,"Peak","Climactic","Absent","Absent","Accepted","Structural","VolumePeak20;RangePeak20;RangeClimactic20;BreaksPriorLow;AcceptanceAccepted"
2251,"2026-05-21 08:20:00",101.43,101.61,101.31,101.54,1200,"InsideBar","Black","Down",0.2,0.1,0.3,"Down",0.25,0.11,"Down",0.45,0.766667,1,True,True,False,False,"Falling","Absent","Clustered","Absent","Unresolved","Minor","CloseInsidePriorRange;CloseInsidePriorBody;CompressionClustered"
2252,"2026-05-21 08:25:00",101.56,101.71,101.52,101.71,774,"HHHL","Black","Down",0.1,0.04,0.19,"Down",0.1,0.15,"Up",0.5,1,0.473684,False,False,True,False,"Falling","Absent","Absent","Local","Accepted","Minor","BreaksPriorHigh;DissipationLocal;AcceptanceAccepted"
2253,"2026-05-21 08:30:00",101.72,102,101.61,101.76,1779,"HHHL","Black","Up",0.65,0.62,0.39,"Up",0.4,0.04,"Down",0.3,0.384615,0.25641,False,False,True,False,"Rising","Local","Absent","Absent","Accepted","Moderate","BreaksPriorHigh;AcceptanceAccepted"
2254,"2026-05-21 08:35:00",101.76,101.8,101.52,101.54,1287,"LLLH","Red","Down",0.3,0.2,0.28,"Down",0.25,0.22,"Up",0.6,0.071429,0.678571,False,False,False,True,"Falling","Absent","Absent","Local","Accepted","Minor","BreaksPriorLow;DissipationLocal;AcceptanceAccepted"
2255,"2026-05-21 08:40:00",101.54,101.69,101.37,101.38,789,"LLLH","Red","Down",0.15,0.06,0.32,"Up",0.35,0.16,"Down",0.5,0.03125,0.53125,False,False,False,True,"Falling","Local","Absent","Local","Accepted","Minor","BreaksPriorLow;DissipationLocal;AcceptanceAccepted"
2256,"2026-05-21 08:45:00",101.39,101.43,101.33,101.39,513,"LLLH","Neutral","Down",0.1,0.04,0.1,"Down",0.05,0,"Down",0.1,0.6,0.6,True,True,False,True,"Falling","Absent","Local","Local","Contained","Minor","BreaksPriorLow;CloseInsidePriorRange;CloseInsidePriorBody;DissipationLocal;AcceptanceContained;CompressionLocal"
2257,"2026-05-21 08:50:00",101.39,101.4,101.01,101.11,1408,"LLLH","Red","Up",0.5,0.36,0.39,"Up",0.55,0.28,"Up",0.8,0.25641,0.179487,False,False,False,True,"Rising","Local","Absent","Absent","Accepted","Minor","BreaksPriorLow;AcceptanceAccepted"
2258,"2026-05-21 08:55:00",101.11,101.25,101,101.03,750,"LLLH","Red","Down",0.15,0.06,0.25,"Down",0.25,0.08,"Down",0.4,0.12,0.96,True,False,False,True,"Falling","Absent","Clustered","Local","Contained","Minor","BreaksPriorLow;CloseInsidePriorRange;DissipationLocal;AcceptanceContained;CompressionClustered"
2259,"2026-05-21 09:00:00",101.02,101.03,100.72,100.73,1014,"LLLH","Red","Up",0.4,0.16,0.31,"Up",0.45,0.29,"Up",0.8,0.032258,0.096774,False,False,False,True,"Rising","Local","Absent","Absent","Accepted","Minor","BreaksPriorLow;AcceptanceAccepted"
2260,"2026-05-21 09:05:00",100.72,100.72,99.94,100.12,3149,"LLLH","Red","Up",0.95,0.92,0.78,"Up",0.95,0.6,"Up",1,0.230769,0,False,False,False,True,"Peak","Climactic","Absent","Absent","Accepted","Structural","VolumePeak20;RangePeak20;RangeClimactic20;BreaksPriorLow;AcceptanceAccepted"
2261,"2026-05-21 09:10:00",100.11,100.19,99.84,99.9,1343,"LLLH","Red","Down",0.55,0.3,0.35,"Down",0.55,0.21,"Down",0.55,0.171429,0.714286,False,False,False,True,"Falling","Absent","Absent","Local","Accepted","Minor","BreaksPriorLow;DissipationLocal;AcceptanceAccepted"
2262,"2026-05-21 09:15:00",99.91,100.44,99.79,100.32,2699,"OutsideBar","Black","Up",0.9,0.84,0.65,"Up",0.9,0.41,"Up",0.85,0.815385,0.538462,False,False,True,True,"Peak","Strong","Absent","Absent","Accepted","Structural","VolumePeak20;RangePeak20;BreaksPriorHigh;BreaksPriorLow;AcceptanceAccepted"
2263,"2026-05-21 09:20:00",100.31,100.78,100.25,100.46,1515,"HHHL","Black","Down",0.75,0.54,0.53,"Down",0.75,0.15,"Down",0.4,0.396226,0.358491,False,False,True,False,"Falling","Absent","Absent","Local","Accepted","Moderate","BreaksPriorHigh;DissipationLocal;AcceptanceAccepted"
2264,"2026-05-21 09:25:00",100.47,100.68,100.35,100.43,789,"InsideBar","Red","Down",0.25,0.12,0.33,"Down",0.45,0.04,"Down",0.2,0.242424,1,True,True,False,False,"Falling","Absent","Clustered","Absent","Unresolved","Minor","CloseInsidePriorRange;CloseInsidePriorBody;CompressionClustered"
2265,"2026-05-21 09:30:00",100.43,100.55,100.37,100.42,462,"InsideBar","Red","Down",0.05,0.02,0.18,"Down",0.1,0.01,"Down",0.1,0.277778,1,True,False,False,False,"Falling","Absent","Clustered","Absent","Unresolved","Minor","CloseInsidePriorRange;CompressionClustered"
2266,"2026-05-21 09:35:00",100.41,100.45,100.17,100.24,518,"LLLH","Red","Up",0.15,0.08,0.28,"Up",0.35,0.17,"Up",0.55,0.25,0.285714,False,False,False,True,"Rising","Local","Absent","Absent","Accepted","Minor","BreaksPriorLow;AcceptanceAccepted"
2267,"2026-05-21 09:40:00",100.25,100.52,100.25,100.45,498,"HHHL","Black","Down",0.1,0.04,0.27,"Down",0.25,0.2,"Up",0.55,0.740741,0.740741,True,False,True,False,"Falling","Absent","Local","Local","Contained","Minor","BreaksPriorHigh;CloseInsidePriorRange;DissipationLocal;AcceptanceContained;CompressionLocal"
2268,"2026-05-21 09:45:00",100.46,100.52,100.19,100.2,438,"OutsideBar","Red","Down",0.05,0.02,0.33,"Up",0.55,0.26,"Up",0.7,0.030303,0.818182,False,False,False,True,"Falling","Local","Absent","Local","Accepted","Minor","BreaksPriorLow;DissipationLocal;AcceptanceAccepted"
2269,"2026-05-21 09:50:00",100.19,100.36,100.15,100.35,560,"LLLH","Black","Up",0.3,0.14,0.21,"Down",0.2,0.16,"Down",0.45,0.952381,0.809524,True,True,False,True,"Rising","Absent","Clustered","Local","Contained","Minor","BreaksPriorLow;CloseInsidePriorRange;CloseInsidePriorBody;DissipationLocal;AcceptanceContained;CompressionClustered"
2270,"2026-05-21 09:55:00",100.34,100.43,100.22,100.24,455,"HHHL","Red","Down",0.1,0.04,0.21,"Up",0.25,0.1,"Down",0.3,0.095238,0.666667,True,True,True,False,"Falling","Local","Local","Local","Contained","Minor","BreaksPriorHigh;CloseInsidePriorRange;CloseInsidePriorBody;DissipationLocal;AcceptanceContained;CompressionLocal"
2271,"2026-05-21 10:00:00",100.23,100.27,100,100.01,722,"LLLH","Red","Up",0.4,0.18,0.27,"Up",0.4,0.22,"Up",0.75,0.037037,0.185185,False,False,False,True,"Rising","Local","Absent","Absent","Accepted","Minor","BreaksPriorLow;AcceptanceAccepted"
2272,"2026-05-21 10:05:00",100,100.18,99.94,100.15,569,"LLLH","Black","Down",0.4,0.18,0.24,"Down",0.25,0.15,"Down",0.4,0.875,0.75,True,True,False,True,"Falling","Absent","Local","Local","Contained","Minor","BreaksPriorLow;CloseInsidePriorRange;CloseInsidePriorBody;DissipationLocal;AcceptanceContained;CompressionLocal"
2273,"2026-05-21 10:10:00",100.13,100.43,100.1,100.36,691,"HHHL","Black","Up",0.45,0.2,0.33,"Up",0.75,0.23,"Up",0.75,0.787879,0.242424,False,False,True,False,"Rising","Local","Absent","Absent","Accepted","Moderate","BreaksPriorHigh;AcceptanceAccepted"
2274,"2026-05-21 10:15:00",100.37,100.38,98.84,99.24,8261,"LLLH","Red","Up",1,1,1.54,"Up",1,1.13,"Up",1,0.25974,0.181818,False,False,False,True,"Climactic","Climactic","Absent","Absent","Accepted","SessionDefining","VolumePeak20;VolumeClimactic50;RangePeak20;RangeClimactic20;BreaksPriorLow;AcceptanceAccepted"
2275,"2026-05-21 10:20:00",99.25,99.31,98.04,98.45,8249,"LLLH","Red","Down",0.95,0.98,1.27,"Down",0.95,0.8,"Down",0.95,0.322835,0.370079,False,False,False,True,"Climactic","Climactic","Absent","Local","Accepted","SessionDefining","VolumePeak20;VolumeClimactic50;RangePeak20;RangeClimactic20;BreaksPriorLow;DissipationLocal;AcceptanceAccepted"
2276,"2026-05-21 10:25:00",98.45,98.67,97.59,98.3,6382,"LLLH","Red","Down",0.9,0.94,1.08,"Down",0.9,0.15,"Down",0.35,0.657407,0.583333,True,False,False,True,"Peak","Strong","Local","Local","Contained","Structural","VolumePeak20;RangePeak20;BreaksPriorLow;CloseInsidePriorRange;DissipationLocal;AcceptanceContained;CompressionLocal"
2277,"2026-05-21 10:30:00",98.31,98.63,98.16,98.47,1979,"InsideBar","Black","Down",0.75,0.74,0.47,"Down",0.7,0.16,"Up",0.45,0.659574,1,True,False,False,False,"Falling","Absent","Clustered","Absent","Unresolved","Moderate","CloseInsidePriorRange;CompressionClustered"
2278,"2026-05-21 10:35:00",98.48,98.88,98.34,98.4,2225,"HHHL","Red","Up",0.75,0.74,0.54,"Up",0.75,0.08,"Down",0.15,0.111111,0.537037,True,True,True,False,"Rising","Local","Local","Absent","Contained","Moderate","BreaksPriorHigh;CloseInsidePriorRange;CloseInsidePriorBody;AcceptanceContained;CompressionLocal"
2279,"2026-05-21 10:40:00",98.38,98.42,98.08,98.16,1449,"LLLH","Red","Down",0.6,0.52,0.34,"Down",0.55,0.22,"Up",0.7,0.235294,0.235294,False,False,False,True,"Falling","Absent","Absent","Local","Accepted","Moderate","BreaksPriorLow;DissipationLocal;AcceptanceAccepted"
2280,"2026-05-21 10:45:00",98.17,98.18,97.16,97.29,4697,"LLLH","Red","Up",0.85,0.92,1.02,"Up",0.85,0.88,"Up",0.95,0.127451,0.098039,False,False,False,True,"Peak","Strong","Absent","Absent","Accepted","Structural","VolumePeak20;RangePeak20;BreaksPriorLow;AcceptanceAccepted"
2281,"2026-05-21 10:50:00",97.28,97.46,96.46,96.62,4833,"LLLH","Red","Up",0.85,0.92,1,"Down",0.8,0.66,"Down",0.85,0.16,0.3,False,False,False,True,"Peak","Strong","Absent","Local","Accepted","Structural","VolumePeak20;RangePeak20;BreaksPriorLow;DissipationLocal;AcceptanceAccepted"
2282,"2026-05-21 10:55:00",96.61,96.75,96.01,96.1,4281,"LLLH","Red","Down",0.75,0.88,0.74,"Down",0.75,0.51,"Down",0.8,0.121622,0.391892,False,False,False,True,"Falling","Absent","Absent","Local","Accepted","Moderate","BreaksPriorLow;DissipationLocal;AcceptanceAccepted"
2283,"2026-05-21 11:00:00",96.09,96.4,95.76,96.33,4136,"LLLH","Black","Down",0.7,0.84,0.64,"Down",0.7,0.24,"Down",0.7,0.890625,0.609375,True,True,False,True,"Falling","Absent","Local","Local","Contained","Moderate","BreaksPriorLow;CloseInsidePriorRange;CloseInsidePriorBody;DissipationLocal;AcceptanceContained;CompressionLocal"
2284,"2026-05-21 11:05:00",96.34,97.07,96,97.04,5602,"HHHL","Black","Up",0.85,0.94,1.07,"Up",0.85,0.7,"Up",0.85,0.971963,0.373832,False,False,True,False,"Peak","Strong","Absent","Absent","Accepted","Structural","VolumePeak20;RangePeak20;BreaksPriorHigh;AcceptanceAccepted"
2285,"2026-05-21 11:10:00",97.03,97.26,96.61,96.8,3691,"HHHL","Red","Down",0.6,0.84,0.65,"Down",0.65,0.23,"Down",0.6,0.292308,0.707692,True,True,True,False,"Falling","Absent","Local","Local","Contained","Moderate","BreaksPriorHigh;CloseInsidePriorRange;CloseInsidePriorBody;DissipationLocal;AcceptanceContained;CompressionLocal"
2286,"2026-05-21 11:15:00",96.81,97.16,96.68,96.76,2546,"InsideBar","Red","Down",0.55,0.74,0.48,"Down",0.5,0.05,"Down",0.05,0.166667,1,True,False,False,False,"Falling","Absent","Clustered","Absent","Unresolved","Minor","CloseInsidePriorRange;CompressionClustered"
2287,"2026-05-21 11:20:00",96.74,97.05,96.74,96.77,1785,"InsideBar","Black","Down",0.4,0.64,0.31,"Down",0.25,0.03,"Down",0.05,0.096774,1,True,True,False,False,"Falling","Absent","Clustered","Absent","Unresolved","Minor","CloseInsidePriorRange;CloseInsidePriorBody;CompressionClustered"
2288,"2026-05-21 11:25:00",96.78,96.9,96.47,96.51,2597,"LLLH","Red","Up",0.55,0.74,0.43,"Up",0.4,0.27,"Up",0.7,0.093023,0.372093,False,False,False,True,"Rising","Local","Absent","Absent","Accepted","Minor","BreaksPriorLow;AcceptanceAccepted"
2289,"2026-05-21 11:30:00",96.52,96.78,96.21,96.28,5042,"LLLH","Red","Up",0.8,0.92,0.57,"Up",0.55,0.24,"Down",0.65,0.122807,0.54386,False,False,False,True,"Peak","Local","Absent","Absent","Accepted","Structural","VolumePeak20;BreaksPriorLow;AcceptanceAccepted"
2290,"2026-05-22 06:05:00",96.2,96.88,96.1,96.74,1681,"OutsideBar","Black","Down",0.25,0.6,0.78,"Up",0.7,0.54,"Up",0.75,0.820513,0.730769,True,False,True,True,"Falling","Local","Local","Local","Contained","Moderate","BreaksPriorHigh;BreaksPriorLow;CloseInsidePriorRange;DissipationLocal;AcceptanceContained;CompressionLocal"
2291,"2026-05-22 06:10:00",96.72,96.81,95.94,96,1964,"LLLH","Red","Up",0.3,0.66,0.87,"Up",0.7,0.72,"Up",0.85,0.068966,0.816092,False,False,False,True,"Rising","Local","Absent","Absent","Accepted","Moderate","BreaksPriorLow;AcceptanceAccepted"
2292,"2026-05-22 06:15:00",96,96.29,95.46,96.16,3987,"LLLH","Black","Up",0.55,0.82,0.83,"Down",0.65,0.16,"Down",0.3,0.843373,0.421687,True,True,False,True,"Rising","Absent","Local","Local","Contained","Moderate","BreaksPriorLow;CloseInsidePriorRange;CloseInsidePriorBody;DissipationLocal;AcceptanceContained;CompressionLocal"
2293,"2026-05-22 06:20:00",96.16,96.25,95.86,96.06,2297,"InsideBar","Red","Down",0.35,0.68,0.39,"Down",0.15,0.1,"Down",0.2,0.512821,1,True,True,False,False,"Falling","Absent","Clustered","Absent","Unresolved","Minor","CloseInsidePriorRange;CloseInsidePriorBody;CompressionClustered"
2294,"2026-05-22 06:25:00",96.07,96.31,95.93,96.29,1045,"HHHL","Black","Down",0.05,0.34,0.38,"Down",0.15,0.22,"Up",0.45,0.947368,0.842105,False,False,True,False,"Falling","Absent","Clustered","Local","Accepted","Minor","BreaksPriorHigh;DissipationLocal;AcceptanceAccepted;CompressionClustered"
2295,"2026-05-22 06:30:00",96.27,96.6,96.22,96.57,886,"HHHL","Black","Down",0.05,0.3,0.38,"Flat",0.2,0.3,"Up",0.7,0.921053,0.236842,False,False,True,False,"Falling","Absent","Absent","Local","Accepted","Minor","BreaksPriorHigh;DissipationLocal;AcceptanceAccepted"
2296,"2026-05-22 06:35:00",96.58,97.36,96.38,96.87,3033,"HHHL","Black","Up",0.6,0.74,0.98,"Up",0.85,0.29,"Down",0.65,0.5,0.22449,False,False,True,False,"Rising","Strong","Absent","Absent","Accepted","Major","RangePeak20;BreaksPriorHigh;AcceptanceAccepted"
2297,"2026-05-22 06:40:00",96.86,96.88,96.52,96.71,1501,"InsideBar","Red","Down",0.2,0.48,0.36,"Down",0.15,0.15,"Down",0.25,0.527778,1,True,True,False,False,"Falling","Absent","Clustered","Absent","Unresolved","Minor","CloseInsidePriorRange;CloseInsidePriorBody;CompressionClustered"
2298,"2026-05-22 06:45:00",96.71,97.65,96.7,97.25,4266,"HHHL","Black","Up",0.75,0.84,0.95,"Up",0.8,0.54,"Up",0.8,0.578947,0.189474,False,False,True,False,"Rising","Strong","Absent","Absent","Accepted","Major","RangePeak20;BreaksPriorHigh;AcceptanceAccepted"
2299,"2026-05-22 06:50:00",97.27,97.74,97.16,97.73,1801,"HHHL","Black","Down",0.3,0.56,0.58,"Down",0.45,0.46,"Down",0.65,0.982759,0.844828,False,False,True,False,"Falling","Absent","Clustered","Local","Accepted","Minor","BreaksPriorHigh;DissipationLocal;AcceptanceAccepted;CompressionClustered"
2300,"2026-05-22 06:55:00",97.69,98.06,97.69,97.97,2018,"HHHL","Black","Up",0.4,0.62,0.37,"Down",0.15,0.28,"Down",0.55,0.756757,0.135135,False,False,True,False,"Rising","Absent","Absent","Local","Accepted","Minor","BreaksPriorHigh;DissipationLocal;AcceptanceAccepted"
2301,"2026-05-22 07:00:00",97.98,98.11,97.74,97.77,1133,"HHHL","Red","Down",0.15,0.36,0.37,"Flat",0.2,0.21,"Down",0.3,0.081081,0.864865,True,True,True,False,"Falling","Absent","Clustered","Local","Contained","Minor","BreaksPriorHigh;CloseInsidePriorRange;CloseInsidePriorBody;DissipationLocal;AcceptanceContained;CompressionClustered"
2302,"2026-05-22 07:05:00",97.78,98.17,97.76,97.92,1318,"HHHL","Black","Up",0.2,0.38,0.41,"Up",0.4,0.14,"Down",0.2,0.390244,0.853659,True,True,True,False,"Rising","Local","Local","Absent","Contained","Minor","BreaksPriorHigh;CloseInsidePriorRange;CloseInsidePriorBody;AcceptanceContained;CompressionLocal"
2303,"2026-05-22 07:10:00",97.93,98.13,97.66,97.76,1198,"LLLH","Red","Down",0.2,0.36,0.47,"Up",0.5,0.17,"Up",0.35,0.212766,0.787234,True,False,False,True,"Falling","Local","Local","Local","Contained","Minor","BreaksPriorLow;CloseInsidePriorRange;DissipationLocal;AcceptanceContained;CompressionLocal"
2304,"2026-05-22 07:15:00",97.76,97.99,97.66,97.87,832,"InsideBar","Black","Down",0.05,0.28,0.33,"Down",0.1,0.11,"Down",0.2,0.636364,1,True,True,False,False,"Falling","Absent","Clustered","Absent","Unresolved","Minor","CloseInsidePriorRange;CloseInsidePriorBody;CompressionClustered"
2305,"2026-05-22 07:20:00",97.86,97.86,97.53,97.66,887,"LLLH","Red","Up",0.15,0.3,0.33,"Flat",0.15,0.2,"Up",0.45,0.393939,0.606061,True,False,False,True,"Rising","Absent","Local","Absent","Contained","Minor","BreaksPriorLow;CloseInsidePriorRange;AcceptanceContained;CompressionLocal"
2306,"2026-05-22 07:25:00",97.66,97.79,97.63,97.68,756,"InsideBar","Black","Down",0.05,0.22,0.16,"Down",0.05,0.02,"Down",0.05,0.3125,1,True,True,False,False,"Falling","Absent","Clustered","Absent","Unresolved","Minor","CloseInsidePriorRange;CloseInsidePriorBody;CompressionClustered"
2307,"2026-05-22 07:30:00",97.68,97.73,97.47,97.54,975,"LLLH","Red","Up",0.25,0.32,0.26,"Up",0.1,0.14,"Up",0.25,0.269231,0.384615,False,False,False,True,"Rising","Local","Absent","Absent","Accepted","Minor","BreaksPriorLow;AcceptanceAccepted"
2308,"2026-05-22 07:35:00",97.56,97.58,97.4,97.42,659,"LLLH","Red","Down",0.05,0.16,0.18,"Down",0.1,0.14,"Flat",0.3,0.111111,0.611111,False,False,False,True,"Falling","Absent","Absent","Local","Accepted","Minor","BreaksPriorLow;DissipationLocal;AcceptanceAccepted"
2309,"2026-05-22 07:40:00",97.4,97.73,97.29,97.7,719,"OutsideBar","Black","Up",0.1,0.2,0.44,"Up",0.65,0.3,"Up",0.8,0.931818,0.409091,False,False,True,True,"Rising","Local","Absent","Absent","Accepted","Moderate","BreaksPriorHigh;BreaksPriorLow;AcceptanceAccepted"
2310,"2026-05-22 07:45:00",97.71,97.78,97.52,97.55,766,"HHHL","Red","Up",0.2,0.26,0.26,"Down",0.2,0.16,"Down",0.45,0.115385,0.807692,True,True,True,False,"Rising","Absent","Clustered","Local","Contained","Minor","BreaksPriorHigh;CloseInsidePriorRange;CloseInsidePriorBody;DissipationLocal;AcceptanceContained;CompressionClustered"
2311,"2026-05-22 07:50:00",97.54,97.56,97.34,97.48,1011,"LLLH","Red","Up",0.45,0.38,0.22,"Down",0.15,0.06,"Down",0.1,0.636364,0.181818,False,False,False,True,"Rising","Absent","Absent","Local","Accepted","Minor","BreaksPriorLow;DissipationLocal;AcceptanceAccepted"
2312,"2026-05-22 07:55:00",97.5,97.63,97.47,97.53,512,"HHHL","Black","Down",0.05,0.1,0.16,"Down",0.05,0.03,"Down",0.1,0.375,0.5625,True,True,True,False,"Falling","Absent","Local","Local","Contained","Minor","BreaksPriorHigh;CloseInsidePriorRange;CloseInsidePriorBody;DissipationLocal;AcceptanceContained;CompressionLocal"
2313,"2026-05-22 08:00:00",97.53,97.61,97.48,97.57,512,"InsideBar","Black","Flat",0.1,0.12,0.13,"Down",0.05,0.04,"Up",0.15,0.692308,1,True,False,False,False,"Normal","Absent","Clustered","Absent","Unresolved","Minor","CloseInsidePriorRange;CompressionClustered"
2314,"2026-05-22 08:05:00",97.57,97.96,97.56,97.68,1099,"HHHL","Black","Up",0.6,0.44,0.4,"Up",0.7,0.11,"Up",0.3,0.3,0.125,False,False,True,False,"Rising","Local","Absent","Absent","Accepted","Moderate","BreaksPriorHigh;AcceptanceAccepted"
2315,"2026-05-22 08:10:00",97.69,97.91,97.41,97.82,1005,"LLLH","Black","Down",0.5,0.38,0.5,"Up",0.85,0.13,"Up",0.35,0.82,0.7,True,False,False,True,"Falling","Strong","Local","Local","Contained","Major","RangePeak20;BreaksPriorLow;CloseInsidePriorRange;DissipationLocal;AcceptanceContained;CompressionLocal"
2316,"2026-05-22 08:15:00",97.8,97.89,97.67,97.72,865,"InsideBar","Red","Down",0.4,0.3,0.22,"Down",0.3,0.08,"Down",0.25,0.227273,1,True,True,False,False,"Falling","Absent","Clustered","Absent","Unresolved","Minor","CloseInsidePriorRange;CloseInsidePriorBody;CompressionClustered"
2317,"2026-05-22 08:20:00",97.73,97.78,97.63,97.67,673,"LLLH","Red","Down",0.2,0.16,0.15,"Down",0.1,0.06,"Down",0.25,0.266667,0.733333,True,False,False,True,"Falling","Absent","Local","Local","Contained","Minor","BreaksPriorLow;CloseInsidePriorRange;DissipationLocal;AcceptanceContained;CompressionLocal"
2318,"2026-05-22 08:25:00",97.67,97.81,97.6,97.73,560,"OutsideBar","Black","Down",0.15,0.1,0.21,"Up",0.3,0.06,"Flat",0.3,0.619048,0.714286,True,True,True,True,"Falling","Local","Local","Local","Contained","Minor","BreaksPriorHigh;BreaksPriorLow;CloseInsidePriorRange;CloseInsidePriorBody;DissipationLocal;AcceptanceContained;CompressionLocal"
2319,"2026-05-22 08:30:00",97.72,97.84,97.43,97.44,1132,"OutsideBar","Red","Up",0.8,0.44,0.41,"Up",0.85,0.28,"Up",0.95,0.02439,0.512195,False,False,True,True,"Peak","Strong","Absent","Absent","Accepted","Major","VolumePeak20;RangePeak20;BreaksPriorHigh;BreaksPriorLow;AcceptanceAccepted"
2320,"2026-05-22 08:35:00",97.45,97.48,97,97.18,2022,"LLLH","Red","Up",1,0.66,0.48,"Up",0.95,0.27,"Down",0.9,0.375,0.104167,False,False,False,True,"Peak","Climactic","Absent","Absent","Accepted","Structural","VolumePeak20;RangePeak20;RangeClimactic20;BreaksPriorLow;AcceptanceAccepted"
2321,"2026-05-22 08:40:00",97.2,97.26,97.05,97.05,736,"InsideBar","Red","Down",0.35,0.18,0.21,"Down",0.35,0.15,"Down",0.7,0,1,True,False,False,False,"Falling","Absent","Clustered","Absent","Unresolved","Minor","CloseInsidePriorRange;CompressionClustered"
2322,"2026-05-22 08:45:00",97.06,97.1,96.91,96.93,896,"LLLH","Red","Up",0.65,0.3,0.19,"Down",0.3,0.13,"Down",0.55,0.105263,0.263158,False,False,False,True,"Rising","Absent","Absent","Local","Accepted","Moderate","BreaksPriorLow;DissipationLocal;AcceptanceAccepted"
2323,"2026-05-22 08:50:00",96.92,97.03,96.81,97.02,725,"LLLH","Black","Down",0.35,0.14,0.22,"Up",0.55,0.1,"Down",0.4,0.954545,0.545455,True,True,False,True,"Falling","Local","Local","Local","Contained","Minor","BreaksPriorLow;CloseInsidePriorRange;CloseInsidePriorBody;DissipationLocal;AcceptanceContained;CompressionLocal"
2324,"2026-05-22 08:55:00",97.01,97.01,96.82,96.87,485,"InsideBar","Red","Down",0.05,0.02,0.19,"Down",0.35,0.14,"Up",0.7,0.263158,1,True,False,False,False,"Falling","Absent","Clustered","Absent","Unresolved","Minor","CloseInsidePriorRange;CompressionClustered"
2325,"2026-05-22 09:00:00",96.86,97.1,96.8,97.06,931,"OutsideBar","Black","Up",0.7,0.34,0.3,"Up",0.75,0.2,"Up",0.85,0.866667,0.633333,False,False,True,True,"Rising","Local","Absent","Absent","Accepted","Moderate","BreaksPriorHigh;BreaksPriorLow;AcceptanceAccepted"
2326,"2026-05-22 09:05:00",97.06,97.41,96.99,97.09,2117,"HHHL","Black","Up",1,0.72,0.42,"Up",0.85,0.03,"Down",0.1,0.238095,0.261905,True,False,True,False,"Peak","Strong","Local","Absent","Contained","Major","VolumePeak20;RangePeak20;BreaksPriorHigh;CloseInsidePriorRange;AcceptanceContained;CompressionLocal"
2327,"2026-05-22 09:10:00",97.09,97.37,97.04,97.3,1100,"InsideBar","Black","Down",0.85,0.46,0.33,"Down",0.7,0.21,"Up",0.85,0.787879,1,True,False,False,False,"Peak","Absent","Clustered","Absent","Unresolved","Major","VolumePeak20;CloseInsidePriorRange;CompressionClustered"
2328,"2026-05-22 09:15:00",97.29,97.3,96.92,97.02,733,"LLLH","Red","Down",0.4,0.18,0.38,"Up",0.7,0.27,"Up",0.9,0.263158,0.684211,False,False,False,True,"Falling","Local","Absent","Local","Accepted","Moderate","BreaksPriorLow;DissipationLocal;AcceptanceAccepted"
2329,"2026-05-22 09:20:00",97.03,97.33,97.02,97.26,1068,"HHHL","Black","Up",0.75,0.46,0.31,"Down",0.65,0.23,"Down",0.85,0.774194,0.903226,True,True,True,False,"Rising","Absent","Clustered","Local","Contained","Moderate","BreaksPriorHigh;CloseInsidePriorRange;CloseInsidePriorBody;DissipationLocal;AcceptanceContained;CompressionClustered"
2330,"2026-05-22 09:25:00",97.27,97.27,97.06,97.09,384,"InsideBar","Red","Down",0.05,0.02,0.21,"Down",0.3,0.18,"Down",0.7,0.142857,1,True,True,False,False,"Falling","Absent","Clustered","Absent","Unresolved","Minor","CloseInsidePriorRange;CloseInsidePriorBody;CompressionClustered"
2331,"2026-05-22 09:30:00",97.09,97.19,96.85,96.9,1137,"LLLH","Red","Up",0.9,0.58,0.34,"Up",0.7,0.19,"Up",0.7,0.147059,0.382353,False,False,False,True,"Peak","Local","Absent","Absent","Accepted","Major","VolumePeak20;BreaksPriorLow;AcceptanceAccepted"
2332,"2026-05-22 09:35:00",96.89,96.91,96.52,96.86,1344,"LLLH","Red","Up",0.9,0.64,0.39,"Up",0.75,0.03,"Down",0.1,0.871795,0.153846,True,False,False,True,"Peak","Local","Local","Absent","Contained","Major","VolumePeak20;BreaksPriorLow;CloseInsidePriorRange;AcceptanceContained;CompressionLocal"
2333,"2026-05-22 09:40:00",96.86,96.99,96.79,96.88,826,"HHHL","Black","Down",0.4,0.28,0.2,"Down",0.2,0.02,"Down",0.05,0.45,0.6,True,True,True,False,"Falling","Absent","Local","Local","Contained","Minor","BreaksPriorHigh;CloseInsidePriorRange;CloseInsidePriorBody;DissipationLocal;AcceptanceContained;CompressionLocal"
2334,"2026-05-22 09:45:00",96.9,96.93,96.76,96.86,400,"LLLH","Red","Down",0.1,0.04,0.17,"Down",0.1,0.04,"Up",0.2,0.588235,0.823529,True,True,False,True,"Falling","Absent","Clustered","Local","Contained","Minor","BreaksPriorLow;CloseInsidePriorRange;CloseInsidePriorBody;DissipationLocal;AcceptanceContained;CompressionClustered"
2335,"2026-05-22 09:50:00",96.86,96.86,96.63,96.84,671,"LLLH","Red","Up",0.25,0.16,0.23,"Up",0.55,0.02,"Down",0.1,0.913043,0.434783,True,False,False,True,"Rising","Local","Local","Absent","Contained","Minor","BreaksPriorLow;CloseInsidePriorRange;AcceptanceContained;CompressionLocal"
2336,"2026-05-22 09:55:00",96.84,97.01,96.75,96.93,979,"HHHL","Black","Up",0.65,0.48,0.26,"Up",0.55,0.09,"Up",0.4,0.692308,0.423077,False,False,True,False,"Rising","Local","Absent","Absent","Accepted","Moderate","BreaksPriorHigh;AcceptanceAccepted"
2337,"2026-05-22 10:00:00",96.92,97.21,96.84,96.86,1331,"HHHL","Red","Up",0.85,0.72,0.37,"Up",0.75,0.06,"Down",0.35,0.054054,0.459459,True,True,True,False,"Peak","Local","Local","Absent","Contained","Major","VolumePeak20;BreaksPriorHigh;CloseInsidePriorRange;CloseInsidePriorBody;AcceptanceContained;CompressionLocal"
2338,"2026-05-22 10:05:00",96.83,96.83,96.37,96.44,1520,"LLLH","Red","Up",0.9,0.78,0.46,"Up",0.95,0.39,"Up",1,0.152174,0,False,False,False,True,"Peak","Climactic","Absent","Absent","Accepted","Structural","VolumePeak20;RangePeak20;RangeClimactic20;BreaksPriorLow;AcceptanceAccepted"
2339,"2026-05-22 10:10:00",96.43,96.44,96.27,96.36,805,"LLLH","Red","Down",0.4,0.32,0.17,"Down",0.1,0.07,"Down",0.35,0.529412,0.411765,False,False,False,True,"Falling","Absent","Absent","Local","Accepted","Minor","BreaksPriorLow;DissipationLocal;AcceptanceAccepted"
2340,"2026-05-22 10:15:00",96.34,96.63,96.3,96.57,1245,"HHHL","Black","Up",0.8,0.72,0.33,"Up",0.7,0.23,"Up",0.85,0.818182,0.424242,False,False,True,False,"Peak","Local","Absent","Absent","Accepted","Major","VolumePeak20;BreaksPriorHigh;AcceptanceAccepted"
2341,"2026-05-22 10:20:00",96.54,97.05,96.36,97.03,1711,"HHHL","Black","Up",0.95,0.84,0.69,"Up",1,0.49,"Up",1,0.971014,0.391304,False,False,True,False,"Peak","Climactic","Absent","Absent","Accepted","Structural","VolumePeak20;RangePeak20;RangeClimactic20;BreaksPriorHigh;AcceptanceAccepted"
2342,"2026-05-22 10:25:00",97.03,97.24,96.79,96.98,2218,"HHHL","Red","Up",1,0.94,0.45,"Down",0.9,0.05,"Down",0.3,0.422222,0.577778,True,True,True,False,"Peak","Strong","Local","Local","Contained","Structural","VolumePeak20;RangePeak20;BreaksPriorHigh;CloseInsidePriorRange;CloseInsidePriorBody;DissipationLocal;AcceptanceContained;CompressionLocal"
2343,"2026-05-22 10:30:00",96.98,97.08,94.73,95,9095,"LLLH","Red","Up",1,1,2.35,"Up",1,1.98,"Up",1,0.114894,0.123404,False,False,False,True,"Climactic","Climactic","Absent","Absent","Accepted","SessionDefining","VolumePeak20;VolumeClimactic50;RangePeak20;RangeClimactic20;BreaksPriorLow;AcceptanceAccepted"
2344,"2026-05-22 10:35:00",94.99,95.91,94.8,95.87,3925,"InsideBar","Black","Down",0.95,0.96,1.11,"Down",0.95,0.88,"Down",0.95,0.963964,1,True,True,False,False,"Climactic","Climactic","Clustered","Absent","Unresolved","SessionDefining","VolumePeak20;VolumeClimactic50;RangePeak20;RangeClimactic20;CloseInsidePriorRange;CloseInsidePriorBody;CompressionClustered"
2345,"2026-05-22 10:40:00",95.88,96,95.31,95.46,1936,"HHHL","Red","Down",0.8,0.84,0.69,"Down",0.9,0.42,"Down",0.85,0.217391,0.869565,True,True,True,False,"Peak","Strong","Clustered","Local","Contained","Structural","VolumePeak20;RangePeak20;BreaksPriorHigh;CloseInsidePriorRange;CloseInsidePriorBody;DissipationLocal;AcceptanceContained;CompressionClustered"
2346,"2026-05-22 10:45:00",95.44,95.72,95.34,95.69,1364,"InsideBar","Black","Down",0.7,0.76,0.38,"Down",0.65,0.25,"Down",0.7,0.921053,1,True,True,False,False,"Falling","Absent","Clustered","Absent","Unresolved","Moderate","CloseInsidePriorRange;CloseInsidePriorBody;CompressionClustered"
2347,"2026-05-22 10:50:00",95.69,95.88,95.59,95.84,1211,"HHHL","Black","Down",0.5,0.68,0.29,"Down",0.35,0.15,"Down",0.45,0.862069,0.448276,False,False,True,False,"Falling","Absent","Absent","Local","Accepted","Minor","BreaksPriorHigh;DissipationLocal;AcceptanceAccepted"
2348,"2026-05-22 10:55:00",95.85,96.09,95.81,96.05,1617,"HHHL","Black","Up",0.75,0.82,0.28,"Down",0.35,0.2,"Up",0.6,0.857143,0.25,False,False,True,False,"Rising","Absent","Absent","Local","Accepted","Moderate","BreaksPriorHigh;DissipationLocal;AcceptanceAccepted"
2349,"2026-05-22 11:00:00",96.06,96.27,95.86,96.07,1510,"HHHL","Black","Down",0.65,0.8,0.41,"Up",0.7,0.01,"Down",0.05,0.512195,0.560976,True,False,True,False,"Falling","Local","Local","Local","Contained","Moderate","BreaksPriorHigh;CloseInsidePriorRange;DissipationLocal;AcceptanceContained;CompressionLocal"
2350,"2026-05-22 11:05:00",96.07,96.7,96,96.34,2147,"HHHL","Black","Up",0.85,0.94,0.7,"Up",0.9,0.27,"Up",0.75,0.485714,0.385714,False,False,True,False,"Peak","Strong","Absent","Absent","Accepted","Structural","VolumePeak20;RangePeak20;BreaksPriorHigh;AcceptanceAccepted"
2351,"2026-05-22 11:10:00",96.36,96.46,96.08,96.39,1331,"InsideBar","Black","Down",0.45,0.74,0.38,"Down",0.55,0.03,"Down",0.25,0.815789,1,True,False,False,False,"Falling","Absent","Clustered","Absent","Unresolved","Minor","CloseInsidePriorRange;CompressionClustered"
2352,"2026-05-22 11:15:00",96.4,96.57,96.3,96.46,1202,"HHHL","Black","Down",0.3,0.66,0.27,"Down",0.3,0.06,"Up",0.35,0.592593,0.592593,True,False,True,False,"Falling","Absent","Local","Local","Contained","Minor","BreaksPriorHigh;CloseInsidePriorRange;DissipationLocal;AcceptanceContained;CompressionLocal"
2353,"2026-05-22 11:20:00",96.47,96.62,96.29,96.54,1381,"OutsideBar","Black","Up",0.55,0.78,0.33,"Up",0.45,0.07,"Up",0.45,0.757576,0.818182,True,False,True,True,"Rising","Local","Local","Absent","Contained","Minor","BreaksPriorHigh;BreaksPriorLow;CloseInsidePriorRange;AcceptanceContained;CompressionLocal"
2354,"2026-05-22 11:25:00",96.57,96.61,96.34,96.48,1162,"InsideBar","Red","Down",0.2,0.62,0.27,"Down",0.25,0.09,"Up",0.45,0.518519,1,True,True,False,False,"Falling","Absent","Clustered","Absent","Unresolved","Minor","CloseInsidePriorRange;CloseInsidePriorBody;CompressionClustered"
2355,"2026-05-22 11:30:00",96.48,96.75,96.18,96.75,4264,"OutsideBar","Black","Up",0.95,0.98,0.57,"Up",0.75,0.27,"Up",0.7,1,0.473684,False,False,True,True,"Climactic","Local","Absent","Absent","Accepted","Structural","VolumePeak20;VolumeClimactic50;BreaksPriorHigh;BreaksPriorLow;AcceptanceAccepted"
2356,"2026-05-25 06:05:00",91.5,91.87,91.49,91.67,910,"LLLH","Black","Down",0.1,0.38,0.38,"Down",0.55,0.17,"Down",0.5,0.473684,0,False,False,False,True,"Falling","Absent","Absent","Local","Accepted","Minor","BreaksPriorLow;DissipationLocal;AcceptanceAccepted"
2357,"2026-05-25 06:10:00",91.67,91.7,91.5,91.55,279,"InsideBar","Red","Down",0.05,0.02,0.2,"Down",0.1,0.12,"Down",0.4,0.25,1,True,True,False,False,"Falling","Absent","Clustered","Absent","Unresolved","Minor","CloseInsidePriorRange;CloseInsidePriorBody;CompressionClustered"
2358,"2026-05-25 06:15:00",91.57,91.69,91.44,91.67,300,"LLLH","Black","Up",0.1,0.04,0.25,"Up",0.15,0.1,"Down",0.4,0.92,0.76,True,True,False,True,"Rising","Local","Local","Absent","Contained","Minor","BreaksPriorLow;CloseInsidePriorRange;CloseInsidePriorBody;AcceptanceContained;CompressionLocal"
2359,"2026-05-25 06:20:00",91.65,91.79,91.65,91.65,323,"HHHL","Neutral","Up",0.15,0.06,0.14,"Down",0.05,0,"Down",0.05,0,0.285714,True,True,True,False,"Rising","Absent","Local","Local","Contained","Minor","BreaksPriorHigh;CloseInsidePriorRange;CloseInsidePriorBody;DissipationLocal;AcceptanceContained;CompressionLocal"
2360,"2026-05-25 06:25:00",91.67,91.83,91.63,91.79,367,"OutsideBar","Black","Up",0.2,0.08,0.2,"Up",0.15,0.12,"Up",0.5,0.8,0.7,True,False,True,True,"Rising","Local","Local","Absent","Contained","Minor","BreaksPriorHigh;BreaksPriorLow;CloseInsidePriorRange;AcceptanceContained;CompressionLocal"
2361,"2026-05-25 06:30:00",91.79,91.8,91.66,91.73,367,"InsideBar","Red","Flat",0.25,0.1,0.14,"Down",0.1,0.06,"Down",0.3,0.5,1,True,True,False,False,"Normal","Absent","Clustered","Absent","Unresolved","Minor","CloseInsidePriorRange;CloseInsidePriorBody;CompressionClustered"
2362,"2026-05-25 06:35:00",91.73,91.75,91.44,91.55,474,"LLLH","Red","Up",0.3,0.16,0.31,"Up",0.5,0.18,"Up",0.65,0.354839,0.290323,False,False,False,True,"Rising","Local","Absent","Absent","Accepted","Minor","BreaksPriorLow;AcceptanceAccepted"
2363,"2026-05-25 06:40:00",91.55,91.79,91.51,91.69,349,"HHHL","Black","Down",0.2,0.08,0.28,"Down",0.45,0.14,"Down",0.55,0.642857,0.857143,True,True,True,False,"Falling","Absent","Clustered","Local","Contained","Minor","BreaksPriorHigh;CloseInsidePriorRange;CloseInsidePriorBody;DissipationLocal;AcceptanceContained;CompressionClustered"
2364,"2026-05-25 06:45:00",91.68,91.7,91.6,91.67,117,"InsideBar","Red","Down",0.05,0.02,0.1,"Down",0.05,0.01,"Down",0.15,0.7,1,True,True,False,False,"Falling","Absent","Clustered","Absent","Unresolved","Minor","CloseInsidePriorRange;CloseInsidePriorBody;CompressionClustered"
2365,"2026-05-25 06:50:00",91.67,91.83,91.64,91.72,269,"HHHL","Black","Up",0.1,0.04,0.19,"Up",0.2,0.05,"Up",0.25,0.421053,0.315789,False,False,True,False,"Rising","Local","Absent","Absent","Accepted","Minor","BreaksPriorHigh;AcceptanceAccepted"
2366,"2026-05-25 06:55:00",91.71,91.88,91.53,91.56,604,"OutsideBar","Red","Up",0.5,0.28,0.35,"Up",0.75,0.15,"Up",0.7,0.085714,0.542857,False,False,True,True,"Rising","Local","Absent","Absent","Accepted","Moderate","BreaksPriorHigh;BreaksPriorLow;AcceptanceAccepted"
2367,"2026-05-25 07:00:00",91.56,91.59,91.31,91.39,386,"LLLH","Red","Down",0.45,0.2,0.28,"Down",0.6,0.17,"Up",0.8,0.285714,0.214286,False,False,False,True,"Falling","Absent","Absent","Local","Accepted","Moderate","BreaksPriorLow;DissipationLocal;AcceptanceAccepted"
2368,"2026-05-25 07:05:00",91.39,91.5,91.22,91.26,484,"LLLH","Red","Up",0.55,0.26,0.28,"Flat",0.6,0.13,"Down",0.65,0.142857,0.678571,False,False,False,True,"Rising","Absent","Absent","Absent","Accepted","Moderate","BreaksPriorLow;AcceptanceAccepted"
2369,"2026-05-25 07:10:00",91.27,91.51,91.25,91.46,351,"HHHL","Black","Down",0.35,0.14,0.26,"Down",0.4,0.19,"Up",0.9,0.807692,0.961538,True,False,True,False,"Falling","Absent","Clustered","Local","Contained","Minor","BreaksPriorHigh;CloseInsidePriorRange;DissipationLocal;AcceptanceContained;CompressionClustered"
2370,"2026-05-25 07:15:00",91.49,91.5,91.44,91.49,199,"InsideBar","Neutral","Down",0.1,0.04,0.06,"Down",0.05,0,"Down",0.1,0.833333,1,True,False,False,False,"Falling","Absent","Clustered","Absent","Unresolved","Minor","CloseInsidePriorRange;CompressionClustered"
2371,"2026-05-25 07:20:00",91.49,91.5,91.14,91.21,540,"OutsideBar","Red","Up",0.7,0.34,0.36,"Up",0.9,0.28,"Up",1,0.194444,0.166667,False,False,False,True,"Rising","Strong","Absent","Absent","Accepted","Structural","RangePeak20;BreaksPriorLow;AcceptanceAccepted"
2372,"2026-05-25 07:25:00",91.21,91.21,90.89,91.04,696,"LLLH","Red","Up",0.8,0.4,0.32,"Down",0.75,0.17,"Down",0.7,0.46875,0.21875,False,False,False,True,"Peak","Absent","Absent","Local","Accepted","Major","VolumePeak20;BreaksPriorLow;DissipationLocal;AcceptanceAccepted"
2373,"2026-05-25 07:30:00",91.04,91.11,90.97,90.99,480,"InsideBar","Red","Down",0.65,0.3,0.14,"Down",0.25,0.05,"Down",0.25,0.142857,1,True,False,False,False,"Falling","Absent","Clustered","Absent","Unresolved","Moderate","CloseInsidePriorRange;CompressionClustered"
2374,"2026-05-25 07:35:00",90.98,91.41,90.96,91.26,397,"OutsideBar","Black","Down",0.6,0.26,0.45,"Up",0.95,0.28,"Up",1,0.666667,0.311111,False,False,True,True,"Falling","Climactic","Absent","Local","Accepted","Structural","RangePeak20;RangeClimactic20;BreaksPriorHigh;BreaksPriorLow;DissipationLocal;AcceptanceAccepted"
2375,"2026-05-25 07:40:00",91.25,91.36,91.25,91.28,164,"InsideBar","Black","Down",0.1,0.04,0.11,"Down",0.15,0.03,"Down",0.2,0.272727,1,True,False,False,False,"Falling","Absent","Clustered","Absent","Unresolved","Minor","CloseInsidePriorRange;CompressionClustered"
2376,"2026-05-25 07:45:00",91.29,91.4,91.27,91.3,233,"HHHL","Black","Up",0.2,0.08,0.13,"Up",0.2,0.01,"Down",0.15,0.230769,0.692308,True,False,True,False,"Rising","Local","Local","Absent","Contained","Minor","BreaksPriorHigh;CloseInsidePriorRange;AcceptanceContained;CompressionLocal"
2377,"2026-05-25 07:50:00",91.3,91.37,91.06,91.13,722,"LLLH","Red","Up",1,0.48,0.31,"Up",0.8,0.17,"Up",0.8,0.225806,0.322581,False,False,False,True,"Peak","Strong","Absent","Absent","Accepted","Major","VolumePeak20;RangePeak20;BreaksPriorLow;AcceptanceAccepted"
2378,"2026-05-25 07:55:00",91.13,91.4,91.07,91.37,516,"HHHL","Black","Down",0.8,0.4,0.33,"Up",0.85,0.24,"Up",0.9,0.909091,0.909091,True,False,True,False,"Peak","Strong","Local","Local","Contained","Major","VolumePeak20;RangePeak20;BreaksPriorHigh;CloseInsidePriorRange;DissipationLocal;AcceptanceContained;CompressionLocal"
2379,"2026-05-25 08:00:00",91.37,91.52,91.33,91.43,698,"HHHL","Black","Up",0.95,0.5,0.19,"Down",0.4,0.06,"Down",0.4,0.526316,0.368421,False,False,True,False,"Peak","Absent","Absent","Local","Accepted","Major","VolumePeak20;HighVolumeLowRange;BreaksPriorHigh;DissipationLocal;AcceptanceAccepted"
2380,"2026-05-25 08:05:00",91.46,91.67,91.42,91.63,660,"HHHL","Black","Down",0.85,0.44,0.25,"Up",0.45,0.17,"Up",0.75,0.84,0.4,False,False,True,False,"Peak","Local","Absent","Local","Accepted","Major","VolumePeak20;BreaksPriorHigh;DissipationLocal;AcceptanceAccepted"
2381,"2026-05-25 08:10:00",91.63,91.82,91.62,91.65,419,"HHHL","Black","Down",0.5,0.32,0.2,"Down",0.4,0.02,"Down",0.2,0.15,0.25,True,False,True,False,"Falling","Absent","Local","Local","Contained","Minor","BreaksPriorHigh;CloseInsidePriorRange;DissipationLocal;AcceptanceContained;CompressionLocal"
2382,"2026-05-25 08:15:00",91.65,91.69,90.42,90.88,3898,"LLLH","Red","Up",1,0.94,1.27,"Up",1,0.77,"Up",1,0.362205,0.055118,False,False,False,True,"Peak","Climactic","Absent","Absent","Accepted","Structural","VolumePeak20;RangePeak20;RangeClimactic20;BreaksPriorLow;AcceptanceAccepted"
2383,"2026-05-25 08:20:00",90.87,90.98,90.73,90.76,896,"InsideBar","Red","Down",0.95,0.58,0.25,"Down",0.5,0.11,"Down",0.45,0.12,1,True,False,False,False,"Peak","Absent","Clustered","Absent","Unresolved","Major","VolumePeak20;CloseInsidePriorRange;CompressionClustered"
2384,"2026-05-25 08:25:00",90.74,90.98,90.61,90.98,525,"OutsideBar","Black","Down",0.6,0.4,0.37,"Up",0.9,0.24,"Up",0.85,1,0.675676,True,False,False,True,"Falling","Strong","Local","Local","Contained","Structural","RangePeak20;BreaksPriorLow;CloseInsidePriorRange;DissipationLocal;AcceptanceContained;CompressionLocal"
2385,"2026-05-25 08:30:00",90.99,91.15,90.62,90.91,1563,"HHHL","Red","Up",0.95,0.82,0.53,"Up",0.95,0.08,"Down",0.35,0.54717,0.679245,True,True,True,False,"Peak","Climactic","Local","Absent","Contained","Structural","VolumePeak20;RangePeak20;RangeClimactic20;BreaksPriorHigh;CloseInsidePriorRange;CloseInsidePriorBody;AcceptanceContained;CompressionLocal"
2386,"2026-05-25 08:35:00",90.92,91.03,90.84,90.95,604,"InsideBar","Black","Down",0.65,0.46,0.19,"Down",0.3,0.03,"Down",0.25,0.578947,1,True,True,False,False,"Falling","Absent","Clustered","Absent","Unresolved","Moderate","CloseInsidePriorRange;CloseInsidePriorBody;CompressionClustered"
2387,"2026-05-25 08:40:00",90.96,91.07,90.82,90.92,526,"OutsideBar","Red","Down",0.55,0.42,0.25,"Up",0.5,0.04,"Up",0.3,0.4,0.76,True,True,True,True,"Falling","Local","Local","Local","Contained","Minor","BreaksPriorHigh;BreaksPriorLow;CloseInsidePriorRange;CloseInsidePriorBody;DissipationLocal;AcceptanceContained;CompressionLocal"
2388,"2026-05-25 08:45:00",90.92,91.04,90.89,91.01,348,"InsideBar","Black","Down",0.2,0.18,0.15,"Down",0.25,0.09,"Up",0.5,0.8,1,True,False,False,False,"Falling","Absent","Clustered","Absent","Unresolved","Minor","CloseInsidePriorRange;CompressionClustered"
2389,"2026-05-25 08:50:00",91.02,91.06,90.89,90.97,147,"OutsideBar","Red","Down",0.05,0.04,0.17,"Up",0.3,0.05,"Down",0.35,0.470588,0.882353,True,True,True,False,"Falling","Local","Local","Local","Contained","Minor","BreaksPriorHigh;CloseInsidePriorRange;CloseInsidePriorBody;DissipationLocal;AcceptanceContained;CompressionLocal"
2390,"2026-05-25 08:55:00",90.98,91.07,90.94,91,280,"HHHL","Black","Up",0.2,0.16,0.13,"Down",0.1,0.02,"Down",0.1,0.461538,0.923077,True,True,True,False,"Rising","Absent","Clustered","Local","Contained","Minor","BreaksPriorHigh;CloseInsidePriorRange;CloseInsidePriorBody;DissipationLocal;AcceptanceContained;CompressionClustered"
2391,"2026-05-25 09:00:00",91,91.11,90.92,91.09,155,"OutsideBar","Black","Down",0.1,0.06,0.19,"Up",0.45,0.09,"Up",0.6,0.894737,0.684211,False,False,True,True,"Falling","Local","Absent","Local","Accepted","Minor","BreaksPriorHigh;BreaksPriorLow;DissipationLocal;AcceptanceAccepted"
2392,"2026-05-25 09:05:00",91.1,91.55,91.09,91.49,578,"HHHL","Black","Up",0.65,0.54,0.46,"Up",0.9,0.39,"Up",0.95,0.869565,0.043478,False,False,True,False,"Rising","Strong","Absent","Absent","Accepted","Structural","RangePeak20;BreaksPriorHigh;AcceptanceAccepted"
2393,"2026-05-25 09:10:00",91.49,91.6,91.32,91.35,351,"HHHL","Red","Down",0.35,0.3,0.28,"Down",0.65,0.14,"Down",0.65,0.107143,0.821429,True,True,True,False,"Falling","Absent","Clustered","Local","Contained","Moderate","BreaksPriorHigh;CloseInsidePriorRange;CloseInsidePriorBody;DissipationLocal;AcceptanceContained;CompressionClustered"
2394,"2026-05-25 09:15:00",91.35,91.41,91.13,91.15,293,"LLLH","Red","Down",0.3,0.2,0.28,"Flat",0.7,0.2,"Up",0.8,0.071429,0.321429,False,False,False,True,"Falling","Absent","Absent","Local","Accepted","Moderate","BreaksPriorLow;DissipationLocal;AcceptanceAccepted"
2395,"2026-05-25 09:20:00",91.15,91.41,91.12,91.38,227,"OutsideBar","Black","Down",0.15,0.12,0.29,"Up",0.7,0.23,"Up",0.8,0.896552,0.965517,True,False,False,True,"Falling","Local","Local","Local","Contained","Moderate","BreaksPriorLow;CloseInsidePriorRange;DissipationLocal;AcceptanceContained;CompressionLocal"
2396,"2026-05-25 09:25:00",91.39,91.42,91.19,91.25,224,"HHHL","Red","Down",0.15,0.12,0.23,"Down",0.4,0.14,"Down",0.6,0.26087,0.956522,True,True,True,False,"Falling","Absent","Clustered","Local","Contained","Minor","BreaksPriorHigh;CloseInsidePriorRange;CloseInsidePriorBody;DissipationLocal;AcceptanceContained;CompressionClustered"
2397,"2026-05-25 09:30:00",91.28,91.37,91.22,91.26,163,"InsideBar","Red","Down",0.15,0.08,0.15,"Down",0.15,0.02,"Down",0.1,0.266667,1,True,True,False,False,"Falling","Absent","Clustered","Absent","Unresolved","Minor","CloseInsidePriorRange;CloseInsidePriorBody;CompressionClustered"
2398,"2026-05-25 09:35:00",91.28,91.31,90.94,91,306,"LLLH","Red","Up",0.4,0.3,0.37,"Up",0.85,0.28,"Up",0.9,0.162162,0.243243,False,False,False,True,"Rising","Strong","Absent","Absent","Accepted","Major","RangePeak20;LowVolumeHighRange;BreaksPriorLow;AcceptanceAccepted"
2399,"2026-05-25 09:40:00",91,91.11,90.96,91.06,152,"InsideBar","Black","Down",0.1,0.06,0.15,"Down",0.2,0.06,"Down",0.35,0.666667,1,True,True,False,False,"Falling","Absent","Clustered","Absent","Unresolved","Minor","CloseInsidePriorRange;CloseInsidePriorBody;CompressionClustered"
2400,"2026-05-25 09:45:00",91.08,91.12,90.76,90.8,255,"OutsideBar","Red","Up",0.35,0.22,0.36,"Up",0.75,0.28,"Up",0.9,0.111111,0.416667,False,False,True,True,"Rising","Local","Absent","Absent","Accepted","Moderate","BreaksPriorHigh;BreaksPriorLow;AcceptanceAccepted"
2401,"2026-05-25 09:50:00",90.81,90.82,90.46,90.48,659,"LLLH","Red","Up",0.85,0.76,0.36,"Flat",0.75,0.33,"Up",0.9,0.055556,0.166667,False,False,False,True,"Peak","Absent","Absent","Absent","Accepted","Major","VolumePeak20;BreaksPriorLow;AcceptanceAccepted"
2402,"2026-05-25 09:55:00",90.46,90.55,90.11,90.54,1565,"LLLH","Black","Up",1,0.96,0.44,"Up",0.9,0.08,"Down",0.4,0.977273,0.204545,True,True,False,True,"Climactic","Strong","Local","Absent","Contained","Structural","VolumePeak20;VolumeClimactic50;RangePeak20;BreaksPriorLow;CloseInsidePriorRange;CloseInsidePriorBody;AcceptanceContained;CompressionLocal"
2403,"2026-05-25 10:00:00",90.48,90.52,89.75,89.85,1485,"LLLH","Red","Down",0.9,0.92,0.77,"Up",1,0.63,"Up",1,0.12987,0.532468,False,False,False,True,"Peak","Climactic","Absent","Local","Accepted","Structural","VolumePeak20;RangePeak20;RangeClimactic20;BreaksPriorLow;DissipationLocal;AcceptanceAccepted"
2404,"2026-05-25 10:05:00",89.86,89.88,89.41,89.75,1011,"LLLH","Red","Down",0.85,0.9,0.47,"Down",0.9,0.11,"Down",0.55,0.723404,0.276596,True,False,False,True,"Peak","Strong","Local","Local","Contained","Structural","VolumePeak20;RangePeak20;BreaksPriorLow;CloseInsidePriorRange;DissipationLocal;AcceptanceContained;CompressionLocal"
2405,"2026-05-25 10:10:00",89.75,89.87,89.51,89.66,502,"InsideBar","Red","Down",0.65,0.62,0.36,"Down",0.75,0.09,"Down",0.5,0.416667,1,True,False,False,False,"Falling","Absent","Clustered","Absent","Unresolved","Moderate","CloseInsidePriorRange;CompressionClustered"
2406,"2026-05-25 10:15:00",89.64,90.07,89.64,89.99,498,"HHHL","Black","Down",0.65,0.62,0.43,"Up",0.8,0.35,"Up",0.9,0.813953,0.534884,False,False,True,False,"Falling","Strong","Absent","Local","Accepted","Major","RangePeak20;BreaksPriorHigh;DissipationLocal;AcceptanceAccepted"
2407,"2026-05-25 10:20:00",90.01,90.03,89.88,89.97,138,"InsideBar","Red","Down",0.05,0.04,0.15,"Down",0.25,0.04,"Down",0.15,0.6,1,True,True,False,False,"Falling","Absent","Clustered","Absent","Unresolved","Minor","CloseInsidePriorRange;CloseInsidePriorBody;CompressionClustered"
2408,"2026-05-25 10:25:00",89.96,89.97,89.79,89.88,176,"LLLH","Red","Up",0.3,0.16,0.18,"Up",0.3,0.08,"Up",0.3,0.5,0.5,True,False,False,True,"Rising","Local","Local","Absent","Contained","Minor","BreaksPriorLow;CloseInsidePriorRange;AcceptanceContained;CompressionLocal"
2409,"2026-05-25 10:30:00",89.87,90,89.63,89.85,729,"OutsideBar","Red","Up",0.85,0.88,0.37,"Up",0.75,0.02,"Down",0.15,0.594595,0.486486,True,False,True,True,"Peak","Local","Local","Absent","Contained","Major","VolumePeak20;BreaksPriorHigh;BreaksPriorLow;CloseInsidePriorRange;AcceptanceContained;CompressionLocal"
2410,"2026-05-25 10:35:00",89.92,90.26,89.87,90.17,398,"HHHL","Black","Down",0.6,0.5,0.39,"Up",0.75,0.25,"Up",0.7,0.769231,0.333333,False,False,True,False,"Falling","Local","Absent","Local","Accepted","Moderate","BreaksPriorHigh;DissipationLocal;AcceptanceAccepted"
2411,"2026-05-25 10:40:00",90.17,90.22,90.06,90.14,151,"InsideBar","Red","Down",0.1,0.08,0.16,"Down",0.2,0.03,"Down",0.15,0.5,1,True,True,False,False,"Falling","Absent","Clustered","Absent","Unresolved","Minor","CloseInsidePriorRange;CloseInsidePriorBody;CompressionClustered"
2412,"2026-05-25 10:45:00",90.15,90.25,90.14,90.14,162,"HHHL","Red","Up",0.2,0.14,0.11,"Down",0.05,0.01,"Down",0.05,0,0.727273,True,True,True,False,"Rising","Absent","Local","Local","Contained","Minor","BreaksPriorHigh;CloseInsidePriorRange;CloseInsidePriorBody;DissipationLocal;AcceptanceContained;CompressionLocal"
2413,"2026-05-25 10:50:00",90.15,90.45,90.14,90.38,327,"OutsideBar","Black","Up",0.6,0.4,0.31,"Up",0.5,0.23,"Up",0.7,0.774194,0.354839,False,False,True,False,"Rising","Local","Absent","Absent","Accepted","Moderate","BreaksPriorHigh;AcceptanceAccepted"
2414,"2026-05-25 10:55:00",90.39,90.45,90.29,90.33,239,"InsideBar","Red","Down",0.45,0.28,0.16,"Down",0.3,0.06,"Down",0.35,0.25,1,True,True,False,False,"Falling","Absent","Clustered","Absent","Unresolved","Minor","CloseInsidePriorRange;CloseInsidePriorBody;CompressionClustered"
2415,"2026-05-25 11:00:00",90.34,90.4,90.2,90.33,176,"LLLH","Red","Down",0.35,0.2,0.2,"Up",0.4,0.01,"Down",0.1,0.65,0.55,True,True,False,True,"Falling","Local","Local","Local","Contained","Minor","BreaksPriorLow;CloseInsidePriorRange;CloseInsidePriorBody;DissipationLocal;AcceptanceContained;CompressionLocal"
2416,"2026-05-25 11:05:00",90.33,90.33,90.14,90.24,182,"LLLH","Red","Up",0.4,0.22,0.19,"Down",0.4,0.09,"Up",0.6,0.526316,0.684211,True,False,False,True,"Rising","Absent","Local","Local","Contained","Minor","BreaksPriorLow;CloseInsidePriorRange;DissipationLocal;AcceptanceContained;CompressionLocal"
2417,"2026-05-25 11:10:00",90.24,90.44,90.22,90.36,155,"HHHL","Black","Down",0.2,0.12,0.22,"Up",0.45,0.12,"Up",0.65,0.636364,0.5,False,False,True,False,"Falling","Local","Absent","Local","Accepted","Minor","BreaksPriorHigh;DissipationLocal;AcceptanceAccepted"
2418,"2026-05-25 11:15:00",90.36,90.41,90.26,90.29,74,"InsideBar","Red","Down",0.05,0.02,0.15,"Down",0.1,0.07,"Down",0.4,0.2,1,True,True,False,False,"Falling","Absent","Clustered","Absent","Unresolved","Minor","CloseInsidePriorRange;CloseInsidePriorBody;CompressionClustered"
2419,"2026-05-25 11:20:00",90.27,90.33,90.27,90.3,27,"InsideBar","Black","Down",0.05,0.02,0.06,"Down",0.05,0.03,"Down",0.25,0.5,1,True,True,False,False,"Falling","Absent","Clustered","Absent","Unresolved","Minor","CloseInsidePriorRange;CloseInsidePriorBody;CompressionClustered"
2420,"2026-05-25 11:25:00",90.33,90.42,90.27,90.34,114,"OutsideBar","Black","Up",0.15,0.06,0.15,"Up",0.25,0.01,"Down",0.15,0.466667,0.4,False,False,True,False,"Rising","Local","Absent","Absent","Accepted","Minor","BreaksPriorHigh;AcceptanceAccepted"
2421,"2026-05-25 11:30:00",90.35,90.41,90.22,90.3,292,"LLLH","Red","Up",0.6,0.44,0.19,"Up",0.5,0.05,"Up",0.4,0.421053,0.736842,True,False,False,True,"Rising","Local","Local","Absent","Contained","Moderate","BreaksPriorLow;CloseInsidePriorRange;AcceptanceContained;CompressionLocal"
2422,"2026-05-26 06:05:00",92.81,92.85,92.54,92.7,1160,"HHHL","Red","Up",0.95,0.92,0.31,"Up",0.65,0.11,"Up",0.75,0.516129,0,False,False,True,False,"Peak","Local","Absent","Absent","Accepted","Structural","VolumePeak20;BreaksPriorHigh;AcceptanceAccepted"
2423,"2026-05-26 06:10:00",92.71,92.92,92.68,92.91,569,"HHHL","Black","Down",0.85,0.72,0.24,"Down",0.65,0.2,"Up",0.85,0.958333,0.708333,False,False,True,False,"Peak","Absent","Absent","Local","Accepted","Major","VolumePeak20;BreaksPriorHigh;DissipationLocal;AcceptanceAccepted"
2424,"2026-05-26 06:15:00",92.9,92.96,92.73,92.81,817,"HHHL","Red","Up",0.95,0.86,0.23,"Down",0.65,0.09,"Down",0.7,0.347826,0.826087,True,True,True,False,"Peak","Absent","Clustered","Local","Contained","Major","VolumePeak20;BreaksPriorHigh;CloseInsidePriorRange;CloseInsidePriorBody;DissipationLocal;AcceptanceContained;CompressionClustered"
2425,"2026-05-26 06:20:00",92.8,93,92.68,92.98,692,"OutsideBar","Black","Down",0.85,0.78,0.32,"Up",0.85,0.18,"Up",0.8,0.9375,0.71875,False,False,True,True,"Peak","Strong","Absent","Local","Accepted","Major","VolumePeak20;RangePeak20;BreaksPriorHigh;BreaksPriorLow;DissipationLocal;AcceptanceAccepted"
2426,"2026-05-26 06:25:00",93,93,92.78,92.85,549,"InsideBar","Red","Down",0.75,0.66,0.22,"Down",0.65,0.15,"Down",0.8,0.318182,1,True,True,False,False,"Falling","Absent","Clustered","Absent","Unresolved","Moderate","CloseInsidePriorRange;CloseInsidePriorBody;CompressionClustered"
2427,"2026-05-26 06:30:00",92.85,93.06,92.85,93.04,529,"HHHL","Black","Down",0.7,0.66,0.21,"Down",0.55,0.19,"Up",0.85,0.904762,0.714286,False,False,True,False,"Falling","Absent","Absent","Local","Accepted","Moderate","BreaksPriorHigh;DissipationLocal;AcceptanceAccepted"
2428,"2026-05-26 06:35:00",93.06,93.15,92.8,93.1,1021,"OutsideBar","Black","Up",0.95,0.9,0.35,"Up",0.9,0.04,"Down",0.35,0.857143,0.6,False,False,True,True,"Peak","Strong","Absent","Absent","Accepted","Structural","VolumePeak20;RangePeak20;BreaksPriorHigh;BreaksPriorLow;AcceptanceAccepted"
2429,"2026-05-26 06:40:00",93.11,93.14,92.93,93.11,925,"InsideBar","Neutral","Down",0.9,0.86,0.21,"Down",0.5,0,"Down",0.05,0.857143,1,True,False,False,False,"Peak","Absent","Clustered","Absent","Unresolved","Major","VolumePeak20;CloseInsidePriorRange;CompressionClustered"
2430,"2026-05-26 06:45:00",93.11,93.22,93.07,93.14,946,"HHHL","Black","Up",0.9,0.86,0.15,"Down",0.25,0.03,"Up",0.35,0.466667,0.466667,True,False,True,False,"Peak","Absent","Local","Local","Contained","Major","VolumePeak20;HighVolumeLowRange;BreaksPriorHigh;CloseInsidePriorRange;DissipationLocal;AcceptanceContained;CompressionLocal"
2431,"2026-05-26 06:50:00",93.13,93.38,93.04,93.37,1257,"OutsideBar","Black","Up",1,0.92,0.34,"Up",0.95,0.24,"Up",1,0.970588,0.441176,False,False,True,True,"Peak","Climactic","Absent","Absent","Accepted","Structural","VolumePeak20;RangePeak20;RangeClimactic20;BreaksPriorHigh;BreaksPriorLow;AcceptanceAccepted"
2432,"2026-05-26 06:55:00",93.36,94.51,93.35,94.15,5816,"HHHL","Black","Up",1,1,1.16,"Up",1,0.79,"Up",1,0.689655,0.025862,False,False,True,False,"Climactic","Climactic","Absent","Absent","Accepted","SessionDefining","VolumePeak20;VolumeClimactic50;RangePeak20;RangeClimactic20;BreaksPriorHigh;AcceptanceAccepted"
2433,"2026-05-26 07:00:00",94.15,94.24,93.88,94.2,2428,"InsideBar","Black","Down",0.95,0.98,0.36,"Down",0.95,0.05,"Down",0.4,0.888889,1,True,False,False,False,"Climactic","Climactic","Clustered","Absent","Unresolved","SessionDefining","VolumePeak20;VolumeClimactic50;RangePeak20;RangeClimactic20;CloseInsidePriorRange;CompressionClustered"
2434,"2026-05-26 07:05:00",94.16,94.43,94,94.08,1807,"HHHL","Red","Down",0.9,0.96,0.43,"Up",0.95,0.08,"Up",0.5,0.186047,0.55814,True,False,True,False,"Climactic","Climactic","Local","Local","Contained","SessionDefining","VolumePeak20;VolumeClimactic50;RangePeak20;RangeClimactic20;BreaksPriorHigh;CloseInsidePriorRange;DissipationLocal;AcceptanceContained;CompressionLocal"
2435,"2026-05-26 07:10:00",94.07,94.12,93.52,93.81,2034,"LLLH","Red","Up",0.9,0.96,0.6,"Up",0.95,0.26,"Up",0.95,0.483333,0.2,False,False,False,True,"Climactic","Climactic","Absent","Absent","Accepted","SessionDefining","VolumePeak20;VolumeClimactic50;RangePeak20;RangeClimactic20;BreaksPriorLow;AcceptanceAccepted"
2436,"2026-05-26 07:15:00",93.79,94.05,93.73,93.83,1013,"InsideBar","Black","Down",0.65,0.82,0.32,"Down",0.7,0.04,"Down",0.3,0.3125,1,True,True,False,False,"Falling","Absent","Clustered","Absent","Unresolved","Moderate","CloseInsidePriorRange;CloseInsidePriorBody;CompressionClustered"
2437,"2026-05-26 07:20:00",93.83,94.1,93.77,93.95,983,"HHHL","Black","Down",0.6,0.78,0.33,"Up",0.7,0.12,"Up",0.65,0.545455,0.848485,True,False,True,False,"Falling","Local","Local","Local","Contained","Moderate","BreaksPriorHigh;CloseInsidePriorRange;DissipationLocal;AcceptanceContained;CompressionLocal"
2438,"2026-05-26 07:25:00",93.96,93.99,93.77,93.82,858,"InsideBar","Red","Down",0.45,0.72,0.22,"Down",0.4,0.14,"Up",0.65,0.227273,1,True,False,False,False,"Falling","Absent","Clustered","Absent","Unresolved","Minor","CloseInsidePriorRange;CompressionClustered"
2439,"2026-05-26 07:30:00",93.8,93.94,93.71,93.82,800,"LLLH","Black","Down",0.35,0.68,0.23,"Up",0.45,0.02,"Down",0.15,0.478261,0.73913,True,True,False,True,"Falling","Local","Local","Local","Contained","Minor","BreaksPriorLow;CloseInsidePriorRange;CloseInsidePriorBody;DissipationLocal;AcceptanceContained;CompressionLocal"
2440,"2026-05-26 07:35:00",93.8,93.86,93.46,93.62,2108,"LLLH","Red","Up",0.9,0.96,0.4,"Up",0.85,0.18,"Up",0.7,0.4,0.375,False,False,False,True,"Climactic","Strong","Absent","Absent","Accepted","Structural","VolumePeak20;VolumeClimactic50;RangePeak20;BreaksPriorLow;AcceptanceAccepted"
2441,"2026-05-26 07:40:00",93.62,93.7,93.17,93.65,2315,"LLLH","Black","Up",0.9,0.96,0.53,"Up",0.9,0.03,"Down",0.2,0.90566,0.45283,True,True,False,True,"Climactic","Strong","Local","Absent","Contained","Structural","VolumePeak20;VolumeClimactic50;RangePeak20;BreaksPriorLow;CloseInsidePriorRange;CloseInsidePriorBody;AcceptanceContained;CompressionLocal"
2442,"2026-05-26 07:45:00",93.65,93.81,93.48,93.75,1406,"HHHL","Black","Down",0.7,0.84,0.33,"Down",0.6,0.1,"Up",0.5,0.818182,0.666667,False,False,True,False,"Falling","Absent","Absent","Local","Accepted","Moderate","BreaksPriorHigh;DissipationLocal;AcceptanceAccepted"
2443,"2026-05-26 07:50:00",93.74,93.85,93.52,93.64,1202,"HHHL","Red","Down",0.6,0.8,0.33,"Flat",0.6,0.1,"Flat",0.55,0.363636,0.878788,True,False,True,False,"Falling","Absent","Clustered","Local","Contained","Moderate","BreaksPriorHigh;CloseInsidePriorRange;DissipationLocal;AcceptanceContained;CompressionClustered"
2444,"2026-05-26 07:55:00",93.62,94.12,93.62,94.11,1661,"HHHL","Black","Up",0.7,0.88,0.5,"Up",0.85,0.49,"Up",0.95,0.98,0.46,False,False,True,False,"Rising","Strong","Absent","Absent","Accepted","Major","RangePeak20;BreaksPriorHigh;AcceptanceAccepted"
2445,"2026-05-26 08:00:00",94.12,94.4,94.09,94.19,1545,"HHHL","Black","Down",0.65,0.84,0.31,"Down",0.35,0.07,"Down",0.4,0.322581,0.096774,False,False,True,False,"Falling","Absent","Absent","Local","Accepted","Moderate","BreaksPriorHigh;DissipationLocal;AcceptanceAccepted"
2446,"2026-05-26 08:05:00",94.19,94.48,94.17,94.32,2030,"HHHL","Black","Up",0.75,0.9,0.31,"Flat",0.35,0.13,"Up",0.65,0.483871,0.741935,True,False,True,False,"Rising","Absent","Local","Absent","Contained","Structural","BreaksPriorHigh;CloseInsidePriorRange;AcceptanceContained;CompressionLocal"
2447,"2026-05-26 08:10:00",94.33,94.45,94.16,94.36,1528,"LLLH","Black","Down",0.55,0.8,0.29,"Down",0.25,0.03,"Down",0.25,0.689655,0.965517,True,False,False,True,"Falling","Absent","Clustered","Local","Contained","Minor","BreaksPriorLow;CloseInsidePriorRange;DissipationLocal;AcceptanceContained;CompressionClustered"
2448,"2026-05-26 08:15:00",94.37,94.39,94.13,94.28,802,"LLLH","Red","Down",0.1,0.52,0.26,"Down",0.25,0.09,"Up",0.5,0.576923,0.884615,True,False,False,True,"Falling","Absent","Clustered","Local","Contained","Minor","BreaksPriorLow;CloseInsidePriorRange;DissipationLocal;AcceptanceContained;CompressionClustered"
2449,"2026-05-26 08:20:00",94.27,94.42,94.12,94.2,748,"OutsideBar","Red","Down",0.05,0.48,0.3,"Up",0.3,0.07,"Down",0.4,0.266667,0.866667,True,False,True,True,"Falling","Local","Local","Local","Contained","Minor","BreaksPriorHigh;BreaksPriorLow;CloseInsidePriorRange;DissipationLocal;AcceptanceContained;CompressionLocal"
2450,"2026-05-26 08:25:00",94.2,94.37,94.15,94.34,747,"InsideBar","Black","Down",0.05,0.46,0.22,"Down",0.1,0.14,"Up",0.75,0.863636,1,True,False,False,False,"Falling","Absent","Clustered","Absent","Unresolved","Minor","CloseInsidePriorRange;CompressionClustered"
2451,"2026-05-26 08:30:00",94.33,94.7,94.22,94.66,1725,"HHHL","Black","Up",0.65,0.86,0.48,"Up",0.8,0.33,"Up",0.9,0.916667,0.3125,False,False,True,False,"Rising","Strong","Absent","Absent","Accepted","Major","RangePeak20;BreaksPriorHigh;AcceptanceAccepted"
2452,"2026-05-26 08:35:00",94.66,94.66,94.19,94.27,1795,"LLLH","Red","Up",0.7,0.86,0.47,"Down",0.8,0.39,"Up",0.95,0.170213,0.93617,True,False,False,True,"Rising","Strong","Clustered","Local","Contained","Major","RangePeak20;BreaksPriorLow;CloseInsidePriorRange;DissipationLocal;AcceptanceContained;CompressionClustered"
2453,"2026-05-26 08:40:00",94.27,94.48,94.19,94.2,922,"InsideBar","Red","Down",0.3,0.56,0.29,"Down",0.3,0.07,"Down",0.35,0.034483,1,True,False,False,False,"Falling","Absent","Clustered","Absent","Unresolved","Minor","CloseInsidePriorRange;CompressionClustered"
2454,"2026-05-26 08:45:00",94.2,94.25,94.03,94.07,1063,"LLLH","Red","Up",0.45,0.68,0.22,"Down",0.15,0.13,"Up",0.65,0.181818,0.272727,False,False,False,True,"Rising","Absent","Absent","Local","Accepted","Minor","BreaksPriorLow;DissipationLocal;AcceptanceAccepted"
2455,"2026-05-26 08:50:00",94.09,94.09,93.82,93.83,1404,"LLLH","Red","Up",0.55,0.74,0.27,"Up",0.3,0.26,"Up",0.85,0.037037,0.222222,False,False,False,True,"Rising","Local","Absent","Absent","Accepted","Minor","BreaksPriorLow;AcceptanceAccepted"
2456,"2026-05-26 08:55:00",93.83,93.99,93.81,93.88,837,"LLLH","Black","Down",0.25,0.5,0.18,"Down",0.05,0.05,"Down",0.2,0.388889,0.944444,True,True,False,True,"Falling","Absent","Clustered","Local","Contained","Minor","BreaksPriorLow;CloseInsidePriorRange;CloseInsidePriorBody;DissipationLocal;AcceptanceContained;CompressionClustered"
2457,"2026-05-26 09:00:00",93.89,94.07,93.85,93.9,675,"HHHL","Black","Down",0.05,0.34,0.22,"Up",0.25,0.01,"Down",0.05,0.227273,0.636364,True,False,True,False,"Falling","Local","Local","Local","Contained","Minor","BreaksPriorHigh;CloseInsidePriorRange;DissipationLocal;AcceptanceContained;CompressionLocal"
2458,"2026-05-26 09:05:00",93.89,94.07,93.85,93.93,1100,"Symmetric","Black","Up",0.45,0.66,0.22,"Flat",0.25,0.04,"Up",0.25,0.363636,1,True,False,False,False,"Rising","Absent","Clustered","Absent","Unresolved","Minor","CloseInsidePriorRange;CompressionClustered"
2459,"2026-05-26 09:10:00",93.93,94.08,93.87,93.99,876,"HHHL","Black","Down",0.3,0.5,0.21,"Down",0.1,0.06,"Up",0.3,0.571429,0.952381,True,False,True,False,"Falling","Absent","Clustered","Local","Contained","Minor","BreaksPriorHigh;CloseInsidePriorRange;DissipationLocal;AcceptanceContained;CompressionClustered"
2460,"2026-05-26 09:15:00",93.99,94.33,93.99,94.3,792,"HHHL","Black","Down",0.2,0.38,0.34,"Up",0.8,0.31,"Up",0.85,0.911765,0.264706,False,False,True,False,"Falling","Strong","Absent","Local","Accepted","Major","RangePeak20;LowVolumeHighRange;BreaksPriorHigh;DissipationLocal;AcceptanceAccepted"
2461,"2026-05-26 09:20:00",94.3,94.36,94.08,94.09,690,"HHHL","Red","Down",0.1,0.3,0.28,"Down",0.45,0.21,"Down",0.75,0.035714,0.892857,True,True,True,False,"Falling","Absent","Clustered","Local","Contained","Minor","BreaksPriorHigh;CloseInsidePriorRange;CloseInsidePriorBody;DissipationLocal;AcceptanceContained;CompressionClustered"
2462,"2026-05-26 09:25:00",94.09,94.26,94.07,94.2,677,"LLLH","Black","Down",0.1,0.28,0.19,"Down",0.1,0.11,"Down",0.55,0.684211,0.947368,True,True,False,True,"Falling","Absent","Clustered","Local","Contained","Minor","BreaksPriorLow;CloseInsidePriorRange;CloseInsidePriorBody;DissipationLocal;AcceptanceContained;CompressionClustered"
2463,"2026-05-26 09:30:00",94.2,94.25,93.95,94.07,643,"LLLH","Red","Down",0.05,0.24,0.3,"Up",0.7,0.13,"Up",0.65,0.4,0.6,True,False,False,True,"Falling","Local","Local","Local","Contained","Moderate","BreaksPriorLow;CloseInsidePriorRange;DissipationLocal;AcceptanceContained;CompressionLocal"
2464,"2026-05-26 09:35:00",94.07,94.15,93.71,93.79,1732,"LLLH","Red","Up",0.9,0.84,0.44,"Up",0.9,0.28,"Up",0.85,0.181818,0.454545,False,False,False,True,"Peak","Strong","Absent","Absent","Accepted","Structural","VolumePeak20;RangePeak20;BreaksPriorLow;AcceptanceAccepted"
2465,"2026-05-26 09:40:00",93.77,94.05,93.74,93.96,809,"InsideBar","Black","Down",0.45,0.4,0.31,"Down",0.8,0.19,"Down",0.7,0.709677,1,True,True,False,False,"Falling","Strong","Clustered","Absent","Unresolved","Major","RangePeak20;CloseInsidePriorRange;CloseInsidePriorBody;CompressionClustered"
2466,"2026-05-26 09:45:00",93.97,94.17,93.94,94.15,634,"HHHL","Black","Down",0.05,0.18,0.23,"Down",0.4,0.18,"Down",0.65,0.913043,0.478261,False,False,True,False,"Falling","Absent","Absent","Local","Accepted","Minor","BreaksPriorHigh;DissipationLocal;AcceptanceAccepted"
2467,"2026-05-26 09:50:00",94.15,94.31,94.06,94.31,472,"HHHL","Black","Down",0.05,0.1,0.25,"Up",0.45,0.16,"Down",0.6,1,0.44,False,False,True,False,"Falling","Local","Absent","Local","Accepted","Minor","BreaksPriorHigh;DissipationLocal;AcceptanceAccepted"
2468,"2026-05-26 09:55:00",94.3,94.31,94.15,94.2,461,"InsideBar","Red","Down",0.05,0.08,0.16,"Down",0.05,0.1,"Down",0.35,0.3125,1,True,True,False,False,"Falling","Absent","Clustered","Absent","Unresolved","Minor","CloseInsidePriorRange;CloseInsidePriorBody;CompressionClustered"
2469,"2026-05-26 10:00:00",94.19,94.2,94.02,94.03,618,"LLLH","Red","Up",0.15,0.16,0.18,"Up",0.15,0.16,"Up",0.6,0.055556,0.277778,False,False,False,True,"Rising","Local","Absent","Absent","Accepted","Minor","BreaksPriorLow;AcceptanceAccepted"
2470,"2026-05-26 10:05:00",94.04,94.09,93.88,93.94,866,"LLLH","Red","Up",0.6,0.46,0.21,"Up",0.3,0.1,"Down",0.35,0.285714,0.333333,False,False,False,True,"Rising","Local","Absent","Absent","Accepted","Moderate","BreaksPriorLow;AcceptanceAccepted"
2471,"2026-05-26 10:10:00",93.93,94.06,93.85,94,611,"LLLH","Black","Down",0.15,0.12,0.21,"Flat",0.35,0.07,"Down",0.3,0.714286,0.857143,True,True,False,True,"Falling","Absent","Clustered","Local","Contained","Minor","BreaksPriorLow;CloseInsidePriorRange;CloseInsidePriorBody;DissipationLocal;AcceptanceContained;CompressionClustered"
2472,"2026-05-26 10:15:00",94,94.04,93.92,93.96,432,"InsideBar","Red","Down",0.05,0.02,0.12,"Down",0.05,0.04,"Down",0.15,0.333333,1,True,True,False,False,"Falling","Absent","Clustered","Absent","Unresolved","Minor","CloseInsidePriorRange;CloseInsidePriorBody;CompressionClustered"
2473,"2026-05-26 10:20:00",93.95,94.16,93.95,94,721,"HHHL","Black","Up",0.55,0.28,0.21,"Up",0.35,0.05,"Up",0.25,0.238095,0.428571,True,True,True,False,"Rising","Local","Local","Absent","Contained","Minor","BreaksPriorHigh;CloseInsidePriorRange;CloseInsidePriorBody;AcceptanceContained;CompressionLocal"
2474,"2026-05-26 10:25:00",93.99,94.01,93.82,93.95,778,"LLLH","Red","Up",0.6,0.34,0.19,"Down",0.3,0.04,"Down",0.1,0.684211,0.315789,True,True,False,True,"Rising","Absent","Local","Local","Contained","Moderate","BreaksPriorLow;CloseInsidePriorRange;CloseInsidePriorBody;DissipationLocal;AcceptanceContained;CompressionLocal"
2475,"2026-05-26 10:30:00",93.96,94.11,93.96,94.05,626,"HHHL","Black","Down",0.3,0.16,0.15,"Down",0.1,0.09,"Up",0.45,0.6,0.333333,False,False,True,False,"Falling","Absent","Absent","Local","Accepted","Minor","BreaksPriorHigh;DissipationLocal;AcceptanceAccepted"
2476,"2026-05-26 10:35:00",94.05,94.14,93.85,93.87,616,"OutsideBar","Red","Down",0.25,0.12,0.29,"Up",0.8,0.18,"Up",0.75,0.068966,0.517241,False,False,True,True,"Falling","Strong","Absent","Local","Accepted","Major","RangePeak20;LowVolumeHighRange;BreaksPriorHigh;BreaksPriorLow;DissipationLocal;AcceptanceAccepted"
2477,"2026-05-26 10:40:00",93.87,93.93,93.78,93.83,823,"LLLH","Red","Up",0.8,0.42,0.15,"Down",0.15,0.04,"Down",0.2,0.333333,0.533333,False,False,False,True,"Peak","Absent","Absent","Local","Accepted","Major","VolumePeak20;HighVolumeLowRange;BreaksPriorLow;DissipationLocal;AcceptanceAccepted"
2478,"2026-05-26 10:45:00",93.82,93.91,93.58,93.62,647,"LLLH","Red","Down",0.5,0.2,0.33,"Up",0.9,0.2,"Up",0.85,0.121212,0.393939,False,False,False,True,"Falling","Strong","Absent","Local","Accepted","Structural","RangePeak20;BreaksPriorLow;DissipationLocal;AcceptanceAccepted"
2479,"2026-05-26 10:50:00",93.61,93.88,93.56,93.87,798,"LLLH","Black","Up",0.8,0.38,0.32,"Down",0.85,0.26,"Up",0.9,0.96875,0.9375,True,False,False,True,"Peak","Strong","Clustered","Local","Contained","Major","VolumePeak20;RangePeak20;BreaksPriorLow;CloseInsidePriorRange;DissipationLocal;AcceptanceContained;CompressionClustered"
2480,"2026-05-26 10:55:00",93.86,93.95,93.8,93.82,637,"HHHL","Red","Down",0.45,0.18,0.15,"Down",0.2,0.04,"Down",0.2,0.133333,0.533333,True,True,True,False,"Falling","Absent","Local","Local","Contained","Minor","BreaksPriorHigh;CloseInsidePriorRange;CloseInsidePriorBody;DissipationLocal;AcceptanceContained;CompressionLocal"
2481,"2026-05-26 11:00:00",93.81,93.87,93.74,93.74,767,"LLLH","Red","Up",0.7,0.36,0.13,"Down",0.1,0.07,"Up",0.35,0,0.538462,False,False,False,True,"Rising","Absent","Absent","Local","Accepted","Moderate","BreaksPriorLow;DissipationLocal;AcceptanceAccepted"
2482,"2026-05-26 11:05:00",93.74,94.09,93.74,93.99,1442,"OutsideBar","Black","Up",0.95,0.76,0.35,"Up",0.95,0.25,"Up",0.9,0.714286,0.371429,False,False,True,False,"Peak","Climactic","Absent","Absent","Accepted","Structural","VolumePeak20;RangePeak20;RangeClimactic20;BreaksPriorHigh;AcceptanceAccepted"
2483,"2026-05-26 11:10:00",93.99,93.99,93.74,93.78,881,"InsideBar","Red","Down",0.9,0.6,0.25,"Down",0.7,0.21,"Down",0.85,0.16,1,True,True,False,False,"Peak","Absent","Clustered","Absent","Unresolved","Major","VolumePeak20;CloseInsidePriorRange;CloseInsidePriorBody;CompressionClustered"
2484,"2026-05-26 11:15:00",93.78,93.9,93.72,93.8,920,"LLLH","Black","Up",0.95,0.62,0.18,"Down",0.4,0.02,"Down",0.05,0.444444,0.888889,True,True,False,True,"Peak","Absent","Clustered","Local","Contained","Major","VolumePeak20;HighVolumeLowRange;BreaksPriorLow;CloseInsidePriorRange;CloseInsidePriorBody;DissipationLocal;AcceptanceContained;CompressionClustered"
2485,"2026-05-26 11:20:00",93.8,93.82,93.55,93.69,1340,"LLLH","Red","Up",0.95,0.76,0.27,"Up",0.8,0.11,"Up",0.6,0.518519,0.37037,False,False,False,True,"Peak","Strong","Absent","Absent","Accepted","Major","VolumePeak20;RangePeak20;BreaksPriorLow;AcceptanceAccepted"
2486,"2026-05-26 11:25:00",93.69,94,93.65,93.84,1430,"HHHL","Black","Up",0.95,0.8,0.35,"Up",0.95,0.15,"Up",0.65,0.542857,0.485714,False,False,True,False,"Peak","Climactic","Absent","Absent","Accepted","Structural","VolumePeak20;RangePeak20;RangeClimactic20;BreaksPriorHigh;AcceptanceAccepted"
2487,"2026-05-26 11:30:00",93.84,93.97,93.72,93.89,4090,"InsideBar","Black","Up",1,1,0.25,"Down",0.7,0.05,"Down",0.35,0.68,1,True,False,False,False,"Climactic","Absent","Clustered","Local","Unresolved","Structural","VolumePeak20;VolumeClimactic50;CloseInsidePriorRange;DissipationLocal;CompressionClustered"
2488,"2026-05-27 06:05:00",88.85,89.5,88.76,89.48,3256,"LLLH","Black","Down",0.95,0.98,0.74,"Up",1,0.63,"Up",1,0.972973,0,False,False,False,True,"Climactic","Climactic","Absent","Local","Accepted","SessionDefining","VolumePeak20;VolumeClimactic50;RangePeak20;RangeClimactic20;BreaksPriorLow;DissipationLocal;AcceptanceAccepted"
2489,"2026-05-27 06:10:00",89.48,89.61,89.33,89.54,2248,"HHHL","Black","Down",0.9,0.94,0.28,"Down",0.7,0.06,"Down",0.4,0.75,0.607143,False,False,True,False,"Peak","Absent","Absent","Local","Accepted","Structural","VolumePeak20;BreaksPriorHigh;DissipationLocal;AcceptanceAccepted"
2490,"2026-05-27 06:15:00",89.55,89.68,89.29,89.34,1566,"OutsideBar","Red","Down",0.85,0.82,0.39,"Up",0.95,0.21,"Up",0.85,0.128205,0.717949,True,False,True,True,"Peak","Climactic","Local","Local","Contained","Structural","VolumePeak20;RangePeak20;RangeClimactic20;BreaksPriorHigh;BreaksPriorLow;CloseInsidePriorRange;DissipationLocal;AcceptanceContained;CompressionLocal"
2491,"2026-05-27 06:20:00",89.34,89.51,89.34,89.39,1052,"InsideBar","Black","Down",0.65,0.62,0.17,"Down",0.3,0.05,"Down",0.4,0.294118,1,True,True,False,False,"Falling","Absent","Clustered","Absent","Unresolved","Moderate","CloseInsidePriorRange;CloseInsidePriorBody;CompressionClustered"
2492,"2026-05-27 06:25:00",89.39,89.55,89.25,89.41,1005,"OutsideBar","Black","Down",0.6,0.62,0.3,"Up",0.7,0.02,"Down",0.1,0.533333,0.566667,True,False,True,True,"Falling","Local","Local","Local","Contained","Moderate","BreaksPriorHigh;BreaksPriorLow;CloseInsidePriorRange;DissipationLocal;AcceptanceContained;CompressionLocal"
2493,"2026-05-27 06:30:00",89.4,89.76,89.38,89.71,1201,"HHHL","Black","Up",0.65,0.7,0.38,"Up",0.9,0.31,"Up",0.95,0.868421,0.447368,False,False,True,False,"Rising","Strong","Absent","Absent","Accepted","Structural","RangePeak20;BreaksPriorHigh;AcceptanceAccepted"
2494,"2026-05-27 06:35:00",89.72,89.88,89.43,89.47,1578,"HHHL","Red","Up",0.85,0.86,0.45,"Up",0.95,0.25,"Down",0.85,0.088889,0.733333,True,True,True,False,"Peak","Climactic","Local","Absent","Contained","Structural","VolumePeak20;RangePeak20;RangeClimactic20;BreaksPriorHigh;CloseInsidePriorRange;CloseInsidePriorBody;AcceptanceContained;CompressionLocal"
2495,"2026-05-27 06:40:00",89.48,89.88,89.46,89.72,1128,"InsideBar","Black","Down",0.55,0.7,0.42,"Down",0.9,0.24,"Down",0.75,0.619048,1,True,True,False,False,"Falling","Strong","Clustered","Absent","Unresolved","Structural","RangePeak20;CloseInsidePriorRange;CloseInsidePriorBody;CompressionClustered"
2496,"2026-05-27 06:45:00",89.72,89.87,89.65,89.68,896,"InsideBar","Red","Down",0.35,0.58,0.22,"Down",0.3,0.04,"Down",0.15,0.136364,1,True,True,False,False,"Falling","Absent","Clustered","Absent","Unresolved","Minor","CloseInsidePriorRange;CloseInsidePriorBody;CompressionClustered"
2497,"2026-05-27 06:50:00",89.69,89.71,89.35,89.54,1826,"LLLH","Red","Up",0.85,0.94,0.36,"Up",0.75,0.15,"Up",0.5,0.527778,0.166667,False,False,False,True,"Peak","Local","Absent","Absent","Accepted","Structural","VolumePeak20;BreaksPriorLow;AcceptanceAccepted"
2498,"2026-05-27 06:55:00",89.54,89.84,89.48,89.74,1720,"HHHL","Black","Down",0.8,0.86,0.36,"Flat",0.75,0.2,"Up",0.6,0.722222,0.638889,False,False,True,False,"Peak","Absent","Absent","Local","Accepted","Major","VolumePeak20;BreaksPriorHigh;DissipationLocal;AcceptanceAccepted"
2499,"2026-05-27 07:00:00",89.75,90.02,89.73,89.8,1541,"HHHL","Black","Down",0.65,0.8,0.29,"Down",0.5,0.05,"Down",0.35,0.241379,0.37931,True,False,True,False,"Falling","Absent","Local","Local","Contained","Moderate","BreaksPriorHigh;CloseInsidePriorRange;DissipationLocal;AcceptanceContained;CompressionLocal"
2500,"2026-05-27 07:05:00",89.79,89.95,89.63,89.67,1052,"LLLH","Red","Down",0.35,0.62,0.32,"Up",0.55,0.12,"Up",0.5,0.125,0.6875,False,False,False,True,"Falling","Local","Absent","Local","Accepted","Minor","BreaksPriorLow;DissipationLocal;AcceptanceAccepted"
2501,"2026-05-27 07:10:00",89.67,90,89.54,89.81,1214,"OutsideBar","Black","Up",0.45,0.72,0.46,"Up",0.95,0.14,"Up",0.5,0.586957,0.695652,True,False,True,True,"Rising","Climactic","Local","Absent","Contained","Structural","RangePeak20;RangeClimactic20;BreaksPriorHigh;BreaksPriorLow;CloseInsidePriorRange;AcceptanceContained;CompressionLocal"
2502,"2026-05-27 07:15:00",89.82,90.01,89.72,89.92,1410,"HHHL","Black","Up",0.55,0.78,0.29,"Down",0.45,0.1,"Down",0.4,0.689655,0.965517,True,False,True,False,"Rising","Absent","Clustered","Local","Contained","Minor","BreaksPriorHigh;CloseInsidePriorRange;DissipationLocal;AcceptanceContained;CompressionClustered"
2503,"2026-05-27 07:20:00",89.92,89.96,89.5,89.55,1065,"LLLH","Red","Down",0.3,0.64,0.46,"Up",0.95,0.37,"Up",0.95,0.108696,0.521739,False,False,False,True,"Falling","Climactic","Absent","Local","Accepted","Structural","RangePeak20;RangeClimactic20;LowVolumeHighRange;BreaksPriorLow;DissipationLocal;AcceptanceAccepted"
2504,"2026-05-27 07:25:00",89.55,90.23,89.46,90.13,3367,"OutsideBar","Black","Up",0.95,0.98,0.77,"Up",1,0.58,"Up",0.95,0.87013,0.597403,False,False,True,True,"Climactic","Climactic","Absent","Absent","Accepted","SessionDefining","VolumePeak20;VolumeClimactic50;RangePeak20;RangeClimactic20;BreaksPriorHigh;BreaksPriorLow;AcceptanceAccepted"
2505,"2026-05-27 07:30:00",90.12,90.29,89.5,89.57,2047,"HHHL","Red","Down",0.8,0.92,0.79,"Up",1,0.55,"Down",0.9,0.088608,0.924051,True,True,True,False,"Peak","Climactic","Local","Local","Contained","Structural","VolumePeak20;RangePeak20;RangeClimactic20;BreaksPriorHigh;CloseInsidePriorRange;CloseInsidePriorBody;DissipationLocal;AcceptanceContained;CompressionLocal"
2506,"2026-05-27 07:35:00",89.58,90.48,89.48,89.93,4706,"OutsideBar","Black","Up",1,1,1,"Up",1,0.35,"Down",0.8,0.45,0.79,True,True,True,True,"Climactic","Climactic","Local","Absent","Contained","SessionDefining","VolumePeak20;VolumeClimactic50;RangePeak20;RangeClimactic20;BreaksPriorHigh;BreaksPriorLow;CloseInsidePriorRange;CloseInsidePriorBody;AcceptanceContained;CompressionLocal"
2507,"2026-05-27 07:40:00",89.97,90.3,89.91,90.16,1716,"InsideBar","Black","Down",0.65,0.82,0.39,"Down",0.6,0.19,"Down",0.5,0.641026,1,True,False,False,False,"Falling","Absent","Clustered","Absent","Unresolved","Moderate","CloseInsidePriorRange;CompressionClustered"
2508,"2026-05-27 07:45:00",90.17,90.79,90.17,90.72,2418,"HHHL","Black","Up",0.9,0.92,0.62,"Up",0.85,0.55,"Up",0.9,0.887097,0.209677,False,False,True,False,"Peak","Strong","Absent","Absent","Accepted","Structural","VolumePeak20;RangePeak20;BreaksPriorHigh;AcceptanceAccepted"
2509,"2026-05-27 07:50:00",90.73,90.73,90.42,90.69,1708,"InsideBar","Red","Down",0.65,0.78,0.31,"Down",0.3,0.04,"Down",0.15,0.870968,1,True,True,False,False,"Falling","Absent","Clustered","Absent","Unresolved","Moderate","CloseInsidePriorRange;CloseInsidePriorBody;CompressionClustered"
2510,"2026-05-27 07:55:00",90.68,91.01,90.62,90.88,2093,"HHHL","Black","Up",0.85,0.88,0.39,"Up",0.6,0.2,"Up",0.6,0.666667,0.282051,False,False,True,False,"Peak","Local","Absent","Absent","Accepted","Major","VolumePeak20;BreaksPriorHigh;AcceptanceAccepted"
2511,"2026-05-27 08:00:00",90.87,90.92,90.74,90.81,1022,"InsideBar","Red","Down",0.15,0.48,0.18,"Down",0.05,0.06,"Down",0.25,0.388889,1,True,True,False,False,"Falling","Absent","Clustered","Absent","Unresolved","Minor","CloseInsidePriorRange;CloseInsidePriorBody;CompressionClustered"
2512,"2026-05-27 08:05:00",90.82,91.08,90.47,90.71,2758,"OutsideBar","Red","Up",0.9,0.92,0.61,"Up",0.8,0.11,"Up",0.3,0.393443,0.295082,False,False,True,True,"Peak","Strong","Absent","Absent","Accepted","Structural","VolumePeak20;RangePeak20;BreaksPriorHigh;BreaksPriorLow;AcceptanceAccepted"
2513,"2026-05-27 08:10:00",90.7,91.19,90.68,91.08,1449,"HHHL","Black","Down",0.4,0.66,0.51,"Down",0.75,0.38,"Up",0.85,0.784314,0.784314,True,False,True,False,"Falling","Absent","Local","Local","Contained","Moderate","BreaksPriorHigh;CloseInsidePriorRange;DissipationLocal;AcceptanceContained;CompressionLocal"
2514,"2026-05-27 08:15:00",91.07,91.18,90.78,90.79,1417,"InsideBar","Red","Down",0.4,0.62,0.4,"Down",0.55,0.28,"Down",0.7,0.025,1,True,True,False,False,"Falling","Absent","Clustered","Absent","Unresolved","Minor","CloseInsidePriorRange;CloseInsidePriorBody;CompressionClustered"
2515,"2026-05-27 08:20:00",90.8,90.97,90.7,90.79,800,"LLLH","Red","Down",0.05,0.3,0.27,"Down",0.15,0.01,"Down",0.05,0.333333,0.703704,True,True,False,True,"Falling","Absent","Local","Local","Contained","Minor","BreaksPriorLow;CloseInsidePriorRange;CloseInsidePriorBody;DissipationLocal;AcceptanceContained;CompressionLocal"
2516,"2026-05-27 08:25:00",90.79,90.84,90.63,90.84,776,"LLLH","Black","Down",0.05,0.24,0.21,"Down",0.1,0.05,"Up",0.2,1,0.666667,True,False,False,True,"Falling","Absent","Local","Local","Contained","Minor","BreaksPriorLow;CloseInsidePriorRange;DissipationLocal;AcceptanceContained;CompressionLocal"
2517,"2026-05-27 08:30:00",90.85,90.93,90.62,90.62,1319,"OutsideBar","Red","Up",0.35,0.56,0.31,"Up",0.35,0.23,"Up",0.65,0,0.677419,False,False,True,True,"Rising","Local","Absent","Absent","Accepted","Minor","BreaksPriorHigh;BreaksPriorLow;AcceptanceAccepted"
2518,"2026-05-27 08:35:00",90.61,90.64,90.02,90.15,4030,"LLLH","Red","Up",0.95,0.96,0.62,"Up",0.85,0.46,"Up",0.85,0.209677,0.032258,False,False,False,True,"Climactic","Strong","Absent","Absent","Accepted","Structural","VolumePeak20;VolumeClimactic50;RangePeak20;BreaksPriorLow;AcceptanceAccepted"
2519,"2026-05-27 08:40:00",90.15,90.2,90.01,90.11,1177,"LLLH","Red","Down",0.3,0.48,0.19,"Down",0.1,0.04,"Down",0.15,0.526316,0.947368,True,False,False,True,"Falling","Absent","Clustered","Local","Contained","Minor","BreaksPriorLow;CloseInsidePriorRange;DissipationLocal;AcceptanceContained;CompressionClustered"
2520,"2026-05-27 08:45:00",90.09,90.75,89.93,90.59,2818,"OutsideBar","Black","Up",0.85,0.9,0.82,"Up",0.95,0.5,"Up",0.85,0.804878,0.231707,False,False,True,True,"Peak","Climactic","Absent","Absent","Accepted","Structural","VolumePeak20;RangePeak20;RangeClimactic20;BreaksPriorHigh;BreaksPriorLow;AcceptanceAccepted"
2521,"2026-05-27 08:50:00",90.58,90.83,90.29,90.38,1814,"HHHL","Red","Down",0.6,0.76,0.54,"Down",0.65,0.2,"Down",0.5,0.166667,0.851852,True,True,True,False,"Falling","Absent","Clustered","Local","Contained","Moderate","BreaksPriorHigh;CloseInsidePriorRange;CloseInsidePriorBody;DissipationLocal;AcceptanceContained;CompressionClustered"
2522,"2026-05-27 08:55:00",90.38,90.39,90,90.12,1621,"LLLH","Red","Down",0.45,0.68,0.39,"Down",0.45,0.26,"Up",0.55,0.307692,0.25641,False,False,False,True,"Falling","Absent","Absent","Local","Accepted","Minor","BreaksPriorLow;DissipationLocal;AcceptanceAccepted"
2523,"2026-05-27 09:00:00",90.12,90.25,89.94,90.01,951,"LLLH","Red","Down",0.15,0.28,0.31,"Down",0.35,0.11,"Down",0.35,0.225806,0.806452,True,False,False,True,"Falling","Absent","Clustered","Local","Contained","Minor","BreaksPriorLow;CloseInsidePriorRange;DissipationLocal;AcceptanceContained;CompressionClustered"
2524,"2026-05-27 09:05:00",90.02,90.34,89.87,90.26,1941,"OutsideBar","Black","Up",0.65,0.78,0.47,"Up",0.6,0.24,"Up",0.6,0.829787,0.659574,False,False,True,True,"Rising","Local","Absent","Absent","Accepted","Moderate","BreaksPriorHigh;BreaksPriorLow;AcceptanceAccepted"
2525,"2026-05-27 09:10:00",90.24,90.4,90.12,90.24,1253,"HHHL","Neutral","Down",0.3,0.44,0.28,"Down",0.25,0,"Down",0.05,0.428571,0.785714,True,True,True,False,"Falling","Absent","Local","Local","Contained","Minor","BreaksPriorHigh;CloseInsidePriorRange;CloseInsidePriorBody;DissipationLocal;AcceptanceContained;CompressionLocal"
2526,"2026-05-27 09:15:00",90.23,90.28,90.1,90.27,714,"LLLH","Black","Down",0.05,0.06,0.18,"Down",0.1,0.04,"Up",0.15,0.944444,0.888889,True,False,False,True,"Falling","Absent","Clustered","Local","Contained","Minor","BreaksPriorLow;CloseInsidePriorRange;DissipationLocal;AcceptanceContained;CompressionClustered"
2527,"2026-05-27 09:20:00",90.27,90.31,90.12,90.17,614,"HHHL","Red","Down",0.05,0.02,0.19,"Up",0.2,0.1,"Up",0.4,0.263158,0.842105,True,False,True,False,"Falling","Local","Local","Local","Contained","Minor","BreaksPriorHigh;CloseInsidePriorRange;DissipationLocal;AcceptanceContained;CompressionLocal"
2528,"2026-05-27 09:25:00",90.17,90.19,89.9,89.95,1100,"LLLH","Red","Up",0.35,0.34,0.29,"Up",0.4,0.22,"Up",0.65,0.172414,0.241379,False,False,False,True,"Rising","Local","Absent","Absent","Accepted","Minor","BreaksPriorLow;AcceptanceAccepted"
2529,"2026-05-27 09:30:00",89.95,89.96,89.66,89.88,1614,"LLLH","Red","Up",0.65,0.64,0.3,"Up",0.45,0.07,"Down",0.35,0.733333,0.2,False,False,False,True,"Rising","Local","Absent","Absent","Accepted","Moderate","BreaksPriorLow;AcceptanceAccepted"
2530,"2026-05-27 09:35:00",89.88,90.08,89.84,89.88,656,"HHHL","Neutral","Down",0.1,0.04,0.24,"Down",0.3,0,"Down",0.1,0.166667,0.5,True,True,True,False,"Falling","Absent","Local","Local","Contained","Minor","BreaksPriorHigh;CloseInsidePriorRange;CloseInsidePriorBody;DissipationLocal;AcceptanceContained;CompressionLocal"
2531,"2026-05-27 09:40:00",89.9,89.94,89.67,89.75,534,"LLLH","Red","Down",0.05,0.02,0.27,"Up",0.35,0.15,"Up",0.55,0.296296,0.37037,False,False,False,True,"Falling","Local","Absent","Local","Accepted","Minor","BreaksPriorLow;DissipationLocal;AcceptanceAccepted"
2532,"2026-05-27 09:45:00",89.75,89.79,89.42,89.61,1410,"LLLH","Red","Up",0.6,0.5,0.37,"Up",0.65,0.14,"Down",0.5,0.513514,0.324324,False,False,False,True,"Rising","Local","Absent","Absent","Accepted","Moderate","BreaksPriorLow;AcceptanceAccepted"
2533,"2026-05-27 09:50:00",89.61,89.81,89.53,89.73,646,"HHHL","Black","Down",0.15,0.06,0.28,"Down",0.45,0.12,"Down",0.5,0.714286,0.928571,True,True,True,False,"Falling","Absent","Clustered","Local","Contained","Minor","BreaksPriorHigh;CloseInsidePriorRange;CloseInsidePriorBody;DissipationLocal;AcceptanceContained;CompressionClustered"
2534,"2026-05-27 09:55:00",89.71,89.76,89.63,89.73,630,"InsideBar","Black","Down",0.15,0.06,0.13,"Down",0.05,0.02,"Down",0.2,0.769231,1,True,True,False,False,"Falling","Absent","Clustered","Absent","Unresolved","Minor","CloseInsidePriorRange;CloseInsidePriorBody;CompressionClustered"
2535,"2026-05-27 10:00:00",89.73,89.94,89.71,89.88,1132,"HHHL","Black","Up",0.5,0.36,0.23,"Up",0.3,0.15,"Up",0.6,0.73913,0.217391,False,False,True,False,"Rising","Local","Absent","Absent","Accepted","Minor","BreaksPriorHigh;AcceptanceAccepted"
2536,"2026-05-27 10:05:00",89.88,90.07,89.86,89.9,1393,"HHHL","Black","Up",0.65,0.48,0.21,"Down",0.25,0.02,"Down",0.2,0.190476,0.380952,True,False,True,False,"Rising","Absent","Local","Local","Contained","Moderate","BreaksPriorHigh;CloseInsidePriorRange;DissipationLocal;AcceptanceContained;CompressionLocal"
2537,"2026-05-27 10:10:00",89.89,90.1,89.83,90.06,769,"OutsideBar","Black","Down",0.35,0.14,0.27,"Up",0.45,0.17,"Up",0.7,0.851852,0.777778,True,False,True,True,"Falling","Local","Local","Local","Contained","Minor","BreaksPriorHigh;BreaksPriorLow;CloseInsidePriorRange;DissipationLocal;AcceptanceContained;CompressionLocal"
2538,"2026-05-27 10:15:00",90.05,90.06,89.83,89.83,771,"InsideBar","Red","Up",0.4,0.16,0.23,"Down",0.35,0.22,"Up",0.85,0,1,True,False,False,False,"Rising","Absent","Clustered","Local","Unresolved","Minor","CloseInsidePriorRange;DissipationLocal;CompressionClustered"
2539,"2026-05-27 10:20:00",89.82,89.88,89.57,89.69,904,"LLLH","Red","Up",0.45,0.24,0.31,"Up",0.75,0.13,"Down",0.5,0.387097,0.16129,False,False,False,True,"Rising","Local","Absent","Absent","Accepted","Moderate","BreaksPriorLow;AcceptanceAccepted"
2540,"2026-05-27 10:25:00",89.69,89.76,89.56,89.62,307,"LLLH","Red","Down",0.05,0.02,0.2,"Down",0.2,0.07,"Down",0.3,0.3,0.95,True,False,False,True,"Falling","Absent","Clustered","Local","Contained","Minor","BreaksPriorLow;CloseInsidePriorRange;DissipationLocal;AcceptanceContained;CompressionClustered"
2541,"2026-05-27 10:30:00",89.64,89.67,89.51,89.66,390,"LLLH","Black","Up",0.1,0.04,0.16,"Down",0.1,0.02,"Down",0.15,0.9375,0.6875,True,True,False,True,"Rising","Absent","Local","Local","Contained","Minor","BreaksPriorLow;CloseInsidePriorRange;CloseInsidePriorBody;DissipationLocal;AcceptanceContained;CompressionLocal"
2542,"2026-05-27 10:35:00",89.65,89.7,89.5,89.52,436,"OutsideBar","Red","Up",0.15,0.06,0.2,"Up",0.3,0.13,"Up",0.65,0.1,0.8,True,False,True,True,"Rising","Local","Local","Absent","Contained","Minor","BreaksPriorHigh;BreaksPriorLow;CloseInsidePriorRange;AcceptanceContained;CompressionLocal"
2543,"2026-05-27 10:40:00",89.52,89.62,89.37,89.61,865,"LLLH","Black","Up",0.6,0.28,0.25,"Up",0.55,0.09,"Down",0.45,0.96,0.48,True,True,False,True,"Rising","Local","Local","Absent","Contained","Moderate","BreaksPriorLow;CloseInsidePriorRange;CloseInsidePriorBody;AcceptanceContained;CompressionLocal"
2544,"2026-05-27 10:45:00",89.61,89.76,89.59,89.7,575,"HHHL","Black","Down",0.25,0.1,0.17,"Down",0.15,0.09,"Flat",0.5,0.647059,0.176471,False,False,True,False,"Falling","Absent","Absent","Local","Accepted","Minor","BreaksPriorHigh;DissipationLocal;AcceptanceAccepted"
2545,"2026-05-27 10:50:00",89.7,89.74,89.61,89.62,353,"InsideBar","Red","Down",0.1,0.04,0.13,"Down",0.05,0.08,"Down",0.4,0.076923,1,True,True,False,False,"Falling","Absent","Clustered","Absent","Unresolved","Minor","CloseInsidePriorRange;CloseInsidePriorBody;CompressionClustered"
2546,"2026-05-27 10:55:00",89.61,89.64,89.22,89.46,1059,"LLLH","Red","Up",0.75,0.42,0.42,"Up",1,0.15,"Up",0.85,0.571429,0.071429,False,False,False,True,"Rising","Climactic","Absent","Absent","Accepted","Structural","RangePeak20;RangeClimactic20;BreaksPriorLow;AcceptanceAccepted"
2547,"2026-05-27 11:00:00",89.43,89.54,89.16,89.52,1161,"LLLH","Black","Up",0.85,0.5,0.38,"Down",0.95,0.09,"Down",0.4,0.947368,0.842105,True,True,False,True,"Peak","Climactic","Clustered","Local","Contained","Structural","VolumePeak20;RangePeak20;RangeClimactic20;BreaksPriorLow;CloseInsidePriorRange;CloseInsidePriorBody;DissipationLocal;AcceptanceContained;CompressionClustered"
2548,"2026-05-27 11:05:00",89.53,89.57,89.39,89.41,1193,"HHHL","Red","Up",0.85,0.54,0.18,"Down",0.25,0.12,"Up",0.6,0.111111,0.833333,True,False,True,False,"Peak","Absent","Clustered","Local","Contained","Major","VolumePeak20;HighVolumeLowRange;BreaksPriorHigh;CloseInsidePriorRange;DissipationLocal;AcceptanceContained;CompressionClustered"
2549,"2026-05-27 11:10:00",89.41,89.6,89.36,89.38,731,"OutsideBar","Red","Down",0.5,0.24,0.24,"Up",0.6,0.03,"Down",0.25,0.083333,0.75,False,False,True,True,"Falling","Local","Absent","Local","Accepted","Moderate","BreaksPriorHigh;BreaksPriorLow;DissipationLocal;AcceptanceAccepted"
2550,"2026-05-27 11:15:00",89.4,89.48,89.31,89.35,868,"LLLH","Red","Up",0.65,0.36,0.17,"Down",0.25,0.05,"Up",0.25,0.235294,0.705882,False,False,False,True,"Rising","Absent","Absent","Local","Accepted","Moderate","BreaksPriorLow;DissipationLocal;AcceptanceAccepted"
2551,"2026-05-27 11:20:00",89.34,89.37,88.79,88.94,2190,"LLLH","Red","Up",1,0.88,0.58,"Up",1,0.4,"Up",1,0.258621,0.103448,False,False,False,True,"Peak","Climactic","Absent","Absent","Accepted","Structural","VolumePeak20;RangePeak20;RangeClimactic20;BreaksPriorLow;AcceptanceAccepted"
2552,"2026-05-27 11:25:00",88.93,88.97,88.73,88.77,1926,"LLLH","Red","Down",0.95,0.8,0.24,"Down",0.65,0.16,"Down",0.85,0.166667,0.75,False,False,False,True,"Peak","Absent","Absent","Local","Accepted","Major","VolumePeak20;BreaksPriorLow;DissipationLocal;AcceptanceAccepted"
2553,"2026-05-27 11:30:00",88.77,88.85,88.57,88.6,6381,"LLLH","Red","Up",1,1,0.28,"Up",0.8,0.17,"Up",0.9,0.107143,0.428571,False,False,False,True,"Climactic","Strong","Absent","Absent","Accepted","Structural","VolumePeak20;VolumeClimactic50;RangePeak20;BreaksPriorLow;AcceptanceAccepted"
2554,"2026-05-28 06:05:00",90.54,90.63,90.32,90.43,1467,"HHHL","Red","Down",0.85,0.68,0.31,"Up",0.85,0.11,"Down",0.5,0.354839,0,False,False,True,False,"Peak","Strong","Absent","Local","Accepted","Major","VolumePeak20;RangePeak20;BreaksPriorHigh;DissipationLocal;AcceptanceAccepted"
2555,"2026-05-28 06:10:00",90.41,90.83,90.3,90.78,1128,"OutsideBar","Black","Down",0.65,0.48,0.53,"Up",0.95,0.37,"Up",0.95,0.90566,0.584906,False,False,True,True,"Falling","Climactic","Absent","Local","Accepted","Structural","RangePeak20;RangeClimactic20;BreaksPriorHigh;BreaksPriorLow;DissipationLocal;AcceptanceAccepted"
2556,"2026-05-28 06:15:00",90.78,90.93,90.74,90.86,704,"HHHL","Black","Down",0.3,0.22,0.19,"Down",0.3,0.08,"Down",0.3,0.631579,0.473684,False,False,True,False,"Falling","Absent","Absent","Local","Accepted","Minor","BreaksPriorHigh;DissipationLocal;AcceptanceAccepted"
2557,"2026-05-28 06:20:00",90.87,91.01,90.78,90.86,645,"HHHL","Red","Down",0.3,0.18,0.23,"Up",0.5,0.01,"Down",0.05,0.347826,0.652174,True,True,True,False,"Falling","Local","Local","Local","Contained","Minor","BreaksPriorHigh;CloseInsidePriorRange;CloseInsidePriorBody;DissipationLocal;AcceptanceContained;CompressionLocal"
2558,"2026-05-28 06:25:00",90.86,90.94,90.82,90.89,401,"InsideBar","Black","Down",0.2,0.08,0.12,"Down",0.05,0.03,"Up",0.2,0.583333,1,True,False,False,False,"Falling","Absent","Clustered","Absent","Unresolved","Minor","CloseInsidePriorRange;CompressionClustered"
2559,"2026-05-28 06:30:00",90.88,91.01,90.75,90.99,594,"OutsideBar","Black","Up",0.35,0.16,0.26,"Up",0.7,0.11,"Up",0.65,0.923077,0.461538,False,False,True,True,"Rising","Local","Absent","Absent","Accepted","Moderate","BreaksPriorHigh;BreaksPriorLow;AcceptanceAccepted"
2560,"2026-05-28 06:35:00",91,91.09,90.8,91.06,1299,"HHHL","Black","Up",0.8,0.68,0.29,"Up",0.75,0.06,"Down",0.3,0.896552,0.724138,False,False,True,False,"Peak","Local","Absent","Absent","Accepted","Major","VolumePeak20;BreaksPriorHigh;AcceptanceAccepted"
2561,"2026-05-28 06:40:00",91.07,91.3,91.07,91.25,984,"HHHL","Black","Down",0.55,0.5,0.23,"Down",0.45,0.18,"Up",0.9,0.782609,0.086957,False,False,True,False,"Falling","Absent","Absent","Local","Accepted","Minor","BreaksPriorHigh;DissipationLocal;AcceptanceAccepted"
2562,"2026-05-28 06:45:00",91.24,91.35,90.94,90.95,853,"OutsideBar","Red","Down",0.4,0.42,0.41,"Up",0.85,0.29,"Up",0.9,0.02439,0.560976,False,False,True,True,"Falling","Strong","Absent","Local","Accepted","Major","RangePeak20;LowVolumeHighRange;BreaksPriorHigh;BreaksPriorLow;DissipationLocal;AcceptanceAccepted"
2563,"2026-05-28 06:50:00",90.94,90.94,90.71,90.75,886,"LLLH","Red","Up",0.5,0.48,0.23,"Down",0.45,0.19,"Down",0.85,0.173913,0,False,False,False,True,"Rising","Absent","Absent","Local","Accepted","Minor","BreaksPriorLow;DissipationLocal;AcceptanceAccepted"
2564,"2026-05-28 06:55:00",90.76,90.8,90.54,90.8,1044,"LLLH","Black","Up",0.55,0.56,0.26,"Up",0.55,0.04,"Down",0.2,1,0.346154,True,True,False,True,"Rising","Local","Local","Absent","Contained","Minor","BreaksPriorLow;CloseInsidePriorRange;CloseInsidePriorBody;AcceptanceContained;CompressionLocal"
2565,"2026-05-28 07:00:00",90.79,90.9,90.77,90.83,709,"HHHL","Black","Down",0.25,0.3,0.13,"Down",0.1,0.04,"Flat",0.25,0.461538,0.230769,False,False,True,False,"Falling","Absent","Absent","Local","Accepted","Minor","BreaksPriorHigh;DissipationLocal;AcceptanceAccepted"
2566,"2026-05-28 07:05:00",90.83,91.14,90.83,91.01,888,"HHHL","Black","Up",0.5,0.48,0.31,"Up",0.8,0.18,"Up",0.8,0.580645,0.225806,False,False,True,False,"Rising","Strong","Absent","Absent","Accepted","Major","RangePeak20;BreaksPriorHigh;AcceptanceAccepted"
2567,"2026-05-28 07:10:00",91.02,91.07,90.77,90.8,787,"LLLH","Red","Down",0.35,0.4,0.3,"Down",0.75,0.22,"Up",0.85,0.1,0.8,False,False,False,True,"Falling","Absent","Absent","Local","Accepted","Moderate","BreaksPriorLow;DissipationLocal;AcceptanceAccepted"
2568,"2026-05-28 07:15:00",90.8,90.96,87.11,88.44,5072,"LLLH","Red","Up",0.95,0.98,3.85,"Up",1,2.36,"Up",1,0.345455,0.049351,False,False,False,True,"Climactic","Climactic","Absent","Absent","Accepted","SessionDefining","VolumePeak20;VolumeClimactic50;RangePeak20;RangeClimactic20;BreaksPriorLow;AcceptanceAccepted"
2569,"2026-05-28 07:20:00",88.44,89.66,88,88.76,3118,"InsideBar","Black","Down",0.9,0.96,1.66,"Down",0.95,0.32,"Down",0.85,0.457831,1,True,True,False,False,"Climactic","Climactic","Clustered","Absent","Unresolved","SessionDefining","VolumePeak20;VolumeClimactic50;RangePeak20;RangeClimactic20;CloseInsidePriorRange;CloseInsidePriorBody;CompressionClustered"
2570,"2026-05-28 07:25:00",88.7,89.5,88.59,89.13,1963,"InsideBar","Black","Down",0.8,0.92,0.91,"Down",0.9,0.43,"Up",0.95,0.593407,1,True,False,False,False,"Peak","Strong","Clustered","Absent","Unresolved","Structural","VolumePeak20;RangePeak20;CloseInsidePriorRange;CompressionClustered"
2571,"2026-05-28 07:30:00",89.12,89.46,88.9,89.14,2489,"InsideBar","Black","Up",0.85,0.94,0.56,"Down",0.85,0.02,"Down",0.1,0.428571,1,True,False,False,False,"Peak","Strong","Clustered","Local","Unresolved","Structural","VolumePeak20;RangePeak20;CloseInsidePriorRange;DissipationLocal;CompressionClustered"
2572,"2026-05-28 07:35:00",89.15,89.64,88.89,89.45,1726,"OutsideBar","Black","Down",0.75,0.84,0.75,"Up",0.85,0.3,"Up",0.8,0.746667,0.746667,True,False,True,True,"Falling","Strong","Local","Local","Contained","Major","RangePeak20;BreaksPriorHigh;BreaksPriorLow;CloseInsidePriorRange;DissipationLocal;AcceptanceContained;CompressionLocal"
2573,"2026-05-28 07:40:00",89.42,89.98,89.36,89.46,1875,"HHHL","Black","Up",0.8,0.84,0.62,"Down",0.8,0.04,"Down",0.3,0.16129,0.451613,True,False,True,False,"Peak","Strong","Local","Local","Contained","Major","VolumePeak20;RangePeak20;BreaksPriorHigh;CloseInsidePriorRange;DissipationLocal;AcceptanceContained;CompressionLocal"
2574,"2026-05-28 07:45:00",89.47,89.62,89.02,89.14,1808,"LLLH","Red","Down",0.75,0.84,0.6,"Down",0.75,0.33,"Up",0.85,0.2,0.433333,False,False,False,True,"Falling","Absent","Absent","Local","Accepted","Moderate","BreaksPriorLow;DissipationLocal;AcceptanceAccepted"
2575,"2026-05-28 07:50:00",89.14,89.82,88.88,89.72,2618,"OutsideBar","Black","Up",0.9,0.94,0.94,"Up",0.9,0.58,"Up",0.95,0.893617,0.638298,False,False,True,True,"Peak","Strong","Absent","Absent","Accepted","Structural","VolumePeak20;RangePeak20;BreaksPriorHigh;BreaksPriorLow;AcceptanceAccepted"
2576,"2026-05-28 07:55:00",89.67,89.76,89.41,89.54,1020,"InsideBar","Red","Down",0.5,0.54,0.35,"Down",0.55,0.13,"Down",0.45,0.371429,1,True,True,False,False,"Falling","Absent","Clustered","Absent","Unresolved","Minor","CloseInsidePriorRange;CloseInsidePriorBody;CompressionClustered"
2577,"2026-05-28 08:00:00",89.55,90,89.43,89.49,1544,"HHHL","Red","Up",0.6,0.76,0.57,"Up",0.65,0.06,"Down",0.35,0.105263,0.578947,True,False,True,False,"Rising","Local","Local","Absent","Contained","Moderate","BreaksPriorHigh;CloseInsidePriorRange;AcceptanceContained;CompressionLocal"
2578,"2026-05-28 08:05:00",89.51,89.65,88.98,89.12,1534,"LLLH","Red","Down",0.55,0.74,0.67,"Up",0.75,0.39,"Up",0.85,0.208955,0.328358,False,False,False,True,"Falling","Local","Absent","Local","Accepted","Moderate","BreaksPriorLow;DissipationLocal;AcceptanceAccepted"
2579,"2026-05-28 08:10:00",89.11,89.66,88.99,89.42,1147,"HHHL","Black","Down",0.45,0.62,0.67,"Flat",0.75,0.31,"Down",0.7,0.641791,0.985075,True,True,True,False,"Falling","Absent","Clustered","Local","Contained","Moderate","BreaksPriorHigh;CloseInsidePriorRange;CloseInsidePriorBody;DissipationLocal;AcceptanceContained;CompressionClustered"
2580,"2026-05-28 08:15:00",89.41,89.8,89.32,89.69,1383,"HHHL","Black","Up",0.5,0.68,0.48,"Down",0.45,0.28,"Down",0.55,0.770833,0.708333,False,False,True,False,"Rising","Absent","Absent","Local","Accepted","Minor","BreaksPriorHigh;DissipationLocal;AcceptanceAccepted"
2581,"2026-05-28 08:20:00",89.7,89.86,89.69,89.8,956,"HHHL","Black","Down",0.3,0.46,0.17,"Down",0.1,0.1,"Down",0.3,0.647059,0.647059,True,False,True,False,"Falling","Absent","Local","Local","Contained","Minor","BreaksPriorHigh;CloseInsidePriorRange;DissipationLocal;AcceptanceContained;CompressionLocal"
2582,"2026-05-28 08:25:00",89.8,90.16,89.74,89.81,1727,"HHHL","Black","Up",0.65,0.8,0.42,"Up",0.4,0.01,"Down",0.05,0.166667,0.285714,True,False,True,False,"Rising","Local","Local","Absent","Contained","Moderate","BreaksPriorHigh;CloseInsidePriorRange;AcceptanceContained;CompressionLocal"
2583,"2026-05-28 08:30:00",89.81,89.96,89.55,89.78,1285,"LLLH","Red","Down",0.4,0.64,0.41,"Down",0.35,0.03,"Up",0.15,0.560976,0.536585,True,False,False,True,"Falling","Absent","Local","Local","Contained","Minor","BreaksPriorLow;CloseInsidePriorRange;DissipationLocal;AcceptanceContained;CompressionLocal"
2584,"2026-05-28 08:35:00",89.77,89.83,89.51,89.53,1138,"LLLH","Red","Down",0.3,0.56,0.32,"Down",0.25,0.24,"Up",0.55,0.0625,0.875,False,False,False,True,"Falling","Absent","Clustered","Local","Accepted","Minor","BreaksPriorLow;DissipationLocal;AcceptanceAccepted;CompressionClustered"
2585,"2026-05-28 08:40:00",89.53,89.7,89.4,89.65,1080,"LLLH","Black","Down",0.25,0.52,0.3,"Down",0.15,0.12,"Down",0.35,0.833333,0.633333,True,True,False,True,"Falling","Absent","Local","Local","Contained","Minor","BreaksPriorLow;CloseInsidePriorRange;CloseInsidePriorBody;DissipationLocal;AcceptanceContained;CompressionLocal"
2586,"2026-05-28 08:45:00",89.63,89.99,89.63,89.98,1103,"HHHL","Black","Up",0.25,0.54,0.36,"Up",0.3,0.35,"Up",0.8,0.972222,0.194444,False,False,True,False,"Rising","Local","Absent","Absent","Accepted","Minor","BreaksPriorHigh;AcceptanceAccepted"
2587,"2026-05-28 08:50:00",89.98,89.99,89.83,89.98,975,"InsideBar","Neutral","Down",0.1,0.42,0.16,"Down",0.05,0,"Down",0.05,0.9375,1,True,True,False,False,"Falling","Absent","Clustered","Absent","Unresolved","Minor","CloseInsidePriorRange;CloseInsidePriorBody;CompressionClustered"
2588,"2026-05-28 08:55:00",89.98,90,89.79,89.97,1128,"OutsideBar","Red","Up",0.3,0.56,0.21,"Up",0.15,0.01,"Up",0.15,0.857143,0.761905,True,False,True,True,"Rising","Local","Local","Absent","Contained","Minor","BreaksPriorHigh;BreaksPriorLow;CloseInsidePriorRange;AcceptanceContained;CompressionLocal"
2589,"2026-05-28 09:00:00",89.98,90.05,89.78,89.78,670,"OutsideBar","Red","Down",0.05,0.18,0.27,"Up",0.2,0.2,"Up",0.55,0,0.777778,False,False,True,True,"Falling","Local","Absent","Local","Accepted","Minor","BreaksPriorHigh;BreaksPriorLow;DissipationLocal;AcceptanceAccepted"
2590,"2026-05-28 09:05:00",89.77,90.25,89.66,90.07,1078,"OutsideBar","Black","Up",0.25,0.48,0.59,"Up",0.7,0.3,"Up",0.75,0.694915,0.457627,False,False,True,True,"Rising","Local","Absent","Absent","Accepted","Moderate","BreaksPriorHigh;BreaksPriorLow;AcceptanceAccepted"
2591,"2026-05-28 09:10:00",90.09,90.12,89.79,89.89,829,"InsideBar","Red","Down",0.1,0.24,0.33,"Down",0.35,0.2,"Down",0.55,0.30303,1,True,True,False,False,"Falling","Absent","Clustered","Absent","Unresolved","Minor","CloseInsidePriorRange;CloseInsidePriorBody;CompressionClustered"
2592,"2026-05-28 09:15:00",89.9,89.97,89.58,89.6,905,"LLLH","Red","Up",0.15,0.34,0.39,"Up",0.5,0.3,"Up",0.75,0.051282,0.461538,False,False,False,True,"Rising","Local","Absent","Absent","Accepted","Minor","BreaksPriorLow;AcceptanceAccepted"
2593,"2026-05-28 09:20:00",89.58,89.82,89,89.15,1827,"LLLH","Red","Up",0.95,0.82,0.82,"Up",0.95,0.43,"Up",0.95,0.182927,0.292683,False,False,False,True,"Peak","Climactic","Absent","Absent","Accepted","Structural","VolumePeak20;RangePeak20;RangeClimactic20;BreaksPriorLow;AcceptanceAccepted"
2594,"2026-05-28 09:25:00",89.12,89.28,88.8,88.92,1467,"LLLH","Red","Down",0.75,0.7,0.48,"Down",0.7,0.2,"Down",0.55,0.25,0.583333,False,False,False,True,"Falling","Absent","Absent","Local","Accepted","Moderate","BreaksPriorLow;DissipationLocal;AcceptanceAccepted"
2595,"2026-05-28 09:30:00",88.92,89.22,88.81,89.17,1262,"InsideBar","Black","Down",0.65,0.6,0.41,"Down",0.6,0.25,"Up",0.65,0.878049,1,True,False,False,False,"Falling","Absent","Clustered","Absent","Unresolved","Moderate","CloseInsidePriorRange;CompressionClustered"
2596,"2026-05-28 09:35:00",89.17,89.28,89.08,89.13,695,"HHHL","Red","Down",0.1,0.1,0.2,"Down",0.15,0.04,"Down",0.25,0.25,0.7,True,True,True,False,"Falling","Absent","Local","Local","Contained","Minor","BreaksPriorHigh;CloseInsidePriorRange;CloseInsidePriorBody;DissipationLocal;AcceptanceContained;CompressionLocal"
2597,"2026-05-28 09:40:00",89.14,89.24,88.96,88.98,596,"LLLH","Red","Down",0.05,0.06,0.28,"Up",0.3,0.16,"Up",0.4,0.071429,0.571429,False,False,False,True,"Falling","Local","Absent","Local","Accepted","Minor","BreaksPriorLow;DissipationLocal;AcceptanceAccepted"
2598,"2026-05-28 09:45:00",88.98,89.1,88.5,88.55,1491,"LLLH","Red","Up",0.9,0.7,0.6,"Up",0.9,0.43,"Up",1,0.083333,0.233333,False,False,False,True,"Peak","Strong","Absent","Absent","Accepted","Structural","VolumePeak20;RangePeak20;BreaksPriorLow;AcceptanceAccepted"
2599,"2026-05-28 09:50:00",88.54,88.54,88.23,88.4,1475,"LLLH","Red","Down",0.85,0.68,0.31,"Down",0.4,0.14,"Down",0.4,0.548387,0.129032,False,False,False,True,"Peak","Absent","Absent","Local","Accepted","Major","VolumePeak20;HighVolumeLowRange;BreaksPriorLow;DissipationLocal;AcceptanceAccepted"
2600,"2026-05-28 09:55:00",88.39,88.4,88.11,88.34,1475,"LLLH","Red","Flat",0.85,0.68,0.29,"Down",0.35,0.05,"Down",0.3,0.793103,0.586207,True,False,False,True,"Peak","Absent","Local","Absent","Contained","Major","VolumePeak20;HighVolumeLowRange;BreaksPriorLow;CloseInsidePriorRange;AcceptanceContained;CompressionLocal"
2601,"2026-05-28 10:00:00",88.33,88.34,88.02,88.24,1008,"LLLH","Red","Down",0.35,0.36,0.32,"Up",0.5,0.09,"Up",0.35,0.6875,0.71875,True,False,False,True,"Falling","Local","Local","Local","Contained","Minor","BreaksPriorLow;CloseInsidePriorRange;DissipationLocal;AcceptanceContained;CompressionLocal"
2602,"2026-05-28 10:05:00",88.26,88.7,88.2,88.61,1426,"HHHL","Black","Up",0.75,0.64,0.5,"Up",0.85,0.35,"Up",0.85,0.82,0.28,False,False,True,False,"Rising","Strong","Absent","Absent","Accepted","Major","RangePeak20;BreaksPriorHigh;AcceptanceAccepted"
2603,"2026-05-28 10:10:00",88.6,89,88.59,88.81,1390,"HHHL","Black","Down",0.7,0.64,0.41,"Down",0.75,0.21,"Down",0.6,0.536585,0.268293,False,False,True,False,"Falling","Absent","Absent","Local","Accepted","Moderate","BreaksPriorHigh;DissipationLocal;AcceptanceAccepted"
2604,"2026-05-28 10:15:00",88.8,89.01,88.74,88.98,687,"HHHL","Black","Down",0.15,0.12,0.27,"Down",0.25,0.18,"Down",0.45,0.888889,0.962963,True,False,True,False,"Falling","Absent","Clustered","Local","Contained","Minor","BreaksPriorHigh;CloseInsidePriorRange;DissipationLocal;AcceptanceContained;CompressionClustered"
2605,"2026-05-28 10:20:00",88.97,89.11,88.83,88.99,886,"HHHL","Black","Up",0.3,0.28,0.28,"Up",0.35,0.02,"Down",0.15,0.571429,0.642857,True,False,True,False,"Rising","Local","Local","Absent","Contained","Minor","BreaksPriorHigh;CloseInsidePriorRange;AcceptanceContained;CompressionLocal"
2606,"2026-05-28 10:25:00",89,89.01,88.81,88.89,756,"LLLH","Red","Down",0.25,0.18,0.2,"Down",0.15,0.11,"Up",0.35,0.4,0.9,True,False,False,True,"Falling","Absent","Clustered","Local","Contained","Minor","BreaksPriorLow;CloseInsidePriorRange;DissipationLocal;AcceptanceContained;CompressionClustered"
2607,"2026-05-28 10:30:00",88.89,89.16,88.89,89.04,799,"HHHL","Black","Up",0.3,0.2,0.27,"Up",0.25,0.15,"Up",0.4,0.555556,0.444444,False,False,True,False,"Rising","Local","Absent","Absent","Accepted","Minor","BreaksPriorHigh;AcceptanceAccepted"
2608,"2026-05-28 10:35:00",89.03,89.06,88.87,88.88,388,"LLLH","Red","Down",0.05,0.02,0.19,"Down",0.05,0.15,"Flat",0.4,0.052632,0.894737,False,False,False,True,"Falling","Absent","Clustered","Local","Accepted","Minor","BreaksPriorLow;DissipationLocal;AcceptanceAccepted;CompressionClustered"
2609,"2026-05-28 10:40:00",88.88,88.93,88.79,88.85,592,"LLLH","Red","Up",0.1,0.04,0.14,"Down",0.05,0.03,"Down",0.1,0.428571,0.428571,False,False,False,True,"Rising","Absent","Absent","Local","Accepted","Minor","BreaksPriorLow;DissipationLocal;AcceptanceAccepted"
2610,"2026-05-28 10:45:00",88.84,88.99,88.8,88.91,533,"HHHL","Black","Down",0.1,0.04,0.19,"Up",0.15,0.07,"Up",0.25,0.578947,0.684211,True,False,True,False,"Falling","Local","Local","Local","Contained","Minor","BreaksPriorHigh;CloseInsidePriorRange;DissipationLocal;AcceptanceContained;CompressionLocal"
2611,"2026-05-28 10:50:00",88.91,89,88.68,88.77,683,"OutsideBar","Red","Up",0.25,0.12,0.32,"Up",0.6,0.14,"Up",0.45,0.28125,0.59375,False,False,True,True,"Rising","Local","Absent","Absent","Accepted","Moderate","BreaksPriorHigh;BreaksPriorLow;AcceptanceAccepted"
2612,"2026-05-28 10:55:00",88.78,88.93,88.65,88.86,698,"LLLH","Black","Up",0.4,0.18,0.28,"Down",0.5,0.08,"Down",0.3,0.75,0.892857,True,True,False,True,"Rising","Absent","Clustered","Local","Contained","Minor","BreaksPriorLow;CloseInsidePriorRange;CloseInsidePriorBody;DissipationLocal;AcceptanceContained;CompressionClustered"
2613,"2026-05-28 11:00:00",88.83,88.93,88.78,88.85,724,"InsideBar","Black","Up",0.45,0.22,0.15,"Down",0.1,0.02,"Down",0.1,0.466667,1,True,True,False,False,"Rising","Absent","Clustered","Local","Unresolved","Minor","CloseInsidePriorRange;CloseInsidePriorBody;DissipationLocal;CompressionClustered"
2614,"2026-05-28 11:05:00",88.86,88.99,88.81,88.88,536,"HHHL","Black","Down",0.15,0.06,0.18,"Up",0.15,0.02,"Flat",0.15,0.388889,0.666667,True,False,True,False,"Falling","Local","Local","Local","Contained","Minor","BreaksPriorHigh;CloseInsidePriorRange;DissipationLocal;AcceptanceContained;CompressionLocal"
2615,"2026-05-28 11:10:00",88.89,88.89,88.59,88.79,875,"LLLH","Red","Up",0.65,0.32,0.3,"Up",0.7,0.1,"Up",0.5,0.666667,0.266667,False,False,False,True,"Rising","Local","Absent","Absent","Accepted","Moderate","BreaksPriorLow;AcceptanceAccepted"
2616,"2026-05-28 11:15:00",88.81,89.35,88.79,88.96,1435,"HHHL","Black","Up",0.85,0.68,0.56,"Up",0.95,0.15,"Up",0.65,0.303571,0.178571,False,False,True,False,"Peak","Climactic","Absent","Absent","Accepted","Structural","VolumePeak20;RangePeak20;RangeClimactic20;BreaksPriorHigh;AcceptanceAccepted"
2617,"2026-05-28 11:20:00",88.94,89.25,88.59,88.92,1870,"LLLH","Red","Up",1,0.88,0.66,"Up",1,0.02,"Down",0.2,0.5,0.69697,True,True,False,True,"Peak","Climactic","Local","Absent","Contained","Structural","VolumePeak20;RangePeak20;RangeClimactic20;BreaksPriorLow;CloseInsidePriorRange;CloseInsidePriorBody;AcceptanceContained;CompressionLocal"
2618,"2026-05-28 11:25:00",88.9,88.94,88.6,88.67,1398,"InsideBar","Red","Down",0.75,0.64,0.34,"Down",0.8,0.23,"Up",0.95,0.205882,1,True,False,False,False,"Falling","Strong","Clustered","Absent","Unresolved","Major","RangePeak20;CloseInsidePriorRange;CompressionClustered"
2619,"2026-05-28 11:30:00",88.65,89.06,88.6,88.92,3906,"OutsideBar","Black","Up",1,1,0.46,"Up",0.85,0.27,"Up",0.95,0.695652,0.73913,True,False,True,False,"Climactic","Strong","Local","Absent","Contained","Structural","VolumePeak20;VolumeClimactic50;RangePeak20;BreaksPriorHigh;CloseInsidePriorRange;AcceptanceContained;CompressionLocal"
2620,"2026-05-29 06:05:00",87.32,87.39,86.73,86.84,2380,"LLLH","Red","Down",0.95,0.94,0.66,"Up",1,0.48,"Up",1,0.166667,0,False,False,False,True,"Peak","Climactic","Absent","Local","Accepted","Structural","VolumePeak20;RangePeak20;RangeClimactic20;BreaksPriorLow;DissipationLocal;AcceptanceAccepted"
2621,"2026-05-29 06:10:00",86.84,87.3,86.82,87.26,1229,"InsideBar","Black","Down",0.65,0.56,0.48,"Down",0.8,0.42,"Down",0.95,0.916667,1,True,True,False,False,"Falling","Strong","Clustered","Absent","Unresolved","Major","RangePeak20;CloseInsidePriorRange;CloseInsidePriorBody;CompressionClustered"
2622,"2026-05-29 06:15:00",87.26,87.52,87.16,87.47,951,"HHHL","Black","Down",0.65,0.36,0.36,"Down",0.7,0.21,"Down",0.75,0.861111,0.388889,False,False,True,False,"Falling","Absent","Absent","Local","Accepted","Moderate","BreaksPriorHigh;DissipationLocal;AcceptanceAccepted"
2623,"2026-05-29 06:20:00",87.46,87.87,87.43,87.57,2222,"HHHL","Black","Up",0.9,0.94,0.44,"Up",0.75,0.11,"Down",0.5,0.318182,0.204545,False,False,True,False,"Peak","Local","Absent","Absent","Accepted","Structural","VolumePeak20;BreaksPriorHigh;AcceptanceAccepted"
2624,"2026-05-29 06:25:00",87.58,87.72,87.49,87.58,467,"InsideBar","Neutral","Down",0.1,0.04,0.23,"Down",0.35,0,"Down",0.05,0.391304,1,True,False,False,False,"Falling","Absent","Clustered","Absent","Unresolved","Minor","CloseInsidePriorRange;CompressionClustered"
2625,"2026-05-29 06:30:00",87.58,87.72,87.46,87.53,819,"OutsideBar","Red","Up",0.55,0.3,0.26,"Up",0.4,0.05,"Up",0.3,0.269231,0.884615,True,False,False,True,"Rising","Local","Local","Absent","Contained","Minor","BreaksPriorLow;CloseInsidePriorRange;AcceptanceContained;CompressionLocal"
2626,"2026-05-29 06:35:00",87.54,87.7,87.33,87.58,2160,"LLLH","Black","Up",0.85,0.94,0.37,"Up",0.7,0.04,"Down",0.3,0.675676,0.648649,True,True,False,True,"Peak","Local","Local","Absent","Contained","Structural","VolumePeak20;BreaksPriorLow;CloseInsidePriorRange;CloseInsidePriorBody;AcceptanceContained;CompressionLocal"
2627,"2026-05-29 06:40:00",87.58,87.63,87.48,87.55,530,"InsideBar","Red","Down",0.15,0.06,0.15,"Down",0.1,0.03,"Down",0.3,0.466667,1,True,True,False,False,"Falling","Absent","Clustered","Absent","Unresolved","Minor","CloseInsidePriorRange;CloseInsidePriorBody;CompressionClustered"
2628,"2026-05-29 06:45:00",87.54,87.54,87.2,87.24,741,"LLLH","Red","Up",0.45,0.28,0.34,"Up",0.6,0.3,"Up",0.9,0.117647,0.176471,False,False,False,True,"Rising","Local","Absent","Absent","Accepted","Moderate","BreaksPriorLow;AcceptanceAccepted"
2629,"2026-05-29 06:50:00",87.23,87.42,87.22,87.28,754,"InsideBar","Black","Up",0.45,0.3,0.2,"Down",0.25,0.05,"Down",0.4,0.3,1,True,True,False,False,"Rising","Absent","Clustered","Local","Unresolved","Minor","CloseInsidePriorRange;CloseInsidePriorBody;DissipationLocal;CompressionClustered"
2630,"2026-05-29 06:55:00",87.27,87.5,87.24,87.47,1116,"HHHL","Black","Up",0.6,0.6,0.26,"Up",0.35,0.2,"Up",0.7,0.884615,0.692308,False,False,True,False,"Rising","Local","Absent","Absent","Accepted","Moderate","BreaksPriorHigh;AcceptanceAccepted"
2631,"2026-05-29 07:00:00",87.46,87.85,87.45,87.69,1046,"HHHL","Black","Down",0.55,0.52,0.4,"Up",0.7,0.23,"Up",0.8,0.6,0.125,False,False,True,False,"Falling","Local","Absent","Local","Accepted","Moderate","BreaksPriorHigh;DissipationLocal;AcceptanceAccepted"
2632,"2026-05-29 07:05:00",87.68,88.09,87.67,88.07,1681,"HHHL","Black","Up",0.75,0.88,0.42,"Up",0.7,0.39,"Up",0.9,0.952381,0.428571,False,False,True,False,"Rising","Local","Absent","Absent","Accepted","Moderate","BreaksPriorHigh;AcceptanceAccepted"
2633,"2026-05-29 07:10:00",88.06,88.38,88.03,88.32,2337,"HHHL","Black","Up",0.9,0.96,0.35,"Down",0.5,0.26,"Down",0.75,0.828571,0.171429,False,False,True,False,"Climactic","Absent","Absent","Local","Accepted","Structural","VolumePeak20;VolumeClimactic50;BreaksPriorHigh;DissipationLocal;AcceptanceAccepted"
2634,"2026-05-29 07:15:00",88.32,88.38,88.02,88.21,1590,"OutsideBar","Red","Down",0.65,0.84,0.36,"Up",0.55,0.11,"Down",0.45,0.527778,0.972222,True,True,False,True,"Falling","Local","Local","Local","Contained","Moderate","BreaksPriorLow;CloseInsidePriorRange;CloseInsidePriorBody;DissipationLocal;AcceptanceContained;CompressionLocal"
2635,"2026-05-29 07:20:00",88.21,88.33,88.1,88.11,843,"InsideBar","Red","Down",0.3,0.4,0.23,"Down",0.2,0.1,"Down",0.35,0.043478,1,True,False,False,False,"Falling","Absent","Clustered","Absent","Unresolved","Minor","CloseInsidePriorRange;CompressionClustered"
2636,"2026-05-29 07:25:00",88.12,88.25,88.06,88.23,985,"LLLH","Black","Up",0.4,0.52,0.19,"Down",0.1,0.11,"Up",0.5,0.894737,0.789474,True,False,False,True,"Rising","Absent","Local","Local","Contained","Minor","BreaksPriorLow;CloseInsidePriorRange;DissipationLocal;AcceptanceContained;CompressionLocal"
2637,"2026-05-29 07:30:00",88.23,88.55,88.22,88.44,1496,"HHHL","Black","Up",0.65,0.82,0.33,"Up",0.4,0.21,"Up",0.6,0.666667,0.090909,False,False,True,False,"Rising","Local","Absent","Absent","Accepted","Moderate","BreaksPriorHigh;AcceptanceAccepted"
2638,"2026-05-29 07:35:00",88.45,88.63,88.28,88.52,1006,"HHHL","Black","Down",0.45,0.52,0.35,"Up",0.55,0.07,"Down",0.3,0.685714,0.771429,True,False,True,False,"Falling","Local","Local","Local","Contained","Minor","BreaksPriorHigh;CloseInsidePriorRange;DissipationLocal;AcceptanceContained;CompressionLocal"
2639,"2026-05-29 07:40:00",88.54,88.87,88.5,88.84,1202,"HHHL","Black","Up",0.6,0.6,0.37,"Up",0.75,0.3,"Up",0.8,0.918919,0.351351,False,False,True,False,"Rising","Local","Absent","Absent","Accepted","Moderate","BreaksPriorHigh;AcceptanceAccepted"
2640,"2026-05-29 07:45:00",88.85,88.89,88.65,88.67,1364,"HHHL","Red","Up",0.7,0.64,0.24,"Down",0.3,0.18,"Down",0.55,0.083333,0.916667,True,True,True,False,"Rising","Absent","Clustered","Local","Contained","Moderate","BreaksPriorHigh;CloseInsidePriorRange;CloseInsidePriorBody;DissipationLocal;AcceptanceContained;CompressionClustered"
2641,"2026-05-29 07:50:00",88.67,88.86,88.61,88.81,888,"LLLH","Black","Down",0.35,0.42,0.25,"Up",0.35,0.14,"Down",0.55,0.8,0.84,True,True,False,True,"Falling","Local","Local","Local","Contained","Minor","BreaksPriorLow;CloseInsidePriorRange;CloseInsidePriorBody;DissipationLocal;AcceptanceContained;CompressionLocal"
2642,"2026-05-29 07:55:00",88.81,88.95,87.5,88.07,6779,"OutsideBar","Red","Up",1,1,1.45,"Up",1,0.74,"Up",1,0.393103,0.172414,False,False,True,True,"Climactic","Climactic","Absent","Absent","Accepted","SessionDefining","VolumePeak20;VolumeClimactic50;RangePeak20;RangeClimactic20;BreaksPriorHigh;BreaksPriorLow;AcceptanceAccepted"
2643,"2026-05-29 08:00:00",88.05,88.08,87.46,87.96,3129,"LLLH","Red","Down",0.95,0.96,0.62,"Down",0.95,0.09,"Down",0.35,0.806452,0.935484,True,False,False,True,"Climactic","Climactic","Clustered","Local","Contained","SessionDefining","VolumePeak20;VolumeClimactic50;RangePeak20;RangeClimactic20;BreaksPriorLow;CloseInsidePriorRange;DissipationLocal;AcceptanceContained;CompressionClustered"
2644,"2026-05-29 08:05:00",87.97,88.01,87.36,87.41,2888,"LLLH","Red","Down",0.9,0.94,0.65,"Up",0.95,0.56,"Up",0.95,0.076923,0.846154,False,False,False,True,"Peak","Climactic","Absent","Local","Accepted","Structural","VolumePeak20;RangePeak20;RangeClimactic20;BreaksPriorLow;DissipationLocal;AcceptanceAccepted"
2645,"2026-05-29 08:10:00",87.41,87.49,86.65,86.8,4581,"LLLH","Red","Up",0.95,0.98,0.84,"Up",0.95,0.61,"Up",0.95,0.178571,0.154762,False,False,False,True,"Climactic","Climactic","Absent","Absent","Accepted","SessionDefining","VolumePeak20;VolumeClimactic50;RangePeak20;RangeClimactic20;BreaksPriorLow;AcceptanceAccepted"
2646,"2026-05-29 08:15:00",86.8,86.85,86.35,86.51,3727,"LLLH","Red","Down",0.9,0.94,0.5,"Down",0.8,0.29,"Down",0.7,0.32,0.4,False,False,False,True,"Peak","Strong","Absent","Local","Accepted","Structural","VolumePeak20;RangePeak20;BreaksPriorLow;DissipationLocal;AcceptanceAccepted"
2647,"2026-05-29 08:20:00",86.51,87.08,86.47,87.06,2811,"HHHL","Black","Down",0.75,0.88,0.61,"Up",0.8,0.55,"Up",0.85,0.967213,0.622951,False,False,True,False,"Falling","Strong","Absent","Local","Accepted","Major","RangePeak20;BreaksPriorHigh;DissipationLocal;AcceptanceAccepted"
2648,"2026-05-29 08:25:00",87.06,87.25,86.82,86.99,2259,"HHHL","Red","Down",0.65,0.82,0.43,"Down",0.7,0.07,"Down",0.15,0.395349,0.604651,True,True,True,False,"Falling","Absent","Local","Local","Contained","Moderate","BreaksPriorHigh;CloseInsidePriorRange;CloseInsidePriorBody;DissipationLocal;AcceptanceContained;CompressionLocal"
2649,"2026-05-29 08:30:00",86.99,87.27,86.89,87.24,1931,"HHHL","Black","Down",0.6,0.76,0.38,"Down",0.55,0.25,"Up",0.6,0.921053,0.947368,True,False,True,False,"Falling","Absent","Clustered","Local","Contained","Moderate","BreaksPriorHigh;CloseInsidePriorRange;DissipationLocal;AcceptanceContained;CompressionClustered"
2650,"2026-05-29 08:35:00",87.24,87.32,87.01,87.23,1356,"HHHL","Red","Down",0.35,0.56,0.31,"Down",0.25,0.01,"Down",0.05,0.709677,0.83871,True,True,True,False,"Falling","Absent","Clustered","Local","Contained","Minor","BreaksPriorHigh;CloseInsidePriorRange;CloseInsidePriorBody;DissipationLocal;AcceptanceContained;CompressionClustered"
2651,"2026-05-29 08:40:00",87.22,87.5,86.92,87.24,2652,"OutsideBar","Black","Up",0.7,0.86,0.58,"Up",0.75,0.02,"Up",0.1,0.551724,0.534483,True,True,True,True,"Rising","Local","Local","Absent","Contained","Moderate","BreaksPriorHigh;BreaksPriorLow;CloseInsidePriorRange;CloseInsidePriorBody;AcceptanceContained;CompressionLocal"
2652,"2026-05-29 08:45:00",87.24,87.67,87.07,87.48,3130,"HHHL","Black","Up",0.85,0.92,0.6,"Up",0.75,0.24,"Up",0.6,0.683333,0.716667,True,False,True,False,"Peak","Local","Local","Absent","Contained","Structural","VolumePeak20;BreaksPriorHigh;CloseInsidePriorRange;AcceptanceContained;CompressionLocal"
2653,"2026-05-29 08:50:00",87.5,87.8,87.41,87.6,1422,"HHHL","Black","Down",0.4,0.6,0.39,"Down",0.55,0.1,"Down",0.35,0.487179,0.666667,True,False,True,False,"Falling","Absent","Local","Local","Contained","Minor","BreaksPriorHigh;CloseInsidePriorRange;DissipationLocal;AcceptanceContained;CompressionLocal"
2654,"2026-05-29 08:55:00",87.62,87.79,87.43,87.58,1052,"InsideBar","Red","Down",0.25,0.46,0.36,"Down",0.4,0.04,"Down",0.15,0.416667,1,True,True,False,False,"Falling","Absent","Clustered","Absent","Unresolved","Minor","CloseInsidePriorRange;CloseInsidePriorBody;CompressionClustered"
2655,"2026-05-29 09:00:00",87.57,87.62,87.52,87.6,713,"InsideBar","Black","Down",0.05,0.18,0.1,"Down",0.05,0.03,"Down",0.15,0.8,1,True,True,False,False,"Falling","Absent","Clustered","Absent","Unresolved","Minor","CloseInsidePriorRange;CloseInsidePriorBody;CompressionClustered"
2656,"2026-05-29 09:05:00",87.6,87.8,87.57,87.76,1016,"HHHL","Black","Up",0.2,0.42,0.23,"Up",0.1,0.16,"Up",0.5,0.826087,0.217391,False,False,True,False,"Rising","Local","Absent","Absent","Accepted","Minor","BreaksPriorHigh;AcceptanceAccepted"
2657,"2026-05-29 09:10:00",87.75,87.91,87.75,87.82,821,"HHHL","Black","Down",0.1,0.28,0.16,"Down",0.1,0.07,"Down",0.3,0.4375,0.3125,False,False,True,False,"Falling","Absent","Absent","Local","Accepted","Minor","BreaksPriorHigh;DissipationLocal;AcceptanceAccepted"
2658,"2026-05-29 09:15:00",87.81,87.97,87.65,87.83,1024,"OutsideBar","Black","Up",0.25,0.42,0.32,"Up",0.35,0.02,"Down",0.15,0.5625,0.5,True,False,True,True,"Rising","Local","Local","Absent","Contained","Minor","BreaksPriorHigh;BreaksPriorLow;CloseInsidePriorRange;AcceptanceContained;CompressionLocal"
2659,"2026-05-29 09:20:00",87.82,87.86,87.68,87.77,576,"InsideBar","Red","Down",0.05,0.1,0.18,"Down",0.15,0.05,"Up",0.3,0.5,1,True,False,False,False,"Falling","Absent","Clustered","Absent","Unresolved","Minor","CloseInsidePriorRange;CompressionClustered"
2660,"2026-05-29 09:25:00",87.78,87.84,87.39,87.47,883,"LLLH","Red","Up",0.2,0.3,0.45,"Up",0.6,0.31,"Up",0.8,0.177778,0.355556,False,False,False,True,"Rising","Local","Absent","Absent","Accepted","Moderate","BreaksPriorLow;AcceptanceAccepted"
2661,"2026-05-29 09:30:00",87.47,87.61,87.44,87.48,434,"InsideBar","Black","Down",0.05,0.02,0.17,"Down",0.15,0.01,"Down",0.1,0.235294,1,True,True,False,False,"Falling","Absent","Clustered","Absent","Unresolved","Minor","CloseInsidePriorRange;CloseInsidePriorBody;CompressionClustered"
2662,"2026-05-29 09:35:00",87.44,87.45,86.79,86.87,2577,"LLLH","Red","Up",0.65,0.82,0.66,"Up",0.95,0.57,"Up",0.95,0.121212,0.015152,False,False,False,True,"Rising","Climactic","Absent","Absent","Accepted","Structural","RangePeak20;RangeClimactic20;BreaksPriorLow;AcceptanceAccepted"
2663,"2026-05-29 09:40:00",86.85,86.97,86.43,86.48,2999,"LLLH","Red","Up",0.85,0.88,0.54,"Down",0.7,0.37,"Down",0.8,0.092593,0.333333,False,False,False,True,"Peak","Absent","Absent","Local","Accepted","Major","VolumePeak20;BreaksPriorLow;DissipationLocal;AcceptanceAccepted"
2664,"2026-05-29 09:45:00",86.48,86.73,86.44,86.56,1457,"InsideBar","Black","Down",0.55,0.58,0.29,"Down",0.3,0.08,"Down",0.5,0.413793,1,True,True,False,False,"Falling","Absent","Clustered","Absent","Unresolved","Minor","CloseInsidePriorRange;CloseInsidePriorBody;CompressionClustered"
2665,"2026-05-29 09:50:00",86.58,86.79,86.54,86.7,849,"HHHL","Black","Down",0.25,0.22,0.25,"Down",0.3,0.12,"Up",0.6,0.64,0.76,True,False,True,False,"Falling","Absent","Local","Local","Contained","Minor","BreaksPriorHigh;CloseInsidePriorRange;DissipationLocal;AcceptanceContained;CompressionLocal"
2666,"2026-05-29 09:55:00",86.7,86.79,86.56,86.58,731,"InsideBar","Red","Down",0.2,0.12,0.23,"Down",0.3,0.12,"Flat",0.65,0.086957,1,True,True,False,False,"Falling","Absent","Clustered","Absent","Unresolved","Minor","CloseInsidePriorRange;CloseInsidePriorBody;CompressionClustered"
2667,"2026-05-29 10:00:00",86.57,86.8,86.52,86.58,799,"OutsideBar","Black","Up",0.25,0.18,0.28,"Up",0.4,0.01,"Down",0.15,0.214286,0.821429,True,True,True,True,"Rising","Local","Local","Absent","Contained","Minor","BreaksPriorHigh;BreaksPriorLow;CloseInsidePriorRange;CloseInsidePriorBody;AcceptanceContained;CompressionLocal"
2668,"2026-05-29 10:05:00",86.59,86.85,86.57,86.83,640,"HHHL","Black","Down",0.15,0.1,0.28,"Flat",0.45,0.24,"Up",0.75,0.928571,0.821429,False,False,True,False,"Falling","Absent","Clustered","Local","Accepted","Minor","BreaksPriorHigh;DissipationLocal;AcceptanceAccepted;CompressionClustered"
2669,"2026-05-29 10:10:00",86.83,86.9,86.81,86.86,569,"HHHL","Black","Down",0.1,0.08,0.09,"Down",0.05,0.03,"Down",0.35,0.555556,0.444444,False,False,True,False,"Falling","Absent","Absent","Local","Accepted","Minor","BreaksPriorHigh;DissipationLocal;AcceptanceAccepted"
2670,"2026-05-29 10:15:00",86.86,86.99,86.74,86.9,685,"OutsideBar","Black","Up",0.25,0.14,0.25,"Up",0.45,0.04,"Up",0.4,0.64,0.36,True,False,True,True,"Rising","Local","Local","Absent","Contained","Minor","BreaksPriorHigh;BreaksPriorLow;CloseInsidePriorRange;AcceptanceContained;CompressionLocal"
2671,"2026-05-29 10:20:00",86.9,87.06,86.83,87.04,940,"HHHL","Black","Up",0.6,0.38,0.23,"Down",0.4,0.14,"Up",0.7,0.913043,0.695652,False,False,True,False,"Rising","Absent","Absent","Local","Accepted","Moderate","BreaksPriorHigh;DissipationLocal;AcceptanceAccepted"
2672,"2026-05-29 10:25:00",87.03,87.29,86.73,86.95,2744,"OutsideBar","Red","Up",0.95,0.84,0.56,"Up",0.95,0.08,"Down",0.55,0.392857,0.410714,True,True,True,True,"Peak","Climactic","Local","Absent","Contained","Structural","VolumePeak20;RangePeak20;RangeClimactic20;BreaksPriorHigh;BreaksPriorLow;CloseInsidePriorRange;CloseInsidePriorBody;AcceptanceContained;CompressionLocal"
2673,"2026-05-29 10:30:00",86.94,87.32,86.94,87.1,1285,"HHHL","Black","Down",0.8,0.56,0.38,"Down",0.8,0.16,"Up",0.75,0.421053,0.921053,True,False,True,False,"Peak","Strong","Clustered","Local","Contained","Major","VolumePeak20;RangePeak20;BreaksPriorHigh;CloseInsidePriorRange;DissipationLocal;AcceptanceContained;CompressionClustered"
2674,"2026-05-29 10:35:00",87.1,87.12,86.81,86.83,753,"LLLH","Red","Down",0.4,0.2,0.31,"Down",0.7,0.27,"Up",0.85,0.064516,0.580645,False,False,False,True,"Falling","Absent","Absent","Local","Accepted","Moderate","BreaksPriorLow;DissipationLocal;AcceptanceAccepted"
2675,"2026-05-29 10:40:00",86.82,86.88,86.74,86.82,1110,"LLLH","Neutral","Up",0.75,0.5,0.14,"Down",0.1,0,"Down",0.05,0.571429,0.5,True,False,False,True,"Rising","Absent","Local","Local","Contained","Moderate","BreaksPriorLow;CloseInsidePriorRange;DissipationLocal;AcceptanceContained;CompressionLocal"
2676,"2026-05-29 10:45:00",86.81,86.81,86.62,86.64,1016,"LLLH","Red","Down",0.65,0.44,0.19,"Up",0.3,0.17,"Up",0.75,0.105263,0.368421,False,False,False,True,"Falling","Local","Absent","Local","Accepted","Moderate","BreaksPriorLow;DissipationLocal;AcceptanceAccepted"
2677,"2026-05-29 10:50:00",86.63,86.87,86.56,86.8,926,"OutsideBar","Black","Down",0.55,0.34,0.31,"Up",0.7,0.17,"Flat",0.75,0.774194,0.612903,True,True,True,True,"Falling","Local","Local","Local","Contained","Moderate","Br