Path,Candidate,AvailableForCheck,Count,ES_Count,NQ_Count,BothESAndNQNonzero
outputs/block_bootstrap_es_ex_compression_pressure/block_bootstrap_distribution.csv,Base_ES_NQ,True,0,0,0,False
outputs/block_bootstrap_es_ex_compression_pressure/block_bootstrap_distribution.csv,CCRRR,True,0,0,0,False
outputs/block_bootstrap_es_ex_compression_pressure/block_bootstrap_distribution.csv,PriorSlope_DominantPressureValue_Q3,False,0,0,0,False
outputs/block_bootstrap_es_ex_compression_pressure/block_bootstrap_distribution.csv,RRCCC,True,0,0,0,False
outputs/block_bootstrap_es_ex_compression_pressure/block_bootstrap_summary.csv,Base_ES_NQ,True,0,0,0,False
outputs/block_bootstrap_es_ex_compression_pressure/block_bootstrap_summary.csv,CCRRR,True,0,0,0,False
outputs/block_bootstrap_es_ex_compression_pressure/block_bootstrap_summary.csv,PriorSlope_DominantPressureValue_Q3,False,0,0,0,False
outputs/block_bootstrap_es_ex_compression_pressure/block_bootstrap_summary.csv,RRCCC,True,0,0,0,False
outputs/block_bootstrap_es_ex_compression_pressure/input_diagnostics.csv,Base_ES_NQ,True,0,0,0,False
outputs/block_bootstrap_es_ex_compression_pressure/input_diagnostics.csv,CCRRR,True,0,0,0,False
outputs/block_bootstrap_es_ex_compression_pressure/input_diagnostics.csv,PriorSlope_DominantPressureValue_Q3,False,0,0,0,False
outputs/block_bootstrap_es_ex_compression_pressure/input_diagnostics.csv,RRCCC,True,0,0,0,False
outputs/block_bootstrap_es_ex_compression_pressure/selected_candidate_returns.csv,Base_ES_NQ,True,0,0,0,False
outputs/block_bootstrap_es_ex_compression_pressure/selected_candidate_returns.csv,CCRRR,True,0,0,0,False
outputs/block_bootstrap_es_ex_compression_pressure/selected_candidate_returns.csv,PriorSlope_DominantPressureValue_Q3,False,0,0,0,False
outputs/block_bootstrap_es_ex_compression_pressure/selected_candidate_returns.csv,RRCCC,True,0,0,0,False
outputs/block_bootstrap_es_ex_compression_pressure/selected_pressure_counts.csv,Base_ES_NQ,True,0,0,0,False
outputs/block_bootstrap_es_ex_compression_pressure/selected_pressure_counts.csv,CCRRR,True,0,0,0,False
outputs/block_bootstrap_es_ex_compression_pressure/selected_pressure_counts.csv,PriorSlope_DominantPressureValue_Q3,False,0,0,0,False
outputs/block_bootstrap_es_ex_compression_pressure/selected_pressure_counts.csv,RRCCC,True,0,0,0,False
outputs/block_bootstrap_exclude_pressure/block_bootstrap_distribution.csv,Base_ES_NQ,True,0,0,0,False
outputs/block_bootstrap_exclude_pressure/block_bootstrap_distribution.csv,CCRRR,True,0,0,0,False
outputs/block_bootstrap_exclude_pressure/block_bootstrap_distribution.csv,PriorSlope_DominantPressureValue_Q3,False,0,0,0,False
outputs/block_bootstrap_exclude_pressure/block_bootstrap_distribution.csv,RRCCC,True,0,0,0,False
outputs/block_bootstrap_exclude_pressure/block_bootstrap_summary.csv,Base_ES_NQ,True,0,0,0,False
outputs/block_bootstrap_exclude_pressure/block_bootstrap_summary.csv,CCRRR,True,0,0,0,False
outputs/block_bootstrap_exclude_pressure/block_bootstrap_summary.csv,PriorSlope_DominantPressureValue_Q3,False,0,0,0,False
outputs/block_bootstrap_exclude_pressure/block_bootstrap_summary.csv,RRCCC,True,0,0,0,False
outputs/block_bootstrap_exclude_pressure/input_diagnostics.csv,Base_ES_NQ,True,0,0,0,False
outputs/block_bootstrap_exclude_pressure/input_diagnostics.csv,CCRRR,True,0,0,0,False
outputs/block_bootstrap_exclude_pressure/input_diagnostics.csv,PriorSlope_DominantPressureValue_Q3,False,0,0,0,False
outputs/block_bootstrap_exclude_pressure/input_diagnostics.csv,RRCCC,True,0,0,0,False
outputs/block_bootstrap_exclude_pressure/selected_candidate_returns.csv,Base_ES_NQ,True,0,0,0,False
outputs/block_bootstrap_exclude_pressure/selected_candidate_returns.csv,CCRRR,True,0,0,0,False
outputs/block_bootstrap_exclude_pressure/selected_candidate_returns.csv,PriorSlope_DominantPressureValue_Q3,False,0,0,0,False
outputs/block_bootstrap_exclude_pressure/selected_candidate_returns.csv,RRCCC,True,0,0,0,False
outputs/block_bootstrap_exclude_pressure/selected_pressure_counts.csv,Base_ES_NQ,True,0,0,0,False
outputs/block_bootstrap_exclude_pressure/selected_pressure_counts.csv,CCRRR,True,0,0,0,False
outputs/block_bootstrap_exclude_pressure/selected_pressure_counts.csv,PriorSlope_DominantPressureValue_Q3,False,0,0,0,False
outputs/block_bootstrap_exclude_pressure/selected_pressure_counts.csv,RRCCC,True,0,0,0,False
outputs/compression_persistence_analysis/compression_persistence_by_instrument.csv,Base_ES_NQ,True,0,0,0,False
outputs/compression_persistence_analysis/compression_persistence_by_instrument.csv,CCRRR,True,0,0,0,False
outputs/compression_persistence_analysis/compression_persistence_by_instrument.csv,PriorSlope_DominantPressureValue_Q3,False,0,0,0,False
outputs/compression_persistence_analysis/compression_persistence_by_instrument.csv,RRCCC,True,0,0,0,False
outputs/compression_persistence_analysis/compression_persistence_by_sequence.csv,Base_ES_NQ,True,0,0,0,False
outputs/compression_persistence_analysis/compression_persistence_by_sequence.csv,CCRRR,True,0,0,0,False
outputs/compression_persistence_analysis/compression_persistence_by_sequence.csv,PriorSlope_DominantPressureValue_Q3,False,0,0,0,False
outputs/compression_persistence_analysis/compression_persistence_by_sequence.csv,RRCCC,True,0,0,0,False
outputs/compression_persistence_analysis/compression_persistence_entries.csv,Base_ES_NQ,True,0,0,0,False
outputs/compression_persistence_analysis/compression_persistence_entries.csv,CCRRR,True,0,0,0,False
outputs/compression_persistence_analysis/compression_persistence_entries.csv,PriorSlope_DominantPressureValue_Q3,True,0,0,0,False
outputs/compression_persistence_analysis/compression_persistence_entries.csv,RRCCC,True,0,0,0,False
outputs/compression_persistence_analysis/compression_persistence_feature_tests.csv,Base_ES_NQ,True,0,0,0,False
outputs/compression_persistence_analysis/compression_persistence_feature_tests.csv,CCRRR,True,0,0,0,False
outputs/compression_persistence_analysis/compression_persistence_feature_tests.csv,PriorSlope_DominantPressureValue_Q3,False,0,0,0,False
outputs/compression_persistence_analysis/compression_persistence_feature_tests.csv,RRCCC,True,0,0,0,False
outputs/compression_persistence_analysis/compression_persistence_scorecard.csv,Base_ES_NQ,True,0,0,0,False
outputs/compression_persistence_analysis/compression_persistence_scorecard.csv,CCRRR,True,0,0,0,False
outputs/compression_persistence_analysis/compression_persistence_scorecard.csv,PriorSlope_DominantPressureValue_Q3,False,0,0,0,False
outputs/compression_persistence_analysis/compression_persistence_scorecard.csv,RRCCC,True,0,0,0,False
outputs/conditioned_compression_es_directional_presence/column_mapping.csv,Base_ES_NQ,True,0,0,0,False
outputs/conditioned_compression_es_directional_presence/column_mapping.csv,CCRRR,True,0,0,0,False
outputs/conditioned_compression_es_directional_presence/column_mapping.csv,PriorSlope_DominantPressureValue_Q3,False,0,0,0,False
outputs/conditioned_compression_es_directional_presence/column_mapping.csv,RRCCC,True,0,0,0,False
outputs/conditioned_compression_es_directional_presence/conditioned_file_summary.csv,Base_ES_NQ,True,0,0,0,False
outputs/conditioned_compression_es_directional_presence/conditioned_file_summary.csv,CCRRR,True,0,0,0,False
outputs/conditioned_compression_es_directional_presence/conditioned_file_summary.csv,PriorSlope_DominantPressureValue_Q3,False,0,0,0,False
outputs/conditioned_compression_es_directional_presence/conditioned_file_summary.csv,RRCCC,True,0,0,0,False
outputs/conditioned_compression_es_directional_presence/conditioned_quantile_summary.csv,Base_ES_NQ,True,0,0,0,False
outputs/conditioned_compression_es_directional_presence/conditioned_quantile_summary.csv,CCRRR,True,0,0,0,False
outputs/conditioned_compression_es_directional_presence/conditioned_quantile_summary.csv,PriorSlope_DominantPressureValue_Q3,False,0,0,0,False
outputs/conditioned_compression_es_directional_presence/conditioned_quantile_summary.csv,RRCCC,True,0,0,0,False
outputs/conditioned_compression_es_directional_presence/conditioned_scorecard.csv,Base_ES_NQ,True,0,0,0,False
outputs/conditioned_compression_es_directional_presence/conditioned_scorecard.csv,CCRRR,True,0,0,0,False
outputs/conditioned_compression_es_directional_presence/conditioned_scorecard.csv,PriorSlope_DominantPressureValue_Q3,False,0,0,0,False
outputs/conditioned_compression_es_directional_presence/conditioned_scorecard.csv,RRCCC,True,0,0,0,False
outputs/conditioned_compression_es_directional_presence/conditioned_week_summary.csv,Base_ES_NQ,True,0,0,0,False
outputs/conditioned_compression_es_directional_presence/conditioned_week_summary.csv,CCRRR,True,0,0,0,False
outputs/conditioned_compression_es_directional_presence/conditioned_week_summary.csv,PriorSlope_DominantPressureValue_Q3,False,0,0,0,False
outputs/conditioned_compression_es_directional_presence/conditioned_week_summary.csv,RRCCC,True,0,0,0,False
outputs/conditioned_compression_es_directional_presence/selected_conditioned_rows.csv,Base_ES_NQ,True,148,148,0,False
outputs/conditioned_compression_es_directional_presence/selected_conditioned_rows.csv,CCRRR,True,0,0,0,False
outputs/conditioned_compression_es_directional_presence/selected_conditioned_rows.csv,PriorSlope_DominantPressureValue_Q3,True,42,42,0,False
outputs/conditioned_compression_es_directional_presence/selected_conditioned_rows.csv,RRCCC,True,0,0,0,False
outputs/cross_instrument_transfer_compression_precursor/cross_instrument_entries.csv,Base_ES_NQ,True,0,0,0,False
outputs/cross_instrument_transfer_compression_precursor/cross_instrument_entries.csv,CCRRR,True,0,0,0,False
outputs/cross_instrument_transfer_compression_precursor/cross_instrument_entries.csv,PriorSlope_DominantPressureValue_Q3,True,0,0,0,False
outputs/cross_instrument_transfer_compression_precursor/cross_instrument_entries.csv,RRCCC,True,0,0,0,False
outputs/cross_instrument_transfer_compression_precursor/cross_instrument_policy_rows.csv,Base_ES_NQ,True,0,0,0,False
outputs/cross_instrument_transfer_compression_precursor/cross_instrument_policy_rows.csv,CCRRR,True,0,0,0,False
outputs/cross_instrument_transfer_compression_precursor/cross_instrument_policy_rows.csv,PriorSlope_DominantPressureValue_Q3,False,0,0,0,False
outputs/cross_instrument_transfer_compression_precursor/cross_instrument_policy_rows.csv,RRCCC,True,0,0,0,False
outputs/cross_instrument_transfer_compression_precursor/cross_instrument_scorecard.csv,Base_ES_NQ,True,0,0,0,False
outputs/cross_instrument_transfer_compression_precursor/cross_instrument_scorecard.csv,CCRRR,True,0,0,0,False
outputs/cross_instrument_transfer_compression_precursor/cross_instrument_scorecard.csv,PriorSlope_DominantPressureValue_Q3,False,0,0,0,False
outputs/cross_instrument_transfer_compression_precursor/cross_instrument_scorecard.csv,RRCCC,True,0,0,0,False
outputs/cross_instrument_transfer_compression_precursor/cross_instrument_summary.csv,Base_ES_NQ,True,0,0,0,False
outputs/cross_instrument_transfer_compression_precursor/cross_instrument_summary.csv,CCRRR,True,0,0,0,False
outputs/cross_instrument_transfer_compression_precursor/cross_instrument_summary.csv,PriorSlope_DominantPressureValue_Q3,False,0,0,0,False
outputs/cross_instrument_transfer_compression_precursor/cross_instrument_summary.csv,RRCCC,True,0,0,0,False
outputs/cross_instrument_transfer_compression_precursor/cross_instrument_week_summary.csv,Base_ES_NQ,True,0,0,0,False
outputs/cross_instrument_transfer_compression_precursor/cross_instrument_week_summary.csv,CCRRR,True,0,0,0,False
outputs/cross_instrument_transfer_compression_precursor/cross_instrument_week_summary.csv,PriorSlope_DominantPressureValue_Q3,False,0,0,0,False
outputs/cross_instrument_transfer_compression_precursor/cross_instrument_week_summary.csv,RRCCC,True,0,0,0,False
outputs/excursion_profile_es_compression_entropy_mid_presence_zero/excursion_by_week.csv,Base_ES_NQ,True,0,0,0,False
outputs/excursion_profile_es_compression_entropy_mid_presence_zero/excursion_by_week.csv,CCRRR,True,0,0,0,False
outputs/excursion_profile_es_compression_entropy_mid_presence_zero/excursion_by_week.csv,PriorSlope_DominantPressureValue_Q3,False,0,0,0,False
outputs/excursion_profile_es_compression_entropy_mid_presence_zero/excursion_by_week.csv,RRCCC,True,0,0,0,False
outputs/excursion_profile_es_compression_entropy_mid_presence_zero/excursion_profile_summary.csv,Base_ES_NQ,True,0,0,0,False
outputs/excursion_profile_es_compression_entropy_mid_presence_zero/excursion_profile_summary.csv,CCRRR,True,0,0,0,False
outputs/excursion_profile_es_compression_entropy_mid_presence_zero/excursion_profile_summary.csv,PriorSlope_DominantPressureValue_Q3,False,0,0,0,False
outputs/excursion_profile_es_compression_entropy_mid_presence_zero/excursion_profile_summary.csv,RRCCC,True,0,0,0,False
outputs/excursion_profile_es_compression_entropy_mid_presence_zero/excursion_scorecard.csv,Base_ES_NQ,True,0,0,0,False
outputs/excursion_profile_es_compression_entropy_mid_presence_zero/excursion_scorecard.csv,CCRRR,True,0,0,0,False
outputs/excursion_profile_es_compression_entropy_mid_presence_zero/excursion_scorecard.csv,PriorSlope_DominantPressureValue_Q3,False,0,0,0,False
outputs/excursion_profile_es_compression_entropy_mid_presence_zero/excursion_scorecard.csv,RRCCC,True,0,0,0,False
outputs/excursion_profile_es_compression_entropy_mid_presence_zero/selected_excursion_rows.csv,Base_ES_NQ,True,0,0,0,False
outputs/excursion_profile_es_compression_entropy_mid_presence_zero/selected_excursion_rows.csv,CCRRR,True,0,0,0,False
outputs/excursion_profile_es_compression_entropy_mid_presence_zero/selected_excursion_rows.csv,PriorSlope_DominantPressureValue_Q3,True,0,0,0,False
outputs/excursion_profile_es_compression_entropy_mid_presence_zero/selected_excursion_rows.csv,RRCCC,True,0,0,0,False
outputs/excursion_profile_es_compression_entropy_mid_presence_zero/tail_event_examples.csv,Base_ES_NQ,True,0,0,0,False
outputs/excursion_profile_es_compression_entropy_mid_presence_zero/tail_event_examples.csv,CCRRR,True,0,0,0,False
outputs/excursion_profile_es_compression_entropy_mid_presence_zero/tail_event_examples.csv,PriorSlope_DominantPressureValue_Q3,False,0,0,0,False
outputs/excursion_profile_es_compression_entropy_mid_presence_zero/tail_event_examples.csv,RRCCC,True,0,0,0,False
outputs/expansion_followthrough_es_compression_precursor/followthrough_curve.csv,Base_ES_NQ,True,0,0,0,False
outputs/expansion_followthrough_es_compression_precursor/followthrough_curve.csv,CCRRR,True,0,0,0,False
outputs/expansion_followthrough_es_compression_precursor/followthrough_curve.csv,PriorSlope_DominantPressureValue_Q3,False,0,0,0,False
outputs/expansion_followthrough_es_compression_precursor/followthrough_curve.csv,RRCCC,True,0,0,0,False
outputs/expansion_followthrough_es_compression_precursor/followthrough_entries.csv,Base_ES_NQ,True,0,0,0,False
outputs/expansion_followthrough_es_compression_precursor/followthrough_entries.csv,CCRRR,True,0,0,0,False
outputs/expansion_followthrough_es_compression_precursor/followthrough_entries.csv,PriorSlope_DominantPressureValue_Q3,True,0,0,0,False
outputs/expansion_followthrough_es_compression_precursor/followthrough_entries.csv,RRCCC,True,0,0,0,False
outputs/expansion_followthrough_es_compression_precursor/followthrough_entry_paths.csv,Base_ES_NQ,True,0,0,0,False
outputs/expansion_followthrough_es_compression_precursor/followthrough_entry_paths.csv,CCRRR,True,0,0,0,False
outputs/expansion_followthrough_es_compression_precursor/followthrough_entry_paths.csv,PriorSlope_DominantPressureValue_Q3,False,0,0,0,False
outputs/expansion_followthrough_es_compression_precursor/followthrough_entry_paths.csv,RRCCC,True,0,0,0,False
outputs/expansion_followthrough_es_compression_precursor/followthrough_rows.csv,Base_ES_NQ,True,0,0,0,False
outputs/expansion_followthrough_es_compression_precursor/followthrough_rows.csv,CCRRR,True,0,0,0,False
outputs/expansion_followthrough_es_compression_precursor/followthrough_rows.csv,PriorSlope_DominantPressureValue_Q3,True,0,0,0,False
outputs/expansion_followthrough_es_compression_precursor/followthrough_rows.csv,RRCCC,True,0,0,0,False
outputs/expansion_followthrough_es_compression_precursor/followthrough_scorecard.csv,Base_ES_NQ,True,0,0,0,False
outputs/expansion_followthrough_es_compression_precursor/followthrough_scorecard.csv,CCRRR,True,0,0,0,False
outputs/expansion_followthrough_es_compression_precursor/followthrough_scorecard.csv,PriorSlope_DominantPressureValue_Q3,False,0,0,0,False
outputs/expansion_followthrough_es_compression_precursor/followthrough_scorecard.csv,RRCCC,True,0,0,0,False
outputs/expansion_followthrough_es_compression_precursor/followthrough_state_evolution.csv,Base_ES_NQ,True,0,0,0,False
outputs/expansion_followthrough_es_compression_precursor/followthrough_state_evolution.csv,CCRRR,True,0,0,0,False
outputs/expansion_followthrough_es_compression_precursor/followthrough_state_evolution.csv,PriorSlope_DominantPressureValue_Q3,False,0,0,0,False
outputs/expansion_followthrough_es_compression_precursor/followthrough_state_evolution.csv,RRCCC,True,0,0,0,False
outputs/feature_leakage_audit/leakage_audit_entries.csv,Base_ES_NQ,True,0,0,0,False
outputs/feature_leakage_audit/leakage_audit_entries.csv,CCRRR,True,0,0,0,False
outputs/feature_leakage_audit/leakage_audit_entries.csv,PriorSlope_DominantPressureValue_Q3,True,0,0,0,False
outputs/feature_leakage_audit/leakage_audit_entries.csv,RRCCC,True,0,0,0,False
outputs/feature_leakage_audit/leakage_audit_feature_summary.csv,Base_ES_NQ,True,0,0,0,False
outputs/feature_leakage_audit/leakage_audit_feature_summary.csv,CCRRR,True,0,0,0,False
outputs/feature_leakage_audit/leakage_audit_feature_summary.csv,PriorSlope_DominantPressureValue_Q3,False,0,0,0,False
outputs/feature_leakage_audit/leakage_audit_feature_summary.csv,RRCCC,True,0,0,0,False
outputs/feature_leakage_audit/leakage_audit_scorecard.csv,Base_ES_NQ,True,0,0,0,False
outputs/feature_leakage_audit/leakage_audit_scorecard.csv,CCRRR,True,0,0,0,False
outputs/feature_leakage_audit/leakage_audit_scorecard.csv,PriorSlope_DominantPressureValue_Q3,False,0,0,0,False
outputs/feature_leakage_audit/leakage_audit_scorecard.csv,RRCCC,True,0,0,0,False
outputs/five_bar_expansion_capture_es_compression_precursor/five_bar_entries.csv,Base_ES_NQ,True,0,0,0,False
outputs/five_bar_expansion_capture_es_compression_precursor/five_bar_entries.csv,CCRRR,True,0,0,0,False
outputs/five_bar_expansion_capture_es_compression_precursor/five_bar_entries.csv,PriorSlope_DominantPressureValue_Q3,True,0,0,0,False
outputs/five_bar_expansion_capture_es_compression_precursor/five_bar_entries.csv,RRCCC,True,0,0,0,False
outputs/five_bar_expansion_capture_es_compression_precursor/five_bar_entry_paths.csv,Base_ES_NQ,True,0,0,0,False
outputs/five_bar_expansion_capture_es_compression_precursor/five_bar_entry_paths.csv,CCRRR,True,0,0,0,False
outputs/five_bar_expansion_capture_es_compression_precursor/five_bar_entry_paths.csv,PriorSlope_DominantPressureValue_Q3,False,0,0,0,False
outputs/five_bar_expansion_capture_es_compression_precursor/five_bar_entry_paths.csv,RRCCC,True,0,0,0,False
outputs/five_bar_expansion_capture_es_compression_precursor/five_bar_horizon_summary.csv,Base_ES_NQ,True,0,0,0,False
outputs/five_bar_expansion_capture_es_compression_precursor/five_bar_horizon_summary.csv,CCRRR,True,0,0,0,False
outputs/five_bar_expansion_capture_es_compression_precursor/five_bar_horizon_summary.csv,PriorSlope_DominantPressureValue_Q3,False,0,0,0,False
outputs/five_bar_expansion_capture_es_compression_precursor/five_bar_horizon_summary.csv,RRCCC,True,0,0,0,False
outputs/five_bar_expansion_capture_es_compression_precursor/five_bar_policy_surface.csv,Base_ES_NQ,True,0,0,0,False
outputs/five_bar_expansion_capture_es_compression_precursor/five_bar_policy_surface.csv,CCRRR,True,0,0,0,False
outputs/five_bar_expansion_capture_es_compression_precursor/five_bar_policy_surface.csv,PriorSlope_DominantPressureValue_Q3,False,0,0,0,False
outputs/five_bar_expansion_capture_es_compression_precursor/five_bar_policy_surface.csv,RRCCC,True,0,0,0,False
outputs/five_bar_expansion_capture_es_compression_precursor/five_bar_scorecard.csv,Base_ES_NQ,True,0,0,0,False
outputs/five_bar_expansion_capture_es_compression_precursor/five_bar_scorecard.csv,CCRRR,True,0,0,0,False
outputs/five_bar_expansion_capture_es_compression_precursor/five_bar_scorecard.csv,PriorSlope_DominantPressureValue_Q3,False,0,0,0,False
outputs/five_bar_expansion_capture_es_compression_precursor/five_bar_scorecard.csv,RRCCC,True,0,0,0,False
outputs/fixed_candidate_extended_validation/extended_block_summary.csv,Base_ES_NQ,True,0,0,0,False
outputs/fixed_candidate_extended_validation/extended_block_summary.csv,CCRRR,True,0,0,0,False
outputs/fixed_candidate_extended_validation/extended_block_summary.csv,PriorSlope_DominantPressureValue_Q3,False,0,0,0,False
outputs/fixed_candidate_extended_validation/extended_block_summary.csv,RRCCC,True,0,0,0,False
outputs/fixed_candidate_extended_validation/extended_candidate_summary.csv,Base_ES_NQ,True,0,0,0,False
outputs/fixed_candidate_extended_validation/extended_candidate_summary.csv,CCRRR,True,0,0,0,False
outputs/fixed_candidate_extended_validation/extended_candidate_summary.csv,PriorSlope_DominantPressureValue_Q3,False,0,0,0,False
outputs/fixed_candidate_extended_validation/extended_candidate_summary.csv,RRCCC,True,0,0,0,False
outputs/fixed_candidate_extended_validation/extended_dataset_candidate_summary.csv,Base_ES_NQ,True,0,0,0,False
outputs/fixed_candidate_extended_validation/extended_dataset_candidate_summary.csv,CCRRR,True,0,0,0,False
outputs/fixed_candidate_extended_validation/extended_dataset_candidate_summary.csv,PriorSlope_DominantPressureValue_Q3,False,0,0,0,False
outputs/fixed_candidate_extended_validation/extended_dataset_candidate_summary.csv,RRCCC,True,0,0,0,False
outputs/fixed_candidate_extended_validation/extended_dataset_inventory.csv,Base_ES_NQ,True,0,0,0,False
outputs/fixed_candidate_extended_validation/extended_dataset_inventory.csv,CCRRR,True,0,0,0,False
outputs/fixed_candidate_extended_validation/extended_dataset_inventory.csv,PriorSlope_DominantPressureValue_Q3,False,0,0,0,False
outputs/fixed_candidate_extended_validation/extended_dataset_inventory.csv,RRCCC,True,0,0,0,False
outputs/fixed_candidate_extended_validation/extended_entries.csv,Base_ES_NQ,True,0,0,0,False
outputs/fixed_candidate_extended_validation/extended_entries.csv,CCRRR,True,0,0,0,False
outputs/fixed_candidate_extended_validation/extended_entries.csv,PriorSlope_DominantPressureValue_Q3,True,0,0,0,False
outputs/fixed_candidate_extended_validation/extended_entries.csv,RRCCC,True,0,0,0,False
outputs/fixed_candidate_extended_validation/extended_instrument_summary.csv,Base_ES_NQ,True,0,0,0,False
outputs/fixed_candidate_extended_validation/extended_instrument_summary.csv,CCRRR,True,0,0,0,False
outputs/fixed_candidate_extended_validation/extended_instrument_summary.csv,PriorSlope_DominantPressureValue_Q3,False,0,0,0,False
outputs/fixed_candidate_extended_validation/extended_instrument_summary.csv,RRCCC,True,0,0,0,False
outputs/fixed_candidate_extended_validation/extended_scorecard.csv,Base_ES_NQ,True,0,0,0,False
outputs/fixed_candidate_extended_validation/extended_scorecard.csv,CCRRR,True,0,0,0,False
outputs/fixed_candidate_extended_validation/extended_scorecard.csv,PriorSlope_DominantPressureValue_Q3,False,0,0,0,False
outputs/fixed_candidate_extended_validation/extended_scorecard.csv,RRCCC,True,0,0,0,False
outputs/index_futures_robustness/index_futures_by_instrument.csv,Base_ES_NQ,True,0,0,0,False
outputs/index_futures_robustness/index_futures_by_instrument.csv,CCRRR,True,0,0,0,False
outputs/index_futures_robustness/index_futures_by_instrument.csv,PriorSlope_DominantPressureValue_Q3,False,0,0,0,False
outputs/index_futures_robustness/index_futures_by_instrument.csv,RRCCC,True,0,0,0,False
outputs/index_futures_robustness/index_futures_by_instrument_week.csv,Base_ES_NQ,True,0,0,0,False
outputs/index_futures_robustness/index_futures_by_instrument_week.csv,CCRRR,True,0,0,0,False
outputs/index_futures_robustness/index_futures_by_instrument_week.csv,PriorSlope_DominantPressureValue_Q3,False,0,0,0,False
outputs/index_futures_robustness/index_futures_by_instrument_week.csv,RRCCC,True,0,0,0,False
outputs/index_futures_robustness/index_futures_by_week.csv,Base_ES_NQ,True,0,0,0,False
outputs/index_futures_robustness/index_futures_by_week.csv,CCRRR,True,0,0,0,False
outputs/index_futures_robustness/index_futures_by_week.csv,PriorSlope_DominantPressureValue_Q3,False,0,0,0,False
outputs/index_futures_robustness/index_futures_by_week.csv,RRCCC,True,0,0,0,False
outputs/index_futures_robustness/index_futures_entries.csv,Base_ES_NQ,True,0,0,0,False
outputs/index_futures_robustness/index_futures_entries.csv,CCRRR,True,0,0,0,False
outputs/index_futures_robustness/index_futures_entries.csv,PriorSlope_DominantPressureValue_Q3,True,0,0,0,False
outputs/index_futures_robustness/index_futures_entries.csv,RRCCC,True,0,0,0,False
outputs/index_futures_robustness/index_futures_scorecard.csv,Base_ES_NQ,True,0,0,0,False
outputs/index_futures_robustness/index_futures_scorecard.csv,CCRRR,True,0,0,0,False
outputs/index_futures_robustness/index_futures_scorecard.csv,PriorSlope_DominantPressureValue_Q3,False,0,0,0,False
outputs/index_futures_robustness/index_futures_scorecard.csv,RRCCC,True,0,0,0,False
outputs/index_regime_gating/regime_gating_entries.csv,Base_ES_NQ,True,0,0,0,False
outputs/index_regime_gating/regime_gating_entries.csv,CCRRR,True,0,0,0,False
outputs/index_regime_gating/regime_gating_entries.csv,PriorSlope_DominantPressureValue_Q3,True,0,0,0,False
outputs/index_regime_gating/regime_gating_entries.csv,RRCCC,True,0,0,0,False
outputs/index_regime_gating/regime_gating_feature_summary.csv,Base_ES_NQ,True,0,0,0,False
outputs/index_regime_gating/regime_gating_feature_summary.csv,CCRRR,True,0,0,0,False
outputs/index_regime_gating/regime_gating_feature_summary.csv,PriorSlope_DominantPressureValue_Q3,False,0,0,0,False
outputs/index_regime_gating/regime_gating_feature_summary.csv,RRCCC,True,0,0,0,False
outputs/index_regime_gating/regime_gating_scorecard.csv,Base_ES_NQ,True,0,0,0,False
outputs/index_regime_gating/regime_gating_scorecard.csv,CCRRR,True,0,0,0,False
outputs/index_regime_gating/regime_gating_scorecard.csv,PriorSlope_DominantPressureValue_Q3,False,0,0,0,False
outputs/index_regime_gating/regime_gating_scorecard.csv,RRCCC,True,0,0,0,False
outputs/index_topology_family_validation/topology_family_1d_summary.csv,Base_ES_NQ,True,0,0,0,False
outputs/index_topology_family_validation/topology_family_1d_summary.csv,CCRRR,True,0,0,0,False
outputs/index_topology_family_validation/topology_family_1d_summary.csv,PriorSlope_DominantPressureValue_Q3,False,0,0,0,False
outputs/index_topology_family_validation/topology_family_1d_summary.csv,RRCCC,True,0,0,0,False
outputs/index_topology_family_validation/topology_family_2d_summary.csv,Base_ES_NQ,True,0,0,0,False
outputs/index_topology_family_validation/topology_family_2d_summary.csv,CCRRR,True,0,0,0,False
outputs/index_topology_family_validation/topology_family_2d_summary.csv,PriorSlope_DominantPressureValue_Q3,False,0,0,0,False
outputs/index_topology_family_validation/topology_family_2d_summary.csv,RRCCC,True,0,0,0,False
outputs/index_topology_family_validation/topology_family_by_instrument.csv,Base_ES_NQ,True,0,0,0,False
outputs/index_topology_family_validation/topology_family_by_instrument.csv,CCRRR,True,0,0,0,False
outputs/index_topology_family_validation/topology_family_by_instrument.csv,PriorSlope_DominantPressureValue_Q3,False,0,0,0,False
outputs/index_topology_family_validation/topology_family_by_instrument.csv,RRCCC,True,0,0,0,False
outputs/index_topology_family_validation/topology_family_by_week.csv,Base_ES_NQ,True,0,0,0,False
outputs/index_topology_family_validation/topology_family_by_week.csv,CCRRR,True,0,0,0,False
outputs/index_topology_family_validation/topology_family_by_week.csv,PriorSlope_DominantPressureValue_Q3,False,0,0,0,False
outputs/index_topology_family_validation/topology_family_by_week.csv,RRCCC,True,0,0,0,False
outputs/index_topology_family_validation/topology_family_entries.csv,Base_ES_NQ,True,0,0,0,False
outputs/index_topology_family_validation/topology_family_entries.csv,CCRRR,True,0,0,0,False
outputs/index_topology_family_validation/topology_family_entries.csv,PriorSlope_DominantPressureValue_Q3,True,0,0,0,False
outputs/index_topology_family_validation/topology_family_entries.csv,RRCCC,True,0,0,0,False
outputs/index_topology_family_validation/topology_family_scorecard.csv,Base_ES_NQ,True,0,0,0,False
outputs/index_topology_family_validation/topology_family_scorecard.csv,CCRRR,True,0,0,0,False
outputs/index_topology_family_validation/topology_family_scorecard.csv,PriorSlope_DominantPressureValue_Q3,False,0,0,0,False
outputs/index_topology_family_validation/topology_family_scorecard.csv,RRCCC,True,0,0,0,False
outputs/low_directional_presence_persistence/d1_persistence_by_instrument.csv,Base_ES_NQ,True,0,0,0,False
outputs/low_directional_presence_persistence/d1_persistence_by_instrument.csv,CCRRR,True,0,0,0,False
outputs/low_directional_presence_persistence/d1_persistence_by_instrument.csv,PriorSlope_DominantPressureValue_Q3,False,0,0,0,False
outputs/low_directional_presence_persistence/d1_persistence_by_instrument.csv,RRCCC,True,0,0,0,False
outputs/low_directional_presence_persistence/d1_persistence_by_pressure_triplet.csv,Base_ES_NQ,True,0,0,0,False
outputs/low_directional_presence_persistence/d1_persistence_by_pressure_triplet.csv,CCRRR,True,0,0,0,False
outputs/low_directional_presence_persistence/d1_persistence_by_pressure_triplet.csv,PriorSlope_DominantPressureValue_Q3,False,0,0,0,False
outputs/low_directional_presence_persistence/d1_persistence_by_pressure_triplet.csv,RRCCC,True,0,0,0,False
outputs/low_directional_presence_persistence/d1_persistence_by_week.csv,Base_ES_NQ,True,0,0,0,False
outputs/low_directional_presence_persistence/d1_persistence_by_week.csv,CCRRR,True,0,0,0,False
outputs/low_directional_presence_persistence/d1_persistence_by_week.csv,PriorSlope_DominantPressureValue_Q3,False,0,0,0,False
outputs/low_directional_presence_persistence/d1_persistence_by_week.csv,RRCCC,True,0,0,0,False
outputs/low_directional_presence_persistence/d1_persistence_entries.csv,Base_ES_NQ,True,0,0,0,False
outputs/low_directional_presence_persistence/d1_persistence_entries.csv,CCRRR,True,0,0,0,False
outputs/low_directional_presence_persistence/d1_persistence_entries.csv,PriorSlope_DominantPressureValue_Q3,True,0,0,0,False
outputs/low_directional_presence_persistence/d1_persistence_entries.csv,RRCCC,True,0,0,0,False
outputs/low_directional_presence_persistence/d1_persistence_intersections.csv,Base_ES_NQ,True,0,0,0,False
outputs/low_directional_presence_persistence/d1_persistence_intersections.csv,CCRRR,True,0,0,0,False
outputs/low_directional_presence_persistence/d1_persistence_intersections.csv,PriorSlope_DominantPressureValue_Q3,False,0,0,0,False
outputs/low_directional_presence_persistence/d1_persistence_intersections.csv,RRCCC,True,0,0,0,False
outputs/low_directional_presence_persistence/low_dir_presence_entries.csv,Base_ES_NQ,True,0,0,0,False
outputs/low_directional_presence_persistence/low_dir_presence_entries.csv,CCRRR,True,0,0,0,False
outputs/low_directional_presence_persistence/low_dir_presence_entries.csv,PriorSlope_DominantPressureValue_Q3,True,0,0,0,False
outputs/low_directional_presence_persistence/low_dir_presence_entries.csv,RRCCC,True,0,0,0,False
outputs/low_directional_presence_persistence/low_dir_presence_scorecard.csv,Base_ES_NQ,True,0,0,0,False
outputs/low_directional_presence_persistence/low_dir_presence_scorecard.csv,CCRRR,True,0,0,0,False
outputs/low_directional_presence_persistence/low_dir_presence_scorecard.csv,PriorSlope_DominantPressureValue_Q3,False,0,0,0,False
outputs/low_directional_presence_persistence/low_dir_presence_scorecard.csv,RRCCC,True,0,0,0,False
outputs/low_directional_presence_persistence/low_dir_presence_triplets.csv,Base_ES_NQ,True,0,0,0,False
outputs/low_directional_presence_persistence/low_dir_presence_triplets.csv,CCRRR,True,0,0,0,False
outputs/low_directional_presence_persistence/low_dir_presence_triplets.csv,PriorSlope_DominantPressureValue_Q3,False,0,0,0,False
outputs/low_directional_presence_persistence/low_dir_presence_triplets.csv,RRCCC,True,0,0,0,False
outputs/market_family_transfer/market_family_entries.csv,Base_ES_NQ,True,0,0,0,False
outputs/market_family_transfer/market_family_entries.csv,CCRRR,True,0,0,0,False
outputs/market_family_transfer/market_family_entries.csv,PriorSlope_DominantPressureValue_Q3,True,0,0,0,False
outputs/market_family_transfer/market_family_entries.csv,RRCCC,True,0,0,0,False
outputs/market_family_transfer/market_family_instrument_summary.csv,Base_ES_NQ,True,0,0,0,False
outputs/market_family_transfer/market_family_instrument_summary.csv,CCRRR,True,0,0,0,False
outputs/market_family_transfer/market_family_instrument_summary.csv,PriorSlope_DominantPressureValue_Q3,False,0,0,0,False
outputs/market_family_transfer/market_family_instrument_summary.csv,RRCCC,True,0,0,0,False
outputs/market_family_transfer/market_family_scorecard.csv,Base_ES_NQ,True,0,0,0,False
outputs/market_family_transfer/market_family_scorecard.csv,CCRRR,True,0,0,0,False
outputs/market_family_transfer/market_family_scorecard.csv,PriorSlope_DominantPressureValue_Q3,False,0,0,0,False
outputs/market_family_transfer/market_family_scorecard.csv,RRCCC,True,0,0,0,False
outputs/market_family_transfer/market_family_summary.csv,Base_ES_NQ,True,0,0,0,False
outputs/market_family_transfer/market_family_summary.csv,CCRRR,True,0,0,0,False
outputs/market_family_transfer/market_family_summary.csv,PriorSlope_DominantPressureValue_Q3,False,0,0,0,False
outputs/market_family_transfer/market_family_summary.csv,RRCCC,True,0,0,0,False
outputs/normalized_cross_instrument_transfer/normalized_transfer_by_instrument.csv,Base_ES_NQ,True,0,0,0,False
outputs/normalized_cross_instrument_transfer/normalized_transfer_by_instrument.csv,CCRRR,True,0,0,0,False
outputs/normalized_cross_instrument_transfer/normalized_transfer_by_instrument.csv,PriorSlope_DominantPressureValue_Q3,False,0,0,0,False
outputs/normalized_cross_instrument_transfer/normalized_transfer_by_instrument.csv,RRCCC,True,0,0,0,False
outputs/normalized_cross_instrument_transfer/normalized_transfer_entries.csv,Base_ES_NQ,True,0,0,0,False
outputs/normalized_cross_instrument_transfer/normalized_transfer_entries.csv,CCRRR,True,0,0,0,False
outputs/normalized_cross_instrument_transfer/normalized_transfer_entries.csv,PriorSlope_DominantPressureValue_Q3,True,0,0,0,False
outputs/normalized_cross_instrument_transfer/normalized_transfer_entries.csv,RRCCC,True,0,0,0,False
outputs/normalized_cross_instrument_transfer/normalized_transfer_scorecard.csv,Base_ES_NQ,True,0,0,0,False
outputs/normalized_cross_instrument_transfer/normalized_transfer_scorecard.csv,CCRRR,True,0,0,0,False
outputs/normalized_cross_instrument_transfer/normalized_transfer_scorecard.csv,PriorSlope_DominantPressureValue_Q3,False,0,0,0,False
outputs/normalized_cross_instrument_transfer/normalized_transfer_scorecard.csv,RRCCC,True,0,0,0,False
outputs/policy_surface_es_compression_entropy_mid_presence_zero/policy_detail_examples.csv,Base_ES_NQ,True,0,0,0,False
outputs/policy_surface_es_compression_entropy_mid_presence_zero/policy_detail_examples.csv,CCRRR,True,0,0,0,False
outputs/policy_surface_es_compression_entropy_mid_presence_zero/policy_detail_examples.csv,PriorSlope_DominantPressureValue_Q3,False,0,0,0,False
outputs/policy_surface_es_compression_entropy_mid_presence_zero/policy_detail_examples.csv,RRCCC,True,0,0,0,False
outputs/policy_surface_es_compression_entropy_mid_presence_zero/policy_scorecard.csv,Base_ES_NQ,True,0,0,0,False
outputs/policy_surface_es_compression_entropy_mid_presence_zero/policy_scorecard.csv,CCRRR,True,0,0,0,False
outputs/policy_surface_es_compression_entropy_mid_presence_zero/policy_scorecard.csv,PriorSlope_DominantPressureValue_Q3,False,0,0,0,False
outputs/policy_surface_es_compression_entropy_mid_presence_zero/policy_scorecard.csv,RRCCC,True,0,0,0,False
outputs/policy_surface_es_compression_entropy_mid_presence_zero/policy_surface.csv,Base_ES_NQ,True,0,0,0,False
outputs/policy_surface_es_compression_entropy_mid_presence_zero/policy_surface.csv,CCRRR,True,0,0,0,False
outputs/policy_surface_es_compression_entropy_mid_presence_zero/policy_surface.csv,PriorSlope_DominantPressureValue_Q3,False,0,0,0,False
outputs/policy_surface_es_compression_entropy_mid_presence_zero/policy_surface.csv,RRCCC,True,0,0,0,False
outputs/policy_surface_es_compression_entropy_mid_presence_zero/selected_policy_rows.csv,Base_ES_NQ,True,0,0,0,False
outputs/policy_surface_es_compression_entropy_mid_presence_zero/selected_policy_rows.csv,CCRRR,True,0,0,0,False
outputs/policy_surface_es_compression_entropy_mid_presence_zero/selected_policy_rows.csv,PriorSlope_DominantPressureValue_Q3,True,0,0,0,False
outputs/policy_surface_es_compression_entropy_mid_presence_zero/selected_policy_rows.csv,RRCCC,True,0,0,0,False
outputs/precursor_policy_surface_es_compression_entropy_mid_presence_zero/precursor_policy_entries.csv,Base_ES_NQ,True,0,0,0,False
outputs/precursor_policy_surface_es_compression_entropy_mid_presence_zero/precursor_policy_entries.csv,CCRRR,True,0,0,0,False
outputs/precursor_policy_surface_es_compression_entropy_mid_presence_zero/precursor_policy_entries.csv,PriorSlope_DominantPressureValue_Q3,True,0,0,0,False
outputs/precursor_policy_surface_es_compression_entropy_mid_presence_zero/precursor_policy_entries.csv,RRCCC,True,0,0,0,False
outputs/precursor_policy_surface_es_compression_entropy_mid_presence_zero/precursor_policy_scorecard.csv,Base_ES_NQ,True,0,0,0,False
outputs/precursor_policy_surface_es_compression_entropy_mid_presence_zero/precursor_policy_scorecard.csv,CCRRR,True,0,0,0,False
outputs/precursor_policy_surface_es_compression_entropy_mid_presence_zero/precursor_policy_scorecard.csv,PriorSlope_DominantPressureValue_Q3,False,0,0,0,False
outputs/precursor_policy_surface_es_compression_entropy_mid_presence_zero/precursor_policy_scorecard.csv,RRCCC,True,0,0,0,False
outputs/precursor_policy_surface_es_compression_entropy_mid_presence_zero/precursor_policy_surface.csv,Base_ES_NQ,True,0,0,0,False
outputs/precursor_policy_surface_es_compression_entropy_mid_presence_zero/precursor_policy_surface.csv,CCRRR,True,0,0,0,False
outputs/precursor_policy_surface_es_compression_entropy_mid_presence_zero/precursor_policy_surface.csv,PriorSlope_DominantPressureValue_Q3,False,0,0,0,False
outputs/precursor_policy_surface_es_compression_entropy_mid_presence_zero/precursor_policy_surface.csv,RRCCC,True,0,0,0,False
outputs/precursor_sequence_es_compression_entropy_mid_presence_zero/precursor_entry_rows.csv,Base_ES_NQ,True,0,0,0,False
outputs/precursor_sequence_es_compression_entropy_mid_presence_zero/precursor_entry_rows.csv,CCRRR,True,0,0,0,False
outputs/precursor_sequence_es_compression_entropy_mid_presence_zero/precursor_entry_rows.csv,PriorSlope_DominantPressureValue_Q3,False,0,0,0,False
outputs/precursor_sequence_es_compression_entropy_mid_presence_zero/precursor_entry_rows.csv,RRCCC,True,0,0,0,False
outputs/precursor_sequence_es_compression_entropy_mid_presence_zero/precursor_offset_summary.csv,Base_ES_NQ,True,0,0,0,False
outputs/precursor_sequence_es_compression_entropy_mid_presence_zero/precursor_offset_summary.csv,CCRRR,True,0,0,0,False
outputs/precursor_sequence_es_compression_entropy_mid_presence_zero/precursor_offset_summary.csv,PriorSlope_DominantPressureValue_Q3,False,0,0,0,False
outputs/precursor_sequence_es_compression_entropy_mid_presence_zero/precursor_offset_summary.csv,RRCCC,True,0,0,0,False
outputs/precursor_sequence_es_compression_entropy_mid_presence_zero/precursor_path_summary.csv,Base_ES_NQ,True,0,0,0,False
outputs/precursor_sequence_es_compression_entropy_mid_presence_zero/precursor_path_summary.csv,CCRRR,True,0,0,0,False
outputs/precursor_sequence_es_compression_entropy_mid_presence_zero/precursor_path_summary.csv,PriorSlope_DominantPressureValue_Q3,False,0,0,0,False
outputs/precursor_sequence_es_compression_entropy_mid_presence_zero/precursor_path_summary.csv,RRCCC,True,0,0,0,False
outputs/precursor_sequence_es_compression_entropy_mid_presence_zero/precursor_scorecard.csv,Base_ES_NQ,True,0,0,0,False
outputs/precursor_sequence_es_compression_entropy_mid_presence_zero/precursor_scorecard.csv,CCRRR,True,0,0,0,False
outputs/precursor_sequence_es_compression_entropy_mid_presence_zero/precursor_scorecard.csv,PriorSlope_DominantPressureValue_Q3,False,0,0,0,False
outputs/precursor_sequence_es_compression_entropy_mid_presence_zero/precursor_scorecard.csv,RRCCC,True,0,0,0,False
outputs/precursor_sequence_es_compression_entropy_mid_presence_zero/precursor_sequence_summary.csv,Base_ES_NQ,True,0,0,0,False
outputs/precursor_sequence_es_compression_entropy_mid_presence_zero/precursor_sequence_summary.csv,CCRRR,True,0,0,0,False
outputs/precursor_sequence_es_compression_entropy_mid_presence_zero/precursor_sequence_summary.csv,PriorSlope_DominantPressureValue_Q3,False,0,0,0,False
outputs/precursor_sequence_es_compression_entropy_mid_presence_zero/precursor_sequence_summary.csv,RRCCC,True,0,0,0,False
outputs/regime_stability_es_compression_pressure/column_mapping.csv,Base_ES_NQ,True,0,0,0,False
outputs/regime_stability_es_compression_pressure/column_mapping.csv,CCRRR,True,0,0,0,False
outputs/regime_stability_es_compression_pressure/column_mapping.csv,PriorSlope_DominantPressureValue_Q3,False,0,0,0,False
outputs/regime_stability_es_compression_pressure/column_mapping.csv,RRCCC,True,0,0,0,False
outputs/regime_stability_es_compression_pressure/regime_file_summary.csv,Base_ES_NQ,True,0,0,0,False
outputs/regime_stability_es_compression_pressure/regime_file_summary.csv,CCRRR,True,0,0,0,False
outputs/regime_stability_es_compression_pressure/regime_file_summary.csv,PriorSlope_DominantPressureValue_Q3,False,0,0,0,False
outputs/regime_stability_es_compression_pressure/regime_file_summary.csv,RRCCC,True,0,0,0,False
outputs/regime_stability_es_compression_pressure/regime_week_summary.csv,Base_ES_NQ,True,0,0,0,False
outputs/regime_stability_es_compression_pressure/regime_week_summary.csv,CCRRR,True,0,0,0,False
outputs/regime_stability_es_compression_pressure/regime_week_summary.csv,PriorSlope_DominantPressureValue_Q3,False,0,0,0,False
outputs/regime_stability_es_compression_pressure/regime_week_summary.csv,RRCCC,True,0,0,0,False
outputs/regime_stability_es_compression_pressure/rolling_edge_summary.csv,Base_ES_NQ,True,0,0,0,False
outputs/regime_stability_es_compression_pressure/rolling_edge_summary.csv,CCRRR,True,0,0,0,False
outputs/regime_stability_es_compression_pressure/rolling_edge_summary.csv,PriorSlope_DominantPressureValue_Q3,False,0,0,0,False
outputs/regime_stability_es_compression_pressure/rolling_edge_summary.csv,RRCCC,True,0,0,0,False
outputs/regime_stability_es_compression_pressure/selected_candidate_rows.csv,Base_ES_NQ,True,148,148,0,False
outputs/regime_stability_es_compression_pressure/selected_candidate_rows.csv,CCRRR,True,0,0,0,False
outputs/regime_stability_es_compression_pressure/selected_candidate_rows.csv,PriorSlope_DominantPressureValue_Q3,True,42,42,0,False
outputs/regime_stability_es_compression_pressure/selected_candidate_rows.csv,RRCCC,True,0,0,0,False
outputs/regime_stability_es_compression_pressure/stability_scorecard.csv,Base_ES_NQ,True,0,0,0,False
outputs/regime_stability_es_compression_pressure/stability_scorecard.csv,CCRRR,True,0,0,0,False
outputs/regime_stability_es_compression_pressure/stability_scorecard.csv,PriorSlope_DominantPressureValue_Q3,False,0,0,0,False
outputs/regime_stability_es_compression_pressure/stability_scorecard.csv,RRCCC,True,0,0,0,False
outputs/safe_regime_gating/safe_regime_gating_entries.csv,Base_ES_NQ,True,0,0,0,False
outputs/safe_regime_gating/safe_regime_gating_entries.csv,CCRRR,True,0,0,0,False
outputs/safe_regime_gating/safe_regime_gating_entries.csv,PriorSlope_DominantPressureValue_Q3,True,0,0,0,False
outputs/safe_regime_gating/safe_regime_gating_entries.csv,RRCCC,True,0,0,0,False
outputs/safe_regime_gating/safe_regime_gating_feature_summary.csv,Base_ES_NQ,True,0,0,0,False
outputs/safe_regime_gating/safe_regime_gating_feature_summary.csv,CCRRR,True,0,0,0,False
outputs/safe_regime_gating/safe_regime_gating_feature_summary.csv,PriorSlope_DominantPressureValue_Q3,False,0,0,0,False
outputs/safe_regime_gating/safe_regime_gating_feature_summary.csv,RRCCC,True,0,0,0,False
outputs/safe_regime_gating/safe_regime_gating_scorecard.csv,Base_ES_NQ,True,0,0,0,False
outputs/safe_regime_gating/safe_regime_gating_scorecard.csv,CCRRR,True,0,0,0,False
outputs/safe_regime_gating/safe_regime_gating_scorecard.csv,PriorSlope_DominantPressureValue_Q3,False,0,0,0,False
outputs/safe_regime_gating/safe_regime_gating_scorecard.csv,RRCCC,True,0,0,0,False
outputs/state_entry_transition_es_compression_entropy_mid_presence_zero/entry_transition_by_week.csv,Base_ES_NQ,True,0,0,0,False
outputs/state_entry_transition_es_compression_entropy_mid_presence_zero/entry_transition_by_week.csv,CCRRR,True,0,0,0,False
outputs/state_entry_transition_es_compression_entropy_mid_presence_zero/entry_transition_by_week.csv,PriorSlope_DominantPressureValue_Q3,False,0,0,0,False
outputs/state_entry_transition_es_compression_entropy_mid_presence_zero/entry_transition_by_week.csv,RRCCC,True,0,0,0,False
outputs/state_entry_transition_es_compression_entropy_mid_presence_zero/entry_transition_scorecard.csv,Base_ES_NQ,True,0,0,0,False
outputs/state_entry_transition_es_compression_entropy_mid_presence_zero/entry_transition_scorecard.csv,CCRRR,True,0,0,0,False
outputs/state_entry_transition_es_compression_entropy_mid_presence_zero/entry_transition_scorecard.csv,PriorSlope_DominantPressureValue_Q3,False,0,0,0,False
outputs/state_entry_transition_es_compression_entropy_mid_presence_zero/entry_transition_scorecard.csv,RRCCC,True,0,0,0,False
outputs/state_entry_transition_es_compression_entropy_mid_presence_zero/entry_transition_summary.csv,Base_ES_NQ,True,0,0,0,False
outputs/state_entry_transition_es_compression_entropy_mid_presence_zero/entry_transition_summary.csv,CCRRR,True,0,0,0,False
outputs/state_entry_transition_es_compression_entropy_mid_presence_zero/entry_transition_summary.csv,PriorSlope_DominantPressureValue_Q3,False,0,0,0,False
outputs/state_entry_transition_es_compression_entropy_mid_presence_zero/entry_transition_summary.csv,RRCCC,True,0,0,0,False
outputs/state_entry_transition_es_compression_entropy_mid_presence_zero/selected_state_entry_rows.csv,Base_ES_NQ,True,0,0,0,False
outputs/state_entry_transition_es_compression_entropy_mid_presence_zero/selected_state_entry_rows.csv,CCRRR,True,0,0,0,False
outputs/state_entry_transition_es_compression_entropy_mid_presence_zero/selected_state_entry_rows.csv,PriorSlope_DominantPressureValue_Q3,True,0,0,0,False
outputs/state_entry_transition_es_compression_entropy_mid_presence_zero/selected_state_entry_rows.csv,RRCCC,True,0,0,0,False
outputs/state_entry_transition_es_compression_entropy_mid_presence_zero/state_run_summary.csv,Base_ES_NQ,True,0,0,0,False
outputs/state_entry_transition_es_compression_entropy_mid_presence_zero/state_run_summary.csv,CCRRR,True,0,0,0,False
outputs/state_entry_transition_es_compression_entropy_mid_presence_zero/state_run_summary.csv,PriorSlope_DominantPressureValue_Q3,False,0,0,0,False
outputs/state_entry_transition_es_compression_entropy_mid_presence_zero/state_run_summary.csv,RRCCC,True,0,0,0,False
outputs/state_surface_es_compression_entropy_x_directional_presence/column_mapping.csv,Base_ES_NQ,True,0,0,0,False
outputs/state_surface_es_compression_entropy_x_directional_presence/column_mapping.csv,CCRRR,True,0,0,0,False
outputs/state_surface_es_compression_entropy_x_directional_presence/column_mapping.csv,PriorSlope_DominantPressureValue_Q3,False,0,0,0,False
outputs/state_surface_es_compression_entropy_x_directional_presence/column_mapping.csv,RRCCC,True,0,0,0,False
outputs/state_surface_es_compression_entropy_x_directional_presence/selected_state_surface_rows.csv,Base_ES_NQ,True,148,148,0,False
outputs/state_surface_es_compression_entropy_x_directional_presence/selected_state_surface_rows.csv,CCRRR,True,0,0,0,False
outputs/state_surface_es_compression_entropy_x_directional_presence/selected_state_surface_rows.csv,PriorSlope_DominantPressureValue_Q3,True,42,42,0,False
outputs/state_surface_es_compression_entropy_x_directional_presence/selected_state_surface_rows.csv,RRCCC,True,0,0,0,False
outputs/state_surface_es_compression_entropy_x_directional_presence/state_surface_cells.csv,Base_ES_NQ,True,0,0,0,False
outputs/state_surface_es_compression_entropy_x_directional_presence/state_surface_cells.csv,CCRRR,True,0,0,0,False
outputs/state_surface_es_compression_entropy_x_directional_presence/state_surface_cells.csv,PriorSlope_DominantPressureValue_Q3,False,0,0,0,False
outputs/state_surface_es_compression_entropy_x_directional_presence/state_surface_cells.csv,RRCCC,True,0,0,0,False
outputs/state_surface_es_compression_entropy_x_directional_presence/state_surface_scorecard.csv,Base_ES_NQ,True,0,0,0,False
outputs/state_surface_es_compression_entropy_x_directional_presence/state_surface_scorecard.csv,CCRRR,True,0,0,0,False
outputs/state_surface_es_compression_entropy_x_directional_presence/state_surface_scorecard.csv,PriorSlope_DominantPressureValue_Q3,False,0,0,0,False
outputs/state_surface_es_compression_entropy_x_directional_presence/state_surface_scorecard.csv,RRCCC,True,0,0,0,False
outputs/state_surface_es_compression_entropy_x_directional_presence/state_surface_week_cells.csv,Base_ES_NQ,True,0,0,0,False
outputs/state_surface_es_compression_entropy_x_directional_presence/state_surface_week_cells.csv,CCRRR,True,0,0,0,False
outputs/state_surface_es_compression_entropy_x_directional_presence/state_surface_week_cells.csv,PriorSlope_DominantPressureValue_Q3,False,0,0,0,False
outputs/state_surface_es_compression_entropy_x_directional_presence/state_surface_week_cells.csv,RRCCC,True,0,0,0,False
outputs/state_surface_es_compression_entropy_x_directional_presence/x_bin_metadata.csv,Base_ES_NQ,True,0,0,0,False
outputs/state_surface_es_compression_entropy_x_directional_presence/x_bin_metadata.csv,CCRRR,True,0,0,0,False
outputs/state_surface_es_compression_entropy_x_directional_presence/x_bin_metadata.csv,PriorSlope_DominantPressureValue_Q3,False,0,0,0,False
outputs/state_surface_es_compression_entropy_x_directional_presence/x_bin_metadata.csv,RRCCC,True,0,0,0,False
outputs/state_surface_es_compression_entropy_x_directional_presence/y_bin_metadata.csv,Base_ES_NQ,True,0,0,0,False
outputs/state_surface_es_compression_entropy_x_directional_presence/y_bin_metadata.csv,CCRRR,True,0,0,0,False
outputs/state_surface_es_compression_entropy_x_directional_presence/y_bin_metadata.csv,PriorSlope_DominantPressureValue_Q3,False,0,0,0,False
outputs/state_surface_es_compression_entropy_x_directional_presence/y_bin_metadata.csv,RRCCC,True,0,0,0,False
outputs/state_surface_neighborhood_es_compression_entropy_x_directional_presence/neighborhood_cells.csv,Base_ES_NQ,True,0,0,0,False
outputs/state_surface_neighborhood_es_compression_entropy_x_directional_presence/neighborhood_cells.csv,CCRRR,True,0,0,0,False
outputs/state_surface_neighborhood_es_compression_entropy_x_directional_presence/neighborhood_cells.csv,PriorSlope_DominantPressureValue_Q3,False,0,0,0,False
outputs/state_surface_neighborhood_es_compression_entropy_x_directional_presence/neighborhood_cells.csv,RRCCC,True,0,0,0,False
outputs/state_surface_neighborhood_es_compression_entropy_x_directional_presence/neighborhood_scorecard.csv,Base_ES_NQ,True,0,0,0,False
outputs/state_surface_neighborhood_es_compression_entropy_x_directional_presence/neighborhood_scorecard.csv,CCRRR,True,0,0,0,False
outputs/state_surface_neighborhood_es_compression_entropy_x_directional_presence/neighborhood_scorecard.csv,PriorSlope_DominantPressureValue_Q3,False,0,0,0,False
outputs/state_surface_neighborhood_es_compression_entropy_x_directional_presence/neighborhood_scorecard.csv,RRCCC,True,0,0,0,False
outputs/state_transition_hazard/transition_hazard_delta_summary.csv,Base_ES_NQ,True,0,0,0,False
outputs/state_transition_hazard/transition_hazard_delta_summary.csv,CCRRR,True,0,0,0,False
outputs/state_transition_hazard/transition_hazard_delta_summary.csv,PriorSlope_DominantPressureValue_Q3,False,0,0,0,False
outputs/state_transition_hazard/transition_hazard_delta_summary.csv,RRCCC,True,0,0,0,False
outputs/state_transition_hazard/transition_hazard_dir_presence_pairs.csv,Base_ES_NQ,True,0,0,0,False
outputs/state_transition_hazard/transition_hazard_dir_presence_pairs.csv,CCRRR,True,0,0,0,False
outputs/state_transition_hazard/transition_hazard_dir_presence_pairs.csv,PriorSlope_DominantPressureValue_Q3,False,0,0,0,False
outputs/state_transition_hazard/transition_hazard_dir_presence_pairs.csv,RRCCC,True,0,0,0,False
outputs/state_transition_hazard/transition_hazard_entries.csv,Base_ES_NQ,True,0,0,0,False
outputs/state_transition_hazard/transition_hazard_entries.csv,CCRRR,True,0,0,0,False
outputs/state_transition_hazard/transition_hazard_entries.csv,PriorSlope_DominantPressureValue_Q3,True,0,0,0,False
outputs/state_transition_hazard/transition_hazard_entries.csv,RRCCC,True,0,0,0,False
outputs/state_transition_hazard/transition_hazard_entropy_pairs.csv,Base_ES_NQ,True,0,0,0,False
outputs/state_transition_hazard/transition_hazard_entropy_pairs.csv,CCRRR,True,0,0,0,False
outputs/state_transition_hazard/transition_hazard_entropy_pairs.csv,PriorSlope_DominantPressureValue_Q3,False,0,0,0,False
outputs/state_transition_hazard/transition_hazard_entropy_pairs.csv,RRCCC,True,0,0,0,False
outputs/state_transition_hazard/transition_hazard_pressure_pairs.csv,Base_ES_NQ,True,0,0,0,False
outputs/state_transition_hazard/transition_hazard_pressure_pairs.csv,CCRRR,True,0,0,0,False
outputs/state_transition_hazard/transition_hazard_pressure_pairs.csv,PriorSlope_DominantPressureValue_Q3,False,0,0,0,False
outputs/state_transition_hazard/transition_hazard_pressure_pairs.csv,RRCCC,True,0,0,0,False
outputs/state_transition_hazard/transition_hazard_scorecard.csv,Base_ES_NQ,True,0,0,0,False
outputs/state_transition_hazard/transition_hazard_scorecard.csv,CCRRR,True,0,0,0,False
outputs/state_transition_hazard/transition_hazard_scorecard.csv,PriorSlope_DominantPressureValue_Q3,False,0,0,0,False
outputs/state_transition_hazard/transition_hazard_scorecard.csv,RRCCC,True,0,0,0,False
outputs/state_transition_hazard/transition_hazard_velocity_pairs.csv,Base_ES_NQ,True,0,0,0,False
outputs/state_transition_hazard/transition_hazard_velocity_pairs.csv,CCRRR,True,0,0,0,False
outputs/state_transition_hazard/transition_hazard_velocity_pairs.csv,PriorSlope_DominantPressureValue_Q3,False,0,0,0,False
outputs/state_transition_hazard/transition_hazard_velocity_pairs.csv,RRCCC,True,0,0,0,False
outputs/test_inverse_pressure_debug/block_bootstrap_distribution.csv,Base_ES_NQ,True,0,0,0,False
outputs/test_inverse_pressure_debug/block_bootstrap_distribution.csv,CCRRR,True,0,0,0,False
outputs/test_inverse_pressure_debug/block_bootstrap_distribution.csv,PriorSlope_DominantPressureValue_Q3,False,0,0,0,False
outputs/test_inverse_pressure_debug/block_bootstrap_distribution.csv,RRCCC,True,0,0,0,False
outputs/test_inverse_pressure_debug/block_bootstrap_summary.csv,Base_ES_NQ,True,0,0,0,False
outputs/test_inverse_pressure_debug/block_bootstrap_summary.csv,CCRRR,True,0,0,0,False
outputs/test_inverse_pressure_debug/block_bootstrap_summary.csv,PriorSlope_DominantPressureValue_Q3,False,0,0,0,False
outputs/test_inverse_pressure_debug/block_bootstrap_summary.csv,RRCCC,True,0,0,0,False
outputs/test_inverse_pressure_debug/input_diagnostics.csv,Base_ES_NQ,True,0,0,0,False
outputs/test_inverse_pressure_debug/input_diagnostics.csv,CCRRR,True,0,0,0,False
outputs/test_inverse_pressure_debug/input_diagnostics.csv,PriorSlope_DominantPressureValue_Q3,False,0,0,0,False
outputs/test_inverse_pressure_debug/input_diagnostics.csv,RRCCC,True,0,0,0,False
outputs/test_inverse_pressure_debug/selected_candidate_returns.csv,Base_ES_NQ,True,0,0,0,False
outputs/test_inverse_pressure_debug/selected_candidate_returns.csv,CCRRR,True,0,0,0,False
outputs/test_inverse_pressure_debug/selected_candidate_returns.csv,PriorSlope_DominantPressureValue_Q3,False,0,0,0,False
outputs/test_inverse_pressure_debug/selected_candidate_returns.csv,RRCCC,True,0,0,0,False
outputs/test_inverse_pressure_debug/selected_pressure_counts.csv,Base_ES_NQ,True,0,0,0,False
outputs/test_inverse_pressure_debug/selected_pressure_counts.csv,CCRRR,True,0,0,0,False
outputs/test_inverse_pressure_debug/selected_pressure_counts.csv,PriorSlope_DominantPressureValue_Q3,False,0,0,0,False
outputs/test_inverse_pressure_debug/selected_pressure_counts.csv,RRCCC,True,0,0,0,False
outputs/threshold_response_es_compression_high_entropy/column_mapping.csv,Base_ES_NQ,True,0,0,0,False
outputs/threshold_response_es_compression_high_entropy/column_mapping.csv,CCRRR,True,0,0,0,False
outputs/threshold_response_es_compression_high_entropy/column_mapping.csv,PriorSlope_DominantPressureValue_Q3,False,0,0,0,False
outputs/threshold_response_es_compression_high_entropy/column_mapping.csv,RRCCC,True,0,0,0,False
outputs/threshold_response_es_compression_high_entropy/selected_threshold_base_rows.csv,Base_ES_NQ,True,148,148,0,False
outputs/threshold_response_es_compression_high_entropy/selected_threshold_base_rows.csv,CCRRR,True,0,0,0,False
outputs/threshold_response_es_compression_high_entropy/selected_threshold_base_rows.csv,PriorSlope_DominantPressureValue_Q3,True,42,42,0,False
outputs/threshold_response_es_compression_high_entropy/selected_threshold_base_rows.csv,RRCCC,True,0,0,0,False
outputs/threshold_response_es_compression_high_entropy/threshold_response_curve.csv,Base_ES_NQ,True,0,0,0,False
outputs/threshold_response_es_compression_high_entropy/threshold_response_curve.csv,CCRRR,True,0,0,0,False
outputs/threshold_response_es_compression_high_entropy/threshold_response_curve.csv,PriorSlope_DominantPressureValue_Q3,False,0,0,0,False
outputs/threshold_response_es_compression_high_entropy/threshold_response_curve.csv,RRCCC,True,0,0,0,False
outputs/threshold_response_es_compression_high_entropy/threshold_scorecard.csv,Base_ES_NQ,True,0,0,0,False
outputs/threshold_response_es_compression_high_entropy/threshold_scorecard.csv,CCRRR,True,0,0,0,False
outputs/threshold_response_es_compression_high_entropy/threshold_scorecard.csv,PriorSlope_DominantPressureValue_Q3,False,0,0,0,False
outputs/threshold_response_es_compression_high_entropy/threshold_scorecard.csv,RRCCC,True,0,0,0,False
outputs/threshold_response_es_compression_high_entropy/threshold_week_summary.csv,Base_ES_NQ,True,0,0,0,False
outputs/threshold_response_es_compression_high_entropy/threshold_week_summary.csv,CCRRR,True,0,0,0,False
outputs/threshold_response_es_compression_high_entropy/threshold_week_summary.csv,PriorSlope_DominantPressureValue_Q3,False,0,0,0,False
outputs/threshold_response_es_compression_high_entropy/threshold_week_summary.csv,RRCCC,True,0,0,0,False
outputs/threshold_response_es_compression_low_directional_emergence/column_mapping.csv,Base_ES_NQ,True,0,0,0,False
outputs/threshold_response_es_compression_low_directional_emergence/column_mapping.csv,CCRRR,True,0,0,0,False
outputs/threshold_response_es_compression_low_directional_emergence/column_mapping.csv,PriorSlope_DominantPressureValue_Q3,False,0,0,0,False
outputs/threshold_response_es_compression_low_directional_emergence/column_mapping.csv,RRCCC,True,0,0,0,False
outputs/threshold_response_es_compression_low_directional_emergence/selected_threshold_base_rows.csv,Base_ES_NQ,True,148,148,0,False
outputs/threshold_response_es_compression_low_directional_emergence/selected_threshold_base_rows.csv,CCRRR,True,0,0,0,False
outputs/threshold_response_es_compression_low_directional_emergence/selected_threshold_base_rows.csv,PriorSlope_DominantPressureValue_Q3,True,42,42,0,False
outputs/threshold_response_es_compression_low_directional_emergence/selected_threshold_base_rows.csv,RRCCC,True,0,0,0,False
outputs/threshold_response_es_compression_low_directional_emergence/threshold_response_curve.csv,Base_ES_NQ,True,0,0,0,False
outputs/threshold_response_es_compression_low_directional_emergence/threshold_response_curve.csv,CCRRR,True,0,0,0,False
outputs/threshold_response_es_compression_low_directional_emergence/threshold_response_curve.csv,PriorSlope_DominantPressureValue_Q3,False,0,0,0,False
outputs/threshold_response_es_compression_low_directional_emergence/threshold_response_curve.csv,RRCCC,True,0,0,0,False
outputs/threshold_response_es_compression_low_directional_emergence/threshold_scorecard.csv,Base_ES_NQ,True,0,0,0,False
outputs/threshold_response_es_compression_low_directional_emergence/threshold_scorecard.csv,CCRRR,True,0,0,0,False
outputs/threshold_response_es_compression_low_directional_emergence/threshold_scorecard.csv,PriorSlope_DominantPressureValue_Q3,False,0,0,0,False
outputs/threshold_response_es_compression_low_directional_emergence/threshold_scorecard.csv,RRCCC,True,0,0,0,False
outputs/threshold_response_es_compression_low_directional_emergence/threshold_week_summary.csv,Base_ES_NQ,True,0,0,0,False
outputs/threshold_response_es_compression_low_directional_emergence/threshold_week_summary.csv,CCRRR,True,0,0,0,False
outputs/threshold_response_es_compression_low_directional_emergence/threshold_week_summary.csv,PriorSlope_DominantPressureValue_Q3,False,0,0,0,False
outputs/threshold_response_es_compression_low_directional_emergence/threshold_week_summary.csv,RRCCC,True,0,0,0,False
outputs/threshold_response_es_compression_low_directional_presence/column_mapping.csv,Base_ES_NQ,True,0,0,0,False
outputs/threshold_response_es_compression_low_directional_presence/column_mapping.csv,CCRRR,True,0,0,0,False
outputs/threshold_response_es_compression_low_directional_presence/column_mapping.csv,PriorSlope_DominantPressureValue_Q3,False,0,0,0,False
outputs/threshold_response_es_compression_low_directional_presence/column_mapping.csv,RRCCC,True,0,0,0,False
outputs/threshold_response_es_compression_low_directional_presence/selected_threshold_base_rows.csv,Base_ES_NQ,True,148,148,0,False
outputs/threshold_response_es_compression_low_directional_presence/selected_threshold_base_rows.csv,CCRRR,True,0,0,0,False
outputs/threshold_response_es_compression_low_directional_presence/selected_threshold_base_rows.csv,PriorSlope_DominantPressureValue_Q3,True,42,42,0,False
outputs/threshold_response_es_compression_low_directional_presence/selected_threshold_base_rows.csv,RRCCC,True,0,0,0,False
outputs/threshold_response_es_compression_low_directional_presence/threshold_response_curve.csv,Base_ES_NQ,True,0,0,0,False
outputs/threshold_response_es_compression_low_directional_presence/threshold_response_curve.csv,CCRRR,True,0,0,0,False
outputs/threshold_response_es_compression_low_directional_presence/threshold_response_curve.csv,PriorSlope_DominantPressureValue_Q3,False,0,0,0,False
outputs/threshold_response_es_compression_low_directional_presence/threshold_response_curve.csv,RRCCC,True,0,0,0,False
outputs/threshold_response_es_compression_low_directional_presence/threshold_scorecard.csv,Base_ES_NQ,True,0,0,0,False
outputs/threshold_response_es_compression_low_directional_presence/threshold_scorecard.csv,CCRRR,True,0,0,0,False
outputs/threshold_response_es_compression_low_directional_presence/threshold_scorecard.csv,PriorSlope_DominantPressureValue_Q3,False,0,0,0,False
outputs/threshold_response_es_compression_low_directional_presence/threshold_scorecard.csv,RRCCC,True,0,0,0,False
outputs/threshold_response_es_compression_low_directional_presence/threshold_week_summary.csv,Base_ES_NQ,True,0,0,0,False
outputs/threshold_response_es_compression_low_directional_presence/threshold_week_summary.csv,CCRRR,True,0,0,0,False
outputs/threshold_response_es_compression_low_directional_presence/threshold_week_summary.csv,PriorSlope_DominantPressureValue_Q3,False,0,0,0,False
outputs/threshold_response_es_compression_low_directional_presence/threshold_week_summary.csv,RRCCC,True,0,0,0,False
outputs/threshold_response_es_compression_low_entropy/column_mapping.csv,Base_ES_NQ,True,0,0,0,False
outputs/threshold_response_es_compression_low_entropy/column_mapping.csv,CCRRR,True,0,0,0,False
outputs/threshold_response_es_compression_low_entropy/column_mapping.csv,PriorSlope_DominantPressureValue_Q3,False,0,0,0,False
outputs/threshold_response_es_compression_low_entropy/column_mapping.csv,RRCCC,True,0,0,0,False
outputs/threshold_response_es_compression_low_entropy/selected_threshold_base_rows.csv,Base_ES_NQ,True,148,148,0,False
outputs/threshold_response_es_compression_low_entropy/selected_threshold_base_rows.csv,CCRRR,True,0,0,0,False
outputs/threshold_response_es_compression_low_entropy/selected_threshold_base_rows.csv,PriorSlope_DominantPressureValue_Q3,True,42,42,0,False
outputs/threshold_response_es_compression_low_entropy/selected_threshold_base_rows.csv,RRCCC,True,0,0,0,False
outputs/threshold_response_es_compression_low_entropy/threshold_response_curve.csv,Base_ES_NQ,True,0,0,0,False
outputs/threshold_response_es_compression_low_entropy/threshold_response_curve.csv,CCRRR,True,0,0,0,False
outputs/threshold_response_es_compression_low_entropy/threshold_response_curve.csv,PriorSlope_DominantPressureValue_Q3,False,0,0,0,False
outputs/threshold_response_es_compression_low_entropy/threshold_response_curve.csv,RRCCC,True,0,0,0,False
outputs/threshold_response_es_compression_low_entropy/threshold_scorecard.csv,Base_ES_NQ,True,0,0,0,False
outputs/threshold_response_es_compression_low_entropy/threshold_scorecard.csv,CCRRR,True,0,0,0,False
outputs/threshold_response_es_compression_low_entropy/threshold_scorecard.csv,PriorSlope_DominantPressureValue_Q3,False,0,0,0,False
outputs/threshold_response_es_compression_low_entropy/threshold_scorecard.csv,RRCCC,True,0,0,0,False
outputs/threshold_response_es_compression_low_entropy/threshold_week_summary.csv,Base_ES_NQ,True,0,0,0,False
outputs/threshold_response_es_compression_low_entropy/threshold_week_summary.csv,CCRRR,True,0,0,0,False
outputs/threshold_response_es_compression_low_entropy/threshold_week_summary.csv,PriorSlope_DominantPressureValue_Q3,False,0,0,0,False
outputs/threshold_response_es_compression_low_entropy/threshold_week_summary.csv,RRCCC,True,0,0,0,False
outputs/time_exit_policy_es_compression_precursor/time_exit_entries.csv,Base_ES_NQ,True,0,0,0,False
outputs/time_exit_policy_es_compression_precursor/time_exit_entries.csv,CCRRR,True,0,0,0,False
outputs/time_exit_policy_es_compression_precursor/time_exit_entries.csv,PriorSlope_DominantPressureValue_Q3,True,0,0,0,False
outputs/time_exit_policy_es_compression_precursor/time_exit_entries.csv,RRCCC,True,0,0,0,False
outputs/time_exit_policy_es_compression_precursor/time_exit_paths.csv,Base_ES_NQ,True,0,0,0,False
outputs/time_exit_policy_es_compression_precursor/time_exit_paths.csv,CCRRR,True,0,0,0,False
outputs/time_exit_policy_es_compression_precursor/time_exit_paths.csv,PriorSlope_DominantPressureValue_Q3,False,0,0,0,False
outputs/time_exit_policy_es_compression_precursor/time_exit_paths.csv,RRCCC,True,0,0,0,False
outputs/time_exit_policy_es_compression_precursor/time_exit_policy_surface.csv,Base_ES_NQ,True,0,0,0,False
outputs/time_exit_policy_es_compression_precursor/time_exit_policy_surface.csv,CCRRR,True,0,0,0,False
outputs/time_exit_policy_es_compression_precursor/time_exit_policy_surface.csv,PriorSlope_DominantPressureValue_Q3,False,0,0,0,False
outputs/time_exit_policy_es_compression_precursor/time_exit_policy_surface.csv,RRCCC,True,0,0,0,False
outputs/time_exit_policy_es_compression_precursor/time_exit_scorecard.csv,Base_ES_NQ,True,0,0,0,False
outputs/time_exit_policy_es_compression_precursor/time_exit_scorecard.csv,CCRRR,True,0,0,0,False
outputs/time_exit_policy_es_compression_precursor/time_exit_scorecard.csv,PriorSlope_DominantPressureValue_Q3,False,0,0,0,False
outputs/time_exit_policy_es_compression_precursor/time_exit_scorecard.csv,RRCCC,True,0,0,0,False
outputs/time_exit_robustness_es_compression_precursor/robustness_by_file.csv,Base_ES_NQ,True,0,0,0,False
outputs/time_exit_robustness_es_compression_precursor/robustness_by_file.csv,CCRRR,True,0,0,0,False
outputs/time_exit_robustness_es_compression_precursor/robustness_by_file.csv,PriorSlope_DominantPressureValue_Q3,False,0,0,0,False
outputs/time_exit_robustness_es_compression_precursor/robustness_by_file.csv,RRCCC,True,0,0,0,False
outputs/time_exit_robustness_es_compression_precursor/robustness_by_session.csv,Base_ES_NQ,False,0,0,0,False
outputs/time_exit_robustness_es_compression_precursor/robustness_by_session.csv,CCRRR,False,0,0,0,False
outputs/time_exit_robustness_es_compression_precursor/robustness_by_session.csv,PriorSlope_DominantPressureValue_Q3,False,0,0,0,False
outputs/time_exit_robustness_es_compression_precursor/robustness_by_session.csv,RRCCC,False,0,0,0,False
outputs/time_exit_robustness_es_compression_precursor/robustness_by_week.csv,Base_ES_NQ,True,0,0,0,False
outputs/time_exit_robustness_es_compression_precursor/robustness_by_week.csv,CCRRR,True,0,0,0,False
outputs/time_exit_robustness_es_compression_precursor/robustness_by_week.csv,PriorSlope_DominantPressureValue_Q3,False,0,0,0,False
outputs/time_exit_robustness_es_compression_precursor/robustness_by_week.csv,RRCCC,True,0,0,0,False
outputs/time_exit_robustness_es_compression_precursor/robustness_entries.csv,Base_ES_NQ,True,0,0,0,False
outputs/time_exit_robustness_es_compression_precursor/robustness_entries.csv,CCRRR,True,0,0,0,False
outputs/time_exit_robustness_es_compression_precursor/robustness_entries.csv,PriorSlope_DominantPressureValue_Q3,True,0,0,0,False
outputs/time_exit_robustness_es_compression_precursor/robustness_entries.csv,RRCCC,True,0,0,0,False
outputs/time_exit_robustness_es_compression_precursor/robustness_policy_rows.csv,Base_ES_NQ,True,0,0,0,False
outputs/time_exit_robustness_es_compression_precursor/robustness_policy_rows.csv,CCRRR,True,0,0,0,False
outputs/time_exit_robustness_es_compression_precursor/robustness_policy_rows.csv,PriorSlope_DominantPressureValue_Q3,False,0,0,0,False
outputs/time_exit_robustness_es_compression_precursor/robustness_policy_rows.csv,RRCCC,True,0,0,0,False
outputs/time_exit_robustness_es_compression_precursor/robustness_scorecard.csv,Base_ES_NQ,True,0,0,0,False
outputs/time_exit_robustness_es_compression_precursor/robustness_scorecard.csv,CCRRR,True,0,0,0,False
outputs/time_exit_robustness_es_compression_precursor/robustness_scorecard.csv,PriorSlope_DominantPressureValue_Q3,False,0,0,0,False
outputs/time_exit_robustness_es_compression_precursor/robustness_scorecard.csv,RRCCC,True,0,0,0,False
outputs/topology_decluster_validation/decluster_block_summary.csv,Base_ES_NQ,True,0,0,0,False
outputs/topology_decluster_validation/decluster_block_summary.csv,CCRRR,True,0,0,0,False
outputs/topology_decluster_validation/decluster_block_summary.csv,PriorSlope_DominantPressureValue_Q3,False,0,0,0,False
outputs/topology_decluster_validation/decluster_block_summary.csv,RRCCC,True,0,0,0,False
outputs/topology_decluster_validation/decluster_candidate_summary.csv,Base_ES_NQ,True,0,0,0,False
outputs/topology_decluster_validation/decluster_candidate_summary.csv,CCRRR,True,0,0,0,False
outputs/topology_decluster_validation/decluster_candidate_summary.csv,PriorSlope_DominantPressureValue_Q3,False,0,0,0,False
outputs/topology_decluster_validation/decluster_candidate_summary.csv,RRCCC,True,0,0,0,False
outputs/topology_decluster_validation/decluster_entries.csv,Base_ES_NQ,True,0,0,0,False
outputs/topology_decluster_validation/decluster_entries.csv,CCRRR,True,0,0,0,False
outputs/topology_decluster_validation/decluster_entries.csv,PriorSlope_DominantPressureValue_Q3,True,0,0,0,False
outputs/topology_decluster_validation/decluster_entries.csv,RRCCC,True,0,0,0,False
outputs/topology_decluster_validation/decluster_instrument_summary.csv,Base_ES_NQ,True,0,0,0,False
outputs/topology_decluster_validation/decluster_instrument_summary.csv,CCRRR,True,0,0,0,False
outputs/topology_decluster_validation/decluster_instrument_summary.csv,PriorSlope_DominantPressureValue_Q3,False,0,0,0,False
outputs/topology_decluster_validation/decluster_instrument_summary.csv,RRCCC,True,0,0,0,False
outputs/topology_decluster_validation/decluster_scorecard.csv,Base_ES_NQ,True,0,0,0,False
outputs/topology_decluster_validation/decluster_scorecard.csv,CCRRR,True,0,0,0,False
outputs/topology_decluster_validation/decluster_scorecard.csv,PriorSlope_DominantPressureValue_Q3,False,0,0,0,False
outputs/topology_decluster_validation/decluster_scorecard.csv,RRCCC,True,0,0,0,False
outputs/topology_mutation_test/topology_mutation_entries.csv,Base_ES_NQ,True,0,0,0,False
outputs/topology_mutation_test/topology_mutation_entries.csv,CCRRR,True,0,0,0,False
outputs/topology_mutation_test/topology_mutation_entries.csv,PriorSlope_DominantPressureValue_Q3,True,0,0,0,False
outputs/topology_mutation_test/topology_mutation_entries.csv,RRCCC,True,0,0,0,False
outputs/topology_mutation_test/topology_mutation_scorecard.csv,Base_ES_NQ,True,0,0,0,False
outputs/topology_mutation_test/topology_mutation_scorecard.csv,CCRRR,True,0,0,0,False
outputs/topology_mutation_test/topology_mutation_scorecard.csv,PriorSlope_DominantPressureValue_Q3,False,0,0,0,False
outputs/topology_mutation_test/topology_mutation_scorecard.csv,RRCCC,True,0,0,0,False
outputs/topology_mutation_test/topology_mutation_summary.csv,Base_ES_NQ,True,0,0,0,False
outputs/topology_mutation_test/topology_mutation_summary.csv,CCRRR,True,0,0,0,False
outputs/topology_mutation_test/topology_mutation_summary.csv,PriorSlope_DominantPressureValue_Q3,False,0,0,0,False
outputs/topology_mutation_test/topology_mutation_summary.csv,RRCCC,True,0,0,0,False
outputs/topology_walkforward_validation/walkforward_block_summary.csv,Base_ES_NQ,True,0,0,0,False
outputs/topology_walkforward_validation/walkforward_block_summary.csv,CCRRR,True,0,0,0,False
outputs/topology_walkforward_validation/walkforward_block_summary.csv,PriorSlope_DominantPressureValue_Q3,False,0,0,0,False
outputs/topology_walkforward_validation/walkforward_block_summary.csv,RRCCC,True,0,0,0,False
outputs/topology_walkforward_validation/walkforward_candidate_summary.csv,Base_ES_NQ,True,0,0,0,False
outputs/topology_walkforward_validation/walkforward_candidate_summary.csv,CCRRR,True,0,0,0,False
outputs/topology_walkforward_validation/walkforward_candidate_summary.csv,PriorSlope_DominantPressureValue_Q3,False,0,0,0,False
outputs/topology_walkforward_validation/walkforward_candidate_summary.csv,RRCCC,True,0,0,0,False
outputs/topology_walkforward_validation/walkforward_entries.csv,Base_ES_NQ,True,0,0,0,False
outputs/topology_walkforward_validation/walkforward_entries.csv,CCRRR,True,0,0,0,False
outputs/topology_walkforward_validation/walkforward_entries.csv,PriorSlope_DominantPressureValue_Q3,True,0,0,0,False
outputs/topology_walkforward_validation/walkforward_entries.csv,RRCCC,True,0,0,0,False
outputs/topology_walkforward_validation/walkforward_instrument_summary.csv,Base_ES_NQ,True,0,0,0,False
outputs/topology_walkforward_validation/walkforward_instrument_summary.csv,CCRRR,True,0,0,0,False
outputs/topology_walkforward_validation/walkforward_instrument_summary.csv,PriorSlope_DominantPressureValue_Q3,False,0,0,0,False
outputs/topology_walkforward_validation/walkforward_instrument_summary.csv,RRCCC,True,0,0,0,False
outputs/topology_walkforward_validation/walkforward_scorecard.csv,Base_ES_NQ,True,0,0,0,False
outputs/topology_walkforward_validation/walkforward_scorecard.csv,CCRRR,True,0,0,0,False
outputs/topology_walkforward_validation/walkforward_scorecard.csv,PriorSlope_DominantPressureValue_Q3,False,0,0,0,False
outputs/topology_walkforward_validation/walkforward_scorecard.csv,RRCCC,True,0,0,0,False
tables/apva_archetype_inference_rules.csv,Base_ES_NQ,True,0,0,0,False
tables/apva_archetype_inference_rules.csv,CCRRR,True,0,0,0,False
tables/apva_archetype_inference_rules.csv,PriorSlope_DominantPressureValue_Q3,False,0,0,0,False
tables/apva_archetype_inference_rules.csv,RRCCC,True,0,0,0,False
tables/apva_auction_archetype_family_counts.csv,Base_ES_NQ,True,0,0,0,False
tables/apva_auction_archetype_family_counts.csv,CCRRR,True,0,0,0,False
tables/apva_auction_archetype_family_counts.csv,PriorSlope_DominantPressureValue_Q3,False,0,0,0,False
tables/apva_auction_archetype_family_counts.csv,RRCCC,True,0,0,0,False
tables/apva_auction_archetype_members.csv,Base_ES_NQ,True,0,0,0,False
tables/apva_auction_archetype_members.csv,CCRRR,True,0,0,0,False
tables/apva_auction_archetype_members.csv,PriorSlope_DominantPressureValue_Q3,False,0,0,0,False
tables/apva_auction_archetype_members.csv,RRCCC,True,0,0,0,False
tables/apva_auction_archetype_summary.csv,Base_ES_NQ,True,0,0,0,False
tables/apva_auction_archetype_summary.csv,CCRRR,True,0,0,0,False
tables/apva_auction_archetype_summary.csv,PriorSlope_DominantPressureValue_Q3,False,0,0,0,False
tables/apva_auction_archetype_summary.csv,RRCCC,True,0,0,0,False
tables/apva_behavior_class_summary.csv,Base_ES_NQ,True,0,0,0,False
tables/apva_behavior_class_summary.csv,CCRRR,True,0,0,0,False
tables/apva_behavior_class_summary.csv,PriorSlope_DominantPressureValue_Q3,False,0,0,0,False
tables/apva_behavior_class_summary.csv,RRCCC,True,0,0,0,False
tables/apva_canonical_archetype_counts.csv,Base_ES_NQ,True,0,0,0,False
tables/apva_canonical_archetype_counts.csv,CCRRR,True,0,0,0,False
tables/apva_canonical_archetype_counts.csv,PriorSlope_DominantPressureValue_Q3,False,0,0,0,False
tables/apva_canonical_archetype_counts.csv,RRCCC,True,0,0,0,False
tables/apva_canonical_consistency_audit.csv,Base_ES_NQ,True,0,0,0,False
tables/apva_canonical_consistency_audit.csv,CCRRR,True,0,0,0,False
tables/apva_canonical_consistency_audit.csv,PriorSlope_DominantPressureValue_Q3,False,0,0,0,False
tables/apva_canonical_consistency_audit.csv,RRCCC,True,0,0,0,False
tables/apva_cluster_members.csv,Base_ES_NQ,True,0,0,0,False
tables/apva_cluster_members.csv,CCRRR,True,0,0,0,False
tables/apva_cluster_members.csv,PriorSlope_DominantPressureValue_Q3,False,0,0,0,False
tables/apva_cluster_members.csv,RRCCC,True,0,0,0,False
tables/apva_cluster_summary.csv,Base_ES_NQ,True,0,0,0,False
tables/apva_cluster_summary.csv,CCRRR,True,0,0,0,False
tables/apva_cluster_summary.csv,PriorSlope_DominantPressureValue_Q3,False,0,0,0,False
tables/apva_cluster_summary.csv,RRCCC,True,0,0,0,False
tables/apva_cross_instrument_archetype_pressure_summary_v2.csv,Base_ES_NQ,True,0,0,0,False
tables/apva_cross_instrument_archetype_pressure_summary_v2.csv,CCRRR,True,0,0,0,False
tables/apva_cross_instrument_archetype_pressure_summary_v2.csv,PriorSlope_DominantPressureValue_Q3,False,0,0,0,False
tables/apva_cross_instrument_archetype_pressure_summary_v2.csv,RRCCC,True,0,0,0,False
tables/apva_cross_instrument_dominant_pressure_counts_v2.csv,Base_ES_NQ,True,0,0,0,False
tables/apva_cross_instrument_dominant_pressure_counts_v2.csv,CCRRR,True,0,0,0,False
tables/apva_cross_instrument_dominant_pressure_counts_v2.csv,PriorSlope_DominantPressureValue_Q3,False,0,0,0,False
tables/apva_cross_instrument_dominant_pressure_counts_v2.csv,RRCCC,True,0,0,0,False
tables/apva_cross_instrument_pressure_summary_v2.csv,Base_ES_NQ,True,0,0,0,False
tables/apva_cross_instrument_pressure_summary_v2.csv,CCRRR,True,0,0,0,False
tables/apva_cross_instrument_pressure_summary_v2.csv,PriorSlope_DominantPressureValue_Q3,False,0,0,0,False
tables/apva_cross_instrument_pressure_summary_v2.csv,RRCCC,True,0,0,0,False
tables/apva_cross_instrument_pressure_timeline_v2.csv,Base_ES_NQ,True,0,0,0,False
tables/apva_cross_instrument_pressure_timeline_v2.csv,CCRRR,True,0,0,0,False
tables/apva_cross_instrument_pressure_timeline_v2.csv,PriorSlope_DominantPressureValue_Q3,True,0,0,0,False
tables/apva_cross_instrument_pressure_timeline_v2.csv,RRCCC,True,0,0,0,False
tables/apva_cross_instrument_summary.csv,Base_ES_NQ,True,0,0,0,False
tables/apva_cross_instrument_summary.csv,CCRRR,True,0,0,0,False
tables/apva_cross_instrument_summary.csv,PriorSlope_DominantPressureValue_Q3,False,0,0,0,False
tables/apva_cross_instrument_summary.csv,RRCCC,True,0,0,0,False
tables/apva_cross_instrument_validation.csv,Base_ES_NQ,True,0,0,0,False
tables/apva_cross_instrument_validation.csv,CCRRR,True,0,0,0,False
tables/apva_cross_instrument_validation.csv,PriorSlope_DominantPressureValue_Q3,False,0,0,0,False
tables/apva_cross_instrument_validation.csv,RRCCC,True,0,0,0,False
tables/apva_directional_lift_quality_summary_v1.csv,Base_ES_NQ,True,0,0,0,False
tables/apva_directional_lift_quality_summary_v1.csv,CCRRR,True,0,0,0,False
tables/apva_directional_lift_quality_summary_v1.csv,PriorSlope_DominantPressureValue_Q3,False,0,0,0,False
tables/apva_directional_lift_quality_summary_v1.csv,RRCCC,True,0,0,0,False
tables/apva_directional_lift_significance_summary_v1.csv,Base_ES_NQ,True,0,0,0,False
tables/apva_directional_lift_significance_summary_v1.csv,CCRRR,True,0,0,0,False
tables/apva_directional_lift_significance_summary_v1.csv,PriorSlope_DominantPressureValue_Q3,False,0,0,0,False
tables/apva_directional_lift_significance_summary_v1.csv,RRCCC,True,0,0,0,False
tables/apva_directional_lift_significance_v1.csv,Base_ES_NQ,True,0,0,0,False
tables/apva_directional_lift_significance_v1.csv,CCRRR,True,0,0,0,False
tables/apva_directional_lift_significance_v1.csv,PriorSlope_DominantPressureValue_Q3,False,0,0,0,False
tables/apva_directional_lift_significance_v1.csv,RRCCC,True,0,0,0,False
tables/apva_dominant_forward_archetype_forecast_v1.csv,Base_ES_NQ,True,0,0,0,False
tables/apva_dominant_forward_archetype_forecast_v1.csv,CCRRR,True,0,0,0,False
tables/apva_dominant_forward_archetype_forecast_v1.csv,PriorSlope_DominantPressureValue_Q3,False,0,0,0,False
tables/apva_dominant_forward_archetype_forecast_v1.csv,RRCCC,True,0,0,0,False
tables/apva_dominant_forward_pressure_forecast_v1.csv,Base_ES_NQ,True,0,0,0,False
tables/apva_dominant_forward_pressure_forecast_v1.csv,CCRRR,True,0,0,0,False
tables/apva_dominant_forward_pressure_forecast_v1.csv,PriorSlope_DominantPressureValue_Q3,False,0,0,0,False
tables/apva_dominant_forward_pressure_forecast_v1.csv,RRCCC,True,0,0,0,False
tables/apva_dominant_pressure_counts.csv,Base_ES_NQ,True,0,0,0,False
tables/apva_dominant_pressure_counts.csv,CCRRR,True,0,0,0,False
tables/apva_dominant_pressure_counts.csv,PriorSlope_DominantPressureValue_Q3,False,0,0,0,False
tables/apva_dominant_pressure_counts.csv,RRCCC,True,0,0,0,False
tables/apva_dominant_pressure_counts_v2.csv,Base_ES_NQ,True,0,0,0,False
tables/apva_dominant_pressure_counts_v2.csv,CCRRR,True,0,0,0,False
tables/apva_dominant_pressure_counts_v2.csv,PriorSlope_DominantPressureValue_Q3,False,0,0,0,False
tables/apva_dominant_pressure_counts_v2.csv,RRCCC,True,0,0,0,False
tables/apva_dominant_regime_paths.csv,Base_ES_NQ,True,0,0,0,False
tables/apva_dominant_regime_paths.csv,CCRRR,True,0,0,0,False
tables/apva_dominant_regime_paths.csv,PriorSlope_DominantPressureValue_Q3,False,0,0,0,False
tables/apva_dominant_regime_paths.csv,RRCCC,True,0,0,0,False
tables/apva_edge_bootstrap_confidence_v1.csv,Base_ES_NQ,True,0,0,0,False
tables/apva_edge_bootstrap_confidence_v1.csv,CCRRR,True,0,0,0,False
tables/apva_edge_bootstrap_confidence_v1.csv,PriorSlope_DominantPressureValue_Q3,False,0,0,0,False
tables/apva_edge_bootstrap_confidence_v1.csv,RRCCC,True,0,0,0,False
tables/apva_edge_bootstrap_failed_candidates_v1.csv,Base_ES_NQ,True,0,0,0,False
tables/apva_edge_bootstrap_failed_candidates_v1.csv,CCRRR,True,0,0,0,False
tables/apva_edge_bootstrap_failed_candidates_v1.csv,PriorSlope_DominantPressureValue_Q3,False,0,0,0,False
tables/apva_edge_bootstrap_failed_candidates_v1.csv,RRCCC,True,0,0,0,False
tables/apva_edge_bootstrap_summary_v1.csv,Base_ES_NQ,True,0,0,0,False
tables/apva_edge_bootstrap_summary_v1.csv,CCRRR,True,0,0,0,False
tables/apva_edge_bootstrap_summary_v1.csv,PriorSlope_DominantPressureValue_Q3,False,0,0,0,False
tables/apva_edge_bootstrap_summary_v1.csv,RRCCC,True,0,0,0,False
tables/apva_edge_bootstrap_top_survivors_v1.csv,Base_ES_NQ,True,0,0,0,False
tables/apva_edge_bootstrap_top_survivors_v1.csv,CCRRR,True,0,0,0,False
tables/apva_edge_bootstrap_top_survivors_v1.csv,PriorSlope_DominantPressureValue_Q3,False,0,0,0,False
tables/apva_edge_bootstrap_top_survivors_v1.csv,RRCCC,True,0,0,0,False
tables/apva_edge_inventory_failed_edges_v1.csv,Base_ES_NQ,True,0,0,0,False
tables/apva_edge_inventory_failed_edges_v1.csv,CCRRR,True,0,0,0,False
tables/apva_edge_inventory_failed_edges_v1.csv,PriorSlope_DominantPressureValue_Q3,False,0,0,0,False
tables/apva_edge_inventory_failed_edges_v1.csv,RRCCC,True,0,0,0,False
tables/apva_edge_inventory_summary_v1.csv,Base_ES_NQ,True,0,0,0,False
tables/apva_edge_inventory_summary_v1.csv,CCRRR,True,0,0,0,False
tables/apva_edge_inventory_summary_v1.csv,PriorSlope_DominantPressureValue_Q3,False,0,0,0,False
tables/apva_edge_inventory_summary_v1.csv,RRCCC,True,0,0,0,False
tables/apva_edge_inventory_survivorship_ranking_v1.csv,Base_ES_NQ,True,0,0,0,False
tables/apva_edge_inventory_survivorship_ranking_v1.csv,CCRRR,True,0,0,0,False
tables/apva_edge_inventory_survivorship_ranking_v1.csv,PriorSlope_DominantPressureValue_Q3,False,0,0,0,False
tables/apva_edge_inventory_survivorship_ranking_v1.csv,RRCCC,True,0,0,0,False
tables/apva_edge_inventory_top_survivors_v1.csv,Base_ES_NQ,True,0,0,0,False
tables/apva_edge_inventory_top_survivors_v1.csv,CCRRR,True,0,0,0,False
tables/apva_edge_inventory_top_survivors_v1.csv,PriorSlope_DominantPressureValue_Q3,False,0,0,0,False
tables/apva_edge_inventory_top_survivors_v1.csv,RRCCC,True,0,0,0,False
tables/apva_feature_redundancy_pairs.csv,Base_ES_NQ,True,0,0,0,False
tables/apva_feature_redundancy_pairs.csv,CCRRR,True,0,0,0,False
tables/apva_feature_redundancy_pairs.csv,PriorSlope_DominantPressureValue_Q3,False,0,0,0,False
tables/apva_feature_redundancy_pairs.csv,RRCCC,True,0,0,0,False
tables/apva_file_level_walk_forward_dataset_v1.csv,Base_ES_NQ,True,1672,375,1297,True
tables/apva_file_level_walk_forward_dataset_v1.csv,CCRRR,True,129,20,109,True
tables/apva_file_level_walk_forward_dataset_v1.csv,PriorSlope_DominantPressureValue_Q3,True,397,95,302,True
tables/apva_file_level_walk_forward_dataset_v1.csv,RRCCC,True,256,47,209,True
tables/apva_file_level_walk_forward_expectancy_by_split_v1.csv,Base_ES_NQ,True,0,0,0,False
tables/apva_file_level_walk_forward_expectancy_by_split_v1.csv,CCRRR,True,0,0,0,False
tables/apva_file_level_walk_forward_expectancy_by_split_v1.csv,PriorSlope_DominantPressureValue_Q3,False,0,0,0,False
tables/apva_file_level_walk_forward_expectancy_by_split_v1.csv,RRCCC,True,0,0,0,False
tables/apva_file_level_walk_forward_failed_positive_edges_v1.csv,Base_ES_NQ,True,0,0,0,False
tables/apva_file_level_walk_forward_failed_positive_edges_v1.csv,CCRRR,True,0,0,0,False
tables/apva_file_level_walk_forward_failed_positive_edges_v1.csv,PriorSlope_DominantPressureValue_Q3,False,0,0,0,False
tables/apva_file_level_walk_forward_failed_positive_edges_v1.csv,RRCCC,True,0,0,0,False
tables/apva_file_level_walk_forward_generalization_summary_v1.csv,Base_ES_NQ,True,0,0,0,False
tables/apva_file_level_walk_forward_generalization_summary_v1.csv,CCRRR,True,0,0,0,False
tables/apva_file_level_walk_forward_generalization_summary_v1.csv,PriorSlope_DominantPressureValue_Q3,False,0,0,0,False
tables/apva_file_level_walk_forward_generalization_summary_v1.csv,RRCCC,True,0,0,0,False
tables/apva_file_level_walk_forward_positive_validation_edges_v1.csv,Base_ES_NQ,True,0,0,0,False
tables/apva_file_level_walk_forward_positive_validation_edges_v1.csv,CCRRR,True,0,0,0,False
tables/apva_file_level_walk_forward_positive_validation_edges_v1.csv,PriorSlope_DominantPressureValue_Q3,False,0,0,0,False
tables/apva_file_level_walk_forward_positive_validation_edges_v1.csv,RRCCC,True,0,0,0,False
tables/apva_file_level_walk_forward_supported_edges_v1.csv,Base_ES_NQ,True,0,0,0,False
tables/apva_file_level_walk_forward_supported_edges_v1.csv,CCRRR,True,0,0,0,False
tables/apva_file_level_walk_forward_supported_edges_v1.csv,PriorSlope_DominantPressureValue_Q3,False,0,0,0,False
tables/apva_file_level_walk_forward_supported_edges_v1.csv,RRCCC,True,0,0,0,False
tables/apva_forward_archetype_forecast_surface_v1.csv,Base_ES_NQ,True,0,0,0,False
tables/apva_forward_archetype_forecast_surface_v1.csv,CCRRR,True,0,0,0,False
tables/apva_forward_archetype_forecast_surface_v1.csv,PriorSlope_DominantPressureValue_Q3,False,0,0,0,False
tables/apva_forward_archetype_forecast_surface_v1.csv,RRCCC,True,0,0,0,False
tables/apva_forward_directional_baseline_v1.csv,Base_ES_NQ,True,0,0,0,False
tables/apva_forward_directional_baseline_v1.csv,CCRRR,True,0,0,0,False
tables/apva_forward_directional_baseline_v1.csv,PriorSlope_DominantPressureValue_Q3,False,0,0,0,False
tables/apva_forward_directional_baseline_v1.csv,RRCCC,True,0,0,0,False
tables/apva_forward_directional_lift_v1.csv,Base_ES_NQ,True,0,0,0,False
tables/apva_forward_directional_lift_v1.csv,CCRRR,True,0,0,0,False
tables/apva_forward_directional_lift_v1.csv,PriorSlope_DominantPressureValue_Q3,False,0,0,0,False
tables/apva_forward_directional_lift_v1.csv,RRCCC,True,0,0,0,False
tables/apva_forward_directional_probability_v1.csv,Base_ES_NQ,True,0,0,0,False
tables/apva_forward_directional_probability_v1.csv,CCRRR,True,0,0,0,False
tables/apva_forward_directional_probability_v1.csv,PriorSlope_DominantPressureValue_Q3,False,0,0,0,False
tables/apva_forward_directional_probability_v1.csv,RRCCC,True,0,0,0,False
tables/apva_forward_pressure_forecast_surface_v1.csv,Base_ES_NQ,True,0,0,0,False
tables/apva_forward_pressure_forecast_surface_v1.csv,CCRRR,True,0,0,0,False
tables/apva_forward_pressure_forecast_surface_v1.csv,PriorSlope_DominantPressureValue_Q3,False,0,0,0,False
tables/apva_forward_pressure_forecast_surface_v1.csv,RRCCC,True,0,0,0,False
tables/apva_forward_return_baseline_v1.csv,Base_ES_NQ,True,0,0,0,False
tables/apva_forward_return_baseline_v1.csv,CCRRR,True,0,0,0,False
tables/apva_forward_return_baseline_v1.csv,PriorSlope_DominantPressureValue_Q3,False,0,0,0,False
tables/apva_forward_return_baseline_v1.csv,RRCCC,True,0,0,0,False
tables/apva_forward_return_dataset_v1.csv,Base_ES_NQ,True,0,0,0,False
tables/apva_forward_return_dataset_v1.csv,CCRRR,True,0,0,0,False
tables/apva_forward_return_dataset_v1.csv,PriorSlope_DominantPressureValue_Q3,True,0,0,0,False
tables/apva_forward_return_dataset_v1.csv,RRCCC,True,0,0,0,False
tables/apva_forward_return_expectancy_v1.csv,Base_ES_NQ,True,0,0,0,False
tables/apva_forward_return_expectancy_v1.csv,CCRRR,True,0,0,0,False
tables/apva_forward_return_expectancy_v1.csv,PriorSlope_DominantPressureValue_Q3,False,0,0,0,False
tables/apva_forward_return_expectancy_v1.csv,RRCCC,True,0,0,0,False
tables/apva_forward_signed_return_baseline_v1.csv,Base_ES_NQ,True,0,0,0,False
tables/apva_forward_signed_return_baseline_v1.csv,CCRRR,True,0,0,0,False
tables/apva_forward_signed_return_baseline_v1.csv,PriorSlope_DominantPressureValue_Q3,False,0,0,0,False
tables/apva_forward_signed_return_baseline_v1.csv,RRCCC,True,0,0,0,False
tables/apva_forward_signed_return_dataset_v1.csv,Base_ES_NQ,True,1672,375,1297,True
tables/apva_forward_signed_return_dataset_v1.csv,CCRRR,True,129,20,109,True
tables/apva_forward_signed_return_dataset_v1.csv,PriorSlope_DominantPressureValue_Q3,True,397,95,302,True
tables/apva_forward_signed_return_dataset_v1.csv,RRCCC,True,256,47,209,True
tables/apva_forward_signed_return_expectancy_v1.csv,Base_ES_NQ,True,0,0,0,False
tables/apva_forward_signed_return_expectancy_v1.csv,CCRRR,True,0,0,0,False
tables/apva_forward_signed_return_expectancy_v1.csv,PriorSlope_DominantPressureValue_Q3,False,0,0,0,False
tables/apva_forward_signed_return_expectancy_v1.csv,RRCCC,True,0,0,0,False
tables/apva_latest_canonical_snapshot.csv,Base_ES_NQ,True,0,0,0,False
tables/apva_latest_canonical_snapshot.csv,CCRRR,True,0,0,0,False
tables/apva_latest_canonical_snapshot.csv,PriorSlope_DominantPressureValue_Q3,False,0,0,0,False
tables/apva_latest_canonical_snapshot.csv,RRCCC,True,0,0,0,False
tables/apva_latest_regime_inference_snapshot.csv,Base_ES_NQ,True,0,0,0,False
tables/apva_latest_regime_inference_snapshot.csv,CCRRR,True,0,0,0,False
tables/apva_latest_regime_inference_snapshot.csv,PriorSlope_DominantPressureValue_Q3,False,0,0,0,False
tables/apva_latest_regime_inference_snapshot.csv,RRCCC,True,0,0,0,False
tables/apva_latest_regime_pressure_snapshot.csv,Base_ES_NQ,True,0,0,0,False
tables/apva_latest_regime_pressure_snapshot.csv,CCRRR,True,0,0,0,False
tables/apva_latest_regime_pressure_snapshot.csv,PriorSlope_DominantPressureValue_Q3,True,0,0,0,False
tables/apva_latest_regime_pressure_snapshot.csv,RRCCC,True,0,0,0,False
tables/apva_latest_regime_pressure_snapshot_v2.csv,Base_ES_NQ,True,0,0,0,False
tables/apva_latest_regime_pressure_snapshot_v2.csv,CCRRR,True,0,0,0,False
tables/apva_latest_regime_pressure_snapshot_v2.csv,PriorSlope_DominantPressureValue_Q3,True,0,0,0,False
tables/apva_latest_regime_pressure_snapshot_v2.csv,RRCCC,True,0,0,0,False
tables/apva_latest_soft_resolved_snapshot.csv,Base_ES_NQ,True,0,0,0,False
tables/apva_latest_soft_resolved_snapshot.csv,CCRRR,True,0,0,0,False
tables/apva_latest_soft_resolved_snapshot.csv,PriorSlope_DominantPressureValue_Q3,False,0,0,0,False
tables/apva_latest_soft_resolved_snapshot.csv,RRCCC,True,0,0,0,False
tables/apva_most_chaotic_trajectories.csv,Base_ES_NQ,True,0,0,0,False
tables/apva_most_chaotic_trajectories.csv,CCRRR,True,0,0,0,False
tables/apva_most_chaotic_trajectories.csv,PriorSlope_DominantPressureValue_Q3,False,0,0,0,False
tables/apva_most_chaotic_trajectories.csv,RRCCC,True,0,0,0,False
tables/apva_next_state_transition_surface.csv,Base_ES_NQ,True,0,0,0,False
tables/apva_next_state_transition_surface.csv,CCRRR,True,0,0,0,False
tables/apva_next_state_transition_surface.csv,PriorSlope_DominantPressureValue_Q3,False,0,0,0,False
tables/apva_next_state_transition_surface.csv,RRCCC,True,0,0,0,False
tables/apva_nonoverlap_edge_class_summary_v1.csv,Base_ES_NQ,True,0,0,0,False
tables/apva_nonoverlap_edge_class_summary_v1.csv,CCRRR,True,0,0,0,False
tables/apva_nonoverlap_edge_class_summary_v1.csv,PriorSlope_DominantPressureValue_Q3,False,0,0,0,False
tables/apva_nonoverlap_edge_class_summary_v1.csv,RRCCC,True,0,0,0,False
tables/apva_nonoverlap_forward_signed_return_dataset_v1.csv,Base_ES_NQ,True,1672,375,1297,True
tables/apva_nonoverlap_forward_signed_return_dataset_v1.csv,CCRRR,True,129,20,109,True
tables/apva_nonoverlap_forward_signed_return_dataset_v1.csv,PriorSlope_DominantPressureValue_Q3,True,397,95,302,True
tables/apva_nonoverlap_forward_signed_return_dataset_v1.csv,RRCCC,True,256,47,209,True
tables/apva_nonoverlap_negative_signed_return_edges_v1.csv,Base_ES_NQ,True,0,0,0,False
tables/apva_nonoverlap_negative_signed_return_edges_v1.csv,CCRRR,True,0,0,0,False
tables/apva_nonoverlap_negative_signed_return_edges_v1.csv,PriorSlope_DominantPressureValue_Q3,False,0,0,0,False
tables/apva_nonoverlap_negative_signed_return_edges_v1.csv,RRCCC,True,0,0,0,False
tables/apva_nonoverlap_positive_signed_return_edges_v1.csv,Base_ES_NQ,True,0,0,0,False
tables/apva_nonoverlap_positive_signed_return_edges_v1.csv,CCRRR,True,0,0,0,False
tables/apva_nonoverlap_positive_signed_return_edges_v1.csv,PriorSlope_DominantPressureValue_Q3,False,0,0,0,False
tables/apva_nonoverlap_positive_signed_return_edges_v1.csv,RRCCC,True,0,0,0,False
tables/apva_nonoverlap_signed_return_edge_summary_v1.csv,Base_ES_NQ,True,0,0,0,False
tables/apva_nonoverlap_signed_return_edge_summary_v1.csv,CCRRR,True,0,0,0,False
tables/apva_nonoverlap_signed_return_edge_summary_v1.csv,PriorSlope_DominantPressureValue_Q3,False,0,0,0,False
tables/apva_nonoverlap_signed_return_edge_summary_v1.csv,RRCCC,True,0,0,0,False
tables/apva_nonoverlap_signed_return_expectancy_by_offset_v1.csv,Base_ES_NQ,True,0,0,0,False
tables/apva_nonoverlap_signed_return_expectancy_by_offset_v1.csv,CCRRR,True,0,0,0,False
tables/apva_nonoverlap_signed_return_expectancy_by_offset_v1.csv,PriorSlope_DominantPressureValue_Q3,False,0,0,0,False
tables/apva_nonoverlap_signed_return_expectancy_by_offset_v1.csv,RRCCC,True,0,0,0,False
tables/apva_online_action_bias_counts.csv,Base_ES_NQ,True,0,0,0,False
tables/apva_online_action_bias_counts.csv,CCRRR,True,0,0,0,False
tables/apva_online_action_bias_counts.csv,PriorSlope_DominantPressureValue_Q3,False,0,0,0,False
tables/apva_online_action_bias_counts.csv,RRCCC,True,0,0,0,False
tables/apva_online_archetype_counts.csv,Base_ES_NQ,True,0,0,0,False
tables/apva_online_archetype_counts.csv,CCRRR,True,0,0,0,False
tables/apva_online_archetype_counts.csv,PriorSlope_DominantPressureValue_Q3,False,0,0,0,False
tables/apva_online_archetype_counts.csv,RRCCC,True,0,0,0,False
tables/apva_online_archetype_inference_examples.csv,Base_ES_NQ,True,0,0,0,False
tables/apva_online_archetype_inference_examples.csv,CCRRR,True,0,0,0,False
tables/apva_online_archetype_inference_examples.csv,PriorSlope_DominantPressureValue_Q3,False,0,0,0,False
tables/apva_online_archetype_inference_examples.csv,RRCCC,True,0,0,0,False
tables/apva_online_archetype_lookup.csv,Base_ES_NQ,True,0,0,0,False
tables/apva_online_archetype_lookup.csv,CCRRR,True,0,0,0,False
tables/apva_online_archetype_lookup.csv,PriorSlope_DominantPressureValue_Q3,False,0,0,0,False
tables/apva_online_archetype_lookup.csv,RRCCC,True,0,0,0,False
tables/apva_online_regime_inference_soft_resolved.csv,Base_ES_NQ,True,0,0,0,False
tables/apva_online_regime_inference_soft_resolved.csv,CCRRR,True,0,0,0,False
tables/apva_online_regime_inference_soft_resolved.csv,PriorSlope_DominantPressureValue_Q3,False,0,0,0,False
tables/apva_online_regime_inference_soft_resolved.csv,RRCCC,True,0,0,0,False
tables/apva_online_regime_inference_soft_resolved_normalized.csv,Base_ES_NQ,True,0,0,0,False
tables/apva_online_regime_inference_soft_resolved_normalized.csv,CCRRR,True,0,0,0,False
tables/apva_online_regime_inference_soft_resolved_normalized.csv,PriorSlope_DominantPressureValue_Q3,False,0,0,0,False
tables/apva_online_regime_inference_soft_resolved_normalized.csv,RRCCC,True,0,0,0,False
tables/apva_online_regime_inference_timeline.csv,Base_ES_NQ,True,0,0,0,False
tables/apva_online_regime_inference_timeline.csv,CCRRR,True,0,0,0,False
tables/apva_online_regime_inference_timeline.csv,PriorSlope_DominantPressureValue_Q3,False,0,0,0,False
tables/apva_online_regime_inference_timeline.csv,RRCCC,True,0,0,0,False
tables/apva_pca_explained_variance.csv,Base_ES_NQ,True,0,0,0,False
tables/apva_pca_explained_variance.csv,CCRRR,True,0,0,0,False
tables/apva_pca_explained_variance.csv,PriorSlope_DominantPressureValue_Q3,False,0,0,0,False
tables/apva_pca_explained_variance.csv,RRCCC,True,0,0,0,False
tables/apva_pca_feature_loadings.csv,Base_ES_NQ,True,0,0,0,False
tables/apva_pca_feature_loadings.csv,CCRRR,True,0,0,0,False
tables/apva_pca_feature_loadings.csv,PriorSlope_DominantPressureValue_Q3,False,0,0,0,False
tables/apva_pca_feature_loadings.csv,RRCCC,True,0,0,0,False
tables/apva_regime_birth_precursor_summary.csv,Base_ES_NQ,True,0,0,0,False
tables/apva_regime_birth_precursor_summary.csv,CCRRR,True,0,0,0,False
tables/apva_regime_birth_precursor_summary.csv,PriorSlope_DominantPressureValue_Q3,False,0,0,0,False
tables/apva_regime_birth_precursor_summary.csv,RRCCC,True,0,0,0,False
tables/apva_regime_death_precursor_summary.csv,Base_ES_NQ,True,0,0,0,False
tables/apva_regime_death_precursor_summary.csv,CCRRR,True,0,0,0,False
tables/apva_regime_death_precursor_summary.csv,PriorSlope_DominantPressureValue_Q3,False,0,0,0,False
tables/apva_regime_death_precursor_summary.csv,RRCCC,True,0,0,0,False
tables/apva_regime_pressure_summary.csv,Base_ES_NQ,True,0,0,0,False
tables/apva_regime_pressure_summary.csv,CCRRR,True,0,0,0,False
tables/apva_regime_pressure_summary.csv,PriorSlope_DominantPressureValue_Q3,False,0,0,0,False
tables/apva_regime_pressure_summary.csv,RRCCC,True,0,0,0,False
tables/apva_regime_pressure_summary_v2.csv,Base_ES_NQ,True,0,0,0,False
tables/apva_regime_pressure_summary_v2.csv,CCRRR,True,0,0,0,False
tables/apva_regime_pressure_summary_v2.csv,PriorSlope_DominantPressureValue_Q3,False,0,0,0,False
tables/apva_regime_pressure_summary_v2.csv,RRCCC,True,0,0,0,False
tables/apva_regime_pressure_timeline.csv,Base_ES_NQ,True,0,0,0,False
tables/apva_regime_pressure_timeline.csv,CCRRR,True,0,0,0,False
tables/apva_regime_pressure_timeline.csv,PriorSlope_DominantPressureValue_Q3,True,0,0,0,False
tables/apva_regime_pressure_timeline.csv,RRCCC,True,0,0,0,False
tables/apva_regime_pressure_timeline_v2.csv,Base_ES_NQ,True,0,0,0,False
tables/apva_regime_pressure_timeline_v2.csv,CCRRR,True,0,0,0,False
tables/apva_regime_pressure_timeline_v2.csv,PriorSlope_DominantPressureValue_Q3,True,0,0,0,False
tables/apva_regime_pressure_timeline_v2.csv,RRCCC,True,0,0,0,False
tables/apva_regime_stability_summary.csv,Base_ES_NQ,True,0,0,0,False
tables/apva_regime_stability_summary.csv,CCRRR,True,0,0,0,False
tables/apva_regime_stability_summary.csv,PriorSlope_DominantPressureValue_Q3,False,0,0,0,False
tables/apva_regime_stability_summary.csv,RRCCC,True,0,0,0,False
tables/apva_regime_transition_matrix.csv,Base_ES_NQ,True,0,0,0,False
tables/apva_regime_transition_matrix.csv,CCRRR,True,0,0,0,False
tables/apva_regime_transition_matrix.csv,PriorSlope_DominantPressureValue_Q3,False,0,0,0,False
tables/apva_regime_transition_matrix.csv,RRCCC,True,0,0,0,False
tables/apva_regime_transition_precursor_events.csv,Base_ES_NQ,True,0,0,0,False
tables/apva_regime_transition_precursor_events.csv,CCRRR,True,0,0,0,False
tables/apva_regime_transition_precursor_events.csv,PriorSlope_DominantPressureValue_Q3,False,0,0,0,False
tables/apva_regime_transition_precursor_events.csv,RRCCC,True,0,0,0,False
tables/apva_regime_transition_precursor_summary.csv,Base_ES_NQ,True,0,0,0,False
tables/apva_regime_transition_precursor_summary.csv,CCRRR,True,0,0,0,False
tables/apva_regime_transition_precursor_summary.csv,PriorSlope_DominantPressureValue_Q3,False,0,0,0,False
tables/apva_regime_transition_precursor_summary.csv,RRCCC,True,0,0,0,False
tables/apva_regime_transition_surface.csv,Base_ES_NQ,True,0,0,0,False
tables/apva_regime_transition_surface.csv,CCRRR,True,0,0,0,False
tables/apva_regime_transition_surface.csv,PriorSlope_DominantPressureValue_Q3,False,0,0,0,False
tables/apva_regime_transition_surface.csv,RRCCC,True,0,0,0,False
tables/apva_sequence_space_model.csv,Base_ES_NQ,True,0,0,0,False
tables/apva_sequence_space_model.csv,CCRRR,True,0,0,0,False
tables/apva_sequence_space_model.csv,PriorSlope_DominantPressureValue_Q3,False,0,0,0,False
tables/apva_sequence_space_model.csv,RRCCC,True,0,0,0,False
tables/apva_significant_negative_directional_lift_v1.csv,Base_ES_NQ,True,0,0,0,False
tables/apva_significant_negative_directional_lift_v1.csv,CCRRR,True,0,0,0,False
tables/apva_significant_negative_directional_lift_v1.csv,PriorSlope_DominantPressureValue_Q3,False,0,0,0,False
tables/apva_significant_negative_directional_lift_v1.csv,RRCCC,True,0,0,0,False
tables/apva_significant_negative_return_edges_v1.csv,Base_ES_NQ,True,0,0,0,False
tables/apva_significant_negative_return_edges_v1.csv,CCRRR,True,0,0,0,False
tables/apva_significant_negative_return_edges_v1.csv,PriorSlope_DominantPressureValue_Q3,False,0,0,0,False
tables/apva_significant_negative_return_edges_v1.csv,RRCCC,True,0,0,0,False
tables/apva_significant_negative_signed_return_edges_v1.csv,Base_ES_NQ,True,0,0,0,False
tables/apva_significant_negative_signed_return_edges_v1.csv,CCRRR,True,0,0,0,False
tables/apva_significant_negative_signed_return_edges_v1.csv,PriorSlope_DominantPressureValue_Q3,False,0,0,0,False
tables/apva_significant_negative_signed_return_edges_v1.csv,RRCCC,True,0,0,0,False
tables/apva_significant_positive_directional_lift_v1.csv,Base_ES_NQ,True,0,0,0,False
tables/apva_significant_positive_directional_lift_v1.csv,CCRRR,True,0,0,0,False
tables/apva_significant_positive_directional_lift_v1.csv,PriorSlope_DominantPressureValue_Q3,False,0,0,0,False
tables/apva_significant_positive_directional_lift_v1.csv,RRCCC,True,0,0,0,False
tables/apva_significant_positive_return_edges_v1.csv,Base_ES_NQ,True,0,0,0,False
tables/apva_significant_positive_return_edges_v1.csv,CCRRR,True,0,0,0,False
tables/apva_significant_positive_return_edges_v1.csv,PriorSlope_DominantPressureValue_Q3,False,0,0,0,False
tables/apva_significant_positive_return_edges_v1.csv,RRCCC,True,0,0,0,False
tables/apva_significant_positive_signed_return_edges_v1.csv,Base_ES_NQ,True,0,0,0,False
tables/apva_significant_positive_signed_return_edges_v1.csv,CCRRR,True,0,0,0,False
tables/apva_significant_positive_signed_return_edges_v1.csv,PriorSlope_DominantPressureValue_Q3,False,0,0,0,False
tables/apva_significant_positive_signed_return_edges_v1.csv,RRCCC,True,0,0,0,False
tables/apva_soft_resolved_archetype_counts.csv,Base_ES_NQ,True,0,0,0,False
tables/apva_soft_resolved_archetype_counts.csv,CCRRR,True,0,0,0,False
tables/apva_soft_resolved_archetype_counts.csv,PriorSlope_DominantPressureValue_Q3,False,0,0,0,False
tables/apva_soft_resolved_archetype_counts.csv,RRCCC,True,0,0,0,False
tables/apva_supported_chaotic_trajectories.csv,Base_ES_NQ,True,0,0,0,False
tables/apva_supported_chaotic_trajectories.csv,CCRRR,True,0,0,0,False
tables/apva_supported_chaotic_trajectories.csv,PriorSlope_DominantPressureValue_Q3,False,0,0,0,False
tables/apva_supported_chaotic_trajectories.csv,RRCCC,True,0,0,0,False
tables/apva_supported_forward_directional_lift_v1.csv,Base_ES_NQ,True,0,0,0,False
tables/apva_supported_forward_directional_lift_v1.csv,CCRRR,True,0,0,0,False
tables/apva_supported_forward_directional_lift_v1.csv,PriorSlope_DominantPressureValue_Q3,False,0,0,0,False
tables/apva_supported_forward_directional_lift_v1.csv,RRCCC,True,0,0,0,False
tables/apva_supported_sequence_space_model.csv,Base_ES_NQ,True,0,0,0,False
tables/apva_supported_sequence_space_model.csv,CCRRR,True,0,0,0,False
tables/apva_supported_sequence_space_model.csv,PriorSlope_DominantPressureValue_Q3,False,0,0,0,False
tables/apva_supported_sequence_space_model.csv,RRCCC,True,0,0,0,False
tables/apva_top_directional_continuation.csv,Base_ES_NQ,True,0,0,0,False
tables/apva_top_directional_continuation.csv,CCRRR,True,0,0,0,False
tables/apva_top_directional_continuation.csv,PriorSlope_DominantPressureValue_Q3,False,0,0,0,False
tables/apva_top_directional_continuation.csv,RRCCC,True,0,0,0,False
tables/apva_top_directional_trajectory_expectancy.csv,Base_ES_NQ,True,0,0,0,False
tables/apva_top_directional_trajectory_expectancy.csv,CCRRR,True,0,0,0,False
tables/apva_top_directional_trajectory_expectancy.csv,PriorSlope_DominantPressureValue_Q3,False,0,0,0,False
tables/apva_top_directional_trajectory_expectancy.csv,RRCCC,True,0,0,0,False
tables/apva_top_failure_trajectory_expectancy.csv,Base_ES_NQ,True,0,0,0,False
tables/apva_top_failure_trajectory_expectancy.csv,CCRRR,True,0,0,0,False
tables/apva_top_failure_trajectory_expectancy.csv,PriorSlope_DominantPressureValue_Q3,False,0,0,0,False
tables/apva_top_failure_trajectory_expectancy.csv,RRCCC,True,0,0,0,False
tables/apva_top_incubation_quality.csv,Base_ES_NQ,True,0,0,0,False
tables/apva_top_incubation_quality.csv,CCRRR,True,0,0,0,False
tables/apva_top_incubation_quality.csv,PriorSlope_DominantPressureValue_Q3,False,0,0,0,False
tables/apva_top_incubation_quality.csv,RRCCC,True,0,0,0,False
tables/apva_top_negative_directional_lift_v1.csv,Base_ES_NQ,True,0,0,0,False
tables/apva_top_negative_directional_lift_v1.csv,CCRRR,True,0,0,0,False
tables/apva_top_negative_directional_lift_v1.csv,PriorSlope_DominantPressureValue_Q3,False,0,0,0,False
tables/apva_top_negative_directional_lift_v1.csv,RRCCC,True,0,0,0,False
tables/apva_top_positive_directional_lift_v1.csv,Base_ES_NQ,True,0,0,0,False
tables/apva_top_positive_directional_lift_v1.csv,CCRRR,True,0,0,0,False
tables/apva_top_positive_directional_lift_v1.csv,PriorSlope_DominantPressureValue_Q3,False,0,0,0,False
tables/apva_top_positive_directional_lift_v1.csv,RRCCC,True,0,0,0,False
tables/apva_top_predictable_trajectories.csv,Base_ES_NQ,True,0,0,0,False
tables/apva_top_predictable_trajectories.csv,CCRRR,True,0,0,0,False
tables/apva_top_predictable_trajectories.csv,PriorSlope_DominantPressureValue_Q3,False,0,0,0,False
tables/apva_top_predictable_trajectories.csv,RRCCC,True,0,0,0,False
tables/apva_top_regime_transition_precursors.csv,Base_ES_NQ,True,0,0,0,False
tables/apva_top_regime_transition_precursors.csv,CCRRR,True,0,0,0,False
tables/apva_top_regime_transition_precursors.csv,PriorSlope_DominantPressureValue_Q3,False,0,0,0,False
tables/apva_top_regime_transition_precursors.csv,RRCCC,True,0,0,0,False
tables/apva_top_stable_trajectories.csv,Base_ES_NQ,True,0,0,0,False
tables/apva_top_stable_trajectories.csv,CCRRR,True,0,0,0,False
tables/apva_top_stable_trajectories.csv,PriorSlope_DominantPressureValue_Q3,False,0,0,0,False
tables/apva_top_stable_trajectories.csv,RRCCC,True,0,0,0,False
tables/apva_top_trajectory_motifs.csv,Base_ES_NQ,True,0,0,0,False
tables/apva_top_trajectory_motifs.csv,CCRRR,True,0,0,0,False
tables/apva_top_trajectory_motifs.csv,PriorSlope_DominantPressureValue_Q3,False,0,0,0,False
tables/apva_top_trajectory_motifs.csv,RRCCC,True,0,0,0,False
tables/apva_trajectory_cluster_members.csv,Base_ES_NQ,True,0,0,0,False
tables/apva_trajectory_cluster_members.csv,CCRRR,True,0,0,0,False
tables/apva_trajectory_cluster_members.csv,PriorSlope_DominantPressureValue_Q3,False,0,0,0,False
tables/apva_trajectory_cluster_members.csv,RRCCC,True,0,0,0,False
tables/apva_trajectory_cluster_summary.csv,Base_ES_NQ,True,0,0,0,False
tables/apva_trajectory_cluster_summary.csv,CCRRR,True,0,0,0,False
tables/apva_trajectory_cluster_summary.csv,PriorSlope_DominantPressureValue_Q3,False,0,0,0,False
tables/apva_trajectory_cluster_summary.csv,RRCCC,True,0,0,0,False
tables/apva_trajectory_expectancy.csv,Base_ES_NQ,True,0,0,0,False
tables/apva_trajectory_expectancy.csv,CCRRR,True,0,0,0,False
tables/apva_trajectory_expectancy.csv,PriorSlope_DominantPressureValue_Q3,False,0,0,0,False
tables/apva_trajectory_expectancy.csv,RRCCC,True,0,0,0,False
tables/apva_trajectory_expectancy_cluster_summary.csv,Base_ES_NQ,True,0,0,0,False
tables/apva_trajectory_expectancy_cluster_summary.csv,CCRRR,True,0,0,0,False
tables/apva_trajectory_expectancy_cluster_summary.csv,PriorSlope_DominantPressureValue_Q3,False,0,0,0,False
tables/apva_trajectory_expectancy_cluster_summary.csv,RRCCC,True,0,0,0,False
tables/apva_trajectory_expectancy_family_counts.csv,Base_ES_NQ,True,0,0,0,False
tables/apva_trajectory_expectancy_family_counts.csv,CCRRR,True,0,0,0,False
tables/apva_trajectory_expectancy_family_counts.csv,PriorSlope_DominantPressureValue_Q3,False,0,0,0,False
tables/apva_trajectory_expectancy_family_counts.csv,RRCCC,True,0,0,0,False
tables/apva_trajectory_features.csv,Base_ES_NQ,True,0,0,0,False
tables/apva_trajectory_features.csv,CCRRR,True,0,0,0,False
tables/apva_trajectory_features.csv,PriorSlope_DominantPressureValue_Q3,False,0,0,0,False
tables/apva_trajectory_features.csv,RRCCC,True,0,0,0,False
tables/apva_trajectory_pca_explained_variance.csv,Base_ES_NQ,True,0,0,0,False
tables/apva_trajectory_pca_explained_variance.csv,CCRRR,True,0,0,0,False
tables/apva_trajectory_pca_explained_variance.csv,PriorSlope_DominantPressureValue_Q3,False,0,0,0,False
tables/apva_trajectory_pca_explained_variance.csv,RRCCC,True,0,0,0,False
tables/apva_trajectory_pca_feature_loadings.csv,Base_ES_NQ,True,0,0,0,False
tables/apva_trajectory_pca_feature_loadings.csv,CCRRR,True,0,0,0,False
tables/apva_trajectory_pca_feature_loadings.csv,PriorSlope_DominantPressureValue_Q3,False,0,0,0,False
tables/apva_trajectory_pca_feature_loadings.csv,RRCCC,True,0,0,0,False
tables/apva_transition_pca_coordinates.csv,Base_ES_NQ,True,0,0,0,False
tables/apva_transition_pca_coordinates.csv,CCRRR,True,0,0,0,False
tables/apva_transition_pca_coordinates.csv,PriorSlope_DominantPressureValue_Q3,False,0,0,0,False
tables/apva_transition_pca_coordinates.csv,RRCCC,True,0,0,0,False
tables/apva_unknown_trajectory_soft_assignments.csv,Base_ES_NQ,True,0,0,0,False
tables/apva_unknown_trajectory_soft_assignments.csv,CCRRR,True,0,0,0,False
tables/apva_unknown_trajectory_soft_assignments.csv,PriorSlope_DominantPressureValue_Q3,False,0,0,0,False
tables/apva_unknown_trajectory_soft_assignments.csv,RRCCC,True,0,0,0,False
tables/apva_unknown_trajectory_soft_assignments_normalized.csv,Base_ES_NQ,True,0,0,0,False
tables/apva_unknown_trajectory_soft_assignments_normalized.csv,CCRRR,True,0,0,0,False
tables/apva_unknown_trajectory_soft_assignments_normalized.csv,PriorSlope_DominantPressureValue_Q3,False,0,0,0,False
tables/apva_unknown_trajectory_soft_assignments_normalized.csv,RRCCC,True,0,0,0,False
tables/apva_walk_forward_expectancy_by_split_v1.csv,Base_ES_NQ,True,0,0,0,False
tables/apva_walk_forward_expectancy_by_split_v1.csv,CCRRR,True,0,0,0,False
tables/apva_walk_forward_expectancy_by_split_v1.csv,PriorSlope_DominantPressureValue_Q3,False,0,0,0,False
tables/apva_walk_forward_expectancy_by_split_v1.csv,RRCCC,True,0,0,0,False
tables/apva_walk_forward_failed_positive_edges_v1.csv,Base_ES_NQ,True,0,0,0,False
tables/apva_walk_forward_failed_positive_edges_v1.csv,CCRRR,True,0,0,0,False
tables/apva_walk_forward_failed_positive_edges_v1.csv,PriorSlope_DominantPressureValue_Q3,False,0,0,0,False
tables/apva_walk_forward_failed_positive_edges_v1.csv,RRCCC,True,0,0,0,False
tables/apva_walk_forward_generalization_summary_v1.csv,Base_ES_NQ,True,0,0,0,False
tables/apva_walk_forward_generalization_summary_v1.csv,CCRRR,True,0,0,0,False
tables/apva_walk_forward_generalization_summary_v1.csv,PriorSlope_DominantPressureValue_Q3,False,0,0,0,False
tables/apva_walk_forward_generalization_summary_v1.csv,RRCCC,True,0,0,0,False
tables/apva_walk_forward_positive_validation_edges_v1.csv,Base_ES_NQ,True,0,0,0,False
tables/apva_walk_forward_positive_validation_edges_v1.csv,CCRRR,True,0,0,0,False
tables/apva_walk_forward_positive_validation_edges_v1.csv,PriorSlope_DominantPressureValue_Q3,False,0,0,0,False
tables/apva_walk_forward_positive_validation_edges_v1.csv,RRCCC,True,0,0,0,False
tables/apva_walk_forward_signed_return_dataset_v1.csv,Base_ES_NQ,True,1672,375,1297,True
tables/apva_walk_forward_signed_return_dataset_v1.csv,CCRRR,True,129,20,109,True
tables/apva_walk_forward_signed_return_dataset_v1.csv,PriorSlope_DominantPressureValue_Q3,True,397,95,302,True
tables/apva_walk_forward_signed_return_dataset_v1.csv,RRCCC,True,256,47,209,True
tables/apva_walk_forward_supported_edges_v1.csv,Base_ES_NQ,True,0,0,0,False
tables/apva_walk_forward_supported_edges_v1.csv,CCRRR,True,0,0,0,False
tables/apva_walk_forward_supported_edges_v1.csv,PriorSlope_DominantPressureValue_Q3,False,0,0,0,False
tables/apva_walk_forward_supported_edges_v1.csv,RRCCC,True,0,0,0,False
tables/apva_worst_immediate_failure.csv,Base_ES_NQ,True,0,0,0,False
tables/apva_worst_immediate_failure.csv,CCRRR,True,0,0,0,False
tables/apva_worst_immediate_failure.csv,PriorSlope_DominantPressureValue_Q3,False,0,0,0,False
tables/apva_worst_immediate_failure.csv,RRCCC,True,0,0,0,False
