DataScope,Breakdown,ValidationMode,Regime,Instrument,Cohort,Field,Count,AvailableCount,Mean,Median,Std,Q25,Q75,PositiveFraction
VolumeAvailableSubset,AllAvailableRows,Reference,All,All,PriorSlope_Q3,Volume,545,545,8466.335779816514,4449.0,14210.267797671158,915.0,10718.0,1.0
VolumeAvailableSubset,AllAvailableRows,Reference,All,All,PriorSlope_Q3,VolumeSMA,545,545,7726.695229357797,6329.3,7004.392047500446,1993.7,11812.7,1.0
VolumeAvailableSubset,AllAvailableRows,Reference,All,All,PriorSlope_Q3,RelativeVolume,545,545,1.0320373424581653,0.8477150481,0.9176825710865224,0.6033962011,1.1478285648,1.0
VolumeAvailableSubset,AllAvailableRows,Reference,All,All,PriorSlope_Q3,VolumeZScore,545,545,-0.10160257335522936,-0.3326668487,1.0502917263937932,-0.7893740403,0.2811142813,0.3486238532110092
VolumeAvailableSubset,AllAvailableRows,Reference,All,All,PriorSlope_Q3,SignedVolume,545,545,505.68256880733946,54.0,16302.514543847556,-3555.0,4515.0,0.5155963302752293
VolumeAvailableSubset,AllAvailableRows,Reference,All,All,PriorSlope_Q3,UpVolume,545,545,4282.5944954128445,54.0,11825.89540085464,0.0,4515.0,0.5155963302752293
VolumeAvailableSubset,AllAvailableRows,Reference,All,All,PriorSlope_Q3,DownVolume,545,545,3776.9119266055045,0.0,9670.095507331109,0.0,3555.0,0.42752293577981654
VolumeAvailableSubset,AllAvailableRows,Reference,All,All,PriorSlope_Q3,FlatVolume,545,545,406.8293577981651,0.0,2747.4233828670763,0.0,0.0,0.05688073394495413
VolumeAvailableSubset,AllAvailableRows,Reference,All,All,PriorSlope_Q3,UpDownVolumeDelta,545,545,505.68256880733946,54.0,16302.514543847556,-3555.0,4515.0,0.5155963302752293
VolumeAvailableSubset,AllAvailableRows,Reference,All,All,Base_NotPriorSlope_Q3,Volume,2125,2125,8008.387294117647,4878.0,10582.498686431854,981.0,10608.0,1.0
VolumeAvailableSubset,AllAvailableRows,Reference,All,All,Base_NotPriorSlope_Q3,VolumeSMA,2125,2125,7786.208658823529,5938.8,7008.663137191632,1927.3,12229.95,1.0
VolumeAvailableSubset,AllAvailableRows,Reference,All,All,Base_NotPriorSlope_Q3,RelativeVolume,2125,2125,1.034930606771106,0.8596298735,0.8283015600222353,0.5980554957,1.2512941608,1.0
VolumeAvailableSubset,AllAvailableRows,Reference,All,All,Base_NotPriorSlope_Q3,VolumeZScore,2125,2125,-0.05802035445402353,-0.2879631422,1.0704826285015914,-0.8055902859,0.456479674,0.38729411764705884
VolumeAvailableSubset,AllAvailableRows,Reference,All,All,Base_NotPriorSlope_Q3,SignedVolume,2125,2125,-145.16564705882354,0.0,13017.119636636466,-4167.0,4488.0,0.4771764705882353
VolumeAvailableSubset,AllAvailableRows,Reference,All,All,Base_NotPriorSlope_Q3,UpVolume,2125,2125,3739.6945882352943,0.0,7885.801903628513,0.0,4488.0,0.4771764705882353
VolumeAvailableSubset,AllAvailableRows,Reference,All,All,Base_NotPriorSlope_Q3,DownVolume,2125,2125,3884.8602352941175,0.0,8842.481006271704,0.0,4167.0,0.4527058823529412
VolumeAvailableSubset,AllAvailableRows,Reference,All,All,Base_NotPriorSlope_Q3,FlatVolume,2125,2125,383.8324705882353,0.0,2557.31444923374,0.0,0.0,0.07011764705882353
VolumeAvailableSubset,AllAvailableRows,Reference,All,All,Base_NotPriorSlope_Q3,UpDownVolumeDelta,2125,2125,-145.16564705882354,0.0,13017.119636636466,-4167.0,4488.0,0.4771764705882353
VolumeAvailableSubset,ByInstrument,Reference,All,ES,PriorSlope_Q3,Volume,232,232,15851.323275862069,11006.0,19050.537410100933,6446.75,19251.75,1.0
VolumeAvailableSubset,ByInstrument,Reference,All,ES,PriorSlope_Q3,VolumeSMA,232,232,13757.99051724138,12667.675,6352.958053414001,9411.5875,17866.5375,1.0
VolumeAvailableSubset,ByInstrument,Reference,All,ES,PriorSlope_Q3,RelativeVolume,232,232,1.1191072736750003,0.8768604972,1.0562106742855994,0.6551913678000001,1.193122054625,1.0
VolumeAvailableSubset,ByInstrument,Reference,All,ES,PriorSlope_Q3,VolumeZScore,232,232,0.009183782354741358,-0.25070243125,1.1035575809179112,-0.69161972145,0.372887234375,0.3879310344827586
VolumeAvailableSubset,ByInstrument,Reference,All,ES,PriorSlope_Q3,SignedVolume,232,232,866.7155172413793,0.0,24421.892582175988,-9282.25,10932.25,0.4827586206896552
VolumeAvailableSubset,ByInstrument,Reference,All,ES,PriorSlope_Q3,UpVolume,232,232,7900.081896551724,0.0,17167.630059225026,0.0,10932.25,0.4827586206896552
VolumeAvailableSubset,ByInstrument,Reference,All,ES,PriorSlope_Q3,DownVolume,232,232,7033.366379310345,0.0,13787.381896737457,0.0,9282.25,0.43103448275862066
VolumeAvailableSubset,ByInstrument,Reference,All,ES,PriorSlope_Q3,FlatVolume,232,232,917.875,0.0,4152.797058435409,0.0,0.0,0.08620689655172414
VolumeAvailableSubset,ByInstrument,Reference,All,ES,PriorSlope_Q3,UpDownVolumeDelta,232,232,866.7155172413793,0.0,24421.892582175988,-9282.25,10932.25,0.4827586206896552
VolumeAvailableSubset,ByInstrument,Reference,All,ES,Base_NotPriorSlope_Q3,Volume,917,917,14281.371864776445,10817.0,12872.926162659945,6518.0,18313.0,1.0
VolumeAvailableSubset,ByInstrument,Reference,All,ES,Base_NotPriorSlope_Q3,VolumeSMA,917,917,13910.861286804799,13158.55,6114.384657874813,9438.75,17778.5,1.0
VolumeAvailableSubset,ByInstrument,Reference,All,ES,Base_NotPriorSlope_Q3,RelativeVolume,917,917,1.0268727287079606,0.8611133818,0.7318038311639045,0.6201020829,1.2526835876,1.0
VolumeAvailableSubset,ByInstrument,Reference,All,ES,Base_NotPriorSlope_Q3,VolumeZScore,917,917,-0.04914010266477644,-0.2650484341,1.060476224730598,-0.7518142161,0.4493517238,0.3904034896401309
VolumeAvailableSubset,ByInstrument,Reference,All,ES,Base_NotPriorSlope_Q3,SignedVolume,917,917,-11.01526717557252,0.0,18829.533095012896,-9985.0,10357.0,0.46673936750272627
VolumeAvailableSubset,ByInstrument,Reference,All,ES,Base_NotPriorSlope_Q3,UpVolume,917,917,6718.852780806979,0.0,10776.926583206887,0.0,10357.0,0.46673936750272627
VolumeAvailableSubset,ByInstrument,Reference,All,ES,Base_NotPriorSlope_Q3,DownVolume,917,917,6729.868047982552,0.0,12160.4464408535,0.0,9985.0,0.4416575790621592
VolumeAvailableSubset,ByInstrument,Reference,All,ES,Base_NotPriorSlope_Q3,FlatVolume,917,917,832.6510359869138,0.0,3827.13584377893,0.0,0.0,0.0916030534351145
VolumeAvailableSubset,ByInstrument,Reference,All,ES,Base_NotPriorSlope_Q3,UpDownVolumeDelta,917,917,-11.01526717557252,0.0,18829.533095012896,-9985.0,10357.0,0.46673936750272627
VolumeAvailableSubset,ByInstrument,Reference,All,NQ,PriorSlope_Q3,Volume,313,313,2992.479233226837,1914.0,3573.570173148965,219.0,4347.0,1.0
VolumeAvailableSubset,ByInstrument,Reference,All,NQ,PriorSlope_Q3,VolumeSMA,313,313,3256.214376996805,2664.1,2926.20902079506,362.6,5276.95,1.0
VolumeAvailableSubset,ByInstrument,Reference,All,NQ,PriorSlope_Q3,RelativeVolume,313,313,0.9674998854539938,0.8195473992,0.7953453457862208,0.5772005772,1.122104528,1.0
VolumeAvailableSubset,ByInstrument,Reference,All,NQ,PriorSlope_Q3,VolumeZScore,313,313,-0.18371897758753994,-0.3713498742,1.002903409665816,-0.8611948746,0.1717456427,0.3194888178913738
VolumeAvailableSubset,ByInstrument,Reference,All,NQ,PriorSlope_Q3,SignedVolume,313,313,238.07987220447285,66.0,4652.074824192108,-949.0,2354.0,0.5399361022364217
VolumeAvailableSubset,ByInstrument,Reference,All,NQ,PriorSlope_Q3,UpVolume,313,313,1601.2619808306708,66.0,2947.724875894387,0.0,2354.0,0.5399361022364217
VolumeAvailableSubset,ByInstrument,Reference,All,NQ,PriorSlope_Q3,DownVolume,313,313,1363.182108626198,0.0,2927.9860785778233,0.0,949.0,0.4249201277955272
VolumeAvailableSubset,ByInstrument,Reference,All,NQ,PriorSlope_Q3,FlatVolume,313,313,28.03514376996805,0.0,233.63452593671758,0.0,0.0,0.03514376996805112
VolumeAvailableSubset,ByInstrument,Reference,All,NQ,PriorSlope_Q3,UpDownVolumeDelta,313,313,238.07987220447285,66.0,4652.074824192108,-949.0,2354.0,0.5399361022364217
VolumeAvailableSubset,ByInstrument,Reference,All,NQ,Base_NotPriorSlope_Q3,Volume,1208,1208,3246.5273178807947,1734.5,4326.829461508705,241.5,4750.0,1.0
VolumeAvailableSubset,ByInstrument,Reference,All,NQ,Base_NotPriorSlope_Q3,VolumeSMA,1208,1208,3136.948344370861,2625.7749999999996,2817.10784829998,298.5,5041.775,1.0
VolumeAvailableSubset,ByInstrument,Reference,All,NQ,Base_NotPriorSlope_Q3,RelativeVolume,1208,1208,1.0410473900359272,0.8557487704,0.8948831852652996,0.583457014425,1.249061740875,1.0
VolumeAvailableSubset,ByInstrument,Reference,All,NQ,Base_NotPriorSlope_Q3,VolumeZScore,1208,1208,-0.06476140651589403,-0.30467546840000004,1.078405958587938,-0.8379106520999999,0.46541177915000004,0.3849337748344371
VolumeAvailableSubset,ByInstrument,Reference,All,NQ,Base_NotPriorSlope_Q3,SignedVolume,1208,1208,-247.0,0.0,5392.928680513666,-1618.25,1671.5,0.48509933774834435
VolumeAvailableSubset,ByInstrument,Reference,All,NQ,Base_NotPriorSlope_Q3,UpVolume,1208,1208,1478.1978476821191,0.0,3070.5192118087293,0.0,1671.5,0.48509933774834435
VolumeAvailableSubset,ByInstrument,Reference,All,NQ,Base_NotPriorSlope_Q3,DownVolume,1208,1208,1725.1978476821191,0.0,3814.577090045838,0.0,1618.25,0.4610927152317881
VolumeAvailableSubset,ByInstrument,Reference,All,NQ,Base_NotPriorSlope_Q3,FlatVolume,1208,1208,43.13162251655629,0.0,351.45978693537523,0.0,0.0,0.05380794701986755
VolumeAvailableSubset,ByInstrument,Reference,All,NQ,Base_NotPriorSlope_Q3,UpDownVolumeDelta,1208,1208,-247.0,0.0,5392.928680513666,-1618.25,1671.5,0.48509933774834435
VolumeAvailableSubset,ByRegimeInstrument,Reference,2016 | 2016 observed regime,ES,PriorSlope_Q3,Volume,44,44,14482.477272727272,12025.5,10331.325754068583,7612.5,18862.25,1.0
VolumeAvailableSubset,ByRegimeInstrument,Reference,2016 | 2016 observed regime,ES,PriorSlope_Q3,VolumeSMA,44,44,13964.332954545453,12743.0,6607.862915214908,9783.0375,18039.475,1.0
VolumeAvailableSubset,ByRegimeInstrument,Reference,2016 | 2016 observed regime,ES,PriorSlope_Q3,RelativeVolume,44,44,1.0218839638318182,0.9469170035,0.502351044109859,0.752214074025,1.171645756325,1.0
VolumeAvailableSubset,ByRegimeInstrument,Reference,2016 | 2016 observed regime,ES,PriorSlope_Q3,VolumeZScore,44,44,0.01723052075000001,-0.06744374775,1.0370587252385586,-0.5874410048500001,0.324825205825,0.38636363636363635
VolumeAvailableSubset,ByRegimeInstrument,Reference,2016 | 2016 observed regime,ES,PriorSlope_Q3,SignedVolume,44,44,1006.0227272727273,308.5,16048.0082071912,-10035.75,11156.25,0.5
VolumeAvailableSubset,ByRegimeInstrument,Reference,2016 | 2016 observed regime,ES,PriorSlope_Q3,UpVolume,44,44,6884.409090909091,308.5,8850.48235006164,0.0,11156.25,0.5
VolumeAvailableSubset,ByRegimeInstrument,Reference,2016 | 2016 observed regime,ES,PriorSlope_Q3,DownVolume,44,44,5878.386363636364,0.0,9817.678310343597,0.0,10035.75,0.38636363636363635
VolumeAvailableSubset,ByRegimeInstrument,Reference,2016 | 2016 observed regime,ES,PriorSlope_Q3,FlatVolume,44,44,1719.6818181818182,0.0,7730.193925702256,0.0,0.0,0.11363636363636363
VolumeAvailableSubset,ByRegimeInstrument,Reference,2016 | 2016 observed regime,ES,PriorSlope_Q3,UpDownVolumeDelta,44,44,1006.0227272727273,308.5,16048.0082071912,-10035.75,11156.25,0.5
VolumeAvailableSubset,ByRegimeInstrument,Reference,2016 | 2016 observed regime,ES,Base_NotPriorSlope_Q3,Volume,154,154,14622.214285714286,11419.0,10788.661936432067,6621.75,20913.75,1.0
VolumeAvailableSubset,ByRegimeInstrument,Reference,2016 | 2016 observed regime,ES,Base_NotPriorSlope_Q3,VolumeSMA,154,154,14527.36655844156,14223.45,5966.43014441671,9482.9125,18402.237500000003,1.0
VolumeAvailableSubset,ByRegimeInstrument,Reference,2016 | 2016 observed regime,ES,Base_NotPriorSlope_Q3,RelativeVolume,154,154,1.023098107368182,0.88519930685,0.6272529039364914,0.60883295545,1.272189913925,1.0
VolumeAvailableSubset,ByRegimeInstrument,Reference,2016 | 2016 observed regime,ES,Base_NotPriorSlope_Q3,VolumeZScore,154,154,-0.00995972069025973,-0.20646240030000002,1.142866144622758,-0.874824746575,0.4723741505,0.42857142857142855
VolumeAvailableSubset,ByRegimeInstrument,Reference,2016 | 2016 observed regime,ES,Base_NotPriorSlope_Q3,SignedVolume,154,154,289.7077922077922,0.0,17815.60880768789,-10857.75,10895.75,0.44805194805194803
VolumeAvailableSubset,ByRegimeInstrument,Reference,2016 | 2016 observed regime,ES,Base_NotPriorSlope_Q3,UpVolume,154,154,7001.025974025974,0.0,11159.271324600588,0.0,10895.75,0.44805194805194803
VolumeAvailableSubset,ByRegimeInstrument,Reference,2016 | 2016 observed regime,ES,Base_NotPriorSlope_Q3,DownVolume,154,154,6711.318181818182,0.0,9913.634919463158,0.0,10857.75,0.45454545454545453
VolumeAvailableSubset,ByRegimeInstrument,Reference,2016 | 2016 observed regime,ES,Base_NotPriorSlope_Q3,FlatVolume,154,154,909.8701298701299,0.0,3645.291694580705,0.0,0.0,0.09740259740259741
VolumeAvailableSubset,ByRegimeInstrument,Reference,2016 | 2016 observed regime,ES,Base_NotPriorSlope_Q3,UpDownVolumeDelta,154,154,289.7077922077922,0.0,17815.60880768789,-10857.75,10895.75,0.44805194805194803
VolumeAvailableSubset,ByRegimeInstrument,Reference,2016 | 2016 observed regime,NQ,PriorSlope_Q3,Volume,40,40,2210.825,1537.5,2003.8516615284316,931.75,2964.5,1.0
VolumeAvailableSubset,ByRegimeInstrument,Reference,2016 | 2016 observed regime,NQ,PriorSlope_Q3,VolumeSMA,40,40,2133.06625,2053.375,908.9547046898897,1488.525,2792.5125,1.0
VolumeAvailableSubset,ByRegimeInstrument,Reference,2016 | 2016 observed regime,NQ,PriorSlope_Q3,RelativeVolume,40,40,1.0001842164774999,0.78884327935,0.7953014081594789,0.65781914695,1.08811681235,1.0
VolumeAvailableSubset,ByRegimeInstrument,Reference,2016 | 2016 observed regime,NQ,PriorSlope_Q3,VolumeZScore,40,40,-0.22841418315000003,-0.42856729475,0.9946103551895099,-0.933217358175,0.195845604925,0.275
VolumeAvailableSubset,ByRegimeInstrument,Reference,2016 | 2016 observed regime,NQ,PriorSlope_Q3,SignedVolume,40,40,-185.75,165.5,2978.3247980306146,-1720.0,1309.75,0.575
VolumeAvailableSubset,ByRegimeInstrument,Reference,2016 | 2016 observed regime,NQ,PriorSlope_Q3,UpVolume,40,40,975.375,165.5,1440.7628265734431,0.0,1309.75,0.575
VolumeAvailableSubset,ByRegimeInstrument,Reference,2016 | 2016 observed regime,NQ,PriorSlope_Q3,DownVolume,40,40,1161.125,0.0,2114.586935325971,0.0,1720.0,0.375
VolumeAvailableSubset,ByRegimeInstrument,Reference,2016 | 2016 observed regime,NQ,PriorSlope_Q3,FlatVolume,40,40,74.325,0.0,342.0866877314534,0.0,0.0,0.05
VolumeAvailableSubset,ByRegimeInstrument,Reference,2016 | 2016 observed regime,NQ,PriorSlope_Q3,UpDownVolumeDelta,40,40,-185.75,165.5,2978.3247980306146,-1720.0,1309.75,0.575
VolumeAvailableSubset,ByRegimeInstrument,Reference,2016 | 2016 observed regime,NQ,Base_NotPriorSlope_Q3,Volume,134,134,2297.955223880597,1710.0,1921.5964300771604,1136.0,2992.5,1.0
VolumeAvailableSubset,ByRegimeInstrument,Reference,2016 | 2016 observed regime,NQ,Base_NotPriorSlope_Q3,VolumeSMA,134,134,2302.978731343284,1993.975,1157.2489647457653,1492.8000000000002,2873.25,1.0
VolumeAvailableSubset,ByRegimeInstrument,Reference,2016 | 2016 observed regime,NQ,Base_NotPriorSlope_Q3,RelativeVolume,134,134,1.0184795137626865,0.88603758195,0.7449473900978136,0.673948788825,1.230133796675,1.0
VolumeAvailableSubset,ByRegimeInstrument,Reference,2016 | 2016 observed regime,NQ,Base_NotPriorSlope_Q3,VolumeZScore,134,134,-0.09158952883134326,-0.27764522615,0.9759526553238319,-0.768893478125,0.4648380397,0.417910447761194
VolumeAvailableSubset,ByRegimeInstrument,Reference,2016 | 2016 observed regime,NQ,Base_NotPriorSlope_Q3,SignedVolume,134,134,-305.05223880597015,-123.0,2931.2161973738525,-1959.75,1299.0,0.44776119402985076
VolumeAvailableSubset,ByRegimeInstrument,Reference,2016 | 2016 observed regime,NQ,Base_NotPriorSlope_Q3,UpVolume,134,134,952.3283582089553,0.0,1517.7193355807854,0.0,1299.0,0.44776119402985076
VolumeAvailableSubset,ByRegimeInstrument,Reference,2016 | 2016 observed regime,NQ,Base_NotPriorSlope_Q3,DownVolume,134,134,1257.3805970149253,123.0,1968.672499540683,0.0,1959.75,0.5223880597014925
VolumeAvailableSubset,ByRegimeInstrument,Reference,2016 | 2016 observed regime,NQ,Base_NotPriorSlope_Q3,FlatVolume,134,134,88.24626865671642,0.0,564.981328277105,0.0,0.0,0.029850746268656716
VolumeAvailableSubset,ByRegimeInstrument,Reference,2016 | 2016 observed regime,NQ,Base_NotPriorSlope_Q3,UpDownVolumeDelta,134,134,-305.05223880597015,-123.0,2931.2161973738525,-1959.75,1299.0,0.44776119402985076
VolumeAvailableSubset,ByRegimeInstrument,Reference,2017 | 2017 observed regime,ES,PriorSlope_Q3,Volume,43,43,19371.883720930233,9568.0,35167.161157351184,5374.0,16253.5,1.0
VolumeAvailableSubset,ByRegimeInstrument,Reference,2017 | 2017 observed regime,ES,PriorSlope_Q3,VolumeSMA,43,43,12715.369767441858,10945.45,7819.171642272993,6399.475,17522.875,1.0
VolumeAvailableSubset,ByRegimeInstrument,Reference,2017 | 2017 observed regime,ES,PriorSlope_Q3,RelativeVolume,43,43,1.3250871935418604,0.9376849915,1.6473804315991067,0.70250740225,1.2499037328,1.0
VolumeAvailableSubset,ByRegimeInstrument,Reference,2017 | 2017 observed regime,ES,PriorSlope_Q3,VolumeZScore,43,43,0.2180540051488372,-0.0733307078,1.1786767953499027,-0.45245026330000004,0.4299673447,0.4418604651162791
VolumeAvailableSubset,ByRegimeInstrument,Reference,2017 | 2017 observed regime,ES,PriorSlope_Q3,SignedVolume,43,43,1999.2558139534883,989.0,40081.2153580185,-7641.5,9102.0,0.5116279069767442
VolumeAvailableSubset,ByRegimeInstrument,Reference,2017 | 2017 observed regime,ES,PriorSlope_Q3,UpVolume,43,43,10164.53488372093,989.0,31900.08527556063,0.0,9102.0,0.5116279069767442
VolumeAvailableSubset,ByRegimeInstrument,Reference,2017 | 2017 observed regime,ES,PriorSlope_Q3,DownVolume,43,43,8165.279069767442,0.0,20468.113080182135,0.0,7641.5,0.37209302325581395
VolumeAvailableSubset,ByRegimeInstrument,Reference,2017 | 2017 observed regime,ES,PriorSlope_Q3,FlatVolume,43,43,1042.0697674418604,0.0,3037.4857820192333,0.0,0.0,0.11627906976744186
VolumeAvailableSubset,ByRegimeInstrument,Reference,2017 | 2017 observed regime,ES,PriorSlope_Q3,UpDownVolumeDelta,43,43,1999.2558139534883,989.0,40081.2153580185,-7641.5,9102.0,0.5116279069767442
VolumeAvailableSubset,ByRegimeInstrument,Reference,2017 | 2017 observed regime,ES,Base_NotPriorSlope_Q3,Volume,206,206,11807.893203883496,7969.0,12851.680998836535,4682.75,14186.25,1.0
VolumeAvailableSubset,ByRegimeInstrument,Reference,2017 | 2017 observed regime,ES,Base_NotPriorSlope_Q3,VolumeSMA,206,206,12028.103155339806,11330.55,6682.670560554712,6728.625,15378.0625,1.0
VolumeAvailableSubset,ByRegimeInstrument,Reference,2017 | 2017 observed regime,ES,Base_NotPriorSlope_Q3,RelativeVolume,206,206,0.9583840525155339,0.78212608235,0.7050423400597523,0.521613467025,1.1882151596250001,1.0
VolumeAvailableSubset,ByRegimeInstrument,Reference,2017 | 2017 observed regime,ES,Base_NotPriorSlope_Q3,VolumeZScore,206,206,-0.16325750397766992,-0.3544899748,0.9385868853038526,-0.7776699133,0.2852508985,0.3300970873786408
VolumeAvailableSubset,ByRegimeInstrument,Reference,2017 | 2017 observed regime,ES,Base_NotPriorSlope_Q3,SignedVolume,206,206,-1110.4708737864078,0.0,17126.229506203268,-7344.75,6895.5,0.4029126213592233
VolumeAvailableSubset,ByRegimeInstrument,Reference,2017 | 2017 observed regime,ES,Base_NotPriorSlope_Q3,UpVolume,206,206,4916.820388349514,0.0,8859.427441268113,0.0,6895.5,0.4029126213592233
VolumeAvailableSubset,ByRegimeInstrument,Reference,2017 | 2017 observed regime,ES,Base_NotPriorSlope_Q3,DownVolume,206,206,6027.291262135922,0.0,12460.294634288914,0.0,7344.75,0.4563106796116505
VolumeAvailableSubset,ByRegimeInstrument,Reference,2017 | 2017 observed regime,ES,Base_NotPriorSlope_Q3,FlatVolume,206,206,863.7815533980582,0.0,3158.4044591625793,0.0,0.0,0.1407766990291262
VolumeAvailableSubset,ByRegimeInstrument,Reference,2017 | 2017 observed regime,ES,Base_NotPriorSlope_Q3,UpDownVolumeDelta,206,206,-1110.4708737864078,0.0,17126.229506203268,-7344.75,6895.5,0.4029126213592233
VolumeAvailableSubset,ByRegimeInstrument,Reference,2017 | 2017 observed regime,NQ,PriorSlope_Q3,Volume,137,137,930.3357664233577,190.0,1628.0323349033238,93.0,743.0,1.0
VolumeAvailableSubset,ByRegimeInstrument,Reference,2017 | 2017 observed regime,NQ,PriorSlope_Q3,VolumeSMA,137,137,1097.9386861313867,304.95,1665.1601727076559,151.85,1420.8,1.0
VolumeAvailableSubset,ByRegimeInstrument,Reference,2017 | 2017 observed regime,NQ,PriorSlope_Q3,RelativeVolume,137,137,0.9753400200678831,0.8446455505,0.8094518501106457,0.497540695,1.1261582324,1.0
VolumeAvailableSubset,ByRegimeInstrument,Reference,2017 | 2017 observed regime,NQ,PriorSlope_Q3,VolumeZScore,137,137,-0.056351996494890505,-0.2405882913,1.016393959779809,-0.6977824265,0.1909655956,0.3357664233576642
VolumeAvailableSubset,ByRegimeInstrument,Reference,2017 | 2017 observed regime,NQ,PriorSlope_Q3,SignedVolume,137,137,19.73722627737226,41.0,1852.0623809135564,-165.0,227.0,0.5255474452554745
VolumeAvailableSubset,ByRegimeInstrument,Reference,2017 | 2017 observed regime,NQ,PriorSlope_Q3,UpVolume,137,137,453.86131386861314,41.0,1206.931422478472,0.0,227.0,0.5255474452554745
VolumeAvailableSubset,ByRegimeInstrument,Reference,2017 | 2017 observed regime,NQ,PriorSlope_Q3,DownVolume,137,137,434.1240875912409,0.0,1255.5834561555052,0.0,165.0,0.40875912408759124
VolumeAvailableSubset,ByRegimeInstrument,Reference,2017 | 2017 observed regime,NQ,PriorSlope_Q3,FlatVolume,137,137,42.35036496350365,0.0,300.07306931814605,0.0,0.0,0.06569343065693431
VolumeAvailableSubset,ByRegimeInstrument,Reference,2017 | 2017 observed regime,NQ,PriorSlope_Q3,UpDownVolumeDelta,137,137,19.73722627737226,41.0,1852.0623809135564,-165.0,227.0,0.5255474452554745
VolumeAvailableSubset,ByRegimeInstrument,Reference,2017 | 2017 observed regime,NQ,Base_NotPriorSlope_Q3,Volume,547,547,1026.1224862888482,226.0,2189.4222425178523,106.5,933.0,1.0
VolumeAvailableSubset,ByRegimeInstrument,Reference,2017 | 2017 observed regime,NQ,Base_NotPriorSlope_Q3,VolumeSMA,547,547,1044.339122486289,258.35,1604.1347299229626,147.15,1473.875,1.0
VolumeAvailableSubset,ByRegimeInstrument,Reference,2017 | 2017 observed regime,NQ,Base_NotPriorSlope_Q3,RelativeVolume,547,547,1.031960095087203,0.8406175966,0.9470267374215919,0.5312933849,1.27326882855,1.0
VolumeAvailableSubset,ByRegimeInstrument,Reference,2017 | 2017 observed regime,NQ,Base_NotPriorSlope_Q3,VolumeZScore,547,547,-0.009900754479890313,-0.2580710441,1.051339853345074,-0.72025323025,0.44691670215,0.38391224862888484
VolumeAvailableSubset,ByRegimeInstrument,Reference,2017 | 2017 observed regime,NQ,Base_NotPriorSlope_Q3,SignedVolume,547,547,13.945155393053016,0.0,2391.16769425348,-178.5,231.5,0.4844606946983547
VolumeAvailableSubset,ByRegimeInstrument,Reference,2017 | 2017 observed regime,NQ,Base_NotPriorSlope_Q3,UpVolume,547,547,496.49360146252286,0.0,1665.6227100762108,0.0,231.5,0.4844606946983547
VolumeAvailableSubset,ByRegimeInstrument,Reference,2017 | 2017 observed regime,NQ,Base_NotPriorSlope_Q3,DownVolume,547,547,482.54844606946983,0.0,1569.503713741135,0.0,178.5,0.4186471663619744
VolumeAvailableSubset,ByRegimeInstrument,Reference,2017 | 2017 observed regime,NQ,Base_NotPriorSlope_Q3,FlatVolume,547,547,47.08043875685558,0.0,358.227802317074,0.0,0.0,0.09689213893967093
VolumeAvailableSubset,ByRegimeInstrument,Reference,2017 | 2017 observed regime,NQ,Base_NotPriorSlope_Q3,UpDownVolumeDelta,547,547,13.945155393053016,0.0,2391.16769425348,-178.5,231.5,0.4844606946983547
VolumeAvailableSubset,ByRegimeInstrument,Reference,2019 | 2019 observed regime,ES,PriorSlope_Q3,Volume,45,45,16074.266666666666,13510.0,13998.725465360962,5390.0,22170.0,1.0
VolumeAvailableSubset,ByRegimeInstrument,Reference,2019 | 2019 observed regime,ES,PriorSlope_Q3,VolumeSMA,45,45,15319.45777777778,14854.7,7601.140489179565,9351.4,20930.2,1.0
VolumeAvailableSubset,ByRegimeInstrument,Reference,2019 | 2019 observed regime,ES,PriorSlope_Q3,RelativeVolume,45,45,1.0913929980222221,0.8696080069,1.0170587114091691,0.5828225006,1.0931761939,1.0
VolumeAvailableSubset,ByRegimeInstrument,Reference,2019 | 2019 observed regime,ES,PriorSlope_Q3,VolumeZScore,45,45,-0.038252970651111134,-0.1410097174,1.067853611537169,-0.6914677102,0.2768811837,0.37777777777777777
VolumeAvailableSubset,ByRegimeInstrument,Reference,2019 | 2019 observed regime,ES,PriorSlope_Q3,SignedVolume,45,45,48.422222222222224,-442.0,21402.194882650463,-11310.0,13510.0,0.4444444444444444
VolumeAvailableSubset,ByRegimeInstrument,Reference,2019 | 2019 observed regime,ES,PriorSlope_Q3,UpVolume,45,45,7929.622222222222,0.0,14175.55341278025,0.0,13510.0,0.4444444444444444
VolumeAvailableSubset,ByRegimeInstrument,Reference,2019 | 2019 observed regime,ES,PriorSlope_Q3,DownVolume,45,45,7881.2,442.0,11370.007690890498,0.0,11310.0,0.5111111111111111
VolumeAvailableSubset,ByRegimeInstrument,Reference,2019 | 2019 observed regime,ES,PriorSlope_Q3,FlatVolume,45,45,263.44444444444446,0.0,1446.1530717979708,0.0,0.0,0.044444444444444446
VolumeAvailableSubset,ByRegimeInstrument,Reference,2019 | 2019 observed regime,ES,PriorSlope_Q3,UpDownVolumeDelta,45,45,48.422222222222224,-442.0,21402.194882650463,-11310.0,13510.0,0.4444444444444444
VolumeAvailableSubset,ByRegimeInstrument,Reference,2019 | 2019 observed regime,ES,Base_NotPriorSlope_Q3,Volume,127,127,16840.299212598424,11306.0,18605.582052516816,6374.5,19969.5,1.0
VolumeAvailableSubset,ByRegimeInstrument,Reference,2019 | 2019 observed regime,ES,Base_NotPriorSlope_Q3,VolumeSMA,127,127,15257.744094488187,14652.05,6762.422249218894,10027.125,20364.675000000003,1.0
VolumeAvailableSubset,ByRegimeInstrument,Reference,2019 | 2019 observed regime,ES,Base_NotPriorSlope_Q3,RelativeVolume,127,127,1.101477630064567,0.8268980373,1.011073332518286,0.600462431,1.2426543918,1.0
VolumeAvailableSubset,ByRegimeInstrument,Reference,2019 | 2019 observed regime,ES,Base_NotPriorSlope_Q3,VolumeZScore,127,127,-0.05778236275590553,-0.3254879253,1.2496389579182285,-0.8626908293,0.36663619295,0.33858267716535434
VolumeAvailableSubset,ByRegimeInstrument,Reference,2019 | 2019 observed regime,ES,Base_NotPriorSlope_Q3,SignedVolume,127,127,-613.496062992126,0.0,24331.979899371057,-10342.0,10015.5,0.4645669291338583
VolumeAvailableSubset,ByRegimeInstrument,Reference,2019 | 2019 observed regime,ES,Base_NotPriorSlope_Q3,UpVolume,127,127,7573.244094488189,0.0,13421.84288479313,0.0,10015.5,0.4645669291338583
VolumeAvailableSubset,ByRegimeInstrument,Reference,2019 | 2019 observed regime,ES,Base_NotPriorSlope_Q3,DownVolume,127,127,8186.740157480315,0.0,16938.562112291173,0.0,10342.0,0.44881889763779526
VolumeAvailableSubset,ByRegimeInstrument,Reference,2019 | 2019 observed regime,ES,Base_NotPriorSlope_Q3,FlatVolume,127,127,1080.3149606299212,0.0,6197.835679199773,0.0,0.0,0.08661417322834646
VolumeAvailableSubset,ByRegimeInstrument,Reference,2019 | 2019 observed regime,ES,Base_NotPriorSlope_Q3,UpDownVolumeDelta,127,127,-613.496062992126,0.0,24331.979899371057,-10342.0,10015.5,0.4645669291338583
VolumeAvailableSubset,ByRegimeInstrument,Reference,2019 | 2019 observed regime,NQ,PriorSlope_Q3,Volume,36,36,4865.75,4154.0,3552.229065771841,2217.25,6708.5,1.0
VolumeAvailableSubset,ByRegimeInstrument,Reference,2019 | 2019 observed regime,NQ,PriorSlope_Q3,VolumeSMA,36,36,5218.475000000001,5325.45,2434.964382124364,3819.45,6692.3875,1.0
VolumeAvailableSubset,ByRegimeInstrument,Reference,2019 | 2019 observed regime,NQ,PriorSlope_Q3,RelativeVolume,36,36,0.9178658504611111,0.85816893905,0.47088231381125883,0.66581438745,1.1743701443,1.0
VolumeAvailableSubset,ByRegimeInstrument,Reference,2019 | 2019 observed regime,NQ,PriorSlope_Q3,VolumeZScore,36,36,-0.2206808241138889,-0.29343253015000004,0.9214400430762357,-0.872959423675,0.35385484795,0.3611111111111111
VolumeAvailableSubset,ByRegimeInstrument,Reference,2019 | 2019 observed regime,NQ,PriorSlope_Q3,SignedVolume,36,36,-544.6388888888889,-198.0,6055.178875039957,-4677.0,3746.0,0.4722222222222222
VolumeAvailableSubset,ByRegimeInstrument,Reference,2019 | 2019 observed regime,NQ,PriorSlope_Q3,UpVolume,36,36,2160.5555555555557,0.0,2946.7624117174955,0.0,3746.0,0.4722222222222222
VolumeAvailableSubset,ByRegimeInstrument,Reference,2019 | 2019 observed regime,NQ,PriorSlope_Q3,DownVolume,36,36,2705.1944444444443,198.0,3994.7906780094386,0.0,4677.0,0.5277777777777778
VolumeAvailableSubset,ByRegimeInstrument,Reference,2019 | 2019 observed regime,NQ,PriorSlope_Q3,FlatVolume,36,36,0.0,0.0,0.0,0.0,0.0,0.0
VolumeAvailableSubset,ByRegimeInstrument,Reference,2019 | 2019 observed regime,NQ,PriorSlope_Q3,UpDownVolumeDelta,36,36,-544.6388888888889,-198.0,6055.178875039957,-4677.0,3746.0,0.4722222222222222
VolumeAvailableSubset,ByRegimeInstrument,Reference,2019 | 2019 observed regime,NQ,Base_NotPriorSlope_Q3,Volume,142,142,4425.971830985915,3561.0,2965.8104652038937,2233.0,6091.75,1.0
VolumeAvailableSubset,ByRegimeInstrument,Reference,2019 | 2019 observed regime,NQ,Base_NotPriorSlope_Q3,VolumeSMA,142,142,4641.36161971831,4340.225,2206.65204518842,2889.25,5979.2375,1.0
VolumeAvailableSubset,ByRegimeInstrument,Reference,2019 | 2019 observed regime,NQ,Base_NotPriorSlope_Q3,RelativeVolume,142,142,0.967380675709155,0.8822807931500001,0.48656015170809186,0.6484592417749999,1.19105444855,1.0
VolumeAvailableSubset,ByRegimeInstrument,Reference,2019 | 2019 observed regime,NQ,Base_NotPriorSlope_Q3,VolumeZScore,142,142,-0.1338542226746479,-0.31244963935000003,1.020219570959837,-0.9400207305749999,0.44859427355000003,0.39436619718309857
VolumeAvailableSubset,ByRegimeInstrument,Reference,2019 | 2019 observed regime,NQ,Base_NotPriorSlope_Q3,SignedVolume,142,142,797.0492957746479,1682.5,5269.350018898552,-3002.25,4167.0,0.5563380281690141
VolumeAvailableSubset,ByRegimeInstrument,Reference,2019 | 2019 observed regime,NQ,Base_NotPriorSlope_Q3,UpVolume,142,142,2588.7323943661972,1682.5,3292.596763287273,0.0,4167.0,0.5563380281690141
VolumeAvailableSubset,ByRegimeInstrument,Reference,2019 | 2019 observed regime,NQ,Base_NotPriorSlope_Q3,DownVolume,142,142,1791.6830985915492,0.0,2753.6684838083556,0.0,3002.25,0.4154929577464789
VolumeAvailableSubset,ByRegimeInstrument,Reference,2019 | 2019 observed regime,NQ,Base_NotPriorSlope_Q3,FlatVolume,142,142,45.556338028169016,0.0,340.96358085605385,0.0,0.0,0.028169014084507043
VolumeAvailableSubset,ByRegimeInstrument,Reference,2019 | 2019 observed regime,NQ,Base_NotPriorSlope_Q3,UpDownVolumeDelta,142,142,797.0492957746479,1682.5,5269.350018898552,-3002.25,4167.0,0.5563380281690141
VolumeAvailableSubset,ByRegimeInstrument,Reference,2023 | 2023 observed regime,ES,PriorSlope_Q3,Volume,56,56,16796.01785714286,12702.0,14567.177293791898,8459.5,20036.5,1.0
VolumeAvailableSubset,ByRegimeInstrument,Reference,2023 | 2023 observed regime,ES,PriorSlope_Q3,VolumeSMA,56,56,14836.222321428571,14103.525,4759.788759072475,11674.462500000001,17871.975,1.0
VolumeAvailableSubset,ByRegimeInstrument,Reference,2023 | 2023 observed regime,ES,PriorSlope_Q3,RelativeVolume,56,56,1.132761581251786,0.84582792435,0.933441164776044,0.692633849925,1.4884810318750001,1.0
VolumeAvailableSubset,ByRegimeInstrument,Reference,2023 | 2023 observed regime,ES,PriorSlope_Q3,VolumeZScore,56,56,0.030130880233928563,-0.3927529678,1.1831735782052408,-0.7517689387000001,0.62432347455,0.35714285714285715
VolumeAvailableSubset,ByRegimeInstrument,Reference,2023 | 2023 observed regime,ES,PriorSlope_Q3,SignedVolume,56,56,-1641.3035714285713,0.0,22030.533001367687,-11087.75,12213.25,0.44642857142857145
VolumeAvailableSubset,ByRegimeInstrument,Reference,2023 | 2023 observed regime,ES,PriorSlope_Q3,UpVolume,56,56,7134.357142857143,0.0,10391.17384116937,0.0,12213.25,0.44642857142857145
VolumeAvailableSubset,ByRegimeInstrument,Reference,2023 | 2023 observed regime,ES,PriorSlope_Q3,DownVolume,56,56,8775.660714285714,0.0,15807.397483775276,0.0,11087.75,0.4642857142857143
VolumeAvailableSubset,ByRegimeInstrument,Reference,2023 | 2023 observed regime,ES,PriorSlope_Q3,FlatVolume,56,56,886.0,0.0,3248.3171195391174,0.0,0.0,0.08928571428571429
VolumeAvailableSubset,ByRegimeInstrument,Reference,2023 | 2023 observed regime,ES,PriorSlope_Q3,UpDownVolumeDelta,56,56,-1641.3035714285713,0.0,22030.533001367687,-11087.75,12213.25,0.44642857142857145
VolumeAvailableSubset,ByRegimeInstrument,Reference,2023 | 2023 observed regime,ES,Base_NotPriorSlope_Q3,Volume,272,272,14391.33455882353,12126.5,11233.951844579402,8242.25,17496.75,1.0
VolumeAvailableSubset,ByRegimeInstrument,Reference,2023 | 2023 observed regime,ES,Base_NotPriorSlope_Q3,VolumeSMA,272,272,14926.76213235294,13905.55,5757.715365985103,10926.3625,18006.2625,1.0
VolumeAvailableSubset,ByRegimeInstrument,Reference,2023 | 2023 observed regime,ES,Base_NotPriorSlope_Q3,RelativeVolume,272,272,0.9796739442830882,0.851861654,0.6522351055631621,0.6250813264,1.1819102838750002,1.0
VolumeAvailableSubset,ByRegimeInstrument,Reference,2023 | 2023 observed regime,ES,Base_NotPriorSlope_Q3,VolumeZScore,272,272,-0.13662506962205884,-0.38219082595,0.9779604491086802,-0.782203413225,0.3803516049,0.375
VolumeAvailableSubset,ByRegimeInstrument,Reference,2023 | 2023 observed regime,ES,Base_NotPriorSlope_Q3,SignedVolume,272,272,550.0625,233.5,17967.353457874986,-11117.0,11671.25,0.5
VolumeAvailableSubset,ByRegimeInstrument,Reference,2023 | 2023 observed regime,ES,Base_NotPriorSlope_Q3,UpVolume,272,272,7081.0,233.5,10415.472457675896,0.0,11671.25,0.5
VolumeAvailableSubset,ByRegimeInstrument,Reference,2023 | 2023 observed regime,ES,Base_NotPriorSlope_Q3,DownVolume,272,272,6530.9375,0.0,11023.216008977652,0.0,11117.0,0.4264705882352941
VolumeAvailableSubset,ByRegimeInstrument,Reference,2023 | 2023 observed regime,ES,Base_NotPriorSlope_Q3,FlatVolume,272,272,779.3970588235294,0.0,3215.1598728234644,0.0,0.0,0.07352941176470588
VolumeAvailableSubset,ByRegimeInstrument,Reference,2023 | 2023 observed regime,ES,Base_NotPriorSlope_Q3,UpDownVolumeDelta,272,272,550.0625,233.5,17967.353457874986,-11117.0,11671.25,0.5
VolumeAvailableSubset,ByRegimeInstrument,Reference,2023 | 2023 observed regime,NQ,PriorSlope_Q3,Volume,61,61,5075.426229508197,4137.0,4176.420698233582,2962.0,6194.0,1.0
VolumeAvailableSubset,ByRegimeInstrument,Reference,2023 | 2023 observed regime,NQ,PriorSlope_Q3,VolumeSMA,61,61,5621.79180327869,4732.85,2283.3644132467543,3896.7,6972.35,1.0
VolumeAvailableSubset,ByRegimeInstrument,Reference,2023 | 2023 observed regime,NQ,PriorSlope_Q3,RelativeVolume,61,61,0.9408035908065574,0.8067206864,0.9090038208465712,0.6124442816,1.0181083023,1.0
VolumeAvailableSubset,ByRegimeInstrument,Reference,2023 | 2023 observed regime,NQ,PriorSlope_Q3,VolumeZScore,61,61,-0.38136417534098366,-0.487982657,0.9138046732907623,-0.9095446749,0.0313550594,0.2786885245901639
VolumeAvailableSubset,ByRegimeInstrument,Reference,2023 | 2023 observed regime,NQ,PriorSlope_Q3,SignedVolume,61,61,1554.4426229508197,2971.0,6416.791284135164,-2411.0,4559.0,0.6229508196721312
VolumeAvailableSubset,ByRegimeInstrument,Reference,2023 | 2023 observed regime,NQ,PriorSlope_Q3,UpVolume,61,61,3314.934426229508,2971.0,4172.1489142041755,0.0,4559.0,0.6229508196721312
VolumeAvailableSubset,ByRegimeInstrument,Reference,2023 | 2023 observed regime,NQ,PriorSlope_Q3,DownVolume,61,61,1760.4918032786886,0.0,3449.9309491783115,0.0,2411.0,0.3770491803278688
VolumeAvailableSubset,ByRegimeInstrument,Reference,2023 | 2023 observed regime,NQ,PriorSlope_Q3,FlatVolume,61,61,0.0,0.0,0.0,0.0,0.0,0.0
VolumeAvailableSubset,ByRegimeInstrument,Reference,2023 | 2023 observed regime,NQ,PriorSlope_Q3,UpDownVolumeDelta,61,61,1554.4426229508197,2971.0,6416.791284135164,-2411.0,4559.0,0.6229508196721312
VolumeAvailableSubset,ByRegimeInstrument,Reference,2023 | 2023 observed regime,NQ,Base_NotPriorSlope_Q3,Volume,242,242,6209.247933884298,5000.0,5168.420314988092,3113.5,7765.75,1.0
VolumeAvailableSubset,ByRegimeInstrument,Reference,2023 | 2023 observed regime,NQ,Base_NotPriorSlope_Q3,VolumeSMA,242,242,5821.951446280992,5463.825,2162.329759583028,4129.775,7240.4125,1.0
VolumeAvailableSubset,ByRegimeInstrument,Reference,2023 | 2023 observed regime,NQ,Base_NotPriorSlope_Q3,RelativeVolume,242,242,1.0980486345330578,0.81636880815,1.029776460706349,0.5998739148250001,1.2297178076500002,1.0
VolumeAvailableSubset,ByRegimeInstrument,Reference,2023 | 2023 observed regime,NQ,Base_NotPriorSlope_Q3,VolumeZScore,242,242,-0.12487069338099174,-0.4369322617,1.1288287085143283,-0.92131283535,0.42736118440000004,0.3512396694214876
VolumeAvailableSubset,ByRegimeInstrument,Reference,2023 | 2023 observed regime,NQ,Base_NotPriorSlope_Q3,SignedVolume,242,242,-872.6611570247934,-499.5,8039.78592286753,-5278.75,4448.5,0.4669421487603306
VolumeAvailableSubset,ByRegimeInstrument,Reference,2023 | 2023 observed regime,NQ,Base_NotPriorSlope_Q3,UpVolume,242,242,2662.5702479338843,0.0,4233.644349546527,0.0,4448.5,0.4669421487603306
VolumeAvailableSubset,ByRegimeInstrument,Reference,2023 | 2023 observed regime,NQ,Base_NotPriorSlope_Q3,DownVolume,242,242,3535.2314049586776,499.5,5273.584620654987,0.0,5278.75,0.5247933884297521
VolumeAvailableSubset,ByRegimeInstrument,Reference,2023 | 2023 observed regime,NQ,Base_NotPriorSlope_Q3,FlatVolume,242,242,11.446280991735538,0.0,155.9489197366383,0.0,0.0,0.008264462809917356
VolumeAvailableSubset,ByRegimeInstrument,Reference,2023 | 2023 observed regime,NQ,Base_NotPriorSlope_Q3,UpDownVolumeDelta,242,242,-872.6611570247934,-499.5,8039.78592286753,-5278.75,4448.5,0.4669421487603306
VolumeAvailableSubset,ByRegimeInstrument,Reference,2024 | modern mixed regime,ES,PriorSlope_Q3,Volume,44,44,12349.272727272728,10228.5,11616.044113816142,5694.75,14601.0,1.0
VolumeAvailableSubset,ByRegimeInstrument,Reference,2024 | modern mixed regime,ES,PriorSlope_Q3,VolumeSMA,44,44,11601.32272727273,11716.575,3921.976882239401,9639.0,13610.6,1.0
VolumeAvailableSubset,ByRegimeInstrument,Reference,2024 | modern mixed regime,ES,PriorSlope_Q3,RelativeVolume,44,44,1.0259979613772727,0.7874126406999999,0.924633863709132,0.5977360878,1.123893905,1.0
VolumeAvailableSubset,ByRegimeInstrument,Reference,2024 | modern mixed regime,ES,PriorSlope_Q3,VolumeZScore,44,44,-0.1811312100431818,-0.48515654065,1.0338298326835318,-0.743781751075,0.191367064575,0.38636363636363635
VolumeAvailableSubset,ByRegimeInstrument,Reference,2024 | modern mixed regime,ES,PriorSlope_Q3,SignedVolume,44,44,3649.5227272727275,4098.0,16424.812537939306,-7415.0,10170.25,0.5227272727272727
VolumeAvailableSubset,ByRegimeInstrument,Reference,2024 | modern mixed regime,ES,PriorSlope_Q3,UpVolume,44,44,7647.113636363636,4098.0,12660.189004827269,0.0,10170.25,0.5227272727272727
VolumeAvailableSubset,ByRegimeInstrument,Reference,2024 | modern mixed regime,ES,PriorSlope_Q3,DownVolume,44,44,3997.590909090909,0.0,6850.704738211099,0.0,7415.0,0.4090909090909091
VolumeAvailableSubset,ByRegimeInstrument,Reference,2024 | modern mixed regime,ES,PriorSlope_Q3,FlatVolume,44,44,704.5681818181819,0.0,2659.4071502107317,0.0,0.0,0.06818181818181818
VolumeAvailableSubset,ByRegimeInstrument,Reference,2024 | modern mixed regime,ES,PriorSlope_Q3,UpDownVolumeDelta,44,44,3649.5227272727275,4098.0,16424.812537939306,-7415.0,10170.25,0.5227272727272727
VolumeAvailableSubset,ByRegimeInstrument,Reference,2024 | modern mixed regime,ES,Base_NotPriorSlope_Q3,Volume,158,158,14927.911392405063,11761.5,11322.717259219455,8143.75,19957.25,1.0
VolumeAvailableSubset,ByRegimeInstrument,Reference,2024 | modern mixed regime,ES,Base_NotPriorSlope_Q3,VolumeSMA,158,158,12933.185443037974,12491.5,4685.621402872903,9331.8375,15630.425,1.0
VolumeAvailableSubset,ByRegimeInstrument,Reference,2024 | modern mixed regime,ES,Base_NotPriorSlope_Q3,RelativeVolume,158,158,1.1411335253740507,0.99972273365,0.7139013045507798,0.73389491795,1.4474111304,1.0
VolumeAvailableSubset,ByRegimeInstrument,Reference,2024 | modern mixed regime,ES,Base_NotPriorSlope_Q3,VolumeZScore,158,158,0.21901106119810126,-0.006822084599999999,1.0629548609441664,-0.580953455325,0.777788662775,0.5
VolumeAvailableSubset,ByRegimeInstrument,Reference,2024 | modern mixed regime,ES,Base_NotPriorSlope_Q3,SignedVolume,158,158,647.7088607594936,763.0,18465.431382214134,-9922.0,11878.0,0.5126582278481012
VolumeAvailableSubset,ByRegimeInstrument,Reference,2024 | modern mixed regime,ES,Base_NotPriorSlope_Q3,UpVolume,158,158,7483.107594936709,763.0,10779.782942513853,0.0,11878.0,0.5126582278481012
VolumeAvailableSubset,ByRegimeInstrument,Reference,2024 | modern mixed regime,ES,Base_NotPriorSlope_Q3,DownVolume,158,158,6835.398734177215,0.0,11037.064592296301,0.0,9922.0,0.43037974683544306
VolumeAvailableSubset,ByRegimeInstrument,Reference,2024 | modern mixed regime,ES,Base_NotPriorSlope_Q3,FlatVolume,158,158,609.4050632911392,0.0,3270.741334845152,0.0,0.0,0.056962025316455694
VolumeAvailableSubset,ByRegimeInstrument,Reference,2024 | modern mixed regime,ES,Base_NotPriorSlope_Q3,UpDownVolumeDelta,158,158,647.7088607594936,763.0,18465.431382214134,-9922.0,11878.0,0.5126582278481012
VolumeAvailableSubset,ByRegimeInstrument,Reference,2024 | modern mixed regime,NQ,PriorSlope_Q3,Volume,39,39,6051.0,4945.0,4027.107646934708,3644.5,7938.5,1.0
VolumeAvailableSubset,ByRegimeInstrument,Reference,2024 | modern mixed regime,NQ,PriorSlope_Q3,VolumeSMA,39,39,6478.473076923076,6320.0,2104.959532422809,4984.200000000001,7613.9,1.0
VolumeAvailableSubset,ByRegimeInstrument,Reference,2024 | modern mixed regime,NQ,PriorSlope_Q3,RelativeVolume,39,39,0.9940082841769228,0.7526922638,0.8277754665900724,0.53837725895,1.224052956,1.0
VolumeAvailableSubset,ByRegimeInstrument,Reference,2024 | modern mixed regime,NQ,PriorSlope_Q3,VolumeZScore,39,39,-0.24203909680000008,-0.4999097681,1.1476713084945038,-1.0794993776,0.5039856223,0.3333333333333333
VolumeAvailableSubset,ByRegimeInstrument,Reference,2024 | modern mixed regime,NQ,PriorSlope_Q3,SignedVolume,39,39,103.35897435897436,-563.0,7333.810395720486,-4254.5,5717.5,0.48717948717948717
VolumeAvailableSubset,ByRegimeInstrument,Reference,2024 | modern mixed regime,NQ,PriorSlope_Q3,UpVolume,39,39,3077.1794871794873,0.0,4013.8336043960117,0.0,5717.5,0.48717948717948717
VolumeAvailableSubset,ByRegimeInstrument,Reference,2024 | modern mixed regime,NQ,PriorSlope_Q3,DownVolume,39,39,2973.8205128205127,563.0,4346.300180200426,0.0,4254.5,0.5128205128205128
VolumeAvailableSubset,ByRegimeInstrument,Reference,2024 | modern mixed regime,NQ,PriorSlope_Q3,FlatVolume,39,39,0.0,0.0,0.0,0.0,0.0,0.0
VolumeAvailableSubset,ByRegimeInstrument,Reference,2024 | modern mixed regime,NQ,PriorSlope_Q3,UpDownVolumeDelta,39,39,103.35897435897436,-563.0,7333.810395720486,-4254.5,5717.5,0.48717948717948717
VolumeAvailableSubset,ByRegimeInstrument,Reference,2024 | modern mixed regime,NQ,Base_NotPriorSlope_Q3,Volume,143,143,6443.804195804196,5016.0,6056.9297552458265,3052.5,7228.0,1.0
VolumeAvailableSubset,ByRegimeInstrument,Reference,2024 | modern mixed regime,NQ,Base_NotPriorSlope_Q3,VolumeSMA,143,143,5885.282167832168,5568.8,1963.9062559685967,4329.425,6950.6,1.0
VolumeAvailableSubset,ByRegimeInstrument,Reference,2024 | modern mixed regime,NQ,Base_NotPriorSlope_Q3,RelativeVolume,143,143,1.0736433202713282,0.8485868574,0.88938541603086,0.5998254276999999,1.27462552295,1.0
VolumeAvailableSubset,ByRegimeInstrument,Reference,2024 | modern mixed regime,NQ,Base_NotPriorSlope_Q3,VolumeZScore,143,143,-0.07914029433076922,-0.4191145333,1.2342815269919585,-1.0131292222,0.5039585494000001,0.40559440559440557
VolumeAvailableSubset,ByRegimeInstrument,Reference,2024 | modern mixed regime,NQ,Base_NotPriorSlope_Q3,SignedVolume,143,143,-1168.6993006993007,-287.0,8776.529225953367,-5617.5,4786.5,0.4825174825174825
VolumeAvailableSubset,ByRegimeInstrument,Reference,2024 | modern mixed regime,NQ,Base_NotPriorSlope_Q3,UpVolume,143,143,2619.0699300699303,0.0,4149.836620999777,0.0,4786.5,0.4825174825174825
VolumeAvailableSubset,ByRegimeInstrument,Reference,2024 | modern mixed regime,NQ,Base_NotPriorSlope_Q3,DownVolume,143,143,3787.769230769231,287.0,6310.763177539643,0.0,5617.5,0.5034965034965035
VolumeAvailableSubset,ByRegimeInstrument,Reference,2024 | modern mixed regime,NQ,Base_NotPriorSlope_Q3,FlatVolume,143,143,36.96503496503497,0.0,311.61719050258466,0.0,0.0,0.013986013986013986
VolumeAvailableSubset,ByRegimeInstrument,Reference,2024 | modern mixed regime,NQ,Base_NotPriorSlope_Q3,UpDownVolumeDelta,143,143,-1168.6993006993007,-287.0,8776.529225953367,-5617.5,4786.5,0.4825174825174825
VolumeAvailableSubset,AllAvailableRows,Spacing_10,All,All,PriorSlope_Q3,Volume,313,313,8841.61661341853,4515.0,16072.282938217997,989.0,11145.0,1.0
VolumeAvailableSubset,AllAvailableRows,Spacing_10,All,All,PriorSlope_Q3,VolumeSMA,313,313,7872.349041533546,6569.75,6789.326425270571,2113.05,11842.3,1.0
VolumeAvailableSubset,AllAvailableRows,Spacing_10,All,All,PriorSlope_Q3,RelativeVolume,313,313,1.0318639717555913,0.8526940547,0.9536231437657872,0.6001690617,1.152892105,1.0
VolumeAvailableSubset,AllAvailableRows,Spacing_10,All,All,PriorSlope_Q3,VolumeZScore,313,313,-0.10049109953067094,-0.3326668487,1.0297496976244798,-0.8138367337,0.3136493026,0.35782747603833864
VolumeAvailableSubset,AllAvailableRows,Spacing_10,All,All,PriorSlope_Q3,SignedVolume,313,313,1011.7635782747603,59.0,18200.360255883006,-3649.0,4615.0,0.5143769968051118
VolumeAvailableSubset,AllAvailableRows,Spacing_10,All,All,PriorSlope_Q3,UpVolume,313,313,4737.0319488817895,59.0,13975.705365860249,0.0,4615.0,0.5143769968051118
VolumeAvailableSubset,AllAvailableRows,Spacing_10,All,All,PriorSlope_Q3,DownVolume,313,313,3725.268370607029,0.0,10026.276598086455,0.0,3649.0,0.4281150159744409
VolumeAvailableSubset,AllAvailableRows,Spacing_10,All,All,PriorSlope_Q3,FlatVolume,313,313,379.31629392971246,0.0,2078.1288456196544,0.0,0.0,0.05750798722044728
VolumeAvailableSubset,AllAvailableRows,Spacing_10,All,All,PriorSlope_Q3,UpDownVolumeDelta,313,313,1011.7635782747603,59.0,18200.360255883006,-3649.0,4615.0,0.5143769968051118
VolumeAvailableSubset,AllAvailableRows,Spacing_10,All,All,Base_NotPriorSlope_Q3,Volume,1269,1269,7919.595744680851,4765.0,10997.054212444029,894.0,10302.0,1.0
VolumeAvailableSubset,AllAvailableRows,Spacing_10,All,All,Base_NotPriorSlope_Q3,VolumeSMA,1269,1269,7769.427029156816,5931.95,7038.628705329532,1855.0,12409.0,1.0
VolumeAvailableSubset,AllAvailableRows,Spacing_10,All,All,Base_NotPriorSlope_Q3,RelativeVolume,1269,1269,1.0240238520949567,0.8611133818,0.7903891145664438,0.5937031484,1.2439530062,1.0
VolumeAvailableSubset,AllAvailableRows,Spacing_10,All,All,Base_NotPriorSlope_Q3,VolumeZScore,1269,1269,-0.06416195802710795,-0.2982226109,1.0525366274986334,-0.800126811,0.4413340424,0.3821907013396375
VolumeAvailableSubset,AllAvailableRows,Spacing_10,All,All,Base_NotPriorSlope_Q3,SignedVolume,1269,1269,-854.8077226162333,0.0,13357.45984498246,-4492.0,4044.0,0.47044917257683216
VolumeAvailableSubset,AllAvailableRows,Spacing_10,All,All,Base_NotPriorSlope_Q3,UpVolume,1269,1269,3357.1040189125297,0.0,7097.977594303508,0.0,4044.0,0.47044917257683216
VolumeAvailableSubset,AllAvailableRows,Spacing_10,All,All,Base_NotPriorSlope_Q3,DownVolume,1269,1269,4211.911741528763,0.0,9986.916107943127,0.0,4492.0,0.4570527974783294
VolumeAvailableSubset,AllAvailableRows,Spacing_10,All,All,Base_NotPriorSlope_Q3,FlatVolume,1269,1269,350.5799842395587,0.0,2104.4364005557195,0.0,0.0,0.07249802994483845
VolumeAvailableSubset,AllAvailableRows,Spacing_10,All,All,Base_NotPriorSlope_Q3,UpDownVolumeDelta,1269,1269,-854.8077226162333,0.0,13357.45984498246,-4492.0,4044.0,0.47044917257683216
VolumeAvailableSubset,ByInstrument,Spacing_10,All,ES,PriorSlope_Q3,Volume,140,140,16073.814285714287,11383.5,21692.23597590453,6992.75,17682.5,1.0
VolumeAvailableSubset,ByInstrument,Spacing_10,All,ES,PriorSlope_Q3,VolumeSMA,140,140,13529.68,12181.65,5911.928948250771,9432.5125,17816.175,1.0
VolumeAvailableSubset,ByInstrument,Spacing_10,All,ES,PriorSlope_Q3,RelativeVolume,140,140,1.1419718695285712,0.8855722619999999,1.1797384994430393,0.6808535197750001,1.154397619325,1.0
VolumeAvailableSubset,ByInstrument,Spacing_10,All,ES,PriorSlope_Q3,VolumeZScore,140,140,0.007796850742857133,-0.25409800530000004,1.1255304784529958,-0.6939021153,0.367806895775,0.37142857142857144
VolumeAvailableSubset,ByInstrument,Spacing_10,All,ES,PriorSlope_Q3,SignedVolume,140,140,2063.2357142857145,1308.0,26767.84751684465,-8725.0,11593.5,0.5142857142857142
VolumeAvailableSubset,ByInstrument,Spacing_10,All,ES,PriorSlope_Q3,UpVolume,140,140,8657.907142857142,1308.0,20029.695688287833,0.0,11593.5,0.5142857142857142
VolumeAvailableSubset,ByInstrument,Spacing_10,All,ES,PriorSlope_Q3,DownVolume,140,140,6594.671428571429,0.0,14153.279466139988,0.0,8725.0,0.4
VolumeAvailableSubset,ByInstrument,Spacing_10,All,ES,PriorSlope_Q3,FlatVolume,140,140,821.2357142857143,0.0,3048.747035030522,0.0,0.0,0.08571428571428572
VolumeAvailableSubset,ByInstrument,Spacing_10,All,ES,PriorSlope_Q3,UpDownVolumeDelta,140,140,2063.2357142857145,1308.0,26767.84751684465,-8725.0,11593.5,0.5142857142857142
VolumeAvailableSubset,ByInstrument,Spacing_10,All,ES,Base_NotPriorSlope_Q3,Volume,542,542,14260.734317343173,10543.0,13728.980505971622,6380.5,18094.25,1.0
VolumeAvailableSubset,ByInstrument,Spacing_10,All,ES,Base_NotPriorSlope_Q3,VolumeSMA,542,542,14011.172140221403,13279.3,6069.235692433848,9621.05,17741.875,1.0
VolumeAvailableSubset,ByInstrument,Spacing_10,All,ES,Base_NotPriorSlope_Q3,RelativeVolume,542,542,1.011583075559225,0.8532007057,0.7369805400884103,0.604484085325,1.23569419375,1.0
VolumeAvailableSubset,ByInstrument,Spacing_10,All,ES,Base_NotPriorSlope_Q3,VolumeZScore,542,542,-0.08364062237084871,-0.33259356295,1.0408972899012652,-0.7809228935,0.404313527525,0.36900369003690037
VolumeAvailableSubset,ByInstrument,Spacing_10,All,ES,Base_NotPriorSlope_Q3,SignedVolume,542,542,-1476.2822878228783,0.0,19482.73858729867,-10510.75,9815.0,0.44649446494464945
VolumeAvailableSubset,ByInstrument,Spacing_10,All,ES,Base_NotPriorSlope_Q3,UpVolume,542,542,6015.210332103321,0.0,9795.895353388203,0.0,9815.0,0.44649446494464945
VolumeAvailableSubset,ByInstrument,Spacing_10,All,ES,Base_NotPriorSlope_Q3,DownVolume,542,542,7491.492619926199,0.0,13904.141049498337,0.0,10510.75,0.46309963099630996
VolumeAvailableSubset,ByInstrument,Spacing_10,All,ES,Base_NotPriorSlope_Q3,FlatVolume,542,542,754.0313653136532,0.0,3146.3004142343816,0.0,0.0,0.09040590405904059
VolumeAvailableSubset,ByInstrument,Spacing_10,All,ES,Base_NotPriorSlope_Q3,UpDownVolumeDelta,542,542,-1476.2822878228783,0.0,19482.73858729867,-10510.75,9815.0,0.44649446494464945
VolumeAvailableSubset,ByInstrument,Spacing_10,All,NQ,PriorSlope_Q3,Volume,173,173,2988.9710982658958,2187.0,3358.3614246328757,236.0,4274.0,1.0
VolumeAvailableSubset,ByInstrument,Spacing_10,All,NQ,PriorSlope_Q3,VolumeSMA,173,173,3294.162138728324,2818.95,2869.90205410263,519.35,5423.8,1.0
VolumeAvailableSubset,ByInstrument,Spacing_10,All,NQ,PriorSlope_Q3,RelativeVolume,173,173,0.9427593145982657,0.8116385911,0.7120360008964693,0.5622456208,1.1478285648,1.0
VolumeAvailableSubset,ByInstrument,Spacing_10,All,NQ,PriorSlope_Q3,VolumeZScore,173,173,-0.18812296680404625,-0.353914615,0.939389702265261,-0.8667239799,0.231273248,0.3468208092485549
VolumeAvailableSubset,ByInstrument,Spacing_10,All,NQ,PriorSlope_Q3,SignedVolume,173,173,160.8612716763006,44.0,4494.813185624716,-1139.0,2806.0,0.5144508670520231
VolumeAvailableSubset,ByInstrument,Spacing_10,All,NQ,PriorSlope_Q3,UpVolume,173,173,1564.0693641618498,44.0,2728.7746048359963,0.0,2806.0,0.5144508670520231
VolumeAvailableSubset,ByInstrument,Spacing_10,All,NQ,PriorSlope_Q3,DownVolume,173,173,1403.208092485549,0.0,2888.2841294200457,0.0,1139.0,0.4508670520231214
VolumeAvailableSubset,ByInstrument,Spacing_10,All,NQ,PriorSlope_Q3,FlatVolume,173,173,21.69364161849711,0.0,186.10622690252487,0.0,0.0,0.03468208092485549
VolumeAvailableSubset,ByInstrument,Spacing_10,All,NQ,PriorSlope_Q3,UpDownVolumeDelta,173,173,160.8612716763006,44.0,4494.813185624716,-1139.0,2806.0,0.5144508670520231
VolumeAvailableSubset,ByInstrument,Spacing_10,All,NQ,Base_NotPriorSlope_Q3,Volume,727,727,3192.089408528198,1713.0,4285.555798611703,226.5,4740.0,1.0
VolumeAvailableSubset,ByInstrument,Spacing_10,All,NQ,Base_NotPriorSlope_Q3,VolumeSMA,727,727,3116.021458046767,2581.45,2882.688190784707,274.675,4995.799999999999,1.0
VolumeAvailableSubset,ByInstrument,Spacing_10,All,NQ,Base_NotPriorSlope_Q3,RelativeVolume,727,727,1.0332988189207701,0.8749978367,0.8283486354963873,0.58468622485,1.26482063045,1.0
VolumeAvailableSubset,ByInstrument,Spacing_10,All,NQ,Base_NotPriorSlope_Q3,VolumeZScore,727,727,-0.0496400377048143,-0.2808028596,1.0616129378670704,-0.8210390099,0.47497682255,0.3920220082530949
VolumeAvailableSubset,ByInstrument,Spacing_10,All,NQ,Base_NotPriorSlope_Q3,SignedVolume,727,727,-391.48005502063273,0.0,5316.710688971282,-1561.0,1619.0,0.48830811554332876
VolumeAvailableSubset,ByInstrument,Spacing_10,All,NQ,Base_NotPriorSlope_Q3,UpVolume,727,727,1375.4071526822559,0.0,2698.027702115246,0.0,1619.0,0.48830811554332876
VolumeAvailableSubset,ByInstrument,Spacing_10,All,NQ,Base_NotPriorSlope_Q3,DownVolume,727,727,1766.8872077028886,0.0,4015.09473431853,0.0,1561.0,0.45254470426409904
VolumeAvailableSubset,ByInstrument,Spacing_10,All,NQ,Base_NotPriorSlope_Q3,FlatVolume,727,727,49.79504814305365,0.0,382.223869003561,0.0,0.0,0.059147180192572216
VolumeAvailableSubset,ByInstrument,Spacing_10,All,NQ,Base_NotPriorSlope_Q3,UpDownVolumeDelta,727,727,-391.48005502063273,0.0,5316.710688971282,-1561.0,1619.0,0.48830811554332876
VolumeAvailableSubset,ByRegimeInstrument,Spacing_10,2016 | 2016 observed regime,ES,PriorSlope_Q3,Volume,31,31,14135.870967741936,12003.0,9143.716369696864,8273.0,17621.0,1.0
VolumeAvailableSubset,ByRegimeInstrument,Spacing_10,2016 | 2016 observed regime,ES,PriorSlope_Q3,VolumeSMA,31,31,14044.056451612903,12889.1,6233.003413533773,9925.2,17661.6,1.0
VolumeAvailableSubset,ByRegimeInstrument,Spacing_10,2016 | 2016 observed regime,ES,PriorSlope_Q3,RelativeVolume,31,31,0.9924464532258065,0.9106377874,0.46961539293151444,0.71747837285,1.2348841204,1.0
VolumeAvailableSubset,ByRegimeInstrument,Spacing_10,2016 | 2016 observed regime,ES,PriorSlope_Q3,VolumeZScore,31,31,-0.008358185583870996,-0.1849878579,1.0180088261151718,-0.64407187095,0.33600110905,0.3548387096774194
VolumeAvailableSubset,ByRegimeInstrument,Spacing_10,2016 | 2016 observed regime,ES,PriorSlope_Q3,SignedVolume,31,31,-1.2580645161290323,0.0,16731.343209612594,-12784.0,10835.0,0.4838709677419355
VolumeAvailableSubset,ByRegimeInstrument,Spacing_10,2016 | 2016 observed regime,ES,PriorSlope_Q3,UpVolume,31,31,6636.225806451613,0.0,8748.245007656022,0.0,10835.0,0.4838709677419355
VolumeAvailableSubset,ByRegimeInstrument,Spacing_10,2016 | 2016 observed regime,ES,PriorSlope_Q3,DownVolume,31,31,6637.4838709677415,0.0,10600.653215316393,0.0,12784.0,0.3870967741935484
VolumeAvailableSubset,ByRegimeInstrument,Spacing_10,2016 | 2016 observed regime,ES,PriorSlope_Q3,FlatVolume,31,31,862.1612903225806,0.0,3063.5293273910315,0.0,0.0,0.12903225806451613
VolumeAvailableSubset,ByRegimeInstrument,Spacing_10,2016 | 2016 observed regime,ES,PriorSlope_Q3,UpDownVolumeDelta,31,31,-1.2580645161290323,0.0,16731.343209612594,-12784.0,10835.0,0.4838709677419355
VolumeAvailableSubset,ByRegimeInstrument,Spacing_10,2016 | 2016 observed regime,ES,Base_NotPriorSlope_Q3,Volume,91,91,14043.406593406593,10897.0,10546.816257870873,6437.0,19343.0,1.0
VolumeAvailableSubset,ByRegimeInstrument,Spacing_10,2016 | 2016 observed regime,ES,Base_NotPriorSlope_Q3,VolumeSMA,91,91,14161.356043956046,13954.55,5902.711037931992,9265.5,18197.8,1.0
VolumeAvailableSubset,ByRegimeInstrument,Spacing_10,2016 | 2016 observed regime,ES,Base_NotPriorSlope_Q3,RelativeVolume,91,91,1.012847253330769,0.8942456502,0.6284586055425881,0.59302276175,1.2747278414499998,1.0
VolumeAvailableSubset,ByRegimeInstrument,Spacing_10,2016 | 2016 observed regime,ES,Base_NotPriorSlope_Q3,VolumeZScore,91,91,-0.014837701170329655,-0.216025345,1.1231616252236978,-0.87074839835,0.48679102669999996,0.42857142857142855
VolumeAvailableSubset,ByRegimeInstrument,Spacing_10,2016 | 2016 observed regime,ES,Base_NotPriorSlope_Q3,SignedVolume,91,91,722.3626373626373,0.0,17146.58036364782,-10818.5,9638.0,0.4835164835164835
VolumeAvailableSubset,ByRegimeInstrument,Spacing_10,2016 | 2016 observed regime,ES,Base_NotPriorSlope_Q3,UpVolume,91,91,6873.56043956044,0.0,10397.966163532807,0.0,9638.0,0.4835164835164835
VolumeAvailableSubset,ByRegimeInstrument,Spacing_10,2016 | 2016 observed regime,ES,Base_NotPriorSlope_Q3,DownVolume,91,91,6151.197802197802,0.0,10019.315771958549,0.0,10818.5,0.3956043956043956
VolumeAvailableSubset,ByRegimeInstrument,Spacing_10,2016 | 2016 observed regime,ES,Base_NotPriorSlope_Q3,FlatVolume,91,91,1018.6483516483516,0.0,3880.96730889958,0.0,0.0,0.12087912087912088
VolumeAvailableSubset,ByRegimeInstrument,Spacing_10,2016 | 2016 observed regime,ES,Base_NotPriorSlope_Q3,UpDownVolumeDelta,91,91,722.3626373626373,0.0,17146.58036364782,-10818.5,9638.0,0.4835164835164835
VolumeAvailableSubset,ByRegimeInstrument,Spacing_10,2016 | 2016 observed regime,NQ,PriorSlope_Q3,Volume,23,23,2204.086956521739,1623.0,1764.637380031363,941.0,3286.0,1.0
VolumeAvailableSubset,ByRegimeInstrument,Spacing_10,2016 | 2016 observed regime,NQ,PriorSlope_Q3,VolumeSMA,23,23,2251.956521739131,2113.05,858.480094848441,1536.5500000000002,2876.35,1.0
VolumeAvailableSubset,ByRegimeInstrument,Spacing_10,2016 | 2016 observed regime,NQ,PriorSlope_Q3,RelativeVolume,23,23,0.9401015924608697,0.8229208118,0.6946767027573091,0.69678483485,1.21132493065,1.0
VolumeAvailableSubset,ByRegimeInstrument,Spacing_10,2016 | 2016 observed regime,NQ,PriorSlope_Q3,VolumeZScore,23,23,-0.23773231053913046,-0.3174243409,0.9810680841566982,-0.9917066045,0.349943362,0.30434782608695654
VolumeAvailableSubset,ByRegimeInstrument,Spacing_10,2016 | 2016 observed regime,NQ,PriorSlope_Q3,SignedVolume,23,23,-341.8695652173913,71.0,2831.889624588113,-2624.5,1425.5,0.5217391304347826
VolumeAvailableSubset,ByRegimeInstrument,Spacing_10,2016 | 2016 observed regime,NQ,PriorSlope_Q3,UpVolume,23,23,908.0869565217391,71.0,1421.960263894481,0.0,1425.5,0.5217391304347826
VolumeAvailableSubset,ByRegimeInstrument,Spacing_10,2016 | 2016 observed regime,NQ,PriorSlope_Q3,DownVolume,23,23,1249.9565217391305,0.0,1903.759784270467,0.0,2624.5,0.43478260869565216
VolumeAvailableSubset,ByRegimeInstrument,Spacing_10,2016 | 2016 observed regime,NQ,PriorSlope_Q3,FlatVolume,23,23,46.04347826086956,0.0,220.81676448644222,0.0,0.0,0.043478260869565216
VolumeAvailableSubset,ByRegimeInstrument,Spacing_10,2016 | 2016 observed regime,NQ,PriorSlope_Q3,UpDownVolumeDelta,23,23,-341.8695652173913,71.0,2831.889624588113,-2624.5,1425.5,0.5217391304347826
VolumeAvailableSubset,ByRegimeInstrument,Spacing_10,2016 | 2016 observed regime,NQ,Base_NotPriorSlope_Q3,Volume,78,78,2079.4102564102564,1753.5,1330.2892902438912,1117.5,2961.0,1.0
VolumeAvailableSubset,ByRegimeInstrument,Spacing_10,2016 | 2016 observed regime,NQ,Base_NotPriorSlope_Q3,VolumeSMA,78,78,2247.6935897435897,1902.225,1100.7784894407766,1492.6125,2820.325,1.0
VolumeAvailableSubset,ByRegimeInstrument,Spacing_10,2016 | 2016 observed regime,NQ,Base_NotPriorSlope_Q3,RelativeVolume,78,78,0.9449376921679488,0.8796768276,0.45028535538392117,0.667566270375,1.21435907545,1.0
VolumeAvailableSubset,ByRegimeInstrument,Spacing_10,2016 | 2016 observed regime,NQ,Base_NotPriorSlope_Q3,VolumeZScore,78,78,-0.14410599670128205,-0.28369665450000003,0.8385628621584766,-0.7933259877500001,0.349401628425,0.4230769230769231
VolumeAvailableSubset,ByRegimeInstrument,Spacing_10,2016 | 2016 observed regime,NQ,Base_NotPriorSlope_Q3,SignedVolume,78,78,74.1025641025641,-93.0,2423.92871819747,-1946.0,1299.0,0.46153846153846156
VolumeAvailableSubset,ByRegimeInstrument,Spacing_10,2016 | 2016 observed regime,NQ,Base_NotPriorSlope_Q3,UpVolume,78,78,1042.2435897435898,0.0,1552.7397251887242,0.0,1299.0,0.46153846153846156
VolumeAvailableSubset,ByRegimeInstrument,Spacing_10,2016 | 2016 observed regime,NQ,Base_NotPriorSlope_Q3,DownVolume,78,78,968.1410256410256,93.0,1191.697705549491,0.0,1946.0,0.5128205128205128
VolumeAvailableSubset,ByRegimeInstrument,Spacing_10,2016 | 2016 observed regime,NQ,Base_NotPriorSlope_Q3,FlatVolume,78,78,69.02564102564102,0.0,513.7629948900709,0.0,0.0,0.02564102564102564
VolumeAvailableSubset,ByRegimeInstrument,Spacing_10,2016 | 2016 observed regime,NQ,Base_NotPriorSlope_Q3,UpDownVolumeDelta,78,78,74.1025641025641,-93.0,2423.92871819747,-1946.0,1299.0,0.46153846153846156
VolumeAvailableSubset,ByRegimeInstrument,Spacing_10,2017 | 2017 observed regime,ES,PriorSlope_Q3,Volume,26,26,24212.73076923077,9611.5,43937.51321006476,5720.75,16920.25,1.0
VolumeAvailableSubset,ByRegimeInstrument,Spacing_10,2017 | 2017 observed regime,ES,PriorSlope_Q3,VolumeSMA,26,26,11593.625000000002,10203.775000000001,5624.896779519603,6634.8125,16164.574999999999,1.0
VolumeAvailableSubset,ByRegimeInstrument,Spacing_10,2017 | 2017 observed regime,ES,PriorSlope_Q3,RelativeVolume,26,26,1.6454623105115382,0.9982947573500001,2.0515541362584386,0.84156786035,1.387885836125,1.0
VolumeAvailableSubset,ByRegimeInstrument,Spacing_10,2017 | 2017 observed regime,ES,PriorSlope_Q3,VolumeZScore,26,26,0.4669262663307693,0.039504130049999996,1.3979469972313487,-0.376499467375,0.657406558425,0.5
VolumeAvailableSubset,ByRegimeInstrument,Spacing_10,2017 | 2017 observed regime,ES,PriorSlope_Q3,SignedVolume,26,26,4060.5384615384614,3653.5,50126.37366435419,-7124.0,9633.25,0.6153846153846154
VolumeAvailableSubset,ByRegimeInstrument,Spacing_10,2017 | 2017 observed regime,ES,PriorSlope_Q3,UpVolume,26,26,13699.692307692309,3653.5,40179.12640440977,0.0,9633.25,0.6153846153846154
VolumeAvailableSubset,ByRegimeInstrument,Spacing_10,2017 | 2017 observed regime,ES,PriorSlope_Q3,DownVolume,26,26,9639.153846153846,0.0,24972.38433100421,0.0,7124.0,0.3076923076923077
VolumeAvailableSubset,ByRegimeInstrument,Spacing_10,2017 | 2017 observed regime,ES,PriorSlope_Q3,FlatVolume,26,26,873.8846153846154,0.0,3101.0646730040708,0.0,0.0,0.07692307692307693
VolumeAvailableSubset,ByRegimeInstrument,Spacing_10,2017 | 2017 observed regime,ES,PriorSlope_Q3,UpDownVolumeDelta,26,26,4060.5384615384614,3653.5,50126.37366435419,-7124.0,9633.25,0.6153846153846154
VolumeAvailableSubset,ByRegimeInstrument,Spacing_10,2017 | 2017 observed regime,ES,Base_NotPriorSlope_Q3,Volume,112,112,13085.401785714286,8092.5,15469.52579359029,4294.0,14274.0,1.0
VolumeAvailableSubset,ByRegimeInstrument,Spacing_10,2017 | 2017 observed regime,ES,Base_NotPriorSlope_Q3,VolumeSMA,112,112,12218.627678571427,11764.0,6607.5049083975155,6889.2875,15425.1375,1.0
VolumeAvailableSubset,ByRegimeInstrument,Spacing_10,2017 | 2017 observed regime,ES,Base_NotPriorSlope_Q3,RelativeVolume,112,112,1.012882584475,0.7967019468500001,0.8314865159294704,0.512602708025,1.242499622625,1.0
VolumeAvailableSubset,ByRegimeInstrument,Spacing_10,2017 | 2017 observed regime,ES,Base_NotPriorSlope_Q3,VolumeZScore,112,112,-0.08377769334017857,-0.3528142092,1.044026252197004,-0.7826266302,0.29182875129999997,0.3482142857142857
VolumeAvailableSubset,ByRegimeInstrument,Spacing_10,2017 | 2017 observed regime,ES,Base_NotPriorSlope_Q3,SignedVolume,112,112,-3563.5535714285716,-1570.0,19666.170309588822,-8669.0,4682.75,0.3125
VolumeAvailableSubset,ByRegimeInstrument,Spacing_10,2017 | 2017 observed regime,ES,Base_NotPriorSlope_Q3,UpVolume,112,112,4267.4375,0.0,9322.214889526469,0.0,4682.75,0.3125
VolumeAvailableSubset,ByRegimeInstrument,Spacing_10,2017 | 2017 observed regime,ES,Base_NotPriorSlope_Q3,DownVolume,112,112,7830.991071428572,1570.0,15245.1927957077,0.0,8669.0,0.5357142857142857
VolumeAvailableSubset,ByRegimeInstrument,Spacing_10,2017 | 2017 observed regime,ES,Base_NotPriorSlope_Q3,FlatVolume,112,112,986.9732142857143,0.0,3394.4211794384337,0.0,0.0,0.15178571428571427
VolumeAvailableSubset,ByRegimeInstrument,Spacing_10,2017 | 2017 observed regime,ES,Base_NotPriorSlope_Q3,UpDownVolumeDelta,112,112,-3563.5535714285716,-1570.0,19666.170309588822,-8669.0,4682.75,0.3125
VolumeAvailableSubset,ByRegimeInstrument,Spacing_10,2017 | 2017 observed regime,NQ,PriorSlope_Q3,Volume,71,71,904.4929577464789,195.0,1574.2868759558537,78.0,846.0,1.0
VolumeAvailableSubset,ByRegimeInstrument,Spacing_10,2017 | 2017 observed regime,NQ,PriorSlope_Q3,VolumeSMA,71,71,1022.8683098591548,319.05,1564.2632358680978,149.175,1136.5500000000002,1.0
VolumeAvailableSubset,ByRegimeInstrument,Spacing_10,2017 | 2017 observed regime,NQ,PriorSlope_Q3,RelativeVolume,71,71,0.9966144991802819,0.7968389858,0.8904948900531688,0.50280479495,1.2241404849,1.0
VolumeAvailableSubset,ByRegimeInstrument,Spacing_10,2017 | 2017 observed regime,NQ,PriorSlope_Q3,VolumeZScore,71,71,-0.02695399094084508,-0.3475135613,1.065309494117865,-0.76399931845,0.33414354985,0.352112676056338
VolumeAvailableSubset,ByRegimeInstrument,Spacing_10,2017 | 2017 observed regime,NQ,PriorSlope_Q3,SignedVolume,71,71,-114.49295774647888,0.0,1795.7259405380116,-164.5,188.0,0.4788732394366197
VolumeAvailableSubset,ByRegimeInstrument,Spacing_10,2017 | 2017 observed regime,NQ,PriorSlope_Q3,UpVolume,71,71,376.0281690140845,0.0,914.1948678143125,0.0,188.0,0.4788732394366197
VolumeAvailableSubset,ByRegimeInstrument,Spacing_10,2017 | 2017 observed regime,NQ,PriorSlope_Q3,DownVolume,71,71,490.5211267605634,0.0,1419.4047631631158,0.0,164.5,0.4507042253521127
VolumeAvailableSubset,ByRegimeInstrument,Spacing_10,2017 | 2017 observed regime,NQ,PriorSlope_Q3,FlatVolume,71,71,37.943661971830984,0.0,262.2710096350143,0.0,0.0,0.07042253521126761
VolumeAvailableSubset,ByRegimeInstrument,Spacing_10,2017 | 2017 observed regime,NQ,PriorSlope_Q3,UpDownVolumeDelta,71,71,-114.49295774647888,0.0,1795.7259405380116,-164.5,188.0,0.4788732394366197
VolumeAvailableSubset,ByRegimeInstrument,Spacing_10,2017 | 2017 observed regime,NQ,Base_NotPriorSlope_Q3,Volume,336,336,913.9255952380952,214.0,1723.5848992420324,101.75,850.25,1.0
VolumeAvailableSubset,ByRegimeInstrument,Spacing_10,2017 | 2017 observed regime,NQ,Base_NotPriorSlope_Q3,VolumeSMA,336,336,978.4950892857142,246.075,1518.7950366414025,151.9625,1349.8625,1.0
VolumeAvailableSubset,ByRegimeInstrument,Spacing_10,2017 | 2017 observed regime,NQ,Base_NotPriorSlope_Q3,RelativeVolume,336,336,1.0224772115869047,0.8793806289,0.8624021241971965,0.5362902037499999,1.28544983335,1.0
VolumeAvailableSubset,ByRegimeInstrument,Spacing_10,2017 | 2017 observed regime,NQ,Base_NotPriorSlope_Q3,VolumeZScore,336,336,0.008266065251785729,-0.18752812405,1.0230665582385057,-0.7113486035250001,0.48814754034999996,0.3898809523809524
VolumeAvailableSubset,ByRegimeInstrument,Spacing_10,2017 | 2017 observed regime,NQ,Base_NotPriorSlope_Q3,SignedVolume,336,336,22.9375,0.0,1898.0377909260876,-162.25,218.25,0.4851190476190476
VolumeAvailableSubset,ByRegimeInstrument,Spacing_10,2017 | 2017 observed regime,NQ,Base_NotPriorSlope_Q3,UpVolume,336,336,435.36607142857144,0.0,1173.012697279848,0.0,218.25,0.4851190476190476
VolumeAvailableSubset,ByRegimeInstrument,Spacing_10,2017 | 2017 observed regime,NQ,Base_NotPriorSlope_Q3,DownVolume,336,336,412.42857142857144,0.0,1366.1631928542047,0.0,162.25,0.4107142857142857
VolumeAvailableSubset,ByRegimeInstrument,Spacing_10,2017 | 2017 observed regime,NQ,Base_NotPriorSlope_Q3,FlatVolume,336,336,66.13095238095238,0.0,448.37116234008045,0.0,0.0,0.10416666666666667
VolumeAvailableSubset,ByRegimeInstrument,Spacing_10,2017 | 2017 observed regime,NQ,Base_NotPriorSlope_Q3,UpDownVolumeDelta,336,336,22.9375,0.0,1898.0377909260876,-162.25,218.25,0.4851190476190476
VolumeAvailableSubset,ByRegimeInstrument,Spacing_10,2019 | 2019 observed regime,ES,PriorSlope_Q3,Volume,30,30,16035.766666666666,12410.0,15344.288778437793,5637.75,22867.5,1.0
VolumeAvailableSubset,ByRegimeInstrument,Spacing_10,2019 | 2019 observed regime,ES,PriorSlope_Q3,VolumeSMA,30,30,14542.946666666665,14282.85,7142.05912684625,9354.85,19447.899999999998,1.0
VolumeAvailableSubset,ByRegimeInstrument,Spacing_10,2019 | 2019 observed regime,ES,PriorSlope_Q3,RelativeVolume,30,30,1.1746599125433335,0.9070461421,1.203672140984856,0.567622405625,1.105589608575,1.0
VolumeAvailableSubset,ByRegimeInstrument,Spacing_10,2019 | 2019 observed regime,ES,PriorSlope_Q3,VolumeZScore,30,30,0.06495327089666668,-0.15627996025000002,1.2087273561925935,-0.7088548339,0.375335161125,0.4
VolumeAvailableSubset,ByRegimeInstrument,Spacing_10,2019 | 2019 observed regime,ES,PriorSlope_Q3,SignedVolume,30,30,1777.6666666666667,-678.5,22315.74004480081,-9046.75,14264.5,0.43333333333333335
VolumeAvailableSubset,ByRegimeInstrument,Spacing_10,2019 | 2019 observed regime,ES,PriorSlope_Q3,UpVolume,30,30,8866.7,0.0,15984.431809927026,0.0,14264.5,0.43333333333333335
VolumeAvailableSubset,ByRegimeInstrument,Spacing_10,2019 | 2019 observed regime,ES,PriorSlope_Q3,DownVolume,30,30,7089.033333333334,678.5,10603.895996717216,0.0,9046.75,0.5333333333333333
VolumeAvailableSubset,ByRegimeInstrument,Spacing_10,2019 | 2019 observed regime,ES,PriorSlope_Q3,FlatVolume,30,30,80.03333333333333,0.0,438.360620189968,0.0,0.0,0.03333333333333333
VolumeAvailableSubset,ByRegimeInstrument,Spacing_10,2019 | 2019 observed regime,ES,PriorSlope_Q3,UpDownVolumeDelta,30,30,1777.6666666666667,-678.5,22315.74004480081,-9046.75,14264.5,0.43333333333333335
VolumeAvailableSubset,ByRegimeInstrument,Spacing_10,2019 | 2019 observed regime,ES,Base_NotPriorSlope_Q3,Volume,78,78,16682.423076923078,10412.5,20461.18840889736,5817.75,20033.75,1.0
VolumeAvailableSubset,ByRegimeInstrument,Spacing_10,2019 | 2019 observed regime,ES,Base_NotPriorSlope_Q3,VolumeSMA,78,78,15809.503205128205,15243.7,6917.86342320842,10933.987500000001,21371.8875,1.0
VolumeAvailableSubset,ByRegimeInstrument,Spacing_10,2019 | 2019 observed regime,ES,Base_NotPriorSlope_Q3,RelativeVolume,78,78,1.0341330821256411,0.7722636155,0.9771950352835206,0.5598320497,1.1288323979250001,1.0
VolumeAvailableSubset,ByRegimeInstrument,Spacing_10,2019 | 2019 observed regime,ES,Base_NotPriorSlope_Q3,VolumeZScore,78,78,-0.21346276602564104,-0.45725737495,1.2032198633371696,-0.94390561685,0.236713964875,0.2948717948717949
VolumeAvailableSubset,ByRegimeInstrument,Spacing_10,2019 | 2019 observed regime,ES,Base_NotPriorSlope_Q3,SignedVolume,78,78,-4139.423076923077,-857.5,26073.396497131005,-14310.5,7500.25,0.4358974358974359
VolumeAvailableSubset,ByRegimeInstrument,Spacing_10,2019 | 2019 observed regime,ES,Base_NotPriorSlope_Q3,UpVolume,78,78,6082.0641025641025,0.0,11731.438171309863,0.0,7500.25,0.4358974358974359
VolumeAvailableSubset,ByRegimeInstrument,Spacing_10,2019 | 2019 observed regime,ES,Base_NotPriorSlope_Q3,DownVolume,78,78,10221.48717948718,857.5,20402.08656806951,0.0,14310.5,0.5
VolumeAvailableSubset,ByRegimeInstrument,Spacing_10,2019 | 2019 observed regime,ES,Base_NotPriorSlope_Q3,FlatVolume,78,78,378.87179487179486,0.0,1803.6163913776365,0.0,0.0,0.0641025641025641
VolumeAvailableSubset,ByRegimeInstrument,Spacing_10,2019 | 2019 observed regime,ES,Base_NotPriorSlope_Q3,UpDownVolumeDelta,78,78,-4139.423076923077,-857.5,26073.396497131005,-14310.5,7500.25,0.4358974358974359
VolumeAvailableSubset,ByRegimeInstrument,Spacing_10,2019 | 2019 observed regime,NQ,PriorSlope_Q3,Volume,21,21,5042.857142857143,3734.0,4151.480871757863,1694.0,7534.0,1.0
VolumeAvailableSubset,ByRegimeInstrument,Spacing_10,2019 | 2019 observed regime,NQ,PriorSlope_Q3,VolumeSMA,21,21,4766.5952380952385,5315.95,2499.496473437438,2159.65,6564.4,1.0
VolumeAvailableSubset,ByRegimeInstrument,Spacing_10,2019 | 2019 observed regime,NQ,PriorSlope_Q3,RelativeVolume,21,21,0.9952026458285717,0.8688086508,0.4956986186599224,0.6951676099,1.3022828428,1.0
VolumeAvailableSubset,ByRegimeInstrument,Spacing_10,2019 | 2019 observed regime,NQ,PriorSlope_Q3,VolumeZScore,21,21,-0.12764149757619045,-0.3090612176,0.9046204892758759,-0.8667239799,0.4286787654,0.42857142857142855
VolumeAvailableSubset,ByRegimeInstrument,Spacing_10,2019 | 2019 observed regime,NQ,PriorSlope_Q3,SignedVolume,21,21,-460.57142857142856,-177.0,6611.655591237558,-3186.0,3782.0,0.47619047619047616
VolumeAvailableSubset,ByRegimeInstrument,Spacing_10,2019 | 2019 observed regime,NQ,PriorSlope_Q3,UpVolume,21,21,2291.1428571428573,0.0,3038.58306264144,0.0,3782.0,0.47619047619047616
VolumeAvailableSubset,ByRegimeInstrument,Spacing_10,2019 | 2019 observed regime,NQ,PriorSlope_Q3,DownVolume,21,21,2751.714285714286,177.0,4608.839823023329,0.0,3186.0,0.5238095238095238
VolumeAvailableSubset,ByRegimeInstrument,Spacing_10,2019 | 2019 observed regime,NQ,PriorSlope_Q3,FlatVolume,21,21,0.0,0.0,0.0,0.0,0.0,0.0
VolumeAvailableSubset,ByRegimeInstrument,Spacing_10,2019 | 2019 observed regime,NQ,PriorSlope_Q3,UpDownVolumeDelta,21,21,-460.57142857142856,-177.0,6611.655591237558,-3186.0,3782.0,0.47619047619047616
VolumeAvailableSubset,ByRegimeInstrument,Spacing_10,2019 | 2019 observed regime,NQ,Base_NotPriorSlope_Q3,Volume,83,83,4475.0722891566265,3848.0,3004.3813972391063,2177.0,5948.0,1.0
VolumeAvailableSubset,ByRegimeInstrument,Spacing_10,2019 | 2019 observed regime,NQ,Base_NotPriorSlope_Q3,VolumeSMA,83,83,4786.243975903614,4458.45,2301.9870478434227,2953.925,6130.0,1.0
VolumeAvailableSubset,ByRegimeInstrument,Spacing_10,2019 | 2019 observed regime,NQ,Base_NotPriorSlope_Q3,RelativeVolume,83,83,0.954562036754217,0.8619692021,0.4966455244198559,0.61357583475,1.1898064329,1.0
VolumeAvailableSubset,ByRegimeInstrument,Spacing_10,2019 | 2019 observed regime,NQ,Base_NotPriorSlope_Q3,VolumeZScore,83,83,-0.1551115505831325,-0.4529597733,1.046283455756916,-0.97318447665,0.41844464785,0.39759036144578314
VolumeAvailableSubset,ByRegimeInstrument,Spacing_10,2019 | 2019 observed regime,NQ,Base_NotPriorSlope_Q3,SignedVolume,83,83,671.4578313253012,1804.0,5365.5220447058555,-3297.0,4288.5,0.5542168674698795
VolumeAvailableSubset,ByRegimeInstrument,Spacing_10,2019 | 2019 observed regime,NQ,Base_NotPriorSlope_Q3,UpVolume,83,83,2555.5542168674697,1804.0,3231.209926875207,0.0,4288.5,0.5542168674698795
VolumeAvailableSubset,ByRegimeInstrument,Spacing_10,2019 | 2019 observed regime,NQ,Base_NotPriorSlope_Q3,DownVolume,83,83,1884.0963855421687,0.0,2932.72082783397,0.0,3297.0,0.40963855421686746
VolumeAvailableSubset,ByRegimeInstrument,Spacing_10,2019 | 2019 observed regime,NQ,Base_NotPriorSlope_Q3,FlatVolume,83,83,35.42168674698795,0.0,224.3919219711367,0.0,0.0,0.03614457831325301
VolumeAvailableSubset,ByRegimeInstrument,Spacing_10,2019 | 2019 observed regime,NQ,Base_NotPriorSlope_Q3,UpDownVolumeDelta,83,83,671.4578313253012,1804.0,5365.5220447058555,-3297.0,4288.5,0.5542168674698795
VolumeAvailableSubset,ByRegimeInstrument,Spacing_10,2023 | 2023 observed regime,ES,PriorSlope_Q3,Volume,31,31,15689.806451612903,12604.0,12083.221395580886,8971.0,17820.0,1.0
VolumeAvailableSubset,ByRegimeInstrument,Spacing_10,2023 | 2023 observed regime,ES,PriorSlope_Q3,VolumeSMA,31,31,15377.52258064516,15758.75,4872.310341560062,11866.4,18434.075,1.0
VolumeAvailableSubset,ByRegimeInstrument,Spacing_10,2023 | 2023 observed regime,ES,PriorSlope_Q3,RelativeVolume,31,31,1.0367959583548387,0.8283061135,0.9260407719468509,0.67826771855,1.01259437115,1.0
VolumeAvailableSubset,ByRegimeInstrument,Spacing_10,2023 | 2023 observed regime,ES,PriorSlope_Q3,VolumeZScore,31,31,-0.19451946808709672,-0.4985092028,1.0313040710971033,-0.7847204154,0.01950683895,0.25806451612903225
VolumeAvailableSubset,ByRegimeInstrument,Spacing_10,2023 | 2023 observed regime,ES,PriorSlope_Q3,SignedVolume,31,31,2425.1935483870966,0.0,19378.254787982252,-9069.5,12882.5,0.4838709677419355
VolumeAvailableSubset,ByRegimeInstrument,Spacing_10,2023 | 2023 observed regime,ES,PriorSlope_Q3,UpVolume,31,31,8400.870967741936,0.0,11570.465483986764,0.0,12882.5,0.4838709677419355
VolumeAvailableSubset,ByRegimeInstrument,Spacing_10,2023 | 2023 observed regime,ES,PriorSlope_Q3,DownVolume,31,31,5975.677419354839,0.0,11742.766747767457,0.0,9069.5,0.41935483870967744
VolumeAvailableSubset,ByRegimeInstrument,Spacing_10,2023 | 2023 observed regime,ES,PriorSlope_Q3,FlatVolume,31,31,1313.258064516129,0.0,4123.520809274051,0.0,0.0,0.0967741935483871
VolumeAvailableSubset,ByRegimeInstrument,Spacing_10,2023 | 2023 observed regime,ES,PriorSlope_Q3,UpDownVolumeDelta,31,31,2425.1935483870966,0.0,19378.254787982252,-9069.5,12882.5,0.4838709677419355
VolumeAvailableSubset,ByRegimeInstrument,Spacing_10,2023 | 2023 observed regime,ES,Base_NotPriorSlope_Q3,Volume,169,169,14312.130177514793,11320.0,11727.829403037991,8069.0,17435.0,1.0
VolumeAvailableSubset,ByRegimeInstrument,Spacing_10,2023 | 2023 observed regime,ES,Base_NotPriorSlope_Q3,VolumeSMA,169,169,14818.093786982246,14136.15,5871.157274142309,10545.35,17941.45,1.0
VolumeAvailableSubset,ByRegimeInstrument,Spacing_10,2023 | 2023 observed regime,ES,Base_NotPriorSlope_Q3,RelativeVolume,169,169,0.9763889263538461,0.8413118435,0.6398842571976385,0.6307977737,1.152147931,1.0
VolumeAvailableSubset,ByRegimeInstrument,Spacing_10,2023 | 2023 observed regime,ES,Base_NotPriorSlope_Q3,VolumeZScore,169,169,-0.16094472217100592,-0.4233153703,0.9667658041945408,-0.7447467717,0.2769226537,0.33136094674556216
VolumeAvailableSubset,ByRegimeInstrument,Spacing_10,2023 | 2023 observed regime,ES,Base_NotPriorSlope_Q3,SignedVolume,169,169,-230.1715976331361,731.0,18202.586771956812,-10789.0,11106.0,0.5088757396449705
VolumeAvailableSubset,ByRegimeInstrument,Spacing_10,2023 | 2023 observed regime,ES,Base_NotPriorSlope_Q3,UpVolume,169,169,6649.331360946746,731.0,9457.198835708055,0.0,11106.0,0.5088757396449705
VolumeAvailableSubset,ByRegimeInstrument,Spacing_10,2023 | 2023 observed regime,ES,Base_NotPriorSlope_Q3,DownVolume,169,169,6879.502958579882,0.0,12241.845991323728,0.0,10789.0,0.4319526627218935
VolumeAvailableSubset,ByRegimeInstrument,Spacing_10,2023 | 2023 observed regime,ES,Base_NotPriorSlope_Q3,FlatVolume,169,169,783.2958579881657,0.0,3404.9459606989885,0.0,0.0,0.05917159763313609
VolumeAvailableSubset,ByRegimeInstrument,Spacing_10,2023 | 2023 observed regime,ES,Base_NotPriorSlope_Q3,UpDownVolumeDelta,169,169,-230.1715976331361,731.0,18202.586771956812,-10789.0,11106.0,0.5088757396449705
VolumeAvailableSubset,ByRegimeInstrument,Spacing_10,2023 | 2023 observed regime,NQ,PriorSlope_Q3,Volume,39,39,4848.692307692308,4257.0,3392.400889867064,2991.0,6320.0,1.0
VolumeAvailableSubset,ByRegimeInstrument,Spacing_10,2023 | 2023 observed regime,NQ,PriorSlope_Q3,VolumeSMA,39,39,5728.391025641025,5035.2,2299.63507104565,3923.125,6857.4,1.0
VolumeAvailableSubset,ByRegimeInstrument,Spacing_10,2023 | 2023 observed regime,NQ,PriorSlope_Q3,RelativeVolume,39,39,0.8358783990410257,0.8861402408,0.4591617465244668,0.5865924113000001,1.0333081962500001,1.0
VolumeAvailableSubset,ByRegimeInstrument,Spacing_10,2023 | 2023 observed regime,NQ,PriorSlope_Q3,VolumeZScore,39,39,-0.3652549660358974,-0.353914615,0.644429593721353,-0.8460255857,0.09026327445,0.3333333333333333
VolumeAvailableSubset,ByRegimeInstrument,Spacing_10,2023 | 2023 observed regime,NQ,PriorSlope_Q3,SignedVolume,39,39,1277.7179487179487,3011.0,5827.637166525501,-2562.5,4473.5,0.6153846153846154
VolumeAvailableSubset,ByRegimeInstrument,Spacing_10,2023 | 2023 observed regime,NQ,PriorSlope_Q3,UpVolume,39,39,3063.2051282051284,3011.0,3406.75375023054,0.0,4473.5,0.6153846153846154
VolumeAvailableSubset,ByRegimeInstrument,Spacing_10,2023 | 2023 observed regime,NQ,PriorSlope_Q3,DownVolume,39,39,1785.4871794871794,0.0,3336.0003381909683,0.0,2562.5,0.38461538461538464
VolumeAvailableSubset,ByRegimeInstrument,Spacing_10,2023 | 2023 observed regime,NQ,PriorSlope_Q3,FlatVolume,39,39,0.0,0.0,0.0,0.0,0.0,0.0
VolumeAvailableSubset,ByRegimeInstrument,Spacing_10,2023 | 2023 observed regime,NQ,PriorSlope_Q3,UpDownVolumeDelta,39,39,1277.7179487179487,3011.0,5827.637166525501,-2562.5,4473.5,0.6153846153846154
VolumeAvailableSubset,ByRegimeInstrument,Spacing_10,2023 | 2023 observed regime,NQ,Base_NotPriorSlope_Q3,Volume,141,141,6105.163120567376,4840.0,4983.827563263449,3198.0,7170.0,1.0
VolumeAvailableSubset,ByRegimeInstrument,Spacing_10,2023 | 2023 observed regime,NQ,Base_NotPriorSlope_Q3,VolumeSMA,141,141,5933.954964539007,5556.7,2230.2249702688946,4284.55,7210.2,1.0
VolumeAvailableSubset,ByRegimeInstrument,Spacing_10,2023 | 2023 observed regime,NQ,Base_NotPriorSlope_Q3,RelativeVolume,141,141,1.0687281483659574,0.8075326796,0.95911698408499,0.5951330877,1.1604959581,1.0
VolumeAvailableSubset,ByRegimeInstrument,Spacing_10,2023 | 2023 observed regime,NQ,Base_NotPriorSlope_Q3,VolumeZScore,141,141,-0.17397550437872342,-0.5348289091,1.1375953960354375,-0.9231330661,0.3564424938,0.3191489361702128
VolumeAvailableSubset,ByRegimeInstrument,Spacing_10,2023 | 2023 observed regime,NQ,Base_NotPriorSlope_Q3,SignedVolume,141,141,-1599.8936170212767,-673.0,7732.97250249321,-5575.0,4034.0,0.475177304964539
VolumeAvailableSubset,ByRegimeInstrument,Spacing_10,2023 | 2023 observed regime,NQ,Base_NotPriorSlope_Q3,UpVolume,141,141,2251.31914893617,0.0,3494.2959751146045,0.0,4034.0,0.475177304964539
VolumeAvailableSubset,ByRegimeInstrument,Spacing_10,2023 | 2023 observed regime,NQ,Base_NotPriorSlope_Q3,DownVolume,141,141,3851.2127659574467,673.0,5488.55898315306,0.0,5575.0,0.5177304964539007
VolumeAvailableSubset,ByRegimeInstrument,Spacing_10,2023 | 2023 observed regime,NQ,Base_NotPriorSlope_Q3,FlatVolume,141,141,2.631205673758865,0.0,31.243836271567847,0.0,0.0,0.0070921985815602835
VolumeAvailableSubset,ByRegimeInstrument,Spacing_10,2023 | 2023 observed regime,NQ,Base_NotPriorSlope_Q3,UpDownVolumeDelta,141,141,-1599.8936170212767,-673.0,7732.97250249321,-5575.0,4034.0,0.475177304964539
VolumeAvailableSubset,ByRegimeInstrument,Spacing_10,2024 | modern mixed regime,ES,PriorSlope_Q3,Volume,22,22,9778.818181818182,10416.5,5826.084527171651,5366.25,13618.0,1.0
VolumeAvailableSubset,ByRegimeInstrument,Spacing_10,2024 | modern mixed regime,ES,PriorSlope_Q3,VolumeSMA,22,22,11107.436363636363,11431.975,4016.9060424476966,9866.587500000001,12585.275000000001,1.0
VolumeAvailableSubset,ByRegimeInstrument,Spacing_10,2024 | modern mixed regime,ES,PriorSlope_Q3,RelativeVolume,22,22,0.8612604329727273,0.77494047645,0.46211612575122907,0.65386784865,1.0624724767,1.0
VolumeAvailableSubset,ByRegimeInstrument,Spacing_10,2024 | modern mixed regime,ES,PriorSlope_Q3,VolumeZScore,22,22,-0.3049052128954546,-0.57534142785,0.7824532398702781,-0.7384851972,0.126074077075,0.36363636363636365
VolumeAvailableSubset,ByRegimeInstrument,Spacing_10,2024 | modern mixed regime,ES,PriorSlope_Q3,SignedVolume,22,22,2491.2272727272725,4779.0,10752.240714123678,-482.5,10046.75,0.5909090909090909
VolumeAvailableSubset,ByRegimeInstrument,Spacing_10,2024 | modern mixed regime,ES,PriorSlope_Q3,UpVolume,22,22,5625.636363636364,4779.0,5736.851804202076,0.0,10046.75,0.5909090909090909
VolumeAvailableSubset,ByRegimeInstrument,Spacing_10,2024 | modern mixed regime,ES,PriorSlope_Q3,DownVolume,22,22,3134.409090909091,0.0,6764.1542367809025,0.0,482.5,0.3181818181818182
VolumeAvailableSubset,ByRegimeInstrument,Spacing_10,2024 | modern mixed regime,ES,PriorSlope_Q3,FlatVolume,22,22,1018.7727272727273,0.0,3304.902677506889,0.0,0.0,0.09090909090909091
VolumeAvailableSubset,ByRegimeInstrument,Spacing_10,2024 | modern mixed regime,ES,PriorSlope_Q3,UpDownVolumeDelta,22,22,2491.2272727272725,4779.0,10752.240714123678,-482.5,10046.75,0.5909090909090909
VolumeAvailableSubset,ByRegimeInstrument,Spacing_10,2024 | modern mixed regime,ES,Base_NotPriorSlope_Q3,Volume,92,92,13758.95652173913,11300.5,10170.09676325221,7054.5,17813.75,1.0
VolumeAvailableSubset,ByRegimeInstrument,Spacing_10,2024 | modern mixed regime,ES,Base_NotPriorSlope_Q3,VolumeSMA,92,92,13037.89673913043,12730.95,4269.414201767379,9410.512499999999,15537.65,1.0
VolumeAvailableSubset,ByRegimeInstrument,Spacing_10,2024 | modern mixed regime,ES,Base_NotPriorSlope_Q3,RelativeVolume,92,92,1.0542822660782607,0.9747739196,0.6531191860453288,0.711977122175,1.364634635225,1.0
VolumeAvailableSubset,ByRegimeInstrument,Spacing_10,2024 | modern mixed regime,ES,Base_NotPriorSlope_Q3,VolumeZScore,92,92,0.10054205361413046,-0.04823465505,0.9214270395165014,-0.580466989975,0.696069867425,0.4673913043478261
VolumeAvailableSubset,ByRegimeInstrument,Spacing_10,2024 | modern mixed regime,ES,Base_NotPriorSlope_Q3,SignedVolume,92,92,-1141.1739130434783,0.0,16966.787333168948,-10159.0,10928.5,0.4673913043478261
VolumeAvailableSubset,ByRegimeInstrument,Spacing_10,2024 | modern mixed regime,ES,Base_NotPriorSlope_Q3,UpVolume,92,92,6072.380434782609,0.0,8410.162376870454,0.0,10928.5,0.4673913043478261
VolumeAvailableSubset,ByRegimeInstrument,Spacing_10,2024 | modern mixed regime,ES,Base_NotPriorSlope_Q3,DownVolume,92,92,7213.554347826087,0.0,11338.934496877842,0.0,10159.0,0.4673913043478261
VolumeAvailableSubset,ByRegimeInstrument,Spacing_10,2024 | modern mixed regime,ES,Base_NotPriorSlope_Q3,FlatVolume,92,92,473.0217391304348,0.0,2324.951772999811,0.0,0.0,0.06521739130434782
VolumeAvailableSubset,ByRegimeInstrument,Spacing_10,2024 | modern mixed regime,ES,Base_NotPriorSlope_Q3,UpDownVolumeDelta,92,92,-1141.1739130434783,0.0,16966.787333168948,-10159.0,10928.5,0.4673913043478261
VolumeAvailableSubset,ByRegimeInstrument,Spacing_10,2024 | modern mixed regime,NQ,PriorSlope_Q3,Volume,19,19,5641.0526315789475,4274.0,3621.9539765418244,3644.5,7012.5,1.0
VolumeAvailableSubset,ByRegimeInstrument,Spacing_10,2024 | modern mixed regime,NQ,PriorSlope_Q3,VolumeSMA,19,19,6419.244736842105,6569.75,1663.5197736939467,5250.9,7730.8,1.0
VolumeAvailableSubset,ByRegimeInstrument,Spacing_10,2024 | modern mixed regime,NQ,PriorSlope_Q3,RelativeVolume,19,19,0.9061516964263157,0.6599498166,0.6419220265517298,0.53837725895,1.12854853485,1.0
VolumeAvailableSubset,ByRegimeInstrument,Spacing_10,2024 | modern mixed regime,NQ,PriorSlope_Q3,VolumeZScore,19,19,-0.43359377017894746,-0.744167614,0.9028096146910823,-1.1085249757,0.37380772625,0.3157894736842105
VolumeAvailableSubset,ByRegimeInstrument,Spacing_10,2024 | modern mixed regime,NQ,PriorSlope_Q3,SignedVolume,19,19,192.73684210526315,-575.0,6831.447421399438,-4214.0,4161.5,0.47368421052631576
VolumeAvailableSubset,ByRegimeInstrument,Spacing_10,2024 | modern mixed regime,NQ,PriorSlope_Q3,UpVolume,19,19,2916.8947368421054,0.0,4139.5327956282545,0.0,4161.5,0.47368421052631576
VolumeAvailableSubset,ByRegimeInstrument,Spacing_10,2024 | modern mixed regime,NQ,PriorSlope_Q3,DownVolume,19,19,2724.157894736842,575.0,3571.817530849555,0.0,4214.0,0.5263157894736842
VolumeAvailableSubset,ByRegimeInstrument,Spacing_10,2024 | modern mixed regime,NQ,PriorSlope_Q3,FlatVolume,19,19,0.0,0.0,0.0,0.0,0.0,0.0
VolumeAvailableSubset,ByRegimeInstrument,Spacing_10,2024 | modern mixed regime,NQ,PriorSlope_Q3,UpDownVolumeDelta,19,19,192.73684210526315,-575.0,6831.447421399438,-4214.0,4161.5,0.47368421052631576
VolumeAvailableSubset,ByRegimeInstrument,Spacing_10,2024 | modern mixed regime,NQ,Base_NotPriorSlope_Q3,Volume,89,89,6956.3707865168535,5340.0,6351.459788151107,3876.0,8350.0,1.0
VolumeAvailableSubset,ByRegimeInstrument,Spacing_10,2024 | modern mixed regime,NQ,Base_NotPriorSlope_Q3,VolumeSMA,89,89,5924.800561797752,5523.95,2101.7178363577864,4461.1,6914.6,1.0
VolumeAvailableSubset,ByRegimeInstrument,Spacing_10,2024 | modern mixed regime,NQ,Base_NotPriorSlope_Q3,RelativeVolume,89,89,1.1688925876730338,0.9644350044,0.9617696463566031,0.6736892093,1.3369624388,1.0
VolumeAvailableSubset,ByRegimeInstrument,Spacing_10,2024 | modern mixed regime,NQ,Base_NotPriorSlope_Q3,VolumeZScore,89,89,0.10988053058988766,-0.0783077473,1.239986058234414,-0.8388151764,0.6409222803,0.48314606741573035
VolumeAvailableSubset,ByRegimeInstrument,Spacing_10,2024 | modern mixed regime,NQ,Base_NotPriorSlope_Q3,SignedVolume,89,89,-1440.887640449438,0.0,9328.63183167115,-5787.0,4972.0,0.48314606741573035
VolumeAvailableSubset,ByRegimeInstrument,Spacing_10,2024 | modern mixed regime,NQ,Base_NotPriorSlope_Q3,UpVolume,89,89,2728.044943820225,0.0,3960.712274986637,0.0,4972.0,0.48314606741573035
VolumeAvailableSubset,ByRegimeInstrument,Spacing_10,2024 | modern mixed regime,NQ,Base_NotPriorSlope_Q3,DownVolume,89,89,4168.932584269663,0.0,6952.091852943767,0.0,5787.0,0.4943820224719101
VolumeAvailableSubset,ByRegimeInstrument,Spacing_10,2024 | modern mixed regime,NQ,Base_NotPriorSlope_Q3,FlatVolume,89,89,59.39325842696629,0.0,394.13877972271075,0.0,0.0,0.02247191011235955
VolumeAvailableSubset,ByRegimeInstrument,Spacing_10,2024 | modern mixed regime,NQ,Base_NotPriorSlope_Q3,UpDownVolumeDelta,89,89,-1440.887640449438,0.0,9328.63183167115,-5787.0,4972.0,0.48314606741573035
VolumeAvailableSubset,AllAvailableRows,Spacing_20,All,All,PriorSlope_Q3,Volume,227,227,8741.14537444934,4474.0,16891.787981277663,1114.5,10324.0,1.0
VolumeAvailableSubset,AllAvailableRows,Spacing_20,All,All,PriorSlope_Q3,VolumeSMA,227,227,7441.796255506608,6476.25,6477.582315015897,2123.7250000000004,11089.425,1.0
VolumeAvailableSubset,AllAvailableRows,Spacing_20,All,All,PriorSlope_Q3,RelativeVolume,227,227,1.089625011345815,0.8421770032,1.0446984782356945,0.6139805736,1.2241404849,1.0
VolumeAvailableSubset,AllAvailableRows,Spacing_20,All,All,PriorSlope_Q3,VolumeZScore,227,227,-0.04036566139647577,-0.3475135613,1.1093390165489438,-0.8080883386,0.39045622455,0.3788546255506608
VolumeAvailableSubset,AllAvailableRows,Spacing_20,All,All,PriorSlope_Q3,SignedVolume,227,227,1684.1189427312775,94.0,18853.6600413505,-3275.0,4911.0,0.5286343612334802
VolumeAvailableSubset,AllAvailableRows,Spacing_20,All,All,PriorSlope_Q3,UpVolume,227,227,5043.030837004405,94.0,16035.50149368308,0.0,4911.0,0.5286343612334802
VolumeAvailableSubset,AllAvailableRows,Spacing_20,All,All,PriorSlope_Q3,DownVolume,227,227,3358.911894273128,0.0,8018.422087353851,0.0,3275.0,0.41409691629955947
VolumeAvailableSubset,AllAvailableRows,Spacing_20,All,All,PriorSlope_Q3,FlatVolume,227,227,339.2026431718062,0.0,1911.3711228784202,0.0,0.0,0.05726872246696035
VolumeAvailableSubset,AllAvailableRows,Spacing_20,All,All,PriorSlope_Q3,UpDownVolumeDelta,227,227,1684.1189427312775,94.0,18853.6600413505,-3275.0,4911.0,0.5286343612334802
VolumeAvailableSubset,AllAvailableRows,Spacing_20,All,All,Base_NotPriorSlope_Q3,Volume,883,883,7848.175537938845,4681.0,10949.310287755185,940.0,10067.5,1.0
VolumeAvailableSubset,AllAvailableRows,Spacing_20,All,All,Base_NotPriorSlope_Q3,VolumeSMA,883,883,7966.21959229898,6126.05,7201.922210684336,1958.425,12590.75,1.0
VolumeAvailableSubset,AllAvailableRows,Spacing_20,All,All,Base_NotPriorSlope_Q3,RelativeVolume,883,883,1.009831266596829,0.8527072694,0.806577824544757,0.5814289598,1.22493185715,1.0
VolumeAvailableSubset,AllAvailableRows,Spacing_20,All,All,Base_NotPriorSlope_Q3,VolumeZScore,883,883,-0.09012194998312571,-0.3329635931,1.0494737514301693,-0.82658694585,0.42142318079999996,0.3782559456398641
VolumeAvailableSubset,AllAvailableRows,Spacing_20,All,All,Base_NotPriorSlope_Q3,SignedVolume,883,883,-404.7644394110985,0.0,13319.883283836056,-3980.5,4247.0,0.4801812004530011
VolumeAvailableSubset,AllAvailableRows,Spacing_20,All,All,Base_NotPriorSlope_Q3,UpVolume,883,883,3548.740656851642,0.0,7580.890529600102,0.0,4247.0,0.4801812004530011
VolumeAvailableSubset,AllAvailableRows,Spacing_20,All,All,Base_NotPriorSlope_Q3,DownVolume,883,883,3953.5050962627406,0.0,9584.239508220655,0.0,3980.5,0.44847112117780297
VolumeAvailableSubset,AllAvailableRows,Spacing_20,All,All,Base_NotPriorSlope_Q3,FlatVolume,883,883,345.92978482446205,0.0,1961.6257457763982,0.0,0.0,0.07134767836919592
VolumeAvailableSubset,AllAvailableRows,Spacing_20,All,All,Base_NotPriorSlope_Q3,UpDownVolumeDelta,883,883,-404.7644394110985,0.0,13319.883283836056,-3980.5,4247.0,0.4801812004530011
VolumeAvailableSubset,ByInstrument,Spacing_20,All,ES,PriorSlope_Q3,Volume,98,98,15956.581632653062,10324.0,23577.137555649322,6118.5,17467.25,1.0
VolumeAvailableSubset,ByInstrument,Spacing_20,All,ES,PriorSlope_Q3,VolumeSMA,98,98,12643.101530612246,11566.3,6157.702912530977,8158.1125,16248.1875,1.0
VolumeAvailableSubset,ByInstrument,Spacing_20,All,ES,PriorSlope_Q3,RelativeVolume,98,98,1.2024811365051018,0.86940113735,1.3142014635366834,0.67430319285,1.2814971697000002,1.0
VolumeAvailableSubset,ByInstrument,Spacing_20,All,ES,PriorSlope_Q3,VolumeZScore,98,98,0.0725884249040816,-0.2979943027,1.2274045674454284,-0.6924343459,0.40353996225,0.3979591836734694
VolumeAvailableSubset,ByInstrument,Spacing_20,All,ES,PriorSlope_Q3,SignedVolume,98,98,3855.908163265306,4267.5,28097.259862395553,-6848.25,10616.5,0.5612244897959183
VolumeAvailableSubset,ByInstrument,Spacing_20,All,ES,PriorSlope_Q3,UpVolume,98,98,9545.867346938776,4267.5,23516.98232168201,0.0,10616.5,0.5612244897959183
VolumeAvailableSubset,ByInstrument,Spacing_20,All,ES,PriorSlope_Q3,DownVolume,98,98,5689.959183673469,0.0,11254.174954915292,0.0,6848.25,0.3673469387755102
VolumeAvailableSubset,ByInstrument,Spacing_20,All,ES,PriorSlope_Q3,FlatVolume,98,98,720.7551020408164,0.0,2848.9686180843355,0.0,0.0,0.07142857142857142
VolumeAvailableSubset,ByInstrument,Spacing_20,All,ES,PriorSlope_Q3,UpDownVolumeDelta,98,98,3855.908163265306,4267.5,28097.259862395553,-6848.25,10616.5,0.5612244897959183
VolumeAvailableSubset,ByInstrument,Spacing_20,All,ES,Base_NotPriorSlope_Q3,Volume,379,379,13988.30870712401,10219.0,13664.337124425409,6260.0,17404.0,1.0
VolumeAvailableSubset,ByInstrument,Spacing_20,All,ES,Base_NotPriorSlope_Q3,VolumeSMA,379,379,14379.763852242744,13826.7,6167.489809469232,10057.35,18013.550000000003,1.0
VolumeAvailableSubset,ByInstrument,Spacing_20,All,ES,Base_NotPriorSlope_Q3,RelativeVolume,379,379,0.9735598326184697,0.8247773877,0.7170843584111044,0.5916016833,1.2143481029,1.0
VolumeAvailableSubset,ByInstrument,Spacing_20,All,ES,Base_NotPriorSlope_Q3,VolumeZScore,379,379,-0.12842828533245385,-0.3993463662,1.00130345972169,-0.7967898395999999,0.3841477325,0.36147757255936674
VolumeAvailableSubset,ByInstrument,Spacing_20,All,ES,Base_NotPriorSlope_Q3,SignedVolume,379,379,-453.4327176781003,0.0,19327.027163985807,-10004.5,9838.0,0.46965699208443273
VolumeAvailableSubset,ByInstrument,Spacing_20,All,ES,Base_NotPriorSlope_Q3,UpVolume,379,379,6384.593667546174,0.0,10406.54692479447,0.0,9838.0,0.46965699208443273
VolumeAvailableSubset,ByInstrument,Spacing_20,All,ES,Base_NotPriorSlope_Q3,DownVolume,379,379,6838.026385224274,0.0,13330.068468303993,0.0,10004.5,0.43007915567282323
VolumeAvailableSubset,ByInstrument,Spacing_20,All,ES,Base_NotPriorSlope_Q3,FlatVolume,379,379,765.688654353562,0.0,2928.5812487142425,0.0,0.0,0.10026385224274406
VolumeAvailableSubset,ByInstrument,Spacing_20,All,ES,Base_NotPriorSlope_Q3,UpDownVolumeDelta,379,379,-453.4327176781003,0.0,19327.027163985807,-10004.5,9838.0,0.46965699208443273
VolumeAvailableSubset,ByInstrument,Spacing_20,All,NQ,PriorSlope_Q3,Volume,129,129,3259.6511627906975,2590.0,3520.5718233405514,378.0,4474.0,1.0
VolumeAvailableSubset,ByInstrument,Spacing_20,All,NQ,PriorSlope_Q3,VolumeSMA,129,129,3490.417054263566,2957.15,2983.5395103507626,450.9,5764.05,1.0
VolumeAvailableSubset,ByInstrument,Spacing_20,All,NQ,PriorSlope_Q3,RelativeVolume,129,129,1.0038893503720927,0.8067206864,0.7752402459913836,0.5784399649,1.2211126961,1.0
VolumeAvailableSubset,ByInstrument,Spacing_20,All,NQ,PriorSlope_Q3,VolumeZScore,129,129,-0.1261757424620155,-0.3713498742,1.006968760293583,-0.8691725955,0.3357817873,0.3643410852713178
VolumeAvailableSubset,ByInstrument,Spacing_20,All,NQ,PriorSlope_Q3,SignedVolume,129,129,34.23255813953488,11.0,4795.384767721375,-1694.0,2966.0,0.5038759689922481
VolumeAvailableSubset,ByInstrument,Spacing_20,All,NQ,PriorSlope_Q3,UpVolume,129,129,1622.2713178294573,11.0,2754.0067820357726,0.0,2966.0,0.5038759689922481
VolumeAvailableSubset,ByInstrument,Spacing_20,All,NQ,PriorSlope_Q3,DownVolume,129,129,1588.0387596899225,0.0,3196.6308298814315,0.0,1694.0,0.4496124031007752
VolumeAvailableSubset,ByInstrument,Spacing_20,All,NQ,PriorSlope_Q3,FlatVolume,129,129,49.34108527131783,0.0,321.577933208947,0.0,0.0,0.046511627906976744
VolumeAvailableSubset,ByInstrument,Spacing_20,All,NQ,PriorSlope_Q3,UpDownVolumeDelta,129,129,34.23255813953488,11.0,4795.384767721375,-1694.0,2966.0,0.5038759689922481
VolumeAvailableSubset,ByInstrument,Spacing_20,All,NQ,Base_NotPriorSlope_Q3,Volume,504,504,3230.8928571428573,1742.0,4487.458730869957,239.75,4579.5,1.0
VolumeAvailableSubset,ByInstrument,Spacing_20,All,NQ,Base_NotPriorSlope_Q3,VolumeSMA,504,504,3143.3361111111108,2736.1499999999996,2839.7212108696126,282.175,5005.45,1.0
VolumeAvailableSubset,ByInstrument,Spacing_20,All,NQ,Base_NotPriorSlope_Q3,RelativeVolume,504,504,1.0371068092115079,0.88053170875,0.8675229752066247,0.5797602874000001,1.255849794325,1.0
VolumeAvailableSubset,ByInstrument,Spacing_20,All,NQ,Base_NotPriorSlope_Q3,VolumeZScore,504,504,-0.06131619383749999,-0.29535656345,1.084382288596509,-0.84892202705,0.45188111332500003,0.39087301587301587
VolumeAvailableSubset,ByInstrument,Spacing_20,All,NQ,Base_NotPriorSlope_Q3,SignedVolume,504,504,-368.1666666666667,0.0,5512.753616603571,-1886.0,1408.5,0.4880952380952381
VolumeAvailableSubset,ByInstrument,Spacing_20,All,NQ,Base_NotPriorSlope_Q3,UpVolume,504,504,1416.2242063492063,0.0,2961.8303444648895,0.0,1408.5,0.4880952380952381
VolumeAvailableSubset,ByInstrument,Spacing_20,All,NQ,Base_NotPriorSlope_Q3,DownVolume,504,504,1784.390873015873,0.0,4068.632479162141,0.0,1886.0,0.4623015873015873
VolumeAvailableSubset,ByInstrument,Spacing_20,All,NQ,Base_NotPriorSlope_Q3,FlatVolume,504,504,30.27777777777778,0.0,263.66676175561844,0.0,0.0,0.0496031746031746
VolumeAvailableSubset,ByInstrument,Spacing_20,All,NQ,Base_NotPriorSlope_Q3,UpDownVolumeDelta,504,504,-368.1666666666667,0.0,5512.753616603571,-1886.0,1408.5,0.4880952380952381
VolumeAvailableSubset,ByRegimeInstrument,Spacing_20,2016 | 2016 observed regime,ES,PriorSlope_Q3,Volume,18,18,13784.055555555555,11438.5,9965.140549596008,8823.25,17543.75,1.0
VolumeAvailableSubset,ByRegimeInstrument,Spacing_20,2016 | 2016 observed regime,ES,PriorSlope_Q3,VolumeSMA,18,18,13560.816666666668,11322.05,7080.801526144273,9908.8,17064.075,1.0
VolumeAvailableSubset,ByRegimeInstrument,Spacing_20,2016 | 2016 observed regime,ES,PriorSlope_Q3,RelativeVolume,18,18,0.9944530021111111,0.92418892425,0.4849913767708364,0.700994599125,1.2743384036,1.0
VolumeAvailableSubset,ByRegimeInstrument,Spacing_20,2016 | 2016 observed regime,ES,PriorSlope_Q3,VolumeZScore,18,18,0.05272238493888891,-0.16694282525,0.8861716161785306,-0.61302973715,0.27604505575,0.3888888888888889
VolumeAvailableSubset,ByRegimeInstrument,Spacing_20,2016 | 2016 observed regime,ES,PriorSlope_Q3,SignedVolume,18,18,-1981.1666666666667,308.5,16775.341417582847,-12789.0,10107.25,0.5
VolumeAvailableSubset,ByRegimeInstrument,Spacing_20,2016 | 2016 observed regime,ES,PriorSlope_Q3,UpVolume,18,18,5435.944444444444,308.5,6759.6432073630685,0.0,10107.25,0.5
VolumeAvailableSubset,ByRegimeInstrument,Spacing_20,2016 | 2016 observed regime,ES,PriorSlope_Q3,DownVolume,18,18,7417.111111111111,0.0,12261.234981886846,0.0,12789.0,0.3888888888888889
VolumeAvailableSubset,ByRegimeInstrument,Spacing_20,2016 | 2016 observed regime,ES,PriorSlope_Q3,FlatVolume,18,18,931.0,0.0,3740.984330989089,0.0,0.0,0.1111111111111111
VolumeAvailableSubset,ByRegimeInstrument,Spacing_20,2016 | 2016 observed regime,ES,PriorSlope_Q3,UpDownVolumeDelta,18,18,-1981.1666666666667,308.5,16775.341417582847,-12789.0,10107.25,0.5
VolumeAvailableSubset,ByRegimeInstrument,Spacing_20,2016 | 2016 observed regime,ES,Base_NotPriorSlope_Q3,Volume,65,65,12713.523076923077,10009.0,9433.703794619343,6592.0,15675.0,1.0
VolumeAvailableSubset,ByRegimeInstrument,Spacing_20,2016 | 2016 observed regime,ES,Base_NotPriorSlope_Q3,VolumeSMA,65,65,14079.096923076924,14140.6,5676.170794866059,9311.55,17356.35,1.0
VolumeAvailableSubset,ByRegimeInstrument,Spacing_20,2016 | 2016 observed regime,ES,Base_NotPriorSlope_Q3,RelativeVolume,65,65,0.9367753751476923,0.8761529635,0.5991412051791237,0.5846223199,1.1597413179,1.0
VolumeAvailableSubset,ByRegimeInstrument,Spacing_20,2016 | 2016 observed regime,ES,Base_NotPriorSlope_Q3,VolumeZScore,65,65,-0.11822008601692308,-0.2569799536,1.0690399401226247,-0.9279944864,0.3014468126,0.38461538461538464
VolumeAvailableSubset,ByRegimeInstrument,Spacing_20,2016 | 2016 observed regime,ES,Base_NotPriorSlope_Q3,SignedVolume,65,65,714.3230769230769,0.0,15513.706974708377,-9953.0,9110.0,0.4461538461538462
VolumeAvailableSubset,ByRegimeInstrument,Spacing_20,2016 | 2016 observed regime,ES,Base_NotPriorSlope_Q3,UpVolume,65,65,6122.876923076923,0.0,10090.910460514224,0.0,9110.0,0.4461538461538462
VolumeAvailableSubset,ByRegimeInstrument,Spacing_20,2016 | 2016 observed regime,ES,Base_NotPriorSlope_Q3,DownVolume,65,65,5408.553846153846,0.0,8460.611026306642,0.0,9953.0,0.4
VolumeAvailableSubset,ByRegimeInstrument,Spacing_20,2016 | 2016 observed regime,ES,Base_NotPriorSlope_Q3,FlatVolume,65,65,1182.0923076923077,0.0,3246.760287786296,0.0,0.0,0.15384615384615385
VolumeAvailableSubset,ByRegimeInstrument,Spacing_20,2016 | 2016 observed regime,ES,Base_NotPriorSlope_Q3,UpDownVolumeDelta,65,65,714.3230769230769,0.0,15513.706974708377,-9953.0,9110.0,0.4461538461538462
VolumeAvailableSubset,ByRegimeInstrument,Spacing_20,2016 | 2016 observed regime,NQ,PriorSlope_Q3,Volume,16,16,2382.8125,1967.0,1868.4908426766954,1052.75,3410.25,1.0
VolumeAvailableSubset,ByRegimeInstrument,Spacing_20,2016 | 2016 observed regime,NQ,PriorSlope_Q3,VolumeSMA,16,16,2214.815625,2053.375,788.4660207683335,1560.0,2573.85,1.0
VolumeAvailableSubset,ByRegimeInstrument,Spacing_20,2016 | 2016 observed regime,NQ,PriorSlope_Q3,RelativeVolume,16,16,1.03297421019375,0.7881694905000001,0.7622431019903221,0.704922060875,1.28195803045,1.0
VolumeAvailableSubset,ByRegimeInstrument,Spacing_20,2016 | 2016 observed regime,NQ,PriorSlope_Q3,VolumeZScore,16,16,-0.12290857096874998,-0.45962644715,1.066188203784019,-0.9608778663499999,0.41885494432500003,0.375
VolumeAvailableSubset,ByRegimeInstrument,Spacing_20,2016 | 2016 observed regime,NQ,PriorSlope_Q3,SignedVolume,16,16,92.0,410.5,3076.325643794341,-1353.25,1863.25,0.5625
VolumeAvailableSubset,ByRegimeInstrument,Spacing_20,2016 | 2016 observed regime,NQ,PriorSlope_Q3,UpVolume,16,16,1204.3125,410.5,1601.9560426241414,0.0,1863.25,0.5625
VolumeAvailableSubset,ByRegimeInstrument,Spacing_20,2016 | 2016 observed regime,NQ,PriorSlope_Q3,DownVolume,16,16,1112.3125,0.0,2009.9161746616865,0.0,1353.25,0.375
VolumeAvailableSubset,ByRegimeInstrument,Spacing_20,2016 | 2016 observed regime,NQ,PriorSlope_Q3,FlatVolume,16,16,66.1875,0.0,264.75,0.0,0.0,0.0625
VolumeAvailableSubset,ByRegimeInstrument,Spacing_20,2016 | 2016 observed regime,NQ,PriorSlope_Q3,UpDownVolumeDelta,16,16,92.0,410.5,3076.325643794341,-1353.25,1863.25,0.5625
VolumeAvailableSubset,ByRegimeInstrument,Spacing_20,2016 | 2016 observed regime,NQ,Base_NotPriorSlope_Q3,Volume,55,55,2052.072727272727,1743.0,1550.623397391746,1118.0,2717.5,1.0
VolumeAvailableSubset,ByRegimeInstrument,Spacing_20,2016 | 2016 observed regime,NQ,Base_NotPriorSlope_Q3,VolumeSMA,55,55,2215.945454545455,1894.7,1156.5039285242049,1463.9,2753.425,1.0
VolumeAvailableSubset,ByRegimeInstrument,Spacing_20,2016 | 2016 observed regime,NQ,Base_NotPriorSlope_Q3,RelativeVolume,55,55,0.9773870519618183,0.8815709688,0.5749720381763007,0.65000063545,1.28002134575,1.0
VolumeAvailableSubset,ByRegimeInstrument,Spacing_20,2016 | 2016 observed regime,NQ,Base_NotPriorSlope_Q3,VolumeZScore,55,55,-0.11849080937636365,-0.3562258236,0.9421451100447974,-0.90221163035,0.5442144070499999,0.41818181818181815
VolumeAvailableSubset,ByRegimeInstrument,Spacing_20,2016 | 2016 observed regime,NQ,Base_NotPriorSlope_Q3,SignedVolume,55,55,-290.3272727272727,-152.0,2494.856182706845,-1982.5,1259.5,0.43636363636363634
VolumeAvailableSubset,ByRegimeInstrument,Spacing_20,2016 | 2016 observed regime,NQ,Base_NotPriorSlope_Q3,UpVolume,55,55,831.9272727272727,0.0,1328.7790253900378,0.0,1259.5,0.43636363636363634
VolumeAvailableSubset,ByRegimeInstrument,Spacing_20,2016 | 2016 observed regime,NQ,Base_NotPriorSlope_Q3,DownVolume,55,55,1122.2545454545455,152.0,1599.001658653644,0.0,1982.5,0.5272727272727272
VolumeAvailableSubset,ByRegimeInstrument,Spacing_20,2016 | 2016 observed regime,NQ,Base_NotPriorSlope_Q3,FlatVolume,55,55,97.89090909090909,0.0,611.1453325588092,0.0,0.0,0.03636363636363636
VolumeAvailableSubset,ByRegimeInstrument,Spacing_20,2016 | 2016 observed regime,NQ,Base_NotPriorSlope_Q3,UpDownVolumeDelta,55,55,-290.3272727272727,-152.0,2494.856182706845,-1982.5,1259.5,0.43636363636363634
VolumeAvailableSubset,ByRegimeInstrument,Spacing_20,2017 | 2017 observed regime,ES,PriorSlope_Q3,Volume,18,18,20489.777777777777,9131.5,46970.15130228428,4632.5,13801.0,1.0
VolumeAvailableSubset,ByRegimeInstrument,Spacing_20,2017 | 2017 observed regime,ES,PriorSlope_Q3,VolumeSMA,18,18,10208.622222222222,7496.625,5753.736935173784,6113.575,12950.775,1.0
VolumeAvailableSubset,ByRegimeInstrument,Spacing_20,2017 | 2017 observed regime,ES,PriorSlope_Q3,RelativeVolume,18,18,1.5052856331222222,1.02047508485,2.078403521286167,0.7957698851249999,1.387885836125,1.0
VolumeAvailableSubset,ByRegimeInstrument,Spacing_20,2017 | 2017 observed regime,ES,PriorSlope_Q3,VolumeZScore,18,18,0.34819709933333326,0.030217906899999994,1.2612295898601966,-0.430908672175,0.657406558425,0.5
VolumeAvailableSubset,ByRegimeInstrument,Spacing_20,2017 | 2017 observed regime,ES,PriorSlope_Q3,SignedVolume,18,18,14032.555555555555,4333.5,49355.41138126983,247.25,9633.25,0.7222222222222222
VolumeAvailableSubset,ByRegimeInstrument,Spacing_20,2017 | 2017 observed regime,ES,PriorSlope_Q3,UpVolume,18,18,16974.38888888889,4333.5,47771.58627461319,247.25,9633.25,0.7222222222222222
VolumeAvailableSubset,ByRegimeInstrument,Spacing_20,2017 | 2017 observed regime,ES,PriorSlope_Q3,DownVolume,18,18,2941.8333333333335,0.0,6934.387400314974,0.0,0.0,0.2222222222222222
VolumeAvailableSubset,ByRegimeInstrument,Spacing_20,2017 | 2017 observed regime,ES,PriorSlope_Q3,FlatVolume,18,18,573.5555555555555,0.0,2433.390136323306,0.0,0.0,0.05555555555555555
VolumeAvailableSubset,ByRegimeInstrument,Spacing_20,2017 | 2017 observed regime,ES,PriorSlope_Q3,UpDownVolumeDelta,18,18,14032.555555555555,4333.5,49355.41138126983,247.25,9633.25,0.7222222222222222
VolumeAvailableSubset,ByRegimeInstrument,Spacing_20,2017 | 2017 observed regime,ES,Base_NotPriorSlope_Q3,Volume,77,77,13235.506493506493,8093.0,14605.274022748168,4780.0,14207.0,1.0
VolumeAvailableSubset,ByRegimeInstrument,Spacing_20,2017 | 2017 observed regime,ES,Base_NotPriorSlope_Q3,VolumeSMA,77,77,13291.468181818182,12588.95,7560.801226012381,7791.8,16885.1,1.0
VolumeAvailableSubset,ByRegimeInstrument,Spacing_20,2017 | 2017 observed regime,ES,Base_NotPriorSlope_Q3,RelativeVolume,77,77,0.9732614997480523,0.8033019225,0.7471150889257603,0.5199728833,1.2112317021,1.0
VolumeAvailableSubset,ByRegimeInstrument,Spacing_20,2017 | 2017 observed regime,ES,Base_NotPriorSlope_Q3,VolumeZScore,77,77,-0.11891466911038959,-0.3538868963,0.9140233153047688,-0.7440163734,0.285450115,0.33766233766233766
VolumeAvailableSubset,ByRegimeInstrument,Spacing_20,2017 | 2017 observed regime,ES,Base_NotPriorSlope_Q3,SignedVolume,77,77,-4099.8441558441555,-158.0,18926.99505723097,-9231.0,3818.0,0.3116883116883117
VolumeAvailableSubset,ByRegimeInstrument,Spacing_20,2017 | 2017 observed regime,ES,Base_NotPriorSlope_Q3,UpVolume,77,77,3929.5714285714284,0.0,9140.0262947747,0.0,3818.0,0.3116883116883117
VolumeAvailableSubset,ByRegimeInstrument,Spacing_20,2017 | 2017 observed regime,ES,Base_NotPriorSlope_Q3,DownVolume,77,77,8029.415584415585,158.0,14517.45215371979,0.0,9231.0,0.5064935064935064
VolumeAvailableSubset,ByRegimeInstrument,Spacing_20,2017 | 2017 observed regime,ES,Base_NotPriorSlope_Q3,FlatVolume,77,77,1276.5194805194806,0.0,3726.347974436795,0.0,0.0,0.18181818181818182
VolumeAvailableSubset,ByRegimeInstrument,Spacing_20,2017 | 2017 observed regime,ES,Base_NotPriorSlope_Q3,UpDownVolumeDelta,77,77,-4099.8441558441555,-158.0,18926.99505723097,-9231.0,3818.0,0.3116883116883117
VolumeAvailableSubset,ByRegimeInstrument,Spacing_20,2017 | 2017 observed regime,NQ,PriorSlope_Q3,Volume,49,49,1018.5102040816327,214.0,1744.4877725095623,79.0,1170.0,1.0
VolumeAvailableSubset,ByRegimeInstrument,Spacing_20,2017 | 2017 observed regime,NQ,PriorSlope_Q3,VolumeSMA,49,49,924.8397959183674,294.25,1562.802767865438,143.0,934.25,1.0
VolumeAvailableSubset,ByRegimeInstrument,Spacing_20,2017 | 2017 observed regime,NQ,PriorSlope_Q3,RelativeVolume,49,49,1.1328587919591837,0.8610968734,0.9953197596411512,0.5784399649,1.3016142736,1.0
VolumeAvailableSubset,ByRegimeInstrument,Spacing_20,2017 | 2017 observed regime,NQ,PriorSlope_Q3,VolumeZScore,49,49,0.13357366297142861,-0.1808493002,1.1621124289476428,-0.5846255502,0.5704323883,0.40816326530612246
VolumeAvailableSubset,ByRegimeInstrument,Spacing_20,2017 | 2017 observed regime,NQ,PriorSlope_Q3,SignedVolume,49,49,-202.83673469387756,0.0,1949.6839524537772,-164.0,149.0,0.4489795918367347
VolumeAvailableSubset,ByRegimeInstrument,Spacing_20,2017 | 2017 observed regime,NQ,PriorSlope_Q3,UpVolume,49,49,353.6938775510204,0.0,897.843694732033,0.0,149.0,0.4489795918367347
VolumeAvailableSubset,ByRegimeInstrument,Spacing_20,2017 | 2017 observed regime,NQ,PriorSlope_Q3,DownVolume,49,49,556.530612244898,0.0,1610.3600671645977,0.0,164.0,0.4489795918367347
VolumeAvailableSubset,ByRegimeInstrument,Spacing_20,2017 | 2017 observed regime,NQ,PriorSlope_Q3,FlatVolume,49,49,108.28571428571429,0.0,496.9656678282717,0.0,0.0,0.10204081632653061
VolumeAvailableSubset,ByRegimeInstrument,Spacing_20,2017 | 2017 observed regime,NQ,PriorSlope_Q3,UpDownVolumeDelta,49,49,-202.83673469387756,0.0,1949.6839524537772,-164.0,149.0,0.4489795918367347
VolumeAvailableSubset,ByRegimeInstrument,Spacing_20,2017 | 2017 observed regime,NQ,Base_NotPriorSlope_Q3,Volume,231,231,1113.4632034632034,228.0,2573.4570298549174,110.5,1040.0,1.0
VolumeAvailableSubset,ByRegimeInstrument,Spacing_20,2017 | 2017 observed regime,NQ,Base_NotPriorSlope_Q3,VolumeSMA,231,231,1072.5993506493508,251.35,1648.4232319921105,150.675,1530.425,1.0
VolumeAvailableSubset,ByRegimeInstrument,Spacing_20,2017 | 2017 observed regime,NQ,Base_NotPriorSlope_Q3,RelativeVolume,231,231,1.0552345834978356,0.8826945412,0.9617234117808089,0.5531140236500001,1.2757555911499998,1.0
VolumeAvailableSubset,ByRegimeInstrument,Spacing_20,2017 | 2017 observed regime,NQ,Base_NotPriorSlope_Q3,VolumeZScore,231,231,0.028880056583982686,-0.1887767594,1.061024066700191,-0.73152060205,0.4424777169,0.39826839826839827
VolumeAvailableSubset,ByRegimeInstrument,Spacing_20,2017 | 2017 observed regime,NQ,Base_NotPriorSlope_Q3,SignedVolume,231,231,65.87012987012987,0.0,2797.9572456129144,-192.0,225.5,0.4935064935064935
VolumeAvailableSubset,ByRegimeInstrument,Spacing_20,2017 | 2017 observed regime,NQ,Base_NotPriorSlope_Q3,UpVolume,231,231,574.6363636363636,0.0,2187.3084467232143,0.0,225.5,0.4935064935064935
VolumeAvailableSubset,ByRegimeInstrument,Spacing_20,2017 | 2017 observed regime,NQ,Base_NotPriorSlope_Q3,DownVolume,231,231,508.76623376623377,0.0,1567.479865173537,0.0,192.0,0.4155844155844156
VolumeAvailableSubset,ByRegimeInstrument,Spacing_20,2017 | 2017 observed regime,NQ,Base_NotPriorSlope_Q3,FlatVolume,231,231,30.060606060606062,0.0,184.5041198021847,0.0,0.0,0.09090909090909091
VolumeAvailableSubset,ByRegimeInstrument,Spacing_20,2017 | 2017 observed regime,NQ,Base_NotPriorSlope_Q3,UpDownVolumeDelta,231,231,65.87012987012987,0.0,2797.9572456129144,-192.0,225.5,0.4935064935064935
VolumeAvailableSubset,ByRegimeInstrument,Spacing_20,2019 | 2019 observed regime,ES,PriorSlope_Q3,Volume,23,23,15449.695652173914,9454.0,16891.329412223688,5293.5,20473.0,1.0
VolumeAvailableSubset,ByRegimeInstrument,Spacing_20,2019 | 2019 observed regime,ES,PriorSlope_Q3,VolumeSMA,23,23,12658.571739130435,11506.0,7396.600197938395,7338.700000000001,15335.875,1.0
VolumeAvailableSubset,ByRegimeInstrument,Spacing_20,2019 | 2019 observed regime,ES,PriorSlope_Q3,RelativeVolume,23,23,1.2358045132260873,0.8462085564,1.3242420418975236,0.57900881245,1.1213501729000002,1.0
VolumeAvailableSubset,ByRegimeInstrument,Spacing_20,2019 | 2019 observed regime,ES,PriorSlope_Q3,VolumeZScore,23,23,0.08115734020869565,-0.2520373731,1.3346661518673502,-0.7666536348499999,0.34943243385,0.43478260869565216
VolumeAvailableSubset,ByRegimeInstrument,Spacing_20,2019 | 2019 observed regime,ES,PriorSlope_Q3,SignedVolume,23,23,1531.8695652173913,-442.0,22985.731671674355,-7901.5,9770.5,0.43478260869565216
VolumeAvailableSubset,ByRegimeInstrument,Spacing_20,2019 | 2019 observed regime,ES,PriorSlope_Q3,UpVolume,23,23,8285.260869565218,0.0,16909.355458436694,0.0,9770.5,0.43478260869565216
VolumeAvailableSubset,ByRegimeInstrument,Spacing_20,2019 | 2019 observed regime,ES,PriorSlope_Q3,DownVolume,23,23,6753.391304347826,442.0,11199.27003603007,0.0,7901.5,0.5217391304347826
VolumeAvailableSubset,ByRegimeInstrument,Spacing_20,2019 | 2019 observed regime,ES,PriorSlope_Q3,FlatVolume,23,23,411.04347826086956,0.0,1971.295270495585,0.0,0.0,0.043478260869565216
VolumeAvailableSubset,ByRegimeInstrument,Spacing_20,2019 | 2019 observed regime,ES,PriorSlope_Q3,UpDownVolumeDelta,23,23,1531.8695652173913,-442.0,22985.731671674355,-7901.5,9770.5,0.43478260869565216
VolumeAvailableSubset,ByRegimeInstrument,Spacing_20,2019 | 2019 observed regime,ES,Base_NotPriorSlope_Q3,Volume,53,53,18421.132075471698,10284.0,23492.05596746216,5060.0,22758.0,1.0
VolumeAvailableSubset,ByRegimeInstrument,Spacing_20,2019 | 2019 observed regime,ES,Base_NotPriorSlope_Q3,VolumeSMA,53,53,16278.323584905658,15411.4,6779.466440094363,11059.2,22122.95,1.0
VolumeAvailableSubset,ByRegimeInstrument,Spacing_20,2019 | 2019 observed regime,ES,Base_NotPriorSlope_Q3,RelativeVolume,53,53,1.0956372266396224,0.7559111536,1.0803306992665052,0.5381941142,1.2673467973,1.0
VolumeAvailableSubset,ByRegimeInstrument,Spacing_20,2019 | 2019 observed regime,ES,Base_NotPriorSlope_Q3,VolumeZScore,53,53,-0.1679706138622642,-0.5610725137,1.3012356707650552,-1.0599282739,0.4048268245,0.33962264150943394
VolumeAvailableSubset,ByRegimeInstrument,Spacing_20,2019 | 2019 observed regime,ES,Base_NotPriorSlope_Q3,SignedVolume,53,53,972.0,4509.0,29913.73254106651,-6837.0,12733.0,0.5849056603773585
VolumeAvailableSubset,ByRegimeInstrument,Spacing_20,2019 | 2019 observed regime,ES,Base_NotPriorSlope_Q3,UpVolume,53,53,9537.283018867925,4509.0,14273.53398827753,0.0,12733.0,0.5849056603773585
VolumeAvailableSubset,ByRegimeInstrument,Spacing_20,2019 | 2019 observed regime,ES,Base_NotPriorSlope_Q3,DownVolume,53,53,8565.283018867925,0.0,22903.638586794757,0.0,6837.0,0.33962264150943394
VolumeAvailableSubset,ByRegimeInstrument,Spacing_20,2019 | 2019 observed regime,ES,Base_NotPriorSlope_Q3,FlatVolume,53,53,318.5660377358491,0.0,1357.4792604937052,0.0,0.0,0.07547169811320754
VolumeAvailableSubset,ByRegimeInstrument,Spacing_20,2019 | 2019 observed regime,ES,Base_NotPriorSlope_Q3,UpDownVolumeDelta,53,53,972.0,4509.0,29913.73254106651,-6837.0,12733.0,0.5849056603773585
VolumeAvailableSubset,ByRegimeInstrument,Spacing_20,2019 | 2019 observed regime,NQ,PriorSlope_Q3,Volume,16,16,6161.8125,6504.5,4254.513105221325,2603.5,8394.75,1.0
VolumeAvailableSubset,ByRegimeInstrument,Spacing_20,2019 | 2019 observed regime,NQ,PriorSlope_Q3,VolumeSMA,16,16,5293.61875,6024.45,2699.7788323536797,2693.35,7580.2875,1.0
VolumeAvailableSubset,ByRegimeInstrument,Spacing_20,2019 | 2019 observed regime,NQ,PriorSlope_Q3,RelativeVolume,16,16,1.117454698525,1.0767822937,0.480495393250213,0.716104670575,1.438622116325,1.0
VolumeAvailableSubset,ByRegimeInstrument,Spacing_20,2019 | 2019 observed regime,NQ,PriorSlope_Q3,VolumeZScore,16,16,0.06345512165,0.11259437855000001,0.9264905337051178,-0.7572293590500001,0.60949098445,0.5625
VolumeAvailableSubset,ByRegimeInstrument,Spacing_20,2019 | 2019 observed regime,NQ,PriorSlope_Q3,SignedVolume,16,16,-1281.5625,-935.5,7539.768873281197,-6806.5,5098.0,0.4375
VolumeAvailableSubset,ByRegimeInstrument,Spacing_20,2019 | 2019 observed regime,NQ,PriorSlope_Q3,UpVolume,16,16,2440.125,0.0,3356.198362731261,0.0,5098.0,0.4375
VolumeAvailableSubset,ByRegimeInstrument,Spacing_20,2019 | 2019 observed regime,NQ,PriorSlope_Q3,DownVolume,16,16,3721.6875,935.5,5119.612364476436,0.0,6806.5,0.5625
VolumeAvailableSubset,ByRegimeInstrument,Spacing_20,2019 | 2019 observed regime,NQ,PriorSlope_Q3,FlatVolume,16,16,0.0,0.0,0.0,0.0,0.0,0.0
VolumeAvailableSubset,ByRegimeInstrument,Spacing_20,2019 | 2019 observed regime,NQ,PriorSlope_Q3,UpDownVolumeDelta,16,16,-1281.5625,-935.5,7539.768873281197,-6806.5,5098.0,0.4375
VolumeAvailableSubset,ByRegimeInstrument,Spacing_20,2019 | 2019 observed regime,NQ,Base_NotPriorSlope_Q3,Volume,57,57,4505.473684210527,3663.0,2835.8262471031962,2528.0,6296.0,1.0
VolumeAvailableSubset,ByRegimeInstrument,Spacing_20,2019 | 2019 observed regime,NQ,Base_NotPriorSlope_Q3,VolumeSMA,57,57,4707.878070175439,4457.2,2121.022407249659,3018.3,5892.05,1.0
VolumeAvailableSubset,ByRegimeInstrument,Spacing_20,2019 | 2019 observed regime,NQ,Base_NotPriorSlope_Q3,RelativeVolume,57,57,0.9733452538192983,0.8903964384,0.420689847218606,0.663949928,1.1966435607,1.0
VolumeAvailableSubset,ByRegimeInstrument,Spacing_20,2019 | 2019 observed regime,NQ,Base_NotPriorSlope_Q3,VolumeZScore,57,57,-0.14901915658421047,-0.3327305328,1.0093249096281658,-0.8978304612,0.4595474037,0.45614035087719296
VolumeAvailableSubset,ByRegimeInstrument,Spacing_20,2019 | 2019 observed regime,NQ,Base_NotPriorSlope_Q3,SignedVolume,57,57,1037.7543859649122,2309.0,5254.28642797173,-2677.0,4333.0,0.5789473684210527
VolumeAvailableSubset,ByRegimeInstrument,Spacing_20,2019 | 2019 observed regime,NQ,Base_NotPriorSlope_Q3,UpVolume,57,57,2771.6140350877195,2309.0,3292.22253822977,0.0,4333.0,0.5789473684210527
VolumeAvailableSubset,ByRegimeInstrument,Spacing_20,2019 | 2019 observed regime,NQ,Base_NotPriorSlope_Q3,DownVolume,57,57,1733.859649122807,0.0,2643.102144116944,0.0,2677.0,0.42105263157894735
VolumeAvailableSubset,ByRegimeInstrument,Spacing_20,2019 | 2019 observed regime,NQ,Base_NotPriorSlope_Q3,FlatVolume,57,57,0.0,0.0,0.0,0.0,0.0,0.0
VolumeAvailableSubset,ByRegimeInstrument,Spacing_20,2019 | 2019 observed regime,NQ,Base_NotPriorSlope_Q3,UpDownVolumeDelta,57,57,1037.7543859649122,2309.0,5254.28642797173,-2677.0,4333.0,0.5789473684210527
VolumeAvailableSubset,ByRegimeInstrument,Spacing_20,2023 | 2023 observed regime,ES,PriorSlope_Q3,Volume,20,20,18300.45,12144.5,15193.694562911702,8516.25,21660.25,1.0
VolumeAvailableSubset,ByRegimeInstrument,Spacing_20,2023 | 2023 observed regime,ES,PriorSlope_Q3,VolumeSMA,20,20,15831.352499999997,16065.375,4580.826427233495,12010.7625,18203.2625,1.0
VolumeAvailableSubset,ByRegimeInstrument,Spacing_20,2023 | 2023 observed regime,ES,PriorSlope_Q3,RelativeVolume,20,20,1.2181584236800003,0.88905682115,1.1509473519380107,0.719472583725,1.38760825615,1.0
VolumeAvailableSubset,ByRegimeInstrument,Spacing_20,2023 | 2023 observed regime,ES,PriorSlope_Q3,VolumeZScore,20,20,0.11200836302500003,-0.36490064590000004,1.2688338676837594,-0.6151848660999999,0.498210773825,0.35
VolumeAvailableSubset,ByRegimeInstrument,Spacing_20,2023 | 2023 observed regime,ES,PriorSlope_Q3,SignedVolume,20,20,119.5,957.0,24003.75333479943,-9824.75,13760.75,0.5
VolumeAvailableSubset,ByRegimeInstrument,Spacing_20,2023 | 2023 observed regime,ES,PriorSlope_Q3,UpVolume,20,20,8917.85,957.0,12540.204062282408,0.0,13760.75,0.5
VolumeAvailableSubset,ByRegimeInstrument,Spacing_20,2023 | 2023 observed regime,ES,PriorSlope_Q3,DownVolume,20,20,8798.35,0.0,15929.203645059893,0.0,9824.75,0.45
VolumeAvailableSubset,ByRegimeInstrument,Spacing_20,2023 | 2023 observed regime,ES,PriorSlope_Q3,FlatVolume,20,20,584.25,0.0,2612.8454317085043,0.0,0.0,0.05
VolumeAvailableSubset,ByRegimeInstrument,Spacing_20,2023 | 2023 observed regime,ES,PriorSlope_Q3,UpDownVolumeDelta,20,20,119.5,957.0,24003.75333479943,-9824.75,13760.75,0.5
VolumeAvailableSubset,ByRegimeInstrument,Spacing_20,2023 | 2023 observed regime,ES,Base_NotPriorSlope_Q3,Volume,120,120,13164.858333333334,11104.0,9518.551749080842,7896.25,16099.75,1.0
VolumeAvailableSubset,ByRegimeInstrument,Spacing_20,2023 | 2023 observed regime,ES,Base_NotPriorSlope_Q3,VolumeSMA,120,120,14936.942083333335,14484.225,5881.1834059134235,10593.4625,18014.05,1.0
VolumeAvailableSubset,ByRegimeInstrument,Spacing_20,2023 | 2023 observed regime,ES,Base_NotPriorSlope_Q3,RelativeVolume,120,120,0.8945539382566667,0.7658625048,0.511860172428276,0.631060099175,1.1281737496,1.0
VolumeAvailableSubset,ByRegimeInstrument,Spacing_20,2023 | 2023 observed regime,ES,Base_NotPriorSlope_Q3,VolumeZScore,120,120,-0.2389485961525,-0.48076096225,0.837045939159674,-0.79705081255,0.26338473445,0.3333333333333333
VolumeAvailableSubset,ByRegimeInstrument,Spacing_20,2023 | 2023 observed regime,ES,Base_NotPriorSlope_Q3,SignedVolume,120,120,1226.7416666666666,1689.0,15935.834671073728,-10965.25,10645.5,0.5416666666666666
VolumeAvailableSubset,ByRegimeInstrument,Spacing_20,2023 | 2023 observed regime,ES,Base_NotPriorSlope_Q3,UpVolume,120,120,6879.483333333334,1689.0,9878.263881403667,0.0,10645.5,0.5416666666666666
VolumeAvailableSubset,ByRegimeInstrument,Spacing_20,2023 | 2023 observed regime,ES,Base_NotPriorSlope_Q3,DownVolume,120,120,5652.741666666667,0.0,8828.435100722045,0.0,10965.25,0.4083333333333333
VolumeAvailableSubset,ByRegimeInstrument,Spacing_20,2023 | 2023 observed regime,ES,Base_NotPriorSlope_Q3,FlatVolume,120,120,632.6333333333333,0.0,3082.3338776539654,0.0,0.0,0.05
VolumeAvailableSubset,ByRegimeInstrument,Spacing_20,2023 | 2023 observed regime,ES,Base_NotPriorSlope_Q3,UpDownVolumeDelta,120,120,1226.7416666666666,1689.0,15935.834671073728,-10965.25,10645.5,0.5416666666666666
VolumeAvailableSubset,ByRegimeInstrument,Spacing_20,2023 | 2023 observed regime,NQ,PriorSlope_Q3,Volume,30,30,4598.633333333333,3896.5,3595.0944784797243,2945.0,5848.5,1.0
VolumeAvailableSubset,ByRegimeInstrument,Spacing_20,2023 | 2023 observed regime,NQ,PriorSlope_Q3,VolumeSMA,30,30,5712.528333333334,4883.85,2417.915811320787,3898.8625,6918.05,1.0
VolumeAvailableSubset,ByRegimeInstrument,Spacing_20,2023 | 2023 observed regime,NQ,PriorSlope_Q3,RelativeVolume,30,30,0.7943382142333333,0.78695839105,0.5046594578099337,0.53330405955,0.97914786825,1.0
VolumeAvailableSubset,ByRegimeInstrument,Spacing_20,2023 | 2023 observed regime,NQ,PriorSlope_Q3,VolumeZScore,30,30,-0.42154797501333335,-0.479839172,0.6582825673579226,-0.8678494893,-0.0694697793,0.23333333333333334
VolumeAvailableSubset,ByRegimeInstrument,Spacing_20,2023 | 2023 observed regime,NQ,PriorSlope_Q3,SignedVolume,30,30,1366.3666666666666,3016.0,5733.23807215033,-989.75,4410.75,0.6333333333333333
VolumeAvailableSubset,ByRegimeInstrument,Spacing_20,2023 | 2023 observed regime,NQ,PriorSlope_Q3,UpVolume,30,30,2982.5,3016.0,3293.4441227467596,0.0,4410.75,0.6333333333333333
VolumeAvailableSubset,ByRegimeInstrument,Spacing_20,2023 | 2023 observed regime,NQ,PriorSlope_Q3,DownVolume,30,30,1616.1333333333334,0.0,3471.395592685965,0.0,989.75,0.36666666666666664
VolumeAvailableSubset,ByRegimeInstrument,Spacing_20,2023 | 2023 observed regime,NQ,PriorSlope_Q3,FlatVolume,30,30,0.0,0.0,0.0,0.0,0.0,0.0
VolumeAvailableSubset,ByRegimeInstrument,Spacing_20,2023 | 2023 observed regime,NQ,PriorSlope_Q3,UpDownVolumeDelta,30,30,1366.3666666666666,3016.0,5733.23807215033,-989.75,4410.75,0.6333333333333333
VolumeAvailableSubset,ByRegimeInstrument,Spacing_20,2023 | 2023 observed regime,NQ,Base_NotPriorSlope_Q3,Volume,100,100,5512.89,4802.5,4438.904155181647,3016.75,6088.5,1.0
VolumeAvailableSubset,ByRegimeInstrument,Spacing_20,2023 | 2023 observed regime,NQ,Base_NotPriorSlope_Q3,VolumeSMA,100,100,5942.6325,5576.299999999999,2241.026315336132,4204.9125,7258.0375,1.0
VolumeAvailableSubset,ByRegimeInstrument,Spacing_20,2023 | 2023 observed regime,NQ,Base_NotPriorSlope_Q3,RelativeVolume,100,100,0.9420194626199999,0.789119518,0.7817669706867679,0.551760468275,1.024550374375,1.0
VolumeAvailableSubset,ByRegimeInstrument,Spacing_20,2023 | 2023 observed regime,NQ,Base_NotPriorSlope_Q3,VolumeZScore,100,100,-0.328396085453,-0.61754463825,1.0063811979058697,-0.99471547305,0.06405270402499999,0.28
VolumeAvailableSubset,ByRegimeInstrument,Spacing_20,2023 | 2023 observed regime,NQ,Base_NotPriorSlope_Q3,SignedVolume,100,100,-839.94,296.5,7049.028297273148,-5105.5,4380.25,0.51
VolumeAvailableSubset,ByRegimeInstrument,Spacing_20,2023 | 2023 observed regime,NQ,Base_NotPriorSlope_Q3,UpVolume,100,100,2334.62,296.5,3376.982466850271,0.0,4380.25,0.51
VolumeAvailableSubset,ByRegimeInstrument,Spacing_20,2023 | 2023 observed regime,NQ,Base_NotPriorSlope_Q3,DownVolume,100,100,3174.56,0.0,4828.279377152733,0.0,5105.5,0.48
VolumeAvailableSubset,ByRegimeInstrument,Spacing_20,2023 | 2023 observed regime,NQ,Base_NotPriorSlope_Q3,FlatVolume,100,100,3.71,0.0,37.1,0.0,0.0,0.01
VolumeAvailableSubset,ByRegimeInstrument,Spacing_20,2023 | 2023 observed regime,NQ,Base_NotPriorSlope_Q3,UpDownVolumeDelta,100,100,-839.94,296.5,7049.028297273148,-5105.5,4380.25,0.51
VolumeAvailableSubset,ByRegimeInstrument,Spacing_20,2024 | modern mixed regime,ES,PriorSlope_Q3,Volume,19,19,11866.526315789473,9152.0,13282.062604917042,5530.5,12810.5,1.0
VolumeAvailableSubset,ByRegimeInstrument,Spacing_20,2024 | modern mixed regime,ES,PriorSlope_Q3,VolumeSMA,19,19,10705.255263157895,11230.3,3830.003481899155,8915.85,12772.599999999999,1.0
VolumeAvailableSubset,ByRegimeInstrument,Spacing_20,2024 | modern mixed regime,ES,PriorSlope_Q3,RelativeVolume,19,19,1.0558517718684213,0.7649550972,1.1421156573085038,0.62952258015,1.0341838152,1.0
VolumeAvailableSubset,ByRegimeInstrument,Spacing_20,2024 | modern mixed regime,ES,PriorSlope_Q3,VolumeZScore,19,19,-0.22156164008421053,-0.6739226252,1.3521859338053628,-0.9437035997000001,0.12595283455,0.3157894736842105
VolumeAvailableSubset,ByRegimeInstrument,Spacing_20,2024 | modern mixed regime,ES,PriorSlope_Q3,SignedVolume,19,19,6491.105263157895,5859.0,16326.790498695822,0.0,9748.5,0.6842105263157895
VolumeAvailableSubset,ByRegimeInstrument,Spacing_20,2024 | modern mixed regime,ES,PriorSlope_Q3,UpVolume,19,19,8589.0,5859.0,13815.003120601248,0.0,9748.5,0.6842105263157895
VolumeAvailableSubset,ByRegimeInstrument,Spacing_20,2024 | modern mixed regime,ES,PriorSlope_Q3,DownVolume,19,19,2097.8947368421054,0.0,6137.5931845810055,0.0,0.0,0.21052631578947367
VolumeAvailableSubset,ByRegimeInstrument,Spacing_20,2024 | modern mixed regime,ES,PriorSlope_Q3,FlatVolume,19,19,1179.6315789473683,0.0,3541.536753860867,0.0,0.0,0.10526315789473684
VolumeAvailableSubset,ByRegimeInstrument,Spacing_20,2024 | modern mixed regime,ES,PriorSlope_Q3,UpDownVolumeDelta,19,19,6491.105263157895,5859.0,16326.790498695822,0.0,9748.5,0.6842105263157895
VolumeAvailableSubset,ByRegimeInstrument,Spacing_20,2024 | modern mixed regime,ES,Base_NotPriorSlope_Q3,Volume,64,64,14061.765625,11678.0,11211.283138466493,6596.25,17169.25,1.0
VolumeAvailableSubset,ByRegimeInstrument,Spacing_20,2024 | modern mixed regime,ES,Base_NotPriorSlope_Q3,VolumeSMA,64,64,13377.53046875,12821.575,4132.8889193459045,10380.175000000001,15173.725,1.0
VolumeAvailableSubset,ByRegimeInstrument,Spacing_20,2024 | modern mixed regime,ES,Base_NotPriorSlope_Q3,RelativeVolume,64,64,1.0583186889765626,0.920188192,0.7455780164776871,0.64957344515,1.364634635225,1.0
VolumeAvailableSubset,ByRegimeInstrument,Spacing_20,2024 | modern mixed regime,ES,Base_NotPriorSlope_Q3,VolumeZScore,64,64,0.08972951632187501,-0.21398684605,1.0259971988825172,-0.684260502525,0.740529263525,0.4375
VolumeAvailableSubset,ByRegimeInstrument,Spacing_20,2024 | modern mixed regime,ES,Base_NotPriorSlope_Q3,SignedVolume,64,64,-1583.109375,0.0,17895.248207734327,-10733.5,10589.25,0.453125
VolumeAvailableSubset,ByRegimeInstrument,Spacing_20,2024 | modern mixed regime,ES,Base_NotPriorSlope_Q3,UpVolume,64,64,6065.359375,0.0,8758.304861296094,0.0,10589.25,0.453125
VolumeAvailableSubset,ByRegimeInstrument,Spacing_20,2024 | modern mixed regime,ES,Base_NotPriorSlope_Q3,DownVolume,64,64,7648.46875,0.0,12217.931907415676,0.0,10733.5,0.484375
VolumeAvailableSubset,ByRegimeInstrument,Spacing_20,2024 | modern mixed regime,ES,Base_NotPriorSlope_Q3,FlatVolume,64,64,347.9375,0.0,1912.0245388858343,0.0,0.0,0.0625
VolumeAvailableSubset,ByRegimeInstrument,Spacing_20,2024 | modern mixed regime,ES,Base_NotPriorSlope_Q3,UpDownVolumeDelta,64,64,-1583.109375,0.0,17895.248207734327,-10733.5,10589.25,0.453125
VolumeAvailableSubset,ByRegimeInstrument,Spacing_20,2024 | modern mixed regime,NQ,PriorSlope_Q3,Volume,18,18,5328.611111111111,4214.0,3578.5354733447775,3642.25,5473.25,1.0
VolumeAvailableSubset,ByRegimeInstrument,Spacing_20,2024 | modern mixed regime,NQ,PriorSlope_Q3,VolumeSMA,18,18,6301.991666666667,6523.0,1589.5039777766044,5164.45,7565.05,1.0
VolumeAvailableSubset,ByRegimeInstrument,Spacing_20,2024 | modern mixed regime,NQ,PriorSlope_Q3,RelativeVolume,18,18,0.8752575791944445,0.653919197,0.6490591684051101,0.526443078025,0.980573719625,1.0
VolumeAvailableSubset,ByRegimeInstrument,Spacing_20,2024 | modern mixed regime,NQ,PriorSlope_Q3,VolumeZScore,18,18,-0.5124492124277777,-0.8235693390000001,0.8840905479299465,-1.1217978329,-0.038658481775,0.2777777777777778
VolumeAvailableSubset,ByRegimeInstrument,Spacing_20,2024 | modern mixed regime,NQ,PriorSlope_Q3,SignedVolume,18,18,-422.3888888888889,-2112.0,6533.096222438024,-4244.0,3625.0,0.4444444444444444
VolumeAvailableSubset,ByRegimeInstrument,Spacing_20,2024 | modern mixed regime,NQ,PriorSlope_Q3,UpVolume,18,18,2453.1111111111113,0.0,3833.5454161280445,0.0,3625.0,0.4444444444444444
VolumeAvailableSubset,ByRegimeInstrument,Spacing_20,2024 | modern mixed regime,NQ,PriorSlope_Q3,DownVolume,18,18,2875.5,2112.0,3612.1407413463444,0.0,4244.0,0.5555555555555556
VolumeAvailableSubset,ByRegimeInstrument,Spacing_20,2024 | modern mixed regime,NQ,PriorSlope_Q3,FlatVolume,18,18,0.0,0.0,0.0,0.0,0.0,0.0
VolumeAvailableSubset,ByRegimeInstrument,Spacing_20,2024 | modern mixed regime,NQ,PriorSlope_Q3,UpDownVolumeDelta,18,18,-422.3888888888889,-2112.0,6533.096222438024,-4244.0,3625.0,0.4444444444444444
VolumeAvailableSubset,ByRegimeInstrument,Spacing_20,2024 | modern mixed regime,NQ,Base_NotPriorSlope_Q3,Volume,61,61,7380.245901639344,5295.0,7415.359624130932,3607.0,8109.0,1.0
VolumeAvailableSubset,ByRegimeInstrument,Spacing_20,2024 | modern mixed regime,NQ,Base_NotPriorSlope_Q3,VolumeSMA,61,61,5770.190983606558,5372.05,1949.3480758642575,4461.1,6853.4,1.0
VolumeAvailableSubset,ByRegimeInstrument,Spacing_20,2024 | modern mixed regime,NQ,Base_NotPriorSlope_Q3,RelativeVolume,61,61,1.2377660568360656,0.9554446293,1.1082594385019742,0.6714382778,1.4574196926,1.0
VolumeAvailableSubset,ByRegimeInstrument,Spacing_20,2024 | modern mixed regime,NQ,Base_NotPriorSlope_Q3,VolumeZScore,61,61,0.16845967575901635,-0.1694359377,1.3810750062219606,-0.8388151764,0.7195325243,0.45901639344262296
VolumeAvailableSubset,ByRegimeInstrument,Spacing_20,2024 | modern mixed regime,NQ,Base_NotPriorSlope_Q3,SignedVolume,61,61,-2622.3278688524592,-2544.0,10161.833638212662,-6160.0,4710.0,0.39344262295081966
VolumeAvailableSubset,ByRegimeInstrument,Spacing_20,2024 | modern mixed regime,NQ,Base_NotPriorSlope_Q3,UpVolume,61,61,2357.967213114754,0.0,4193.817815019362,0.0,4710.0,0.39344262295081966
VolumeAvailableSubset,ByRegimeInstrument,Spacing_20,2024 | modern mixed regime,NQ,Base_NotPriorSlope_Q3,DownVolume,61,61,4980.295081967213,2544.0,7861.079076361511,0.0,6160.0,0.5901639344262295
VolumeAvailableSubset,ByRegimeInstrument,Spacing_20,2024 | modern mixed regime,NQ,Base_NotPriorSlope_Q3,FlatVolume,61,61,41.98360655737705,0.0,327.90244950814656,0.0,0.0,0.01639344262295082
VolumeAvailableSubset,ByRegimeInstrument,Spacing_20,2024 | modern mixed regime,NQ,Base_NotPriorSlope_Q3,UpDownVolumeDelta,61,61,-2622.3278688524592,-2544.0,10161.833638212662,-6160.0,4710.0,0.39344262295081966
