APVA Lateral Pre-Breakout Gradient Study v0.1 - 6E
===================================================
Instrument: 6E
Input: C:\Users\rz0\Documents\ApvaAnalysis\Evidence\6E\6E_JUN26_5_Minute_CME_FX_Futures_ETH_20251130_OPEN_apva_bar_evidence_v01.csv
Total rows: 35219
Lateral breakouts found: 1992
Valid outcome count: 1992
Success count: 944
Failure count: 956
Flat count: 92
Average lateral duration: 7.21
Median lateral duration: 5.00
Completed lateral metadata is exposed by APVA_BreakoutContext_08.py without changing prior detector behavior.

Lateral Breakout Ledger
=======================
StartBar EndBar BreakoutBar Direction Duration LateralRange DRFwd5
       9     16          17 Up            8.00     0.000400   0.000350
      26     28          29 Up            3.00     0.000400  -0.000750
      41     44          45 Down          4.00     0.000300   0.000250
      45     47          48 Down          3.00     0.000450  -0.000500
      53     58          59 Up            6.00     0.000200   0.000050
      60     64          65 Up            5.00     0.000350   0.000050
      77     79          80 Down          3.00     0.000350   0.000350
      92     95          96 Up            4.00     0.000400   0.001150
     101    104         105 Up            4.00     0.000300   0.000300
     123    127         128 Up            5.00     0.000650   0.000350
     143    147         148 Up            5.00     0.000300  -0.000500
     149    152         153 Down          4.00     0.000400  -0.000350
     184    186         187 Down          3.00     0.000600  -0.000600
     194    197         198 Down          4.00     0.000550  -0.000100
     210    213         214 Down          4.00     0.000350  -0.000150
     226    231         232 Down          6.00     0.000650   0.000150
     232    239         240 Down          8.00     0.000700   0.000350
     247    263         264 Up           17.00     0.000250   0.000000
     266    270         271 Down          5.00     0.000150  -0.000050
     275    281         282 Down          7.00     0.000200   0.000100
     284    286         287 Down          3.00     0.000200   0.000150
     288    290         291 Down          3.00     0.000250   0.000000
     316    321         322 Up            6.00     0.000150  -0.000050
     328    332         333 Up            5.00     0.000150   0.000100
     345    348         349 Down          4.00     0.000350   0.000050
     352    354         355 Up            3.00     0.000100   0.000000
     364    369         370 Up            6.00     0.000300   0.000700
     396    399         400 Down          4.00     0.000300   0.000300
     401    405         406 Up            5.00     0.000400  -0.000950
     406    410         411 Down          5.00     0.000800  -0.000250
     419    424         425 Up            6.00     0.000350   0.000200
     427    430         431 Up            4.00     0.000300   0.000000
     431    433         434 Down          3.00     0.000350  -0.000500
     437    439         440 Up            3.00     0.000350  -0.000300
     441    444         445 Down          4.00     0.000250   0.000000
     445    452         453 Down          8.00     0.000550  -0.000700
     478    488         489 Down         11.00     0.000800   0.000300
     491    497         498 Up            7.00     0.001100   0.000100
     498    503         504 Up            6.00     0.000700   0.000150
     505    509         510 Down          5.00     0.000450   0.000000
     528    557         558 Up           30.00     0.000600   0.000050
     564    567         568 Up            4.00     0.000200   0.000000
     570    576         577 Up            7.00     0.000350   0.000250
     585    596         597 Up           12.00     0.000200  -0.000100
     599    601         602 Down          3.00     0.000100  -0.000200
     607    609         610 Down          3.00     0.000150   0.000050
     613    615         616 Up            3.00     0.000100   0.000250
     619    621         622 Up            3.00     0.000200   0.000150
     628    636         637 Up            9.00     0.000200   0.000150
     723    725         726 Down          3.00     0.000800   0.000100
     727    731         732 Down          5.00     0.000700   0.000850
     732    734         735 Down          3.00     0.000500  -0.000100
     746    775         776 Up           30.00     0.001150   0.000500
     799    803         804 Down          5.00     0.000250   0.000150
     810    814         815 Down          5.00     0.000250   0.000050
     815    818         819 Down          4.00     0.000250  -0.000450
     838    840         841 Down          3.00     0.000400   0.000050
     853    855         856 Down          3.00     0.000300  -0.000350
     856    860         861 Up            5.00     0.000350  -0.000300
     871    873         874 Up            3.00     0.000150  -0.000400
     880    882         883 Down          3.00     0.000150  -0.000350
     888    897         898 Up           10.00     0.000200  -0.000050
     897    899         900 Up            3.00     0.000150  -0.000100
     901    906         907 Up            6.00     0.000200  -0.000250
     907    911         912 Down          5.00     0.000250   0.000400
     916    919         920 Up            4.00     0.000150   0.000300
    1002   1009        1010 Up            8.00     0.001550   0.000050
    1083   1086        1087 Down          4.00     0.000500   0.000000
    1087   1095        1096 Down          9.00     0.000500  -0.000350
    1104   1116        1117 Up           13.00     0.000400   0.000150
    1122   1126        1127 Up            5.00     0.000200   0.000200
    1133   1136        1137 Up            4.00     0.000250  -0.000050
    1136   1151        1152 Down         16.00     0.000150   0.000300
    1154   1156        1157 Down          3.00     0.000100  -0.000050
    1165   1167        1168 Down          3.00     0.000150  -0.000250
    1169   1175        1176 Up            7.00     0.000400   0.000100
    1176   1181        1182 Up            6.00     0.000300   0.000200
    1183   1185        1186 Up            3.00     0.000200  -0.000150
    1188   1191        1192 Down          4.00     0.000250  -0.000300
    1215   1221        1222 Down          7.00     0.000400  -0.000200
    1222   1224        1225 Down          3.00     0.000500  -0.000050
    1230   1234        1235 Up            5.00     0.000300  -0.000050
    1245   1250        1251 Down          6.00     0.000350   0.000050
    1266   1270        1271 Up            5.00     0.000300  -0.000450
    1286   1288        1289 Down          3.00     0.000400  -0.000350
    1292   1294        1295 Down          3.00     0.000550  -0.000350
    1312   1316        1317 Up            5.00     0.000750   0.000100
    1325   1327        1328 Up            3.00     0.000300   0.000650
    1336   1355        1356 Down         20.00     0.000400   0.000000
    1368   1372        1373 Down          5.00     0.000300   0.000150
    1380   1396        1397 Up           17.00     0.000450   0.000050
    1403   1406        1407 Down          4.00     0.000450  -0.000500
    1443   1445        1446 Up            3.00     0.000050   0.000000
    1449   1454        1455 Down          6.00     0.000150  -0.000250
    1454   1459        1460 Up            6.00     0.000200   0.000900
    1464   1484        1485 Down         21.00     0.001550  -0.000050
    1522   1541        1542 Down         20.00     0.000450  -0.000550
    1567   1569        1570 Down          3.00     0.000500   0.001450
    1575   1578        1579 Down          4.00     0.000600   0.000050
    1599   1603        1604 Up            5.00     0.000400   0.001000
    1609   1612        1613 Down          4.00     0.000250  -0.000350
    1621   1626        1627 Up            6.00     0.000300  -0.000100
    1638   1642        1643 Down          5.00     0.000200   0.000100
    1644   1648        1649 Down          5.00     0.000200  -0.000250
    1650   1663        1664 Up           14.00     0.000300   0.000100
    1671   1674        1675 Down          4.00     0.000200   0.000250
    1692   1694        1695 Down          3.00     0.000250  -0.000050
    1696   1709        1710 Up           14.00     0.000150  -0.000100
    1712   1730        1731 Up           19.00     0.000250   0.000150
    1733   1739        1740 Down          7.00     0.000100   0.000100
    1759   1762        1763 Down          4.00     0.000300  -0.000200
    1765   1767        1768 Up            3.00     0.000600   0.000300
    1777   1780        1781 Up            4.00     0.000350   0.000550
    1806   1809        1810 Up            4.00     0.000550  -0.001100
    1816   1827        1828 Down         12.00     0.000400  -0.000300
    1833   1837        1838 Down          5.00     0.000450   0.000050
    1838   1845        1846 Up            8.00     0.000450  -0.000900
    1882   1884        1885 Down          3.00     0.000350  -0.000200
    1927   1929        1930 Down          3.00     0.000200   0.000000
    1933   1945        1946 Up           13.00     0.000250  -0.000250
    1966   1969        1970 Up            4.00     0.000250  -0.000200
    1970   1975        1976 Down          6.00     0.000300  -0.000100
    1981   1986        1987 Up            6.00     0.000400  -0.000050
    1998   2008        2009 Up           11.00     0.000150   0.000050
    2009   2011        2012 Up            3.00     0.000250   0.000200
    2018   2021        2022 Down          4.00     0.000200  -0.000450
    2038   2043        2044 Up            6.00     0.000600   0.000400
    2074   2078        2079 Up            5.00     0.000750  -0.000400
    2097   2099        2100 Down          3.00     0.000350  -0.000150
    2105   2109        2110 Up            5.00     0.000600  -0.000150
    2110   2115        2116 Down          6.00     0.000500  -0.000800
    2157   2170        2171 Up           14.00     0.000550  -0.000500
    2188   2213        2214 Up           26.00     0.001050   0.000150
    2225   2228        2229 Up            4.00     0.000300   0.000400
    2231   2244        2245 Down         14.00     0.000600   0.000000
    2250   2252        2253 Down          3.00     0.000200   0.000250
    2285   2287        2288 Down          3.00     0.000200   0.000250
    2291   2298        2299 Up            8.00     0.000300   0.000300
    2299   2301        2302 Up            3.00     0.000200   0.000600
    2343   2345        2346 Down          3.00     0.000350  -0.000850
    2353   2355        2356 Up            3.00     0.000350  -0.000200
    2359   2362        2363 Down          4.00     0.000400  -0.000650
    2376   2378        2379 Up            3.00     0.000500   0.001600
    2391   2396        2397 Down          6.00     0.000600  -0.000650
    2413   2415        2416 Down          3.00     0.000800  -0.000900
    2429   2435        2436 Up            7.00     0.000750  -0.000450
    2443   2446        2447 Down          4.00     0.000400  -0.000300
    2466   2468        2469 Down          3.00     0.000300   0.000050
    2476   2479        2480 Down          4.00     0.000200  -0.000100
    2492   2494        2495 Up            3.00     0.000200   0.000000
    2498   2504        2505 Down          7.00     0.000200  -0.000400
    2507   2509        2510 Up            3.00     0.000400  -0.000700
    2526   2542        2543 Down         17.00     0.000400  -0.000250
    2549   2553        2554 Down          5.00     0.000200  -0.000200
    2554   2557        2558 Up            4.00     0.000250   0.000150
    2562   2565        2566 Up            4.00     0.000200  -0.000050
    2587   2589        2590 Down          3.00     0.000250   0.000050
    2595   2599        2600 Down          5.00     0.000500   0.000200
    2605   2608        2609 Down          4.00     0.000300  -0.000500
    2621   2629        2630 Up            9.00     0.000250  -0.000450
    2632   2635        2636 Up            4.00     0.000300  -0.000500
    2636   2640        2641 Down          5.00     0.000400  -0.000050
    2644   2646        2647 Down          3.00     0.000250  -0.001050
    2652   2654        2655 Down          3.00     0.000450  -0.000300
    2688   2691        2692 Down          4.00     0.000650   0.000500
    2697   2701        2702 Up            5.00     0.000300   0.001200
    2707   2716        2717 Up           10.00     0.000450  -0.000850
    2744   2747        2748 Up            4.00     0.000650  -0.000450
    2748   2751        2752 Down          4.00     0.000200   0.000100
    2759   2770        2771 Down         12.00     0.000500   0.000650
    2792   2801        2802 Up           10.00     0.000450   0.000100
    2818   2823        2824 Up            6.00     0.000300  -0.000150
    2824   2829        2830 Down          6.00     0.000150  -0.000150
    2834   2843        2844 Down         10.00     0.000150  -0.000250
    2873   2877        2878 Down          5.00     0.000650  -0.000850
    2881   2891        2892 Up           11.00     0.000450  -0.000100
    2908   2912        2913 Up            5.00     0.000250   0.000400
    2929   2932        2933 Up            4.00     0.000450  -0.001250
    2955   2968        2969 Down         14.00     0.001250  -0.000050
    2970   2977        2978 Down          8.00     0.000400   0.000400
    2979   2981        2982 Down          3.00     0.000300   0.000300
    2984   2989        2990 Down          6.00     0.000300   0.000100
    3022   3025        3026 Up            4.00     0.000300  -0.000150
    3035   3046        3047 Up           12.00     0.000300  -0.000200
    3059   3061        3062 Down          3.00     0.000350  -0.000400
    3073   3075        3076 Up            3.00     0.000150   0.000050
    3077   3081        3082 Up            5.00     0.000150  -0.000250
    3092   3099        3100 Up            8.00     0.000250  -0.000150
    3100   3105        3106 Down          6.00     0.000200  -0.000150
    3139   3142        3143 Up            4.00     0.000350   0.000100
    3143   3145        3146 Up            3.00     0.000650  -0.001200
    3146   3148        3149 Down          3.00     0.001150  -0.000050
    3150   3152        3153 Up            3.00     0.000750  -0.000200
    3158   3161        3162 Up            4.00     0.000600  -0.000050
    3177   3182        3183 Down          6.00     0.000400  -0.000550
    3202   3208        3209 Up            7.00     0.000900  -0.000350
    3221   3223        3224 Up            3.00     0.000500  -0.000350
    3315   3318        3319 Up            4.00     0.000200  -0.000500
    3324   3330        3331 Up            7.00     0.000250   0.000000
    3342   3346        3347 Down          5.00     0.000200   0.000450
    3352   3356        3357 Down          5.00     0.000250   0.000100
    3361   3366        3367 Up            6.00     0.000200  -0.000350
    3378   3385        3386 Down          8.00     0.000250   0.000100
    3389   3393        3394 Up            5.00     0.000350  -0.000550
    3402   3404        3405 Down          3.00     0.000400   0.001250
    3437   3439        3440 Down          3.00     0.000300  -0.000200
    3473   3476        3477 Up            4.00     0.000450   0.001050
    3482   3490        3491 Up            9.00     0.001200  -0.000750
    3547   3553        3554 Up            7.00     0.000200  -0.000350
    3562   3566        3567 Down          5.00     0.000350  -0.000400
    3574   3604        3605 Up           31.00     0.000300  -0.000100
    3611   3613        3614 Down          3.00     0.000350   0.000200
    3623   3627        3628 Up            5.00     0.000250  -0.000100
    3639   3643        3644 Down          5.00     0.000200  -0.000250
    3645   3651        3652 Up            7.00     0.000250   0.000150
    3663   3668        3669 Up            6.00     0.000150  -0.000400
    3704   3708        3709 Down          5.00     0.000450   0.000600
    3712   3714        3715 Up            3.00     0.000350   0.000300
    3751   3755        3756 Up            5.00     0.000350   0.002050
    3758   3762        3763 Up            5.00     0.001600   0.001050
    3771   3773        3774 Up            3.00     0.000650  -0.000650
    3821   3823        3824 Down          3.00     0.000200  -0.000250
    3829   3832        3833 Up            4.00     0.000250   0.000100
    3852   3862        3863 Up           11.00     0.000250  -0.000200
    3865   3870        3871 Down          6.00     0.000200   0.000000
    3889   3891        3892 Down          3.00     0.000300  -0.000150
    3907   3911        3912 Up            5.00     0.000250  -0.000550
    3915   3925        3926 Down         11.00     0.000650   0.000100
    3927   3929        3930 Up            3.00     0.000200   0.000050
    3935   3938        3939 Up            4.00     0.000100  -0.000050
    3938   3947        3948 Up           10.00     0.000100  -0.000100
    3960   3963        3964 Down          4.00     0.000500   0.000400
    4024   4027        4028 Up            4.00     0.000250  -0.000500
    4078   4080        4081 Down          3.00     0.000350  -0.000300
    4081   4091        4092 Up           11.00     0.000600   0.000100
    4097   4101        4102 Down          5.00     0.000400  -0.000100
    4106   4111        4112 Up            6.00     0.000350  -0.000050
    4121   4123        4124 Down          3.00     0.000150   0.000550
    4127   4132        4133 Down          6.00     0.000450   0.000000
    4133   4139        4140 Up            7.00     0.000500  -0.000050
    4139   4147        4148 Down          9.00     0.000550  -0.000400
    4153   4161        4162 Up            9.00     0.000400   0.000050
    4170   4183        4184 Down         14.00     0.000350  -0.000100
    4184   4191        4192 Down          8.00     0.000200  -0.000350
    4191   4196        4197 Up            6.00     0.000300   0.000000
    4196   4203        4204 Up            8.00     0.000100   0.000150
    4210   4212        4213 Up            3.00     0.000100  -0.000250
    4219   4229        4230 Down         11.00     0.000350  -0.000100
    4230   4232        4233 Down          3.00     0.000350  -0.000300
    4235   4238        4239 Up            4.00     0.000350   0.000650
    4245   4248        4249 Down          4.00     0.000550  -0.000500
    4249   4251        4252 Up            3.00     0.000550   0.000750
    4256   4259        4260 Down          4.00     0.000400  -0.000200
    4309   4312        4313 Up            4.00     0.000500  -0.000100
    4315   4318        4319 Down          4.00     0.000650  -0.000950
    4328   4339        4340 Up           12.00     0.000600  -0.000600
    4342   4346        4347 Down          5.00     0.000550   0.000750
    4355   4359        4360 Up            5.00     0.000500   0.000150
    4368   4371        4372 Down          4.00     0.000400  -0.000250
    4382   4384        4385 Up            3.00     0.000350   0.000150
    4402   4404        4405 Up            3.00     0.000300   0.000250
    4405   4407        4408 Up            3.00     0.000150   0.000300
    4410   4412        4413 Up            3.00     0.000100  -0.000050
    4415   4424        4425 Up           10.00     0.000450   0.000150
    4433   4435        4436 Up            3.00     0.000150   0.000150
    4447   4451        4452 Up            5.00     0.000400  -0.000100
    4478   4482        4483 Down          5.00     0.000300  -0.000100
    4488   4490        4491 Up            3.00     0.000200  -0.000350
    4497   4500        4501 Down          4.00     0.000150   0.000450
    4542   4544        4545 Up            3.00     0.000450   0.000500
    4547   4551        4552 Up            5.00     0.000400   0.000300
    4589   4592        4593 Down          4.00     0.001100   0.000550
    4598   4601        4602 Up            4.00     0.000600  -0.000550
    4602   4605        4606 Down          4.00     0.000900  -0.000700
    4619   4627        4628 Up            9.00     0.000350  -0.000600
    4638   4645        4646 Up            8.00     0.000500   0.000150
    4662   4664        4665 Up            3.00     0.000300   0.000300
    4667   4669        4670 Up            3.00     0.000300  -0.000050
    4670   4676        4677 Down          7.00     0.000300  -0.000100
    4679   4684        4685 Up            6.00     0.000250   0.000500
    4691   4702        4703 Up           12.00     0.000500  -0.000500
    4715   4717        4718 Up            3.00     0.000250   0.000550
    4733   4737        4738 Down          5.00     0.000200   0.000600
    4741   4745        4746 Down          5.00     0.000250   0.000100
    4751   4756        4757 Up            6.00     0.000300   0.000150
    4760   4767        4768 Up            8.00     0.000250   0.000450
    4773   4781        4782 Up            9.00     0.000300  -0.000350
    4828   4830        4831 Down          3.00     0.000250  -0.000150
    4843   4846        4847 Down          4.00     0.000300   0.000150
    4847   4850        4851 Down          4.00     0.000300   0.000350
    4858   4860        4861 Up            3.00     0.000500  -0.000250
    4865   4875        4876 Down         11.00     0.000700   0.000550
    4902   4906        4907 Up            5.00     0.000300   0.000050
    4918   4925        4926 Up            8.00     0.000550   0.000300
    4928   4933        4934 Down          6.00     0.000650  -0.000550
    4941   4943        4944 Up            3.00     0.000550   0.000450
    4963   4967        4968 Down          5.00     0.000150  -0.000600
    4971   4979        4980 Down          9.00     0.000450   0.000050
    4981   4987        4988 Down          7.00     0.000300   0.000000
    5000   5002        5003 Down          3.00     0.000200  -0.000300
    5003   5005        5006 Up            3.00     0.000200   0.000200
    5020   5035        5036 Down         16.00     0.000550  -0.000500
    5037   5039        5040 Up            3.00     0.000400   0.000250
    5051   5061        5062 Up           11.00     0.000350   0.000150
    5065   5070        5071 Down          6.00     0.000350  -0.000900
    5071   5075        5076 Up            5.00     0.000350  -0.000600
    5076   5083        5084 Down          8.00     0.000600   0.000150
    5083   5088        5089 Down          6.00     0.000200  -0.000250
    5138   5140        5141 Up            3.00     0.000250   0.000000
    5142   5144        5145 Up            3.00     0.000350  -0.000700
    5163   5168        5169 Down          6.00     0.000200  -0.000350
    5171   5175        5176 Up            5.00     0.000500   0.000250
    5194   5197        5198 Down          4.00     0.000200  -0.000100
    5200   5202        5203 Up            3.00     0.000400   0.000500
    5205   5220        5221 Up           16.00     0.000500   0.000100
    5238   5242        5243 Down          5.00     0.000250   0.000300
    5261   5263        5264 Down          3.00     0.000250  -0.000050
    5266   5270        5271 Down          5.00     0.000200   0.000600
    5312   5320        5321 Up            9.00     0.000700  -0.000850
    5325   5327        5328 Up            3.00     0.000400  -0.000100
    5365   5371        5372 Up            7.00     0.000550  -0.000250
    5396   5401        5402 Down          6.00     0.000500   0.000900
    5408   5410        5411 Down          3.00     0.000600   0.000100
    5435   5444        5445 Up           10.00     0.000250   0.000400
    5456   5459        5460 Down          4.00     0.000200   0.000200
    5469   5477        5478 Up            9.00     0.000250  -0.000350
    5484   5487        5488 Down          4.00     0.000150  -0.000300
    5488   5491        5492 Up            4.00     0.000100   0.000150
    5499   5501        5502 Up            3.00     0.000150  -0.000150
    5502   5504        5505 Down          3.00     0.000350  -0.000050
    5517   5528        5529 Down         12.00     0.000300  -0.000400
    5529   5531        5532 Up            3.00     0.000150   0.000050
    5551   5557        5558 Down          7.00     0.000150   0.000100
    5561   5565        5566 Up            5.00     0.000250   0.000050
    5572   5575        5576 Down          4.00     0.000200   0.000450
    5581   5583        5584 Down          3.00     0.000400  -0.000100
    5585   5593        5594 Up            9.00     0.000400  -0.000650
    5601   5604        5605 Up            4.00     0.000400  -0.000200
    5619   5623        5624 Down          5.00     0.000300  -0.000050
    5625   5630        5631 Down          6.00     0.000550   0.000500
    5644   5647        5648 Down          4.00     0.000650  -0.000150
    5662   5670        5671 Up            9.00     0.000550  -0.000900
    5693   5696        5697 Down          4.00     0.000350   0.000400
    5703   5708        5709 Up            6.00     0.000300  -0.000200
    5709   5712        5713 Down          4.00     0.000150   0.000600
    5736   5739        5740 Down          4.00     0.000200  -0.000100
    5744   5776        5777 Down         33.00     0.000400  -0.000250
    5780   5787        5788 Down          8.00     0.000250   0.000500
    5797   5807        5808 Down         11.00     0.000150  -0.000250
    5810   5817        5818 Down          8.00     0.000200   0.000250
    5820   5822        5823 Down          3.00     0.000100   0.000150
    5860   5867        5868 Down          8.00     0.000400   0.001100
    5897   5906        5907 Up           10.00     0.000700   0.000550
    5907   5910        5911 Up            4.00     0.000350   0.000750
    5916   5923        5924 Up            8.00     0.000350  -0.000150
    5937   5940        5941 Down          4.00     0.000550   0.000700
    5951   5953        5954 Up            3.00     0.000550   0.000900
    5960   5963        5964 Down          4.00     0.000650   0.001100
    5976   5979        5980 Down          4.00     0.000350  -0.000050
    5984   5996        5997 Up           13.00     0.000650   0.000000
    6039   6042        6043 Up            4.00     0.000150   0.000100
    6062   6067        6068 Up            6.00     0.000350  -0.000150
    6076   6079        6080 Up            4.00     0.000200   0.000100
    6081   6084        6085 Up            4.00     0.000200   0.000150
    6085   6087        6088 Up            3.00     0.000100  -0.000050
    6090   6092        6093 Down          3.00     0.000150   0.000600
    6100   6103        6104 Down          4.00     0.000150  -0.000150
    6123   6128        6129 Up            6.00     0.000150  -0.001200
    6129   6132        6133 Down          4.00     0.000200   0.000650
    6134   6139        6140 Down          6.00     0.000900   0.000600
    6153   6161        6162 Down          9.00     0.000900   0.001000
    6170   6172        6173 Up            3.00     0.000550  -0.000150
    6184   6186        6187 Up            3.00     0.000400   0.000300
    6192   6195        6196 Up            4.00     0.000300  -0.000600
    6211   6214        6215 Down          4.00     0.000450  -0.000800
    6221   6223        6224 Up            3.00     0.000500   0.000300
    6273   6281        6282 Up            9.00     0.000400  -0.000050
    6288   6291        6292 Down          4.00     0.000300  -0.000350
    6309   6331        6332 Down         23.00     0.000950   0.000050
    6345   6347        6348 Down          3.00     0.000600   0.000850
    6368   6375        6376 Up            8.00     0.000350   0.000300
    6377   6384        6385 Up            8.00     0.000350   0.000100
    6388   6390        6391 Up            3.00     0.000100   0.000150
    6457   6460        6461 Down          4.00     0.000550   0.000000
    6477   6482        6483 Down          6.00     0.000750  -0.001750
    6483   6485        6486 Up            3.00     0.000650   0.001350
    6491   6497        6498 Up            7.00     0.000450   0.001300
    6500   6502        6503 Up            3.00     0.001000  -0.000100
    6506   6510        6511 Up            5.00     0.000650   0.000400
    6514   6517        6518 Up            4.00     0.000550  -0.000250
    6522   6525        6526 Down          4.00     0.000400  -0.000350
    6532   6535        6536 Up            4.00     0.000350   0.000250
    6539   6541        6542 Up            3.00     0.000200   0.000350
    6556   6564        6565 Down          9.00     0.000300  -0.000100
    6566   6571        6572 Down          6.00     0.000300   0.000150
    6577   6579        6580 Down          3.00     0.000400   0.000300
    6586   6589        6590 Down          4.00     0.000250   0.000250
    6621   6627        6628 Up            7.00     0.000250   0.000450
    6644   6657        6658 Up           14.00     0.000250  -0.000150
    6658   6663        6664 Down          6.00     0.000150   0.000150
    6668   6670        6671 Up            3.00     0.000350   0.000100
    6674   6679        6680 Up            6.00     0.000200  -0.000600
    6684   6686        6687 Up            3.00     0.000350  -0.000900
    6701   6703        6704 Down          3.00     0.000600   0.000900
    6720   6722        6723 Up            3.00     0.000350  -0.000700
    6732   6740        6741 Up            9.00     0.000500  -0.000600
    6741   6744        6745 Down          4.00     0.000350   0.000500
    6748   6752        6753 Up            5.00     0.000650   0.000150
    6790   6802        6803 Up           13.00     0.000600   0.000050
    6803   6808        6809 Up            6.00     0.000400   0.000250
    6836   6842        6843 Up            7.00     0.000300  -0.000600
    6853   6856        6857 Up            4.00     0.000250   0.000050
    6860   6869        6870 Down         10.00     0.000250  -0.000100
    6913   6919        6920 Up            7.00     0.000150  -0.000550
    6932   6948        6949 Up           17.00     0.000300   0.000350
    6950   6953        6954 Up            4.00     0.000250  -0.000650
    6954   6958        6959 Down          5.00     0.000450   0.000550
    6978   6982        6983 Down          5.00     0.000350  -0.000350
    6983   6987        6988 Up            5.00     0.000250   0.000250
    6992   6994        6995 Up            3.00     0.000550   0.000150
    6997   7001        7002 Down          5.00     0.000300  -0.000400
    7007   7010        7011 Down          4.00     0.000500  -0.000200
    7031   7035        7036 Up            5.00     0.000800  -0.000200
    7040   7043        7044 Down          4.00     0.000450  -0.000700
    7066   7075        7076 Up           10.00     0.000750  -0.000450
    7094   7098        7099 Down          5.00     0.000250   0.000250
    7103   7106        7107 Up            4.00     0.000300   0.000050
    7109   7120        7121 Down         12.00     0.000300   0.000250
    7125   7128        7129 Down          4.00     0.000150  -0.000100
    7135   7165        7166 Down         31.00     0.000250   0.000000
    7167   7172        7173 Up            6.00     0.000250   0.000100
    7180   7183        7184 Up            4.00     0.000400  -0.000150
    7184   7192        7193 Down          9.00     0.000200   0.000000
    7196   7198        7199 Up            3.00     0.000150  -0.000100
    7206   7209        7210 Down          4.00     0.000150  -0.000400
    7215   7224        7225 Down         10.00     0.000400  -0.000600
    7238   7242        7243 Down          5.00     0.000400   0.000500
    7256   7265        7266 Up           10.00     0.000550   0.000200
    7274   7281        7282 Down          8.00     0.000250   0.000000
    7310   7312        7313 Down          3.00     0.000850   0.000150
    7320   7323        7324 Up            4.00     0.000550   0.000200
    7336   7340        7341 Down          5.00     0.000750   0.000750
    7345   7353        7354 Down          9.00     0.000550   0.000600
    7378   7381        7382 Up            4.00     0.000250   0.000200
    7388   7393        7394 Up            6.00     0.000300  -0.000300
    7399   7404        7405 Up            6.00     0.000300   0.000650
    7412   7416        7417 Down          5.00     0.000400   0.000000
    7441   7443        7444 Down          3.00     0.000250   0.000050
    7446   7449        7450 Down          4.00     0.000350  -0.000400
    7505   7507        7508 Down          3.00     0.000350   0.000250
    7531   7534        7535 Down          4.00     0.000350   0.000250
    7537   7542        7543 Down          6.00     0.000400   0.000200
    7542   7547        7548 Down          6.00     0.000250  -0.000400
    7554   7571        7572 Down         18.00     0.000400  -0.000150
    7573   7582        7583 Up           10.00     0.000400   0.001250
    7587   7590        7591 Down          4.00     0.001400   0.000100
    7597   7599        7600 Down          3.00     0.001050   0.000800
    7628   7645        7646 Up           18.00     0.000600  -0.000200
    7663   7667        7668 Up            5.00     0.000250  -0.000200
    7668   7674        7675 Down          7.00     0.000300  -0.000100
    7687   7690        7691 Down          4.00     0.000550   0.000300
    7694   7700        7701 Up            7.00     0.000300   0.001500
    7766   7773        7774 Down          8.00     0.000450  -0.000250
    7779   7781        7782 Up            3.00     0.000500   0.000600
    7782   7784        7785 Up            3.00     0.000650   0.000250
    7795   7797        7798 Down          3.00     0.000850  -0.000200
    7806   7808        7809 Up            3.00     0.000700   0.000050
    7812   7814        7815 Down          3.00     0.000450   0.000500
    7819   7822        7823 Down          4.00     0.000350  -0.000100
    7874   7885        7886 Up           12.00     0.000600   0.000100
    7895   7901        7902 Down          7.00     0.000350   0.000300
    7909   7911        7912 Up            3.00     0.000350  -0.000450
    7914   7919        7920 Up            6.00     0.000450  -0.000200
    7920   7929        7930 Up           10.00     0.000350  -0.000100
    7932   7934        7935 Down          3.00     0.000250   0.000050
    7941   7946        7947 Down          6.00     0.000200   0.000200
    7954   7958        7959 Up            5.00     0.000100  -0.000200
    7963   7967        7968 Up            5.00     0.000200  -0.000300
    7968   7970        7971 Down          3.00     0.000400   0.000000
    7984   7986        7987 Up            3.00     0.000150  -0.000550
    7987   7990        7991 Down          4.00     0.000300   0.000100
    7995   8014        8015 Up           20.00     0.000550  -0.000350
    8028   8039        8040 Up           12.00     0.000450  -0.000400
    8055   8058        8059 Up            4.00     0.000350   0.000200
    8068   8072        8073 Up            5.00     0.000400  -0.000650
    8092   8094        8095 Up            3.00     0.000300  -0.000350
    8103   8105        8106 Down          3.00     0.000300   0.000150
    8108   8110        8111 Down          3.00     0.000200  -0.000350
    8117   8120        8121 Down          4.00     0.000300   0.000150
    8123   8125        8126 Down          3.00     0.000250   0.000850
    8138   8158        8159 Down         21.00     0.002450   0.000350
    8174   8176        8177 Up            3.00     0.000600  -0.000050
    8180   8188        8189 Up            9.00     0.000450  -0.000250
    8243   8247        8248 Down          5.00     0.000150   0.000300
    8255   8257        8258 Up            3.00     0.000300   0.000150
    8271   8282        8283 Up           12.00     0.000200   0.000450
    8288   8293        8294 Up            6.00     0.000200   0.000100
    8295   8297        8298 Up            3.00     0.000150  -0.000250
    8298   8301        8302 Down          4.00     0.000200   0.000050
    8308   8312        8313 Down          5.00     0.000200   0.000050
    8317   8322        8323 Down          6.00     0.000150  -0.000450
    8330   8333        8334 Up            4.00     0.000150   0.000200
    8338   8341        8342 Down          4.00     0.000200   0.000250
    8356   8361        8362 Up            6.00     0.000600  -0.000050
    8372   8374        8375 Up            3.00     0.000500   0.000150
    8387   8391        8392 Down          5.00     0.000300   0.000100
    8397   8405        8406 Up            9.00     0.000300  -0.000500
    8444   8447        8448 Down          4.00     0.000350   0.000050
    8464   8468        8469 Down          5.00     0.000250   0.000000
    8480   8492        8493 Up           13.00     0.000350   0.000200
    8510   8520        8521 Down         11.00     0.000200  -0.000150
    8522   8528        8529 Down          7.00     0.000200   0.000300
    8543   8545        8546 Down          3.00     0.000300  -0.000400
    8550   8556        8557 Down          7.00     0.000300  -0.000250
    8561   8565        8566 Down          5.00     0.000200  -0.000250
    8574   8577        8578 Down          4.00     0.000200   0.000050
    8583   8585        8586 Down          3.00     0.000150  -0.000250
    8589   8593        8594 Down          5.00     0.000150   0.000050
    8594   8599        8600 Up            6.00     0.000200  -0.000300
    8604   8607        8608 Down          4.00     0.000250  -0.000450
    8608   8615        8616 Down          8.00     0.000500   0.000000
    8634   8636        8637 Up            3.00     0.000350  -0.000050
    8638   8643        8644 Up            6.00     0.000350  -0.000250
    8655   8658        8659 Down          4.00     0.000400   0.000150
    8677   8680        8681 Down          4.00     0.000300   0.000500
    8704   8707        8708 Up            4.00     0.000850  -0.000100
    8740   8743        8744 Up            4.00     0.000400  -0.000250
    8752   8758        8759 Up            7.00     0.000200  -0.000350
    8759   8762        8763 Down          4.00     0.000350  -0.000100
    8774   8784        8785 Up           11.00     0.000400   0.000100
    8786   8809        8810 Down         24.00     0.000350   0.000250
    8813   8822        8823 Up           10.00     0.000300   0.000150
    8822   8824        8825 Up            3.00     0.000200  -0.000150
    8825   8830        8831 Up            6.00     0.000200   0.000500
    8839   8842        8843 Down          4.00     0.000200  -0.000300
    8850   8852        8853 Down          3.00     0.000100  -0.000200
    8865   8872        8873 Down          8.00     0.000350  -0.000100
    8896   8900        8901 Down          5.00     0.000400  -0.000200
    8903   8914        8915 Up           12.00     0.000450  -0.000400
    8922   8927        8928 Up            6.00     0.000400   0.000000
    8938   8943        8944 Up            6.00     0.000300  -0.000200
    8949   8951        8952 Down          3.00     0.000250   0.000300
    8967   8970        8971 Down          4.00     0.000300   0.000050
    8971   8974        8975 Down          4.00     0.000500  -0.000550
    8976   8979        8980 Up            4.00     0.000400   0.000700
    8999   9002        9003 Up            4.00     0.000550  -0.000300
    9035   9039        9040 Up            5.00     0.000250   0.000300
    9054   9062        9063 Down          9.00     0.000350  -0.000250
    9063   9066        9067 Down          4.00     0.000300  -0.001600
    9068   9071        9072 Up            4.00     0.001450   0.001000
    9075   9079        9080 Down          5.00     0.000900  -0.002350
    9109   9112        9113 Down          4.00     0.000400  -0.000300
    9122   9124        9125 Up            3.00     0.000400   0.000350
    9127   9129        9130 Up            3.00     0.000250   0.000050
    9165   9168        9169 Down          4.00     0.000850   0.000350
    9176   9188        9189 Down         13.00     0.000750  -0.000300
    9196   9200        9201 Up            5.00     0.000450  -0.000400
    9206   9208        9209 Up            3.00     0.000300  -0.000500
    9211   9213        9214 Down          3.00     0.000400  -0.000400
    9214   9216        9217 Up            3.00     0.000300   0.000400
    9222   9224        9225 Up            3.00     0.000250   0.000150
    9242   9244        9245 Up            3.00     0.000250  -0.000400
    9246   9252        9253 Up            7.00     0.000500   0.000350
    9270   9272        9273 Up            3.00     0.000550  -0.000150
    9273   9275        9276 Up            3.00     0.000500  -0.000150
    9284   9290        9291 Up            7.00     0.000200   0.000250
    9297   9301        9302 Down          5.00     0.000150   0.000300
    9310   9313        9314 Down          4.00     0.000100   0.000200
    9320   9326        9327 Up            7.00     0.000150   0.000050
    9327   9329        9330 Up            3.00     0.000100  -0.000050
    9331   9333        9334 Down          3.00     0.000100  -0.000200
    9339   9341        9342 Down          3.00     0.000150   0.000500
    9399   9404        9405 Up            6.00     0.000350   0.000300
    9407   9412        9413 Up            6.00     0.000400   0.000450
    9448   9450        9451 Up            3.00     0.000550   0.000500
    9483   9485        9486 Up            3.00     0.000500  -0.000350
    9517   9590        9591 Down         74.00     0.005150  -0.000100
    9608   9612        9613 Up            5.00     0.000250   0.000100
    9621   9626        9627 Up            6.00     0.000300  -0.000200
    9628   9630        9631 Down          3.00     0.000350   0.000250
    9680   9690        9691 Up           11.00     0.000500  -0.000050
    9694   9697        9698 Down          4.00     0.000200   0.000000
    9702   9704        9705 Up            3.00     0.000250   0.000250
    9705   9708        9709 Up            4.00     0.000200   0.000200
    9728   9731        9732 Down          4.00     0.000450  -0.000300
    9739   9744        9745 Down          6.00     0.000350   0.000400
    9753   9755        9756 Down          3.00     0.000350  -0.000300
    9759   9766        9767 Up            8.00     0.000450   0.000650
    9801   9813        9814 Down         13.00     0.001900  -0.000200
    9822   9824        9825 Up            3.00     0.000550  -0.000050
    9833   9835        9836 Up            3.00     0.001050  -0.000850
    9843   9853        9854 Down         11.00     0.000600  -0.000150
    9870   9873        9874 Down          4.00     0.000800  -0.000100
    9875   9880        9881 Up            6.00     0.001100  -0.000200
    9881   9887        9888 Down          7.00     0.000450  -0.000300
    9889   9894        9895 Down          6.00     0.000500   0.000750
    9901   9907        9908 Up            7.00     0.000800   0.000450
    9915   9918        9919 Down          4.00     0.000300  -0.000100
    9939   9946        9947 Up            8.00     0.000250  -0.000050
    9971   9974        9975 Down          4.00     0.000250   0.000000
    9982   9987        9988 Down          6.00     0.000350   0.000150
    9990   9996        9997 Up            7.00     0.000450   0.000100
   10015  10018       10019 Up            4.00     0.000450  -0.000250
   10049  10053       10054 Up            5.00     0.000250  -0.000200
   10058  10060       10061 Down          3.00     0.000300  -0.001600
   10070  10081       10082 Up           12.00     0.000750  -0.000350
   10082  10089       10090 Up            8.00     0.001150   0.000500
   10096  10098       10099 Up            3.00     0.000650   0.000450
   10107  10109       10110 Down          3.00     0.000300  -0.000300
   10112  10114       10115 Up            3.00     0.001400   0.000500
   10138  10140       10141 Down          3.00     0.000150  -0.000250
   10159  10162       10163 Up            4.00     0.000300  -0.000050
   10167  10169       10170 Up            3.00     0.000150   0.000150
   10172  10176       10177 Down          5.00     0.000400   0.000100
   10179  10182       10183 Down          4.00     0.000200   0.000000
   10198  10206       10207 Down          9.00     0.000600  -0.000150
   10207  10214       10215 Down          8.00     0.000400  -0.000300
   10215  10219       10220 Up            5.00     0.000300  -0.000350
   10222  10229       10230 Down          8.00     0.000350  -0.000150
   10230  10233       10234 Up            4.00     0.000100   0.000300
   10234  10237       10238 Up            4.00     0.000150   0.000400
   10248  10256       10257 Down          9.00     0.000250   0.000150
   10267  10269       10270 Down          3.00     0.000350  -0.000300
   10275  10277       10278 Down          3.00     0.001050   0.000500
   10282  10284       10285 Up            3.00     0.000650   0.000250
   10287  10290       10291 Down          4.00     0.000700  -0.000400
   10297  10301       10302 Down          5.00     0.000700   0.000350
   10325  10332       10333 Up            8.00     0.000400   0.000250
   10336  10340       10341 Up            5.00     0.000400  -0.000450
   10355  10360       10361 Up            6.00     0.000700   0.000150
   10373  10375       10376 Down          3.00     0.000750  -0.001350
   10405  10409       10410 Up            5.00     0.000500   0.000100
   10415  10420       10421 Up            6.00     0.000800   0.001550
   10436  10445       10446 Up           10.00     0.000900   0.004100
   10456  10458       10459 Down          3.00     0.001300   0.000000
   10459  10468       10469 Up           10.00     0.001550  -0.000300
   10472  10479       10480 Up            8.00     0.001050   0.000700
   10489  10491       10492 Down          3.00     0.000500   0.000700
   10493  10495       10496 Down          3.00     0.000550   0.000150
   10524  10527       10528 Down          4.00     0.000550   0.001050
   10545  10549       10550 Down          5.00     0.000900   0.000550
   10555  10560       10561 Up            6.00     0.000950   0.000000
   10564  10568       10569 Down          5.00     0.000900  -0.001350
   10575  10580       10581 Down          6.00     0.000800   0.000450
   10586  10594       10595 Down          9.00     0.000700  -0.000350
   10602  10606       10607 Down          5.00     0.000400   0.000650
   10625  10629       10630 Up            5.00     0.000550   0.000700
   10656  10660       10661 Up            5.00     0.000600   0.000450
   10680  10682       10683 Down          3.00     0.000450   0.000550
   10683  10685       10686 Down          3.00     0.000600   0.000650
   10687  10689       10690 Down          3.00     0.000600  -0.000300
   10699  10710       10711 Up           12.00     0.000650  -0.000900
   10723  10725       10726 Down          3.00     0.000450  -0.000100
   10726  10729       10730 Down          4.00     0.000200  -0.000450
   10741  10743       10744 Down          3.00     0.000400   0.000250
   10747  10755       10756 Up            9.00     0.000450   0.000000
   10767  10769       10770 Down          3.00     0.000500   0.000850
   10781  10784       10785 Down          4.00     0.000350   0.000500
   10788  10791       10792 Down          4.00     0.000300  -0.000300
   10794  10798       10799 Up            5.00     0.000200  -0.000100
   10807  10811       10812 Down          5.00     0.000350   0.000050
   10830  10832       10833 Down          3.00     0.000950   0.000800
   10846  10848       10849 Up            3.00     0.000400   0.001750
   10937  10939       10940 Down          3.00     0.000850   0.001150
   10948  10950       10951 Up            3.00     0.000600  -0.001050
   10957  10960       10961 Up            4.00     0.000450  -0.001150
   10967  10976       10977 Up           10.00     0.000700   0.000150
   10984  11070       11071 Down         87.00     0.009850  -0.000550
   11071  11085       11086 Up           15.00     0.002600  -0.000650
   11127  11130       11131 Down          4.00     0.000850   0.000450
   11140  11142       11143 Down          3.00     0.000950   0.001000
   11177  11180       11181 Up            4.00     0.000950   0.001100
   11192  11234       11235 Down         43.00     0.004600   0.000950
   11239  11249       11250 Up           11.00     0.003850  -0.000100
   11253  11255       11256 Up            3.00     0.001250   0.000350
   11286  11291       11292 Up            6.00     0.001500  -0.000650
   11295  11298       11299 Down          4.00     0.000350   0.000400
   11351  11357       11358 Down          7.00     0.000600  -0.000700
   11371  11375       11376 Down          5.00     0.001300   0.000950
   11395  11398       11399 Down          4.00     0.000750   0.000550
   11410  11416       11417 Down          7.00     0.000900   0.000200
   11418  11422       11423 Up            5.00     0.001000  -0.000050
   11423  11440       11441 Up           18.00     0.000800   0.001300
   11453  11455       11456 Up            3.00     0.001950   0.000100
   11463  11465       11466 Up            3.00     0.000900  -0.004650
   11501  11509       11510 Up            9.00     0.000950  -0.000650
   11511  11513       11514 Down          3.00     0.000600  -0.000200
   11534  11540       11541 Up            7.00     0.000550   0.000200
   11542  11544       11545 Up            3.00     0.000250   0.000150
   11547  11555       11556 Up            9.00     0.000300  -0.000750
   11561  11563       11564 Up            3.00     0.000600  -0.003150
   11579  11586       11587 Down          8.00     0.002550   0.000300
   11591  11595       11596 Up            5.00     0.002050   0.000000
   11596  11609       11610 Up           14.00     0.000700   0.000400
   11612  11614       11615 Down          3.00     0.000950   0.000250
   11617  11619       11620 Down          3.00     0.000400  -0.001300
   11660  11663       11664 Down          4.00     0.000650   0.000000
   11686  11691       11692 Up            6.00     0.000500   0.001050
   11692  11695       11696 Up            4.00     0.000850   0.000650
   11737  11742       11743 Down          6.00     0.001050  -0.000450
   11743  11748       11749 Down          6.00     0.001850  -0.000900
   11752  11756       11757 Down          5.00     0.001500   0.001300
   11784  11787       11788 Up            4.00     0.001300   0.000200
   11789  11793       11794 Down          5.00     0.000950  -0.000300
   11803  11805       11806 Down          3.00     0.000800  -0.000250
   11810  11813       11814 Down          4.00     0.000550   0.000000
   11816  11821       11822 Down          6.00     0.000600   0.000500
   11864  11870       11871 Up            7.00     0.000600  -0.000500
   11874  11893       11894 Down         20.00     0.000800  -0.000200
   11901  11903       11904 Down          3.00     0.000250   0.000800
   11904  11907       11908 Down          4.00     0.000800  -0.000100
   11915  11918       11919 Up            4.00     0.000700   0.000750
   11979  11981       11982 Up            3.00     0.000400  -0.001100
   11986  11989       11990 Down          4.00     0.000550   0.000500
   12019  12024       12025 Down          6.00     0.001800   0.001000
   12062  12064       12065 Down          3.00     0.000700   0.000200
   12067  12074       12075 Up            8.00     0.000500   0.000200
   12082  12086       12087 Up            5.00     0.000550   0.000600
   12097  12100       12101 Down          4.00     0.000200  -0.000600
   12107  12114       12115 Up            8.00     0.000350   0.000500
   12130  12133       12134 Up            4.00     0.000350  -0.000050
   12150  12155       12156 Up            6.00     0.000300   0.000800
   12159  12163       12164 Up            5.00     0.000300  -0.000250
   12164  12169       12170 Down          6.00     0.000300   0.000000
   12182  12184       12185 Down          3.00     0.000200  -0.000600
   12185  12188       12189 Up            4.00     0.000300  -0.000150
   12195  12198       12199 Down          4.00     0.000400  -0.000550
   12215  12218       12219 Up            4.00     0.000900  -0.000300
   12223  12228       12229 Down          6.00     0.000950   0.001050
   12238  12245       12246 Down          8.00     0.000950   0.000000
   12256  12259       12260 Up            4.00     0.000450   0.000350
   12263  12266       12267 Up            4.00     0.000550   0.000450
   12280  12282       12283 Down          3.00     0.000550  -0.000550
   12284  12287       12288 Up            4.00     0.000650   0.000400
   12300  12303       12304 Up            4.00     0.000700   0.000350
   12310  12316       12317 Up            7.00     0.000700   0.000750
   12324  12326       12327 Down          3.00     0.000400  -0.000400
   12327  12338       12339 Down         12.00     0.000600   0.000500
   12339  12341       12342 Down          3.00     0.000550   0.000100
   12370  12378       12379 Down          9.00     0.000350   0.000600
   12379  12381       12382 Down          3.00     0.000350   0.000100
   12384  12390       12391 Down          7.00     0.000350  -0.000550
   12391  12404       12405 Up           14.00     0.000750   0.000200
   12420  12424       12425 Down          5.00     0.000250  -0.000100
   12442  12444       12445 Up            3.00     0.000250   0.000450
   12451  12454       12455 Down          4.00     0.000350  -0.000250
   12456  12458       12459 Up            3.00     0.000250  -0.000150
   12510  12512       12513 Down          3.00     0.000500   0.000500
   12521  12524       12525 Down          4.00     0.000600  -0.000650
   12526  12528       12529 Up            3.00     0.000500  -0.000050
   12535  12537       12538 Up            3.00     0.000450   0.000750
   12538  12540       12541 Up            3.00     0.000450   0.000200
   12550  12559       12560 Down         10.00     0.001450   0.000200
   12571  12576       12577 Down          6.00     0.001900   0.000300
   12577  12582       12583 Down          6.00     0.001400  -0.000250
   12582  12585       12586 Down          4.00     0.001050  -0.000350
   12588  12592       12593 Up            5.00     0.000650   0.000650
   12602  12625       12626 Up           24.00     0.000950   0.000450
   12630  12635       12636 Down          6.00     0.000550   0.000000
   12644  12649       12650 Up            6.00     0.000250  -0.000300
   12655  12659       12660 Down          5.00     0.000550   0.000100
   12661  12664       12665 Down          4.00     0.000350   0.000150
   12667  12677       12678 Up           11.00     0.000350  -0.000050
   12686  12690       12691 Down          5.00     0.000450   0.000700
   12694  12696       12697 Up            3.00     0.000550  -0.001200
   12716  12718       12719 Up            3.00     0.000200   0.000150
   12720  12725       12726 Down          6.00     0.000250   0.000250
   12741  12746       12747 Up            6.00     0.000450   0.001150
   12747  12750       12751 Up            4.00     0.000450  -0.000050
   12774  12776       12777 Down          3.00     0.000650   0.000400
   12780  12784       12785 Down          5.00     0.000650  -0.000150
   12791  12804       12805 Up           14.00     0.000650   0.000000
   12805  12807       12808 Up            3.00     0.000400  -0.000250
   12829  12832       12833 Up            4.00     0.001400  -0.000350
   12835  12845       12846 Down         11.00     0.002050   0.000100
   12847  12850       12851 Down          4.00     0.001450   0.000950
   12862  12866       12867 Up            5.00     0.000700   0.000550
   12869  12875       12876 Up            7.00     0.000500  -0.000500
   12889  12892       12893 Down          4.00     0.000650  -0.000300
   12895  12906       12907 Down         12.00     0.000400   0.000150
   12920  12923       12924 Up            4.00     0.000300  -0.000500
   12926  12930       12931 Up            5.00     0.000300  -0.000300
   12931  12933       12934 Down          3.00     0.000500  -0.000250
   12939  12944       12945 Down          6.00     0.000300  -0.000250
   12958  12963       12964 Up            6.00     0.000450   0.000150
   12966  12971       12972 Up            6.00     0.000600  -0.000150
   12984  12991       12992 Up            8.00     0.000250   0.000200
   13017  13027       13028 Down         11.00     0.000650  -0.000100
   13029  13032       13033 Up            4.00     0.000300  -0.000400
   13089  13095       13096 Up            7.00     0.000400   0.000100
   13141  13148       13149 Down          8.00     0.000700  -0.000500
   13157  13165       13166 Up            9.00     0.000450  -0.000350
   13189  13191       13192 Down          3.00     0.000100  -0.000250
   13204  13207       13208 Down          4.00     0.000250  -0.000750
   13209  13211       13212 Up            3.00     0.000400   0.000900
   13239  13242       13243 Down          4.00     0.000550  -0.000050
   13244  13249       13250 Up            6.00     0.000800  -0.000350
   13251  13277       13278 Up           27.00     0.000650   0.000400
   13291  13298       13299 Up            8.00     0.002050  -0.000300
   13320  13322       13323 Up            3.00     0.000500   0.000700
   13337  13339       13340 Up            3.00     0.000400  -0.001050
   13340  13344       13345 Down          5.00     0.000800  -0.000350
   13363  13365       13366 Up            3.00     0.000500   0.000150
   13426  13430       13431 Up            5.00     0.000800   0.000500
   13458  13460       13461 Down          3.00     0.000200  -0.000050
   13469  13471       13472 Down          3.00     0.000300   0.000150
   13491  13493       13494 Down          3.00     0.000250  -0.000200
   13522  13526       13527 Up            5.00     0.000300   0.000600
   13531  13533       13534 Down          3.00     0.000400  -0.000250
   13537  13543       13544 Down          7.00     0.000450   0.000350
   13555  13557       13558 Up            3.00     0.000300  -0.000350
   13596  13598       13599 Up            3.00     0.000550   0.000150
   13613  13616       13617 Down          4.00     0.000400  -0.000350
   13627  13629       13630 Down          3.00     0.000350   0.000350
   13634  13638       13639 Up            5.00     0.000450  -0.000200
   13639  13642       13643 Up            4.00     0.000350  -0.001300
   13672  13675       13676 Down          4.00     0.000900   0.000650
   13685  13689       13690 Down          5.00     0.001150  -0.000450
   13734  13744       13745 Down         11.00     0.000450   0.000150
   13750  13752       13753 Up            3.00     0.000200  -0.000150
   13762  13769       13770 Down          8.00     0.000300  -0.000400
   13771  13774       13775 Up            4.00     0.000450   0.000650
   13777  13779       13780 Up            3.00     0.000350   0.000250
   13783  13789       13790 Down          7.00     0.000500  -0.000750
   13790  13794       13795 Up            5.00     0.000300   0.000400
   13822  13825       13826 Down          4.00     0.000400   0.000350
   13827  13832       13833 Up            6.00     0.000300   0.000650
   13845  13848       13849 Down          4.00     0.000600   0.000000
   13857  13862       13863 Up            6.00     0.000500  -0.000200
   13862  13865       13866 Up            4.00     0.000400  -0.000100
   13868  13877       13878 Up           10.00     0.000400  -0.000650
   13881  13884       13885 Up            4.00     0.000650   0.000050
   13885  13898       13899 Up           14.00     0.000500  -0.000800
   13899  13903       13904 Down          5.00     0.000750   0.000500
   13933  14960       14961 Down       1028.00     0.006700   0.000400
   14965  14967       14968 Down          3.00     0.000450  -0.000500
   14970  14973       14974 Up            4.00     0.000550   0.000750
   14974  14977       14978 Up            4.00     0.000350   0.000100
   14979  14984       14985 Up            6.00     0.000400   0.000000
   14991  14993       14994 Down          3.00     0.000250   0.000000
   14996  15011       15012 Down         16.00     0.000600   0.000850
   15017  15032       15033 Down         16.00     0.001050   0.000300
   15033  15037       15038 Down          5.00     0.001050  -0.000250
   15040  15055       15056 Down         16.00     0.001100   0.000750
   15062  15064       15065 Up            3.00     0.000450   0.001650
   15070  15072       15073 Up            3.00     0.000600  -0.000050
   15073  15078       15079 Up            6.00     0.000550   0.000200
   15090  15092       15093 Up            3.00     0.000400   0.000800
   15114  15125       15126 Up           12.00     0.000350   0.000050
   15125  15132       15133 Up            8.00     0.000300   0.000200
   15147  15156       15157 Down         10.00     0.000300   0.000300
   15157  15160       15161 Down          4.00     0.000250   0.000350
   15165  15169       15170 Up            5.00     0.000250   0.000100
   15186  15191       15192 Down          6.00     0.000250   0.000200
   15195  15197       15198 Down          3.00     0.000150  -0.000150
   15207  15210       15211 Up            4.00     0.000100  -0.000150
   15215  15219       15220 Up            5.00     0.000150  -0.000250
   15228  15230       15231 Up            3.00     0.000150  -0.000550
   15254  15258       15259 Up            5.00     0.000500  -0.000400
   15261  15265       15266 Down          5.00     0.000350  -0.000850
   15268  15270       15271 Up            3.00     0.000450  -0.000600
   15281  15290       15291 Up           10.00     0.000400   0.000050
   15322  15329       15330 Up            8.00     0.000950  -0.000650
   15330  15346       15347 Down         17.00     0.001300   0.000200
   15361  15368       15369 Down          8.00     0.000600   0.000950
   15378  15386       15387 Down          9.00     0.001000  -0.000050
   15386  15389       15390 Up            4.00     0.000300  -0.000600
   15396  15402       15403 Up            7.00     0.000450  -0.000100
   15404  15408       15409 Down          5.00     0.000250  -0.000200
   15409  15412       15413 Down          4.00     0.000300  -0.000550
   15414  15435       15436 Up           22.00     0.000500   0.000350
   15443  15446       15447 Up            4.00     0.000200   0.000100
   15451  15455       15456 Up            5.00     0.000200  -0.000400
   15456  15459       15460 Down          4.00     0.000300  -0.000150
   15460  15465       15466 Down          6.00     0.000350   0.000050
   15468  15477       15478 Down         10.00     0.000400   0.000100
   15486  15490       15491 Up            5.00     0.000250   0.000100
   15497  15499       15500 Up            3.00     0.000200   0.000500
   15512  15515       15516 Up            4.00     0.000350   0.000250
   15557  15560       15561 Down          4.00     0.000400   0.000500
   15573  15575       15576 Up            3.00     0.000550  -0.000950
   15603  15605       15606 Up            3.00     0.000800   0.000350
   15607  15629       15630 Down         23.00     0.001350  -0.000900
   15631  15633       15634 Up            3.00     0.000550   0.000300
   15650  15652       15653 Down          3.00     0.000300   0.000000
   15653  15660       15661 Down          8.00     0.000500  -0.000650
   15670  15675       15676 Up            6.00     0.000350   0.000350
   15684  15695       15696 Down         12.00     0.000550   0.000300
   15702  15717       15718 Down         16.00     0.000450   0.000750
   15730  15734       15735 Down          5.00     0.000350  -0.000350
   15735  15737       15738 Up            3.00     0.000250  -0.000250
   15743  15746       15747 Up            4.00     0.000150   0.000100
   15760  15762       15763 Down          3.00     0.000200  -0.000200
   15763  15765       15766 Up            3.00     0.000400  -0.000400
   15768  15770       15771 Down          3.00     0.000350  -0.000200
   15776  15785       15786 Up           10.00     0.000300   0.000100
   15804  15813       15814 Up           10.00     0.001000  -0.000300
   15814  15824       15825 Down         11.00     0.000400  -0.000600
   15834  15837       15838 Up            4.00     0.000400   0.000300
   15858  15862       15863 Up            5.00     0.000500  -0.000900
   15885  15890       15891 Down          6.00     0.001700  -0.000750
   15925  15933       15934 Down          9.00     0.001700  -0.000100
   15943  15945       15946 Up            3.00     0.000450   0.000250
   15950  15954       15955 Up            5.00     0.000300  -0.000100
   15956  15959       15960 Down          4.00     0.000200   0.000650
   15962  15964       15965 Down          3.00     0.000550  -0.003400
   15978  15980       15981 Down          3.00     0.000650  -0.000700
   16032  16035       16036 Up            4.00     0.000150  -0.000400
   16040  16043       16044 Up            4.00     0.000250   0.000000
   16074  16079       16080 Down          6.00     0.000850   0.000200
   16085  16088       16089 Down          4.00     0.000350  -0.000550
   16089  16093       16094 Up            5.00     0.000650  -0.001200
   16093  16095       16096 Down          3.00     0.000400   0.000400
   16100  16110       16111 Down         11.00     0.000450   0.001400
   16116  16118       16119 Up            3.00     0.000550  -0.000400
   16126  16134       16135 Up            9.00     0.000700   0.001250
   16140  16146       16147 Up            7.00     0.000550  -0.000250
   16157  16163       16164 Down          7.00     0.000800   0.000500
   16170  16172       16173 Up            3.00     0.000750   0.000250
   16202  16209       16210 Down          8.00     0.000250   0.000350
   16217  16221       16222 Down          5.00     0.000250  -0.000150
   16223  16227       16228 Down          5.00     0.000550   0.000000
   16230  16232       16233 Down          3.00     0.000300  -0.000100
   16237  16239       16240 Down          3.00     0.000200  -0.000350
   16251  16253       16254 Down          3.00     0.000250   0.000200
   16278  16280       16281 Down          3.00     0.000300  -0.000250
   16298  16300       16301 Down          3.00     0.000250   0.000200
   16333  16337       16338 Down          5.00     0.000350   0.000250
   16341  16343       16344 Up            3.00     0.000650  -0.000250
   16344  16350       16351 Down          7.00     0.000650  -0.001250
   16390  16398       16399 Down          9.00     0.000250   0.000300
   16434  16439       16440 Up            6.00     0.000750  -0.000750
   16440  16446       16447 Up            7.00     0.001100   0.000400
   16452  16461       16462 Down         10.00     0.000500  -0.000250
   16471  16474       16475 Up            4.00     0.000250  -0.000350
   16501  16503       16504 Down          3.00     0.000300   0.000200
   16505  16507       16508 Down          3.00     0.000350  -0.000100
   16508  16515       16516 Down          8.00     0.000200   0.000050
   16517  16526       16527 Up           10.00     0.000300   0.000050
   16541  16547       16548 Up            7.00     0.000400  -0.000250
   16568  16582       16583 Up           15.00     0.000550   0.000150
   16583  16587       16588 Up            5.00     0.000250   0.000350
   16591  16596       16597 Up            6.00     0.000250  -0.000150
   16627  16630       16631 Down          4.00     0.000550   0.000100
   16631  16636       16637 Down          6.00     0.000400   0.000150
   16650  16655       16656 Down          6.00     0.000550   0.000250
   16657  16661       16662 Down          5.00     0.000500   0.000700
   16669  16673       16674 Up            5.00     0.000350   0.000500
   16683  16687       16688 Up            5.00     0.000300  -0.000350
   16697  16700       16701 Up            4.00     0.000400   0.000700
   16715  16718       16719 Up            4.00     0.000650   0.000350
   16719  16721       16722 Up            3.00     0.001050  -0.000050
   16722  16729       16730 Down          8.00     0.000700  -0.000950
   16731  16733       16734 Up            3.00     0.000800   0.000200
   16736  16744       16745 Down          9.00     0.000600   0.000050
   16752  16759       16760 Up            8.00     0.000400  -0.000500
   16769  16775       16776 Up            7.00     0.000250  -0.000250
   16776  16784       16785 Down          9.00     0.000400  -0.000650
   16794  16802       16803 Up            9.00     0.000300  -0.000250
   16803  16806       16807 Down          4.00     0.000300  -0.000450
   16807  16811       16812 Up            5.00     0.000400   0.000300
   16814  16816       16817 Up            3.00     0.000450   0.000300
   16817  16819       16820 Up            3.00     0.000300   0.000500
   16826  16830       16831 Down          5.00     0.000250   0.000900
   16837  16840       16841 Up            4.00     0.000400  -0.000100
   16841  16843       16844 Up            3.00     0.000300  -0.000400
   16855  16858       16859 Up            4.00     0.000250   0.000200
   16864  16867       16868 Up            4.00     0.000400  -0.000100
   16869  16876       16877 Down          8.00     0.000250   0.000200
   16877  16879       16880 Down          3.00     0.000400  -0.000400
   16894  16898       16899 Up            5.00     0.000350  -0.001100
   16909  16911       16912 Down          3.00     0.000500   0.000150
   16921  16924       16925 Down          4.00     0.000450  -0.000050
   16969  16980       16981 Up           12.00     0.000750   0.000050
   16998  17000       17001 Up            3.00     0.000450  -0.000650
   17004  17011       17012 Down          8.00     0.000650   0.000350
   17018  17025       17026 Up            8.00     0.000400   0.000400
   17030  17035       17036 Up            6.00     0.000500   0.000500
   17053  17060       17061 Down          8.00     0.000250   0.000150
   17071  17074       17075 Up            4.00     0.000150   0.000150
   17111  17113       17114 Up            3.00     0.000200   0.000250
   17124  17130       17131 Up            7.00     0.000150   0.000750
   17179  17183       17184 Down          5.00     0.000700   0.000500
   17192  17197       17198 Down          6.00     0.000450   0.000400
   17200  17205       17206 Up            6.00     0.000800  -0.000450
   17208  17210       17211 Down          3.00     0.000300  -0.000350
   17234  17237       17238 Up            4.00     0.000450  -0.000750
   17246  17250       17251 Up            5.00     0.000700   0.001250
   17252  17254       17255 Up            3.00     0.000550  -0.001150
   17281  17285       17286 Up            5.00     0.000600  -0.000300
   17291  17294       17295 Down          4.00     0.000600   0.000000
   17304  17306       17307 Up            3.00     0.000300   0.000250
   17327  17330       17331 Down          4.00     0.000300   0.000650
   17333  17336       17337 Up            4.00     0.000400  -0.000450
   17351  17358       17359 Up            8.00     0.000900  -0.000150
   17371  17374       17375 Up            4.00     0.000800  -0.000100
   17401  17403       17404 Down          3.00     0.000350   0.000350
   17434  17436       17437 Down          3.00     0.000850   0.000950
   17444  17448       17449 Down          5.00     0.001150   0.000050
   17477  17479       17480 Up            3.00     0.000700   0.000200
   17481  17485       17486 Down          5.00     0.000500   0.000600
   17526  17530       17531 Up            5.00     0.001350   0.000250
   17532  17537       17538 Down          6.00     0.000550   0.000550
   17541  17543       17544 Down          3.00     0.000500   0.001400
   17600  17603       17604 Up            4.00     0.001150   0.000100
   17615  17619       17620 Down          5.00     0.000300  -0.000700
   17633  17639       17640 Down          7.00     0.000600  -0.001050
   17649  17655       17656 Down          7.00     0.000700   0.000650
   17702  17704       17705 Down          3.00     0.000550  -0.000450
   17781  17787       17788 Up            7.00     0.000950  -0.001100
   17843  17845       17846 Up            3.00     0.001000   0.000100
   17850  17854       17855 Up            5.00     0.000950   0.000750
   17883  17887       17888 Down          5.00     0.000500  -0.000100
   17912  17915       17916 Down          4.00     0.000950   0.000350
   17967  17969       17970 Up            3.00     0.000450  -0.000500
   17999  18003       18004 Down          5.00     0.000700   0.001150
   18023  18025       18026 Up            3.00     0.000500   0.002150
   18030  18043       18044 Up           14.00     0.003250  -0.001400
   18066  18068       18069 Down          3.00     0.001200  -0.000050
   18086  18088       18089 Down          3.00     0.000850  -0.001950
   18119  18121       18122 Up            3.00     0.000400  -0.000600
   18131  18136       18137 Up            6.00     0.000400   0.000450
   18137  18141       18142 Up            5.00     0.000550   0.000200
   18143  18146       18147 Up            4.00     0.000400   0.000300
   18148  18155       18156 Up            8.00     0.000650  -0.000450
   18173  18187       18188 Up           15.00     0.000550   0.000250
   18208  18212       18213 Down          5.00     0.000450  -0.000400
   18213  18222       18223 Down         10.00     0.000850   0.000700
   18234  18237       18238 Down          4.00     0.000450  -0.000150
   18239  18246       18247 Up            8.00     0.000400  -0.000550
   18267  18280       18281 Down         14.00     0.001400   0.001050
   18294  18323       18324 Down         30.00     0.003850  -0.000350
   18328  18331       18332 Up            4.00     0.000600   0.000300
   18340  18342       18343 Up            3.00     0.000800  -0.002050
   18385  18387       18388 Up            3.00     0.000950   0.000350
   18468  18473       18474 Up            6.00     0.000250   0.000100
   18485  18507       18508 Up           23.00     0.000500  -0.000200
   18534  18536       18537 Up            3.00     0.000500   0.000200
   18586  18593       18594 Down          8.00     0.000950  -0.000600
   18595  18600       18601 Down          6.00     0.001450   0.001100
   18623  18626       18627 Down          4.00     0.003500   0.000900
   18641  18653       18654 Up           13.00     0.002100   0.000050
   18700  18705       18706 Down          6.00     0.000950  -0.001100
   18715  18718       18719 Down          4.00     0.000500  -0.000600
   18771  18773       18774 Up            3.00     0.000750   0.000200
   18777  18779       18780 Up            3.00     0.001050   0.000250
   18781  18789       18790 Down          9.00     0.000600   0.000350
   18793  18796       18797 Up            4.00     0.000500   0.000250
   18798  18802       18803 Up            5.00     0.000650  -0.000200
   18840  18842       18843 Up            3.00     0.000750  -0.002200
   18871  18873       18874 Up            3.00     0.000750   0.000200
   18933  18938       18939 Up            6.00     0.000800   0.000000
   18966  18972       18973 Down          7.00     0.000650  -0.000500
   18988  18995       18996 Up            8.00     0.001250   0.001350
   19005  19007       19008 Down          3.00     0.000950   0.000000
   19008  19010       19011 Up            3.00     0.000650  -0.000100
   19013  19020       19021 Down          8.00     0.000800   0.000300
   19025  19027       19028 Up            3.00     0.000650   0.000950
   19029  19031       19032 Up            3.00     0.000550  -0.001200
   19043  19047       19048 Up            5.00     0.000500   0.000450
   19049  19052       19053 Up            4.00     0.000550  -0.000650
   19075  19081       19082 Up            7.00     0.000400   0.000250
   19085  19087       19088 Up            3.00     0.000650  -0.000450
   19088  19091       19092 Down          4.00     0.000300  -0.000750
   19094  19096       19097 Up            3.00     0.000550   0.000450
   19122  19131       19132 Down         10.00     0.000700  -0.000750
   19132  19134       19135 Up            3.00     0.000800  -0.000100
   19145  19147       19148 Down          3.00     0.000600   0.000700
   19160  19168       19169 Down          9.00     0.000800   0.000600
   19170  19177       19178 Up            8.00     0.001200   0.000400
   19223  19225       19226 Down          3.00     0.000900  -0.001200
   19232  19234       19235 Down          3.00     0.001250   0.000700
   19239  19241       19242 Down          3.00     0.000450   0.000150
   19261  19283       19284 Down         23.00     0.001450  -0.000100
   19294  19298       19299 Up            5.00     0.000200   0.001250
   19313  19315       19316 Up            3.00     0.000750   0.000150
   19318  19321       19322 Up            4.00     0.000350  -0.000300
   19337  19343       19344 Up            7.00     0.000450  -0.000150
   19348  19350       19351 Up            3.00     0.000250   0.000000
   19359  19363       19364 Down          5.00     0.000300  -0.000250
   19382  19386       19387 Down          5.00     0.000650   0.000700
   19409  19450       19451 Down         42.00     0.002300   0.000650
   19451  19453       19454 Down          3.00     0.001950   0.000200
   19469  19479       19480 Down         11.00     0.002700   0.000550
   19481  19485       19486 Down          5.00     0.000800   0.000250
   19512  19538       19539 Up           27.00     0.001400  -0.000550
   19545  19547       19548 Down          3.00     0.000200   0.000000
   19575  19577       19578 Down          3.00     0.000450  -0.000200
   19589  19592       19593 Up            4.00     0.000550   0.000100
   19596  19598       19599 Down          3.00     0.000500   0.000150
   19599  19603       19604 Down          5.00     0.000550   0.001250
   19608  19611       19612 Up            4.00     0.000550  -0.000100
   19628  19630       19631 Down          3.00     0.000200   0.000250
   19640  19644       19645 Up            5.00     0.000550   0.000350
   19651  19654       19655 Up            4.00     0.000700  -0.000250
   19655  19662       19663 Up            8.00     0.000400  -0.000700
   19663  19666       19667 Down          4.00     0.000450  -0.000750
   19683  19687       19688 Up            5.00     0.000500   0.001050
   19693  19696       19697 Up            4.00     0.000350  -0.001200
   19703  19707       19708 Up            5.00     0.000650   0.000250
   19738  19741       19742 Down          4.00     0.000800   0.000150
   19754  19757       19758 Down          4.00     0.001650  -0.000750
   19765  19769       19770 Down          5.00     0.000850  -0.000650
   19770  19772       19773 Up            3.00     0.001100  -0.000400
   19778  19780       19781 Up            3.00     0.000650  -0.000250
   19787  19789       19790 Down          3.00     0.000550   0.000050
   19794  19796       19797 Down          3.00     0.000300   0.000400
   19806  19810       19811 Up            5.00     0.000400  -0.000250
   19812  19814       19815 Down          3.00     0.000300   0.000350
   19822  19824       19825 Up            3.00     0.000350   0.000200
   19835  19837       19838 Down          3.00     0.000350  -0.000250
   19838  19841       19842 Up            4.00     0.000350  -0.000300
   19850  19852       19853 Up            3.00     0.000450   0.000150
   19856  19858       19859 Down          3.00     0.000250   0.000150
   19861  19864       19865 Up            4.00     0.000300  -0.000150
   19880  19883       19884 Down          4.00     0.000200   0.000250
   19902  19905       19906 Down          4.00     0.000250   0.000200
   19915  19918       19919 Up            4.00     0.000350  -0.000500
   19928  19930       19931 Down          3.00     0.000350   0.001050
   19941  19945       19946 Down          5.00     0.000700   0.001550
   19946  19948       19949 Down          3.00     0.001450   0.001350
   20003  20005       20006 Up            3.00     0.001000  -0.000150
   20006  20023       20024 Down         18.00     0.001450   0.000400
   20042  20071       20072 Down         30.00     0.001650  -0.000550
   20084  20089       20090 Down          6.00     0.000550   0.000700
   20091  20093       20094 Down          3.00     0.000300   0.000550
   20105  20128       20129 Up           24.00     0.001700   0.000750
   20153  20161       20162 Up            9.00     0.000500  -0.000150
   20162  20170       20171 Up            9.00     0.000400  -0.000150
   20173  20175       20176 Down          3.00     0.000250   0.000450
   20189  20193       20194 Down          5.00     0.000300   0.000350
   20201  20204       20205 Down          4.00     0.000400   0.000250
   20208  20211       20212 Up            4.00     0.000400  -0.000050
   20222  20224       20225 Up            3.00     0.000750   0.001350
   20229  20238       20239 Up           10.00     0.001400  -0.000250
   20260  20263       20264 Up            4.00     0.000550   0.000500
   20271  20278       20279 Up            8.00     0.000650  -0.001150
   20300  20302       20303 Down          3.00     0.000900  -0.000100
   20319  20325       20326 Down          7.00     0.001500  -0.001800
   20333  20343       20344 Down         11.00     0.001150  -0.002000
   20362  20364       20365 Down          3.00     0.000800   0.000250
   20381  20386       20387 Down          6.00     0.000400   0.000300
   20395  20400       20401 Up            6.00     0.000300  -0.000600
   20402  20404       20405 Down          3.00     0.000350   0.000400
   20416  20419       20420 Down          4.00     0.000450   0.000000
   20420  20433       20434 Up           14.00     0.000750   0.000200
   20434  20436       20437 Up            3.00     0.000500  -0.000150
   20454  20456       20457 Up            3.00     0.000300   0.000550
   20496  20500       20501 Down          5.00     0.000600  -0.000600
   20534  20538       20539 Up            5.00     0.000600   0.000150
   20561  20564       20565 Up            4.00     0.001150  -0.000250
   20565  20570       20571 Down          6.00     0.001100   0.000500
   20603  20609       20610 Up            7.00     0.000450   0.000300
   20617  20620       20621 Up            4.00     0.000500  -0.000150
   20632  20638       20639 Down          7.00     0.000400   0.000050
   20639  20644       20645 Up            6.00     0.000350  -0.000250
   20645  20654       20655 Up           10.00     0.000500   0.000150
   20664  20668       20669 Down          5.00     0.000200  -0.000100
   20669  20678       20679 Up           10.00     0.000350  -0.000100
   20693  20715       20716 Down         23.00     0.000750  -0.000050
   20716  20727       20728 Up           12.00     0.000350   0.000250
   20731  20737       20738 Up            7.00     0.000200   0.000200
   20760  20764       20765 Up            5.00     0.000450  -0.000750
   20794  20796       20797 Up            3.00     0.000450   0.000500
   20797  20801       20802 Up            5.00     0.000550  -0.000750
   20802  20805       20806 Down          4.00     0.000500  -0.000200
   20851  20859       20860 Up            9.00     0.000950   0.000550
   20897  20902       20903 Down          6.00     0.001700   0.002650
   20954  20956       20957 Up            3.00     0.000850   0.000000
   20959  20961       20962 Up            3.00     0.000350   0.000100
   20963  20965       20966 Up            3.00     0.000450   0.000550
   20985  20990       20991 Down          6.00     0.000350   0.000300
   20995  20997       20998 Down          3.00     0.000400   0.000400
   21013  21020       21021 Up            8.00     0.000300  -0.000350
   21070  21073       21074 Up            4.00     0.001850  -0.000350
   21081  21084       21085 Up            4.00     0.000500   0.000700
   21109  21112       21113 Up            4.00     0.000900  -0.001150
   21161  21163       21164 Up            3.00     0.001100   0.001050
   21166  21170       21171 Up            5.00     0.000800  -0.001050
   21186  21188       21189 Down          3.00     0.002250   0.001000
   21209  21213       21214 Down          5.00     0.001100   0.000600
   21225  21232       21233 Down          8.00     0.000300   0.000000
   21239  21244       21245 Up            6.00     0.000300  -0.000550
   21245  21248       21249 Down          4.00     0.000550   0.000250
   21249  21251       21252 Down          3.00     0.000300   0.000450
   21258  21269       21270 Down         12.00     0.000550   0.000250
   21276  21291       21292 Down         16.00     0.000250  -0.000400
   21311  21314       21315 Down          4.00     0.000450  -0.000900
   21380  21384       21385 Down          5.00     0.000750   0.001550
   21417  21427       21428 Up           11.00     0.001700  -0.000600
   21444  21452       21453 Down          9.00     0.000800  -0.000300
   21454  21459       21460 Down          6.00     0.001950  -0.000100
   21469  21472       21473 Up            4.00     0.001000   0.000250
   21472  21475       21476 Up            4.00     0.000550  -0.000100
   21477  21482       21483 Up            6.00     0.000300  -0.002150
   21528  21531       21532 Down          4.00     0.000700   0.000350
   21532  21534       21535 Down          3.00     0.000400   0.000500
   21553  21560       21561 Up            8.00     0.000300  -0.000400
   21560  21562       21563 Down          3.00     0.000250  -0.000300
   21600  21603       21604 Down          4.00     0.001100  -0.001400
   21613  21615       21616 Down          3.00     0.000700   0.001500
   21642  21680       21681 Up           39.00     0.013400  -0.000050
   21704  21706       21707 Up            3.00     0.000950   0.000150
   21750  21753       21754 Down          4.00     0.000400   0.000050
   21754  21759       21760 Up            6.00     0.000250  -0.000100
   21761  21781       21782 Down         21.00     0.000800   0.001350
   21789  21791       21792 Down          3.00     0.000650  -0.000500
   21792  21804       21805 Down         13.00     0.001450  -0.000600
   21808  21812       21813 Up            5.00     0.000400  -0.000050
   21848  21852       21853 Up            5.00     0.000500   0.000200
   21859  21866       21867 Up            8.00     0.000950   0.001800
   21871  21874       21875 Down          4.00     0.001500  -0.000700
   21891  21903       21904 Up           13.00     0.001300  -0.000350
   21905  21909       21910 Down          5.00     0.000650   0.000150
   21911  21913       21914 Down          3.00     0.000550  -0.001350
   21920  21926       21927 Down          7.00     0.000700  -0.000150
   21942  21955       21956 Up           14.00     0.002200   0.000050
   21964  21974       21975 Down         11.00     0.002150  -0.000750
   21990  21993       21994 Up            4.00     0.001300  -0.000450
   22000  22007       22008 Up            8.00     0.001800  -0.000400
   22049  22053       22054 Up            5.00     0.000750  -0.000450
   22068  22071       22072 Down          4.00     0.000500   0.000150
   22089  22093       22094 Down          5.00     0.000400   0.000100
   22095  22109       22110 Down         15.00     0.000350  -0.000050
   22110  22120       22121 Down         11.00     0.000550   0.000000
   22134  22139       22140 Up            6.00     0.000700   0.000350
   22164  22166       22167 Down          3.00     0.000950   0.000200
   22169  22172       22173 Down          4.00     0.000850   0.000450
   22181  22185       22186 Down          5.00     0.000650  -0.000750
   22190  22192       22193 Up            3.00     0.000850  -0.000450
   22193  22199       22200 Down          7.00     0.000700  -0.000400
   22202  22205       22206 Up            4.00     0.001350  -0.001950
   22209  22221       22222 Down         13.00     0.001200   0.001100
   22244  22246       22247 Up            3.00     0.001150  -0.000800
   22258  22265       22266 Down          8.00     0.000850  -0.001350
   22276  22283       22284 Down          8.00     0.000850   0.001050
   22316  22318       22319 Up            3.00     0.000250   0.000050
   22331  22336       22337 Up            6.00     0.000250  -0.000150
   22338  22342       22343 Down          5.00     0.000400   0.000000
   22349  22367       22368 Down         19.00     0.000750  -0.000400
   22381  22386       22387 Up            6.00     0.000200   0.000100
   22392  22395       22396 Down          4.00     0.000150   0.000300
   22397  22399       22400 Down          3.00     0.000100   0.000300
   22402  22405       22406 Down          4.00     0.000500   0.000650
   22425  22430       22431 Down          6.00     0.000750  -0.000400
   22433  22435       22436 Up            3.00     0.000650  -0.000100
   22436  22443       22444 Up            8.00     0.000650  -0.000200
   22458  22468       22469 Down         11.00     0.000750   0.001200
   22483  22486       22487 Down          4.00     0.000600  -0.000800
   22488  22491       22492 Up            4.00     0.000700   0.000700
   22496  22500       22501 Up            5.00     0.000550  -0.000800
   22504  22507       22508 Up            4.00     0.001150  -0.000400
   22513  22523       22524 Down         11.00     0.001350  -0.000450
   22533  22536       22537 Up            4.00     0.000550  -0.000150
   22545  22548       22549 Down          4.00     0.000400  -0.000250
   22567  22573       22574 Down          7.00     0.000450  -0.002350
   22579  22707       22708 Down        129.00     0.004050   0.000050
   22717  22720       22721 Down          4.00     0.000550  -0.000550
   22766  22771       22772 Up            6.00     0.000400   0.001100
   22787  22796       22797 Up           10.00     0.000650  -0.000200
   22804  22811       22812 Down          8.00     0.001150  -0.000200
   22837  22840       22841 Down          4.00     0.000700  -0.000250
   22843  22850       22851 Up            8.00     0.000300   0.000150
   22853  22857       22858 Down          5.00     0.000700   0.000200
   22861  22863       22864 Down          3.00     0.000550   0.001350
   22866  22869       22870 Down          4.00     0.001000   0.000200
   22873  22876       22877 Up            4.00     0.000250  -0.000050
   22877  22889       22890 Up           13.00     0.000500   0.001650
   22895  22898       22899 Down          4.00     0.000500  -0.000100
   22923  22926       22927 Up            4.00     0.000550  -0.000050
   22931  22936       22937 Down          6.00     0.000200  -0.000450
   22937  22940       22941 Up            4.00     0.000200  -0.000100
   22982  22988       22989 Down          7.00     0.000650  -0.000450
   23022  23031       23032 Down         10.00     0.000400   0.000250
   23042  23050       23051 Down          9.00     0.001050   0.001150
   23066  23069       23070 Down          4.00     0.000850   0.000150
   23078  23080       23081 Down          3.00     0.000500   0.000150
   23081  23088       23089 Up            8.00     0.000450   0.000500
   23105  23110       23111 Up            6.00     0.000600  -0.000250
   23112  23115       23116 Down          4.00     0.000350   0.000450
   23119  23123       23124 Up            5.00     0.000450   0.000200
   23146  23148       23149 Down          3.00     0.000150   0.000800
   23157  23160       23161 Up            4.00     0.000200  -0.000150
   23192  23194       23195 Down          3.00     0.000200  -0.000150
   23195  23198       23199 Up            4.00     0.000350  -0.000750
   23204  23209       23210 Down          6.00     0.000300  -0.000250
   23210  23217       23218 Up            8.00     0.000400   0.000000
   23239  23241       23242 Up            3.00     0.000350  -0.000050
   23242  23251       23252 Down         10.00     0.000700  -0.000500
   23255  23259       23260 Up            5.00     0.000350  -0.000600
   23274  23276       23277 Up            3.00     0.000400  -0.000550
   23288  23290       23291 Up            3.00     0.000350  -0.000850
   23299  23301       23302 Up            3.00     0.001350   0.001200
   23302  23304       23305 Up            3.00     0.001550   0.001200
   23327  23330       23331 Up            4.00     0.000850  -0.000200
   23357  23362       23363 Up            6.00     0.000950   0.001400
   23366  23370       23371 Up            5.00     0.001500  -0.000300
   23370  23372       23373 Up            3.00     0.000950  -0.000200
   23380  23399       23400 Up           20.00     0.001200   0.000700
   23407  23410       23411 Down          4.00     0.000450   0.000300
   23411  23414       23415 Down          4.00     0.000400   0.000000
   23418  23423       23424 Up            6.00     0.000450  -0.000050
   23424  23427       23428 Up            4.00     0.000350   0.000550
   23434  23438       23439 Up            5.00     0.000350   0.000650
   23444  23449       23450 Down          6.00     0.000500   0.000750
   23468  23470       23471 Down          3.00     0.000200  -0.000450
   23477  23481       23482 Down          5.00     0.000300   0.000350
   23502  23504       23505 Up            3.00     0.000250   0.000600
   23534  23541       23542 Up            8.00     0.002150   0.000200
   23605  23617       23618 Up           13.00     0.001650  -0.000900
   23638  23641       23642 Up            4.00     0.000400   0.000300
   23657  23659       23660 Down          3.00     0.000650   0.000150
   23665  23667       23668 Down          3.00     0.000700  -0.000050
   23694  23715       23716 Down         22.00     0.000350   0.000100
   23735  23746       23747 Down         12.00     0.001600  -0.000050
   23759  23761       23762 Down          3.00     0.000250   0.000650
   23764  23767       23768 Down          4.00     0.000450   0.000250
   23817  23825       23826 Down          9.00     0.001000  -0.000550
   23831  23833       23834 Down          3.00     0.000650   0.000950
   23892  24142       24143 Down        251.00     0.003400  -0.000250
   24143  24175       24176 Down         33.00     0.002900  -0.000100
   24180  24184       24185 Up            5.00     0.000400  -0.000250
   24197  24199       24200 Up            3.00     0.000300   0.000150
   24201  24203       24204 Up            3.00     0.000350  -0.000500
   24204  24206       24207 Down          3.00     0.000350   0.000450
   24218  24222       24223 Down          5.00     0.000250  -0.001900
   24235  24238       24239 Down          4.00     0.000200  -0.000150
   24248  24253       24254 Up            6.00     0.000200   0.000150
   24273  24276       24277 Down          4.00     0.000250  -0.000900
   24282  24289       24290 Up            8.00     0.001200   0.002500
   24301  24303       24304 Down          3.00     0.000500  -0.000050
   24307  24317       24318 Down         11.00     0.000400   0.000200
   24329  24350       24351 Up           22.00     0.001400   0.000000
   24354  24357       24358 Up            4.00     0.000350   0.000100
   24358  24360       24361 Up            3.00     0.000250   0.000250
   24375  24377       24378 Down          3.00     0.001800   0.001000
   24445  24450       24451 Down          6.00     0.000150  -0.000250
   24456  24464       24465 Down          9.00     0.000300   0.000200
   24464  24467       24468 Down          4.00     0.000050   0.000050
   24469  24475       24476 Down          7.00     0.000200  -0.000200
   24483  24488       24489 Down          6.00     0.000350   0.000050
   24492  24494       24495 Down          3.00     0.000200   0.000300
   24501  24506       24507 Up            6.00     0.000600   0.000050
   24530  24532       24533 Up            3.00     0.000200  -0.000050
   24536  24539       24540 Down          4.00     0.000300   0.000500
   24544  24553       24554 Up           10.00     0.000750   0.000600
   24574  24581       24582 Up            8.00     0.001450   0.000200
   24583  24591       24592 Down          9.00     0.000700   0.000800
   24597  24626       24627 Up           30.00     0.001450  -0.000250
   24659  24663       24664 Down          5.00     0.001000  -0.000750
   24668  24677       24678 Down         10.00     0.000900   0.000250
   24687  24695       24696 Up            9.00     0.000650  -0.000450
   24696  24698       24699 Down          3.00     0.000350   0.000400
   24713  24718       24719 Up            6.00     0.001650  -0.000450
   24755  24758       24759 Down          4.00     0.000950  -0.000600
   24776  24778       24779 Down          3.00     0.000750   0.000250
   24804  24814       24815 Up           11.00     0.000500   0.000800
   24824  24827       24828 Up            4.00     0.000750   0.000950
   24853  24855       24856 Down          3.00     0.001000  -0.000800
   24856  24862       24863 Up            7.00     0.001650  -0.001000
   24875  24877       24878 Up            3.00     0.000400   0.000300
   24891  24896       24897 Up            6.00     0.001100  -0.000050
   24926  24928       24929 Up            3.00     0.000800  -0.001300
   24948  24957       24958 Up           10.00     0.000400  -0.001450
   24971  24974       24975 Down          4.00     0.001550   0.001250
   24987  24989       24990 Up            3.00     0.000800  -0.000300
   24999  25001       25002 Down          3.00     0.000250   0.000100
   25012  25017       25018 Down          6.00     0.000400   0.000200
   25046  25049       25050 Up            4.00     0.000600   0.000400
   25055  25057       25058 Up            3.00     0.000400  -0.000100
   25061  25065       25066 Down          5.00     0.000200  -0.000250
   25065  25072       25073 Down          8.00     0.000300  -0.000850
   25073  25076       25077 Up            4.00     0.000500   0.000100
   25079  25087       25088 Down          9.00     0.000300   0.000200
   25130  25133       25134 Up            4.00     0.000600   0.000200
   25142  25146       25147 Down          5.00     0.000300  -0.000300
   25148  25158       25159 Down         11.00     0.000500  -0.000900
   25170  25172       25173 Down          3.00     0.000400   0.000400
   25173  25177       25178 Down          5.00     0.000450  -0.000550
   25184  25186       25187 Up            3.00     0.000450   0.000150
   25187  25193       25194 Down          7.00     0.000650   0.000250
   25223  25232       25233 Up           10.00     0.000650   0.000350
   25233  25235       25236 Up            3.00     0.000550  -0.000100
   25250  25256       25257 Up            7.00     0.000450   0.000250
   25262  25266       25267 Down          5.00     0.000550   0.000250
   25271  25275       25276 Down          5.00     0.000250  -0.000550
   25280  25284       25285 Down          5.00     0.000200   0.000350
   25289  25291       25292 Up            3.00     0.000150  -0.000050
   25305  25321       25322 Up           17.00     0.000250   0.000050
   25334  25336       25337 Up            3.00     0.000450  -0.000100
   25351  25353       25354 Down          3.00     0.000200   0.000100
   25354  25362       25363 Down          9.00     0.000250   0.000250
   25372  25376       25377 Down          5.00     0.000200   0.000000
   25384  25386       25387 Down          3.00     0.000200  -0.000300
   25396  25398       25399 Down          3.00     0.000550  -0.000700
   25406  25409       25410 Down          4.00     0.000400  -0.002450
   25415  25427       25428 Up           13.00     0.002600   0.000300
   25434  25436       25437 Up            3.00     0.000350  -0.000550
   25454  25464       25465 Up           11.00     0.001350  -0.000550
   25472  25475       25476 Up            4.00     0.000900  -0.001150
   25529  25532       25533 Down          4.00     0.000400  -0.000100
   25533  25542       25543 Down         10.00     0.000250  -0.000100
   25550  25552       25553 Up            3.00     0.000150  -0.005700
   25592  25597       25598 Down          6.00     0.000500  -0.000300
   25603  25613       25614 Up           11.00     0.000350  -0.000150
   25619  25623       25624 Up            5.00     0.000200   0.000150
   25624  25628       25629 Up            5.00     0.000150  -0.000200
   25629  25634       25635 Down          6.00     0.000250   0.000100
   25641  25644       25645 Up            4.00     0.000300   0.000050
   25647  25651       25652 Up            5.00     0.000150  -0.000200
   25664  25667       25668 Up            4.00     0.000550   0.000100
   25719  25721       25722 Down          3.00     0.000800  -0.000050
   25724  25729       25730 Up            6.00     0.000700   0.000950
   25736  25743       25744 Up            8.00     0.000300   0.000200
   25767  25776       25777 Up           10.00     0.000700   0.001250
   25787  25801       25802 Up           15.00     0.000750   0.001550
   25810  25812       25813 Up            3.00     0.000300  -0.000050
   25813  25819       25820 Up            7.00     0.000300  -0.000300
   25825  25828       25829 Down          4.00     0.000200  -0.000300
   25832  25853       25854 Up           22.00     0.000700   0.000000
   25873  25878       25879 Down          6.00     0.000300   0.000150
   25891  25897       25898 Up            7.00     0.000300   0.000450
   25943  25945       25946 Up            3.00     0.000800  -0.000800
   25960  25963       25964 Up            4.00     0.000400  -0.000400
   25982  25986       25987 Up            5.00     0.000450   0.000400
   26000  26008       26009 Up            9.00     0.000750   0.000300
   26020  26022       26023 Down          3.00     0.000450  -0.000250
   26031  26033       26034 Up            3.00     0.000400  -0.001150
   26045  26052       26053 Up            8.00     0.000550  -0.000100
   26053  26062       26063 Up           10.00     0.000250   0.000100
   26071  26075       26076 Down          5.00     0.000300   0.000200
   26093  26096       26097 Up            4.00     0.000200  -0.000100
   26101  26110       26111 Up           10.00     0.000150  -0.000250
   26115  26122       26123 Up            8.00     0.000150   0.000350
   26132  26138       26139 Down          7.00     0.000650  -0.000050
   26148  26150       26151 Down          3.00     0.000350   0.000050
   26165  26167       26168 Down          3.00     0.000200  -0.000650
   26177  26191       26192 Up           15.00     0.000250   0.000250
   26199  26203       26204 Up            5.00     0.000300  -0.000250
   26222  26229       26230 Up            8.00     0.000450  -0.000300
   26273  26281       26282 Up            9.00     0.001200   0.000150
   26318  26322       26323 Down          5.00     0.000600  -0.000300
   26328  26341       26342 Down         14.00     0.000400   0.000250
   26345  26347       26348 Up            3.00     0.000250   0.000100
   26349  26355       26356 Down          7.00     0.000400  -0.000550
   26362  26371       26372 Down         10.00     0.000400  -0.000100
   26378  26381       26382 Up            4.00     0.000250  -0.000100
   26384  26395       26396 Up           12.00     0.000500   0.000050
   26397  26402       26403 Up            6.00     0.000150  -0.000100
   26420  26422       26423 Down          3.00     0.000300   0.000300
   26423  26425       26426 Down          3.00     0.000250  -0.000100
   26432  26437       26438 Up            6.00     0.000350   0.001000
   26440  26443       26444 Up            4.00     0.000900  -0.000500
   26461  26463       26464 Down          3.00     0.000100   0.000100
   26467  26469       26470 Down          3.00     0.000150  -0.000050
   26476  26479       26480 Down          4.00     0.000500   0.000450
   26492  26494       26495 Down          3.00     0.000600   0.000100
   26498  26501       26502 Down          4.00     0.000500   0.000850
   26502  26504       26505 Down          3.00     0.000350   0.000750
   26536  26538       26539 Up            3.00     0.000350   0.000550
   26549  26553       26554 Down          5.00     0.000500  -0.000100
   26560  26573       26574 Down         14.00     0.000750  -0.000400
   26579  26581       26582 Up            3.00     0.000600  -0.000900
   26595  26600       26601 Up            6.00     0.000800  -0.000950
   26606  26613       26614 Down          8.00     0.001200  -0.000500
   26614  26620       26621 Up            7.00     0.000600   0.000200
   26632  26635       26636 Up            4.00     0.000400   0.000200
   26636  26640       26641 Up            5.00     0.000350  -0.000200
   26646  26651       26652 Down          6.00     0.000250  -0.000300
   26654  26659       26660 Up            6.00     0.000200   0.000250
   26661  26680       26681 Down         20.00     0.000350   0.000450
   26690  26693       26694 Down          4.00     0.000250   0.000100
   26702  26708       26709 Down          7.00     0.000250  -0.000100
   26715  26719       26720 Up            5.00     0.000200  -0.000250
   26724  26726       26727 Up            3.00     0.000200   0.000550
   26735  26748       26749 Up           14.00     0.000150  -0.000200
   26750  26756       26757 Down          7.00     0.000400   0.000350
   26807  26809       26810 Down          3.00     0.000200  -0.000200
   26811  26818       26819 Up            8.00     0.000400   0.000000
   26819  26825       26826 Down          7.00     0.000300  -0.000600
   26864  26867       26868 Down          4.00     0.000900   0.000050
   26872  26875       26876 Down          4.00     0.000850   0.000050
   26889  26908       26909 Down         20.00     0.001150  -0.000050
   26910  26917       26918 Down          8.00     0.000850   0.000450
   26929  26932       26933 Down          4.00     0.000600   0.002850
   26966  26974       26975 Down          9.00     0.000350  -0.000550
   26979  26986       26987 Up            8.00     0.000450  -0.000200
   26987  26989       26990 Up            3.00     0.000200  -0.000400
   27044  27047       27048 Up            4.00     0.000550  -0.001250
   27050  27052       27053 Down          3.00     0.000600  -0.000350
   27057  27059       27060 Down          3.00     0.000450  -0.000350
   27067  27072       27073 Down          6.00     0.000600  -0.000750
   27087  27089       27090 Up            3.00     0.000200   0.000550
   27117  27120       27121 Up            4.00     0.001050   0.000300
   27138  27142       27143 Up            5.00     0.001500   0.000850
   27147  27186       27187 Down         40.00     0.000850  -0.000550
   27195  27199       27200 Down          5.00     0.000250   0.000000
   27201  27205       27206 Down          5.00     0.000350  -0.000350
   27212  27217       27218 Down          6.00     0.000400  -0.000500
   27232  27235       27236 Down          4.00     0.000250   0.000000
   27251  27256       27257 Down          6.00     0.000350   0.000000
   27265  27274       27275 Down         10.00     0.000250   0.000250
   27276  27278       27279 Down          3.00     0.000250  -0.000250
   27281  27295       27296 Up           15.00     0.000200   0.000450
   27301  27304       27305 Down          4.00     0.000250   0.000250
   27308  27326       27327 Down         19.00     0.000750   0.000900
   27327  27329       27330 Down          3.00     0.000350   0.000850
   27345  27350       27351 Down          6.00     0.000550  -0.000200
   27359  27361       27362 Up            3.00     0.000350   0.000050
   27362  27366       27367 Up            5.00     0.000300   0.000500
   27369  27371       27372 Up            3.00     0.000700   0.000000
   27376  27378       27379 Up            3.00     0.000250  -0.000450
   27387  27395       27396 Up            9.00     0.001000   0.000150
   27398  27402       27403 Down          5.00     0.000600   0.000000
   27403  27409       27410 Down          7.00     0.000450   0.001150
   27428  27431       27432 Down          4.00     0.000400   0.000400
   27448  27453       27454 Down          6.00     0.002300   0.000250
   27466  27470       27471 Down          5.00     0.001000   0.000850
   27472  27476       27477 Up            5.00     0.001800   0.000450
   27478  27491       27492 Down         14.00     0.001400  -0.000100
   27492  27500       27501 Down          9.00     0.000200  -0.000250
   27504  27508       27509 Up            5.00     0.000100   0.000700
   27514  27516       27517 Down          3.00     0.000200  -0.000100
   27518  27522       27523 Down          5.00     0.000350   0.000150
   27532  27536       27537 Up            5.00     0.000400  -0.000100
   27562  27565       27566 Down          4.00     0.000150  -0.000100
   27592  27606       27607 Up           15.00     0.000400  -0.000400
   27607  27609       27610 Up            3.00     0.000450  -0.000850
   27624  27629       27630 Down          6.00     0.000400   0.000100
   27669  27675       27676 Up            7.00     0.001050  -0.000300
   27686  27689       27690 Down          4.00     0.000800   0.000650
   27712  27726       27727 Down         15.00     0.000500   0.000050
   27728  27739       27740 Down         12.00     0.000450  -0.000200
   27753  27755       27756 Up            3.00     0.000350   0.000050
   27769  27771       27772 Down          3.00     0.000100   0.000000
   27773  27788       27789 Down         16.00     0.000200  -0.000900
   27798  27801       27802 Down          4.00     0.000350  -0.000100
   27810  27812       27813 Down          3.00     0.000300   0.000200
   27824  27851       27852 Up           28.00     0.000650   0.000200
   27854  27856       27857 Up            3.00     0.000200   0.000000
   27875  27877       27878 Down          3.00     0.000900  -0.000500
   27878  27880       27881 Up            3.00     0.000700  -0.000150
   27904  27908       27909 Down          5.00     0.000650   0.000050
   27911  27916       27917 Down          6.00     0.000550  -0.000100
   27930  27945       27946 Down         16.00     0.001200  -0.001000
   27946  27949       27950 Up            4.00     0.000950  -0.000100
   27977  27980       27981 Down          4.00     0.000700  -0.000450
   28006  28012       28013 Down          7.00     0.000800   0.000550
   28023  28025       28026 Up            3.00     0.000450  -0.000450
   28026  28092       28093 Down         67.00     0.000750   0.000050
   28094  28096       28097 Down          3.00     0.000250   0.000200
   28097  28099       28100 Down          3.00     0.000200   0.000050
   28100  28104       28105 Down          5.00     0.000350  -0.000250
   28118  28120       28121 Up            3.00     0.000200  -0.000300
   28121  28124       28125 Down          4.00     0.000250  -0.000500
   28125  28127       28128 Up            3.00     0.000250   0.000200
   28136  28139       28140 Down          4.00     0.000250  -0.000250
   28163  28174       28175 Down         12.00     0.000900   0.000000
   28189  28191       28192 Up            3.00     0.000350   0.000800
   28192  28194       28195 Up            3.00     0.000650   0.001300
   28197  28199       28200 Up            3.00     0.000950   0.000100
   28202  28213       28214 Down         12.00     0.000700   0.000000
   28217  28224       28225 Down          8.00     0.000800  -0.000150
   28226  28228       28229 Up            3.00     0.000500   0.000500
   28234  28241       28242 Down          8.00     0.000750   0.000200
   28244  28251       28252 Up            8.00     0.000400   0.000400
   28254  28280       28281 Down         27.00     0.000750  -0.000250
   28284  28286       28287 Up            3.00     0.000300   0.000000
   28291  28311       28312 Up           21.00     0.000300  -0.001500
   28320  28322       28323 Up            3.00     0.000150   0.000000
   28323  28331       28332 Up            9.00     0.000200  -0.000300
   28334  28339       28340 Up            6.00     0.000100   0.000200
   28340  28344       28345 Up            5.00     0.000400   0.000150
   28345  28347       28348 Up            3.00     0.000250   0.000400
   28352  28370       28371 Up           19.00     0.001050   0.000050
   28371  28378       28379 Up            8.00     0.000300   0.000300
   28379  28383       28384 Up            5.00     0.000150  -0.000250
   28440  28444       28445 Up            5.00     0.000650   0.000200
   28447  28450       28451 Down          4.00     0.000350   0.000250
   28453  28456       28457 Down          4.00     0.000300   0.000050
   28457  28461       28462 Down          5.00     0.000450  -0.000250
   28476  28478       28479 Down          3.00     0.000250  -0.000400
   28520  28523       28524 Down          4.00     0.000500   0.000000
   28537  28541       28542 Down          5.00     0.000300   0.000400
   28544  28546       28547 Down          3.00     0.000500  -0.000450
   28592  28600       28601 Up            9.00     0.000350  -0.000050
   28600  28603       28604 Up            4.00     0.000100  -0.000150
   28603  28615       28616 Up           13.00     0.000150  -0.000400
   28621  28625       28626 Down          5.00     0.000500   0.000250
   28628  28637       28638 Down         10.00     0.000500   0.000050
   28641  28646       28647 Down          6.00     0.000200  -0.000050
   28667  28669       28670 Up            3.00     0.000100  -0.000250
   28680  28682       28683 Down          3.00     0.000200   0.000400
   28684  28686       28687 Down          3.00     0.000200   0.000450
   28707  28709       28710 Up            3.00     0.000350   0.000650
   28715  28723       28724 Down          9.00     0.000650   0.000550
   28735  28748       28749 Up           14.00     0.000400  -0.000900
   28749  28753       28754 Down          5.00     0.000650   0.000700
   28764  28766       28767 Up            3.00     0.001050   0.000000
   28770  28772       28773 Down          3.00     0.000500  -0.000100
   28779  28783       28784 Down          5.00     0.000900  -0.000400
   28818  28822       28823 Down          5.00     0.000400  -0.000550
   28836  28842       28843 Down          7.00     0.000250   0.000250
   28847  28851       28852 Down          5.00     0.000200  -0.000400
   28857  28864       28865 Up            8.00     0.000250   0.000050
   28864  28866       28867 Down          3.00     0.000200  -0.000200
   28868  28891       28892 Up           24.00     0.000400  -0.000450
   28892  28894       28895 Down          3.00     0.000250  -0.000200
   28896  28899       28900 Up            4.00     0.000150  -0.001000
   28901  28903       28904 Down          3.00     0.000300  -0.000050
   28905  28909       28910 Up            5.00     0.000400  -0.000050
   28913  28916       28917 Up            4.00     0.000450  -0.000500
   28917  28919       28920 Down          3.00     0.000300   0.000250
   28938  28941       28942 Up            4.00     0.000150   0.000000
   28966  28970       28971 Up            5.00     0.000400   0.000050
   28982  28987       28988 Down          6.00     0.000300  -0.000050
   28997  28999       29000 Up            3.00     0.000300  -0.000050
   29000  29005       29006 Up            6.00     0.000400  -0.000600
   29017  29021       29022 Up            5.00     0.000150   0.000050
   29028  29031       29032 Down          4.00     0.000300  -0.000200
   29040  29042       29043 Down          3.00     0.000650  -0.000150
   29043  29045       29046 Down          3.00     0.000800   0.000250
   29060  29062       29063 Up            3.00     0.000550  -0.000050
   29066  29069       29070 Up            4.00     0.000550  -0.000650
   29070  29081       29082 Down         12.00     0.001250  -0.000050
   29082  29091       29092 Down         10.00     0.001750   0.000600
   29111  29113       29114 Down          3.00     0.000950  -0.000050
   29137  29142       29143 Up            6.00     0.000350  -0.000050
   29144  29158       29159 Up           15.00     0.000700   0.000650
   29159  29161       29162 Up            3.00     0.000200   0.000250
   29169  29175       29176 Down          7.00     0.000500   0.000300
   29206  29212       29213 Down          7.00     0.000450   0.000150
   29246  29251       29252 Up            6.00     0.000450   0.000850
   29254  29263       29264 Up           10.00     0.000550  -0.000150
   29271  29273       29274 Down          3.00     0.000850   0.000100
   29275  29280       29281 Up            6.00     0.000850   0.000950
   29282  29285       29286 Up            4.00     0.000950  -0.000250
   29315  29326       29327 Down         12.00     0.001750  -0.000300
   29333  29337       29338 Up            5.00     0.000750   0.000750
   29363  29390       29391 Up           28.00     0.000750   0.000300
   29403  29406       29407 Down          4.00     0.000450  -0.000100
   29422  29425       29426 Down          4.00     0.000200  -0.000150
   29426  29434       29435 Up            9.00     0.000250  -0.000300
   29451  29455       29456 Down          5.00     0.000250  -0.000350
   29462  29471       29472 Up           10.00     0.000350  -0.000200
   29484  29487       29488 Down          4.00     0.000150   0.000350
   29498  29504       29505 Down          7.00     0.000150   0.000050
   29529  29536       29537 Up            8.00     0.000750  -0.000700
   29545  29551       29552 Down          7.00     0.000700   0.000500
   29592  29595       29596 Down          4.00     0.000750  -0.000200
   29597  29603       29604 Down          7.00     0.000550   0.001050
   29622  29630       29631 Down          9.00     0.000650   0.000800
   29642  29645       29646 Down          4.00     0.000750   0.000550
   29648  29653       29654 Down          6.00     0.000450  -0.000200
   29696  29698       29699 Down          3.00     0.001100  -0.000550
   29707  29714       29715 Down          8.00     0.000300   0.000300
   29717  29723       29724 Down          7.00     0.000450  -0.000250
   29726  29730       29731 Up            5.00     0.000200  -0.000400
   29741  29745       29746 Up            5.00     0.000400  -0.000150
   29751  29753       29754 Up            3.00     0.000150   0.000000
   29758  29764       29765 Up            7.00     0.000350   0.000250
   29766  29773       29774 Down          8.00     0.000900   0.000000
   29775  29779       29780 Up            5.00     0.000150  -0.000300
   29783  29793       29794 Up           11.00     0.000600  -0.000250
   29809  29811       29812 Down          3.00     0.000550   0.000500
   29828  29831       29832 Down          4.00     0.000600  -0.000250
   29832  29839       29840 Down          8.00     0.000550   0.000800
   29846  29852       29853 Down          7.00     0.001200   0.000400
   29855  29862       29863 Down          8.00     0.000700  -0.001500
   29868  29877       29878 Up           10.00     0.000450   0.000600
   29904  29912       29913 Down          9.00     0.000750  -0.000250
   29949  29951       29952 Up            3.00     0.000700  -0.000450
   29953  29957       29958 Down          5.00     0.000450   0.000650
   29972  29995       29996 Up           24.00     0.000450  -0.000650
   29996  29999       30000 Down          4.00     0.000300  -0.000100
   30002  30004       30005 Up            3.00     0.000200  -0.000350
   30008  30011       30012 Down          4.00     0.000200  -0.000450
   30015  30023       30024 Up            9.00     0.000350   0.000050
   30025  30029       30030 Down          5.00     0.000200   0.000050
   30032  30034       30035 Up            3.00     0.000200  -0.000300
   30044  30046       30047 Up            3.00     0.000150  -0.000150
   30056  30059       30060 Up            4.00     0.000350   0.000100
   30063  30067       30068 Up            5.00     0.000250   0.000000
   30074  30079       30080 Up            6.00     0.000550  -0.000200
   30087  30090       30091 Down          4.00     0.000650  -0.000500
   30093  30095       30096 Up            3.00     0.000250  -0.000750
   30116  30119       30120 Up            4.00     0.000300  -0.000550
   30125  30127       30128 Down          3.00     0.000300  -0.000650
   30128  30132       30133 Up            5.00     0.000650  -0.000300
   30147  30151       30152 Up            5.00     0.000350   0.000600
   30155  30159       30160 Down          5.00     0.000450  -0.000500
   30176  30178       30179 Down          3.00     0.000550  -0.000850
   30184  30186       30187 Down          3.00     0.000550   0.000600
   30203  30205       30206 Up            3.00     0.000300  -0.000300
   30213  30217       30218 Down          5.00     0.000250  -0.000250
   30219  30226       30227 Down          8.00     0.000250   0.000150
   30229  30241       30242 Down         13.00     0.000250   0.000050
   30248  30252       30253 Down          5.00     0.000250  -0.000950
   30253  30255       30256 Up            3.00     0.000150   0.002150
   30309  30313       30314 Down          5.00     0.000300   0.000000
   30317  30324       30325 Up            8.00     0.000400   0.001400
   30354  30356       30357 Down          3.00     0.000450   0.000450
   30359  30361       30362 Down          3.00     0.000400  -0.001150
   30369  30372       30373 Up            4.00     0.000350   0.002950
   30378  30386       30387 Up            9.00     0.002350   0.000300
   30390  30392       30393 Down          3.00     0.000400  -0.000200
   30402  30407       30408 Down          6.00     0.001300   0.000950
   30424  30426       30427 Down          3.00     0.000600   0.000250
   30441  30445       30446 Up            5.00     0.000600   0.000100
   30454  30457       30458 Up            4.00     0.000500  -0.000250
   30460  30462       30463 Down          3.00     0.000550   0.000100
   30465  30473       30474 Down          9.00     0.000350  -0.000500
   30477  30479       30480 Up            3.00     0.000300  -0.000900
   30495  30497       30498 Up            3.00     0.000250   0.000600
   30508  30510       30511 Down          3.00     0.000450  -0.000150
   30512  30536       30537 Up           25.00     0.000350  -0.000300
   30550  30552       30553 Down          3.00     0.000550   0.000050
   30573  30578       30579 Down          6.00     0.000150   0.000050
   30584  30589       30590 Down          6.00     0.000350   0.000300
   30603  30606       30607 Down          4.00     0.000200  -0.000050
   30608  30620       30621 Down         13.00     0.000250   0.000050
   30635  30647       30648 Up           13.00     0.000900   0.000100
   30684  30690       30691 Up            7.00     0.000350  -0.000050
   30697  30699       30700 Up            3.00     0.000300  -0.000150
   30716  30719       30720 Up            4.00     0.000650   0.000300
   30720  30722       30723 Down          3.00     0.000400  -0.000650
   30733  30740       30741 Down          8.00     0.000850  -0.000450
   30750  30754       30755 Down          5.00     0.000400   0.001200
   30760  30762       30763 Up            3.00     0.000600   0.000200
   30772  30776       30777 Up            5.00     0.001050  -0.000750
   30788  30794       30795 Down          7.00     0.001150   0.000400
   30806  30810       30811 Down          5.00     0.000450  -0.000250
   30827  30838       30839 Up           12.00     0.000550  -0.000200
   30840  30842       30843 Down          3.00     0.000200  -0.000150
   30845  30854       30855 Down         10.00     0.000300  -0.000250
   30855  30865       30866 Up           11.00     0.000550  -0.000550
   30898  30900       30901 Up            3.00     0.000550  -0.000250
   30901  30923       30924 Up           23.00     0.000600   0.001200
   30932  30943       30944 Up           12.00     0.000750  -0.000200
   30978  30980       30981 Down          3.00     0.000650  -0.001600
   31017  31026       31027 Down         10.00     0.000700  -0.000350
   31043  31049       31050 Down          7.00     0.000300  -0.000400
   31054  31059       31060 Up            6.00     0.000150  -0.000100
   31062  31065       31066 Up            4.00     0.000500   0.000350
   31071  31075       31076 Down          5.00     0.000200  -0.000150
   31076  31105       31106 Up           30.00     0.001250  -0.000100
   31124  31129       31130 Up            6.00     0.000250  -0.000650
   31136  31145       31146 Down         10.00     0.000200   0.000150
   31149  31154       31155 Down          6.00     0.000150  -0.000100
   31162  31166       31167 Down          5.00     0.000200  -0.000400
   31169  31171       31172 Up            3.00     0.000250   0.000350
   31184  31187       31188 Up            4.00     0.000400  -0.000200
   31206  31213       31214 Down          8.00     0.000500   0.000250
   31236  31241       31242 Down          6.00     0.000200   0.000550
   31243  31247       31248 Up            5.00     0.000750   0.000100
   31248  31255       31256 Up            8.00     0.001000   0.000650
   31279  31283       31284 Up            5.00     0.000450  -0.000700
   31293  31295       31296 Down          3.00     0.000250   0.000100
   31300  31316       31317 Up           17.00     0.000650  -0.000050
   31317  31323       31324 Down          7.00     0.000150  -0.000050
   31328  31334       31335 Up            7.00     0.000200   0.000000
   31334  31341       31342 Up            8.00     0.000250   0.000400
   31346  31349       31350 Down          4.00     0.000200  -0.000600
   31352  31368       31369 Down         17.00     0.000400   0.000200
   31403  31409       31410 Up            7.00     0.000150  -0.000400
   31413  31416       31417 Down          4.00     0.000250   0.000000
   31419  31425       31426 Down          7.00     0.000200  -0.000350
   31426  31429       31430 Up            4.00     0.000250  -0.000100
   31431  31436       31437 Down          6.00     0.000200   0.000050
   31438  31444       31445 Up            7.00     0.000300   0.000100
   31454  31457       31458 Down          4.00     0.000500  -0.000050
   31481  31490       31491 Up           10.00     0.000550  -0.000300
   31499  31505       31506 Down          7.00     0.000300   0.000150
   31510  31514       31515 Up            5.00     0.000450  -0.000250
   31584  31590       31591 Up            7.00     0.000300  -0.000050
   31617  31622       31623 Down          6.00     0.000150  -0.000100
   31631  31640       31641 Up           10.00     0.000150  -0.000150
   31679  31683       31684 Down          5.00     0.000150   0.000300
   31689  31693       31694 Up            5.00     0.000250  -0.000300
   31699  31704       31705 Down          6.00     0.000200  -0.000050
   31716  31719       31720 Down          4.00     0.000200   0.000300
   31720  31724       31725 Down          5.00     0.000300   0.000550
   31739  31742       31743 Down          4.00     0.000400   0.000600
   31751  31754       31755 Down          4.00     0.000250   0.000450
   31759  31761       31762 Down          3.00     0.000350   0.000000
   31766  31769       31770 Up            4.00     0.000600   0.000000
   31771  31779       31780 Up            9.00     0.000350   0.000350
   31786  31789       31790 Up            4.00     0.000300  -0.000400
   31802  31817       31818 Up           16.00     0.001550  -0.000600
   31817  31822       31823 Down          6.00     0.000600  -0.000050
   31823  31828       31829 Down          6.00     0.000500  -0.000400
   31834  31837       31838 Up            4.00     0.000300  -0.000300
   31857  31862       31863 Down          6.00     0.000200   0.000200
   31878  31884       31885 Up            7.00     0.000450  -0.000200
   31890  31892       31893 Up            3.00     0.000200  -0.000050
   31904  31908       31909 Up            5.00     0.000350  -0.000050
   31911  31916       31917 Down          6.00     0.000100   0.000100
   31917  31921       31922 Down          5.00     0.000150   0.000050
   31922  31927       31928 Down          6.00     0.000100  -0.000150
   31928  31950       31951 Down         23.00     0.000350   0.000050
   31951  31954       31955 Down          4.00     0.000300  -0.000150
   31957  31963       31964 Down          7.00     0.000150  -0.000300
   31972  31974       31975 Down          3.00     0.000100  -0.000400
   31977  31984       31985 Up            8.00     0.000450  -0.000450
   31992  31994       31995 Down          3.00     0.000100   0.000050
   31999  32001       32002 Down          3.00     0.000350  -0.000600
   32005  32008       32009 Up            4.00     0.000300  -0.000450
   32024  32027       32028 Up            4.00     0.000550  -0.000100
   32038  32041       32042 Down          4.00     0.000300   0.000150
   32050  32055       32056 Down          6.00     0.000500  -0.000150
   32061  32065       32066 Down          5.00     0.000350   0.000350
   32074  32077       32078 Down          4.00     0.000400   0.000300
   32101  32105       32106 Down          5.00     0.000500   0.001150
   32116  32122       32123 Up            7.00     0.000400  -0.000550
   32133  32150       32151 Down         18.00     0.000450  -0.000250
   32169  32171       32172 Down          3.00     0.000300  -0.000100
   32175  32179       32180 Up            5.00     0.000200  -0.000050
   32182  32192       32193 Down         11.00     0.000200   0.000350
   32204  32210       32211 Down          7.00     0.000550   0.000100
   32215  32220       32221 Down          6.00     0.000450   0.000100
   32233  32235       32236 Up            3.00     0.000350  -0.000100
   32246  32259       32260 Down         14.00     0.000300   0.000500
   32277  32285       32286 Down          9.00     0.000650  -0.001000
   32303  32307       32308 Up            5.00     0.000450  -0.001350
   32316  32322       32323 Up            7.00     0.000750   0.001100
   32336  32340       32341 Down          5.00     0.000950   0.000750
   32349  32354       32355 Down          6.00     0.000500  -0.000350
   32396  32400       32401 Up            5.00     0.000400   0.000000
   32423  32425       32426 Down          3.00     0.000350  -0.000350
   32431  32439       32440 Down          9.00     0.000350  -0.000150
   32445  32449       32450 Up            5.00     0.000300   0.000200
   32463  32472       32473 Down         10.00     0.000400   0.000650
   32476  32479       32480 Up            4.00     0.000450  -0.000300
   32482  32485       32486 Down          4.00     0.000500   0.000100
   32490  32497       32498 Up            8.00     0.000500   0.000250
   32521  32523       32524 Up            3.00     0.000250   0.000250
   32534  32537       32538 Down          4.00     0.000200   0.000150
   32548  32550       32551 Up            3.00     0.000250   0.001000
   32562  32564       32565 Down          3.00     0.000250  -0.000450
   32582  32597       32598 Down         16.00     0.000800   0.000150
   32602  32604       32605 Up            3.00     0.000400  -0.000500
   32611  32617       32618 Up            7.00     0.000550   0.000650
   32627  32629       32630 Up            3.00     0.000450  -0.000150
   32636  32644       32645 Up            9.00     0.000700  -0.000900
   32655  32659       32660 Down          5.00     0.000500  -0.000500
   32684  32694       32695 Down         11.00     0.000400   0.000600
   32696  32699       32700 Down          4.00     0.000400   0.000650
   32708  32721       32722 Up           14.00     0.002750  -0.000250
   32723  32726       32727 Down          4.00     0.000350  -0.000450
   32728  32731       32732 Up            4.00     0.000450  -0.000100
   32733  32741       32742 Down          9.00     0.000350   0.000200
   32750  32754       32755 Down          5.00     0.000250   0.000400
   32756  32761       32762 Down          6.00     0.000550   0.000500
   32776  32778       32779 Down          3.00     0.000450  -0.000050
   32789  32803       32804 Down         15.00     0.000400  -0.000050
   32808  32810       32811 Down          3.00     0.000250   0.000400
   32813  32816       32817 Up            4.00     0.000300  -0.000250
   32820  32825       32826 Up            6.00     0.000500   0.000150
   32837  32839       32840 Down          3.00     0.000600   0.000200
   32854  32857       32858 Up            4.00     0.000550  -0.000950
   32871  32873       32874 Up            3.00     0.000350   0.000450
   32884  32886       32887 Up            3.00     0.001000  -0.000400
   32887  32898       32899 Down         12.00     0.000500  -0.000500
   32929  32936       32937 Down          8.00     0.000650  -0.000350
   32937  32941       32942 Up            5.00     0.000500   0.000350
   32944  32952       32953 Up            9.00     0.000550   0.000300
   32957  32959       32960 Up            3.00     0.000300   0.000000
   32962  32965       32966 Down          4.00     0.000350  -0.000300
   32966  32971       32972 Up            6.00     0.000400  -0.000500
   32984  32990       32991 Up            7.00     0.000400  -0.000250
   32991  33020       33021 Up           30.00     0.000400   0.000350
   33020  33022       33023 Up            3.00     0.000150   0.000150
   33033  33035       33036 Up            3.00     0.000250  -0.000200
   33051  33053       33054 Up            3.00     0.000300   0.000100
   33054  33062       33063 Down          9.00     0.000650  -0.000200
   33065  33070       33071 Up            6.00     0.000250   0.000450
   33080  33085       33086 Down          6.00     0.000400   0.000150
   33087  33096       33097 Down         10.00     0.000250   0.000100
   33136  33148       33149 Down         13.00     0.000400  -0.000350
   33156  33158       33159 Up            3.00     0.000250  -0.000450
   33184  33186       33187 Down          3.00     0.000300   0.000300
   33188  33190       33191 Down          3.00     0.000350  -0.000150
   33215  33394       33395 Down        180.00     0.003100  -0.000450
   33398  33403       33404 Up            6.00     0.001100   0.002150
   33425  33428       33429 Down          4.00     0.000350   0.001700
   33436  33439       33440 Up            4.00     0.000750   0.000150
   33440  33443       33444 Up            4.00     0.000600  -0.000750
   33474  33513       33514 Up           40.00     0.001850   0.001800
   33515  33519       33520 Up            5.00     0.001850  -0.000100
   33547  33583       33584 Down         37.00     0.000800   0.000050
   33587  33589       33590 Down          3.00     0.000150  -0.000200
   33596  33599       33600 Down          4.00     0.000250  -0.000250
   33600  33606       33607 Down          7.00     0.000350  -0.000100
   33607  33614       33615 Up            8.00     0.000350  -0.000250
   33615  33617       33618 Down          3.00     0.000200   0.000150
   33623  33627       33628 Up            5.00     0.000200   0.000250
   33638  33641       33642 Up            4.00     0.000100   0.000000
   33647  33654       33655 Down          8.00     0.000100  -0.000250
   33655  33662       33663 Down          8.00     0.000800   0.000100
   33664  33668       33669 Down          5.00     0.000500  -0.000250
   33673  33679       33680 Up            7.00     0.000350   0.000200
   33730  33740       33741 Up           11.00     0.001200  -0.000650
   33752  33777       33778 Up           26.00     0.001500   0.000000
   33800  33811       33812 Down         12.00     0.000550   0.000000
   33812  33817       33818 Down          6.00     0.000600   0.000150
   33824  33828       33829 Down          5.00     0.000250   0.000150
   33830  33832       33833 Down          3.00     0.000450  -0.003700
   33836  33840       33841 Up            5.00     0.000850   0.000100
   33849  33853       33854 Down          5.00     0.000200   0.000200
   33854  33857       33858 Down          4.00     0.000150   0.000250
   33860  33868       33869 Up            9.00     0.000400  -0.000400
   33871  33946       33947 Down         76.00     0.001200  -0.000500
   33947  33954       33955 Up            8.00     0.000700   0.000100
   33964  33969       33970 Down          6.00     0.000250  -0.000150
   34014  34017       34018 Down          4.00     0.000300   0.000350
   34027  34031       34032 Up            5.00     0.000300   0.000200
   34042  34053       34054 Down         12.00     0.000800   0.000200
   34054  34073       34074 Up           20.00     0.000350   0.000100
   34102  34105       34106 Down          4.00     0.000400   0.000100
   34114  34119       34120 Down          6.00     0.000200  -0.000250
   34120  34124       34125 Up            5.00     0.000250   0.000000
   34124  34126       34127 Up            3.00     0.000150  -0.000050
   34130  34134       34135 Up            5.00     0.000050  -0.000200
   34148  34150       34151 Down          3.00     0.000150  -0.000200
   34154  34158       34159 Down          5.00     0.000200  -0.000450
   34160  34162       34163 Up            3.00     0.000300   0.000550
   34166  34169       34170 Up            4.00     0.000350  -0.000550
   34174  34176       34177 Up            3.00     0.000450   0.000350
   34178  34200       34201 Up           23.00     0.000800   0.000100
   34202  34214       34215 Down         13.00     0.000350  -0.000350
   34215  34217       34218 Up            3.00     0.000400  -0.000050
   34233  34237       34238 Up            5.00     0.000500  -0.000450
   34254  34321       34322 Up           68.00     0.001350   0.000100
   34324  34351       34352 Up           28.00     0.000250   0.000300
   34352  34354       34355 Up            3.00     0.000100   0.000450
   34364  34367       34368 Up            4.00     0.000300   0.000050
   34368  34378       34379 Down         11.00     0.000300   0.000300
   34383  34387       34388 Up            5.00     0.000300  -0.000300
   34388  34398       34399 Up           11.00     0.000400  -0.000050
   34400  34406       34407 Down          7.00     0.000400  -0.000100
   34410  34413       34414 Up            4.00     0.000150   0.000050
   34424  34428       34429 Up            5.00     0.000250  -0.000200
   34440  34442       34443 Up            3.00     0.000300   0.000350
   34466  34468       34469 Down          3.00     0.000350  -0.000100
   34469  34481       34482 Up           13.00     0.000350  -0.000650
   34484  34486       34487 Down          3.00     0.000200   0.000300
   34491  34510       34511 Up           20.00     0.000500   0.001300
   34519  34524       34525 Down          6.00     0.001350   0.000200
   34526  34531       34532 Down          6.00     0.000650  -0.001000
   34538  34541       34542 Down          4.00     0.001050   0.000400
   34556  34558       34559 Up            3.00     0.000650   0.000050
   34564  34568       34569 Down          5.00     0.000150   0.000200
   34569  34631       34632 Down         63.00     0.000900   0.000150
   34634  34637       34638 Down          4.00     0.000200  -0.000350
   34638  34642       34643 Up            5.00     0.000550  -0.000200
   34647  34649       34650 Down          3.00     0.000150  -0.000300
   34651  34659       34660 Down          9.00     0.000450   0.000500
   34663  34666       34667 Up            4.00     0.000300  -0.000100
   34691  34694       34695 Up            4.00     0.000400   0.000050
   34720  34722       34723 Up            3.00     0.000300   0.000450
   34726  34728       34729 Down          3.00     0.000350  -0.000050
   34733  34736       34737 Up            4.00     0.000300  -0.000400
   34754  34758       34759 Down          5.00     0.000400   0.000100
   34771  34776       34777 Up            6.00     0.000600   0.000700
   34783  34788       34789 Up            6.00     0.000650   0.001100
   34790  34793       34794 Up            4.00     0.001050  -0.000050
   34798  34805       34806 Down          8.00     0.000500  -0.002100
   34812  34817       34818 Down          6.00     0.001150  -0.000650
   34836  34848       34849 Down         13.00     0.000950  -0.000150
   34850  34855       34856 Up            6.00     0.000300  -0.000500
   34870  34873       34874 Up            4.00     0.000200  -0.000250
   34881  34889       34890 Up            9.00     0.000400   0.000150
   34894  34900       34901 Down          7.00     0.000200  -0.000150
   34904  34915       34916 Up           12.00     0.000250  -0.000050
   34916  34921       34922 Down          6.00     0.000250   0.000100
   34922  34926       34927 Down          5.00     0.000350  -0.000600
   34939  34941       34942 Up            3.00     0.000350   0.000100
   34955  34958       34959 Down          4.00     0.000150  -0.000150
   34959  34968       34969 Down         10.00     0.000350  -0.000300
   34972  34976       34977 Up            5.00     0.000300   0.000150
   34979  34982       34983 Down          4.00     0.000250  -0.000400
   34990  34994       34995 Up            5.00     0.000300   0.000250
   34994  34996       34997 Up            3.00     0.000500  -0.000200
   35013  35016       35017 Up            4.00     0.000400  -0.001100
   35039  35055       35056 Up           17.00     0.000500  -0.000200
   35071  35074       35075 Up            4.00     0.000400   0.000150
   35076  35081       35082 Down          6.00     0.000500   0.000600
   35104  35108       35109 Down          5.00     0.000850  -0.000050
   35111  35113       35114 Up            3.00     0.000350  -0.000050
   35124  35126       35127 Down          3.00     0.000250   0.000250
   35145  35154       35155 Down         10.00     0.000300   0.000350
   35168  35189       35190 Down         22.00     0.001100   0.000100

Score: DominanceGradient
========================

Delta Bins
----------
Bin             Count   MeanDRFwd5       Median  ContRate5  FailRate5  FlatRate5
<= -5             316    -0.000033    -0.000050    43.67%    51.27%     5.06%
-4 to -2          656     0.000026     0.000000    49.39%    46.19%     4.42%
-1 to 1           704    -0.000010     0.000000    48.72%    46.73%     4.55%
2 to 4            267    -0.000005    -0.000050    44.19%    50.94%     4.87%
5 to 7             39    -0.000015    -0.000050    43.59%    56.41%     0.00%
>= 8               10    -0.000055     0.000000    40.00%    40.00%    20.00%

Velocity Bins
-------------
Bin             Count   MeanDRFwd5       Median  ContRate5  FailRate5  FlatRate5
negative         1065     0.000000     0.000000    47.79%    47.61%     4.60%
near-zero         543     0.000013     0.000000    49.72%    45.86%     4.42%
positive          384    -0.000026    -0.000050    42.97%    52.08%     4.95%

Acceleration Bins
-----------------
Bin             Count   MeanDRFwd5       Median  ContRate5  FailRate5  FlatRate5
negative          535     0.000023     0.000000    49.72%    46.92%     3.36%
near-zero          53    -0.000107    -0.000050    39.62%    52.83%     7.55%
positive          191     0.000022     0.000000    46.07%    47.12%     6.81%

Correlation Summary
-------------------
GradientDelta            Count=  1900 SpearmanRho= -0.0112 SuccessMinusFailureMean= -0.068962
GradientVelocity         Count=  1900 SpearmanRho= -0.0125 SuccessMinusFailureMean= -0.013944
GradientAcceleration     Count=   744 SpearmanRho= -0.0020 SuccessMinusFailureMean= -0.057476
Final3GradientMean       Count=  1900 SpearmanRho=  0.0312 SuccessMinusFailureMean=  0.251268
Final5GradientMean       Count=  1900 SpearmanRho=  0.0323 SuccessMinusFailureMean=  0.249728

Score: DominanceGradient_WithExpansion
======================================

Delta Bins
----------
Bin             Count   MeanDRFwd5       Median  ContRate5  FailRate5  FlatRate5
<= -5             409    -0.000021    -0.000050    44.01%    52.08%     3.91%
-4 to -2          608     0.000045     0.000050    52.30%    42.27%     5.43%
-1 to 1           648    -0.000032     0.000000    46.30%    49.23%     4.48%
2 to 4            257    -0.000012    -0.000050    43.97%    52.14%     3.89%
5 to 7             57     0.000071     0.000000    49.12%    47.37%     3.51%
>= 8               13    -0.000065     0.000000    38.46%    46.15%    15.38%

Velocity Bins
-------------
Bin             Count   MeanDRFwd5       Median  ContRate5  FailRate5  FlatRate5
negative         1102     0.000007     0.000000    48.19%    47.01%     4.81%
near-zero         506    -0.000007     0.000000    46.64%    48.22%     5.14%
positive          384    -0.000017    -0.000050    46.09%    50.52%     3.39%

Acceleration Bins
-----------------
Bin             Count   MeanDRFwd5       Median  ContRate5  FailRate5  FlatRate5
negative          564     0.000008     0.000000    48.94%    46.99%     4.08%
near-zero          33     0.000141     0.000100    54.55%    39.39%     6.06%
positive          182     0.000010    -0.000025    44.51%    50.00%     5.49%

Correlation Summary
-------------------
GradientDelta            Count=  1900 SpearmanRho= -0.0094 SuccessMinusFailureMean= -0.016182
GradientVelocity         Count=  1900 SpearmanRho= -0.0081 SuccessMinusFailureMean= -0.002709
GradientAcceleration     Count=   744 SpearmanRho= -0.0070 SuccessMinusFailureMean= -0.036009
Final3GradientMean       Count=  1900 SpearmanRho=  0.0224 SuccessMinusFailureMean=  0.211854
Final5GradientMean       Count=  1900 SpearmanRho=  0.0225 SuccessMinusFailureMean=  0.197967

Score: DominanceGradient_Weighted
=================================

Delta Bins
----------
Bin             Count   MeanDRFwd5       Median  ContRate5  FailRate5  FlatRate5
<= -5             665     0.000014     0.000000    47.67%    46.92%     5.41%
-4 to -2          488    -0.000005     0.000000    49.18%    47.54%     3.28%
-1 to 1           417     0.000001     0.000000    48.68%    46.76%     4.56%
2 to 4            265    -0.000022    -0.000050    44.15%    50.57%     5.28%
5 to 7            110    -0.000017    -0.000050    41.82%    53.64%     4.55%
>= 8               47    -0.000049    -0.000050    44.68%    51.06%     4.26%

Velocity Bins
-------------
Bin             Count   MeanDRFwd5       Median  ContRate5  FailRate5  FlatRate5
negative         1178     0.000001     0.000000    47.96%    47.45%     4.58%
near-zero         365     0.000005     0.000000    48.22%    47.40%     4.38%
positive          449    -0.000012     0.000000    45.21%    49.89%     4.90%

Acceleration Bins
-----------------
Bin             Count   MeanDRFwd5       Median  ContRate5  FailRate5  FlatRate5
negative          535     0.000020     0.000000    49.16%    47.48%     3.36%
near-zero          33     0.000042     0.000000    48.48%    45.45%     6.06%
positive          211    -0.000004     0.000000    45.50%    47.39%     7.11%

Correlation Summary
-------------------
GradientDelta            Count=  1900 SpearmanRho= -0.0124 SuccessMinusFailureMean= -0.127659
GradientVelocity         Count=  1900 SpearmanRho= -0.0134 SuccessMinusFailureMean= -0.031269
GradientAcceleration     Count=   744 SpearmanRho=  0.0017 SuccessMinusFailureMean= -0.059557
Final3GradientMean       Count=  1900 SpearmanRho=  0.0296 SuccessMinusFailureMean=  0.393579
Final5GradientMean       Count=  1900 SpearmanRho=  0.0294 SuccessMinusFailureMean=  0.384806

Case-Control Feature Comparison
===============================
Feature                       SuccessN  FailureN  SuccessMean  FailureMean        Delta   EffectSize
GradientDelta                      944       956    -1.577331    -1.508368    -0.068962      -0.0210
GradientVelocity                   944       956    -0.285995    -0.272051    -0.013944      -0.0240
GradientAcceleration               375       369    -1.937599    -1.880123    -0.057476      -0.0164
Final3GradientMean                 944       956     2.934322     2.683054     0.251268       0.0748
Final5GradientMean                 944       956     3.163047     2.913319     0.249728       0.0758
Final3CompressionMean              944       956     0.695621     0.720363    -0.024741      -0.1020
Final3DissipationMean              944       956     0.400424     0.417364    -0.016940      -0.0594
Final3AcceptedMean                 944       956     0.310734     0.282427     0.028308       0.1163
Final3ExpansionMean                944       956     0.430791     0.417713     0.013078       0.0536
LateralDuration                    944       956     7.677966     6.812762     0.865205       0.0342
LateralRange                       944       956     0.000541     0.000539     0.000002       0.0029
BreakoutBarRange                   944       956     0.000403     0.000412    -0.000008      -0.0272
BreakoutBarVolume                  944       956   604.548729   609.101464    -4.552736      -0.0057

Strongest Success Features
==========================
Final3AcceptedMean           EffectSize=  0.1163 Delta=  0.028308
Final5GradientMean           EffectSize=  0.0758 Delta=  0.249728
Final3GradientMean           EffectSize=  0.0748 Delta=  0.251268
Final3ExpansionMean          EffectSize=  0.0536 Delta=  0.013078
LateralDuration              EffectSize=  0.0342 Delta=  0.865205
LateralRange                 EffectSize=  0.0029 Delta=  0.000002
BreakoutBarVolume            EffectSize= -0.0057 Delta= -4.552736
GradientAcceleration         EffectSize= -0.0164 Delta= -0.057476
GradientDelta                EffectSize= -0.0210 Delta= -0.068962
GradientVelocity             EffectSize= -0.0240 Delta= -0.013944
BreakoutBarRange             EffectSize= -0.0272 Delta= -0.000008
Final3DissipationMean        EffectSize= -0.0594 Delta= -0.016940
Final3CompressionMean        EffectSize= -0.1020 Delta= -0.024741

Strongest Failure Features
==========================
Final3CompressionMean        EffectSize= -0.1020 Delta= -0.024741
Final3DissipationMean        EffectSize= -0.0594 Delta= -0.016940
BreakoutBarRange             EffectSize= -0.0272 Delta= -0.000008
GradientVelocity             EffectSize= -0.0240 Delta= -0.013944
GradientDelta                EffectSize= -0.0210 Delta= -0.068962
GradientAcceleration         EffectSize= -0.0164 Delta= -0.057476
BreakoutBarVolume            EffectSize= -0.0057 Delta= -4.552736
LateralRange                 EffectSize=  0.0029 Delta=  0.000002
LateralDuration              EffectSize=  0.0342 Delta=  0.865205
Final3ExpansionMean          EffectSize=  0.0536 Delta=  0.013078
Final3GradientMean           EffectSize=  0.0748 Delta=  0.251268
Final5GradientMean           EffectSize=  0.0758 Delta=  0.249728
Final3AcceptedMean           EffectSize=  0.1163 Delta=  0.028308

Research Notes
==============
- DominanceGradient GradientVelocity SpearmanRho=-0.0125.
- DominanceGradient GradientAcceleration SpearmanRho=-0.0020.
- Final3GradientMean SpearmanRho=0.0312; full-lateral GradientDelta SpearmanRho=-0.0112.
- Final3CompressionMean: Delta=-0.024741, EffectSize=-0.1020.
- Final3DissipationMean: Delta=-0.016940, EffectSize=-0.0594.
- LateralDuration: Delta=0.865205, EffectSize=0.0342.
