Instrument,File,BarIndex,Time,MacroState,Quadruplet,ResolvedArchetype,ResolutionMethod,Similarity,RollingEntropy,RollingVelocity,RollingDominantFraction,RollingDirectionalPresence,CurrentDirectionalEmergence,DirectionalReleasePressure,ExhaustionPressure,CompressionPressure,RotationalPressure,DominantPressure,DominantPressureValue,Open,High,Low,Close,ActiveDirection,DirectionSign,PrevClose,TR,ATR14,HorizonBars,FutureClose,RawReturn,NormalizedReturn,SignedReturn,SignedNormalizedReturn,DirectionalMFE,DirectionalMAE,DirectionalNormalizedMFE,DirectionalNormalizedMAE,DirectionalHit,HasDirection,InTargetState,TargetEntry,PriorDominantPressureSeq,NormalizedPolicyOutcome,DisasterStopped,RegimeWeek
ES,xApvaV01StateLog_ES.csv,50,2026-04-06 10:45:00,Unresolved,Unresolved->Degrading->Unresolved->Unresolved,Stable Compression Basin,Exact,1.0,1.1567796494427114,0.5555555555555556,0.7,0.0,0.0,0.0956701692006535,0.0694444444444444,0.6638123830209416,0.4613788816489264,CompressionPressure,0.6638123830209416,6635.5,6636.0,6631.5,6635.0,Down,-1,6635.75,4.5,7.875,5,6631.0,-4.0,-0.5079365079365079,4.0,0.5079365079365079,9.0,0.0,1.1428571428571428,0.0,1,1,True,True,RotationalPressure > RotationalPressure > CompressionPressure > CompressionPressure > CompressionPressure,0.5079365079365079,False,2026-W15
ES,xApvaV01StateLog_ES.csv,175,2026-04-07 13:40:00,Unresolved,Unresolved->Balance->Unresolved->Unresolved,Stable Compression Basin,Exact,1.0,1.2954618442339936,0.3333333333333333,0.6,0.0,0.0,0.0976912025508348,0.0416666666666666,0.6690336347353755,0.4083822784261861,CompressionPressure,0.6690336347353755,6662.75,6665.5,6657.25,6658.5,Up,1,6663.0,8.25,10.410714285714286,5,6825.75,167.25,16.06518010291595,167.25,16.06518010291595,178.25,-1.25,17.121783876500857,-0.1200686106346483,1,1,True,True,RotationalPressure > RotationalPressure > CompressionPressure > CompressionPressure > CompressionPressure,16.06518010291595,False,2026-W15
ES,xApvaV01StateLog_ES.csv,237,2026-04-08 11:20:00,Unresolved,Balance->Unresolved->Unresolved->Unresolved,Stable Compression Basin,Exact,1.0,0.9709505944517832,0.4444444444444444,0.6,0.0,0.0,0.1103838173345075,0.0555555555555555,0.6615378100689858,0.3790621092029942,CompressionPressure,0.6615378100689858,6828.25,6831.25,6808.0,6813.0,Down,-1,6828.5,23.25,6.607142857142857,5,6804.75,-8.25,-1.2486486486486488,8.25,1.2486486486486488,9.0,-6.25,1.3621621621621622,-0.945945945945946,1,1,True,True,RotationalPressure > RotationalPressure > CompressionPressure > CompressionPressure > CompressionPressure,1.2486486486486488,False,2026-W15
ES,xApvaV01StateLog_ES.csv,249,2026-04-08 12:20:00,Unresolved,Balance->Unresolved->Unresolved->Unresolved,Stable Compression Basin,Exact,1.0,0.9999999999971146,0.3333333333333333,0.5,0.0,0.0,0.1086458333335542,0.0416666666666666,0.6458333333335138,0.3437499999993688,CompressionPressure,0.6458333333335138,6808.0,6809.5,6800.5,6802.25,Up,1,6807.75,9.0,8.375,5,6811.25,9.0,1.0746268656716418,9.0,1.0746268656716418,12.5,-4.0,1.492537313432836,-0.4776119402985074,1,1,True,True,RotationalPressure > RotationalPressure > CompressionPressure > CompressionPressure > CompressionPressure,1.0746268656716418,False,2026-W15
ES,xApvaV01StateLog_ES.csv,342,2026-04-09 12:35:00,Unresolved,Unresolved->Balance->Unresolved->Unresolved,Stable Compression Basin,Exact,1.0,1.1567796494427114,0.2222222222222222,0.7,0.0,0.0,0.1321285025339868,0.0277777777777777,0.747145716354275,0.3363788816489264,CompressionPressure,0.747145716354275,6863.25,6871.25,6862.5,6866.75,Up,1,6863.0,8.75,5.696428571428571,5,6862.0,-4.75,-0.8338557993730408,-4.75,-0.8338557993730408,3.75,-5.25,0.658307210031348,-0.9216300940438872,0,1,True,True,RotationalPressure > RotationalPressure > CompressionPressure > CompressionPressure > CompressionPressure,-0.8338557993730408,False,2026-W15
ES,xApvaV01StateLog_ES.csv,378,2026-04-10 08:05:00,Unresolved,Unresolved->Balance->Unresolved->Unresolved,Stable Compression Basin,Exact,1.0,1.1567796494427114,0.5555555555555556,0.7,0.0,0.0,0.0956701692006535,0.0694444444444444,0.6638123830209416,0.4613788816489264,CompressionPressure,0.6638123830209416,6876.0,6876.75,6873.0,6873.75,Up,1,6875.75,3.75,6.160714285714286,5,6875.0,1.25,0.2028985507246377,1.25,0.2028985507246377,9.25,-2.5,1.501449275362319,-0.4057971014492754,1,1,True,True,RotationalPressure > RotationalPressure > CompressionPressure > CompressionPressure > CompressionPressure,0.2028985507246377,False,2026-W15
ES,xApvaV01StateLog_ES.csv,629,2026-04-14 14:00:00,Unresolved,Unresolved->Balance->Unresolved->Unresolved,Stable Compression Basin,Exact,1.0,0.8812908992278072,0.3333333333333333,0.7,0.0,0.0,0.1410678321945376,0.0416666666666666,0.7365859854649287,0.3177823842060828,CompressionPressure,0.7365859854649287,7004.75,7005.0,7003.75,7004.25,Up,1,7005.0,1.25,3.107142857142857,5,7011.75,7.5,2.413793103448276,7.5,2.413793103448276,20.5,-0.25,6.597701149425287,-0.0804597701149425,1,1,True,True,RotationalPressure > RotationalPressure > CompressionPressure > CompressionPressure > CompressionPressure,2.413793103448276,False,2026-W16
ES,xApvaV01StateLog_ES.csv,775,2026-04-16 11:10:00,Unresolved,Balance->Unresolved->Unresolved->Unresolved,Stable Compression Basin,Exact,1.0,0.9999999999971146,0.4444444444444444,0.5,0.0,0.0,0.0964930555557764,0.0555555555555555,0.618055555555736,0.3854166666660354,CompressionPressure,0.618055555555736,7068.5,7070.0,7061.25,7063.75,Down,-1,7068.5,8.75,5.946428571428571,5,7066.5,2.75,0.4624624624624625,-2.75,-0.4624624624624625,7.5,-5.25,1.2612612612612613,-0.882882882882883,0,1,True,True,RotationalPressure > RotationalPressure > CompressionPressure > CompressionPressure > CompressionPressure,-0.4624624624624625,False,2026-W16
ES,xApvaV01StateLog_ES.csv,851,2026-04-17 10:00:00,Unresolved,Balance->Unresolved->Unresolved->Unresolved,Stable Compression Basin,Exact,1.0,0.9999999999971146,0.4444444444444444,0.5,0.0,0.0,0.0964930555557764,0.0555555555555555,0.618055555555736,0.3854166666660354,CompressionPressure,0.618055555555736,7183.25,7183.25,7180.75,7181.0,Down,-1,7183.0,2.5,4.660714285714286,5,7157.0,-24.0,-5.149425287356322,24.0,5.149425287356322,29.5,-2.75,6.329501915708812,-0.5900383141762452,1,1,True,True,RotationalPressure > RotationalPressure > CompressionPressure > CompressionPressure > CompressionPressure,5.149425287356322,False,2026-W16
ES,xApvaV01StateLog_ES.csv,878,2026-04-17 12:15:00,Unresolved,Unresolved->Balance->Unresolved->Unresolved,Stable Compression Basin,Exact,1.0,0.8812908992278072,0.3333333333333333,0.7,0.0,0.0,0.1410678321945376,0.0416666666666666,0.7365859854649287,0.3177823842060828,CompressionPressure,0.7365859854649287,7155.5,7156.25,7151.0,7153.0,Down,-1,7155.5,5.25,5.375,5,7161.5,8.5,1.5813953488372092,-8.5,-1.5813953488372092,0.75,-9.75,0.1395348837209302,-1.813953488372093,0,1,True,True,RotationalPressure > RotationalPressure > CompressionPressure > CompressionPressure > CompressionPressure,-1.5813953488372092,False,2026-W16
ES,xApvaV01StateLog_ES.csv,883,2026-04-17 12:40:00,Unresolved,Balance->Balance->Unresolved->Unresolved,Stable Compression Basin,Exact,1.0,0.9709505944517832,0.5555555555555556,0.6,0.0,0.0,0.0982310395567297,0.0694444444444444,0.633760032291208,0.4207287758696609,CompressionPressure,0.633760032291208,7159.25,7162.75,7157.25,7161.5,Up,1,7159.0,5.5,4.946428571428571,5,7163.5,2.0,0.4043321299638989,2.0,0.4043321299638989,4.0,-3.25,0.8086642599277979,-0.6570397111913358,1,1,True,True,RotationalPressure > RotationalPressure > CompressionPressure > CompressionPressure > CompressionPressure,0.4043321299638989,False,2026-W16
ES,xApvaV01StateLog_ES.csv,926,2026-04-20 08:45:00,Unresolved,Degrading->Degrading->Unresolved->Unresolved,Stable Compression Basin,Exact,1.0,1.1567796494427114,0.3333333333333333,0.7,0.0,0.0,0.119975724756209,0.0416666666666666,0.7193679385764972,0.3780455483155931,CompressionPressure,0.7193679385764972,7136.25,7140.75,7134.5,7135.5,Up,1,7136.25,6.25,9.357142857142858,5,7134.75,-0.75,-0.0801526717557251,-0.75,-0.0801526717557251,3.5,-4.75,0.3740458015267175,-0.5076335877862596,0,1,True,True,RotationalPressure > RotationalPressure > CompressionPressure > CompressionPressure > CompressionPressure,-0.0801526717557251,False,2026-W17
ES,xApvaV01StateLog_ES.csv,1027,2026-04-21 09:40:00,Unresolved,Degrading->Degrading->Unresolved->Unresolved,Stable Compression Basin,Exact,1.0,0.9709505944517832,0.6666666666666666,0.6,0.0,0.0,0.086078261778952,0.0833333333333333,0.6059822545134302,0.4623954425363276,CompressionPressure,0.6059822545134302,7128.5,7131.0,7122.0,7124.25,Down,-1,7128.25,9.0,7.089285714285714,5,7118.5,-5.75,-0.8110831234256927,5.75,0.8110831234256927,10.75,-1.25,1.5163727959697733,-0.1763224181360201,1,1,True,True,RotationalPressure > RotationalPressure > CompressionPressure > CompressionPressure > CompressionPressure,0.8110831234256927,False,2026-W17
ES,xApvaV01StateLog_ES.csv,1070,2026-04-21 13:15:00,Unresolved,Unresolved->Degrading->Unresolved->Unresolved,Stable Compression Basin,Exact,1.0,0.9999999999971146,0.5555555555555556,0.5,0.0,0.0,0.0843402777779986,0.0694444444444444,0.5902777777779582,0.4270833333327021,CompressionPressure,0.5902777777779582,7123.25,7137.0,7109.75,7124.75,Up,1,7123.0,27.25,15.767857142857142,5,7123.75,-1.0,-0.0634201585503963,-1.0,-0.0634201585503963,5.5,-4.75,0.3488108720271801,-0.3012457531143828,0,1,True,True,RotationalPressure > RotationalPressure > CompressionPressure > CompressionPressure > CompressionPressure,-0.0634201585503963,False,2026-W17
ES,xApvaV01StateLog_ES.csv,1109,2026-04-22 09:00:00,Unresolved,Balance->Degrading->Unresolved->Unresolved,Stable Compression Basin,Exact,1.0,1.2954618442339936,0.3333333333333333,0.6,0.0,0.0,0.0976912025508348,0.0416666666666666,0.6690336347353755,0.4083822784261861,CompressionPressure,0.6690336347353755,7155.5,7159.25,7154.5,7154.75,Down,-1,7155.25,4.75,6.285714285714286,5,7154.0,-0.75,-0.1193181818181818,0.75,0.1193181818181818,2.5,-5.5,0.3977272727272727,-0.875,1,1,True,True,RotationalPressure > RotationalPressure > CompressionPressure > CompressionPressure > CompressionPressure,0.1193181818181818,False,2026-W17
ES,xApvaV01StateLog_ES.csv,1143,2026-04-22 11:50:00,Unresolved,Unresolved->Balance->Unresolved->Unresolved,Stable Compression Basin,Exact,1.0,1.2954618442339936,0.4444444444444444,0.6,0.0,0.0,0.085538424773057,0.0555555555555555,0.6412558569575977,0.4500489450928527,CompressionPressure,0.6412558569575977,7156.75,7159.5,7155.75,7157.75,Up,1,7157.0,3.75,3.3035714285714284,5,7157.75,0.0,0.0,0.0,0.0,1.0,-7.75,0.3027027027027027,-2.345945945945946,0,1,True,True,RotationalPressure > RotationalPressure > CompressionPressure > CompressionPressure > CompressionPressure,-2.0,True,2026-W17
ES,xApvaV01StateLog_ES.csv,1179,2026-04-23 07:20:00,Unresolved,Degrading->Degrading->Unresolved->Unresolved,Stable Compression Basin,Exact,1.0,1.2954618442339936,0.3333333333333333,0.6,0.0,0.0,0.0976912025508348,0.0416666666666666,0.6690336347353755,0.4083822784261861,CompressionPressure,0.6690336347353755,7158.75,7164.75,7158.0,7159.5,Down,-1,7158.75,6.75,6.625,5,7167.25,7.75,1.169811320754717,-7.75,-1.169811320754717,0.5,-10.0,0.0754716981132075,-1.509433962264151,0,1,True,True,RotationalPressure > RotationalPressure > CompressionPressure > CompressionPressure > CompressionPressure,-1.169811320754717,False,2026-W17
ES,xApvaV01StateLog_ES.csv,1192,2026-04-23 08:25:00,Unresolved,Degrading->Unresolved->Unresolved->Unresolved,Stable Compression Basin,Exact,1.0,1.2954618442339936,0.5555555555555556,0.6,0.0,0.0,0.0733856469952793,0.0694444444444444,0.6134780791798199,0.4917156117595194,CompressionPressure,0.6134780791798199,7178.25,7179.75,7176.5,7179.25,Up,1,7178.25,3.25,5.535714285714286,5,7170.0,-9.25,-1.6709677419354838,-9.25,-1.6709677419354838,2.25,-13.25,0.4064516129032258,-2.393548387096774,0,1,True,True,RotationalPressure > RotationalPressure > CompressionPressure > CompressionPressure > CompressionPressure,-2.0,True,2026-W17
ES,xApvaV01StateLog_ES.csv,1231,2026-04-23 11:40:00,Unresolved,Unresolved->Balance->Unresolved->Unresolved,Stable Compression Basin,Exact,1.0,1.2954618442339936,0.4444444444444444,0.6,0.0,0.0,0.085538424773057,0.0555555555555555,0.6412558569575977,0.4500489450928527,CompressionPressure,0.6412558569575977,7148.25,7152.25,7145.25,7146.5,Up,1,7148.0,7.0,15.267857142857142,5,7128.75,-17.75,-1.1625730994152048,-17.75,-1.1625730994152048,1.25,-22.0,0.0818713450292397,-1.4409356725146198,0,1,True,True,RotationalPressure > RotationalPressure > CompressionPressure > CompressionPressure > CompressionPressure,-1.1625730994152048,False,2026-W17
ES,xApvaV01StateLog_ES.csv,1236,2026-04-23 12:05:00,Unresolved,Unresolved->Balance->Unresolved->Unresolved,Stable Compression Basin,Exact,1.0,1.1567796494427114,0.5555555555555556,0.7,0.0,0.0,0.0956701692006535,0.0694444444444444,0.6638123830209416,0.4613788816489264,CompressionPressure,0.6638123830209416,7128.25,7131.0,7124.5,7128.75,Down,-1,7128.25,6.5,9.839285714285714,5,7141.25,12.5,1.2704174228675138,-12.5,-1.2704174228675138,0.0,-15.25,0.0,-1.5499092558983667,0,1,True,True,RotationalPressure > RotationalPressure > CompressionPressure > CompressionPressure > CompressionPressure,-1.2704174228675138,False,2026-W17
ES,xApvaV01StateLog_ES.csv,1344,2026-04-24 13:35:00,Unresolved,Unresolved->Balance->Unresolved->Unresolved,Stable Compression Basin,Exact,1.0,1.1567796494427114,0.2222222222222222,0.7,0.0,0.0,0.1321285025339868,0.0277777777777777,0.747145716354275,0.3363788816489264,CompressionPressure,0.747145716354275,7191.0,7195.5,7190.75,7195.0,Down,-1,7190.75,4.75,3.625,5,7195.5,0.5,0.1379310344827586,-0.5,-0.1379310344827586,1.25,-2.0,0.3448275862068966,-0.5517241379310345,0,1,True,True,RotationalPressure > RotationalPressure > CompressionPressure > CompressionPressure > CompressionPressure,-0.1379310344827586,False,2026-W17
ES,xApvaV01StateLog_ES.csv,1436,2026-04-27 13:45:00,Unresolved,Balance->Unresolved->Unresolved->Unresolved,Stable Compression Basin,Exact,1.0,0.9709505944517832,0.5555555555555556,0.6,0.0,0.0,0.0982310395567297,0.0694444444444444,0.633760032291208,0.4207287758696609,CompressionPressure,0.633760032291208,7207.25,7207.5,7206.25,7206.75,Up,1,7207.0,1.25,2.642857142857143,5,7174.5,-32.25,-12.202702702702704,-32.25,-12.202702702702704,0.75,-45.0,0.2837837837837837,-17.027027027027028,0,1,True,True,RotationalPressure > RotationalPressure > CompressionPressure > CompressionPressure > CompressionPressure,-2.0,True,2026-W18
ES,xApvaV01StateLog_ES.csv,1439,2026-04-27 14:00:00,Unresolved,Unresolved->Balance->Unresolved->Unresolved,Stable Compression Basin,Exact,1.0,0.9999999999971146,0.4444444444444444,0.5,0.0,0.0,0.0964930555557764,0.0555555555555555,0.618055555555736,0.3854166666660354,CompressionPressure,0.618055555555736,7206.0,7206.0,7204.75,7205.25,Down,-1,7205.75,1.25,2.232142857142857,5,7170.25,-35.0,-15.68,35.0,15.68,43.5,22.25,19.488,9.968,1,1,True,True,RotationalPressure > RotationalPressure > CompressionPressure > CompressionPressure > CompressionPressure,15.68,False,2026-W18
ES,xApvaV01StateLog_ES.csv,1487,2026-04-28 10:30:00,Unresolved,Balance->Balance->Unresolved->Unresolved,Stable Compression Basin,Exact,1.0,1.2954618442339936,0.3333333333333333,0.6,0.0,0.0,0.0976912025508348,0.0416666666666666,0.6690336347353755,0.4083822784261861,CompressionPressure,0.6690336347353755,7152.5,7156.75,7151.75,7154.75,Up,1,7152.5,5.0,4.946428571428571,5,7162.5,7.75,1.5667870036101084,7.75,1.5667870036101084,9.0,0.0,1.8194945848375448,0.0,1,1,True,True,RotationalPressure > RotationalPressure > CompressionPressure > CompressionPressure > CompressionPressure,1.5667870036101084,False,2026-W18
ES,xApvaV01StateLog_ES.csv,1634,2026-04-30 07:45:00,Unresolved,Balance->Unresolved->Unresolved->Unresolved,Stable Compression Basin,Exact,1.0,1.1567796494427114,0.5555555555555556,0.7,0.0,0.0,0.0956701692006535,0.0694444444444444,0.6638123830209416,0.4613788816489264,CompressionPressure,0.6638123830209416,7166.5,7177.0,7166.5,7175.5,Down,-1,7166.25,10.75,11.5,5,7197.25,21.75,1.891304347826087,-21.75,-1.891304347826087,0.25,-22.5,0.0217391304347826,-1.9565217391304348,0,1,True,True,RotationalPressure > RotationalPressure > CompressionPressure > CompressionPressure > CompressionPressure,-1.891304347826087,False,2026-W18
ES,xApvaV01StateLog_ES.csv,1793,2026-05-01 13:30:00,Degrading,Degrading->Degrading->Degrading->Degrading,Sponsor Exhaustion Collapse,Exact,1.0,0.8812908992278072,0.1111111111111111,0.7,0.0,0.0,0.1653733877500932,0.1138888888888889,0.3421415410204842,0.2344490508727494,CompressionPressure,0.3421415410204842,7249.5,7251.0,7249.0,7249.25,Down,-1,7249.25,2.0,4.303571428571429,5,7247.25,-2.0,-0.4647302904564315,2.0,0.4647302904564315,3.5,-0.25,0.8132780082987552,-0.0580912863070539,1,1,True,True,RotationalPressure > RotationalPressure > CompressionPressure > CompressionPressure > CompressionPressure,0.4647302904564315,False,2026-W18
ES,xApvaV01StateLog_ES.csv,1810,2026-05-04 07:25:00,Unresolved,Unresolved->Balance->Unresolved->Unresolved,Stable Compression Basin,Exact,1.0,1.2954618442339936,0.3333333333333333,0.6,0.0,0.0,0.0976912025508348,0.0416666666666666,0.6690336347353755,0.4083822784261861,CompressionPressure,0.6690336347353755,7264.0,7267.0,7262.25,7263.25,Up,1,7264.0,4.75,6.857142857142857,5,7267.5,4.25,0.6197916666666667,4.25,0.6197916666666667,7.5,-2.75,1.09375,-0.4010416666666667,1,1,True,True,RotationalPressure > RotationalPressure > CompressionPressure > CompressionPressure > CompressionPressure,0.6197916666666667,False,2026-W19
ES,xApvaV01StateLog_ES.csv,1853,2026-05-04 11:00:00,Unresolved,Unresolved->Balance->Unresolved->Unresolved,Stable Compression Basin,Exact,1.0,1.2954618442339936,0.3333333333333333,0.6,0.0,0.0,0.0976912025508348,0.0416666666666666,0.6690336347353755,0.4083822784261861,CompressionPressure,0.6690336347353755,7233.25,7235.5,7232.75,7232.75,Up,1,7233.25,2.75,5.553571428571429,5,7226.25,-6.5,-1.170418006430868,-6.5,-1.170418006430868,6.75,-8.0,1.215434083601286,-1.4405144694533762,0,1,True,True,RotationalPressure > RotationalPressure > CompressionPressure > CompressionPressure > CompressionPressure,-1.170418006430868,False,2026-W19
ES,xApvaV01StateLog_ES.csv,1899,2026-05-05 07:20:00,Unresolved,Unresolved->Balance->Unresolved->Unresolved,Stable Compression Basin,Exact,1.0,1.1567796494427114,0.4444444444444444,0.7,0.0,0.0,0.1078229469784313,0.0555555555555555,0.6915901607987194,0.4197122149822597,CompressionPressure,0.6915901607987194,7272.25,7276.75,7266.75,7270.75,Down,-1,7272.25,10.0,8.25,5,7276.25,5.5,0.6666666666666666,-5.5,-0.6666666666666666,1.75,-15.5,0.2121212121212121,-1.878787878787879,0,1,True,True,RotationalPressure > RotationalPressure > CompressionPressure > CompressionPressure > CompressionPressure,-0.6666666666666666,False,2026-W19
ES,xApvaV01StateLog_ES.csv,2007,2026-05-06 08:50:00,Unresolved,Balance->Unresolved->Unresolved->Unresolved,Stable Compression Basin,Exact,1.0,1.1567796494427114,0.5555555555555556,0.7,0.0,0.0,0.0956701692006535,0.0694444444444444,0.6638123830209416,0.4613788816489264,CompressionPressure,0.6638123830209416,7362.75,7366.75,7361.25,7364.75,Down,-1,7362.75,5.5,5.357142857142857,5,7368.5,3.75,0.7000000000000001,-3.75,-0.7000000000000001,2.0,-4.5,0.3733333333333333,-0.8400000000000001,0,1,True,True,RotationalPressure > RotationalPressure > CompressionPressure > CompressionPressure > CompressionPressure,-0.7000000000000001,False,2026-W19
ES,xApvaV01StateLog_ES.csv,2011,2026-05-06 09:10:00,Unresolved,Balance->Balance->Unresolved->Unresolved,Stable Compression Basin,Exact,1.0,0.8812908992278072,0.4444444444444444,0.7,0.0,0.0,0.1289150544167598,0.0555555555555555,0.7088082076871509,0.3594490508727494,CompressionPressure,0.7088082076871509,7367.5,7369.0,7364.75,7365.75,Up,1,7367.5,4.25,5.125,5,7367.0,1.25,0.2439024390243902,1.25,0.2439024390243902,4.0,-0.5,0.7804878048780488,-0.0975609756097561,1,1,True,True,RotationalPressure > RotationalPressure > CompressionPressure > CompressionPressure > CompressionPressure,0.2439024390243902,False,2026-W19
ES,xApvaV01StateLog_ES.csv,2015,2026-05-06 09:30:00,Unresolved,Balance->Balance->Unresolved->Unresolved,Stable Compression Basin,Exact,1.0,0.9709505944517832,0.4444444444444444,0.6,0.0,0.0,0.1103838173345075,0.0555555555555555,0.6615378100689858,0.3790621092029942,CompressionPressure,0.6615378100689858,7368.0,7369.75,7366.25,7367.0,Up,1,7368.0,3.5,4.053571428571429,5,7358.25,-8.75,-2.158590308370044,-8.75,-2.158590308370044,0.75,-9.25,0.185022026431718,-2.2819383259911894,0,1,True,True,RotationalPressure > RotationalPressure > CompressionPressure > CompressionPressure > CompressionPressure,-2.0,True,2026-W19
ES,xApvaV01StateLog_ES.csv,2021,2026-05-06 10:00:00,Unresolved,Balance->Unresolved->Unresolved->Unresolved,Stable Compression Basin,Exact,1.0,0.9709505944517832,0.3333333333333333,0.6,0.0,0.0,0.1225365951122853,0.0416666666666666,0.6893155878467636,0.3373954425363276,CompressionPressure,0.6893155878467636,7358.25,7362.25,7354.5,7359.0,Down,-1,7358.25,7.75,3.875,5,7365.75,6.75,1.7419354838709675,-6.75,-1.7419354838709675,3.5,-8.75,0.9032258064516128,-2.2580645161290325,0,1,True,True,RotationalPressure > RotationalPressure > CompressionPressure > CompressionPressure > CompressionPressure,-2.0,True,2026-W19
ES,xApvaV01StateLog_ES.csv,2248,2026-05-08 13:55:00,Unresolved,Balance->Unresolved->Unresolved->Unresolved,Stable Compression Basin,Exact,1.0,0.9999999999971146,0.4444444444444444,0.5,0.0,0.0,0.0964930555557764,0.0555555555555555,0.618055555555736,0.3854166666660354,CompressionPressure,0.618055555555736,7421.75,7422.0,7420.0,7421.5,Up,1,7421.75,2.0,2.892857142857143,5,7433.75,12.25,4.234567901234568,12.25,4.234567901234568,15.75,-11.5,5.444444444444445,-3.975308641975309,1,1,True,True,RotationalPressure > RotationalPressure > CompressionPressure > CompressionPressure > CompressionPressure,-2.0,True,2026-W19
ES,xApvaV01StateLog_ES.csv,2251,2026-05-11 06:40:00,Unresolved,Unresolved->Balance->Unresolved->Unresolved,Stable Compression Basin,Exact,1.0,0.9999999999971146,0.4444444444444444,0.5,0.0,0.0,0.0964930555557764,0.0555555555555555,0.618055555555736,0.3854166666660354,CompressionPressure,0.618055555555736,7424.75,7424.75,7419.5,7421.25,Down,-1,7424.5,5.25,3.5892857142857144,5,7431.5,10.25,2.855721393034826,-10.25,-2.855721393034826,0.75,-16.0,0.208955223880597,-4.45771144278607,0,1,True,True,RotationalPressure > RotationalPressure > CompressionPressure > CompressionPressure > CompressionPressure,-2.0,True,2026-W20
ES,xApvaV01StateLog_ES.csv,2281,2026-05-11 09:10:00,Unresolved,Degrading->Degrading->Unresolved->Unresolved,Stable Compression Basin,Exact,1.0,0.8812908992278072,0.4444444444444444,0.7,0.0,0.0,0.1289150544167598,0.0555555555555555,0.7088082076871509,0.3594490508727494,CompressionPressure,0.7088082076871509,7447.0,7448.0,7446.5,7446.75,Down,-1,7447.0,1.5,3.75,5,7449.0,2.25,0.6,-2.25,-0.6,1.25,-3.75,0.3333333333333333,-1.0,0,1,True,True,RotationalPressure > RotationalPressure > CompressionPressure > CompressionPressure > CompressionPressure,-0.6,False,2026-W20
ES,xApvaV01StateLog_ES.csv,2334,2026-05-11 13:35:00,Unresolved,Degrading->Degrading->Unresolved->Unresolved,Stable Compression Basin,Exact,1.0,1.2954618442339936,0.4444444444444444,0.6,0.0,0.0,0.085538424773057,0.0555555555555555,0.6412558569575977,0.4500489450928527,CompressionPressure,0.6412558569575977,7434.25,7436.75,7434.0,7436.5,Up,1,7434.5,2.75,4.5,5,7435.0,-1.5,-0.3333333333333333,-1.5,-0.3333333333333333,0.25,-3.0,0.0555555555555555,-0.6666666666666666,0,1,True,True,RotationalPressure > RotationalPressure > CompressionPressure > CompressionPressure > CompressionPressure,-0.3333333333333333,False,2026-W20
ES,xApvaV01StateLog_ES.csv,2358,2026-05-12 08:05:00,Degrading,Degrading->Degrading->Degrading->Degrading,Sponsor Exhaustion Collapse,Exact,1.0,0.8812908992278072,0.1111111111111111,0.7,0.0,0.0,0.1653733877500932,0.1138888888888889,0.3421415410204842,0.2344490508727494,CompressionPressure,0.3421415410204842,7383.0,7384.25,7378.5,7379.75,Down,-1,7383.0,5.75,8.642857142857142,5,7368.25,-11.5,-1.3305785123966942,11.5,1.3305785123966942,16.5,-5.75,1.9090909090909087,-0.6652892561983471,1,1,True,True,RotationalPressure > RotationalPressure > CompressionPressure > CompressionPressure > CompressionPressure,1.3305785123966942,False,2026-W20
ES,xApvaV01StateLog_ES.csv,2401,2026-05-12 11:40:00,Unresolved,Unresolved->Degrading->Unresolved->Unresolved,Stable Compression Basin,Exact,1.0,1.1567796494427114,0.2222222222222222,0.7,0.0,0.0,0.1321285025339868,0.0277777777777777,0.747145716354275,0.3363788816489264,CompressionPressure,0.747145716354275,7406.0,7409.25,7403.5,7406.0,Up,1,7406.25,5.75,5.571428571428571,5,7407.75,1.75,0.3141025641025641,1.75,0.3141025641025641,4.5,-3.25,0.8076923076923077,-0.5833333333333334,1,1,True,True,RotationalPressure > RotationalPressure > CompressionPressure > CompressionPressure > CompressionPressure,0.3141025641025641,False,2026-W20
ES,xApvaV01StateLog_ES.csv,2619,2026-05-15 07:20:00,Unresolved,Balance->Balance->Unresolved->Unresolved,Stable Compression Basin,Exact,1.0,0.8812908992278072,0.4444444444444444,0.7,0.0,0.0,0.1289150544167598,0.0555555555555555,0.7088082076871509,0.3594490508727494,CompressionPressure,0.7088082076871509,7452.0,7463.0,7448.5,7460.75,Up,1,7452.0,14.5,16.803571428571427,5,7461.5,0.75,0.0446333687566418,0.75,0.0446333687566418,7.0,-12.0,0.4165781083953241,-0.71413390010627,1,1,True,True,RotationalPressure > RotationalPressure > CompressionPressure > CompressionPressure > CompressionPressure,0.0446333687566418,False,2026-W20
ES,xApvaV01StateLog_ES.csv,2691,2026-05-15 13:20:00,Unresolved,Unresolved->Balance->Unresolved->Unresolved,Stable Compression Basin,Exact,1.0,0.8812908992278072,0.6666666666666666,0.7,0.0,0.0,0.1046094988612043,0.0833333333333333,0.6532526521315953,0.4427823842060827,CompressionPressure,0.6532526521315953,7419.75,7422.5,7416.25,7417.75,Down,-1,7419.75,6.25,8.017857142857142,5,7417.0,-0.75,-0.0935412026726058,0.75,0.0935412026726058,5.75,-2.25,0.7171492204899778,-0.2806236080178174,1,1,True,True,RotationalPressure > RotationalPressure > CompressionPressure > CompressionPressure > CompressionPressure,0.0935412026726058,False,2026-W20
ES,xApvaV01StateLog_ES.csv,2862,2026-05-19 12:35:00,Unresolved,Unresolved->Degrading->Unresolved->Unresolved,Stable Compression Basin,Exact,1.0,1.2954618442339936,0.4444444444444444,0.6,0.0,0.0,0.085538424773057,0.0555555555555555,0.6412558569575977,0.4500489450928527,CompressionPressure,0.6412558569575977,7386.5,7389.25,7381.75,7382.0,Down,-1,7386.5,7.5,8.035714285714286,5,7377.5,-4.5,-0.5599999999999999,4.5,0.5599999999999999,17.0,-1.75,2.1155555555555554,-0.2177777777777777,1,1,True,True,RotationalPressure > RotationalPressure > CompressionPressure > CompressionPressure > CompressionPressure,0.5599999999999999,False,2026-W21
ES,xApvaV01StateLog_ES.csv,2898,2026-05-20 08:05:00,Unresolved,Balance->Balance->Unresolved->Unresolved,Stable Compression Basin,Exact,1.0,0.8812908992278072,0.4444444444444444,0.7,0.0,0.0,0.1289150544167598,0.0555555555555555,0.7088082076871509,0.3594490508727494,CompressionPressure,0.7088082076871509,7430.75,7434.0,7426.25,7427.0,Up,1,7430.75,7.75,12.428571428571429,5,7431.75,4.75,0.382183908045977,4.75,0.382183908045977,31.0,-2.5,2.494252873563218,-0.2011494252873563,1,1,True,True,RotationalPressure > RotationalPressure > CompressionPressure > CompressionPressure > CompressionPressure,0.382183908045977,False,2026-W21
ES,xApvaV01StateLog_ES.csv,2904,2026-05-20 08:35:00,Unresolved,Balance->Balance->Unresolved->Unresolved,Stable Compression Basin,Exact,1.0,0.9999999999971146,0.5555555555555556,0.5,0.0,0.0,0.0843402777779986,0.0694444444444444,0.5902777777779582,0.4270833333327021,CompressionPressure,0.5902777777779582,7431.75,7438.25,7431.25,7438.25,Down,-1,7431.75,7.0,10.267857142857142,5,7441.25,3.0,0.2921739130434783,-3.0,-0.2921739130434783,2.75,-10.25,0.2678260869565217,-0.9982608695652174,0,1,True,True,RotationalPressure > RotationalPressure > CompressionPressure > CompressionPressure > CompressionPressure,-0.2921739130434783,False,2026-W21
ES,xApvaV01StateLog_ES.csv,2987,2026-05-21 08:00:00,Unresolved,Balance->Unresolved->Unresolved->Unresolved,Stable Compression Basin,Exact,1.0,1.2954618442339936,0.4444444444444444,0.6,0.0,0.0,0.085538424773057,0.0555555555555555,0.6412558569575977,0.4500489450928527,CompressionPressure,0.6412558569575977,7423.25,7430.0,7421.5,7426.75,Up,1,7423.25,8.5,11.267857142857142,5,7426.0,-0.75,-0.0665610142630745,-0.75,-0.0665610142630745,4.25,-18.25,0.3771790808240887,-1.619651347068146,0,1,True,True,RotationalPressure > RotationalPressure > CompressionPressure > CompressionPressure > CompressionPressure,-0.0665610142630745,False,2026-W21
ES,xApvaV01StateLog_ES.csv,3059,2026-05-21 14:00:00,Unresolved,Balance->Unresolved->Unresolved->Unresolved,Stable Compression Basin,Exact,1.0,0.9709505944517832,0.3333333333333333,0.6,0.0,0.0,0.1225365951122853,0.0416666666666666,0.6893155878467636,0.3373954425363276,CompressionPressure,0.6893155878467636,7468.25,7468.5,7466.5,7467.0,Up,1,7468.25,2.0,3.892857142857143,5,7507.25,40.25,10.339449541284404,40.25,10.339449541284404,49.25,24.0,12.65137614678899,6.165137614678899,1,1,True,True,RotationalPressure > RotationalPressure > CompressionPressure > CompressionPressure > CompressionPressure,10.339449541284404,False,2026-W21
ES,xApvaV01StateLog_ES.csv,3098,2026-05-22 09:45:00,Unresolved,Balance->Unresolved->Unresolved->Unresolved,Stable Compression Basin,Exact,1.0,1.2954618442339936,0.4444444444444444,0.6,0.0,0.0,0.085538424773057,0.0555555555555555,0.6412558569575977,0.4500489450928527,CompressionPressure,0.6412558569575977,7504.5,7507.25,7503.5,7504.5,Up,1,7504.5,3.75,4.589285714285714,5,7512.0,7.5,1.6342412451361867,7.5,1.6342412451361867,9.0,0.0,1.961089494163424,0.0,1,1,True,True,RotationalPressure > RotationalPressure > CompressionPressure > CompressionPressure > CompressionPressure,1.6342412451361867,False,2026-W21
NQ,xApvaV01StateLog_NQ.csv,62,2026-04-02 20:15:00,Unresolved,Unresolved->Balance->Unresolved->Unresolved,Stable Compression Basin,Exact,1.0,1.1567796494427114,0.5555555555555556,0.7,0.0,0.0,0.0956701692006535,0.0694444444444444,0.6638123830209416,0.4613788816489264,CompressionPressure,0.6638123830209416,24205.5,24211.5,24193.0,24194.75,Down,-1,24205.0,18.5,28.767857142857142,5,24192.0,-2.75,-0.095592799503414,2.75,0.095592799503414,74.25,-15.0,2.5810055865921786,-0.521415270018622,1,1,True,True,RotationalPressure > RotationalPressure > CompressionPressure > CompressionPressure > CompressionPressure,0.095592799503414,False,2026-W14
NQ,xApvaV01StateLog_NQ.csv,66,2026-04-02 20:35:00,Unresolved,Unresolved->Balance->Unresolved->Unresolved,Stable Compression Basin,Exact,1.0,1.1567796494427114,0.5555555555555556,0.7,0.0,0.0,0.0956701692006535,0.0694444444444444,0.6638123830209416,0.4613788816489264,CompressionPressure,0.6638123830209416,24186.5,24190.0,24176.5,24185.75,Down,-1,24185.0,13.5,27.696428571428573,5,24213.0,27.25,0.9838813668600902,-27.25,-0.9838813668600902,4.5,-30.75,0.1624758220502901,-1.1102514506769825,0,1,True,True,RotationalPressure > RotationalPressure > CompressionPressure > CompressionPressure > CompressionPressure,-0.9838813668600902,False,2026-W14
NQ,xApvaV01StateLog_NQ.csv,77,2026-04-02 21:30:00,Unresolved,Unresolved->Degrading->Unresolved->Unresolved,Stable Compression Basin,Exact,1.0,1.1567796494427114,0.2222222222222222,0.7,0.0,0.0,0.1321285025339868,0.0277777777777777,0.747145716354275,0.3363788816489264,CompressionPressure,0.747145716354275,24229.25,24232.0,24220.0,24227.25,Up,1,24230.25,12.0,17.339285714285715,5,24256.0,28.75,1.658084449021627,28.75,1.658084449021627,37.75,-5.75,2.177136972193615,-0.3316168898043254,1,1,True,True,RotationalPressure > RotationalPressure > CompressionPressure > CompressionPressure > CompressionPressure,1.658084449021627,False,2026-W14
NQ,xApvaV01StateLog_NQ.csv,120,2026-04-03 01:05:00,Unresolved,Balance->Unresolved->Unresolved->Unresolved,Stable Compression Basin,Exact,1.0,1.2954618442339936,0.4444444444444444,0.6,0.0,0.0,0.085538424773057,0.0555555555555555,0.6412558569575977,0.4500489450928527,CompressionPressure,0.6412558569575977,24310.0,24335.25,24308.75,24334.75,Up,1,24309.5,26.5,23.285714285714285,5,24350.0,15.25,0.6549079754601227,15.25,0.6549079754601227,25.5,-20.75,1.0950920245398774,-0.8911042944785277,1,1,True,True,RotationalPressure > RotationalPressure > CompressionPressure > CompressionPressure > CompressionPressure,0.6549079754601227,False,2026-W14
NQ,xApvaV01StateLog_NQ.csv,152,2026-04-03 03:45:00,Unresolved,Unresolved->Unresolved->Unresolved->Unresolved,Pure Unresolved Compression Equilibrium,Exact,1.0,1.2954618442339936,0.4444444444444444,0.6,0.0,0.0,0.085538424773057,0.0555555555555555,0.6412558569575977,0.4500489450928527,CompressionPressure,0.6412558569575977,24347.0,24351.5,24341.0,24344.25,Up,1,24347.75,10.5,15.660714285714286,5,24304.25,-40.0,-2.554161915621437,-40.0,-2.554161915621437,2.75,-81.75,0.1755986316989737,-5.220068415051311,0,1,True,True,RotationalPressure > RotationalPressure > CompressionPressure > CompressionPressure > CompressionPressure,-2.0,True,2026-W14
NQ,xApvaV01StateLog_NQ.csv,199,2026-04-05 16:25:00,Unresolved,Unresolved->Balance->Unresolved->Unresolved,Stable Compression Basin,Exact,1.0,0.9999999999971146,0.4444444444444444,0.5,0.0,0.0,0.0964930555557764,0.0555555555555555,0.618055555555736,0.3854166666660354,CompressionPressure,0.618055555555736,24365.75,24383.0,24287.0,24302.0,Down,-1,24365.5,96.0,72.17857142857143,5,24315.25,13.25,0.1835724888668975,-13.25,-0.1835724888668975,39.75,-46.0,0.5507174666006928,-0.6373082632360217,0,1,True,True,RotationalPressure > RotationalPressure > CompressionPressure > CompressionPressure > CompressionPressure,-0.1835724888668975,False,2026-W14
NQ,xApvaV01StateLog_NQ.csv,223,2026-04-05 18:25:00,Unresolved,Balance->Unresolved->Unresolved->Unresolved,Stable Compression Basin,Exact,1.0,0.8812908992278072,0.4444444444444444,0.7,0.0,0.0,0.1289150544167598,0.0555555555555555,0.7088082076871509,0.3594490508727494,CompressionPressure,0.7088082076871509,24324.5,24346.75,24322.25,24328.75,Up,1,24325.0,24.5,26.428571428571427,5,24278.5,-50.25,-1.9013513513513516,-50.25,-1.9013513513513516,15.25,-71.25,0.577027027027027,-2.695945945945946,0,1,True,True,RotationalPressure > RotationalPressure > CompressionPressure > CompressionPressure > CompressionPressure,-2.0,True,2026-W14
NQ,xApvaV01StateLog_NQ.csv,232,2026-04-05 19:10:00,Unresolved,Balance->Unresolved->Unresolved->Unresolved,Stable Compression Basin,Exact,1.0,0.8812908992278072,0.2222222222222222,0.7,0.0,0.0,0.1532206099723154,0.0277777777777777,0.7643637632427065,0.2761157175394161,CompressionPressure,0.7643637632427065,24250.25,24292.5,24230.5,24290.75,Up,1,24250.0,62.0,33.32142857142857,5,24282.25,-8.5,-0.255091103965702,-8.5,-0.255091103965702,43.5,-20.75,1.3054662379421222,-0.6227224008574491,0,1,True,True,RotationalPressure > RotationalPressure > CompressionPressure > CompressionPressure > CompressionPressure,-0.255091103965702,False,2026-W14
NQ,xApvaV01StateLog_NQ.csv,265,2026-04-05 21:55:00,Unresolved,Unresolved->Degrading->Unresolved->Unresolved,Stable Compression Basin,Exact,1.0,1.2954618442339936,0.3333333333333333,0.6,0.0,0.0,0.0976912025508348,0.0416666666666666,0.6690336347353755,0.4083822784261861,CompressionPressure,0.6690336347353755,24358.5,24358.5,24344.5,24345.5,Down,-1,24359.5,15.0,18.821428571428573,5,24347.5,2.0,0.1062618595825426,-2.0,-0.1062618595825426,11.5,-6.5,0.6110056925996205,-0.3453510436432637,0,1,True,True,RotationalPressure > RotationalPressure > CompressionPressure > CompressionPressure > CompressionPressure,-0.1062618595825426,False,2026-W14
NQ,xApvaV01StateLog_NQ.csv,275,2026-04-05 22:45:00,Unresolved,Unresolved->Balance->Unresolved->Unresolved,Stable Compression Basin,Exact,1.0,1.2954618442339936,0.3333333333333333,0.6,0.0,0.0,0.0976912025508348,0.0416666666666666,0.6690336347353755,0.4083822784261861,CompressionPressure,0.6690336347353755,24342.25,24350.25,24340.75,24349.75,Up,1,24342.25,9.5,13.160714285714286,5,24313.0,-36.75,-2.792401628222524,-36.75,-2.792401628222524,34.25,-48.0,2.6024423337856173,-3.6472184531886014,0,1,True,True,RotationalPressure > RotationalPressure > CompressionPressure > CompressionPressure > CompressionPressure,-2.0,True,2026-W14
NQ,xApvaV01StateLog_NQ.csv,298,2026-04-06 00:40:00,Unresolved,Unresolved->Balance->Unresolved->Unresolved,Stable Compression Basin,Exact,1.0,1.2954618442339936,0.5555555555555556,0.6,0.0,0.0,0.0733856469952793,0.0694444444444444,0.6134780791798199,0.4917156117595194,CompressionPressure,0.6134780791798199,24314.0,24319.5,24312.0,24316.25,Up,1,24314.75,7.5,11.928571428571429,5,24347.0,30.75,2.5778443113772456,30.75,2.5778443113772456,42.25,-37.5,3.5419161676646707,-3.143712574850299,1,1,True,True,RotationalPressure > RotationalPressure > CompressionPressure > CompressionPressure > CompressionPressure,-2.0,True,2026-W15
NQ,xApvaV01StateLog_NQ.csv,306,2026-04-06 01:20:00,Unresolved,Degrading->Unresolved->Unresolved->Unresolved,Stable Compression Basin,Exact,1.0,1.2954618442339936,0.3333333333333333,0.6,0.0,0.0,0.0976912025508348,0.0416666666666666,0.6690336347353755,0.4083822784261861,CompressionPressure,0.6690336347353755,24331.5,24335.5,24311.75,24317.25,Down,-1,24330.0,23.75,17.875,5,24303.5,-13.75,-0.7692307692307693,13.75,0.7692307692307693,26.75,-5.25,1.4965034965034965,-0.2937062937062937,1,1,True,True,RotationalPressure > RotationalPressure > CompressionPressure > CompressionPressure > CompressionPressure,0.7692307692307693,False,2026-W15
NQ,xApvaV01StateLog_NQ.csv,330,2026-04-06 03:20:00,Unresolved,Balance->Balance->Unresolved->Unresolved,Stable Compression Basin,Exact,1.0,0.9709505944517832,0.4444444444444444,0.6,0.0,0.0,0.1103838173345075,0.0555555555555555,0.6615378100689858,0.3790621092029942,CompressionPressure,0.6615378100689858,24195.0,24204.5,24193.0,24197.75,Up,1,24193.75,11.5,23.107142857142858,5,24211.0,13.25,0.5734157650695517,13.25,0.5734157650695517,22.5,-6.5,0.973724884080371,-0.2812982998454404,1,1,True,True,RotationalPressure > RotationalPressure > CompressionPressure > CompressionPressure > CompressionPressure,0.5734157650695517,False,2026-W15
NQ,xApvaV01StateLog_NQ.csv,372,2026-04-06 06:50:00,Unresolved,Degrading->Degrading->Unresolved->Unresolved,Stable Compression Basin,Exact,1.0,0.9709505944517832,0.4444444444444444,0.6,0.0,0.0,0.1103838173345075,0.0555555555555555,0.6615378100689858,0.3790621092029942,CompressionPressure,0.6615378100689858,24228.5,24234.75,24222.5,24227.25,Up,1,24228.5,12.25,14.017857142857142,5,24238.5,11.25,0.802547770700637,11.25,0.802547770700637,15.75,-20.25,1.1235668789808917,-1.4445859872611466,1,1,True,True,RotationalPressure > RotationalPressure > CompressionPressure > CompressionPressure > CompressionPressure,0.802547770700637,False,2026-W15
NQ,xApvaV01StateLog_NQ.csv,520,2026-04-06 20:10:00,Unresolved,Unresolved->Balance->Unresolved->Unresolved,Stable Compression Basin,Exact,1.0,1.1567796494427114,0.2222222222222222,0.7,0.0,0.0,0.1321285025339868,0.0277777777777777,0.747145716354275,0.3363788816489264,CompressionPressure,0.747145716354275,24222.5,24225.75,24188.75,24192.75,Down,-1,24222.5,37.0,30.214285714285715,5,24147.25,-45.5,-1.5059101654846334,45.5,1.5059101654846334,50.5,-12.5,1.6713947990543734,-0.4137115839243498,1,1,True,True,RotationalPressure > RotationalPressure > CompressionPressure > CompressionPressure > CompressionPressure,1.5059101654846334,False,2026-W15
NQ,xApvaV01StateLog_NQ.csv,548,2026-04-06 22:30:00,Unresolved,Unresolved->Balance->Unresolved->Unresolved,Stable Compression Basin,Exact,1.0,0.9709505944517832,0.6666666666666666,0.6,0.0,0.0,0.086078261778952,0.0833333333333333,0.6059822545134302,0.4623954425363276,CompressionPressure,0.6059822545134302,24376.75,24451.5,24372.5,24414.75,Up,1,24377.0,79.0,47.58928571428572,5,24615.5,200.75,4.218386491557223,200.75,4.218386491557223,251.25,-26.5,5.279549718574109,-0.5568480300187617,1,1,True,True,RotationalPressure > RotationalPressure > CompressionPressure > CompressionPressure > CompressionPressure,4.218386491557223,False,2026-W15
NQ,xApvaV01StateLog_NQ.csv,686,2026-04-07 10:00:00,Unresolved,Unresolved->Balance->Degrading->Unresolved,Stable Compression Basin,Soft,1.0,1.2954618442339936,0.4444444444444444,0.6,0.0,0.0,0.085538424773057,0.0555555555555555,0.6412558569575977,0.4500489450928527,CompressionPressure,0.6412558569575977,25218.0,25245.25,25215.75,25237.0,Up,1,25218.25,29.5,23.107142857142858,5,25213.25,-23.75,-1.027820710973725,-23.75,-1.027820710973725,3.5,-40.0,0.151468315301391,-1.731066460587326,0,1,True,True,RotationalPressure > RotationalPressure > CompressionPressure > CompressionPressure > CompressionPressure,-1.027820710973725,False,2026-W15
NQ,xApvaV01StateLog_NQ.csv,705,2026-04-07 11:35:00,Unresolved,Degrading->Degrading->Unresolved->Unresolved,Stable Compression Basin,Exact,1.0,0.9709505944517832,0.5555555555555556,0.6,0.0,0.0,0.0982310395567297,0.0694444444444444,0.633760032291208,0.4207287758696609,CompressionPressure,0.633760032291208,25223.0,25225.75,25207.75,25209.0,Up,1,25222.75,18.0,18.053571428571427,5,25199.0,-10.0,-0.5539070227497528,-10.0,-0.5539070227497528,12.25,-27.0,0.6785361028684471,-1.4955489614243325,0,1,True,True,RotationalPressure > RotationalPressure > CompressionPressure > CompressionPressure > CompressionPressure,-0.5539070227497528,False,2026-W15
NQ,xApvaV01StateLog_NQ.csv,730,2026-04-07 13:40:00,Unresolved,Unresolved->Balance->Unresolved->Unresolved,Stable Compression Basin,Exact,1.0,1.1567796494427114,0.5555555555555556,0.7,0.0,0.0,0.0956701692006535,0.0694444444444444,0.6638123830209416,0.4613788816489264,CompressionPressure,0.6638123830209416,25199.5,25221.0,25198.0,25218.0,Up,1,25199.25,23.0,26.017857142857142,5,25211.5,-6.5,-0.2498284145504461,-6.5,-0.2498284145504461,19.25,-13.0,0.7398764584763212,-0.4996568291008922,0,1,True,True,RotationalPressure > RotationalPressure > CompressionPressure > CompressionPressure > CompressionPressure,-0.2498284145504461,False,2026-W15
NQ,xApvaV01StateLog_NQ.csv,735,2026-04-07 15:05:00,Unresolved,Unresolved->Balance->Unresolved->Unresolved,Stable Compression Basin,Exact,1.0,1.1567796494427114,0.5555555555555556,0.7,0.0,0.0,0.0956701692006535,0.0694444444444444,0.6638123830209416,0.4613788816489264,CompressionPressure,0.6638123830209416,25227.5,25229.5,25205.25,25211.5,Down,-1,25227.0,24.25,25.375,5,25099.5,-112.0,-4.413793103448276,112.0,4.413793103448276,121.75,-38.25,4.798029556650246,-1.5073891625615763,1,1,True,True,RotationalPressure > RotationalPressure > CompressionPressure > CompressionPressure > CompressionPressure,4.413793103448276,False,2026-W15
NQ,xApvaV01StateLog_NQ.csv,739,2026-04-07 15:25:00,Unresolved,Unresolved->Balance->Unresolved->Unresolved,Stable Compression Basin,Exact,1.0,1.1567796494427114,0.5555555555555556,0.7,0.0,0.0,0.0956701692006535,0.0694444444444444,0.6638123830209416,0.4613788816489264,CompressionPressure,0.6638123830209416,25162.75,25180.75,25110.0,25123.25,Down,-1,25163.5,70.75,33.482142857142854,5,25087.75,-35.5,-1.0602666666666667,35.5,1.0602666666666667,59.25,-38.0,1.7696,-1.1349333333333331,1,1,True,True,RotationalPressure > RotationalPressure > CompressionPressure > CompressionPressure > CompressionPressure,1.0602666666666667,False,2026-W15
NQ,xApvaV01StateLog_NQ.csv,813,2026-04-07 21:35:00,Unresolved,Degrading->Degrading->Unresolved->Unresolved,Stable Compression Basin,Exact,1.0,0.9999999999971146,0.3333333333333333,0.5,0.0,0.0,0.1086458333335542,0.0416666666666666,0.6458333333335138,0.3437499999993688,CompressionPressure,0.6458333333335138,25013.25,25037.0,25011.75,25033.75,Up,1,25012.75,25.25,31.678571428571427,5,25059.5,25.75,0.8128523111612176,25.75,0.8128523111612176,63.25,-6.5,1.9966178128523115,-0.2051860202931228,1,1,True,True,RotationalPressure > RotationalPressure > CompressionPressure > CompressionPressure > CompressionPressure,0.8128523111612176,False,2026-W15
NQ,xApvaV01StateLog_NQ.csv,858,2026-04-08 01:20:00,Unresolved,Balance->Balance->Unresolved->Unresolved,Stable Compression Basin,Exact,1.0,0.8812908992278072,0.4444444444444444,0.7,0.0,0.0,0.1289150544167598,0.0555555555555555,0.7088082076871509,0.3594490508727494,CompressionPressure,0.7088082076871509,25011.75,25033.0,25009.5,25019.0,Up,1,25013.5,23.5,14.321428571428571,5,25012.25,-6.75,-0.4713216957605985,-6.75,-0.4713216957605985,10.5,-12.0,0.7331670822942643,-0.8379052369077307,0,1,True,True,RotationalPressure > RotationalPressure > CompressionPressure > CompressionPressure > CompressionPressure,-0.4713216957605985,False,2026-W15
NQ,xApvaV01StateLog_NQ.csv,983,2026-04-08 11:45:00,Unresolved,Balance->Balance->Unresolved->Unresolved,Stable Compression Basin,Exact,1.0,0.8812908992278072,0.4444444444444444,0.7,0.0,0.0,0.1289150544167598,0.0555555555555555,0.7088082076871509,0.3594490508727494,CompressionPressure,0.7088082076871509,25007.25,25008.25,24981.0,24984.5,Down,-1,25007.75,27.25,14.821428571428571,5,24989.0,4.5,0.3036144578313253,-4.5,-0.3036144578313253,6.5,-14.25,0.4385542168674698,-0.9614457831325302,0,1,True,True,RotationalPressure > RotationalPressure > CompressionPressure > CompressionPressure > CompressionPressure,-0.3036144578313253,False,2026-W15
NQ,xApvaV01StateLog_NQ.csv,1091,2026-04-08 21:45:00,Unresolved,Unresolved->Balance->Unresolved->Unresolved,Stable Compression Basin,Exact,1.0,1.1567796494427114,0.6666666666666666,0.7,0.0,0.0,0.0835173914228757,0.0833333333333333,0.6360346052431638,0.5030455483155931,CompressionPressure,0.6360346052431638,25264.5,25266.0,25242.0,25248.75,Up,1,25264.5,24.0,21.678571428571427,5,25240.0,-8.75,-0.4036243822075783,-8.75,-0.4036243822075783,5.5,-28.5,0.2537067545304777,-1.3146622734761122,0,1,True,True,RotationalPressure > RotationalPressure > CompressionPressure > CompressionPressure > CompressionPressure,-0.4036243822075783,False,2026-W15
NQ,xApvaV01StateLog_NQ.csv,1205,2026-04-09 07:15:00,Unresolved,Unresolved->Balance->Unresolved->Unresolved,Stable Compression Basin,Exact,1.0,1.1567796494427114,0.6666666666666666,0.7,0.0,0.0,0.0835173914228757,0.0833333333333333,0.6360346052431638,0.5030455483155931,CompressionPressure,0.6360346052431638,25242.25,25244.75,25236.5,25237.75,Down,-1,25242.0,8.25,9.303571428571429,5,25229.5,-8.25,-0.8867562380038387,8.25,0.8867562380038387,19.0,-5.25,2.042226487523992,-0.564299424184261,1,1,True,True,RotationalPressure > RotationalPressure > CompressionPressure > CompressionPressure > CompressionPressure,0.8867562380038387,False,2026-W15
NQ,xApvaV01StateLog_NQ.csv,1359,2026-04-09 21:05:00,Unresolved,Balance->Unresolved->Unresolved->Unresolved,Stable Compression Basin,Exact,1.0,1.1567796494427114,0.5555555555555556,0.7,0.0,0.0,0.0956701692006535,0.0694444444444444,0.6638123830209416,0.4613788816489264,CompressionPressure,0.6638123830209416,25293.25,25296.75,25283.75,25295.5,Up,1,25293.5,13.0,14.267857142857142,5,25277.0,-18.5,-1.2966207759699624,-18.5,-1.2966207759699624,6.5,-36.0,0.4555694618272841,-2.523153942428035,0,1,True,True,RotationalPressure > RotationalPressure > CompressionPressure > CompressionPressure > CompressionPressure,-2.0,True,2026-W15
NQ,xApvaV01StateLog_NQ.csv,1380,2026-04-09 22:50:00,Unresolved,Unresolved->Balance->Unresolved->Unresolved,Stable Compression Basin,Exact,1.0,1.1567796494427114,0.2222222222222222,0.7,0.0,0.0,0.1321285025339868,0.0277777777777777,0.747145716354275,0.3363788816489264,CompressionPressure,0.747145716354275,24980.0,25008.0,24904.5,24960.75,Up,1,25333.0,428.5,42.32142857142857,5,24954.0,-6.75,-0.1594936708860759,-6.75,-0.1594936708860759,58.5,-18.25,1.3822784810126585,-0.4312236286919831,0,1,True,True,RotationalPressure > RotationalPressure > CompressionPressure > CompressionPressure > CompressionPressure,-0.1594936708860759,False,2026-W15
NQ,xApvaV01StateLog_NQ.csv,1676,2026-04-13 00:30:00,Unresolved,Degrading->Degrading->Unresolved->Unresolved,Stable Compression Basin,Exact,1.0,1.2954618442339936,0.4444444444444444,0.6,0.0,0.0,0.085538424773057,0.0555555555555555,0.6412558569575977,0.4500489450928527,CompressionPressure,0.6412558569575977,25601.0,25607.5,25597.0,25606.0,Up,1,25602.25,10.5,11.107142857142858,5,25567.5,-38.5,-3.4662379421221865,-38.5,-3.4662379421221865,7.0,-46.0,0.630225080385852,-4.141479099678456,0,1,True,True,RotationalPressure > RotationalPressure > CompressionPressure > CompressionPressure > CompressionPressure,-2.0,True,2026-W16
NQ,xApvaV01StateLog_NQ.csv,1687,2026-04-13 01:25:00,Unresolved,Unresolved->Balance->Unresolved->Unresolved,Stable Compression Basin,Exact,1.0,1.1567796494427114,0.2222222222222222,0.7,0.0,0.0,0.1321285025339868,0.0277777777777777,0.747145716354275,0.3363788816489264,CompressionPressure,0.747145716354275,25593.75,25600.0,25590.75,25594.75,Up,1,25593.75,9.25,13.232142857142858,5,25578.75,-16.0,-1.2091767881241564,-16.0,-1.2091767881241564,0.5,-23.5,0.0377867746288798,-1.7759784075573548,0,1,True,True,RotationalPressure > RotationalPressure > CompressionPressure > CompressionPressure > CompressionPressure,-1.2091767881241564,False,2026-W16
NQ,xApvaV01StateLog_NQ.csv,1804,2026-04-13 11:10:00,Unresolved,Balance->Degrading->Unresolved->Unresolved,Stable Compression Basin,Exact,1.0,1.2954618442339936,0.3333333333333333,0.6,0.0,0.0,0.0976912025508348,0.0416666666666666,0.6690336347353755,0.4083822784261861,CompressionPressure,0.6690336347353755,25654.75,25655.5,25648.25,25655.0,Up,1,25655.0,7.25,9.892857142857142,5,25632.75,-22.25,-2.249097472924188,-22.25,-2.249097472924188,0.0,-32.25,0.0,-3.259927797833935,0,1,True,True,RotationalPressure > RotationalPressure > CompressionPressure > CompressionPressure > CompressionPressure,-2.0,True,2026-W16
NQ,xApvaV01StateLog_NQ.csv,1809,2026-04-13 11:35:00,Unresolved,Balance->Balance->Unresolved->Unresolved,Stable Compression Basin,Exact,1.0,1.2954618442339936,0.4444444444444444,0.6,0.0,0.0,0.085538424773057,0.0555555555555555,0.6412558569575977,0.4500489450928527,CompressionPressure,0.6412558569575977,25625.25,25634.25,25623.5,25632.75,Down,-1,25624.75,10.75,11.660714285714286,5,25639.0,6.25,0.5359877488514548,-6.25,-0.5359877488514548,12.75,-13.0,1.0934150076569678,-1.114854517611026,0,1,True,True,RotationalPressure > RotationalPressure > CompressionPressure > CompressionPressure > CompressionPressure,-0.5359877488514548,False,2026-W16
NQ,xApvaV01StateLog_NQ.csv,1851,2026-04-13 16:05:00,Unresolved,Degrading->Unresolved->Unresolved->Unresolved,Stable Compression Basin,Exact,1.0,1.2954618442339936,0.3333333333333333,0.6,0.0,0.0,0.0976912025508348,0.0416666666666666,0.6690336347353755,0.4083822784261861,CompressionPressure,0.6690336347353755,25775.0,25787.0,25765.75,25767.0,Up,1,25775.0,21.25,30.125,5,25786.25,19.25,0.6390041493775933,19.25,0.6390041493775933,50.75,-2.0,1.6846473029045643,-0.0663900414937759,1,1,True,True,RotationalPressure > RotationalPressure > CompressionPressure > CompressionPressure > CompressionPressure,0.6390041493775933,False,2026-W16
NQ,xApvaV01StateLog_NQ.csv,1861,2026-04-13 16:55:00,Unresolved,Degrading->Degrading->Unresolved->Unresolved,Stable Compression Basin,Exact,1.0,1.2954618442339936,0.3333333333333333,0.6,0.0,0.0,0.0976912025508348,0.0416666666666666,0.6690336347353755,0.4083822784261861,CompressionPressure,0.6690336347353755,25783.25,25785.25,25762.5,25773.0,Down,-1,25782.75,22.75,25.25,5,25844.0,71.0,2.811881188118812,-71.0,-2.811881188118812,2.0,-78.25,0.0792079207920792,-3.099009900990099,0,1,True,True,RotationalPressure > RotationalPressure > CompressionPressure > CompressionPressure > CompressionPressure,-2.0,True,2026-W16
NQ,xApvaV01StateLog_NQ.csv,2066,2026-04-14 10:00:00,Unresolved,Degrading->Degrading->Unresolved->Unresolved,Stable Compression Basin,Exact,1.0,0.8812908992278072,0.3333333333333333,0.7,0.0,0.0,0.1410678321945376,0.0416666666666666,0.7365859854649287,0.3177823842060828,CompressionPressure,0.7365859854649287,26004.0,26010.75,25987.75,25993.0,Down,-1,26004.5,23.0,12.410714285714286,5,25982.25,-10.75,-0.8661870503597122,10.75,0.8661870503597122,14.25,-9.25,1.1482014388489208,-0.7453237410071942,1,1,True,True,RotationalPressure > RotationalPressure > CompressionPressure > CompressionPressure > CompressionPressure,0.8661870503597122,False,2026-W16
NQ,xApvaV01StateLog_NQ.csv,2134,2026-04-14 16:40:00,Unresolved,Unresolved->Balance->Unresolved->Unresolved,Stable Compression Basin,Exact,1.0,0.9709505944517832,0.6666666666666666,0.6,0.0,0.0,0.086078261778952,0.0833333333333333,0.6059822545134302,0.4623954425363276,CompressionPressure,0.6059822545134302,26162.25,26169.5,26153.0,26162.5,Up,1,26161.5,16.5,34.964285714285715,5,26187.75,25.25,0.7221654749744637,25.25,0.7221654749744637,29.0,-23.75,0.8294177732379979,-0.6792645556690501,1,1,True,True,RotationalPressure > RotationalPressure > CompressionPressure > CompressionPressure > CompressionPressure,0.7221654749744637,False,2026-W16
NQ,xApvaV01StateLog_NQ.csv,2138,2026-04-14 17:00:00,Unresolved,Balance->Balance->Unresolved->Unresolved,Stable Compression Basin,Exact,1.0,0.9709505944517832,0.6666666666666666,0.6,0.0,0.0,0.086078261778952,0.0833333333333333,0.6059822545134302,0.4623954425363276,CompressionPressure,0.6059822545134302,26152.0,26188.0,26148.5,26185.25,Up,1,26151.5,39.5,31.642857142857142,5,26178.75,-6.5,-0.2054176072234763,-6.5,-0.2054176072234763,16.75,-18.25,0.5293453724604966,-0.5767494356659142,0,1,True,True,RotationalPressure > RotationalPressure > CompressionPressure > CompressionPressure > CompressionPressure,-0.2054176072234763,False,2026-W16
NQ,xApvaV01StateLog_NQ.csv,2156,2026-04-14 18:30:00,Unresolved,Degrading->Degrading->Unresolved->Unresolved,Stable Compression Basin,Exact,1.0,0.9709505944517832,0.3333333333333333,0.6,0.0,0.0,0.1225365951122853,0.0416666666666666,0.6893155878467636,0.3373954425363276,CompressionPressure,0.6893155878467636,26191.0,26191.75,26144.0,26146.25,Down,-1,26190.75,47.75,23.446428571428573,5,26173.25,27.0,1.1515613099771516,-27.0,-1.1515613099771516,44.0,-35.0,1.8766184310738765,-1.4927646610814926,0,1,True,True,RotationalPressure > RotationalPressure > CompressionPressure > CompressionPressure > CompressionPressure,-1.1515613099771516,False,2026-W16
NQ,xApvaV01StateLog_NQ.csv,2206,2026-04-14 22:40:00,Unresolved,Degrading->Unresolved->Unresolved->Unresolved,Stable Compression Basin,Exact,1.0,0.9219280948830342,0.4444444444444444,0.8,0.0,0.0,0.1374704357910732,0.0555555555555555,0.7479350496253659,0.3683384374223303,CompressionPressure,0.7479350496253659,26347.25,26353.75,26345.75,26352.25,Up,1,26347.75,8.0,14.946428571428571,5,26366.0,13.75,0.9199522102747908,13.75,0.9199522102747908,24.5,-7.25,1.6391875746714455,-0.4850657108721625,1,1,True,True,RotationalPressure > RotationalPressure > CompressionPressure > CompressionPressure > CompressionPressure,0.9199522102747908,False,2026-W16
NQ,xApvaV01StateLog_NQ.csv,2211,2026-04-14 23:05:00,Degrading,Unresolved->Balance->Unresolved->Degrading,Stable Compression Basin,Soft,0.4142135623730951,1.1567796494427114,0.6666666666666666,0.7,0.0,0.0,0.0835173914228757,0.0833333333333333,0.6360346052431638,0.5030455483155931,CompressionPressure,0.6360346052431638,26367.5,26374.0,26365.0,26366.0,Down,-1,26367.25,9.0,11.464285714285714,5,26381.0,15.0,1.3084112149532712,-15.0,-1.3084112149532712,1.0,-24.75,0.087227414330218,-2.1588785046728973,0,1,True,True,RotationalPressure > RotationalPressure > CompressionPressure > CompressionPressure > CompressionPressure,-2.0,True,2026-W16
NQ,xApvaV01StateLog_NQ.csv,2214,2026-04-14 23:20:00,Unresolved,Degrading->Degrading->Unresolved->Unresolved,Stable Compression Basin,Exact,1.0,1.1567796494427114,0.6666666666666666,0.7,0.0,0.0,0.0835173914228757,0.0833333333333333,0.6360346052431638,0.5030455483155931,CompressionPressure,0.6360346052431638,26371.75,26383.5,26371.75,26379.0,Down,-1,26370.5,13.0,10.660714285714286,5,26389.75,10.75,1.0083752093802345,-10.75,-1.0083752093802345,1.25,-14.25,0.117252931323283,-1.3366834170854272,0,1,True,True,RotationalPressure > RotationalPressure > CompressionPressure > CompressionPressure > CompressionPressure,-1.0083752093802345,False,2026-W16
NQ,xApvaV01StateLog_NQ.csv,2218,2026-04-14 23:40:00,Unresolved,Unresolved->Balance->Unresolved->Unresolved,Stable Compression Basin,Exact,1.0,1.1567796494427114,0.5555555555555556,0.7,0.0,0.0,0.0956701692006535,0.0694444444444444,0.6638123830209416,0.4613788816489264,CompressionPressure,0.6638123830209416,26390.5,26392.25,26387.25,26391.5,Up,1,26390.5,5.0,10.964285714285714,5,26393.0,1.5,0.1368078175895765,1.5,0.1368078175895765,7.5,-5.25,0.6840390879478828,-0.4788273615635179,1,1,True,True,RotationalPressure > RotationalPressure > CompressionPressure > CompressionPressure > CompressionPressure,0.1368078175895765,False,2026-W16
NQ,xApvaV01StateLog_NQ.csv,2223,2026-04-15 00:05:00,Unresolved,Unresolved->Degrading->Unresolved->Unresolved,Stable Compression Basin,Exact,1.0,1.1567796494427114,0.6666666666666666,0.7,0.0,0.0,0.0835173914228757,0.0833333333333333,0.6360346052431638,0.5030455483155931,CompressionPressure,0.6360346052431638,26395.5,26399.0,26392.25,26393.0,Up,1,26396.5,6.75,8.928571428571429,5,26397.75,4.75,0.532,4.75,0.532,6.0,-9.5,0.6719999999999999,-1.064,1,1,True,True,RotationalPressure > RotationalPressure > CompressionPressure > CompressionPressure > CompressionPressure,0.532,False,2026-W16
NQ,xApvaV01StateLog_NQ.csv,2239,2026-04-15 01:25:00,Unresolved,Degrading->Unresolved->Unresolved->Unresolved,Stable Compression Basin,Exact,1.0,1.1567796494427114,0.5555555555555556,0.7,0.0,0.0,0.0956701692006535,0.0694444444444444,0.6638123830209416,0.4613788816489264,CompressionPressure,0.6638123830209416,26415.75,26423.0,26415.75,26421.5,Up,1,26416.25,7.25,11.821428571428571,5,26431.75,10.25,0.8670694864048338,10.25,0.8670694864048338,23.5,-2.75,1.987915407854985,-0.2326283987915408,1,1,True,True,RotationalPressure > RotationalPressure > CompressionPressure > CompressionPressure > CompressionPressure,0.8670694864048338,False,2026-W16
NQ,xApvaV01StateLog_NQ.csv,2242,2026-04-15 01:40:00,Unresolved,Unresolved->Balance->Degrading->Unresolved,Stable Compression Basin,Soft,1.0,0.9219280948830342,0.4444444444444444,0.8,0.0,0.0,0.1374704357910732,0.0555555555555555,0.7479350496253659,0.3683384374223303,CompressionPressure,0.7479350496253659,26436.0,26445.0,26436.0,26438.25,Up,1,26435.5,9.5,12.875,5,26444.0,5.75,0.4466019417475728,5.75,0.4466019417475728,6.5,-12.25,0.5048543689320388,-0.9514563106796116,1,1,True,True,RotationalPressure > RotationalPressure > CompressionPressure > CompressionPressure > CompressionPressure,0.4466019417475728,False,2026-W16
NQ,xApvaV01StateLog_NQ.csv,2294,2026-04-15 06:00:00,Unresolved,Unresolved->Degrading->Unresolved->Unresolved,Stable Compression Basin,Exact,1.0,1.2954618442339936,0.4444444444444444,0.6,0.0,0.0,0.085538424773057,0.0555555555555555,0.6412558569575977,0.4500489450928527,CompressionPressure,0.6412558569575977,26421.75,26424.25,26416.75,26420.25,Down,-1,26421.75,7.5,7.017857142857143,5,26454.75,34.5,4.916030534351145,-34.5,-4.916030534351145,3.0,-37.0,0.4274809160305343,-5.272264631043257,0,1,True,True,RotationalPressure > RotationalPressure > CompressionPressure > CompressionPressure > CompressionPressure,-2.0,True,2026-W16
NQ,xApvaV01StateLog_NQ.csv,2321,2026-04-15 08:15:00,Unresolved,Degrading->Degrading->Unresolved->Unresolved,Stable Compression Basin,Exact,1.0,0.9709505944517832,0.3333333333333333,0.6,0.0,0.0,0.1225365951122853,0.0416666666666666,0.6893155878467636,0.3373954425363276,CompressionPressure,0.6893155878467636,26479.25,26481.0,26470.75,26476.25,Up,1,26478.75,10.25,10.660714285714286,5,26464.25,-12.0,-1.1256281407035176,-12.0,-1.1256281407035176,11.75,-14.5,1.1021775544388608,-1.3601340033500835,0,1,True,True,RotationalPressure > RotationalPressure > CompressionPressure > CompressionPressure > CompressionPressure,-1.1256281407035176,False,2026-W16
NQ,xApvaV01StateLog_NQ.csv,2343,2026-04-15 10:05:00,Unresolved,Unresolved->Degrading->Unresolved->Unresolved,Stable Compression Basin,Exact,1.0,0.8812908992278072,0.6666666666666666,0.7,0.0,0.0,0.1046094988612043,0.0833333333333333,0.6532526521315953,0.4427823842060827,CompressionPressure,0.6532526521315953,26453.5,26456.0,26448.75,26450.0,Down,-1,26452.75,7.25,11.964285714285714,5,26445.75,-4.25,-0.3552238805970149,4.25,0.3552238805970149,5.0,-5.0,0.417910447761194,-0.417910447761194,1,1,True,True,RotationalPressure > RotationalPressure > CompressionPressure > CompressionPressure > CompressionPressure,0.3552238805970149,False,2026-W16
NQ,xApvaV01StateLog_NQ.csv,2501,2026-04-16 00:15:00,Unresolved,Balance->Unresolved->Unresolved->Unresolved,Stable Compression Basin,Exact,1.0,1.1567796494427114,0.5555555555555556,0.7,0.0,0.0,0.0956701692006535,0.0694444444444444,0.6638123830209416,0.4613788816489264,CompressionPressure,0.6638123830209416,26486.75,26486.75,26476.5,26477.25,Up,1,26486.0,10.25,7.642857142857143,5,26481.5,4.25,0.5560747663551402,4.25,0.5560747663551402,11.25,-5.25,1.4719626168224298,-0.6869158878504673,1,1,True,True,RotationalPressure > RotationalPressure > CompressionPressure > CompressionPressure > CompressionPressure,0.5560747663551402,False,2026-W16
NQ,xApvaV01StateLog_NQ.csv,2549,2026-04-16 04:15:00,Unresolved,Unresolved->Degrading->Unresolved->Unresolved,Stable Compression Basin,Exact,1.0,0.9999999999971146,0.3333333333333333,0.5,0.0,0.0,0.1086458333335542,0.0416666666666666,0.6458333333335138,0.3437499999993688,CompressionPressure,0.6458333333335138,26460.5,26462.0,26454.25,26457.0,Up,1,26460.5,7.75,8.946428571428571,5,26459.0,2.0,0.2235528942115768,2.0,0.2235528942115768,5.5,-7.5,0.6147704590818364,-0.8383233532934132,1,1,True,True,RotationalPressure > RotationalPressure > CompressionPressure > CompressionPressure > CompressionPressure,0.2235528942115768,False,2026-W16
NQ,xApvaV01StateLog_NQ.csv,2741,2026-04-16 21:15:00,Unresolved,Unresolved->Balance->Unresolved->Unresolved,Stable Compression Basin,Exact,1.0,0.8812908992278072,0.4444444444444444,0.7,0.0,0.0,0.1289150544167598,0.0555555555555555,0.7088082076871509,0.3594490508727494,CompressionPressure,0.7088082076871509,26786.0,26795.0,26773.75,26778.75,Up,1,26786.5,21.25,22.678571428571427,5,26815.5,36.75,1.620472440944882,36.75,1.620472440944882,49.5,-0.25,2.1826771653543307,-0.011023622047244,1,1,True,True,RotationalPressure > RotationalPressure > CompressionPressure > CompressionPressure > CompressionPressure,1.620472440944882,False,2026-W16
NQ,xApvaV01StateLog_NQ.csv,2758,2026-04-16 22:40:00,Unresolved,Balance->Balance->Unresolved->Unresolved,Stable Compression Basin,Exact,1.0,0.9709505944517832,0.4444444444444444,0.6,0.0,0.0,0.1103838173345075,0.0555555555555555,0.6615378100689858,0.3790621092029942,CompressionPressure,0.6615378100689858,26831.75,26844.75,26831.5,26842.25,Up,1,26833.25,13.25,15.035714285714286,5,26619.0,-223.25,-14.847980997624704,-223.25,-14.847980997624704,0.5,-307.25,0.0332541567695962,-20.434679334916865,0,1,True,True,RotationalPressure > RotationalPressure > CompressionPressure > CompressionPressure > CompressionPressure,-2.0,True,2026-W16
NQ,xApvaV01StateLog_NQ.csv,2789,2026-04-17 01:15:00,Unresolved,Unresolved->Degrading->Unresolved->Unresolved,Stable Compression Basin,Exact,1.0,0.8812908992278072,0.4444444444444444,0.7,0.0,0.0,0.1289150544167598,0.0555555555555555,0.7088082076871509,0.3594490508727494,CompressionPressure,0.7088082076871509,26643.25,26654.75,26635.5,26652.5,Down,-1,26642.25,19.25,19.267857142857142,5,26659.0,6.5,0.3373493975903615,-6.5,-0.3373493975903615,12.5,-12.5,0.6487488415199258,-0.6487488415199258,0,1,True,True,RotationalPressure > RotationalPressure > CompressionPressure > CompressionPressure > CompressionPressure,-0.3373493975903615,False,2026-W16
NQ,xApvaV01StateLog_NQ.csv,2848,2026-04-17 06:10:00,Unresolved,Degrading->Degrading->Unresolved->Unresolved,Stable Compression Basin,Exact,1.0,1.2954618442339936,0.4444444444444444,0.6,0.0,0.0,0.085538424773057,0.0555555555555555,0.6412558569575977,0.4500489450928527,CompressionPressure,0.6412558569575977,26666.0,26668.25,26660.75,26662.25,Down,-1,26666.5,7.5,8.571428571428571,5,26625.25,-37.0,-4.316666666666666,37.0,4.316666666666666,50.25,-0.75,5.8625,-0.0875,1,1,True,True,RotationalPressure > RotationalPressure > CompressionPressure > CompressionPressure > CompressionPressure,4.316666666666666,False,2026-W16
NQ,xApvaV01StateLog_NQ.csv,2863,2026-04-17 07:25:00,Unresolved,Degrading->Degrading->Unresolved->Unresolved,Stable Compression Basin,Exact,1.0,1.2954618442339936,0.5555555555555556,0.6,0.0,0.0,0.0733856469952793,0.0694444444444444,0.6134780791798199,0.4917156117595194,CompressionPressure,0.6134780791798199,26663.0,26664.0,26652.0,26660.0,Up,1,26663.25,12.0,16.303571428571427,5,26697.0,37.0,2.2694414019715228,37.0,2.2694414019715228,52.25,-12.0,3.204819277108434,-0.7360350492880614,1,1,True,True,RotationalPressure > RotationalPressure > CompressionPressure > CompressionPressure > CompressionPressure,2.2694414019715228,False,2026-W16
NQ,xApvaV01StateLog_NQ.csv,2922,2026-04-17 12:20:00,Unresolved,Balance->Balance->Unresolved->Unresolved,Stable Compression Basin,Exact,1.0,0.8812908992278072,0.3333333333333333,0.7,0.0,0.0,0.1410678321945376,0.0416666666666666,0.7365859854649287,0.3177823842060828,CompressionPressure,0.7365859854649287,26689.0,26711.0,26683.0,26699.25,Down,-1,26688.25,28.0,13.232142857142858,5,26710.0,10.75,0.8124156545209177,-10.75,-0.8124156545209177,11.25,-24.25,0.8502024291497975,-1.8326585695006747,0,1,True,True,RotationalPressure > RotationalPressure > CompressionPressure > CompressionPressure > CompressionPressure,-0.8124156545209177,False,2026-W16
NQ,xApvaV01StateLog_NQ.csv,2926,2026-04-17 12:40:00,Unresolved,Unresolved->Balance->Unresolved->Unresolved,Stable Compression Basin,Exact,1.0,0.9709505944517832,0.5555555555555556,0.6,0.0,0.0,0.0982310395567297,0.0694444444444444,0.633760032291208,0.4207287758696609,CompressionPressure,0.633760032291208,26717.25,26720.0,26702.0,26703.75,Up,1,26717.0,18.0,15.107142857142858,5,26723.0,19.25,1.2742316784869976,19.25,1.2742316784869976,22.75,-3.25,1.5059101654846334,-0.2151300236406619,1,1,True,True,RotationalPressure > RotationalPressure > CompressionPressure > CompressionPressure > CompressionPressure,1.2742316784869976,False,2026-W16
NQ,xApvaV01StateLog_NQ.csv,3058,2026-04-20 00:40:00,Unresolved,Balance->Unresolved->Unresolved->Unresolved,Stable Compression Basin,Exact,1.0,1.2954618442339936,0.4444444444444444,0.6,0.0,0.0,0.085538424773057,0.0555555555555555,0.6412558569575977,0.4500489450928527,CompressionPressure,0.6412558569575977,26795.75,26799.75,26793.25,26797.25,Down,-1,26797.0,6.5,7.0,5,26806.5,9.25,1.3214285714285714,-9.25,-1.3214285714285714,5.75,-21.75,0.8214285714285714,-3.107142857142857,0,1,True,True,RotationalPressure > RotationalPressure > CompressionPressure > CompressionPressure > CompressionPressure,-2.0,True,2026-W17
NQ,xApvaV01StateLog_NQ.csv,3061,2026-04-20 00:55:00,Unresolved,Unresolved->Balance->Unresolved->Unresolved,Stable Compression Basin,Exact,1.0,0.9999999999971146,0.4444444444444444,0.5,0.0,0.0,0.0964930555557764,0.0555555555555555,0.618055555555736,0.3854166666660354,CompressionPressure,0.618055555555736,26803.5,26815.5,26798.5,26807.0,Up,1,26804.0,17.0,8.392857142857142,5,26792.75,-14.25,-1.697872340425532,-14.25,-1.697872340425532,12.0,-21.25,1.4297872340425533,-2.5319148936170213,0,1,True,True,RotationalPressure > RotationalPressure > CompressionPressure > CompressionPressure > CompressionPressure,-2.0,True,2026-W17
NQ,xApvaV01StateLog_NQ.csv,3071,2026-04-20 01:45:00,Unresolved,Unresolved->Degrading->Unresolved->Unresolved,Stable Compression Basin,Exact,1.0,1.2954618442339936,0.3333333333333333,0.6,0.0,0.0,0.0976912025508348,0.0416666666666666,0.6690336347353755,0.4083822784261861,CompressionPressure,0.6690336347353755,26821.25,26832.25,26821.25,26824.0,Up,1,26819.75,12.5,14.196428571428571,5,26819.75,-4.25,-0.2993710691823899,-4.25,-0.2993710691823899,2.75,-11.75,0.1937106918238993,-0.8276729559748428,0,1,True,True,RotationalPressure > RotationalPressure > CompressionPressure > CompressionPressure > CompressionPressure,-0.2993710691823899,False,2026-W17
NQ,xApvaV01StateLog_NQ.csv,3079,2026-04-20 02:25:00,Unresolved,Degrading->Degrading->Degrading->Unresolved,Stable Compression Basin,Exact,1.0,0.8812908992278072,0.2222222222222222,0.7,0.0,0.0,0.1532206099723154,0.0277777777777777,0.7643637632427065,0.2761157175394161,CompressionPressure,0.7643637632427065,26828.25,26830.75,26826.0,26826.0,Down,-1,26828.75,4.75,12.732142857142858,5,26815.0,-11.0,-0.8639551192145862,11.0,0.8639551192145862,18.75,-2.5,1.472650771388499,-0.1963534361851332,1,1,True,True,RotationalPressure > RotationalPressure > CompressionPressure > CompressionPressure > CompressionPressure,0.8639551192145862,False,2026-W17
NQ,xApvaV01StateLog_NQ.csv,3082,2026-04-20 02:40:00,Unresolved,Unresolved->Balance->Unresolved->Unresolved,Stable Compression Basin,Exact,1.0,1.2954618442339936,0.3333333333333333,0.6,0.0,0.0,0.0976912025508348,0.0416666666666666,0.6690336347353755,0.4083822784261861,CompressionPressure,0.6690336347353755,26820.25,26825.0,26813.5,26816.75,Down,-1,26819.25,11.5,11.964285714285714,5,26820.75,4.0,0.3343283582089552,-4.0,-0.3343283582089552,9.5,-6.25,0.7940298507462688,-0.5223880597014926,0,1,True,True,RotationalPressure > RotationalPressure > CompressionPressure > CompressionPressure > CompressionPressure,-0.3343283582089552,False,2026-W17
NQ,xApvaV01StateLog_NQ.csv,3144,2026-04-20 07:50:00,Unresolved,Balance->Balance->Unresolved->Unresolved,Stable Compression Basin,Exact,1.0,1.2954618442339936,0.3333333333333333,0.6,0.0,0.0,0.0976912025508348,0.0416666666666666,0.6690336347353755,0.4083822784261861,CompressionPressure,0.6690336347353755,26846.25,26847.25,26816.5,26821.75,Down,-1,26846.25,30.75,10.910714285714286,5,26819.25,-2.5,-0.2291325695581014,2.5,0.2291325695581014,13.75,-8.5,1.260229132569558,-0.779050736497545,1,1,True,True,RotationalPressure > RotationalPressure > CompressionPressure > CompressionPressure > CompressionPressure,0.2291325695581014,False,2026-W17
NQ,xApvaV01StateLog_NQ.csv,3314,2026-04-20 23:00:00,Unresolved,Balance->Unresolved->Degrading->Unresolved,Stable Compression Basin,Soft,1.0,1.2954618442339936,0.3333333333333333,0.6,0.0,0.0,0.0976912025508348,0.0416666666666666,0.6690336347353755,0.4083822784261861,CompressionPressure,0.6690336347353755,26749.0,26760.5,26746.5,26756.75,Up,1,26749.25,14.0,41.0,5,26749.25,-7.5,-0.1829268292682926,-7.5,-0.1829268292682926,2.25,-12.5,0.0548780487804878,-0.3048780487804878,0,1,True,True,RotationalPressure > RotationalPressure > CompressionPressure > CompressionPressure > CompressionPressure,-0.1829268292682926,False,2026-W17
NQ,xApvaV01StateLog_NQ.csv,3363,2026-04-21 03:05:00,Unresolved,Balance->Unresolved->Unresolved->Unresolved,Stable Compression Basin,Exact,1.0,1.2954618442339936,0.4444444444444444,0.6,0.0,0.0,0.085538424773057,0.0555555555555555,0.6412558569575977,0.4500489450928527,CompressionPressure,0.6412558569575977,26828.0,26830.25,26824.5,26827.75,Up,1,26826.5,5.75,11.196428571428571,5,26817.75,-10.0,-0.8931419457735248,-10.0,-0.8931419457735248,10.0,-11.25,0.8931419457735248,-1.0047846889952152,0,1,True,True,RotationalPressure > RotationalPressure > CompressionPressure > CompressionPressure > CompressionPressure,-0.8931419457735248,False,2026-W17
NQ,xApvaV01StateLog_NQ.csv,3366,2026-04-21 03:20:00,Unresolved,Unresolved->Degrading->Unresolved->Unresolved,Stable Compression Basin,Exact,1.0,0.9219280948830342,0.4444444444444444,0.8,0.0,0.0,0.1374704357910732,0.0555555555555555,0.7479350496253659,0.3683384374223303,CompressionPressure,0.7479350496253659,26828.75,26831.0,26816.75,26822.0,Down,-1,26828.5,14.25,11.535714285714286,5,26817.25,-4.75,-0.4117647058823529,4.75,0.4117647058823529,6.0,-3.75,0.5201238390092879,-0.3250773993808049,1,1,True,True,RotationalPressure > RotationalPressure > CompressionPressure > CompressionPressure > CompressionPressure,0.4117647058823529,False,2026-W17
NQ,xApvaV01StateLog_NQ.csv,3370,2026-04-21 03:40:00,Unresolved,Balance->Balance->Unresolved->Unresolved,Stable Compression Basin,Exact,1.0,1.1567796494427114,0.4444444444444444,0.7,0.0,0.0,0.1078229469784313,0.0555555555555555,0.6915901607987194,0.4197122149822597,CompressionPressure,0.6915901607987194,26817.25,26821.5,26817.0,26821.5,Down,-1,26818.0,4.5,8.821428571428571,5,26807.25,-14.25,-1.6153846153846154,14.25,1.6153846153846154,16.75,-4.75,1.8987854251012144,-0.5384615384615384,1,1,True,True,RotationalPressure > RotationalPressure > CompressionPressure > CompressionPressure > CompressionPressure,1.6153846153846154,False,2026-W17
NQ,xApvaV01StateLog_NQ.csv,3386,2026-04-21 05:00:00,Unresolved,Degrading->Unresolved->Unresolved->Unresolved,Stable Compression Basin,Exact,1.0,1.1567796494427114,0.5555555555555556,0.7,0.0,0.0,0.0956701692006535,0.0694444444444444,0.6638123830209416,0.4613788816489264,CompressionPressure,0.6638123830209416,26812.0,26817.5,26795.25,26812.75,Down,-1,26812.25,22.25,9.214285714285714,5,26794.0,-18.75,-2.0348837209302326,18.75,2.0348837209302326,20.75,-3.5,2.251937984496124,-0.3798449612403101,1,1,True,True,RotationalPressure > RotationalPressure > CompressionPressure > CompressionPressure > CompressionPressure,2.0348837209302326,False,2026-W17
NQ,xApvaV01StateLog_NQ.csv,3389,2026-04-21 05:15:00,Unresolved,Unresolved->Balance->Unresolved->Unresolved,Stable Compression Basin,Exact,1.0,1.1567796494427114,0.5555555555555556,0.7,0.0,0.0,0.0956701692006535,0.0694444444444444,0.6638123830209416,0.4613788816489264,CompressionPressure,0.6638123830209416,26799.0,26803.0,26795.25,26797.75,Down,-1,26799.5,7.75,9.214285714285714,5,26781.75,-16.0,-1.736434108527132,16.0,1.736434108527132,17.75,-4.25,1.926356589147287,-0.4612403100775194,1,1,True,True,RotationalPressure > RotationalPressure > CompressionPressure > CompressionPressure > CompressionPressure,1.736434108527132,False,2026-W17
NQ,xApvaV01StateLog_NQ.csv,3440,2026-04-21 09:30:00,Unresolved,Unresolved->Degrading->Unresolved->Unresolved,Stable Compression Basin,Exact,1.0,1.2954618442339936,0.3333333333333333,0.6,0.0,0.0,0.0976912025508348,0.0416666666666666,0.6690336347353755,0.4083822784261861,CompressionPressure,0.6690336347353755,26783.5,26808.5,26779.75,26803.0,Down,-1,26785.0,28.75,17.464285714285715,5,26843.0,40.0,2.29038854805726,-40.0,-2.29038854805726,10.75,-47.0,0.6155419222903885,-2.69120654396728,0,1,True,True,RotationalPressure > RotationalPressure > CompressionPressure > CompressionPressure > CompressionPressure,-2.0,True,2026-W17
NQ,xApvaV01StateLog_NQ.csv,3492,2026-04-21 13:50:00,Unresolved,Unresolved->Balance->Unresolved->Unresolved,Stable Compression Basin,Exact,1.0,1.1567796494427114,0.4444444444444444,0.7,0.0,0.0,0.1078229469784313,0.0555555555555555,0.6915901607987194,0.4197122149822597,CompressionPressure,0.6915901607987194,26821.75,26831.25,26817.0,26828.25,Down,-1,26821.5,14.25,21.892857142857142,5,26881.25,53.0,2.420880913539968,-53.0,-2.420880913539968,6.25,-59.75,0.2854812398042414,-2.729200652528548,0,1,True,True,RotationalPressure > RotationalPressure > CompressionPressure > CompressionPressure > CompressionPressure,-2.0,True,2026-W17
NQ,xApvaV01StateLog_NQ.csv,3503,2026-04-21 15:45:00,Unresolved,Unresolved->Balance->Unresolved->Unresolved,Stable Compression Basin,Exact,1.0,1.1567796494427114,0.2222222222222222,0.7,0.0,0.0,0.1321285025339868,0.0277777777777777,0.747145716354275,0.3363788816489264,CompressionPressure,0.747145716354275,26863.5,26865.25,26835.25,26864.5,Up,1,26863.0,30.0,36.57142857142857,5,26967.25,102.75,2.8095703125,102.75,2.8095703125,113.0,-12.5,3.08984375,-0.341796875,1,1,True,True,RotationalPressure > RotationalPressure > CompressionPressure > CompressionPressure > CompressionPressure,2.8095703125,False,2026-W17
NQ,xApvaV01StateLog_NQ.csv,3523,2026-04-21 17:25:00,Unresolved,Degrading->Degrading->Degrading->Unresolved,Stable Compression Basin,Exact,1.0,1.1567796494427114,0.2222222222222222,0.7,0.0,0.0,0.1321285025339868,0.0277777777777777,0.747145716354275,0.3363788816489264,CompressionPressure,0.747145716354275,26993.25,27001.0,26979.0,26995.75,Up,1,26993.0,22.0,33.0,5,26995.75,0.0,0.0,0.0,0.0,9.25,-32.75,0.2803030303030303,-0.9924242424242424,0,1,True,True,RotationalPressure > RotationalPressure > CompressionPressure > CompressionPressure > CompressionPressure,0.0,False,2026-W17
NQ,xApvaV01StateLog_NQ.csv,3536,2026-04-21 18:30:00,Unresolved,Unresolved->Balance->Unresolved->Unresolved,Stable Compression Basin,Exact,1.0,1.1567796494427114,0.2222222222222222,0.7,0.0,0.0,0.1321285025339868,0.0277777777777777,0.747145716354275,0.3363788816489264,CompressionPressure,0.747145716354275,26983.5,26991.25,26960.25,26968.0,Up,1,26983.5,31.0,26.214285714285715,5,27005.25,37.25,1.4209809264305178,37.25,1.4209809264305178,37.75,-10.75,1.4400544959128063,-0.4100817438692098,1,1,True,True,RotationalPressure > RotationalPressure > CompressionPressure > CompressionPressure > CompressionPressure,1.4209809264305178,False,2026-W17
NQ,xApvaV01StateLog_NQ.csv,3569,2026-04-21 21:15:00,Unresolved,Unresolved->Balance->Unresolved->Unresolved,Stable Compression Basin,Exact,1.0,1.2954618442339936,0.5555555555555556,0.6,0.0,0.0,0.0733856469952793,0.0694444444444444,0.6134780791798199,0.4917156117595194,CompressionPressure,0.6134780791798199,27045.5,27057.25,27042.25,27045.0,Down,-1,27045.75,15.0,19.75,5,27084.0,39.0,1.9746835443037976,-39.0,-1.9746835443037976,8.25,-48.0,0.4177215189873418,-2.430379746835443,0,1,True,True,RotationalPressure > RotationalPressure > CompressionPressure > CompressionPressure > CompressionPressure,-2.0,True,2026-W17
NQ,xApvaV01StateLog_NQ.csv,3587,2026-04-21 22:45:00,Unresolved,Degrading->Unresolved->Unresolved->Unresolved,Stable Compression Basin,Exact,1.0,1.1567796494427114,0.5555555555555556,0.7,0.0,0.0,0.0956701692006535,0.0694444444444444,0.6638123830209416,0.4613788816489264,CompressionPressure,0.6638123830209416,27103.25,27108.5,27099.0,27106.5,Up,1,27103.0,9.5,21.767857142857142,5,27090.75,-15.75,-0.723543888433142,-15.75,-0.723543888433142,-8.5,-40.5,-0.3904840032813781,-1.860541427399508,0,1,True,True,RotationalPressure > RotationalPressure > CompressionPressure > CompressionPressure > CompressionPressure,-0.723543888433142,False,2026-W17
NQ,xApvaV01StateLog_NQ.csv,3655,2026-04-22 04:25:00,Unresolved,Unresolved->Degrading->Unresolved->Unresolved,Stable Compression Basin,Exact,1.0,1.2954618442339936,0.3333333333333333,0.6,0.0,0.0,0.0976912025508348,0.0416666666666666,0.6690336347353755,0.4083822784261861,CompressionPressure,0.6690336347353755,26890.0,26892.0,26870.75,26871.25,Down,-1,26890.25,21.25,19.410714285714285,5,26901.0,29.75,1.532658693652254,-29.75,-1.532658693652254,6.25,-40.0,0.3219871205151794,-2.060717571297148,0,1,True,True,RotationalPressure > RotationalPressure > CompressionPressure > CompressionPressure > CompressionPressure,-2.0,True,2026-W17
NQ,xApvaV01StateLog_NQ.csv,3696,2026-04-22 07:50:00,Unresolved,Unresolved->Degrading->Unresolved->Unresolved,Stable Compression Basin,Exact,1.0,0.9709505944517832,0.5555555555555556,0.6,0.0,0.0,0.0982310395567297,0.0694444444444444,0.633760032291208,0.4207287758696609,CompressionPressure,0.633760032291208,26991.25,26994.75,26981.5,26988.0,Down,-1,26990.75,13.25,13.178571428571429,5,26988.0,0.0,0.0,-0.0,-0.0,13.25,-12.0,1.005420054200542,-0.9105691056910568,0,1,True,True,RotationalPressure > RotationalPressure > CompressionPressure > CompressionPressure > CompressionPressure,-0.0,False,2026-W17
NQ,xApvaV01StateLog_NQ.csv,3700,2026-04-22 08:10:00,Unresolved,Unresolved->Degrading->Unresolved->Unresolved,Stable Compression Basin,Exact,1.0,0.9709505944517832,0.5555555555555556,0.6,0.0,0.0,0.0982310395567297,0.0694444444444444,0.633760032291208,0.4207287758696609,CompressionPressure,0.633760032291208,26988.75,26991.0,26974.75,26984.25,Down,-1,26989.0,16.25,13.535714285714286,5,27012.25,28.0,2.0686015831134563,-28.0,-2.0686015831134563,14.0,-29.25,1.0343007915567282,-2.1609498680738786,0,1,True,True,RotationalPressure > RotationalPressure > CompressionPressure > CompressionPressure > CompressionPressure,-2.0,True,2026-W17
NQ,xApvaV01StateLog_NQ.csv,3726,2026-04-22 10:20:00,Unresolved,Balance->Balance->Unresolved->Unresolved,Stable Compression Basin,Exact,1.0,0.9709505944517832,0.6666666666666666,0.6,0.0,0.0,0.086078261778952,0.0833333333333333,0.6059822545134302,0.4623954425363276,CompressionPressure,0.6059822545134302,26942.5,26961.5,26941.5,26951.25,Up,1,26942.25,20.0,19.910714285714285,5,26941.75,-9.5,-0.4771300448430493,-9.5,-0.4771300448430493,9.25,-11.0,0.4645739910313901,-0.5524663677130045,0,1,True,True,RotationalPressure > RotationalPressure > CompressionPressure > CompressionPressure > CompressionPressure,-0.4771300448430493,False,2026-W17
NQ,xApvaV01StateLog_NQ.csv,3730,2026-04-22 10:40:00,Unresolved,Unresolved->Degrading->Unresolved->Unresolved,Stable Compression Basin,Exact,1.0,1.1567796494427114,0.4444444444444444,0.7,0.0,0.0,0.1078229469784313,0.0555555555555555,0.6915901607987194,0.4197122149822597,CompressionPressure,0.6915901607987194,26951.5,26951.5,26941.0,26944.25,Up,1,26951.0,10.5,17.303571428571427,5,26931.0,-13.25,-0.7657378740970073,-13.25,-0.7657378740970073,5.0,-28.0,0.2889576883384933,-1.6181630546955623,0,1,True,True,RotationalPressure > RotationalPressure > CompressionPressure > CompressionPressure > CompressionPressure,-0.7657378740970073,False,2026-W17
NQ,xApvaV01StateLog_NQ.csv,3762,2026-04-22 13:20:00,Unresolved,Degrading->Degrading->Unresolved->Unresolved,Stable Compression Basin,Exact,1.0,1.1567796494427114,0.3333333333333333,0.7,0.0,0.0,0.119975724756209,0.0416666666666666,0.7193679385764972,0.3780455483155931,CompressionPressure,0.7193679385764972,27032.25,27049.5,27030.25,27037.75,Up,1,27032.75,19.25,27.625,5,27009.25,-28.5,-1.0316742081447965,-28.5,-1.0316742081447965,5.25,-81.0,0.1900452488687782,-2.932126696832579,0,1,True,True,RotationalPressure > RotationalPressure > CompressionPressure > CompressionPressure > CompressionPressure,-2.0,True,2026-W17
NQ,xApvaV01StateLog_NQ.csv,3790,2026-04-22 16:40:00,Degrading,Unresolved->Balance->Unresolved->Degrading,Stable Compression Basin,Soft,0.4142135623730951,1.2954618442339936,0.4444444444444444,0.6,0.0,0.0,0.085538424773057,0.0555555555555555,0.6412558569575977,0.4500489450928527,CompressionPressure,0.6412558569575977,27047.75,27076.0,27039.0,27074.0,Up,1,27047.75,37.0,41.767857142857146,5,27137.75,63.75,1.526293287729799,63.75,1.526293287729799,67.5,0.25,1.616075245831552,0.0059854638734501,1,1,True,True,RotationalPressure > RotationalPressure > CompressionPressure > CompressionPressure > CompressionPressure,1.526293287729799,False,2026-W17
NQ,xApvaV01StateLog_NQ.csv,3837,2026-04-22 20:35:00,Unresolved,Degrading->Degrading->Unresolved->Unresolved,Stable Compression Basin,Exact,1.0,1.2954618442339936,0.4444444444444444,0.6,0.0,0.0,0.085538424773057,0.0555555555555555,0.6412558569575977,0.4500489450928527,CompressionPressure,0.6412558569575977,26947.5,26949.5,26912.75,26913.5,Down,-1,26947.5,36.75,63.125,5,26903.25,-10.25,-0.1623762376237623,10.25,0.1623762376237623,71.25,-12.25,1.1287128712871286,-0.194059405940594,1,1,True,True,RotationalPressure > RotationalPressure > CompressionPressure > CompressionPressure > CompressionPressure,0.1623762376237623,False,2026-W17
NQ,xApvaV01StateLog_NQ.csv,3840,2026-04-22 20:50:00,Degrading,Unresolved->Balance->Unresolved->Degrading,Stable Compression Basin,Soft,0.4142135623730951,1.2954618442339936,0.4444444444444444,0.6,0.0,0.0,0.085538424773057,0.0555555555555555,0.6412558569575977,0.4500489450928527,CompressionPressure,0.6412558569575977,26860.5,26876.75,26842.25,26861.75,Down,-1,26861.0,34.5,45.660714285714285,5,26915.0,53.25,1.1662104028157998,-53.25,-1.1662104028157998,0.5,-64.5,0.0109503324208056,-1.4125928822839264,0,1,True,True,RotationalPressure > RotationalPressure > CompressionPressure > CompressionPressure > CompressionPressure,-1.1662104028157998,False,2026-W17
NQ,xApvaV01StateLog_NQ.csv,3844,2026-04-22 21:10:00,Unresolved,Degrading->Degrading->Unresolved->Unresolved,Stable Compression Basin,Exact,1.0,1.2954618442339936,0.5555555555555556,0.6,0.0,0.0,0.0733856469952793,0.0694444444444444,0.6134780791798199,0.4917156117595194,CompressionPressure,0.6134780791798199,26913.75,26917.5,26902.25,26911.75,Up,1,26913.0,15.25,34.339285714285715,5,26903.75,-8.0,-0.2329693187727509,-8.0,-0.2329693187727509,24.5,-55.5,0.7134685387415497,-1.6162246489859593,0,1,True,True,RotationalPressure > RotationalPressure > CompressionPressure > CompressionPressure > CompressionPressure,-0.2329693187727509,False,2026-W17
NQ,xApvaV01StateLog_NQ.csv,3889,2026-04-23 00:55:00,Degrading,Unresolved->Balance->Unresolved->Degrading,Stable Compression Basin,Soft,0.4142135623730951,1.2954618442339936,0.4444444444444444,0.6,0.0,0.0,0.085538424773057,0.0555555555555555,0.6412558569575977,0.4500489450928527,CompressionPressure,0.6412558569575977,27074.5,27107.25,27073.75,27104.5,Up,1,27075.5,33.5,12.857142857142858,5,27127.0,22.5,1.75,22.5,1.75,31.25,-7.0,2.430555555555556,-0.5444444444444444,1,1,True,True,RotationalPressure > RotationalPressure > CompressionPressure > CompressionPressure > CompressionPressure,1.75,False,2026-W17
NQ,xApvaV01StateLog_NQ.csv,3933,2026-04-23 04:35:00,Unresolved,Balance->Unresolved->Unresolved->Unresolved,Stable Compression Basin,Exact,1.0,0.9709505944517832,0.4444444444444444,0.6,0.0,0.0,0.1103838173345075,0.0555555555555555,0.6615378100689858,0.3790621092029942,CompressionPressure,0.6615378100689858,27030.25,27042.75,27029.5,27042.0,Down,-1,27029.75,13.25,14.964285714285714,5,27042.0,0.0,0.0,-0.0,-0.0,22.25,-7.0,1.486873508353222,-0.4677804295942721,0,1,True,True,RotationalPressure > RotationalPressure > CompressionPressure > CompressionPressure > CompressionPressure,-0.0,False,2026-W17
NQ,xApvaV01StateLog_NQ.csv,4171,2026-04-24 01:25:00,Unresolved,Unresolved->Balance->Unresolved->Unresolved,Stable Compression Basin,Exact,1.0,1.1567796494427114,0.5555555555555556,0.7,0.0,0.0,0.0956701692006535,0.0694444444444444,0.6638123830209416,0.4613788816489264,CompressionPressure,0.6638123830209416,27410.5,27425.75,27409.25,27425.0,Up,1,27410.75,16.5,15.517857142857142,5,27490.5,65.5,4.220943613348677,65.5,4.220943613348677,74.75,-0.25,4.817031070195627,-0.0161104718066743,1,1,True,True,RotationalPressure > RotationalPressure > CompressionPressure > CompressionPressure > CompressionPressure,4.220943613348677,False,2026-W17
NQ,xApvaV01StateLog_NQ.csv,4379,2026-04-26 19:45:00,Unresolved,Unresolved->Degrading->Unresolved->Unresolved,Stable Compression Basin,Exact,1.0,1.2954618442339936,0.5555555555555556,0.6,0.0,0.0,0.0733856469952793,0.0694444444444444,0.6134780791798199,0.4917156117595194,CompressionPressure,0.6134780791798199,27423.25,27430.5,27420.25,27428.5,Up,1,27424.0,10.25,19.375,5,27432.5,4.0,0.2064516129032258,4.0,0.2064516129032258,8.75,-11.25,0.4516129032258064,-0.5806451612903226,1,1,True,True,RotationalPressure > RotationalPressure > CompressionPressure > CompressionPressure > CompressionPressure,0.2064516129032258,False,2026-W17
NQ,xApvaV01StateLog_NQ.csv,4467,2026-04-27 03:05:00,Unresolved,Unresolved->Degrading->Unresolved->Unresolved,Stable Compression Basin,Exact,1.0,0.9999999999971146,0.5555555555555556,0.5,0.0,0.0,0.0843402777779986,0.0694444444444444,0.5902777777779582,0.4270833333327021,CompressionPressure,0.5902777777779582,27431.75,27435.5,27427.0,27434.75,Up,1,27430.75,8.5,14.857142857142858,5,27407.5,-27.25,-1.8341346153846156,-27.25,-1.8341346153846156,2.5,-32.25,0.1682692307692307,-2.1706730769230766,0,1,True,True,RotationalPressure > RotationalPressure > CompressionPressure > CompressionPressure > CompressionPressure,-2.0,True,2026-W18
NQ,xApvaV01StateLog_NQ.csv,4480,2026-04-27 04:10:00,Unresolved,Balance->Unresolved->Unresolved->Unresolved,Stable Compression Basin,Exact,1.0,1.1567796494427114,0.5555555555555556,0.7,0.0,0.0,0.0956701692006535,0.0694444444444444,0.6638123830209416,0.4613788816489264,CompressionPressure,0.6638123830209416,27412.75,27416.5,27409.5,27412.5,Up,1,27412.0,7.0,11.607142857142858,5,27413.0,0.5,0.043076923076923,0.5,0.043076923076923,16.75,-1.75,1.443076923076923,-0.1507692307692307,1,1,True,True,RotationalPressure > RotationalPressure > CompressionPressure > CompressionPressure > CompressionPressure,0.043076923076923,False,2026-W18
NQ,xApvaV01StateLog_NQ.csv,4484,2026-04-27 04:30:00,Unresolved,Unresolved->Balance->Degrading->Unresolved,Stable Compression Basin,Soft,1.0,1.1567796494427114,0.5555555555555556,0.7,0.0,0.0,0.0956701692006535,0.0694444444444444,0.6638123830209416,0.4613788816489264,CompressionPressure,0.6638123830209416,27424.5,27426.25,27421.0,27421.75,Up,1,27426.5,5.5,10.946428571428571,5,27412.75,-9.0,-0.8221859706362153,-9.0,-0.8221859706362153,0.0,-17.0,0.0,-1.5530179445350734,0,1,True,True,RotationalPressure > RotationalPressure > CompressionPressure > CompressionPressure > CompressionPressure,-0.8221859706362153,False,2026-W18
NQ,xApvaV01StateLog_NQ.csv,4503,2026-04-27 06:05:00,Unresolved,Degrading->Degrading->Unresolved->Unresolved,Stable Compression Basin,Exact,1.0,1.1567796494427114,0.2222222222222222,0.7,0.0,0.0,0.1321285025339868,0.0277777777777777,0.747145716354275,0.3363788816489264,CompressionPressure,0.747145716354275,27386.75,27389.0,27375.5,27384.0,Down,-1,27387.5,13.5,11.125,5,27371.5,-12.5,-1.1235955056179776,12.5,1.1235955056179776,34.0,-14.0,3.056179775280899,-1.2584269662921348,1,1,True,True,RotationalPressure > RotationalPressure > CompressionPressure > CompressionPressure > CompressionPressure,1.1235955056179776,False,2026-W18
NQ,xApvaV01StateLog_NQ.csv,4544,2026-04-27 09:30:00,Unresolved,Balance->Balance->Unresolved->Unresolved,Stable Compression Basin,Exact,1.0,0.8812908992278072,0.4444444444444444,0.7,0.0,0.0,0.1289150544167598,0.0555555555555555,0.7088082076871509,0.3594490508727494,CompressionPressure,0.7088082076871509,27355.5,27356.75,27342.75,27344.75,Up,1,27354.25,14.0,18.232142857142858,5,27341.25,-3.5,-0.1919686581782566,-3.5,-0.1919686581782566,10.5,-19.0,0.5759059745347698,-1.0421155729676788,0,1,True,True,RotationalPressure > RotationalPressure > CompressionPressure > CompressionPressure > CompressionPressure,-0.1919686581782566,False,2026-W18
NQ,xApvaV01StateLog_NQ.csv,4595,2026-04-27 13:45:00,Unresolved,Balance->Unresolved->Unresolved->Unresolved,Stable Compression Basin,Exact,1.0,1.2954618442339936,0.3333333333333333,0.6,0.0,0.0,0.0976912025508348,0.0416666666666666,0.6690336347353755,0.4083822784261861,CompressionPressure,0.6690336347353755,27130.5,27153.5,27130.25,27149.0,Up,1,27130.75,23.25,33.107142857142854,5,27152.75,3.75,0.1132686084142395,3.75,0.1132686084142395,17.0,-35.25,0.5134843581445524,-1.0647249190938513,1,1,True,True,RotationalPressure > RotationalPressure > CompressionPressure > CompressionPressure > CompressionPressure,0.1132686084142395,False,2026-W18
NQ,xApvaV01StateLog_NQ.csv,4717,2026-04-28 00:55:00,Unresolved,Balance->Balance->Unresolved->Unresolved,Stable Compression Basin,Exact,1.0,1.2954618442339936,0.5555555555555556,0.6,0.0,0.0,0.0733856469952793,0.0694444444444444,0.6134780791798199,0.4917156117595194,CompressionPressure,0.6134780791798199,27258.0,27269.75,27257.0,27268.5,Up,1,27257.75,12.75,8.303571428571429,5,27284.75,16.25,1.956989247311828,16.25,1.956989247311828,25.5,-4.5,3.070967741935484,-0.5419354838709677,1,1,True,True,RotationalPressure > RotationalPressure > CompressionPressure > CompressionPressure > CompressionPressure,1.956989247311828,False,2026-W18
NQ,xApvaV01StateLog_NQ.csv,4774,2026-04-28 05:40:00,Unresolved,Balance->Degrading->Unresolved->Unresolved,Stable Compression Basin,Exact,1.0,1.1567796494427114,0.5555555555555556,0.7,0.0,0.0,0.0956701692006535,0.0694444444444444,0.6638123830209416,0.4613788816489264,CompressionPressure,0.6638123830209416,27302.0,27303.5,27296.5,27296.5,Down,-1,27302.0,7.0,7.964285714285714,5,27287.0,-9.5,-1.1928251121076232,9.5,1.1928251121076232,15.0,-5.75,1.8834080717488788,-0.7219730941704036,1,1,True,True,RotationalPressure > RotationalPressure > CompressionPressure > CompressionPressure > CompressionPressure,1.1928251121076232,False,2026-W18
NQ,xApvaV01StateLog_NQ.csv,4792,2026-04-28 07:10:00,Unresolved,Unresolved->Degrading->Unresolved->Unresolved,Stable Compression Basin,Exact,1.0,0.9999999999971146,0.6666666666666666,0.5,0.0,0.0,0.0721875000002209,0.0833333333333333,0.5625000000001804,0.4687499999993688,CompressionPressure,0.5625000000001804,27289.25,27295.0,27286.25,27289.0,Down,-1,27290.25,8.75,11.678571428571429,5,27286.5,-2.5,-0.2140672782874617,2.5,0.2140672782874617,10.75,-10.5,0.9204892966360856,-0.8990825688073394,1,1,True,True,RotationalPressure > RotationalPressure > CompressionPressure > CompressionPressure > CompressionPressure,0.2140672782874617,False,2026-W18
NQ,xApvaV01StateLog_NQ.csv,4804,2026-04-28 08:10:00,Degrading,Degrading->Degrading->Degrading->Degrading,Sponsor Exhaustion Collapse,Exact,1.0,0.9709505944517832,0.1111111111111111,0.6,0.0,0.0,0.1468421506678408,0.1138888888888889,0.294871143402319,0.2540621092029942,CompressionPressure,0.294871143402319,27249.5,27260.25,27246.5,27260.25,Down,-1,27249.75,13.75,13.214285714285714,5,27227.25,-33.0,-2.497297297297297,33.0,2.497297297297297,50.25,-11.75,3.802702702702703,-0.8891891891891892,1,1,True,True,RotationalPressure > RotationalPressure > CompressionPressure > CompressionPressure > CompressionPressure,2.497297297297297,False,2026-W18
NQ,xApvaV01StateLog_NQ.csv,4811,2026-04-28 08:45:00,Unresolved,Unresolved->Degrading->Degrading->Unresolved,Stable Compression Basin,Exact,1.0,0.9709505944517832,0.3333333333333333,0.6,0.0,0.0,0.1225365951122853,0.0416666666666666,0.6893155878467636,0.3373954425363276,CompressionPressure,0.6893155878467636,27225.75,27240.5,27222.25,27237.75,Down,-1,27225.0,18.25,18.142857142857142,5,27235.5,-2.25,-0.124015748031496,2.25,0.124015748031496,39.75,-23.75,2.190944881889764,-1.3090551181102363,1,1,True,True,RotationalPressure > RotationalPressure > CompressionPressure > CompressionPressure > CompressionPressure,0.124015748031496,False,2026-W18
NQ,xApvaV01StateLog_NQ.csv,4894,2026-04-28 16:40:00,Unresolved,Unresolved->Unresolved->Unresolved->Unresolved,Pure Unresolved Compression Equilibrium,Exact,1.0,1.2954618442339936,0.4444444444444444,0.6,0.0,0.0,0.085538424773057,0.0555555555555555,0.6412558569575977,0.4500489450928527,CompressionPressure,0.6412558569575977,27288.0,27307.25,27282.0,27302.0,Up,1,27288.25,25.25,34.839285714285715,5,27258.5,-43.5,-1.248590466427473,-43.5,-1.248590466427473,7.75,-82.25,0.2224500256278831,-2.3608405945668887,0,1,True,True,RotationalPressure > RotationalPressure > CompressionPressure > CompressionPressure > CompressionPressure,-2.0,True,2026-W18
NQ,xApvaV01StateLog_NQ.csv,5026,2026-04-29 03:40:00,Unresolved,Degrading->Degrading->Unresolved->Unresolved,Stable Compression Basin,Exact,1.0,0.9709505944517832,0.4444444444444444,0.6,0.0,0.0,0.1103838173345075,0.0555555555555555,0.6615378100689858,0.3790621092029942,CompressionPressure,0.6615378100689858,27401.25,27436.25,27395.5,27421.0,Down,-1,27400.25,40.75,31.267857142857142,5,27421.5,0.5,0.0159908623643632,-0.5,-0.0159908623643632,18.5,-32.5,0.5916619074814392,-1.0394060536836094,0,1,True,True,RotationalPressure > RotationalPressure > CompressionPressure > CompressionPressure > CompressionPressure,-0.0159908623643632,False,2026-W18
NQ,xApvaV01StateLog_NQ.csv,5039,2026-04-29 04:45:00,Unresolved,Balance->Unresolved->Unresolved->Unresolved,Stable Compression Basin,Exact,1.0,1.2954618442339936,0.4444444444444444,0.6,0.0,0.0,0.085538424773057,0.0555555555555555,0.6412558569575977,0.4500489450928527,CompressionPressure,0.6412558569575977,27416.5,27418.0,27406.0,27410.25,Down,-1,27417.0,12.0,22.482142857142858,5,27298.25,-112.0,-4.981731532962669,112.0,4.981731532962669,131.75,-0.25,5.86020651310564,-0.0111199364575059,1,1,True,True,RotationalPressure > RotationalPressure > CompressionPressure > CompressionPressure > CompressionPressure,4.981731532962669,False,2026-W18
NQ,xApvaV01StateLog_NQ.csv,5189,2026-04-29 18:15:00,Unresolved,Unresolved->Degrading->Unresolved->Unresolved,Stable Compression Basin,Exact,1.0,1.2954618442339936,0.5555555555555556,0.6,0.0,0.0,0.0733856469952793,0.0694444444444444,0.6134780791798199,0.4917156117595194,CompressionPressure,0.6134780791798199,27406.5,27417.75,27395.25,27415.0,Down,-1,27406.5,22.5,32.482142857142854,5,27372.0,-43.0,-1.3238042880703684,43.0,1.3238042880703684,55.5,-9.25,1.7086311159978012,-0.2847718526663002,1,1,True,True,RotationalPressure > RotationalPressure > CompressionPressure > CompressionPressure > CompressionPressure,1.3238042880703684,False,2026-W18
NQ,xApvaV01StateLog_NQ.csv,5198,2026-04-29 19:00:00,Unresolved,Unresolved->Balance->Unresolved->Unresolved,Stable Compression Basin,Exact,1.0,1.1567796494427114,0.5555555555555556,0.7,0.0,0.0,0.0956701692006535,0.0694444444444444,0.6638123830209416,0.4613788816489264,CompressionPressure,0.6638123830209416,27430.5,27455.0,27425.0,27448.75,Up,1,27430.0,30.0,29.339285714285715,5,27498.0,49.25,1.6786366402921484,49.25,1.6786366402921484,54.0,-22.75,1.840535605599513,-0.7754108338405356,1,1,True,True,RotationalPressure > RotationalPressure > CompressionPressure > CompressionPressure > CompressionPressure,1.6786366402921484,False,2026-W18
NQ,xApvaV01StateLog_NQ.csv,5223,2026-04-29 21:05:00,Unresolved,Balance->Balance->Unresolved->Unresolved,Stable Compression Basin,Exact,1.0,0.9709505944517832,0.4444444444444444,0.6,0.0,0.0,0.1103838173345075,0.0555555555555555,0.6615378100689858,0.3790621092029942,CompressionPressure,0.6615378100689858,27597.0,27604.5,27590.0,27594.25,Up,1,27597.5,14.5,18.5,5,27618.0,23.75,1.2837837837837838,23.75,1.2837837837837838,25.25,-12.25,1.364864864864865,-0.6621621621621622,1,1,True,True,RotationalPressure > RotationalPressure > CompressionPressure > CompressionPressure > CompressionPressure,1.2837837837837838,False,2026-W18
NQ,xApvaV01StateLog_NQ.csv,5335,2026-04-30 06:25:00,Unresolved,Unresolved->Degrading->Unresolved->Unresolved,Stable Compression Basin,Exact,1.0,1.2954618442339936,0.4444444444444444,0.6,0.0,0.0,0.085538424773057,0.0555555555555555,0.6412558569575977,0.4500489450928527,CompressionPressure,0.6412558569575977,27630.5,27630.5,27623.0,27628.0,Down,-1,27630.25,7.5,8.357142857142858,5,27616.75,-11.25,-1.346153846153846,11.25,1.346153846153846,15.75,0.0,1.8846153846153848,0.0,1,1,True,True,RotationalPressure > RotationalPressure > CompressionPressure > CompressionPressure > CompressionPressure,1.346153846153846,False,2026-W18
NQ,xApvaV01StateLog_NQ.csv,5341,2026-04-30 06:55:00,Unresolved,Balance->Unresolved->Unresolved->Unresolved,Stable Compression Basin,Exact,1.0,1.1567796494427114,0.4444444444444444,0.7,0.0,0.0,0.1078229469784313,0.0555555555555555,0.6915901607987194,0.4197122149822597,CompressionPressure,0.6915901607987194,27618.5,27622.75,27612.5,27619.5,Down,-1,27616.75,10.25,9.107142857142858,5,27607.0,-12.5,-1.3725490196078431,12.5,1.3725490196078431,14.25,-9.0,1.5647058823529412,-0.988235294117647,1,1,True,True,RotationalPressure > RotationalPressure > CompressionPressure > CompressionPressure > CompressionPressure,1.3725490196078431,False,2026-W18
NQ,xApvaV01StateLog_NQ.csv,5350,2026-04-30 07:40:00,Unresolved,Unresolved->Balance->Unresolved->Unresolved,Stable Compression Basin,Exact,1.0,1.2954618442339936,0.5555555555555556,0.6,0.0,0.0,0.0733856469952793,0.0694444444444444,0.6134780791798199,0.4917156117595194,CompressionPressure,0.6134780791798199,27597.75,27602.5,27594.75,27597.0,Down,-1,27598.5,7.75,9.071428571428571,5,27617.5,20.5,2.25984251968504,-20.5,-2.25984251968504,5.5,-27.0,0.6062992125984252,-2.9763779527559056,0,1,True,True,RotationalPressure > RotationalPressure > CompressionPressure > CompressionPressure > CompressionPressure,-2.0,True,2026-W18
NQ,xApvaV01StateLog_NQ.csv,5461,2026-04-30 17:55:00,Unresolved,Unresolved->Unresolved->Unresolved->Unresolved,Pure Unresolved Compression Equilibrium,Exact,1.0,1.2954618442339936,0.3333333333333333,0.6,0.0,0.0,0.0976912025508348,0.0416666666666666,0.6690336347353755,0.4083822784261861,CompressionPressure,0.6690336347353755,27886.5,27891.25,27843.0,27849.0,Down,-1,27885.25,48.25,32.875,5,27827.5,-21.5,-0.6539923954372624,21.5,0.6539923954372624,40.25,-28.25,1.2243346007604563,-0.8593155893536122,1,1,True,True,RotationalPressure > RotationalPressure > CompressionPressure > CompressionPressure > CompressionPressure,0.6539923954372624,False,2026-W18
NQ,xApvaV01StateLog_NQ.csv,5500,2026-04-30 21:10:00,Unresolved,Degrading->Degrading->Unresolved->Unresolved,Stable Compression Basin,Exact,1.0,1.1567796494427114,0.3333333333333333,0.7,0.0,0.0,0.119975724756209,0.0416666666666666,0.7193679385764972,0.3780455483155931,CompressionPressure,0.7193679385764972,27870.0,27878.75,27865.5,27878.0,Up,1,27870.0,13.25,21.160714285714285,5,27870.5,-7.5,-0.3544303797468354,-7.5,-0.3544303797468354,22.75,-18.5,1.0751054852320676,-0.8742616033755275,0,1,True,True,RotationalPressure > RotationalPressure > CompressionPressure > CompressionPressure > CompressionPressure,-0.3544303797468354,False,2026-W18
NQ,xApvaV01StateLog_NQ.csv,5561,2026-05-01 02:15:00,Unresolved,Unresolved->Degrading->Unresolved->Unresolved,Stable Compression Basin,Exact,1.0,1.2954618442339936,0.4444444444444444,0.6,0.0,0.0,0.085538424773057,0.0555555555555555,0.6412558569575977,0.4500489450928527,CompressionPressure,0.6412558569575977,27885.0,27885.5,27873.0,27876.0,Up,1,27886.0,13.0,19.767857142857142,5,27912.75,36.75,1.859078590785908,36.75,1.859078590785908,44.0,-3.5,2.2258355916892505,-0.1770551038843721,1,1,True,True,RotationalPressure > RotationalPressure > CompressionPressure > CompressionPressure > CompressionPressure,1.859078590785908,False,2026-W18
NQ,xApvaV01StateLog_NQ.csv,5565,2026-05-01 02:35:00,Unresolved,Unresolved->Balance->Unresolved->Unresolved,Stable Compression Basin,Exact,1.0,1.2954618442339936,0.5555555555555556,0.6,0.0,0.0,0.0733856469952793,0.0694444444444444,0.6134780791798199,0.4917156117595194,CompressionPressure,0.6134780791798199,27905.25,27916.0,27900.25,27912.0,Up,1,27905.25,15.75,18.071428571428573,5,27913.0,1.0,0.0553359683794466,1.0,0.0553359683794466,12.0,-17.5,0.6640316205533596,-0.9683794466403162,1,1,True,True,RotationalPressure > RotationalPressure > CompressionPressure > CompressionPressure > CompressionPressure,0.0553359683794466,False,2026-W18
NQ,xApvaV01StateLog_NQ.csv,5607,2026-05-01 06:05:00,Unresolved,Degrading->Degrading->Unresolved->Unresolved,Stable Compression Basin,Exact,1.0,0.9709505944517832,0.4444444444444444,0.6,0.0,0.0,0.1103838173345075,0.0555555555555555,0.6615378100689858,0.3790621092029942,CompressionPressure,0.6615378100689858,27951.0,27965.75,27947.25,27959.5,Up,1,27949.25,18.5,10.035714285714286,5,27949.75,-9.75,-0.9715302491103204,-9.75,-0.9715302491103204,3.25,-28.25,0.3238434163701067,-2.8149466192170816,0,1,True,True,RotationalPressure > RotationalPressure > CompressionPressure > CompressionPressure > CompressionPressure,-2.0,True,2026-W18
NQ,xApvaV01StateLog_NQ.csv,5776,2026-05-03 21:10:00,Unresolved,Balance->Balance->Unresolved->Unresolved,Stable Compression Basin,Exact,1.0,0.9709505944517832,0.4444444444444444,0.6,0.0,0.0,0.1103838173345075,0.0555555555555555,0.6615378100689858,0.3790621092029942,CompressionPressure,0.6615378100689858,27770.25,27773.25,27757.0,27769.25,Down,-1,27770.0,16.25,26.339285714285715,5,27789.0,19.75,0.7498305084745762,-19.75,-0.7498305084745762,20.25,-23.25,0.7688135593220339,-0.8827118644067796,0,1,True,True,RotationalPressure > RotationalPressure > CompressionPressure > CompressionPressure > CompressionPressure,-0.7498305084745762,False,2026-W18
NQ,xApvaV01StateLog_NQ.csv,5813,2026-05-04 00:15:00,Unresolved,Balance->Unresolved->Unresolved->Unresolved,Stable Compression Basin,Exact,1.0,1.2954618442339936,0.3333333333333333,0.6,0.0,0.0,0.0976912025508348,0.0416666666666666,0.6690336347353755,0.4083822784261861,CompressionPressure,0.6690336347353755,27750.75,27753.25,27746.75,27752.75,Down,-1,27752.0,6.5,9.946428571428571,5,27739.75,-13.0,-1.3070017953321365,13.0,1.3070017953321365,21.0,-8.25,2.111310592459605,-0.829443447037702,1,1,True,True,RotationalPressure > RotationalPressure > CompressionPressure > CompressionPressure > CompressionPressure,1.3070017953321365,False,2026-W19
NQ,xApvaV01StateLog_NQ.csv,5892,2026-05-04 06:50:00,Degrading,Unresolved->Balance->Unresolved->Degrading,Stable Compression Basin,Soft,0.4142135623730951,1.1567796494427114,0.4444444444444444,0.7,0.0,0.0,0.1078229469784313,0.0555555555555555,0.6915901607987194,0.4197122149822597,CompressionPressure,0.6915901607987194,27852.5,27873.5,27847.5,27851.75,Up,1,27852.75,26.0,12.214285714285714,5,27829.5,-22.25,-1.8216374269005848,-22.25,-1.8216374269005848,1.0,-33.5,0.0818713450292397,-2.7426900584795324,0,1,True,True,RotationalPressure > RotationalPressure > CompressionPressure > CompressionPressure > CompressionPressure,-2.0,True,2026-W19
NQ,xApvaV01StateLog_NQ.csv,5896,2026-05-04 07:10:00,Unresolved,Unresolved->Balance->Unresolved->Unresolved,Stable Compression Basin,Exact,1.0,1.1567796494427114,0.5555555555555556,0.7,0.0,0.0,0.0956701692006535,0.0694444444444444,0.6638123830209416,0.4613788816489264,CompressionPressure,0.6638123830209416,27833.5,27836.25,27818.25,27820.75,Down,-1,27833.75,18.0,13.160714285714286,5,27862.75,42.0,3.191316146540027,-42.0,-3.191316146540027,1.5,-50.5,0.1139755766621438,-3.8371777476255087,0,1,True,True,RotationalPressure > RotationalPressure > CompressionPressure > CompressionPressure > CompressionPressure,-2.0,True,2026-W19
NQ,xApvaV01StateLog_NQ.csv,5964,2026-05-04 12:50:00,Unresolved,Unresolved->Balance->Unresolved->Unresolved,Stable Compression Basin,Exact,1.0,1.1567796494427114,0.2222222222222222,0.7,0.0,0.0,0.1321285025339868,0.0277777777777777,0.747145716354275,0.3363788816489264,CompressionPressure,0.747145716354275,27942.5,27942.5,27928.5,27935.5,Up,1,27943.75,15.25,14.232142857142858,5,27988.25,52.75,3.706398996235885,52.75,3.706398996235885,70.5,-2.75,4.95357590966123,-0.1932245922208281,1,1,True,True,RotationalPressure > RotationalPressure > CompressionPressure > CompressionPressure > CompressionPressure,3.706398996235885,False,2026-W19
NQ,xApvaV01StateLog_NQ.csv,5973,2026-05-04 13:35:00,Unresolved,Degrading->Unresolved->Unresolved->Unresolved,Stable Compression Basin,Exact,1.0,1.2954618442339936,0.5555555555555556,0.6,0.0,0.0,0.0733856469952793,0.0694444444444444,0.6134780791798199,0.4917156117595194,CompressionPressure,0.6134780791798199,27976.5,27981.0,27970.25,27975.5,Down,-1,27976.5,10.75,15.875,5,27990.5,15.0,0.9448818897637796,-15.0,-0.9448818897637796,4.0,-33.0,0.2519685039370078,-2.078740157480315,0,1,True,True,RotationalPressure > RotationalPressure > CompressionPressure > CompressionPressure > CompressionPressure,-2.0,True,2026-W19
NQ,xApvaV01StateLog_NQ.csv,5977,2026-05-04 13:55:00,Unresolved,Balance->Balance->Unresolved->Unresolved,Stable Compression Basin,Exact,1.0,0.9709505944517832,0.4444444444444444,0.6,0.0,0.0,0.1103838173345075,0.0555555555555555,0.6615378100689858,0.3790621092029942,CompressionPressure,0.6615378100689858,27988.5,28008.5,27988.5,27997.5,Up,1,27989.25,20.0,17.178571428571427,5,28025.25,27.75,1.6153846153846154,27.75,1.6153846153846154,33.75,-26.5,1.964656964656965,-1.5426195426195428,1,1,True,True,RotationalPressure > RotationalPressure > CompressionPressure > CompressionPressure > CompressionPressure,1.6153846153846154,False,2026-W19
NQ,xApvaV01StateLog_NQ.csv,6097,2026-05-05 00:55:00,Unresolved,Degrading->Unresolved->Unresolved->Unresolved,Stable Compression Basin,Exact,1.0,1.1567796494427114,0.5555555555555556,0.7,0.0,0.0,0.0956701692006535,0.0694444444444444,0.6638123830209416,0.4613788816489264,CompressionPressure,0.6638123830209416,28352.75,28355.0,28307.0,28332.25,Down,-1,28351.75,48.0,21.303571428571427,5,28263.5,-68.75,-3.2271584241408218,68.75,3.2271584241408218,84.25,-9.0,3.954735959765298,-0.4224643755238894,1,1,True,True,RotationalPressure > RotationalPressure > CompressionPressure > CompressionPressure > CompressionPressure,3.2271584241408218,False,2026-W19
NQ,xApvaV01StateLog_NQ.csv,6112,2026-05-05 02:10:00,Unresolved,Unresolved->Unresolved->Unresolved->Unresolved,Pure Unresolved Compression Equilibrium,Exact,1.0,1.2954618442339936,0.5555555555555556,0.6,0.0,0.0,0.0733856469952793,0.0694444444444444,0.6134780791798199,0.4917156117595194,CompressionPressure,0.6134780791798199,28301.75,28309.0,28297.0,28301.25,Up,1,28301.25,12.0,22.535714285714285,5,28291.0,-10.25,-0.4548335974643423,-10.25,-0.4548335974643423,1.75,-26.75,0.0776545166402535,-1.1870047543581617,0,1,True,True,RotationalPressure > RotationalPressure > CompressionPressure > CompressionPressure > CompressionPressure,-0.4548335974643423,False,2026-W19
NQ,xApvaV01StateLog_NQ.csv,6121,2026-05-05 02:55:00,Unresolved,Unresolved->Balance->Degrading->Unresolved,Stable Compression Basin,Soft,1.0,1.1567796494427114,0.2222222222222222,0.7,0.0,0.0,0.1321285025339868,0.0277777777777777,0.747145716354275,0.3363788816489264,CompressionPressure,0.747145716354275,28284.5,28292.75,28275.75,28291.0,Up,1,28285.0,17.0,16.392857142857142,5,28280.5,-10.5,-0.6405228758169935,-10.5,-0.6405228758169935,5.5,-20.0,0.3355119825708061,-1.2200435729847494,0,1,True,True,RotationalPressure > RotationalPressure > CompressionPressure > CompressionPressure > CompressionPressure,-0.6405228758169935,False,2026-W19
NQ,xApvaV01StateLog_NQ.csv,6162,2026-05-05 06:20:00,Unresolved,Balance->Unresolved->Unresolved->Unresolved,Stable Compression Basin,Exact,1.0,0.8812908992278072,0.3333333333333333,0.7,0.0,0.0,0.1410678321945376,0.0416666666666666,0.7365859854649287,0.3177823842060828,CompressionPressure,0.7365859854649287,28345.5,28347.25,28335.0,28336.75,Up,1,28346.0,12.25,11.517857142857142,5,28355.0,18.25,1.5844961240310078,18.25,1.5844961240310078,23.0,-5.75,1.9968992248062016,-0.4992248062015504,1,1,True,True,RotationalPressure > RotationalPressure > CompressionPressure > CompressionPressure > CompressionPressure,1.5844961240310078,False,2026-W19
NQ,xApvaV01StateLog_NQ.csv,6236,2026-05-05 12:30:00,Unresolved,Balance->Unresolved->Unresolved->Unresolved,Stable Compression Basin,Exact,1.0,0.8812908992278072,0.6666666666666666,0.7,0.0,0.0,0.1046094988612043,0.0833333333333333,0.6532526521315953,0.4427823842060827,CompressionPressure,0.6532526521315953,28603.5,28605.0,28546.5,28548.0,Down,-1,28602.5,58.5,29.482142857142858,5,28492.75,-55.25,-1.874015748031496,55.25,1.874015748031496,79.0,-13.0,2.679588128407026,-0.4409448818897638,1,1,True,True,RotationalPressure > RotationalPressure > CompressionPressure > CompressionPressure > CompressionPressure,1.874015748031496,False,2026-W19
NQ,xApvaV01StateLog_NQ.csv,6288,2026-05-05 17:50:00,Degrading,Degrading->Degrading->Degrading->Degrading,Sponsor Exhaustion Collapse,Exact,1.0,0.8812908992278072,0.1111111111111111,0.7,0.0,0.0,0.1653733877500932,0.1138888888888889,0.3421415410204842,0.2344490508727494,CompressionPressure,0.3421415410204842,28560.5,28579.5,28554.0,28573.0,Up,1,28560.25,25.5,26.142857142857142,5,28574.0,1.0,0.0382513661202185,1.0,0.0382513661202185,28.25,-7.0,1.080601092896175,-0.2677595628415301,1,1,True,True,RotationalPressure > RotationalPressure > CompressionPressure > CompressionPressure > CompressionPressure,0.0382513661202185,False,2026-W19
NQ,xApvaV01StateLog_NQ.csv,6296,2026-05-05 18:30:00,Unresolved,Degrading->Degrading->Unresolved->Unresolved,Stable Compression Basin,Exact,1.0,1.2954618442339936,0.4444444444444444,0.6,0.0,0.0,0.085538424773057,0.0555555555555555,0.6412558569575977,0.4500489450928527,CompressionPressure,0.6412558569575977,28573.5,28585.0,28567.25,28567.75,Down,-1,28574.25,17.75,23.589285714285715,5,28561.75,-6.0,-0.2543527630582892,6.0,0.2543527630582892,55.5,-3.0,2.3527630582891748,-0.1271763815291446,1,1,True,True,RotationalPressure > RotationalPressure > CompressionPressure > CompressionPressure > CompressionPressure,0.2543527630582892,False,2026-W19
NQ,xApvaV01StateLog_NQ.csv,6388,2026-05-06 02:10:00,Degrading,Degrading->Degrading->Degrading->Degrading,Sponsor Exhaustion Collapse,Exact,1.0,0.8812908992278072,0.1111111111111111,0.7,0.0,0.0,0.1653733877500932,0.1138888888888889,0.3421415410204842,0.2344490508727494,CompressionPressure,0.3421415410204842,28668.75,28672.0,28663.75,28668.75,Up,1,28668.75,8.25,15.160714285714286,5,28705.5,36.75,2.4240282685512367,36.75,2.4240282685512367,38.0,-5.75,2.5064782096584217,-0.3792697290930506,1,1,True,True,RotationalPressure > RotationalPressure > CompressionPressure > CompressionPressure > CompressionPressure,2.4240282685512367,False,2026-W19
NQ,xApvaV01StateLog_NQ.csv,6435,2026-05-06 06:05:00,Unresolved,Unresolved->Balance->Unresolved->Unresolved,Stable Compression Basin,Exact,1.0,1.2954618442339936,0.5555555555555556,0.6,0.0,0.0,0.0733856469952793,0.0694444444444444,0.6134780791798199,0.4917156117595194,CompressionPressure,0.6134780791798199,28711.75,28714.5,28704.25,28704.25,Down,-1,28712.75,10.25,10.232142857142858,5,28724.5,20.25,1.9790575916230368,-20.25,-1.9790575916230368,5.75,-23.5,0.5619546247818499,-2.2966841186736477,0,1,True,True,RotationalPressure > RotationalPressure > CompressionPressure > CompressionPressure > CompressionPressure,-2.0,True,2026-W19
NQ,xApvaV01StateLog_NQ.csv,6530,2026-05-06 14:00:00,Degrading,Degrading->Degrading->Degrading->Degrading,Sponsor Exhaustion Collapse,Exact,1.0,0.8812908992278072,0.2222222222222222,0.7,0.0,0.0,0.1532206099723154,0.1277777777777777,0.3143637632427065,0.2761157175394161,CompressionPressure,0.3143637632427065,28733.75,28744.0,28727.25,28743.25,Down,-1,28733.75,16.75,17.017857142857142,5,28773.25,30.0,1.7628541448058763,-30.0,-1.7628541448058763,22.5,-34.25,1.3221406086044072,-2.012591815320042,0,1,True,True,RotationalPressure > RotationalPressure > CompressionPressure > CompressionPressure > CompressionPressure,-2.0,True,2026-W19
NQ,xApvaV01StateLog_NQ.csv,6549,2026-05-06 16:35:00,Unresolved,Unresolved->Balance->Unresolved->Unresolved,Stable Compression Basin,Exact,1.0,1.1567796494427114,0.5555555555555556,0.7,0.0,0.0,0.0956701692006535,0.0694444444444444,0.6638123830209416,0.4613788816489264,CompressionPressure,0.6638123830209416,28899.25,28918.25,28870.25,28882.0,Down,-1,28899.25,48.0,38.625,5,28862.5,-19.5,-0.5048543689320388,19.5,0.5048543689320388,35.0,-62.75,0.906148867313916,-1.6245954692556634,1,1,True,True,RotationalPressure > RotationalPressure > CompressionPressure > CompressionPressure > CompressionPressure,0.5048543689320388,False,2026-W19
NQ,xApvaV01StateLog_NQ.csv,6554,2026-05-06 17:00:00,Unresolved,Balance->Balance->Unresolved->Unresolved,Stable Compression Basin,Exact,1.0,0.8812908992278072,0.4444444444444444,0.7,0.0,0.0,0.1289150544167598,0.0555555555555555,0.7088082076871509,0.3594490508727494,CompressionPressure,0.7088082076871509,28882.75,28889.5,28853.0,28862.5,Down,-1,28882.0,36.5,37.30357142857143,5,28881.25,18.75,0.5026328386787936,-18.75,-0.5026328386787936,38.75,-34.0,1.0387745332695069,-0.9114408808042124,0,1,True,True,RotationalPressure > RotationalPressure > CompressionPressure > CompressionPressure > CompressionPressure,-0.5026328386787936,False,2026-W19
NQ,xApvaV01StateLog_NQ.csv,6558,2026-05-06 17:20:00,Unresolved,Unresolved->Degrading->Unresolved->Unresolved,Stable Compression Basin,Exact,1.0,1.1567796494427114,0.4444444444444444,0.7,0.0,0.0,0.1078229469784313,0.0555555555555555,0.6915901607987194,0.4197122149822597,CompressionPressure,0.6915901607987194,28854.5,28890.75,28850.5,28888.5,Down,-1,28853.75,40.25,36.32142857142857,5,28784.25,-104.25,-2.870206489675516,104.25,2.870206489675516,115.75,-8.0,3.1868239921337267,-0.2202556538839724,1,1,True,True,RotationalPressure > RotationalPressure > CompressionPressure > CompressionPressure > CompressionPressure,2.870206489675516,False,2026-W19
NQ,xApvaV01StateLog_NQ.csv,6562,2026-05-06 17:40:00,Unresolved,Balance->Balance->Unresolved->Unresolved,Stable Compression Basin,Exact,1.0,1.1567796494427114,0.4444444444444444,0.7,0.0,0.0,0.1078229469784313,0.0555555555555555,0.6915901607987194,0.4197122149822597,CompressionPressure,0.6915901607987194,28850.0,28851.0,28818.25,28837.0,Down,-1,28849.75,32.75,36.58928571428572,5,28659.0,-178.0,-4.864812103465105,178.0,4.864812103465105,200.0,-2.5,5.466081015129332,-0.0683260126891166,1,1,True,True,RotationalPressure > RotationalPressure > CompressionPressure > CompressionPressure > CompressionPressure,4.864812103465105,False,2026-W19
NQ,xApvaV01StateLog_NQ.csv,6571,2026-05-06 18:25:00,Unresolved,Unresolved->Balance->Unresolved->Unresolved,Stable Compression Basin,Exact,1.0,0.8812908992278072,0.2222222222222222,0.7,0.0,0.0,0.1532206099723154,0.0277777777777777,0.7643637632427065,0.2761157175394161,CompressionPressure,0.7643637632427065,28763.0,28765.0,28713.0,28716.25,Up,1,28762.75,52.0,44.82142857142857,5,28688.25,-28.0,-0.6247011952191235,-28.0,-0.6247011952191235,28.5,-55.25,0.6358565737051793,-1.2326693227091634,0,1,True,True,RotationalPressure > RotationalPressure > CompressionPressure > CompressionPressure > CompressionPressure,-0.6247011952191235,False,2026-W19
NQ,xApvaV01StateLog_NQ.csv,6574,2026-05-06 18:40:00,Unresolved,Unresolved->Balance->Unresolved->Unresolved,Stable Compression Basin,Exact,1.0,0.9709505944517832,0.3333333333333333,0.6,0.0,0.0,0.1225365951122853,0.0416666666666666,0.6893155878467636,0.3373954425363276,CompressionPressure,0.6893155878467636,28713.25,28721.5,28684.25,28713.5,Up,1,28711.75,37.25,45.96428571428572,5,28626.0,-87.5,-1.9036519036519035,-87.5,-1.9036519036519035,8.75,-95.5,0.1903651903651903,-2.0777000777000776,0,1,True,True,RotationalPressure > RotationalPressure > CompressionPressure > CompressionPressure > CompressionPressure,-2.0,True,2026-W19
NQ,xApvaV01StateLog_NQ.csv,6590,2026-05-06 20:00:00,Unresolved,Balance->Balance->Unresolved->Unresolved,Stable Compression Basin,Exact,1.0,1.2954618442339936,0.6666666666666666,0.6,0.0,0.0,0.0612328692175015,0.0833333333333333,0.5857003014020421,0.533382278426186,CompressionPressure,0.5857003014020421,28668.75,28689.75,28654.0,28677.25,Down,-1,28669.5,35.75,56.30357142857143,5,28667.75,-9.5,-0.1687281953694893,9.5,0.1687281953694893,34.75,-30.25,0.6171899777989216,-0.5372660957817951,1,1,True,True,RotationalPressure > RotationalPressure > CompressionPressure > CompressionPressure > CompressionPressure,0.1687281953694893,False,2026-W19
NQ,xApvaV01StateLog_NQ.csv,6604,2026-05-06 21:10:00,Unresolved,Balance->Degrading->Unresolved->Unresolved,Stable Compression Basin,Exact,1.0,0.8812908992278072,0.3333333333333333,0.7,0.0,0.0,0.1410678321945376,0.0416666666666666,0.7365859854649287,0.3177823842060828,CompressionPressure,0.7365859854649287,28617.75,28624.25,28594.0,28600.0,Down,-1,28618.25,30.25,41.73214285714285,5,28674.0,74.0,1.7732135216089004,-74.0,-1.7732135216089004,13.25,-87.0,0.3175010697475396,-2.084724005134788,0,1,True,True,RotationalPressure > RotationalPressure > CompressionPressure > CompressionPressure > CompressionPressure,-2.0,True,2026-W19
NQ,xApvaV01StateLog_NQ.csv,6613,2026-05-06 21:55:00,Unresolved,Balance->Unresolved->Unresolved->Unresolved,Stable Compression Basin,Exact,1.0,0.9709505944517832,0.4444444444444444,0.6,0.0,0.0,0.1103838173345075,0.0555555555555555,0.6615378100689858,0.3790621092029942,CompressionPressure,0.6615378100689858,28744.25,28747.5,28704.25,28706.5,Up,1,28744.0,43.25,43.535714285714285,5,28708.75,2.25,0.0516817063166529,2.25,0.0516817063166529,18.75,-11.5,0.4306808859721083,-0.2641509433962264,1,1,True,True,RotationalPressure > RotationalPressure > CompressionPressure > CompressionPressure > CompressionPressure,0.0516817063166529,False,2026-W19
NQ,xApvaV01StateLog_NQ.csv,6673,2026-05-07 02:55:00,Unresolved,Balance->Unresolved->Unresolved->Unresolved,Stable Compression Basin,Exact,1.0,1.1567796494427114,0.5555555555555556,0.7,0.0,0.0,0.0956701692006535,0.0694444444444444,0.6638123830209416,0.4613788816489264,CompressionPressure,0.6638123830209416,28758.75,28764.0,28754.25,28760.75,Down,-1,28759.5,9.75,12.785714285714286,5,28754.0,-6.75,-0.5279329608938547,6.75,0.5279329608938547,33.0,-1.25,2.5810055865921786,-0.0977653631284916,1,1,True,True,RotationalPressure > RotationalPressure > CompressionPressure > CompressionPressure > CompressionPressure,0.5279329608938547,False,2026-W19
NQ,xApvaV01StateLog_NQ.csv,6718,2026-05-07 06:40:00,Unresolved,Balance->Unresolved->Unresolved->Unresolved,Stable Compression Basin,Exact,1.0,0.9709505944517832,0.4444444444444444,0.6,0.0,0.0,0.1103838173345075,0.0555555555555555,0.6615378100689858,0.3790621092029942,CompressionPressure,0.6615378100689858,28807.25,28809.5,28802.75,28809.25,Up,1,28806.5,6.75,13.142857142857142,5,28817.25,8.0,0.6086956521739131,8.0,0.6086956521739131,14.75,-25.75,1.122282608695652,-1.9592391304347827,1,1,True,True,RotationalPressure > RotationalPressure > CompressionPressure > CompressionPressure > CompressionPressure,0.6086956521739131,False,2026-W19
NQ,xApvaV01StateLog_NQ.csv,6721,2026-05-07 06:55:00,Unresolved,Unresolved->Balance->Unresolved->Unresolved,Stable Compression Basin,Exact,1.0,0.9999999999971146,0.4444444444444444,0.5,0.0,0.0,0.0964930555557764,0.0555555555555555,0.618055555555736,0.3854166666660354,CompressionPressure,0.618055555555736,28814.25,28822.25,28808.75,28820.0,Up,1,28813.0,13.5,13.142857142857142,5,28815.5,-4.5,-0.3423913043478261,-4.5,-0.3423913043478261,13.0,-13.0,0.9891304347826088,-0.9891304347826088,0,1,True,True,RotationalPressure > RotationalPressure > CompressionPressure > CompressionPressure > CompressionPressure,-0.3423913043478261,False,2026-W19
NQ,xApvaV01StateLog_NQ.csv,6726,2026-05-07 07:20:00,Unresolved,Balance->Balance->Unresolved->Unresolved,Stable Compression Basin,Exact,1.0,0.8812908992278072,0.4444444444444444,0.7,0.0,0.0,0.1289150544167598,0.0555555555555555,0.7088082076871509,0.3594490508727494,CompressionPressure,0.7088082076871509,28827.25,28830.5,28812.25,28815.5,Up,1,28826.25,18.25,14.785714285714286,5,28836.25,20.75,1.4033816425120773,20.75,1.4033816425120773,23.0,-5.25,1.5555555555555556,-0.3550724637681159,1,1,True,True,RotationalPressure > RotationalPressure > CompressionPressure > CompressionPressure > CompressionPressure,1.4033816425120773,False,2026-W19
NQ,xApvaV01StateLog_NQ.csv,6821,2026-05-07 16:15:00,Unresolved,Balance->Unresolved->Unresolved->Unresolved,Stable Compression Basin,Exact,1.0,0.8812908992278072,0.2222222222222222,0.7,0.0,0.0,0.1532206099723154,0.0277777777777777,0.7643637632427065,0.2761157175394161,CompressionPressure,0.7643637632427065,29149.25,29166.0,29103.75,29111.25,Up,1,29149.75,62.25,49.08928571428572,5,29157.25,46.0,0.9370680247362676,46.0,0.9370680247362676,48.25,-37.75,0.9829028737722808,-0.7690069116042197,1,1,True,True,RotationalPressure > RotationalPressure > CompressionPressure > CompressionPressure > CompressionPressure,0.9370680247362676,False,2026-W19
NQ,xApvaV01StateLog_NQ.csv,6878,2026-05-07 21:00:00,Degrading,Unresolved->Balance->Unresolved->Degrading,Stable Compression Basin,Soft,0.4142135623730951,1.2954618442339936,0.3333333333333333,0.6,0.0,0.0,0.0976912025508348,0.0416666666666666,0.6690336347353755,0.4083822784261861,CompressionPressure,0.6690336347353755,29294.0,29304.0,29289.5,29294.25,Up,1,29294.75,14.5,21.517857142857142,5,29290.25,-4.0,-0.1858921161825726,-4.0,-0.1858921161825726,11.75,-38.0,0.5460580912863071,-1.7659751037344398,0,1,True,True,RotationalPressure > RotationalPressure > CompressionPressure > CompressionPressure > CompressionPressure,-0.1858921161825726,False,2026-W19
NQ,xApvaV01StateLog_NQ.csv,6891,2026-05-07 22:05:00,Unresolved,Unresolved->Degrading->Unresolved->Unresolved,Stable Compression Basin,Exact,1.0,0.9999999999971146,0.4444444444444444,0.5,0.0,0.0,0.0964930555557764,0.0555555555555555,0.618055555555736,0.3854166666660354,CompressionPressure,0.618055555555736,29343.75,29352.5,29333.25,29335.25,Down,-1,29343.75,19.25,22.928571428571427,5,29341.0,5.75,0.250778816199377,-5.75,-0.250778816199377,3.75,-13.5,0.1635514018691589,-0.588785046728972,0,1,True,True,RotationalPressure > RotationalPressure > CompressionPressure > CompressionPressure > CompressionPressure,-0.250778816199377,False,2026-W19
NQ,xApvaV01StateLog_NQ.csv,6910,2026-05-07 23:40:00,Unresolved,Unresolved->Degrading->Unresolved->Unresolved,Stable Compression Basin,Exact,1.0,0.9709505944517832,0.4444444444444444,0.6,0.0,0.0,0.1103838173345075,0.0555555555555555,0.6615378100689858,0.3790621092029942,CompressionPressure,0.6615378100689858,29282.5,29289.75,29274.25,29279.75,Up,1,29283.5,15.5,23.125,5,29338.0,58.25,2.518918918918919,58.25,2.518918918918919,62.25,-1.5,2.691891891891892,-0.0648648648648648,1,1,True,True,RotationalPressure > RotationalPressure > CompressionPressure > CompressionPressure > CompressionPressure,2.518918918918919,False,2026-W19
NQ,xApvaV01StateLog_NQ.csv,7038,2026-05-08 10:20:00,Unresolved,Balance->Unresolved->Unresolved->Unresolved,Stable Compression Basin,Exact,1.0,1.1567796494427114,0.6666666666666666,0.7,0.0,0.0,0.0835173914228757,0.0833333333333333,0.6360346052431638,0.5030455483155931,CompressionPressure,0.6360346052431638,29319.5,29340.25,29319.5,29332.0,Up,1,29320.25,20.75,19.375,5,29315.5,-16.5,-0.8516129032258064,-16.5,-0.8516129032258064,34.0,-17.0,1.7548387096774194,-0.8774193548387097,0,1,True,True,RotationalPressure > RotationalPressure > CompressionPressure > CompressionPressure > CompressionPressure,-0.8516129032258064,False,2026-W19
NQ,xApvaV01StateLog_NQ.csv,7047,2026-05-08 11:05:00,Unresolved,Balance->Balance->Unresolved->Unresolved,Stable Compression Basin,Exact,1.0,0.9709505944517832,0.4444444444444444,0.6,0.0,0.0,0.1103838173345075,0.0555555555555555,0.6615378100689858,0.3790621092029942,CompressionPressure,0.6615378100689858,29311.5,29314.75,29303.0,29303.75,Down,-1,29314.5,11.75,17.714285714285715,5,29301.5,-2.25,-0.127016129032258,2.25,0.127016129032258,12.25,-14.25,0.6915322580645161,-0.8044354838709677,1,1,True,True,RotationalPressure > RotationalPressure > CompressionPressure > CompressionPressure > CompressionPressure,0.127016129032258,False,2026-W19
NQ,xApvaV01StateLog_NQ.csv,7109,2026-05-10 17:15:00,Unresolved,Balance->Balance->Unresolved->Unresolved,Stable Compression Basin,Exact,1.0,0.9999999999971146,0.5555555555555556,0.5,0.0,0.0,0.0843402777779986,0.0694444444444444,0.5902777777779582,0.4270833333327021,CompressionPressure,0.5902777777779582,29406.5,29429.5,29403.0,29427.0,Up,1,29406.25,26.5,43.142857142857146,5,29463.0,36.0,0.8344370860927152,36.0,0.8344370860927152,38.5,-21.25,0.8923841059602649,-0.4925496688741722,1,1,True,True,RotationalPressure > RotationalPressure > CompressionPressure > CompressionPressure > CompressionPressure,0.8344370860927152,False,2026-W19
NQ,xApvaV01StateLog_NQ.csv,7125,2026-05-10 18:35:00,Unresolved,Degrading->Unresolved->Unresolved->Unresolved,Stable Compression Basin,Exact,1.0,1.1567796494427114,0.5555555555555556,0.7,0.0,0.0,0.0956701692006535,0.0694444444444444,0.6638123830209416,0.4613788816489264,CompressionPressure,0.6638123830209416,29413.5,29431.0,29406.0,29410.25,Down,-1,29414.5,25.0,26.071428571428573,5,29390.25,-20.0,-0.7671232876712328,20.0,0.7671232876712328,27.5,-22.25,1.0547945205479452,-0.8534246575342466,1,1,True,True,RotationalPressure > RotationalPressure > CompressionPressure > CompressionPressure > CompressionPressure,0.7671232876712328,False,2026-W19
NQ,xApvaV01StateLog_NQ.csv,7144,2026-05-10 20:10:00,Unresolved,Balance->Unresolved->Unresolved->Unresolved,Stable Compression Basin,Exact,1.0,0.9709505944517832,0.4444444444444444,0.6,0.0,0.0,0.1103838173345075,0.0555555555555555,0.6615378100689858,0.3790621092029942,CompressionPressure,0.6615378100689858,29463.0,29469.5,29448.25,29465.0,Down,-1,29462.5,21.25,21.232142857142858,5,29439.5,-25.5,-1.2010092514718251,25.5,1.2010092514718251,33.25,-10.0,1.5660218671152228,-0.4709840201850294,1,1,True,True,RotationalPressure > RotationalPressure > CompressionPressure > CompressionPressure > CompressionPressure,1.2010092514718251,False,2026-W19
NQ,xApvaV01StateLog_NQ.csv,7153,2026-05-10 20:55:00,Unresolved,Balance->Balance->Unresolved->Unresolved,Stable Compression Basin,Exact,1.0,1.2954618442339936,0.5555555555555556,0.6,0.0,0.0,0.0733856469952793,0.0694444444444444,0.6134780791798199,0.4917156117595194,CompressionPressure,0.6134780791798199,29379.75,29427.25,29376.0,29424.75,Down,-1,29379.5,51.25,24.035714285714285,5,29386.75,-38.0,-1.5809806835066866,38.0,1.5809806835066866,53.5,-9.75,2.225854383358098,-0.4056463595839524,1,1,True,True,RotationalPressure > RotationalPressure > CompressionPressure > CompressionPressure > CompressionPressure,1.5809806835066866,False,2026-W19
NQ,xApvaV01StateLog_NQ.csv,7174,2026-05-10 22:40:00,Unresolved,Degrading->Degrading->Degrading->Unresolved,Stable Compression Basin,Exact,1.0,1.2954618442339936,0.2222222222222222,0.6,0.0,0.0,0.1098439803286126,0.0277777777777777,0.6968114125131533,0.3667156117595194,CompressionPressure,0.6968114125131533,29399.75,29406.25,29389.5,29404.0,Down,-1,29400.25,16.75,24.232142857142858,5,29428.0,24.0,0.9904200442151804,-24.0,-0.9904200442151804,8.75,-28.25,0.3610906411201179,-1.165806927044952,0,1,True,True,RotationalPressure > RotationalPressure > CompressionPressure > CompressionPressure > CompressionPressure,-0.9904200442151804,False,2026-W19
NQ,xApvaV01StateLog_NQ.csv,7522,2026-05-12 04:40:00,Unresolved,Unresolved->Degrading->Unresolved->Unresolved,Stable Compression Basin,Exact,1.0,1.2954618442339936,0.5555555555555556,0.6,0.0,0.0,0.0733856469952793,0.0694444444444444,0.6134780791798199,0.4917156117595194,CompressionPressure,0.6134780791798199,29250.25,29252.75,29239.0,29248.0,Down,-1,29249.75,13.75,14.339285714285714,5,29262.75,14.75,1.028642590286426,-14.75,-1.028642590286426,4.0,-18.0,0.2789539227895392,-1.2552926525529269,0,1,True,True,RotationalPressure > RotationalPressure > CompressionPressure > CompressionPressure > CompressionPressure,-1.028642590286426,False,2026-W20
NQ,xApvaV01StateLog_NQ.csv,7525,2026-05-12 04:55:00,Unresolved,Unresolved->Degrading->Unresolved->Unresolved,Stable Compression Basin,Exact,1.0,0.9999999999971146,0.5555555555555556,0.5,0.0,0.0,0.0843402777779986,0.0694444444444444,0.5902777777779582,0.4270833333327021,CompressionPressure,0.5902777777779582,29263.0,29263.75,29254.0,29260.0,Up,1,29261.25,9.75,14.303571428571429,5,29273.25,13.25,0.926342072409488,13.25,0.926342072409488,37.75,-4.5,2.6392009987515603,-0.3146067415730337,1,1,True,True,RotationalPressure > RotationalPressure > CompressionPressure > CompressionPressure > CompressionPressure,0.926342072409488,False,2026-W20
NQ,xApvaV01StateLog_NQ.csv,7533,2026-05-12 05:35:00,Unresolved,Unresolved->Degrading->Unresolved->Unresolved,Stable Compression Basin,Exact,1.0,0.9709505944517832,0.4444444444444444,0.6,0.0,0.0,0.1103838173345075,0.0555555555555555,0.6615378100689858,0.3790621092029942,CompressionPressure,0.6615378100689858,29278.75,29285.25,29278.25,29283.75,Up,1,29278.5,7.0,12.589285714285714,5,29295.0,11.25,0.8936170212765958,11.25,0.8936170212765958,26.25,-8.25,2.0851063829787235,-0.6553191489361703,1,1,True,True,RotationalPressure > RotationalPressure > CompressionPressure > CompressionPressure > CompressionPressure,0.8936170212765958,False,2026-W20
NQ,xApvaV01StateLog_NQ.csv,7587,2026-05-12 10:05:00,Unresolved,Unresolved->Degrading->Unresolved->Unresolved,Stable Compression Basin,Exact,1.0,0.8812908992278072,0.3333333333333333,0.7,0.0,0.0,0.1410678321945376,0.0416666666666666,0.7365859854649287,0.3177823842060828,CompressionPressure,0.7365859854649287,29380.0,29391.75,29373.75,29377.25,Down,-1,29380.0,18.0,19.196428571428573,5,29414.0,36.75,1.9144186046511624,-36.75,-1.9144186046511624,10.5,-41.5,0.5469767441860465,-2.1618604651162787,0,1,True,True,RotationalPressure > RotationalPressure > CompressionPressure > CompressionPressure > CompressionPressure,-2.0,True,2026-W20
NQ,xApvaV01StateLog_NQ.csv,7590,2026-05-12 10:20:00,Unresolved,Unresolved->Degrading->Unresolved->Unresolved,Stable Compression Basin,Exact,1.0,0.9999999999971146,0.5555555555555556,0.5,0.0,0.0,0.0843402777779986,0.0694444444444444,0.5902777777779582,0.4270833333327021,CompressionPressure,0.5902777777779582,29387.25,29411.75,29376.0,29408.75,Up,1,29388.0,35.75,19.089285714285715,5,29421.0,12.25,0.6417212347988774,12.25,0.6417212347988774,17.75,-6.0,0.9298409728718428,-0.314312441534144,1,1,True,True,RotationalPressure > RotationalPressure > CompressionPressure > CompressionPressure > CompressionPressure,0.6417212347988774,False,2026-W20
NQ,xApvaV01StateLog_NQ.csv,7669,2026-05-12 17:55:00,Unresolved,Balance->Balance->Unresolved->Unresolved,Stable Compression Basin,Exact,1.0,1.1567796494427114,0.3333333333333333,0.7,0.0,0.0,0.119975724756209,0.0416666666666666,0.7193679385764972,0.3780455483155931,CompressionPressure,0.7193679385764972,29356.75,29367.75,29333.25,29367.25,Up,1,29356.75,34.5,36.767857142857146,5,29440.0,72.75,1.9786304031083048,72.75,1.9786304031083048,77.5,-3.25,2.1078193297717336,-0.0883924235065565,1,1,True,True,RotationalPressure > RotationalPressure > CompressionPressure > CompressionPressure > CompressionPressure,1.9786304031083048,False,2026-W20
NQ,xApvaV01StateLog_NQ.csv,7770,2026-05-13 02:20:00,Unresolved,Unresolved->Balance->Unresolved->Unresolved,Stable Compression Basin,Exact,1.0,1.2954618442339936,0.3333333333333333,0.6,0.0,0.0,0.0976912025508348,0.0416666666666666,0.6690336347353755,0.4083822784261861,CompressionPressure,0.6690336347353755,29678.0,29682.75,29656.75,29662.5,Up,1,29679.5,26.0,19.625,5,29607.75,-54.75,-2.789808917197452,-54.75,-2.789808917197452,1.75,-59.5,0.0891719745222929,-3.031847133757962,0,1,True,True,RotationalPressure > RotationalPressure > CompressionPressure > CompressionPressure > CompressionPressure,-2.0,True,2026-W20
NQ,xApvaV01StateLog_NQ.csv,7779,2026-05-13 03:05:00,Unresolved,Unresolved->Balance->Unresolved->Unresolved,Stable Compression Basin,Exact,1.0,1.2954618442339936,0.5555555555555556,0.6,0.0,0.0,0.0733856469952793,0.0694444444444444,0.6134780791798199,0.4917156117595194,CompressionPressure,0.6134780791798199,29616.0,29627.75,29608.5,29610.0,Down,-1,29615.75,19.25,22.160714285714285,5,29622.5,12.5,0.5640612409347301,-12.5,-0.5640612409347301,0.0,-25.0,0.0,-1.1281224818694602,0,1,True,True,RotationalPressure > RotationalPressure > CompressionPressure > CompressionPressure > CompressionPressure,-0.5640612409347301,False,2026-W20
NQ,xApvaV01StateLog_NQ.csv,7782,2026-05-13 03:20:00,Unresolved,Unresolved->Balance->Unresolved->Unresolved,Stable Compression Basin,Exact,1.0,1.1567796494427114,0.5555555555555556,0.7,0.0,0.0,0.0956701692006535,0.0694444444444444,0.6638123830209416,0.4613788816489264,CompressionPressure,0.6638123830209416,29625.75,29634.25,29621.75,29626.25,Up,1,29627.5,12.5,19.910714285714285,5,29587.25,-39.0,-1.958744394618834,-39.0,-1.958744394618834,8.75,-54.25,0.4394618834080718,-2.724663677130045,0,1,True,True,RotationalPressure > RotationalPressure > CompressionPressure > CompressionPressure > CompressionPressure,-2.0,True,2026-W20
NQ,xApvaV01StateLog_NQ.csv,7804,2026-05-13 05:10:00,Unresolved,Balance->Unresolved->Unresolved->Unresolved,Stable Compression Basin,Exact,1.0,1.1567796494427114,0.2222222222222222,0.7,0.0,0.0,0.1321285025339868,0.0277777777777777,0.747145716354275,0.3363788816489264,CompressionPressure,0.747145716354275,29554.5,29564.5,29552.25,29564.5,Up,1,29555.5,12.25,21.446428571428573,5,29593.5,29.0,1.3522064945878434,29.0,1.3522064945878434,34.25,-4.25,1.5970024979184012,-0.1981681931723563,1,1,True,True,RotationalPressure > RotationalPressure > CompressionPressure > CompressionPressure > CompressionPressure,1.3522064945878434,False,2026-W20
NQ,xApvaV01StateLog_NQ.csv,7817,2026-05-13 06:15:00,Unresolved,Unresolved->Degrading->Unresolved->Unresolved,Stable Compression Basin,Exact,1.0,1.2954618442339936,0.4444444444444444,0.6,0.0,0.0,0.085538424773057,0.0555555555555555,0.6412558569575977,0.4500489450928527,CompressionPressure,0.6412558569575977,29557.5,29567.25,29550.5,29566.25,Up,1,29558.5,16.75,19.232142857142858,5,29605.25,39.0,2.027855153203342,39.0,2.027855153203342,46.75,-20.0,2.4308263695450325,-1.0399257195914575,1,1,True,True,RotationalPressure > RotationalPressure > CompressionPressure > CompressionPressure > CompressionPressure,2.027855153203342,False,2026-W20
NQ,xApvaV01StateLog_NQ.csv,7833,2026-05-13 07:35:00,Unresolved,Unresolved->Balance->Unresolved->Unresolved,Stable Compression Basin,Exact,1.0,1.1567796494427114,0.2222222222222222,0.7,0.0,0.0,0.1321285025339868,0.0277777777777777,0.747145716354275,0.3363788816489264,CompressionPressure,0.747145716354275,29631.75,29633.25,29603.25,29613.75,Down,-1,29632.5,30.0,20.785714285714285,5,29594.75,-19.0,-0.914089347079038,19.0,0.914089347079038,32.5,-19.75,1.563573883161512,-0.950171821305842,1,1,True,True,RotationalPressure > RotationalPressure > CompressionPressure > CompressionPressure > CompressionPressure,0.914089347079038,False,2026-W20
NQ,xApvaV01StateLog_NQ.csv,7862,2026-05-13 10:00:00,Unresolved,Unresolved->Degrading->Unresolved->Unresolved,Stable Compression Basin,Exact,1.0,1.2954618442339936,0.3333333333333333,0.6,0.0,0.0,0.0976912025508348,0.0416666666666666,0.6690336347353755,0.4083822784261861,CompressionPressure,0.6690336347353755,29569.0,29583.25,29543.5,29558.5,Down,-1,29569.25,39.75,25.142857142857142,5,29498.0,-60.5,-2.40625,60.5,2.40625,78.0,-8.0,3.1022727272727275,-0.3181818181818182,1,1,True,True,RotationalPressure > RotationalPressure > CompressionPressure > CompressionPressure > CompressionPressure,2.40625,False,2026-W20
NQ,xApvaV01StateLog_NQ.csv,7876,2026-05-13 11:10:00,Unresolved,Balance->Unresolved->Unresolved->Unresolved,Stable Compression Basin,Exact,1.0,0.9999999999971146,0.4444444444444444,0.5,0.0,0.0,0.0964930555557764,0.0555555555555555,0.618055555555736,0.3854166666660354,CompressionPressure,0.618055555555736,29572.75,29574.25,29534.25,29536.5,Down,-1,29571.5,40.0,26.482142857142858,5,29538.0,1.5,0.0566419420094403,-1.5,-0.0566419420094403,22.0,-22.75,0.8307484828051247,-0.8590694538098449,0,1,True,True,RotationalPressure > RotationalPressure > CompressionPressure > CompressionPressure > CompressionPressure,-0.0566419420094403,False,2026-W20
NQ,xApvaV01StateLog_NQ.csv,7927,2026-05-13 16:25:00,Unresolved,Degrading->Degrading->Unresolved->Unresolved,Stable Compression Basin,Exact,1.0,0.8812908992278072,0.2222222222222222,0.7,0.0,0.0,0.1532206099723154,0.0277777777777777,0.7643637632427065,0.2761157175394161,CompressionPressure,0.7643637632427065,29632.75,29679.25,29623.75,29677.5,Up,1,29632.25,55.5,62.517857142857146,5,29682.75,5.25,0.0839760068551842,5.25,0.0839760068551842,52.5,-13.5,0.8397600685518423,-0.2159383033419023,1,1,True,True,RotationalPressure > RotationalPressure > CompressionPressure > CompressionPressure > CompressionPressure,0.0839760068551842,False,2026-W20
NQ,xApvaV01StateLog_NQ.csv,7973,2026-05-13 20:15:00,Unresolved,Balance->Balance->Unresolved->Unresolved,Stable Compression Basin,Exact,1.0,0.8812908992278072,0.4444444444444444,0.7,0.0,0.0,0.1289150544167598,0.0555555555555555,0.7088082076871509,0.3594490508727494,CompressionPressure,0.7088082076871509,29677.75,29684.75,29660.25,29673.5,Down,-1,29678.0,24.5,37.785714285714285,5,29697.75,24.25,0.6417769376181475,-24.25,-0.6417769376181475,18.5,-28.25,0.4896030245746692,-0.7476370510396976,0,1,True,True,RotationalPressure > RotationalPressure > CompressionPressure > CompressionPressure > CompressionPressure,-0.6417769376181475,False,2026-W20
NQ,xApvaV01StateLog_NQ.csv,8065,2026-05-14 03:55:00,Unresolved,Unresolved->Balance->Unresolved->Unresolved,Stable Compression Basin,Exact,1.0,0.8812908992278072,0.5555555555555556,0.7,0.0,0.0,0.1167622766389821,0.0694444444444444,0.6810304299093731,0.4011157175394161,CompressionPressure,0.6810304299093731,29578.25,29582.75,29563.5,29566.5,Down,-1,29577.25,19.25,28.535714285714285,5,29547.5,-19.0,-0.6658322903629537,19.0,0.6658322903629537,23.25,-27.0,0.8147684605757197,-0.9461827284105132,1,1,True,True,RotationalPressure > RotationalPressure > CompressionPressure > CompressionPressure > CompressionPressure,0.6658322903629537,False,2026-W20
NQ,xApvaV01StateLog_NQ.csv,8070,2026-05-14 04:20:00,Unresolved,Balance->Balance->Unresolved->Unresolved,Stable Compression Basin,Exact,1.0,0.8812908992278072,0.4444444444444444,0.7,0.0,0.0,0.1289150544167598,0.0555555555555555,0.7088082076871509,0.3594490508727494,CompressionPressure,0.7088082076871509,29570.75,29577.0,29543.25,29547.5,Down,-1,29572.25,33.75,24.982142857142858,5,29563.25,15.75,0.6304503216583274,-15.75,-0.6304503216583274,16.25,-38.0,0.6504646175839885,-1.52108649035025,0,1,True,True,RotationalPressure > RotationalPressure > CompressionPressure > CompressionPressure > CompressionPressure,-0.6304503216583274,False,2026-W20
NQ,xApvaV01StateLog_NQ.csv,8104,2026-05-14 07:10:00,Unresolved,Degrading->Degrading->Unresolved->Unresolved,Stable Compression Basin,Exact,1.0,0.9709505944517832,0.4444444444444444,0.6,0.0,0.0,0.1103838173345075,0.0555555555555555,0.6615378100689858,0.3790621092029942,CompressionPressure,0.6615378100689858,29308.0,29309.75,29271.25,29281.5,Down,-1,29308.0,38.5,39.285714285714285,5,29409.25,127.75,3.251818181818182,-127.75,-3.251818181818182,17.75,-133.0,0.4518181818181818,-3.3854545454545457,0,1,True,True,RotationalPressure > RotationalPressure > CompressionPressure > CompressionPressure > CompressionPressure,-2.0,True,2026-W20
NQ,xApvaV01StateLog_NQ.csv,8107,2026-05-14 07:25:00,Unresolved,Unresolved->Balance->Unresolved->Unresolved,Stable Compression Basin,Exact,1.0,1.2954618442339936,0.4444444444444444,0.6,0.0,0.0,0.085538424773057,0.0555555555555555,0.6412558569575977,0.4500489450928527,CompressionPressure,0.6412558569575977,29356.25,29369.25,29344.5,29368.25,Up,1,29355.75,24.75,43.57142857142857,5,29410.75,42.5,0.975409836065574,42.5,0.975409836065574,53.25,-0.5,1.2221311475409835,-0.0114754098360655,1,1,True,True,RotationalPressure > RotationalPressure > CompressionPressure > CompressionPressure > CompressionPressure,0.975409836065574,False,2026-W20
NQ,xApvaV01StateLog_NQ.csv,8247,2026-05-14 20:05:00,Unresolved,Degrading->Degrading->Unresolved->Unresolved,Stable Compression Basin,Exact,1.0,1.2954618442339936,0.4444444444444444,0.6,0.0,0.0,0.085538424773057,0.0555555555555555,0.6412558569575977,0.4500489450928527,CompressionPressure,0.6412558569575977,29468.5,29472.25,29387.75,29396.25,Up,1,29468.75,84.5,31.571428571428573,5,29376.0,-20.25,-0.6414027149321266,-20.25,-0.6414027149321266,45.75,-80.25,1.4490950226244343,-2.5418552036199094,0,1,True,True,RotationalPressure > RotationalPressure > CompressionPressure > CompressionPressure > CompressionPressure,-2.0,True,2026-W20
NQ,xApvaV01StateLog_NQ.csv,8250,2026-05-14 20:20:00,Unresolved,Unresolved->Balance->Unresolved->Unresolved,Stable Compression Basin,Exact,1.0,1.2954618442339936,0.4444444444444444,0.6,0.0,0.0,0.085538424773057,0.0555555555555555,0.6412558569575977,0.4500489450928527,CompressionPressure,0.6412558569575977,29385.5,29389.5,29316.0,29340.5,Down,-1,29384.75,73.5,37.767857142857146,5,29389.75,49.25,1.3040189125295507,-49.25,-1.3040189125295507,1.75,-66.5,0.0463356973995271,-1.760756501182033,0,1,True,True,RotationalPressure > RotationalPressure > CompressionPressure > CompressionPressure > CompressionPressure,-1.3040189125295507,False,2026-W20
NQ,xApvaV01StateLog_NQ.csv,8261,2026-05-14 21:15:00,Unresolved,Unresolved->Balance->Unresolved->Unresolved,Stable Compression Basin,Exact,1.0,1.1567796494427114,0.2222222222222222,0.7,0.0,0.0,0.1321285025339868,0.0277777777777777,0.747145716354275,0.3363788816489264,CompressionPressure,0.747145716354275,29288.5,29302.5,29283.75,29291.25,Down,-1,29288.5,18.75,41.05357142857143,5,29234.75,-56.5,-1.3762505437146584,56.5,1.3762505437146584,61.0,-49.0,1.4858634188777728,-1.193562418442801,1,1,True,True,RotationalPressure > RotationalPressure > CompressionPressure > CompressionPressure > CompressionPressure,1.3762505437146584,False,2026-W20
NQ,xApvaV01StateLog_NQ.csv,8284,2026-05-14 23:10:00,Unresolved,Unresolved->Degrading->Unresolved->Unresolved,Stable Compression Basin,Exact,1.0,1.2954618442339936,0.3333333333333333,0.6,0.0,0.0,0.0976912025508348,0.0416666666666666,0.6690336347353755,0.4083822784261861,CompressionPressure,0.6690336347353755,29250.5,29254.25,29190.5,29198.0,Down,-1,29247.25,63.75,36.60714285714285,5,29250.75,52.75,1.4409756097560975,-52.75,-1.4409756097560975,4.5,-76.5,0.1229268292682927,-2.089756097560976,0,1,True,True,RotationalPressure > RotationalPressure > CompressionPressure > CompressionPressure > CompressionPressure,-2.0,True,2026-W20
NQ,xApvaV01StateLog_NQ.csv,8313,2026-05-15 01:35:00,Unresolved,Degrading->Unresolved->Unresolved->Unresolved,Stable Compression Basin,Exact,1.0,1.2954618442339936,0.3333333333333333,0.6,0.0,0.0,0.0976912025508348,0.0416666666666666,0.6690336347353755,0.4083822784261861,CompressionPressure,0.6690336347353755,28950.5,28999.75,28945.5,28993.75,Down,-1,28950.5,54.25,63.82142857142857,5,28965.75,-28.0,-0.4387241186345831,28.0,0.4387241186345831,28.75,-57.25,0.4504756575265808,-0.8970341354224959,1,1,True,True,RotationalPressure > RotationalPressure > CompressionPressure > CompressionPressure > CompressionPressure,0.4387241186345831,False,2026-W20
NQ,xApvaV01StateLog_NQ.csv,8660,2026-05-18 07:30:00,Unresolved,Unresolved->Degrading->Unresolved->Unresolved,Stable Compression Basin,Exact,1.0,0.8812908992278072,0.3333333333333333,0.7,0.0,0.0,0.1410678321945376,0.0416666666666666,0.7365859854649287,0.3177823842060828,CompressionPressure,0.7365859854649287,29000.25,29019.25,28990.5,29015.5,Up,1,28999.0,28.75,30.053571428571427,5,29074.25,58.75,1.9548425430778371,58.75,1.9548425430778371,64.5,-28.5,2.146167557932264,-0.948306595365419,1,1,True,True,RotationalPressure > RotationalPressure > CompressionPressure > CompressionPressure > CompressionPressure,1.9548425430778371,False,2026-W21
NQ,xApvaV01StateLog_NQ.csv,8678,2026-05-18 09:00:00,Unresolved,Unresolved->Balance->Unresolved->Unresolved,Stable Compression Basin,Exact,1.0,0.9709505944517832,0.5555555555555556,0.6,0.0,0.0,0.0982310395567297,0.0694444444444444,0.633760032291208,0.4207287758696609,CompressionPressure,0.633760032291208,29055.0,29061.0,29020.0,29037.0,Down,-1,29054.75,41.0,31.714285714285715,5,29007.75,-29.25,-0.9222972972972971,29.25,0.9222972972972971,63.25,-16.0,1.9943693693693691,-0.5045045045045045,1,1,True,True,RotationalPressure > RotationalPressure > CompressionPressure > CompressionPressure > CompressionPressure,0.9222972972972971,False,2026-W21
NQ,xApvaV01StateLog_NQ.csv,8800,2026-05-18 20:10:00,Unresolved,Balance->Unresolved->Unresolved->Unresolved,Stable Compression Basin,Exact,1.0,0.8812908992278072,0.2222222222222222,0.7,0.0,0.0,0.1532206099723154,0.0277777777777777,0.7643637632427065,0.2761157175394161,CompressionPressure,0.7643637632427065,29060.25,29062.75,29006.75,29038.25,Down,-1,29061.25,56.0,38.535714285714285,5,29016.5,-21.75,-0.5644114921223355,21.75,0.5644114921223355,46.0,-27.25,1.1936978683966637,-0.7071362372567193,1,1,True,True,RotationalPressure > RotationalPressure > CompressionPressure > CompressionPressure > CompressionPressure,0.5644114921223355,False,2026-W21
NQ,xApvaV01StateLog_NQ.csv,8841,2026-05-18 23:35:00,Unresolved,Degrading->Unresolved->Unresolved->Unresolved,Stable Compression Basin,Exact,1.0,1.1567796494427114,0.4444444444444444,0.7,0.0,0.0,0.1078229469784313,0.0555555555555555,0.6915901607987194,0.4197122149822597,CompressionPressure,0.6915901607987194,28889.25,28898.5,28870.75,28898.5,Down,-1,28886.75,27.75,26.357142857142858,5,28945.0,46.5,1.7642276422764227,-46.5,-1.7642276422764227,11.25,-52.0,0.4268292682926829,-1.9728997289972896,0,1,True,True,RotationalPressure > RotationalPressure > CompressionPressure > CompressionPressure > CompressionPressure,-1.7642276422764227,False,2026-W21
NQ,xApvaV01StateLog_NQ.csv,8854,2026-05-19 00:40:00,Unresolved,Balance->Unresolved->Unresolved->Unresolved,Stable Compression Basin,Exact,1.0,0.9709505944517832,0.5555555555555556,0.6,0.0,0.0,0.0982310395567297,0.0694444444444444,0.633760032291208,0.4207287758696609,CompressionPressure,0.633760032291208,28970.25,28976.75,28950.25,28965.25,Down,-1,28972.75,26.5,24.803571428571427,5,28825.25,-140.0,-5.644348452123831,140.0,5.644348452123831,168.0,-2.5,6.773218142548597,-0.1007919366450684,1,1,True,True,RotationalPressure > RotationalPressure > CompressionPressure > CompressionPressure > CompressionPressure,5.644348452123831,False,2026-W21
NQ,xApvaV01StateLog_NQ.csv,8899,2026-05-19 04:25:00,Unresolved,Degrading->Degrading->Unresolved->Unresolved,Stable Compression Basin,Exact,1.0,1.2954618442339936,0.4444444444444444,0.6,0.0,0.0,0.085538424773057,0.0555555555555555,0.6412558569575977,0.4500489450928527,CompressionPressure,0.6412558569575977,28884.75,28912.0,28880.0,28910.5,Up,1,28884.25,32.0,33.910714285714285,5,28922.5,12.0,0.353870458135861,12.0,0.353870458135861,27.0,-31.0,0.7962085308056872,-0.9141653501843076,1,1,True,True,RotationalPressure > RotationalPressure > CompressionPressure > CompressionPressure > CompressionPressure,0.353870458135861,False,2026-W21
NQ,xApvaV01StateLog_NQ.csv,8996,2026-05-19 12:30:00,Unresolved,Degrading->Degrading->Degrading->Unresolved,Stable Compression Basin,Exact,1.0,0.9709505944517832,0.2222222222222222,0.6,0.0,0.0,0.1346893728900631,0.0277777777777777,0.7170933656245414,0.2957287758696609,CompressionPressure,0.7170933656245414,29100.0,29109.0,29078.25,29089.5,Down,-1,29099.75,30.75,20.982142857142858,5,29108.25,18.75,0.8936170212765957,-18.75,-0.8936170212765957,26.0,-33.0,1.2391489361702128,-1.5727659574468085,0,1,True,True,RotationalPressure > RotationalPressure > CompressionPressure > CompressionPressure > CompressionPressure,-0.8936170212765957,False,2026-W21
NQ,xApvaV01StateLog_NQ.csv,9010,2026-05-19 13:40:00,Unresolved,Degrading->Unresolved->Unresolved->Unresolved,Stable Compression Basin,Exact,1.0,0.8812908992278072,0.5555555555555556,0.7,0.0,0.0,0.1167622766389821,0.0694444444444444,0.6810304299093731,0.4011157175394161,CompressionPressure,0.6810304299093731,29143.0,29143.5,29125.25,29142.0,Down,-1,29143.0,18.25,24.910714285714285,5,29093.5,-48.5,-1.9469534050179207,48.5,1.9469534050179207,54.25,-2.0,2.177777777777778,-0.0802867383512544,1,1,True,True,RotationalPressure > RotationalPressure > CompressionPressure > CompressionPressure > CompressionPressure,1.9469534050179207,False,2026-W21
NQ,xApvaV01StateLog_NQ.csv,9013,2026-05-19 13:55:00,Unresolved,Unresolved->Balance->Degrading->Unresolved,Stable Compression Basin,Soft,1.0,0.9219280948830342,0.4444444444444444,0.8,0.0,0.0,0.1374704357910732,0.0555555555555555,0.7479350496253659,0.3683384374223303,CompressionPressure,0.7479350496253659,29108.25,29117.75,29103.5,29109.75,Up,1,29106.75,14.25,24.821428571428573,5,29135.5,25.75,1.037410071942446,25.75,1.037410071942446,44.75,-53.25,1.8028776978417265,-2.145323741007194,1,1,True,True,RotationalPressure > RotationalPressure > CompressionPressure > CompressionPressure > CompressionPressure,-2.0,True,2026-W21
NQ,xApvaV01StateLog_NQ.csv,9050,2026-05-19 18:00:00,Unresolved,Balance->Balance->Degrading->Unresolved,Stable Compression Basin,Soft,0.4142135623730951,1.1567796494427114,0.3333333333333333,0.7,0.0,0.0,0.119975724756209,0.0416666666666666,0.7193679385764972,0.3780455483155931,CompressionPressure,0.7193679385764972,29311.75,29319.0,29286.25,29299.25,Down,-1,29311.75,32.75,40.25,5,29234.0,-65.25,-1.6211180124223603,65.25,1.6211180124223603,89.25,-1.25,2.217391304347826,-0.031055900621118,1,1,True,True,RotationalPressure > RotationalPressure > CompressionPressure > CompressionPressure > CompressionPressure,1.6211180124223603,False,2026-W21
NQ,xApvaV01StateLog_NQ.csv,9145,2026-05-20 01:55:00,Unresolved,Degrading->Degrading->Degrading->Unresolved,Stable Compression Basin,Exact,1.0,0.9709505944517832,0.3333333333333333,0.6,0.0,0.0,0.1225365951122853,0.0416666666666666,0.6893155878467636,0.3373954425363276,CompressionPressure,0.6893155878467636,29244.25,29264.75,29240.5,29264.75,Up,1,29243.25,24.25,23.071428571428573,5,29293.75,29.0,1.2569659442724457,29.0,1.2569659442724457,30.75,-7.5,1.3328173374613002,-0.3250773993808049,1,1,True,True,RotationalPressure > RotationalPressure > CompressionPressure > CompressionPressure > CompressionPressure,1.2569659442724457,False,2026-W21
NQ,xApvaV01StateLog_NQ.csv,9151,2026-05-20 02:25:00,Unresolved,Degrading->Degrading->Unresolved->Unresolved,Stable Compression Basin,Exact,1.0,0.9709505944517832,0.3333333333333333,0.6,0.0,0.0,0.1225365951122853,0.0416666666666666,0.6893155878467636,0.3373954425363276,CompressionPressure,0.6893155878467636,29293.0,29310.25,29285.5,29294.5,Up,1,29293.75,24.75,20.821428571428573,5,29328.5,34.0,1.6329331046312177,34.0,1.6329331046312177,40.25,-13.5,1.9331046312178384,-0.6483704974271012,1,1,True,True,RotationalPressure > RotationalPressure > CompressionPressure > CompressionPressure > CompressionPressure,1.6329331046312177,False,2026-W21
NQ,xApvaV01StateLog_NQ.csv,9184,2026-05-20 05:10:00,Unresolved,Degrading->Degrading->Unresolved->Unresolved,Stable Compression Basin,Exact,1.0,0.9999999999971146,0.3333333333333333,0.5,0.0,0.0,0.1086458333335542,0.0416666666666666,0.6458333333335138,0.3437499999993688,CompressionPressure,0.6458333333335138,29383.5,29396.75,29379.5,29390.0,Up,1,29382.25,17.25,14.785714285714286,5,29400.0,10.0,0.6763285024154589,10.0,0.6763285024154589,24.75,-9.5,1.6739130434782608,-0.642512077294686,1,1,True,True,RotationalPressure > RotationalPressure > CompressionPressure > CompressionPressure > CompressionPressure,0.6763285024154589,False,2026-W21
NQ,xApvaV01StateLog_NQ.csv,9202,2026-05-20 06:40:00,Unresolved,Balance->Unresolved->Unresolved->Unresolved,Stable Compression Basin,Exact,1.0,0.9999999999971146,0.3333333333333333,0.5,0.0,0.0,0.1086458333335542,0.0416666666666666,0.6458333333335138,0.3437499999993688,CompressionPressure,0.6458333333335138,29344.25,29372.5,29335.0,29371.25,Down,-1,29344.75,37.5,26.267857142857142,5,29349.5,-21.75,-0.8280081577158396,21.75,0.8280081577158396,31.0,-22.25,1.1801495581237254,-0.8470428280081578,1,1,True,True,RotationalPressure > RotationalPressure > CompressionPressure > CompressionPressure > CompressionPressure,0.8280081577158396,False,2026-W21
NQ,xApvaV01StateLog_NQ.csv,9230,2026-05-20 09:00:00,Unresolved,Balance->Unresolved->Unresolved->Unresolved,Stable Compression Basin,Exact,1.0,1.2954618442339936,0.4444444444444444,0.6,0.0,0.0,0.085538424773057,0.0555555555555555,0.6412558569575977,0.4500489450928527,CompressionPressure,0.6412558569575977,29372.25,29433.0,29360.5,29432.0,Up,1,29370.5,72.5,34.05357142857143,5,29379.0,-53.0,-1.556371263765076,-53.0,-1.556371263765076,32.5,-67.0,0.9543786051389616,-1.9674882013633976,0,1,True,True,RotationalPressure > RotationalPressure > CompressionPressure > CompressionPressure > CompressionPressure,-1.556371263765076,False,2026-W21
NQ,xApvaV01StateLog_NQ.csv,9235,2026-05-20 09:25:00,Unresolved,Balance->Unresolved->Unresolved->Unresolved,Stable Compression Basin,Exact,1.0,1.2954618442339936,0.4444444444444444,0.6,0.0,0.0,0.085538424773057,0.0555555555555555,0.6412558569575977,0.4500489450928527,CompressionPressure,0.6412558569575977,29385.25,29388.25,29365.0,29379.0,Down,-1,29384.25,23.25,35.07142857142857,5,29375.0,-4.0,-0.1140529531568228,4.0,0.1140529531568228,29.75,-14.0,0.8482688391038697,-0.3991853360488798,1,1,True,True,RotationalPressure > RotationalPressure > CompressionPressure > CompressionPressure > CompressionPressure,0.1140529531568228,False,2026-W21
NQ,xApvaV01StateLog_NQ.csv,9243,2026-05-20 10:05:00,Unresolved,Unresolved->Balance->Unresolved->Unresolved,Stable Compression Basin,Exact,1.0,1.2954618442339936,0.6666666666666666,0.6,0.0,0.0,0.0612328692175015,0.0833333333333333,0.5857003014020421,0.533382278426186,CompressionPressure,0.5857003014020421,29403.75,29414.0,29397.0,29399.75,Up,1,29404.25,17.0,35.482142857142854,5,29379.0,-20.75,-0.5848012078510317,-20.75,-0.5848012078510317,30.0,-24.75,0.8454957221942628,-0.6975339708102668,0,1,True,True,RotationalPressure > RotationalPressure > CompressionPressure > CompressionPressure > CompressionPressure,-0.5848012078510317,False,2026-W21
NQ,xApvaV01StateLog_NQ.csv,9260,2026-05-20 11:30:00,Unresolved,Balance->Balance->Unresolved->Unresolved,Stable Compression Basin,Exact,1.0,1.2954618442339936,0.4444444444444444,0.6,0.0,0.0,0.085538424773057,0.0555555555555555,0.6412558569575977,0.4500489450928527,CompressionPressure,0.6412558569575977,29219.0,29257.5,29212.25,29252.0,Down,-1,29220.0,45.25,37.46428571428572,5,29237.0,-15.0,-0.4003813155386082,15.0,0.4003813155386082,59.75,-6.25,1.5948522402287892,-0.1668255481410867,1,1,True,True,RotationalPressure > RotationalPressure > CompressionPressure > CompressionPressure > CompressionPressure,0.4003813155386082,False,2026-W21
NQ,xApvaV01StateLog_NQ.csv,9318,2026-05-20 17:20:00,Unresolved,Unresolved->Balance->Unresolved->Unresolved,Stable Compression Basin,Exact,1.0,1.1567796494427114,0.5555555555555556,0.7,0.0,0.0,0.0956701692006535,0.0694444444444444,0.6638123830209416,0.4613788816489264,CompressionPressure,0.6638123830209416,29234.5,29243.25,29175.5,29185.5,Down,-1,29234.75,67.75,57.19642857142857,5,29266.25,80.75,1.411801436153606,-80.75,-1.411801436153606,9.25,-119.0,0.1617233843271932,-2.0805494848579458,0,1,True,True,RotationalPressure > RotationalPressure > CompressionPressure > CompressionPressure > CompressionPressure,-2.0,True,2026-W21
NQ,xApvaV01StateLog_NQ.csv,9321,2026-05-20 17:35:00,Unresolved,Unresolved->Degrading->Unresolved->Unresolved,Stable Compression Basin,Exact,1.0,1.1567796494427114,0.5555555555555556,0.7,0.0,0.0,0.0956701692006535,0.0694444444444444,0.6638123830209416,0.4613788816489264,CompressionPressure,0.6638123830209416,29257.5,29298.25,29257.0,29295.5,Up,1,29258.0,41.25,55.32142857142857,5,29275.25,-20.25,-0.3660426081342802,-20.25,-0.3660426081342802,15.0,-33.25,0.2711426726920594,-0.6010329244673983,0,1,True,True,RotationalPressure > RotationalPressure > CompressionPressure > CompressionPressure > CompressionPressure,-0.3660426081342802,False,2026-W21
NQ,xApvaV01StateLog_NQ.csv,9325,2026-05-20 17:55:00,Unresolved,Unresolved->Balance->Unresolved->Unresolved,Stable Compression Basin,Exact,1.0,0.8812908992278072,0.5555555555555556,0.7,0.0,0.0,0.1167622766389821,0.0694444444444444,0.6810304299093731,0.4011157175394161,CompressionPressure,0.6810304299093731,29290.0,29310.5,29268.0,29308.75,Up,1,29290.75,42.5,48.30357142857143,5,29262.5,-46.25,-0.9574861367837336,-46.25,-0.9574861367837336,1.0,-93.5,0.0207024029574861,-1.9356746765249535,0,1,True,True,RotationalPressure > RotationalPressure > CompressionPressure > CompressionPressure > CompressionPressure,-0.9574861367837336,False,2026-W21
NQ,xApvaV01StateLog_NQ.csv,9345,2026-05-20 19:35:00,Unresolved,Unresolved->Unresolved->Unresolved->Unresolved,Pure Unresolved Compression Equilibrium,Exact,1.0,1.2954618442339936,0.4444444444444444,0.6,0.0,0.0,0.085538424773057,0.0555555555555555,0.6412558569575977,0.4500489450928527,CompressionPressure,0.6412558569575977,29493.75,29504.25,29470.0,29500.5,Up,1,29493.0,34.25,48.5,5,29450.75,-49.75,-1.0257731958762886,-49.75,-1.0257731958762886,53.5,-55.5,1.1030927835051547,-1.1443298969072164,0,1,True,True,RotationalPressure > RotationalPressure > CompressionPressure > CompressionPressure > CompressionPressure,-1.0257731958762886,False,2026-W21
NQ,xApvaV01StateLog_NQ.csv,9399,2026-05-21 00:05:00,Unresolved,Degrading->Degrading->Unresolved->Unresolved,Stable Compression Basin,Exact,1.0,0.9999999999971146,0.3333333333333333,0.5,0.0,0.0,0.1086458333335542,0.0416666666666666,0.6458333333335138,0.3437499999993688,CompressionPressure,0.6458333333335138,29543.75,29549.0,29536.5,29537.5,Up,1,29543.75,12.5,18.035714285714285,5,29543.0,5.5,0.3049504950495049,5.5,0.3049504950495049,16.25,-3.0,0.900990099009901,-0.1663366336633663,1,1,True,True,RotationalPressure > RotationalPressure > CompressionPressure > CompressionPressure > CompressionPressure,0.3049504950495049,False,2026-W21
NQ,xApvaV01StateLog_NQ.csv,9402,2026-05-21 00:20:00,Unresolved,Unresolved->Balance->Unresolved->Unresolved,Stable Compression Basin,Exact,1.0,1.2954618442339936,0.4444444444444444,0.6,0.0,0.0,0.085538424773057,0.0555555555555555,0.6412558569575977,0.4500489450928527,CompressionPressure,0.6412558569575977,29539.5,29541.0,29535.75,29540.0,Up,1,29539.0,5.25,15.696428571428571,5,29550.5,10.5,0.6689419795221843,10.5,0.6689419795221843,44.75,-5.5,2.850967007963595,-0.3503981797497156,1,1,True,True,RotationalPressure > RotationalPressure > CompressionPressure > CompressionPressure > CompressionPressure,0.6689419795221843,False,2026-W21
NQ,xApvaV01StateLog_NQ.csv,9443,2026-05-21 03:45:00,Unresolved,Balance->Unresolved->Unresolved->Unresolved,Stable Compression Basin,Exact,1.0,1.2954618442339936,0.4444444444444444,0.6,0.0,0.0,0.085538424773057,0.0555555555555555,0.6412558569575977,0.4500489450928527,CompressionPressure,0.6412558569575977,29539.25,29552.5,29536.0,29549.75,Up,1,29539.25,16.5,18.267857142857142,5,29533.25,-16.5,-0.9032258064516128,-16.5,-0.9032258064516128,3.5,-22.0,0.1915933528836754,-1.2043010752688172,0,1,True,True,RotationalPressure > RotationalPressure > CompressionPressure > CompressionPressure > CompressionPressure,-0.9032258064516128,False,2026-W21
NQ,xApvaV01StateLog_NQ.csv,9475,2026-05-21 06:25:00,Unresolved,Balance->Balance->Unresolved->Unresolved,Stable Compression Basin,Exact,1.0,0.9709505944517832,0.3333333333333333,0.6,0.0,0.0,0.1225365951122853,0.0416666666666666,0.6893155878467636,0.3373954425363276,CompressionPressure,0.6893155878467636,29574.5,29579.75,29563.5,29567.25,Down,-1,29573.75,16.25,15.160714285714286,5,29556.75,-10.5,-0.6925795053003533,10.5,0.6925795053003533,34.0,-28.0,2.24263839811543,-1.846878680800942,1,1,True,True,RotationalPressure > RotationalPressure > CompressionPressure > CompressionPressure > CompressionPressure,0.6925795053003533,False,2026-W21
NQ,xApvaV01StateLog_NQ.csv,9485,2026-05-21 07:15:00,Unresolved,Unresolved->Balance->Unresolved->Unresolved,Stable Compression Basin,Exact,1.0,1.2954618442339936,0.3333333333333333,0.6,0.0,0.0,0.0976912025508348,0.0416666666666666,0.6690336347353755,0.4083822784261861,CompressionPressure,0.6690336347353755,29552.75,29565.25,29546.5,29562.0,Down,-1,29552.75,18.75,22.285714285714285,5,29563.75,1.75,0.078525641025641,-1.75,-0.078525641025641,9.5,-31.25,0.4262820512820513,-1.40224358974359,0,1,True,True,RotationalPressure > RotationalPressure > CompressionPressure > CompressionPressure > CompressionPressure,-0.078525641025641,False,2026-W21
NQ,xApvaV01StateLog_NQ.csv,9645,2026-05-21 21:35:00,Unresolved,Balance->Balance->Unresolved->Unresolved,Stable Compression Basin,Exact,1.0,0.9709505944517832,0.4444444444444444,0.6,0.0,0.0,0.1103838173345075,0.0555555555555555,0.6615378100689858,0.3790621092029942,CompressionPressure,0.6615378100689858,29561.25,29561.75,29532.0,29553.75,Down,-1,29561.0,29.75,31.464285714285715,5,29561.0,7.25,0.2304199772985244,-7.25,-0.2304199772985244,19.75,-29.0,0.6276958002270148,-0.9216799091940976,0,1,True,True,RotationalPressure > RotationalPressure > CompressionPressure > CompressionPressure > CompressionPressure,-0.2304199772985244,False,2026-W21
