Instrument,File,BarIndex,Time,MacroState,Quadruplet,ResolvedArchetype,ResolutionMethod,Similarity,RollingEntropy,RollingVelocity,RollingDominantFraction,RollingDirectionalPresence,CurrentDirectionalEmergence,DirectionalReleasePressure,ExhaustionPressure,CompressionPressure,RotationalPressure,DominantPressure,DominantPressureValue,Open,High,Low,Close,ActiveDirection,DirectionSign,PrevClose,TR,ATR14,HorizonBars,FutureClose,RawReturn,NormalizedReturn,SignedReturn,SignedNormalizedReturn,DirectionalMFE,DirectionalMAE,DirectionalNormalizedMFE,DirectionalNormalizedMAE,DirectionalHit,HasDirection
ES,xApvaV01StateLog_ES.csv,4,2026-04-06 06:55:00,Unknown,Unknown->Unknown->Unknown->Unknown,Stable Compression Basin,Soft,0.3660254037844386,-1.4428232973175177e-12,0.0,1.0,0.0,0.0,0.2799999999999999,0.0,1.0,0.0,CompressionPressure,1.0,6634.25,6643.25,6632.0,6639.5,Up,1,,,,5,6646.75,7.25,,7.25,,21.5,-15.5,,,1,1
ES,xApvaV01StateLog_ES.csv,5,2026-04-06 07:00:00,Unknown,Unknown->Unknown->Unknown->Unknown,Stable Compression Basin,Soft,0.3660254037844386,-1.4428232973175177e-12,0.0,1.0,0.0,0.0,0.2799999999999999,0.0,1.0,0.0,CompressionPressure,1.0,6639.5,6649.25,6636.0,6649.25,Up,1,6639.5,13.25,,5,6650.75,1.5,,1.5,,11.75,-25.25,,,1,1
ES,xApvaV01StateLog_ES.csv,6,2026-04-06 07:05:00,Unknown,Unknown->Unknown->Unknown->Unknown,Stable Compression Basin,Soft,0.3660254037844386,-1.4428232973175177e-12,0.0,1.0,0.0,0.0,0.2799999999999999,0.0,1.0,0.0,CompressionPressure,1.0,6649.0,6661.0,6627.0,6627.75,Up,1,6649.25,34.0,,5,6648.25,20.5,,20.5,,26.0,-3.75,,,1,1
ES,xApvaV01StateLog_ES.csv,7,2026-04-06 07:10:00,Unknown,Unknown->Unknown->Unknown->Unknown,Stable Compression Basin,Soft,0.3660254037844386,-1.4428232973175177e-12,0.0,1.0,0.0,0.0,0.2799999999999999,0.0,1.0,0.0,CompressionPressure,1.0,6628.0,6635.75,6624.0,6635.25,Up,1,6627.75,11.75,,5,6648.75,13.5,,13.5,,19.25,-7.25,,,1,1
ES,xApvaV01StateLog_ES.csv,8,2026-04-06 07:15:00,Unresolved,Unknown->Unknown->Unknown->Unresolved,Stable Compression Basin,Exact,1.0,-1.4428232973175177e-12,0.0,1.0,0.0,0.0,0.2799999999999999,0.0,1.0,0.0,CompressionPressure,1.0,6635.25,6645.25,6628.0,6644.75,Up,1,6635.25,17.25,,5,6634.75,-10.0,,-10.0,,9.75,-13.25,,,0,1
ES,xApvaV01StateLog_ES.csv,9,2026-04-06 07:20:00,Unresolved,Unknown->Unknown->Unresolved->Unresolved,Stable Compression Basin,Exact,1.0,-1.4428232973175177e-12,0.0,1.0,0.0,0.0,0.2799999999999999,0.0,1.0,0.0,CompressionPressure,1.0,6644.75,6649.5,6639.75,6646.75,Up,1,6644.75,9.75,,5,6640.75,-6.0,,-6.0,,7.75,-15.25,,,0,1
ES,xApvaV01StateLog_ES.csv,10,2026-04-06 07:25:00,Unresolved,Unknown->Unresolved->Unresolved->Unresolved,Stable Compression Basin,Exact,1.0,-1.4428232973175177e-12,0.0,1.0,0.0,0.0,0.2799999999999999,0.0,1.0,0.0,CompressionPressure,1.0,6646.75,6653.75,6646.5,6650.75,Up,1,6646.75,7.25,,5,6631.75,-19.0,,-19.0,,3.75,-20.75,,,0,1
ES,xApvaV01StateLog_ES.csv,20,2026-04-06 08:15:00,Unresolved,Degrading->Balance->Degrading->Unresolved,Stable Compression Basin,Exact,1.0,1.7219280948815914,0.4444444444444444,0.4,0.7,0.0,0.0878888888888888,0.0555555555555555,0.538888888888889,0.5166666666666666,CompressionPressure,0.538888888888889,6641.25,6641.25,6634.0,6638.75,Up,1,6641.25,7.25,10.607142857142858,5,6633.5,-5.25,-0.4949494949494949,-5.25,-0.4949494949494949,2.25,-12.25,0.2121212121212121,-1.1548821548821548,0,1
ES,xApvaV01StateLog_ES.csv,21,2026-04-06 08:20:00,Unresolved,Balance->Degrading->Unresolved->Unresolved,Stable Compression Basin,Exact,1.0,1.8464393446652445,0.4444444444444444,0.4,0.6,0.0,0.0808888888888888,0.0555555555555555,0.538888888888889,0.5166666666666666,CompressionPressure,0.538888888888889,6638.75,6641.0,6635.0,6637.25,Down,-1,6638.75,6.0,10.196428571428571,5,6634.75,-2.5,-0.2451838879159369,2.5,0.2451838879159369,10.75,-2.0,1.054290718038529,-0.1961471103327495,1,1
ES,xApvaV01StateLog_ES.csv,28,2026-04-06 08:55:00,Unresolved,Balance->Balance->Unresolved->Unresolved,Stable Compression Basin,Exact,1.0,1.360964047439353,0.5555555555555556,0.5,0.0,0.0,0.0567039678957023,0.0694444444444444,0.5677175248128182,0.5060442187106917,CompressionPressure,0.5677175248128182,6638.25,6643.5,6636.25,6642.5,Up,1,6638.0,7.25,7.607142857142857,5,6639.5,-3.0,-0.3943661971830986,-3.0,-0.3943661971830986,1.5,-6.75,0.1971830985915493,-0.8873239436619719,0,1
ES,xApvaV01StateLog_ES.csv,44,2026-04-06 10:15:00,Unresolved,Balance->Unresolved->Unresolved->Unresolved,Stable Compression Basin,Exact,1.0,1.5709505944488975,0.5555555555555556,0.6,0.0,0.0,0.0522935395569507,0.0694444444444444,0.5962600322913884,0.5519787758690297,CompressionPressure,0.5962600322913884,6636.25,6636.5,6618.75,6624.25,Down,-1,6636.25,17.75,6.517857142857143,5,6635.75,11.5,1.7643835616438357,-11.5,-1.7643835616438357,2.25,-19.75,0.3452054794520547,-3.0301369863013696,0,1
ES,xApvaV01StateLog_ES.csv,49,2026-04-06 10:40:00,Unresolved,Unresolved->Unresolved->Degrading->Unresolved,Stable Compression Basin,Exact,1.0,1.2954618442339936,0.6666666666666666,0.6,0.0,0.0,0.0612328692175015,0.0833333333333333,0.5857003014020421,0.533382278426186,CompressionPressure,0.5857003014020421,6637.5,6640.75,6634.0,6635.75,Up,1,6637.75,6.75,7.928571428571429,5,6626.75,-9.0,-1.135135135135135,-9.0,-1.135135135135135,0.25,-9.75,0.0315315315315315,-1.2297297297297296,0,1
ES,xApvaV01StateLog_ES.csv,50,2026-04-06 10:45:00,Unresolved,Unresolved->Degrading->Unresolved->Unresolved,Stable Compression Basin,Exact,1.0,1.1567796494427114,0.5555555555555556,0.7,0.0,0.0,0.0956701692006535,0.0694444444444444,0.6638123830209416,0.4613788816489264,CompressionPressure,0.6638123830209416,6635.5,6636.0,6631.5,6635.0,Down,-1,6635.75,4.5,7.875,5,6631.0,-4.0,-0.5079365079365079,4.0,0.5079365079365079,9.0,0.0,1.1428571428571428,0.0,1,1
ES,xApvaV01StateLog_ES.csv,51,2026-04-06 10:50:00,Unresolved,Degrading->Unresolved->Unresolved->Unresolved,Stable Compression Basin,Exact,1.0,0.7219280948844771,0.4444444444444444,0.8,0.0,0.0,0.1527829357909628,0.0555555555555555,0.7604350496252757,0.324588437422646,CompressionPressure,0.7604350496252757,6635.0,6635.0,6629.5,6632.0,Down,-1,6635.0,5.5,7.821428571428571,5,6637.25,5.25,0.6712328767123288,-5.25,-0.6712328767123288,6.0,-10.5,0.767123287671233,-1.3424657534246576,0,1
ES,xApvaV01StateLog_ES.csv,52,2026-04-06 10:55:00,Unresolved,Unresolved->Unresolved->Unresolved->Unresolved,Pure Unresolved Compression Equilibrium,Exact,1.0,1.1567796494427114,0.5555555555555556,0.7,0.0,0.0,0.0956701692006535,0.0694444444444444,0.6638123830209416,0.4613788816489264,CompressionPressure,0.6638123830209416,6632.0,6633.75,6628.0,6629.5,Down,-1,6632.0,5.75,7.910714285714286,5,6643.25,13.75,1.7381489841986455,-13.75,-1.7381489841986455,3.5,-15.5,0.4424379232505643,-1.959367945823928,0,1
ES,xApvaV01StateLog_ES.csv,53,2026-04-06 11:00:00,Unresolved,Unresolved->Unresolved->Unresolved->Unresolved,Pure Unresolved Compression Equilibrium,Exact,1.0,1.3709505944503406,0.5555555555555556,0.6,0.0,0.0,0.0676060395568402,0.0694444444444444,0.6087600322912982,0.5082287758693453,CompressionPressure,0.6087600322912982,6629.5,6632.25,6627.5,6628.25,Down,-1,6629.5,4.75,8.0,5,6647.75,19.5,2.4375,-19.5,-2.4375,2.25,-22.0,0.28125,-2.75,0,1
ES,xApvaV01StateLog_ES.csv,54,2026-04-06 11:05:00,Unresolved,Unresolved->Unresolved->Unresolved->Unresolved,Pure Unresolved Compression Equilibrium,Exact,1.0,1.4854752972230063,0.4444444444444444,0.5,0.0,0.0,0.0593238531119191,0.0555555555555555,0.5877133494791177,0.4916143879341992,CompressionPressure,0.5877133494791177,6628.5,6630.25,6626.0,6626.75,Down,-1,6628.25,4.25,7.785714285714286,5,6646.25,19.5,2.5045871559633026,-19.5,-2.5045871559633026,0.25,-23.5,0.0321100917431192,-3.018348623853211,0,1
ES,xApvaV01StateLog_ES.csv,55,2026-04-06 11:10:00,Unresolved,Unresolved->Unresolved->Unresolved->Unresolved,Pure Unresolved Compression Equilibrium,Exact,1.0,1.360964047439353,0.3333333333333333,0.5,0.0,0.0,0.0810095234512578,0.0416666666666666,0.6232730803683738,0.4227108853773584,CompressionPressure,0.6232730803683738,6626.75,6632.75,6626.5,6631.0,Down,-1,6626.75,6.25,7.857142857142857,5,6643.25,12.25,1.559090909090909,-12.25,-1.559090909090909,0.5,-19.25,0.0636363636363636,-2.45,0,1
ES,xApvaV01StateLog_ES.csv,56,2026-04-06 11:15:00,Unresolved,Unresolved->Unresolved->Unresolved->Unresolved,Pure Unresolved Compression Equilibrium,Exact,1.0,1.360964047439353,0.3333333333333333,0.5,0.0,0.0,0.0810095234512578,0.0416666666666666,0.6232730803683738,0.4227108853773584,CompressionPressure,0.6232730803683738,6631.0,6642.5,6630.5,6637.25,Up,1,6631.0,12.0,7.839285714285714,5,6643.0,5.75,0.7334851936218678,5.75,0.7334851936218678,13.0,-0.5,1.6583143507972664,-0.0637813211845102,1,1
ES,xApvaV01StateLog_ES.csv,57,2026-04-06 11:20:00,Unresolved,Unresolved->Unresolved->Unresolved->Unresolved,Pure Unresolved Compression Equilibrium,Exact,1.0,1.2954618442339936,0.2222222222222222,0.6,0.0,0.0,0.1098439803286126,0.0277777777777777,0.6968114125131533,0.3667156117595194,CompressionPressure,0.6968114125131533,6637.5,6645.0,6636.75,6643.25,Up,1,6637.25,8.25,8.017857142857142,5,6642.5,-0.75,-0.0935412026726058,-0.75,-0.0935412026726058,7.0,-2.25,0.8730512249443207,-0.2806236080178174,0,1
ES,xApvaV01StateLog_ES.csv,58,2026-04-06 11:25:00,Unresolved,Unresolved->Unresolved->Unresolved->Unresolved,Pure Unresolved Compression Equilibrium,Exact,1.0,0.8812908992278072,0.1111111111111111,0.7,0.0,0.0,0.1653733877500932,0.0138888888888888,0.7921415410204843,0.2344490508727494,CompressionPressure,0.7921415410204843,6643.25,6650.25,6641.75,6647.75,Up,1,6643.25,8.5,7.357142857142857,5,6645.0,-2.75,-0.3737864077669903,-2.75,-0.3737864077669903,2.5,-6.75,0.3398058252427184,-0.9174757281553398,0,1
ES,xApvaV01StateLog_ES.csv,59,2026-04-06 11:30:00,Unresolved,Unresolved->Unresolved->Unresolved->Unresolved,Pure Unresolved Compression Equilibrium,Exact,1.0,0.7219280948844771,0.1111111111111111,0.8,0.0,0.0,0.1892412691242961,0.0138888888888888,0.8437683829586091,0.199588437422646,CompressionPressure,0.8437683829586091,6647.75,6650.25,6642.5,6646.25,Up,1,6647.75,7.75,7.267857142857143,5,6646.75,0.5,0.0687960687960688,0.5,0.0687960687960688,3.0,-5.25,0.4127764127764127,-0.7223587223587223,1,1
ES,xApvaV01StateLog_ES.csv,60,2026-04-06 11:35:00,Unresolved,Unresolved->Unresolved->Unresolved->Unresolved,Pure Unresolved Compression Equilibrium,Exact,1.0,0.4689955935863958,0.1111111111111111,0.9,0.0,0.0,0.2202730804215971,0.0138888888888888,0.9012433309564056,0.1442594527636907,CompressionPressure,0.9012433309564056,6646.5,6649.25,6641.0,6643.25,Down,-1,6646.25,8.25,6.946428571428571,5,6647.0,3.75,0.5398457583547558,-3.75,-0.5398457583547558,2.25,-4.75,0.3239074550128535,-0.6838046272493573,0,1
ES,xApvaV01StateLog_ES.csv,61,2026-04-06 11:40:00,Unresolved,Unresolved->Unresolved->Unresolved->Unresolved,Pure Unresolved Compression Equilibrium,Exact,1.0,-1.4428232973175177e-12,0.0,1.0,0.0,0.0,0.2799999999999999,0.0,1.0,0.0,CompressionPressure,1.0,6643.25,6646.5,6642.5,6643.0,Down,-1,6643.25,4.0,6.803571428571429,5,6647.75,4.75,0.6981627296587927,-4.75,-0.6981627296587927,2.0,-5.0,0.2939632545931758,-0.7349081364829396,0,1
ES,xApvaV01StateLog_ES.csv,62,2026-04-06 11:45:00,Unresolved,Unresolved->Unresolved->Unresolved->Unresolved,Pure Unresolved Compression Equilibrium,Exact,1.0,-1.4428232973175177e-12,0.0,1.0,0.0,0.0,0.2799999999999999,0.0,1.0,0.0,CompressionPressure,1.0,6643.0,6644.0,6641.0,6642.5,Down,-1,6643.0,3.0,6.392857142857143,5,6643.75,1.25,0.1955307262569832,-1.25,-0.1955307262569832,0.25,-5.5,0.0391061452513966,-0.8603351955307262,0,1
ES,xApvaV01StateLog_ES.csv,63,2026-04-06 11:50:00,Unresolved,Unresolved->Unresolved->Unresolved->Unresolved,Pure Unresolved Compression Equilibrium,Exact,1.0,-1.4428232973175177e-12,0.0,1.0,0.0,0.0,0.2799999999999999,0.0,1.0,0.0,CompressionPressure,1.0,6642.5,6646.5,6642.25,6645.0,Down,-1,6642.5,4.25,6.214285714285714,5,6645.25,0.25,0.0402298850574712,-0.25,-0.0402298850574712,2.5,-3.0,0.4022988505747126,-0.4827586206896551,0,1
ES,xApvaV01StateLog_ES.csv,64,2026-04-06 11:55:00,Unresolved,Unresolved->Unresolved->Unresolved->Unresolved,Pure Unresolved Compression Equilibrium,Exact,1.0,-1.4428232973175177e-12,0.0,1.0,0.0,0.0,0.2799999999999999,0.0,1.0,0.0,CompressionPressure,1.0,6645.0,6648.0,6644.75,6646.75,Up,1,6645.0,3.25,6.125,5,6644.25,-2.5,-0.4081632653061224,-2.5,-0.4081632653061224,1.25,-4.25,0.2040816326530612,-0.6938775510204082,0,1
ES,xApvaV01StateLog_ES.csv,65,2026-04-06 12:00:00,Unresolved,Unresolved->Unresolved->Unresolved->Unresolved,Pure Unresolved Compression Equilibrium,Exact,1.0,-1.4428232973175177e-12,0.0,1.0,0.0,0.0,0.2799999999999999,0.0,1.0,0.0,CompressionPressure,1.0,6646.75,6648.0,6645.75,6647.0,Up,1,6646.75,2.25,5.892857142857143,5,6643.75,-3.25,-0.5515151515151515,-3.25,-0.5515151515151515,1.0,-4.5,0.1696969696969696,-0.7636363636363636,0,1
ES,xApvaV01StateLog_ES.csv,66,2026-04-06 12:05:00,Unresolved,Unresolved->Unresolved->Unresolved->Unresolved,Pure Unresolved Compression Equilibrium,Exact,1.0,-1.4428232973175177e-12,0.0,1.0,0.0,0.0,0.2799999999999999,0.0,1.0,0.0,CompressionPressure,1.0,6647.0,6648.0,6645.0,6647.75,Up,1,6647.0,3.0,5.696428571428571,5,6642.5,-5.25,-0.9216300940438872,-5.25,-0.9216300940438872,0.25,-5.5,0.0438871473354232,-0.9655172413793104,0,1
ES,xApvaV01StateLog_ES.csv,67,2026-04-06 12:10:00,Unresolved,Unresolved->Unresolved->Unresolved->Unresolved,Pure Unresolved Compression Equilibrium,Exact,1.0,-1.4428232973175177e-12,0.0,1.0,0.0,0.0,0.2799999999999999,0.0,1.0,0.0,CompressionPressure,1.0,6647.5,6648.0,6642.75,6643.75,Up,1,6647.75,5.25,5.732142857142857,5,6644.75,1.0,0.1744548286604361,1.0,0.1744548286604361,3.25,-2.0,0.5669781931464175,-0.3489096573208723,1,1
ES,xApvaV01StateLog_ES.csv,68,2026-04-06 12:15:00,Unresolved,Unresolved->Unresolved->Unresolved->Unresolved,Pure Unresolved Compression Equilibrium,Exact,1.0,-1.4428232973175177e-12,0.0,1.0,0.0,0.0,0.2799999999999999,0.0,1.0,0.0,CompressionPressure,1.0,6643.5,6646.25,6642.5,6645.25,Up,1,6643.75,3.75,5.696428571428571,5,6645.0,-0.25,-0.0438871473354232,-0.25,-0.0438871473354232,1.75,-3.5,0.3072100313479624,-0.6144200626959248,0,1
ES,xApvaV01StateLog_ES.csv,69,2026-04-06 12:20:00,Unresolved,Unresolved->Unresolved->Unresolved->Unresolved,Pure Unresolved Compression Equilibrium,Exact,1.0,-1.4428232973175177e-12,0.0,1.0,0.0,0.0,0.2799999999999999,0.0,1.0,0.0,CompressionPressure,1.0,6645.25,6646.0,6642.5,6644.25,Up,1,6645.25,3.5,5.5,5,6646.25,2.0,0.3636363636363636,2.0,0.3636363636363636,2.75,-2.5,0.5,-0.4545454545454545,1,1
ES,xApvaV01StateLog_ES.csv,70,2026-04-06 12:25:00,Unresolved,Unresolved->Unresolved->Unresolved->Unresolved,Pure Unresolved Compression Equilibrium,Exact,1.0,-1.4428232973175177e-12,0.0,1.0,0.0,0.0,0.2799999999999999,0.0,1.0,0.0,CompressionPressure,1.0,6644.5,6647.0,6642.75,6643.75,Down,-1,6644.25,4.25,4.946428571428571,5,6651.0,7.25,1.4657039711191338,-7.25,-1.4657039711191338,2.0,-7.75,0.4043321299638989,-1.5667870036101084,0,1
ES,xApvaV01StateLog_ES.csv,71,2026-04-06 12:30:00,Unresolved,Unresolved->Unresolved->Unresolved->Unresolved,Pure Unresolved Compression Equilibrium,Exact,1.0,-1.4428232973175177e-12,0.0,1.0,0.0,0.0,0.2799999999999999,0.0,1.0,0.0,CompressionPressure,1.0,6643.75,6645.5,6642.25,6642.5,Down,-1,6643.75,3.25,4.589285714285714,5,6646.75,4.25,0.9260700389105058,-4.25,-0.9260700389105058,0.75,-10.5,0.1634241245136186,-2.2879377431906613,0,1
ES,xApvaV01StateLog_ES.csv,72,2026-04-06 12:35:00,Unresolved,Unresolved->Unresolved->Unresolved->Unresolved,Pure Unresolved Compression Equilibrium,Exact,1.0,-1.4428232973175177e-12,0.0,1.0,0.0,0.0,0.2799999999999999,0.0,1.0,0.0,CompressionPressure,1.0,6642.75,6645.75,6641.75,6644.75,Down,-1,6642.5,4.0,4.267857142857143,5,6653.0,8.25,1.9330543933054392,-8.25,-1.9330543933054392,2.75,-8.75,0.6443514644351463,-2.0502092050209204,0,1
ES,xApvaV01StateLog_ES.csv,73,2026-04-06 12:40:00,Unresolved,Unresolved->Unresolved->Unresolved->Unresolved,Pure Unresolved Compression Equilibrium,Exact,1.0,-1.4428232973175177e-12,0.0,1.0,0.0,0.0,0.2799999999999999,0.0,1.0,0.0,CompressionPressure,1.0,6644.75,6646.5,6644.25,6645.0,Up,1,6644.75,2.25,3.875,5,6650.75,5.75,1.4838709677419355,5.75,1.4838709677419355,9.25,-3.0,2.3870967741935485,-0.7741935483870968,1,1
ES,xApvaV01StateLog_ES.csv,74,2026-04-06 12:45:00,Unresolved,Unresolved->Unresolved->Unresolved->Unresolved,Pure Unresolved Compression Equilibrium,Exact,1.0,-1.4428232973175177e-12,0.0,1.0,0.0,0.0,0.2799999999999999,0.0,1.0,0.0,CompressionPressure,1.0,6644.75,6646.75,6642.0,6646.25,Up,1,6645.0,4.75,3.625,5,6648.25,2.0,0.5517241379310345,2.0,0.5517241379310345,8.0,-2.0,2.206896551724138,-0.5517241379310345,1,1
ES,xApvaV01StateLog_ES.csv,75,2026-04-06 12:50:00,Unresolved,Unresolved->Unresolved->Unresolved->Unresolved,Pure Unresolved Compression Equilibrium,Exact,1.0,-1.4428232973175177e-12,0.0,1.0,0.0,0.0,0.2799999999999999,0.0,1.0,0.0,CompressionPressure,1.0,6646.25,6651.5,6645.75,6651.0,Up,1,6646.25,5.75,3.75,5,6648.25,-2.75,-0.7333333333333333,-2.75,-0.7333333333333333,3.25,-6.75,0.8666666666666667,-1.8,0,1
ES,xApvaV01StateLog_ES.csv,76,2026-04-06 12:55:00,Unresolved,Unresolved->Unresolved->Unresolved->Unresolved,Pure Unresolved Compression Equilibrium,Exact,1.0,-1.4428232973175177e-12,0.0,1.0,0.0,0.0,0.2799999999999999,0.0,1.0,0.0,CompressionPressure,1.0,6651.0,6653.0,6646.0,6646.75,Up,1,6651.0,7.0,4.035714285714286,5,6649.25,2.5,0.6194690265486726,2.5,0.6194690265486726,7.5,-2.5,1.8584070796460177,-0.6194690265486726,1,1
ES,xApvaV01StateLog_ES.csv,77,2026-04-06 13:00:00,Unresolved,Unresolved->Unresolved->Unresolved->Unresolved,Pure Unresolved Compression Equilibrium,Exact,1.0,-1.4428232973175177e-12,0.0,1.0,0.0,0.0,0.2799999999999999,0.0,1.0,0.0,CompressionPressure,1.0,6646.75,6653.5,6644.25,6653.0,Up,1,6646.75,9.25,4.392857142857143,5,6650.5,-2.5,-0.5691056910569106,-2.5,-0.5691056910569106,1.25,-6.5,0.2845528455284553,-1.479674796747967,0,1
ES,xApvaV01StateLog_ES.csv,78,2026-04-06 13:05:00,Degrading,Unresolved->Unresolved->Unresolved->Degrading,Sponsor Exhaustion Collapse,Exact,1.0,0.4689955935863958,0.1111111111111111,0.9,0.0,0.0,0.2202730804215971,0.1138888888888889,0.4512433309564058,0.1442594527636907,CompressionPressure,0.4512433309564058,6653.0,6654.25,6650.0,6650.75,Up,1,6653.0,4.25,4.464285714285714,5,6650.75,0.0,0.0,0.0,0.0,1.25,-4.25,0.2799999999999999,-0.952,0,1
ES,xApvaV01StateLog_ES.csv,79,2026-04-06 13:10:00,Degrading,Unresolved->Unresolved->Degrading->Degrading,Sponsor Exhaustion Collapse,Exact,1.0,0.7219280948844771,0.1111111111111111,0.8,0.0,0.0,0.1892412691242961,0.1138888888888889,0.3937683829586091,0.199588437422646,CompressionPressure,0.3937683829586091,6651.0,6651.0,6647.5,6648.25,Down,-1,6650.75,3.5,4.553571428571429,5,6651.25,3.0,0.6588235294117647,-3.0,-0.6588235294117647,1.75,-4.0,0.384313725490196,-0.8784313725490196,0,1
ES,xApvaV01StateLog_ES.csv,80,2026-04-06 13:15:00,Unresolved,Unresolved->Degrading->Degrading->Unresolved,Stable Compression Basin,Exact,1.0,1.1567796494427114,0.2222222222222222,0.7,0.0,0.0,0.1321285025339868,0.0277777777777777,0.747145716354275,0.3363788816489264,CompressionPressure,0.747145716354275,6648.0,6650.5,6647.0,6648.25,Down,-1,6648.25,3.5,4.589285714285714,5,6651.0,2.75,0.5992217898832685,-2.75,-0.5992217898832685,1.75,-5.25,0.3813229571984435,-1.143968871595331,0,1
ES,xApvaV01StateLog_ES.csv,83,2026-04-06 13:30:00,Unresolved,Unresolved->Balance->Balance->Unresolved,Stable Compression Basin,Exact,1.0,1.921928094881592,0.4444444444444444,0.4,0.0,0.0,0.0388888888888888,0.0555555555555555,0.538888888888889,0.5166666666666666,CompressionPressure,0.538888888888889,6650.5,6652.0,6650.25,6650.75,Up,1,6650.5,1.75,4.142857142857143,5,6649.0,-1.75,-0.4224137931034482,-1.75,-0.4224137931034482,2.75,-2.25,0.6637931034482758,-0.543103448275862,0,1
ES,xApvaV01StateLog_ES.csv,84,2026-04-06 13:35:00,Unresolved,Balance->Balance->Unresolved->Unresolved,Stable Compression Basin,Exact,1.0,1.9709505944488976,0.4444444444444444,0.3,0.0,0.0,0.0388888888888888,0.0555555555555555,0.538888888888889,0.5166666666666666,CompressionPressure,0.538888888888889,6650.75,6652.25,6650.75,6651.25,Up,1,6650.75,1.5,3.946428571428572,5,6650.75,-0.5,-0.1266968325791855,-0.5,-0.1266968325791855,2.25,-2.75,0.5701357466063348,-0.6968325791855203,0,1
ES,xApvaV01StateLog_ES.csv,95,2026-04-07 07:00:00,Unresolved,Unresolved->Unresolved->Unresolved->Unresolved,Pure Unresolved Compression Equilibrium,Exact,1.0,1.4854752972230063,0.5555555555555556,0.5,0.4,0.0,0.0751710753341413,0.0694444444444444,0.5599355717013399,0.533281054600866,CompressionPressure,0.5599355717013399,6619.75,6622.25,6602.25,6602.75,Down,-1,6620.0,20.0,8.053571428571429,5,6607.5,4.75,0.58980044345898,-4.75,-0.58980044345898,21.25,-7.75,2.638580931263858,-0.9623059866962306,0,1
ES,xApvaV01StateLog_ES.csv,99,2026-04-07 07:20:00,Unresolved,Directional->Directional->Degrading->Unresolved,Stable Compression Basin,Exact,1.0,1.7609640474379105,0.4444444444444444,0.5,0.5,0.0,0.0855555555555555,0.0555555555555555,0.5805555555555556,0.5166666666666666,CompressionPressure,0.5805555555555556,6589.5,6597.0,6588.25,6595.0,Up,1,6589.5,8.75,10.392857142857142,5,6603.25,8.25,0.7938144329896908,8.25,0.7938144329896908,21.5,-0.25,2.06872852233677,-0.0240549828178694,1,1
ES,xApvaV01StateLog_ES.csv,113,2026-04-07 08:30:00,Unresolved,Degrading->Directional->Degrading->Unresolved,Stable Compression Basin,Exact,1.0,1.2954618442339936,0.5555555555555556,0.6,1.0,1.0,0.3277386217034956,0.0694444444444444,0.6134780791798199,0.4917156117595194,CompressionPressure,0.6134780791798199,6586.25,6595.5,6586.0,6594.75,Up,1,6586.25,9.5,11.267857142857142,5,6595.25,0.5,0.0443740095087163,0.5,0.0443740095087163,5.25,-6.75,0.4659270998415214,-0.5990491283676704,1,1
ES,xApvaV01StateLog_ES.csv,114,2026-04-07 08:35:00,Unresolved,Directional->Degrading->Unresolved->Unresolved,Stable Compression Basin,Exact,1.0,1.3709505944503406,0.4444444444444444,0.6,1.0,0.0,0.149758817334618,0.0555555555555555,0.636537810069076,0.4665621092026786,CompressionPressure,0.636537810069076,6595.0,6597.5,6589.75,6594.75,Up,1,6594.75,7.75,10.696428571428571,5,6600.75,6.0,0.5609348914858097,6.0,0.5609348914858097,11.5,-6.75,1.0751252086811351,-0.6310517529215359,1,1
ES,xApvaV01StateLog_ES.csv,115,2026-04-07 08:40:00,Unresolved,Degrading->Unresolved->Unresolved->Unresolved,Stable Compression Basin,Exact,1.0,1.4854752972230063,0.4444444444444444,0.5,0.9,0.0,0.1223238531119191,0.0555555555555555,0.5877133494791177,0.4916143879341992,CompressionPressure,0.5877133494791177,6594.75,6600.0,6590.25,6592.25,Down,-1,6594.75,9.75,10.767857142857142,5,6616.75,24.5,2.275290215588724,-24.5,-2.275290215588724,4.25,-40.75,0.3946932006633499,-3.784411276948591,0,1
ES,xApvaV01StateLog_ES.csv,119,2026-04-07 09:00:00,Unresolved,Unresolved->Unresolved->Unresolved->Unresolved,Pure Unresolved Compression Equilibrium,Exact,1.0,1.8464393446652445,0.4444444444444444,0.4,0.5,0.0,0.0738888888888888,0.0555555555555555,0.538888888888889,0.5166666666666666,CompressionPressure,0.538888888888889,6595.0,6606.25,6594.25,6600.75,Up,1,6595.25,12.0,9.821428571428571,5,6620.75,20.0,2.0363636363636366,20.0,2.0363636363636366,32.25,-0.5,3.283636363636364,-0.0509090909090909,1,1
ES,xApvaV01StateLog_ES.csv,120,2026-04-07 09:05:00,Unresolved,Unresolved->Unresolved->Unresolved->Unresolved,Pure Unresolved Compression Equilibrium,Exact,1.0,1.6854752972215634,0.3333333333333333,0.5,0.4,0.0,0.0907083333333333,0.0416666666666666,0.6083333333333334,0.475,CompressionPressure,0.6083333333333334,6600.5,6633.0,6600.25,6616.75,Up,1,6600.75,32.75,11.607142857142858,5,6622.0,5.25,0.4523076923076923,5.25,0.4523076923076923,11.5,-7.5,0.9907692307692308,-0.6461538461538461,1,1
ES,xApvaV01StateLog_ES.csv,125,2026-04-07 09:30:00,Unresolved,Balance->Balance->Degrading->Unresolved,Stable Compression Basin,Soft,0.4142135623730951,1.7609640474379105,0.4444444444444444,0.5,0.0,0.0,0.0505555555555555,0.0555555555555555,0.5805555555555556,0.5166666666666666,CompressionPressure,0.5805555555555556,6620.75,6627.0,6618.5,6622.0,Up,1,6620.75,8.5,10.625,5,6628.25,6.25,0.5882352941176471,6.25,0.5882352941176471,9.75,-6.0,0.9176470588235294,-0.5647058823529412,1,1
ES,xApvaV01StateLog_ES.csv,126,2026-04-07 09:35:00,Unresolved,Balance->Degrading->Unresolved->Unresolved,Stable Compression Basin,Exact,1.0,1.921928094881592,0.4444444444444444,0.4,0.0,0.0,0.0388888888888888,0.0555555555555555,0.538888888888889,0.5166666666666666,CompressionPressure,0.538888888888889,6621.75,6626.0,6619.0,6625.25,Up,1,6622.0,7.0,10.625,5,6623.5,-1.75,-0.1647058823529411,-1.75,-0.1647058823529411,6.5,-9.25,0.611764705882353,-0.8705882352941177,0,1
ES,xApvaV01StateLog_ES.csv,127,2026-04-07 09:40:00,Unresolved,Degrading->Unresolved->Unresolved->Unresolved,Stable Compression Basin,Exact,1.0,1.9709505944488976,0.4444444444444444,0.3,0.0,0.0,0.0388888888888888,0.0555555555555555,0.538888888888889,0.5166666666666666,CompressionPressure,0.538888888888889,6625.25,6626.0,6616.0,6618.5,Up,1,6625.25,10.0,10.660714285714286,5,6629.5,11.0,1.031825795644891,11.0,1.031825795644891,13.25,-1.25,1.2428810720268006,-0.117252931323283,1,1
ES,xApvaV01StateLog_ES.csv,132,2026-04-07 10:05:00,Unresolved,Balance->Unresolved->Unresolved->Unresolved,Stable Compression Basin,Exact,1.0,1.5709505944488975,0.5555555555555556,0.6,0.0,0.0,0.0522935395569507,0.0694444444444444,0.5962600322913884,0.5519787758690297,CompressionPressure,0.5962600322913884,6623.25,6631.75,6620.5,6629.5,Up,1,6623.5,11.25,10.696428571428571,5,6620.75,-8.75,-0.8180300500834725,-8.75,-0.8180300500834725,1.75,-12.25,0.1636060100166945,-1.1452420701168615,0,1
ES,xApvaV01StateLog_ES.csv,133,2026-04-07 10:10:00,Unresolved,Unresolved->Unresolved->Unresolved->Unresolved,Pure Unresolved Compression Equilibrium,Exact,1.0,1.5709505944488975,0.5555555555555556,0.6,0.0,0.0,0.0522935395569507,0.0694444444444444,0.5962600322913884,0.5519787758690297,CompressionPressure,0.5962600322913884,6629.25,6631.25,6626.0,6627.5,Up,1,6629.5,5.25,10.214285714285714,5,6630.5,3.0,0.2937062937062937,3.0,0.2937062937062937,4.0,-10.25,0.3916083916083916,-1.0034965034965035,1,1
ES,xApvaV01StateLog_ES.csv,134,2026-04-07 10:15:00,Unresolved,Unresolved->Unresolved->Unresolved->Unresolved,Pure Unresolved Compression Equilibrium,Exact,1.0,1.2954618442339936,0.4444444444444444,0.6,0.0,0.0,0.085538424773057,0.0555555555555555,0.6412558569575977,0.4500489450928527,CompressionPressure,0.6412558569575977,6627.5,6629.5,6624.0,6625.25,Down,-1,6627.5,5.5,8.267857142857142,5,6637.0,11.75,1.4211663066954645,-11.75,-1.4211663066954645,8.0,-21.25,0.9676025917926566,-2.5701943844492443,0,1
ES,xApvaV01StateLog_ES.csv,139,2026-04-07 10:40:00,Unresolved,Degrading->Unresolved->Degrading->Unresolved,Stable Compression Basin,Exact,1.0,1.4854752972230063,0.5555555555555556,0.5,0.0,0.0,0.0471710753341413,0.0694444444444444,0.5599355717013399,0.533281054600866,CompressionPressure,0.5599355717013399,6630.25,6646.5,6630.0,6637.0,Up,1,6630.5,16.5,8.053571428571429,5,6629.25,-7.75,-0.9623059866962306,-7.75,-0.9623059866962306,0.25,-10.5,0.0310421286031042,-1.3037694013303769,0,1
ES,xApvaV01StateLog_ES.csv,140,2026-04-07 10:45:00,Unresolved,Unresolved->Degrading->Unresolved->Unresolved,Stable Compression Basin,Exact,1.0,1.4854752972230063,0.5555555555555556,0.5,0.0,0.0,0.0471710753341413,0.0694444444444444,0.5599355717013399,0.533281054600866,CompressionPressure,0.5599355717013399,6637.0,6637.25,6629.75,6630.5,Up,1,6637.0,7.5,8.089285714285714,5,6626.25,-4.25,-0.5253863134657837,-4.25,-0.5253863134657837,5.5,-6.5,0.6799116997792495,-0.8035320088300222,0,1
ES,xApvaV01StateLog_ES.csv,141,2026-04-07 10:50:00,Unresolved,Degrading->Unresolved->Unresolved->Unresolved,Stable Compression Basin,Exact,1.0,1.4854752972230063,0.5555555555555556,0.5,0.0,0.0,0.0471710753341413,0.0694444444444444,0.5599355717013399,0.533281054600866,CompressionPressure,0.5599355717013399,6630.5,6632.25,6626.5,6631.5,Up,1,6630.5,5.75,7.785714285714286,5,6627.5,-4.0,-0.5137614678899083,-4.0,-0.5137614678899083,4.5,-8.0,0.5779816513761468,-1.0275229357798166,0,1
ES,xApvaV01StateLog_ES.csv,144,2026-04-07 11:05:00,Unresolved,Unresolved->Unresolved->Unresolved->Unresolved,Pure Unresolved Compression Equilibrium,Exact,1.0,1.5709505944503404,0.4444444444444444,0.4,0.0,0.0,0.0411129840012847,0.0555555555555555,0.5407044767357427,0.5103121092026786,CompressionPressure,0.5407044767357427,6630.25,6633.0,6628.5,6629.25,Down,-1,6630.0,4.5,7.375,5,6624.5,-4.75,-0.6440677966101694,4.75,0.6440677966101694,6.25,-3.25,0.847457627118644,-0.4406779661016949,1,1
ES,xApvaV01StateLog_ES.csv,145,2026-04-07 11:10:00,Unresolved,Unresolved->Unresolved->Unresolved->Unresolved,Pure Unresolved Compression Equilibrium,Exact,1.0,1.5219280948830345,0.4444444444444444,0.4,0.0,0.0,0.0448662691244065,0.0555555555555555,0.5437683829586993,0.4995884374223303,CompressionPressure,0.5437683829586993,6629.25,6629.5,6624.0,6626.25,Down,-1,6629.25,5.5,7.375,5,6625.0,-1.25,-0.1694915254237288,1.25,0.1694915254237288,4.25,-6.25,0.576271186440678,-0.847457627118644,1,1
ES,xApvaV01StateLog_ES.csv,146,2026-04-07 11:15:00,Unresolved,Unresolved->Unresolved->Unresolved->Unresolved,Pure Unresolved Compression Equilibrium,Exact,1.0,1.360964047439353,0.3333333333333333,0.5,0.0,0.0,0.0810095234512578,0.0416666666666666,0.6232730803683738,0.4227108853773584,CompressionPressure,0.6232730803683738,6626.25,6628.5,6623.5,6627.5,Down,-1,6626.25,5.0,6.928571428571429,5,6622.5,-5.0,-0.7216494845360825,5.0,0.7216494845360825,6.75,-5.0,0.9742268041237112,-0.7216494845360825,1,1
ES,xApvaV01StateLog_ES.csv,147,2026-04-07 11:20:00,Unresolved,Unresolved->Unresolved->Unresolved->Unresolved,Pure Unresolved Compression Equilibrium,Exact,1.0,1.2954618442339936,0.2222222222222222,0.6,0.0,0.0,0.1098439803286126,0.0277777777777777,0.6968114125131533,0.3667156117595194,CompressionPressure,0.6968114125131533,6627.5,6631.75,6626.0,6631.25,Up,1,6627.5,5.75,6.964285714285714,5,6617.25,-14.0,-2.01025641025641,-14.0,-2.01025641025641,1.25,-17.25,0.1794871794871795,-2.476923076923077,0,1
ES,xApvaV01StateLog_ES.csv,148,2026-04-07 11:25:00,Unresolved,Unresolved->Unresolved->Unresolved->Unresolved,Pure Unresolved Compression Equilibrium,Exact,1.0,0.8812908992278072,0.1111111111111111,0.7,0.0,0.0,0.1653733877500932,0.0138888888888888,0.7921415410204843,0.2344490508727494,CompressionPressure,0.7921415410204843,6631.25,6632.5,6624.0,6625.0,Up,1,6631.25,8.5,7.178571428571429,5,6613.0,-12.0,-1.671641791044776,-12.0,-1.671641791044776,1.75,-13.0,0.2437810945273631,-1.8109452736318408,0,1
ES,xApvaV01StateLog_ES.csv,149,2026-04-07 11:30:00,Unresolved,Unresolved->Unresolved->Unresolved->Unresolved,Pure Unresolved Compression Equilibrium,Exact,1.0,0.7219280948844771,0.1111111111111111,0.8,0.0,0.0,0.1892412691242961,0.0138888888888888,0.8437683829586091,0.199588437422646,CompressionPressure,0.8437683829586091,6625.0,6626.75,6623.0,6624.5,Down,-1,6625.0,3.75,7.035714285714286,5,6604.75,-19.75,-2.807106598984772,19.75,2.807106598984772,20.75,-1.75,2.949238578680203,-0.248730964467005,1,1
ES,xApvaV01StateLog_ES.csv,150,2026-04-07 11:35:00,Unresolved,Unresolved->Unresolved->Unresolved->Unresolved,Pure Unresolved Compression Equilibrium,Exact,1.0,0.4689955935863958,0.1111111111111111,0.9,0.0,0.0,0.2202730804215971,0.0138888888888888,0.9012433309564056,0.1442594527636907,CompressionPressure,0.9012433309564056,6624.25,6626.25,6622.0,6625.0,Down,-1,6624.5,4.25,6.910714285714286,5,6602.25,-22.75,-3.291989664082688,22.75,3.291989664082688,28.0,-1.0,4.051679586563307,-0.144702842377261,1,1
ES,xApvaV01StateLog_ES.csv,151,2026-04-07 11:40:00,Unresolved,Unresolved->Unresolved->Unresolved->Unresolved,Pure Unresolved Compression Equilibrium,Exact,1.0,-1.4428232973175177e-12,0.0,1.0,0.0,0.0,0.2799999999999999,0.0,1.0,0.0,CompressionPressure,1.0,6624.5,6626.0,6620.75,6622.5,Down,-1,6625.0,5.25,6.839285714285714,5,6603.5,-19.0,-2.7780678851174936,19.0,2.7780678851174936,25.5,-0.75,3.7284595300261096,-0.1096605744125326,1,1
ES,xApvaV01StateLog_ES.csv,152,2026-04-07 11:45:00,Unresolved,Unresolved->Unresolved->Unresolved->Unresolved,Pure Unresolved Compression Equilibrium,Exact,1.0,-1.4428232973175177e-12,0.0,1.0,0.0,0.0,0.2799999999999999,0.0,1.0,0.0,CompressionPressure,1.0,6622.5,6623.25,6614.0,6617.25,Down,-1,6622.5,9.25,6.625,5,6600.75,-16.5,-2.490566037735849,16.5,2.490566037735849,20.5,-0.75,3.0943396226415096,-0.1132075471698113,1,1
ES,xApvaV01StateLog_ES.csv,153,2026-04-07 11:50:00,Unresolved,Unresolved->Unresolved->Unresolved->Unresolved,Pure Unresolved Compression Equilibrium,Exact,1.0,-1.4428232973175177e-12,0.0,1.0,0.0,0.0,0.2799999999999999,0.0,1.0,0.0,CompressionPressure,1.0,6617.5,6618.0,6612.0,6613.0,Down,-1,6617.25,6.0,5.875,5,6607.5,-5.5,-0.9361702127659576,5.5,0.9361702127659576,16.25,0.0,2.765957446808511,0.0,1,1
ES,xApvaV01StateLog_ES.csv,154,2026-04-07 11:55:00,Unresolved,Unresolved->Unresolved->Unresolved->Unresolved,Pure Unresolved Compression Equilibrium,Exact,1.0,-1.4428232973175177e-12,0.0,1.0,0.0,0.0,0.2799999999999999,0.0,1.0,0.0,CompressionPressure,1.0,6613.0,6613.0,6603.75,6604.75,Down,-1,6613.0,9.25,6.0,5,6634.75,30.0,5.0,-30.0,-5.0,8.0,-34.0,1.3333333333333333,-5.666666666666667,0,1
ES,xApvaV01StateLog_ES.csv,158,2026-04-07 12:15:00,Unresolved,Directional->Directional->Unresolved->Unresolved,Stable Compression Basin,Exact,1.0,1.2954618442339936,0.2222222222222222,0.6,0.4,0.0,0.1378439803286126,0.0277777777777777,0.6968114125131533,0.3667156117595194,CompressionPressure,0.6968114125131533,6600.5,6608.75,6600.25,6607.5,Down,-1,6600.75,8.5,7.071428571428571,5,6623.5,16.0,2.2626262626262625,-16.0,-2.2626262626262625,1.5,-37.5,0.2121212121212121,-5.303030303030304,0,1
ES,xApvaV01StateLog_ES.csv,169,2026-04-07 13:10:00,Unresolved,Unresolved->Unresolved->Unresolved->Unresolved,Pure Unresolved Compression Equilibrium,Exact,1.0,1.5709505944503404,0.4444444444444444,0.4,0.0,0.0,0.0411129840012847,0.0555555555555555,0.5407044767357427,0.5103121092026786,CompressionPressure,0.5407044767357427,6659.5,6661.25,6653.5,6661.25,Up,1,6659.25,7.75,13.571428571428571,5,6663.0,1.75,0.1289473684210526,1.75,0.1289473684210526,7.25,-7.5,0.5342105263157895,-0.5526315789473685,1,1
ES,xApvaV01StateLog_ES.csv,170,2026-04-07 13:15:00,Unresolved,Unresolved->Unresolved->Unresolved->Unresolved,Pure Unresolved Compression Equilibrium,Exact,1.0,1.5219280948830345,0.3333333333333333,0.4,0.0,0.0,0.0570190469021843,0.0416666666666666,0.571546160736477,0.4579217707556637,CompressionPressure,0.571546160736477,6661.25,6664.75,6659.25,6662.75,Up,1,6661.25,5.5,13.321428571428571,5,6658.5,-4.25,-0.3190348525469169,-4.25,-0.3190348525469169,5.75,-9.0,0.4316353887399464,-0.675603217158177,0,1
ES,xApvaV01StateLog_ES.csv,171,2026-04-07 13:20:00,Unresolved,Unresolved->Unresolved->Unresolved->Unresolved,Pure Unresolved Compression Equilibrium,Exact,1.0,1.4854752972230063,0.2222222222222222,0.5,0.0,0.0,0.0836294086674746,0.0277777777777777,0.6432689050346733,0.4082810546008659,CompressionPressure,0.6432689050346733,6662.75,6668.0,6655.25,6658.75,Up,1,6662.75,12.75,13.446428571428571,5,6664.5,5.75,0.4276228419654714,5.75,0.4276228419654714,14.75,-5.0,1.096945551128818,-0.3718459495351925,1,1
ES,xApvaV01StateLog_ES.csv,172,2026-04-07 13:25:00,Unresolved,Unresolved->Unresolved->Unresolved->Unresolved,Pure Unresolved Compression Equilibrium,Exact,1.0,1.2954618442339936,0.2222222222222222,0.6,0.0,0.0,0.1098439803286126,0.0277777777777777,0.6968114125131533,0.3667156117595194,CompressionPressure,0.6968114125131533,6658.75,6658.75,6653.75,6655.25,Down,-1,6658.75,5.0,13.196428571428571,5,6663.5,8.25,0.6251691474966171,-8.25,-0.6251691474966171,0.25,-18.25,0.0189445196211096,-1.3829499323410013,0,1
ES,xApvaV01StateLog_ES.csv,174,2026-04-07 13:35:00,Unresolved,Unresolved->Unresolved->Balance->Unresolved,Stable Compression Basin,Exact,1.0,1.2954618442339936,0.3333333333333333,0.6,0.0,0.0,0.0976912025508348,0.0416666666666666,0.6690336347353755,0.4083822784261861,CompressionPressure,0.6690336347353755,6657.5,6668.5,6657.0,6663.0,Up,1,6657.25,11.5,10.5,5,6663.5,0.5,0.0476190476190476,0.5,0.0476190476190476,10.5,-5.75,1.0,-0.5476190476190477,1,1
ES,xApvaV01StateLog_ES.csv,175,2026-04-07 13:40:00,Unresolved,Unresolved->Balance->Unresolved->Unresolved,Stable Compression Basin,Exact,1.0,1.2954618442339936,0.3333333333333333,0.6,0.0,0.0,0.0976912025508348,0.0416666666666666,0.6690336347353755,0.4083822784261861,CompressionPressure,0.6690336347353755,6662.75,6665.5,6657.25,6658.5,Up,1,6663.0,8.25,10.410714285714286,5,6825.75,167.25,16.06518010291595,167.25,16.06518010291595,178.25,-1.25,17.121783876500857,-0.1200686106346483,1,1
ES,xApvaV01StateLog_ES.csv,176,2026-04-07 13:45:00,Unresolved,Balance->Unresolved->Unresolved->Unresolved,Stable Compression Basin,Exact,1.0,1.2954618442339936,0.2222222222222222,0.6,0.0,0.0,0.1098439803286126,0.0277777777777777,0.6968114125131533,0.3667156117595194,CompressionPressure,0.6968114125131533,6658.5,6673.5,6657.25,6664.5,Up,1,6658.5,16.25,11.232142857142858,5,6819.75,155.25,13.821939586645469,155.25,13.821939586645469,172.25,-4.25,15.335453100158984,-0.3783783783783783,1,1
ES,xApvaV01StateLog_ES.csv,177,2026-04-07 13:50:00,Unresolved,Unresolved->Unresolved->Unresolved->Unresolved,Pure Unresolved Compression Equilibrium,Exact,1.0,1.2954618442339936,0.3333333333333333,0.6,0.0,0.0,0.0976912025508348,0.0416666666666666,0.6690336347353755,0.4083822784261861,CompressionPressure,0.6690336347353755,6664.25,6666.0,6661.5,6663.5,Up,1,6664.5,4.5,11.142857142857142,5,6816.25,152.75,13.708333333333334,152.75,13.708333333333334,173.25,-3.25,15.548076923076923,-0.2916666666666667,1,1
ES,xApvaV01StateLog_ES.csv,178,2026-04-07 13:55:00,Unresolved,Unresolved->Unresolved->Unresolved->Unresolved,Pure Unresolved Compression Equilibrium,Exact,1.0,1.2954618442339936,0.3333333333333333,0.6,0.0,0.0,0.0976912025508348,0.0416666666666666,0.6690336347353755,0.4083822784261861,CompressionPressure,0.6690336347353755,6663.5,6669.75,6660.25,6664.5,Up,1,6663.5,9.5,10.839285714285714,5,6826.5,162.0,14.945634266886326,162.0,14.945634266886326,172.25,-3.75,15.891268533772651,-0.3459637561779242,1,1
ES,xApvaV01StateLog_ES.csv,179,2026-04-07 14:00:00,Unresolved,Unresolved->Unresolved->Unresolved->Unresolved,Pure Unresolved Compression Equilibrium,Exact,1.0,1.2954618442339936,0.3333333333333333,0.6,0.0,0.0,0.0976912025508348,0.0416666666666666,0.6690336347353755,0.4083822784261861,CompressionPressure,0.6690336347353755,6664.5,6668.0,6660.75,6663.5,Up,1,6664.5,7.25,9.375,5,6806.5,143.0,15.253333333333334,143.0,15.253333333333334,173.25,141.75,18.48,15.12,1,1
ES,xApvaV01StateLog_ES.csv,180,2026-04-08 06:35:00,Unresolved,Unresolved->Unresolved->Unresolved->Unresolved,Pure Unresolved Compression Equilibrium,Exact,1.0,1.2954618442339936,0.3333333333333333,0.6,0.0,0.0,0.0976912025508348,0.0416666666666666,0.6690336347353755,0.4083822784261861,CompressionPressure,0.6690336347353755,6829.5,6836.75,6819.0,6825.75,Down,-1,6663.5,173.25,20.964285714285715,5,6811.75,-14.0,-0.6678023850085179,14.0,0.6678023850085179,20.75,-4.0,0.989778534923339,-0.1908006814310051,1,1
ES,xApvaV01StateLog_ES.csv,181,2026-04-08 06:40:00,Unresolved,Unresolved->Unresolved->Unresolved->Unresolved,Pure Unresolved Compression Equilibrium,Exact,1.0,1.2954618442339936,0.3333333333333333,0.6,0.0,0.0,0.0976912025508348,0.0416666666666666,0.6690336347353755,0.4083822784261861,CompressionPressure,0.6690336347353755,6826.0,6828.5,6817.5,6819.75,Down,-1,6825.75,11.0,20.839285714285715,5,6816.25,-3.5,-0.1679520137103684,3.5,0.1679520137103684,14.75,-10.0,0.7077977720651242,-0.4798628963153384,1,1
ES,xApvaV01StateLog_ES.csv,182,2026-04-08 06:45:00,Unresolved,Unresolved->Unresolved->Unresolved->Unresolved,Pure Unresolved Compression Equilibrium,Exact,1.0,1.2954618442339936,0.2222222222222222,0.6,0.0,0.0,0.1098439803286126,0.0277777777777777,0.6968114125131533,0.3667156117595194,CompressionPressure,0.6968114125131533,6819.75,6822.25,6813.25,6816.25,Down,-1,6819.75,9.0,20.464285714285715,5,6814.25,-2.0,-0.0977312390924956,2.0,0.0977312390924956,11.25,-13.5,0.5497382198952879,-0.6596858638743455,1,1
ES,xApvaV01StateLog_ES.csv,183,2026-04-08 06:50:00,Unresolved,Unresolved->Unresolved->Unresolved->Unresolved,Pure Unresolved Compression Equilibrium,Exact,1.0,0.8812908992278072,0.1111111111111111,0.7,0.0,0.0,0.1653733877500932,0.0138888888888888,0.7921415410204843,0.2344490508727494,CompressionPressure,0.7921415410204843,6816.5,6829.75,6815.5,6826.5,Down,-1,6816.25,14.25,20.928571428571427,5,6814.5,-12.0,-0.5733788395904438,12.0,0.5733788395904438,21.5,0.0,1.0273037542662118,0.0,1,1
ES,xApvaV01StateLog_ES.csv,184,2026-04-08 06:55:00,Unresolved,Unresolved->Unresolved->Unresolved->Unresolved,Pure Unresolved Compression Equilibrium,Exact,1.0,0.7219280948844771,0.1111111111111111,0.8,0.0,0.0,0.1892412691242961,0.0138888888888888,0.8437683829586091,0.199588437422646,CompressionPressure,0.8437683829586091,6826.5,6826.5,6805.25,6806.5,Down,-1,6826.5,21.25,22.053571428571427,5,6811.5,5.0,0.2267206477732793,-5.0,-0.2267206477732793,1.5,-12.0,0.0680161943319838,-0.5441295546558704,0,1
ES,xApvaV01StateLog_ES.csv,185,2026-04-08 07:00:00,Unresolved,Unresolved->Unresolved->Unresolved->Unresolved,Pure Unresolved Compression Equilibrium,Exact,1.0,0.4689955935863958,0.1111111111111111,0.9,0.0,0.0,0.2202730804215971,0.0138888888888888,0.9012433309564056,0.1442594527636907,CompressionPressure,0.9012433309564056,6806.5,6815.25,6805.0,6811.75,Down,-1,6806.5,10.25,21.875,5,6812.5,0.75,0.0342857142857142,-0.75,-0.0342857142857142,5.75,-6.75,0.2628571428571428,-0.3085714285714285,0,1
ES,xApvaV01StateLog_ES.csv,186,2026-04-08 07:05:00,Unresolved,Unresolved->Unresolved->Unresolved->Unresolved,Pure Unresolved Compression Equilibrium,Exact,1.0,-1.4428232973175177e-12,0.0,1.0,0.0,0.0,0.2799999999999999,0.0,1.0,0.0,CompressionPressure,1.0,6811.75,6817.5,6811.5,6816.25,Up,1,6811.75,6.0,21.946428571428573,5,6806.5,-9.75,-0.4442636289666395,-9.75,-0.4442636289666395,2.25,-10.75,0.1025223759153783,-0.4898291293734743,0,1
ES,xApvaV01StateLog_ES.csv,187,2026-04-08 07:10:00,Unresolved,Unresolved->Unresolved->Unresolved->Unresolved,Pure Unresolved Compression Equilibrium,Exact,1.0,-1.4428232973175177e-12,0.0,1.0,0.0,0.0,0.2799999999999999,0.0,1.0,0.0,CompressionPressure,1.0,6816.25,6818.0,6806.0,6814.25,Up,1,6816.25,12.0,22.446428571428573,5,6802.75,-11.5,-0.5123309466984884,-11.5,-0.5123309466984884,4.25,-14.25,0.1893396976929196,-0.6348448687350835,0,1
ES,xApvaV01StateLog_ES.csv,188,2026-04-08 07:15:00,Unresolved,Unresolved->Unresolved->Unresolved->Unresolved,Pure Unresolved Compression Equilibrium,Exact,1.0,-1.4428232973175177e-12,0.0,1.0,0.0,0.0,0.2799999999999999,0.0,1.0,0.0,CompressionPressure,1.0,6814.25,6817.25,6810.0,6814.5,Up,1,6814.25,7.25,22.142857142857142,5,6798.5,-16.0,-0.7225806451612904,-16.0,-0.7225806451612904,4.0,-17.5,0.1806451612903226,-0.7903225806451613,0,1
ES,xApvaV01StateLog_ES.csv,189,2026-04-08 07:20:00,Unresolved,Unresolved->Unresolved->Unresolved->Unresolved,Pure Unresolved Compression Equilibrium,Exact,1.0,-1.4428232973175177e-12,0.0,1.0,0.0,0.0,0.2799999999999999,0.0,1.0,0.0,CompressionPressure,1.0,6814.75,6818.5,6807.5,6811.5,Up,1,6814.5,11.0,22.339285714285715,5,6799.25,-12.25,-0.548361310951239,-12.25,-0.548361310951239,6.0,-14.5,0.2685851318944844,-0.6490807354116707,0,1
ES,xApvaV01StateLog_ES.csv,190,2026-04-08 07:25:00,Unresolved,Unresolved->Unresolved->Unresolved->Unresolved,Pure Unresolved Compression Equilibrium,Exact,1.0,-1.4428232973175177e-12,0.0,1.0,0.0,0.0,0.2799999999999999,0.0,1.0,0.0,CompressionPressure,1.0,6811.5,6817.5,6811.0,6812.5,Up,1,6811.5,6.5,21.642857142857142,5,6800.5,-12.0,-0.5544554455445545,-12.0,-0.5544554455445545,0.5,-19.75,0.0231023102310231,-0.9125412541254124,0,1
ES,xApvaV01StateLog_ES.csv,191,2026-04-08 07:30:00,Unresolved,Unresolved->Unresolved->Unresolved->Unresolved,Pure Unresolved Compression Equilibrium,Exact,1.0,-1.4428232973175177e-12,0.0,1.0,0.0,0.0,0.2799999999999999,0.0,1.0,0.0,CompressionPressure,1.0,6812.75,6813.0,6805.5,6806.5,Up,1,6812.5,7.5,21.857142857142858,5,6796.0,-10.5,-0.4803921568627451,-10.5,-0.4803921568627451,2.5,-14.5,0.1143790849673202,-0.6633986928104575,0,1
ES,xApvaV01StateLog_ES.csv,192,2026-04-08 07:35:00,Unresolved,Unresolved->Unresolved->Unresolved->Unresolved,Pure Unresolved Compression Equilibrium,Exact,1.0,-1.4428232973175177e-12,0.0,1.0,0.0,0.0,0.2799999999999999,0.0,1.0,0.0,CompressionPressure,1.0,6806.5,6809.0,6800.0,6802.75,Down,-1,6806.5,9.0,21.821428571428573,5,6794.0,-8.75,-0.4009819967266775,8.75,0.4009819967266775,22.75,-2.5,1.0425531914893615,-0.1145662847790507,1,1
ES,xApvaV01StateLog_ES.csv,193,2026-04-08 07:40:00,Unresolved,Unresolved->Unresolved->Unresolved->Unresolved,Pure Unresolved Compression Equilibrium,Exact,1.0,-1.4428232973175177e-12,0.0,1.0,0.0,0.0,0.2799999999999999,0.0,1.0,0.0,CompressionPressure,1.0,6802.75,6804.5,6797.0,6798.5,Down,-1,6802.75,7.5,21.839285714285715,5,6801.75,3.25,0.1488143908421913,-3.25,-0.1488143908421913,18.5,-6.75,0.8470973017170891,-0.3090760425183974,0,1
ES,xApvaV01StateLog_ES.csv,194,2026-04-08 07:45:00,Unresolved,Unresolved->Unresolved->Unresolved->Unresolved,Pure Unresolved Compression Equilibrium,Exact,1.0,-1.4428232973175177e-12,0.0,1.0,0.0,0.0,0.2799999999999999,0.0,1.0,0.0,CompressionPressure,1.0,6798.5,6805.25,6797.75,6799.25,Down,-1,6798.5,7.5,10.0,5,6792.5,-6.75,-0.675,6.75,0.675,19.25,-6.0,1.925,-0.6,1,1
ES,xApvaV01StateLog_ES.csv,195,2026-04-08 07:50:00,Unresolved,Unresolved->Unresolved->Unresolved->Unresolved,Pure Unresolved Compression Equilibrium,Exact,1.0,-1.4428232973175177e-12,0.0,1.0,0.0,0.0,0.2799999999999999,0.0,1.0,0.0,CompressionPressure,1.0,6799.25,6801.75,6792.75,6800.5,Up,1,6799.25,9.0,9.857142857142858,5,6796.5,-4.0,-0.4057971014492753,-4.0,-0.4057971014492753,4.75,-20.5,0.4818840579710144,-2.079710144927536,0,1
ES,xApvaV01StateLog_ES.csv,196,2026-04-08 07:55:00,Unresolved,Unresolved->Unresolved->Unresolved->Unresolved,Pure Unresolved Compression Equilibrium,Exact,1.0,-1.4428232973175177e-12,0.0,1.0,0.0,0.0,0.2799999999999999,0.0,1.0,0.0,CompressionPressure,1.0,6800.5,6800.75,6792.0,6796.0,Up,1,6800.5,8.75,9.839285714285714,5,6799.25,3.25,0.3303085299455535,3.25,0.3303085299455535,9.25,-16.0,0.94010889292196,-1.6261343012704177,1,1
ES,xApvaV01StateLog_ES.csv,197,2026-04-08 08:00:00,Unresolved,Unresolved->Unresolved->Unresolved->Unresolved,Pure Unresolved Compression Equilibrium,Exact,1.0,-1.4428232973175177e-12,0.0,1.0,0.0,0.0,0.2799999999999999,0.0,1.0,0.0,CompressionPressure,1.0,6796.25,6796.25,6780.0,6794.0,Down,-1,6796.0,16.25,9.982142857142858,5,6800.5,6.5,0.6511627906976744,-6.5,-0.6511627906976744,4.25,-11.25,0.4257602862254024,-1.1270125223613594,0,1
ES,xApvaV01StateLog_ES.csv,198,2026-04-08 08:05:00,Unresolved,Unresolved->Unresolved->Unresolved->Unresolved,Pure Unresolved Compression Equilibrium,Exact,1.0,-1.4428232973175177e-12,0.0,1.0,0.0,0.0,0.2799999999999999,0.0,1.0,0.0,CompressionPressure,1.0,6793.75,6805.25,6793.5,6801.75,Down,-1,6794.0,11.75,9.303571428571429,5,6795.25,-6.5,-0.6986564299424184,6.5,0.6986564299424184,12.0,-1.25,1.289827255278311,-0.1343570057581574,1,1
ES,xApvaV01StateLog_ES.csv,199,2026-04-08 08:10:00,Unresolved,Unresolved->Unresolved->Unresolved->Unresolved,Pure Unresolved Compression Equilibrium,Exact,1.0,-1.4428232973175177e-12,0.0,1.0,0.0,0.0,0.2799999999999999,0.0,1.0,0.0,CompressionPressure,1.0,6801.75,6803.0,6791.75,6792.5,Down,-1,6801.75,11.25,9.375,5,6803.25,10.75,1.1466666666666667,-10.75,-1.1466666666666667,2.75,-11.25,0.2933333333333333,-1.2,0,1
ES,xApvaV01StateLog_ES.csv,200,2026-04-08 08:15:00,Unresolved,Unresolved->Unresolved->Unresolved->Unresolved,Pure Unresolved Compression Equilibrium,Exact,1.0,-1.4428232973175177e-12,0.0,1.0,0.0,0.0,0.2799999999999999,0.0,1.0,0.0,CompressionPressure,1.0,6792.5,6798.75,6789.75,6796.5,Down,-1,6792.5,9.0,9.589285714285714,5,6807.5,11.0,1.1471135940409685,-11.0,-1.1471135940409685,4.0,-11.75,0.4171322160148976,-1.2253258845437618,0,1
ES,xApvaV01StateLog_ES.csv,201,2026-04-08 08:20:00,Unresolved,Unresolved->Unresolved->Unresolved->Unresolved,Pure Unresolved Compression Equilibrium,Exact,1.0,-1.4428232973175177e-12,0.0,1.0,0.0,0.0,0.2799999999999999,0.0,1.0,0.0,CompressionPressure,1.0,6796.5,6800.0,6792.5,6799.25,Up,1,6796.5,7.5,9.267857142857142,5,6807.5,8.25,0.8901734104046243,8.25,0.8901734104046243,9.0,-4.5,0.9710982658959538,-0.4855491329479769,1,1
ES,xApvaV01StateLog_ES.csv,202,2026-04-08 08:25:00,Unresolved,Unresolved->Unresolved->Unresolved->Unresolved,Pure Unresolved Compression Equilibrium,Exact,1.0,-1.4428232973175177e-12,0.0,1.0,0.0,0.0,0.2799999999999999,0.0,1.0,0.0,CompressionPressure,1.0,6799.5,6801.25,6795.75,6800.5,Up,1,6799.25,5.5,9.142857142857142,5,6813.0,12.5,1.3671875,12.5,1.3671875,13.25,-5.75,1.44921875,-0.62890625,1,1
ES,xApvaV01StateLog_ES.csv,203,2026-04-08 08:30:00,Unresolved,Unresolved->Unresolved->Unresolved->Unresolved,Pure Unresolved Compression Equilibrium,Exact,1.0,-1.4428232973175177e-12,0.0,1.0,0.0,0.0,0.2799999999999999,0.0,1.0,0.0,CompressionPressure,1.0,6800.5,6800.75,6794.75,6795.25,Up,1,6800.5,6.0,8.785714285714286,5,6813.75,18.5,2.105691056910569,18.5,2.105691056910569,21.0,0.0,2.3902439024390243,0.0,1,1
ES,xApvaV01StateLog_ES.csv,204,2026-04-08 08:35:00,Unresolved,Unresolved->Unresolved->Unresolved->Unresolved,Pure Unresolved Compression Equilibrium,Exact,1.0,-1.4428232973175177e-12,0.0,1.0,0.0,0.0,0.2799999999999999,0.0,1.0,0.0,CompressionPressure,1.0,6795.5,6803.75,6795.25,6803.25,Up,1,6795.25,8.5,8.928571428571429,5,6814.0,10.75,1.204,10.75,1.204,13.0,-1.75,1.456,-0.196,1,1
ES,xApvaV01StateLog_ES.csv,205,2026-04-08 08:40:00,Unresolved,Unresolved->Unresolved->Unresolved->Unresolved,Pure Unresolved Compression Equilibrium,Exact,1.0,-1.4428232973175177e-12,0.0,1.0,0.0,0.0,0.2799999999999999,0.0,1.0,0.0,CompressionPressure,1.0,6803.25,6808.25,6801.5,6807.5,Up,1,6803.25,6.75,8.875,5,6819.25,11.75,1.323943661971831,11.75,1.323943661971831,14.75,-4.75,1.6619718309859155,-0.5352112676056338,1,1
ES,xApvaV01StateLog_ES.csv,206,2026-04-08 08:45:00,Unresolved,Unresolved->Unresolved->Unresolved->Unresolved,Pure Unresolved Compression Equilibrium,Exact,1.0,-1.4428232973175177e-12,0.0,1.0,0.0,0.0,0.2799999999999999,0.0,1.0,0.0,CompressionPressure,1.0,6807.5,6808.0,6802.75,6807.5,Up,1,6807.5,5.25,8.607142857142858,5,6817.0,9.5,1.1037344398340247,9.5,1.1037344398340247,14.75,0.0,1.7136929460580912,0.0,1,1
ES,xApvaV01StateLog_ES.csv,207,2026-04-08 08:50:00,Unresolved,Unresolved->Unresolved->Unresolved->Unresolved,Pure Unresolved Compression Equilibrium,Exact,1.0,-1.4428232973175177e-12,0.0,1.0,0.0,0.0,0.2799999999999999,0.0,1.0,0.0,CompressionPressure,1.0,6807.5,6813.75,6807.5,6813.0,Up,1,6807.5,6.25,8.517857142857142,5,6814.0,1.0,0.1174004192872117,1.0,0.1174004192872117,9.25,-0.5,1.0859538784067089,-0.0587002096436058,1,1
ES,xApvaV01StateLog_ES.csv,220,2026-04-08 09:55:00,Unresolved,Degrading->Degrading->Degrading->Unresolved,Stable Compression Basin,Exact,1.0,0.9709505944517832,0.5555555555555556,0.6,0.3,0.0,0.1192310395567297,0.0694444444444444,0.633760032291208,0.4207287758696609,CompressionPressure,0.633760032291208,6825.0,6826.5,6823.5,6825.0,Up,1,6825.0,3.0,4.625,5,6822.5,-2.5,-0.5405405405405406,-2.5,-0.5405405405405406,4.75,-4.5,1.027027027027027,-0.972972972972973,0,1
ES,xApvaV01StateLog_ES.csv,221,2026-04-08 10:00:00,Unresolved,Degrading->Degrading->Unresolved->Unresolved,Stable Compression Basin,Exact,1.0,0.9999999999971146,0.4444444444444444,0.5,0.2,0.0,0.1104930555557764,0.0555555555555555,0.618055555555736,0.3854166666660354,CompressionPressure,0.618055555555736,6825.25,6827.5,6825.0,6825.75,Up,1,6825.0,2.5,4.357142857142857,5,6817.75,-8.0,-1.836065573770492,-8.0,-1.836065573770492,4.0,-9.25,0.918032786885246,-2.1229508196721314,0,1
ES,xApvaV01StateLog_ES.csv,223,2026-04-08 10:10:00,Unresolved,Unresolved->Unresolved->Balance->Unresolved,Stable Compression Basin,Exact,1.0,1.360964047439353,0.4444444444444444,0.5,0.0,0.0,0.0688567456734801,0.0555555555555555,0.595495302590596,0.4643775520440251,CompressionPressure,0.595495302590596,6826.25,6826.25,6822.25,6823.25,Up,1,6826.25,4.0,4.446428571428571,5,6817.0,-6.25,-1.4056224899598395,-6.25,-1.4056224899598395,2.75,-10.25,0.6184738955823293,-2.305220883534137,0,1
ES,xApvaV01StateLog_ES.csv,224,2026-04-08 10:15:00,Unresolved,Unresolved->Balance->Unresolved->Unresolved,Stable Compression Basin,Exact,1.0,1.360964047439353,0.4444444444444444,0.5,0.0,0.0,0.0688567456734801,0.0555555555555555,0.595495302590596,0.4643775520440251,CompressionPressure,0.595495302590596,6823.25,6826.0,6822.5,6824.0,Up,1,6823.25,3.5,4.089285714285714,5,6817.75,-6.25,-1.5283842794759823,-6.25,-1.5283842794759823,2.0,-11.5,0.4890829694323144,-2.812227074235808,0,1
ES,xApvaV01StateLog_ES.csv,225,2026-04-08 10:20:00,Unresolved,Balance->Unresolved->Unresolved->Unresolved,Stable Compression Basin,Exact,1.0,1.360964047439353,0.3333333333333333,0.5,0.0,0.0,0.0810095234512578,0.0416666666666666,0.6232730803683738,0.4227108853773584,CompressionPressure,0.6232730803683738,6824.0,6826.0,6820.5,6822.5,Up,1,6824.0,5.5,4.232142857142857,5,6821.25,-1.25,-0.2953586497890295,-1.25,-0.2953586497890295,2.0,-10.0,0.4725738396624473,-2.3628691983122363,0,1
ES,xApvaV01StateLog_ES.csv,226,2026-04-08 10:25:00,Unresolved,Unresolved->Unresolved->Unresolved->Unresolved,Pure Unresolved Compression Equilibrium,Exact,1.0,1.6854752972215634,0.4444444444444444,0.5,0.0,0.0,0.0505555555555555,0.0555555555555555,0.5805555555555556,0.5166666666666666,CompressionPressure,0.5805555555555556,6822.5,6824.5,6816.5,6817.75,Down,-1,6822.5,8.0,4.464285714285714,5,6819.25,1.5,0.3359999999999999,-1.5,-0.3359999999999999,5.25,-5.25,1.176,-1.176,0,1
ES,xApvaV01StateLog_ES.csv,232,2026-04-08 10:55:00,Unresolved,Balance->Balance->Unresolved->Unresolved,Stable Compression Basin,Exact,1.0,1.2954618442339936,0.5555555555555556,0.6,0.0,0.0,0.0733856469952793,0.0694444444444444,0.6134780791798199,0.4917156117595194,CompressionPressure,0.6134780791798199,6819.5,6822.75,6819.25,6821.25,Up,1,6819.25,3.5,4.821428571428571,5,6813.0,-8.25,-1.7111111111111112,-8.25,-1.7111111111111112,10.0,-13.25,2.0740740740740744,-2.7481481481481485,0,1
ES,xApvaV01StateLog_ES.csv,236,2026-04-08 11:15:00,Unresolved,Balance->Balance->Unresolved->Unresolved,Stable Compression Basin,Exact,1.0,0.9999999999971146,0.5555555555555556,0.5,0.0,0.0,0.0843402777779986,0.0694444444444444,0.5902777777779582,0.4270833333327021,CompressionPressure,0.5902777777779582,6829.5,6829.75,6826.25,6828.5,Up,1,6829.5,3.5,5.232142857142857,5,6810.25,-18.25,-3.488054607508533,-18.25,-3.488054607508533,2.75,-20.5,0.5255972696245734,-3.918088737201365,0,1
ES,xApvaV01StateLog_ES.csv,237,2026-04-08 11:20:00,Unresolved,Balance->Unresolved->Unresolved->Unresolved,Stable Compression Basin,Exact,1.0,0.9709505944517832,0.4444444444444444,0.6,0.0,0.0,0.1103838173345075,0.0555555555555555,0.6615378100689858,0.3790621092029942,CompressionPressure,0.6615378100689858,6828.25,6831.25,6808.0,6813.0,Down,-1,6828.5,23.25,6.607142857142857,5,6804.75,-8.25,-1.2486486486486488,8.25,1.2486486486486488,9.0,-6.25,1.3621621621621622,-0.945945945945946,1,1
ES,xApvaV01StateLog_ES.csv,238,2026-04-08 11:25:00,Unresolved,Unresolved->Unresolved->Unresolved->Unresolved,Pure Unresolved Compression Equilibrium,Exact,1.0,1.360964047439353,0.4444444444444444,0.5,0.0,0.0,0.0688567456734801,0.0555555555555555,0.595495302590596,0.4643775520440251,CompressionPressure,0.595495302590596,6813.25,6819.25,6811.0,6815.0,Down,-1,6813.0,8.25,6.946428571428571,5,6802.75,-12.25,-1.763496143958869,12.25,1.763496143958869,12.5,-4.0,1.7994858611825193,-0.5758354755784062,1,1
ES,xApvaV01StateLog_ES.csv,241,2026-04-08 11:40:00,Unresolved,Unresolved->Balance->Balance->Unresolved,Stable Compression Basin,Exact,1.0,1.360964047439353,0.5555555555555556,0.5,0.0,0.0,0.0567039678957023,0.0694444444444444,0.5677175248128182,0.5060442187106917,CompressionPressure,0.5677175248128182,6813.5,6815.5,6809.75,6810.25,Down,-1,6813.25,5.75,6.910714285714286,5,6798.0,-12.25,-1.772609819121447,12.25,1.772609819121447,17.75,-0.5,2.5684754521963824,-0.0723514211886305,1,1
ES,xApvaV01StateLog_ES.csv,242,2026-04-08 11:45:00,Unresolved,Balance->Balance->Unresolved->Unresolved,Stable Compression Basin,Exact,1.0,1.360964047439353,0.4444444444444444,0.5,0.0,0.0,0.0688567456734801,0.0555555555555555,0.595495302590596,0.4643775520440251,CompressionPressure,0.595495302590596,6810.5,6810.75,6804.0,6804.75,Down,-1,6810.25,6.75,7.035714285714286,5,6801.25,-3.5,-0.4974619289340101,3.5,0.4974619289340101,12.25,-3.75,1.7411167512690355,-0.5329949238578681,1,1
ES,xApvaV01StateLog_ES.csv,243,2026-04-08 11:50:00,Unresolved,Balance->Unresolved->Unresolved->Unresolved,Stable Compression Basin,Exact,1.0,1.2954618442339936,0.4444444444444444,0.6,0.0,0.0,0.085538424773057,0.0555555555555555,0.6412558569575977,0.4500489450928527,CompressionPressure,0.6412558569575977,6805.0,6808.5,6802.5,6802.75,Down,-1,6804.75,6.0,6.875,5,6807.75,5.0,0.7272727272727273,-5.0,-0.7272727272727273,10.25,-6.5,1.490909090909091,-0.9454545454545454,0,1
ES,xApvaV01StateLog_ES.csv,248,2026-04-08 12:15:00,Unresolved,Balance->Balance->Unresolved->Unresolved,Stable Compression Basin,Exact,1.0,0.9709505944517832,0.3333333333333333,0.6,0.0,0.0,0.1225365951122853,0.0416666666666666,0.6893155878467636,0.3373954425363276,CompressionPressure,0.6893155878467636,6801.25,6809.25,6801.0,6807.75,Up,1,6801.25,8.25,8.0,5,6812.25,4.5,0.5625,4.5,0.5625,7.0,-9.5,0.875,-1.1875,1,1
ES,xApvaV01StateLog_ES.csv,249,2026-04-08 12:20:00,Unresolved,Balance->Unresolved->Unresolved->Unresolved,Stable Compression Basin,Exact,1.0,0.9999999999971146,0.3333333333333333,0.5,0.0,0.0,0.1086458333335542,0.0416666666666666,0.6458333333335138,0.3437499999993688,CompressionPressure,0.6458333333335138,6808.0,6809.5,6800.5,6802.25,Up,1,6807.75,9.0,8.375,5,6811.25,9.0,1.0746268656716418,9.0,1.0746268656716418,12.5,-4.0,1.492537313432836,-0.4776119402985074,1,1
ES,xApvaV01StateLog_ES.csv,250,2026-04-08 12:25:00,Unresolved,Unresolved->Unresolved->Unresolved->Unresolved,Pure Unresolved Compression Equilibrium,Exact,1.0,1.360964047439353,0.3333333333333333,0.5,0.0,0.0,0.0810095234512578,0.0416666666666666,0.6232730803683738,0.4227108853773584,CompressionPressure,0.6232730803683738,6802.25,6803.75,6798.25,6802.25,Up,1,6802.25,5.5,8.517857142857142,5,6814.25,12.0,1.408805031446541,12.0,1.408805031446541,13.0,-3.25,1.5262054507337528,-0.3815513626834382,1,1
ES,xApvaV01StateLog_ES.csv,251,2026-04-08 12:30:00,Unresolved,Unresolved->Unresolved->Unresolved->Unresolved,Pure Unresolved Compression Equilibrium,Exact,1.0,1.5219280948830345,0.3333333333333333,0.4,0.0,0.0,0.0570190469021843,0.0416666666666666,0.571546160736477,0.4579217707556637,CompressionPressure,0.571546160736477,6802.25,6806.25,6799.25,6799.5,Down,-1,6802.25,7.0,7.357142857142857,5,6817.5,18.0,2.446601941747573,-18.0,-2.446601941747573,0.5,-19.0,0.0679611650485436,-2.5825242718446604,0,1
ES,xApvaV01StateLog_ES.csv,252,2026-04-08 12:35:00,Unresolved,Unresolved->Unresolved->Unresolved->Unresolved,Pure Unresolved Compression Equilibrium,Exact,1.0,1.5709505944503404,0.3333333333333333,0.4,0.0,0.0,0.0532657617790625,0.0416666666666666,0.5684822545135204,0.4686454425360119,CompressionPressure,0.5684822545135204,6799.5,6810.0,6799.0,6809.5,Down,-1,6799.5,11.0,7.553571428571429,5,6823.5,14.0,1.8534278959810877,-14.0,-1.8534278959810877,3.75,-15.75,0.4964539007092198,-2.0851063829787235,0,1
ES,xApvaV01StateLog_ES.csv,253,2026-04-08 12:40:00,Unresolved,Unresolved->Unresolved->Unresolved->Unresolved,Pure Unresolved Compression Equilibrium,Exact,1.0,1.5219280948830345,0.2222222222222222,0.4,0.0,0.0,0.0691718246799621,0.0277777777777777,0.5993239385142548,0.416255104088997,CompressionPressure,0.5993239385142548,6809.75,6814.75,6808.0,6812.25,Up,1,6809.5,6.75,7.5,5,6824.0,11.75,1.5666666666666669,11.75,1.5666666666666669,14.75,-6.5,1.9666666666666663,-0.8666666666666667,1,1
ES,xApvaV01StateLog_ES.csv,254,2026-04-08 12:45:00,Unresolved,Unresolved->Unresolved->Unresolved->Unresolved,Pure Unresolved Compression Equilibrium,Exact,1.0,1.4854752972230063,0.2222222222222222,0.5,0.0,0.0,0.0836294086674746,0.0277777777777777,0.6432689050346733,0.4082810546008659,CompressionPressure,0.6432689050346733,6812.25,6812.5,6805.75,6811.25,Up,1,6812.25,6.75,7.535714285714286,5,6820.5,9.25,1.227488151658768,9.25,1.227488151658768,15.75,-0.5,2.090047393364929,-0.0663507109004739,1,1
ES,xApvaV01StateLog_ES.csv,255,2026-04-08 12:50:00,Unresolved,Unresolved->Unresolved->Unresolved->Unresolved,Pure Unresolved Compression Equilibrium,Exact,1.0,1.3709505944503406,0.2222222222222222,0.6,0.0,0.0,0.1040643728901735,0.0277777777777777,0.6920933656246315,0.3832287758693453,CompressionPressure,0.6920933656246315,6811.25,6815.25,6810.75,6814.25,Up,1,6811.25,4.5,7.446428571428571,5,6820.5,6.25,0.8393285371702638,6.25,0.8393285371702638,12.75,-0.75,1.712230215827338,-0.1007194244604316,1,1
ES,xApvaV01StateLog_ES.csv,256,2026-04-08 12:55:00,Unresolved,Unresolved->Unresolved->Unresolved->Unresolved,Pure Unresolved Compression Equilibrium,Exact,1.0,1.1567796494427114,0.2222222222222222,0.7,0.0,0.0,0.1321285025339868,0.0277777777777777,0.747145716354275,0.3363788816489264,CompressionPressure,0.747145716354275,6814.25,6818.5,6813.5,6817.5,Up,1,6814.25,5.0,7.321428571428571,5,6820.25,2.75,0.375609756097561,2.75,0.375609756097561,9.5,-2.75,1.297560975609756,-0.375609756097561,1,1
ES,xApvaV01StateLog_ES.csv,261,2026-04-08 13:20:00,Unresolved,Directional->Directional->Degrading->Unresolved,Stable Compression Basin,Exact,1.0,1.6854752972215634,0.3333333333333333,0.5,0.5,0.0,0.0977083333333333,0.0416666666666666,0.6083333333333334,0.475,CompressionPressure,0.6083333333333334,6820.25,6823.5,6819.75,6820.25,Up,1,6820.5,3.75,6.446428571428571,5,6817.25,-3.0,-0.4653739612188365,-3.0,-0.4653739612188365,1.25,-3.25,0.1939058171745152,-0.5041551246537397,0,1
ES,xApvaV01StateLog_ES.csv,262,2026-04-08 13:25:00,Balance,Directional->Degrading->Unresolved->Balance,Stable Compression Basin,Soft,0.3660254037844386,1.8464393446652445,0.3333333333333333,0.4,0.6,0.0,0.0930416666666666,0.0416666666666666,0.5666666666666667,0.475,CompressionPressure,0.5666666666666667,6820.5,6821.0,6819.25,6821.0,Up,1,6820.25,1.75,5.982142857142857,5,6816.0,-5.0,-0.8358208955223881,-5.0,-0.8358208955223881,0.5,-5.75,0.0835820895522388,-0.9611940298507464,0,1
ES,xApvaV01StateLog_ES.csv,263,2026-04-08 13:30:00,Unresolved,Degrading->Unresolved->Balance->Unresolved,Stable Compression Basin,Exact,1.0,1.8954618442325508,0.3333333333333333,0.3,0.6,0.0,0.0930416666666666,0.0416666666666666,0.5666666666666667,0.475,CompressionPressure,0.5666666666666667,6821.0,6821.5,6819.0,6819.75,Up,1,6821.0,2.5,5.517857142857143,5,6815.25,-4.5,-0.8155339805825242,-4.5,-0.8155339805825242,0.5,-5.5,0.0906148867313915,-0.9967637540453074,0,1
ES,xApvaV01StateLog_ES.csv,264,2026-04-08 13:35:00,Unresolved,Unresolved->Balance->Unresolved->Unresolved,Stable Compression Basin,Exact,1.0,1.8464393446652445,0.3333333333333333,0.4,0.6,0.0,0.0930416666666666,0.0416666666666666,0.5666666666666667,0.475,CompressionPressure,0.5666666666666667,6819.5,6820.25,6818.5,6819.25,Down,-1,6819.75,1.75,5.25,5,6816.25,-3.0,-0.5714285714285714,3.0,0.5714285714285714,5.0,-0.5,0.9523809523809524,-0.0952380952380952,1,1
ES,xApvaV01StateLog_ES.csv,265,2026-04-08 13:40:00,Unresolved,Balance->Unresolved->Unresolved->Unresolved,Stable Compression Basin,Exact,1.0,1.6854752972215634,0.3333333333333333,0.5,0.6,0.0,0.1047083333333333,0.0416666666666666,0.6083333333333334,0.475,CompressionPressure,0.6083333333333334,6819.25,6819.75,6817.5,6817.75,Down,-1,6819.25,2.25,4.910714285714286,5,6810.75,-7.0,-1.4254545454545455,7.0,1.4254545454545455,9.0,-0.75,1.8327272727272728,-0.1527272727272727,1,1
ES,xApvaV01StateLog_ES.csv,266,2026-04-08 13:45:00,Unresolved,Unresolved->Unresolved->Unresolved->Unresolved,Pure Unresolved Compression Equilibrium,Exact,1.0,1.6854752972215634,0.3333333333333333,0.5,0.6,0.0,0.1047083333333333,0.0416666666666666,0.6083333333333334,0.475,CompressionPressure,0.6083333333333334,6817.75,6818.5,6817.0,6817.25,Down,-1,6817.75,1.5,4.232142857142857,5,6815.5,-1.75,-0.4135021097046414,1.75,0.4135021097046414,8.5,-0.5,2.008438818565401,-0.1181434599156118,1,1
ES,xApvaV01StateLog_ES.csv,267,2026-04-08 13:50:00,Unresolved,Unresolved->Unresolved->Unresolved->Unresolved,Pure Unresolved Compression Equilibrium,Exact,1.0,1.7609640474379105,0.3333333333333333,0.5,0.5,0.0,0.0977083333333333,0.0416666666666666,0.6083333333333334,0.475,CompressionPressure,0.6083333333333334,6817.25,6817.75,6815.25,6816.0,Down,-1,6817.25,2.5,3.928571428571429,5,6819.25,3.25,0.8272727272727273,-3.25,-0.8272727272727273,7.25,-5.75,1.8454545454545452,-1.4636363636363636,0,1
ES,xApvaV01StateLog_ES.csv,268,2026-04-08 13:55:00,Unresolved,Unresolved->Unresolved->Unresolved->Unresolved,Pure Unresolved Compression Equilibrium,Exact,1.0,1.6854752972215634,0.3333333333333333,0.5,0.4,0.0,0.0907083333333333,0.0416666666666666,0.6083333333333334,0.475,CompressionPressure,0.6083333333333334,6815.75,6817.5,6814.25,6815.25,Down,-1,6816.0,3.25,3.678571428571429,5,6818.5,3.25,0.883495145631068,-3.25,-0.883495145631068,6.5,-6.5,1.766990291262136,-1.766990291262136,0,1
ES,xApvaV01StateLog_ES.csv,269,2026-04-08 14:00:00,Unresolved,Unresolved->Unresolved->Unresolved->Unresolved,Pure Unresolved Compression Equilibrium,Exact,1.0,1.360964047439353,0.2222222222222222,0.5,0.3,0.0,0.1141623012290356,0.0277777777777777,0.6510508581461516,0.3810442187106918,CompressionPressure,0.6510508581461516,6815.5,6816.75,6815.0,6816.25,Down,-1,6815.25,1.75,3.482142857142857,5,6812.25,-4.0,-1.1487179487179486,4.0,1.1487179487179486,7.5,-5.5,2.1538461538461537,-1.5794871794871794,1,1
ES,xApvaV01StateLog_ES.csv,270,2026-04-09 06:35:00,Unresolved,Unresolved->Unresolved->Unresolved->Unresolved,Pure Unresolved Compression Equilibrium,Exact,1.0,0.9999999999971146,0.1111111111111111,0.5,0.2,0.0,0.1469513888891098,0.0138888888888888,0.7013888888890694,0.2604166666660354,CompressionPressure,0.7013888888890694,6812.75,6816.75,6808.75,6810.75,Down,-1,6816.25,8.0,3.696428571428572,5,6816.75,6.0,1.623188405797101,-6.0,-1.623188405797101,1.5,-11.0,0.4057971014492753,-2.975845410628019,0,1
ES,xApvaV01StateLog_ES.csv,271,2026-04-09 06:40:00,Unresolved,Unresolved->Unresolved->Unresolved->Unresolved,Pure Unresolved Compression Equilibrium,Exact,1.0,0.9709505944517832,0.1111111111111111,0.6,0.1,0.0,0.1538421506678408,0.0138888888888888,0.7448711434023191,0.2540621092029942,CompressionPressure,0.7448711434023191,6810.75,6817.25,6809.25,6815.5,Down,-1,6810.75,8.0,3.517857142857143,5,6817.5,2.0,0.5685279187817259,-2.0,-0.5685279187817259,5.25,-6.25,1.4923857868020305,-1.7766497461928934,0,1
ES,xApvaV01StateLog_ES.csv,272,2026-04-09 06:45:00,Unresolved,Unresolved->Unresolved->Unresolved->Unresolved,Pure Unresolved Compression Equilibrium,Exact,1.0,0.8812908992278072,0.1111111111111111,0.7,0.0,0.0,0.1653733877500932,0.0138888888888888,0.7921415410204843,0.2344490508727494,CompressionPressure,0.7921415410204843,6815.5,6821.75,6812.25,6819.25,Up,1,6815.5,9.5,3.892857142857143,5,6814.0,-5.25,-1.3486238532110093,-5.25,-1.3486238532110093,1.75,-9.0,0.4495412844036697,-2.311926605504587,0,1
ES,xApvaV01StateLog_ES.csv,273,2026-04-09 06:50:00,Unresolved,Unresolved->Unresolved->Unresolved->Unresolved,Pure Unresolved Compression Equilibrium,Exact,1.0,0.7219280948844771,0.1111111111111111,0.8,0.0,0.0,0.1892412691242961,0.0138888888888888,0.8437683829586091,0.199588437422646,CompressionPressure,0.8437683829586091,6819.25,6820.75,6813.5,6818.5,Up,1,6819.25,7.25,4.053571428571429,5,6811.75,-6.75,-1.6651982378854624,-6.75,-1.6651982378854624,2.5,-8.25,0.6167400881057268,-2.0352422907488985,0,1
ES,xApvaV01StateLog_ES.csv,274,2026-04-09 06:55:00,Unresolved,Unresolved->Unresolved->Unresolved->Unresolved,Pure Unresolved Compression Equilibrium,Exact,1.0,0.4689955935863958,0.1111111111111111,0.9,0.0,0.0,0.2202730804215971,0.0138888888888888,0.9012433309564056,0.1442594527636907,CompressionPressure,0.9012433309564056,6818.25,6818.25,6810.75,6812.25,Down,-1,6818.5,7.75,4.392857142857143,5,6808.25,-4.0,-0.9105691056910568,4.0,0.9105691056910568,6.5,-8.75,1.479674796747967,-1.9918699186991868,1,1
ES,xApvaV01StateLog_ES.csv,275,2026-04-09 07:00:00,Unresolved,Unresolved->Unresolved->Unresolved->Unresolved,Pure Unresolved Compression Equilibrium,Exact,1.0,-1.4428232973175177e-12,0.0,1.0,0.0,0.0,0.2799999999999999,0.0,1.0,0.0,CompressionPressure,1.0,6812.25,6817.25,6810.25,6816.75,Down,-1,6812.25,7.0,4.625,5,6809.5,-7.25,-1.5675675675675675,7.25,1.5675675675675675,11.0,-4.25,2.3783783783783785,-0.918918918918919,1,1
ES,xApvaV01StateLog_ES.csv,276,2026-04-09 07:05:00,Unresolved,Unresolved->Unresolved->Unresolved->Unresolved,Pure Unresolved Compression Equilibrium,Exact,1.0,-1.4428232973175177e-12,0.0,1.0,0.0,0.0,0.2799999999999999,0.0,1.0,0.0,CompressionPressure,1.0,6816.5,6819.0,6812.75,6817.5,Up,1,6816.75,6.25,4.946428571428571,5,6806.75,-10.75,-2.173285198555957,-10.75,-2.173285198555957,3.5,-14.5,0.7075812274368232,-2.9314079422382675,0,1
ES,xApvaV01StateLog_ES.csv,277,2026-04-09 07:10:00,Unresolved,Unresolved->Unresolved->Unresolved->Unresolved,Pure Unresolved Compression Equilibrium,Exact,1.0,-1.4428232973175177e-12,0.0,1.0,0.0,0.0,0.2799999999999999,0.0,1.0,0.0,CompressionPressure,1.0,6817.5,6821.0,6813.5,6814.0,Up,1,6817.5,7.5,5.303571428571429,5,6805.0,-9.0,-1.6969696969696968,-9.0,-1.6969696969696968,5.25,-12.25,0.9898989898989898,-2.3097643097643097,0,1
ES,xApvaV01StateLog_ES.csv,278,2026-04-09 07:15:00,Unresolved,Unresolved->Unresolved->Unresolved->Unresolved,Pure Unresolved Compression Equilibrium,Exact,1.0,-1.4428232973175177e-12,0.0,1.0,0.0,0.0,0.2799999999999999,0.0,1.0,0.0,CompressionPressure,1.0,6813.75,6819.25,6811.0,6811.75,Down,-1,6814.0,8.25,5.767857142857143,5,6808.25,-3.5,-0.6068111455108359,3.5,0.6068111455108359,10.0,0.0,1.7337461300309596,0.0,1,1
ES,xApvaV01StateLog_ES.csv,279,2026-04-09 07:20:00,Unresolved,Unresolved->Unresolved->Unresolved->Unresolved,Pure Unresolved Compression Equilibrium,Exact,1.0,-1.4428232973175177e-12,0.0,1.0,0.0,0.0,0.2799999999999999,0.0,1.0,0.0,CompressionPressure,1.0,6811.5,6811.5,6805.75,6808.25,Down,-1,6811.75,6.0,6.035714285714286,5,6806.5,-1.75,-0.2899408284023668,1.75,0.2899408284023668,6.5,-3.5,1.0769230769230769,-0.5798816568047337,1,1
ES,xApvaV01StateLog_ES.csv,280,2026-04-09 07:25:00,Unresolved,Unresolved->Unresolved->Unresolved->Unresolved,Pure Unresolved Compression Equilibrium,Exact,1.0,-1.4428232973175177e-12,0.0,1.0,0.0,0.0,0.2799999999999999,0.0,1.0,0.0,CompressionPressure,1.0,6808.25,6811.75,6806.5,6809.5,Down,-1,6808.25,5.25,6.303571428571429,5,6811.25,1.75,0.2776203966005666,-1.75,-0.2776203966005666,7.75,-2.75,1.2294617563739376,-0.4362606232294617,0,1
ES,xApvaV01StateLog_ES.csv,281,2026-04-09 07:30:00,Unresolved,Unresolved->Unresolved->Unresolved->Unresolved,Pure Unresolved Compression Equilibrium,Exact,1.0,-1.4428232973175177e-12,0.0,1.0,0.0,0.0,0.2799999999999999,0.0,1.0,0.0,CompressionPressure,1.0,6809.5,6809.75,6803.0,6806.75,Down,-1,6809.5,6.75,6.607142857142857,5,6815.25,8.5,1.286486486486487,-8.5,-1.286486486486487,5.0,-8.5,0.7567567567567568,-1.286486486486487,0,1
ES,xApvaV01StateLog_ES.csv,282,2026-04-09 07:35:00,Unresolved,Unresolved->Unresolved->Unresolved->Unresolved,Pure Unresolved Compression Equilibrium,Exact,1.0,-1.4428232973175177e-12,0.0,1.0,0.0,0.0,0.2799999999999999,0.0,1.0,0.0,CompressionPressure,1.0,6806.75,6808.0,6801.75,6805.0,Down,-1,6806.75,6.25,6.821428571428571,5,6816.75,11.75,1.7225130890052356,-11.75,-1.7225130890052356,2.5,-14.0,0.3664921465968586,-2.0523560209424083,0,1
ES,xApvaV01StateLog_ES.csv,283,2026-04-09 07:40:00,Unresolved,Unresolved->Unresolved->Unresolved->Unresolved,Pure Unresolved Compression Equilibrium,Exact,1.0,-1.4428232973175177e-12,0.0,1.0,0.0,0.0,0.2799999999999999,0.0,1.0,0.0,CompressionPressure,1.0,6805.0,6809.25,6802.5,6808.25,Down,-1,6805.0,6.75,7.178571428571429,5,6813.5,5.25,0.7313432835820896,-5.25,-0.7313432835820896,2.75,-10.75,0.3830845771144278,-1.4975124378109452,0,1
ES,xApvaV01StateLog_ES.csv,284,2026-04-09 07:45:00,Unresolved,Unresolved->Unresolved->Unresolved->Unresolved,Pure Unresolved Compression Equilibrium,Exact,1.0,-1.4428232973175177e-12,0.0,1.0,0.0,0.0,0.2799999999999999,0.0,1.0,0.0,CompressionPressure,1.0,6808.25,6810.25,6805.5,6806.5,Down,-1,6808.25,4.75,6.946428571428571,5,6814.0,7.5,1.0796915167095116,-7.5,-1.0796915167095116,0.5,-12.5,0.0719794344473007,-1.7994858611825193,0,1
ES,xApvaV01StateLog_ES.csv,285,2026-04-09 07:50:00,Unresolved,Unresolved->Unresolved->Unresolved->Unresolved,Pure Unresolved Compression Equilibrium,Exact,1.0,-1.4428232973175177e-12,0.0,1.0,0.0,0.0,0.2799999999999999,0.0,1.0,0.0,CompressionPressure,1.0,6806.25,6812.25,6806.0,6811.25,Down,-1,6806.5,6.25,6.821428571428571,5,6820.75,9.5,1.3926701570680629,-9.5,-1.3926701570680629,1.75,-10.75,0.256544502617801,-1.5759162303664922,0,1
ES,xApvaV01StateLog_ES.csv,286,2026-04-09 07:55:00,Unresolved,Unresolved->Unresolved->Unresolved->Unresolved,Pure Unresolved Compression Equilibrium,Exact,1.0,-1.4428232973175177e-12,0.0,1.0,0.0,0.0,0.2799999999999999,0.0,1.0,0.0,CompressionPressure,1.0,6811.0,6815.25,6810.5,6815.25,Up,1,6811.25,4.75,6.482142857142857,5,6828.5,13.25,2.044077134986226,13.25,2.044077134986226,13.5,-5.75,2.0826446280991737,-0.8870523415977962,1,1
ES,xApvaV01StateLog_ES.csv,287,2026-04-09 08:00:00,Unresolved,Unresolved->Unresolved->Unresolved->Unresolved,Pure Unresolved Compression Equilibrium,Exact,1.0,-1.4428232973175177e-12,0.0,1.0,0.0,0.0,0.2799999999999999,0.0,1.0,0.0,CompressionPressure,1.0,6815.25,6819.0,6813.25,6816.75,Up,1,6815.25,5.75,6.375,5,6826.5,9.75,1.5294117647058822,9.75,1.5294117647058822,12.75,-7.25,2.0,-1.1372549019607845,1,1
ES,xApvaV01StateLog_ES.csv,288,2026-04-09 08:05:00,Unresolved,Unresolved->Unresolved->Unresolved->Unresolved,Pure Unresolved Compression Equilibrium,Exact,1.0,-1.4428232973175177e-12,0.0,1.0,0.0,0.0,0.2799999999999999,0.0,1.0,0.0,CompressionPressure,1.0,6816.75,6817.5,6809.5,6813.5,Up,1,6816.75,8.0,6.392857142857143,5,6823.25,9.75,1.5251396648044693,9.75,1.5251396648044693,16.0,-2.0,2.502793296089385,-0.3128491620111732,1,1
ES,xApvaV01StateLog_ES.csv,289,2026-04-09 08:10:00,Unresolved,Unresolved->Unresolved->Unresolved->Unresolved,Pure Unresolved Compression Equilibrium,Exact,1.0,-1.4428232973175177e-12,0.0,1.0,0.0,0.0,0.2799999999999999,0.0,1.0,0.0,CompressionPressure,1.0,6813.5,6815.25,6811.5,6814.0,Up,1,6813.5,3.75,6.160714285714286,5,6838.0,24.0,3.895652173913044,24.0,3.895652173913044,31.0,-0.25,5.031884057971015,-0.0405797101449275,1,1
ES,xApvaV01StateLog_ES.csv,290,2026-04-09 08:15:00,Unresolved,Unresolved->Unresolved->Unresolved->Unresolved,Pure Unresolved Compression Equilibrium,Exact,1.0,-1.4428232973175177e-12,0.0,1.0,0.0,0.0,0.2799999999999999,0.0,1.0,0.0,CompressionPressure,1.0,6813.75,6822.0,6813.75,6820.75,Up,1,6814.0,8.25,6.303571428571429,5,6836.25,15.5,2.4589235127478752,15.5,2.4589235127478752,24.25,0.0,3.847025495750708,0.0,1,1
ES,xApvaV01StateLog_ES.csv,291,2026-04-09 08:20:00,Unresolved,Unresolved->Unresolved->Unresolved->Unresolved,Pure Unresolved Compression Equilibrium,Exact,1.0,-1.4428232973175177e-12,0.0,1.0,0.0,0.0,0.2799999999999999,0.0,1.0,0.0,CompressionPressure,1.0,6820.75,6828.75,6820.75,6828.5,Up,1,6820.75,8.0,6.339285714285714,5,6838.5,10.0,1.5774647887323945,10.0,1.5774647887323945,16.5,-7.25,2.602816901408451,-1.143661971830986,1,1
ES,xApvaV01StateLog_ES.csv,292,2026-04-09 08:25:00,Unresolved,Unresolved->Unresolved->Unresolved->Unresolved,Pure Unresolved Compression Equilibrium,Exact,1.0,-1.4428232973175177e-12,0.0,1.0,0.0,0.0,0.2799999999999999,0.0,1.0,0.0,CompressionPressure,1.0,6828.25,6829.5,6823.75,6826.5,Up,1,6828.5,5.75,6.160714285714286,5,6843.75,17.25,2.8000000000000003,17.25,2.8000000000000003,22.0,-5.25,3.571014492753623,-0.8521739130434782,1,1
ES,xApvaV01StateLog_ES.csv,293,2026-04-09 08:30:00,Unresolved,Unresolved->Unresolved->Unresolved->Unresolved,Pure Unresolved Compression Equilibrium,Exact,1.0,-1.4428232973175177e-12,0.0,1.0,0.0,0.0,0.2799999999999999,0.0,1.0,0.0,CompressionPressure,1.0,6826.5,6826.5,6821.5,6823.25,Down,-1,6826.5,5.0,6.089285714285714,5,6849.5,26.25,4.310850439882698,-26.25,-4.310850439882698,2.0,-26.5,0.3284457478005865,-4.351906158357771,0,1
ES,xApvaV01StateLog_ES.csv,294,2026-04-09 08:35:00,Unresolved,Unresolved->Unresolved->Unresolved->Unresolved,Pure Unresolved Compression Equilibrium,Exact,1.0,-1.4428232973175177e-12,0.0,1.0,0.0,0.0,0.2799999999999999,0.0,1.0,0.0,CompressionPressure,1.0,6823.25,6845.0,6821.25,6838.0,Down,-1,6823.25,23.75,7.410714285714286,5,6852.25,14.25,1.9228915662650603,-14.25,-1.9228915662650603,6.25,-15.25,0.8433734939759037,-2.057831325301205,0,1
ES,xApvaV01StateLog_ES.csv,295,2026-04-09 08:40:00,Unresolved,Unresolved->Unresolved->Unresolved->Unresolved,Pure Unresolved Compression Equilibrium,Exact,1.0,-1.4428232973175177e-12,0.0,1.0,0.0,0.0,0.2799999999999999,0.0,1.0,0.0,CompressionPressure,1.0,6837.75,6843.25,6831.75,6836.25,Down,-1,6838.0,11.5,7.75,5,6864.25,28.0,3.612903225806452,-28.0,-3.612903225806452,1.25,-35.75,0.1612903225806451,-4.612903225806452,0,1
ES,xApvaV01StateLog_ES.csv,296,2026-04-09 08:45:00,Unresolved,Unresolved->Unresolved->Unresolved->Unresolved,Pure Unresolved Compression Equilibrium,Exact,1.0,-1.4428232973175177e-12,0.0,1.0,0.0,0.0,0.2799999999999999,0.0,1.0,0.0,CompressionPressure,1.0,6836.25,6842.0,6836.25,6838.5,Down,-1,6836.25,5.75,7.714285714285714,5,6863.0,24.5,3.175925925925926,-24.5,-3.175925925925926,3.5,-33.5,0.4537037037037037,-4.342592592592593,0,1
ES,xApvaV01StateLog_ES.csv,297,2026-04-09 08:50:00,Unresolved,Unresolved->Unresolved->Unresolved->Unresolved,Pure Unresolved Compression Equilibrium,Exact,1.0,-1.4428232973175177e-12,0.0,1.0,0.0,0.0,0.2799999999999999,0.0,1.0,0.0,CompressionPressure,1.0,6838.75,6848.5,6835.0,6843.75,Up,1,6838.5,13.5,8.196428571428571,5,6859.5,15.75,1.9215686274509804,15.75,1.9215686274509804,28.25,-1.25,3.446623093681917,-0.1525054466230936,1,1
ES,xApvaV01StateLog_ES.csv,298,2026-04-09 08:55:00,Unresolved,Unresolved->Unresolved->Unresolved->Unresolved,Pure Unresolved Compression Equilibrium,Exact,1.0,-1.4428232973175177e-12,0.0,1.0,0.0,0.0,0.2799999999999999,0.0,1.0,0.0,CompressionPressure,1.0,6843.75,6849.75,6842.5,6849.5,Up,1,6843.75,7.25,8.375,5,6867.25,17.75,2.1194029850746268,17.75,2.1194029850746268,22.5,-0.5,2.6865671641791047,-0.0597014925373134,1,1
ES,xApvaV01StateLog_ES.csv,299,2026-04-09 09:00:00,Unresolved,Unresolved->Unresolved->Unresolved->Unresolved,Pure Unresolved Compression Equilibrium,Exact,1.0,-1.4428232973175177e-12,0.0,1.0,0.0,0.0,0.2799999999999999,0.0,1.0,0.0,CompressionPressure,1.0,6849.5,6853.25,6849.0,6852.25,Up,1,6849.5,4.25,8.232142857142858,5,6862.25,10.0,1.2147505422993492,10.0,1.2147505422993492,19.75,0.0,2.3991323210412148,0.0,1,1
ES,xApvaV01StateLog_ES.csv,300,2026-04-09 09:05:00,Unresolved,Unresolved->Unresolved->Unresolved->Unresolved,Pure Unresolved Compression Equilibrium,Exact,1.0,-1.4428232973175177e-12,0.0,1.0,0.0,0.0,0.2799999999999999,0.0,1.0,0.0,CompressionPressure,1.0,6852.25,6872.0,6852.25,6864.25,Up,1,6852.25,19.75,9.303571428571429,5,6863.25,-1.0,-0.1074856046065259,-1.0,-0.1074856046065259,4.0,-5.5,0.4299424184261036,-0.5911708253358925,0,1
ES,xApvaV01StateLog_ES.csv,301,2026-04-09 09:10:00,Unresolved,Unresolved->Unresolved->Unresolved->Unresolved,Pure Unresolved Compression Equilibrium,Exact,1.0,-1.4428232973175177e-12,0.0,1.0,0.0,0.0,0.2799999999999999,0.0,1.0,0.0,CompressionPressure,1.0,6864.25,6867.5,6861.0,6863.0,Up,1,6864.25,6.5,9.357142857142858,5,6861.25,-1.75,-0.1870229007633587,-1.75,-0.1870229007633587,5.25,-4.25,0.5610687022900763,-0.4541984732824427,0,1
ES,xApvaV01StateLog_ES.csv,302,2026-04-09 09:15:00,Unresolved,Unresolved->Unresolved->Unresolved->Unresolved,Pure Unresolved Compression Equilibrium,Exact,1.0,-1.4428232973175177e-12,0.0,1.0,0.0,0.0,0.2799999999999999,0.0,1.0,0.0,CompressionPressure,1.0,6863.0,6866.25,6859.25,6859.5,Down,-1,6863.0,7.0,9.285714285714286,5,6858.25,-1.25,-0.1346153846153846,1.25,0.1346153846153846,3.5,-8.75,0.3769230769230769,-0.9423076923076922,1,1
ES,xApvaV01StateLog_ES.csv,303,2026-04-09 09:20:00,Unresolved,Unresolved->Unresolved->Unresolved->Unresolved,Pure Unresolved Compression Equilibrium,Exact,1.0,-1.4428232973175177e-12,0.0,1.0,0.0,0.0,0.2799999999999999,0.0,1.0,0.0,CompressionPressure,1.0,6859.5,6868.0,6858.75,6867.25,Down,-1,6859.5,9.25,9.678571428571429,5,6857.75,-9.5,-0.981549815498155,9.5,0.981549815498155,12.75,-1.0,1.3173431734317342,-0.1033210332103321,1,1
ES,xApvaV01StateLog_ES.csv,304,2026-04-09 09:25:00,Unresolved,Unresolved->Unresolved->Unresolved->Unresolved,Pure Unresolved Compression Equilibrium,Exact,1.0,-1.4428232973175177e-12,0.0,1.0,0.0,0.0,0.2799999999999999,0.0,1.0,0.0,CompressionPressure,1.0,6867.25,6868.25,6861.75,6862.25,Down,-1,6867.25,6.5,9.553571428571429,5,6855.5,-6.75,-0.7065420560747664,6.75,0.7065420560747664,8.75,-3.0,0.9158878504672896,-0.314018691588785,1,1
ES,xApvaV01StateLog_ES.csv,305,2026-04-09 09:30:00,Unresolved,Unresolved->Unresolved->Unresolved->Unresolved,Pure Unresolved Compression Equilibrium,Exact,1.0,-1.4428232973175177e-12,0.0,1.0,0.0,0.0,0.2799999999999999,0.0,1.0,0.0,CompressionPressure,1.0,6862.0,6865.25,6860.25,6863.25,Down,-1,6862.25,5.0,9.339285714285714,5,6863.25,0.0,0.0,-0.0,-0.0,9.75,-2.0,1.0439770554493308,-0.2141491395793499,0,1
ES,xApvaV01StateLog_ES.csv,306,2026-04-09 09:35:00,Unresolved,Unresolved->Unresolved->Unresolved->Unresolved,Pure Unresolved Compression Equilibrium,Exact,1.0,-1.4428232973175177e-12,0.0,1.0,0.0,0.0,0.2799999999999999,0.0,1.0,0.0,CompressionPressure,1.0,6863.25,6864.25,6858.75,6861.25,Down,-1,6863.25,5.5,9.321428571428571,5,6862.75,1.5,0.160919540229885,-1.5,-0.160919540229885,7.75,-4.0,0.8314176245210728,-0.4291187739463601,0,1
ES,xApvaV01StateLog_ES.csv,307,2026-04-09 09:40:00,Unresolved,Unresolved->Unresolved->Unresolved->Unresolved,Pure Unresolved Compression Equilibrium,Exact,1.0,-1.4428232973175177e-12,0.0,1.0,0.0,0.0,0.2799999999999999,0.0,1.0,0.0,CompressionPressure,1.0,6861.25,6861.75,6856.0,6858.25,Down,-1,6861.25,5.75,9.375,5,6865.75,7.5,0.8,-7.5,-0.8,4.75,-7.5,0.5066666666666667,-0.8,0,1
ES,xApvaV01StateLog_ES.csv,308,2026-04-09 09:45:00,Unresolved,Unresolved->Unresolved->Unresolved->Unresolved,Pure Unresolved Compression Equilibrium,Exact,1.0,-1.4428232973175177e-12,0.0,1.0,0.0,0.0,0.2799999999999999,0.0,1.0,0.0,CompressionPressure,1.0,6858.25,6858.75,6854.5,6857.75,Down,-1,6858.25,4.25,7.982142857142857,5,6869.5,11.75,1.4720357941834452,-11.75,-1.4720357941834452,4.25,-13.25,0.5324384787472036,-1.6599552572706937,0,1
ES,xApvaV01StateLog_ES.csv,309,2026-04-09 09:50:00,Unresolved,Unresolved->Unresolved->Unresolved->Unresolved,Pure Unresolved Compression Equilibrium,Exact,1.0,-1.4428232973175177e-12,0.0,1.0,0.0,0.0,0.2799999999999999,0.0,1.0,0.0,CompressionPressure,1.0,6857.5,6857.75,6853.5,6855.5,Down,-1,6857.75,4.25,7.464285714285714,5,6868.5,13.0,1.7416267942583732,-13.0,-1.7416267942583732,0.0,-16.25,0.0,-2.1770334928229667,0,1
ES,xApvaV01StateLog_ES.csv,310,2026-04-09 09:55:00,Unresolved,Unresolved->Unresolved->Unresolved->Unresolved,Pure Unresolved Compression Equilibrium,Exact,1.0,-1.4428232973175177e-12,0.0,1.0,0.0,0.0,0.2799999999999999,0.0,1.0,0.0,CompressionPressure,1.0,6855.75,6865.25,6855.5,6863.25,Down,-1,6855.5,9.75,7.75,5,6872.5,9.25,1.1935483870967742,-9.25,-1.1935483870967742,2.25,-11.5,0.2903225806451613,-1.4838709677419355,0,1
ES,xApvaV01StateLog_ES.csv,311,2026-04-09 10:00:00,Unresolved,Unresolved->Unresolved->Unresolved->Unresolved,Pure Unresolved Compression Equilibrium,Exact,1.0,-1.4428232973175177e-12,0.0,1.0,0.0,0.0,0.2799999999999999,0.0,1.0,0.0,CompressionPressure,1.0,6863.5,6864.0,6861.0,6862.75,Down,-1,6863.25,3.0,7.0,5,6870.25,7.5,1.0714285714285714,-7.5,-1.0714285714285714,1.0,-12.0,0.1428571428571428,-1.7142857142857142,0,1
ES,xApvaV01StateLog_ES.csv,312,2026-04-09 10:05:00,Unresolved,Unresolved->Unresolved->Unresolved->Unresolved,Pure Unresolved Compression Equilibrium,Exact,1.0,-1.4428232973175177e-12,0.0,1.0,0.0,0.0,0.2799999999999999,0.0,1.0,0.0,CompressionPressure,1.0,6863.0,6865.75,6861.75,6865.75,Down,-1,6862.75,4.0,6.767857142857143,5,6867.25,1.5,0.2216358839050131,-1.5,-0.2216358839050131,1.75,-9.0,0.258575197889182,-1.329815303430079,0,1
ES,xApvaV01StateLog_ES.csv,313,2026-04-09 10:10:00,Unresolved,Unresolved->Unresolved->Unresolved->Unresolved,Pure Unresolved Compression Equilibrium,Exact,1.0,-1.4428232973175177e-12,0.0,1.0,0.0,0.0,0.2799999999999999,0.0,1.0,0.0,CompressionPressure,1.0,6865.75,6871.0,6864.0,6869.5,Up,1,6865.75,7.0,6.964285714285714,5,6866.25,-3.25,-0.4666666666666667,-3.25,-0.4666666666666667,5.25,-9.0,0.7538461538461538,-1.2923076923076924,0,1
ES,xApvaV01StateLog_ES.csv,314,2026-04-09 10:15:00,Unresolved,Unresolved->Unresolved->Unresolved->Unresolved,Pure Unresolved Compression Equilibrium,Exact,1.0,-1.4428232973175177e-12,0.0,1.0,0.0,0.0,0.2799999999999999,0.0,1.0,0.0,CompressionPressure,1.0,6869.5,6871.75,6867.0,6868.5,Up,1,6869.5,4.75,5.892857142857143,5,6874.5,6.0,1.018181818181818,6.0,1.018181818181818,6.25,-8.0,1.0606060606060606,-1.3575757575757574,1,1
ES,xApvaV01StateLog_ES.csv,315,2026-04-09 10:20:00,Unresolved,Unresolved->Unresolved->Unresolved->Unresolved,Pure Unresolved Compression Equilibrium,Exact,1.0,-1.4428232973175177e-12,0.0,1.0,0.0,0.0,0.2799999999999999,0.0,1.0,0.0,CompressionPressure,1.0,6868.5,6874.75,6867.5,6872.5,Up,1,6868.5,7.25,5.946428571428571,5,6870.75,-1.75,-0.2942942942942943,-1.75,-0.2942942942942943,3.5,-12.0,0.5885885885885886,-2.0180180180180183,0,1
ES,xApvaV01StateLog_ES.csv,316,2026-04-09 10:25:00,Unresolved,Unresolved->Unresolved->Unresolved->Unresolved,Pure Unresolved Compression Equilibrium,Exact,1.0,-1.4428232973175177e-12,0.0,1.0,0.0,0.0,0.2799999999999999,0.0,1.0,0.0,CompressionPressure,1.0,6872.25,6873.0,6869.0,6870.25,Up,1,6872.5,4.0,5.732142857142857,5,6872.5,2.25,0.3925233644859813,2.25,0.3925233644859813,5.75,-9.75,1.003115264797508,-1.7009345794392523,1,1
ES,xApvaV01StateLog_ES.csv,317,2026-04-09 10:30:00,Unresolved,Unresolved->Unresolved->Unresolved->Unresolved,Pure Unresolved Compression Equilibrium,Exact,1.0,-1.4428232973175177e-12,0.0,1.0,0.0,0.0,0.2799999999999999,0.0,1.0,0.0,CompressionPressure,1.0,6870.25,6870.75,6867.0,6867.25,Down,-1,6870.25,3.75,5.339285714285714,5,6869.5,2.25,0.4214046822742475,-2.25,-0.4214046822742475,6.75,-8.75,1.2642140468227423,-1.6387959866220736,0,1
ES,xApvaV01StateLog_ES.csv,318,2026-04-09 10:35:00,Unresolved,Unresolved->Unresolved->Unresolved->Unresolved,Pure Unresolved Compression Equilibrium,Exact,1.0,-1.4428232973175177e-12,0.0,1.0,0.0,0.0,0.2799999999999999,0.0,1.0,0.0,CompressionPressure,1.0,6867.25,6867.25,6860.5,6866.25,Down,-1,6867.25,6.75,5.357142857142857,5,6869.75,3.5,0.6533333333333334,-3.5,-0.6533333333333334,0.25,-9.75,0.0466666666666666,-1.82,0,1
ES,xApvaV01StateLog_ES.csv,319,2026-04-09 10:40:00,Unresolved,Unresolved->Unresolved->Unresolved->Unresolved,Pure Unresolved Compression Equilibrium,Exact,1.0,-1.4428232973175177e-12,0.0,1.0,0.0,0.0,0.2799999999999999,0.0,1.0,0.0,CompressionPressure,1.0,6866.25,6874.75,6866.0,6874.5,Down,-1,6866.25,8.75,5.625,5,6855.0,-19.5,-3.466666666666667,19.5,3.466666666666667,23.5,-1.5,4.177777777777778,-0.2666666666666666,1,1
ES,xApvaV01StateLog_ES.csv,320,2026-04-09 10:45:00,Unresolved,Unresolved->Unresolved->Unresolved->Unresolved,Pure Unresolved Compression Equilibrium,Exact,1.0,-1.4428232973175177e-12,0.0,1.0,0.0,0.0,0.2799999999999999,0.0,1.0,0.0,CompressionPressure,1.0,6874.5,6876.0,6869.25,6870.75,Down,-1,6874.5,6.75,5.714285714285714,5,6859.5,-11.25,-1.96875,11.25,1.96875,19.75,-3.0,3.45625,-0.525,1,1
ES,xApvaV01StateLog_ES.csv,321,2026-04-09 10:50:00,Degrading,Unresolved->Unresolved->Unresolved->Degrading,Sponsor Exhaustion Collapse,Exact,1.0,0.4689955935863958,0.1111111111111111,0.9,0.0,0.0,0.2202730804215971,0.1138888888888889,0.4512433309564058,0.1442594527636907,CompressionPressure,0.4512433309564058,6870.75,6873.75,6870.0,6872.5,Down,-1,6870.75,3.75,5.571428571428571,5,6857.25,-15.25,-2.7371794871794872,15.25,2.7371794871794872,21.5,0.0,3.858974358974359,0.0,1,1
ES,xApvaV01StateLog_ES.csv,322,2026-04-09 10:55:00,Degrading,Unresolved->Unresolved->Degrading->Degrading,Sponsor Exhaustion Collapse,Exact,1.0,0.7219280948844771,0.1111111111111111,0.8,0.0,0.0,0.1892412691242961,0.1138888888888889,0.3937683829586091,0.199588437422646,CompressionPressure,0.3937683829586091,6872.5,6872.5,6867.5,6869.5,Down,-1,6872.5,5.0,5.625,5,6857.0,-12.5,-2.2222222222222223,12.5,2.2222222222222223,18.5,-1.0,3.2888888888888888,-0.1777777777777777,1,1
ES,xApvaV01StateLog_ES.csv,323,2026-04-09 11:00:00,Degrading,Unresolved->Degrading->Degrading->Degrading,Sponsor Exhaustion Collapse,Exact,1.0,0.8812908992278072,0.1111111111111111,0.7,0.0,0.0,0.1653733877500932,0.1138888888888889,0.3421415410204842,0.2344490508727494,CompressionPressure,0.3421415410204842,6869.75,6870.0,6867.75,6869.75,Down,-1,6869.5,2.25,5.482142857142857,5,6853.0,-16.75,-3.055374592833876,16.75,3.055374592833876,19.0,-0.75,3.465798045602606,-0.1368078175895765,1,1
ES,xApvaV01StateLog_ES.csv,324,2026-04-09 11:05:00,Degrading,Degrading->Degrading->Degrading->Degrading,Sponsor Exhaustion Collapse,Exact,1.0,0.9709505944517832,0.1111111111111111,0.6,0.0,0.0,0.1468421506678408,0.1138888888888889,0.294871143402319,0.2540621092029942,CompressionPressure,0.294871143402319,6869.75,6870.5,6851.0,6855.0,Down,-1,6869.75,19.5,6.178571428571429,5,6852.75,-2.25,-0.3641618497109826,2.25,0.3641618497109826,5.0,-7.75,0.8092485549132947,-1.2543352601156068,1,1
ES,xApvaV01StateLog_ES.csv,325,2026-04-09 11:10:00,Unresolved,Degrading->Degrading->Degrading->Unresolved,Stable Compression Basin,Exact,1.0,1.360964047439353,0.2222222222222222,0.5,0.0,0.0,0.0931623012290356,0.0277777777777777,0.6510508581461516,0.3810442187106918,CompressionPressure,0.6510508581461516,6855.25,6862.75,6855.0,6859.5,Down,-1,6855.0,7.75,6.517857142857143,5,6850.25,-9.25,-1.4191780821917808,9.25,1.4191780821917808,11.5,-1.25,1.7643835616438357,-0.1917808219178082,1,1
ES,xApvaV01StateLog_ES.csv,326,2026-04-09 11:15:00,Unresolved,Degrading->Degrading->Unresolved->Unresolved,Stable Compression Basin,Exact,1.0,1.5219280948830345,0.2222222222222222,0.4,0.0,0.0,0.0691718246799621,0.0277777777777777,0.5993239385142548,0.416255104088997,CompressionPressure,0.5993239385142548,6859.5,6860.75,6854.25,6857.25,Down,-1,6859.5,6.5,6.696428571428571,5,6857.25,0.0,0.0,-0.0,-0.0,9.25,-2.75,1.3813333333333333,-0.4106666666666667,0,1
ES,xApvaV01StateLog_ES.csv,327,2026-04-09 11:20:00,Unresolved,Degrading->Unresolved->Unresolved->Unresolved,Stable Compression Basin,Exact,1.0,1.5709505944503404,0.2222222222222222,0.4,0.0,0.0,0.0654185395568402,0.0277777777777777,0.5962600322912982,0.4269787758693452,CompressionPressure,0.5962600322912982,6857.0,6860.0,6854.75,6857.0,Down,-1,6857.25,5.25,6.571428571428571,5,6854.0,-3.0,-0.4565217391304348,3.0,0.4565217391304348,9.0,-2.0,1.3695652173913044,-0.3043478260869565,1,1
ES,xApvaV01StateLog_ES.csv,329,2026-04-09 11:30:00,Degrading,Unresolved->Unresolved->Balance->Degrading,Stable Compression Basin,Soft,0.4142135623730951,1.7219280948815914,0.4444444444444444,0.4,0.0,0.0,0.0388888888888888,0.0555555555555555,0.538888888888889,0.5166666666666666,CompressionPressure,0.538888888888889,6853.0,6856.0,6850.0,6852.75,Down,-1,6853.0,6.0,6.732142857142857,5,6854.5,1.75,0.259946949602122,-1.75,-0.259946949602122,4.75,-5.5,0.7055702917771883,-0.8169761273209549,0,1
ES,xApvaV01StateLog_ES.csv,330,2026-04-09 11:35:00,Unresolved,Unresolved->Balance->Degrading->Unresolved,Stable Compression Basin,Soft,1.0,1.360964047439353,0.3333333333333333,0.5,0.0,0.0,0.0810095234512578,0.0416666666666666,0.6232730803683738,0.4227108853773584,CompressionPressure,0.6232730803683738,6852.5,6854.75,6848.0,6850.25,Down,-1,6852.75,6.75,6.928571428571429,5,6855.25,5.0,0.7216494845360825,-5.0,-0.7216494845360825,0.75,-8.0,0.1082474226804123,-1.154639175257732,0,1
ES,xApvaV01StateLog_ES.csv,331,2026-04-09 11:40:00,Unresolved,Balance->Degrading->Unresolved->Unresolved,Stable Compression Basin,Exact,1.0,1.2954618442339936,0.3333333333333333,0.6,0.0,0.0,0.0976912025508348,0.0416666666666666,0.6690336347353755,0.4083822784261861,CompressionPressure,0.6690336347353755,6850.25,6858.25,6849.5,6857.25,Down,-1,6850.25,8.75,7.285714285714286,5,6860.25,3.0,0.4117647058823529,-3.0,-0.4117647058823529,5.5,-5.25,0.7549019607843137,-0.7205882352941176,0,1
ES,xApvaV01StateLog_ES.csv,332,2026-04-09 11:45:00,Unresolved,Degrading->Unresolved->Unresolved->Unresolved,Stable Compression Basin,Exact,1.0,1.1567796494427114,0.3333333333333333,0.7,0.0,0.0,0.119975724756209,0.0416666666666666,0.7193679385764972,0.3780455483155931,CompressionPressure,0.7193679385764972,6857.0,6858.25,6852.0,6854.0,Down,-1,6857.25,6.25,7.25,5,6864.75,10.75,1.4827586206896552,-10.75,-1.4827586206896552,2.25,-11.0,0.3103448275862069,-1.5172413793103448,0,1
ES,xApvaV01StateLog_ES.csv,333,2026-04-09 11:50:00,Unresolved,Unresolved->Unresolved->Unresolved->Unresolved,Pure Unresolved Compression Equilibrium,Exact,1.0,1.3567796494412687,0.4444444444444444,0.7,0.0,0.0,0.0925104469785417,0.0555555555555555,0.6790901607988096,0.4634622149819441,CompressionPressure,0.6790901607988096,6853.75,6856.5,6853.0,6855.75,Down,-1,6854.0,3.5,6.875,5,6864.5,8.75,1.2727272727272727,-8.75,-1.2727272727272727,4.0,-11.0,0.5818181818181818,-1.6,0,1
ES,xApvaV01StateLog_ES.csv,334,2026-04-09 11:55:00,Unresolved,Unresolved->Unresolved->Unresolved->Unresolved,Pure Unresolved Compression Equilibrium,Exact,1.0,1.1567796494427114,0.3333333333333333,0.7,0.0,0.0,0.119975724756209,0.0416666666666666,0.7193679385764972,0.3780455483155931,CompressionPressure,0.7193679385764972,6855.75,6856.75,6851.75,6854.5,Down,-1,6855.75,5.0,6.75,5,6860.75,6.25,0.925925925925926,-6.25,-0.925925925925926,1.0,-12.25,0.1481481481481481,-1.8148148148148149,0,1
ES,xApvaV01StateLog_ES.csv,335,2026-04-09 12:00:00,Unresolved,Unresolved->Unresolved->Unresolved->Unresolved,Pure Unresolved Compression Equilibrium,Exact,1.0,1.2954618442339936,0.3333333333333333,0.6,0.0,0.0,0.0976912025508348,0.0416666666666666,0.6690336347353755,0.4083822784261861,CompressionPressure,0.6690336347353755,6854.5,6857.25,6854.5,6855.25,Down,-1,6854.5,2.75,6.678571428571429,5,6862.75,7.5,1.1229946524064172,-7.5,-1.1229946524064172,1.75,-11.5,0.2620320855614973,-1.7219251336898396,0,1
ES,xApvaV01StateLog_ES.csv,336,2026-04-09 12:05:00,Unresolved,Unresolved->Unresolved->Unresolved->Unresolved,Pure Unresolved Compression Equilibrium,Exact,1.0,1.360964047439353,0.3333333333333333,0.5,0.0,0.0,0.0810095234512578,0.0416666666666666,0.6232730803683738,0.4227108853773584,CompressionPressure,0.6232730803683738,6855.25,6862.5,6853.5,6860.25,Up,1,6855.25,9.0,6.964285714285714,5,6863.0,2.75,0.3948717948717948,2.75,0.3948717948717948,6.5,-2.0,0.9333333333333332,-0.2871794871794871,1,1
ES,xApvaV01StateLog_ES.csv,337,2026-04-09 12:10:00,Unresolved,Unresolved->Unresolved->Unresolved->Unresolved,Pure Unresolved Compression Equilibrium,Exact,1.0,1.360964047439353,0.2222222222222222,0.5,0.0,0.0,0.0931623012290356,0.0277777777777777,0.6510508581461516,0.3810442187106918,CompressionPressure,0.6510508581461516,6860.25,6865.0,6858.25,6864.75,Up,1,6860.25,6.75,7.285714285714286,5,6866.75,2.0,0.2745098039215686,2.0,0.2745098039215686,6.5,-4.75,0.8921568627450981,-0.6519607843137255,1,1
ES,xApvaV01StateLog_ES.csv,338,2026-04-09 12:15:00,Unresolved,Unresolved->Unresolved->Unresolved->Unresolved,Pure Unresolved Compression Equilibrium,Exact,1.0,0.9709505944517832,0.1111111111111111,0.6,0.0,0.0,0.1468421506678408,0.0138888888888888,0.7448711434023191,0.2540621092029942,CompressionPressure,0.7448711434023191,6864.5,6866.75,6863.5,6864.5,Up,1,6864.75,3.25,6.125,5,6866.75,2.25,0.3673469387755102,2.25,0.3673469387755102,6.75,-4.5,1.1020408163265305,-0.7346938775510204,1,1
ES,xApvaV01StateLog_ES.csv,339,2026-04-09 12:20:00,Unresolved,Unresolved->Unresolved->Unresolved->Unresolved,Pure Unresolved Compression Equilibrium,Exact,1.0,0.8812908992278072,0.1111111111111111,0.7,0.0,0.0,0.1653733877500932,0.0138888888888888,0.7921415410204843,0.2344490508727494,CompressionPressure,0.7921415410204843,6864.25,6866.5,6860.0,6860.75,Up,1,6864.5,6.5,6.035714285714286,5,6868.0,7.25,1.2011834319526626,7.25,1.2011834319526626,10.5,-0.75,1.7396449704142012,-0.1242603550295858,1,1
ES,xApvaV01StateLog_ES.csv,341,2026-04-09 12:30:00,Unresolved,Unresolved->Unresolved->Balance->Unresolved,Stable Compression Basin,Exact,1.0,1.1567796494427114,0.3333333333333333,0.7,0.0,0.0,0.119975724756209,0.0416666666666666,0.7193679385764972,0.3780455483155931,CompressionPressure,0.7193679385764972,6863.0,6865.0,6861.75,6863.0,Up,1,6862.75,3.25,5.660714285714286,5,6868.75,5.75,1.0157728706624607,5.75,1.0157728706624607,8.25,-0.5,1.4574132492113565,-0.0883280757097791,1,1
ES,xApvaV01StateLog_ES.csv,342,2026-04-09 12:35:00,Unresolved,Unresolved->Balance->Unresolved->Unresolved,Stable Compression Basin,Exact,1.0,1.1567796494427114,0.2222222222222222,0.7,0.0,0.0,0.1321285025339868,0.0277777777777777,0.747145716354275,0.3363788816489264,CompressionPressure,0.747145716354275,6863.25,6871.25,6862.5,6866.75,Up,1,6863.0,8.75,5.696428571428571,5,6862.0,-4.75,-0.8338557993730408,-4.75,-0.8338557993730408,3.75,-5.25,0.658307210031348,-0.9216300940438872,0,1
ES,xApvaV01StateLog_ES.csv,343,2026-04-09 12:40:00,Unresolved,Balance->Unresolved->Unresolved->Unresolved,Stable Compression Basin,Exact,1.0,1.2954618442339936,0.2222222222222222,0.6,0.0,0.0,0.1098439803286126,0.0277777777777777,0.6968114125131533,0.3667156117595194,CompressionPressure,0.6968114125131533,6867.0,6870.0,6865.25,6866.75,Up,1,6866.75,4.75,5.607142857142857,5,6859.0,-7.75,-1.3821656050955415,-7.75,-1.3821656050955415,3.75,-7.75,0.6687898089171975,-1.3821656050955415,0,1
ES,xApvaV01StateLog_ES.csv,344,2026-04-09 12:45:00,Unresolved,Unresolved->Unresolved->Unresolved->Unresolved,Pure Unresolved Compression Equilibrium,Exact,1.0,1.2954618442339936,0.3333333333333333,0.6,0.0,0.0,0.0976912025508348,0.0416666666666666,0.6690336347353755,0.4083822784261861,CompressionPressure,0.6690336347353755,6867.0,6868.75,6864.0,6868.0,Up,1,6866.75,4.75,5.464285714285714,5,6858.5,-9.5,-1.738562091503268,-9.5,-1.738562091503268,2.5,-11.75,0.457516339869281,-2.150326797385621,0,1
ES,xApvaV01StateLog_ES.csv,345,2026-04-09 12:50:00,Unresolved,Unresolved->Unresolved->Unresolved->Unresolved,Pure Unresolved Compression Equilibrium,Exact,1.0,1.2954618442339936,0.3333333333333333,0.6,0.0,0.0,0.0976912025508348,0.0416666666666666,0.6690336347353755,0.4083822784261861,CompressionPressure,0.6690336347353755,6868.0,6869.75,6864.5,6865.25,Up,1,6868.0,5.25,5.214285714285714,5,6859.25,-6.0,-1.1506849315068493,-6.0,-1.1506849315068493,5.25,-9.0,1.0068493150684932,-1.726027397260274,0,1
ES,xApvaV01StateLog_ES.csv,348,2026-04-09 13:05:00,Unresolved,Unresolved->Balance->Unresolved->Unresolved,Stable Compression Basin,Exact,1.0,1.4854752972230063,0.5555555555555556,0.5,0.0,0.0,0.0471710753341413,0.0694444444444444,0.5599355717013399,0.533281054600866,CompressionPressure,0.5599355717013399,6862.0,6863.5,6859.0,6859.0,Down,-1,6862.0,4.5,5.464285714285714,5,6859.75,0.75,0.1372549019607843,-0.75,-0.1372549019607843,2.75,-1.5,0.5032679738562091,-0.2745098039215686,0,1
ES,xApvaV01StateLog_ES.csv,349,2026-04-09 13:10:00,Unresolved,Balance->Unresolved->Unresolved->Unresolved,Stable Compression Basin,Exact,1.0,1.3709505944503406,0.4444444444444444,0.6,0.0,0.0,0.079758817334618,0.0555555555555555,0.636537810069076,0.4665621092026786,CompressionPressure,0.636537810069076,6859.25,6859.5,6856.25,6858.5,Down,-1,6859.0,3.25,5.5,5,6862.5,4.0,0.7272727272727273,-4.0,-0.7272727272727273,1.5,-4.5,0.2727272727272727,-0.8181818181818182,0,1
ES,xApvaV01StateLog_ES.csv,350,2026-04-09 13:15:00,Unresolved,Unresolved->Unresolved->Unresolved->Unresolved,Pure Unresolved Compression Equilibrium,Exact,1.0,1.2954618442339936,0.4444444444444444,0.6,0.0,0.0,0.085538424773057,0.0555555555555555,0.6412558569575977,0.4500489450928527,CompressionPressure,0.6412558569575977,6858.75,6860.5,6858.25,6859.25,Down,-1,6858.5,2.25,5.017857142857143,5,6862.5,3.25,0.6476868327402134,-3.25,-0.6476868327402134,2.25,-4.0,0.4483985765124554,-0.797153024911032,0,1
ES,xApvaV01StateLog_ES.csv,351,2026-04-09 13:20:00,Unresolved,Unresolved->Unresolved->Unresolved->Unresolved,Pure Unresolved Compression Equilibrium,Exact,1.0,1.360964047439353,0.4444444444444444,0.5,0.0,0.0,0.0688567456734801,0.0555555555555555,0.595495302590596,0.4643775520440251,CompressionPressure,0.595495302590596,6859.5,6859.5,6857.0,6857.5,Down,-1,6859.25,2.5,4.714285714285714,5,6862.5,5.0,1.0606060606060606,-5.0,-1.0606060606060606,0.25,-5.75,0.053030303030303,-1.2196969696969695,0,1
ES,xApvaV01StateLog_ES.csv,352,2026-04-09 13:25:00,Unresolved,Unresolved->Unresolved->Unresolved->Unresolved,Pure Unresolved Compression Equilibrium,Exact,1.0,1.360964047439353,0.4444444444444444,0.5,0.0,0.0,0.0688567456734801,0.0555555555555555,0.595495302590596,0.4643775520440251,CompressionPressure,0.595495302590596,6857.25,6860.5,6857.25,6859.75,Down,-1,6857.5,3.25,4.714285714285714,5,6861.25,1.5,0.3181818181818182,-1.5,-0.3181818181818182,1.25,-3.5,0.2651515151515151,-0.7424242424242424,0,1
ES,xApvaV01StateLog_ES.csv,353,2026-04-09 13:30:00,Unresolved,Unresolved->Unresolved->Unresolved->Unresolved,Pure Unresolved Compression Equilibrium,Exact,1.0,1.2954618442339936,0.3333333333333333,0.6,0.0,0.0,0.0976912025508348,0.0416666666666666,0.6690336347353755,0.4083822784261861,CompressionPressure,0.6690336347353755,6859.75,6860.5,6858.5,6859.75,Down,-1,6859.75,2.0,4.392857142857143,5,6860.5,0.75,0.1707317073170731,-0.75,-0.1707317073170731,0.25,-3.5,0.056910569105691,-0.7967479674796747,0,1
ES,xApvaV01StateLog_ES.csv,354,2026-04-09 13:35:00,Unresolved,Unresolved->Unresolved->Unresolved->Unresolved,Pure Unresolved Compression Equilibrium,Exact,1.0,1.2954618442339936,0.3333333333333333,0.6,0.0,0.0,0.0976912025508348,0.0416666666666666,0.6690336347353755,0.4083822784261861,CompressionPressure,0.6690336347353755,6859.75,6863.0,6859.5,6862.5,Up,1,6859.75,3.5,4.410714285714286,5,6860.75,-1.75,-0.3967611336032389,-1.75,-0.3967611336032389,0.75,-5.0,0.1700404858299595,-1.1336032388663968,0,1
ES,xApvaV01StateLog_ES.csv,355,2026-04-09 13:40:00,Unresolved,Unresolved->Unresolved->Unresolved->Unresolved,Pure Unresolved Compression Equilibrium,Exact,1.0,1.2954618442339936,0.2222222222222222,0.6,0.0,0.0,0.1098439803286126,0.0277777777777777,0.6968114125131533,0.3667156117595194,CompressionPressure,0.6968114125131533,6862.5,6863.25,6862.0,6862.5,Up,1,6862.5,1.25,4.267857142857143,5,6872.0,9.5,2.225941422594142,9.5,2.225941422594142,19.0,-5.0,4.451882845188284,-1.1715481171548117,1,1
ES,xApvaV01StateLog_ES.csv,356,2026-04-09 13:45:00,Unresolved,Unresolved->Unresolved->Unresolved->Unresolved,Pure Unresolved Compression Equilibrium,Exact,1.0,0.8812908992278072,0.1111111111111111,0.7,0.0,0.0,0.1653733877500932,0.0138888888888888,0.7921415410204843,0.2344490508727494,CompressionPressure,0.7921415410204843,6862.5,6863.0,6861.75,6862.5,Up,1,6862.5,1.25,3.732142857142857,5,6869.5,7.0,1.875598086124402,7.0,1.875598086124402,19.0,-5.0,5.090909090909091,-1.339712918660287,1,1
ES,xApvaV01StateLog_ES.csv,357,2026-04-09 13:50:00,Unresolved,Unresolved->Unresolved->Unresolved->Unresolved,Pure Unresolved Compression Equilibrium,Exact,1.0,0.7219280948844771,0.1111111111111111,0.8,0.0,0.0,0.1892412691242961,0.0138888888888888,0.8437683829586091,0.199588437422646,CompressionPressure,0.8437683829586091,6862.75,6863.0,6860.5,6861.25,Up,1,6862.5,2.5,3.571428571428572,5,6870.5,9.25,2.59,9.25,2.59,20.25,-3.75,5.67,-1.05,1,1
ES,xApvaV01StateLog_ES.csv,358,2026-04-09 13:55:00,Unresolved,Unresolved->Unresolved->Unresolved->Unresolved,Pure Unresolved Compression Equilibrium,Exact,1.0,0.4689955935863958,0.1111111111111111,0.9,0.0,0.0,0.2202730804215971,0.0138888888888888,0.9012433309564056,0.1442594527636907,CompressionPressure,0.9012433309564056,6861.0,6861.5,6859.5,6860.5,Down,-1,6861.25,2.0,3.375,5,6867.5,7.0,2.074074074074074,-7.0,-2.074074074074074,3.0,-21.0,0.8888888888888888,-6.222222222222222,0,1
ES,xApvaV01StateLog_ES.csv,359,2026-04-09 14:00:00,Unresolved,Unresolved->Unresolved->Unresolved->Unresolved,Pure Unresolved Compression Equilibrium,Exact,1.0,-1.4428232973175177e-12,0.0,1.0,0.0,0.0,0.2799999999999999,0.0,1.0,0.0,CompressionPressure,1.0,6860.5,6861.0,6857.5,6860.75,Down,-1,6860.5,3.5,3.25,5,6870.5,9.75,3.0,-9.75,-3.0,-3.25,-20.75,-1.0,-6.384615384615385,0,1
ES,xApvaV01StateLog_ES.csv,360,2026-04-10 06:35:00,Unresolved,Unresolved->Unresolved->Unresolved->Unresolved,Pure Unresolved Compression Equilibrium,Exact,1.0,-1.4428232973175177e-12,0.0,1.0,0.0,0.0,0.2799999999999999,0.0,1.0,0.0,CompressionPressure,1.0,6875.0,6881.5,6871.0,6872.0,Down,-1,6860.75,20.75,4.285714285714286,5,6870.0,-2.0,-0.4666666666666667,2.0,0.4666666666666667,8.0,-1.5,1.8666666666666667,-0.35,1,1
ES,xApvaV01StateLog_ES.csv,361,2026-04-10 06:40:00,Unresolved,Unresolved->Unresolved->Unresolved->Unresolved,Pure Unresolved Compression Equilibrium,Exact,1.0,-1.4428232973175177e-12,0.0,1.0,0.0,0.0,0.2799999999999999,0.0,1.0,0.0,CompressionPressure,1.0,6872.0,6873.5,6867.25,6869.5,Down,-1,6872.0,6.25,4.196428571428571,5,6868.25,-1.25,-0.2978723404255319,1.25,0.2978723404255319,7.0,-2.75,1.668085106382979,-0.6553191489361703,1,1
ES,xApvaV01StateLog_ES.csv,362,2026-04-10 06:45:00,Unresolved,Unresolved->Unresolved->Unresolved->Unresolved,Pure Unresolved Compression Equilibrium,Exact,1.0,-1.4428232973175177e-12,0.0,1.0,0.0,0.0,0.2799999999999999,0.0,1.0,0.0,CompressionPressure,1.0,6869.5,6872.25,6866.75,6870.5,Down,-1,6869.5,5.5,4.267857142857143,5,6867.75,-2.75,-0.6443514644351463,2.75,0.6443514644351463,8.0,-1.5,1.8744769874476983,-0.3514644351464435,1,1
ES,xApvaV01StateLog_ES.csv,363,2026-04-10 06:50:00,Unresolved,Unresolved->Unresolved->Unresolved->Unresolved,Pure Unresolved Compression Equilibrium,Exact,1.0,-1.4428232973175177e-12,0.0,1.0,0.0,0.0,0.2799999999999999,0.0,1.0,0.0,CompressionPressure,1.0,6870.75,6872.0,6865.5,6867.5,Down,-1,6870.5,6.5,4.5,5,6874.5,7.0,1.5555555555555556,-7.0,-1.5555555555555556,5.0,-7.5,1.1111111111111112,-1.6666666666666667,0,1
ES,xApvaV01StateLog_ES.csv,364,2026-04-10 06:55:00,Unresolved,Unresolved->Unresolved->Unresolved->Unresolved,Pure Unresolved Compression Equilibrium,Exact,1.0,-1.4428232973175177e-12,0.0,1.0,0.0,0.0,0.2799999999999999,0.0,1.0,0.0,CompressionPressure,1.0,6867.5,6871.25,6864.0,6870.5,Down,-1,6867.5,7.25,4.857142857142857,5,6875.5,5.0,1.0294117647058825,-5.0,-1.0294117647058825,8.0,-5.5,1.647058823529412,-1.1323529411764708,0,1
ES,xApvaV01StateLog_ES.csv,365,2026-04-10 07:00:00,Degrading,Unresolved->Unresolved->Unresolved->Degrading,Sponsor Exhaustion Collapse,Exact,1.0,0.4689955935863958,0.1111111111111111,0.9,0.0,0.0,0.2202730804215971,0.1138888888888889,0.4512433309564058,0.1442594527636907,CompressionPressure,0.4512433309564058,6870.5,6871.5,6868.25,6870.0,Down,-1,6870.5,3.25,4.910714285714286,5,6876.75,6.75,1.3745454545454543,-6.75,-1.3745454545454543,7.5,-6.75,1.5272727272727271,-1.3745454545454543,0,1
ES,xApvaV01StateLog_ES.csv,366,2026-04-10 07:05:00,Degrading,Unresolved->Unresolved->Degrading->Degrading,Sponsor Exhaustion Collapse,Exact,1.0,0.7219280948844771,0.1111111111111111,0.8,0.0,0.0,0.1892412691242961,0.1138888888888889,0.3937683829586091,0.199588437422646,CompressionPressure,0.3937683829586091,6869.75,6869.75,6862.5,6868.25,Down,-1,6870.0,7.5,5.214285714285714,5,6877.75,9.5,1.821917808219178,-9.5,-1.821917808219178,4.75,-10.0,0.910958904109589,-1.917808219178082,0,1
ES,xApvaV01StateLog_ES.csv,367,2026-04-10 07:10:00,Degrading,Unresolved->Degrading->Degrading->Degrading,Sponsor Exhaustion Collapse,Exact,1.0,0.8812908992278072,0.1111111111111111,0.7,0.0,0.0,0.1653733877500932,0.1138888888888889,0.3421415410204842,0.2344490508727494,CompressionPressure,0.3421415410204842,6868.25,6870.25,6864.75,6867.75,Down,-1,6868.25,5.5,5.464285714285714,5,6877.5,9.75,1.784313725490196,-9.75,-1.784313725490196,4.25,-14.25,0.7777777777777778,-2.607843137254902,0,1
ES,xApvaV01StateLog_ES.csv,368,2026-04-10 07:15:00,Unresolved,Degrading->Degrading->Degrading->Unresolved,Stable Compression Basin,Exact,1.0,1.2954618442339936,0.2222222222222222,0.6,0.0,0.0,0.1098439803286126,0.0277777777777777,0.6968114125131533,0.3667156117595194,CompressionPressure,0.6968114125131533,6868.0,6875.0,6863.5,6874.5,Down,-1,6867.75,11.5,6.035714285714286,5,6876.75,2.25,0.3727810650887574,-2.25,-0.3727810650887574,3.0,-7.5,0.4970414201183432,-1.242603550295858,0,1
ES,xApvaV01StateLog_ES.csv,369,2026-04-10 07:20:00,Unresolved,Degrading->Degrading->Unresolved->Unresolved,Stable Compression Basin,Exact,1.0,1.4854752972230063,0.2222222222222222,0.5,0.0,0.0,0.0836294086674746,0.0277777777777777,0.6432689050346733,0.4082810546008659,CompressionPressure,0.6432689050346733,6874.5,6876.0,6871.5,6875.5,Up,1,6874.5,4.5,6.267857142857143,5,6871.0,-4.5,-0.717948717948718,-4.5,-0.717948717948718,6.5,-9.25,1.037037037037037,-1.4757834757834758,0,1
ES,xApvaV01StateLog_ES.csv,370,2026-04-10 07:25:00,Unresolved,Degrading->Unresolved->Unresolved->Unresolved,Stable Compression Basin,Exact,1.0,1.5709505944503404,0.2222222222222222,0.4,0.0,0.0,0.0654185395568402,0.0277777777777777,0.5962600322912982,0.4269787758693452,CompressionPressure,0.5962600322912982,6875.5,6876.75,6873.25,6876.75,Up,1,6875.5,3.5,6.428571428571429,5,6869.5,-7.25,-1.1277777777777778,-7.25,-1.1277777777777778,5.25,-10.5,0.8166666666666667,-1.6333333333333333,0,1
ES,xApvaV01StateLog_ES.csv,371,2026-04-10 07:30:00,Unresolved,Unresolved->Unresolved->Unresolved->Unresolved,Pure Unresolved Compression Equilibrium,Exact,1.0,1.5709505944503404,0.3333333333333333,0.4,0.0,0.0,0.0532657617790625,0.0416666666666666,0.5684822545135204,0.4686454425360119,CompressionPressure,0.5684822545135204,6876.75,6878.25,6874.5,6877.75,Up,1,6876.75,3.75,6.517857142857143,5,6870.25,-7.5,-1.1506849315068493,-7.5,-1.1506849315068493,4.25,-11.5,0.6520547945205479,-1.7643835616438357,0,1
ES,xApvaV01StateLog_ES.csv,374,2026-04-10 07:45:00,Unresolved,Unresolved->Balance->Unresolved->Unresolved,Stable Compression Basin,Exact,1.0,1.6854752972215634,0.4444444444444444,0.5,0.0,0.0,0.0505555555555555,0.0555555555555555,0.5805555555555556,0.5166666666666666,CompressionPressure,0.5805555555555556,6876.5,6877.75,6866.25,6871.0,Down,-1,6876.75,11.5,6.089285714285714,5,6877.0,6.0,0.9853372434017597,-6.0,-0.9853372434017597,2.5,-7.25,0.4105571847507331,-1.1906158357771262,0,1
ES,xApvaV01StateLog_ES.csv,375,2026-04-10 07:50:00,Unresolved,Balance->Unresolved->Unresolved->Unresolved,Stable Compression Basin,Exact,1.0,1.5709505944488975,0.4444444444444444,0.6,0.0,0.0,0.0644463173347285,0.0555555555555555,0.6240378100691661,0.510312109202363,CompressionPressure,0.6240378100691661,6871.25,6875.75,6868.5,6869.5,Down,-1,6871.0,7.25,6.160714285714286,5,6878.5,9.0,1.4608695652173913,-9.0,-1.4608695652173913,1.0,-10.25,0.1623188405797101,-1.663768115942029,0,1
ES,xApvaV01StateLog_ES.csv,377,2026-04-10 08:00:00,Unresolved,Unresolved->Unresolved->Balance->Unresolved,Stable Compression Basin,Exact,1.0,1.1567796494427114,0.5555555555555556,0.7,0.0,0.0,0.0956701692006535,0.0694444444444444,0.6638123830209416,0.4613788816489264,CompressionPressure,0.6638123830209416,6870.5,6877.25,6868.5,6875.75,Up,1,6870.25,8.75,6.410714285714286,5,6882.0,6.25,0.9749303621169916,6.25,0.9749303621169916,7.25,-4.5,1.1309192200557103,-0.701949860724234,1,1
ES,xApvaV01StateLog_ES.csv,378,2026-04-10 08:05:00,Unresolved,Unresolved->Balance->Unresolved->Unresolved,Stable Compression Basin,Exact,1.0,1.1567796494427114,0.5555555555555556,0.7,0.0,0.0,0.0956701692006535,0.0694444444444444,0.6638123830209416,0.4613788816489264,CompressionPressure,0.6638123830209416,6876.0,6876.75,6873.0,6873.75,Up,1,6875.75,3.75,6.160714285714286,5,6875.0,1.25,0.2028985507246377,1.25,0.2028985507246377,9.25,-2.5,1.501449275362319,-0.4057971014492754,1,1
ES,xApvaV01StateLog_ES.csv,379,2026-04-10 08:10:00,Unresolved,Balance->Unresolved->Unresolved->Unresolved,Stable Compression Basin,Exact,1.0,1.1567796494427114,0.5555555555555556,0.7,0.0,0.0,0.0956701692006535,0.0694444444444444,0.6638123830209416,0.4613788816489264,CompressionPressure,0.6638123830209416,6873.75,6878.25,6871.25,6877.0,Up,1,6873.75,7.0,6.428571428571429,5,6871.0,-6.0,-0.9333333333333332,-6.0,-0.9333333333333332,6.0,-7.75,0.9333333333333332,-1.2055555555555555,0,1
ES,xApvaV01StateLog_ES.csv,380,2026-04-10 08:15:00,Unresolved,Unresolved->Unresolved->Unresolved->Unresolved,Pure Unresolved Compression Equilibrium,Exact,1.0,1.3709505944503406,0.5555555555555556,0.6,0.0,0.0,0.0676060395568402,0.0694444444444444,0.6087600322912982,0.5082287758693453,CompressionPressure,0.6087600322912982,6877.0,6879.75,6875.25,6878.5,Up,1,6877.0,4.5,6.214285714285714,5,6866.75,-11.75,-1.8908045977011492,-11.75,-1.8908045977011492,4.5,-12.75,0.7241379310344828,-2.0517241379310343,0,1
ES,xApvaV01StateLog_ES.csv,381,2026-04-10 08:20:00,Unresolved,Unresolved->Unresolved->Unresolved->Unresolved,Pure Unresolved Compression Equilibrium,Exact,1.0,1.3709505944503406,0.4444444444444444,0.6,0.0,0.0,0.079758817334618,0.0555555555555555,0.636537810069076,0.4665621092026786,CompressionPressure,0.636537810069076,6878.25,6881.25,6877.25,6878.0,Up,1,6878.5,4.0,6.107142857142857,5,6867.0,-11.0,-1.801169590643275,-11.0,-1.801169590643275,5.0,-15.25,0.8187134502923977,-2.497076023391813,0,1
ES,xApvaV01StateLog_ES.csv,382,2026-04-10 08:25:00,Unresolved,Unresolved->Unresolved->Unresolved->Unresolved,Pure Unresolved Compression Equilibrium,Exact,1.0,1.2954618442339936,0.3333333333333333,0.6,0.0,0.0,0.0976912025508348,0.0416666666666666,0.6690336347353755,0.4083822784261861,CompressionPressure,0.6690336347353755,6878.0,6883.0,6877.25,6882.0,Up,1,6878.0,5.75,5.696428571428571,5,6864.5,-17.5,-3.072100313479624,-17.5,-3.072100313479624,0.0,-19.25,0.0,-3.3793103448275863,0,1
ES,xApvaV01StateLog_ES.csv,383,2026-04-10 08:30:00,Unresolved,Unresolved->Unresolved->Unresolved->Unresolved,Pure Unresolved Compression Equilibrium,Exact,1.0,1.360964047439353,0.3333333333333333,0.5,0.0,0.0,0.0810095234512578,0.0416666666666666,0.6232730803683738,0.4227108853773584,CompressionPressure,0.6232730803683738,6882.0,6882.0,6873.75,6875.0,Up,1,6882.0,8.25,5.964285714285714,5,6859.75,-15.25,-2.55688622754491,-15.25,-2.55688622754491,2.0,-15.75,0.3353293413173652,-2.6407185628742518,0,1
ES,xApvaV01StateLog_ES.csv,384,2026-04-10 08:35:00,Unresolved,Unresolved->Unresolved->Unresolved->Unresolved,Pure Unresolved Compression Equilibrium,Exact,1.0,1.360964047439353,0.3333333333333333,0.5,0.0,0.0,0.0810095234512578,0.0416666666666666,0.6232730803683738,0.4227108853773584,CompressionPressure,0.6232730803683738,6874.75,6877.0,6869.25,6871.0,Down,-1,6875.0,7.75,6.267857142857143,5,6856.75,-14.25,-2.2735042735042734,14.25,2.2735042735042734,17.5,-1.25,2.792022792022792,-0.1994301994301994,1,1
ES,xApvaV01StateLog_ES.csv,385,2026-04-10 08:40:00,Unresolved,Unresolved->Unresolved->Unresolved->Unresolved,Pure Unresolved Compression Equilibrium,Exact,1.0,1.2954618442339936,0.2222222222222222,0.6,0.0,0.0,0.1098439803286126,0.0277777777777777,0.6968114125131533,0.3667156117595194,CompressionPressure,0.6968114125131533,6871.0,6872.25,6865.75,6866.75,Down,-1,6871.0,6.5,6.464285714285714,5,6855.25,-11.5,-1.7790055248618784,11.5,1.7790055248618784,13.5,-3.0,2.0883977900552484,-0.4640883977900552,1,1
ES,xApvaV01StateLog_ES.csv,386,2026-04-10 08:45:00,Unresolved,Unresolved->Unresolved->Unresolved->Unresolved,Pure Unresolved Compression Equilibrium,Exact,1.0,0.8812908992278072,0.1111111111111111,0.7,0.0,0.0,0.1653733877500932,0.0138888888888888,0.7921415410204843,0.2344490508727494,CompressionPressure,0.7921415410204843,6866.75,6868.0,6862.75,6867.0,Down,-1,6866.75,5.25,6.482142857142857,5,6856.0,-11.0,-1.696969696969697,11.0,1.696969696969697,13.75,-2.75,2.121212121212121,-0.4242424242424242,1,1
ES,xApvaV01StateLog_ES.csv,387,2026-04-10 08:50:00,Unresolved,Unresolved->Unresolved->Unresolved->Unresolved,Pure Unresolved Compression Equilibrium,Exact,1.0,0.7219280948844771,0.1111111111111111,0.8,0.0,0.0,0.1892412691242961,0.0138888888888888,0.8437683829586091,0.199588437422646,CompressionPressure,0.8437683829586091,6866.75,6869.75,6863.75,6864.5,Down,-1,6867.0,6.0,6.642857142857143,5,6861.25,-3.25,-0.4892473118279569,3.25,0.4892473118279569,11.25,-1.25,1.693548387096774,-0.1881720430107527,1,1
ES,xApvaV01StateLog_ES.csv,391,2026-04-10 09:10:00,Unresolved,Directional->Directional->Unresolved->Unresolved,Stable Compression Basin,Exact,1.0,1.2954618442339936,0.2222222222222222,0.6,0.4,0.0,0.1378439803286126,0.0277777777777777,0.6968114125131533,0.3667156117595194,CompressionPressure,0.6968114125131533,6855.25,6858.0,6853.25,6856.0,Down,-1,6855.25,4.75,5.821428571428571,5,6856.0,0.0,0.0,-0.0,-0.0,1.75,-7.25,0.3006134969325153,-1.245398773006135,0,1
ES,xApvaV01StateLog_ES.csv,392,2026-04-10 09:15:00,Unresolved,Directional->Unresolved->Unresolved->Unresolved,Stable Compression Basin,Soft,0.4142135623730951,1.4854752972230063,0.2222222222222222,0.5,0.5,0.0,0.1186294086674746,0.0277777777777777,0.6432689050346733,0.4082810546008659,CompressionPressure,0.6432689050346733,6856.0,6863.25,6855.75,6861.25,Up,1,6856.0,7.5,6.089285714285714,5,6852.75,-8.5,-1.3958944281524923,-8.5,-1.3958944281524923,2.0,-9.25,0.3284457478005865,-1.5190615835777126,0,1
ES,xApvaV01StateLog_ES.csv,393,2026-04-10 09:20:00,Unresolved,Unresolved->Unresolved->Unresolved->Unresolved,Pure Unresolved Compression Equilibrium,Exact,1.0,1.4854752972230063,0.3333333333333333,0.5,0.5,0.0,0.1064766308896969,0.0416666666666666,0.6154911272568955,0.4499477212675326,CompressionPressure,0.6154911272568955,6861.5,6863.25,6859.0,6860.25,Up,1,6861.25,4.25,5.892857142857143,5,6848.75,-11.5,-1.9515151515151516,-11.5,-1.9515151515151516,1.0,-13.25,0.1696969696969696,-2.2484848484848485,0,1
ES,xApvaV01StateLog_ES.csv,394,2026-04-10 09:25:00,Unresolved,Unresolved->Unresolved->Unresolved->Unresolved,Pure Unresolved Compression Equilibrium,Exact,1.0,1.4854752972230063,0.3333333333333333,0.5,0.5,0.0,0.1064766308896969,0.0416666666666666,0.6154911272568955,0.4499477212675326,CompressionPressure,0.6154911272568955,6860.5,6861.25,6856.5,6860.75,Up,1,6860.25,4.75,5.910714285714286,5,6854.25,-6.5,-1.0996978851963746,-6.5,-1.0996978851963746,0.25,-13.75,0.0422960725075528,-2.326283987915408,0,1
ES,xApvaV01StateLog_ES.csv,395,2026-04-10 09:30:00,Unresolved,Unresolved->Unresolved->Unresolved->Unresolved,Pure Unresolved Compression Equilibrium,Exact,1.0,1.4854752972230063,0.3333333333333333,0.5,0.5,0.0,0.1064766308896969,0.0416666666666666,0.6154911272568955,0.4499477212675326,CompressionPressure,0.6154911272568955,6861.0,6861.0,6856.0,6857.25,Up,1,6860.75,5.0,5.982142857142857,5,6857.25,0.0,0.0,0.0,0.0,2.25,-10.25,0.3761194029850746,-1.7134328358208957,0,1
ES,xApvaV01StateLog_ES.csv,396,2026-04-10 09:35:00,Unresolved,Unresolved->Unresolved->Unresolved->Unresolved,Pure Unresolved Compression Equilibrium,Exact,1.0,1.4854752972230063,0.3333333333333333,0.5,0.5,0.0,0.1064766308896969,0.0416666666666666,0.6154911272568955,0.4499477212675326,CompressionPressure,0.6154911272568955,6857.25,6859.5,6854.25,6856.0,Down,-1,6857.25,5.25,5.946428571428571,5,6856.75,0.75,0.1261261261261261,-0.75,-0.1261261261261261,9.0,-3.0,1.5135135135135136,-0.5045045045045046,0,1
ES,xApvaV01StateLog_ES.csv,397,2026-04-10 09:40:00,Unresolved,Unresolved->Unresolved->Unresolved->Unresolved,Pure Unresolved Compression Equilibrium,Exact,1.0,1.4854752972230063,0.2222222222222222,0.5,0.5,0.0,0.1186294086674746,0.0277777777777777,0.6432689050346733,0.4082810546008659,CompressionPressure,0.6432689050346733,6856.0,6856.5,6852.0,6852.75,Down,-1,6856.0,4.5,5.678571428571429,5,6850.0,-2.75,-0.4842767295597484,2.75,0.4842767295597484,5.75,-6.25,1.0125786163522013,-1.10062893081761,1,1
ES,xApvaV01StateLog_ES.csv,401,2026-04-10 10:00:00,Unresolved,Directional->Unresolved->Unresolved->Unresolved,Stable Compression Basin,Soft,0.4142135623730951,1.4854752972230063,0.3333333333333333,0.5,0.5,0.0,0.1064766308896969,0.0416666666666666,0.6154911272568955,0.4499477212675326,CompressionPressure,0.6154911272568955,6857.25,6857.75,6855.25,6856.75,Up,1,6857.25,2.5,5.464285714285714,5,6850.0,-6.75,-1.2352941176470589,-6.75,-1.2352941176470589,0.25,-8.75,0.0457516339869281,-1.6013071895424835,0,1
ES,xApvaV01StateLog_ES.csv,402,2026-04-10 10:05:00,Unresolved,Unresolved->Unresolved->Unresolved->Unresolved,Pure Unresolved Compression Equilibrium,Exact,1.0,1.2954618442339936,0.3333333333333333,0.6,0.4,0.0,0.1256912025508348,0.0416666666666666,0.6690336347353755,0.4083822784261861,CompressionPressure,0.6690336347353755,6856.75,6857.0,6849.75,6850.0,Down,-1,6856.75,7.25,5.517857142857143,5,6848.25,-1.75,-0.3171521035598705,1.75,0.3171521035598705,2.25,-4.5,0.4077669902912621,-0.8155339805825242,1,1
ES,xApvaV01StateLog_ES.csv,403,2026-04-10 10:10:00,Unresolved,Unresolved->Unresolved->Unresolved->Unresolved,Pure Unresolved Compression Equilibrium,Exact,1.0,1.2954618442339936,0.3333333333333333,0.6,0.4,0.0,0.1256912025508348,0.0416666666666666,0.6690336347353755,0.4083822784261861,CompressionPressure,0.6690336347353755,6850.0,6852.25,6848.0,6851.25,Down,-1,6850.0,4.25,5.339285714285714,5,6850.5,-0.75,-0.1404682274247491,0.75,0.1404682274247491,5.0,-3.25,0.9364548494983276,-0.6086956521739131,1,1
ES,xApvaV01StateLog_ES.csv,404,2026-04-10 10:15:00,Unresolved,Unresolved->Unresolved->Unresolved->Unresolved,Pure Unresolved Compression Equilibrium,Exact,1.0,1.2954618442339936,0.3333333333333333,0.6,0.4,0.0,0.1256912025508348,0.0416666666666666,0.6690336347353755,0.4083822784261861,CompressionPressure,0.6690336347353755,6851.0,6853.75,6848.75,6853.0,Up,1,6851.25,5.0,5.357142857142857,5,6852.0,-1.0,-0.1866666666666666,-1.0,-0.1866666666666666,1.5,-6.75,0.28,-1.26,0,1
ES,xApvaV01StateLog_ES.csv,405,2026-04-10 10:20:00,Unresolved,Unresolved->Unresolved->Unresolved->Unresolved,Pure Unresolved Compression Equilibrium,Exact,1.0,1.2954618442339936,0.3333333333333333,0.6,0.4,0.0,0.1256912025508348,0.0416666666666666,0.6690336347353755,0.4083822784261861,CompressionPressure,0.6690336347353755,6853.0,6854.5,6850.0,6852.25,Up,1,6853.0,4.5,5.339285714285714,5,6853.75,1.5,0.2809364548494983,1.5,0.2809364548494983,2.5,-6.0,0.4682274247491638,-1.1237458193979932,1,1
ES,xApvaV01StateLog_ES.csv,406,2026-04-10 10:25:00,Unresolved,Unresolved->Unresolved->Unresolved->Unresolved,Pure Unresolved Compression Equilibrium,Exact,1.0,1.2954618442339936,0.3333333333333333,0.6,0.4,0.0,0.1256912025508348,0.0416666666666666,0.6690336347353755,0.4083822784261861,CompressionPressure,0.6690336347353755,6852.0,6852.5,6848.0,6850.0,Down,-1,6852.25,4.5,5.125,5,6854.75,4.75,0.926829268292683,-4.75,-0.926829268292683,3.75,-5.5,0.7317073170731707,-1.0731707317073171,0,1
ES,xApvaV01StateLog_ES.csv,407,2026-04-10 10:30:00,Unresolved,Unresolved->Unresolved->Unresolved->Unresolved,Pure Unresolved Compression Equilibrium,Exact,1.0,1.2954618442339936,0.2222222222222222,0.6,0.4,0.0,0.1378439803286126,0.0277777777777777,0.6968114125131533,0.3667156117595194,CompressionPressure,0.6968114125131533,6850.0,6853.0,6847.75,6848.25,Down,-1,6850.0,5.25,5.196428571428571,5,6857.25,9.0,1.731958762886598,-9.0,-1.731958762886598,2.0,-9.25,0.3848797250859107,-1.7800687285223369,0,1
ES,xApvaV01StateLog_ES.csv,408,2026-04-10 10:35:00,Unresolved,Unresolved->Unresolved->Unresolved->Unresolved,Pure Unresolved Compression Equilibrium,Exact,1.0,1.1567796494427114,0.2222222222222222,0.7,0.3,0.0,0.1531285025339868,0.0277777777777777,0.747145716354275,0.3363788816489264,CompressionPressure,0.747145716354275,6848.25,6852.25,6846.25,6850.5,Down,-1,6848.25,6.0,5.285714285714286,5,6856.75,6.25,1.1824324324324325,-6.25,-1.1824324324324325,1.75,-7.0,0.3310810810810811,-1.3243243243243243,0,1
ES,xApvaV01StateLog_ES.csv,409,2026-04-10 10:40:00,Unresolved,Unresolved->Unresolved->Unresolved->Unresolved,Pure Unresolved Compression Equilibrium,Exact,1.0,0.9219280948830342,0.2222222222222222,0.8,0.2,0.0,0.1757759913466288,0.0277777777777777,0.8034906051809215,0.285005104088997,CompressionPressure,0.8034906051809215,6850.25,6852.5,6848.75,6852.0,Up,1,6850.5,3.75,5.196428571428571,5,6852.75,0.75,0.1443298969072165,0.75,0.1443298969072165,5.5,-2.25,1.0584192439862543,-0.4329896907216495,1,1
ES,xApvaV01StateLog_ES.csv,410,2026-04-10 10:45:00,Unresolved,Unresolved->Unresolved->Unresolved->Unresolved,Pure Unresolved Compression Equilibrium,Exact,1.0,0.4689955935863958,0.1111111111111111,0.9,0.1,0.0,0.2272730804215971,0.0138888888888888,0.9012433309564056,0.1442594527636907,CompressionPressure,0.9012433309564056,6851.75,6854.75,6849.75,6853.75,Up,1,6852.0,5.0,5.178571428571429,5,6852.25,-1.5,-0.289655172413793,-1.5,-0.289655172413793,3.75,-3.0,0.7241379310344828,-0.5793103448275861,0,1
ES,xApvaV01StateLog_ES.csv,411,2026-04-10 10:50:00,Unresolved,Unresolved->Unresolved->Unresolved->Unresolved,Pure Unresolved Compression Equilibrium,Exact,1.0,-1.4428232973175177e-12,0.0,1.0,0.0,0.0,0.2799999999999999,0.0,1.0,0.0,CompressionPressure,1.0,6853.75,6855.5,6852.75,6854.75,Up,1,6853.75,2.75,5.053571428571429,5,6854.0,-0.75,-0.1484098939929328,-0.75,-0.1484098939929328,2.75,-4.0,0.5441696113074205,-0.7915194346289752,0,1
ES,xApvaV01StateLog_ES.csv,415,2026-04-10 11:10:00,Unresolved,Directional->Unresolved->Unresolved->Unresolved,Stable Compression Basin,Soft,0.4142135623730951,1.2954618442339936,0.2222222222222222,0.6,0.4,0.0,0.1378439803286126,0.0277777777777777,0.6968114125131533,0.3667156117595194,CompressionPressure,0.6968114125131533,6852.75,6854.0,6850.75,6852.25,Down,-1,6852.75,3.25,4.410714285714286,5,6855.5,3.25,0.736842105263158,-3.25,-0.736842105263158,0.5,-7.25,0.1133603238866396,-1.6437246963562753,0,1
ES,xApvaV01StateLog_ES.csv,416,2026-04-10 11:15:00,Unresolved,Unresolved->Unresolved->Unresolved->Unresolved,Pure Unresolved Compression Equilibrium,Exact,1.0,1.2954618442339936,0.3333333333333333,0.6,0.4,0.0,0.1256912025508348,0.0416666666666666,0.6690336347353755,0.4083822784261861,CompressionPressure,0.6690336347353755,6852.25,6855.0,6851.75,6854.0,Down,-1,6852.25,3.25,4.125,5,6854.25,0.25,0.0606060606060606,-0.25,-0.0606060606060606,0.75,-5.5,0.1818181818181818,-1.3333333333333333,0,1
ES,xApvaV01StateLog_ES.csv,417,2026-04-10 11:20:00,Unresolved,Unresolved->Unresolved->Unresolved->Unresolved,Pure Unresolved Compression Equilibrium,Exact,1.0,1.2954618442339936,0.3333333333333333,0.6,0.4,0.0,0.1256912025508348,0.0416666666666666,0.6690336347353755,0.4083822784261861,CompressionPressure,0.6690336347353755,6854.0,6857.75,6853.75,6857.25,Up,1,6854.0,4.0,4.107142857142857,5,6853.0,-4.25,-1.0347826086956522,-4.25,-1.0347826086956522,2.25,-6.5,0.5478260869565218,-1.582608695652174,0,1
ES,xApvaV01StateLog_ES.csv,418,2026-04-10 11:25:00,Unresolved,Unresolved->Unresolved->Unresolved->Unresolved,Pure Unresolved Compression Equilibrium,Exact,1.0,1.2954618442339936,0.3333333333333333,0.6,0.4,0.0,0.1256912025508348,0.0416666666666666,0.6690336347353755,0.4083822784261861,CompressionPressure,0.6690336347353755,6857.25,6859.5,6856.5,6857.25,Up,1,6857.25,3.0,3.9642857142857135,5,6853.5,-3.75,-0.945945945945946,-3.75,-0.945945945945946,0.5,-6.5,0.1261261261261261,-1.6396396396396395,0,1
ES,xApvaV01StateLog_ES.csv,419,2026-04-10 11:30:00,Unresolved,Unresolved->Unresolved->Unresolved->Unresolved,Pure Unresolved Compression Equilibrium,Exact,1.0,1.2954618442339936,0.3333333333333333,0.6,0.4,0.0,0.1256912025508348,0.0416666666666666,0.6690336347353755,0.4083822784261861,CompressionPressure,0.6690336347353755,6857.0,6857.75,6855.5,6856.5,Up,1,6857.25,2.25,3.803571428571429,5,6855.0,-1.5,-0.3943661971830986,-1.5,-0.3943661971830986,0.5,-5.75,0.1314553990610328,-1.511737089201878,0,1
ES,xApvaV01StateLog_ES.csv,420,2026-04-10 11:35:00,Unresolved,Unresolved->Unresolved->Unresolved->Unresolved,Pure Unresolved Compression Equilibrium,Exact,1.0,1.2954618442339936,0.3333333333333333,0.6,0.4,0.0,0.1256912025508348,0.0416666666666666,0.6690336347353755,0.4083822784261861,CompressionPressure,0.6690336347353755,6856.5,6857.0,6853.75,6855.5,Down,-1,6856.5,3.25,3.7142857142857135,5,6855.5,0.0,0.0,-0.0,-0.0,4.75,-1.0,1.2788461538461535,-0.2692307692307692,0,1
ES,xApvaV01StateLog_ES.csv,421,2026-04-10 11:40:00,Unresolved,Unresolved->Unresolved->Unresolved->Unresolved,Pure Unresolved Compression Equilibrium,Exact,1.0,1.2954618442339936,0.2222222222222222,0.6,0.4,0.0,0.1378439803286126,0.0277777777777777,0.6968114125131533,0.3667156117595194,CompressionPressure,0.6968114125131533,6855.5,6856.5,6853.25,6854.25,Down,-1,6855.5,3.25,3.571428571428572,5,6858.0,3.75,1.05,-3.75,-1.05,3.5,-4.5,0.98,-1.26,0,1
ES,xApvaV01StateLog_ES.csv,422,2026-04-10 11:45:00,Unresolved,Unresolved->Unresolved->Unresolved->Unresolved,Pure Unresolved Compression Equilibrium,Exact,1.0,1.1567796494427114,0.2222222222222222,0.7,0.3,0.0,0.1531285025339868,0.0277777777777777,0.747145716354275,0.3363788816489264,CompressionPressure,0.747145716354275,6854.25,6855.25,6850.75,6853.0,Down,-1,6854.25,4.5,3.4642857142857144,5,6858.0,5.0,1.443298969072165,-5.0,-1.443298969072165,0.75,-6.75,0.2164948453608247,-1.9484536082474224,0,1
ES,xApvaV01StateLog_ES.csv,423,2026-04-10 11:50:00,Unresolved,Unresolved->Unresolved->Unresolved->Unresolved,Pure Unresolved Compression Equilibrium,Exact,1.0,0.9219280948830342,0.2222222222222222,0.8,0.2,0.0,0.1757759913466288,0.0277777777777777,0.8034906051809215,0.285005104088997,CompressionPressure,0.8034906051809215,6852.75,6854.75,6852.25,6853.5,Down,-1,6853.0,2.5,3.375,5,6862.0,8.5,2.5185185185185186,-8.5,-2.5185185185185186,0.5,-8.75,0.1481481481481481,-2.592592592592593,0,1
ES,xApvaV01StateLog_ES.csv,424,2026-04-10 11:55:00,Unresolved,Unresolved->Unresolved->Unresolved->Unresolved,Pure Unresolved Compression Equilibrium,Exact,1.0,0.4689955935863958,0.1111111111111111,0.9,0.1,0.0,0.2272730804215971,0.0138888888888888,0.9012433309564056,0.1442594527636907,CompressionPressure,0.9012433309564056,6853.5,6855.0,6853.0,6855.0,Up,1,6853.5,2.0,3.1607142857142856,5,6860.75,5.75,1.8192090395480227,5.75,1.8192090395480227,7.25,-1.75,2.2937853107344632,-0.5536723163841808,1,1
ES,xApvaV01StateLog_ES.csv,425,2026-04-10 12:00:00,Unresolved,Unresolved->Unresolved->Unresolved->Unresolved,Pure Unresolved Compression Equilibrium,Exact,1.0,-1.4428232973175177e-12,0.0,1.0,0.0,0.0,0.2799999999999999,0.0,1.0,0.0,CompressionPressure,1.0,6854.75,6856.0,6853.25,6855.5,Up,1,6855.0,2.75,3.1607142857142856,5,6858.5,3.0,0.9491525423728814,3.0,0.9491525423728814,6.75,-0.25,2.135593220338983,-0.0790960451977401,1,1
ES,xApvaV01StateLog_ES.csv,426,2026-04-10 12:05:00,Unresolved,Unresolved->Unresolved->Unresolved->Unresolved,Pure Unresolved Compression Equilibrium,Exact,1.0,-1.4428232973175177e-12,0.0,1.0,0.0,0.0,0.2799999999999999,0.0,1.0,0.0,CompressionPressure,1.0,6855.75,6858.75,6855.25,6858.0,Up,1,6855.5,3.5,3.1785714285714284,5,6858.75,0.75,0.2359550561797753,0.75,0.2359550561797753,4.25,-1.5,1.3370786516853934,-0.4719101123595506,1,1
ES,xApvaV01StateLog_ES.csv,427,2026-04-10 12:10:00,Unresolved,Unresolved->Unresolved->Unresolved->Unresolved,Pure Unresolved Compression Equilibrium,Exact,1.0,-1.4428232973175177e-12,0.0,1.0,0.0,0.0,0.2799999999999999,0.0,1.0,0.0,CompressionPressure,1.0,6858.25,6859.75,6857.25,6858.0,Up,1,6858.0,2.5,3.196428571428572,5,6855.75,-2.25,-0.7039106145251396,-2.25,-0.7039106145251396,4.25,-2.75,1.329608938547486,-0.8603351955307262,0,1
ES,xApvaV01StateLog_ES.csv,428,2026-04-10 12:15:00,Unresolved,Unresolved->Unresolved->Unresolved->Unresolved,Pure Unresolved Compression Equilibrium,Exact,1.0,-1.4428232973175177e-12,0.0,1.0,0.0,0.0,0.2799999999999999,0.0,1.0,0.0,CompressionPressure,1.0,6857.75,6862.25,6857.5,6862.0,Up,1,6858.0,4.75,3.196428571428572,5,6853.0,-9.0,-2.8156424581005584,-9.0,-2.8156424581005584,0.0,-10.5,0.0,-3.2849162011173183,0,1
ES,xApvaV01StateLog_ES.csv,429,2026-04-10 12:20:00,Unresolved,Unresolved->Unresolved->Unresolved->Unresolved,Pure Unresolved Compression Equilibrium,Exact,1.0,-1.4428232973175177e-12,0.0,1.0,0.0,0.0,0.2799999999999999,0.0,1.0,0.0,CompressionPressure,1.0,6861.75,6862.0,6859.5,6860.75,Up,1,6862.0,2.5,3.142857142857143,5,6853.0,-7.75,-2.465909090909091,-7.75,-2.465909090909091,1.25,-11.5,0.3977272727272727,-3.659090909090909,0,1
ES,xApvaV01StateLog_ES.csv,430,2026-04-10 12:25:00,Unresolved,Unresolved->Unresolved->Unresolved->Unresolved,Pure Unresolved Compression Equilibrium,Exact,1.0,-1.4428232973175177e-12,0.0,1.0,0.0,0.0,0.2799999999999999,0.0,1.0,0.0,CompressionPressure,1.0,6861.0,6862.0,6858.0,6858.5,Down,-1,6860.75,4.0,3.196428571428572,5,6850.5,-8.0,-2.502793296089385,8.0,2.502793296089385,9.75,-0.5,3.0502793296089385,-0.1564245810055866,1,1
ES,xApvaV01StateLog_ES.csv,431,2026-04-10 12:30:00,Unresolved,Unresolved->Unresolved->Unresolved->Unresolved,Pure Unresolved Compression Equilibrium,Exact,1.0,-1.4428232973175177e-12,0.0,1.0,0.0,0.0,0.2799999999999999,0.0,1.0,0.0,CompressionPressure,1.0,6858.5,6859.0,6856.5,6858.75,Down,-1,6858.5,2.5,3.0892857142857144,5,6851.0,-7.75,-2.5086705202312136,7.75,2.5086705202312136,10.0,0.0,3.236994219653179,0.0,1,1
ES,xApvaV01StateLog_ES.csv,432,2026-04-10 12:35:00,Unresolved,Unresolved->Unresolved->Unresolved->Unresolved,Pure Unresolved Compression Equilibrium,Exact,1.0,-1.4428232973175177e-12,0.0,1.0,0.0,0.0,0.2799999999999999,0.0,1.0,0.0,CompressionPressure,1.0,6858.75,6858.75,6855.25,6855.75,Down,-1,6858.75,3.5,3.125,5,6855.5,-0.25,-0.08,0.25,0.08,7.0,-2.25,2.24,-0.72,1,1
ES,xApvaV01StateLog_ES.csv,433,2026-04-10 12:40:00,Unresolved,Unresolved->Unresolved->Unresolved->Unresolved,Pure Unresolved Compression Equilibrium,Exact,1.0,-1.4428232973175177e-12,0.0,1.0,0.0,0.0,0.2799999999999999,0.0,1.0,0.0,CompressionPressure,1.0,6855.75,6857.0,6851.5,6853.0,Down,-1,6855.75,5.5,3.357142857142857,5,6852.75,-0.25,-0.0744680851063829,0.25,0.0744680851063829,4.25,-5.0,1.2659574468085106,-1.4893617021276595,1,1
ES,xApvaV01StateLog_ES.csv,434,2026-04-10 12:45:00,Unresolved,Unresolved->Unresolved->Unresolved->Unresolved,Pure Unresolved Compression Equilibrium,Exact,1.0,-1.4428232973175177e-12,0.0,1.0,0.0,0.0,0.2799999999999999,0.0,1.0,0.0,CompressionPressure,1.0,6853.0,6854.5,6849.25,6853.0,Down,-1,6853.0,5.25,3.5,5,6854.75,1.75,0.5,-1.75,-0.5,4.25,-5.0,1.2142857142857142,-1.4285714285714286,0,1
ES,xApvaV01StateLog_ES.csv,435,2026-04-10 12:50:00,Unresolved,Unresolved->Unresolved->Unresolved->Unresolved,Pure Unresolved Compression Equilibrium,Exact,1.0,-1.4428232973175177e-12,0.0,1.0,0.0,0.0,0.2799999999999999,0.0,1.0,0.0,CompressionPressure,1.0,6853.25,6854.75,6848.75,6850.5,Down,-1,6853.0,6.0,3.696428571428572,5,6856.25,5.75,1.5555555555555556,-5.75,-1.5555555555555556,1.5,-7.5,0.4057971014492753,-2.0289855072463765,0,1
ES,xApvaV01StateLog_ES.csv,436,2026-04-10 12:55:00,Unresolved,Unresolved->Unresolved->Unresolved->Unresolved,Pure Unresolved Compression Equilibrium,Exact,1.0,-1.4428232973175177e-12,0.0,1.0,0.0,0.0,0.2799999999999999,0.0,1.0,0.0,CompressionPressure,1.0,6850.5,6855.0,6849.0,6851.0,Down,-1,6850.5,6.0,3.803571428571429,5,6857.0,6.0,1.5774647887323945,-6.0,-1.5774647887323945,1.5,-7.25,0.3943661971830986,-1.9061032863849767,0,1
ES,xApvaV01StateLog_ES.csv,437,2026-04-10 13:00:00,Unresolved,Unresolved->Unresolved->Unresolved->Unresolved,Pure Unresolved Compression Equilibrium,Exact,1.0,-1.4428232973175177e-12,0.0,1.0,0.0,0.0,0.2799999999999999,0.0,1.0,0.0,CompressionPressure,1.0,6850.75,6858.0,6849.5,6855.5,Up,1,6851.0,8.5,4.232142857142857,5,6858.75,3.25,0.7679324894514769,3.25,0.7679324894514769,3.5,-4.5,0.8270042194092828,-1.0632911392405064,1,1
ES,xApvaV01StateLog_ES.csv,438,2026-04-10 13:05:00,Unresolved,Unresolved->Unresolved->Unresolved->Unresolved,Pure Unresolved Compression Equilibrium,Exact,1.0,-1.4428232973175177e-12,0.0,1.0,0.0,0.0,0.2799999999999999,0.0,1.0,0.0,CompressionPressure,1.0,6855.75,6857.5,6852.75,6852.75,Up,1,6855.5,4.75,4.428571428571429,5,6858.75,6.0,1.3548387096774193,6.0,1.3548387096774193,7.75,-1.75,1.75,-0.3951612903225806,1,1
ES,xApvaV01StateLog_ES.csv,439,2026-04-10 13:10:00,Unresolved,Unresolved->Unresolved->Unresolved->Unresolved,Pure Unresolved Compression Equilibrium,Exact,1.0,-1.4428232973175177e-12,0.0,1.0,0.0,0.0,0.2799999999999999,0.0,1.0,0.0,CompressionPressure,1.0,6852.75,6855.25,6851.0,6854.75,Up,1,6852.75,4.25,4.535714285714286,5,6860.0,5.25,1.15748031496063,5.25,1.15748031496063,5.75,-1.25,1.2677165354330708,-0.2755905511811024,1,1
ES,xApvaV01StateLog_ES.csv,440,2026-04-10 13:15:00,Unresolved,Unresolved->Unresolved->Unresolved->Unresolved,Pure Unresolved Compression Equilibrium,Exact,1.0,-1.4428232973175177e-12,0.0,1.0,0.0,0.0,0.2799999999999999,0.0,1.0,0.0,CompressionPressure,1.0,6855.0,6856.75,6853.5,6856.25,Up,1,6854.75,3.25,4.517857142857143,5,6860.25,4.0,0.8853754940711461,4.0,0.8853754940711461,4.25,-0.5,0.9407114624505928,-0.1106719367588932,1,1
ES,xApvaV01StateLog_ES.csv,441,2026-04-10 13:20:00,Unresolved,Unresolved->Unresolved->Unresolved->Unresolved,Pure Unresolved Compression Equilibrium,Exact,1.0,-1.4428232973175177e-12,0.0,1.0,0.0,0.0,0.2799999999999999,0.0,1.0,0.0,CompressionPressure,1.0,6856.25,6858.25,6855.75,6857.0,Up,1,6856.25,2.5,4.517857142857143,5,6860.75,3.75,0.8300395256916996,3.75,0.8300395256916996,4.25,-0.75,0.9407114624505928,-0.1660079051383399,1,1
ES,xApvaV01StateLog_ES.csv,442,2026-04-10 13:25:00,Unresolved,Unresolved->Unresolved->Unresolved->Unresolved,Pure Unresolved Compression Equilibrium,Exact,1.0,-1.4428232973175177e-12,0.0,1.0,0.0,0.0,0.2799999999999999,0.0,1.0,0.0,CompressionPressure,1.0,6856.75,6859.0,6856.25,6858.75,Up,1,6857.0,2.75,4.375,5,6860.5,1.75,0.4,1.75,0.4,2.5,-0.75,0.5714285714285714,-0.1714285714285714,1,1
ES,xApvaV01StateLog_ES.csv,443,2026-04-10 13:30:00,Unresolved,Unresolved->Unresolved->Unresolved->Unresolved,Pure Unresolved Compression Equilibrium,Exact,1.0,-1.4428232973175177e-12,0.0,1.0,0.0,0.0,0.2799999999999999,0.0,1.0,0.0,CompressionPressure,1.0,6859.0,6860.5,6858.0,6858.75,Up,1,6858.75,2.5,4.375,5,6860.75,2.0,0.4571428571428571,2.0,0.4571428571428571,2.5,-0.5,0.5714285714285714,-0.1142857142857142,1,1
ES,xApvaV01StateLog_ES.csv,444,2026-04-10 13:35:00,Unresolved,Unresolved->Unresolved->Unresolved->Unresolved,Pure Unresolved Compression Equilibrium,Exact,1.0,-1.4428232973175177e-12,0.0,1.0,0.0,0.0,0.2799999999999999,0.0,1.0,0.0,CompressionPressure,1.0,6858.75,6860.5,6858.25,6860.0,Up,1,6858.75,2.25,4.25,5,6863.75,3.75,0.8823529411764706,3.75,0.8823529411764706,4.25,-1.0,1.0,-0.2352941176470588,1,1
ES,xApvaV01StateLog_ES.csv,445,2026-04-10 13:40:00,Unresolved,Unresolved->Unresolved->Unresolved->Unresolved,Pure Unresolved Compression Equilibrium,Exact,1.0,-1.4428232973175177e-12,0.0,1.0,0.0,0.0,0.2799999999999999,0.0,1.0,0.0,CompressionPressure,1.0,6859.75,6860.5,6859.0,6860.25,Up,1,6860.0,1.5,4.178571428571429,5,6835.75,-24.5,-5.863247863247863,-24.5,-5.863247863247863,4.0,-29.75,0.9572649572649572,-7.119658119658119,0,1
ES,xApvaV01StateLog_ES.csv,446,2026-04-10 13:45:00,Unresolved,Unresolved->Unresolved->Unresolved->Unresolved,Pure Unresolved Compression Equilibrium,Exact,1.0,-1.4428232973175177e-12,0.0,1.0,0.0,0.0,0.2799999999999999,0.0,1.0,0.0,CompressionPressure,1.0,6860.5,6861.25,6860.0,6860.75,Up,1,6860.25,1.25,4.017857142857143,5,6833.25,-27.5,-6.844444444444444,-27.5,-6.844444444444444,3.5,-34.25,0.8711111111111111,-8.524444444444443,0,1
ES,xApvaV01StateLog_ES.csv,447,2026-04-10 13:50:00,Unresolved,Unresolved->Unresolved->Unresolved->Unresolved,Pure Unresolved Compression Equilibrium,Exact,1.0,-1.4428232973175177e-12,0.0,1.0,0.0,0.0,0.2799999999999999,0.0,1.0,0.0,CompressionPressure,1.0,6860.75,6861.0,6859.25,6860.5,Up,1,6860.75,1.75,3.75,5,6830.25,-30.25,-8.066666666666666,-30.25,-8.066666666666666,3.75,-34.0,1.0,-9.066666666666666,0,1
ES,xApvaV01StateLog_ES.csv,448,2026-04-10 13:55:00,Unresolved,Unresolved->Unresolved->Unresolved->Unresolved,Pure Unresolved Compression Equilibrium,Exact,1.0,-1.4428232973175177e-12,0.0,1.0,0.0,0.0,0.2799999999999999,0.0,1.0,0.0,CompressionPressure,1.0,6860.5,6861.25,6860.0,6860.75,Up,1,6860.5,1.25,3.4642857142857144,5,6849.25,-11.5,-3.319587628865979,-11.5,-3.319587628865979,3.5,-34.25,1.0103092783505154,-9.88659793814433,0,1
ES,xApvaV01StateLog_ES.csv,449,2026-04-10 14:00:00,Unresolved,Unresolved->Unresolved->Unresolved->Unresolved,Pure Unresolved Compression Equilibrium,Exact,1.0,-1.4428232973175177e-12,0.0,1.0,0.0,0.0,0.2799999999999999,0.0,1.0,0.0,CompressionPressure,1.0,6860.5,6864.25,6860.5,6863.75,Up,1,6860.75,3.75,3.3035714285714284,5,6847.75,-16.0,-4.843243243243244,-16.0,-4.843243243243244,-8.25,-37.25,-2.497297297297297,-11.275675675675677,0,1
ES,xApvaV01StateLog_ES.csv,450,2026-04-13 06:35:00,Unresolved,Unresolved->Unresolved->Unresolved->Unresolved,Pure Unresolved Compression Equilibrium,Exact,1.0,-1.4428232973175177e-12,0.0,1.0,0.0,0.0,0.2799999999999999,0.0,1.0,0.0,CompressionPressure,1.0,6834.75,6840.0,6830.5,6835.75,Up,1,6863.75,33.25,5.25,5,6858.5,22.75,4.333333333333333,22.75,4.333333333333333,23.25,-9.25,4.428571428571429,-1.761904761904762,1,1
ES,xApvaV01StateLog_ES.csv,451,2026-04-13 06:40:00,Unresolved,Unresolved->Unresolved->Unresolved->Unresolved,Pure Unresolved Compression Equilibrium,Exact,1.0,-1.4428232973175177e-12,0.0,1.0,0.0,0.0,0.2799999999999999,0.0,1.0,0.0,CompressionPressure,1.0,6835.75,6836.0,6826.5,6833.25,Up,1,6835.75,9.5,5.321428571428571,5,6854.5,21.25,3.993288590604027,21.25,3.993288590604027,28.25,-5.5,5.308724832214765,-1.0335570469798658,1,1
ES,xApvaV01StateLog_ES.csv,452,2026-04-13 06:45:00,Unresolved,Unresolved->Unresolved->Unresolved->Unresolved,Pure Unresolved Compression Equilibrium,Exact,1.0,-1.4428232973175177e-12,0.0,1.0,0.0,0.0,0.2799999999999999,0.0,1.0,0.0,CompressionPressure,1.0,6833.25,6835.75,6829.25,6830.25,Down,-1,6833.25,6.5,5.446428571428571,5,6855.0,24.75,4.544262295081968,-24.75,-4.544262295081968,2.5,-31.25,0.4590163934426229,-5.737704918032788,0,1
ES,xApvaV01StateLog_ES.csv,453,2026-04-13 06:50:00,Unresolved,Unresolved->Unresolved->Unresolved->Unresolved,Pure Unresolved Compression Equilibrium,Exact,1.0,-1.4428232973175177e-12,0.0,1.0,0.0,0.0,0.2799999999999999,0.0,1.0,0.0,CompressionPressure,1.0,6830.5,6851.25,6827.75,6849.25,Down,-1,6830.25,23.5,6.821428571428571,5,6852.0,2.75,0.4031413612565445,-2.75,-0.4031413612565445,8.0,-12.25,1.1727748691099478,-1.7958115183246075,0,1
ES,xApvaV01StateLog_ES.csv,454,2026-04-13 06:55:00,Unresolved,Unresolved->Unresolved->Unresolved->Unresolved,Pure Unresolved Compression Equilibrium,Exact,1.0,-1.4428232973175177e-12,0.0,1.0,0.0,0.0,0.2799999999999999,0.0,1.0,0.0,CompressionPressure,1.0,6849.0,6855.5,6841.25,6847.75,Down,-1,6849.25,14.25,7.607142857142857,5,6851.5,3.75,0.4929577464788732,-3.75,-0.4929577464788732,2.25,-13.75,0.2957746478873239,-1.807511737089202,0,1
ES,xApvaV01StateLog_ES.csv,455,2026-04-13 07:00:00,Unresolved,Unresolved->Unresolved->Unresolved->Unresolved,Pure Unresolved Compression Equilibrium,Exact,1.0,-1.4428232973175177e-12,0.0,1.0,0.0,0.0,0.2799999999999999,0.0,1.0,0.0,CompressionPressure,1.0,6847.75,6859.0,6845.5,6858.5,Down,-1,6847.75,13.5,8.392857142857142,5,6856.25,-2.25,-0.2680851063829787,2.25,0.2680851063829787,13.5,-3.0,1.6085106382978724,-0.3574468085106383,1,1
ES,xApvaV01StateLog_ES.csv,456,2026-04-13 07:05:00,Unresolved,Unresolved->Unresolved->Unresolved->Unresolved,Pure Unresolved Compression Equilibrium,Exact,1.0,-1.4428232973175177e-12,0.0,1.0,0.0,0.0,0.2799999999999999,0.0,1.0,0.0,CompressionPressure,1.0,6858.0,6861.5,6849.5,6854.5,Down,-1,6858.5,12.0,9.053571428571429,5,6857.0,2.5,0.2761341222879684,-2.5,-0.2761341222879684,9.5,-5.0,1.04930966469428,-0.5522682445759368,0,1
ES,xApvaV01StateLog_ES.csv,457,2026-04-13 07:10:00,Unresolved,Unresolved->Unresolved->Unresolved->Unresolved,Pure Unresolved Compression Equilibrium,Exact,1.0,-1.4428232973175177e-12,0.0,1.0,0.0,0.0,0.2799999999999999,0.0,1.0,0.0,CompressionPressure,1.0,6854.5,6859.5,6852.5,6855.0,Down,-1,6854.5,7.0,9.375,5,6858.75,3.75,0.4,-3.75,-0.4,10.0,-6.5,1.0666666666666669,-0.6933333333333334,0,1
ES,xApvaV01StateLog_ES.csv,458,2026-04-13 07:15:00,Degrading,Unresolved->Unresolved->Unresolved->Degrading,Sponsor Exhaustion Collapse,Exact,1.0,0.4689955935863958,0.1111111111111111,0.9,0.0,0.0,0.2202730804215971,0.1138888888888889,0.4512433309564058,0.1442594527636907,CompressionPressure,0.4512433309564058,6854.75,6855.0,6850.0,6852.0,Down,-1,6855.0,5.0,9.571428571428571,5,6856.5,4.5,0.4701492537313433,-4.5,-0.4701492537313433,7.0,-9.5,0.7313432835820896,-0.9925373134328358,0,1
ES,xApvaV01StateLog_ES.csv,459,2026-04-13 07:20:00,Degrading,Unresolved->Unresolved->Degrading->Degrading,Sponsor Exhaustion Collapse,Exact,1.0,0.7219280948844771,0.1111111111111111,0.8,0.0,0.0,0.1892412691242961,0.1138888888888889,0.3937683829586091,0.199588437422646,CompressionPressure,0.3937683829586091,6852.0,6852.5,6846.75,6851.5,Down,-1,6852.0,5.75,9.875,5,6861.25,9.75,0.9873417721518988,-9.75,-0.9873417721518988,6.5,-11.5,0.6582278481012658,-1.1645569620253164,0,1
ES,xApvaV01StateLog_ES.csv,460,2026-04-13 07:25:00,Degrading,Unresolved->Degrading->Degrading->Degrading,Sponsor Exhaustion Collapse,Exact,1.0,0.8812908992278072,0.1111111111111111,0.7,0.0,0.0,0.1653733877500932,0.1138888888888889,0.3421415410204842,0.2344490508727494,CompressionPressure,0.3421415410204842,6851.25,6856.75,6845.0,6856.25,Down,-1,6851.5,11.75,10.625,5,6857.25,1.0,0.0941176470588235,-1.0,-0.0941176470588235,3.25,-6.75,0.3058823529411765,-0.6352941176470588,0,1
ES,xApvaV01StateLog_ES.csv,461,2026-04-13 07:30:00,Unresolved,Degrading->Degrading->Degrading->Unresolved,Stable Compression Basin,Exact,1.0,1.2954618442339936,0.2222222222222222,0.6,0.0,0.0,0.1098439803286126,0.0277777777777777,0.6968114125131533,0.3667156117595194,CompressionPressure,0.6968114125131533,6856.0,6857.75,6853.0,6857.0,Up,1,6856.25,4.75,10.839285714285714,5,6862.5,5.5,0.5074135090609555,5.5,0.5074135090609555,7.0,-2.75,0.6457990115321253,-0.2537067545304777,1,1
ES,xApvaV01StateLog_ES.csv,462,2026-04-13 07:35:00,Unresolved,Degrading->Degrading->Unresolved->Unresolved,Stable Compression Basin,Exact,1.0,1.4854752972230063,0.2222222222222222,0.5,0.0,0.0,0.0836294086674746,0.0277777777777777,0.6432689050346733,0.4082810546008659,CompressionPressure,0.6432689050346733,6857.25,6861.5,6855.75,6858.75,Up,1,6857.0,5.75,11.160714285714286,5,6867.0,8.25,0.7392,8.25,0.7392,9.5,-4.5,0.8512,-0.4031999999999999,1,1
ES,xApvaV01StateLog_ES.csv,463,2026-04-13 07:40:00,Unresolved,Degrading->Unresolved->Unresolved->Unresolved,Stable Compression Basin,Exact,1.0,1.5709505944503404,0.2222222222222222,0.4,0.0,0.0,0.0654185395568402,0.0277777777777777,0.5962600322912982,0.4269787758693452,CompressionPressure,0.5962600322912982,6858.75,6859.0,6854.25,6856.5,Up,1,6858.75,4.75,11.232142857142858,5,6859.5,3.0,0.2670906200317965,3.0,0.2670906200317965,11.75,-0.75,1.0461049284578696,-0.0667726550079491,1,1
ES,xApvaV01StateLog_ES.csv,464,2026-04-13 07:45:00,Unresolved,Unresolved->Unresolved->Unresolved->Unresolved,Pure Unresolved Compression Equilibrium,Exact,1.0,1.5709505944503404,0.3333333333333333,0.4,0.0,0.0,0.0532657617790625,0.0416666666666666,0.5684822545135204,0.4686454425360119,CompressionPressure,0.5684822545135204,6856.5,6863.0,6855.75,6861.25,Up,1,6856.5,7.25,9.375,5,6861.5,0.25,0.0266666666666666,0.25,0.0266666666666666,7.0,-5.25,0.7466666666666667,-0.56,1,1
ES,xApvaV01StateLog_ES.csv,469,2026-04-13 08:10:00,Unresolved,Balance->Unresolved->Unresolved->Unresolved,Stable Compression Basin,Exact,1.0,1.5709505944488975,0.5555555555555556,0.6,0.0,0.0,0.0522935395569507,0.0694444444444444,0.5962600322913884,0.5519787758690297,CompressionPressure,0.5962600322913884,6859.75,6862.5,6857.75,6861.5,Up,1,6859.5,4.75,7.107142857142857,5,6856.25,-5.25,-0.7386934673366835,-5.25,-0.7386934673366835,3.25,-7.75,0.457286432160804,-1.0904522613065326,0,1
ES,xApvaV01StateLog_ES.csv,470,2026-04-13 08:15:00,Unresolved,Unresolved->Unresolved->Unresolved->Unresolved,Pure Unresolved Compression Equilibrium,Exact,1.0,1.5709505944488975,0.5555555555555556,0.6,0.0,0.0,0.0522935395569507,0.0694444444444444,0.5962600322913884,0.5519787758690297,CompressionPressure,0.5962600322913884,6861.5,6864.75,6859.5,6861.5,Up,1,6861.5,5.25,6.625,5,6861.0,-0.5,-0.0754716981132075,-0.5,-0.0754716981132075,2.5,-7.75,0.3773584905660377,-1.169811320754717,0,1
ES,xApvaV01StateLog_ES.csv,475,2026-04-13 08:40:00,Unresolved,Unresolved->Balance->Unresolved->Unresolved,Stable Compression Basin,Exact,1.0,1.4854752972230063,0.4444444444444444,0.5,0.0,0.0,0.0593238531119191,0.0555555555555555,0.5877133494791177,0.4916143879341992,CompressionPressure,0.5877133494791177,6856.0,6864.0,6855.0,6861.0,Down,-1,6856.25,9.0,6.142857142857143,5,6853.25,-7.75,-1.2616279069767442,7.75,1.2616279069767442,9.75,-1.25,1.587209302325581,-0.2034883720930232,1,1
ES,xApvaV01StateLog_ES.csv,483,2026-04-13 09:20:00,Unresolved,Degrading->Unresolved->Unresolved->Unresolved,Stable Compression Basin,Exact,1.0,1.4854752972230063,0.5555555555555556,0.5,0.0,0.0,0.0471710753341413,0.0694444444444444,0.5599355717013399,0.533281054600866,CompressionPressure,0.5599355717013399,6860.25,6864.0,6858.5,6863.5,Up,1,6860.0,5.5,5.589285714285714,5,6877.25,13.75,2.460063897763578,13.75,2.460063897763578,21.25,-0.25,3.801916932907348,-0.0447284345047923,1,1
ES,xApvaV01StateLog_ES.csv,498,2026-04-13 10:35:00,Unresolved,Balance->Unresolved->Unresolved->Unresolved,Stable Compression Basin,Exact,1.0,1.2954618442339936,0.6666666666666666,0.6,0.0,0.0,0.0612328692175015,0.0833333333333333,0.5857003014020421,0.533382278426186,CompressionPressure,0.5857003014020421,6886.5,6888.75,6885.0,6885.25,Up,1,6886.5,3.75,6.5,5,6883.25,-2.0,-0.3076923076923077,-2.0,-0.3076923076923077,0.75,-5.0,0.1153846153846153,-0.7692307692307693,0,1
ES,xApvaV01StateLog_ES.csv,500,2026-04-13 10:45:00,Unresolved,Unresolved->Unresolved->Unresolved->Unresolved,Pure Unresolved Compression Equilibrium,Exact,1.0,1.3709505944503406,0.5555555555555556,0.6,0.0,0.0,0.0676060395568402,0.0694444444444444,0.6087600322912982,0.5082287758693453,CompressionPressure,0.6087600322912982,6884.0,6885.25,6882.5,6883.25,Down,-1,6884.25,2.75,5.589285714285714,5,6886.75,3.5,0.6261980830670927,-3.5,-0.6261980830670927,3.0,-4.25,0.536741214057508,-0.7603833865814696,0,1
ES,xApvaV01StateLog_ES.csv,501,2026-04-13 10:50:00,Unresolved,Unresolved->Unresolved->Unresolved->Unresolved,Pure Unresolved Compression Equilibrium,Exact,1.0,1.4854752972230063,0.4444444444444444,0.5,0.0,0.0,0.0593238531119191,0.0555555555555555,0.5877133494791177,0.4916143879341992,CompressionPressure,0.5877133494791177,6883.25,6883.75,6881.75,6882.5,Down,-1,6883.25,2.0,5.035714285714286,5,6887.5,5.0,0.9929078014184396,-5.0,-0.9929078014184396,2.25,-5.5,0.4468085106382979,-1.0921985815602837,0,1
ES,xApvaV01StateLog_ES.csv,502,2026-04-13 10:55:00,Unresolved,Unresolved->Unresolved->Unresolved->Unresolved,Pure Unresolved Compression Equilibrium,Exact,1.0,1.360964047439353,0.3333333333333333,0.5,0.0,0.0,0.0810095234512578,0.0416666666666666,0.6232730803683738,0.4227108853773584,CompressionPressure,0.6232730803683738,6882.25,6884.5,6880.25,6883.5,Down,-1,6882.5,4.25,4.482142857142857,5,6886.5,3.0,0.6693227091633467,-3.0,-0.6693227091633467,1.25,-4.5,0.2788844621513944,-1.00398406374502,0,1
ES,xApvaV01StateLog_ES.csv,503,2026-04-13 11:00:00,Unresolved,Unresolved->Unresolved->Unresolved->Unresolved,Pure Unresolved Compression Equilibrium,Exact,1.0,1.360964047439353,0.3333333333333333,0.5,0.0,0.0,0.0810095234512578,0.0416666666666666,0.6232730803683738,0.4227108853773584,CompressionPressure,0.6232730803683738,6883.5,6885.0,6882.25,6883.25,Down,-1,6883.5,2.75,4.0,5,6885.5,2.25,0.5625,-2.25,-0.5625,0.25,-5.25,0.0625,-1.3125,0,1
ES,xApvaV01StateLog_ES.csv,504,2026-04-13 11:05:00,Unresolved,Unresolved->Unresolved->Unresolved->Unresolved,Pure Unresolved Compression Equilibrium,Exact,1.0,1.2954618442339936,0.2222222222222222,0.6,0.0,0.0,0.1098439803286126,0.0277777777777777,0.6968114125131533,0.3667156117595194,CompressionPressure,0.6968114125131533,6883.25,6887.5,6883.0,6885.5,Down,-1,6883.25,4.5,3.678571428571429,5,6885.5,0.0,0.0,-0.0,-0.0,1.5,-3.0,0.4077669902912622,-0.8155339805825244,0,1
ES,xApvaV01StateLog_ES.csv,505,2026-04-13 11:10:00,Unresolved,Unresolved->Unresolved->Unresolved->Unresolved,Pure Unresolved Compression Equilibrium,Exact,1.0,0.8812908992278072,0.1111111111111111,0.7,0.0,0.0,0.1653733877500932,0.0138888888888888,0.7921415410204843,0.2344490508727494,CompressionPressure,0.7921415410204843,6885.75,6887.5,6885.0,6886.75,Up,1,6885.5,2.5,3.446428571428572,5,6887.25,0.5,0.1450777202072538,0.5,0.1450777202072538,1.75,-2.75,0.5077720207253885,-0.7979274611398963,1,1
ES,xApvaV01StateLog_ES.csv,506,2026-04-13 11:15:00,Unresolved,Unresolved->Unresolved->Unresolved->Unresolved,Pure Unresolved Compression Equilibrium,Exact,1.0,0.7219280948844771,0.1111111111111111,0.8,0.0,0.0,0.1892412691242961,0.0138888888888888,0.8437683829586091,0.199588437422646,CompressionPressure,0.8437683829586091,6886.75,6888.0,6886.5,6887.5,Up,1,6886.75,1.5,3.267857142857143,5,6888.25,0.75,0.2295081967213114,0.75,0.2295081967213114,1.25,-3.5,0.3825136612021858,-1.0710382513661203,1,1
ES,xApvaV01StateLog_ES.csv,507,2026-04-13 11:20:00,Unresolved,Unresolved->Unresolved->Unresolved->Unresolved,Pure Unresolved Compression Equilibrium,Exact,1.0,0.4689955935863958,0.1111111111111111,0.9,0.0,0.0,0.2202730804215971,0.0138888888888888,0.9012433309564056,0.1442594527636907,CompressionPressure,0.9012433309564056,6887.25,6888.0,6886.25,6886.5,Up,1,6887.5,1.75,3.071428571428572,5,6889.5,3.0,0.9767441860465116,3.0,0.9767441860465116,3.5,-2.5,1.1395348837209305,-0.813953488372093,1,1
ES,xApvaV01StateLog_ES.csv,508,2026-04-13 11:25:00,Unresolved,Unresolved->Unresolved->Unresolved->Unresolved,Pure Unresolved Compression Equilibrium,Exact,1.0,-1.4428232973175177e-12,0.0,1.0,0.0,0.0,0.2799999999999999,0.0,1.0,0.0,CompressionPressure,1.0,6886.5,6888.5,6885.25,6885.5,Down,-1,6886.5,3.25,3.142857142857143,5,6893.0,7.5,2.386363636363636,-7.5,-2.386363636363636,1.5,-8.5,0.4772727272727273,-2.7045454545454546,0,1
ES,xApvaV01StateLog_ES.csv,509,2026-04-13 11:30:00,Unresolved,Unresolved->Unresolved->Unresolved->Unresolved,Pure Unresolved Compression Equilibrium,Exact,1.0,-1.4428232973175177e-12,0.0,1.0,0.0,0.0,0.2799999999999999,0.0,1.0,0.0,CompressionPressure,1.0,6885.5,6886.75,6884.0,6885.5,Down,-1,6885.5,2.75,2.946428571428572,5,6895.5,10.0,3.3939393939393936,-10.0,-3.3939393939393936,1.0,-10.5,0.3393939393939393,-3.5636363636363635,0,1
ES,xApvaV01StateLog_ES.csv,510,2026-04-13 11:35:00,Unresolved,Unresolved->Unresolved->Unresolved->Unresolved,Pure Unresolved Compression Equilibrium,Exact,1.0,-1.4428232973175177e-12,0.0,1.0,0.0,0.0,0.2799999999999999,0.0,1.0,0.0,CompressionPressure,1.0,6885.5,6887.5,6884.5,6887.25,Down,-1,6885.5,3.0,2.9285714285714284,5,6894.75,7.5,2.5609756097560976,-7.5,-2.5609756097560976,1.0,-9.5,0.3414634146341463,-3.2439024390243905,0,1
ES,xApvaV01StateLog_ES.csv,511,2026-04-13 11:40:00,Unresolved,Unresolved->Unresolved->Unresolved->Unresolved,Pure Unresolved Compression Equilibrium,Exact,1.0,-1.4428232973175177e-12,0.0,1.0,0.0,0.0,0.2799999999999999,0.0,1.0,0.0,CompressionPressure,1.0,6887.25,6888.75,6886.25,6888.25,Up,1,6887.25,2.5,2.9285714285714284,5,6895.75,7.5,2.5609756097560976,7.5,2.5609756097560976,9.5,-0.75,3.2439024390243905,-0.2560975609756097,1,1
ES,xApvaV01StateLog_ES.csv,512,2026-04-13 11:45:00,Unresolved,Unresolved->Unresolved->Unresolved->Unresolved,Pure Unresolved Compression Equilibrium,Exact,1.0,-1.4428232973175177e-12,0.0,1.0,0.0,0.0,0.2799999999999999,0.0,1.0,0.0,CompressionPressure,1.0,6888.25,6890.0,6887.5,6889.5,Up,1,6888.25,2.5,2.8392857142857144,5,6894.75,5.25,1.8490566037735847,5.25,1.8490566037735847,8.25,0.0,2.9056603773584904,0.0,1,1
ES,xApvaV01StateLog_ES.csv,513,2026-04-13 11:50:00,Unresolved,Unresolved->Unresolved->Unresolved->Unresolved,Pure Unresolved Compression Equilibrium,Exact,1.0,-1.4428232973175177e-12,0.0,1.0,0.0,0.0,0.2799999999999999,0.0,1.0,0.0,CompressionPressure,1.0,6889.75,6894.0,6889.5,6893.0,Up,1,6889.5,4.5,2.892857142857143,5,6893.5,0.5,0.1728395061728395,0.5,0.1728395061728395,4.75,-1.0,1.6419753086419753,-0.345679012345679,1,1
ES,xApvaV01StateLog_ES.csv,520,2026-04-13 12:25:00,Unresolved,Degrading->Degrading->Balance->Unresolved,Stable Compression Basin,Exact,1.0,2.170950594447455,0.4444444444444444,0.3,0.6,0.0,0.0808888888888888,0.0555555555555555,0.538888888888889,0.5166666666666666,CompressionPressure,0.538888888888889,6896.5,6899.75,6895.75,6899.25,Up,1,6896.5,4.0,3.0892857142857144,5,6902.25,3.0,0.9710982658959536,3.0,0.9710982658959536,8.0,-1.0,2.5895953757225434,-0.3236994219653179,1,1
ES,xApvaV01StateLog_ES.csv,521,2026-04-13 12:30:00,Unresolved,Degrading->Balance->Unresolved->Unresolved,Stable Compression Basin,Exact,1.0,2.246439344663802,0.4444444444444444,0.3,0.6,0.0,0.0808888888888888,0.0555555555555555,0.538888888888889,0.5166666666666666,CompressionPressure,0.538888888888889,6899.25,6900.25,6899.0,6900.0,Up,1,6899.25,1.25,3.0535714285714284,5,6918.25,18.25,5.976608187134503,18.25,5.976608187134503,21.0,-1.75,6.87719298245614,-0.5730994152046784,1,1
ES,xApvaV01StateLog_ES.csv,522,2026-04-13 12:35:00,Unresolved,Balance->Unresolved->Unresolved->Unresolved,Stable Compression Basin,Exact,1.0,2.170950594447455,0.4444444444444444,0.3,0.6,0.0,0.0808888888888888,0.0555555555555555,0.538888888888889,0.5166666666666666,CompressionPressure,0.538888888888889,6899.75,6904.5,6898.25,6902.75,Up,1,6900.0,6.25,3.267857142857143,5,6921.25,18.5,5.66120218579235,18.5,5.66120218579235,22.0,-3.25,6.73224043715847,-0.994535519125683,1,1
ES,xApvaV01StateLog_ES.csv,530,2026-04-13 13:15:00,Unresolved,Degrading->Degrading->Degrading->Unresolved,Stable Compression Basin,Exact,1.0,1.4854752972230063,0.4444444444444444,0.5,0.0,0.0,0.0593238531119191,0.0555555555555555,0.5877133494791177,0.4916143879341992,CompressionPressure,0.5877133494791177,6924.0,6924.75,6922.75,6923.25,Up,1,6924.0,2.0,4.964285714285714,5,6924.75,1.5,0.302158273381295,1.5,0.302158273381295,3.5,-1.5,0.7050359712230215,-0.302158273381295,1,1
ES,xApvaV01StateLog_ES.csv,531,2026-04-13 13:20:00,Unresolved,Degrading->Degrading->Unresolved->Unresolved,Stable Compression Basin,Exact,1.0,1.4854752972230063,0.4444444444444444,0.5,0.0,0.0,0.0593238531119191,0.0555555555555555,0.5877133494791177,0.4916143879341992,CompressionPressure,0.5877133494791177,6923.25,6923.5,6921.75,6923.0,Down,-1,6923.25,1.75,4.892857142857143,5,6925.75,2.75,0.5620437956204379,-2.75,-0.5620437956204379,0.25,-3.75,0.0510948905109489,-0.7664233576642335,0,1
ES,xApvaV01StateLog_ES.csv,532,2026-04-13 13:25:00,Unresolved,Degrading->Unresolved->Unresolved->Unresolved,Stable Compression Basin,Exact,1.0,1.4854752972230063,0.3333333333333333,0.5,0.0,0.0,0.0714766308896969,0.0416666666666666,0.6154911272568955,0.4499477212675326,CompressionPressure,0.6154911272568955,6923.0,6925.75,6922.75,6924.0,Down,-1,6923.0,3.0,4.892857142857143,5,6926.5,2.5,0.510948905109489,-2.5,-0.510948905109489,0.75,-4.25,0.1532846715328467,-0.8686131386861313,0,1
ES,xApvaV01StateLog_ES.csv,533,2026-04-13 13:30:00,Unresolved,Unresolved->Unresolved->Unresolved->Unresolved,Pure Unresolved Compression Equilibrium,Exact,1.0,1.8464393446652445,0.3333333333333333,0.4,0.0,0.0,0.0510416666666666,0.0416666666666666,0.5666666666666667,0.475,CompressionPressure,0.5666666666666667,6924.0,6924.75,6923.25,6923.75,Down,-1,6924.0,1.5,4.732142857142857,5,6927.5,3.75,0.7924528301886793,-3.75,-0.7924528301886793,0.5,-4.5,0.1056603773584905,-0.9509433962264152,0,1
ES,xApvaV01StateLog_ES.csv,534,2026-04-13 13:35:00,Unresolved,Unresolved->Unresolved->Unresolved->Unresolved,Pure Unresolved Compression Equilibrium,Exact,1.0,1.8464393446652445,0.3333333333333333,0.4,0.0,0.0,0.0510416666666666,0.0416666666666666,0.5666666666666667,0.475,CompressionPressure,0.5666666666666667,6923.5,6925.75,6923.25,6925.0,Down,-1,6923.75,2.5,4.625,5,6927.5,2.5,0.5405405405405406,-2.5,-0.5405405405405406,0.5,-3.25,0.1081081081081081,-0.7027027027027027,0,1
ES,xApvaV01StateLog_ES.csv,535,2026-04-13 13:40:00,Unresolved,Unresolved->Unresolved->Unresolved->Unresolved,Pure Unresolved Compression Equilibrium,Exact,1.0,1.5709505944503404,0.2222222222222222,0.4,0.0,0.0,0.0654185395568402,0.0277777777777777,0.5962600322912982,0.4269787758693452,CompressionPressure,0.5962600322912982,6925.0,6926.75,6924.5,6924.75,Down,-1,6925.0,2.25,4.696428571428571,5,6945.75,21.0,4.47148288973384,-21.0,-4.47148288973384,0.25,-22.5,0.0532319391634981,-4.790874524714829,0,1
ES,xApvaV01StateLog_ES.csv,537,2026-04-13 13:50:00,Unresolved,Unresolved->Unresolved->Balance->Unresolved,Stable Compression Basin,Exact,1.0,1.8464393446652445,0.4444444444444444,0.4,0.0,0.0,0.0388888888888888,0.0555555555555555,0.538888888888889,0.5166666666666666,CompressionPressure,0.538888888888889,6925.75,6928.25,6925.75,6926.5,Up,1,6925.75,2.5,4.125,5,6960.0,33.5,8.121212121212121,33.5,8.121212121212121,34.75,0.0,8.424242424242424,0.0,1,1
ES,xApvaV01StateLog_ES.csv,538,2026-04-13 13:55:00,Unresolved,Unresolved->Balance->Unresolved->Unresolved,Stable Compression Basin,Exact,1.0,1.6854752972215634,0.4444444444444444,0.5,0.0,0.0,0.0505555555555555,0.0555555555555555,0.5805555555555556,0.5166666666666666,CompressionPressure,0.5805555555555556,6926.5,6927.75,6926.5,6927.5,Up,1,6926.5,1.25,3.982142857142857,5,6959.25,31.75,7.973094170403587,31.75,7.973094170403587,33.75,-0.75,8.475336322869955,-0.1883408071748878,1,1
ES,xApvaV01StateLog_ES.csv,539,2026-04-13 14:00:00,Unresolved,Balance->Unresolved->Unresolved->Unresolved,Stable Compression Basin,Exact,1.0,1.2954618442339936,0.3333333333333333,0.6,0.0,0.0,0.0976912025508348,0.0416666666666666,0.6690336347353755,0.4083822784261861,CompressionPressure,0.6690336347353755,6927.5,6928.0,6926.75,6927.5,Up,1,6927.5,1.25,3.767857142857143,5,6957.5,30.0,7.962085308056872,30.0,7.962085308056872,33.75,10.0,8.957345971563981,2.654028436018957,1,1
ES,xApvaV01StateLog_ES.csv,540,2026-04-14 06:35:00,Unresolved,Unresolved->Unresolved->Unresolved->Unresolved,Pure Unresolved Compression Equilibrium,Exact,1.0,1.360964047439353,0.4444444444444444,0.5,0.0,0.0,0.0688567456734801,0.0555555555555555,0.595495302590596,0.4643775520440251,CompressionPressure,0.595495302590596,6937.75,6947.25,6937.5,6945.75,Up,1,6927.5,19.75,3.821428571428572,5,6956.5,10.75,2.8130841121495327,10.75,2.8130841121495327,15.5,-0.5,4.05607476635514,-0.1308411214953271,1,1
ES,xApvaV01StateLog_ES.csv,551,2026-04-14 07:30:00,Unresolved,Unresolved->Unresolved->Unresolved->Unresolved,Pure Unresolved Compression Equilibrium,Exact,1.0,2.046439344663802,0.4444444444444444,0.4,0.4,0.0,0.0668888888888889,0.0555555555555555,0.538888888888889,0.5166666666666666,CompressionPressure,0.538888888888889,6969.75,6972.0,6968.0,6971.75,Up,1,6969.75,4.0,6.267857142857143,5,6978.75,7.0,1.1168091168091168,7.0,1.1168091168091168,7.0,-4.0,1.1168091168091168,-0.6381766381766382,1,1
ES,xApvaV01StateLog_ES.csv,552,2026-04-14 07:35:00,Unresolved,Unresolved->Unresolved->Unresolved->Unresolved,Pure Unresolved Compression Equilibrium,Exact,1.0,1.6854752972215634,0.3333333333333333,0.5,0.3,0.0,0.0837083333333333,0.0416666666666666,0.6083333333333334,0.475,CompressionPressure,0.6083333333333334,6971.5,6972.0,6969.75,6970.5,Up,1,6971.75,2.25,6.339285714285714,5,6977.0,6.5,1.0253521126760563,6.5,1.0253521126760563,8.5,-2.75,1.3408450704225352,-0.4338028169014084,1,1
ES,xApvaV01StateLog_ES.csv,553,2026-04-14 07:40:00,Unresolved,Unresolved->Unresolved->Unresolved->Unresolved,Pure Unresolved Compression Equilibrium,Exact,1.0,1.2954618442339936,0.2222222222222222,0.6,0.2,0.0,0.1238439803286126,0.0277777777777777,0.6968114125131533,0.3667156117595194,CompressionPressure,0.6968114125131533,6970.5,6975.75,6969.5,6970.0,Down,-1,6970.5,6.25,6.696428571428571,5,6974.5,4.5,0.672,-4.5,-0.672,2.25,-9.0,0.336,-1.344,0,1
ES,xApvaV01StateLog_ES.csv,554,2026-04-14 07:45:00,Unresolved,Unresolved->Unresolved->Unresolved->Unresolved,Pure Unresolved Compression Equilibrium,Exact,1.0,0.8812908992278072,0.1111111111111111,0.7,0.1,0.0,0.1723733877500932,0.0138888888888888,0.7921415410204843,0.2344490508727494,CompressionPressure,0.7921415410204843,6970.0,6971.75,6967.75,6970.5,Down,-1,6970.0,4.0,5.571428571428571,5,6972.0,1.5,0.2692307692307692,-1.5,-0.2692307692307692,0.25,-8.5,0.0448717948717948,-1.5256410256410258,0,1
ES,xApvaV01StateLog_ES.csv,555,2026-04-14 07:50:00,Unresolved,Unresolved->Unresolved->Unresolved->Unresolved,Pure Unresolved Compression Equilibrium,Exact,1.0,0.7219280948844771,0.1111111111111111,0.8,0.0,0.0,0.1892412691242961,0.0138888888888888,0.8437683829586091,0.199588437422646,CompressionPressure,0.8437683829586091,6970.75,6977.0,6970.25,6975.25,Up,1,6970.5,6.75,5.375,5,6971.75,-3.5,-0.6511627906976745,-3.5,-0.6511627906976745,3.75,-4.5,0.6976744186046512,-0.8372093023255814,0,1
ES,xApvaV01StateLog_ES.csv,556,2026-04-14 07:55:00,Unresolved,Unresolved->Unresolved->Unresolved->Unresolved,Pure Unresolved Compression Equilibrium,Exact,1.0,0.4689955935863958,0.1111111111111111,0.9,0.0,0.0,0.2202730804215971,0.0138888888888888,0.9012433309564056,0.1442594527636907,CompressionPressure,0.9012433309564056,6975.25,6978.75,6972.5,6978.75,Up,1,6975.25,6.25,5.089285714285714,5,6977.75,-1.0,-0.1964912280701754,-1.0,-0.1964912280701754,0.25,-8.0,0.0491228070175438,-1.5719298245614035,0,1
ES,xApvaV01StateLog_ES.csv,557,2026-04-14 08:00:00,Unresolved,Unresolved->Unresolved->Unresolved->Unresolved,Pure Unresolved Compression Equilibrium,Exact,1.0,-1.4428232973175177e-12,0.0,1.0,0.0,0.0,0.2799999999999999,0.0,1.0,0.0,CompressionPressure,1.0,6978.75,6979.0,6976.5,6977.0,Up,1,6978.75,2.5,4.928571428571429,5,6981.25,4.25,0.8623188405797101,4.25,0.8623188405797101,5.5,-6.25,1.115942028985507,-1.2681159420289854,1,1
ES,xApvaV01StateLog_ES.csv,558,2026-04-14 08:05:00,Unresolved,Unresolved->Unresolved->Unresolved->Unresolved,Pure Unresolved Compression Equilibrium,Exact,1.0,-1.4428232973175177e-12,0.0,1.0,0.0,0.0,0.2799999999999999,0.0,1.0,0.0,CompressionPressure,1.0,6977.0,6977.75,6974.25,6974.5,Down,-1,6977.0,3.5,4.875,5,6984.75,10.25,2.102564102564102,-10.25,-2.102564102564102,3.75,-12.5,0.7692307692307693,-2.5641025641025643,0,1
ES,xApvaV01StateLog_ES.csv,562,2026-04-14 08:25:00,Unresolved,Directional->Unresolved->Unresolved->Unresolved,Stable Compression Basin,Soft,0.4142135623730951,1.2954618442339936,0.2222222222222222,0.6,0.4,0.0,0.1378439803286126,0.0277777777777777,0.6968114125131533,0.3667156117595194,CompressionPressure,0.6968114125131533,6978.0,6982.5,6976.75,6981.25,Up,1,6977.75,5.75,4.625,5,6991.25,10.0,2.1621621621621623,10.0,2.1621621621621623,12.25,0.0,2.6486486486486487,0.0,1,1
ES,xApvaV01StateLog_ES.csv,566,2026-04-14 08:45:00,Unresolved,Directional->Directional->Unresolved->Unresolved,Stable Compression Basin,Exact,1.0,1.3709505944503406,0.4444444444444444,0.6,0.8,0.0,0.135758817334618,0.0555555555555555,0.636537810069076,0.4665621092026786,CompressionPressure,0.636537810069076,6989.0,6993.5,6987.0,6990.25,Up,1,6989.0,6.5,4.928571428571429,5,6992.75,2.5,0.5072463768115941,2.5,0.5072463768115941,5.0,-0.5,1.0144927536231882,-0.1014492753623188,1,1
ES,xApvaV01StateLog_ES.csv,567,2026-04-14 08:50:00,Unresolved,Directional->Unresolved->Unresolved->Unresolved,Stable Compression Basin,Soft,0.4142135623730951,1.2954618442339936,0.4444444444444444,0.6,0.9,0.0,0.1485384247730571,0.0555555555555555,0.6412558569575977,0.4500489450928527,CompressionPressure,0.6412558569575977,6990.5,6992.75,6990.25,6991.25,Up,1,6990.25,2.5,4.660714285714286,5,6992.0,0.75,0.160919540229885,0.75,0.160919540229885,4.0,-1.5,0.8582375478927203,-0.3218390804597701,1,1
ES,xApvaV01StateLog_ES.csv,568,2026-04-14 08:55:00,Unresolved,Unresolved->Unresolved->Unresolved->Unresolved,Pure Unresolved Compression Equilibrium,Exact,1.0,1.2954618442339936,0.4444444444444444,0.6,0.9,0.0,0.1485384247730571,0.0555555555555555,0.6412558569575977,0.4500489450928527,CompressionPressure,0.6412558569575977,6991.5,6995.25,6991.25,6994.0,Up,1,6991.25,4.0,4.660714285714286,5,6995.0,1.0,0.21455938697318,1.0,0.21455938697318,1.0,-4.25,0.21455938697318,-0.9118773946360154,1,1
ES,xApvaV01StateLog_ES.csv,569,2026-04-14 09:00:00,Unresolved,Unresolved->Unresolved->Unresolved->Unresolved,Pure Unresolved Compression Equilibrium,Exact,1.0,1.4854752972230063,0.4444444444444444,0.5,0.8,0.0,0.1153238531119191,0.0555555555555555,0.5877133494791177,0.4916143879341992,CompressionPressure,0.5877133494791177,6994.25,6994.5,6990.0,6990.5,Up,1,6994.0,4.5,4.5,5,6996.75,6.25,1.3888888888888888,6.25,1.3888888888888888,7.0,-0.75,1.5555555555555556,-0.1666666666666666,1,1
ES,xApvaV01StateLog_ES.csv,570,2026-04-14 09:05:00,Unresolved,Unresolved->Unresolved->Unresolved->Unresolved,Pure Unresolved Compression Equilibrium,Exact,1.0,1.5709505944503404,0.4444444444444444,0.4,0.7,0.0,0.0901129840012847,0.0555555555555555,0.5407044767357427,0.5103121092026786,CompressionPressure,0.5407044767357427,6990.75,6993.75,6989.75,6992.75,Up,1,6990.5,4.0,4.339285714285714,5,6998.25,5.5,1.2674897119341564,5.5,1.2674897119341564,6.5,-2.0,1.4979423868312758,-0.4609053497942387,1,1
ES,xApvaV01StateLog_ES.csv,571,2026-04-14 09:10:00,Unresolved,Unresolved->Unresolved->Unresolved->Unresolved,Pure Unresolved Compression Equilibrium,Exact,1.0,1.5709505944503404,0.3333333333333333,0.4,0.6,0.0,0.0952657617790624,0.0416666666666666,0.5684822545135204,0.4686454425360119,CompressionPressure,0.5684822545135204,6993.0,6993.5,6991.0,6992.75,Up,1,6992.75,2.5,4.339285714285714,5,6995.25,2.5,0.5761316872427983,2.5,0.5761316872427983,6.75,-2.0,1.5555555555555556,-0.4609053497942387,1,1
ES,xApvaV01StateLog_ES.csv,572,2026-04-14 09:15:00,Unresolved,Unresolved->Unresolved->Unresolved->Unresolved,Pure Unresolved Compression Equilibrium,Exact,1.0,1.4854752972230063,0.2222222222222222,0.5,0.5,0.0,0.1186294086674746,0.0277777777777777,0.6432689050346733,0.4082810546008659,CompressionPressure,0.6432689050346733,6992.75,6993.75,6990.75,6992.0,Down,-1,6992.75,3.0,4.303571428571429,5,6996.0,4.0,0.929460580912863,-4.0,-0.929460580912863,0.5,-7.5,0.1161825726141078,-1.742738589211618,0,1
ES,xApvaV01StateLog_ES.csv,573,2026-04-14 09:20:00,Unresolved,Unresolved->Unresolved->Unresolved->Unresolved,Pure Unresolved Compression Equilibrium,Exact,1.0,1.3709505944503406,0.2222222222222222,0.6,0.4,0.0,0.1320643728901736,0.0277777777777777,0.6920933656246315,0.3832287758693453,CompressionPressure,0.6920933656246315,6992.0,6995.0,6991.5,6995.0,Down,-1,6992.0,3.5,4.25,5,6997.0,2.0,0.4705882352941176,-2.0,-0.4705882352941176,1.25,-4.5,0.2941176470588235,-1.0588235294117647,0,1
ES,xApvaV01StateLog_ES.csv,574,2026-04-14 09:25:00,Unresolved,Unresolved->Unresolved->Unresolved->Unresolved,Pure Unresolved Compression Equilibrium,Exact,1.0,1.1567796494427114,0.2222222222222222,0.7,0.3,0.0,0.1531285025339868,0.0277777777777777,0.747145716354275,0.3363788816489264,CompressionPressure,0.747145716354275,6995.0,6997.5,6994.0,6996.75,Up,1,6995.0,3.5,4.321428571428571,5,6998.0,1.25,0.2892561983471075,1.25,0.2892561983471075,2.75,-3.0,0.6363636363636364,-0.6942148760330579,1,1
ES,xApvaV01StateLog_ES.csv,578,2026-04-14 09:45:00,Unresolved,Directional->Unresolved->Unresolved->Unresolved,Stable Compression Basin,Soft,0.4142135623730951,1.2954618442339936,0.2222222222222222,0.6,0.4,0.0,0.1378439803286126,0.0277777777777777,0.6968114125131533,0.3667156117595194,CompressionPressure,0.6968114125131533,6995.75,6997.25,6994.75,6997.0,Up,1,6996.0,2.5,3.5892857142857144,5,6993.25,-3.75,-1.044776119402985,-3.75,-1.044776119402985,1.25,-7.0,0.3482587064676616,-1.9502487562189053,0,1
ES,xApvaV01StateLog_ES.csv,579,2026-04-14 09:50:00,Unresolved,Unresolved->Unresolved->Unresolved->Unresolved,Pure Unresolved Compression Equilibrium,Exact,1.0,1.2954618442339936,0.3333333333333333,0.6,0.4,0.0,0.1256912025508348,0.0416666666666666,0.6690336347353755,0.4083822784261861,CompressionPressure,0.6690336347353755,6996.75,6998.25,6995.75,6998.0,Up,1,6997.0,2.5,3.5357142857142856,5,6994.25,-3.75,-1.0606060606060606,-3.75,-1.0606060606060606,0.25,-8.0,0.0707070707070707,-2.2626262626262625,0,1
ES,xApvaV01StateLog_ES.csv,580,2026-04-14 09:55:00,Unresolved,Unresolved->Unresolved->Unresolved->Unresolved,Pure Unresolved Compression Equilibrium,Exact,1.0,1.2954618442339936,0.3333333333333333,0.6,0.4,0.0,0.1256912025508348,0.0416666666666666,0.6690336347353755,0.4083822784261861,CompressionPressure,0.6690336347353755,6998.0,6998.25,6992.75,6993.0,Up,1,6998.0,5.5,3.4642857142857144,5,6999.0,6.0,1.7319587628865978,6.0,1.7319587628865978,6.0,-3.0,1.7319587628865978,-0.8659793814432989,1,1
ES,xApvaV01StateLog_ES.csv,581,2026-04-14 10:00:00,Unresolved,Unresolved->Unresolved->Unresolved->Unresolved,Pure Unresolved Compression Equilibrium,Exact,1.0,1.2954618442339936,0.3333333333333333,0.6,0.4,0.0,0.1256912025508348,0.0416666666666666,0.6690336347353755,0.4083822784261861,CompressionPressure,0.6690336347353755,6993.25,6993.5,6990.0,6991.25,Down,-1,6993.0,3.5,3.5357142857142856,5,7001.25,10.0,2.8282828282828283,-10.0,-2.8282828282828283,0.0,-11.25,0.0,-3.181818181818182,0,1
ES,xApvaV01StateLog_ES.csv,582,2026-04-14 10:05:00,Unresolved,Unresolved->Unresolved->Unresolved->Unresolved,Pure Unresolved Compression Equilibrium,Exact,1.0,1.2954618442339936,0.3333333333333333,0.6,0.4,0.0,0.1256912025508348,0.0416666666666666,0.6690336347353755,0.4083822784261861,CompressionPressure,0.6690336347353755,6991.5,6994.75,6991.25,6993.5,Down,-1,6991.25,3.5,3.5,5,6999.5,6.0,1.7142857142857142,-6.0,-1.7142857142857142,1.0,-9.0,0.2857142857142857,-2.571428571428572,0,1
ES,xApvaV01StateLog_ES.csv,583,2026-04-14 10:10:00,Unresolved,Unresolved->Unresolved->Unresolved->Unresolved,Pure Unresolved Compression Equilibrium,Exact,1.0,1.2954618442339936,0.3333333333333333,0.6,0.4,0.0,0.1256912025508348,0.0416666666666666,0.6690336347353755,0.4083822784261861,CompressionPressure,0.6690336347353755,6993.5,6995.75,6992.5,6993.25,Down,-1,6993.5,3.25,3.4107142857142856,5,7002.25,9.0,2.6387434554973823,-9.0,-2.6387434554973823,0.25,-10.0,0.0732984293193717,-2.931937172774869,0,1
ES,xApvaV01StateLog_ES.csv,584,2026-04-14 10:15:00,Unresolved,Unresolved->Unresolved->Unresolved->Unresolved,Pure Unresolved Compression Equilibrium,Exact,1.0,1.2954618442339936,0.2222222222222222,0.6,0.4,0.0,0.1378439803286126,0.0277777777777777,0.6968114125131533,0.3667156117595194,CompressionPressure,0.6968114125131533,6993.5,6995.0,6993.0,6994.25,Down,-1,6993.25,2.0,3.267857142857143,5,7001.5,7.25,2.218579234972678,-7.25,-2.218579234972678,0.25,-9.0,0.0765027322404371,-2.7540983606557377,0,1
ES,xApvaV01StateLog_ES.csv,585,2026-04-14 10:20:00,Unresolved,Unresolved->Unresolved->Unresolved->Unresolved,Pure Unresolved Compression Equilibrium,Exact,1.0,1.1567796494427114,0.2222222222222222,0.7,0.3,0.0,0.1531285025339868,0.0277777777777777,0.747145716354275,0.3363788816489264,CompressionPressure,0.747145716354275,6994.5,6999.0,6994.0,6999.0,Up,1,6994.25,5.0,3.446428571428572,5,7002.25,3.25,0.9430051813471502,3.25,0.9430051813471502,4.25,-0.5,1.233160621761658,-0.1450777202072538,1,1
ES,xApvaV01StateLog_ES.csv,586,2026-04-14 10:25:00,Unresolved,Unresolved->Unresolved->Unresolved->Unresolved,Pure Unresolved Compression Equilibrium,Exact,1.0,0.9219280948830342,0.2222222222222222,0.8,0.2,0.0,0.1757759913466288,0.0277777777777777,0.8034906051809215,0.285005104088997,CompressionPressure,0.8034906051809215,6998.75,7002.5,6998.5,7001.25,Up,1,6999.0,4.0,3.517857142857143,5,7001.75,0.5,0.1421319796954314,0.5,0.1421319796954314,2.0,-2.75,0.5685279187817259,-0.7817258883248731,1,1
ES,xApvaV01StateLog_ES.csv,587,2026-04-14 10:30:00,Unresolved,Unresolved->Unresolved->Unresolved->Unresolved,Pure Unresolved Compression Equilibrium,Exact,1.0,0.4689955935863958,0.1111111111111111,0.9,0.1,0.0,0.2272730804215971,0.0138888888888888,0.9012433309564056,0.1442594527636907,CompressionPressure,0.9012433309564056,7001.25,7001.25,6998.5,6999.5,Up,1,7001.25,2.75,3.4642857142857144,5,6999.0,-0.5,-0.1443298969072164,-0.5,-0.1443298969072164,3.75,-1.5,1.0824742268041236,-0.4329896907216494,0,1
ES,xApvaV01StateLog_ES.csv,588,2026-04-14 10:35:00,Unresolved,Unresolved->Unresolved->Unresolved->Unresolved,Pure Unresolved Compression Equilibrium,Exact,1.0,-1.4428232973175177e-12,0.0,1.0,0.0,0.0,0.2799999999999999,0.0,1.0,0.0,CompressionPressure,1.0,6999.5,7003.25,6999.25,7002.25,Up,1,6999.5,4.0,3.5,5,6999.5,-2.75,-0.7857142857142857,-2.75,-0.7857142857142857,0.75,-4.25,0.2142857142857142,-1.2142857142857142,0,1
ES,xApvaV01StateLog_ES.csv,589,2026-04-14 10:40:00,Unresolved,Unresolved->Unresolved->Unresolved->Unresolved,Pure Unresolved Compression Equilibrium,Exact,1.0,-1.4428232973175177e-12,0.0,1.0,0.0,0.0,0.2799999999999999,0.0,1.0,0.0,CompressionPressure,1.0,7002.0,7003.0,7000.25,7001.5,Up,1,7002.25,2.75,3.5,5,7000.5,-1.0,-0.2857142857142857,-1.0,-0.2857142857142857,1.25,-3.5,0.3571428571428571,-1.0,0,1
ES,xApvaV01StateLog_ES.csv,590,2026-04-14 10:45:00,Unresolved,Unresolved->Unresolved->Unresolved->Unresolved,Pure Unresolved Compression Equilibrium,Exact,1.0,-1.4428232973175177e-12,0.0,1.0,0.0,0.0,0.2799999999999999,0.0,1.0,0.0,CompressionPressure,1.0,7001.25,7002.75,7000.5,7002.25,Up,1,7001.5,2.25,3.321428571428572,5,7000.5,-1.75,-0.5268817204301075,-1.75,-0.5268817204301075,0.25,-4.25,0.075268817204301,-1.2795698924731185,0,1
ES,xApvaV01StateLog_ES.csv,591,2026-04-14 10:50:00,Unresolved,Unresolved->Unresolved->Unresolved->Unresolved,Pure Unresolved Compression Equilibrium,Exact,1.0,-1.4428232973175177e-12,0.0,1.0,0.0,0.0,0.2799999999999999,0.0,1.0,0.0,CompressionPressure,1.0,7002.25,7002.5,7001.0,7001.75,Up,1,7002.25,1.5,3.2142857142857144,5,6997.25,-4.5,-1.4,-4.5,-1.4,0.75,-4.75,0.2333333333333333,-1.4777777777777776,0,1
ES,xApvaV01StateLog_ES.csv,592,2026-04-14 10:55:00,Unresolved,Unresolved->Unresolved->Unresolved->Unresolved,Pure Unresolved Compression Equilibrium,Exact,1.0,-1.4428232973175177e-12,0.0,1.0,0.0,0.0,0.2799999999999999,0.0,1.0,0.0,CompressionPressure,1.0,7001.75,7002.5,6998.0,6999.0,Down,-1,7001.75,4.5,3.357142857142857,5,6991.75,-7.25,-2.1595744680851063,7.25,2.1595744680851063,9.75,-2.5,2.904255319148936,-0.7446808510638298,1,1
ES,xApvaV01StateLog_ES.csv,593,2026-04-14 11:00:00,Unresolved,Unresolved->Unresolved->Unresolved->Unresolved,Pure Unresolved Compression Equilibrium,Exact,1.0,-1.4428232973175177e-12,0.0,1.0,0.0,0.0,0.2799999999999999,0.0,1.0,0.0,CompressionPressure,1.0,6999.0,6999.75,6998.0,6999.5,Down,-1,6999.0,1.75,3.3035714285714284,5,6985.25,-14.25,-4.313513513513514,14.25,4.313513513513514,15.5,-2.0,4.691891891891892,-0.6054054054054054,1,1
ES,xApvaV01StateLog_ES.csv,594,2026-04-14 11:05:00,Unresolved,Unresolved->Unresolved->Unresolved->Unresolved,Pure Unresolved Compression Equilibrium,Exact,1.0,-1.4428232973175177e-12,0.0,1.0,0.0,0.0,0.2799999999999999,0.0,1.0,0.0,CompressionPressure,1.0,6999.5,7001.5,6999.25,7000.5,Up,1,6999.5,2.25,3.071428571428572,5,6988.25,-12.25,-3.9883720930232553,-12.25,-3.9883720930232553,0.25,-17.25,0.0813953488372093,-5.616279069767441,0,1
ES,xApvaV01StateLog_ES.csv,595,2026-04-14 11:10:00,Unresolved,Unresolved->Unresolved->Unresolved->Unresolved,Pure Unresolved Compression Equilibrium,Exact,1.0,-1.4428232973175177e-12,0.0,1.0,0.0,0.0,0.2799999999999999,0.0,1.0,0.0,CompressionPressure,1.0,7000.5,7000.75,6998.75,7000.5,Up,1,7000.5,2.0,2.9642857142857144,5,6988.5,-12.0,-4.048192771084337,-12.0,-4.048192771084337,0.0,-17.25,0.0,-5.819277108433735,0,1
ES,xApvaV01StateLog_ES.csv,596,2026-04-14 11:15:00,Unresolved,Unresolved->Unresolved->Unresolved->Unresolved,Pure Unresolved Compression Equilibrium,Exact,1.0,-1.4428232973175177e-12,0.0,1.0,0.0,0.0,0.2799999999999999,0.0,1.0,0.0,CompressionPressure,1.0,7000.5,7000.5,6997.0,6997.25,Up,1,7000.5,3.5,2.9642857142857144,5,6992.0,-5.25,-1.7710843373493974,-5.25,-1.7710843373493974,0.75,-14.0,0.253012048192771,-4.72289156626506,0,1
ES,xApvaV01StateLog_ES.csv,597,2026-04-14 11:20:00,Unresolved,Unresolved->Unresolved->Unresolved->Unresolved,Pure Unresolved Compression Equilibrium,Exact,1.0,-1.4428232973175177e-12,0.0,1.0,0.0,0.0,0.2799999999999999,0.0,1.0,0.0,CompressionPressure,1.0,6997.5,6998.0,6989.25,6991.75,Down,-1,6997.25,8.75,3.357142857142857,5,6987.75,-4.0,-1.1914893617021276,4.0,1.1914893617021276,8.5,-2.25,2.5319148936170213,-0.6702127659574468,1,1
ES,xApvaV01StateLog_ES.csv,598,2026-04-14 11:25:00,Unresolved,Unresolved->Unresolved->Unresolved->Unresolved,Pure Unresolved Compression Equilibrium,Exact,1.0,-1.4428232973175177e-12,0.0,1.0,0.0,0.0,0.2799999999999999,0.0,1.0,0.0,CompressionPressure,1.0,6991.75,6993.5,6984.0,6985.25,Down,-1,6991.75,9.5,3.892857142857143,5,6985.75,0.5,0.128440366972477,-0.5,-0.128440366972477,2.0,-8.75,0.5137614678899083,-2.2477064220183487,0,1
ES,xApvaV01StateLog_ES.csv,599,2026-04-14 11:30:00,Unresolved,Unresolved->Unresolved->Unresolved->Unresolved,Pure Unresolved Compression Equilibrium,Exact,1.0,-1.4428232973175177e-12,0.0,1.0,0.0,0.0,0.2799999999999999,0.0,1.0,0.0,CompressionPressure,1.0,6985.25,6990.75,6983.25,6988.25,Down,-1,6985.25,7.5,4.071428571428571,5,6988.0,-0.25,-0.0614035087719298,0.25,0.0614035087719298,3.25,-5.75,0.7982456140350878,-1.412280701754386,1,1
ES,xApvaV01StateLog_ES.csv,600,2026-04-14 11:35:00,Unresolved,Unresolved->Unresolved->Unresolved->Unresolved,Pure Unresolved Compression Equilibrium,Exact,1.0,-1.4428232973175177e-12,0.0,1.0,0.0,0.0,0.2799999999999999,0.0,1.0,0.0,CompressionPressure,1.0,6988.0,6990.25,6987.25,6988.5,Up,1,6988.25,3.0,4.0,5,6989.75,1.25,0.3125,1.25,0.3125,5.5,-3.5,1.375,-0.875,1,1
ES,xApvaV01StateLog_ES.csv,601,2026-04-14 11:40:00,Unresolved,Unresolved->Unresolved->Unresolved->Unresolved,Pure Unresolved Compression Equilibrium,Exact,1.0,-1.4428232973175177e-12,0.0,1.0,0.0,0.0,0.2799999999999999,0.0,1.0,0.0,CompressionPressure,1.0,6988.75,6992.5,6988.75,6992.0,Up,1,6988.5,4.0,4.089285714285714,5,6994.0,2.0,0.4890829694323144,2.0,0.4890829694323144,2.5,-7.0,0.611353711790393,-1.7117903930131004,1,1
ES,xApvaV01StateLog_ES.csv,602,2026-04-14 11:45:00,Unresolved,Unresolved->Unresolved->Unresolved->Unresolved,Pure Unresolved Compression Equilibrium,Exact,1.0,-1.4428232973175177e-12,0.0,1.0,0.0,0.0,0.2799999999999999,0.0,1.0,0.0,CompressionPressure,1.0,6991.75,6994.0,6987.0,6987.75,Up,1,6992.0,7.0,4.303571428571429,5,6995.75,8.0,1.858921161825726,8.0,1.858921161825726,9.0,-2.75,2.0912863070539416,-0.6390041493775933,1,1
ES,xApvaV01StateLog_ES.csv,603,2026-04-14 11:50:00,Unresolved,Unresolved->Unresolved->Unresolved->Unresolved,Pure Unresolved Compression Equilibrium,Exact,1.0,-1.4428232973175177e-12,0.0,1.0,0.0,0.0,0.2799999999999999,0.0,1.0,0.0,CompressionPressure,1.0,6987.75,6990.0,6985.0,6985.75,Down,-1,6987.75,5.0,4.464285714285714,5,6997.0,11.25,2.52,-11.25,-2.52,0.5,-14.0,0.112,-3.136,0,1
ES,xApvaV01StateLog_ES.csv,604,2026-04-14 11:55:00,Unresolved,Unresolved->Unresolved->Unresolved->Unresolved,Pure Unresolved Compression Equilibrium,Exact,1.0,-1.4428232973175177e-12,0.0,1.0,0.0,0.0,0.2799999999999999,0.0,1.0,0.0,CompressionPressure,1.0,6986.0,6989.5,6985.25,6988.0,Down,-1,6985.75,4.25,4.607142857142857,5,6998.5,10.5,2.2790697674418605,-10.5,-2.2790697674418605,0.5,-12.5,0.1085271317829457,-2.713178294573644,0,1
ES,xApvaV01StateLog_ES.csv,605,2026-04-14 12:00:00,Unresolved,Unresolved->Unresolved->Unresolved->Unresolved,Pure Unresolved Compression Equilibrium,Exact,1.0,-1.4428232973175177e-12,0.0,1.0,0.0,0.0,0.2799999999999999,0.0,1.0,0.0,CompressionPressure,1.0,6988.0,6990.0,6987.5,6989.75,Up,1,6988.0,2.5,4.678571428571429,5,7003.0,13.25,2.83206106870229,13.25,2.83206106870229,13.5,-1.0,2.8854961832061066,-0.2137404580152671,1,1
ES,xApvaV01StateLog_ES.csv,606,2026-04-14 12:05:00,Unresolved,Unresolved->Unresolved->Unresolved->Unresolved,Pure Unresolved Compression Equilibrium,Exact,1.0,-1.4428232973175177e-12,0.0,1.0,0.0,0.0,0.2799999999999999,0.0,1.0,0.0,CompressionPressure,1.0,6989.5,6994.5,6988.75,6994.0,Up,1,6989.75,5.75,4.767857142857143,5,7004.5,10.5,2.202247191011236,10.5,2.202247191011236,11.0,-0.25,2.3071161048689137,-0.0524344569288389,1,1
ES,xApvaV01StateLog_ES.csv,607,2026-04-14 12:10:00,Unresolved,Unresolved->Unresolved->Unresolved->Unresolved,Pure Unresolved Compression Equilibrium,Exact,1.0,-1.4428232973175177e-12,0.0,1.0,0.0,0.0,0.2799999999999999,0.0,1.0,0.0,CompressionPressure,1.0,6993.75,6996.75,6993.75,6995.75,Up,1,6994.0,3.0,4.857142857142857,5,7001.75,6.0,1.2352941176470589,6.0,1.2352941176470589,12.25,-1.0,2.522058823529412,-0.2058823529411765,1,1
ES,xApvaV01StateLog_ES.csv,615,2026-04-14 12:50:00,Unresolved,Directional->Directional->Degrading->Unresolved,Stable Compression Basin,Exact,1.0,1.5709505944488975,0.3333333333333333,0.6,0.8,0.0,0.1325990951125062,0.0416666666666666,0.6518155878469439,0.4686454425356963,CompressionPressure,0.6518155878469439,7002.75,7004.0,7000.25,7002.5,Down,-1,7002.75,3.75,4.732142857142857,5,7003.25,0.75,0.1584905660377358,-0.75,-0.1584905660377358,5.5,-4.75,1.1622641509433964,-1.0037735849056604,0,1
ES,xApvaV01StateLog_ES.csv,616,2026-04-14 12:55:00,Balance,Directional->Degrading->Unresolved->Balance,Stable Compression Basin,Soft,0.3660254037844386,1.5709505944488975,0.3333333333333333,0.6,0.9,0.0,0.1395990951125062,0.0416666666666666,0.6518155878469439,0.4686454425356963,CompressionPressure,0.6518155878469439,7002.5,7006.0,6997.0,6997.5,Down,-1,7002.5,9.0,4.875,5,7004.5,7.0,1.435897435897436,-7.0,-1.435897435897436,0.0,-9.75,0.0,-2.0,0,1
ES,xApvaV01StateLog_ES.csv,617,2026-04-14 13:00:00,Unresolved,Degrading->Unresolved->Balance->Unresolved,Stable Compression Basin,Exact,1.0,1.2954618442339936,0.2222222222222222,0.6,0.9,0.0,0.1728439803286126,0.0277777777777777,0.6968114125131533,0.3667156117595194,CompressionPressure,0.6968114125131533,6997.75,7006.5,6997.5,7006.25,Down,-1,6997.5,9.0,5.160714285714286,5,7004.5,-1.75,-0.3391003460207613,1.75,0.3391003460207613,5.75,-1.0,1.1141868512110726,-0.1937716262975778,1,1
ES,xApvaV01StateLog_ES.csv,626,2026-04-14 13:45:00,Unresolved,Unresolved->Balance->Balance->Unresolved,Stable Compression Basin,Exact,1.0,0.7219280948844771,0.2222222222222222,0.8,0.0,0.0,0.1770884913465183,0.0277777777777777,0.8159906051808313,0.2412551040893126,CompressionPressure,0.8159906051808313,7004.0,7005.25,7004.0,7005.25,Up,1,7004.25,1.25,4.053571428571429,5,7024.0,18.75,4.625550660792952,18.75,4.625550660792952,19.25,-1.5,4.748898678414097,-0.3700440528634361,1,1
ES,xApvaV01StateLog_ES.csv,628,2026-04-14 13:55:00,Unresolved,Balance->Unresolved->Balance->Unresolved,Stable Compression Basin,Exact,1.0,0.7219280948844771,0.3333333333333333,0.8,0.0,0.0,0.1649357135687405,0.0416666666666666,0.7882128274030535,0.2829217707559793,CompressionPressure,0.7882128274030535,7004.75,7005.25,7004.5,7005.0,Up,1,7005.0,0.75,3.2857142857142856,5,7011.5,6.5,1.9782608695652173,6.5,1.9782608695652173,19.75,-1.25,6.010869565217392,-0.3804347826086957,1,1
ES,xApvaV01StateLog_ES.csv,629,2026-04-14 14:00:00,Unresolved,Unresolved->Balance->Unresolved->Unresolved,Stable Compression Basin,Exact,1.0,0.8812908992278072,0.3333333333333333,0.7,0.0,0.0,0.1410678321945376,0.0416666666666666,0.7365859854649287,0.3177823842060828,CompressionPressure,0.7365859854649287,7004.75,7005.0,7003.75,7004.25,Up,1,7005.0,1.25,3.107142857142857,5,7011.75,7.5,2.413793103448276,7.5,2.413793103448276,20.5,-0.25,6.597701149425287,-0.0804597701149425,1,1
ES,xApvaV01StateLog_ES.csv,630,2026-04-15 06:35:00,Unresolved,Balance->Unresolved->Unresolved->Unresolved,Stable Compression Basin,Exact,1.0,0.9709505944517832,0.3333333333333333,0.6,0.0,0.0,0.1225365951122853,0.0416666666666666,0.6893155878467636,0.3373954425363276,CompressionPressure,0.6893155878467636,7014.25,7020.0,7012.25,7019.0,Up,1,7004.25,15.75,3.5892857142857144,5,7018.0,-1.0,-0.2786069651741293,-1.0,-0.2786069651741293,5.75,-15.0,1.6019900497512438,-4.17910447761194,0,1
ES,xApvaV01StateLog_ES.csv,632,2026-04-15 06:45:00,Unresolved,Unresolved->Unresolved->Balance->Unresolved,Stable Compression Basin,Exact,1.0,0.9999999999971146,0.5555555555555556,0.5,0.0,0.0,0.0843402777779986,0.0694444444444444,0.5902777777779582,0.4270833333327021,CompressionPressure,0.5902777777779582,7024.25,7024.75,7004.0,7005.25,Up,1,7024.0,20.75,4.517857142857143,5,7015.75,10.5,2.324110671936759,10.5,2.324110671936759,13.75,0.0,3.043478260869565,0.0,1,1
ES,xApvaV01StateLog_ES.csv,634,2026-04-15 06:55:00,Unresolved,Balance->Unresolved->Balance->Unresolved,Stable Compression Basin,Exact,1.0,0.9709505944517832,0.7777777777777778,0.6,0.0,0.0,0.0739254840011742,0.0972222222222222,0.5782044767356525,0.5040621092029942,CompressionPressure,0.5782044767356525,7011.5,7013.25,7006.5,7011.75,Up,1,7011.5,6.75,5.267857142857143,5,7020.5,8.75,1.6610169491525422,8.75,1.6610169491525422,13.75,-0.25,2.6101694915254234,-0.047457627118644,1,1
ES,xApvaV01StateLog_ES.csv,642,2026-04-15 07:35:00,Unresolved,Degrading->Degrading->Unresolved->Unresolved,Stable Compression Basin,Exact,1.0,1.5709505944503404,0.4444444444444444,0.4,0.0,0.0,0.0411129840012847,0.0555555555555555,0.5407044767357427,0.5103121092026786,CompressionPressure,0.5407044767357427,7031.0,7032.25,7026.0,7026.75,Up,1,7031.0,6.25,8.089285714285714,5,7029.0,2.25,0.2781456953642384,2.25,0.2781456953642384,6.25,-6.0,0.772626931567329,-0.7417218543046359,1,1
ES,xApvaV01StateLog_ES.csv,643,2026-04-15 07:40:00,Unresolved,Degrading->Unresolved->Unresolved->Unresolved,Stable Compression Basin,Exact,1.0,1.5219280948830345,0.3333333333333333,0.4,0.0,0.0,0.0570190469021843,0.0416666666666666,0.571546160736477,0.4579217707556637,CompressionPressure,0.571546160736477,7026.75,7029.25,7020.75,7022.0,Down,-1,7026.75,8.5,8.607142857142858,5,7031.0,9.0,1.0456431535269708,-9.0,-1.0456431535269708,0.0,-11.0,0.0,-1.2780082987551866,0,1
ES,xApvaV01StateLog_ES.csv,644,2026-04-15 07:45:00,Unresolved,Unresolved->Unresolved->Unresolved->Unresolved,Pure Unresolved Compression Equilibrium,Exact,1.0,1.8464393446652445,0.3333333333333333,0.4,0.0,0.0,0.0510416666666666,0.0416666666666666,0.5666666666666667,0.475,CompressionPressure,0.5666666666666667,7022.0,7029.75,7022.0,7029.0,Down,-1,7022.0,7.75,8.035714285714286,5,7028.5,-0.5,-0.0622222222222222,0.5,0.0622222222222222,3.0,-4.0,0.3733333333333333,-0.4977777777777777,1,1
ES,xApvaV01StateLog_ES.csv,645,2026-04-15 07:50:00,Unresolved,Unresolved->Unresolved->Unresolved->Unresolved,Pure Unresolved Compression Equilibrium,Exact,1.0,1.8464393446652445,0.3333333333333333,0.4,0.0,0.0,0.0510416666666666,0.0416666666666666,0.5666666666666667,0.475,CompressionPressure,0.5666666666666667,7029.25,7032.0,7027.75,7031.75,Up,1,7029.0,4.25,7.767857142857143,5,7034.75,3.0,0.3862068965517241,3.0,0.3862068965517241,3.25,-5.75,0.4183908045977011,-0.7402298850574712,1,1
ES,xApvaV01StateLog_ES.csv,646,2026-04-15 07:55:00,Unresolved,Unresolved->Unresolved->Unresolved->Unresolved,Pure Unresolved Compression Equilibrium,Exact,1.0,1.5709505944503404,0.2222222222222222,0.4,0.0,0.0,0.0654185395568402,0.0277777777777777,0.5962600322912982,0.4269787758693452,CompressionPressure,0.5962600322912982,7032.0,7033.0,7028.25,7028.75,Up,1,7031.75,4.75,6.625,5,7035.75,7.0,1.0566037735849056,7.0,1.0566037735849056,8.0,-2.75,1.2075471698113207,-0.4150943396226415,1,1
ES,xApvaV01StateLog_ES.csv,648,2026-04-15 08:05:00,Unresolved,Unresolved->Unresolved->Balance->Unresolved,Stable Compression Basin,Exact,1.0,1.8464393446652445,0.4444444444444444,0.4,0.0,0.0,0.0388888888888888,0.0555555555555555,0.538888888888889,0.5166666666666666,CompressionPressure,0.538888888888889,7029.25,7031.5,7027.25,7031.0,Up,1,7029.0,4.25,6.071428571428571,5,7035.75,4.75,0.7823529411764706,4.75,0.7823529411764706,6.5,-5.0,1.0705882352941176,-0.823529411764706,1,1
ES,xApvaV01StateLog_ES.csv,649,2026-04-15 08:10:00,Unresolved,Unresolved->Balance->Unresolved->Unresolved,Stable Compression Basin,Exact,1.0,1.6854752972215634,0.4444444444444444,0.5,0.0,0.0,0.0505555555555555,0.0555555555555555,0.5805555555555556,0.5166666666666666,CompressionPressure,0.5805555555555556,7031.0,7032.0,7026.0,7028.5,Up,1,7031.0,6.0,6.0,5,7031.0,2.5,0.4166666666666667,2.5,0.4166666666666667,9.0,-0.5,1.5,-0.0833333333333333,1,1
ES,xApvaV01StateLog_ES.csv,661,2026-04-15 09:10:00,Unresolved,Unresolved->Degrading->Unresolved->Unresolved,Stable Compression Basin,Exact,1.0,1.1567796494427114,0.5555555555555556,0.7,0.3,0.0,0.1166701692006535,0.0694444444444444,0.6638123830209416,0.4613788816489264,CompressionPressure,0.6638123830209416,7032.75,7036.75,7031.25,7036.25,Up,1,7032.75,5.5,4.232142857142857,5,7034.75,-1.5,-0.3544303797468355,-1.5,-0.3544303797468355,4.0,-3.0,0.9451476793248946,-0.708860759493671,0,1
ES,xApvaV01StateLog_ES.csv,662,2026-04-15 09:15:00,Unresolved,Degrading->Unresolved->Unresolved->Unresolved,Stable Compression Basin,Exact,1.0,0.9219280948830342,0.4444444444444444,0.8,0.2,0.0,0.1514704357910732,0.0555555555555555,0.7479350496253659,0.3683384374223303,CompressionPressure,0.7479350496253659,7036.0,7036.5,7034.25,7035.5,Up,1,7036.25,2.25,4.089285714285714,5,7033.75,-1.75,-0.4279475982532751,-1.75,-0.4279475982532751,4.75,-2.25,1.1615720524017468,-0.5502183406113537,0,1
ES,xApvaV01StateLog_ES.csv,663,2026-04-15 09:20:00,Unresolved,Unresolved->Unresolved->Unresolved->Unresolved,Pure Unresolved Compression Equilibrium,Exact,1.0,1.3567796494412687,0.5555555555555556,0.7,0.1,0.0,0.0873576692007639,0.0694444444444444,0.6513123830210318,0.5051288816486108,CompressionPressure,0.6513123830210318,7035.75,7038.0,7034.25,7037.75,Up,1,7035.5,3.75,3.928571428571429,5,7026.0,-11.75,-2.990909090909091,-11.75,-2.990909090909091,2.5,-12.0,0.6363636363636364,-3.0545454545454547,0,1
ES,xApvaV01StateLog_ES.csv,664,2026-04-15 09:25:00,Unresolved,Unresolved->Unresolved->Unresolved->Unresolved,Pure Unresolved Compression Equilibrium,Exact,1.0,1.5709505944488975,0.4444444444444444,0.6,0.0,0.0,0.0644463173347285,0.0555555555555555,0.6240378100691661,0.510312109202363,CompressionPressure,0.6240378100691661,7038.0,7040.25,7038.0,7039.75,Up,1,7037.75,2.5,3.607142857142857,5,7029.0,-10.75,-2.98019801980198,-10.75,-2.98019801980198,0.0,-18.0,0.0,-4.99009900990099,0,1
ES,xApvaV01StateLog_ES.csv,665,2026-04-15 09:30:00,Unresolved,Unresolved->Unresolved->Unresolved->Unresolved,Pure Unresolved Compression Equilibrium,Exact,1.0,1.2954618442339936,0.3333333333333333,0.6,0.0,0.0,0.0976912025508348,0.0416666666666666,0.6690336347353755,0.4083822784261861,CompressionPressure,0.6690336347353755,7039.75,7039.75,7035.5,7035.75,Up,1,7039.75,4.25,3.678571428571429,5,7024.0,-11.75,-3.1941747572815538,-11.75,-3.1941747572815538,1.5,-14.0,0.4077669902912622,-3.805825242718447,0,1
ES,xApvaV01StateLog_ES.csv,666,2026-04-15 09:35:00,Unresolved,Unresolved->Unresolved->Unresolved->Unresolved,Pure Unresolved Compression Equilibrium,Exact,1.0,1.360964047439353,0.3333333333333333,0.5,0.0,0.0,0.0810095234512578,0.0416666666666666,0.6232730803683738,0.4227108853773584,CompressionPressure,0.6232730803683738,7035.75,7036.75,7033.25,7034.75,Down,-1,7035.75,3.5,3.696428571428572,5,7027.25,-7.5,-2.0289855072463765,7.5,2.0289855072463765,15.5,-2.5,4.193236714975845,-0.6763285024154589,1,1
ES,xApvaV01StateLog_ES.csv,667,2026-04-15 09:40:00,Unresolved,Unresolved->Unresolved->Unresolved->Unresolved,Pure Unresolved Compression Equilibrium,Exact,1.0,1.360964047439353,0.3333333333333333,0.5,0.0,0.0,0.0810095234512578,0.0416666666666666,0.6232730803683738,0.4227108853773584,CompressionPressure,0.6232730803683738,7034.75,7037.25,7033.5,7033.75,Down,-1,7034.75,3.75,3.75,5,7032.5,-1.25,-0.3333333333333333,1.25,0.3333333333333333,14.5,0.0,3.8666666666666663,0.0,1,1
ES,xApvaV01StateLog_ES.csv,668,2026-04-15 09:45:00,Unresolved,Unresolved->Unresolved->Unresolved->Unresolved,Pure Unresolved Compression Equilibrium,Exact,1.0,1.2954618442339936,0.2222222222222222,0.6,0.0,0.0,0.1098439803286126,0.0277777777777777,0.6968114125131533,0.3667156117595194,CompressionPressure,0.6968114125131533,7033.75,7033.75,7025.75,7026.0,Down,-1,7033.75,8.0,3.9107142857142856,5,7034.25,8.25,2.1095890410958904,-8.25,-2.1095890410958904,6.75,-10.25,1.726027397260274,-2.6210045662100456,0,1
ES,xApvaV01StateLog_ES.csv,669,2026-04-15 09:50:00,Unresolved,Unresolved->Unresolved->Unresolved->Unresolved,Pure Unresolved Compression Equilibrium,Exact,1.0,0.8812908992278072,0.1111111111111111,0.7,0.0,0.0,0.1653733877500932,0.0138888888888888,0.7921415410204843,0.2344490508727494,CompressionPressure,0.7921415410204843,7026.0,7029.25,7021.75,7029.0,Down,-1,7026.0,7.5,4.214285714285714,5,7033.75,4.75,1.1271186440677965,-4.75,-1.1271186440677965,9.75,-7.25,2.3135593220338984,-1.720338983050847,0,1
ES,xApvaV01StateLog_ES.csv,670,2026-04-15 09:55:00,Unresolved,Unresolved->Unresolved->Unresolved->Unresolved,Pure Unresolved Compression Equilibrium,Exact,1.0,0.7219280948844771,0.1111111111111111,0.8,0.0,0.0,0.1892412691242961,0.0138888888888888,0.8437683829586091,0.199588437422646,CompressionPressure,0.8437683829586091,7029.0,7030.0,7022.0,7024.0,Down,-1,7029.0,8.0,4.446428571428571,5,7034.75,10.75,2.417670682730924,-10.75,-2.417670682730924,4.75,-12.75,1.068273092369478,-2.8674698795180724,0,1
ES,xApvaV01StateLog_ES.csv,671,2026-04-15 10:00:00,Unresolved,Unresolved->Unresolved->Unresolved->Unresolved,Pure Unresolved Compression Equilibrium,Exact,1.0,0.4689955935863958,0.1111111111111111,0.9,0.0,0.0,0.2202730804215971,0.0138888888888888,0.9012433309564056,0.1442594527636907,CompressionPressure,0.9012433309564056,7024.0,7028.5,7019.25,7027.25,Down,-1,7024.0,9.25,4.928571428571429,5,7035.0,7.75,1.572463768115942,-7.75,-1.572463768115942,0.75,-9.5,0.1521739130434782,-1.9275362318840576,0,1
ES,xApvaV01StateLog_ES.csv,672,2026-04-15 10:05:00,Unresolved,Unresolved->Unresolved->Unresolved->Unresolved,Pure Unresolved Compression Equilibrium,Exact,1.0,-1.4428232973175177e-12,0.0,1.0,0.0,0.0,0.2799999999999999,0.0,1.0,0.0,CompressionPressure,1.0,7027.25,7033.0,7026.5,7032.5,Up,1,7027.25,6.5,5.142857142857143,5,7036.0,3.5,0.6805555555555555,3.5,0.6805555555555555,5.75,-0.5,1.1180555555555556,-0.0972222222222222,1,1
ES,xApvaV01StateLog_ES.csv,673,2026-04-15 10:10:00,Unresolved,Unresolved->Unresolved->Unresolved->Unresolved,Pure Unresolved Compression Equilibrium,Exact,1.0,-1.4428232973175177e-12,0.0,1.0,0.0,0.0,0.2799999999999999,0.0,1.0,0.0,CompressionPressure,1.0,7032.5,7036.25,7032.0,7034.25,Up,1,7032.5,4.25,5.196428571428571,5,7039.75,5.5,1.0584192439862543,5.5,1.0584192439862543,6.25,-2.0,1.202749140893471,-0.3848797250859107,1,1
ES,xApvaV01StateLog_ES.csv,674,2026-04-15 10:15:00,Unresolved,Unresolved->Unresolved->Unresolved->Unresolved,Pure Unresolved Compression Equilibrium,Exact,1.0,-1.4428232973175177e-12,0.0,1.0,0.0,0.0,0.2799999999999999,0.0,1.0,0.0,CompressionPressure,1.0,7034.25,7035.0,7032.25,7033.75,Up,1,7034.25,2.75,5.125,5,7038.5,4.75,0.926829268292683,4.75,0.926829268292683,8.5,-1.0,1.6585365853658536,-0.1951219512195122,1,1
ES,xApvaV01StateLog_ES.csv,675,2026-04-15 10:20:00,Unresolved,Unresolved->Unresolved->Unresolved->Unresolved,Pure Unresolved Compression Equilibrium,Exact,1.0,-1.4428232973175177e-12,0.0,1.0,0.0,0.0,0.2799999999999999,0.0,1.0,0.0,CompressionPressure,1.0,7033.75,7036.75,7033.5,7034.75,Up,1,7033.75,3.25,4.964285714285714,5,7036.75,2.0,0.4028776978417266,2.0,0.4028776978417266,7.5,-2.0,1.5107913669064748,-0.4028776978417266,1,1
ES,xApvaV01StateLog_ES.csv,676,2026-04-15 10:25:00,Unresolved,Unresolved->Unresolved->Unresolved->Unresolved,Pure Unresolved Compression Equilibrium,Exact,1.0,-1.4428232973175177e-12,0.0,1.0,0.0,0.0,0.2799999999999999,0.0,1.0,0.0,CompressionPressure,1.0,7035.0,7035.75,7032.75,7035.0,Up,1,7034.75,3.0,5.017857142857143,5,7037.5,2.5,0.4982206405693949,2.5,0.4982206405693949,7.25,-0.5,1.4448398576512451,-0.099644128113879,1,1
ES,xApvaV01StateLog_ES.csv,677,2026-04-15 10:30:00,Unresolved,Unresolved->Unresolved->Unresolved->Unresolved,Pure Unresolved Compression Equilibrium,Exact,1.0,-1.4428232973175177e-12,0.0,1.0,0.0,0.0,0.2799999999999999,0.0,1.0,0.0,CompressionPressure,1.0,7035.25,7038.25,7034.5,7036.0,Up,1,7035.0,3.75,5.017857142857143,5,7039.25,3.25,0.6476868327402134,3.25,0.6476868327402134,6.25,-1.0,1.2455516014234875,-0.199288256227758,1,1
ES,xApvaV01StateLog_ES.csv,678,2026-04-15 10:35:00,Unresolved,Unresolved->Unresolved->Unresolved->Unresolved,Pure Unresolved Compression Equilibrium,Exact,1.0,-1.4428232973175177e-12,0.0,1.0,0.0,0.0,0.2799999999999999,0.0,1.0,0.0,CompressionPressure,1.0,7036.25,7040.5,7035.75,7039.75,Up,1,7036.0,4.75,5.178571428571429,5,7037.0,-2.75,-0.5310344827586206,-2.75,-0.5310344827586206,2.5,-4.75,0.4827586206896551,-0.9172413793103448,0,1
ES,xApvaV01StateLog_ES.csv,679,2026-04-15 10:40:00,Unresolved,Unresolved->Unresolved->Unresolved->Unresolved,Pure Unresolved Compression Equilibrium,Exact,1.0,-1.4428232973175177e-12,0.0,1.0,0.0,0.0,0.2799999999999999,0.0,1.0,0.0,CompressionPressure,1.0,7039.75,7042.25,7038.25,7038.5,Up,1,7039.75,4.0,5.160714285714286,5,7042.25,3.75,0.726643598615917,3.75,0.726643598615917,10.0,-4.75,1.9377162629757787,-0.9204152249134948,1,1
ES,xApvaV01StateLog_ES.csv,680,2026-04-15 10:45:00,Unresolved,Unresolved->Unresolved->Unresolved->Unresolved,Pure Unresolved Compression Equilibrium,Exact,1.0,-1.4428232973175177e-12,0.0,1.0,0.0,0.0,0.2799999999999999,0.0,1.0,0.0,CompressionPressure,1.0,7038.75,7038.75,7035.0,7036.75,Down,-1,7038.5,3.75,5.178571428571429,5,7043.0,6.25,1.206896551724138,-6.25,-1.206896551724138,3.0,-11.75,0.5793103448275861,-2.268965517241379,0,1
ES,xApvaV01StateLog_ES.csv,681,2026-04-15 10:50:00,Unresolved,Unresolved->Unresolved->Unresolved->Unresolved,Pure Unresolved Compression Equilibrium,Exact,1.0,-1.4428232973175177e-12,0.0,1.0,0.0,0.0,0.2799999999999999,0.0,1.0,0.0,CompressionPressure,1.0,7036.75,7039.25,7036.5,7037.5,Down,-1,7036.75,2.75,5.107142857142857,5,7045.0,7.5,1.4685314685314683,-7.5,-1.4685314685314683,3.75,-11.0,0.7342657342657343,-2.153846153846154,0,1
ES,xApvaV01StateLog_ES.csv,682,2026-04-15 10:55:00,Unresolved,Unresolved->Unresolved->Unresolved->Unresolved,Pure Unresolved Compression Equilibrium,Exact,1.0,-1.4428232973175177e-12,0.0,1.0,0.0,0.0,0.2799999999999999,0.0,1.0,0.0,CompressionPressure,1.0,7037.75,7040.75,7037.5,7039.25,Up,1,7037.5,3.25,4.767857142857143,5,7045.5,6.25,1.3108614232209737,6.25,1.3108614232209737,9.5,-5.5,1.99250936329588,-1.1535580524344569,1,1
ES,xApvaV01StateLog_ES.csv,683,2026-04-15 11:00:00,Unresolved,Unresolved->Unresolved->Unresolved->Unresolved,Pure Unresolved Compression Equilibrium,Exact,1.0,-1.4428232973175177e-12,0.0,1.0,0.0,0.0,0.2799999999999999,0.0,1.0,0.0,CompressionPressure,1.0,7039.5,7040.5,7036.75,7037.0,Up,1,7039.25,3.75,4.5,5,7046.75,9.75,2.1666666666666665,9.75,2.1666666666666665,11.75,-3.25,2.611111111111111,-0.7222222222222222,1,1
ES,xApvaV01StateLog_ES.csv,684,2026-04-15 11:05:00,Unresolved,Unresolved->Unresolved->Unresolved->Unresolved,Pure Unresolved Compression Equilibrium,Exact,1.0,-1.4428232973175177e-12,0.0,1.0,0.0,0.0,0.2799999999999999,0.0,1.0,0.0,CompressionPressure,1.0,7036.75,7048.5,7033.75,7042.25,Up,1,7037.0,14.75,4.982142857142857,5,7047.0,4.75,0.9534050179211472,4.75,0.9534050179211472,6.5,-1.5,1.3046594982078854,-0.3010752688172043,1,1
ES,xApvaV01StateLog_ES.csv,685,2026-04-15 11:10:00,Unresolved,Unresolved->Unresolved->Unresolved->Unresolved,Pure Unresolved Compression Equilibrium,Exact,1.0,-1.4428232973175177e-12,0.0,1.0,0.0,0.0,0.2799999999999999,0.0,1.0,0.0,CompressionPressure,1.0,7042.0,7044.25,7041.75,7043.0,Up,1,7042.25,2.5,4.5,5,7052.5,9.5,2.111111111111111,9.5,2.111111111111111,9.75,-2.25,2.1666666666666665,-0.5,1,1
ES,xApvaV01StateLog_ES.csv,693,2026-04-15 11:50:00,Unresolved,Degrading->Degrading->Degrading->Unresolved,Stable Compression Basin,Exact,1.0,1.7609640474379105,0.3333333333333333,0.5,0.5,0.0,0.0977083333333333,0.0416666666666666,0.6083333333333334,0.475,CompressionPressure,0.6083333333333334,7051.0,7054.75,7051.0,7054.75,Down,-1,7051.0,3.75,4.625,5,7056.5,1.75,0.3783783783783784,-1.75,-0.3783783783783784,0.25,-6.75,0.054054054054054,-1.4594594594594594,0,1
ES,xApvaV01StateLog_ES.csv,694,2026-04-15 11:55:00,Unresolved,Degrading->Degrading->Unresolved->Unresolved,Stable Compression Basin,Exact,1.0,1.7609640474379105,0.3333333333333333,0.5,0.5,0.0,0.0977083333333333,0.0416666666666666,0.6083333333333334,0.475,CompressionPressure,0.6083333333333334,7054.75,7057.75,7054.5,7057.25,Up,1,7054.75,3.25,4.589285714285714,5,7058.0,0.75,0.1634241245136186,0.75,0.1634241245136186,4.25,-1.75,0.9260700389105058,-0.3813229571984435,1,1
ES,xApvaV01StateLog_ES.csv,695,2026-04-15 12:00:00,Unresolved,Degrading->Unresolved->Unresolved->Unresolved,Stable Compression Basin,Exact,1.0,1.4854752972230063,0.2222222222222222,0.5,0.5,0.0,0.1186294086674746,0.0277777777777777,0.6432689050346733,0.4082810546008659,CompressionPressure,0.6432689050346733,7057.0,7060.5,7056.25,7058.25,Up,1,7057.25,4.25,4.696428571428571,5,7059.75,1.5,0.3193916349809886,1.5,0.3193916349809886,3.25,-2.75,0.6920152091254753,-0.5855513307984791,1,1
ES,xApvaV01StateLog_ES.csv,696,2026-04-15 12:05:00,Unresolved,Unresolved->Unresolved->Unresolved->Unresolved,Pure Unresolved Compression Equilibrium,Exact,1.0,1.6854752972215634,0.3333333333333333,0.5,0.4,0.0,0.0907083333333333,0.0416666666666666,0.6083333333333334,0.475,CompressionPressure,0.6083333333333334,7058.5,7059.5,7055.75,7059.5,Up,1,7058.25,3.75,4.732142857142857,5,7061.75,2.25,0.4754716981132076,2.25,0.4754716981132076,2.75,-4.0,0.5811320754716982,-0.8452830188679246,1,1
ES,xApvaV01StateLog_ES.csv,697,2026-04-15 12:10:00,Unresolved,Unresolved->Unresolved->Unresolved->Unresolved,Pure Unresolved Compression Equilibrium,Exact,1.0,1.4854752972230063,0.2222222222222222,0.5,0.3,0.0,0.1046294086674746,0.0277777777777777,0.6432689050346733,0.4082810546008659,CompressionPressure,0.6432689050346733,7059.5,7061.25,7059.25,7060.25,Up,1,7059.5,2.0,4.607142857142857,5,7061.75,1.5,0.3255813953488372,1.5,0.3255813953488372,2.0,-4.75,0.434108527131783,-1.0310077519379846,1,1
ES,xApvaV01StateLog_ES.csv,698,2026-04-15 12:15:00,Unresolved,Unresolved->Unresolved->Unresolved->Unresolved,Pure Unresolved Compression Equilibrium,Exact,1.0,1.5709505944503404,0.2222222222222222,0.4,0.2,0.0,0.0794185395568402,0.0277777777777777,0.5962600322912982,0.4269787758693452,CompressionPressure,0.5962600322912982,7060.5,7061.5,7056.0,7056.5,Up,1,7060.25,5.5,3.946428571428572,5,7057.0,0.5,0.1266968325791855,0.5,0.1266968325791855,6.75,-1.0,1.7104072398190044,-0.253393665158371,1,1
ES,xApvaV01StateLog_ES.csv,699,2026-04-15 12:20:00,Unresolved,Unresolved->Unresolved->Unresolved->Unresolved,Pure Unresolved Compression Equilibrium,Exact,1.0,1.5709505944503404,0.2222222222222222,0.4,0.1,0.0,0.0724185395568402,0.0277777777777777,0.5962600322912982,0.4269787758693452,CompressionPressure,0.5962600322912982,7056.5,7058.25,7055.5,7058.0,Up,1,7056.5,2.75,3.9642857142857135,5,7056.75,-1.25,-0.3153153153153153,-1.25,-0.3153153153153153,5.25,-3.75,1.3243243243243243,-0.945945945945946,0,1
ES,xApvaV01StateLog_ES.csv,703,2026-04-15 12:40:00,Unresolved,Directional->Unresolved->Unresolved->Unresolved,Stable Compression Basin,Soft,0.4142135623730951,1.5709505944503404,0.3333333333333333,0.4,0.4,0.0,0.0812657617790625,0.0416666666666666,0.5684822545135204,0.4686454425360119,CompressionPressure,0.5684822545135204,7061.5,7063.25,7056.75,7057.0,Up,1,7061.75,6.5,3.982142857142857,5,7056.0,-1.0,-0.2511210762331838,-1.0,-0.2511210762331838,7.5,-2.75,1.8834080717488788,-0.6905829596412556,0,1
ES,xApvaV01StateLog_ES.csv,704,2026-04-15 12:45:00,Unresolved,Unresolved->Unresolved->Unresolved->Unresolved,Pure Unresolved Compression Equilibrium,Exact,1.0,1.4854752972230063,0.4444444444444444,0.5,0.4,0.0,0.0873238531119191,0.0555555555555555,0.5877133494791177,0.4916143879341992,CompressionPressure,0.5877133494791177,7057.0,7059.0,7054.25,7056.75,Down,-1,7057.0,4.75,3.892857142857143,5,7055.75,-1.0,-0.2568807339449541,1.0,0.2568807339449541,2.5,-7.75,0.6422018348623854,-1.9908256880733943,1,1
ES,xApvaV01StateLog_ES.csv,705,2026-04-15 12:50:00,Unresolved,Unresolved->Unresolved->Unresolved->Unresolved,Pure Unresolved Compression Equilibrium,Exact,1.0,1.2954618442339936,0.3333333333333333,0.6,0.4,0.0,0.1256912025508348,0.0416666666666666,0.6690336347353755,0.4083822784261861,CompressionPressure,0.6690336347353755,7056.75,7060.25,7055.25,7057.0,Down,-1,7056.75,5.0,3.9642857142857135,5,7056.0,-1.0,-0.2522522522522522,1.0,0.2522522522522522,2.75,-7.5,0.6936936936936937,-1.891891891891892,1,1
ES,xApvaV01StateLog_ES.csv,706,2026-04-15 12:55:00,Unresolved,Unresolved->Unresolved->Unresolved->Unresolved,Pure Unresolved Compression Equilibrium,Exact,1.0,1.2954618442339936,0.3333333333333333,0.6,0.4,0.0,0.1256912025508348,0.0416666666666666,0.6690336347353755,0.4083822784261861,CompressionPressure,0.6690336347353755,7057.0,7063.0,7056.75,7060.5,Up,1,7057.0,6.25,4.107142857142857,5,7057.25,-3.25,-0.791304347826087,-3.25,-0.791304347826087,4.0,-6.25,0.9739130434782608,-1.5217391304347827,0,1
ES,xApvaV01StateLog_ES.csv,707,2026-04-15 13:00:00,Unresolved,Unresolved->Unresolved->Unresolved->Unresolved,Pure Unresolved Compression Equilibrium,Exact,1.0,1.2954618442339936,0.3333333333333333,0.6,0.4,0.0,0.1256912025508348,0.0416666666666666,0.6690336347353755,0.4083822784261861,CompressionPressure,0.6690336347353755,7060.25,7064.5,7058.5,7060.0,Up,1,7060.5,6.0,4.267857142857143,5,7058.0,-2.0,-0.4686192468619246,-2.0,-0.4686192468619246,2.5,-5.75,0.5857740585774058,-1.347280334728033,0,1
ES,xApvaV01StateLog_ES.csv,708,2026-04-15 13:05:00,Unresolved,Unresolved->Unresolved->Unresolved->Unresolved,Pure Unresolved Compression Equilibrium,Exact,1.0,1.2954618442339936,0.3333333333333333,0.6,0.4,0.0,0.1256912025508348,0.0416666666666666,0.6690336347353755,0.4083822784261861,CompressionPressure,0.6690336347353755,7060.0,7062.5,7055.5,7056.0,Down,-1,7060.0,7.0,4.535714285714286,5,7057.25,1.25,0.2755905511811024,-1.25,-0.2755905511811024,1.75,-2.75,0.3858267716535433,-0.6062992125984252,0,1
ES,xApvaV01StateLog_ES.csv,709,2026-04-15 13:10:00,Unresolved,Unresolved->Unresolved->Unresolved->Unresolved,Pure Unresolved Compression Equilibrium,Exact,1.0,1.2954618442339936,0.2222222222222222,0.6,0.4,0.0,0.1378439803286126,0.0277777777777777,0.6968114125131533,0.3667156117595194,CompressionPressure,0.6968114125131533,7056.25,7056.75,7054.25,7055.75,Down,-1,7056.0,2.5,4.410714285714286,5,7058.25,2.5,0.5668016194331984,-2.5,-0.5668016194331984,1.0,-3.0,0.2267206477732793,-0.680161943319838,0,1
ES,xApvaV01StateLog_ES.csv,710,2026-04-15 13:15:00,Unresolved,Unresolved->Unresolved->Unresolved->Unresolved,Pure Unresolved Compression Equilibrium,Exact,1.0,1.1567796494427114,0.2222222222222222,0.7,0.3,0.0,0.1531285025339868,0.0277777777777777,0.747145716354275,0.3363788816489264,CompressionPressure,0.747145716354275,7056.0,7056.75,7054.75,7056.0,Down,-1,7055.75,2.0,4.285714285714286,5,7058.5,2.5,0.5833333333333334,-2.5,-0.5833333333333334,0.25,-4.0,0.0583333333333333,-0.9333333333333332,0,1
ES,xApvaV01StateLog_ES.csv,711,2026-04-15 13:20:00,Unresolved,Unresolved->Unresolved->Unresolved->Unresolved,Pure Unresolved Compression Equilibrium,Exact,1.0,0.9219280948830342,0.2222222222222222,0.8,0.2,0.0,0.1757759913466288,0.0277777777777777,0.8034906051809215,0.285005104088997,CompressionPressure,0.8034906051809215,7055.75,7058.25,7055.75,7057.25,Down,-1,7056.0,2.5,4.321428571428571,5,7058.5,1.25,0.2892561983471075,-1.25,-0.2892561983471075,0.75,-2.75,0.1735537190082644,-0.6363636363636364,0,1
ES,xApvaV01StateLog_ES.csv,712,2026-04-15 13:25:00,Unresolved,Unresolved->Unresolved->Unresolved->Unresolved,Pure Unresolved Compression Equilibrium,Exact,1.0,0.4689955935863958,0.1111111111111111,0.9,0.1,0.0,0.2272730804215971,0.0138888888888888,0.9012433309564056,0.1442594527636907,CompressionPressure,0.9012433309564056,7057.25,7058.75,7056.5,7058.0,Up,1,7057.25,2.25,4.089285714285714,5,7057.0,-1.0,-0.2445414847161572,-1.0,-0.2445414847161572,2.0,-1.5,0.4890829694323144,-0.3668122270742358,0,1
ES,xApvaV01StateLog_ES.csv,713,2026-04-15 13:30:00,Unresolved,Unresolved->Unresolved->Unresolved->Unresolved,Pure Unresolved Compression Equilibrium,Exact,1.0,-1.4428232973175177e-12,0.0,1.0,0.0,0.0,0.2799999999999999,0.0,1.0,0.0,CompressionPressure,1.0,7058.0,7058.25,7056.5,7057.25,Up,1,7058.0,1.75,4.017857142857143,5,7058.0,0.75,0.1866666666666666,0.75,0.1866666666666666,2.75,-0.75,0.6844444444444444,-0.1866666666666666,1,1
ES,xApvaV01StateLog_ES.csv,714,2026-04-15 13:35:00,Unresolved,Unresolved->Unresolved->Unresolved->Unresolved,Pure Unresolved Compression Equilibrium,Exact,1.0,-1.4428232973175177e-12,0.0,1.0,0.0,0.0,0.2799999999999999,0.0,1.0,0.0,CompressionPressure,1.0,7057.0,7058.5,7057.0,7058.25,Up,1,7057.25,1.5,3.875,5,7058.25,0.0,0.0,0.0,0.0,1.75,-1.75,0.4516129032258064,-0.4516129032258064,0,1
ES,xApvaV01StateLog_ES.csv,715,2026-04-15 13:40:00,Unresolved,Unresolved->Unresolved->Unresolved->Unresolved,Pure Unresolved Compression Equilibrium,Exact,1.0,-1.4428232973175177e-12,0.0,1.0,0.0,0.0,0.2799999999999999,0.0,1.0,0.0,CompressionPressure,1.0,7058.25,7060.0,7057.5,7058.5,Up,1,7058.25,2.5,3.803571428571429,5,7071.5,13.0,3.4178403755868545,13.0,3.4178403755868545,15.5,-2.0,4.075117370892019,-0.5258215962441315,1,1
ES,xApvaV01StateLog_ES.csv,716,2026-04-15 13:45:00,Unresolved,Unresolved->Unresolved->Unresolved->Unresolved,Pure Unresolved Compression Equilibrium,Exact,1.0,-1.4428232973175177e-12,0.0,1.0,0.0,0.0,0.2799999999999999,0.0,1.0,0.0,CompressionPressure,1.0,7058.25,7059.25,7057.75,7058.5,Up,1,7058.5,1.5,3.7142857142857135,5,7067.25,8.75,2.355769230769231,8.75,2.355769230769231,15.5,-2.0,4.173076923076923,-0.5384615384615384,1,1
ES,xApvaV01StateLog_ES.csv,717,2026-04-15 13:50:00,Unresolved,Unresolved->Unresolved->Unresolved->Unresolved,Pure Unresolved Compression Equilibrium,Exact,1.0,-1.4428232973175177e-12,0.0,1.0,0.0,0.0,0.2799999999999999,0.0,1.0,0.0,CompressionPressure,1.0,7058.5,7058.75,7056.75,7057.0,Up,1,7058.5,2.0,3.392857142857143,5,7069.25,12.25,3.610526315789474,12.25,3.610526315789474,17.0,-0.5,5.010526315789474,-0.1473684210526316,1,1
ES,xApvaV01StateLog_ES.csv,718,2026-04-15 13:55:00,Unresolved,Unresolved->Unresolved->Unresolved->Unresolved,Pure Unresolved Compression Equilibrium,Exact,1.0,-1.4428232973175177e-12,0.0,1.0,0.0,0.0,0.2799999999999999,0.0,1.0,0.0,CompressionPressure,1.0,7057.25,7058.25,7056.5,7058.0,Up,1,7057.0,1.75,3.1785714285714284,5,7067.5,9.5,2.9887640449438204,9.5,2.9887640449438204,16.0,-0.5,5.033707865168539,-0.1573033707865168,1,1
ES,xApvaV01StateLog_ES.csv,719,2026-04-15 14:00:00,Unresolved,Unresolved->Unresolved->Unresolved->Unresolved,Pure Unresolved Compression Equilibrium,Exact,1.0,-1.4428232973175177e-12,0.0,1.0,0.0,0.0,0.2799999999999999,0.0,1.0,0.0,CompressionPressure,1.0,7058.0,7059.75,7057.5,7058.25,Up,1,7058.0,2.25,2.982142857142857,5,7049.0,-9.25,-3.1017964071856285,-9.25,-3.1017964071856285,15.75,-9.75,5.281437125748503,-3.269461077844311,0,1
ES,xApvaV01StateLog_ES.csv,720,2026-04-16 06:35:00,Unresolved,Unresolved->Unresolved->Unresolved->Unresolved,Pure Unresolved Compression Equilibrium,Exact,1.0,-1.4428232973175177e-12,0.0,1.0,0.0,0.0,0.2799999999999999,0.0,1.0,0.0,CompressionPressure,1.0,7071.75,7074.0,7066.25,7071.5,Up,1,7058.25,15.75,3.6607142857142856,5,7056.25,-15.25,-4.1658536585365855,-15.25,-4.1658536585365855,1.0,-25.0,0.2731707317073171,-6.829268292682927,0,1
ES,xApvaV01StateLog_ES.csv,721,2026-04-16 06:40:00,Unresolved,Unresolved->Unresolved->Unresolved->Unresolved,Pure Unresolved Compression Equilibrium,Exact,1.0,-1.4428232973175177e-12,0.0,1.0,0.0,0.0,0.2799999999999999,0.0,1.0,0.0,CompressionPressure,1.0,7071.75,7072.5,7066.25,7067.25,Down,-1,7071.5,6.25,3.678571428571429,5,7054.5,-12.75,-3.4660194174757284,12.75,3.4660194174757284,20.75,-3.75,5.640776699029127,-1.019417475728155,1,1
ES,xApvaV01StateLog_ES.csv,722,2026-04-16 06:45:00,Unresolved,Unresolved->Unresolved->Unresolved->Unresolved,Pure Unresolved Compression Equilibrium,Exact,1.0,-1.4428232973175177e-12,0.0,1.0,0.0,0.0,0.2799999999999999,0.0,1.0,0.0,CompressionPressure,1.0,7067.5,7071.0,7062.0,7069.25,Down,-1,7067.25,9.0,3.821428571428572,5,7057.5,-11.75,-3.074766355140187,11.75,3.074766355140187,22.75,-0.75,5.953271028037383,-0.1962616822429906,1,1
ES,xApvaV01StateLog_ES.csv,723,2026-04-16 06:50:00,Unresolved,Unresolved->Unresolved->Unresolved->Unresolved,Pure Unresolved Compression Equilibrium,Exact,1.0,-1.4428232973175177e-12,0.0,1.0,0.0,0.0,0.2799999999999999,0.0,1.0,0.0,CompressionPressure,1.0,7069.25,7070.0,7064.75,7067.5,Down,-1,7069.25,5.25,4.017857142857143,5,7057.5,-10.0,-2.4888888888888885,10.0,2.4888888888888885,21.0,0.0,5.226666666666667,0.0,1,1
ES,xApvaV01StateLog_ES.csv,724,2026-04-16 06:55:00,Unresolved,Unresolved->Unresolved->Unresolved->Unresolved,Pure Unresolved Compression Equilibrium,Exact,1.0,-1.4428232973175177e-12,0.0,1.0,0.0,0.0,0.2799999999999999,0.0,1.0,0.0,CompressionPressure,1.0,7067.5,7067.5,7048.5,7049.0,Down,-1,7067.5,19.0,5.232142857142857,5,7050.5,1.5,0.2866894197952219,-1.5,-0.2866894197952219,2.5,-13.5,0.4778156996587031,-2.580204778156997,0,1
ES,xApvaV01StateLog_ES.csv,725,2026-04-16 07:00:00,Unresolved,Unresolved->Unresolved->Unresolved->Unresolved,Pure Unresolved Compression Equilibrium,Exact,1.0,-1.4428232973175177e-12,0.0,1.0,0.0,0.0,0.2799999999999999,0.0,1.0,0.0,CompressionPressure,1.0,7048.75,7057.5,7046.5,7056.25,Down,-1,7049.0,11.0,5.839285714285714,5,7051.5,-4.75,-0.8134556574923547,4.75,0.8134556574923547,8.5,-6.25,1.45565749235474,-1.0703363914373087,1,1
ES,xApvaV01StateLog_ES.csv,726,2026-04-16 07:05:00,Unresolved,Unresolved->Unresolved->Unresolved->Unresolved,Pure Unresolved Compression Equilibrium,Exact,1.0,-1.4428232973175177e-12,0.0,1.0,0.0,0.0,0.2799999999999999,0.0,1.0,0.0,CompressionPressure,1.0,7056.0,7056.5,7048.0,7054.5,Down,-1,7056.25,8.5,6.285714285714286,5,7052.5,-2.0,-0.3181818181818182,2.0,0.3181818181818182,6.75,-8.0,1.0738636363636365,-1.2727272727272727,1,1
ES,xApvaV01StateLog_ES.csv,727,2026-04-16 07:10:00,Unresolved,Unresolved->Unresolved->Unresolved->Unresolved,Pure Unresolved Compression Equilibrium,Exact,1.0,-1.4428232973175177e-12,0.0,1.0,0.0,0.0,0.2799999999999999,0.0,1.0,0.0,CompressionPressure,1.0,7054.5,7060.25,7052.5,7057.5,Down,-1,7054.5,7.75,6.714285714285714,5,7054.25,-3.25,-0.4840425531914893,3.25,0.4840425531914893,9.75,-5.0,1.452127659574468,-0.7446808510638298,1,1
ES,xApvaV01StateLog_ES.csv,728,2026-04-16 07:15:00,Unresolved,Unresolved->Unresolved->Unresolved->Unresolved,Pure Unresolved Compression Equilibrium,Exact,1.0,-1.4428232973175177e-12,0.0,1.0,0.0,0.0,0.2799999999999999,0.0,1.0,0.0,CompressionPressure,1.0,7057.5,7062.5,7056.5,7057.5,Down,-1,7057.5,6.0,7.035714285714286,5,7051.5,-6.0,-0.8527918781725888,6.0,0.8527918781725888,9.75,-2.0,1.385786802030457,-0.2842639593908629,1,1
ES,xApvaV01StateLog_ES.csv,731,2026-04-16 07:30:00,Unresolved,Unresolved->Directional->Degrading->Unresolved,Stable Compression Basin,Exact,1.0,1.3567796494412687,0.3333333333333333,0.7,0.3,1.0,0.2872302280144446,0.0416666666666666,0.7068679385765874,0.4217955483152775,CompressionPressure,0.7068679385765874,7051.25,7054.75,7049.25,7052.5,Up,1,7051.5,5.5,8.089285714285714,5,7061.75,9.25,1.1434878587196469,9.25,1.1434878587196469,10.5,-2.75,1.2980132450331128,-0.3399558498896247,1,1
ES,xApvaV01StateLog_ES.csv,732,2026-04-16 07:35:00,Unresolved,Directional->Degrading->Unresolved->Unresolved,Stable Compression Basin,Exact,1.0,1.5709505944488975,0.3333333333333333,0.6,0.4,0.0,0.1045990951125062,0.0416666666666666,0.6518155878469439,0.4686454425356963,CompressionPressure,0.6518155878469439,7052.5,7055.75,7050.25,7054.25,Up,1,7052.5,5.5,8.357142857142858,5,7060.5,6.25,0.7478632478632479,6.25,0.7478632478632479,8.75,-4.5,1.0470085470085468,-0.5384615384615384,1,1
ES,xApvaV01StateLog_ES.csv,733,2026-04-16 07:40:00,Unresolved,Degrading->Unresolved->Unresolved->Unresolved,Stable Compression Basin,Exact,1.0,1.6854752972215634,0.3333333333333333,0.5,0.4,0.0,0.0907083333333333,0.0416666666666666,0.6083333333333334,0.475,CompressionPressure,0.6083333333333334,7054.0,7055.5,7051.0,7051.5,Up,1,7054.25,4.5,8.517857142857142,5,7066.5,15.0,1.7610062893081762,15.0,1.7610062893081762,16.25,-1.75,1.907756813417191,-0.2054507337526205,1,1
ES,xApvaV01StateLog_ES.csv,734,2026-04-16 07:45:00,Unresolved,Unresolved->Unresolved->Unresolved->Unresolved,Pure Unresolved Compression Equilibrium,Exact,1.0,1.6854752972215634,0.4444444444444444,0.5,0.4,0.0,0.0785555555555555,0.0555555555555555,0.5805555555555556,0.5166666666666666,CompressionPressure,0.5805555555555556,7051.75,7056.25,7049.75,7055.75,Up,1,7051.5,6.5,7.857142857142857,5,7071.25,15.5,1.9727272727272729,15.5,1.9727272727272729,17.0,-1.0,2.163636363636364,-0.1272727272727273,1,1
ES,xApvaV01StateLog_ES.csv,746,2026-04-16 08:45:00,Unresolved,Degrading->Degrading->Degrading->Unresolved,Stable Compression Basin,Exact,1.0,1.1567796494427114,0.3333333333333333,0.7,0.7,0.0,0.168975724756209,0.0416666666666666,0.7193679385764972,0.3780455483155931,CompressionPressure,0.7193679385764972,7078.0,7078.25,7071.5,7075.25,Up,1,7078.0,6.75,6.839285714285714,5,7084.5,9.25,1.352480417754569,9.25,1.352480417754569,11.5,-4.0,1.681462140992167,-0.5848563968668408,1,1
ES,xApvaV01StateLog_ES.csv,747,2026-04-16 08:50:00,Unresolved,Degrading->Degrading->Unresolved->Unresolved,Stable Compression Basin,Exact,1.0,1.3709505944503406,0.3333333333333333,0.6,0.6,0.0,0.1339115951123958,0.0416666666666666,0.6643155878468537,0.4248954425360119,CompressionPressure,0.6643155878468537,7075.25,7077.25,7071.25,7073.75,Down,-1,7075.25,6.0,6.946428571428571,5,7085.75,12.0,1.7275064267352185,-12.0,-1.7275064267352185,0.25,-13.0,0.0359897172236503,-1.87146529562982,0,1
ES,xApvaV01StateLog_ES.csv,748,2026-04-16 08:55:00,Unresolved,Degrading->Unresolved->Unresolved->Unresolved,Stable Compression Basin,Exact,1.0,1.4854752972230063,0.2222222222222222,0.5,0.5,0.0,0.1186294086674746,0.0277777777777777,0.6432689050346733,0.4082810546008659,CompressionPressure,0.6432689050346733,7074.0,7079.5,7073.5,7078.5,Down,-1,7073.75,6.0,6.910714285714286,5,7088.75,10.25,1.483204134366925,-10.25,-1.483204134366925,0.25,-10.5,0.0361757105943152,-1.5193798449612403,0,1
ES,xApvaV01StateLog_ES.csv,749,2026-04-16 09:00:00,Unresolved,Unresolved->Unresolved->Unresolved->Unresolved,Pure Unresolved Compression Equilibrium,Exact,1.0,1.6854752972215634,0.3333333333333333,0.5,0.4,0.0,0.0907083333333333,0.0416666666666666,0.6083333333333334,0.475,CompressionPressure,0.6083333333333334,7078.75,7084.5,7078.25,7084.0,Up,1,7078.5,6.25,6.928571428571429,5,7083.0,-1.0,-0.1443298969072164,-1.0,-0.1443298969072164,5.0,-3.75,0.7216494845360825,-0.5412371134020618,0,1
ES,xApvaV01StateLog_ES.csv,750,2026-04-16 09:05:00,Unresolved,Unresolved->Unresolved->Unresolved->Unresolved,Pure Unresolved Compression Equilibrium,Exact,1.0,1.4854752972230063,0.2222222222222222,0.5,0.3,0.0,0.1046294086674746,0.0277777777777777,0.6432689050346733,0.4082810546008659,CompressionPressure,0.6432689050346733,7084.0,7086.75,7083.5,7085.5,Up,1,7084.0,3.25,6.875,5,7081.75,-3.75,-0.5454545454545454,-3.75,-0.5454545454545454,3.5,-5.25,0.509090909090909,-0.7636363636363637,0,1
ES,xApvaV01StateLog_ES.csv,751,2026-04-16 09:10:00,Unresolved,Unresolved->Unresolved->Unresolved->Unresolved,Pure Unresolved Compression Equilibrium,Exact,1.0,1.5709505944503404,0.2222222222222222,0.4,0.2,0.0,0.0794185395568402,0.0277777777777777,0.5962600322912982,0.4269787758693452,CompressionPressure,0.5962600322912982,7085.5,7086.5,7082.25,7084.5,Up,1,7085.5,4.25,6.803571428571429,5,7072.0,-12.5,-1.837270341207349,-12.5,-1.837270341207349,4.5,-21.25,0.6614173228346456,-3.1233595800524934,0,1
ES,xApvaV01StateLog_ES.csv,753,2026-04-16 09:20:00,Unresolved,Unresolved->Unresolved->Balance->Unresolved,Stable Compression Basin,Exact,1.0,1.8464393446652445,0.4444444444444444,0.4,0.0,0.0,0.0388888888888888,0.0555555555555555,0.538888888888889,0.5166666666666666,CompressionPressure,0.538888888888889,7086.0,7089.0,7085.75,7088.75,Up,1,7085.75,3.25,6.107142857142857,5,7075.0,-13.75,-2.2514619883040936,-13.75,-2.2514619883040936,0.0,-25.5,0.0,-4.175438596491229,0,1
ES,xApvaV01StateLog_ES.csv,754,2026-04-16 09:25:00,Unresolved,Unresolved->Balance->Unresolved->Unresolved,Stable Compression Basin,Exact,1.0,1.6854752972215634,0.4444444444444444,0.5,0.0,0.0,0.0505555555555555,0.0555555555555555,0.5805555555555556,0.5166666666666666,CompressionPressure,0.5805555555555556,7088.75,7088.75,7080.25,7083.0,Up,1,7088.75,8.5,6.357142857142857,5,7075.25,-7.75,-1.2191011235955056,-7.75,-1.2191011235955056,1.5,-19.75,0.2359550561797753,-3.106741573033708,0,1
ES,xApvaV01StateLog_ES.csv,755,2026-04-16 09:30:00,Unresolved,Balance->Unresolved->Unresolved->Unresolved,Stable Compression Basin,Exact,1.0,1.2954618442339936,0.3333333333333333,0.6,0.0,0.0,0.0976912025508348,0.0416666666666666,0.6690336347353755,0.4083822784261861,CompressionPressure,0.6690336347353755,7083.0,7084.5,7081.0,7081.75,Down,-1,7083.0,3.5,6.071428571428571,5,7070.5,-11.25,-1.8529411764705883,11.25,1.8529411764705883,18.5,-0.5,3.047058823529412,-0.0823529411764705,1,1
ES,xApvaV01StateLog_ES.csv,756,2026-04-16 09:35:00,Unresolved,Unresolved->Unresolved->Unresolved->Unresolved,Pure Unresolved Compression Equilibrium,Exact,1.0,1.360964047439353,0.4444444444444444,0.5,0.0,0.0,0.0688567456734801,0.0555555555555555,0.595495302590596,0.4643775520440251,CompressionPressure,0.595495302590596,7081.75,7082.25,7063.25,7072.0,Down,-1,7081.75,19.0,7.071428571428571,5,7069.5,-2.5,-0.3535353535353535,2.5,0.3535353535353535,3.0,-7.5,0.4242424242424242,-1.0606060606060606,1,1
ES,xApvaV01StateLog_ES.csv,757,2026-04-16 09:40:00,Unresolved,Unresolved->Unresolved->Unresolved->Unresolved,Pure Unresolved Compression Equilibrium,Exact,1.0,1.360964047439353,0.4444444444444444,0.5,0.0,0.0,0.0688567456734801,0.0555555555555555,0.595495302590596,0.4643775520440251,CompressionPressure,0.595495302590596,7071.75,7077.75,7070.0,7077.75,Down,-1,7072.0,7.75,6.910714285714286,5,7067.25,-10.5,-1.5193798449612403,10.5,1.5193798449612403,11.75,-1.75,1.7002583979328163,-0.2532299741602067,1,1
ES,xApvaV01StateLog_ES.csv,758,2026-04-16 09:45:00,Unresolved,Unresolved->Unresolved->Unresolved->Unresolved,Pure Unresolved Compression Equilibrium,Exact,1.0,1.2954618442339936,0.3333333333333333,0.6,0.0,0.0,0.0976912025508348,0.0416666666666666,0.6690336347353755,0.4083822784261861,CompressionPressure,0.6690336347353755,7077.75,7079.5,7072.0,7075.0,Down,-1,7077.75,7.5,7.035714285714286,5,7067.5,-7.5,-1.065989847715736,7.5,1.065989847715736,12.5,-3.0,1.7766497461928934,-0.4263959390862944,1,1
ES,xApvaV01StateLog_ES.csv,759,2026-04-16 09:50:00,Unresolved,Unresolved->Unresolved->Unresolved->Unresolved,Pure Unresolved Compression Equilibrium,Exact,1.0,1.2954618442339936,0.3333333333333333,0.6,0.0,0.0,0.0976912025508348,0.0416666666666666,0.6690336347353755,0.4083822784261861,CompressionPressure,0.6690336347353755,7075.0,7078.0,7074.0,7075.25,Down,-1,7075.0,4.0,6.339285714285714,5,7062.0,-13.25,-2.0901408450704224,13.25,2.0901408450704224,13.75,-2.0,2.169014084507042,-0.3154929577464788,1,1
ES,xApvaV01StateLog_ES.csv,760,2026-04-16 09:55:00,Unresolved,Unresolved->Unresolved->Unresolved->Unresolved,Pure Unresolved Compression Equilibrium,Exact,1.0,1.2954618442339936,0.3333333333333333,0.6,0.0,0.0,0.0976912025508348,0.0416666666666666,0.6690336347353755,0.4083822784261861,CompressionPressure,0.6690336347353755,7075.25,7077.25,7069.25,7070.5,Down,-1,7075.25,8.0,6.428571428571429,5,7063.0,-7.5,-1.1666666666666663,7.5,1.1666666666666663,11.0,-2.75,1.711111111111111,-0.4277777777777777,1,1
ES,xApvaV01StateLog_ES.csv,765,2026-04-16 10:20:00,Unresolved,Directional->Degrading->Degrading->Unresolved,Stable Compression Basin,Soft,0.5,1.7609640474379105,0.3333333333333333,0.5,0.5,0.0,0.0977083333333333,0.0416666666666666,0.6083333333333334,0.475,CompressionPressure,0.6083333333333334,7062.0,7064.0,7059.5,7063.0,Down,-1,7062.0,4.5,6.482142857142857,5,7075.0,12.0,1.851239669421488,-12.0,-1.851239669421488,1.75,-12.75,0.2699724517906336,-1.966942148760331,0,1
ES,xApvaV01StateLog_ES.csv,766,2026-04-16 10:25:00,Unresolved,Degrading->Degrading->Unresolved->Unresolved,Stable Compression Basin,Exact,1.0,1.921928094881592,0.3333333333333333,0.4,0.5,0.0,0.0860416666666666,0.0416666666666666,0.5666666666666667,0.475,CompressionPressure,0.5666666666666667,7062.75,7069.25,7061.25,7068.75,Up,1,7063.0,8.0,6.857142857142857,5,7076.0,7.25,1.0572916666666667,7.25,1.0572916666666667,7.75,-1.75,1.1302083333333337,-0.2552083333333333,1,1
ES,xApvaV01StateLog_ES.csv,767,2026-04-16 10:30:00,Unresolved,Degrading->Unresolved->Unresolved->Unresolved,Stable Compression Basin,Exact,1.0,1.9709505944488976,0.3333333333333333,0.3,0.5,0.0,0.0860416666666666,0.0416666666666666,0.5666666666666667,0.475,CompressionPressure,0.5666666666666667,7068.75,7071.0,7067.0,7068.25,Up,1,7068.75,4.0,6.910714285714286,5,7072.5,4.25,0.6149870801033592,4.25,0.6149870801033592,8.25,-1.0,1.1937984496124032,-0.144702842377261,1,1
ES,xApvaV01StateLog_ES.csv,774,2026-04-16 11:05:00,Unresolved,Balance->Balance->Unresolved->Unresolved,Stable Compression Basin,Exact,1.0,0.9999999999971146,0.4444444444444444,0.5,0.1,0.0,0.1034930555557764,0.0555555555555555,0.618055555555736,0.3854166666660354,CompressionPressure,0.618055555555736,7067.5,7073.5,7065.25,7068.5,Down,-1,7067.75,8.25,5.625,5,7059.5,-9.0,-1.6,9.0,1.6,12.25,-1.5,2.1777777777777776,-0.2666666666666666,1,1
ES,xApvaV01StateLog_ES.csv,775,2026-04-16 11:10:00,Unresolved,Balance->Unresolved->Unresolved->Unresolved,Stable Compression Basin,Exact,1.0,0.9999999999971146,0.4444444444444444,0.5,0.0,0.0,0.0964930555557764,0.0555555555555555,0.618055555555736,0.3854166666660354,CompressionPressure,0.618055555555736,7068.5,7070.0,7061.25,7063.75,Down,-1,7068.5,8.75,5.946428571428571,5,7066.5,2.75,0.4624624624624625,-2.75,-0.4624624624624625,7.5,-5.25,1.2612612612612613,-0.882882882882883,0,1
ES,xApvaV01StateLog_ES.csv,776,2026-04-16 11:15:00,Unresolved,Unresolved->Unresolved->Unresolved->Unresolved,Pure Unresolved Compression Equilibrium,Exact,1.0,1.360964047439353,0.5555555555555556,0.5,0.0,0.0,0.0567039678957023,0.0694444444444444,0.5677175248128182,0.5060442187106917,CompressionPressure,0.5677175248128182,7063.5,7067.75,7061.0,7067.0,Down,-1,7063.75,6.75,6.125,5,7067.75,0.75,0.1224489795918367,-0.75,-0.1224489795918367,10.75,-2.75,1.7551020408163265,-0.4489795918367347,0,1
ES,xApvaV01StateLog_ES.csv,777,2026-04-16 11:20:00,Unresolved,Unresolved->Unresolved->Unresolved->Unresolved,Pure Unresolved Compression Equilibrium,Exact,1.0,1.4854752972230063,0.4444444444444444,0.5,0.0,0.0,0.0593238531119191,0.0555555555555555,0.5877133494791177,0.4916143879341992,CompressionPressure,0.5877133494791177,7067.0,7069.0,7064.75,7065.25,Down,-1,7067.0,4.25,6.017857142857143,5,7069.5,4.25,0.7062314540059347,-4.25,-0.7062314540059347,9.0,-5.75,1.4955489614243322,-0.9554896142433232,0,1
ES,xApvaV01StateLog_ES.csv,778,2026-04-16 11:25:00,Unresolved,Unresolved->Unresolved->Unresolved->Unresolved,Pure Unresolved Compression Equilibrium,Exact,1.0,1.5709505944503404,0.3333333333333333,0.4,0.0,0.0,0.0532657617790625,0.0416666666666666,0.5684822545135204,0.4686454425360119,CompressionPressure,0.5684822545135204,7065.25,7068.0,7059.75,7060.5,Down,-1,7065.25,8.25,6.053571428571429,5,7069.25,8.75,1.4454277286135693,-8.75,-1.4454277286135693,4.25,-11.5,0.7020648967551623,-1.8997050147492625,0,1
ES,xApvaV01StateLog_ES.csv,779,2026-04-16 11:30:00,Unresolved,Unresolved->Unresolved->Unresolved->Unresolved,Pure Unresolved Compression Equilibrium,Exact,1.0,1.5219280948830345,0.2222222222222222,0.4,0.0,0.0,0.0691718246799621,0.0277777777777777,0.5993239385142548,0.416255104088997,CompressionPressure,0.5993239385142548,7060.75,7062.25,7056.25,7059.5,Down,-1,7060.5,6.0,6.160714285714286,5,7067.75,8.25,1.3391304347826087,-8.25,-1.3391304347826087,0.25,-12.5,0.0405797101449275,-2.028985507246377,0,1
ES,xApvaV01StateLog_ES.csv,780,2026-04-16 11:35:00,Unresolved,Unresolved->Unresolved->Unresolved->Unresolved,Pure Unresolved Compression Equilibrium,Exact,1.0,1.4854752972230063,0.2222222222222222,0.5,0.0,0.0,0.0836294086674746,0.0277777777777777,0.6432689050346733,0.4082810546008659,CompressionPressure,0.6432689050346733,7059.5,7067.5,7059.25,7066.5,Down,-1,7059.5,8.25,6.178571428571429,5,7068.75,2.25,0.3641618497109826,-2.25,-0.3641618497109826,1.5,-5.5,0.2427745664739884,-0.8901734104046243,0,1
ES,xApvaV01StateLog_ES.csv,781,2026-04-16 11:40:00,Unresolved,Unresolved->Unresolved->Unresolved->Unresolved,Pure Unresolved Compression Equilibrium,Exact,1.0,1.3709505944503406,0.2222222222222222,0.6,0.0,0.0,0.1040643728901735,0.0277777777777777,0.6920933656246315,0.3832287758693453,CompressionPressure,0.6920933656246315,7066.5,7069.75,7065.0,7067.75,Up,1,7066.5,4.75,6.232142857142857,5,7071.5,3.75,0.6017191977077364,3.75,0.6017191977077364,5.5,-2.5,0.8825214899713467,-0.4011461318051576,1,1
ES,xApvaV01StateLog_ES.csv,782,2026-04-16 11:45:00,Unresolved,Unresolved->Unresolved->Unresolved->Unresolved,Pure Unresolved Compression Equilibrium,Exact,1.0,1.1567796494427114,0.2222222222222222,0.7,0.0,0.0,0.1321285025339868,0.0277777777777777,0.747145716354275,0.3363788816489264,CompressionPressure,0.747145716354275,7068.0,7071.0,7067.5,7069.5,Up,1,7067.75,3.5,6.125,5,7070.0,0.5,0.0816326530612244,0.5,0.0816326530612244,3.75,-4.25,0.6122448979591837,-0.6938775510204082,1,1
ES,xApvaV01StateLog_ES.csv,783,2026-04-16 11:50:00,Unresolved,Unresolved->Unresolved->Unresolved->Unresolved,Pure Unresolved Compression Equilibrium,Exact,1.0,0.7219280948844771,0.1111111111111111,0.8,0.0,0.0,0.1892412691242961,0.0138888888888888,0.8437683829586091,0.199588437422646,CompressionPressure,0.8437683829586091,7069.5,7072.0,7068.25,7069.25,Up,1,7069.5,3.75,6.089285714285714,5,7069.75,0.5,0.0821114369501466,0.5,0.0821114369501466,4.0,-4.0,0.656891495601173,-0.656891495601173,1,1
ES,xApvaV01StateLog_ES.csv,784,2026-04-16 11:55:00,Unresolved,Unresolved->Unresolved->Unresolved->Unresolved,Pure Unresolved Compression Equilibrium,Exact,1.0,0.4689955935863958,0.1111111111111111,0.9,0.0,0.0,0.2202730804215971,0.0138888888888888,0.9012433309564056,0.1442594527636907,CompressionPressure,0.9012433309564056,7069.25,7069.5,7066.5,7067.75,Down,-1,7069.25,3.0,5.946428571428571,5,7072.25,4.5,0.7567567567567568,-4.5,-0.7567567567567568,2.5,-6.0,0.4204204204204204,-1.0090090090090091,0,1
ES,xApvaV01StateLog_ES.csv,785,2026-04-16 12:00:00,Unresolved,Unresolved->Unresolved->Unresolved->Unresolved,Pure Unresolved Compression Equilibrium,Exact,1.0,-1.4428232973175177e-12,0.0,1.0,0.0,0.0,0.2799999999999999,0.0,1.0,0.0,CompressionPressure,1.0,7067.75,7069.0,7065.25,7068.75,Down,-1,7067.75,3.75,5.946428571428571,5,7072.0,3.25,0.5465465465465466,-3.25,-0.5465465465465466,1.25,-5.0,0.2102102102102102,-0.8408408408408409,0,1
ES,xApvaV01StateLog_ES.csv,786,2026-04-16 12:05:00,Unresolved,Unresolved->Unresolved->Unresolved->Unresolved,Pure Unresolved Compression Equilibrium,Exact,1.0,-1.4428232973175177e-12,0.0,1.0,0.0,0.0,0.2799999999999999,0.0,1.0,0.0,CompressionPressure,1.0,7068.75,7073.25,7068.75,7071.5,Up,1,7068.75,4.5,5.964285714285714,5,7070.5,-1.0,-0.1676646706586826,-1.0,-0.1676646706586826,2.25,-4.0,0.3772455089820359,-0.6706586826347305,0,1
ES,xApvaV01StateLog_ES.csv,787,2026-04-16 12:10:00,Unresolved,Unresolved->Unresolved->Unresolved->Unresolved,Pure Unresolved Compression Equilibrium,Exact,1.0,-1.4428232973175177e-12,0.0,1.0,0.0,0.0,0.2799999999999999,0.0,1.0,0.0,CompressionPressure,1.0,7071.5,7072.25,7068.75,7070.0,Up,1,7071.5,3.5,5.517857142857143,5,7073.0,3.0,0.5436893203883495,3.0,0.5436893203883495,4.0,-2.5,0.7249190938511326,-0.4530744336569579,1,1
ES,xApvaV01StateLog_ES.csv,788,2026-04-16 12:15:00,Unresolved,Unresolved->Unresolved->Unresolved->Unresolved,Pure Unresolved Compression Equilibrium,Exact,1.0,-1.4428232973175177e-12,0.0,1.0,0.0,0.0,0.2799999999999999,0.0,1.0,0.0,CompressionPressure,1.0,7070.0,7071.75,7067.5,7069.75,Down,-1,7070.0,4.25,5.232142857142857,5,7075.75,6.0,1.1467576791808876,-6.0,-1.1467576791808876,0.25,-6.0,0.0477815699658703,-1.1467576791808876,0,1
ES,xApvaV01StateLog_ES.csv,789,2026-04-16 12:20:00,Unresolved,Unresolved->Unresolved->Unresolved->Unresolved,Pure Unresolved Compression Equilibrium,Exact,1.0,-1.4428232973175177e-12,0.0,1.0,0.0,0.0,0.2799999999999999,0.0,1.0,0.0,CompressionPressure,1.0,7069.5,7073.75,7069.5,7072.25,Down,-1,7069.75,4.25,4.910714285714286,5,7074.75,2.5,0.5090909090909091,-2.5,-0.5090909090909091,2.5,-5.5,0.5090909090909091,-1.12,0,1
ES,xApvaV01StateLog_ES.csv,790,2026-04-16 12:25:00,Unresolved,Unresolved->Unresolved->Unresolved->Unresolved,Pure Unresolved Compression Equilibrium,Exact,1.0,-1.4428232973175177e-12,0.0,1.0,0.0,0.0,0.2799999999999999,0.0,1.0,0.0,CompressionPressure,1.0,7072.5,7073.25,7070.25,7072.0,Down,-1,7072.25,3.0,4.642857142857143,5,7078.0,6.0,1.2923076923076922,-6.0,-1.2923076923076922,2.25,-6.25,0.4846153846153845,-1.346153846153846,0,1
ES,xApvaV01StateLog_ES.csv,791,2026-04-16 12:30:00,Unresolved,Unresolved->Unresolved->Unresolved->Unresolved,Pure Unresolved Compression Equilibrium,Exact,1.0,-1.4428232973175177e-12,0.0,1.0,0.0,0.0,0.2799999999999999,0.0,1.0,0.0,CompressionPressure,1.0,7072.25,7073.0,7070.5,7070.5,Down,-1,7072.0,2.5,4.517857142857143,5,7078.0,7.5,1.6600790513833992,-7.5,-1.6600790513833992,0.75,-10.25,0.1660079051383399,-2.268774703557312,0,1
ES,xApvaV01StateLog_ES.csv,792,2026-04-16 12:35:00,Unresolved,Unresolved->Unresolved->Unresolved->Unresolved,Pure Unresolved Compression Equilibrium,Exact,1.0,-1.4428232973175177e-12,0.0,1.0,0.0,0.0,0.2799999999999999,0.0,1.0,0.0,CompressionPressure,1.0,7070.75,7074.0,7069.75,7073.0,Down,-1,7070.5,4.25,4.232142857142857,5,7076.75,3.75,0.8860759493670887,-3.75,-0.8860759493670887,1.0,-7.75,0.2362869198312236,-1.8312236286919832,0,1
ES,xApvaV01StateLog_ES.csv,793,2026-04-16 12:40:00,Unresolved,Unresolved->Unresolved->Unresolved->Unresolved,Pure Unresolved Compression Equilibrium,Exact,1.0,-1.4428232973175177e-12,0.0,1.0,0.0,0.0,0.2799999999999999,0.0,1.0,0.0,CompressionPressure,1.0,7073.0,7075.75,7072.0,7075.75,Up,1,7073.0,3.75,4.071428571428571,5,7075.75,0.0,0.0,0.0,0.0,5.0,-2.75,1.2280701754385963,-0.6754385964912281,0,1
ES,xApvaV01StateLog_ES.csv,794,2026-04-16 12:45:00,Unresolved,Unresolved->Unresolved->Unresolved->Unresolved,Pure Unresolved Compression Equilibrium,Exact,1.0,-1.4428232973175177e-12,0.0,1.0,0.0,0.0,0.2799999999999999,0.0,1.0,0.0,CompressionPressure,1.0,7075.75,7077.75,7074.5,7074.75,Up,1,7075.75,3.25,3.7142857142857135,5,7074.75,0.0,0.0,0.0,0.0,6.0,-1.75,1.6153846153846154,-0.4711538461538461,0,1
ES,xApvaV01StateLog_ES.csv,795,2026-04-16 12:50:00,Unresolved,Unresolved->Unresolved->Unresolved->Unresolved,Pure Unresolved Compression Equilibrium,Exact,1.0,-1.4428232973175177e-12,0.0,1.0,0.0,0.0,0.2799999999999999,0.0,1.0,0.0,CompressionPressure,1.0,7074.75,7078.25,7073.0,7078.0,Up,1,7074.75,5.25,3.75,5,7075.5,-2.5,-0.6666666666666666,-2.5,-0.6666666666666666,2.75,-3.5,0.7333333333333333,-0.9333333333333332,0,1
ES,xApvaV01StateLog_ES.csv,796,2026-04-16 12:55:00,Unresolved,Unresolved->Unresolved->Unresolved->Unresolved,Pure Unresolved Compression Equilibrium,Exact,1.0,-1.4428232973175177e-12,0.0,1.0,0.0,0.0,0.2799999999999999,0.0,1.0,0.0,CompressionPressure,1.0,7078.0,7080.75,7075.0,7078.0,Up,1,7078.0,5.75,3.9107142857142856,5,7076.0,-2.0,-0.5114155251141552,-2.0,-0.5114155251141552,2.75,-3.5,0.7031963470319635,-0.8949771689497718,0,1
ES,xApvaV01StateLog_ES.csv,797,2026-04-16 13:00:00,Unresolved,Unresolved->Unresolved->Unresolved->Unresolved,Pure Unresolved Compression Equilibrium,Exact,1.0,-1.4428232973175177e-12,0.0,1.0,0.0,0.0,0.2799999999999999,0.0,1.0,0.0,CompressionPressure,1.0,7078.0,7080.75,7075.25,7076.75,Up,1,7078.0,5.5,4.035714285714286,5,7076.25,-0.5,-0.1238938053097345,-0.5,-0.1238938053097345,1.75,-2.25,0.4336283185840708,-0.5575221238938053,0,1
ES,xApvaV01StateLog_ES.csv,798,2026-04-16 13:05:00,Unresolved,Unresolved->Unresolved->Unresolved->Unresolved,Pure Unresolved Compression Equilibrium,Exact,1.0,-1.4428232973175177e-12,0.0,1.0,0.0,0.0,0.2799999999999999,0.0,1.0,0.0,CompressionPressure,1.0,7076.75,7078.5,7075.0,7075.75,Down,-1,7076.75,3.5,4.071428571428571,5,7076.5,0.75,0.1842105263157895,-0.75,-0.1842105263157895,1.25,-1.25,0.3070175438596491,-0.3070175438596491,0,1
ES,xApvaV01StateLog_ES.csv,799,2026-04-16 13:10:00,Unresolved,Unresolved->Unresolved->Unresolved->Unresolved,Pure Unresolved Compression Equilibrium,Exact,1.0,-1.4428232973175177e-12,0.0,1.0,0.0,0.0,0.2799999999999999,0.0,1.0,0.0,CompressionPressure,1.0,7075.75,7076.0,7074.5,7074.75,Down,-1,7075.75,1.5,3.9107142857142856,5,7078.0,3.25,0.8310502283105023,-3.25,-0.8310502283105023,0.0,-3.25,0.0,-0.8310502283105023,0,1
ES,xApvaV01StateLog_ES.csv,800,2026-04-16 13:15:00,Unresolved,Unresolved->Unresolved->Unresolved->Unresolved,Pure Unresolved Compression Equilibrium,Exact,1.0,-1.4428232973175177e-12,0.0,1.0,0.0,0.0,0.2799999999999999,0.0,1.0,0.0,CompressionPressure,1.0,7075.0,7076.75,7074.75,7075.5,Down,-1,7074.75,2.0,3.732142857142857,5,7079.0,3.5,0.937799043062201,-3.5,-0.937799043062201,0.75,-4.25,0.200956937799043,-1.138755980861244,0,1
ES,xApvaV01StateLog_ES.csv,801,2026-04-16 13:20:00,Unresolved,Unresolved->Unresolved->Unresolved->Unresolved,Pure Unresolved Compression Equilibrium,Exact,1.0,-1.4428232973175177e-12,0.0,1.0,0.0,0.0,0.2799999999999999,0.0,1.0,0.0,CompressionPressure,1.0,7075.25,7077.0,7074.75,7076.0,Up,1,7075.5,2.25,3.642857142857143,5,7078.75,2.75,0.7549019607843137,2.75,0.7549019607843137,3.75,-0.25,1.0294117647058825,-0.0686274509803921,1,1
ES,xApvaV01StateLog_ES.csv,802,2026-04-16 13:25:00,Unresolved,Unresolved->Unresolved->Unresolved->Unresolved,Pure Unresolved Compression Equilibrium,Exact,1.0,-1.4428232973175177e-12,0.0,1.0,0.0,0.0,0.2799999999999999,0.0,1.0,0.0,CompressionPressure,1.0,7076.0,7077.0,7075.75,7076.25,Up,1,7076.0,1.25,3.4285714285714284,5,7079.0,2.75,0.8020833333333334,2.75,0.8020833333333334,3.75,-0.25,1.09375,-0.0729166666666666,1,1
ES,xApvaV01StateLog_ES.csv,803,2026-04-16 13:30:00,Unresolved,Unresolved->Unresolved->Unresolved->Unresolved,Pure Unresolved Compression Equilibrium,Exact,1.0,-1.4428232973175177e-12,0.0,1.0,0.0,0.0,0.2799999999999999,0.0,1.0,0.0,CompressionPressure,1.0,7076.25,7076.75,7076.0,7076.5,Up,1,7076.25,0.75,3.1785714285714284,5,7079.25,2.75,0.8651685393258427,2.75,0.8651685393258427,3.5,-0.25,1.101123595505618,-0.0786516853932584,1,1
ES,xApvaV01StateLog_ES.csv,804,2026-04-16 13:35:00,Unresolved,Unresolved->Unresolved->Unresolved->Unresolved,Pure Unresolved Compression Equilibrium,Exact,1.0,-1.4428232973175177e-12,0.0,1.0,0.0,0.0,0.2799999999999999,0.0,1.0,0.0,CompressionPressure,1.0,7076.5,7078.0,7076.25,7078.0,Up,1,7076.5,1.75,3.0892857142857144,5,7078.25,0.25,0.0809248554913294,0.25,0.0809248554913294,2.0,-0.25,0.6473988439306358,-0.0809248554913294,1,1
ES,xApvaV01StateLog_ES.csv,805,2026-04-16 13:40:00,Unresolved,Unresolved->Unresolved->Unresolved->Unresolved,Pure Unresolved Compression Equilibrium,Exact,1.0,-1.4428232973175177e-12,0.0,1.0,0.0,0.0,0.2799999999999999,0.0,1.0,0.0,CompressionPressure,1.0,7077.75,7079.75,7077.75,7079.0,Up,1,7078.0,2.0,3.0535714285714284,5,7129.0,50.0,16.374269005847953,50.0,16.374269005847953,51.75,-1.25,16.947368421052634,-0.4093567251461988,1,1
ES,xApvaV01StateLog_ES.csv,806,2026-04-16 13:45:00,Unresolved,Unresolved->Unresolved->Unresolved->Unresolved,Pure Unresolved Compression Equilibrium,Exact,1.0,-1.4428232973175177e-12,0.0,1.0,0.0,0.0,0.2799999999999999,0.0,1.0,0.0,CompressionPressure,1.0,7078.75,7079.25,7077.75,7078.75,Up,1,7079.0,1.5,2.857142857142857,5,7130.25,51.5,18.025,51.5,18.025,56.75,-0.75,19.8625,-0.2625,1,1
ES,xApvaV01StateLog_ES.csv,807,2026-04-16 13:50:00,Unresolved,Unresolved->Unresolved->Unresolved->Unresolved,Pure Unresolved Compression Equilibrium,Exact,1.0,-1.4428232973175177e-12,0.0,1.0,0.0,0.0,0.2799999999999999,0.0,1.0,0.0,CompressionPressure,1.0,7078.75,7080.0,7078.0,7079.0,Up,1,7078.75,2.0,2.732142857142857,5,7130.75,51.75,18.94117647058824,51.75,18.94117647058824,56.5,-0.75,20.679738562091504,-0.2745098039215686,1,1
ES,xApvaV01StateLog_ES.csv,808,2026-04-16 13:55:00,Unresolved,Unresolved->Unresolved->Unresolved->Unresolved,Pure Unresolved Compression Equilibrium,Exact,1.0,-1.4428232973175177e-12,0.0,1.0,0.0,0.0,0.2799999999999999,0.0,1.0,0.0,CompressionPressure,1.0,7079.25,7079.5,7078.25,7079.25,Up,1,7079.0,1.25,2.5892857142857144,5,7130.25,51.0,19.69655172413793,51.0,19.69655172413793,56.25,-1.0,21.72413793103448,-0.3862068965517241,1,1
ES,xApvaV01StateLog_ES.csv,809,2026-04-16 14:00:00,Unresolved,Unresolved->Unresolved->Unresolved->Unresolved,Pure Unresolved Compression Equilibrium,Exact,1.0,-1.4428232973175177e-12,0.0,1.0,0.0,0.0,0.2799999999999999,0.0,1.0,0.0,CompressionPressure,1.0,7079.25,7079.5,7078.25,7078.25,Up,1,7079.25,1.25,2.3035714285714284,5,7137.25,59.0,25.6124031007752,59.0,25.6124031007752,59.75,38.75,25.937984496124034,16.82170542635659,1,1
ES,xApvaV01StateLog_ES.csv,810,2026-04-17 06:35:00,Unresolved,Unresolved->Unresolved->Unresolved->Unresolved,Pure Unresolved Compression Equilibrium,Exact,1.0,-1.4428232973175177e-12,0.0,1.0,0.0,0.0,0.2799999999999999,0.0,1.0,0.0,CompressionPressure,1.0,7121.25,7130.75,7119.25,7129.0,Up,1,7078.25,52.5,5.642857142857143,5,7143.5,14.5,2.569620253164557,14.5,2.569620253164557,14.75,-12.0,2.613924050632911,-2.1265822784810124,1,1
ES,xApvaV01StateLog_ES.csv,811,2026-04-17 06:40:00,Unresolved,Unresolved->Unresolved->Unresolved->Unresolved,Pure Unresolved Compression Equilibrium,Exact,1.0,-1.4428232973175177e-12,0.0,1.0,0.0,0.0,0.2799999999999999,0.0,1.0,0.0,CompressionPressure,1.0,7129.0,7135.5,7128.0,7130.25,Up,1,7129.0,7.5,5.785714285714286,5,7149.0,18.75,3.240740740740741,18.75,3.240740740740741,19.25,-13.25,3.3271604938271606,-2.2901234567901234,1,1
ES,xApvaV01StateLog_ES.csv,812,2026-04-17 06:45:00,Degrading,Unresolved->Unresolved->Unresolved->Degrading,Sponsor Exhaustion Collapse,Exact,1.0,0.4689955935863958,0.1111111111111111,0.9,0.0,0.0,0.2202730804215971,0.1138888888888889,0.4512433309564058,0.1442594527636907,CompressionPressure,0.4512433309564058,7130.25,7132.75,7124.75,7130.75,Up,1,7130.25,8.0,6.107142857142857,5,7152.0,21.25,3.4795321637426904,21.25,3.4795321637426904,21.5,-13.75,3.52046783625731,-2.2514619883040936,1,1
ES,xApvaV01StateLog_ES.csv,813,2026-04-17 06:50:00,Unresolved,Unresolved->Unresolved->Degrading->Unresolved,Stable Compression Basin,Exact,1.0,0.9219280948830342,0.2222222222222222,0.8,0.0,0.0,0.1617759913466288,0.0277777777777777,0.8034906051809215,0.285005104088997,CompressionPressure,0.8034906051809215,7130.75,7134.5,7117.0,7130.25,Up,1,7130.75,17.5,7.25,5,7151.75,21.5,2.9655172413793105,21.5,2.9655172413793105,24.5,-1.0,3.3793103448275863,-0.1379310344827586,1,1
ES,xApvaV01StateLog_ES.csv,814,2026-04-17 06:55:00,Unresolved,Unresolved->Degrading->Unresolved->Unresolved,Stable Compression Basin,Exact,1.0,1.1567796494427114,0.2222222222222222,0.7,0.0,0.0,0.1321285025339868,0.0277777777777777,0.747145716354275,0.3363788816489264,CompressionPressure,0.747145716354275,7130.25,7138.0,7129.25,7137.25,Up,1,7130.25,8.75,7.732142857142857,5,7150.25,13.0,1.6812933025404158,13.0,1.6812933025404158,17.5,-2.25,2.2632794457274827,-0.2909930715935335,1,1
ES,xApvaV01StateLog_ES.csv,819,2026-04-17 07:20:00,Unresolved,Degrading->Degrading->Degrading->Unresolved,Stable Compression Basin,Exact,1.0,1.4854752972230063,0.4444444444444444,0.5,0.0,0.0,0.0593238531119191,0.0555555555555555,0.5877133494791177,0.4916143879341992,CompressionPressure,0.5877133494791177,7152.0,7153.75,7149.0,7150.25,Down,-1,7151.75,4.75,9.5,5,7170.0,19.75,2.0789473684210527,-19.75,-2.0789473684210527,4.5,-21.0,0.4736842105263157,-2.210526315789474,0,1
ES,xApvaV01StateLog_ES.csv,821,2026-04-17 07:30:00,Unresolved,Degrading->Unresolved->Balance->Unresolved,Stable Compression Basin,Exact,1.0,1.360964047439353,0.5555555555555556,0.5,0.0,0.0,0.0567039678957023,0.0694444444444444,0.5677175248128182,0.5060442187106917,CompressionPressure,0.5677175248128182,7153.5,7155.75,7150.5,7153.25,Down,-1,7153.5,5.25,10.25,5,7169.75,16.5,1.6097560975609757,-16.5,-1.6097560975609757,0.25,-21.5,0.024390243902439,-2.097560975609756,0,1
ES,xApvaV01StateLog_ES.csv,822,2026-04-17 07:35:00,Unresolved,Unresolved->Balance->Unresolved->Unresolved,Stable Compression Basin,Exact,1.0,1.360964047439353,0.4444444444444444,0.5,0.0,0.0,0.0688567456734801,0.0555555555555555,0.595495302590596,0.4643775520440251,CompressionPressure,0.595495302590596,7153.25,7163.5,7153.0,7162.25,Down,-1,7153.25,10.5,10.910714285714286,5,7166.0,3.75,0.3436988543371522,-3.75,-0.3436988543371522,5.0,-12.5,0.4582651391162029,-1.1456628477905073,0,1
ES,xApvaV01StateLog_ES.csv,823,2026-04-17 07:40:00,Unresolved,Balance->Unresolved->Unresolved->Unresolved,Stable Compression Basin,Exact,1.0,1.360964047439353,0.4444444444444444,0.5,0.0,0.0,0.0688567456734801,0.0555555555555555,0.595495302590596,0.4643775520440251,CompressionPressure,0.595495302590596,7162.25,7164.5,7157.25,7164.25,Up,1,7162.25,7.25,11.339285714285714,5,7168.25,4.0,0.3527559055118111,4.0,0.3527559055118111,10.5,-1.25,0.925984251968504,-0.1102362204724409,1,1
ES,xApvaV01StateLog_ES.csv,843,2026-04-17 09:20:00,Unresolved,Degrading->Unresolved->Unresolved->Unresolved,Stable Compression Basin,Exact,1.0,1.6854752972215634,0.4444444444444444,0.5,0.4,0.0,0.0785555555555555,0.0555555555555555,0.5805555555555556,0.5166666666666666,CompressionPressure,0.5805555555555556,7175.25,7176.75,7171.0,7174.5,Up,1,7175.25,5.75,7.125,5,7184.0,9.5,1.3333333333333333,9.5,1.3333333333333333,9.75,-1.25,1.368421052631579,-0.175438596491228,1,1
ES,xApvaV01StateLog_ES.csv,850,2026-04-17 09:55:00,Unresolved,Degrading->Balance->Unresolved->Unresolved,Stable Compression Basin,Exact,1.0,0.9999999999971146,0.4444444444444444,0.5,0.0,0.0,0.0964930555557764,0.0555555555555555,0.618055555555736,0.3854166666660354,CompressionPressure,0.618055555555736,7184.0,7185.5,7182.5,7183.0,Up,1,7184.0,3.0,5.107142857142857,5,7170.75,-12.25,-2.3986013986013988,-12.25,-2.3986013986013988,0.75,-14.0,0.1468531468531468,-2.741258741258741,0,1
ES,xApvaV01StateLog_ES.csv,851,2026-04-17 10:00:00,Unresolved,Balance->Unresolved->Unresolved->Unresolved,Stable Compression Basin,Exact,1.0,0.9999999999971146,0.4444444444444444,0.5,0.0,0.0,0.0964930555557764,0.0555555555555555,0.618055555555736,0.3854166666660354,CompressionPressure,0.618055555555736,7183.25,7183.25,7180.75,7181.0,Down,-1,7183.0,2.5,4.660714285714286,5,7157.0,-24.0,-5.149425287356322,24.0,5.149425287356322,29.5,-2.75,6.329501915708812,-0.5900383141762452,1,1
ES,xApvaV01StateLog_ES.csv,852,2026-04-17 10:05:00,Unresolved,Unresolved->Unresolved->Unresolved->Unresolved,Pure Unresolved Compression Equilibrium,Exact,1.0,1.360964047439353,0.5555555555555556,0.5,0.0,0.0,0.0567039678957023,0.0694444444444444,0.5677175248128182,0.5060442187106917,CompressionPressure,0.5677175248128182,7181.25,7183.75,7180.5,7182.75,Down,-1,7181.0,3.25,4.464285714285714,5,7160.5,-22.25,-4.984,22.25,4.984,31.25,-0.25,7.0,-0.056,1,1
ES,xApvaV01StateLog_ES.csv,853,2026-04-17 10:10:00,Unresolved,Unresolved->Unresolved->Unresolved->Unresolved,Pure Unresolved Compression Equilibrium,Exact,1.0,1.4854752972230063,0.4444444444444444,0.5,0.0,0.0,0.0593238531119191,0.0555555555555555,0.5877133494791177,0.4916143879341992,CompressionPressure,0.5877133494791177,7183.0,7183.0,7169.0,7176.0,Down,-1,7182.75,14.0,5.035714285714286,5,7159.75,-16.25,-3.226950354609929,16.25,3.226950354609929,24.5,-0.5,4.865248226950355,-0.0992907801418439,1,1
ES,xApvaV01StateLog_ES.csv,855,2026-04-17 10:20:00,Unresolved,Unresolved->Unresolved->Degrading->Unresolved,Stable Compression Basin,Exact,1.0,1.8464393446652445,0.4444444444444444,0.4,0.0,0.0,0.0388888888888888,0.0555555555555555,0.538888888888889,0.5166666666666666,CompressionPressure,0.538888888888889,7174.0,7175.75,7170.25,7170.75,Down,-1,7174.0,5.5,4.714285714285714,5,7160.75,-10.0,-2.121212121212121,10.0,2.121212121212121,19.25,-2.0,4.083333333333333,-0.4242424242424242,1,1
ES,xApvaV01StateLog_ES.csv,859,2026-04-17 10:40:00,Unresolved,Balance->Unresolved->Unresolved->Unresolved,Stable Compression Basin,Exact,1.0,1.5709505944488975,0.5555555555555556,0.6,0.0,0.0,0.0522935395569507,0.0694444444444444,0.5962600322913884,0.5519787758690297,CompressionPressure,0.5962600322913884,7159.75,7165.25,7157.25,7162.0,Down,-1,7159.75,8.0,6.732142857142857,5,7162.25,0.25,0.0371352785145888,-0.25,-0.0371352785145888,2.75,-7.0,0.4084880636604774,-1.0397877984084882,0,1
ES,xApvaV01StateLog_ES.csv,863,2026-04-17 11:00:00,Unresolved,Unresolved->Unresolved->Unresolved->Unresolved,Pure Unresolved Compression Equilibrium,Exact,1.0,1.7219280948815914,0.4444444444444444,0.4,0.0,0.0,0.0388888888888888,0.0555555555555555,0.538888888888889,0.5166666666666666,CompressionPressure,0.538888888888889,7167.25,7168.75,7164.0,7164.5,Up,1,7167.25,4.75,7.178571428571429,5,7159.5,-5.0,-0.6965174129353233,-5.0,-0.6965174129353233,2.25,-11.75,0.3134328358208955,-1.63681592039801,0,1
ES,xApvaV01StateLog_ES.csv,864,2026-04-17 11:05:00,Unresolved,Unresolved->Unresolved->Unresolved->Unresolved,Pure Unresolved Compression Equilibrium,Exact,1.0,1.360964047439353,0.3333333333333333,0.5,0.0,0.0,0.0810095234512578,0.0416666666666666,0.6232730803683738,0.4227108853773584,CompressionPressure,0.6232730803683738,7164.75,7166.75,7161.0,7162.25,Down,-1,7164.5,5.75,7.375,5,7159.5,-2.75,-0.3728813559322034,2.75,0.3728813559322034,9.5,-3.25,1.2881355932203389,-0.4406779661016949,1,1
ES,xApvaV01StateLog_ES.csv,865,2026-04-17 11:10:00,Unresolved,Unresolved->Unresolved->Unresolved->Unresolved,Pure Unresolved Compression Equilibrium,Exact,1.0,1.2954618442339936,0.2222222222222222,0.6,0.0,0.0,0.1098439803286126,0.0277777777777777,0.6968114125131533,0.3667156117595194,CompressionPressure,0.6968114125131533,7162.0,7162.75,7156.5,7157.75,Down,-1,7162.25,6.25,7.642857142857143,5,7164.5,6.75,0.8831775700934579,-6.75,-0.8831775700934579,5.0,-7.75,0.6542056074766355,-1.014018691588785,0,1
ES,xApvaV01StateLog_ES.csv,874,2026-04-17 11:55:00,Unresolved,Balance->Balance->Balance->Unresolved,Unstable Rotational Balance,Exact,1.0,0.4689955935863958,0.1111111111111111,0.9,0.0,0.0,0.2202730804215971,0.0138888888888888,0.4512433309564058,0.3942594527636907,CompressionPressure,0.4512433309564058,7160.5,7161.0,7153.5,7156.75,Down,-1,7160.5,7.5,5.75,5,7155.75,-1.0,-0.1739130434782608,1.0,0.1739130434782608,5.75,-4.5,1.0,-0.782608695652174,1,1
ES,xApvaV01StateLog_ES.csv,875,2026-04-17 12:00:00,Unresolved,Balance->Balance->Unresolved->Unresolved,Stable Compression Basin,Exact,1.0,0.4689955935863958,0.1111111111111111,0.9,0.0,0.0,0.2202730804215971,0.0138888888888888,0.9012433309564056,0.1442594527636907,CompressionPressure,0.9012433309564056,7156.75,7161.25,7156.25,7158.0,Down,-1,7156.75,5.0,5.482142857142857,5,7154.5,-3.5,-0.6384364820846906,3.5,0.6384364820846906,7.0,-2.5,1.2768729641693812,-0.4560260586319218,1,1
ES,xApvaV01StateLog_ES.csv,877,2026-04-17 12:10:00,Unresolved,Unresolved->Unresolved->Balance->Unresolved,Stable Compression Basin,Exact,1.0,0.7219280948844771,0.3333333333333333,0.8,0.0,0.0,0.1649357135687405,0.0416666666666666,0.7882128274030535,0.2829217707559793,CompressionPressure,0.7882128274030535,7158.25,7158.5,7154.25,7155.5,Up,1,7158.25,4.25,5.410714285714286,5,7159.0,3.5,0.6468646864686469,3.5,0.6468646864686469,5.25,-4.5,0.9702970297029704,-0.8316831683168318,1,1
ES,xApvaV01StateLog_ES.csv,878,2026-04-17 12:15:00,Unresolved,Unresolved->Balance->Unresolved->Unresolved,Stable Compression Basin,Exact,1.0,0.8812908992278072,0.3333333333333333,0.7,0.0,0.0,0.1410678321945376,0.0416666666666666,0.7365859854649287,0.3177823842060828,CompressionPressure,0.7365859854649287,7155.5,7156.25,7151.0,7153.0,Down,-1,7155.5,5.25,5.375,5,7161.5,8.5,1.5813953488372092,-8.5,-1.5813953488372092,0.75,-9.75,0.1395348837209302,-1.813953488372093,0,1
ES,xApvaV01StateLog_ES.csv,879,2026-04-17 12:20:00,Unresolved,Balance->Unresolved->Unresolved->Unresolved,Stable Compression Basin,Exact,1.0,0.9709505944517832,0.3333333333333333,0.6,0.0,0.0,0.1225365951122853,0.0416666666666666,0.6893155878467636,0.3373954425363276,CompressionPressure,0.6893155878467636,7152.75,7157.5,7152.25,7155.75,Down,-1,7153.0,5.25,5.303571428571429,5,7164.25,8.5,1.6026936026936027,-8.5,-1.6026936026936027,2.75,-9.25,0.5185185185185185,-1.744107744107744,0,1
ES,xApvaV01StateLog_ES.csv,882,2026-04-17 12:35:00,Unresolved,Unresolved->Balance->Balance->Unresolved,Stable Compression Basin,Exact,1.0,0.9999999999971146,0.5555555555555556,0.5,0.0,0.0,0.0843402777779986,0.0694444444444444,0.5902777777779582,0.4270833333327021,CompressionPressure,0.5902777777779582,7154.0,7160.75,7153.75,7159.0,Down,-1,7153.75,7.0,5.071428571428571,5,7161.5,2.5,0.4929577464788732,-2.5,-0.4929577464788732,1.75,-6.5,0.3450704225352113,-1.2816901408450705,0,1
ES,xApvaV01StateLog_ES.csv,883,2026-04-17 12:40:00,Unresolved,Balance->Balance->Unresolved->Unresolved,Stable Compression Basin,Exact,1.0,0.9709505944517832,0.5555555555555556,0.6,0.0,0.0,0.0982310395567297,0.0694444444444444,0.633760032291208,0.4207287758696609,CompressionPressure,0.633760032291208,7159.25,7162.75,7157.25,7161.5,Up,1,7159.0,5.5,4.946428571428571,5,7163.5,2.0,0.4043321299638989,2.0,0.4043321299638989,4.0,-3.25,0.8086642599277979,-0.6570397111913358,1,1
ES,xApvaV01StateLog_ES.csv,884,2026-04-17 12:45:00,Unresolved,Balance->Unresolved->Unresolved->Unresolved,Stable Compression Basin,Exact,1.0,0.8812908992278072,0.4444444444444444,0.7,0.0,0.0,0.1289150544167598,0.0555555555555555,0.7088082076871509,0.3594490508727494,CompressionPressure,0.7088082076871509,7161.75,7165.0,7159.5,7164.25,Up,1,7161.5,5.5,4.910714285714286,5,7163.75,-0.5,-0.1018181818181818,-0.5,-0.1018181818181818,1.25,-6.0,0.2545454545454546,-1.221818181818182,0,1
ES,xApvaV01StateLog_ES.csv,885,2026-04-17 12:50:00,Unresolved,Unresolved->Unresolved->Unresolved->Unresolved,Pure Unresolved Compression Equilibrium,Exact,1.0,1.2954618442339936,0.4444444444444444,0.6,0.0,0.0,0.085538424773057,0.0555555555555555,0.6412558569575977,0.4500489450928527,CompressionPressure,0.6412558569575977,7164.0,7164.25,7158.75,7160.0,Up,1,7164.25,5.5,5.035714285714286,5,7165.25,5.25,1.0425531914893618,5.25,1.0425531914893618,6.25,-1.75,1.2411347517730498,-0.3475177304964539,1,1
ES,xApvaV01StateLog_ES.csv,886,2026-04-17 12:55:00,Unresolved,Unresolved->Unresolved->Unresolved->Unresolved,Pure Unresolved Compression Equilibrium,Exact,1.0,1.3709505944503406,0.3333333333333333,0.6,0.0,0.0,0.0919115951123958,0.0416666666666666,0.6643155878468537,0.4248954425360119,CompressionPressure,0.6643155878468537,7160.0,7163.75,7158.25,7163.0,Up,1,7160.0,5.5,5.071428571428571,5,7163.75,0.75,0.1478873239436619,0.75,0.1478873239436619,3.25,-3.5,0.6408450704225352,-0.6901408450704226,1,1
ES,xApvaV01StateLog_ES.csv,887,2026-04-17 13:00:00,Unresolved,Unresolved->Unresolved->Unresolved->Unresolved,Pure Unresolved Compression Equilibrium,Exact,1.0,1.4854752972230063,0.3333333333333333,0.5,0.0,0.0,0.0714766308896969,0.0416666666666666,0.6154911272568955,0.4499477212675326,CompressionPressure,0.6154911272568955,7163.0,7165.5,7159.5,7161.5,Up,1,7163.0,6.0,5.214285714285714,5,7162.0,0.5,0.0958904109589041,0.5,0.0958904109589041,4.75,-2.0,0.910958904109589,-0.3835616438356164,1,1
ES,xApvaV01StateLog_ES.csv,888,2026-04-17 13:05:00,Unresolved,Unresolved->Unresolved->Unresolved->Unresolved,Pure Unresolved Compression Equilibrium,Exact,1.0,1.5219280948830345,0.3333333333333333,0.4,0.0,0.0,0.0570190469021843,0.0416666666666666,0.571546160736477,0.4579217707556637,CompressionPressure,0.571546160736477,7161.5,7164.5,7160.75,7163.5,Up,1,7161.5,3.75,4.946428571428571,5,7161.75,-1.75,-0.3537906137184116,-1.75,-0.3537906137184116,2.75,-4.0,0.555956678700361,-0.8086642599277979,0,1
ES,xApvaV01StateLog_ES.csv,889,2026-04-17 13:10:00,Unresolved,Unresolved->Unresolved->Unresolved->Unresolved,Pure Unresolved Compression Equilibrium,Exact,1.0,1.4854752972230063,0.2222222222222222,0.5,0.0,0.0,0.0836294086674746,0.0277777777777777,0.6432689050346733,0.4082810546008659,CompressionPressure,0.6432689050346733,7163.5,7165.0,7163.0,7163.75,Up,1,7163.5,2.0,4.732142857142857,5,7162.75,-1.0,-0.2113207547169811,-1.0,-0.2113207547169811,2.5,-4.25,0.5283018867924528,-0.8981132075471698,0,1
ES,xApvaV01StateLog_ES.csv,890,2026-04-17 13:15:00,Unresolved,Unresolved->Unresolved->Unresolved->Unresolved,Pure Unresolved Compression Equilibrium,Exact,1.0,1.2954618442339936,0.2222222222222222,0.6,0.0,0.0,0.1098439803286126,0.0277777777777777,0.6968114125131533,0.3667156117595194,CompressionPressure,0.6968114125131533,7163.75,7166.25,7163.25,7165.25,Up,1,7163.75,3.0,4.732142857142857,5,7165.0,-0.25,-0.0528301886792452,-0.25,-0.0528301886792452,1.0,-5.75,0.2113207547169811,-1.2150943396226417,0,1
ES,xApvaV01StateLog_ES.csv,898,2026-04-17 13:55:00,Unresolved,Balance->Balance->Unresolved->Unresolved,Stable Compression Basin,Exact,1.0,2.1219280948801487,0.4444444444444444,0.4,0.5,0.0,0.0738888888888888,0.0555555555555555,0.538888888888889,0.5166666666666666,CompressionPressure,0.538888888888889,7162.25,7165.25,7162.0,7164.75,Down,-1,7162.25,3.25,3.321428571428572,5,7146.5,-18.25,-5.494623655913978,18.25,5.494623655913978,22.5,0.0,6.774193548387096,0.0,1,1
ES,xApvaV01StateLog_ES.csv,899,2026-04-17 14:00:00,Unresolved,Balance->Unresolved->Unresolved->Unresolved,Stable Compression Basin,Exact,1.0,2.1219280948801487,0.4444444444444444,0.4,0.5,0.0,0.0738888888888888,0.0555555555555555,0.538888888888889,0.5166666666666666,CompressionPressure,0.538888888888889,7164.75,7164.75,7163.5,7164.25,Down,-1,7164.75,1.25,3.017857142857143,5,7153.5,-10.75,-3.562130177514793,10.75,3.562130177514793,22.0,9.75,7.289940828402367,3.230769230769231,1,1
ES,xApvaV01StateLog_ES.csv,900,2026-04-20 06:35:00,Unresolved,Unresolved->Unresolved->Unresolved->Unresolved,Pure Unresolved Compression Equilibrium,Exact,1.0,2.1219280948801487,0.4444444444444444,0.4,0.5,0.0,0.0738888888888888,0.0555555555555555,0.538888888888889,0.5166666666666666,CompressionPressure,0.538888888888889,7148.25,7153.5,7143.75,7151.25,Down,-1,7164.25,20.5,4.089285714285714,5,7156.75,5.5,1.3449781659388649,-5.5,-1.3449781659388649,9.0,-8.25,2.200873362445414,-2.017467248908297,0,1
ES,xApvaV01StateLog_ES.csv,901,2026-04-20 06:40:00,Unresolved,Unresolved->Unresolved->Unresolved->Unresolved,Pure Unresolved Compression Equilibrium,Exact,1.0,2.1219280948801487,0.4444444444444444,0.4,0.4,0.0,0.0668888888888889,0.0555555555555555,0.538888888888889,0.5166666666666666,CompressionPressure,0.538888888888889,7151.25,7154.5,7144.0,7146.25,Down,-1,7151.25,10.5,4.410714285714286,5,7152.75,6.5,1.473684210526316,-6.5,-1.473684210526316,4.0,-13.25,0.9068825910931174,-3.004048582995952,0,1
ES,xApvaV01StateLog_ES.csv,902,2026-04-20 06:45:00,Unresolved,Unresolved->Unresolved->Unresolved->Unresolved,Pure Unresolved Compression Equilibrium,Exact,1.0,1.8464393446652445,0.3333333333333333,0.4,0.3,0.0,0.0720416666666666,0.0416666666666666,0.5666666666666667,0.475,CompressionPressure,0.5666666666666667,7146.5,7150.25,7142.25,7148.5,Down,-1,7146.25,8.0,4.714285714285714,5,7154.25,5.75,1.2196969696969695,-5.75,-1.2196969696969695,4.0,-11.0,0.8484848484848485,-2.333333333333333,0,1
ES,xApvaV01StateLog_ES.csv,903,2026-04-20 06:50:00,Unresolved,Unresolved->Unresolved->Unresolved->Unresolved,Pure Unresolved Compression Equilibrium,Exact,1.0,1.5219280948830345,0.2222222222222222,0.4,0.2,0.0,0.0831718246799621,0.0277777777777777,0.5993239385142548,0.416255104088997,CompressionPressure,0.5993239385142548,7148.5,7152.75,7144.5,7146.5,Down,-1,7148.5,8.25,5.160714285714286,5,7153.0,6.5,1.259515570934256,-6.5,-1.259515570934256,1.0,-13.0,0.1937716262975778,-2.519031141868512,0,1
ES,xApvaV01StateLog_ES.csv,905,2026-04-20 07:00:00,Unresolved,Unresolved->Unresolved->Degrading->Unresolved,Stable Compression Basin,Exact,1.0,1.8464393446652445,0.4444444444444444,0.4,0.0,0.0,0.0388888888888888,0.0555555555555555,0.538888888888889,0.5166666666666666,CompressionPressure,0.538888888888889,7153.5,7159.5,7153.25,7156.75,Up,1,7153.5,6.25,5.803571428571429,5,7155.5,-1.25,-0.2153846153846153,-1.25,-0.2153846153846153,0.75,-10.0,0.1292307692307692,-1.723076923076923,0,1
ES,xApvaV01StateLog_ES.csv,906,2026-04-20 07:05:00,Unresolved,Unresolved->Degrading->Unresolved->Unresolved,Stable Compression Basin,Exact,1.0,1.7219280948815914,0.4444444444444444,0.4,0.0,0.0,0.0388888888888888,0.0555555555555555,0.538888888888889,0.5166666666666666,CompressionPressure,0.538888888888889,7157.0,7157.5,7150.5,7152.75,Up,1,7156.75,7.0,5.982142857142857,5,7149.75,-3.0,-0.5014925373134329,-3.0,-0.5014925373134329,4.0,-6.0,0.6686567164179105,-1.0029850746268658,0,1
ES,xApvaV01StateLog_ES.csv,907,2026-04-20 07:10:00,Unresolved,Degrading->Unresolved->Unresolved->Unresolved,Stable Compression Basin,Exact,1.0,1.360964047439353,0.3333333333333333,0.5,0.0,0.0,0.0810095234512578,0.0416666666666666,0.6232730803683738,0.4227108853773584,CompressionPressure,0.6232730803683738,7153.0,7156.75,7150.25,7154.25,Up,1,7152.75,6.5,6.321428571428571,5,7146.75,-7.5,-1.1864406779661016,-7.5,-1.1864406779661016,2.5,-10.75,0.3954802259887006,-1.7005649717514124,0,1
ES,xApvaV01StateLog_ES.csv,908,2026-04-20 07:15:00,Unresolved,Unresolved->Unresolved->Unresolved->Unresolved,Pure Unresolved Compression Equilibrium,Exact,1.0,1.360964047439353,0.4444444444444444,0.5,0.0,0.0,0.0688567456734801,0.0555555555555555,0.595495302590596,0.4643775520440251,CompressionPressure,0.595495302590596,7154.0,7156.25,7146.75,7153.0,Up,1,7154.25,9.5,6.839285714285714,5,7145.25,-7.75,-1.1331592689295038,-7.75,-1.1331592689295038,3.75,-10.25,0.5483028720626631,-1.498694516971279,0,1
ES,xApvaV01StateLog_ES.csv,909,2026-04-20 07:20:00,Unresolved,Unresolved->Unresolved->Unresolved->Unresolved,Pure Unresolved Compression Equilibrium,Exact,1.0,1.2954618442339936,0.3333333333333333,0.6,0.0,0.0,0.0976912025508348,0.0416666666666666,0.6690336347353755,0.4083822784261861,CompressionPressure,0.6690336347353755,7152.75,7153.75,7148.0,7151.0,Down,-1,7153.0,5.75,7.089285714285714,5,7141.5,-9.5,-1.3400503778337531,9.5,1.3400503778337531,11.5,-5.75,1.622166246851385,-0.8110831234256927,1,1
ES,xApvaV01StateLog_ES.csv,910,2026-04-20 07:25:00,Unresolved,Unresolved->Unresolved->Unresolved->Unresolved,Pure Unresolved Compression Equilibrium,Exact,1.0,1.2954618442339936,0.3333333333333333,0.6,0.0,0.0,0.0976912025508348,0.0416666666666666,0.6690336347353755,0.4083822784261861,CompressionPressure,0.6690336347353755,7151.0,7156.0,7149.75,7155.5,Down,-1,7151.0,6.25,7.357142857142857,5,7147.0,-8.5,-1.1553398058252429,8.5,1.1553398058252429,16.0,-1.25,2.174757281553398,-0.1699029126213592,1,1
ES,xApvaV01StateLog_ES.csv,911,2026-04-20 07:30:00,Unresolved,Unresolved->Unresolved->Unresolved->Unresolved,Pure Unresolved Compression Equilibrium,Exact,1.0,1.2954618442339936,0.3333333333333333,0.6,0.0,0.0,0.0976912025508348,0.0416666666666666,0.6690336347353755,0.4083822784261861,CompressionPressure,0.6690336347353755,7155.25,7156.75,7148.5,7149.75,Down,-1,7155.5,8.25,7.857142857142857,5,7138.0,-11.75,-1.4954545454545456,11.75,1.4954545454545456,25.0,-0.75,3.181818181818182,-0.0954545454545454,1,1
ES,xApvaV01StateLog_ES.csv,912,2026-04-20 07:35:00,Unresolved,Unresolved->Unresolved->Unresolved->Unresolved,Pure Unresolved Compression Equilibrium,Exact,1.0,1.2954618442339936,0.3333333333333333,0.6,0.0,0.0,0.0976912025508348,0.0416666666666666,0.6690336347353755,0.4083822784261861,CompressionPressure,0.6690336347353755,7149.75,7150.5,7143.5,7146.75,Down,-1,7149.75,7.0,8.125,5,7131.75,-15.0,-1.8461538461538465,15.0,1.8461538461538465,22.0,-1.5,2.707692307692308,-0.1846153846153846,1,1
ES,xApvaV01StateLog_ES.csv,913,2026-04-20 07:40:00,Unresolved,Unresolved->Unresolved->Unresolved->Unresolved,Pure Unresolved Compression Equilibrium,Exact,1.0,1.2954618442339936,0.2222222222222222,0.6,0.0,0.0,0.1098439803286126,0.0277777777777777,0.6968114125131533,0.3667156117595194,CompressionPressure,0.6968114125131533,7146.5,7148.0,7142.75,7145.25,Down,-1,7146.75,5.25,8.410714285714286,5,7127.25,-18.0,-2.140127388535032,18.0,2.140127388535032,20.5,-3.0,2.4373673036093417,-0.3566878980891719,1,1
ES,xApvaV01StateLog_ES.csv,914,2026-04-20 07:45:00,Unresolved,Unresolved->Unresolved->Unresolved->Unresolved,Pure Unresolved Compression Equilibrium,Exact,1.0,0.8812908992278072,0.1111111111111111,0.7,0.0,0.0,0.1653733877500932,0.0138888888888888,0.7921415410204843,0.2344490508727494,CompressionPressure,0.7921415410204843,7145.25,7145.5,7139.5,7141.5,Down,-1,7145.25,6.0,7.375,5,7125.5,-16.0,-2.169491525423729,16.0,2.169491525423729,20.0,-6.75,2.711864406779661,-0.9152542372881356,1,1
ES,xApvaV01StateLog_ES.csv,915,2026-04-20 07:50:00,Unresolved,Unresolved->Unresolved->Unresolved->Unresolved,Pure Unresolved Compression Equilibrium,Exact,1.0,0.7219280948844771,0.1111111111111111,0.8,0.0,0.0,0.1892412691242961,0.0138888888888888,0.8437683829586091,0.199588437422646,CompressionPressure,0.8437683829586091,7141.5,7148.0,7139.5,7147.0,Down,-1,7141.5,8.5,7.232142857142857,5,7127.75,-19.25,-2.6617283950617283,19.25,2.6617283950617283,25.5,-1.25,3.525925925925926,-0.1728395061728395,1,1
ES,xApvaV01StateLog_ES.csv,916,2026-04-20 07:55:00,Degrading,Unresolved->Unresolved->Unresolved->Degrading,Sponsor Exhaustion Collapse,Exact,1.0,0.9219280948830342,0.2222222222222222,0.8,0.0,0.0,0.1617759913466288,0.1277777777777777,0.3534906051809214,0.285005104088997,CompressionPressure,0.3534906051809214,7147.25,7148.25,7124.75,7138.0,Down,-1,7147.0,23.5,8.339285714285714,5,7129.5,-8.5,-1.0192719486081372,8.5,1.0192719486081372,16.5,0.25,1.978586723768737,0.0299785867237687,1,1
ES,xApvaV01StateLog_ES.csv,917,2026-04-20 08:00:00,Degrading,Unresolved->Unresolved->Degrading->Degrading,Sponsor Exhaustion Collapse,Exact,1.0,0.7219280948844771,0.1111111111111111,0.8,0.0,0.0,0.1892412691242961,0.1138888888888889,0.3937683829586091,0.199588437422646,CompressionPressure,0.3937683829586091,7137.75,7137.75,7129.25,7131.75,Down,-1,7138.0,8.75,8.375,5,7136.5,4.75,0.5671641791044776,-4.75,-0.5671641791044776,10.25,-9.5,1.2238805970149254,-1.1343283582089552,0,1
ES,xApvaV01StateLog_ES.csv,918,2026-04-20 08:05:00,Degrading,Unresolved->Degrading->Degrading->Degrading,Sponsor Exhaustion Collapse,Exact,1.0,0.8812908992278072,0.1111111111111111,0.7,0.0,0.0,0.1653733877500932,0.1138888888888889,0.3421415410204842,0.2344490508727494,CompressionPressure,0.3421415410204842,7131.75,7136.25,7125.0,7127.25,Down,-1,7131.75,11.25,8.553571428571429,5,7143.0,15.75,1.8413361169102296,-15.75,-1.8413361169102296,5.75,-18.0,0.6722338204592901,-2.104384133611691,0,1
ES,xApvaV01StateLog_ES.csv,919,2026-04-20 08:10:00,Degrading,Degrading->Degrading->Degrading->Degrading,Sponsor Exhaustion Collapse,Exact,1.0,0.9709505944517832,0.1111111111111111,0.6,0.0,0.0,0.1468421506678408,0.1138888888888889,0.294871143402319,0.2540621092029942,CompressionPressure,0.294871143402319,7127.0,7130.0,7121.5,7125.5,Down,-1,7127.25,8.5,8.714285714285714,5,7135.75,10.25,1.1762295081967211,-10.25,-1.1762295081967211,2.5,-19.75,0.2868852459016394,-2.266393442622951,0,1
ES,xApvaV01StateLog_ES.csv,925,2026-04-20 08:40:00,Unresolved,Degrading->Degrading->Degrading->Unresolved,Stable Compression Basin,Exact,1.0,0.9219280948830342,0.3333333333333333,0.8,0.0,0.0,0.149623213568851,0.0416666666666666,0.7757128274031437,0.3266717707556637,CompressionPressure,0.7757128274031437,7135.75,7137.25,7132.75,7136.25,Up,1,7135.75,4.5,9.410714285714286,5,7131.5,-4.75,-0.5047438330170777,-4.75,-0.5047438330170777,4.5,-5.5,0.4781783681214421,-0.5844402277039847,0,1
ES,xApvaV01StateLog_ES.csv,926,2026-04-20 08:45:00,Unresolved,Degrading->Degrading->Unresolved->Unresolved,Stable Compression Basin,Exact,1.0,1.1567796494427114,0.3333333333333333,0.7,0.0,0.0,0.119975724756209,0.0416666666666666,0.7193679385764972,0.3780455483155931,CompressionPressure,0.7193679385764972,7136.25,7140.75,7134.5,7135.5,Up,1,7136.25,6.25,9.357142857142858,5,7134.75,-0.75,-0.0801526717557251,-0.75,-0.0801526717557251,3.5,-4.75,0.3740458015267175,-0.5076335877862596,0,1
ES,xApvaV01StateLog_ES.csv,929,2026-04-20 09:00:00,Unresolved,Unresolved->Balance->Balance->Unresolved,Stable Compression Basin,Exact,1.0,1.5709505944503404,0.4444444444444444,0.4,0.0,0.0,0.0411129840012847,0.0555555555555555,0.5407044767357427,0.5103121092026786,CompressionPressure,0.5407044767357427,7135.25,7137.75,7135.0,7136.0,Up,1,7135.25,2.75,8.875,5,7136.0,0.0,0.0,0.0,0.0,2.0,-5.75,0.2253521126760563,-0.647887323943662,0,1
ES,xApvaV01StateLog_ES.csv,930,2026-04-20 09:05:00,Unresolved,Balance->Balance->Unresolved->Unresolved,Stable Compression Basin,Exact,1.0,1.5219280948830345,0.3333333333333333,0.4,0.0,0.0,0.0570190469021843,0.0416666666666666,0.571546160736477,0.4579217707556637,CompressionPressure,0.571546160736477,7136.25,7137.25,7130.75,7131.5,Up,1,7136.0,6.5,7.660714285714286,5,7136.5,5.0,0.6526806526806527,5.0,0.6526806526806527,6.75,-1.25,0.8811188811188811,-0.1631701631701631,1,1
ES,xApvaV01StateLog_ES.csv,931,2026-04-20 09:10:00,Unresolved,Balance->Unresolved->Unresolved->Unresolved,Stable Compression Basin,Exact,1.0,1.4854752972230063,0.3333333333333333,0.5,0.0,0.0,0.0714766308896969,0.0416666666666666,0.6154911272568955,0.4499477212675326,CompressionPressure,0.6154911272568955,7131.5,7136.5,7130.75,7134.75,Up,1,7131.5,5.75,7.446428571428571,5,7139.25,4.5,0.60431654676259,4.5,0.60431654676259,6.5,-4.5,0.8729016786570744,-0.60431654676259,1,1
ES,xApvaV01StateLog_ES.csv,932,2026-04-20 09:15:00,Unresolved,Unresolved->Unresolved->Unresolved->Unresolved,Pure Unresolved Compression Equilibrium,Exact,1.0,1.7609640474379105,0.4444444444444444,0.5,0.0,0.0,0.0505555555555555,0.0555555555555555,0.5805555555555556,0.5166666666666666,CompressionPressure,0.5805555555555556,7134.75,7137.75,7134.75,7136.0,Up,1,7134.75,3.0,6.857142857142857,5,7135.75,-0.25,-0.0364583333333333,-0.25,-0.0364583333333333,5.25,-5.75,0.765625,-0.8385416666666667,0,1
ES,xApvaV01StateLog_ES.csv,933,2026-04-20 09:20:00,Unresolved,Unresolved->Unresolved->Unresolved->Unresolved,Pure Unresolved Compression Equilibrium,Exact,1.0,1.7609640474379105,0.4444444444444444,0.5,0.0,0.0,0.0505555555555555,0.0555555555555555,0.5805555555555556,0.5166666666666666,CompressionPressure,0.5805555555555556,7136.0,7136.25,7130.25,7135.25,Up,1,7136.0,6.0,6.678571428571429,5,7137.0,1.75,0.2620320855614973,1.75,0.2620320855614973,6.0,-1.25,0.8983957219251336,-0.1871657754010695,1,1
ES,xApvaV01StateLog_ES.csv,936,2026-04-20 09:35:00,Unresolved,Unresolved->Degrading->Unresolved->Unresolved,Stable Compression Basin,Exact,1.0,1.7609640474379105,0.4444444444444444,0.5,0.0,0.0,0.0505555555555555,0.0555555555555555,0.5805555555555556,0.5166666666666666,CompressionPressure,0.5805555555555556,7136.75,7141.25,7136.75,7139.25,Up,1,7136.5,4.75,5.392857142857143,5,7136.75,-2.5,-0.4635761589403973,-2.5,-0.4635761589403973,1.5,-5.25,0.2781456953642384,-0.9735099337748344,0,1
ES,xApvaV01StateLog_ES.csv,937,2026-04-20 09:40:00,Unresolved,Degrading->Unresolved->Unresolved->Unresolved,Stable Compression Basin,Exact,1.0,1.5709505944488975,0.4444444444444444,0.6,0.0,0.0,0.0644463173347285,0.0555555555555555,0.6240378100691661,0.510312109202363,CompressionPressure,0.6240378100691661,7139.5,7140.0,7134.0,7135.75,Up,1,7139.25,6.0,5.125,5,7134.5,-1.25,-0.2439024390243902,-1.25,-0.2439024390243902,5.0,-3.0,0.975609756097561,-0.5853658536585366,0,1
ES,xApvaV01StateLog_ES.csv,938,2026-04-20 09:45:00,Unresolved,Unresolved->Unresolved->Unresolved->Unresolved,Pure Unresolved Compression Equilibrium,Exact,1.0,1.2954618442339936,0.4444444444444444,0.6,0.0,0.0,0.085538424773057,0.0555555555555555,0.6412558569575977,0.4500489450928527,CompressionPressure,0.6412558569575977,7135.75,7140.75,7134.0,7137.0,Up,1,7135.75,6.75,4.946428571428571,5,7138.25,1.25,0.2527075812274368,1.25,0.2527075812274368,2.25,-4.25,0.4548736462093863,-0.8592057761732852,1,1
ES,xApvaV01StateLog_ES.csv,939,2026-04-20 09:50:00,Unresolved,Unresolved->Unresolved->Unresolved->Unresolved,Pure Unresolved Compression Equilibrium,Exact,1.0,1.360964047439353,0.4444444444444444,0.5,0.0,0.0,0.0688567456734801,0.0555555555555555,0.595495302590596,0.4643775520440251,CompressionPressure,0.595495302590596,7137.25,7139.25,7136.75,7137.5,Up,1,7137.0,2.5,4.803571428571429,5,7140.75,3.25,0.6765799256505576,3.25,0.6765799256505576,4.25,-4.75,0.8847583643122676,-0.9888475836431226,1,1
ES,xApvaV01StateLog_ES.csv,940,2026-04-20 09:55:00,Unresolved,Unresolved->Unresolved->Unresolved->Unresolved,Pure Unresolved Compression Equilibrium,Exact,1.0,1.360964047439353,0.4444444444444444,0.5,0.0,0.0,0.0688567456734801,0.0555555555555555,0.595495302590596,0.4643775520440251,CompressionPressure,0.595495302590596,7137.5,7138.5,7135.5,7138.0,Up,1,7137.5,3.0,4.571428571428571,5,7143.25,5.25,1.1484375,5.25,1.1484375,6.0,-5.25,1.3125,-1.1484375,1,1
ES,xApvaV01StateLog_ES.csv,941,2026-04-20 10:00:00,Unresolved,Unresolved->Unresolved->Unresolved->Unresolved,Pure Unresolved Compression Equilibrium,Exact,1.0,1.2954618442339936,0.3333333333333333,0.6,0.0,0.0,0.0976912025508348,0.0416666666666666,0.6690336347353755,0.4083822784261861,CompressionPressure,0.6690336347353755,7137.75,7138.0,7135.0,7136.75,Up,1,7138.0,3.0,4.375,5,7142.75,6.0,1.3714285714285714,6.0,1.3714285714285714,7.5,-4.0,1.7142857142857142,-0.9142857142857144,1,1
ES,xApvaV01StateLog_ES.csv,942,2026-04-20 10:05:00,Unresolved,Unresolved->Unresolved->Unresolved->Unresolved,Pure Unresolved Compression Equilibrium,Exact,1.0,1.2954618442339936,0.3333333333333333,0.6,0.0,0.0,0.0976912025508348,0.0416666666666666,0.6690336347353755,0.4083822784261861,CompressionPressure,0.6690336347353755,7136.75,7139.0,7132.75,7134.5,Down,-1,7136.75,6.25,4.5,5,7140.25,5.75,1.2777777777777777,-5.75,-1.2777777777777777,0.5,-9.75,0.1111111111111111,-2.1666666666666665,0,1
ES,xApvaV01StateLog_ES.csv,943,2026-04-20 10:10:00,Unresolved,Unresolved->Unresolved->Unresolved->Unresolved,Pure Unresolved Compression Equilibrium,Exact,1.0,1.2954618442339936,0.2222222222222222,0.6,0.0,0.0,0.1098439803286126,0.0277777777777777,0.6968114125131533,0.3667156117595194,CompressionPressure,0.6968114125131533,7134.5,7139.0,7134.0,7138.25,Down,-1,7134.5,5.0,4.660714285714286,5,7136.75,-1.5,-0.3218390804597701,1.5,0.3218390804597701,2.0,-6.0,0.4291187739463601,-1.2873563218390804,1,1
ES,xApvaV01StateLog_ES.csv,944,2026-04-20 10:15:00,Unresolved,Unresolved->Unresolved->Unresolved->Unresolved,Pure Unresolved Compression Equilibrium,Exact,1.0,0.8812908992278072,0.1111111111111111,0.7,0.0,0.0,0.1653733877500932,0.0138888888888888,0.7921415410204843,0.2344490508727494,CompressionPressure,0.7921415410204843,7138.5,7141.75,7137.25,7140.75,Up,1,7138.25,4.5,4.517857142857143,5,7139.25,-1.5,-0.3320158102766798,-1.5,-0.3320158102766798,3.5,-4.5,0.7747035573122529,-0.9960474308300394,0,1
ES,xApvaV01StateLog_ES.csv,945,2026-04-20 10:20:00,Unresolved,Unresolved->Unresolved->Unresolved->Unresolved,Pure Unresolved Compression Equilibrium,Exact,1.0,0.7219280948844771,0.1111111111111111,0.8,0.0,0.0,0.1892412691242961,0.0138888888888888,0.8437683829586091,0.199588437422646,CompressionPressure,0.8437683829586091,7140.75,7144.0,7139.75,7143.25,Up,1,7140.75,4.25,4.410714285714286,5,7140.0,-3.25,-0.736842105263158,-3.25,-0.736842105263158,1.0,-7.0,0.2267206477732793,-1.5870445344129556,0,1
ES,xApvaV01StateLog_ES.csv,946,2026-04-20 10:25:00,Unresolved,Unresolved->Unresolved->Unresolved->Unresolved,Pure Unresolved Compression Equilibrium,Exact,1.0,0.4689955935863958,0.1111111111111111,0.9,0.0,0.0,0.2202730804215971,0.0138888888888888,0.9012433309564056,0.1442594527636907,CompressionPressure,0.9012433309564056,7143.25,7144.25,7140.5,7142.75,Up,1,7143.25,3.75,4.464285714285714,5,7140.0,-2.75,-0.616,-2.75,-0.616,0.5,-6.5,0.112,-1.456,0,1
ES,xApvaV01StateLog_ES.csv,947,2026-04-20 10:30:00,Balance,Unresolved->Unresolved->Unresolved->Balance,Unstable Rotational Balance,Exact,1.0,0.4689955935863958,0.1111111111111111,0.9,0.0,0.0,0.2202730804215971,0.0138888888888888,0.4512433309564058,0.3942594527636907,CompressionPressure,0.4512433309564058,7142.75,7143.25,7139.75,7140.25,Down,-1,7142.75,3.5,4.285714285714286,5,7140.5,0.25,0.0583333333333333,-0.25,-0.0583333333333333,4.0,-2.75,0.9333333333333332,-0.6416666666666667,0,1
ES,xApvaV01StateLog_ES.csv,948,2026-04-20 10:35:00,Unresolved,Unresolved->Unresolved->Balance->Unresolved,Stable Compression Basin,Exact,1.0,0.9219280948830342,0.2222222222222222,0.8,0.0,0.0,0.1617759913466288,0.0277777777777777,0.8034906051809215,0.285005104088997,CompressionPressure,0.8034906051809215,7140.0,7140.5,7136.25,7136.75,Down,-1,7140.25,4.25,4.321428571428571,5,7137.75,1.0,0.2314049586776859,-1.0,-0.2314049586776859,0.5,-6.25,0.1157024793388429,-1.4462809917355373,0,1
ES,xApvaV01StateLog_ES.csv,949,2026-04-20 10:40:00,Unresolved,Unresolved->Balance->Unresolved->Unresolved,Stable Compression Basin,Exact,1.0,1.1567796494427114,0.2222222222222222,0.7,0.0,0.0,0.1321285025339868,0.0277777777777777,0.747145716354275,0.3363788816489264,CompressionPressure,0.747145716354275,7136.75,7139.75,7136.25,7139.25,Down,-1,7136.75,3.5,4.357142857142857,5,7137.5,-1.75,-0.4016393442622951,1.75,0.4016393442622951,4.25,-3.75,0.975409836065574,-0.8606557377049181,1,1
ES,xApvaV01StateLog_ES.csv,950,2026-04-20 10:45:00,Unresolved,Balance->Unresolved->Unresolved->Unresolved,Stable Compression Basin,Exact,1.0,1.2954618442339936,0.2222222222222222,0.6,0.0,0.0,0.1098439803286126,0.0277777777777777,0.6968114125131533,0.3667156117595194,CompressionPressure,0.6968114125131533,7139.0,7143.0,7136.5,7140.0,Up,1,7139.25,6.5,4.482142857142857,5,7142.25,2.25,0.50199203187251,2.25,0.50199203187251,3.0,-5.0,0.6693227091633467,-1.1155378486055778,1,1
ES,xApvaV01StateLog_ES.csv,951,2026-04-20 10:50:00,Unresolved,Unresolved->Unresolved->Unresolved->Unresolved,Pure Unresolved Compression Equilibrium,Exact,1.0,1.2954618442339936,0.3333333333333333,0.6,0.0,0.0,0.0976912025508348,0.0416666666666666,0.6690336347353755,0.4083822784261861,CompressionPressure,0.6690336347353755,7140.0,7141.0,7138.5,7140.0,Up,1,7140.0,2.5,4.232142857142857,5,7142.25,2.25,0.5316455696202532,2.25,0.5316455696202532,3.0,-5.0,0.708860759493671,-1.181434599156118,1,1
ES,xApvaV01StateLog_ES.csv,952,2026-04-20 10:55:00,Unresolved,Unresolved->Unresolved->Unresolved->Unresolved,Pure Unresolved Compression Equilibrium,Exact,1.0,1.2954618442339936,0.3333333333333333,0.6,0.0,0.0,0.0976912025508348,0.0416666666666666,0.6690336347353755,0.4083822784261861,CompressionPressure,0.6690336347353755,7140.25,7141.0,7138.5,7140.5,Up,1,7140.0,2.5,3.928571428571429,5,7144.25,3.75,0.9545454545454546,3.75,0.9545454545454546,4.5,-5.5,1.1454545454545455,-1.4,1,1
ES,xApvaV01StateLog_ES.csv,953,2026-04-20 11:00:00,Unresolved,Unresolved->Unresolved->Unresolved->Unresolved,Pure Unresolved Compression Equilibrium,Exact,1.0,1.2954618442339936,0.3333333333333333,0.6,0.0,0.0,0.0976912025508348,0.0416666666666666,0.6690336347353755,0.4083822784261861,CompressionPressure,0.6690336347353755,7140.5,7140.75,7137.0,7137.75,Up,1,7140.5,3.75,4.017857142857143,5,7146.5,8.75,2.1777777777777776,8.75,2.1777777777777776,8.75,-2.75,2.1777777777777776,-0.6844444444444444,1,1
ES,xApvaV01StateLog_ES.csv,954,2026-04-20 11:05:00,Unresolved,Unresolved->Unresolved->Unresolved->Unresolved,Pure Unresolved Compression Equilibrium,Exact,1.0,1.2954618442339936,0.3333333333333333,0.6,0.0,0.0,0.0976912025508348,0.0416666666666666,0.6690336347353755,0.4083822784261861,CompressionPressure,0.6690336347353755,7137.75,7138.25,7135.0,7137.5,Down,-1,7137.75,3.25,4.035714285714286,5,7143.5,6.0,1.4867256637168142,-6.0,-1.4867256637168142,1.75,-9.0,0.4336283185840708,-2.230088495575221,0,1
ES,xApvaV01StateLog_ES.csv,955,2026-04-20 11:10:00,Unresolved,Unresolved->Unresolved->Unresolved->Unresolved,Pure Unresolved Compression Equilibrium,Exact,1.0,1.2954618442339936,0.3333333333333333,0.6,0.0,0.0,0.0976912025508348,0.0416666666666666,0.6690336347353755,0.4083822784261861,CompressionPressure,0.6690336347353755,7137.25,7143.0,7137.25,7142.25,Down,-1,7137.5,5.75,4.232142857142857,5,7143.5,1.25,0.2953586497890295,-1.25,-0.2953586497890295,6.5,-4.25,1.5358649789029537,-1.0042194092827006,0,1
ES,xApvaV01StateLog_ES.csv,956,2026-04-20 11:15:00,Unresolved,Unresolved->Unresolved->Unresolved->Unresolved,Pure Unresolved Compression Equilibrium,Exact,1.0,1.2954618442339936,0.2222222222222222,0.6,0.0,0.0,0.1098439803286126,0.0277777777777777,0.6968114125131533,0.3667156117595194,CompressionPressure,0.6968114125131533,7142.0,7142.5,7135.75,7142.25,Up,1,7142.25,6.75,4.267857142857143,5,7139.75,-2.5,-0.5857740585774058,-2.5,-0.5857740585774058,4.25,-2.75,0.99581589958159,-0.6443514644351463,0,1
ES,xApvaV01StateLog_ES.csv,957,2026-04-20 11:20:00,Unresolved,Unresolved->Unresolved->Unresolved->Unresolved,Pure Unresolved Compression Equilibrium,Exact,1.0,0.8812908992278072,0.1111111111111111,0.7,0.0,0.0,0.1653733877500932,0.0138888888888888,0.7921415410204843,0.2344490508727494,CompressionPressure,0.7921415410204843,7142.25,7145.0,7141.0,7144.25,Up,1,7142.25,4.0,4.196428571428571,5,7141.5,-2.75,-0.6553191489361703,-2.75,-0.6553191489361703,2.25,-5.25,0.5361702127659574,-1.251063829787234,0,1
ES,xApvaV01StateLog_ES.csv,958,2026-04-20 11:25:00,Unresolved,Unresolved->Unresolved->Unresolved->Unresolved,Pure Unresolved Compression Equilibrium,Exact,1.0,0.7219280948844771,0.1111111111111111,0.8,0.0,0.0,0.1892412691242961,0.0138888888888888,0.8437683829586091,0.199588437422646,CompressionPressure,0.8437683829586091,7144.5,7146.5,7143.25,7146.5,Up,1,7144.25,3.25,4.107142857142857,5,7143.75,-2.75,-0.6695652173913044,-2.75,-0.6695652173913044,0.0,-7.5,0.0,-1.8260869565217392,0,1
ES,xApvaV01StateLog_ES.csv,959,2026-04-20 11:30:00,Unresolved,Unresolved->Unresolved->Unresolved->Unresolved,Pure Unresolved Compression Equilibrium,Exact,1.0,0.4689955935863958,0.1111111111111111,0.9,0.0,0.0,0.2202730804215971,0.0138888888888888,0.9012433309564056,0.1442594527636907,CompressionPressure,0.9012433309564056,7146.25,7146.5,7140.5,7143.5,Up,1,7146.5,6.0,4.232142857142857,5,7146.25,2.75,0.649789029535865,2.75,0.649789029535865,3.25,-4.5,0.7679324894514769,-1.0632911392405064,1,1
ES,xApvaV01StateLog_ES.csv,960,2026-04-20 11:35:00,Unresolved,Unresolved->Unresolved->Unresolved->Unresolved,Pure Unresolved Compression Equilibrium,Exact,1.0,-1.4428232973175177e-12,0.0,1.0,0.0,0.0,0.2799999999999999,0.0,1.0,0.0,CompressionPressure,1.0,7143.75,7144.25,7140.0,7143.5,Down,-1,7143.5,4.25,4.267857142857143,5,7143.0,-0.5,-0.1171548117154811,0.5,0.1171548117154811,4.5,-3.25,1.0543933054393304,-0.7615062761506275,1,1
ES,xApvaV01StateLog_ES.csv,961,2026-04-20 11:40:00,Unresolved,Unresolved->Unresolved->Unresolved->Unresolved,Pure Unresolved Compression Equilibrium,Exact,1.0,-1.4428232973175177e-12,0.0,1.0,0.0,0.0,0.2799999999999999,0.0,1.0,0.0,CompressionPressure,1.0,7143.25,7144.0,7139.5,7139.75,Down,-1,7143.5,4.5,4.339285714285714,5,7143.25,3.5,0.8065843621399177,-3.5,-0.8065843621399177,0.75,-7.0,0.1728395061728395,-1.6131687242798354,0,1
ES,xApvaV01StateLog_ES.csv,962,2026-04-20 11:45:00,Unresolved,Unresolved->Unresolved->Unresolved->Unresolved,Pure Unresolved Compression Equilibrium,Exact,1.0,-1.4428232973175177e-12,0.0,1.0,0.0,0.0,0.2799999999999999,0.0,1.0,0.0,CompressionPressure,1.0,7139.5,7143.25,7139.0,7141.5,Down,-1,7139.75,4.25,4.339285714285714,5,7144.75,3.25,0.7489711934156379,-3.25,-0.7489711934156379,0.75,-5.25,0.1728395061728395,-1.2098765432098766,0,1
ES,xApvaV01StateLog_ES.csv,963,2026-04-20 11:50:00,Unresolved,Unresolved->Unresolved->Unresolved->Unresolved,Pure Unresolved Compression Equilibrium,Exact,1.0,-1.4428232973175177e-12,0.0,1.0,0.0,0.0,0.2799999999999999,0.0,1.0,0.0,CompressionPressure,1.0,7141.75,7144.25,7140.75,7143.75,Up,1,7141.5,3.5,4.339285714285714,5,7145.0,1.25,0.2880658436213991,1.25,0.2880658436213991,3.0,-1.5,0.691358024691358,-0.345679012345679,1,1
ES,xApvaV01StateLog_ES.csv,964,2026-04-20 11:55:00,Unresolved,Unresolved->Unresolved->Unresolved->Unresolved,Pure Unresolved Compression Equilibrium,Exact,1.0,-1.4428232973175177e-12,0.0,1.0,0.0,0.0,0.2799999999999999,0.0,1.0,0.0,CompressionPressure,1.0,7143.75,7146.75,7143.75,7146.25,Up,1,7143.75,3.0,4.089285714285714,5,7143.75,-2.5,-0.611353711790393,-2.5,-0.611353711790393,0.25,-4.0,0.0611353711790393,-0.9781659388646288,0,1
ES,xApvaV01StateLog_ES.csv,965,2026-04-20 12:00:00,Unresolved,Unresolved->Unresolved->Unresolved->Unresolved,Pure Unresolved Compression Equilibrium,Exact,1.0,-1.4428232973175177e-12,0.0,1.0,0.0,0.0,0.2799999999999999,0.0,1.0,0.0,CompressionPressure,1.0,7146.5,7146.5,7142.25,7143.0,Up,1,7146.25,4.25,4.214285714285714,5,7142.0,-1.0,-0.2372881355932203,-1.0,-0.2372881355932203,3.0,-1.5,0.711864406779661,-0.3559322033898305,0,1
ES,xApvaV01StateLog_ES.csv,966,2026-04-20 12:05:00,Unresolved,Unresolved->Unresolved->Unresolved->Unresolved,Pure Unresolved Compression Equilibrium,Exact,1.0,-1.4428232973175177e-12,0.0,1.0,0.0,0.0,0.2799999999999999,0.0,1.0,0.0,CompressionPressure,1.0,7143.25,7145.0,7142.25,7143.25,Up,1,7143.0,2.75,4.232142857142857,5,7140.75,-2.5,-0.5907172995780591,-2.5,-0.5907172995780591,2.75,-3.25,0.649789029535865,-0.7679324894514769,0,1
ES,xApvaV01StateLog_ES.csv,967,2026-04-20 12:10:00,Unresolved,Unresolved->Unresolved->Unresolved->Unresolved,Pure Unresolved Compression Equilibrium,Exact,1.0,-1.4428232973175177e-12,0.0,1.0,0.0,0.0,0.2799999999999999,0.0,1.0,0.0,CompressionPressure,1.0,7143.25,7146.0,7142.5,7144.75,Up,1,7143.25,3.5,4.214285714285714,5,7138.75,-6.0,-1.423728813559322,-6.0,-1.423728813559322,0.75,-6.5,0.1779661016949152,-1.542372881355932,0,1
ES,xApvaV01StateLog_ES.csv,968,2026-04-20 12:15:00,Unresolved,Unresolved->Unresolved->Unresolved->Unresolved,Pure Unresolved Compression Equilibrium,Exact,1.0,-1.4428232973175177e-12,0.0,1.0,0.0,0.0,0.2799999999999999,0.0,1.0,0.0,CompressionPressure,1.0,7144.75,7145.5,7143.75,7145.0,Up,1,7144.75,1.75,4.107142857142857,5,7140.0,-5.0,-1.2173913043478262,-5.0,-1.2173913043478262,0.5,-7.5,0.1217391304347826,-1.8260869565217392,0,1
ES,xApvaV01StateLog_ES.csv,969,2026-04-20 12:20:00,Unresolved,Unresolved->Unresolved->Unresolved->Unresolved,Pure Unresolved Compression Equilibrium,Exact,1.0,-1.4428232973175177e-12,0.0,1.0,0.0,0.0,0.2799999999999999,0.0,1.0,0.0,CompressionPressure,1.0,7145.0,7145.5,7143.25,7143.75,Up,1,7145.0,2.25,3.857142857142857,5,7137.5,-6.25,-1.6203703703703702,-6.25,-1.6203703703703702,0.5,-7.0,0.1296296296296296,-1.8148148148148149,0,1
ES,xApvaV01StateLog_ES.csv,970,2026-04-20 12:25:00,Unresolved,Unresolved->Unresolved->Unresolved->Unresolved,Pure Unresolved Compression Equilibrium,Exact,1.0,-1.4428232973175177e-12,0.0,1.0,0.0,0.0,0.2799999999999999,0.0,1.0,0.0,CompressionPressure,1.0,7143.75,7144.25,7141.5,7142.0,Down,-1,7143.75,2.75,3.571428571428572,5,7139.75,-2.25,-0.63,2.25,0.63,5.5,-0.25,1.5399999999999998,-0.0699999999999999,1,1
ES,xApvaV01StateLog_ES.csv,971,2026-04-20 12:30:00,Unresolved,Unresolved->Unresolved->Unresolved->Unresolved,Pure Unresolved Compression Equilibrium,Exact,1.0,-1.4428232973175177e-12,0.0,1.0,0.0,0.0,0.2799999999999999,0.0,1.0,0.0,CompressionPressure,1.0,7142.0,7142.25,7140.0,7140.75,Down,-1,7142.0,2.25,3.446428571428572,5,7141.0,0.25,0.0725388601036269,-0.25,-0.0725388601036269,4.25,-1.75,1.233160621761658,-0.5077720207253885,0,1
ES,xApvaV01StateLog_ES.csv,984,2026-04-20 13:35:00,Unresolved,Balance->Balance->Unresolved->Unresolved,Stable Compression Basin,Exact,1.0,1.2954618442339936,0.4444444444444444,0.6,0.1,0.0,0.0925384247730571,0.0555555555555555,0.6412558569575977,0.4500489450928527,CompressionPressure,0.6412558569575977,7147.5,7155.5,7145.0,7155.5,Down,-1,7147.5,10.5,3.7857142857142856,5,7152.0,-3.5,-0.9245283018867924,3.5,0.9245283018867924,4.25,-5.0,1.1226415094339623,-1.3207547169811322,1,1
ES,xApvaV01StateLog_ES.csv,985,2026-04-20 13:40:00,Unresolved,Balance->Unresolved->Unresolved->Unresolved,Stable Compression Basin,Exact,1.0,1.360964047439353,0.4444444444444444,0.5,0.0,0.0,0.0688567456734801,0.0555555555555555,0.595495302590596,0.4643775520440251,CompressionPressure,0.595495302590596,7155.25,7160.5,7155.25,7158.75,Up,1,7155.5,5.25,4.0,5,7153.5,-5.25,-1.3125,-5.25,-1.3125,5.25,-8.5,1.3125,-2.125,0,1
ES,xApvaV01StateLog_ES.csv,986,2026-04-20 13:45:00,Unresolved,Unresolved->Unresolved->Unresolved->Unresolved,Pure Unresolved Compression Equilibrium,Exact,1.0,1.7219280948815914,0.4444444444444444,0.4,0.0,0.0,0.0388888888888888,0.0555555555555555,0.538888888888889,0.5166666666666666,CompressionPressure,0.538888888888889,7158.75,7160.0,7157.0,7157.75,Up,1,7158.75,3.0,3.928571428571429,5,7150.0,-7.75,-1.9727272727272729,-7.75,-1.9727272727272729,6.25,-10.75,1.590909090909091,-2.7363636363636363,0,1
ES,xApvaV01StateLog_ES.csv,987,2026-04-20 13:50:00,Unresolved,Unresolved->Unresolved->Unresolved->Unresolved,Pure Unresolved Compression Equilibrium,Exact,1.0,1.5219280948830345,0.3333333333333333,0.4,0.0,0.0,0.0570190469021843,0.0416666666666666,0.571546160736477,0.4579217707556637,CompressionPressure,0.571546160736477,7157.5,7157.5,7151.5,7152.75,Down,-1,7157.75,6.25,4.125,5,7156.5,3.75,0.9090909090909092,-3.75,-0.9090909090909092,5.75,-11.25,1.393939393939394,-2.727272727272727,0,1
ES,xApvaV01StateLog_ES.csv,988,2026-04-20 13:55:00,Unresolved,Unresolved->Unresolved->Unresolved->Unresolved,Pure Unresolved Compression Equilibrium,Exact,1.0,1.5709505944503404,0.3333333333333333,0.4,0.0,0.0,0.0532657617790625,0.0416666666666666,0.5684822545135204,0.4686454425360119,CompressionPressure,0.5684822545135204,7153.0,7154.5,7152.5,7153.5,Down,-1,7152.75,2.0,3.982142857142857,5,7161.75,8.25,2.0717488789237666,-8.25,-2.0717488789237666,6.5,-10.5,1.6322869955156951,-2.6367713004484306,0,1
ES,xApvaV01StateLog_ES.csv,989,2026-04-20 14:00:00,Unresolved,Unresolved->Unresolved->Unresolved->Unresolved,Pure Unresolved Compression Equilibrium,Exact,1.0,1.5219280948830345,0.2222222222222222,0.4,0.0,0.0,0.0691718246799621,0.0277777777777777,0.5993239385142548,0.416255104088997,CompressionPressure,0.5993239385142548,7153.5,7154.25,7151.25,7152.0,Down,-1,7153.5,3.0,3.946428571428572,5,7166.25,14.25,3.610859728506787,-14.25,-3.610859728506787,5.0,-16.5,1.2669683257918551,-4.1809954751131215,0,1
ES,xApvaV01StateLog_ES.csv,990,2026-04-21 06:35:00,Unresolved,Unresolved->Unresolved->Unresolved->Unresolved,Pure Unresolved Compression Equilibrium,Exact,1.0,1.4854752972230063,0.2222222222222222,0.5,0.0,0.0,0.0836294086674746,0.0277777777777777,0.6432689050346733,0.4082810546008659,CompressionPressure,0.6432689050346733,7162.25,7164.0,7150.25,7153.5,Down,-1,7152.0,13.75,4.589285714285714,5,7167.75,14.25,3.105058365758755,-14.25,-3.105058365758755,6.5,-15.0,1.4163424124513615,-3.268482490272373,0,1
ES,xApvaV01StateLog_ES.csv,991,2026-04-21 06:40:00,Unresolved,Unresolved->Unresolved->Unresolved->Unresolved,Pure Unresolved Compression Equilibrium,Exact,1.0,1.3709505944503406,0.2222222222222222,0.6,0.0,0.0,0.1040643728901735,0.0277777777777777,0.6920933656246315,0.3832287758693453,CompressionPressure,0.6920933656246315,7153.5,7154.25,7147.0,7150.0,Down,-1,7153.5,7.25,4.392857142857143,5,7165.5,15.5,3.5284552845528454,-15.5,-3.5284552845528454,0.5,-19.75,0.1138211382113821,-4.495934959349593,0,1
ES,xApvaV01StateLog_ES.csv,992,2026-04-21 06:45:00,Unresolved,Unresolved->Unresolved->Unresolved->Unresolved,Pure Unresolved Compression Equilibrium,Exact,1.0,1.1567796494427114,0.2222222222222222,0.7,0.0,0.0,0.1321285025339868,0.0277777777777777,0.747145716354275,0.3363788816489264,CompressionPressure,0.747145716354275,7150.25,7156.75,7149.5,7156.5,Down,-1,7150.0,7.25,4.732142857142857,5,7170.25,13.75,2.905660377358491,-13.75,-2.905660377358491,3.25,-15.25,0.6867924528301887,-3.2226415094339624,0,1
ES,xApvaV01StateLog_ES.csv,993,2026-04-21 06:50:00,Unresolved,Unresolved->Unresolved->Unresolved->Unresolved,Pure Unresolved Compression Equilibrium,Exact,1.0,0.7219280948844771,0.1111111111111111,0.8,0.0,0.0,0.1892412691242961,0.0138888888888888,0.8437683829586091,0.199588437422646,CompressionPressure,0.8437683829586091,7156.5,7164.0,7153.25,7161.75,Up,1,7156.5,10.75,5.410714285714286,5,7170.0,8.25,1.5247524752475248,8.25,1.5247524752475248,10.0,-1.0,1.848184818481848,-0.1848184818481848,1,1
ES,xApvaV01StateLog_ES.csv,994,2026-04-21 06:55:00,Unresolved,Unresolved->Unresolved->Unresolved->Unresolved,Pure Unresolved Compression Equilibrium,Exact,1.0,0.4689955935863958,0.1111111111111111,0.9,0.0,0.0,0.2202730804215971,0.0138888888888888,0.9012433309564056,0.1442594527636907,CompressionPressure,0.9012433309564056,7161.75,7168.5,7160.75,7166.25,Up,1,7161.75,7.75,5.875,5,7168.0,1.75,0.2978723404255319,1.75,0.2978723404255319,6.25,-1.75,1.0638297872340423,-0.2978723404255319,1,1
ES,xApvaV01StateLog_ES.csv,995,2026-04-21 07:00:00,Unresolved,Unresolved->Unresolved->Unresolved->Unresolved,Pure Unresolved Compression Equilibrium,Exact,1.0,-1.4428232973175177e-12,0.0,1.0,0.0,0.0,0.2799999999999999,0.0,1.0,0.0,CompressionPressure,1.0,7166.25,7168.25,7165.5,7167.75,Up,1,7166.25,2.75,5.946428571428571,5,7163.0,-4.75,-0.7987987987987988,-4.75,-0.7987987987987988,4.75,-6.5,0.7987987987987988,-1.093093093093093,0,1
ES,xApvaV01StateLog_ES.csv,996,2026-04-21 07:05:00,Unresolved,Unresolved->Unresolved->Unresolved->Unresolved,Pure Unresolved Compression Equilibrium,Exact,1.0,-1.4428232973175177e-12,0.0,1.0,0.0,0.0,0.2799999999999999,0.0,1.0,0.0,CompressionPressure,1.0,7167.5,7169.75,7164.5,7165.5,Up,1,7167.75,5.25,6.142857142857143,5,7165.5,0.0,0.0,0.0,0.0,7.0,-4.25,1.1395348837209305,-0.6918604651162791,0,1
ES,xApvaV01StateLog_ES.csv,997,2026-04-21 07:10:00,Unresolved,Unresolved->Unresolved->Unresolved->Unresolved,Pure Unresolved Compression Equilibrium,Exact,1.0,-1.4428232973175177e-12,0.0,1.0,0.0,0.0,0.2799999999999999,0.0,1.0,0.0,CompressionPressure,1.0,7165.75,7171.75,7165.0,7170.25,Up,1,7165.5,6.75,6.535714285714286,5,7161.5,-8.75,-1.3387978142076502,-8.75,-1.3387978142076502,2.25,-11.0,0.3442622950819672,-1.6830601092896176,0,1
ES,xApvaV01StateLog_ES.csv,998,2026-04-21 07:15:00,Unresolved,Unresolved->Unresolved->Unresolved->Unresolved,Pure Unresolved Compression Equilibrium,Exact,1.0,-1.4428232973175177e-12,0.0,1.0,0.0,0.0,0.2799999999999999,0.0,1.0,0.0,CompressionPressure,1.0,7170.25,7171.5,7166.75,7170.0,Up,1,7170.25,4.75,6.125,5,7159.25,-10.75,-1.7551020408163265,-10.75,-1.7551020408163265,2.5,-12.0,0.4081632653061224,-1.959183673469388,0,1
ES,xApvaV01StateLog_ES.csv,999,2026-04-21 07:20:00,Unresolved,Unresolved->Unresolved->Unresolved->Unresolved,Pure Unresolved Compression Equilibrium,Exact,1.0,-1.4428232973175177e-12,0.0,1.0,0.0,0.0,0.2799999999999999,0.0,1.0,0.0,CompressionPressure,1.0,7170.25,7172.5,7167.75,7168.0,Down,-1,7170.0,4.75,6.089285714285714,5,7158.5,-9.5,-1.560117302052786,9.5,1.560117302052786,11.25,-0.5,1.847507331378299,-0.0821114369501466,1,1
ES,xApvaV01StateLog_ES.csv,1000,2026-04-21 07:25:00,Unresolved,Unresolved->Unresolved->Unresolved->Unresolved,Pure Unresolved Compression Equilibrium,Exact,1.0,-1.4428232973175177e-12,0.0,1.0,0.0,0.0,0.2799999999999999,0.0,1.0,0.0,CompressionPressure,1.0,7168.0,7168.5,7161.25,7163.0,Down,-1,7168.0,7.25,6.392857142857143,5,7151.0,-12.0,-1.877094972067039,12.0,1.877094972067039,14.25,-4.5,2.2290502793296088,-0.7039106145251396,1,1
ES,xApvaV01StateLog_ES.csv,1001,2026-04-21 07:30:00,Unresolved,Unresolved->Unresolved->Unresolved->Unresolved,Pure Unresolved Compression Equilibrium,Exact,1.0,-1.4428232973175177e-12,0.0,1.0,0.0,0.0,0.2799999999999999,0.0,1.0,0.0,CompressionPressure,1.0,7163.0,7166.25,7162.5,7165.5,Down,-1,7163.0,3.75,6.214285714285714,5,7150.0,-15.5,-2.494252873563218,15.5,2.494252873563218,19.75,-2.0,3.17816091954023,-0.3218390804597701,1,1
ES,xApvaV01StateLog_ES.csv,1002,2026-04-21 07:35:00,Unresolved,Unresolved->Unresolved->Unresolved->Unresolved,Pure Unresolved Compression Equilibrium,Exact,1.0,-1.4428232973175177e-12,0.0,1.0,0.0,0.0,0.2799999999999999,0.0,1.0,0.0,CompressionPressure,1.0,7165.5,7167.5,7159.25,7161.5,Down,-1,7165.5,8.25,6.660714285714286,5,7135.25,-26.25,-3.941018766756032,26.25,3.941018766756032,27.5,-3.5,4.128686327077748,-0.5254691689008043,1,1
ES,xApvaV01StateLog_ES.csv,1003,2026-04-21 07:40:00,Unresolved,Unresolved->Unresolved->Unresolved->Unresolved,Pure Unresolved Compression Equilibrium,Exact,1.0,-1.4428232973175177e-12,0.0,1.0,0.0,0.0,0.2799999999999999,0.0,1.0,0.0,CompressionPressure,1.0,7161.5,7162.75,7158.0,7159.25,Down,-1,7161.5,4.75,6.785714285714286,5,7126.75,-32.5,-4.789473684210527,32.5,4.789473684210527,37.75,-5.75,5.563157894736842,-0.8473684210526315,1,1
ES,xApvaV01StateLog_ES.csv,1004,2026-04-21 07:45:00,Unresolved,Unresolved->Unresolved->Unresolved->Unresolved,Pure Unresolved Compression Equilibrium,Exact,1.0,-1.4428232973175177e-12,0.0,1.0,0.0,0.0,0.2799999999999999,0.0,1.0,0.0,CompressionPressure,1.0,7159.0,7165.0,7156.75,7158.5,Down,-1,7159.25,8.25,6.392857142857143,5,7136.75,-21.75,-3.402234636871508,21.75,3.402234636871508,37.75,-0.25,5.905027932960894,-0.0391061452513966,1,1
ES,xApvaV01StateLog_ES.csv,1014,2026-04-21 08:35:00,Unresolved,Degrading->Degrading->Degrading->Unresolved,Stable Compression Basin,Exact,1.0,1.2954618442339936,0.2222222222222222,0.6,0.9,0.0,0.1728439803286126,0.0277777777777777,0.6968114125131533,0.3667156117595194,CompressionPressure,0.6968114125131533,7126.25,7133.25,7125.25,7128.25,Down,-1,7126.25,8.0,9.375,5,7126.5,-1.75,-0.1866666666666666,1.75,0.1866666666666666,9.0,-6.0,0.96,-0.64,1,1
ES,xApvaV01StateLog_ES.csv,1015,2026-04-21 08:40:00,Unresolved,Degrading->Degrading->Unresolved->Unresolved,Stable Compression Basin,Exact,1.0,1.4854752972230063,0.2222222222222222,0.5,0.8,0.0,0.1396294086674747,0.0277777777777777,0.6432689050346733,0.4082810546008659,CompressionPressure,0.6432689050346733,7128.0,7128.5,7119.25,7126.5,Down,-1,7128.25,9.25,9.767857142857142,5,7131.0,4.5,0.4606946983546618,-4.5,-0.4606946983546618,3.25,-11.75,0.3327239488117002,-1.2029250457038392,0,1
ES,xApvaV01StateLog_ES.csv,1017,2026-04-21 08:50:00,Unresolved,Unresolved->Unresolved->Degrading->Unresolved,Stable Compression Basin,Exact,1.0,1.5709505944503404,0.4444444444444444,0.4,0.6,0.0,0.0831129840012847,0.0555555555555555,0.5407044767357427,0.5103121092026786,CompressionPressure,0.5407044767357427,7128.5,7134.25,7125.75,7129.75,Up,1,7128.5,8.5,9.964285714285714,5,7128.25,-1.5,-0.1505376344086021,-1.5,-0.1505376344086021,8.5,-6.25,0.8530465949820789,-0.6272401433691757,0,1
ES,xApvaV01StateLog_ES.csv,1018,2026-04-21 08:55:00,Unresolved,Unresolved->Degrading->Unresolved->Unresolved,Stable Compression Basin,Exact,1.0,1.5219280948830345,0.4444444444444444,0.4,0.5,0.0,0.0798662691244065,0.0555555555555555,0.5437683829586993,0.4995884374223303,CompressionPressure,0.5437683829586993,7129.75,7129.75,7123.5,7124.25,Up,1,7129.75,6.25,9.821428571428571,5,7129.0,4.75,0.4836363636363636,4.75,0.4836363636363636,14.0,-0.5,1.4254545454545455,-0.0509090909090909,1,1
ES,xApvaV01StateLog_ES.csv,1019,2026-04-21 09:00:00,Unresolved,Degrading->Unresolved->Unresolved->Unresolved,Stable Compression Basin,Exact,1.0,1.360964047439353,0.4444444444444444,0.5,0.4,0.0,0.0968567456734801,0.0555555555555555,0.595495302590596,0.4643775520440251,CompressionPressure,0.595495302590596,7124.25,7129.0,7123.75,7126.5,Up,1,7124.25,5.25,9.482142857142858,5,7124.5,-2.0,-0.2109227871939736,-2.0,-0.2109227871939736,11.75,-3.25,1.239171374764595,-0.3427495291902071,0,1
ES,xApvaV01StateLog_ES.csv,1021,2026-04-21 09:10:00,Unresolved,Unresolved->Unresolved->Degrading->Unresolved,Stable Compression Basin,Exact,1.0,0.9709505944517832,0.5555555555555556,0.6,0.2,0.0,0.1122310395567297,0.0694444444444444,0.633760032291208,0.4207287758696609,CompressionPressure,0.633760032291208,7131.0,7134.5,7129.0,7132.75,Up,1,7131.0,5.5,9.089285714285714,5,7128.25,-4.5,-0.4950884086444008,-4.5,-0.4950884086444008,0.25,-11.0,0.0275049115913556,-1.2102161100196465,0,1
ES,xApvaV01StateLog_ES.csv,1023,2026-04-21 09:20:00,Unresolved,Degrading->Unresolved->Degrading->Unresolved,Stable Compression Basin,Exact,1.0,0.8812908992278072,0.6666666666666666,0.7,0.0,0.0,0.1046094988612043,0.0833333333333333,0.6532526521315953,0.4427823842060827,CompressionPressure,0.6532526521315953,7128.0,7131.25,7126.5,7129.0,Up,1,7128.25,4.75,7.571428571428571,5,7117.75,-11.25,-1.4858490566037736,-11.25,-1.4858490566037736,2.0,-13.5,0.2641509433962264,-1.7830188679245285,0,1
ES,xApvaV01StateLog_ES.csv,1026,2026-04-21 09:35:00,Unresolved,Unresolved->Degrading->Degrading->Unresolved,Stable Compression Basin,Exact,1.0,0.9709505944517832,0.6666666666666666,0.6,0.0,0.0,0.086078261778952,0.0833333333333333,0.6059822545134302,0.4623954425363276,CompressionPressure,0.6059822545134302,7122.75,7128.75,7122.5,7128.25,Down,-1,7122.75,6.25,7.178571428571429,5,7114.75,-13.5,-1.880597014925373,13.5,1.880597014925373,14.75,-2.75,2.054726368159204,-0.3830845771144278,1,1
ES,xApvaV01StateLog_ES.csv,1027,2026-04-21 09:40:00,Unresolved,Degrading->Degrading->Unresolved->Unresolved,Stable Compression Basin,Exact,1.0,0.9709505944517832,0.6666666666666666,0.6,0.0,0.0,0.086078261778952,0.0833333333333333,0.6059822545134302,0.4623954425363276,CompressionPressure,0.6059822545134302,7128.5,7131.0,7122.0,7124.25,Down,-1,7128.25,9.0,7.089285714285714,5,7118.5,-5.75,-0.8110831234256927,5.75,0.8110831234256927,10.75,-1.25,1.5163727959697733,-0.1763224181360201,1,1
ES,xApvaV01StateLog_ES.csv,1028,2026-04-21 09:45:00,Unresolved,Degrading->Unresolved->Unresolved->Unresolved,Stable Compression Basin,Exact,1.0,0.9709505944517832,0.6666666666666666,0.6,0.0,0.0,0.086078261778952,0.0833333333333333,0.6059822545134302,0.4623954425363276,CompressionPressure,0.6059822545134302,7124.5,7125.5,7115.5,7117.75,Down,-1,7124.25,10.0,7.232142857142857,5,7113.5,-4.25,-0.5876543209876544,4.25,0.5876543209876544,11.5,-7.75,1.5901234567901237,-1.071604938271605,1,1
ES,xApvaV01StateLog_ES.csv,1030,2026-04-21 09:55:00,Unresolved,Unresolved->Unresolved->Unresolved->Unresolved,Pure Unresolved Compression Equilibrium,Exact,1.0,1.4854752972230063,0.5555555555555556,0.5,0.0,0.0,0.0471710753341413,0.0694444444444444,0.5599355717013399,0.533281054600866,CompressionPressure,0.5599355717013399,7124.75,7125.25,7119.0,7120.25,Down,-1,7125.0,6.25,7.071428571428571,5,7099.0,-21.25,-3.005050505050505,21.25,3.005050505050505,22.25,-1.75,3.146464646464646,-0.2474747474747475,1,1
ES,xApvaV01StateLog_ES.csv,1038,2026-04-21 10:35:00,Degrading,Degrading->Degrading->Degrading->Degrading,Sponsor Exhaustion Collapse,Exact,1.0,0.7219280948844771,0.1111111111111111,0.8,0.0,0.0,0.1892412691242961,0.1138888888888889,0.3937683829586091,0.199588437422646,CompressionPressure,0.3937683829586091,7105.5,7113.25,7105.0,7111.0,Up,1,7105.5,8.25,8.196428571428571,5,7116.75,5.75,0.7015250544662309,5.75,0.7015250544662309,22.25,-2.25,2.714596949891068,-0.2745098039215686,1,1
ES,xApvaV01StateLog_ES.csv,1039,2026-04-21 10:40:00,Degrading,Degrading->Degrading->Degrading->Degrading,Sponsor Exhaustion Collapse,Exact,1.0,0.4689955935863958,0.1111111111111111,0.9,0.0,0.0,0.2202730804215971,0.1138888888888889,0.4512433309564058,0.1442594527636907,CompressionPressure,0.4512433309564058,7111.0,7127.25,7108.75,7122.0,Up,1,7111.0,18.5,9.25,5,7119.0,-3.0,-0.3243243243243243,-3.0,-0.3243243243243243,11.25,-10.25,1.2162162162162162,-1.108108108108108,0,1
ES,xApvaV01StateLog_ES.csv,1040,2026-04-21 10:45:00,Degrading,Degrading->Degrading->Degrading->Degrading,Sponsor Exhaustion Collapse,Exact,1.0,-1.4428232973175177e-12,0.0,1.0,0.0,0.0,0.2799999999999999,0.1,0.55,0.0,CompressionPressure,0.55,7122.0,7133.25,7120.5,7124.0,Up,1,7122.0,12.75,9.714285714285714,5,7117.25,-6.75,-0.6948529411764707,-6.75,-0.6948529411764707,0.75,-12.25,0.0772058823529411,-1.261029411764706,0,1
ES,xApvaV01StateLog_ES.csv,1041,2026-04-21 10:50:00,Degrading,Degrading->Degrading->Degrading->Degrading,Sponsor Exhaustion Collapse,Exact,1.0,-1.4428232973175177e-12,0.0,1.0,0.0,0.0,0.2799999999999999,0.1,0.55,0.0,CompressionPressure,0.55,7124.25,7124.75,7117.25,7121.0,Up,1,7124.0,7.5,9.607142857142858,5,7118.25,-2.75,-0.2862453531598513,-2.75,-0.2862453531598513,2.5,-9.25,0.2602230483271375,-0.9628252788104088,0,1
ES,xApvaV01StateLog_ES.csv,1042,2026-04-21 10:55:00,Degrading,Degrading->Degrading->Degrading->Degrading,Sponsor Exhaustion Collapse,Exact,1.0,-1.4428232973175177e-12,0.0,1.0,0.0,0.0,0.2799999999999999,0.1,0.55,0.0,CompressionPressure,0.55,7120.75,7123.5,7115.0,7117.0,Down,-1,7121.0,8.5,9.5,5,7110.0,-7.0,-0.7368421052631579,7.0,0.7368421052631579,11.5,-6.5,1.2105263157894737,-0.6842105263157895,1,1
ES,xApvaV01StateLog_ES.csv,1043,2026-04-21 11:00:00,Degrading,Degrading->Degrading->Degrading->Degrading,Sponsor Exhaustion Collapse,Exact,1.0,-1.4428232973175177e-12,0.0,1.0,0.0,0.0,0.2799999999999999,0.1,0.55,0.0,CompressionPressure,0.55,7116.75,7117.5,7111.75,7116.75,Down,-1,7117.0,5.75,9.339285714285714,5,7109.25,-7.5,-0.8030592734225622,7.5,0.8030592734225622,11.25,-6.75,1.2045889101338434,-0.722753346080306,1,1
ES,xApvaV01StateLog_ES.csv,1044,2026-04-21 11:05:00,Degrading,Degrading->Degrading->Degrading->Degrading,Sponsor Exhaustion Collapse,Exact,1.0,-1.4428232973175177e-12,0.0,1.0,0.0,0.0,0.2799999999999999,0.1,0.55,0.0,CompressionPressure,0.55,7116.75,7123.5,7116.75,7119.0,Down,-1,7116.75,6.75,9.375,5,7109.75,-9.25,-0.9866666666666668,9.25,0.9866666666666668,13.5,-3.75,1.44,-0.4,1,1
ES,xApvaV01StateLog_ES.csv,1045,2026-04-21 11:10:00,Unresolved,Degrading->Degrading->Degrading->Unresolved,Stable Compression Basin,Exact,1.0,0.4689955935863958,0.1111111111111111,0.9,0.0,0.0,0.2202730804215971,0.0138888888888888,0.9012433309564056,0.1442594527636907,CompressionPressure,0.9012433309564056,7119.0,7122.75,7116.75,7117.25,Down,-1,7119.0,6.0,9.321428571428571,5,7115.75,-1.5,-0.160919540229885,1.5,0.160919540229885,11.75,-3.5,1.260536398467433,-0.3754789272030651,1,1
ES,xApvaV01StateLog_ES.csv,1046,2026-04-21 11:15:00,Unresolved,Degrading->Degrading->Unresolved->Unresolved,Stable Compression Basin,Exact,1.0,0.7219280948844771,0.1111111111111111,0.8,0.0,0.0,0.1892412691242961,0.0138888888888888,0.8437683829586091,0.199588437422646,CompressionPressure,0.8437683829586091,7117.25,7118.25,7113.5,7118.25,Down,-1,7117.25,4.75,9.125,5,7112.75,-5.5,-0.6027397260273972,5.5,0.6027397260273972,12.75,-2.5,1.3972602739726028,-0.273972602739726,1,1
ES,xApvaV01StateLog_ES.csv,1047,2026-04-21 11:20:00,Degrading,Degrading->Unresolved->Unresolved->Degrading,Sponsor Exhaustion Collapse,Exact,1.0,0.7219280948844771,0.2222222222222222,0.8,0.0,0.0,0.1770884913465183,0.1277777777777777,0.3659906051808313,0.2412551040893126,CompressionPressure,0.3659906051808313,7118.25,7120.75,7105.5,7110.0,Down,-1,7118.25,15.25,9.339285714285714,5,7113.25,3.25,0.3479923518164436,-3.25,-0.3479923518164436,3.25,-6.5,0.3479923518164436,-0.6959847036328872,0,1
ES,xApvaV01StateLog_ES.csv,1048,2026-04-21 11:25:00,Unresolved,Unresolved->Unresolved->Degrading->Unresolved,Stable Compression Basin,Exact,1.0,0.8812908992278072,0.3333333333333333,0.7,0.0,0.0,0.1410678321945376,0.0416666666666666,0.7365859854649287,0.3177823842060828,CompressionPressure,0.7365859854649287,7110.0,7112.0,7106.75,7109.25,Down,-1,7110.0,5.25,8.857142857142858,5,7110.5,1.25,0.1411290322580645,-1.25,-0.1411290322580645,1.75,-7.25,0.1975806451612903,-0.8185483870967741,0,1
ES,xApvaV01StateLog_ES.csv,1049,2026-04-21 11:30:00,Unresolved,Unresolved->Degrading->Unresolved->Unresolved,Stable Compression Basin,Exact,1.0,0.9709505944517832,0.3333333333333333,0.6,0.0,0.0,0.1225365951122853,0.0416666666666666,0.6893155878467636,0.3373954425363276,CompressionPressure,0.6893155878467636,7109.0,7111.5,7107.5,7109.75,Down,-1,7109.25,4.0,8.392857142857142,5,7123.0,13.25,1.578723404255319,-13.25,-1.578723404255319,0.75,-16.75,0.0893617021276595,-1.995744680851064,0,1
ES,xApvaV01StateLog_ES.csv,1050,2026-04-21 11:35:00,Unresolved,Degrading->Unresolved->Unresolved->Unresolved,Stable Compression Basin,Exact,1.0,0.9999999999971146,0.3333333333333333,0.5,0.0,0.0,0.1086458333335542,0.0416666666666666,0.6458333333335138,0.3437499999993688,CompressionPressure,0.6458333333335138,7110.0,7116.5,7109.75,7115.75,Up,1,7109.75,6.75,8.285714285714286,5,7122.0,6.25,0.7543103448275862,6.25,0.7543103448275862,12.25,-6.75,1.4784482758620687,-0.814655172413793,1,1
ES,xApvaV01StateLog_ES.csv,1051,2026-04-21 11:40:00,Unresolved,Unresolved->Unresolved->Unresolved->Unresolved,Pure Unresolved Compression Equilibrium,Exact,1.0,1.360964047439353,0.4444444444444444,0.5,0.0,0.0,0.0688567456734801,0.0555555555555555,0.595495302590596,0.4643775520440251,CompressionPressure,0.595495302590596,7116.0,7116.5,7111.25,7112.75,Up,1,7115.75,5.25,8.232142857142858,5,7125.5,12.75,1.54880694143167,12.75,1.54880694143167,15.25,-3.75,1.8524945770065075,-0.4555314533622559,1,1
ES,xApvaV01StateLog_ES.csv,1052,2026-04-21 11:45:00,Unresolved,Unresolved->Unresolved->Unresolved->Unresolved,Pure Unresolved Compression Equilibrium,Exact,1.0,1.4854752972230063,0.4444444444444444,0.5,0.0,0.0,0.0593238531119191,0.0555555555555555,0.5877133494791177,0.4916143879341992,CompressionPressure,0.5877133494791177,7113.0,7115.0,7111.75,7113.25,Up,1,7112.75,3.25,7.875,5,7126.25,13.0,1.6507936507936507,13.0,1.6507936507936507,14.75,-4.25,1.873015873015873,-0.5396825396825397,1,1
ES,xApvaV01StateLog_ES.csv,1053,2026-04-21 11:50:00,Unresolved,Unresolved->Unresolved->Unresolved->Unresolved,Pure Unresolved Compression Equilibrium,Exact,1.0,1.4854752972230063,0.4444444444444444,0.5,0.0,0.0,0.0593238531119191,0.0555555555555555,0.5877133494791177,0.4916143879341992,CompressionPressure,0.5877133494791177,7113.5,7114.5,7110.0,7110.5,Up,1,7113.25,4.5,6.875,5,7125.5,15.0,2.1818181818181817,15.0,2.1818181818181817,22.0,-1.5,3.2,-0.2181818181818181,1,1
ES,xApvaV01StateLog_ES.csv,1054,2026-04-21 11:55:00,Unresolved,Unresolved->Unresolved->Unresolved->Unresolved,Pure Unresolved Compression Equilibrium,Exact,1.0,1.360964047439353,0.3333333333333333,0.5,0.0,0.0,0.0810095234512578,0.0416666666666666,0.6232730803683738,0.4227108853773584,CompressionPressure,0.6232730803683738,7110.75,7126.5,7109.0,7123.0,Up,1,7110.5,17.5,7.214285714285714,5,7126.0,3.0,0.4158415841584158,3.0,0.4158415841584158,9.5,-7.25,1.316831683168317,-1.004950495049505,1,1
ES,xApvaV01StateLog_ES.csv,1055,2026-04-21 12:00:00,Unresolved,Unresolved->Unresolved->Unresolved->Unresolved,Pure Unresolved Compression Equilibrium,Exact,1.0,1.360964047439353,0.3333333333333333,0.5,0.0,0.0,0.0810095234512578,0.0416666666666666,0.6232730803683738,0.4227108853773584,CompressionPressure,0.6232730803683738,7122.75,7128.0,7115.75,7122.0,Up,1,7123.0,12.25,7.553571428571429,5,7134.5,12.5,1.6548463356973997,12.5,1.6548463356973997,13.5,-1.0,1.7872340425531914,-0.1323877068557919,1,1
ES,xApvaV01StateLog_ES.csv,1056,2026-04-21 12:05:00,Unresolved,Unresolved->Unresolved->Unresolved->Unresolved,Pure Unresolved Compression Equilibrium,Exact,1.0,1.2954618442339936,0.2222222222222222,0.6,0.0,0.0,0.1098439803286126,0.0277777777777777,0.6968114125131533,0.3667156117595194,CompressionPressure,0.6968114125131533,7122.25,7128.0,7122.25,7125.5,Up,1,7122.0,6.0,7.375,5,7136.75,11.25,1.5254237288135593,11.25,1.5254237288135593,12.0,-4.5,1.6271186440677967,-0.6101694915254238,1,1
ES,xApvaV01StateLog_ES.csv,1057,2026-04-21 12:10:00,Unresolved,Unresolved->Unresolved->Unresolved->Unresolved,Pure Unresolved Compression Equilibrium,Exact,1.0,0.8812908992278072,0.1111111111111111,0.7,0.0,0.0,0.1653733877500932,0.0138888888888888,0.7921415410204843,0.2344490508727494,CompressionPressure,0.7921415410204843,7125.5,7127.75,7123.25,7126.25,Up,1,7125.5,4.5,7.285714285714286,5,7132.5,6.25,0.857843137254902,6.25,0.857843137254902,12.25,-5.25,1.681372549019608,-0.7205882352941176,1,1
ES,xApvaV01StateLog_ES.csv,1058,2026-04-21 12:15:00,Unresolved,Unresolved->Unresolved->Unresolved->Unresolved,Pure Unresolved Compression Equilibrium,Exact,1.0,0.7219280948844771,0.1111111111111111,0.8,0.0,0.0,0.1892412691242961,0.0138888888888888,0.8437683829586091,0.199588437422646,CompressionPressure,0.8437683829586091,7126.0,7132.5,7121.0,7125.5,Up,1,7126.25,11.5,7.625,5,7121.75,-3.75,-0.4918032786885246,-3.75,-0.4918032786885246,13.0,-9.25,1.7049180327868851,-1.213114754098361,0,1
ES,xApvaV01StateLog_ES.csv,1059,2026-04-21 12:20:00,Unresolved,Unresolved->Unresolved->Unresolved->Unresolved,Pure Unresolved Compression Equilibrium,Exact,1.0,0.4689955935863958,0.1111111111111111,0.9,0.0,0.0,0.2202730804215971,0.0138888888888888,0.9012433309564056,0.1442594527636907,CompressionPressure,0.9012433309564056,7125.5,7128.75,7121.75,7126.0,Up,1,7125.5,7.0,7.696428571428571,5,7090.75,-35.25,-4.580046403712297,-35.25,-4.580046403712297,12.5,-41.0,1.6241299303944317,-5.327146171693736,0,1
ES,xApvaV01StateLog_ES.csv,1060,2026-04-21 12:25:00,Degrading,Unresolved->Unresolved->Unresolved->Degrading,Sponsor Exhaustion Collapse,Exact,1.0,0.4689955935863958,0.1111111111111111,0.9,0.0,0.0,0.2202730804215971,0.1138888888888889,0.4512433309564058,0.1442594527636907,CompressionPressure,0.4512433309564058,7126.0,7135.5,7126.0,7134.5,Up,1,7126.0,9.5,8.035714285714286,5,7099.0,-35.5,-4.417777777777777,-35.5,-4.417777777777777,4.0,-49.5,0.4977777777777777,-6.159999999999999,0,1
ES,xApvaV01StateLog_ES.csv,1061,2026-04-21 12:30:00,Degrading,Unresolved->Unresolved->Degrading->Degrading,Sponsor Exhaustion Collapse,Exact,1.0,0.7219280948844771,0.1111111111111111,0.8,0.0,0.0,0.1892412691242961,0.1138888888888889,0.3937683829586091,0.199588437422646,CompressionPressure,0.3937683829586091,7134.25,7137.5,7133.25,7136.75,Up,1,7134.5,4.25,7.25,5,7096.0,-40.75,-5.620689655172414,-40.75,-5.620689655172414,1.75,-51.75,0.2413793103448276,-7.137931034482759,0,1
ES,xApvaV01StateLog_ES.csv,1062,2026-04-21 12:35:00,Unresolved,Unresolved->Degrading->Degrading->Unresolved,Stable Compression Basin,Exact,1.0,1.1567796494427114,0.2222222222222222,0.7,0.0,0.0,0.1321285025339868,0.0277777777777777,0.747145716354275,0.3363788816489264,CompressionPressure,0.747145716354275,7136.75,7138.5,7130.75,7132.5,Up,1,7136.75,7.75,7.428571428571429,5,7100.25,-32.25,-4.341346153846153,-32.25,-4.341346153846153,0.25,-47.5,0.0336538461538461,-6.394230769230769,0,1
ES,xApvaV01StateLog_ES.csv,1066,2026-04-21 12:55:00,Unresolved,Degrading->Degrading->Degrading->Unresolved,Stable Compression Basin,Exact,1.0,1.4854752972230063,0.4444444444444444,0.5,0.0,0.0,0.0593238531119191,0.0555555555555555,0.5877133494791177,0.4916143879341992,CompressionPressure,0.5877133494791177,7099.25,7107.0,7092.5,7096.0,Down,-1,7099.0,14.5,11.928571428571429,5,7121.5,25.5,2.1377245508982035,-25.5,-2.1377245508982035,4.25,-44.0,0.3562874251497006,-3.6886227544910177,0,1
ES,xApvaV01StateLog_ES.csv,1067,2026-04-21 13:00:00,Unresolved,Degrading->Degrading->Unresolved->Unresolved,Stable Compression Basin,Exact,1.0,1.4854752972230063,0.4444444444444444,0.5,0.0,0.0,0.0593238531119191,0.0555555555555555,0.5877133494791177,0.4916143879341992,CompressionPressure,0.5877133494791177,7096.25,7103.75,7093.5,7100.25,Down,-1,7096.0,10.25,12.339285714285714,5,7128.75,28.5,2.3096960926193923,-28.5,-2.3096960926193923,8.5,-39.75,0.6888567293777135,-3.2214182344428366,0,1
ES,xApvaV01StateLog_ES.csv,1069,2026-04-21 13:10:00,Unresolved,Unresolved->Unresolved->Degrading->Unresolved,Stable Compression Basin,Exact,1.0,0.9709505944517832,0.5555555555555556,0.6,0.0,0.0,0.0982310395567297,0.0694444444444444,0.633760032291208,0.4207287758696609,CompressionPressure,0.633760032291208,7094.5,7140.0,7091.75,7123.0,Down,-1,7094.75,48.25,14.25,5,7124.5,1.5,0.1052631578947368,-1.5,-0.1052631578947368,13.25,-14.0,0.9298245614035088,-0.9824561403508772,0,1
ES,xApvaV01StateLog_ES.csv,1070,2026-04-21 13:15:00,Unresolved,Unresolved->Degrading->Unresolved->Unresolved,Stable Compression Basin,Exact,1.0,0.9999999999971146,0.5555555555555556,0.5,0.0,0.0,0.0843402777779986,0.0694444444444444,0.5902777777779582,0.4270833333327021,CompressionPressure,0.5902777777779582,7123.25,7137.0,7109.75,7124.75,Up,1,7123.0,27.25,15.767857142857142,5,7123.75,-1.0,-0.0634201585503963,-1.0,-0.0634201585503963,5.5,-4.75,0.3488108720271801,-0.3012457531143828,0,1
ES,xApvaV01StateLog_ES.csv,1071,2026-04-21 13:20:00,Unresolved,Degrading->Unresolved->Unresolved->Unresolved,Stable Compression Basin,Exact,1.0,0.9709505944517832,0.4444444444444444,0.6,0.0,0.0,0.1103838173345075,0.0555555555555555,0.6615378100689858,0.3790621092029942,CompressionPressure,0.6615378100689858,7125.25,7129.5,7120.75,7121.5,Up,1,7124.75,8.75,16.071428571428573,5,7120.75,-0.75,-0.0466666666666666,-0.75,-0.0466666666666666,8.75,-1.5,0.5444444444444444,-0.0933333333333333,0,1
ES,xApvaV01StateLog_ES.csv,1072,2026-04-21 13:25:00,Unresolved,Unresolved->Unresolved->Unresolved->Unresolved,Pure Unresolved Compression Equilibrium,Exact,1.0,1.360964047439353,0.4444444444444444,0.5,0.0,0.0,0.0688567456734801,0.0555555555555555,0.595495302590596,0.4643775520440251,CompressionPressure,0.595495302590596,7121.5,7130.25,7120.75,7128.75,Up,1,7121.5,9.5,15.928571428571429,5,7123.25,-5.5,-0.3452914798206278,-5.5,-0.3452914798206278,0.0,-10.5,0.0,-0.6591928251121076,0,1
ES,xApvaV01StateLog_ES.csv,1073,2026-04-21 13:30:00,Unresolved,Unresolved->Unresolved->Unresolved->Unresolved,Pure Unresolved Compression Equilibrium,Exact,1.0,1.4854752972230063,0.4444444444444444,0.5,0.0,0.0,0.0593238531119191,0.0555555555555555,0.5877133494791177,0.4916143879341992,CompressionPressure,0.5877133494791177,7128.5,7128.75,7121.5,7122.25,Up,1,7128.75,7.25,15.946428571428571,5,7128.25,6.0,0.3762597984322508,6.0,0.3762597984322508,6.25,-4.0,0.3919372900335946,-0.2508398656215005,1,1
ES,xApvaV01StateLog_ES.csv,1077,2026-04-21 13:50:00,Unresolved,Balance->Balance->Unresolved->Unresolved,Stable Compression Basin,Exact,1.0,1.7609640474379105,0.4444444444444444,0.5,0.0,0.0,0.0505555555555555,0.0555555555555555,0.5805555555555556,0.5166666666666666,CompressionPressure,0.5805555555555556,7121.0,7124.0,7118.25,7123.25,Down,-1,7120.75,5.75,14.482142857142858,5,7145.75,22.5,1.5536374845869296,-22.5,-1.5536374845869296,1.5,-29.0,0.1035758323057953,-2.002466091245376,0,1
ES,xApvaV01StateLog_ES.csv,1078,2026-04-21 13:55:00,Unresolved,Balance->Unresolved->Unresolved->Unresolved,Stable Compression Basin,Exact,1.0,1.3709505944503406,0.3333333333333333,0.6,0.0,0.0,0.0919115951123958,0.0416666666666666,0.6643155878468537,0.4248954425360119,CompressionPressure,0.6643155878468537,7123.25,7128.5,7123.0,7128.25,Up,1,7123.25,5.5,12.196428571428571,5,7145.25,17.0,1.3938506588579795,17.0,1.3938506588579795,25.25,-6.5,2.0702781844802343,-0.5329428989751098,1,1
ES,xApvaV01StateLog_ES.csv,1079,2026-04-21 14:00:00,Unresolved,Unresolved->Unresolved->Unresolved->Unresolved,Pure Unresolved Compression Equilibrium,Exact,1.0,1.4854752972230063,0.4444444444444444,0.5,0.0,0.0,0.0593238531119191,0.0555555555555555,0.5877133494791177,0.4916143879341992,CompressionPressure,0.5877133494791177,7128.0,7128.25,7121.75,7122.25,Up,1,7128.25,6.5,11.678571428571429,5,7150.75,28.5,2.440366972477064,28.5,2.440366972477064,31.25,18.5,2.675840978593272,1.584097859327217,1,1
ES,xApvaV01StateLog_ES.csv,1080,2026-04-22 06:35:00,Unresolved,Unresolved->Unresolved->Unresolved->Unresolved,Pure Unresolved Compression Equilibrium,Exact,1.0,1.5219280948830345,0.4444444444444444,0.4,0.0,0.0,0.0448662691244065,0.0555555555555555,0.5437683829586993,0.4995884374223303,CompressionPressure,0.5437683829586993,7150.0,7152.25,7143.25,7144.0,Down,-1,7122.25,30.0,12.785714285714286,5,7152.75,8.75,0.6843575418994413,-8.75,-0.6843575418994413,3.25,-9.5,0.2541899441340782,-0.7430167597765363,0,1
ES,xApvaV01StateLog_ES.csv,1081,2026-04-22 06:40:00,Unresolved,Unresolved->Unresolved->Unresolved->Unresolved,Pure Unresolved Compression Equilibrium,Exact,1.0,1.4854752972230063,0.3333333333333333,0.5,0.0,0.0,0.0714766308896969,0.0416666666666666,0.6154911272568955,0.4499477212675326,CompressionPressure,0.6154911272568955,7143.75,7148.5,7140.75,7147.5,Down,-1,7144.0,7.75,12.607142857142858,5,7152.5,5.0,0.3966005665722379,-5.0,-0.3966005665722379,6.5,-10.75,0.5155807365439093,-0.8526912181303116,0,1
ES,xApvaV01StateLog_ES.csv,1082,2026-04-22 06:45:00,Unresolved,Unresolved->Unresolved->Unresolved->Unresolved,Pure Unresolved Compression Equilibrium,Exact,1.0,1.4854752972230063,0.3333333333333333,0.5,0.0,0.0,0.0714766308896969,0.0416666666666666,0.6154911272568955,0.4499477212675326,CompressionPressure,0.6154911272568955,7147.75,7151.0,7144.25,7145.75,Down,-1,7147.5,6.75,12.5,5,7154.25,8.5,0.68,-8.5,-0.68,4.75,-12.5,0.38,-1.0,0,1
ES,xApvaV01StateLog_ES.csv,1083,2026-04-22 06:50:00,Unresolved,Unresolved->Unresolved->Unresolved->Unresolved,Pure Unresolved Compression Equilibrium,Exact,1.0,1.4854752972230063,0.2222222222222222,0.5,0.0,0.0,0.0836294086674746,0.0277777777777777,0.6432689050346733,0.4082810546008659,CompressionPressure,0.6432689050346733,7146.0,7153.5,7143.0,7145.25,Down,-1,7145.75,10.5,9.803571428571429,5,7160.0,14.75,1.5045537340619308,-14.75,-1.5045537340619308,4.25,-15.25,0.4335154826958105,-1.5555555555555556,0,1
ES,xApvaV01StateLog_ES.csv,1084,2026-04-22 06:55:00,Unresolved,Unresolved->Unresolved->Unresolved->Unresolved,Pure Unresolved Compression Equilibrium,Exact,1.0,1.2954618442339936,0.2222222222222222,0.6,0.0,0.0,0.1098439803286126,0.0277777777777777,0.6968114125131533,0.3667156117595194,CompressionPressure,0.6968114125131533,7145.0,7151.0,7141.0,7150.75,Down,-1,7145.25,10.0,8.571428571428571,5,7162.5,11.75,1.3708333333333331,-11.75,-1.3708333333333331,4.5,-12.5,0.525,-1.4583333333333337,0,1
ES,xApvaV01StateLog_ES.csv,1085,2026-04-22 07:00:00,Unresolved,Unresolved->Unresolved->Unresolved->Unresolved,Pure Unresolved Compression Equilibrium,Exact,1.0,0.8812908992278072,0.1111111111111111,0.7,0.0,0.0,0.1653733877500932,0.0138888888888888,0.7921415410204843,0.2344490508727494,CompressionPressure,0.7921415410204843,7151.0,7153.5,7146.5,7152.75,Up,1,7150.75,7.0,8.446428571428571,5,7162.25,9.5,1.1247357293868925,9.5,1.1247357293868925,13.5,-6.5,1.59830866807611,-0.7695560253699789,1,1
ES,xApvaV01StateLog_ES.csv,1086,2026-04-22 07:05:00,Unresolved,Unresolved->Unresolved->Unresolved->Unresolved,Pure Unresolved Compression Equilibrium,Exact,1.0,0.7219280948844771,0.1111111111111111,0.8,0.0,0.0,0.1892412691242961,0.0138888888888888,0.8437683829586091,0.199588437422646,CompressionPressure,0.8437683829586091,7152.75,7158.25,7151.25,7152.5,Up,1,7152.75,7.0,8.267857142857142,5,7164.5,12.0,1.451403887688985,12.0,1.451403887688985,13.75,-6.25,1.6630669546436283,-0.755939524838013,1,1
ES,xApvaV01StateLog_ES.csv,1087,2026-04-22 07:10:00,Unresolved,Unresolved->Unresolved->Unresolved->Unresolved,Pure Unresolved Compression Equilibrium,Exact,1.0,0.4689955935863958,0.1111111111111111,0.9,0.0,0.0,0.2202730804215971,0.0138888888888888,0.9012433309564056,0.1442594527636907,CompressionPressure,0.9012433309564056,7152.75,7156.75,7146.25,7154.25,Up,1,7152.5,10.5,8.5,5,7158.25,4.0,0.4705882352941176,4.0,0.4705882352941176,12.0,0.0,1.411764705882353,0.0,1,1
ES,xApvaV01StateLog_ES.csv,1088,2026-04-22 07:15:00,Unresolved,Unresolved->Unresolved->Unresolved->Unresolved,Pure Unresolved Compression Equilibrium,Exact,1.0,-1.4428232973175177e-12,0.0,1.0,0.0,0.0,0.2799999999999999,0.0,1.0,0.0,CompressionPressure,1.0,7154.25,7160.5,7154.25,7160.0,Up,1,7154.25,6.25,8.607142857142858,5,7163.75,3.75,0.4356846473029045,3.75,0.4356846473029045,6.25,-6.75,0.7261410788381742,-0.7842323651452282,1,1
ES,xApvaV01StateLog_ES.csv,1089,2026-04-22 07:20:00,Unresolved,Unresolved->Unresolved->Unresolved->Unresolved,Pure Unresolved Compression Equilibrium,Exact,1.0,-1.4428232973175177e-12,0.0,1.0,0.0,0.0,0.2799999999999999,0.0,1.0,0.0,CompressionPressure,1.0,7160.0,7163.25,7159.75,7162.5,Up,1,7160.0,3.5,8.625,5,7156.25,-6.25,-0.7246376811594203,-6.25,-0.7246376811594203,3.75,-9.25,0.4347826086956521,-1.072463768115942,0,1
ES,xApvaV01StateLog_ES.csv,1090,2026-04-22 07:25:00,Unresolved,Unresolved->Unresolved->Unresolved->Unresolved,Pure Unresolved Compression Equilibrium,Exact,1.0,-1.4428232973175177e-12,0.0,1.0,0.0,0.0,0.2799999999999999,0.0,1.0,0.0,CompressionPressure,1.0,7162.25,7166.25,7160.5,7162.25,Up,1,7162.5,5.75,8.767857142857142,5,7160.5,-1.75,-0.1995926680244399,-1.75,-0.1995926680244399,3.5,-9.0,0.3991853360488798,-1.0264765784114054,0,1
ES,xApvaV01StateLog_ES.csv,1091,2026-04-22 07:30:00,Unresolved,Unresolved->Unresolved->Unresolved->Unresolved,Pure Unresolved Compression Equilibrium,Exact,1.0,-1.4428232973175177e-12,0.0,1.0,0.0,0.0,0.2799999999999999,0.0,1.0,0.0,CompressionPressure,1.0,7162.25,7165.5,7161.25,7164.5,Up,1,7162.25,4.25,8.660714285714286,5,7157.5,-7.0,-0.8082474226804123,-7.0,-0.8082474226804123,1.25,-11.25,0.1443298969072164,-1.2989690721649485,0,1
ES,xApvaV01StateLog_ES.csv,1092,2026-04-22 07:35:00,Unresolved,Unresolved->Unresolved->Unresolved->Unresolved,Pure Unresolved Compression Equilibrium,Exact,1.0,-1.4428232973175177e-12,0.0,1.0,0.0,0.0,0.2799999999999999,0.0,1.0,0.0,CompressionPressure,1.0,7164.25,7165.25,7154.5,7158.25,Up,1,7164.5,10.75,9.035714285714286,5,7159.25,1.0,0.1106719367588932,1.0,0.1106719367588932,7.5,-5.0,0.8300395256916996,-0.5533596837944663,1,1
ES,xApvaV01StateLog_ES.csv,1093,2026-04-22 07:40:00,Unresolved,Unresolved->Unresolved->Unresolved->Unresolved,Pure Unresolved Compression Equilibrium,Exact,1.0,-1.4428232973175177e-12,0.0,1.0,0.0,0.0,0.2799999999999999,0.0,1.0,0.0,CompressionPressure,1.0,7158.25,7165.0,7153.25,7163.75,Up,1,7158.25,11.75,9.410714285714286,5,7153.0,-10.75,-1.142314990512334,-10.75,-1.142314990512334,2.0,-12.0,0.2125237191650853,-1.2751423149905123,0,1
ES,xApvaV01StateLog_ES.csv,1094,2026-04-22 07:45:00,Unresolved,Unresolved->Unresolved->Unresolved->Unresolved,Pure Unresolved Compression Equilibrium,Exact,1.0,-1.4428232973175177e-12,0.0,1.0,0.0,0.0,0.2799999999999999,0.0,1.0,0.0,CompressionPressure,1.0,7163.75,7165.75,7153.75,7156.25,Up,1,7163.75,12.0,8.125,5,7157.5,1.25,0.1538461538461538,1.25,0.1538461538461538,6.0,-4.5,0.7384615384615385,-0.5538461538461539,1,1
ES,xApvaV01StateLog_ES.csv,1098,2026-04-22 08:05:00,Unresolved,Directional->Degrading->Degrading->Unresolved,Stable Compression Basin,Soft,0.5,1.5709505944488975,0.3333333333333333,0.6,0.4,0.0,0.1045990951125062,0.0416666666666666,0.6518155878469439,0.4686454425356963,CompressionPressure,0.6518155878469439,7159.25,7160.25,7151.75,7153.0,Up,1,7159.25,8.5,7.625,5,7160.75,7.75,1.0163934426229508,7.75,1.0163934426229508,11.0,-1.25,1.4426229508196722,-0.1639344262295081,1,1
ES,xApvaV01StateLog_ES.csv,1105,2026-04-22 08:40:00,Unresolved,Unresolved->Unresolved->Unresolved->Unresolved,Pure Unresolved Compression Equilibrium,Exact,1.0,1.5709505944503404,0.4444444444444444,0.4,0.3,0.0,0.0621129840012847,0.0555555555555555,0.5407044767357427,0.5103121092026786,CompressionPressure,0.5407044767357427,7160.0,7161.5,7155.25,7156.5,Down,-1,7160.0,6.25,7.5,5,7157.75,1.25,0.1666666666666666,-1.25,-0.1666666666666666,6.5,-2.75,0.8666666666666667,-0.3666666666666666,0,1
ES,xApvaV01StateLog_ES.csv,1108,2026-04-22 08:55:00,Unresolved,Unresolved->Balance->Degrading->Unresolved,Stable Compression Basin,Soft,1.0,1.6854752972215634,0.4444444444444444,0.5,0.0,0.0,0.0505555555555555,0.0555555555555555,0.5805555555555556,0.5166666666666666,CompressionPressure,0.5805555555555556,7156.25,7156.75,7153.25,7155.25,Down,-1,7156.25,3.5,6.357142857142857,5,7152.75,-2.5,-0.3932584269662921,2.5,0.3932584269662921,2.75,-5.0,0.4325842696629213,-0.7865168539325843,1,1
ES,xApvaV01StateLog_ES.csv,1109,2026-04-22 09:00:00,Unresolved,Balance->Degrading->Unresolved->Unresolved,Stable Compression Basin,Exact,1.0,1.2954618442339936,0.3333333333333333,0.6,0.0,0.0,0.0976912025508348,0.0416666666666666,0.6690336347353755,0.4083822784261861,CompressionPressure,0.6690336347353755,7155.5,7159.25,7154.5,7154.75,Down,-1,7155.25,4.75,6.285714285714286,5,7154.0,-0.75,-0.1193181818181818,0.75,0.1193181818181818,2.5,-5.5,0.3977272727272727,-0.875,1,1
ES,xApvaV01StateLog_ES.csv,1110,2026-04-22 09:05:00,Unresolved,Degrading->Unresolved->Unresolved->Unresolved,Stable Compression Basin,Exact,1.0,1.2954618442339936,0.3333333333333333,0.6,0.0,0.0,0.0976912025508348,0.0416666666666666,0.6690336347353755,0.4083822784261861,CompressionPressure,0.6690336347353755,7155.0,7158.0,7152.5,7157.75,Down,-1,7154.75,5.5,6.071428571428571,5,7150.0,-7.75,-1.2764705882352942,7.75,1.2764705882352942,9.0,-2.5,1.4823529411764709,-0.411764705882353,1,1
ES,xApvaV01StateLog_ES.csv,1111,2026-04-22 09:10:00,Unresolved,Unresolved->Unresolved->Unresolved->Unresolved,Pure Unresolved Compression Equilibrium,Exact,1.0,1.360964047439353,0.4444444444444444,0.5,0.0,0.0,0.0688567456734801,0.0555555555555555,0.595495302590596,0.4643775520440251,CompressionPressure,0.595495302590596,7157.5,7160.25,7156.75,7158.25,Up,1,7157.75,3.5,5.946428571428571,5,7150.5,-7.75,-1.3033033033033037,-7.75,-1.3033033033033037,0.75,-11.75,0.1261261261261261,-1.975975975975976,0,1
ES,xApvaV01StateLog_ES.csv,1112,2026-04-22 09:15:00,Unresolved,Unresolved->Unresolved->Unresolved->Unresolved,Pure Unresolved Compression Equilibrium,Exact,1.0,1.360964047439353,0.3333333333333333,0.5,0.0,0.0,0.0810095234512578,0.0416666666666666,0.6232730803683738,0.4227108853773584,CompressionPressure,0.6232730803683738,7158.25,7159.0,7154.5,7157.75,Up,1,7158.25,4.5,5.660714285714286,5,7153.75,-4.0,-0.7066246056782335,-4.0,-0.7066246056782335,1.25,-11.25,0.2208201892744479,-1.987381703470032,0,1
ES,xApvaV01StateLog_ES.csv,1113,2026-04-22 09:20:00,Unresolved,Unresolved->Unresolved->Unresolved->Unresolved,Pure Unresolved Compression Equilibrium,Exact,1.0,1.360964047439353,0.3333333333333333,0.5,0.0,0.0,0.0810095234512578,0.0416666666666666,0.6232730803683738,0.4227108853773584,CompressionPressure,0.6232730803683738,7158.0,7159.0,7152.5,7152.75,Down,-1,7157.75,6.5,5.446428571428571,5,7149.25,-3.5,-0.6426229508196721,3.5,0.6426229508196721,6.25,-4.0,1.1475409836065575,-0.7344262295081968,1,1
ES,xApvaV01StateLog_ES.csv,1114,2026-04-22 09:25:00,Unresolved,Unresolved->Unresolved->Unresolved->Unresolved,Pure Unresolved Compression Equilibrium,Exact,1.0,1.360964047439353,0.3333333333333333,0.5,0.0,0.0,0.0810095234512578,0.0416666666666666,0.6232730803683738,0.4227108853773584,CompressionPressure,0.6232730803683738,7152.75,7156.75,7152.25,7154.0,Down,-1,7152.75,4.5,5.464285714285714,5,7152.0,-2.0,-0.3660130718954248,2.0,0.3660130718954248,7.5,-1.5,1.3725490196078431,-0.2745098039215686,1,1
ES,xApvaV01StateLog_ES.csv,1115,2026-04-22 09:30:00,Unresolved,Unresolved->Unresolved->Unresolved->Unresolved,Pure Unresolved Compression Equilibrium,Exact,1.0,1.360964047439353,0.2222222222222222,0.5,0.0,0.0,0.0931623012290356,0.0277777777777777,0.6510508581461516,0.3810442187106918,CompressionPressure,0.6510508581461516,7154.0,7154.25,7148.75,7150.0,Down,-1,7154.0,5.5,5.535714285714286,5,7151.5,1.5,0.2709677419354839,-1.5,-0.2709677419354839,3.5,-5.5,0.6322580645161291,-0.9935483870967742,0,1
ES,xApvaV01StateLog_ES.csv,1116,2026-04-22 09:35:00,Unresolved,Unresolved->Unresolved->Unresolved->Unresolved,Pure Unresolved Compression Equilibrium,Exact,1.0,0.9709505944517832,0.1111111111111111,0.6,0.0,0.0,0.1468421506678408,0.0138888888888888,0.7448711434023191,0.2540621092029942,CompressionPressure,0.7448711434023191,7150.0,7151.5,7146.5,7150.5,Down,-1,7150.0,5.0,5.464285714285714,5,7147.75,-2.75,-0.5032679738562091,2.75,0.5032679738562091,3.75,-5.0,0.6862745098039216,-0.915032679738562,1,1
ES,xApvaV01StateLog_ES.csv,1117,2026-04-22 09:40:00,Unresolved,Unresolved->Unresolved->Unresolved->Unresolved,Pure Unresolved Compression Equilibrium,Exact,1.0,0.8812908992278072,0.1111111111111111,0.7,0.0,0.0,0.1653733877500932,0.0138888888888888,0.7921415410204843,0.2344490508727494,CompressionPressure,0.7921415410204843,7150.75,7154.75,7149.25,7153.75,Up,1,7150.5,5.5,5.321428571428571,5,7154.75,1.0,0.1879194630872483,1.0,0.1879194630872483,2.25,-7.0,0.4228187919463087,-1.3154362416107384,1,1
ES,xApvaV01StateLog_ES.csv,1118,2026-04-22 09:45:00,Unresolved,Unresolved->Unresolved->Unresolved->Unresolved,Pure Unresolved Compression Equilibrium,Exact,1.0,0.7219280948844771,0.1111111111111111,0.8,0.0,0.0,0.1892412691242961,0.0138888888888888,0.8437683829586091,0.199588437422646,CompressionPressure,0.8437683829586091,7153.75,7155.5,7147.75,7149.25,Up,1,7153.75,7.75,5.553571428571429,5,7156.5,7.25,1.305466237942122,7.25,1.305466237942122,7.25,-2.5,1.305466237942122,-0.45016077170418,1,1
ES,xApvaV01StateLog_ES.csv,1119,2026-04-22 09:50:00,Unresolved,Unresolved->Unresolved->Unresolved->Unresolved,Pure Unresolved Compression Equilibrium,Exact,1.0,0.4689955935863958,0.1111111111111111,0.9,0.0,0.0,0.2202730804215971,0.0138888888888888,0.9012433309564056,0.1442594527636907,CompressionPressure,0.9012433309564056,7149.25,7152.75,7147.5,7152.0,Up,1,7149.25,5.25,5.482142857142857,5,7158.0,6.0,1.0944625407166124,6.0,1.0944625407166124,10.75,-5.25,1.960912052117264,-0.957654723127036,1,1
ES,xApvaV01StateLog_ES.csv,1120,2026-04-22 09:55:00,Unresolved,Unresolved->Unresolved->Unresolved->Unresolved,Pure Unresolved Compression Equilibrium,Exact,1.0,-1.4428232973175177e-12,0.0,1.0,0.0,0.0,0.2799999999999999,0.0,1.0,0.0,CompressionPressure,1.0,7152.0,7152.5,7148.0,7151.5,Up,1,7152.0,4.5,5.303571428571429,5,7155.5,4.0,0.7542087542087542,4.0,0.7542087542087542,11.25,-4.75,2.121212121212121,-0.8956228956228955,1,1
ES,xApvaV01StateLog_ES.csv,1121,2026-04-22 10:00:00,Unresolved,Unresolved->Unresolved->Unresolved->Unresolved,Pure Unresolved Compression Equilibrium,Exact,1.0,-1.4428232973175177e-12,0.0,1.0,0.0,0.0,0.2799999999999999,0.0,1.0,0.0,CompressionPressure,1.0,7151.5,7151.5,7146.75,7147.75,Down,-1,7151.5,4.75,5.071428571428571,5,7160.0,12.25,2.415492957746479,-12.25,-2.415492957746479,0.0,-15.25,0.0,-3.007042253521127,0,1
ES,xApvaV01StateLog_ES.csv,1122,2026-04-22 10:05:00,Unresolved,Unresolved->Unresolved->Unresolved->Unresolved,Pure Unresolved Compression Equilibrium,Exact,1.0,-1.4428232973175177e-12,0.0,1.0,0.0,0.0,0.2799999999999999,0.0,1.0,0.0,CompressionPressure,1.0,7147.75,7156.0,7147.75,7154.75,Down,-1,7147.75,8.25,5.410714285714286,5,7159.0,4.25,0.7854785478547855,-4.25,-0.7854785478547855,2.5,-8.25,0.462046204620462,-1.5247524752475248,0,1
ES,xApvaV01StateLog_ES.csv,1123,2026-04-22 10:10:00,Unresolved,Unresolved->Unresolved->Unresolved->Unresolved,Pure Unresolved Compression Equilibrium,Exact,1.0,-1.4428232973175177e-12,0.0,1.0,0.0,0.0,0.2799999999999999,0.0,1.0,0.0,CompressionPressure,1.0,7154.75,7156.5,7152.25,7156.5,Up,1,7154.75,4.25,5.375,5,7159.5,3.0,0.5581395348837209,3.0,0.5581395348837209,6.5,-2.0,1.2093023255813953,-0.3720930232558139,1,1
ES,xApvaV01StateLog_ES.csv,1124,2026-04-22 10:15:00,Unresolved,Unresolved->Unresolved->Unresolved->Unresolved,Pure Unresolved Compression Equilibrium,Exact,1.0,-1.4428232973175177e-12,0.0,1.0,0.0,0.0,0.2799999999999999,0.0,1.0,0.0,CompressionPressure,1.0,7156.5,7162.75,7156.0,7158.0,Up,1,7156.5,6.75,5.464285714285714,5,7159.0,1.0,0.1830065359477124,1.0,0.1830065359477124,5.0,-3.5,0.915032679738562,-0.6405228758169934,1,1
ES,xApvaV01StateLog_ES.csv,1125,2026-04-22 10:20:00,Unresolved,Unresolved->Unresolved->Unresolved->Unresolved,Pure Unresolved Compression Equilibrium,Exact,1.0,-1.4428232973175177e-12,0.0,1.0,0.0,0.0,0.2799999999999999,0.0,1.0,0.0,CompressionPressure,1.0,7158.25,7160.0,7154.5,7155.5,Up,1,7158.0,5.5,5.607142857142857,5,7160.75,5.25,0.9363057324840764,5.25,0.9363057324840764,7.5,0.0,1.337579617834395,0.0,1,1
ES,xApvaV01StateLog_ES.csv,1126,2026-04-22 10:25:00,Unresolved,Unresolved->Unresolved->Unresolved->Unresolved,Pure Unresolved Compression Equilibrium,Exact,1.0,-1.4428232973175177e-12,0.0,1.0,0.0,0.0,0.2799999999999999,0.0,1.0,0.0,CompressionPressure,1.0,7155.75,7163.0,7155.5,7160.0,Up,1,7155.5,7.5,5.821428571428571,5,7160.5,0.5,0.0858895705521472,0.5,0.0858895705521472,2.75,-3.25,0.4723926380368098,-0.558282208588957,1,1
ES,xApvaV01StateLog_ES.csv,1127,2026-04-22 10:30:00,Unresolved,Unresolved->Unresolved->Unresolved->Unresolved,Pure Unresolved Compression Equilibrium,Exact,1.0,-1.4428232973175177e-12,0.0,1.0,0.0,0.0,0.2799999999999999,0.0,1.0,0.0,CompressionPressure,1.0,7160.0,7161.5,7158.75,7159.0,Up,1,7160.0,2.75,5.553571428571429,5,7160.0,1.0,0.180064308681672,1.0,0.180064308681672,3.75,-2.25,0.67524115755627,-0.405144694533762,1,1
ES,xApvaV01StateLog_ES.csv,1128,2026-04-22 10:35:00,Unresolved,Unresolved->Unresolved->Unresolved->Unresolved,Pure Unresolved Compression Equilibrium,Exact,1.0,-1.4428232973175177e-12,0.0,1.0,0.0,0.0,0.2799999999999999,0.0,1.0,0.0,CompressionPressure,1.0,7159.25,7161.75,7158.75,7159.5,Up,1,7159.0,3.0,5.446428571428571,5,7158.25,-1.25,-0.2295081967213114,-1.25,-0.2295081967213114,3.25,-2.75,0.5967213114754099,-0.5049180327868853,0,1
ES,xApvaV01StateLog_ES.csv,1129,2026-04-22 10:40:00,Unresolved,Unresolved->Unresolved->Unresolved->Unresolved,Pure Unresolved Compression Equilibrium,Exact,1.0,-1.4428232973175177e-12,0.0,1.0,0.0,0.0,0.2799999999999999,0.0,1.0,0.0,CompressionPressure,1.0,7159.5,7160.75,7157.5,7159.0,Up,1,7159.5,3.25,5.285714285714286,5,7159.25,0.25,0.0472972972972973,0.25,0.0472972972972973,3.75,-2.25,0.7094594594594594,-0.4256756756756757,1,1
ES,xApvaV01StateLog_ES.csv,1140,2026-04-22 11:35:00,Unresolved,Balance->Balance->Degrading->Unresolved,Stable Compression Basin,Soft,0.4142135623730951,1.1567796494427114,0.3333333333333333,0.7,0.3,0.0,0.140975724756209,0.0416666666666666,0.7193679385764972,0.3780455483155931,CompressionPressure,0.7193679385764972,7152.75,7156.5,7151.75,7154.5,Down,-1,7152.75,4.75,3.375,5,7154.5,0.0,0.0,-0.0,-0.0,1.25,-5.0,0.3703703703703703,-1.4814814814814814,0,1
ES,xApvaV01StateLog_ES.csv,1142,2026-04-22 11:45:00,Unresolved,Degrading->Unresolved->Balance->Unresolved,Stable Compression Basin,Exact,1.0,1.1567796494427114,0.4444444444444444,0.7,0.1,0.0,0.1148229469784313,0.0555555555555555,0.6915901607987194,0.4197122149822597,CompressionPressure,0.6915901607987194,7157.0,7158.0,7156.25,7157.0,Up,1,7157.0,1.75,3.267857142857143,5,7157.25,0.25,0.0765027322404371,0.25,0.0765027322404371,2.5,-7.0,0.7650273224043715,-2.1420765027322406,1,1
ES,xApvaV01StateLog_ES.csv,1143,2026-04-22 11:50:00,Unresolved,Unresolved->Balance->Unresolved->Unresolved,Stable Compression Basin,Exact,1.0,1.2954618442339936,0.4444444444444444,0.6,0.0,0.0,0.085538424773057,0.0555555555555555,0.6412558569575977,0.4500489450928527,CompressionPressure,0.6412558569575977,7156.75,7159.5,7155.75,7157.75,Up,1,7157.0,3.75,3.3035714285714284,5,7157.75,0.0,0.0,0.0,0.0,1.0,-7.75,0.3027027027027027,-2.345945945945946,0,1
ES,xApvaV01StateLog_ES.csv,1144,2026-04-22 11:55:00,Unresolved,Balance->Unresolved->Unresolved->Unresolved,Stable Compression Basin,Exact,1.0,1.360964047439353,0.4444444444444444,0.5,0.0,0.0,0.0688567456734801,0.0555555555555555,0.595495302590596,0.4643775520440251,CompressionPressure,0.595495302590596,7157.5,7158.75,7156.25,7156.25,Up,1,7157.75,2.5,3.267857142857143,5,7161.5,5.25,1.6065573770491803,5.25,1.6065573770491803,5.75,-6.25,1.7595628415300546,-1.912568306010929,1,1
ES,xApvaV01StateLog_ES.csv,1159,2026-04-22 13:10:00,Unresolved,Degrading->Unresolved->Unresolved->Unresolved,Stable Compression Basin,Exact,1.0,1.360964047439353,0.4444444444444444,0.5,0.3,0.0,0.08985674567348,0.0555555555555555,0.595495302590596,0.4643775520440251,CompressionPressure,0.595495302590596,7170.25,7172.0,7169.0,7169.5,Up,1,7170.5,3.0,4.375,5,7163.75,-5.75,-1.3142857142857145,-5.75,-1.3142857142857145,0.0,-9.5,0.0,-2.1714285714285717,0,1
ES,xApvaV01StateLog_ES.csv,1162,2026-04-22 13:25:00,Unresolved,Unresolved->Unresolved->Unresolved->Unresolved,Pure Unresolved Compression Equilibrium,Exact,1.0,1.8464393446652445,0.4444444444444444,0.4,0.0,0.0,0.0388888888888888,0.0555555555555555,0.538888888888889,0.5166666666666666,CompressionPressure,0.538888888888889,7164.5,7164.75,7161.75,7162.5,Down,-1,7164.75,3.0,4.517857142857143,5,7161.25,-1.25,-0.2766798418972331,1.25,0.2766798418972331,6.5,-2.75,1.4387351778656126,-0.608695652173913,1,1
ES,xApvaV01StateLog_ES.csv,1163,2026-04-22 13:30:00,Unresolved,Unresolved->Unresolved->Unresolved->Unresolved,Pure Unresolved Compression Equilibrium,Exact,1.0,1.8464393446652445,0.3333333333333333,0.4,0.0,0.0,0.0510416666666666,0.0416666666666666,0.5666666666666667,0.475,CompressionPressure,0.5666666666666667,7162.75,7163.75,7162.0,7163.25,Down,-1,7162.5,1.75,4.303571428571429,5,7163.25,0.0,0.0,-0.0,-0.0,7.25,-2.0,1.6846473029045643,-0.4647302904564315,0,1
ES,xApvaV01StateLog_ES.csv,1164,2026-04-22 13:35:00,Unresolved,Unresolved->Unresolved->Unresolved->Unresolved,Pure Unresolved Compression Equilibrium,Exact,1.0,1.4854752972230063,0.2222222222222222,0.5,0.0,0.0,0.0836294086674746,0.0277777777777777,0.6432689050346733,0.4082810546008659,CompressionPressure,0.6432689050346733,7163.5,7165.25,7163.25,7163.75,Up,1,7163.25,2.0,4.232142857142857,5,7164.5,0.75,0.1772151898734177,0.75,0.1772151898734177,1.0,-7.75,0.2362869198312236,-1.8312236286919832,1,1
ES,xApvaV01StateLog_ES.csv,1166,2026-04-22 13:45:00,Unresolved,Unresolved->Unresolved->Balance->Unresolved,Stable Compression Basin,Exact,1.0,1.360964047439353,0.3333333333333333,0.5,0.0,0.0,0.0810095234512578,0.0416666666666666,0.6232730803683738,0.4227108853773584,CompressionPressure,0.6232730803683738,7160.5,7162.25,7160.25,7161.75,Up,1,7160.5,2.0,4.446428571428571,5,7160.0,-1.75,-0.393574297188755,-1.75,-0.393574297188755,3.0,-12.0,0.674698795180723,-2.698795180722892,0,1
ES,xApvaV01StateLog_ES.csv,1169,2026-04-22 14:00:00,Unresolved,Unresolved->Balance->Balance->Unresolved,Stable Compression Basin,Exact,1.0,1.4854752972230063,0.4444444444444444,0.5,0.0,0.0,0.0593238531119191,0.0555555555555555,0.5877133494791177,0.4916143879341992,CompressionPressure,0.5877133494791177,7163.0,7164.75,7162.25,7164.5,Up,1,7163.25,2.5,4.196428571428571,5,7164.0,-0.5,-0.1191489361702127,-0.5,-0.1191489361702127,6.5,-14.75,1.548936170212766,-3.514893617021277,0,1
ES,xApvaV01StateLog_ES.csv,1170,2026-04-23 06:35:00,Unresolved,Balance->Balance->Unresolved->Unresolved,Stable Compression Basin,Exact,1.0,1.5709505944503404,0.4444444444444444,0.4,0.0,0.0,0.0411129840012847,0.0555555555555555,0.5407044767357427,0.5103121092026786,CompressionPressure,0.5407044767357427,7152.25,7157.5,7149.75,7152.75,Up,1,7164.5,14.75,4.625,5,7159.75,7.0,1.5135135135135136,7.0,1.5135135135135136,18.25,-1.5,3.945945945945946,-0.3243243243243243,1,1
ES,xApvaV01StateLog_ES.csv,1178,2026-04-23 07:15:00,Unresolved,Degrading->Degrading->Degrading->Unresolved,Stable Compression Basin,Exact,1.0,1.2954618442339936,0.3333333333333333,0.6,0.0,0.0,0.0976912025508348,0.0416666666666666,0.6690336347353755,0.4083822784261861,CompressionPressure,0.6690336347353755,7160.5,7161.25,7157.5,7158.75,Down,-1,7160.5,3.75,6.732142857142857,5,7164.5,5.75,0.8541114058355438,-5.75,-0.8541114058355438,0.75,-10.75,0.1114058355437665,-1.596816976127321,0,1
ES,xApvaV01StateLog_ES.csv,1179,2026-04-23 07:20:00,Unresolved,Degrading->Degrading->Unresolved->Unresolved,Stable Compression Basin,Exact,1.0,1.2954618442339936,0.3333333333333333,0.6,0.0,0.0,0.0976912025508348,0.0416666666666666,0.6690336347353755,0.4083822784261861,CompressionPressure,0.6690336347353755,7158.75,7164.75,7158.0,7159.5,Down,-1,7158.75,6.75,6.625,5,7167.25,7.75,1.169811320754717,-7.75,-1.169811320754717,0.5,-10.0,0.0754716981132075,-1.509433962264151,0,1
ES,xApvaV01StateLog_ES.csv,1182,2026-04-23 07:35:00,Unresolved,Unresolved->Balance->Balance->Unresolved,Stable Compression Basin,Exact,1.0,1.4854752972230063,0.3333333333333333,0.5,0.0,0.0,0.0714766308896969,0.0416666666666666,0.6154911272568955,0.4499477212675326,CompressionPressure,0.6154911272568955,7163.0,7169.5,7163.0,7165.0,Up,1,7163.0,6.5,7.732142857142857,5,7175.0,10.0,1.2933025404157044,10.0,1.2933025404157044,13.5,-3.25,1.745958429561201,-0.4203233256351039,1,1
ES,xApvaV01StateLog_ES.csv,1186,2026-04-23 07:55:00,Unresolved,Balance->Balance->Unresolved->Unresolved,Stable Compression Basin,Exact,1.0,1.360964047439353,0.5555555555555556,0.5,0.0,0.0,0.0567039678957023,0.0694444444444444,0.5677175248128182,0.5060442187106917,CompressionPressure,0.5677175248128182,7169.0,7172.75,7167.5,7172.75,Up,1,7168.75,5.25,6.857142857142857,5,7178.25,5.5,0.8020833333333334,5.5,0.8020833333333334,7.0,-1.0,1.0208333333333337,-0.1458333333333333,1,1
ES,xApvaV01StateLog_ES.csv,1188,2026-04-23 08:05:00,Unresolved,Unresolved->Unresolved->Degrading->Unresolved,Stable Compression Basin,Exact,1.0,0.9999999999971146,0.6666666666666666,0.5,0.0,0.0,0.0721875000002209,0.0833333333333333,0.5625000000001804,0.4687499999993688,CompressionPressure,0.5625000000001804,7175.0,7178.0,7174.25,7175.0,Up,1,7175.0,3.75,6.232142857142857,5,7177.75,2.75,0.4412607449856733,2.75,0.4412607449856733,5.5,-3.25,0.8825214899713467,-0.5214899713467049,1,1
ES,xApvaV01StateLog_ES.csv,1191,2026-04-23 08:20:00,Unresolved,Unresolved->Degrading->Unresolved->Unresolved,Stable Compression Basin,Exact,1.0,1.2954618442339936,0.6666666666666666,0.6,0.0,0.0,0.0612328692175015,0.0833333333333333,0.5857003014020421,0.533382278426186,CompressionPressure,0.5857003014020421,7174.0,7179.75,7172.75,7178.25,Up,1,7174.0,7.0,5.571428571428571,5,7173.5,-4.75,-0.8525641025641026,-4.75,-0.8525641025641026,3.25,-6.0,0.5833333333333334,-1.0769230769230769,0,1
ES,xApvaV01StateLog_ES.csv,1192,2026-04-23 08:25:00,Unresolved,Degrading->Unresolved->Unresolved->Unresolved,Stable Compression Basin,Exact,1.0,1.2954618442339936,0.5555555555555556,0.6,0.0,0.0,0.0733856469952793,0.0694444444444444,0.6134780791798199,0.4917156117595194,CompressionPressure,0.6134780791798199,7178.25,7179.75,7176.5,7179.25,Up,1,7178.25,3.25,5.535714285714286,5,7170.0,-9.25,-1.6709677419354838,-9.25,-1.6709677419354838,2.25,-13.25,0.4064516129032258,-2.393548387096774,0,1
ES,xApvaV01StateLog_ES.csv,1194,2026-04-23 08:35:00,Unresolved,Unresolved->Unresolved->Unresolved->Unresolved,Pure Unresolved Compression Equilibrium,Exact,1.0,1.5709505944488975,0.5555555555555556,0.6,0.0,0.0,0.0522935395569507,0.0694444444444444,0.5962600322913884,0.5519787758690297,CompressionPressure,0.5962600322913884,7177.75,7181.5,7175.75,7179.5,Up,1,7177.75,5.75,5.142857142857143,5,7168.75,-10.75,-2.0902777777777777,-10.75,-2.0902777777777777,0.0,-15.25,0.0,-2.9652777777777777,0,1
ES,xApvaV01StateLog_ES.csv,1196,2026-04-23 08:45:00,Unresolved,Unresolved->Unresolved->Unresolved->Unresolved,Pure Unresolved Compression Equilibrium,Exact,1.0,1.7219280948815914,0.4444444444444444,0.4,0.0,0.0,0.0388888888888888,0.0555555555555555,0.538888888888889,0.5166666666666666,CompressionPressure,0.538888888888889,7175.5,7177.5,7172.25,7173.5,Down,-1,7175.75,5.25,4.857142857142857,5,7162.5,-11.0,-2.2647058823529416,11.0,2.2647058823529416,13.25,-0.25,2.7279411764705883,-0.0514705882352941,1,1
ES,xApvaV01StateLog_ES.csv,1197,2026-04-23 08:50:00,Unresolved,Unresolved->Unresolved->Unresolved->Unresolved,Pure Unresolved Compression Equilibrium,Exact,1.0,1.360964047439353,0.3333333333333333,0.5,0.0,0.0,0.0810095234512578,0.0416666666666666,0.6232730803683738,0.4227108853773584,CompressionPressure,0.6232730803683738,7173.25,7173.75,7166.0,7170.0,Down,-1,7173.5,7.75,4.946428571428571,5,7166.5,-3.5,-0.7075812274368232,3.5,0.7075812274368232,9.75,-2.25,1.9711191335740077,-0.4548736462093863,1,1
ES,xApvaV01StateLog_ES.csv,1198,2026-04-23 08:55:00,Unresolved,Unresolved->Unresolved->Unresolved->Unresolved,Pure Unresolved Compression Equilibrium,Exact,1.0,1.2954618442339936,0.2222222222222222,0.6,0.0,0.0,0.1098439803286126,0.0277777777777777,0.6968114125131533,0.3667156117595194,CompressionPressure,0.6968114125131533,7170.0,7170.0,7164.5,7165.25,Down,-1,7170.0,5.5,4.928571428571429,5,7167.0,1.75,0.3550724637681159,-1.75,-0.3550724637681159,5.0,-7.0,1.0144927536231882,-1.4202898550724636,0,1
ES,xApvaV01StateLog_ES.csv,1201,2026-04-23 09:10:00,Unresolved,Unresolved->Degrading->Degrading->Unresolved,Stable Compression Basin,Exact,1.0,1.3709505944503406,0.3333333333333333,0.6,0.0,0.0,0.0919115951123958,0.0416666666666666,0.6643155878468537,0.4248954425360119,CompressionPressure,0.6643155878468537,7161.5,7164.25,7160.25,7162.5,Down,-1,7161.5,4.0,5.285714285714286,5,7167.75,5.25,0.9932432432432432,-5.25,-0.9932432432432432,1.25,-5.75,0.2364864864864864,-1.087837837837838,0,1
ES,xApvaV01StateLog_ES.csv,1202,2026-04-23 09:15:00,Unresolved,Degrading->Degrading->Unresolved->Unresolved,Stable Compression Basin,Exact,1.0,1.3709505944503406,0.2222222222222222,0.6,0.0,0.0,0.1040643728901735,0.0277777777777777,0.6920933656246315,0.3832287758693453,CompressionPressure,0.6920933656246315,7162.5,7167.25,7162.25,7166.5,Up,1,7162.5,5.0,5.375,5,7165.75,-0.75,-0.1395348837209302,-0.75,-0.1395348837209302,3.75,-5.25,0.6976744186046512,-0.9767441860465116,0,1
ES,xApvaV01StateLog_ES.csv,1203,2026-04-23 09:20:00,Unresolved,Degrading->Unresolved->Unresolved->Unresolved,Stable Compression Basin,Exact,1.0,1.4854752972230063,0.2222222222222222,0.5,0.0,0.0,0.0836294086674746,0.0277777777777777,0.6432689050346733,0.4082810546008659,CompressionPressure,0.6432689050346733,7166.25,7168.25,7165.25,7167.0,Up,1,7166.5,3.0,5.303571428571429,5,7166.75,-0.25,-0.0471380471380471,-0.25,-0.0471380471380471,3.25,-5.75,0.6127946127946128,-1.084175084175084,0,1
ES,xApvaV01StateLog_ES.csv,1204,2026-04-23 09:25:00,Unresolved,Unresolved->Unresolved->Unresolved->Unresolved,Pure Unresolved Compression Equilibrium,Exact,1.0,1.4854752972230063,0.3333333333333333,0.5,0.0,0.0,0.0714766308896969,0.0416666666666666,0.6154911272568955,0.4499477212675326,CompressionPressure,0.6154911272568955,7166.75,7167.5,7161.25,7165.75,Up,1,7167.0,6.25,5.482142857142857,5,7166.0,0.25,0.0456026058631921,0.25,0.0456026058631921,4.5,-2.25,0.8208469055374593,-0.4104234527687296,1,1
ES,xApvaV01StateLog_ES.csv,1205,2026-04-23 09:30:00,Unresolved,Unresolved->Unresolved->Unresolved->Unresolved,Pure Unresolved Compression Equilibrium,Exact,1.0,1.4854752972230063,0.3333333333333333,0.5,0.0,0.0,0.0714766308896969,0.0416666666666666,0.6154911272568955,0.4499477212675326,CompressionPressure,0.6154911272568955,7165.5,7168.0,7163.5,7164.75,Down,-1,7165.75,4.5,5.303571428571429,5,7166.75,2.0,0.3771043771043771,-2.0,-0.3771043771043771,1.25,-5.5,0.2356902356902356,-1.037037037037037,0,1
ES,xApvaV01StateLog_ES.csv,1208,2026-04-23 09:45:00,Unresolved,Unresolved->Balance->Unresolved->Unresolved,Stable Compression Basin,Exact,1.0,1.7609640474379105,0.4444444444444444,0.5,0.0,0.0,0.0505555555555555,0.0555555555555555,0.5805555555555556,0.5166666666666666,CompressionPressure,0.5805555555555556,7165.5,7167.5,7164.75,7166.75,Down,-1,7165.75,2.75,5.339285714285714,5,7136.0,-30.75,-5.759197324414716,30.75,5.759197324414716,31.5,-2.75,5.8996655518394645,-0.5150501672240803,1,1
ES,xApvaV01StateLog_ES.csv,1209,2026-04-23 09:50:00,Unresolved,Balance->Unresolved->Unresolved->Unresolved,Stable Compression Basin,Exact,1.0,1.5709505944488975,0.4444444444444444,0.6,0.0,0.0,0.0644463173347285,0.0555555555555555,0.6240378100691661,0.510312109202363,CompressionPressure,0.6240378100691661,7167.0,7169.25,7165.0,7166.0,Down,-1,7166.75,4.25,5.339285714285714,5,7134.25,-31.75,-5.946488294314381,31.75,5.946488294314381,36.0,-3.5,6.74247491638796,-0.6555183946488294,1,1
ES,xApvaV01StateLog_ES.csv,1211,2026-04-23 10:00:00,Unresolved,Unresolved->Unresolved->Balance->Unresolved,Stable Compression Basin,Exact,1.0,1.3709505944503406,0.5555555555555556,0.6,0.0,0.0,0.0676060395568402,0.0694444444444444,0.6087600322912982,0.5082287758693453,CompressionPressure,0.6087600322912982,7166.5,7169.5,7163.0,7166.25,Down,-1,7166.75,6.5,5.142857142857143,5,7119.5,-46.75,-9.090277777777777,46.75,9.090277777777777,50.0,-2.0,9.72222222222222,-0.3888888888888888,1,1
ES,xApvaV01StateLog_ES.csv,1212,2026-04-23 10:05:00,Degrading,Unresolved->Balance->Unresolved->Degrading,Stable Compression Basin,Soft,0.4142135623730951,1.3709505944503406,0.5555555555555556,0.6,0.0,0.0,0.0676060395568402,0.0694444444444444,0.6087600322912982,0.5082287758693453,CompressionPressure,0.6087600322912982,7166.25,7168.25,7147.0,7150.25,Down,-1,7166.25,21.25,6.267857142857143,5,7117.0,-33.25,-5.304843304843304,33.25,5.304843304843304,34.75,0.0,5.544159544159544,0.0,1,1
ES,xApvaV01StateLog_ES.csv,1226,2026-04-23 11:15:00,Unresolved,Degrading->Degrading->Degrading->Unresolved,Stable Compression Basin,Exact,1.0,1.2954618442339936,0.6666666666666666,0.6,0.2,0.0,0.0752328692175015,0.0833333333333333,0.5857003014020421,0.533382278426186,CompressionPressure,0.5857003014020421,7130.75,7139.75,7129.0,7135.25,Up,1,7130.75,10.75,17.392857142857142,5,7146.5,11.25,0.6468172484599589,11.25,0.6468172484599589,17.0,-1.75,0.9774127310061602,-0.1006160164271047,1,1
ES,xApvaV01StateLog_ES.csv,1227,2026-04-23 11:20:00,Unresolved,Degrading->Degrading->Unresolved->Unresolved,Stable Compression Basin,Exact,1.0,1.360964047439353,0.5555555555555556,0.5,0.1,0.0,0.0637039678957023,0.0694444444444444,0.5677175248128182,0.5060442187106917,CompressionPressure,0.5677175248128182,7135.25,7140.75,7134.0,7138.75,Up,1,7135.25,6.75,16.803571428571427,5,7143.75,5.0,0.2975557917109458,5.0,0.2975557917109458,13.5,-5.25,0.8034006376195537,-0.3124335812964931,1,1
ES,xApvaV01StateLog_ES.csv,1228,2026-04-23 11:25:00,Unresolved,Degrading->Unresolved->Unresolved->Unresolved,Stable Compression Basin,Exact,1.0,1.360964047439353,0.4444444444444444,0.5,0.0,0.0,0.0688567456734801,0.0555555555555555,0.595495302590596,0.4643775520440251,CompressionPressure,0.595495302590596,7139.0,7142.5,7133.5,7140.0,Up,1,7138.75,9.0,16.803571428571427,5,7137.5,-2.5,-0.1487778958554729,-2.5,-0.1487778958554729,12.25,-3.0,0.7290116896918173,-0.1785334750265675,0,1
ES,xApvaV01StateLog_ES.csv,1230,2026-04-23 11:35:00,Unresolved,Unresolved->Unresolved->Balance->Unresolved,Stable Compression Basin,Exact,1.0,1.360964047439353,0.5555555555555556,0.5,0.0,0.0,0.0567039678957023,0.0694444444444444,0.5677175248128182,0.5060442187106917,CompressionPressure,0.5677175248128182,7142.25,7149.25,7142.25,7148.0,Up,1,7142.5,7.0,15.875,5,7128.25,-19.75,-1.2440944881889764,-19.75,-1.2440944881889764,4.25,-23.5,0.2677165354330709,-1.4803149606299213,0,1
ES,xApvaV01StateLog_ES.csv,1231,2026-04-23 11:40:00,Unresolved,Unresolved->Balance->Unresolved->Unresolved,Stable Compression Basin,Exact,1.0,1.2954618442339936,0.4444444444444444,0.6,0.0,0.0,0.085538424773057,0.0555555555555555,0.6412558569575977,0.4500489450928527,CompressionPressure,0.6412558569575977,7148.25,7152.25,7145.25,7146.5,Up,1,7148.0,7.0,15.267857142857142,5,7128.75,-17.75,-1.1625730994152048,-17.75,-1.1625730994152048,1.25,-22.0,0.0818713450292397,-1.4409356725146198,0,1
ES,xApvaV01StateLog_ES.csv,1232,2026-04-23 11:45:00,Unresolved,Balance->Unresolved->Unresolved->Unresolved,Stable Compression Basin,Exact,1.0,1.2954618442339936,0.3333333333333333,0.6,0.0,0.0,0.0976912025508348,0.0416666666666666,0.6690336347353755,0.4083822784261861,CompressionPressure,0.6690336347353755,7146.75,7147.75,7138.0,7143.75,Down,-1,7146.5,9.75,14.803571428571429,5,7135.75,-8.0,-0.5404101326899879,8.0,0.5404101326899879,19.25,-0.75,1.3003618817852836,-0.0506634499396863,1,1
ES,xApvaV01StateLog_ES.csv,1233,2026-04-23 11:50:00,Unresolved,Unresolved->Unresolved->Unresolved->Unresolved,Pure Unresolved Compression Equilibrium,Exact,1.0,1.5709505944488975,0.4444444444444444,0.6,0.0,0.0,0.0644463173347285,0.0555555555555555,0.6240378100691661,0.510312109202363,CompressionPressure,0.6240378100691661,7144.0,7144.5,7137.0,7137.5,Down,-1,7143.75,7.5,13.839285714285714,5,7139.25,1.75,0.1264516129032258,-1.75,-0.1264516129032258,13.0,-4.0,0.9393548387096776,-0.2890322580645161,0,1
ES,xApvaV01StateLog_ES.csv,1235,2026-04-23 12:00:00,Unresolved,Unresolved->Unresolved->Balance->Unresolved,Stable Compression Basin,Exact,1.0,1.1567796494427114,0.5555555555555556,0.7,0.0,0.0,0.0956701692006535,0.0694444444444444,0.6638123830209416,0.4613788816489264,CompressionPressure,0.6638123830209416,7138.5,7139.5,7124.5,7128.25,Down,-1,7138.5,15.0,12.214285714285714,5,7141.0,12.75,1.0438596491228072,-12.75,-1.0438596491228072,3.75,-15.75,0.3070175438596491,-1.2894736842105263,0,1
ES,xApvaV01StateLog_ES.csv,1236,2026-04-23 12:05:00,Unresolved,Unresolved->Balance->Unresolved->Unresolved,Stable Compression Basin,Exact,1.0,1.1567796494427114,0.5555555555555556,0.7,0.0,0.0,0.0956701692006535,0.0694444444444444,0.6638123830209416,0.4613788816489264,CompressionPressure,0.6638123830209416,7128.25,7131.0,7124.5,7128.75,Down,-1,7128.25,6.5,9.839285714285714,5,7141.25,12.5,1.2704174228675138,-12.5,-1.2704174228675138,0.0,-15.25,0.0,-1.5499092558983667,0,1
ES,xApvaV01StateLog_ES.csv,1237,2026-04-23 12:10:00,Unresolved,Balance->Unresolved->Unresolved->Unresolved,Stable Compression Basin,Exact,1.0,1.1567796494427114,0.5555555555555556,0.7,0.0,0.0,0.0956701692006535,0.0694444444444444,0.6638123830209416,0.4613788816489264,CompressionPressure,0.6638123830209416,7129.0,7138.25,7128.75,7135.75,Up,1,7128.75,9.5,9.392857142857142,5,7136.75,1.0,0.1064638783269962,1.0,0.1064638783269962,10.5,-2.0,1.11787072243346,-0.2129277566539924,1,1
ES,xApvaV01StateLog_ES.csv,1238,2026-04-23 12:15:00,Unresolved,Unresolved->Unresolved->Unresolved->Unresolved,Pure Unresolved Compression Equilibrium,Exact,1.0,1.3709505944503406,0.5555555555555556,0.6,0.0,0.0,0.0676060395568402,0.0694444444444444,0.6087600322912982,0.5082287758693453,CompressionPressure,0.6087600322912982,7135.75,7139.25,7133.75,7139.25,Up,1,7135.75,5.5,8.517857142857142,5,7133.0,-6.25,-0.7337526205450734,-6.25,-0.7337526205450734,7.0,-11.25,0.8218029350104822,-1.3207547169811322,0,1
ES,xApvaV01StateLog_ES.csv,1239,2026-04-23 12:20:00,Unresolved,Unresolved->Unresolved->Unresolved->Unresolved,Pure Unresolved Compression Equilibrium,Exact,1.0,1.2954618442339936,0.4444444444444444,0.6,0.0,0.0,0.085538424773057,0.0555555555555555,0.6412558569575977,0.4500489450928527,CompressionPressure,0.6412558569575977,7139.25,7144.0,7139.25,7142.0,Up,1,7139.25,4.75,8.035714285714286,5,7130.5,-11.5,-1.431111111111111,-11.5,-1.431111111111111,4.25,-14.0,0.5288888888888889,-1.742222222222222,0,1
ES,xApvaV01StateLog_ES.csv,1240,2026-04-23 12:25:00,Unresolved,Unresolved->Unresolved->Unresolved->Unresolved,Pure Unresolved Compression Equilibrium,Exact,1.0,1.360964047439353,0.4444444444444444,0.5,0.0,0.0,0.0688567456734801,0.0555555555555555,0.595495302590596,0.4643775520440251,CompressionPressure,0.595495302590596,7142.0,7143.25,7139.0,7141.0,Up,1,7142.0,4.25,7.571428571428571,5,7137.0,-4.0,-0.5283018867924528,-4.0,-0.5283018867924528,5.25,-13.0,0.6933962264150944,-1.7169811320754718,0,1
ES,xApvaV01StateLog_ES.csv,1241,2026-04-23 12:30:00,Unresolved,Unresolved->Unresolved->Unresolved->Unresolved,Pure Unresolved Compression Equilibrium,Exact,1.0,1.360964047439353,0.4444444444444444,0.5,0.0,0.0,0.0688567456734801,0.0555555555555555,0.595495302590596,0.4643775520440251,CompressionPressure,0.595495302590596,7141.0,7144.0,7139.75,7141.25,Up,1,7141.0,4.25,7.392857142857143,5,7137.75,-3.5,-0.4734299516908212,-3.5,-0.4734299516908212,5.0,-19.75,0.6763285024154589,-2.6714975845410627,0,1
ES,xApvaV01StateLog_ES.csv,1242,2026-04-23 12:35:00,Unresolved,Unresolved->Unresolved->Unresolved->Unresolved,Pure Unresolved Compression Equilibrium,Exact,1.0,1.2954618442339936,0.3333333333333333,0.6,0.0,0.0,0.0976912025508348,0.0416666666666666,0.6690336347353755,0.4083822784261861,CompressionPressure,0.6690336347353755,7141.25,7146.25,7136.25,7136.75,Up,1,7141.25,10.0,7.464285714285714,5,7142.25,5.5,0.7368421052631579,5.5,0.7368421052631579,10.0,-15.25,1.339712918660287,-2.0430622009569377,1,1
ES,xApvaV01StateLog_ES.csv,1243,2026-04-23 12:40:00,Unresolved,Unresolved->Unresolved->Unresolved->Unresolved,Pure Unresolved Compression Equilibrium,Exact,1.0,1.2954618442339936,0.2222222222222222,0.6,0.0,0.0,0.1098439803286126,0.0277777777777777,0.6968114125131533,0.3667156117595194,CompressionPressure,0.6968114125131533,7136.75,7136.75,7128.0,7133.0,Down,-1,7136.75,8.75,7.642857142857143,5,7143.75,10.75,1.4065420560747663,-10.75,-1.4065420560747663,11.5,-13.75,1.5046728971962615,-1.7990654205607477,0,1
ES,xApvaV01StateLog_ES.csv,1244,2026-04-23 12:45:00,Unresolved,Unresolved->Unresolved->Unresolved->Unresolved,Pure Unresolved Compression Equilibrium,Exact,1.0,0.8812908992278072,0.1111111111111111,0.7,0.0,0.0,0.1653733877500932,0.0138888888888888,0.7921415410204843,0.2344490508727494,CompressionPressure,0.7921415410204843,7133.0,7138.0,7130.0,7130.5,Down,-1,7133.0,8.0,7.714285714285714,5,7139.25,8.75,1.1342592592592593,-8.75,-1.1342592592592593,9.0,-16.25,1.1666666666666667,-2.1064814814814814,0,1
ES,xApvaV01StateLog_ES.csv,1245,2026-04-23 12:50:00,Unresolved,Unresolved->Unresolved->Unresolved->Unresolved,Pure Unresolved Compression Equilibrium,Exact,1.0,0.7219280948844771,0.1111111111111111,0.8,0.0,0.0,0.1892412691242961,0.0138888888888888,0.8437683829586091,0.199588437422646,CompressionPressure,0.8437683829586091,7130.5,7137.0,7129.75,7137.0,Down,-1,7130.5,7.25,7.732142857142857,5,7134.0,-3.0,-0.3879907621247113,3.0,0.3879907621247113,15.5,-9.75,2.004618937644342,-1.2609699769053118,1,1
ES,xApvaV01StateLog_ES.csv,1246,2026-04-23 12:55:00,Unresolved,Unresolved->Unresolved->Unresolved->Unresolved,Pure Unresolved Compression Equilibrium,Exact,1.0,0.4689955935863958,0.1111111111111111,0.9,0.0,0.0,0.2202730804215971,0.0138888888888888,0.9012433309564056,0.1442594527636907,CompressionPressure,0.9012433309564056,7136.75,7139.75,7121.5,7137.75,Up,1,7137.0,18.25,8.339285714285714,5,7133.5,-4.25,-0.5096359743040686,-4.25,-0.5096359743040686,9.0,-9.0,1.079229122055675,-1.079229122055675,0,1
ES,xApvaV01StateLog_ES.csv,1247,2026-04-23 13:00:00,Unresolved,Unresolved->Unresolved->Unresolved->Unresolved,Pure Unresolved Compression Equilibrium,Exact,1.0,-1.4428232973175177e-12,0.0,1.0,0.0,0.0,0.2799999999999999,0.0,1.0,0.0,CompressionPressure,1.0,7137.75,7146.75,7136.25,7142.25,Up,1,7137.75,10.5,8.553571428571429,5,7138.75,-3.5,-0.4091858037578288,-3.5,-0.4091858037578288,2.25,-13.5,0.2630480167014614,-1.5782881002087683,0,1
ES,xApvaV01StateLog_ES.csv,1248,2026-04-23 13:05:00,Unresolved,Unresolved->Unresolved->Unresolved->Unresolved,Pure Unresolved Compression Equilibrium,Exact,1.0,-1.4428232973175177e-12,0.0,1.0,0.0,0.0,0.2799999999999999,0.0,1.0,0.0,CompressionPressure,1.0,7142.0,7144.5,7136.75,7143.75,Up,1,7142.25,7.75,8.589285714285714,5,7136.5,-7.25,-0.8440748440748441,-7.25,-0.8440748440748441,0.75,-15.0,0.0873180873180873,-1.7463617463617465,0,1
ES,xApvaV01StateLog_ES.csv,1249,2026-04-23 13:10:00,Unresolved,Unresolved->Unresolved->Unresolved->Unresolved,Pure Unresolved Compression Equilibrium,Exact,1.0,-1.4428232973175177e-12,0.0,1.0,0.0,0.0,0.2799999999999999,0.0,1.0,0.0,CompressionPressure,1.0,7143.75,7144.5,7136.25,7139.25,Up,1,7143.75,8.25,8.107142857142858,5,7137.25,-2.0,-0.2466960352422907,-2.0,-0.2466960352422907,1.25,-10.5,0.1541850220264317,-1.2951541850220265,0,1
ES,xApvaV01StateLog_ES.csv,1250,2026-04-23 13:15:00,Unresolved,Unresolved->Unresolved->Unresolved->Unresolved,Pure Unresolved Compression Equilibrium,Exact,1.0,-1.4428232973175177e-12,0.0,1.0,0.0,0.0,0.2799999999999999,0.0,1.0,0.0,CompressionPressure,1.0,7139.0,7140.5,7133.0,7134.0,Down,-1,7139.25,7.5,8.178571428571429,5,7138.5,4.5,0.5502183406113537,-4.5,-0.5502183406113537,5.25,-5.5,0.6419213973799126,-0.6724890829694323,0,1
ES,xApvaV01StateLog_ES.csv,1251,2026-04-23 13:20:00,Unresolved,Unresolved->Unresolved->Unresolved->Unresolved,Pure Unresolved Compression Equilibrium,Exact,1.0,-1.4428232973175177e-12,0.0,1.0,0.0,0.0,0.2799999999999999,0.0,1.0,0.0,CompressionPressure,1.0,7133.75,7134.25,7128.75,7133.5,Down,-1,7134.0,5.5,7.892857142857143,5,7137.75,4.25,0.5384615384615384,-4.25,-0.5384615384615384,0.75,-6.0,0.0950226244343891,-0.7601809954751131,0,1
ES,xApvaV01StateLog_ES.csv,1252,2026-04-23 13:25:00,Unresolved,Unresolved->Unresolved->Unresolved->Unresolved,Pure Unresolved Compression Equilibrium,Exact,1.0,-1.4428232973175177e-12,0.0,1.0,0.0,0.0,0.2799999999999999,0.0,1.0,0.0,CompressionPressure,1.0,7133.75,7139.5,7132.75,7138.75,Down,-1,7133.5,6.75,7.982142857142857,5,7135.0,-3.75,-0.4697986577181208,3.75,0.4697986577181208,4.75,-0.25,0.5950782997762863,-0.0313199105145413,1,1
ES,xApvaV01StateLog_ES.csv,1253,2026-04-23 13:30:00,Unresolved,Unresolved->Unresolved->Unresolved->Unresolved,Pure Unresolved Compression Equilibrium,Exact,1.0,-1.4428232973175177e-12,0.0,1.0,0.0,0.0,0.2799999999999999,0.0,1.0,0.0,CompressionPressure,1.0,7138.75,7139.0,7134.0,7136.5,Down,-1,7138.75,5.0,8.0,5,7132.0,-4.5,-0.5625,4.5,0.5625,5.75,-2.25,0.71875,-0.28125,1,1
ES,xApvaV01StateLog_ES.csv,1254,2026-04-23 13:35:00,Unresolved,Unresolved->Unresolved->Unresolved->Unresolved,Pure Unresolved Compression Equilibrium,Exact,1.0,-1.4428232973175177e-12,0.0,1.0,0.0,0.0,0.2799999999999999,0.0,1.0,0.0,CompressionPressure,1.0,7136.25,7137.5,7134.75,7137.25,Down,-1,7136.5,2.75,7.892857142857143,5,7132.5,-4.75,-0.6018099547511312,4.75,0.6018099547511312,7.75,-1.5,0.9819004524886876,-0.1900452488687782,1,1
ES,xApvaV01StateLog_ES.csv,1255,2026-04-23 13:40:00,Unresolved,Unresolved->Unresolved->Unresolved->Unresolved,Pure Unresolved Compression Equilibrium,Exact,1.0,-1.4428232973175177e-12,0.0,1.0,0.0,0.0,0.2799999999999999,0.0,1.0,0.0,CompressionPressure,1.0,7137.5,7138.75,7136.75,7138.5,Up,1,7137.25,2.0,7.732142857142857,5,7154.0,15.5,2.004618937644342,15.5,2.004618937644342,28.25,-9.0,3.653579676674365,-1.163972286374134,1,1
ES,xApvaV01StateLog_ES.csv,1256,2026-04-23 13:45:00,Unresolved,Unresolved->Unresolved->Unresolved->Unresolved,Pure Unresolved Compression Equilibrium,Exact,1.0,-1.4428232973175177e-12,0.0,1.0,0.0,0.0,0.2799999999999999,0.0,1.0,0.0,CompressionPressure,1.0,7138.25,7138.75,7136.0,7137.75,Up,1,7138.5,2.75,7.214285714285714,5,7158.25,20.5,2.841584158415841,20.5,2.841584158415841,29.0,-8.25,4.01980198019802,-1.1435643564356437,1,1
ES,xApvaV01StateLog_ES.csv,1257,2026-04-23 13:50:00,Unresolved,Unresolved->Unresolved->Unresolved->Unresolved,Pure Unresolved Compression Equilibrium,Exact,1.0,-1.4428232973175177e-12,0.0,1.0,0.0,0.0,0.2799999999999999,0.0,1.0,0.0,CompressionPressure,1.0,7137.75,7138.25,7135.0,7135.0,Down,-1,7137.75,3.25,6.821428571428571,5,7154.75,19.75,2.895287958115184,-19.75,-2.895287958115184,5.5,-31.75,0.8062827225130891,-4.654450261780105,0,1
ES,xApvaV01StateLog_ES.csv,1258,2026-04-23 13:55:00,Unresolved,Unresolved->Unresolved->Unresolved->Unresolved,Pure Unresolved Compression Equilibrium,Exact,1.0,-1.4428232973175177e-12,0.0,1.0,0.0,0.0,0.2799999999999999,0.0,1.0,0.0,CompressionPressure,1.0,7135.5,7135.75,7130.75,7132.0,Down,-1,7135.0,5.0,6.607142857142857,5,7158.25,26.25,3.972972972972973,-26.25,-3.972972972972973,2.5,-34.75,0.3783783783783784,-5.25945945945946,0,1
ES,xApvaV01StateLog_ES.csv,1259,2026-04-23 14:00:00,Unresolved,Unresolved->Unresolved->Unresolved->Unresolved,Pure Unresolved Compression Equilibrium,Exact,1.0,-1.4428232973175177e-12,0.0,1.0,0.0,0.0,0.2799999999999999,0.0,1.0,0.0,CompressionPressure,1.0,7131.75,7133.0,7129.5,7132.5,Down,-1,7132.0,3.5,6.339285714285714,5,7150.25,17.75,2.8,-17.75,-2.8,-16.75,-34.25,-2.6422535211267606,-5.402816901408451,0,1
ES,xApvaV01StateLog_ES.csv,1260,2026-04-24 06:35:00,Unresolved,Unresolved->Unresolved->Unresolved->Unresolved,Pure Unresolved Compression Equilibrium,Exact,1.0,-1.4428232973175177e-12,0.0,1.0,0.0,0.0,0.2799999999999999,0.0,1.0,0.0,CompressionPressure,1.0,7162.5,7166.75,7153.0,7154.0,Down,-1,7132.5,34.25,7.482142857142857,5,7154.75,0.75,0.1002386634844868,-0.75,-0.1002386634844868,9.0,-6.5,1.2028639618138426,-0.8687350835322196,0,1
ES,xApvaV01StateLog_ES.csv,1261,2026-04-24 06:40:00,Unresolved,Unresolved->Unresolved->Unresolved->Unresolved,Pure Unresolved Compression Equilibrium,Exact,1.0,-1.4428232973175177e-12,0.0,1.0,0.0,0.0,0.2799999999999999,0.0,1.0,0.0,CompressionPressure,1.0,7153.75,7159.5,7150.75,7158.25,Down,-1,7154.0,8.75,7.357142857142857,5,7151.75,-6.5,-0.883495145631068,6.5,0.883495145631068,13.25,-2.25,1.800970873786408,-0.3058252427184466,1,1
ES,xApvaV01StateLog_ES.csv,1262,2026-04-24 06:45:00,Unresolved,Unresolved->Unresolved->Unresolved->Unresolved,Pure Unresolved Compression Equilibrium,Exact,1.0,-1.4428232973175177e-12,0.0,1.0,0.0,0.0,0.2799999999999999,0.0,1.0,0.0,CompressionPressure,1.0,7158.5,7160.5,7153.5,7154.75,Down,-1,7158.25,7.0,7.303571428571429,5,7154.75,0.0,0.0,-0.0,-0.0,9.75,-5.75,1.334963325183374,-0.7872860635696821,0,1
ES,xApvaV01StateLog_ES.csv,1263,2026-04-24 06:50:00,Unresolved,Unresolved->Unresolved->Unresolved->Unresolved,Pure Unresolved Compression Equilibrium,Exact,1.0,-1.4428232973175177e-12,0.0,1.0,0.0,0.0,0.2799999999999999,0.0,1.0,0.0,CompressionPressure,1.0,7155.0,7159.0,7152.0,7158.25,Down,-1,7154.75,7.0,7.214285714285714,5,7155.75,-2.5,-0.3465346534653465,2.5,0.3465346534653465,13.25,-4.25,1.8366336633663367,-0.5891089108910891,1,1
ES,xApvaV01StateLog_ES.csv,1267,2026-04-24 07:10:00,Unresolved,Directional->Degrading->Degrading->Unresolved,Stable Compression Basin,Soft,0.5,1.5709505944488975,0.3333333333333333,0.6,0.4,0.0,0.1045990951125062,0.0416666666666666,0.6518155878469439,0.4686454425356963,CompressionPressure,0.6518155878469439,7151.75,7158.25,7147.75,7154.75,Down,-1,7151.75,10.5,8.553571428571429,5,7156.75,2.0,0.2338204592901878,-2.0,-0.2338204592901878,5.25,-7.75,0.6137787056367432,-0.906054279749478,0,1
ES,xApvaV01StateLog_ES.csv,1268,2026-04-24 07:15:00,Unresolved,Degrading->Degrading->Unresolved->Unresolved,Stable Compression Basin,Exact,1.0,1.7609640474379105,0.3333333333333333,0.5,0.4,0.0,0.0907083333333333,0.0416666666666666,0.6083333333333334,0.475,CompressionPressure,0.6083333333333334,7155.0,7162.5,7152.25,7155.75,Up,1,7154.75,10.25,9.089285714285714,5,7161.0,5.25,0.5776031434184676,5.25,0.5776031434184676,9.0,-6.25,0.9901768172888016,-0.68762278978389,1,1
ES,xApvaV01StateLog_ES.csv,1273,2026-04-24 07:40:00,Unresolved,Balance->Balance->Unresolved->Unresolved,Stable Compression Basin,Exact,1.0,1.8464393446652445,0.4444444444444444,0.4,0.4,0.0,0.0668888888888889,0.0555555555555555,0.538888888888889,0.5166666666666666,CompressionPressure,0.538888888888889,7156.75,7164.75,7154.5,7161.0,Up,1,7156.75,10.25,10.857142857142858,5,7170.0,9.0,0.8289473684210525,9.0,0.8289473684210525,11.0,-0.25,1.013157894736842,-0.0230263157894736,1,1
ES,xApvaV01StateLog_ES.csv,1274,2026-04-24 07:45:00,Unresolved,Balance->Unresolved->Unresolved->Unresolved,Stable Compression Basin,Exact,1.0,1.5219280948830345,0.3333333333333333,0.4,0.3,0.0,0.0780190469021843,0.0416666666666666,0.571546160736477,0.4579217707556637,CompressionPressure,0.571546160736477,7161.0,7166.5,7160.75,7165.25,Up,1,7161.0,5.75,8.821428571428571,5,7171.25,6.0,0.680161943319838,6.0,0.680161943319838,7.0,-3.0,0.7935222672064778,-0.340080971659919,1,1
ES,xApvaV01StateLog_ES.csv,1275,2026-04-24 07:50:00,Unresolved,Unresolved->Unresolved->Unresolved->Unresolved,Pure Unresolved Compression Equilibrium,Exact,1.0,1.7219280948815914,0.4444444444444444,0.4,0.2,0.0,0.0528888888888888,0.0555555555555555,0.538888888888889,0.5166666666666666,CompressionPressure,0.538888888888889,7165.5,7170.75,7162.25,7167.25,Up,1,7165.25,8.5,8.803571428571429,5,7173.25,6.0,0.6815415821501014,6.0,0.6815415821501014,7.25,-2.5,0.8235294117647058,-0.2839756592292089,1,1
ES,xApvaV01StateLog_ES.csv,1277,2026-04-24 08:00:00,Unresolved,Unresolved->Unresolved->Balance->Unresolved,Stable Compression Basin,Exact,1.0,1.360964047439353,0.5555555555555556,0.5,0.0,0.0,0.0567039678957023,0.0694444444444444,0.5677175248128182,0.5060442187106917,CompressionPressure,0.5677175248128182,7166.75,7171.75,7166.5,7170.0,Up,1,7166.5,5.25,8.482142857142858,5,7175.75,5.75,0.6778947368421052,5.75,0.6778947368421052,7.0,-2.5,0.8252631578947368,-0.2947368421052631,1,1
ES,xApvaV01StateLog_ES.csv,1281,2026-04-24 08:20:00,Unresolved,Balance->Unresolved->Unresolved->Unresolved,Stable Compression Basin,Exact,1.0,1.2954618442339936,0.6666666666666666,0.6,0.0,0.0,0.0612328692175015,0.0833333333333333,0.5857003014020421,0.533382278426186,CompressionPressure,0.5857003014020421,7173.25,7174.25,7171.25,7172.25,Up,1,7173.25,3.0,6.410714285714286,5,7190.0,17.75,2.768802228412256,17.75,2.768802228412256,19.25,-1.75,3.002785515320334,-0.2729805013927576,1,1
ES,xApvaV01StateLog_ES.csv,1282,2026-04-24 08:25:00,Unresolved,Unresolved->Unresolved->Unresolved->Unresolved,Pure Unresolved Compression Equilibrium,Exact,1.0,1.3709505944503406,0.6666666666666666,0.6,0.0,0.0,0.0554532617790624,0.0833333333333333,0.5809822545135204,0.549895442536012,CompressionPressure,0.5809822545135204,7172.25,7177.0,7170.75,7175.75,Up,1,7172.25,6.25,6.125,5,7188.5,12.75,2.0816326530612246,12.75,2.0816326530612246,21.5,-5.25,3.510204081632653,-0.8571428571428571,1,1
ES,xApvaV01StateLog_ES.csv,1285,2026-04-24 08:40:00,Unresolved,Unresolved->Unresolved->Unresolved->Unresolved,Pure Unresolved Compression Equilibrium,Exact,1.0,1.5219280948830345,0.4444444444444444,0.4,0.0,0.0,0.0448662691244065,0.0555555555555555,0.5437683829586993,0.4995884374223303,CompressionPressure,0.5437683829586993,7174.5,7175.75,7170.5,7172.75,Up,1,7174.5,5.25,5.482142857142857,5,7194.25,21.5,3.921824104234528,21.5,3.921824104234528,24.5,-1.0,4.469055374592834,-0.1824104234527687,1,1
ES,xApvaV01StateLog_ES.csv,1286,2026-04-24 08:45:00,Unresolved,Unresolved->Unresolved->Unresolved->Unresolved,Pure Unresolved Compression Equilibrium,Exact,1.0,1.360964047439353,0.3333333333333333,0.5,0.0,0.0,0.0810095234512578,0.0416666666666666,0.6232730803683738,0.4227108853773584,CompressionPressure,0.6232730803683738,7172.75,7191.5,7171.75,7190.0,Up,1,7172.75,19.75,6.285714285714286,5,7188.5,-1.5,-0.2386363636363636,-1.5,-0.2386363636363636,7.25,-8.0,1.1534090909090908,-1.2727272727272727,0,1
ES,xApvaV01StateLog_ES.csv,1287,2026-04-24 08:50:00,Unresolved,Unresolved->Unresolved->Unresolved->Unresolved,Pure Unresolved Compression Equilibrium,Exact,1.0,1.2954618442339936,0.2222222222222222,0.6,0.0,0.0,0.1098439803286126,0.0277777777777777,0.6968114125131533,0.3667156117595194,CompressionPressure,0.6968114125131533,7190.0,7197.25,7182.0,7188.5,Up,1,7190.0,15.25,6.642857142857143,5,7189.0,0.5,0.075268817204301,0.5,0.075268817204301,8.25,-1.75,1.2419354838709675,-0.2634408602150537,1,1
ES,xApvaV01StateLog_ES.csv,1288,2026-04-24 08:55:00,Unresolved,Unresolved->Unresolved->Unresolved->Unresolved,Pure Unresolved Compression Equilibrium,Exact,1.0,0.8812908992278072,0.1111111111111111,0.7,0.0,0.0,0.1653733877500932,0.0138888888888888,0.7921415410204843,0.2344490508727494,CompressionPressure,0.7921415410204843,7188.5,7196.75,7188.5,7195.25,Up,1,7188.5,8.25,6.821428571428571,5,7188.5,-6.75,-0.9895287958115184,-6.75,-0.9895287958115184,1.0,-10.0,0.1465968586387434,-1.4659685863874343,0,1
ES,xApvaV01StateLog_ES.csv,1289,2026-04-24 09:00:00,Unresolved,Unresolved->Unresolved->Unresolved->Unresolved,Pure Unresolved Compression Equilibrium,Exact,1.0,0.7219280948844771,0.1111111111111111,0.8,0.0,0.0,0.1892412691242961,0.0138888888888888,0.8437683829586091,0.199588437422646,CompressionPressure,0.8437683829586091,7195.25,7196.25,7191.75,7193.5,Up,1,7195.25,4.5,6.535714285714286,5,7189.75,-3.75,-0.5737704918032787,-3.75,-0.5737704918032787,2.25,-8.25,0.3442622950819672,-1.2622950819672132,0,1
ES,xApvaV01StateLog_ES.csv,1290,2026-04-24 09:05:00,Unresolved,Unresolved->Unresolved->Unresolved->Unresolved,Pure Unresolved Compression Equilibrium,Exact,1.0,0.4689955935863958,0.1111111111111111,0.9,0.0,0.0,0.2202730804215971,0.0138888888888888,0.9012433309564056,0.1442594527636907,CompressionPressure,0.9012433309564056,7193.5,7195.0,7190.25,7194.25,Up,1,7193.5,4.75,6.571428571428571,5,7189.0,-5.25,-0.7989130434782609,-5.25,-0.7989130434782609,1.5,-9.0,0.2282608695652174,-1.3695652173913044,0,1
ES,xApvaV01StateLog_ES.csv,1291,2026-04-24 09:10:00,Unresolved,Unresolved->Unresolved->Unresolved->Unresolved,Pure Unresolved Compression Equilibrium,Exact,1.0,-1.4428232973175177e-12,0.0,1.0,0.0,0.0,0.2799999999999999,0.0,1.0,0.0,CompressionPressure,1.0,7194.25,7195.75,7186.75,7188.5,Up,1,7194.25,9.0,6.839285714285714,5,7192.75,4.25,0.6214099216710183,4.25,0.6214099216710183,6.0,-3.25,0.877284595300261,-0.4751958224543081,1,1
ES,xApvaV01StateLog_ES.csv,1292,2026-04-24 09:15:00,Unresolved,Unresolved->Unresolved->Unresolved->Unresolved,Pure Unresolved Compression Equilibrium,Exact,1.0,-1.4428232973175177e-12,0.0,1.0,0.0,0.0,0.2799999999999999,0.0,1.0,0.0,CompressionPressure,1.0,7188.25,7194.25,7187.5,7189.0,Up,1,7188.5,6.75,7.089285714285714,5,7190.25,1.25,0.1763224181360201,1.25,0.1763224181360201,5.5,-3.75,0.7758186397984886,-0.5289672544080605,1,1
ES,xApvaV01StateLog_ES.csv,1293,2026-04-24 09:20:00,Unresolved,Unresolved->Unresolved->Unresolved->Unresolved,Pure Unresolved Compression Equilibrium,Exact,1.0,-1.4428232973175177e-12,0.0,1.0,0.0,0.0,0.2799999999999999,0.0,1.0,0.0,CompressionPressure,1.0,7189.25,7189.5,7185.25,7188.5,Up,1,7189.0,4.25,7.053571428571429,5,7186.75,-1.75,-0.2481012658227848,-1.75,-0.2481012658227848,6.0,-4.25,0.850632911392405,-0.6025316455696202,0,1
ES,xApvaV01StateLog_ES.csv,1294,2026-04-24 09:25:00,Degrading,Unresolved->Unresolved->Unresolved->Degrading,Sponsor Exhaustion Collapse,Exact,1.0,0.4689955935863958,0.1111111111111111,0.9,0.0,0.0,0.2202730804215971,0.1138888888888889,0.4512433309564058,0.1442594527636907,CompressionPressure,0.4512433309564058,7188.5,7190.5,7187.5,7189.75,Up,1,7188.5,3.0,7.017857142857143,5,7187.5,-2.25,-0.3206106870229007,-2.25,-0.3206106870229007,4.75,-5.5,0.6768447837150127,-0.7837150127226463,0,1
ES,xApvaV01StateLog_ES.csv,1295,2026-04-24 09:30:00,Unresolved,Unresolved->Unresolved->Degrading->Unresolved,Stable Compression Basin,Exact,1.0,0.9219280948830342,0.2222222222222222,0.8,0.0,0.0,0.1617759913466288,0.0277777777777777,0.8034906051809215,0.285005104088997,CompressionPressure,0.8034906051809215,7189.75,7192.0,7187.25,7189.0,Up,1,7189.75,4.75,7.142857142857143,5,7190.0,1.0,0.1399999999999999,1.0,0.1399999999999999,5.5,-4.75,0.7699999999999999,-0.6649999999999999,1,1
ES,xApvaV01StateLog_ES.csv,1296,2026-04-24 09:35:00,Unresolved,Unresolved->Degrading->Unresolved->Unresolved,Stable Compression Basin,Exact,1.0,1.1567796494427114,0.2222222222222222,0.7,0.0,0.0,0.1321285025339868,0.0277777777777777,0.747145716354275,0.3363788816489264,CompressionPressure,0.747145716354275,7189.0,7194.5,7189.0,7192.75,Up,1,7189.0,5.5,7.089285714285714,5,7191.5,-1.25,-0.1763224181360201,-1.25,-0.1763224181360201,1.25,-8.5,0.1763224181360201,-1.198992443324937,0,1
ES,xApvaV01StateLog_ES.csv,1297,2026-04-24 09:40:00,Unresolved,Degrading->Unresolved->Unresolved->Unresolved,Stable Compression Basin,Exact,1.0,1.2954618442339936,0.2222222222222222,0.6,0.0,0.0,0.1098439803286126,0.0277777777777777,0.6968114125131533,0.3667156117595194,CompressionPressure,0.6968114125131533,7192.5,7193.0,7189.25,7190.25,Up,1,7192.75,3.75,7.017857142857143,5,7191.25,1.0,0.1424936386768447,1.0,0.1424936386768447,3.75,-6.0,0.5343511450381679,-0.8549618320610687,1,1
ES,xApvaV01StateLog_ES.csv,1298,2026-04-24 09:45:00,Unresolved,Unresolved->Unresolved->Unresolved->Unresolved,Pure Unresolved Compression Equilibrium,Exact,1.0,1.2954618442339936,0.3333333333333333,0.6,0.0,0.0,0.0976912025508348,0.0416666666666666,0.6690336347353755,0.4083822784261861,CompressionPressure,0.6690336347353755,7190.0,7190.5,7184.25,7186.75,Down,-1,7190.25,6.25,7.214285714285714,5,7189.25,2.5,0.3465346534653465,-2.5,-0.3465346534653465,1.25,-7.25,0.1732673267326732,-1.004950495049505,0,1
ES,xApvaV01StateLog_ES.csv,1299,2026-04-24 09:50:00,Unresolved,Unresolved->Unresolved->Unresolved->Unresolved,Pure Unresolved Compression Equilibrium,Exact,1.0,1.2954618442339936,0.3333333333333333,0.6,0.0,0.0,0.0976912025508348,0.0416666666666666,0.6690336347353755,0.4083822784261861,CompressionPressure,0.6690336347353755,7187.0,7189.25,7185.5,7187.5,Down,-1,7186.75,3.75,7.107142857142857,5,7188.75,1.25,0.1758793969849246,-1.25,-0.1758793969849246,0.0,-6.5,0.0,-0.914572864321608,0,1
ES,xApvaV01StateLog_ES.csv,1300,2026-04-24 09:55:00,Unresolved,Unresolved->Unresolved->Unresolved->Unresolved,Pure Unresolved Compression Equilibrium,Exact,1.0,1.2954618442339936,0.3333333333333333,0.6,0.0,0.0,0.0976912025508348,0.0416666666666666,0.6690336347353755,0.4083822784261861,CompressionPressure,0.6690336347353755,7187.75,7191.25,7187.5,7190.0,Up,1,7187.5,3.75,5.964285714285714,5,7186.25,-3.75,-0.6287425149700598,-3.75,-0.6287425149700598,4.0,-4.0,0.6706586826347305,-0.6706586826347305,0,1
ES,xApvaV01StateLog_ES.csv,1301,2026-04-24 10:00:00,Unresolved,Unresolved->Unresolved->Unresolved->Unresolved,Pure Unresolved Compression Equilibrium,Exact,1.0,1.2954618442339936,0.3333333333333333,0.6,0.0,0.0,0.0976912025508348,0.0416666666666666,0.6690336347353755,0.4083822784261861,CompressionPressure,0.6690336347353755,7190.25,7194.0,7189.25,7191.5,Up,1,7190.0,4.75,5.214285714285714,5,7187.0,-4.5,-0.863013698630137,-4.5,-0.863013698630137,2.0,-8.5,0.3835616438356164,-1.6301369863013695,0,1
ES,xApvaV01StateLog_ES.csv,1302,2026-04-24 10:05:00,Unresolved,Unresolved->Unresolved->Unresolved->Unresolved,Pure Unresolved Compression Equilibrium,Exact,1.0,1.2954618442339936,0.3333333333333333,0.6,0.0,0.0,0.0976912025508348,0.0416666666666666,0.6690336347353755,0.4083822784261861,CompressionPressure,0.6690336347353755,7191.5,7193.5,7190.75,7191.25,Up,1,7191.5,2.75,4.821428571428571,5,7186.0,-5.25,-1.088888888888889,-5.25,-1.088888888888889,0.75,-8.25,0.1555555555555555,-1.7111111111111112,0,1
ES,xApvaV01StateLog_ES.csv,1303,2026-04-24 10:10:00,Unresolved,Unresolved->Unresolved->Unresolved->Unresolved,Pure Unresolved Compression Equilibrium,Exact,1.0,1.2954618442339936,0.2222222222222222,0.6,0.0,0.0,0.1098439803286126,0.0277777777777777,0.6968114125131533,0.3667156117595194,CompressionPressure,0.6968114125131533,7191.5,7191.75,7188.25,7189.25,Down,-1,7191.25,3.5,4.75,5,7186.25,-3.0,-0.631578947368421,3.0,0.631578947368421,6.5,-2.75,1.368421052631579,-0.5789473684210527,1,1
ES,xApvaV01StateLog_ES.csv,1304,2026-04-24 10:15:00,Unresolved,Unresolved->Unresolved->Unresolved->Unresolved,Pure Unresolved Compression Equilibrium,Exact,1.0,0.8812908992278072,0.1111111111111111,0.7,0.0,0.0,0.1653733877500932,0.0138888888888888,0.7921415410204843,0.2344490508727494,CompressionPressure,0.7921415410204843,7189.25,7192.0,7187.75,7188.75,Down,-1,7189.25,4.25,4.714285714285714,5,7187.75,-1.0,-0.2121212121212121,1.0,0.2121212121212121,6.0,-2.75,1.2727272727272727,-0.5833333333333334,1,1
ES,xApvaV01StateLog_ES.csv,1305,2026-04-24 10:20:00,Unresolved,Unresolved->Unresolved->Unresolved->Unresolved,Pure Unresolved Compression Equilibrium,Exact,1.0,0.7219280948844771,0.1111111111111111,0.8,0.0,0.0,0.1892412691242961,0.0138888888888888,0.8437683829586091,0.199588437422646,CompressionPressure,0.8437683829586091,7188.75,7189.0,7186.0,7186.25,Down,-1,7188.75,3.0,4.285714285714286,5,7191.0,4.75,1.1083333333333334,-4.75,-1.1083333333333334,3.5,-5.25,0.8166666666666667,-1.225,0,1
ES,xApvaV01StateLog_ES.csv,1306,2026-04-24 10:25:00,Unresolved,Unresolved->Unresolved->Unresolved->Unresolved,Pure Unresolved Compression Equilibrium,Exact,1.0,0.4689955935863958,0.1111111111111111,0.9,0.0,0.0,0.2202730804215971,0.0138888888888888,0.9012433309564056,0.1442594527636907,CompressionPressure,0.9012433309564056,7186.0,7187.25,7183.0,7187.0,Down,-1,7186.25,4.25,4.107142857142857,5,7189.5,2.5,0.6086956521739131,-2.5,-0.6086956521739131,4.25,-5.0,1.0347826086956522,-1.2173913043478262,0,1
ES,xApvaV01StateLog_ES.csv,1307,2026-04-24 10:30:00,Unresolved,Unresolved->Unresolved->Unresolved->Unresolved,Pure Unresolved Compression Equilibrium,Exact,1.0,-1.4428232973175177e-12,0.0,1.0,0.0,0.0,0.2799999999999999,0.0,1.0,0.0,CompressionPressure,1.0,7186.75,7188.75,7185.75,7186.0,Down,-1,7187.0,3.0,4.017857142857143,5,7194.5,8.5,2.1155555555555554,-8.5,-2.1155555555555554,3.25,-14.5,0.8088888888888888,-3.6088888888888886,0,1
ES,xApvaV01StateLog_ES.csv,1308,2026-04-24 10:35:00,Unresolved,Unresolved->Unresolved->Unresolved->Unresolved,Pure Unresolved Compression Equilibrium,Exact,1.0,-1.4428232973175177e-12,0.0,1.0,0.0,0.0,0.2799999999999999,0.0,1.0,0.0,CompressionPressure,1.0,7186.0,7187.25,7182.75,7186.25,Down,-1,7186.0,4.5,4.125,5,7192.25,6.0,1.4545454545454546,-6.0,-1.4545454545454546,0.5,-14.25,0.1212121212121212,-3.4545454545454546,0,1
ES,xApvaV01StateLog_ES.csv,1309,2026-04-24 10:40:00,Unresolved,Unresolved->Unresolved->Unresolved->Unresolved,Pure Unresolved Compression Equilibrium,Exact,1.0,-1.4428232973175177e-12,0.0,1.0,0.0,0.0,0.2799999999999999,0.0,1.0,0.0,CompressionPressure,1.0,7186.0,7191.5,7185.75,7187.75,Up,1,7186.25,5.75,4.196428571428571,5,7191.5,3.75,0.8936170212765958,3.75,0.8936170212765958,12.75,-0.5,3.0382978723404257,-0.1191489361702127,1,1
ES,xApvaV01StateLog_ES.csv,1310,2026-04-24 10:45:00,Unresolved,Unresolved->Unresolved->Unresolved->Unresolved,Pure Unresolved Compression Equilibrium,Exact,1.0,-1.4428232973175177e-12,0.0,1.0,0.0,0.0,0.2799999999999999,0.0,1.0,0.0,CompressionPressure,1.0,7187.75,7191.25,7187.25,7191.0,Up,1,7187.75,4.0,4.089285714285714,5,7192.0,1.0,0.2445414847161572,1.0,0.2445414847161572,9.5,-3.0,2.323144104803493,-0.7336244541484715,1,1
ES,xApvaV01StateLog_ES.csv,1311,2026-04-24 10:50:00,Unresolved,Unresolved->Unresolved->Unresolved->Unresolved,Pure Unresolved Compression Equilibrium,Exact,1.0,-1.4428232973175177e-12,0.0,1.0,0.0,0.0,0.2799999999999999,0.0,1.0,0.0,CompressionPressure,1.0,7191.0,7192.0,7189.25,7189.5,Up,1,7191.0,2.75,4.017857142857143,5,7190.5,1.0,0.2488888888888888,1.0,0.2488888888888888,11.0,-1.5,2.7377777777777776,-0.3733333333333333,1,1
ES,xApvaV01StateLog_ES.csv,1312,2026-04-24 10:55:00,Unresolved,Unresolved->Unresolved->Unresolved->Unresolved,Pure Unresolved Compression Equilibrium,Exact,1.0,-1.4428232973175177e-12,0.0,1.0,0.0,0.0,0.2799999999999999,0.0,1.0,0.0,CompressionPressure,1.0,7189.75,7200.5,7189.0,7194.5,Up,1,7189.5,11.5,4.392857142857143,5,7187.75,-6.75,-1.5365853658536583,-6.75,-1.5365853658536583,1.5,-8.25,0.3414634146341463,-1.8780487804878048,0,1
ES,xApvaV01StateLog_ES.csv,1313,2026-04-24 11:00:00,Unresolved,Unresolved->Unresolved->Unresolved->Unresolved,Pure Unresolved Compression Equilibrium,Exact,1.0,-1.4428232973175177e-12,0.0,1.0,0.0,0.0,0.2799999999999999,0.0,1.0,0.0,CompressionPressure,1.0,7194.5,7196.0,7191.75,7192.25,Up,1,7194.5,4.25,4.428571428571429,5,7187.5,-4.75,-1.0725806451612905,-4.75,-1.0725806451612905,1.25,-7.5,0.282258064516129,-1.693548387096774,0,1
ES,xApvaV01StateLog_ES.csv,1314,2026-04-24 11:05:00,Unresolved,Unresolved->Unresolved->Unresolved->Unresolved,Pure Unresolved Compression Equilibrium,Exact,1.0,-1.4428232973175177e-12,0.0,1.0,0.0,0.0,0.2799999999999999,0.0,1.0,0.0,CompressionPressure,1.0,7192.25,7193.5,7190.5,7191.5,Down,-1,7192.25,3.0,4.375,5,7185.5,-6.0,-1.3714285714285714,6.0,1.3714285714285714,6.75,-2.0,1.542857142857143,-0.4571428571428571,1,1
ES,xApvaV01StateLog_ES.csv,1315,2026-04-24 11:10:00,Unresolved,Unresolved->Unresolved->Unresolved->Unresolved,Pure Unresolved Compression Equilibrium,Exact,1.0,-1.4428232973175177e-12,0.0,1.0,0.0,0.0,0.2799999999999999,0.0,1.0,0.0,CompressionPressure,1.0,7191.25,7193.5,7188.0,7192.0,Down,-1,7191.5,5.5,4.428571428571429,5,7189.25,-2.75,-0.6209677419354839,2.75,0.6209677419354839,7.25,-0.75,1.6370967741935485,-0.1693548387096774,1,1
ES,xApvaV01StateLog_ES.csv,1316,2026-04-24 11:15:00,Unresolved,Unresolved->Unresolved->Unresolved->Unresolved,Pure Unresolved Compression Equilibrium,Exact,1.0,-1.4428232973175177e-12,0.0,1.0,0.0,0.0,0.2799999999999999,0.0,1.0,0.0,CompressionPressure,1.0,7192.0,7192.75,7189.0,7190.5,Down,-1,7192.0,3.75,4.5,5,7190.0,-0.5,-0.1111111111111111,0.5,0.1111111111111111,5.75,-1.25,1.2777777777777777,-0.2777777777777778,1,1
ES,xApvaV01StateLog_ES.csv,1321,2026-04-24 11:40:00,Unresolved,Directional->Directional->Directional->Unresolved,Stable Compression Basin,Exact,1.0,1.360964047439353,0.2222222222222222,0.5,0.5,0.0,0.1281623012290356,0.0277777777777777,0.6510508581461516,0.3810442187106918,CompressionPressure,0.6510508581461516,7189.25,7191.5,7188.5,7190.0,Up,1,7189.25,3.0,4.732142857142857,5,7193.0,3.0,0.6339622641509435,3.0,0.6339622641509435,4.0,-3.0,0.8452830188679246,-0.6339622641509435,1,1
ES,xApvaV01StateLog_ES.csv,1322,2026-04-24 11:45:00,Unresolved,Directional->Directional->Unresolved->Unresolved,Stable Compression Basin,Exact,1.0,1.5219280948830345,0.2222222222222222,0.4,0.6,0.0,0.1111718246799621,0.0277777777777777,0.5993239385142548,0.416255104088997,CompressionPressure,0.5993239385142548,7190.25,7192.0,7188.0,7188.75,Up,1,7190.0,4.0,4.696428571428571,5,7196.75,8.0,1.7034220532319393,8.0,1.7034220532319393,8.5,-1.75,1.8098859315589355,-0.3726235741444867,1,1
ES,xApvaV01StateLog_ES.csv,1323,2026-04-24 11:50:00,Unresolved,Directional->Unresolved->Unresolved->Unresolved,Stable Compression Basin,Soft,0.4142135623730951,1.5709505944503404,0.2222222222222222,0.4,0.7,0.0,0.1144185395568402,0.0277777777777777,0.5962600322912982,0.4269787758693452,CompressionPressure,0.5962600322912982,7188.75,7190.25,7187.0,7188.25,Down,-1,7188.75,3.25,4.517857142857143,5,7197.5,9.25,2.0474308300395254,-9.25,-2.0474308300395254,1.0,-11.25,0.2213438735177865,-2.490118577075098,0,1
ES,xApvaV01StateLog_ES.csv,1324,2026-04-24 11:55:00,Unresolved,Unresolved->Unresolved->Unresolved->Unresolved,Pure Unresolved Compression Equilibrium,Exact,1.0,1.5709505944503404,0.3333333333333333,0.4,0.7,0.0,0.1022657617790624,0.0416666666666666,0.5684822545135204,0.4686454425360119,CompressionPressure,0.5684822545135204,7188.25,7190.75,7187.25,7189.0,Down,-1,7188.25,3.5,4.482142857142857,5,7197.75,8.75,1.9521912350597608,-8.75,-1.9521912350597608,0.5,-11.0,0.1115537848605577,-2.454183266932271,0,1
ES,xApvaV01StateLog_ES.csv,1325,2026-04-24 12:00:00,Unresolved,Unresolved->Unresolved->Unresolved->Unresolved,Pure Unresolved Compression Equilibrium,Exact,1.0,1.5709505944503404,0.3333333333333333,0.4,0.7,0.0,0.1022657617790624,0.0416666666666666,0.5684822545135204,0.4686454425360119,CompressionPressure,0.5684822545135204,7189.0,7191.5,7188.5,7190.75,Up,1,7189.0,3.0,4.5,5,7193.25,2.5,0.5555555555555556,2.5,0.5555555555555556,9.25,0.0,2.055555555555556,0.0,1,1
ES,xApvaV01StateLog_ES.csv,1326,2026-04-24 12:05:00,Unresolved,Unresolved->Unresolved->Unresolved->Unresolved,Pure Unresolved Compression Equilibrium,Exact,1.0,1.5709505944503404,0.2222222222222222,0.4,0.7,0.0,0.1144185395568402,0.0277777777777777,0.5962600322912982,0.4269787758693452,CompressionPressure,0.5962600322912982,7191.0,7194.0,7190.75,7193.0,Up,1,7190.75,3.25,3.9107142857142856,5,7193.0,0.0,0.0,0.0,0.0,7.0,-2.25,1.7899543378995435,-0.5753424657534246,0,1
ES,xApvaV01StateLog_ES.csv,1327,2026-04-24 12:10:00,Unresolved,Unresolved->Unresolved->Unresolved->Unresolved,Pure Unresolved Compression Equilibrium,Exact,1.0,1.5709505944503404,0.2222222222222222,0.4,0.6,0.0,0.1074185395568402,0.0277777777777777,0.5962600322912982,0.4269787758693452,CompressionPressure,0.5962600322912982,7193.0,7197.25,7192.25,7196.75,Up,1,7193.0,5.0,3.9642857142857135,5,7191.75,-5.0,-1.2612612612612613,-5.0,-1.2612612612612613,3.25,-6.5,0.8198198198198198,-1.6396396396396395,0,1
ES,xApvaV01StateLog_ES.csv,1328,2026-04-24 12:15:00,Unresolved,Unresolved->Unresolved->Unresolved->Unresolved,Pure Unresolved Compression Equilibrium,Exact,1.0,1.4854752972230063,0.2222222222222222,0.5,0.5,0.0,0.1186294086674746,0.0277777777777777,0.6432689050346733,0.4082810546008659,CompressionPressure,0.6432689050346733,7196.5,7199.5,7196.25,7197.5,Up,1,7196.75,3.25,3.982142857142857,5,7192.25,-5.25,-1.3183856502242153,-5.25,-1.3183856502242153,2.5,-7.75,0.6278026905829597,-1.946188340807175,0,1
ES,xApvaV01StateLog_ES.csv,1329,2026-04-24 12:20:00,Unresolved,Unresolved->Unresolved->Unresolved->Unresolved,Pure Unresolved Compression Equilibrium,Exact,1.0,1.2954618442339936,0.2222222222222222,0.6,0.4,0.0,0.1378439803286126,0.0277777777777777,0.6968114125131533,0.3667156117595194,CompressionPressure,0.6968114125131533,7197.75,7200.0,7196.75,7197.75,Up,1,7197.5,3.25,3.821428571428572,5,7193.25,-4.5,-1.1775700934579438,-4.5,-1.1775700934579438,0.25,-8.0,0.0654205607476635,-2.093457943925233,0,1
ES,xApvaV01StateLog_ES.csv,1333,2026-04-24 12:40:00,Unresolved,Directional->Directional->Unresolved->Unresolved,Stable Compression Basin,Exact,1.0,1.2954618442339936,0.2222222222222222,0.6,0.4,0.0,0.1378439803286126,0.0277777777777777,0.6968114125131533,0.3667156117595194,CompressionPressure,0.6968114125131533,7191.75,7192.25,7189.75,7192.25,Down,-1,7191.75,2.5,3.625,5,7195.75,3.5,0.9655172413793104,-3.5,-0.9655172413793104,1.25,-6.75,0.3448275862068966,-1.862068965517241,0,1
ES,xApvaV01StateLog_ES.csv,1334,2026-04-24 12:45:00,Unresolved,Directional->Unresolved->Unresolved->Unresolved,Stable Compression Basin,Soft,0.4142135623730951,1.4854752972230063,0.2222222222222222,0.5,0.5,0.0,0.1186294086674746,0.0277777777777777,0.6432689050346733,0.4082810546008659,CompressionPressure,0.6432689050346733,7192.0,7195.25,7191.25,7193.25,Up,1,7192.25,4.0,3.571428571428572,5,7193.5,0.25,0.0699999999999999,0.25,0.0699999999999999,5.75,-2.5,1.61,-0.7,1,1
ES,xApvaV01StateLog_ES.csv,1335,2026-04-24 12:50:00,Unresolved,Unresolved->Unresolved->Unresolved->Unresolved,Pure Unresolved Compression Equilibrium,Exact,1.0,1.4854752972230063,0.3333333333333333,0.5,0.5,0.0,0.1064766308896969,0.0416666666666666,0.6154911272568955,0.4499477212675326,CompressionPressure,0.6154911272568955,7193.25,7194.25,7191.0,7194.0,Up,1,7193.25,3.25,3.5892857142857144,5,7192.5,-1.5,-0.417910447761194,-1.5,-0.417910447761194,5.0,-3.25,1.3930348258706466,-0.9054726368159204,0,1
ES,xApvaV01StateLog_ES.csv,1336,2026-04-24 12:55:00,Unresolved,Unresolved->Unresolved->Unresolved->Unresolved,Pure Unresolved Compression Equilibrium,Exact,1.0,1.4854752972230063,0.3333333333333333,0.5,0.5,0.0,0.1064766308896969,0.0416666666666666,0.6154911272568955,0.4499477212675326,CompressionPressure,0.6154911272568955,7194.0,7196.5,7191.0,7196.5,Up,1,7194.0,5.5,3.696428571428572,5,7192.5,-4.0,-1.0821256038647342,-4.0,-1.0821256038647342,2.5,-5.75,0.6763285024154589,-1.5555555555555556,0,1
ES,xApvaV01StateLog_ES.csv,1337,2026-04-24 13:00:00,Unresolved,Unresolved->Unresolved->Unresolved->Unresolved,Pure Unresolved Compression Equilibrium,Exact,1.0,1.4854752972230063,0.3333333333333333,0.5,0.5,0.0,0.1064766308896969,0.0416666666666666,0.6154911272568955,0.4499477212675326,CompressionPressure,0.6154911272568955,7196.25,7199.0,7193.25,7194.75,Up,1,7196.5,5.75,3.875,5,7193.0,-1.75,-0.4516129032258064,-1.75,-0.4516129032258064,2.5,-4.0,0.6451612903225806,-1.032258064516129,0,1
ES,xApvaV01StateLog_ES.csv,1338,2026-04-24 13:05:00,Unresolved,Unresolved->Unresolved->Unresolved->Unresolved,Pure Unresolved Compression Equilibrium,Exact,1.0,1.4854752972230063,0.3333333333333333,0.5,0.5,0.0,0.1064766308896969,0.0416666666666666,0.6154911272568955,0.4499477212675326,CompressionPressure,0.6154911272568955,7194.75,7196.5,7194.0,7195.75,Up,1,7194.75,2.5,3.803571428571429,5,7190.75,-5.0,-1.3145539906103287,-5.0,-1.3145539906103287,1.5,-5.75,0.3943661971830986,-1.511737089201878,0,1
ES,xApvaV01StateLog_ES.csv,1339,2026-04-24 13:10:00,Unresolved,Unresolved->Unresolved->Unresolved->Unresolved,Pure Unresolved Compression Equilibrium,Exact,1.0,1.4854752972230063,0.2222222222222222,0.5,0.5,0.0,0.1186294086674746,0.0277777777777777,0.6432689050346733,0.4082810546008659,CompressionPressure,0.6432689050346733,7195.75,7197.25,7190.75,7193.5,Up,1,7195.75,6.5,4.053571428571429,5,7195.0,1.5,0.3700440528634361,1.5,0.3700440528634361,2.0,-3.5,0.4933920704845814,-0.8634361233480176,1,1
ES,xApvaV01StateLog_ES.csv,1340,2026-04-24 13:15:00,Unresolved,Unresolved->Unresolved->Unresolved->Unresolved,Pure Unresolved Compression Equilibrium,Exact,1.0,1.3709505944503406,0.2222222222222222,0.6,0.4,0.0,0.1320643728901736,0.0277777777777777,0.6920933656246315,0.3832287758693453,CompressionPressure,0.6920933656246315,7193.5,7193.75,7191.75,7192.5,Down,-1,7193.5,2.0,3.9642857142857135,5,7194.0,1.5,0.3783783783783783,-1.5,-0.3783783783783783,2.5,-3.25,0.6306306306306306,-0.8198198198198198,0,1
ES,xApvaV01StateLog_ES.csv,1341,2026-04-24 13:20:00,Unresolved,Unresolved->Unresolved->Unresolved->Unresolved,Pure Unresolved Compression Equilibrium,Exact,1.0,1.1567796494427114,0.2222222222222222,0.7,0.3,0.0,0.1531285025339868,0.0277777777777777,0.747145716354275,0.3363788816489264,CompressionPressure,0.747145716354275,7192.5,7193.5,7192.0,7192.5,Down,-1,7192.5,1.5,3.7142857142857135,5,7195.75,3.25,0.875,-3.25,-0.875,2.5,-3.75,0.673076923076923,-1.0096153846153846,0,1
ES,xApvaV01StateLog_ES.csv,1343,2026-04-24 13:30:00,Unresolved,Unresolved->Unresolved->Balance->Unresolved,Stable Compression Basin,Exact,1.0,1.1567796494427114,0.3333333333333333,0.7,0.1,0.0,0.126975724756209,0.0416666666666666,0.7193679385764972,0.3780455483155931,CompressionPressure,0.7193679385764972,7193.25,7193.5,7190.0,7190.75,Down,-1,7193.0,3.5,3.642857142857143,5,7196.5,5.75,1.5784313725490196,-5.75,-1.5784313725490196,0.0,-6.25,0.0,-1.715686274509804,0,1
ES,xApvaV01StateLog_ES.csv,1344,2026-04-24 13:35:00,Unresolved,Unresolved->Balance->Unresolved->Unresolved,Stable Compression Basin,Exact,1.0,1.1567796494427114,0.2222222222222222,0.7,0.0,0.0,0.1321285025339868,0.0277777777777777,0.747145716354275,0.3363788816489264,CompressionPressure,0.747145716354275,7191.0,7195.5,7190.75,7195.0,Down,-1,7190.75,4.75,3.625,5,7195.5,0.5,0.1379310344827586,-0.5,-0.1379310344827586,1.25,-2.0,0.3448275862068966,-0.5517241379310345,0,1
ES,xApvaV01StateLog_ES.csv,1345,2026-04-24 13:40:00,Unresolved,Balance->Unresolved->Unresolved->Unresolved,Stable Compression Basin,Exact,1.0,1.2954618442339936,0.2222222222222222,0.6,0.0,0.0,0.1098439803286126,0.0277777777777777,0.6968114125131533,0.3667156117595194,CompressionPressure,0.6968114125131533,7195.0,7195.75,7194.0,7194.0,Down,-1,7195.0,1.75,3.517857142857143,5,7191.5,-2.5,-0.7106598984771574,2.5,0.7106598984771574,10.75,-3.0,3.0558375634517767,-0.8527918781725888,1,1
ES,xApvaV01StateLog_ES.csv,1347,2026-04-24 13:50:00,Unresolved,Unresolved->Unresolved->Balance->Unresolved,Stable Compression Basin,Exact,1.0,1.5219280948830345,0.4444444444444444,0.4,0.0,0.0,0.0448662691244065,0.0555555555555555,0.5437683829586993,0.4995884374223303,CompressionPressure,0.5437683829586993,7195.5,7195.75,7194.75,7194.75,Down,-1,7195.75,1.0,3.321428571428572,5,7191.5,-3.25,-0.978494623655914,3.25,0.978494623655914,11.5,-3.75,3.462365591397849,-1.129032258064516,1,1
ES,xApvaV01StateLog_ES.csv,1348,2026-04-24 13:55:00,Unresolved,Unresolved->Balance->Unresolved->Unresolved,Stable Compression Basin,Exact,1.0,1.4854752972230063,0.4444444444444444,0.5,0.0,0.0,0.0593238531119191,0.0555555555555555,0.5877133494791177,0.4916143879341992,CompressionPressure,0.5877133494791177,7194.5,7197.0,7194.25,7196.5,Down,-1,7194.75,2.75,3.232142857142857,5,7183.5,-13.0,-4.022099447513812,13.0,4.022099447513812,16.25,-2.0,5.027624309392265,-0.6187845303867403,1,1
ES,xApvaV01StateLog_ES.csv,1349,2026-04-24 14:00:00,Unresolved,Balance->Unresolved->Unresolved->Unresolved,Stable Compression Basin,Exact,1.0,1.3709505944503406,0.4444444444444444,0.6,0.0,0.0,0.079758817334618,0.0555555555555555,0.636537810069076,0.4665621092026786,CompressionPressure,0.636537810069076,7196.25,7197.0,7195.25,7195.5,Down,-1,7196.5,1.75,3.125,5,7194.0,-1.5,-0.48,1.5,0.48,15.25,-3.0,4.88,-0.96,1,1
ES,xApvaV01StateLog_ES.csv,1350,2026-04-27 06:35:00,Unresolved,Unresolved->Unresolved->Unresolved->Unresolved,Pure Unresolved Compression Equilibrium,Exact,1.0,1.3709505944503406,0.5555555555555556,0.6,0.0,0.0,0.0676060395568402,0.0694444444444444,0.6087600322912982,0.5082287758693453,CompressionPressure,0.6087600322912982,7186.25,7195.75,7183.25,7191.5,Down,-1,7195.5,12.5,3.625,5,7195.5,4.0,1.103448275862069,-4.0,-1.103448275862069,11.25,-7.0,3.103448275862069,-1.9310344827586208,0,1
ES,xApvaV01StateLog_ES.csv,1351,2026-04-27 06:40:00,Unresolved,Unresolved->Unresolved->Unresolved->Unresolved,Pure Unresolved Compression Equilibrium,Exact,1.0,1.3709505944503406,0.4444444444444444,0.6,0.0,0.0,0.079758817334618,0.0555555555555555,0.636537810069076,0.4665621092026786,CompressionPressure,0.636537810069076,7191.5,7198.0,7190.75,7198.0,Up,1,7191.5,7.25,3.732142857142857,5,7193.75,-4.25,-1.138755980861244,-4.25,-1.138755980861244,0.5,-17.75,0.1339712918660287,-4.755980861244019,0,1
ES,xApvaV01StateLog_ES.csv,1352,2026-04-27 06:45:00,Unresolved,Unresolved->Unresolved->Unresolved->Unresolved,Pure Unresolved Compression Equilibrium,Exact,1.0,1.2954618442339936,0.3333333333333333,0.6,0.0,0.0,0.0976912025508348,0.0416666666666666,0.6690336347353755,0.4083822784261861,CompressionPressure,0.6690336347353755,7198.25,7198.5,7190.75,7191.5,Up,1,7198.0,7.75,4.107142857142857,5,7192.25,0.75,0.1826086956521739,0.75,0.1826086956521739,6.0,-11.25,1.4608695652173915,-2.739130434782609,1,1
ES,xApvaV01StateLog_ES.csv,1353,2026-04-27 06:50:00,Unresolved,Unresolved->Unresolved->Unresolved->Unresolved,Pure Unresolved Compression Equilibrium,Exact,1.0,1.360964047439353,0.3333333333333333,0.5,0.0,0.0,0.0810095234512578,0.0416666666666666,0.6232730803683738,0.4227108853773584,CompressionPressure,0.6232730803683738,7191.5,7192.0,7180.25,7183.5,Down,-1,7191.5,11.75,4.482142857142857,5,7193.25,9.75,2.175298804780877,-9.75,-2.175298804780877,2.75,-14.0,0.6135458167330677,-3.123505976095618,0,1
ES,xApvaV01StateLog_ES.csv,1354,2026-04-27 06:55:00,Unresolved,Unresolved->Unresolved->Unresolved->Unresolved,Pure Unresolved Compression Equilibrium,Exact,1.0,1.360964047439353,0.3333333333333333,0.5,0.0,0.0,0.0810095234512578,0.0416666666666666,0.6232730803683738,0.4227108853773584,CompressionPressure,0.6232730803683738,7183.5,7194.5,7180.75,7194.0,Down,-1,7183.5,13.75,5.321428571428571,5,7189.5,-4.5,-0.8456375838926175,4.5,0.8456375838926175,5.25,-3.5,0.9865771812080536,-0.6577181208053692,1,1
ES,xApvaV01StateLog_ES.csv,1355,2026-04-27 07:00:00,Unresolved,Unresolved->Unresolved->Unresolved->Unresolved,Pure Unresolved Compression Equilibrium,Exact,1.0,1.2954618442339936,0.2222222222222222,0.6,0.0,0.0,0.1098439803286126,0.0277777777777777,0.6968114125131533,0.3667156117595194,CompressionPressure,0.6968114125131533,7194.0,7197.5,7193.0,7195.5,Up,1,7194.0,4.5,5.535714285714286,5,7191.5,-4.0,-0.7225806451612904,-4.0,-0.7225806451612904,1.75,-7.5,0.3161290322580645,-1.3548387096774197,0,1
ES,xApvaV01StateLog_ES.csv,1356,2026-04-27 07:05:00,Unresolved,Unresolved->Unresolved->Unresolved->Unresolved,Pure Unresolved Compression Equilibrium,Exact,1.0,0.8812908992278072,0.1111111111111111,0.7,0.0,0.0,0.1653733877500932,0.0138888888888888,0.7921415410204843,0.2344490508727494,CompressionPressure,0.7921415410204843,7195.5,7196.75,7192.0,7193.75,Up,1,7195.5,4.75,5.732142857142857,5,7189.25,-4.5,-0.7850467289719627,-4.5,-0.7850467289719627,3.5,-5.75,0.6105919003115265,-1.003115264797508,0,1
ES,xApvaV01StateLog_ES.csv,1357,2026-04-27 07:10:00,Unresolved,Unresolved->Unresolved->Unresolved->Unresolved,Pure Unresolved Compression Equilibrium,Exact,1.0,0.7219280948844771,0.1111111111111111,0.8,0.0,0.0,0.1892412691242961,0.0138888888888888,0.8437683829586091,0.199588437422646,CompressionPressure,0.8437683829586091,7194.0,7197.25,7191.25,7192.25,Down,-1,7193.75,6.0,5.910714285714286,5,7188.5,-3.75,-0.6344410876132931,3.75,0.6344410876132931,7.0,-3.25,1.1842900302114805,-0.5498489425981873,1,1
ES,xApvaV01StateLog_ES.csv,1358,2026-04-27 07:15:00,Unresolved,Unresolved->Unresolved->Unresolved->Unresolved,Pure Unresolved Compression Equilibrium,Exact,1.0,0.4689955935863958,0.1111111111111111,0.9,0.0,0.0,0.2202730804215971,0.0138888888888888,0.9012433309564056,0.1442594527636907,CompressionPressure,0.9012433309564056,7192.0,7195.5,7189.5,7193.25,Down,-1,7192.25,6.0,6.0,5,7194.0,0.75,0.125,-0.75,-0.125,8.0,-5.75,1.3333333333333333,-0.9583333333333334,0,1
ES,xApvaV01StateLog_ES.csv,1359,2026-04-27 07:20:00,Unresolved,Unresolved->Unresolved->Unresolved->Unresolved,Pure Unresolved Compression Equilibrium,Exact,1.0,-1.4428232973175177e-12,0.0,1.0,0.0,0.0,0.2799999999999999,0.0,1.0,0.0,CompressionPressure,1.0,7193.0,7194.0,7188.75,7189.5,Down,-1,7193.25,5.25,6.25,5,7194.25,4.75,0.76,-4.75,-0.76,4.25,-9.5,0.68,-1.52,0,1
ES,xApvaV01StateLog_ES.csv,1360,2026-04-27 07:25:00,Unresolved,Unresolved->Unresolved->Unresolved->Unresolved,Pure Unresolved Compression Equilibrium,Exact,1.0,-1.4428232973175177e-12,0.0,1.0,0.0,0.0,0.2799999999999999,0.0,1.0,0.0,CompressionPressure,1.0,7189.25,7191.5,7188.0,7191.5,Down,-1,7189.5,3.5,6.321428571428571,5,7191.5,0.0,0.0,-0.0,-0.0,6.25,-7.5,0.9887005649717514,-1.1864406779661016,0,1
ES,xApvaV01StateLog_ES.csv,1361,2026-04-27 07:30:00,Unresolved,Unresolved->Unresolved->Unresolved->Unresolved,Pure Unresolved Compression Equilibrium,Exact,1.0,-1.4428232973175177e-12,0.0,1.0,0.0,0.0,0.2799999999999999,0.0,1.0,0.0,CompressionPressure,1.0,7191.25,7193.0,7188.75,7189.25,Down,-1,7191.5,4.25,6.553571428571429,5,7190.0,0.75,0.1144414168937329,-0.75,-0.1144414168937329,4.0,-9.75,0.6103542234332425,-1.4877384196185286,0,1
ES,xApvaV01StateLog_ES.csv,1362,2026-04-27 07:35:00,Unresolved,Unresolved->Unresolved->Unresolved->Unresolved,Pure Unresolved Compression Equilibrium,Exact,1.0,-1.4428232973175177e-12,0.0,1.0,0.0,0.0,0.2799999999999999,0.0,1.0,0.0,CompressionPressure,1.0,7189.25,7189.5,7185.25,7188.5,Down,-1,7189.25,4.25,6.660714285714286,5,7190.75,2.25,0.3378016085790885,-2.25,-0.3378016085790885,0.75,-10.5,0.1126005361930295,-1.5764075067024128,0,1
ES,xApvaV01StateLog_ES.csv,1363,2026-04-27 07:40:00,Unresolved,Unresolved->Unresolved->Unresolved->Unresolved,Pure Unresolved Compression Equilibrium,Exact,1.0,-1.4428232973175177e-12,0.0,1.0,0.0,0.0,0.2799999999999999,0.0,1.0,0.0,CompressionPressure,1.0,7188.5,7199.0,7187.75,7194.0,Down,-1,7188.5,11.25,7.339285714285714,5,7183.5,-10.5,-1.4306569343065694,10.5,1.4306569343065694,11.25,-2.25,1.532846715328467,-0.3065693430656934,1,1
ES,xApvaV01StateLog_ES.csv,1364,2026-04-27 07:45:00,Unresolved,Unresolved->Unresolved->Unresolved->Unresolved,Pure Unresolved Compression Equilibrium,Exact,1.0,-1.4428232973175177e-12,0.0,1.0,0.0,0.0,0.2799999999999999,0.0,1.0,0.0,CompressionPressure,1.0,7193.75,7196.25,7190.0,7194.25,Up,1,7194.0,6.25,6.892857142857143,5,7185.0,-9.25,-1.3419689119170983,-9.25,-1.3419689119170983,0.5,-12.0,0.0725388601036269,-1.7409326424870466,0,1
ES,xApvaV01StateLog_ES.csv,1365,2026-04-27 07:50:00,Unresolved,Unresolved->Unresolved->Unresolved->Unresolved,Pure Unresolved Compression Equilibrium,Exact,1.0,-1.4428232973175177e-12,0.0,1.0,0.0,0.0,0.2799999999999999,0.0,1.0,0.0,CompressionPressure,1.0,7194.25,7194.75,7190.0,7191.5,Up,1,7194.25,4.75,6.714285714285714,5,7183.25,-8.25,-1.2287234042553192,-8.25,-1.2287234042553192,1.75,-9.25,0.2606382978723404,-1.377659574468085,0,1
ES,xApvaV01StateLog_ES.csv,1366,2026-04-27 07:55:00,Unresolved,Unresolved->Unresolved->Unresolved->Unresolved,Pure Unresolved Compression Equilibrium,Exact,1.0,-1.4428232973175177e-12,0.0,1.0,0.0,0.0,0.2799999999999999,0.0,1.0,0.0,CompressionPressure,1.0,7191.25,7193.25,7187.75,7190.0,Down,-1,7191.5,5.5,6.553571428571429,5,7182.75,-7.25,-1.106267029972752,7.25,1.106267029972752,8.5,-2.75,1.2970027247956404,-0.4196185286103542,1,1
ES,xApvaV01StateLog_ES.csv,1367,2026-04-27 08:00:00,Unresolved,Unresolved->Unresolved->Unresolved->Unresolved,Pure Unresolved Compression Equilibrium,Exact,1.0,-1.4428232973175177e-12,0.0,1.0,0.0,0.0,0.2799999999999999,0.0,1.0,0.0,CompressionPressure,1.0,7190.25,7191.75,7188.0,7190.75,Down,-1,7190.0,3.75,5.982142857142857,5,7180.0,-10.75,-1.7970149253731345,10.75,1.7970149253731345,13.75,-2.0,2.298507462686567,-0.3343283582089552,1,1
ES,xApvaV01StateLog_ES.csv,1368,2026-04-27 08:05:00,Unresolved,Unresolved->Unresolved->Unresolved->Unresolved,Pure Unresolved Compression Equilibrium,Exact,1.0,-1.4428232973175177e-12,0.0,1.0,0.0,0.0,0.2799999999999999,0.0,1.0,0.0,CompressionPressure,1.0,7190.75,7192.75,7182.75,7183.5,Down,-1,7190.75,10.0,5.714285714285714,5,7184.5,1.0,0.175,-1.0,-0.175,6.5,-3.25,1.1375,-0.56875,0,1
ES,xApvaV01StateLog_ES.csv,1369,2026-04-27 08:10:00,Unresolved,Unresolved->Unresolved->Unresolved->Unresolved,Pure Unresolved Compression Equilibrium,Exact,1.0,-1.4428232973175177e-12,0.0,1.0,0.0,0.0,0.2799999999999999,0.0,1.0,0.0,CompressionPressure,1.0,7183.75,7186.5,7182.25,7185.0,Down,-1,7183.5,4.25,5.696428571428571,5,7184.5,-0.5,-0.0877742946708464,0.5,0.0877742946708464,8.0,-2.0,1.4043887147335423,-0.3510971786833856,1,1
ES,xApvaV01StateLog_ES.csv,1370,2026-04-27 08:15:00,Unresolved,Unresolved->Unresolved->Unresolved->Unresolved,Pure Unresolved Compression Equilibrium,Exact,1.0,-1.4428232973175177e-12,0.0,1.0,0.0,0.0,0.2799999999999999,0.0,1.0,0.0,CompressionPressure,1.0,7185.25,7186.25,7183.0,7183.25,Down,-1,7185.0,3.25,5.589285714285714,5,7185.0,1.75,0.3130990415335463,-1.75,-0.3130990415335463,6.25,-3.75,1.1182108626198082,-0.6709265175718849,0,1
ES,xApvaV01StateLog_ES.csv,1371,2026-04-27 08:20:00,Unresolved,Unresolved->Unresolved->Unresolved->Unresolved,Pure Unresolved Compression Equilibrium,Exact,1.0,-1.4428232973175177e-12,0.0,1.0,0.0,0.0,0.2799999999999999,0.0,1.0,0.0,CompressionPressure,1.0,7183.0,7186.75,7181.5,7182.75,Down,-1,7183.25,5.25,5.535714285714286,5,7187.25,4.5,0.8129032258064516,-4.5,-0.8129032258064516,5.75,-5.75,1.038709677419355,-1.038709677419355,0,1
ES,xApvaV01StateLog_ES.csv,1372,2026-04-27 08:25:00,Unresolved,Unresolved->Unresolved->Unresolved->Unresolved,Pure Unresolved Compression Equilibrium,Exact,1.0,-1.4428232973175177e-12,0.0,1.0,0.0,0.0,0.2799999999999999,0.0,1.0,0.0,CompressionPressure,1.0,7182.75,7184.0,7177.0,7180.0,Down,-1,7182.75,7.0,5.607142857142857,5,7185.75,5.75,1.0254777070063694,-5.75,-1.0254777070063694,1.5,-8.5,0.267515923566879,-1.515923566878981,0,1
ES,xApvaV01StateLog_ES.csv,1373,2026-04-27 08:30:00,Unresolved,Unresolved->Unresolved->Unresolved->Unresolved,Pure Unresolved Compression Equilibrium,Exact,1.0,-1.4428232973175177e-12,0.0,1.0,0.0,0.0,0.2799999999999999,0.0,1.0,0.0,CompressionPressure,1.0,7180.0,7184.5,7178.5,7184.5,Down,-1,7180.0,6.0,5.660714285714286,5,7186.5,2.0,0.3533123028391167,-2.0,-0.3533123028391167,2.5,-4.0,0.4416403785488959,-0.7066246056782335,0,1
ES,xApvaV01StateLog_ES.csv,1374,2026-04-27 08:35:00,Unresolved,Unresolved->Unresolved->Unresolved->Unresolved,Pure Unresolved Compression Equilibrium,Exact,1.0,-1.4428232973175177e-12,0.0,1.0,0.0,0.0,0.2799999999999999,0.0,1.0,0.0,CompressionPressure,1.0,7184.5,7187.0,7182.0,7184.5,Down,-1,7184.5,5.0,5.767857142857143,5,7188.75,4.25,0.7368421052631579,-4.25,-0.7368421052631579,1.75,-5.0,0.3034055727554179,-0.8668730650154798,0,1
ES,xApvaV01StateLog_ES.csv,1375,2026-04-27 08:40:00,Unresolved,Unresolved->Unresolved->Unresolved->Unresolved,Pure Unresolved Compression Equilibrium,Exact,1.0,-1.4428232973175177e-12,0.0,1.0,0.0,0.0,0.2799999999999999,0.0,1.0,0.0,CompressionPressure,1.0,7184.25,7185.75,7182.75,7185.0,Up,1,7184.5,3.0,5.678571428571429,5,7189.25,4.25,0.7484276729559748,4.25,0.7484276729559748,4.75,-1.0,0.8364779874213836,-0.1761006289308176,1,1
ES,xApvaV01StateLog_ES.csv,1379,2026-04-27 09:00:00,Unresolved,Directional->Directional->Balance->Unresolved,Stable Compression Basin,Soft,0.3333333333333333,1.2954618442339936,0.2222222222222222,0.6,0.4,0.0,0.1378439803286126,0.0277777777777777,0.6968114125131533,0.3667156117595194,CompressionPressure,0.6968114125131533,7186.75,7189.5,7185.75,7188.75,Up,1,7186.5,3.75,4.767857142857143,5,7192.75,4.0,0.8389513108614232,4.0,0.8389513108614232,7.25,-2.5,1.5205992509363295,-0.5243445692883895,1,1
ES,xApvaV01StateLog_ES.csv,1381,2026-04-27 09:10:00,Unresolved,Balance->Unresolved->Degrading->Unresolved,Stable Compression Basin,Soft,1.0,1.8464393446652445,0.4444444444444444,0.4,0.5,0.0,0.0738888888888888,0.0555555555555555,0.538888888888889,0.5166666666666666,CompressionPressure,0.538888888888889,7189.25,7192.5,7189.0,7192.0,Up,1,7189.25,3.5,4.607142857142857,5,7196.25,4.25,0.9224806201550388,4.25,0.9224806201550388,4.75,-0.75,1.0310077519379846,-0.1627906976744186,1,1
ES,xApvaV01StateLog_ES.csv,1382,2026-04-27 09:15:00,Unresolved,Unresolved->Degrading->Unresolved->Unresolved,Stable Compression Basin,Exact,1.0,1.8954618442325508,0.4444444444444444,0.3,0.5,0.0,0.0738888888888888,0.0555555555555555,0.538888888888889,0.5166666666666666,CompressionPressure,0.538888888888889,7192.0,7195.0,7191.25,7194.0,Up,1,7192.0,3.75,4.160714285714286,5,7197.25,3.25,0.7811158798283262,3.25,0.7811158798283262,3.75,-2.0,0.9012875536480688,-0.4806866952789699,1,1
ES,xApvaV01StateLog_ES.csv,1390,2026-04-27 09:55:00,Unresolved,Degrading->Unresolved->Unresolved->Unresolved,Stable Compression Basin,Exact,1.0,1.2954618442339936,0.5555555555555556,0.6,0.4,0.0,0.1013856469952793,0.0694444444444444,0.6134780791798199,0.4917156117595194,CompressionPressure,0.6134780791798199,7197.25,7197.25,7195.0,7195.25,Up,1,7197.25,2.25,2.821428571428572,5,7196.25,1.0,0.3544303797468354,1.0,0.3544303797468354,3.5,-1.75,1.240506329113924,-0.620253164556962,1,1
ES,xApvaV01StateLog_ES.csv,1393,2026-04-27 10:10:00,Unresolved,Unresolved->Unresolved->Unresolved->Unresolved,Pure Unresolved Compression Equilibrium,Exact,1.0,1.5709505944503404,0.4444444444444444,0.4,0.3,0.0,0.0621129840012847,0.0555555555555555,0.5407044767357427,0.5103121092026786,CompressionPressure,0.5407044767357427,7197.25,7197.5,7195.75,7197.0,Up,1,7197.0,1.75,2.6607142857142856,5,7207.0,10.0,3.758389261744967,10.0,3.758389261744967,10.0,-3.25,3.758389261744967,-1.221476510067114,1,1
ES,xApvaV01StateLog_ES.csv,1395,2026-04-27 10:20:00,Unresolved,Unresolved->Unresolved->Degrading->Unresolved,Stable Compression Basin,Exact,1.0,1.5709505944503404,0.4444444444444444,0.4,0.1,0.0,0.0481129840012847,0.0555555555555555,0.5407044767357427,0.5103121092026786,CompressionPressure,0.5407044767357427,7198.0,7198.75,7193.75,7196.25,Up,1,7198.0,5.0,2.7142857142857144,5,7203.0,6.75,2.486842105263158,6.75,2.486842105263158,11.0,-1.0,4.052631578947368,-0.3684210526315789,1,1
ES,xApvaV01StateLog_ES.csv,1396,2026-04-27 10:25:00,Unresolved,Unresolved->Degrading->Unresolved->Unresolved,Stable Compression Basin,Exact,1.0,1.4854752972230063,0.4444444444444444,0.5,0.0,0.0,0.0593238531119191,0.0555555555555555,0.5877133494791177,0.4916143879341992,CompressionPressure,0.5877133494791177,7196.0,7202.0,7195.25,7198.5,Up,1,7196.25,6.75,2.9285714285714284,5,7203.75,5.25,1.7926829268292683,5.25,1.7926829268292683,8.75,-0.75,2.9878048780487805,-0.2560975609756097,1,1
ES,xApvaV01StateLog_ES.csv,1397,2026-04-27 10:30:00,Unresolved,Degrading->Unresolved->Unresolved->Unresolved,Stable Compression Basin,Exact,1.0,1.2954618442339936,0.3333333333333333,0.6,0.0,0.0,0.0976912025508348,0.0416666666666666,0.6690336347353755,0.4083822784261861,CompressionPressure,0.6690336347353755,7198.5,7201.75,7197.75,7201.0,Up,1,7198.5,4.0,3.071428571428572,5,7202.25,1.25,0.4069767441860465,1.25,0.4069767441860465,6.25,-0.25,2.0348837209302326,-0.0813953488372093,1,1
ES,xApvaV01StateLog_ES.csv,1399,2026-04-27 10:40:00,Unresolved,Unresolved->Unresolved->Degrading->Unresolved,Stable Compression Basin,Exact,1.0,1.4854752972230063,0.5555555555555556,0.5,0.0,0.0,0.0471710753341413,0.0694444444444444,0.5599355717013399,0.533281054600866,CompressionPressure,0.5599355717013399,7206.75,7207.25,7201.75,7202.5,Up,1,7207.0,5.5,3.5,5,7203.75,1.25,0.3571428571428571,1.25,0.3571428571428571,2.5,-1.25,0.7142857142857143,-0.3571428571428571,1,1
ES,xApvaV01StateLog_ES.csv,1400,2026-04-27 10:45:00,Unresolved,Unresolved->Degrading->Unresolved->Unresolved,Stable Compression Basin,Exact,1.0,1.4854752972230063,0.4444444444444444,0.5,0.0,0.0,0.0593238531119191,0.0555555555555555,0.5877133494791177,0.4916143879341992,CompressionPressure,0.5877133494791177,7202.5,7203.25,7201.75,7203.0,Up,1,7202.5,1.5,3.357142857142857,5,7204.5,1.5,0.4468085106382978,1.5,0.4468085106382978,2.25,-1.75,0.6702127659574468,-0.5212765957446809,1,1
ES,xApvaV01StateLog_ES.csv,1401,2026-04-27 10:50:00,Unresolved,Degrading->Unresolved->Unresolved->Unresolved,Stable Compression Basin,Exact,1.0,1.3709505944503406,0.4444444444444444,0.6,0.0,0.0,0.079758817334618,0.0555555555555555,0.636537810069076,0.4665621092026786,CompressionPressure,0.636537810069076,7203.0,7204.0,7202.0,7203.75,Up,1,7203.0,2.0,3.3392857142857144,5,7205.5,1.75,0.5240641711229946,1.75,0.5240641711229946,2.25,-2.5,0.6737967914438503,-0.7486631016042781,1,1
ES,xApvaV01StateLog_ES.csv,1402,2026-04-27 10:55:00,Unresolved,Unresolved->Unresolved->Unresolved->Unresolved,Pure Unresolved Compression Equilibrium,Exact,1.0,1.3709505944503406,0.5555555555555556,0.6,0.0,0.0,0.0676060395568402,0.0694444444444444,0.6087600322912982,0.5082287758693453,CompressionPressure,0.6087600322912982,7203.5,7204.75,7201.25,7202.25,Up,1,7203.75,3.5,3.446428571428572,5,7207.0,4.75,1.378238341968912,4.75,1.378238341968912,5.0,-0.25,1.450777202072539,-0.0725388601036269,1,1
ES,xApvaV01StateLog_ES.csv,1403,2026-04-27 11:00:00,Unresolved,Unresolved->Unresolved->Unresolved->Unresolved,Pure Unresolved Compression Equilibrium,Exact,1.0,1.3709505944503406,0.4444444444444444,0.6,0.0,0.0,0.079758817334618,0.0555555555555555,0.636537810069076,0.4665621092026786,CompressionPressure,0.636537810069076,7202.25,7204.0,7202.0,7203.5,Up,1,7202.25,2.0,3.4642857142857144,5,7206.0,2.5,0.7216494845360825,2.5,0.7216494845360825,3.75,-1.5,1.0824742268041236,-0.4329896907216494,1,1
ES,xApvaV01StateLog_ES.csv,1404,2026-04-27 11:05:00,Unresolved,Unresolved->Unresolved->Unresolved->Unresolved,Pure Unresolved Compression Equilibrium,Exact,1.0,1.2954618442339936,0.3333333333333333,0.6,0.0,0.0,0.0976912025508348,0.0416666666666666,0.6690336347353755,0.4083822784261861,CompressionPressure,0.6690336347353755,7203.5,7205.0,7202.0,7203.75,Up,1,7203.5,3.0,3.517857142857143,5,7205.75,2.0,0.5685279187817259,2.0,0.5685279187817259,3.5,-0.75,0.9949238578680204,-0.2131979695431472,1,1
ES,xApvaV01StateLog_ES.csv,1415,2026-04-27 12:00:00,Unresolved,Unresolved->Unresolved->Degrading->Unresolved,Stable Compression Basin,Exact,1.0,1.4854752972230063,0.5555555555555556,0.5,0.0,0.0,0.0471710753341413,0.0694444444444444,0.5599355717013399,0.533281054600866,CompressionPressure,0.5599355717013399,7203.25,7205.0,7203.0,7203.0,Down,-1,7203.5,2.0,2.482142857142857,5,7205.5,2.5,1.0071942446043165,-2.5,-1.0071942446043165,1.5,-3.5,0.60431654676259,-1.410071942446043,0,1
ES,xApvaV01StateLog_ES.csv,1416,2026-04-27 12:05:00,Unresolved,Unresolved->Degrading->Unresolved->Unresolved,Stable Compression Basin,Exact,1.0,1.4854752972230063,0.4444444444444444,0.5,0.0,0.0,0.0593238531119191,0.0555555555555555,0.5877133494791177,0.4916143879341992,CompressionPressure,0.5877133494791177,7203.25,7204.75,7202.5,7203.5,Down,-1,7203.0,2.25,2.392857142857143,5,7206.0,2.5,1.0447761194029852,-2.5,-1.0447761194029852,2.0,-3.25,0.835820895522388,-1.3582089552238807,0,1
ES,xApvaV01StateLog_ES.csv,1417,2026-04-27 12:10:00,Unresolved,Degrading->Unresolved->Unresolved->Unresolved,Stable Compression Basin,Exact,1.0,1.360964047439353,0.4444444444444444,0.5,0.0,0.0,0.0688567456734801,0.0555555555555555,0.595495302590596,0.4643775520440251,CompressionPressure,0.595495302590596,7203.5,7204.0,7201.5,7202.25,Down,-1,7203.5,2.5,2.4285714285714284,5,7206.25,4.0,1.647058823529412,-4.0,-1.647058823529412,0.75,-5.5,0.3088235294117647,-2.2647058823529416,0,1
ES,xApvaV01StateLog_ES.csv,1418,2026-04-27 12:15:00,Unresolved,Unresolved->Unresolved->Unresolved->Unresolved,Pure Unresolved Compression Equilibrium,Exact,1.0,1.360964047439353,0.4444444444444444,0.5,0.0,0.0,0.0688567456734801,0.0555555555555555,0.595495302590596,0.4643775520440251,CompressionPressure,0.595495302590596,7202.5,7204.5,7201.5,7204.0,Down,-1,7202.25,3.0,2.4285714285714284,5,7206.5,2.5,1.0294117647058825,-2.5,-1.0294117647058825,0.5,-3.75,0.2058823529411765,-1.5441176470588236,0,1
ES,xApvaV01StateLog_ES.csv,1424,2026-04-27 12:45:00,Unresolved,Unresolved->Balance->Balance->Unresolved,Stable Compression Basin,Exact,1.0,1.360964047439353,0.5555555555555556,0.5,0.0,0.0,0.0567039678957023,0.0694444444444444,0.5677175248128182,0.5060442187106917,CompressionPressure,0.5677175248128182,7206.5,7207.0,7205.25,7206.75,Up,1,7206.5,1.75,2.571428571428572,5,7203.5,-3.25,-1.2638888888888888,-3.25,-1.2638888888888888,4.5,-3.5,1.7499999999999998,-1.361111111111111,0,1
ES,xApvaV01StateLog_ES.csv,1435,2026-04-27 13:40:00,Unresolved,Balance->Balance->Unresolved->Unresolved,Stable Compression Basin,Exact,1.0,1.2954618442339936,0.6666666666666666,0.6,0.0,0.0,0.0612328692175015,0.0833333333333333,0.5857003014020421,0.533382278426186,CompressionPressure,0.5857003014020421,7204.5,7207.25,7204.5,7207.0,Up,1,7204.25,3.0,2.7142857142857144,5,7169.25,-37.75,-13.907894736842104,-37.75,-13.907894736842104,0.5,-45.25,0.1842105263157894,-16.671052631578945,0,1
ES,xApvaV01StateLog_ES.csv,1436,2026-04-27 13:45:00,Unresolved,Balance->Unresolved->Unresolved->Unresolved,Stable Compression Basin,Exact,1.0,0.9709505944517832,0.5555555555555556,0.6,0.0,0.0,0.0982310395567297,0.0694444444444444,0.633760032291208,0.4207287758696609,CompressionPressure,0.633760032291208,7207.25,7207.5,7206.25,7206.75,Up,1,7207.0,1.25,2.642857142857143,5,7174.5,-32.25,-12.202702702702704,-32.25,-12.202702702702704,0.75,-45.0,0.2837837837837837,-17.027027027027028,0,1
ES,xApvaV01StateLog_ES.csv,1438,2026-04-27 13:55:00,Unresolved,Unresolved->Unresolved->Balance->Unresolved,Stable Compression Basin,Exact,1.0,0.9709505944517832,0.5555555555555556,0.6,0.0,0.0,0.0982310395567297,0.0694444444444444,0.633760032291208,0.4207287758696609,CompressionPressure,0.633760032291208,7206.5,7206.5,7205.5,7205.75,Down,-1,7206.75,1.25,2.4107142857142856,5,7176.25,-29.5,-12.237037037037036,29.5,12.237037037037036,44.0,-0.25,18.251851851851853,-0.1037037037037037,1,1
ES,xApvaV01StateLog_ES.csv,1439,2026-04-27 14:00:00,Unresolved,Unresolved->Balance->Unresolved->Unresolved,Stable Compression Basin,Exact,1.0,0.9999999999971146,0.4444444444444444,0.5,0.0,0.0,0.0964930555557764,0.0555555555555555,0.618055555555736,0.3854166666660354,CompressionPressure,0.618055555555736,7206.0,7206.0,7204.75,7205.25,Down,-1,7205.75,1.25,2.232142857142857,5,7170.25,-35.0,-15.68,35.0,15.68,43.5,22.25,19.488,9.968,1,1
ES,xApvaV01StateLog_ES.csv,1440,2026-04-28 06:35:00,Unresolved,Balance->Unresolved->Unresolved->Unresolved,Stable Compression Basin,Exact,1.0,0.9999999999971146,0.3333333333333333,0.5,0.0,0.0,0.1086458333335542,0.0416666666666666,0.6458333333335138,0.3437499999993688,CompressionPressure,0.6458333333335138,7172.0,7174.25,7161.75,7169.25,Down,-1,7205.25,43.5,5.0,5,7169.5,0.25,0.05,-0.25,-0.05,5.75,-13.75,1.15,-2.75,0,1
ES,xApvaV01StateLog_ES.csv,1441,2026-04-28 06:40:00,Unresolved,Unresolved->Unresolved->Unresolved->Unresolved,Pure Unresolved Compression Equilibrium,Exact,1.0,1.360964047439353,0.4444444444444444,0.5,0.0,0.0,0.0688567456734801,0.0555555555555555,0.595495302590596,0.4643775520440251,CompressionPressure,0.595495302590596,7169.25,7175.75,7168.25,7174.5,Down,-1,7169.25,7.5,5.285714285714286,5,7168.25,-6.25,-1.1824324324324325,6.25,1.1824324324324325,11.0,-8.5,2.081081081081081,-1.608108108108108,1,1
ES,xApvaV01StateLog_ES.csv,1442,2026-04-28 06:45:00,Unresolved,Unresolved->Unresolved->Unresolved->Unresolved,Pure Unresolved Compression Equilibrium,Exact,1.0,1.4854752972230063,0.4444444444444444,0.5,0.0,0.0,0.0593238531119191,0.0555555555555555,0.5877133494791177,0.4916143879341992,CompressionPressure,0.5877133494791177,7174.25,7183.0,7172.75,7177.75,Up,1,7174.5,10.25,5.732142857142857,5,7175.0,-2.75,-0.4797507788161994,-2.75,-0.4797507788161994,2.25,-14.25,0.3925233644859813,-2.485981308411215,0,1
ES,xApvaV01StateLog_ES.csv,1443,2026-04-28 06:50:00,Unresolved,Unresolved->Unresolved->Unresolved->Unresolved,Pure Unresolved Compression Equilibrium,Exact,1.0,1.4854752972230063,0.4444444444444444,0.5,0.0,0.0,0.0593238531119191,0.0555555555555555,0.5877133494791177,0.4916143879341992,CompressionPressure,0.5877133494791177,7178.0,7180.0,7172.5,7176.25,Up,1,7177.75,7.5,6.125,5,7170.0,-6.25,-1.020408163265306,-6.25,-1.020408163265306,1.75,-12.75,0.2857142857142857,-2.0816326530612246,0,1
ES,xApvaV01StateLog_ES.csv,1444,2026-04-28 06:55:00,Unresolved,Unresolved->Unresolved->Unresolved->Unresolved,Pure Unresolved Compression Equilibrium,Exact,1.0,1.360964047439353,0.3333333333333333,0.5,0.0,0.0,0.0810095234512578,0.0416666666666666,0.6232730803683738,0.4227108853773584,CompressionPressure,0.6232730803683738,7176.25,7178.0,7168.25,7170.25,Down,-1,7176.25,9.75,6.678571428571429,5,7167.25,-3.0,-0.4491978609625668,3.0,0.4491978609625668,6.75,-7.25,1.0106951871657754,-1.085561497326203,1,1
ES,xApvaV01StateLog_ES.csv,1445,2026-04-28 07:00:00,Unresolved,Unresolved->Unresolved->Unresolved->Unresolved,Pure Unresolved Compression Equilibrium,Exact,1.0,1.360964047439353,0.3333333333333333,0.5,0.0,0.0,0.0810095234512578,0.0416666666666666,0.6232730803683738,0.4227108853773584,CompressionPressure,0.6232730803683738,7170.5,7171.5,7163.5,7169.5,Down,-1,7170.25,8.0,7.089285714285714,5,7168.0,-1.5,-0.2115869017632241,1.5,0.2115869017632241,4.75,-8.0,0.6700251889168766,-1.128463476070529,1,1
ES,xApvaV01StateLog_ES.csv,1446,2026-04-28 07:05:00,Unresolved,Unresolved->Unresolved->Unresolved->Unresolved,Pure Unresolved Compression Equilibrium,Exact,1.0,1.2954618442339936,0.2222222222222222,0.6,0.0,0.0,0.1098439803286126,0.0277777777777777,0.6968114125131533,0.3667156117595194,CompressionPressure,0.6968114125131533,7169.75,7172.0,7164.75,7168.25,Down,-1,7169.5,7.25,7.5,5,7166.5,-1.75,-0.2333333333333333,1.75,0.2333333333333333,4.75,-9.25,0.6333333333333333,-1.2333333333333334,1,1
ES,xApvaV01StateLog_ES.csv,1447,2026-04-28 07:10:00,Unresolved,Unresolved->Unresolved->Unresolved->Unresolved,Pure Unresolved Compression Equilibrium,Exact,1.0,0.8812908992278072,0.1111111111111111,0.7,0.0,0.0,0.1653733877500932,0.0138888888888888,0.7921415410204843,0.2344490508727494,CompressionPressure,0.7921415410204843,7168.0,7177.5,7167.25,7175.0,Down,-1,7168.25,10.25,8.089285714285714,5,7162.75,-12.25,-1.5143487858719649,12.25,1.5143487858719649,13.0,-0.25,1.6070640176600444,-0.0309050772626931,1,1
ES,xApvaV01StateLog_ES.csv,1448,2026-04-28 07:15:00,Unresolved,Unresolved->Unresolved->Unresolved->Unresolved,Pure Unresolved Compression Equilibrium,Exact,1.0,0.7219280948844771,0.1111111111111111,0.8,0.0,0.0,0.1892412691242961,0.0138888888888888,0.8437683829586091,0.199588437422646,CompressionPressure,0.8437683829586091,7175.0,7175.25,7168.75,7170.0,Down,-1,7175.0,6.5,8.464285714285714,5,7154.5,-15.5,-1.8312236286919832,15.5,1.8312236286919832,19.75,-2.0,2.333333333333333,-0.2362869198312236,1,1
ES,xApvaV01StateLog_ES.csv,1452,2026-04-28 07:35:00,Unresolved,Directional->Unresolved->Unresolved->Unresolved,Stable Compression Basin,Soft,0.4142135623730951,1.2954618442339936,0.2222222222222222,0.6,0.4,0.0,0.1378439803286126,0.0277777777777777,0.6968114125131533,0.3667156117595194,CompressionPressure,0.6968114125131533,7166.5,7169.75,7162.0,7162.75,Down,-1,7166.5,7.75,9.910714285714286,5,7159.0,-3.75,-0.3783783783783783,3.75,0.3783783783783783,16.5,-0.5,1.6648648648648647,-0.0504504504504504,1,1
ES,xApvaV01StateLog_ES.csv,1453,2026-04-28 07:40:00,Unresolved,Unresolved->Unresolved->Unresolved->Unresolved,Pure Unresolved Compression Equilibrium,Exact,1.0,1.2954618442339936,0.3333333333333333,0.6,0.4,0.0,0.1256912025508348,0.0416666666666666,0.6690336347353755,0.4083822784261861,CompressionPressure,0.6690336347353755,7162.75,7163.25,7150.25,7154.5,Down,-1,7162.75,13.0,10.75,5,7160.0,5.5,0.5116279069767442,-5.5,-0.5116279069767442,8.25,-10.25,0.7674418604651163,-0.9534883720930232,0,1
ES,xApvaV01StateLog_ES.csv,1454,2026-04-28 07:45:00,Unresolved,Unresolved->Unresolved->Unresolved->Unresolved,Pure Unresolved Compression Equilibrium,Exact,1.0,1.2954618442339936,0.3333333333333333,0.6,0.4,0.0,0.1256912025508348,0.0416666666666666,0.6690336347353755,0.4083822784261861,CompressionPressure,0.6690336347353755,7154.5,7160.5,7150.5,7158.5,Down,-1,7154.5,10.0,8.357142857142858,5,7154.75,-3.75,-0.4487179487179487,3.75,0.4487179487179487,12.25,-6.25,1.4658119658119655,-0.7478632478632479,1,1
ES,xApvaV01StateLog_ES.csv,1455,2026-04-28 07:50:00,Unresolved,Unresolved->Unresolved->Unresolved->Unresolved,Pure Unresolved Compression Equilibrium,Exact,1.0,1.2954618442339936,0.3333333333333333,0.6,0.4,0.0,0.1256912025508348,0.0416666666666666,0.6690336347353755,0.4083822784261861,CompressionPressure,0.6690336347353755,7158.75,7160.75,7152.25,7154.75,Down,-1,7158.5,8.5,8.428571428571429,5,7160.5,5.75,0.6822033898305084,-5.75,-0.6822033898305084,8.5,-10.0,1.0084745762711864,-1.1864406779661016,0,1
ES,xApvaV01StateLog_ES.csv,1456,2026-04-28 07:55:00,Unresolved,Unresolved->Unresolved->Unresolved->Unresolved,Pure Unresolved Compression Equilibrium,Exact,1.0,1.2954618442339936,0.3333333333333333,0.6,0.4,0.0,0.1256912025508348,0.0416666666666666,0.6690336347353755,0.4083822784261861,CompressionPressure,0.6690336347353755,7154.75,7155.25,7146.25,7150.25,Down,-1,7154.75,9.0,8.339285714285714,5,7160.25,10.0,1.1991434689507496,-10.0,-1.1991434689507496,3.25,-14.5,0.3897216274089936,-1.738758029978587,0,1
ES,xApvaV01StateLog_ES.csv,1457,2026-04-28 08:00:00,Unresolved,Unresolved->Unresolved->Unresolved->Unresolved,Pure Unresolved Compression Equilibrium,Exact,1.0,1.2954618442339936,0.3333333333333333,0.6,0.4,0.0,0.1256912025508348,0.0416666666666666,0.6690336347353755,0.4083822784261861,CompressionPressure,0.6690336347353755,7150.5,7159.25,7147.0,7159.0,Down,-1,7150.25,12.25,8.678571428571429,5,7156.25,-2.75,-0.3168724279835391,2.75,0.3168724279835391,6.5,-5.75,0.7489711934156379,-0.6625514403292181,1,1
ES,xApvaV01StateLog_ES.csv,1458,2026-04-28 08:05:00,Unresolved,Unresolved->Unresolved->Unresolved->Unresolved,Pure Unresolved Compression Equilibrium,Exact,1.0,1.2954618442339936,0.2222222222222222,0.6,0.4,0.0,0.1378439803286126,0.0277777777777777,0.6968114125131533,0.3667156117595194,CompressionPressure,0.6968114125131533,7159.0,7164.75,7158.25,7160.0,Up,1,7159.0,6.5,8.446428571428571,5,7152.75,-7.25,-0.8583509513742072,-7.25,-0.8583509513742072,2.0,-8.0,0.2367864693446089,-0.9471458773784356,0,1
ES,xApvaV01StateLog_ES.csv,1459,2026-04-28 08:10:00,Unresolved,Unresolved->Unresolved->Unresolved->Unresolved,Pure Unresolved Compression Equilibrium,Exact,1.0,1.1567796494427114,0.2222222222222222,0.7,0.3,0.0,0.1531285025339868,0.0277777777777777,0.747145716354275,0.3363788816489264,CompressionPressure,0.747145716354275,7160.25,7161.75,7152.5,7154.75,Up,1,7160.0,9.25,8.535714285714286,5,7150.5,-4.25,-0.4979079497907949,-4.25,-0.4979079497907949,7.25,-6.75,0.8493723849372384,-0.7907949790794978,0,1
ES,xApvaV01StateLog_ES.csv,1460,2026-04-28 08:15:00,Unresolved,Unresolved->Unresolved->Unresolved->Unresolved,Pure Unresolved Compression Equilibrium,Exact,1.0,0.9219280948830342,0.2222222222222222,0.8,0.2,0.0,0.1757759913466288,0.0277777777777777,0.8034906051809215,0.285005104088997,CompressionPressure,0.8034906051809215,7154.75,7161.25,7154.25,7160.5,Up,1,7154.75,7.0,8.517857142857142,5,7152.5,-8.0,-0.939203354297694,-8.0,-0.939203354297694,1.5,-12.5,0.1761006289308176,-1.4675052410901468,0,1
ES,xApvaV01StateLog_ES.csv,1461,2026-04-28 08:20:00,Unresolved,Unresolved->Unresolved->Unresolved->Unresolved,Pure Unresolved Compression Equilibrium,Exact,1.0,0.4689955935863958,0.1111111111111111,0.9,0.1,0.0,0.2272730804215971,0.0138888888888888,0.9012433309564056,0.1442594527636907,CompressionPressure,0.9012433309564056,7160.75,7162.0,7156.5,7160.25,Up,1,7160.5,5.5,8.178571428571429,5,7151.75,-8.5,-1.039301310043668,-8.5,-1.039301310043668,0.5,-12.25,0.0611353711790393,-1.497816593886463,0,1
ES,xApvaV01StateLog_ES.csv,1462,2026-04-28 08:25:00,Unresolved,Unresolved->Unresolved->Unresolved->Unresolved,Pure Unresolved Compression Equilibrium,Exact,1.0,-1.4428232973175177e-12,0.0,1.0,0.0,0.0,0.2799999999999999,0.0,1.0,0.0,CompressionPressure,1.0,7160.25,7160.75,7153.5,7156.25,Down,-1,7160.25,7.25,8.232142857142858,5,7149.75,-6.5,-0.789587852494577,6.5,0.789587852494577,8.5,-0.5,1.0325379609544467,-0.0607375271149674,1,1
ES,xApvaV01StateLog_ES.csv,1463,2026-04-28 08:30:00,Unresolved,Unresolved->Unresolved->Unresolved->Unresolved,Pure Unresolved Compression Equilibrium,Exact,1.0,-1.4428232973175177e-12,0.0,1.0,0.0,0.0,0.2799999999999999,0.0,1.0,0.0,CompressionPressure,1.0,7156.5,7156.75,7152.0,7152.75,Down,-1,7156.25,4.75,8.089285714285714,5,7152.5,-0.25,-0.0309050772626931,0.25,0.0309050772626931,5.0,-2.75,0.6181015452538632,-0.3399558498896247,1,1
ES,xApvaV01StateLog_ES.csv,1464,2026-04-28 08:35:00,Unresolved,Unresolved->Unresolved->Unresolved->Unresolved,Pure Unresolved Compression Equilibrium,Exact,1.0,-1.4428232973175177e-12,0.0,1.0,0.0,0.0,0.2799999999999999,0.0,1.0,0.0,CompressionPressure,1.0,7153.0,7153.25,7148.0,7150.5,Down,-1,7152.75,5.25,8.053571428571429,5,7153.75,3.25,0.4035476718403547,-3.25,-0.4035476718403547,2.75,-5.0,0.3414634146341463,-0.6208425720620843,0,1
ES,xApvaV01StateLog_ES.csv,1465,2026-04-28 08:40:00,Unresolved,Unresolved->Unresolved->Unresolved->Unresolved,Pure Unresolved Compression Equilibrium,Exact,1.0,-1.4428232973175177e-12,0.0,1.0,0.0,0.0,0.2799999999999999,0.0,1.0,0.0,CompressionPressure,1.0,7150.5,7155.5,7148.0,7152.5,Down,-1,7150.5,7.5,8.107142857142858,5,7155.25,2.75,0.3392070484581497,-2.75,-0.3392070484581497,4.75,-4.5,0.5859030837004405,-0.5550660792951542,0,1
ES,xApvaV01StateLog_ES.csv,1466,2026-04-28 08:45:00,Unresolved,Unresolved->Unresolved->Unresolved->Unresolved,Pure Unresolved Compression Equilibrium,Exact,1.0,-1.4428232973175177e-12,0.0,1.0,0.0,0.0,0.2799999999999999,0.0,1.0,0.0,CompressionPressure,1.0,7152.5,7154.75,7151.0,7151.75,Down,-1,7152.5,3.75,7.821428571428571,5,7156.5,4.75,0.6073059360730594,-4.75,-0.6073059360730594,4.0,-7.0,0.5114155251141552,-0.8949771689497718,0,1
ES,xApvaV01StateLog_ES.csv,1479,2026-04-28 09:50:00,Unresolved,Balance->Degrading->Degrading->Unresolved,Stable Compression Basin,Exact,1.0,1.8464393446652445,0.4444444444444444,0.4,0.5,0.0,0.0738888888888888,0.0555555555555555,0.538888888888889,0.5166666666666666,CompressionPressure,0.538888888888889,7148.75,7151.5,7147.5,7151.25,Down,-1,7148.75,4.0,4.428571428571429,5,7153.5,2.25,0.5080645161290323,-2.25,-0.5080645161290323,3.25,-6.75,0.7338709677419354,-1.5241935483870968,0,1
ES,xApvaV01StateLog_ES.csv,1486,2026-04-28 10:25:00,Unresolved,Unresolved->Balance->Balance->Unresolved,Stable Compression Basin,Exact,1.0,1.3709505944503406,0.3333333333333333,0.6,0.0,0.0,0.0919115951123958,0.0416666666666666,0.6643155878468537,0.4248954425360119,CompressionPressure,0.6643155878468537,7150.0,7152.5,7149.75,7152.5,Up,1,7150.0,2.75,4.875,5,7161.0,8.5,1.7435897435897436,8.5,1.7435897435897436,11.25,-0.75,2.3076923076923075,-0.1538461538461538,1,1
ES,xApvaV01StateLog_ES.csv,1487,2026-04-28 10:30:00,Unresolved,Balance->Balance->Unresolved->Unresolved,Stable Compression Basin,Exact,1.0,1.2954618442339936,0.3333333333333333,0.6,0.0,0.0,0.0976912025508348,0.0416666666666666,0.6690336347353755,0.4083822784261861,CompressionPressure,0.6690336347353755,7152.5,7156.75,7151.75,7154.75,Up,1,7152.5,5.0,4.946428571428571,5,7162.5,7.75,1.5667870036101084,7.75,1.5667870036101084,9.0,0.0,1.8194945848375448,0.0,1,1
ES,xApvaV01StateLog_ES.csv,1488,2026-04-28 10:35:00,Unresolved,Balance->Unresolved->Unresolved->Unresolved,Stable Compression Basin,Exact,1.0,0.9709505944517832,0.2222222222222222,0.6,0.0,0.0,0.1346893728900631,0.0277777777777777,0.7170933656245414,0.2957287758696609,CompressionPressure,0.7170933656245414,7155.0,7159.0,7154.75,7158.5,Up,1,7154.75,4.25,5.035714285714286,5,7164.5,6.0,1.1914893617021276,6.0,1.1914893617021276,7.0,-0.25,1.3900709219858156,-0.0496453900709219,1,1
ES,xApvaV01StateLog_ES.csv,1489,2026-04-28 10:40:00,Unresolved,Unresolved->Unresolved->Unresolved->Unresolved,Pure Unresolved Compression Equilibrium,Exact,1.0,1.2954618442339936,0.2222222222222222,0.6,0.0,0.0,0.1098439803286126,0.0277777777777777,0.6968114125131533,0.3667156117595194,CompressionPressure,0.6968114125131533,7158.5,7162.0,7158.25,7160.0,Up,1,7158.5,3.75,5.035714285714286,5,7163.0,3.0,0.5957446808510638,3.0,0.5957446808510638,5.5,-1.0,1.0921985815602837,-0.1985815602836879,1,1
ES,xApvaV01StateLog_ES.csv,1490,2026-04-28 10:45:00,Unresolved,Unresolved->Unresolved->Unresolved->Unresolved,Pure Unresolved Compression Equilibrium,Exact,1.0,1.4854752972230063,0.2222222222222222,0.5,0.0,0.0,0.0836294086674746,0.0277777777777777,0.6432689050346733,0.4082810546008659,CompressionPressure,0.6432689050346733,7159.75,7163.75,7159.0,7161.25,Up,1,7160.0,4.75,4.910714285714286,5,7164.0,2.75,0.56,2.75,0.56,4.25,-1.75,0.8654545454545455,-0.3563636363636364,1,1
ES,xApvaV01StateLog_ES.csv,1491,2026-04-28 10:50:00,Unresolved,Unresolved->Unresolved->Unresolved->Unresolved,Pure Unresolved Compression Equilibrium,Exact,1.0,1.5709505944503404,0.2222222222222222,0.4,0.0,0.0,0.0654185395568402,0.0277777777777777,0.5962600322912982,0.4269787758693452,CompressionPressure,0.5962600322912982,7161.25,7163.25,7160.75,7161.0,Up,1,7161.25,2.5,4.803571428571429,5,7164.5,3.5,0.7286245353159851,3.5,0.7286245353159851,4.5,-1.5,0.9368029739776952,-0.312267657992565,1,1
ES,xApvaV01StateLog_ES.csv,1492,2026-04-28 10:55:00,Unresolved,Unresolved->Unresolved->Unresolved->Unresolved,Pure Unresolved Compression Equilibrium,Exact,1.0,1.5709505944503404,0.2222222222222222,0.4,0.0,0.0,0.0654185395568402,0.0277777777777777,0.5962600322912982,0.4269787758693452,CompressionPressure,0.5962600322912982,7161.25,7163.0,7159.5,7162.5,Up,1,7161.0,3.5,4.678571428571429,5,7168.25,5.75,1.2290076335877862,5.75,1.2290076335877862,6.5,-1.0,1.3893129770992363,-0.2137404580152671,1,1
ES,xApvaV01StateLog_ES.csv,1507,2026-04-28 12:10:00,Unresolved,Unresolved->Unresolved->Unresolved->Unresolved,Pure Unresolved Compression Equilibrium,Exact,1.0,1.8464393446652445,0.4444444444444444,0.4,0.3,0.0,0.0598888888888888,0.0555555555555555,0.538888888888889,0.5166666666666666,CompressionPressure,0.538888888888889,7170.0,7174.25,7170.0,7173.5,Up,1,7170.0,4.25,3.5535714285714284,5,7166.75,-6.75,-1.899497487437186,-6.75,-1.899497487437186,2.75,-7.0,0.7738693467336684,-1.969849246231156,0,1
ES,xApvaV01StateLog_ES.csv,1515,2026-04-28 12:50:00,Unresolved,Balance->Balance->Unresolved->Unresolved,Stable Compression Basin,Exact,1.0,2.1219280948801487,0.4444444444444444,0.4,0.5,0.0,0.0738888888888888,0.0555555555555555,0.538888888888889,0.5166666666666666,CompressionPressure,0.538888888888889,7170.75,7172.25,7169.75,7171.75,Up,1,7171.0,2.5,3.357142857142857,5,7173.25,1.5,0.4468085106382978,1.5,0.4468085106382978,4.5,-4.25,1.3404255319148937,-1.2659574468085106,1,1
ES,xApvaV01StateLog_ES.csv,1516,2026-04-28 12:55:00,Unresolved,Balance->Unresolved->Unresolved->Unresolved,Stable Compression Basin,Exact,1.0,2.1219280948801487,0.4444444444444444,0.4,0.5,0.0,0.0738888888888888,0.0555555555555555,0.538888888888889,0.5166666666666666,CompressionPressure,0.538888888888889,7171.75,7174.5,7168.25,7171.25,Up,1,7171.75,6.25,3.5535714285714284,5,7174.5,3.25,0.914572864321608,3.25,0.914572864321608,5.0,-3.75,1.407035175879397,-1.055276381909548,1,1
ES,xApvaV01StateLog_ES.csv,1517,2026-04-28 13:00:00,Unresolved,Unresolved->Unresolved->Unresolved->Unresolved,Pure Unresolved Compression Equilibrium,Exact,1.0,2.1219280948801487,0.4444444444444444,0.4,0.5,0.0,0.0738888888888888,0.0555555555555555,0.538888888888889,0.5166666666666666,CompressionPressure,0.538888888888889,7171.5,7173.5,7168.75,7171.5,Up,1,7171.25,4.75,3.75,5,7173.25,1.75,0.4666666666666667,1.75,0.4666666666666667,4.75,-4.0,1.2666666666666666,-1.0666666666666669,1,1
ES,xApvaV01StateLog_ES.csv,1518,2026-04-28 13:05:00,Unresolved,Unresolved->Unresolved->Unresolved->Unresolved,Pure Unresolved Compression Equilibrium,Exact,1.0,2.1219280948801487,0.4444444444444444,0.4,0.4,0.0,0.0668888888888889,0.0555555555555555,0.538888888888889,0.5166666666666666,CompressionPressure,0.538888888888889,7171.75,7172.25,7167.5,7169.25,Down,-1,7171.5,4.75,3.857142857142857,5,7174.0,4.75,1.2314814814814814,-4.75,-1.2314814814814814,0.0,-7.0,0.0,-1.8148148148148149,0,1
ES,xApvaV01StateLog_ES.csv,1519,2026-04-28 13:10:00,Unresolved,Unresolved->Unresolved->Unresolved->Unresolved,Pure Unresolved Compression Equilibrium,Exact,1.0,1.8464393446652445,0.3333333333333333,0.4,0.3,0.0,0.0720416666666666,0.0416666666666666,0.5666666666666667,0.475,CompressionPressure,0.5666666666666667,7169.5,7174.5,7169.25,7174.0,Down,-1,7169.25,5.25,3.982142857142857,5,7171.75,-2.25,-0.5650224215246636,2.25,0.5650224215246636,2.25,-2.25,0.5650224215246636,-0.5650224215246636,1,1
ES,xApvaV01StateLog_ES.csv,1520,2026-04-28 13:15:00,Unresolved,Unresolved->Unresolved->Unresolved->Unresolved,Pure Unresolved Compression Equilibrium,Exact,1.0,1.5219280948830345,0.2222222222222222,0.4,0.2,0.0,0.0831718246799621,0.0277777777777777,0.5993239385142548,0.416255104088997,CompressionPressure,0.5993239385142548,7173.75,7176.25,7173.25,7173.25,Down,-1,7174.0,3.0,4.0,5,7171.75,-1.5,-0.375,1.5,0.375,1.75,-2.0,0.4375,-0.5,1,1
ES,xApvaV01StateLog_ES.csv,1521,2026-04-28 13:20:00,Unresolved,Unresolved->Unresolved->Unresolved->Unresolved,Pure Unresolved Compression Equilibrium,Exact,1.0,1.4854752972230063,0.2222222222222222,0.5,0.1,0.0,0.0906294086674747,0.0277777777777777,0.6432689050346733,0.4082810546008659,CompressionPressure,0.6432689050346733,7173.25,7175.25,7173.0,7174.5,Down,-1,7173.25,2.25,3.857142857142857,5,7172.0,-2.5,-0.6481481481481481,2.5,0.6481481481481481,3.0,0.25,0.7777777777777778,0.0648148148148148,1,1
ES,xApvaV01StateLog_ES.csv,1522,2026-04-28 13:25:00,Unresolved,Unresolved->Unresolved->Unresolved->Unresolved,Pure Unresolved Compression Equilibrium,Exact,1.0,1.3709505944503406,0.2222222222222222,0.6,0.0,0.0,0.1040643728901735,0.0277777777777777,0.6920933656246315,0.3832287758693453,CompressionPressure,0.6920933656246315,7174.25,7174.25,7172.25,7173.25,Down,-1,7174.5,2.25,3.732142857142857,5,7171.5,-1.75,-0.4688995215311005,1.75,0.4688995215311005,2.0,-0.75,0.5358851674641149,-0.200956937799043,1,1
ES,xApvaV01StateLog_ES.csv,1523,2026-04-28 13:30:00,Unresolved,Unresolved->Unresolved->Unresolved->Unresolved,Pure Unresolved Compression Equilibrium,Exact,1.0,1.1567796494427114,0.2222222222222222,0.7,0.0,0.0,0.1321285025339868,0.0277777777777777,0.747145716354275,0.3363788816489264,CompressionPressure,0.747145716354275,7173.0,7174.0,7172.75,7174.0,Down,-1,7173.25,1.25,3.5535714285714284,5,7172.0,-2.0,-0.5628140703517588,2.0,0.5628140703517588,3.25,0.0,0.914572864321608,0.0,1,1
ES,xApvaV01StateLog_ES.csv,1524,2026-04-28 13:35:00,Unresolved,Unresolved->Unresolved->Unresolved->Unresolved,Pure Unresolved Compression Equilibrium,Exact,1.0,0.7219280948844771,0.1111111111111111,0.8,0.0,0.0,0.1892412691242961,0.0138888888888888,0.8437683829586091,0.199588437422646,CompressionPressure,0.8437683829586091,7174.0,7174.0,7171.75,7171.75,Down,-1,7174.0,2.25,3.4285714285714284,5,7172.5,0.75,0.21875,-0.75,-0.21875,1.0,-1.0,0.2916666666666667,-0.2916666666666667,0,1
ES,xApvaV01StateLog_ES.csv,1525,2026-04-28 13:40:00,Unresolved,Unresolved->Unresolved->Unresolved->Unresolved,Pure Unresolved Compression Equilibrium,Exact,1.0,0.4689955935863958,0.1111111111111111,0.9,0.0,0.0,0.2202730804215971,0.0138888888888888,0.9012433309564056,0.1442594527636907,CompressionPressure,0.9012433309564056,7171.75,7172.5,7171.5,7171.75,Down,-1,7171.75,1.0,3.321428571428572,5,7154.25,-17.5,-5.268817204301075,17.5,5.268817204301075,19.25,-1.0,5.795698924731182,-0.3010752688172043,1,1
ES,xApvaV01StateLog_ES.csv,1526,2026-04-28 13:45:00,Unresolved,Unresolved->Unresolved->Unresolved->Unresolved,Pure Unresolved Compression Equilibrium,Exact,1.0,-1.4428232973175177e-12,0.0,1.0,0.0,0.0,0.2799999999999999,0.0,1.0,0.0,CompressionPressure,1.0,7171.75,7172.5,7171.5,7172.0,Down,-1,7171.75,1.0,3.0892857142857144,5,7158.5,-13.5,-4.369942196531792,13.5,4.369942196531792,19.5,-0.75,6.312138728323699,-0.2427745664739884,1,1
ES,xApvaV01StateLog_ES.csv,1527,2026-04-28 13:50:00,Unresolved,Unresolved->Unresolved->Unresolved->Unresolved,Pure Unresolved Compression Equilibrium,Exact,1.0,-1.4428232973175177e-12,0.0,1.0,0.0,0.0,0.2799999999999999,0.0,1.0,0.0,CompressionPressure,1.0,7172.0,7172.75,7171.25,7171.5,Down,-1,7172.0,1.5,2.9285714285714284,5,7153.25,-18.25,-6.231707317073171,18.25,6.231707317073171,19.0,-1.25,6.487804878048781,-0.426829268292683,1,1
ES,xApvaV01StateLog_ES.csv,1528,2026-04-28 13:55:00,Unresolved,Unresolved->Unresolved->Unresolved->Unresolved,Pure Unresolved Compression Equilibrium,Exact,1.0,-1.4428232973175177e-12,0.0,1.0,0.0,0.0,0.2799999999999999,0.0,1.0,0.0,CompressionPressure,1.0,7171.5,7172.5,7170.75,7172.0,Down,-1,7171.5,1.75,2.8392857142857144,5,7152.75,-19.25,-6.779874213836478,19.25,6.779874213836478,22.5,-0.75,7.924528301886792,-0.2641509433962264,1,1
ES,xApvaV01StateLog_ES.csv,1529,2026-04-28 14:00:00,Unresolved,Unresolved->Unresolved->Unresolved->Unresolved,Pure Unresolved Compression Equilibrium,Exact,1.0,-1.4428232973175177e-12,0.0,1.0,0.0,0.0,0.2799999999999999,0.0,1.0,0.0,CompressionPressure,1.0,7172.0,7172.75,7171.5,7172.5,Up,1,7172.0,1.25,2.75,5,7159.25,-13.25,-4.818181818181818,-13.25,-4.818181818181818,-7.5,-23.0,-2.727272727272727,-8.363636363636363,0,1
ES,xApvaV01StateLog_ES.csv,1530,2026-04-29 06:35:00,Unresolved,Unresolved->Unresolved->Unresolved->Unresolved,Pure Unresolved Compression Equilibrium,Exact,1.0,-1.4428232973175177e-12,0.0,1.0,0.0,0.0,0.2799999999999999,0.0,1.0,0.0,CompressionPressure,1.0,7163.25,7165.0,7152.5,7154.25,Up,1,7172.5,20.0,3.732142857142857,5,7160.75,6.5,1.7416267942583732,6.5,1.7416267942583732,9.25,-4.75,2.478468899521531,-1.2727272727272727,1,1
ES,xApvaV01StateLog_ES.csv,1531,2026-04-29 06:40:00,Unresolved,Unresolved->Unresolved->Unresolved->Unresolved,Pure Unresolved Compression Equilibrium,Exact,1.0,-1.4428232973175177e-12,0.0,1.0,0.0,0.0,0.2799999999999999,0.0,1.0,0.0,CompressionPressure,1.0,7154.5,7159.75,7152.75,7158.5,Up,1,7154.25,7.0,3.892857142857143,5,7160.5,2.0,0.5137614678899083,2.0,0.5137614678899083,5.0,-9.0,1.2844036697247707,-2.311926605504587,1,1
ES,xApvaV01StateLog_ES.csv,1532,2026-04-29 06:45:00,Unresolved,Unresolved->Unresolved->Unresolved->Unresolved,Pure Unresolved Compression Equilibrium,Exact,1.0,-1.4428232973175177e-12,0.0,1.0,0.0,0.0,0.2799999999999999,0.0,1.0,0.0,CompressionPressure,1.0,7158.75,7159.5,7153.25,7153.25,Up,1,7158.5,6.25,4.0,5,7161.75,8.5,2.125,8.5,2.125,10.25,-3.75,2.5625,-0.9375,1,1
ES,xApvaV01StateLog_ES.csv,1533,2026-04-29 06:50:00,Unresolved,Unresolved->Unresolved->Unresolved->Unresolved,Pure Unresolved Compression Equilibrium,Exact,1.0,-1.4428232973175177e-12,0.0,1.0,0.0,0.0,0.2799999999999999,0.0,1.0,0.0,CompressionPressure,1.0,7153.5,7155.75,7149.5,7152.75,Down,-1,7153.25,6.25,4.071428571428571,5,7164.75,12.0,2.947368421052632,-12.0,-2.947368421052632,0.5,-13.25,0.1228070175438596,-3.254385964912281,0,1
ES,xApvaV01StateLog_ES.csv,1534,2026-04-29 06:55:00,Unresolved,Unresolved->Unresolved->Unresolved->Unresolved,Pure Unresolved Compression Equilibrium,Exact,1.0,-1.4428232973175177e-12,0.0,1.0,0.0,0.0,0.2799999999999999,0.0,1.0,0.0,CompressionPressure,1.0,7152.75,7160.5,7152.25,7159.25,Down,-1,7152.75,8.25,4.446428571428571,5,7163.5,4.25,0.9558232931726908,-4.25,-0.9558232931726908,3.5,-7.75,0.7871485943775101,-1.742971887550201,0,1
ES,xApvaV01StateLog_ES.csv,1535,2026-04-29 07:00:00,Unresolved,Unresolved->Unresolved->Unresolved->Unresolved,Pure Unresolved Compression Equilibrium,Exact,1.0,-1.4428232973175177e-12,0.0,1.0,0.0,0.0,0.2799999999999999,0.0,1.0,0.0,CompressionPressure,1.0,7159.5,7163.5,7158.75,7160.75,Up,1,7159.25,4.75,4.625,5,7166.75,6.0,1.2972972972972974,6.0,1.2972972972972974,6.75,-5.0,1.4594594594594594,-1.0810810810810811,1,1
ES,xApvaV01StateLog_ES.csv,1536,2026-04-29 07:05:00,Unresolved,Unresolved->Unresolved->Unresolved->Unresolved,Pure Unresolved Compression Equilibrium,Exact,1.0,-1.4428232973175177e-12,0.0,1.0,0.0,0.0,0.2799999999999999,0.0,1.0,0.0,CompressionPressure,1.0,7160.75,7161.25,7155.75,7160.5,Up,1,7160.75,5.5,4.857142857142857,5,7168.0,7.5,1.5441176470588236,7.5,1.5441176470588236,9.25,-2.0,1.9044117647058825,-0.411764705882353,1,1
ES,xApvaV01StateLog_ES.csv,1537,2026-04-29 07:10:00,Unresolved,Unresolved->Unresolved->Unresolved->Unresolved,Pure Unresolved Compression Equilibrium,Exact,1.0,-1.4428232973175177e-12,0.0,1.0,0.0,0.0,0.2799999999999999,0.0,1.0,0.0,CompressionPressure,1.0,7160.5,7162.0,7158.5,7161.75,Up,1,7160.5,3.5,5.017857142857143,5,7172.25,10.5,2.092526690391459,10.5,2.092526690391459,11.0,-1.25,2.192170818505338,-0.2491103202846974,1,1
ES,xApvaV01StateLog_ES.csv,1538,2026-04-29 07:15:00,Unresolved,Unresolved->Unresolved->Unresolved->Unresolved,Pure Unresolved Compression Equilibrium,Exact,1.0,-1.4428232973175177e-12,0.0,1.0,0.0,0.0,0.2799999999999999,0.0,1.0,0.0,CompressionPressure,1.0,7161.5,7166.0,7160.5,7164.75,Up,1,7161.75,5.5,5.25,5,7172.0,7.25,1.380952380952381,7.25,1.380952380952381,10.5,-2.0,2.0,-0.3809523809523809,1,1
ES,xApvaV01StateLog_ES.csv,1539,2026-04-29 07:20:00,Unresolved,Unresolved->Unresolved->Unresolved->Unresolved,Pure Unresolved Compression Equilibrium,Exact,1.0,-1.4428232973175177e-12,0.0,1.0,0.0,0.0,0.2799999999999999,0.0,1.0,0.0,CompressionPressure,1.0,7164.75,7167.0,7162.75,7163.5,Up,1,7164.75,4.25,5.482142857142857,5,7171.75,8.25,1.504885993485342,8.25,1.504885993485342,11.75,-0.75,2.1433224755700326,-0.1368078175895765,1,1
ES,xApvaV01StateLog_ES.csv,1540,2026-04-29 07:25:00,Unresolved,Unresolved->Unresolved->Unresolved->Unresolved,Pure Unresolved Compression Equilibrium,Exact,1.0,-1.4428232973175177e-12,0.0,1.0,0.0,0.0,0.2799999999999999,0.0,1.0,0.0,CompressionPressure,1.0,7163.5,7167.5,7162.75,7166.75,Up,1,7163.5,4.75,5.75,5,7168.25,1.5,0.2608695652173913,1.5,0.2608695652173913,8.5,-0.5,1.4782608695652173,-0.0869565217391304,1,1
ES,xApvaV01StateLog_ES.csv,1541,2026-04-29 07:30:00,Unresolved,Unresolved->Unresolved->Unresolved->Unresolved,Pure Unresolved Compression Equilibrium,Exact,1.0,-1.4428232973175177e-12,0.0,1.0,0.0,0.0,0.2799999999999999,0.0,1.0,0.0,CompressionPressure,1.0,7167.0,7169.75,7166.5,7168.0,Up,1,7166.75,3.25,5.875,5,7169.75,1.75,0.2978723404255319,1.75,0.2978723404255319,7.25,-1.75,1.2340425531914894,-0.2978723404255319,1,1
ES,xApvaV01StateLog_ES.csv,1542,2026-04-29 07:35:00,Unresolved,Unresolved->Unresolved->Unresolved->Unresolved,Pure Unresolved Compression Equilibrium,Exact,1.0,-1.4428232973175177e-12,0.0,1.0,0.0,0.0,0.2799999999999999,0.0,1.0,0.0,CompressionPressure,1.0,7168.25,7172.75,7166.25,7172.25,Up,1,7168.0,6.5,6.214285714285714,5,7168.0,-4.25,-0.6839080459770115,-4.25,-0.6839080459770115,3.0,-5.0,0.4827586206896551,-0.8045977011494253,0,1
ES,xApvaV01StateLog_ES.csv,1543,2026-04-29 07:40:00,Unresolved,Unresolved->Unresolved->Unresolved->Unresolved,Pure Unresolved Compression Equilibrium,Exact,1.0,-1.4428232973175177e-12,0.0,1.0,0.0,0.0,0.2799999999999999,0.0,1.0,0.0,CompressionPressure,1.0,7172.25,7175.25,7171.5,7172.0,Up,1,7172.25,3.75,6.392857142857143,5,7164.5,-7.5,-1.1731843575418994,-7.5,-1.1731843575418994,0.5,-9.5,0.0782122905027933,-1.4860335195530725,0,1
ES,xApvaV01StateLog_ES.csv,1544,2026-04-29 07:45:00,Unresolved,Unresolved->Unresolved->Unresolved->Unresolved,Pure Unresolved Compression Equilibrium,Exact,1.0,-1.4428232973175177e-12,0.0,1.0,0.0,0.0,0.2799999999999999,0.0,1.0,0.0,CompressionPressure,1.0,7172.0,7172.5,7170.0,7171.75,Down,-1,7172.0,2.5,5.142857142857143,5,7159.5,-12.25,-2.381944444444444,12.25,2.381944444444444,12.5,-0.75,2.430555555555556,-0.1458333333333333,1,1
ES,xApvaV01StateLog_ES.csv,1545,2026-04-29 07:50:00,Unresolved,Unresolved->Unresolved->Unresolved->Unresolved,Pure Unresolved Compression Equilibrium,Exact,1.0,-1.4428232973175177e-12,0.0,1.0,0.0,0.0,0.2799999999999999,0.0,1.0,0.0,CompressionPressure,1.0,7172.0,7172.5,7168.25,7168.25,Down,-1,7171.75,4.25,4.946428571428571,5,7155.75,-12.5,-2.527075812274368,12.5,2.527075812274368,13.5,-2.25,2.729241877256318,-0.4548736462093863,1,1
ES,xApvaV01StateLog_ES.csv,1546,2026-04-29 07:55:00,Unresolved,Unresolved->Unresolved->Unresolved->Unresolved,Pure Unresolved Compression Equilibrium,Exact,1.0,-1.4428232973175177e-12,0.0,1.0,0.0,0.0,0.2799999999999999,0.0,1.0,0.0,CompressionPressure,1.0,7168.25,7170.5,7167.5,7169.75,Down,-1,7168.25,3.0,4.714285714285714,5,7160.0,-9.75,-2.0681818181818183,9.75,2.0681818181818183,15.5,0.0,3.287878787878788,0.0,1,1
ES,xApvaV01StateLog_ES.csv,1547,2026-04-29 08:00:00,Unresolved,Unresolved->Unresolved->Unresolved->Unresolved,Pure Unresolved Compression Equilibrium,Exact,1.0,-1.4428232973175177e-12,0.0,1.0,0.0,0.0,0.2799999999999999,0.0,1.0,0.0,CompressionPressure,1.0,7169.75,7169.75,7167.25,7168.0,Down,-1,7169.75,2.5,4.446428571428571,5,7161.5,-6.5,-1.4618473895582331,6.5,1.4618473895582331,13.75,-0.5,3.092369477911647,-0.1124497991967871,1,1
ES,xApvaV01StateLog_ES.csv,1548,2026-04-29 08:05:00,Unresolved,Unresolved->Unresolved->Unresolved->Unresolved,Pure Unresolved Compression Equilibrium,Exact,1.0,-1.4428232973175177e-12,0.0,1.0,0.0,0.0,0.2799999999999999,0.0,1.0,0.0,CompressionPressure,1.0,7167.75,7168.5,7162.5,7164.5,Down,-1,7168.0,6.0,4.285714285714286,5,7162.0,-2.5,-0.5833333333333334,2.5,0.5833333333333334,10.25,-1.0,2.3916666666666666,-0.2333333333333333,1,1
ES,xApvaV01StateLog_ES.csv,1549,2026-04-29 08:10:00,Unresolved,Unresolved->Unresolved->Unresolved->Unresolved,Pure Unresolved Compression Equilibrium,Exact,1.0,-1.4428232973175177e-12,0.0,1.0,0.0,0.0,0.2799999999999999,0.0,1.0,0.0,CompressionPressure,1.0,7164.25,7165.5,7159.25,7159.5,Down,-1,7164.5,6.25,4.392857142857143,5,7161.75,2.25,0.5121951219512195,-2.25,-0.5121951219512195,5.25,-5.0,1.195121951219512,-1.1382113821138211,0,1
ES,xApvaV01StateLog_ES.csv,1550,2026-04-29 08:15:00,Unresolved,Unresolved->Unresolved->Unresolved->Unresolved,Pure Unresolved Compression Equilibrium,Exact,1.0,-1.4428232973175177e-12,0.0,1.0,0.0,0.0,0.2799999999999999,0.0,1.0,0.0,CompressionPressure,1.0,7159.25,7160.0,7154.75,7155.75,Down,-1,7159.5,5.25,4.375,5,7160.0,4.25,0.9714285714285714,-4.25,-0.9714285714285714,1.5,-8.75,0.3428571428571428,-2.0,0,1
ES,xApvaV01StateLog_ES.csv,1551,2026-04-29 08:20:00,Unresolved,Unresolved->Unresolved->Unresolved->Unresolved,Pure Unresolved Compression Equilibrium,Exact,1.0,-1.4428232973175177e-12,0.0,1.0,0.0,0.0,0.2799999999999999,0.0,1.0,0.0,CompressionPressure,1.0,7155.75,7162.0,7154.25,7160.0,Down,-1,7155.75,7.75,4.678571428571429,5,7159.0,-1.0,-0.2137404580152671,1.0,0.2137404580152671,2.75,-4.5,0.5877862595419847,-0.9618320610687022,1,1
ES,xApvaV01StateLog_ES.csv,1552,2026-04-29 08:25:00,Unresolved,Unresolved->Unresolved->Unresolved->Unresolved,Pure Unresolved Compression Equilibrium,Exact,1.0,-1.4428232973175177e-12,0.0,1.0,0.0,0.0,0.2799999999999999,0.0,1.0,0.0,CompressionPressure,1.0,7160.0,7162.75,7159.25,7161.5,Up,1,7160.0,3.5,4.535714285714286,5,7162.0,0.5,0.1102362204724409,0.5,0.1102362204724409,3.0,-4.25,0.6614173228346457,-0.937007874015748,1,1
ES,xApvaV01StateLog_ES.csv,1553,2026-04-29 08:30:00,Unresolved,Unresolved->Unresolved->Unresolved->Unresolved,Pure Unresolved Compression Equilibrium,Exact,1.0,-1.4428232973175177e-12,0.0,1.0,0.0,0.0,0.2799999999999999,0.0,1.0,0.0,CompressionPressure,1.0,7161.25,7164.5,7159.25,7162.0,Up,1,7161.5,5.25,4.607142857142857,5,7148.75,-13.25,-2.8759689922480622,-13.25,-2.8759689922480622,2.0,-16.75,0.434108527131783,-3.6356589147286815,0,1
ES,xApvaV01StateLog_ES.csv,1554,2026-04-29 08:35:00,Unresolved,Unresolved->Unresolved->Unresolved->Unresolved,Pure Unresolved Compression Equilibrium,Exact,1.0,-1.4428232973175177e-12,0.0,1.0,0.0,0.0,0.2799999999999999,0.0,1.0,0.0,CompressionPressure,1.0,7161.75,7164.0,7158.25,7161.75,Up,1,7162.0,5.75,4.678571428571429,5,7153.5,-8.25,-1.763358778625954,-8.25,-1.763358778625954,2.0,-16.5,0.4274809160305343,-3.5267175572519083,0,1
ES,xApvaV01StateLog_ES.csv,1555,2026-04-29 08:40:00,Unresolved,Unresolved->Unresolved->Unresolved->Unresolved,Pure Unresolved Compression Equilibrium,Exact,1.0,-1.4428232973175177e-12,0.0,1.0,0.0,0.0,0.2799999999999999,0.0,1.0,0.0,CompressionPressure,1.0,7161.75,7162.75,7158.5,7160.0,Up,1,7161.75,4.25,4.75,5,7157.75,-2.25,-0.4736842105263157,-2.25,-0.4736842105263157,3.75,-14.75,0.7894736842105263,-3.1052631578947367,0,1
ES,xApvaV01StateLog_ES.csv,1556,2026-04-29 08:45:00,Unresolved,Unresolved->Unresolved->Unresolved->Unresolved,Pure Unresolved Compression Equilibrium,Exact,1.0,-1.4428232973175177e-12,0.0,1.0,0.0,0.0,0.2799999999999999,0.0,1.0,0.0,CompressionPressure,1.0,7159.75,7161.0,7157.25,7159.0,Down,-1,7160.0,3.75,4.553571428571429,5,7158.0,-1.0,-0.2196078431372549,1.0,0.2196078431372549,13.75,-4.75,3.019607843137255,-1.0431372549019606,1,1
ES,xApvaV01StateLog_ES.csv,1557,2026-04-29 08:50:00,Unresolved,Unresolved->Unresolved->Unresolved->Unresolved,Pure Unresolved Compression Equilibrium,Exact,1.0,-1.4428232973175177e-12,0.0,1.0,0.0,0.0,0.2799999999999999,0.0,1.0,0.0,CompressionPressure,1.0,7158.75,7162.75,7158.5,7162.0,Down,-1,7159.0,4.25,4.589285714285714,5,7155.75,-6.25,-1.3618677042801557,6.25,1.3618677042801557,16.75,-1.75,3.649805447470817,-0.3813229571984435,1,1
ES,xApvaV01StateLog_ES.csv,1558,2026-04-29 08:55:00,Unresolved,Unresolved->Unresolved->Unresolved->Unresolved,Pure Unresolved Compression Equilibrium,Exact,1.0,-1.4428232973175177e-12,0.0,1.0,0.0,0.0,0.2799999999999999,0.0,1.0,0.0,CompressionPressure,1.0,7162.0,7163.75,7145.25,7148.75,Down,-1,7162.0,18.5,5.732142857142857,5,7152.25,3.5,0.6105919003115265,-3.5,-0.6105919003115265,3.5,-12.0,0.6105919003115265,-2.093457943925234,0,1
ES,xApvaV01StateLog_ES.csv,1559,2026-04-29 09:00:00,Unresolved,Unresolved->Unresolved->Unresolved->Unresolved,Pure Unresolved Compression Equilibrium,Exact,1.0,-1.4428232973175177e-12,0.0,1.0,0.0,0.0,0.2799999999999999,0.0,1.0,0.0,CompressionPressure,1.0,7148.75,7154.75,7145.25,7153.5,Down,-1,7148.75,9.5,6.107142857142857,5,7155.5,2.0,0.3274853801169591,-2.0,-0.3274853801169591,2.0,-7.25,0.3274853801169591,-1.1871345029239766,0,1
ES,xApvaV01StateLog_ES.csv,1560,2026-04-29 09:05:00,Unresolved,Unresolved->Unresolved->Unresolved->Unresolved,Pure Unresolved Compression Equilibrium,Exact,1.0,-1.4428232973175177e-12,0.0,1.0,0.0,0.0,0.2799999999999999,0.0,1.0,0.0,CompressionPressure,1.0,7153.75,7158.0,7152.25,7157.75,Up,1,7153.5,5.75,6.303571428571429,5,7150.75,-7.0,-1.1104815864022664,-7.0,-1.1104815864022664,3.0,-8.75,0.4759206798866855,-1.3881019830028327,0,1
ES,xApvaV01StateLog_ES.csv,1561,2026-04-29 09:10:00,Unresolved,Unresolved->Unresolved->Unresolved->Unresolved,Pure Unresolved Compression Equilibrium,Exact,1.0,-1.4428232973175177e-12,0.0,1.0,0.0,0.0,0.2799999999999999,0.0,1.0,0.0,CompressionPressure,1.0,7157.75,7160.25,7155.5,7158.0,Up,1,7157.75,4.75,6.464285714285714,5,7144.0,-14.0,-2.165745856353591,-14.0,-2.165745856353591,2.75,-16.0,0.4254143646408839,-2.475138121546961,0,1
ES,xApvaV01StateLog_ES.csv,1562,2026-04-29 09:15:00,Unresolved,Unresolved->Unresolved->Unresolved->Unresolved,Pure Unresolved Compression Equilibrium,Exact,1.0,-1.4428232973175177e-12,0.0,1.0,0.0,0.0,0.2799999999999999,0.0,1.0,0.0,CompressionPressure,1.0,7158.0,7160.75,7155.5,7155.75,Up,1,7158.0,5.25,6.410714285714286,5,7147.5,-8.25,-1.286908077994429,-8.25,-1.286908077994429,3.0,-13.75,0.467966573816156,-2.1448467966573816,0,1
ES,xApvaV01StateLog_ES.csv,1563,2026-04-29 09:20:00,Unresolved,Unresolved->Unresolved->Unresolved->Unresolved,Pure Unresolved Compression Equilibrium,Exact,1.0,-1.4428232973175177e-12,0.0,1.0,0.0,0.0,0.2799999999999999,0.0,1.0,0.0,CompressionPressure,1.0,7155.75,7158.75,7151.5,7152.25,Down,-1,7155.75,7.25,6.482142857142857,5,7150.75,-1.5,-0.2314049586776859,1.5,0.2314049586776859,10.25,-4.5,1.581267217630854,-0.6942148760330579,1,1
ES,xApvaV01StateLog_ES.csv,1564,2026-04-29 09:25:00,Unresolved,Unresolved->Unresolved->Unresolved->Unresolved,Pure Unresolved Compression Equilibrium,Exact,1.0,-1.4428232973175177e-12,0.0,1.0,0.0,0.0,0.2799999999999999,0.0,1.0,0.0,CompressionPressure,1.0,7152.25,7156.25,7151.75,7155.5,Down,-1,7152.25,4.5,6.428571428571429,5,7151.25,-4.25,-0.6611111111111111,4.25,0.6611111111111111,13.5,-1.25,2.1,-0.1944444444444444,1,1
ES,xApvaV01StateLog_ES.csv,1565,2026-04-29 09:30:00,Unresolved,Unresolved->Unresolved->Unresolved->Unresolved,Pure Unresolved Compression Equilibrium,Exact,1.0,-1.4428232973175177e-12,0.0,1.0,0.0,0.0,0.2799999999999999,0.0,1.0,0.0,CompressionPressure,1.0,7155.75,7156.75,7149.0,7150.75,Down,-1,7155.5,7.75,6.428571428571429,5,7151.0,0.25,0.0388888888888888,-0.25,-0.0388888888888888,8.75,-3.0,1.3611111111111112,-0.4666666666666667,0,1
ES,xApvaV01StateLog_ES.csv,1566,2026-04-29 09:35:00,Unresolved,Unresolved->Unresolved->Unresolved->Unresolved,Pure Unresolved Compression Equilibrium,Exact,1.0,-1.4428232973175177e-12,0.0,1.0,0.0,0.0,0.2799999999999999,0.0,1.0,0.0,CompressionPressure,1.0,7150.75,7150.75,7142.0,7144.0,Down,-1,7150.75,8.75,6.803571428571429,5,7150.25,6.25,0.9186351706036744,-6.25,-0.9186351706036744,1.0,-9.75,0.1469816272965879,-1.4330708661417322,0,1
ES,xApvaV01StateLog_ES.csv,1567,2026-04-29 09:40:00,Unresolved,Unresolved->Unresolved->Unresolved->Unresolved,Pure Unresolved Compression Equilibrium,Exact,1.0,-1.4428232973175177e-12,0.0,1.0,0.0,0.0,0.2799999999999999,0.0,1.0,0.0,CompressionPressure,1.0,7144.0,7148.25,7143.0,7147.5,Down,-1,7144.0,5.25,6.803571428571429,5,7148.5,1.0,0.1469816272965879,-1.0,-0.1469816272965879,2.25,-6.25,0.3307086614173228,-0.9186351706036744,0,1
ES,xApvaV01StateLog_ES.csv,1568,2026-04-29 09:45:00,Unresolved,Unresolved->Unresolved->Unresolved->Unresolved,Pure Unresolved Compression Equilibrium,Exact,1.0,-1.4428232973175177e-12,0.0,1.0,0.0,0.0,0.2799999999999999,0.0,1.0,0.0,CompressionPressure,1.0,7147.75,7152.0,7147.75,7150.75,Up,1,7147.5,4.5,6.714285714285714,5,7150.0,-0.75,-0.1117021276595744,-0.75,-0.1117021276595744,3.0,-5.5,0.4468085106382978,-0.8191489361702128,0,1
ES,xApvaV01StateLog_ES.csv,1569,2026-04-29 09:50:00,Unresolved,Unresolved->Unresolved->Unresolved->Unresolved,Pure Unresolved Compression Equilibrium,Exact,1.0,-1.4428232973175177e-12,0.0,1.0,0.0,0.0,0.2799999999999999,0.0,1.0,0.0,CompressionPressure,1.0,7151.0,7152.5,7148.75,7151.25,Up,1,7150.75,3.75,6.678571428571429,5,7149.75,-1.5,-0.2245989304812834,-1.5,-0.2245989304812834,2.5,-6.0,0.374331550802139,-0.8983957219251336,0,1
ES,xApvaV01StateLog_ES.csv,1570,2026-04-29 09:55:00,Unresolved,Unresolved->Unresolved->Unresolved->Unresolved,Pure Unresolved Compression Equilibrium,Exact,1.0,-1.4428232973175177e-12,0.0,1.0,0.0,0.0,0.2799999999999999,0.0,1.0,0.0,CompressionPressure,1.0,7151.0,7153.75,7149.75,7151.0,Up,1,7151.25,4.0,6.696428571428571,5,7149.5,-1.5,-0.224,-1.5,-0.224,1.0,-5.75,0.1493333333333333,-0.8586666666666667,0,1
ES,xApvaV01StateLog_ES.csv,1571,2026-04-29 10:00:00,Unresolved,Unresolved->Unresolved->Unresolved->Unresolved,Pure Unresolved Compression Equilibrium,Exact,1.0,-1.4428232973175177e-12,0.0,1.0,0.0,0.0,0.2799999999999999,0.0,1.0,0.0,CompressionPressure,1.0,7151.25,7152.0,7147.25,7150.25,Up,1,7151.0,4.75,6.732142857142857,5,7150.5,0.25,0.0371352785145888,0.25,0.0371352785145888,4.5,-5.0,0.6684350132625995,-0.7427055702917772,1,1
ES,xApvaV01StateLog_ES.csv,1572,2026-04-29 10:05:00,Unresolved,Unresolved->Unresolved->Unresolved->Unresolved,Pure Unresolved Compression Equilibrium,Exact,1.0,-1.4428232973175177e-12,0.0,1.0,0.0,0.0,0.2799999999999999,0.0,1.0,0.0,CompressionPressure,1.0,7150.0,7150.75,7145.25,7148.5,Down,-1,7150.25,5.5,5.803571428571429,5,7152.25,3.75,0.6461538461538461,-3.75,-0.6461538461538461,1.5,-6.25,0.2584615384615384,-1.0769230769230769,0,1
ES,xApvaV01StateLog_ES.csv,1573,2026-04-29 10:10:00,Unresolved,Unresolved->Unresolved->Unresolved->Unresolved,Pure Unresolved Compression Equilibrium,Exact,1.0,-1.4428232973175177e-12,0.0,1.0,0.0,0.0,0.2799999999999999,0.0,1.0,0.0,CompressionPressure,1.0,7148.5,7151.0,7147.5,7150.0,Down,-1,7148.5,3.5,5.375,5,7153.0,3.0,0.5581395348837209,-3.0,-0.5581395348837209,3.0,-5.75,0.5581395348837209,-1.069767441860465,0,1
ES,xApvaV01StateLog_ES.csv,1574,2026-04-29 10:15:00,Unresolved,Unresolved->Unresolved->Unresolved->Unresolved,Pure Unresolved Compression Equilibrium,Exact,1.0,-1.4428232973175177e-12,0.0,1.0,0.0,0.0,0.2799999999999999,0.0,1.0,0.0,CompressionPressure,1.0,7150.0,7151.5,7148.25,7149.75,Down,-1,7150.0,3.25,5.196428571428571,5,7153.75,4.0,0.7697594501718213,-4.0,-0.7697594501718213,2.75,-6.0,0.5292096219931272,-1.154639175257732,0,1
ES,xApvaV01StateLog_ES.csv,1575,2026-04-29 10:20:00,Unresolved,Unresolved->Unresolved->Unresolved->Unresolved,Pure Unresolved Compression Equilibrium,Exact,1.0,-1.4428232973175177e-12,0.0,1.0,0.0,0.0,0.2799999999999999,0.0,1.0,0.0,CompressionPressure,1.0,7149.75,7151.0,7147.0,7149.5,Down,-1,7149.75,4.0,5.142857142857143,5,7153.5,4.0,0.7777777777777777,-4.0,-0.7777777777777777,1.0,-6.25,0.1944444444444444,-1.2152777777777777,0,1
ES,xApvaV01StateLog_ES.csv,1576,2026-04-29 10:25:00,Unresolved,Unresolved->Unresolved->Unresolved->Unresolved,Pure Unresolved Compression Equilibrium,Exact,1.0,-1.4428232973175177e-12,0.0,1.0,0.0,0.0,0.2799999999999999,0.0,1.0,0.0,CompressionPressure,1.0,7149.25,7154.75,7149.25,7150.5,Down,-1,7149.5,5.5,5.160714285714286,5,7158.0,7.5,1.453287197231834,-7.5,-1.453287197231834,2.0,-10.0,0.3875432525951557,-1.9377162629757787,0,1
ES,xApvaV01StateLog_ES.csv,1577,2026-04-29 10:30:00,Unresolved,Unresolved->Unresolved->Unresolved->Unresolved,Pure Unresolved Compression Equilibrium,Exact,1.0,-1.4428232973175177e-12,0.0,1.0,0.0,0.0,0.2799999999999999,0.0,1.0,0.0,CompressionPressure,1.0,7150.5,7152.5,7148.5,7152.25,Up,1,7150.5,4.0,4.928571428571429,5,7156.5,4.25,0.8623188405797101,4.25,0.8623188405797101,8.5,-1.25,1.7246376811594202,-0.253623188405797,1,1
ES,xApvaV01StateLog_ES.csv,1578,2026-04-29 10:35:00,Unresolved,Unresolved->Unresolved->Unresolved->Unresolved,Pure Unresolved Compression Equilibrium,Exact,1.0,-1.4428232973175177e-12,0.0,1.0,0.0,0.0,0.2799999999999999,0.0,1.0,0.0,CompressionPressure,1.0,7152.5,7155.75,7151.75,7153.0,Up,1,7152.25,4.0,4.892857142857143,5,7159.25,6.25,1.2773722627737223,6.25,1.2773722627737223,7.75,-2.0,1.583941605839416,-0.4087591240875912,1,1
ES,xApvaV01StateLog_ES.csv,1579,2026-04-29 10:40:00,Unresolved,Unresolved->Unresolved->Unresolved->Unresolved,Pure Unresolved Compression Equilibrium,Exact,1.0,-1.4428232973175177e-12,0.0,1.0,0.0,0.0,0.2799999999999999,0.0,1.0,0.0,CompressionPressure,1.0,7153.0,7154.75,7152.5,7153.75,Up,1,7153.0,2.25,4.5,5,7147.75,-6.0,-1.3333333333333333,-6.0,-1.3333333333333333,7.0,-7.75,1.5555555555555556,-1.7222222222222223,0,1
ES,xApvaV01StateLog_ES.csv,1580,2026-04-29 10:45:00,Unresolved,Unresolved->Unresolved->Unresolved->Unresolved,Pure Unresolved Compression Equilibrium,Exact,1.0,-1.4428232973175177e-12,0.0,1.0,0.0,0.0,0.2799999999999999,0.0,1.0,0.0,CompressionPressure,1.0,7154.0,7154.5,7151.0,7153.5,Up,1,7153.75,3.5,4.125,5,7141.75,-11.75,-2.8484848484848486,-11.75,-2.8484848484848486,7.25,-13.0,1.7575757575757576,-3.1515151515151514,0,1
ES,xApvaV01StateLog_ES.csv,1581,2026-04-29 10:50:00,Unresolved,Unresolved->Unresolved->Unresolved->Unresolved,Pure Unresolved Compression Equilibrium,Exact,1.0,-1.4428232973175177e-12,0.0,1.0,0.0,0.0,0.2799999999999999,0.0,1.0,0.0,CompressionPressure,1.0,7153.5,7160.5,7153.0,7158.0,Up,1,7153.5,7.5,4.285714285714286,5,7143.5,-14.5,-3.3833333333333333,-14.5,-3.3833333333333333,2.75,-20.5,0.6416666666666667,-4.783333333333333,0,1
ES,xApvaV01StateLog_ES.csv,1582,2026-04-29 10:55:00,Unresolved,Unresolved->Unresolved->Unresolved->Unresolved,Pure Unresolved Compression Equilibrium,Exact,1.0,-1.4428232973175177e-12,0.0,1.0,0.0,0.0,0.2799999999999999,0.0,1.0,0.0,CompressionPressure,1.0,7158.0,7160.75,7156.0,7156.5,Up,1,7158.0,4.75,4.303571428571429,5,7148.75,-7.75,-1.800829875518672,-7.75,-1.800829875518672,3.75,-19.0,0.871369294605809,-4.414937759336099,0,1
ES,xApvaV01StateLog_ES.csv,1585,2026-04-29 11:10:00,Unresolved,Unresolved->Directional->Degrading->Unresolved,Stable Compression Basin,Exact,1.0,1.3567796494412687,0.3333333333333333,0.7,0.3,1.0,0.2872302280144446,0.0416666666666666,0.7068679385765874,0.4217955483152775,CompressionPressure,0.7068679385765874,7147.75,7152.0,7140.5,7141.75,Down,-1,7147.75,11.5,5.535714285714286,5,7143.75,2.0,0.3612903225806452,-2.0,-0.3612903225806452,4.25,-10.75,0.767741935483871,-1.941935483870968,0,1
ES,xApvaV01StateLog_ES.csv,1586,2026-04-29 11:15:00,Unresolved,Directional->Degrading->Unresolved->Unresolved,Stable Compression Basin,Exact,1.0,1.5709505944488975,0.3333333333333333,0.6,0.4,0.0,0.1045990951125062,0.0416666666666666,0.6518155878469439,0.4686454425356963,CompressionPressure,0.6518155878469439,7141.5,7145.5,7137.5,7143.5,Down,-1,7141.75,8.0,5.714285714285714,5,7147.25,3.75,0.65625,-3.75,-0.65625,3.0,-11.75,0.525,-2.05625,0,1
ES,xApvaV01StateLog_ES.csv,1587,2026-04-29 11:20:00,Unresolved,Degrading->Unresolved->Unresolved->Unresolved,Stable Compression Basin,Exact,1.0,1.6854752972215634,0.3333333333333333,0.5,0.4,0.0,0.0907083333333333,0.0416666666666666,0.6083333333333334,0.475,CompressionPressure,0.6083333333333334,7143.75,7152.5,7142.75,7148.75,Up,1,7143.5,9.75,6.160714285714286,5,7140.25,-8.5,-1.3797101449275362,-8.5,-1.3797101449275362,6.5,-9.0,1.055072463768116,-1.4608695652173913,0,1
ES,xApvaV01StateLog_ES.csv,1588,2026-04-29 11:25:00,Unresolved,Unresolved->Unresolved->Unresolved->Unresolved,Pure Unresolved Compression Equilibrium,Exact,1.0,1.6854752972215634,0.4444444444444444,0.5,0.4,0.0,0.0785555555555555,0.0555555555555555,0.5805555555555556,0.5166666666666666,CompressionPressure,0.5805555555555556,7148.5,7152.5,7147.5,7148.75,Up,1,7148.75,5.0,6.285714285714286,5,7148.0,-0.75,-0.1193181818181818,-0.75,-0.1193181818181818,6.5,-11.75,1.0340909090909092,-1.8693181818181817,0,1
ES,xApvaV01StateLog_ES.csv,1589,2026-04-29 11:30:00,Unresolved,Unresolved->Unresolved->Unresolved->Unresolved,Pure Unresolved Compression Equilibrium,Exact,1.0,1.6854752972215634,0.4444444444444444,0.5,0.4,0.0,0.0785555555555555,0.0555555555555555,0.5805555555555556,0.5166666666666666,CompressionPressure,0.5805555555555556,7148.75,7149.0,7144.5,7145.75,Up,1,7148.75,4.5,6.321428571428571,5,7149.25,3.5,0.5536723163841808,3.5,0.5536723163841808,9.5,-8.75,1.5028248587570625,-1.384180790960452,1,1
ES,xApvaV01StateLog_ES.csv,1590,2026-04-29 11:35:00,Unresolved,Unresolved->Unresolved->Unresolved->Unresolved,Pure Unresolved Compression Equilibrium,Exact,1.0,1.6854752972215634,0.4444444444444444,0.5,0.4,0.0,0.0785555555555555,0.0555555555555555,0.5805555555555556,0.5166666666666666,CompressionPressure,0.5805555555555556,7145.75,7146.75,7140.5,7143.75,Down,-1,7145.75,6.25,6.375,5,7158.75,15.0,2.3529411764705883,-15.0,-2.3529411764705883,6.75,-16.25,1.0588235294117647,-2.549019607843137,0,1
ES,xApvaV01StateLog_ES.csv,1591,2026-04-29 11:40:00,Unresolved,Unresolved->Unresolved->Unresolved->Unresolved,Pure Unresolved Compression Equilibrium,Exact,1.0,1.6854752972215634,0.4444444444444444,0.5,0.4,0.0,0.0785555555555555,0.0555555555555555,0.5805555555555556,0.5166666666666666,CompressionPressure,0.5805555555555556,7143.75,7155.25,7143.0,7147.25,Down,-1,7143.75,12.25,6.964285714285714,5,7157.0,9.75,1.4,-9.75,-1.4,10.25,-14.0,1.4717948717948717,-2.01025641025641,0,1
ES,xApvaV01StateLog_ES.csv,1592,2026-04-29 11:45:00,Unresolved,Unresolved->Unresolved->Unresolved->Unresolved,Pure Unresolved Compression Equilibrium,Exact,1.0,1.6854752972215634,0.3333333333333333,0.5,0.4,0.0,0.0907083333333333,0.0416666666666666,0.6083333333333334,0.475,CompressionPressure,0.6083333333333334,7147.25,7147.75,7139.75,7140.25,Down,-1,7147.25,8.0,7.25,5,7157.75,17.5,2.413793103448276,-17.5,-2.413793103448276,3.25,-21.0,0.4482758620689655,-2.896551724137931,0,1
ES,xApvaV01StateLog_ES.csv,1593,2026-04-29 11:50:00,Unresolved,Unresolved->Unresolved->Unresolved->Unresolved,Pure Unresolved Compression Equilibrium,Exact,1.0,1.2954618442339936,0.2222222222222222,0.6,0.3,0.0,0.1308439803286126,0.0277777777777777,0.6968114125131533,0.3667156117595194,CompressionPressure,0.6968114125131533,7140.25,7149.25,7137.0,7148.0,Down,-1,7140.25,12.25,7.964285714285714,5,7165.5,17.5,2.197309417040359,-17.5,-2.197309417040359,-0.25,-18.25,-0.0313901345291479,-2.291479820627803,0,1
ES,xApvaV01StateLog_ES.csv,1594,2026-04-29 11:55:00,Unresolved,Unresolved->Unresolved->Unresolved->Unresolved,Pure Unresolved Compression Equilibrium,Exact,1.0,0.8812908992278072,0.1111111111111111,0.7,0.2,0.0,0.1793733877500932,0.0138888888888888,0.7921415410204843,0.2344490508727494,CompressionPressure,0.7921415410204843,7148.25,7153.5,7148.25,7149.25,Up,1,7148.0,5.5,8.107142857142858,5,7166.0,16.75,2.066079295154185,16.75,2.066079295154185,19.0,-0.5,2.343612334801762,-0.0616740088105726,1,1
ES,xApvaV01StateLog_ES.csv,1595,2026-04-29 12:00:00,Unresolved,Unresolved->Unresolved->Unresolved->Unresolved,Pure Unresolved Compression Equilibrium,Exact,1.0,0.7219280948844771,0.1111111111111111,0.8,0.1,0.0,0.1962412691242961,0.0138888888888888,0.8437683829586091,0.199588437422646,CompressionPressure,0.8437683829586091,7149.25,7160.0,7148.75,7158.75,Up,1,7149.25,11.25,8.375,5,7165.25,6.5,0.7761194029850746,6.5,0.7761194029850746,9.5,-5.75,1.1343283582089552,-0.6865671641791045,1,1
ES,xApvaV01StateLog_ES.csv,1596,2026-04-29 12:05:00,Unresolved,Unresolved->Unresolved->Unresolved->Unresolved,Pure Unresolved Compression Equilibrium,Exact,1.0,0.4689955935863958,0.1111111111111111,0.9,0.0,0.0,0.2202730804215971,0.0138888888888888,0.9012433309564056,0.1442594527636907,CompressionPressure,0.9012433309564056,7159.0,7161.25,7155.75,7157.0,Up,1,7158.75,5.5,8.428571428571429,5,7162.0,5.0,0.5932203389830508,5.0,0.5932203389830508,11.25,-4.0,1.3347457627118644,-0.4745762711864407,1,1
ES,xApvaV01StateLog_ES.csv,1597,2026-04-29 12:10:00,Unresolved,Unresolved->Unresolved->Unresolved->Unresolved,Pure Unresolved Compression Equilibrium,Exact,1.0,-1.4428232973175177e-12,0.0,1.0,0.0,0.0,0.2799999999999999,0.0,1.0,0.0,CompressionPressure,1.0,7157.0,7159.0,7153.0,7157.75,Up,1,7157.0,6.0,8.571428571428571,5,7157.25,-0.5,-0.0583333333333333,-0.5,-0.0583333333333333,10.5,-3.75,1.225,-0.4375,0,1
ES,xApvaV01StateLog_ES.csv,1601,2026-04-29 12:30:00,Unresolved,Directional->Directional->Directional->Unresolved,Stable Compression Basin,Exact,1.0,1.2954618442339936,0.2222222222222222,0.6,0.4,0.0,0.1378439803286126,0.0277777777777777,0.6968114125131533,0.3667156117595194,CompressionPressure,0.6968114125131533,7165.5,7166.5,7162.0,7162.0,Down,-1,7165.25,4.5,7.125,5,7163.75,1.75,0.2456140350877192,-1.75,-0.2456140350877192,8.0,-2.25,1.1228070175438596,-0.3157894736842105,0,1
ES,xApvaV01StateLog_ES.csv,1614,2026-04-29 13:35:00,Unresolved,Balance->Unresolved->Unresolved->Unresolved,Stable Compression Basin,Exact,1.0,1.5709505944503404,0.4444444444444444,0.4,0.0,0.0,0.0411129840012847,0.0555555555555555,0.5407044767357427,0.5103121092026786,CompressionPressure,0.5407044767357427,7161.75,7164.25,7155.5,7160.25,Up,1,7162.0,8.75,12.839285714285714,5,7141.5,-18.75,-1.4603616133518778,-18.75,-1.4603616133518778,7.25,-19.5,0.564673157162726,-1.5187760778859527,0,1
ES,xApvaV01StateLog_ES.csv,1617,2026-04-29 13:50:00,Unresolved,Unresolved->Balance->Balance->Unresolved,Stable Compression Basin,Exact,1.0,1.5709505944503404,0.4444444444444444,0.4,0.0,0.0,0.0411129840012847,0.0555555555555555,0.5407044767357427,0.5103121092026786,CompressionPressure,0.5407044767357427,7161.75,7164.5,7157.75,7157.75,Down,-1,7161.5,6.75,12.767857142857142,5,7181.5,23.75,1.86013986013986,-23.75,-1.86013986013986,17.0,-43.0,1.3314685314685315,-3.367832167832168,0,1
ES,xApvaV01StateLog_ES.csv,1618,2026-04-29 13:55:00,Unresolved,Balance->Balance->Unresolved->Unresolved,Stable Compression Basin,Exact,1.0,1.4854752972230063,0.4444444444444444,0.5,0.0,0.0,0.0593238531119191,0.0555555555555555,0.5877133494791177,0.4916143879341992,CompressionPressure,0.5877133494791177,7157.75,7158.25,7150.0,7150.5,Down,-1,7157.75,8.25,12.892857142857142,5,7177.75,27.25,2.113573407202216,-27.25,-2.113573407202216,9.75,-50.25,0.7562326869806094,-3.897506925207757,0,1
ES,xApvaV01StateLog_ES.csv,1619,2026-04-29 14:00:00,Unresolved,Balance->Unresolved->Unresolved->Unresolved,Stable Compression Basin,Exact,1.0,1.2954618442339936,0.4444444444444444,0.6,0.0,0.0,0.085538424773057,0.0555555555555555,0.6412558569575977,0.4500489450928527,CompressionPressure,0.6412558569575977,7150.5,7152.75,7140.75,7141.5,Down,-1,7150.5,12.0,13.464285714285714,5,7167.25,25.75,1.9124668435013263,-25.75,-1.9124668435013263,-25.25,-59.25,-1.8753315649867373,-4.40053050397878,0,1
ES,xApvaV01StateLog_ES.csv,1620,2026-04-30 06:35:00,Unresolved,Unresolved->Unresolved->Unresolved->Unresolved,Pure Unresolved Compression Equilibrium,Exact,1.0,1.2954618442339936,0.4444444444444444,0.6,0.0,0.0,0.085538424773057,0.0555555555555555,0.6412558569575977,0.4500489450928527,CompressionPressure,0.6412558569575977,7200.0,7200.75,7180.75,7181.25,Down,-1,7141.5,59.25,17.214285714285715,5,7165.25,-16.0,-0.929460580912863,16.0,0.929460580912863,21.0,-3.75,1.2199170124481329,-0.2178423236514522,1,1
ES,xApvaV01StateLog_ES.csv,1622,2026-04-30 06:45:00,Unresolved,Unresolved->Unresolved->Degrading->Unresolved,Stable Compression Basin,Exact,1.0,1.5709505944488975,0.5555555555555556,0.6,0.0,0.0,0.0522935395569507,0.0694444444444444,0.5962600322913884,0.5519787758690297,CompressionPressure,0.5962600322913884,7171.25,7182.25,7166.75,7181.5,Down,-1,7171.0,15.5,15.821428571428571,5,7164.75,-16.75,-1.0586907449209932,16.75,1.0586907449209932,22.25,-3.5,1.4063205417607223,-0.2212189616252821,1,1
ES,xApvaV01StateLog_ES.csv,1633,2026-04-30 07:40:00,Unresolved,Unresolved->Balance->Unresolved->Unresolved,Stable Compression Basin,Exact,1.0,1.2954618442339936,0.6666666666666666,0.6,0.0,0.0,0.0612328692175015,0.0833333333333333,0.5857003014020421,0.533382278426186,CompressionPressure,0.5857003014020421,7171.5,7173.0,7164.75,7166.25,Down,-1,7171.5,8.25,14.964285714285714,5,7192.25,26.0,1.7374701670644392,-26.0,-1.7374701670644392,-0.25,-31.75,-0.0167064439140811,-2.121718377088305,0,1
ES,xApvaV01StateLog_ES.csv,1634,2026-04-30 07:45:00,Unresolved,Balance->Unresolved->Unresolved->Unresolved,Stable Compression Basin,Exact,1.0,1.1567796494427114,0.5555555555555556,0.7,0.0,0.0,0.0956701692006535,0.0694444444444444,0.6638123830209416,0.4613788816489264,CompressionPressure,0.6638123830209416,7166.5,7177.0,7166.5,7175.5,Down,-1,7166.25,10.75,11.5,5,7197.25,21.75,1.891304347826087,-21.75,-1.891304347826087,0.25,-22.5,0.0217391304347826,-1.9565217391304348,0,1
ES,xApvaV01StateLog_ES.csv,1635,2026-04-30 07:50:00,Unresolved,Unresolved->Unresolved->Unresolved->Unresolved,Pure Unresolved Compression Equilibrium,Exact,1.0,1.1567796494427114,0.5555555555555556,0.7,0.0,0.0,0.0956701692006535,0.0694444444444444,0.6638123830209416,0.4613788816489264,CompressionPressure,0.6638123830209416,7175.5,7184.5,7175.25,7181.5,Up,1,7175.5,9.25,11.25,5,7196.5,15.0,1.3333333333333333,15.0,1.3333333333333333,17.25,-1.25,1.5333333333333334,-0.1111111111111111,1,1
ES,xApvaV01StateLog_ES.csv,1636,2026-04-30 07:55:00,Unresolved,Unresolved->Unresolved->Unresolved->Unresolved,Pure Unresolved Compression Equilibrium,Exact,1.0,1.3709505944503406,0.4444444444444444,0.6,0.0,0.0,0.079758817334618,0.0555555555555555,0.636537810069076,0.4665621092026786,CompressionPressure,0.636537810069076,7181.5,7192.25,7180.25,7190.5,Up,1,7181.5,12.0,11.0,5,7195.5,5.0,0.4545454545454545,5.0,0.4545454545454545,8.25,-1.75,0.75,-0.1590909090909091,1,1
ES,xApvaV01StateLog_ES.csv,1637,2026-04-30 08:00:00,Unresolved,Unresolved->Unresolved->Unresolved->Unresolved,Pure Unresolved Compression Equilibrium,Exact,1.0,1.2954618442339936,0.3333333333333333,0.6,0.0,0.0,0.0976912025508348,0.0416666666666666,0.6690336347353755,0.4083822784261861,CompressionPressure,0.6690336347353755,7190.25,7194.75,7190.0,7192.0,Up,1,7190.5,4.75,10.5,5,7196.0,4.0,0.3809523809523809,4.0,0.3809523809523809,6.75,-3.25,0.6428571428571429,-0.3095238095238095,1,1
ES,xApvaV01StateLog_ES.csv,1638,2026-04-30 08:05:00,Unresolved,Unresolved->Unresolved->Unresolved->Unresolved,Pure Unresolved Compression Equilibrium,Exact,1.0,1.360964047439353,0.3333333333333333,0.5,0.0,0.0,0.0810095234512578,0.0416666666666666,0.6232730803683738,0.4227108853773584,CompressionPressure,0.6232730803683738,7192.0,7198.0,7190.75,7192.25,Up,1,7192.0,7.25,10.0,5,7197.75,5.5,0.55,5.5,0.55,7.25,-3.5,0.725,-0.35,1,1
ES,xApvaV01StateLog_ES.csv,1639,2026-04-30 08:10:00,Unresolved,Unresolved->Unresolved->Unresolved->Unresolved,Pure Unresolved Compression Equilibrium,Exact,1.0,1.360964047439353,0.3333333333333333,0.5,0.0,0.0,0.0810095234512578,0.0416666666666666,0.6232730803683738,0.4227108853773584,CompressionPressure,0.6232730803683738,7192.0,7197.5,7188.75,7197.25,Up,1,7192.25,8.75,10.053571428571429,5,7197.75,0.5,0.0497335701598579,0.5,0.0497335701598579,5.75,-6.25,0.5719360568383659,-0.6216696269982238,1,1
ES,xApvaV01StateLog_ES.csv,1640,2026-04-30 08:15:00,Unresolved,Unresolved->Unresolved->Unresolved->Unresolved,Pure Unresolved Compression Equilibrium,Exact,1.0,1.2954618442339936,0.2222222222222222,0.6,0.0,0.0,0.1098439803286126,0.0277777777777777,0.6968114125131533,0.3667156117595194,CompressionPressure,0.6968114125131533,7197.25,7198.75,7192.0,7196.5,Up,1,7197.25,6.75,9.803571428571429,5,7193.25,-3.25,-0.331511839708561,-3.25,-0.331511839708561,6.5,-5.5,0.663023679417122,-0.5610200364298725,0,1
ES,xApvaV01StateLog_ES.csv,1641,2026-04-30 08:20:00,Unresolved,Unresolved->Unresolved->Unresolved->Unresolved,Pure Unresolved Compression Equilibrium,Exact,1.0,0.8812908992278072,0.1111111111111111,0.7,0.0,0.0,0.1653733877500932,0.0138888888888888,0.7921415410204843,0.2344490508727494,CompressionPressure,0.7921415410204843,7196.75,7198.25,7193.25,7195.5,Down,-1,7196.5,5.0,9.0,5,7192.5,-3.0,-0.3333333333333333,3.0,0.3333333333333333,4.75,-7.5,0.5277777777777778,-0.8333333333333334,1,1
ES,xApvaV01StateLog_ES.csv,1642,2026-04-30 08:25:00,Unresolved,Unresolved->Unresolved->Unresolved->Unresolved,Pure Unresolved Compression Equilibrium,Exact,1.0,0.7219280948844771,0.1111111111111111,0.8,0.0,0.0,0.1892412691242961,0.0138888888888888,0.8437683829586091,0.199588437422646,CompressionPressure,0.8437683829586091,7195.5,7196.5,7191.0,7196.0,Down,-1,7195.5,5.5,8.589285714285714,5,7194.0,-2.0,-0.2328482328482328,2.0,0.2328482328482328,8.25,-7.0,0.9604989604989606,-0.814968814968815,1,1
ES,xApvaV01StateLog_ES.csv,1643,2026-04-30 08:30:00,Unresolved,Unresolved->Unresolved->Unresolved->Unresolved,Pure Unresolved Compression Equilibrium,Exact,1.0,0.4689955935863958,0.1111111111111111,0.9,0.0,0.0,0.2202730804215971,0.0138888888888888,0.9012433309564056,0.1442594527636907,CompressionPressure,0.9012433309564056,7196.25,7199.5,7195.0,7197.75,Up,1,7196.0,4.5,8.017857142857142,5,7200.75,3.0,0.3741648106904232,3.0,0.3741648106904232,5.25,-10.0,0.6547884187082406,-1.247216035634744,1,1
ES,xApvaV01StateLog_ES.csv,1644,2026-04-30 08:35:00,Unresolved,Unresolved->Unresolved->Unresolved->Unresolved,Pure Unresolved Compression Equilibrium,Exact,1.0,-1.4428232973175177e-12,0.0,1.0,0.0,0.0,0.2799999999999999,0.0,1.0,0.0,CompressionPressure,1.0,7197.5,7203.0,7197.25,7197.75,Up,1,7197.75,5.75,7.839285714285714,5,7199.25,1.5,0.1913439635535307,1.5,0.1913439635535307,6.5,-10.0,0.8291571753986332,-1.275626423690205,1,1
ES,xApvaV01StateLog_ES.csv,1645,2026-04-30 08:40:00,Unresolved,Unresolved->Unresolved->Unresolved->Unresolved,Pure Unresolved Compression Equilibrium,Exact,1.0,-1.4428232973175177e-12,0.0,1.0,0.0,0.0,0.2799999999999999,0.0,1.0,0.0,CompressionPressure,1.0,7197.5,7197.75,7192.0,7193.25,Up,1,7197.75,5.75,7.660714285714286,5,7198.75,5.5,0.717948717948718,5.5,0.717948717948718,11.0,-5.5,1.435897435897436,-0.717948717948718,1,1
ES,xApvaV01StateLog_ES.csv,1646,2026-04-30 08:45:00,Unresolved,Unresolved->Unresolved->Unresolved->Unresolved,Pure Unresolved Compression Equilibrium,Exact,1.0,-1.4428232973175177e-12,0.0,1.0,0.0,0.0,0.2799999999999999,0.0,1.0,0.0,CompressionPressure,1.0,7193.25,7194.25,7190.75,7192.5,Down,-1,7193.25,3.5,6.982142857142857,5,7200.75,8.25,1.1815856777493607,-8.25,-1.1815856777493607,4.75,-11.75,0.680306905370844,-1.682864450127877,0,1
ES,xApvaV01StateLog_ES.csv,1647,2026-04-30 08:50:00,Unresolved,Unresolved->Unresolved->Unresolved->Unresolved,Pure Unresolved Compression Equilibrium,Exact,1.0,-1.4428232973175177e-12,0.0,1.0,0.0,0.0,0.2799999999999999,0.0,1.0,0.0,CompressionPressure,1.0,7192.25,7194.0,7187.75,7194.0,Down,-1,7192.5,6.25,6.839285714285714,5,7206.75,12.75,1.8642297650130548,-12.75,-1.8642297650130548,0.75,-13.5,0.1096605744125326,-1.9738903394255876,0,1
ES,xApvaV01StateLog_ES.csv,1648,2026-04-30 08:55:00,Unresolved,Unresolved->Unresolved->Unresolved->Unresolved,Pure Unresolved Compression Equilibrium,Exact,1.0,-1.4428232973175177e-12,0.0,1.0,0.0,0.0,0.2799999999999999,0.0,1.0,0.0,CompressionPressure,1.0,7194.0,7201.0,7193.25,7200.75,Up,1,7194.0,7.75,6.625,5,7205.25,4.5,0.6792452830188679,4.5,0.6792452830188679,6.75,-6.5,1.018867924528302,-0.981132075471698,1,1
ES,xApvaV01StateLog_ES.csv,1649,2026-04-30 09:00:00,Unresolved,Unresolved->Unresolved->Unresolved->Unresolved,Pure Unresolved Compression Equilibrium,Exact,1.0,-1.4428232973175177e-12,0.0,1.0,0.0,0.0,0.2799999999999999,0.0,1.0,0.0,CompressionPressure,1.0,7200.75,7204.25,7199.25,7199.25,Up,1,7200.75,5.0,6.321428571428571,5,7203.0,3.75,0.5932203389830508,3.75,0.5932203389830508,8.25,-5.0,1.305084745762712,-0.7909604519774012,1,1
ES,xApvaV01StateLog_ES.csv,1650,2026-04-30 09:05:00,Unresolved,Unresolved->Unresolved->Unresolved->Unresolved,Pure Unresolved Compression Equilibrium,Exact,1.0,-1.4428232973175177e-12,0.0,1.0,0.0,0.0,0.2799999999999999,0.0,1.0,0.0,CompressionPressure,1.0,7199.5,7200.25,7194.25,7198.75,Down,-1,7199.25,6.0,5.892857142857143,5,7205.5,6.75,1.1454545454545453,-6.75,-1.1454545454545453,0.0,-8.75,0.0,-1.4848484848484849,0,1
ES,xApvaV01StateLog_ES.csv,1651,2026-04-30 09:10:00,Unresolved,Unresolved->Unresolved->Unresolved->Unresolved,Pure Unresolved Compression Equilibrium,Exact,1.0,-1.4428232973175177e-12,0.0,1.0,0.0,0.0,0.2799999999999999,0.0,1.0,0.0,CompressionPressure,1.0,7199.0,7203.0,7198.75,7200.75,Down,-1,7198.75,4.25,5.857142857142857,5,7204.25,3.5,0.5975609756097562,-3.5,-0.5975609756097562,1.0,-6.75,0.1707317073170731,-1.152439024390244,0,1
ES,xApvaV01StateLog_ES.csv,1652,2026-04-30 09:15:00,Unresolved,Unresolved->Unresolved->Unresolved->Unresolved,Pure Unresolved Compression Equilibrium,Exact,1.0,-1.4428232973175177e-12,0.0,1.0,0.0,0.0,0.2799999999999999,0.0,1.0,0.0,CompressionPressure,1.0,7200.5,7207.5,7199.75,7206.75,Up,1,7200.75,7.75,5.892857142857143,5,7205.25,-1.5,-0.2545454545454545,-1.5,-0.2545454545454545,0.5,-5.75,0.0848484848484848,-0.9757575757575756,0,1
ES,xApvaV01StateLog_ES.csv,1653,2026-04-30 09:20:00,Unresolved,Unresolved->Unresolved->Unresolved->Unresolved,Pure Unresolved Compression Equilibrium,Exact,1.0,-1.4428232973175177e-12,0.0,1.0,0.0,0.0,0.2799999999999999,0.0,1.0,0.0,CompressionPressure,1.0,7206.5,7207.25,7202.5,7205.25,Up,1,7206.75,4.75,5.607142857142857,5,7201.0,-4.25,-0.7579617834394905,-4.25,-0.7579617834394905,1.75,-5.75,0.3121019108280255,-1.0254777070063694,0,1
ES,xApvaV01StateLog_ES.csv,1654,2026-04-30 09:25:00,Unresolved,Unresolved->Unresolved->Unresolved->Unresolved,Pure Unresolved Compression Equilibrium,Exact,1.0,-1.4428232973175177e-12,0.0,1.0,0.0,0.0,0.2799999999999999,0.0,1.0,0.0,CompressionPressure,1.0,7205.25,7206.25,7202.5,7203.0,Down,-1,7205.25,3.75,5.392857142857143,5,7201.75,-1.25,-0.2317880794701986,1.25,0.2317880794701986,5.0,-4.0,0.9271523178807948,-0.7417218543046357,1,1
ES,xApvaV01StateLog_ES.csv,1655,2026-04-30 09:30:00,Unresolved,Unresolved->Unresolved->Unresolved->Unresolved,Pure Unresolved Compression Equilibrium,Exact,1.0,-1.4428232973175177e-12,0.0,1.0,0.0,0.0,0.2799999999999999,0.0,1.0,0.0,CompressionPressure,1.0,7202.75,7206.0,7201.0,7205.5,Down,-1,7203.0,5.0,5.392857142857143,5,7197.25,-8.25,-1.529801324503311,8.25,1.529801324503311,10.25,-1.5,1.900662251655629,-0.2781456953642384,1,1
ES,xApvaV01StateLog_ES.csv,1656,2026-04-30 09:35:00,Unresolved,Unresolved->Unresolved->Unresolved->Unresolved,Pure Unresolved Compression Equilibrium,Exact,1.0,-1.4428232973175177e-12,0.0,1.0,0.0,0.0,0.2799999999999999,0.0,1.0,0.0,CompressionPressure,1.0,7205.5,7207.0,7203.75,7204.25,Down,-1,7205.5,3.25,5.232142857142857,5,7197.0,-7.25,-1.385665529010239,7.25,1.385665529010239,11.75,-1.75,2.2457337883959045,-0.3344709897610922,1,1
ES,xApvaV01StateLog_ES.csv,1657,2026-04-30 09:40:00,Unresolved,Unresolved->Unresolved->Unresolved->Unresolved,Pure Unresolved Compression Equilibrium,Exact,1.0,-1.4428232973175177e-12,0.0,1.0,0.0,0.0,0.2799999999999999,0.0,1.0,0.0,CompressionPressure,1.0,7204.0,7205.5,7202.5,7205.25,Down,-1,7204.25,3.0,5.125,5,7203.25,-2.0,-0.3902439024390244,2.0,0.3902439024390244,12.75,-0.75,2.4878048780487805,-0.1463414634146341,1,1
ES,xApvaV01StateLog_ES.csv,1658,2026-04-30 09:45:00,Unresolved,Unresolved->Unresolved->Unresolved->Unresolved,Pure Unresolved Compression Equilibrium,Exact,1.0,-1.4428232973175177e-12,0.0,1.0,0.0,0.0,0.2799999999999999,0.0,1.0,0.0,CompressionPressure,1.0,7205.25,7206.0,7199.5,7201.0,Down,-1,7205.25,6.5,5.178571428571429,5,7205.75,4.75,0.9172413793103448,-4.75,-0.9172413793103448,8.5,-5.25,1.6413793103448275,-1.013793103448276,0,1
ES,xApvaV01StateLog_ES.csv,1659,2026-04-30 09:50:00,Unresolved,Unresolved->Unresolved->Unresolved->Unresolved,Pure Unresolved Compression Equilibrium,Exact,1.0,-1.4428232973175177e-12,0.0,1.0,0.0,0.0,0.2799999999999999,0.0,1.0,0.0,CompressionPressure,1.0,7201.25,7202.5,7198.0,7201.75,Down,-1,7201.0,4.5,5.089285714285714,5,7209.0,7.25,1.424561403508772,-7.25,-1.424561403508772,9.25,-8.25,1.817543859649123,-1.6210526315789473,0,1
ES,xApvaV01StateLog_ES.csv,1660,2026-04-30 09:55:00,Unresolved,Unresolved->Unresolved->Unresolved->Unresolved,Pure Unresolved Compression Equilibrium,Exact,1.0,-1.4428232973175177e-12,0.0,1.0,0.0,0.0,0.2799999999999999,0.0,1.0,0.0,CompressionPressure,1.0,7201.5,7201.75,7195.25,7197.25,Down,-1,7201.75,6.5,5.303571428571429,5,7208.25,11.0,2.074074074074074,-11.0,-2.074074074074074,4.75,-12.75,0.8956228956228955,-2.404040404040404,0,1
ES,xApvaV01StateLog_ES.csv,1661,2026-04-30 10:00:00,Unresolved,Unresolved->Unresolved->Unresolved->Unresolved,Pure Unresolved Compression Equilibrium,Exact,1.0,-1.4428232973175177e-12,0.0,1.0,0.0,0.0,0.2799999999999999,0.0,1.0,0.0,CompressionPressure,1.0,7197.25,7197.5,7192.5,7197.0,Down,-1,7197.25,5.0,5.214285714285714,5,7210.5,13.5,2.589041095890411,-13.5,-2.589041095890411,0.25,-14.25,0.047945205479452,-2.732876712328767,0,1
ES,xApvaV01StateLog_ES.csv,1662,2026-04-30 10:05:00,Unresolved,Unresolved->Unresolved->Unresolved->Unresolved,Pure Unresolved Compression Equilibrium,Exact,1.0,-1.4428232973175177e-12,0.0,1.0,0.0,0.0,0.2799999999999999,0.0,1.0,0.0,CompressionPressure,1.0,7197.25,7205.25,7196.75,7203.25,Down,-1,7197.0,8.5,5.267857142857143,5,7212.0,8.75,1.6610169491525422,-8.75,-1.6610169491525422,1.25,-9.75,0.2372881355932203,-1.8508474576271183,0,1
ES,xApvaV01StateLog_ES.csv,1663,2026-04-30 10:10:00,Unresolved,Unresolved->Unresolved->Unresolved->Unresolved,Pure Unresolved Compression Equilibrium,Exact,1.0,-1.4428232973175177e-12,0.0,1.0,0.0,0.0,0.2799999999999999,0.0,1.0,0.0,CompressionPressure,1.0,7203.25,7206.25,7202.0,7205.75,Up,1,7203.25,4.25,5.214285714285714,5,7216.0,10.25,1.965753424657534,10.25,1.965753424657534,15.0,-0.75,2.8767123287671232,-0.1438356164383561,1,1
ES,xApvaV01StateLog_ES.csv,1672,2026-04-30 10:55:00,Unresolved,Directional->Degrading->Degrading->Unresolved,Stable Compression Basin,Soft,0.5,1.5709505944488975,0.3333333333333333,0.6,0.9,0.0,0.1395990951125062,0.0416666666666666,0.6518155878469439,0.4686454425356963,CompressionPressure,0.6518155878469439,7221.5,7222.25,7219.5,7220.75,Up,1,7221.5,2.75,4.910714285714286,5,7232.5,11.75,2.3927272727272726,11.75,2.3927272727272726,14.25,-0.5,2.901818181818182,-0.1018181818181818,1,1
ES,xApvaV01StateLog_ES.csv,1673,2026-04-30 11:00:00,Unresolved,Degrading->Degrading->Unresolved->Unresolved,Stable Compression Basin,Exact,1.0,1.3709505944503406,0.2222222222222222,0.6,0.9,0.0,0.1670643728901736,0.0277777777777777,0.6920933656246315,0.3832287758693453,CompressionPressure,0.6920933656246315,7221.0,7225.5,7220.25,7224.75,Up,1,7220.75,5.25,4.964285714285714,5,7231.0,6.25,1.2589928057553956,6.25,1.2589928057553956,10.25,-0.5,2.064748201438849,-0.1007194244604316,1,1
ES,xApvaV01StateLog_ES.csv,1675,2026-04-30 11:10:00,Unresolved,Unresolved->Unresolved->Degrading->Unresolved,Stable Compression Basin,Exact,1.0,1.5709505944503404,0.4444444444444444,0.4,0.7,0.0,0.0901129840012847,0.0555555555555555,0.5407044767357427,0.5103121092026786,CompressionPressure,0.5407044767357427,7232.0,7232.0,7228.75,7229.25,Up,1,7231.75,3.25,5.017857142857143,5,7234.75,5.5,1.096085409252669,5.5,1.096085409252669,8.0,-0.75,1.594306049822064,-0.1494661921708185,1,1
ES,xApvaV01StateLog_ES.csv,1676,2026-04-30 11:15:00,Unresolved,Unresolved->Degrading->Unresolved->Unresolved,Stable Compression Basin,Exact,1.0,1.5709505944503404,0.4444444444444444,0.4,0.6,0.0,0.0831129840012847,0.0555555555555555,0.5407044767357427,0.5103121092026786,CompressionPressure,0.5407044767357427,7229.25,7232.5,7228.5,7231.5,Up,1,7229.25,4.0,4.696428571428571,5,7238.75,7.25,1.543726235741445,7.25,1.543726235741445,8.0,-1.5,1.7034220532319393,-0.3193916349809886,1,1
ES,xApvaV01StateLog_ES.csv,1677,2026-04-30 11:20:00,Unresolved,Degrading->Unresolved->Unresolved->Unresolved,Stable Compression Basin,Exact,1.0,1.4854752972230063,0.4444444444444444,0.5,0.5,0.0,0.0943238531119191,0.0555555555555555,0.5877133494791177,0.4916143879341992,CompressionPressure,0.5877133494791177,7231.75,7235.0,7231.5,7232.5,Up,1,7231.5,3.5,4.642857142857143,5,7239.5,7.0,1.5076923076923077,7.0,1.5076923076923077,8.25,-2.5,1.7769230769230768,-0.5384615384615384,1,1
ES,xApvaV01StateLog_ES.csv,1679,2026-04-30 11:30:00,Unresolved,Unresolved->Unresolved->Unresolved->Unresolved,Pure Unresolved Compression Equilibrium,Exact,1.0,1.4854752972230063,0.4444444444444444,0.5,0.3,0.0,0.0803238531119191,0.0555555555555555,0.5877133494791177,0.4916143879341992,CompressionPressure,0.5877133494791177,7231.0,7232.75,7230.0,7232.5,Up,1,7231.0,2.75,4.446428571428571,5,7238.5,6.0,1.349397590361446,6.0,1.349397590361446,9.5,-0.25,2.136546184738956,-0.0562248995983935,1,1
ES,xApvaV01StateLog_ES.csv,1684,2026-04-30 11:55:00,Unresolved,Degrading->Degrading->Degrading->Unresolved,Stable Compression Basin,Exact,1.0,1.5219280948830345,0.3333333333333333,0.4,0.0,0.0,0.0570190469021843,0.0416666666666666,0.571546160736477,0.4579217707556637,CompressionPressure,0.571546160736477,7240.25,7242.0,7238.0,7238.5,Up,1,7240.25,4.0,4.035714285714286,5,7245.25,6.75,1.672566371681416,6.75,1.672566371681416,9.5,-2.25,2.353982300884956,-0.5575221238938053,1,1
ES,xApvaV01StateLog_ES.csv,1685,2026-04-30 12:00:00,Unresolved,Degrading->Degrading->Unresolved->Unresolved,Stable Compression Basin,Exact,1.0,1.5219280948830345,0.3333333333333333,0.4,0.0,0.0,0.0570190469021843,0.0416666666666666,0.571546160736477,0.4579217707556637,CompressionPressure,0.571546160736477,7238.75,7239.75,7236.5,7237.5,Down,-1,7238.5,3.25,3.946428571428572,5,7246.75,9.25,2.343891402714932,-9.25,-2.343891402714932,1.25,-10.5,0.3167420814479638,-2.660633484162896,0,1
ES,xApvaV01StateLog_ES.csv,1686,2026-04-30 12:05:00,Unresolved,Degrading->Unresolved->Unresolved->Unresolved,Stable Compression Basin,Exact,1.0,1.5219280948830345,0.3333333333333333,0.4,0.0,0.0,0.0570190469021843,0.0416666666666666,0.571546160736477,0.4579217707556637,CompressionPressure,0.571546160736477,7237.5,7242.0,7236.25,7241.25,Down,-1,7237.5,5.75,4.160714285714286,5,7245.0,3.75,0.9012875536480688,-3.75,-0.9012875536480688,1.25,-6.75,0.3004291845493562,-1.6223175965665235,0,1
ES,xApvaV01StateLog_ES.csv,1687,2026-04-30 12:10:00,Unresolved,Unresolved->Unresolved->Unresolved->Unresolved,Pure Unresolved Compression Equilibrium,Exact,1.0,1.5709505944503404,0.3333333333333333,0.4,0.0,0.0,0.0532657617790625,0.0416666666666666,0.5684822545135204,0.4686454425360119,CompressionPressure,0.5684822545135204,7241.25,7245.0,7240.0,7242.75,Up,1,7241.25,5.0,4.142857142857143,5,7243.75,1.0,0.2413793103448275,1.0,0.2413793103448275,5.25,-1.5,1.2672413793103448,-0.3620689655172413,1,1
ES,xApvaV01StateLog_ES.csv,1688,2026-04-30 12:15:00,Unresolved,Unresolved->Unresolved->Unresolved->Unresolved,Pure Unresolved Compression Equilibrium,Exact,1.0,1.5709505944503404,0.3333333333333333,0.4,0.0,0.0,0.0532657617790625,0.0416666666666666,0.5684822545135204,0.4686454425360119,CompressionPressure,0.5684822545135204,7242.75,7247.5,7242.25,7246.5,Up,1,7242.75,5.25,3.875,5,7246.0,-0.5,-0.1290322580645161,-0.5,-0.1290322580645161,1.5,-5.25,0.3870967741935484,-1.3548387096774193,0,1
ES,xApvaV01StateLog_ES.csv,1689,2026-04-30 12:20:00,Unresolved,Unresolved->Unresolved->Unresolved->Unresolved,Pure Unresolved Compression Equilibrium,Exact,1.0,1.5709505944503404,0.2222222222222222,0.4,0.0,0.0,0.0654185395568402,0.0277777777777777,0.5962600322912982,0.4269787758693452,CompressionPressure,0.5962600322912982,7246.5,7248.0,7245.0,7245.25,Up,1,7246.5,3.0,3.857142857142857,5,7248.25,3.0,0.7777777777777778,3.0,0.7777777777777778,3.25,-4.0,0.8425925925925926,-1.037037037037037,1,1
ES,xApvaV01StateLog_ES.csv,1690,2026-04-30 12:25:00,Unresolved,Unresolved->Unresolved->Unresolved->Unresolved,Pure Unresolved Compression Equilibrium,Exact,1.0,1.5709505944503404,0.2222222222222222,0.4,0.0,0.0,0.0654185395568402,0.0277777777777777,0.5962600322912982,0.4269787758693452,CompressionPressure,0.5962600322912982,7245.25,7247.0,7243.75,7246.75,Up,1,7245.25,3.25,3.803571428571429,5,7249.25,2.5,0.6572769953051644,2.5,0.6572769953051644,3.0,-5.5,0.7887323943661972,-1.4460093896713615,1,1
ES,xApvaV01StateLog_ES.csv,1691,2026-04-30 12:30:00,Unresolved,Unresolved->Unresolved->Unresolved->Unresolved,Pure Unresolved Compression Equilibrium,Exact,1.0,1.4854752972230063,0.2222222222222222,0.5,0.0,0.0,0.0836294086674746,0.0277777777777777,0.6432689050346733,0.4082810546008659,CompressionPressure,0.6432689050346733,7246.75,7247.75,7244.25,7245.0,Up,1,7246.75,3.5,3.803571428571429,5,7246.75,1.75,0.460093896713615,1.75,0.460093896713615,6.25,-3.75,1.643192488262911,-0.9859154929577464,1,1
ES,xApvaV01StateLog_ES.csv,1692,2026-04-30 12:35:00,Unresolved,Unresolved->Unresolved->Unresolved->Unresolved,Pure Unresolved Compression Equilibrium,Exact,1.0,1.2954618442339936,0.2222222222222222,0.6,0.0,0.0,0.1098439803286126,0.0277777777777777,0.6968114125131533,0.3667156117595194,CompressionPressure,0.6968114125131533,7245.0,7245.25,7241.25,7243.75,Down,-1,7245.0,4.0,3.875,5,7238.25,-5.5,-1.4193548387096775,5.5,1.4193548387096775,6.5,-8.0,1.6774193548387095,-2.064516129032258,1,1
ES,xApvaV01StateLog_ES.csv,1693,2026-04-30 12:40:00,Unresolved,Unresolved->Unresolved->Unresolved->Unresolved,Pure Unresolved Compression Equilibrium,Exact,1.0,0.8812908992278072,0.1111111111111111,0.7,0.0,0.0,0.1653733877500932,0.0138888888888888,0.7921415410204843,0.2344490508727494,CompressionPressure,0.7921415410204843,7243.5,7246.5,7242.5,7246.0,Down,-1,7243.75,4.0,3.9642857142857135,5,7241.5,-4.5,-1.135135135135135,4.5,1.135135135135135,8.75,-5.75,2.2072072072072078,-1.4504504504504503,1,1
ES,xApvaV01StateLog_ES.csv,1694,2026-04-30 12:45:00,Unresolved,Unresolved->Unresolved->Unresolved->Unresolved,Pure Unresolved Compression Equilibrium,Exact,1.0,0.7219280948844771,0.1111111111111111,0.8,0.0,0.0,0.1892412691242961,0.0138888888888888,0.8437683829586091,0.199588437422646,CompressionPressure,0.8437683829586091,7245.75,7248.5,7242.75,7248.25,Up,1,7246.0,5.75,4.017857142857143,5,7243.75,-4.5,-1.12,-4.5,-1.12,3.5,-11.0,0.8711111111111111,-2.7377777777777776,0,1
ES,xApvaV01StateLog_ES.csv,1695,2026-04-30 12:50:00,Unresolved,Unresolved->Unresolved->Unresolved->Unresolved,Pure Unresolved Compression Equilibrium,Exact,1.0,0.4689955935863958,0.1111111111111111,0.9,0.0,0.0,0.2202730804215971,0.0138888888888888,0.9012433309564056,0.1442594527636907,CompressionPressure,0.9012433309564056,7248.0,7249.75,7245.75,7249.25,Up,1,7248.25,4.0,3.946428571428572,5,7245.0,-4.25,-1.0769230769230769,-4.25,-1.0769230769230769,2.5,-12.0,0.6334841628959276,-3.0407239819004523,0,1
ES,xApvaV01StateLog_ES.csv,1696,2026-04-30 12:55:00,Unresolved,Unresolved->Unresolved->Unresolved->Unresolved,Pure Unresolved Compression Equilibrium,Exact,1.0,-1.4428232973175177e-12,0.0,1.0,0.0,0.0,0.2799999999999999,0.0,1.0,0.0,CompressionPressure,1.0,7249.25,7251.25,7242.25,7246.75,Up,1,7249.25,9.0,4.428571428571429,5,7246.25,-0.5,-0.1129032258064516,-0.5,-0.1129032258064516,5.0,-9.5,1.129032258064516,-2.1451612903225805,0,1
ES,xApvaV01StateLog_ES.csv,1697,2026-04-30 13:00:00,Unresolved,Unresolved->Unresolved->Unresolved->Unresolved,Pure Unresolved Compression Equilibrium,Exact,1.0,-1.4428232973175177e-12,0.0,1.0,0.0,0.0,0.2799999999999999,0.0,1.0,0.0,CompressionPressure,1.0,7246.75,7251.75,7237.25,7238.25,Down,-1,7246.75,14.5,5.303571428571429,5,7249.5,11.25,2.121212121212121,-11.25,-2.121212121212121,0.25,-11.75,0.0471380471380471,-2.2154882154882154,0,1
ES,xApvaV01StateLog_ES.csv,1698,2026-04-30 13:05:00,Unresolved,Unresolved->Unresolved->Unresolved->Unresolved,Pure Unresolved Compression Equilibrium,Exact,1.0,-1.4428232973175177e-12,0.0,1.0,0.0,0.0,0.2799999999999999,0.0,1.0,0.0,CompressionPressure,1.0,7238.25,7245.25,7238.0,7241.5,Down,-1,7238.25,7.25,5.535714285714286,5,7249.5,8.0,1.4451612903225808,-8.0,-1.4451612903225808,0.25,-10.0,0.0451612903225806,-1.8064516129032255,0,1
ES,xApvaV01StateLog_ES.csv,1699,2026-04-30 13:10:00,Unresolved,Unresolved->Unresolved->Unresolved->Unresolved,Pure Unresolved Compression Equilibrium,Exact,1.0,-1.4428232973175177e-12,0.0,1.0,0.0,0.0,0.2799999999999999,0.0,1.0,0.0,CompressionPressure,1.0,7241.25,7247.0,7241.25,7243.75,Up,1,7241.5,5.75,5.714285714285714,5,7248.75,5.0,0.875,5.0,0.875,9.75,-1.25,1.70625,-0.21875,1,1
ES,xApvaV01StateLog_ES.csv,1700,2026-04-30 13:15:00,Unresolved,Unresolved->Unresolved->Unresolved->Unresolved,Pure Unresolved Compression Equilibrium,Exact,1.0,-1.4428232973175177e-12,0.0,1.0,0.0,0.0,0.2799999999999999,0.0,1.0,0.0,CompressionPressure,1.0,7243.75,7246.25,7243.25,7245.0,Up,1,7243.75,3.0,5.517857142857143,5,7246.0,1.0,0.1812297734627831,1.0,0.1812297734627831,8.5,-2.5,1.5404530744336569,-0.4530744336569579,1,1
ES,xApvaV01StateLog_ES.csv,1701,2026-04-30 13:20:00,Unresolved,Unresolved->Unresolved->Unresolved->Unresolved,Pure Unresolved Compression Equilibrium,Exact,1.0,-1.4428232973175177e-12,0.0,1.0,0.0,0.0,0.2799999999999999,0.0,1.0,0.0,CompressionPressure,1.0,7245.0,7247.5,7243.75,7246.25,Up,1,7245.0,3.75,5.428571428571429,5,7244.25,-2.0,-0.3684210526315789,-2.0,-0.3684210526315789,7.25,-3.75,1.3355263157894737,-0.6907894736842105,0,1
ES,xApvaV01StateLog_ES.csv,1702,2026-04-30 13:25:00,Unresolved,Unresolved->Unresolved->Unresolved->Unresolved,Pure Unresolved Compression Equilibrium,Exact,1.0,-1.4428232973175177e-12,0.0,1.0,0.0,0.0,0.2799999999999999,0.0,1.0,0.0,CompressionPressure,1.0,7246.5,7250.0,7246.0,7249.5,Up,1,7246.25,4.0,5.339285714285714,5,7246.5,-3.0,-0.5618729096989966,-3.0,-0.5618729096989966,4.0,-7.0,0.7491638795986622,-1.3110367892976589,0,1
ES,xApvaV01StateLog_ES.csv,1703,2026-04-30 13:30:00,Unresolved,Unresolved->Unresolved->Unresolved->Unresolved,Pure Unresolved Compression Equilibrium,Exact,1.0,-1.4428232973175177e-12,0.0,1.0,0.0,0.0,0.2799999999999999,0.0,1.0,0.0,CompressionPressure,1.0,7249.25,7251.5,7248.75,7249.5,Up,1,7249.5,2.75,5.321428571428571,5,7247.75,-1.75,-0.3288590604026846,-1.75,-0.3288590604026846,4.0,-7.0,0.7516778523489933,-1.3154362416107384,0,1
ES,xApvaV01StateLog_ES.csv,1704,2026-04-30 13:35:00,Unresolved,Unresolved->Unresolved->Unresolved->Unresolved,Pure Unresolved Compression Equilibrium,Exact,1.0,-1.4428232973175177e-12,0.0,1.0,0.0,0.0,0.2799999999999999,0.0,1.0,0.0,CompressionPressure,1.0,7249.25,7253.5,7242.5,7248.75,Up,1,7249.5,11.0,5.875,5,7246.75,-2.0,-0.3404255319148936,-2.0,-0.3404255319148936,1.5,-5.0,0.2553191489361702,-0.851063829787234,0,1
ES,xApvaV01StateLog_ES.csv,1705,2026-04-30 13:40:00,Unresolved,Unresolved->Unresolved->Unresolved->Unresolved,Pure Unresolved Compression Equilibrium,Exact,1.0,-1.4428232973175177e-12,0.0,1.0,0.0,0.0,0.2799999999999999,0.0,1.0,0.0,CompressionPressure,1.0,7248.5,7250.25,7244.5,7246.0,Down,-1,7248.75,5.75,6.035714285714286,5,7274.5,28.5,4.72189349112426,-28.5,-4.72189349112426,2.25,-29.0,0.3727810650887574,-4.804733727810651,0,1
ES,xApvaV01StateLog_ES.csv,1706,2026-04-30 13:45:00,Unresolved,Unresolved->Unresolved->Unresolved->Unresolved,Pure Unresolved Compression Equilibrium,Exact,1.0,-1.4428232973175177e-12,0.0,1.0,0.0,0.0,0.2799999999999999,0.0,1.0,0.0,CompressionPressure,1.0,7246.0,7246.5,7243.75,7244.25,Down,-1,7246.0,2.75,5.946428571428571,5,7272.25,28.0,4.708708708708709,-28.0,-4.708708708708709,0.5,-33.0,0.084084084084084,-5.54954954954955,0,1
ES,xApvaV01StateLog_ES.csv,1707,2026-04-30 13:50:00,Unresolved,Unresolved->Unresolved->Unresolved->Unresolved,Pure Unresolved Compression Equilibrium,Exact,1.0,-1.4428232973175177e-12,0.0,1.0,0.0,0.0,0.2799999999999999,0.0,1.0,0.0,CompressionPressure,1.0,7244.25,7246.75,7243.75,7246.5,Down,-1,7244.25,3.0,5.875,5,7276.25,29.75,5.0638297872340425,-29.75,-5.0638297872340425,1.75,-31.0,0.2978723404255319,-5.276595744680851,0,1
ES,xApvaV01StateLog_ES.csv,1708,2026-04-30 13:55:00,Unresolved,Unresolved->Unresolved->Unresolved->Unresolved,Pure Unresolved Compression Equilibrium,Exact,1.0,-1.4428232973175177e-12,0.0,1.0,0.0,0.0,0.2799999999999999,0.0,1.0,0.0,CompressionPressure,1.0,7246.25,7248.0,7245.5,7247.75,Up,1,7246.5,2.5,5.642857142857143,5,7273.25,25.5,4.518987341772152,25.5,4.518987341772152,29.75,-3.0,5.272151898734177,-0.5316455696202531,1,1
ES,xApvaV01StateLog_ES.csv,1709,2026-04-30 14:00:00,Unresolved,Unresolved->Unresolved->Unresolved->Unresolved,Pure Unresolved Compression Equilibrium,Exact,1.0,-1.4428232973175177e-12,0.0,1.0,0.0,0.0,0.2799999999999999,0.0,1.0,0.0,CompressionPressure,1.0,7247.5,7249.0,7244.75,7246.75,Up,1,7247.75,4.25,5.660714285714286,5,7277.25,30.5,5.38801261829653,30.5,5.38801261829653,33.5,12.0,5.917981072555206,2.1198738170347005,1,1
ES,xApvaV01StateLog_ES.csv,1710,2026-05-01 06:35:00,Unresolved,Unresolved->Unresolved->Unresolved->Unresolved,Pure Unresolved Compression Equilibrium,Exact,1.0,-1.4428232973175177e-12,0.0,1.0,0.0,0.0,0.2799999999999999,0.0,1.0,0.0,CompressionPressure,1.0,7264.5,7275.0,7258.75,7274.5,Up,1,7246.75,28.25,7.035714285714286,5,7293.25,18.75,2.66497461928934,18.75,2.66497461928934,18.75,-4.25,2.66497461928934,-0.6040609137055838,1,1
ES,xApvaV01StateLog_ES.csv,1711,2026-05-01 06:40:00,Unresolved,Unresolved->Unresolved->Unresolved->Unresolved,Pure Unresolved Compression Equilibrium,Exact,1.0,-1.4428232973175177e-12,0.0,1.0,0.0,0.0,0.2799999999999999,0.0,1.0,0.0,CompressionPressure,1.0,7274.75,7277.25,7272.25,7272.25,Up,1,7274.5,5.0,6.357142857142857,5,7295.25,23.0,3.617977528089888,23.0,3.617977528089888,26.25,-2.0,4.129213483146068,-0.3146067415730337,1,1
ES,xApvaV01StateLog_ES.csv,1712,2026-05-01 06:45:00,Unresolved,Unresolved->Unresolved->Unresolved->Unresolved,Pure Unresolved Compression Equilibrium,Exact,1.0,-1.4428232973175177e-12,0.0,1.0,0.0,0.0,0.2799999999999999,0.0,1.0,0.0,CompressionPressure,1.0,7272.5,7277.5,7271.5,7276.25,Up,1,7272.25,6.0,6.267857142857143,5,7292.25,16.0,2.5527065527065527,16.0,2.5527065527065527,22.25,-6.0,3.549857549857549,-0.9572649572649572,1,1
ES,xApvaV01StateLog_ES.csv,1713,2026-05-01 06:50:00,Unresolved,Unresolved->Unresolved->Unresolved->Unresolved,Pure Unresolved Compression Equilibrium,Exact,1.0,-1.4428232973175177e-12,0.0,1.0,0.0,0.0,0.2799999999999999,0.0,1.0,0.0,CompressionPressure,1.0,7276.5,7277.0,7270.75,7273.25,Up,1,7276.25,6.25,6.303571428571429,5,7296.5,23.25,3.688385269121813,23.25,3.688385269121813,25.25,-3.0,4.005665722379603,-0.4759206798866855,1,1
ES,xApvaV01StateLog_ES.csv,1714,2026-05-01 06:55:00,Unresolved,Unresolved->Unresolved->Unresolved->Unresolved,Pure Unresolved Compression Equilibrium,Exact,1.0,-1.4428232973175177e-12,0.0,1.0,0.0,0.0,0.2799999999999999,0.0,1.0,0.0,CompressionPressure,1.0,7273.25,7280.25,7270.25,7277.25,Up,1,7273.25,10.0,6.803571428571429,5,7296.75,19.5,2.8661417322834644,19.5,2.8661417322834644,21.25,0.0,3.1233595800524934,0.0,1,1
ES,xApvaV01StateLog_ES.csv,1724,2026-05-01 07:45:00,Degrading,Degrading->Degrading->Degrading->Degrading,Sponsor Exhaustion Collapse,Exact,1.0,0.9709505944517832,0.1111111111111111,0.6,0.7,0.0,0.1958421506678409,0.1138888888888889,0.294871143402319,0.2540621092029942,CompressionPressure,0.294871143402319,7280.25,7284.75,7276.25,7281.25,Down,-1,7280.25,8.5,7.821428571428571,5,7277.75,-3.5,-0.4474885844748859,3.5,0.4474885844748859,9.25,-4.25,1.182648401826484,-0.54337899543379,1,1
ES,xApvaV01StateLog_ES.csv,1725,2026-05-01 07:50:00,Unresolved,Degrading->Degrading->Degrading->Unresolved,Stable Compression Basin,Exact,1.0,1.2954618442339936,0.2222222222222222,0.6,0.6,0.0,0.1518439803286126,0.0277777777777777,0.6968114125131533,0.3667156117595194,CompressionPressure,0.6968114125131533,7281.0,7285.5,7279.5,7283.0,Up,1,7281.25,6.0,7.892857142857143,5,7281.25,-1.75,-0.2217194570135746,-1.75,-0.2217194570135746,1.5,-11.0,0.1900452488687782,-1.3936651583710409,0,1
ES,xApvaV01StateLog_ES.csv,1727,2026-05-01 08:00:00,Unresolved,Degrading->Unresolved->Balance->Unresolved,Stable Compression Basin,Exact,1.0,1.5709505944488975,0.4444444444444444,0.6,0.4,0.0,0.0924463173347285,0.0555555555555555,0.6240378100691661,0.510312109202363,CompressionPressure,0.6240378100691661,7280.0,7283.25,7278.5,7278.5,Down,-1,7280.0,4.75,7.839285714285714,5,7284.5,6.0,0.765375854214123,-6.0,-0.765375854214123,6.5,-6.75,0.8291571753986332,-0.8610478359908884,0,1
ES,xApvaV01StateLog_ES.csv,1728,2026-05-01 08:05:00,Degrading,Unresolved->Balance->Unresolved->Degrading,Stable Compression Basin,Soft,0.4142135623730951,1.2954618442339936,0.3333333333333333,0.6,0.3,0.0,0.1186912025508348,0.0416666666666666,0.6690336347353755,0.4083822784261861,CompressionPressure,0.6690336347353755,7278.75,7279.5,7272.0,7274.5,Down,-1,7278.5,7.5,7.660714285714286,5,7284.25,9.75,1.2727272727272727,-9.75,-1.2727272727272727,1.75,-10.75,0.2284382284382284,-1.4032634032634033,0,1
ES,xApvaV01StateLog_ES.csv,1733,2026-05-01 08:30:00,Unresolved,Degrading->Degrading->Degrading->Unresolved,Stable Compression Basin,Exact,1.0,1.360964047439353,0.5555555555555556,0.5,0.0,0.0,0.0567039678957023,0.0694444444444444,0.5677175248128182,0.5060442187106917,CompressionPressure,0.5677175248128182,7284.5,7285.25,7281.25,7284.25,Up,1,7284.5,4.0,6.392857142857143,5,7286.75,2.5,0.3910614525139664,2.5,0.3910614525139664,11.5,-5.75,1.7988826815642458,-0.8994413407821229,1,1
ES,xApvaV01StateLog_ES.csv,1734,2026-05-01 08:35:00,Unresolved,Degrading->Degrading->Unresolved->Unresolved,Stable Compression Basin,Exact,1.0,1.360964047439353,0.4444444444444444,0.5,0.0,0.0,0.0688567456734801,0.0555555555555555,0.595495302590596,0.4643775520440251,CompressionPressure,0.595495302590596,7284.5,7286.75,7283.0,7284.25,Down,-1,7284.25,3.75,6.357142857142857,5,7285.25,1.0,0.1573033707865168,-1.0,-0.1573033707865168,5.75,-11.5,0.904494382022472,-1.808988764044944,0,1
ES,xApvaV01StateLog_ES.csv,1735,2026-05-01 08:40:00,Unresolved,Degrading->Unresolved->Unresolved->Unresolved,Stable Compression Basin,Exact,1.0,1.360964047439353,0.3333333333333333,0.5,0.0,0.0,0.0810095234512578,0.0416666666666666,0.6232730803683738,0.4227108853773584,CompressionPressure,0.6232730803683738,7284.0,7292.25,7283.5,7289.25,Down,-1,7284.25,8.75,6.678571428571429,5,7285.25,-4.0,-0.5989304812834224,4.0,0.5989304812834224,10.75,-6.5,1.609625668449198,-0.9732620320855616,1,1
ES,xApvaV01StateLog_ES.csv,1736,2026-05-01 08:45:00,Unresolved,Unresolved->Unresolved->Unresolved->Unresolved,Pure Unresolved Compression Equilibrium,Exact,1.0,1.360964047439353,0.3333333333333333,0.5,0.0,0.0,0.0810095234512578,0.0416666666666666,0.6232730803683738,0.4227108853773584,CompressionPressure,0.6232730803683738,7289.5,7292.25,7289.25,7291.75,Up,1,7289.25,3.0,6.053571428571429,5,7277.25,-14.5,-2.3952802359882006,-14.5,-2.3952802359882006,4.0,-15.5,0.6607669616519174,-2.56047197640118,0,1
ES,xApvaV01StateLog_ES.csv,1737,2026-05-01 08:50:00,Unresolved,Unresolved->Unresolved->Unresolved->Unresolved,Pure Unresolved Compression Equilibrium,Exact,1.0,1.5219280948830345,0.3333333333333333,0.4,0.0,0.0,0.0570190469021843,0.0416666666666666,0.571546160736477,0.4579217707556637,CompressionPressure,0.571546160736477,7292.0,7295.5,7291.5,7294.5,Up,1,7291.75,4.0,5.553571428571429,5,7276.75,-17.75,-3.1961414790996785,-17.75,-3.1961414790996785,1.25,-19.25,0.22508038585209,-3.4662379421221865,0,1
ES,xApvaV01StateLog_ES.csv,1738,2026-05-01 08:55:00,Unresolved,Unresolved->Unresolved->Unresolved->Unresolved,Pure Unresolved Compression Equilibrium,Exact,1.0,1.5709505944503404,0.2222222222222222,0.4,0.0,0.0,0.0654185395568402,0.0277777777777777,0.5962600322912982,0.4269787758693452,CompressionPressure,0.5962600322912982,7294.75,7295.75,7278.5,7286.75,Up,1,7294.5,17.25,6.178571428571429,5,7281.5,-5.25,-0.8497109826589595,-5.25,-0.8497109826589595,2.75,-11.5,0.4450867052023121,-1.8612716763005777,0,1
ES,xApvaV01StateLog_ES.csv,1739,2026-05-01 09:00:00,Unresolved,Unresolved->Unresolved->Unresolved->Unresolved,Pure Unresolved Compression Equilibrium,Exact,1.0,1.5709505944503404,0.2222222222222222,0.4,0.0,0.0,0.0654185395568402,0.0277777777777777,0.5962600322912982,0.4269787758693452,CompressionPressure,0.5962600322912982,7287.0,7289.5,7284.0,7285.25,Down,-1,7286.75,5.5,6.142857142857143,5,7277.0,-8.25,-1.3430232558139534,8.25,1.3430232558139534,13.25,-2.5,2.1569767441860463,-0.4069767441860465,1,1
ES,xApvaV01StateLog_ES.csv,1740,2026-05-01 09:05:00,Unresolved,Unresolved->Unresolved->Unresolved->Unresolved,Pure Unresolved Compression Equilibrium,Exact,1.0,1.4854752972230063,0.2222222222222222,0.5,0.0,0.0,0.0836294086674746,0.0277777777777777,0.6432689050346733,0.4082810546008659,CompressionPressure,0.6432689050346733,7285.25,7287.75,7284.25,7285.25,Down,-1,7285.25,3.5,5.910714285714286,5,7272.75,-12.5,-2.114803625377644,12.5,2.114803625377644,15.0,-0.75,2.5377643504531724,-0.1268882175226586,1,1
ES,xApvaV01StateLog_ES.csv,1741,2026-05-01 09:10:00,Unresolved,Unresolved->Unresolved->Unresolved->Unresolved,Pure Unresolved Compression Equilibrium,Exact,1.0,1.2954618442339936,0.2222222222222222,0.6,0.0,0.0,0.1098439803286126,0.0277777777777777,0.6968114125131533,0.3667156117595194,CompressionPressure,0.6968114125131533,7285.5,7286.0,7276.25,7277.25,Down,-1,7285.25,9.75,6.267857142857143,5,7271.5,-5.75,-0.9173789173789172,5.75,0.9173789173789172,9.5,-6.0,1.5156695156695157,-0.9572649572649572,1,1
ES,xApvaV01StateLog_ES.csv,1742,2026-05-01 09:15:00,Unresolved,Unresolved->Unresolved->Unresolved->Unresolved,Pure Unresolved Compression Equilibrium,Exact,1.0,0.8812908992278072,0.1111111111111111,0.7,0.0,0.0,0.1653733877500932,0.0138888888888888,0.7921415410204843,0.2344490508727494,CompressionPressure,0.7921415410204843,7277.25,7279.25,7275.25,7276.75,Down,-1,7277.25,4.0,6.017857142857143,5,7274.25,-2.5,-0.4154302670623145,2.5,0.4154302670623145,9.0,-6.5,1.4955489614243322,-1.0801186943620178,1,1
ES,xApvaV01StateLog_ES.csv,1743,2026-05-01 09:20:00,Unresolved,Unresolved->Unresolved->Unresolved->Unresolved,Pure Unresolved Compression Equilibrium,Exact,1.0,0.7219280948844771,0.1111111111111111,0.8,0.0,0.0,0.1892412691242961,0.0138888888888888,0.8437683829586091,0.199588437422646,CompressionPressure,0.8437683829586091,7276.5,7282.0,7276.25,7281.5,Down,-1,7276.75,5.75,6.035714285714286,5,7268.0,-13.5,-2.2366863905325443,13.5,2.2366863905325443,13.75,-1.75,2.2781065088757395,-0.2899408284023668,1,1
ES,xApvaV01StateLog_ES.csv,1744,2026-05-01 09:25:00,Unresolved,Unresolved->Unresolved->Unresolved->Unresolved,Pure Unresolved Compression Equilibrium,Exact,1.0,0.4689955935863958,0.1111111111111111,0.9,0.0,0.0,0.2202730804215971,0.0138888888888888,0.9012433309564056,0.1442594527636907,CompressionPressure,0.9012433309564056,7281.75,7283.25,7272.0,7277.0,Down,-1,7281.5,11.25,6.357142857142857,5,7268.25,-8.75,-1.3764044943820226,8.75,1.3764044943820226,11.0,-0.75,1.7303370786516854,-0.1179775280898876,1,1
ES,xApvaV01StateLog_ES.csv,1745,2026-05-01 09:30:00,Unresolved,Unresolved->Unresolved->Unresolved->Unresolved,Pure Unresolved Compression Equilibrium,Exact,1.0,-1.4428232973175177e-12,0.0,1.0,0.0,0.0,0.2799999999999999,0.0,1.0,0.0,CompressionPressure,1.0,7277.0,7277.75,7270.25,7272.75,Down,-1,7277.0,7.5,6.589285714285714,5,7273.0,0.25,0.037940379403794,-0.25,-0.037940379403794,6.75,-2.0,1.024390243902439,-0.3035230352303523,0,1
ES,xApvaV01StateLog_ES.csv,1746,2026-05-01 09:35:00,Unresolved,Unresolved->Unresolved->Unresolved->Unresolved,Pure Unresolved Compression Equilibrium,Exact,1.0,-1.4428232973175177e-12,0.0,1.0,0.0,0.0,0.2799999999999999,0.0,1.0,0.0,CompressionPressure,1.0,7272.75,7274.25,7267.75,7271.5,Down,-1,7272.75,6.5,6.75,5,7270.25,-1.25,-0.1851851851851851,1.25,0.1851851851851851,5.5,-3.5,0.8148148148148148,-0.5185185185185185,1,1
ES,xApvaV01StateLog_ES.csv,1747,2026-05-01 09:40:00,Degrading,Unresolved->Unresolved->Unresolved->Degrading,Sponsor Exhaustion Collapse,Exact,1.0,0.4689955935863958,0.1111111111111111,0.9,0.0,0.0,0.2202730804215971,0.1138888888888889,0.4512433309564058,0.1442594527636907,CompressionPressure,0.4512433309564058,7271.5,7274.75,7269.5,7274.25,Down,-1,7271.5,5.25,6.839285714285714,5,7272.75,-1.5,-0.2193211488250652,1.5,0.2193211488250652,8.25,-1.75,1.206266318537859,-0.2558746736292428,1,1
ES,xApvaV01StateLog_ES.csv,1748,2026-05-01 09:45:00,Unresolved,Unresolved->Unresolved->Degrading->Unresolved,Stable Compression Basin,Exact,1.0,0.9219280948830342,0.2222222222222222,0.8,0.0,0.0,0.1617759913466288,0.0277777777777777,0.8034906051809215,0.285005104088997,CompressionPressure,0.8034906051809215,7274.0,7274.75,7268.0,7268.0,Down,-1,7274.25,6.75,7.053571428571429,5,7273.25,5.25,0.7443037974683544,-5.25,-0.7443037974683544,2.0,-8.0,0.2835443037974683,-1.1341772151898737,0,1
ES,xApvaV01StateLog_ES.csv,1764,2026-05-01 11:05:00,Unresolved,Unresolved->Balance->Unresolved->Unresolved,Stable Compression Basin,Exact,1.0,1.5709505944488975,0.5555555555555556,0.6,0.0,0.0,0.0522935395569507,0.0694444444444444,0.5962600322913884,0.5519787758690297,CompressionPressure,0.5962600322913884,7279.5,7280.75,7276.0,7276.5,Down,-1,7279.5,4.75,3.625,5,7272.75,-3.75,-1.0344827586206895,3.75,1.0344827586206895,10.25,-0.5,2.827586206896552,-0.1379310344827586,1,1
ES,xApvaV01StateLog_ES.csv,1765,2026-05-01 11:10:00,Unresolved,Balance->Unresolved->Unresolved->Unresolved,Stable Compression Basin,Exact,1.0,1.5709505944488975,0.4444444444444444,0.6,0.0,0.0,0.0644463173347285,0.0555555555555555,0.6240378100691661,0.510312109202363,CompressionPressure,0.6240378100691661,7276.5,7277.0,7273.0,7276.0,Down,-1,7276.5,4.0,3.5357142857142856,5,7267.0,-9.0,-2.5454545454545454,9.0,2.5454545454545454,9.75,-0.5,2.757575757575758,-0.1414141414141414,1,1
ES,xApvaV01StateLog_ES.csv,1766,2026-05-01 11:15:00,Unresolved,Unresolved->Unresolved->Unresolved->Unresolved,Pure Unresolved Compression Equilibrium,Exact,1.0,1.2954618442339936,0.4444444444444444,0.6,0.0,0.0,0.085538424773057,0.0555555555555555,0.6412558569575977,0.4500489450928527,CompressionPressure,0.6412558569575977,7276.0,7276.5,7268.75,7269.5,Down,-1,7276.0,7.75,3.642857142857143,5,7264.75,-4.75,-1.303921568627451,4.75,1.303921568627451,6.0,-4.25,1.6470588235294117,-1.1666666666666667,1,1
ES,xApvaV01StateLog_ES.csv,1767,2026-05-01 11:20:00,Unresolved,Unresolved->Unresolved->Unresolved->Unresolved,Pure Unresolved Compression Equilibrium,Exact,1.0,1.360964047439353,0.4444444444444444,0.5,0.0,0.0,0.0688567456734801,0.0555555555555555,0.595495302590596,0.4643775520440251,CompressionPressure,0.595495302590596,7269.75,7271.5,7266.25,7269.5,Down,-1,7269.5,5.25,3.803571428571429,5,7263.25,-6.25,-1.643192488262911,6.25,1.643192488262911,7.25,-4.25,1.9061032863849767,-1.1173708920187797,1,1
ES,xApvaV01StateLog_ES.csv,1770,2026-05-01 11:35:00,Unresolved,Unresolved->Balance->Unresolved->Unresolved,Stable Compression Basin,Exact,1.0,1.4854752972230063,0.5555555555555556,0.5,0.0,0.0,0.0471710753341413,0.0694444444444444,0.5599355717013399,0.533281054600866,CompressionPressure,0.5599355717013399,7272.75,7273.5,7266.5,7267.0,Up,1,7272.75,7.0,4.089285714285714,5,7262.75,-4.25,-1.039301310043668,-4.25,-1.039301310043668,0.5,-8.0,0.1222707423580786,-1.956331877729257,0,1
ES,xApvaV01StateLog_ES.csv,1771,2026-05-01 11:40:00,Unresolved,Balance->Unresolved->Unresolved->Unresolved,Stable Compression Basin,Exact,1.0,1.3709505944503406,0.4444444444444444,0.6,0.0,0.0,0.079758817334618,0.0555555555555555,0.636537810069076,0.4665621092026786,CompressionPressure,0.636537810069076,7267.0,7267.5,7263.5,7264.75,Down,-1,7267.0,4.0,4.178571428571429,5,7265.25,0.5,0.1196581196581196,-0.5,-0.1196581196581196,5.75,-2.5,1.376068376068376,-0.5982905982905983,0,1
ES,xApvaV01StateLog_ES.csv,1772,2026-05-01 11:45:00,Unresolved,Unresolved->Unresolved->Unresolved->Unresolved,Pure Unresolved Compression Equilibrium,Exact,1.0,1.2954618442339936,0.4444444444444444,0.6,0.0,0.0,0.085538424773057,0.0555555555555555,0.6412558569575977,0.4500489450928527,CompressionPressure,0.6412558569575977,7264.75,7266.0,7262.25,7263.25,Down,-1,7264.75,3.75,4.303571428571429,5,7269.25,6.0,1.3941908713692943,-6.0,-1.3941908713692943,4.25,-6.0,0.987551867219917,-1.3941908713692943,0,1
ES,xApvaV01StateLog_ES.csv,1773,2026-05-01 11:50:00,Unresolved,Unresolved->Unresolved->Unresolved->Unresolved,Pure Unresolved Compression Equilibrium,Exact,1.0,1.360964047439353,0.4444444444444444,0.5,0.0,0.0,0.0688567456734801,0.0555555555555555,0.595495302590596,0.4643775520440251,CompressionPressure,0.595495302590596,7263.25,7264.5,7259.0,7262.75,Down,-1,7263.25,5.5,4.428571428571429,5,7271.75,9.0,2.032258064516129,-9.0,-2.032258064516129,1.75,-9.75,0.3951612903225806,-2.2016129032258065,0,1
ES,xApvaV01StateLog_ES.csv,1774,2026-05-01 11:55:00,Unresolved,Unresolved->Unresolved->Unresolved->Unresolved,Pure Unresolved Compression Equilibrium,Exact,1.0,1.360964047439353,0.4444444444444444,0.5,0.0,0.0,0.0688567456734801,0.0555555555555555,0.595495302590596,0.4643775520440251,CompressionPressure,0.595495302590596,7262.5,7264.75,7261.0,7261.5,Down,-1,7262.75,3.75,4.517857142857143,5,7273.0,11.5,2.5454545454545454,-11.5,-2.5454545454545454,0.5,-12.75,0.1106719367588932,-2.8221343873517784,0,1
ES,xApvaV01StateLog_ES.csv,1775,2026-05-01 12:00:00,Unresolved,Unresolved->Unresolved->Unresolved->Unresolved,Pure Unresolved Compression Equilibrium,Exact,1.0,1.2954618442339936,0.3333333333333333,0.6,0.0,0.0,0.0976912025508348,0.0416666666666666,0.6690336347353755,0.4083822784261861,CompressionPressure,0.6690336347353755,7261.75,7264.25,7261.0,7262.75,Down,-1,7261.5,3.25,4.625,5,7273.75,11.0,2.3783783783783785,-11.0,-2.3783783783783785,0.75,-11.5,0.1621621621621621,-2.4864864864864864,0,1
ES,xApvaV01StateLog_ES.csv,1776,2026-05-01 12:05:00,Unresolved,Unresolved->Unresolved->Unresolved->Unresolved,Pure Unresolved Compression Equilibrium,Exact,1.0,1.2954618442339936,0.3333333333333333,0.6,0.0,0.0,0.0976912025508348,0.0416666666666666,0.6690336347353755,0.4083822784261861,CompressionPressure,0.6690336347353755,7262.75,7267.25,7262.0,7265.25,Up,1,7262.75,5.25,4.660714285714286,5,7275.25,10.0,2.1455938697318007,10.0,2.1455938697318007,11.75,0.0,2.521072796934866,0.0,1,1
ES,xApvaV01StateLog_ES.csv,1777,2026-05-01 12:10:00,Unresolved,Unresolved->Unresolved->Unresolved->Unresolved,Pure Unresolved Compression Equilibrium,Exact,1.0,1.2954618442339936,0.2222222222222222,0.6,0.0,0.0,0.1098439803286126,0.0277777777777777,0.6968114125131533,0.3667156117595194,CompressionPressure,0.6968114125131533,7265.25,7269.25,7265.25,7269.25,Up,1,7265.25,4.0,4.714285714285714,5,7273.75,4.5,0.9545454545454544,4.5,0.9545454545454544,7.75,-1.5,1.6439393939393938,-0.3181818181818182,1,1
ES,xApvaV01StateLog_ES.csv,1778,2026-05-01 12:15:00,Unresolved,Unresolved->Unresolved->Unresolved->Unresolved,Pure Unresolved Compression Equilibrium,Exact,1.0,0.8812908992278072,0.1111111111111111,0.7,0.0,0.0,0.1653733877500932,0.0138888888888888,0.7921415410204843,0.2344490508727494,CompressionPressure,0.7921415410204843,7268.75,7272.5,7267.75,7271.75,Up,1,7269.25,4.75,4.714285714285714,5,7274.5,2.75,0.5833333333333334,2.75,0.5833333333333334,5.25,-0.75,1.1136363636363635,-0.1590909090909091,1,1
ES,xApvaV01StateLog_ES.csv,1779,2026-05-01 12:20:00,Unresolved,Unresolved->Unresolved->Unresolved->Unresolved,Pure Unresolved Compression Equilibrium,Exact,1.0,0.7219280948844771,0.1111111111111111,0.8,0.0,0.0,0.1892412691242961,0.0138888888888888,0.8437683829586091,0.199588437422646,CompressionPressure,0.8437683829586091,7271.75,7274.25,7271.0,7273.0,Up,1,7271.75,3.25,4.660714285714286,5,7272.5,-0.5,-0.10727969348659,-0.5,-0.10727969348659,4.0,-2.0,0.8582375478927203,-0.4291187739463601,0,1
ES,xApvaV01StateLog_ES.csv,1780,2026-05-01 12:25:00,Unresolved,Unresolved->Unresolved->Unresolved->Unresolved,Pure Unresolved Compression Equilibrium,Exact,1.0,0.4689955935863958,0.1111111111111111,0.9,0.0,0.0,0.2202730804215971,0.0138888888888888,0.9012433309564056,0.1442594527636907,CompressionPressure,0.9012433309564056,7273.25,7274.0,7271.75,7273.75,Up,1,7273.0,2.25,4.267857142857143,5,7271.0,-2.75,-0.6443514644351463,-2.75,-0.6443514644351463,3.25,-4.25,0.7615062761506275,-0.99581589958159,0,1
ES,xApvaV01StateLog_ES.csv,1781,2026-05-01 12:30:00,Unresolved,Unresolved->Unresolved->Unresolved->Unresolved,Pure Unresolved Compression Equilibrium,Exact,1.0,-1.4428232973175177e-12,0.0,1.0,0.0,0.0,0.2799999999999999,0.0,1.0,0.0,CompressionPressure,1.0,7273.5,7277.0,7273.5,7275.25,Up,1,7273.75,3.5,4.142857142857143,5,7264.25,-11.0,-2.655172413793103,-11.0,-2.655172413793103,1.25,-12.5,0.3017241379310345,-3.0172413793103448,0,1
ES,xApvaV01StateLog_ES.csv,1782,2026-05-01 12:35:00,Unresolved,Unresolved->Unresolved->Unresolved->Unresolved,Pure Unresolved Compression Equilibrium,Exact,1.0,-1.4428232973175177e-12,0.0,1.0,0.0,0.0,0.2799999999999999,0.0,1.0,0.0,CompressionPressure,1.0,7275.5,7276.5,7271.25,7273.75,Up,1,7275.25,5.25,4.232142857142857,5,7257.5,-16.25,-3.839662447257384,-16.25,-3.839662447257384,1.5,-18.25,0.3544303797468355,-4.312236286919831,0,1
ES,xApvaV01StateLog_ES.csv,1783,2026-05-01 12:40:00,Unresolved,Unresolved->Unresolved->Unresolved->Unresolved,Pure Unresolved Compression Equilibrium,Exact,1.0,-1.4428232973175177e-12,0.0,1.0,0.0,0.0,0.2799999999999999,0.0,1.0,0.0,CompressionPressure,1.0,7273.5,7275.0,7271.75,7274.5,Up,1,7273.75,3.25,4.196428571428571,5,7255.0,-19.5,-4.646808510638298,-19.5,-4.646808510638298,0.75,-19.75,0.1787234042553191,-4.706382978723404,0,1
ES,xApvaV01StateLog_ES.csv,1784,2026-05-01 12:45:00,Unresolved,Unresolved->Unresolved->Unresolved->Unresolved,Pure Unresolved Compression Equilibrium,Exact,1.0,-1.4428232973175177e-12,0.0,1.0,0.0,0.0,0.2799999999999999,0.0,1.0,0.0,CompressionPressure,1.0,7274.5,7275.25,7271.0,7272.5,Up,1,7274.5,4.25,4.0,5,7254.75,-17.75,-4.4375,-17.75,-4.4375,0.5,-20.5,0.125,-5.125,0,1
ES,xApvaV01StateLog_ES.csv,1785,2026-05-01 12:50:00,Unresolved,Unresolved->Unresolved->Unresolved->Unresolved,Pure Unresolved Compression Equilibrium,Exact,1.0,-1.4428232973175177e-12,0.0,1.0,0.0,0.0,0.2799999999999999,0.0,1.0,0.0,CompressionPressure,1.0,7272.5,7273.0,7269.5,7271.0,Down,-1,7272.5,3.5,3.9642857142857135,5,7254.25,-16.75,-4.225225225225225,16.75,4.225225225225225,19.0,-1.75,4.792792792792793,-0.4414414414414414,1,1
ES,xApvaV01StateLog_ES.csv,1786,2026-05-01 12:55:00,Unresolved,Unresolved->Unresolved->Unresolved->Unresolved,Pure Unresolved Compression Equilibrium,Exact,1.0,-1.4428232973175177e-12,0.0,1.0,0.0,0.0,0.2799999999999999,0.0,1.0,0.0,CompressionPressure,1.0,7270.75,7272.75,7262.75,7264.25,Down,-1,7271.0,10.0,4.410714285714286,5,7250.5,-13.75,-3.117408906882591,13.75,3.117408906882591,14.25,-0.25,3.230769230769231,-0.0566801619433198,1,1
ES,xApvaV01StateLog_ES.csv,1787,2026-05-01 13:00:00,Degrading,Unresolved->Unresolved->Unresolved->Degrading,Sponsor Exhaustion Collapse,Exact,1.0,0.4689955935863958,0.1111111111111111,0.9,0.0,0.0,0.2202730804215971,0.1138888888888889,0.4512433309564058,0.1442594527636907,CompressionPressure,0.4512433309564058,7264.0,7264.5,7255.5,7257.5,Down,-1,7264.25,9.0,4.660714285714286,5,7249.25,-8.25,-1.7701149425287357,8.25,1.7701149425287357,10.0,-0.75,2.1455938697318007,-0.160919540229885,1,1
ES,xApvaV01StateLog_ES.csv,1788,2026-05-01 13:05:00,Degrading,Unresolved->Unresolved->Degrading->Degrading,Sponsor Exhaustion Collapse,Exact,1.0,0.7219280948844771,0.1111111111111111,0.8,0.0,0.0,0.1892412691242961,0.1138888888888889,0.3937683829586091,0.199588437422646,CompressionPressure,0.3937683829586091,7257.5,7258.25,7254.75,7255.0,Down,-1,7257.5,3.5,4.642857142857143,5,7249.25,-5.75,-1.2384615384615385,5.75,1.2384615384615385,7.5,-0.5,1.6153846153846152,-0.1076923076923076,1,1
ES,xApvaV01StateLog_ES.csv,1789,2026-05-01 13:10:00,Degrading,Unresolved->Degrading->Degrading->Degrading,Sponsor Exhaustion Collapse,Exact,1.0,0.8812908992278072,0.1111111111111111,0.7,0.0,0.0,0.1653733877500932,0.1138888888888889,0.3421415410204842,0.2344490508727494,CompressionPressure,0.3421415410204842,7255.0,7255.25,7252.0,7254.75,Down,-1,7255.0,3.25,4.642857142857143,5,7247.25,-7.5,-1.6153846153846152,7.5,1.6153846153846152,7.75,-0.75,1.669230769230769,-0.1615384615384615,1,1
ES,xApvaV01StateLog_ES.csv,1790,2026-05-01 13:15:00,Degrading,Degrading->Degrading->Degrading->Degrading,Sponsor Exhaustion Collapse,Exact,1.0,0.9709505944517832,0.1111111111111111,0.6,0.0,0.0,0.1468421506678408,0.1138888888888889,0.294871143402319,0.2540621092029942,CompressionPressure,0.294871143402319,7255.0,7255.5,7253.0,7254.25,Down,-1,7254.75,2.5,4.446428571428571,5,7247.0,-7.25,-1.6305220883534135,7.25,1.6305220883534135,8.5,-0.5,1.911646586345381,-0.1124497991967871,1,1
ES,xApvaV01StateLog_ES.csv,1792,2026-05-01 13:25:00,Degrading,Degrading->Degrading->Degrading->Degrading,Sponsor Exhaustion Collapse,Exact,1.0,0.9709505944517832,0.1111111111111111,0.6,0.0,0.0,0.1468421506678408,0.1138888888888889,0.294871143402319,0.2540621092029942,CompressionPressure,0.294871143402319,7250.25,7250.75,7247.5,7249.25,Down,-1,7250.5,3.25,4.392857142857143,5,7248.5,-0.75,-0.1707317073170731,0.75,0.1707317073170731,3.5,-1.75,0.7967479674796747,-0.3983739837398373,1,1
ES,xApvaV01StateLog_ES.csv,1793,2026-05-01 13:30:00,Degrading,Degrading->Degrading->Degrading->Degrading,Sponsor Exhaustion Collapse,Exact,1.0,0.8812908992278072,0.1111111111111111,0.7,0.0,0.0,0.1653733877500932,0.1138888888888889,0.3421415410204842,0.2344490508727494,CompressionPressure,0.3421415410204842,7249.5,7251.0,7249.0,7249.25,Down,-1,7249.25,2.0,4.303571428571429,5,7247.25,-2.0,-0.4647302904564315,2.0,0.4647302904564315,3.5,-0.25,0.8132780082987552,-0.0580912863070539,1,1
ES,xApvaV01StateLog_ES.csv,1794,2026-05-01 13:35:00,Degrading,Degrading->Degrading->Degrading->Degrading,Sponsor Exhaustion Collapse,Exact,1.0,0.7219280948844771,0.1111111111111111,0.8,0.0,0.0,0.1892412691242961,0.1138888888888889,0.3937683829586091,0.199588437422646,CompressionPressure,0.3937683829586091,7249.25,7249.5,7247.0,7247.25,Down,-1,7249.25,2.5,4.321428571428571,5,7247.75,0.5,0.1157024793388429,-0.5,-0.1157024793388429,6.5,-2.25,1.5041322314049588,-0.5206611570247934,0,1
ES,xApvaV01StateLog_ES.csv,1795,2026-05-01 13:40:00,Degrading,Degrading->Degrading->Degrading->Degrading,Sponsor Exhaustion Collapse,Exact,1.0,0.4689955935863958,0.1111111111111111,0.9,0.0,0.0,0.2202730804215971,0.1138888888888889,0.4512433309564058,0.1442594527636907,CompressionPressure,0.4512433309564058,7247.25,7248.75,7245.75,7247.0,Down,-1,7247.25,3.0,4.285714285714286,5,7249.0,2.0,0.4666666666666667,-2.0,-0.4666666666666667,6.25,-5.5,1.4583333333333337,-1.2833333333333334,0,1
ES,xApvaV01StateLog_ES.csv,1796,2026-05-01 13:45:00,Unresolved,Degrading->Degrading->Degrading->Unresolved,Stable Compression Basin,Exact,1.0,0.4689955935863958,0.1111111111111111,0.9,0.0,0.0,0.2202730804215971,0.0138888888888888,0.9012433309564056,0.1442594527636907,CompressionPressure,0.9012433309564056,7247.0,7247.5,7245.75,7246.75,Down,-1,7247.0,1.75,4.035714285714286,5,7248.0,1.25,0.3097345132743363,-1.25,-0.3097345132743363,6.0,-5.75,1.4867256637168142,-1.424778761061947,0,1
ES,xApvaV01StateLog_ES.csv,1797,2026-05-01 13:50:00,Unresolved,Degrading->Degrading->Unresolved->Unresolved,Stable Compression Basin,Exact,1.0,0.7219280948844771,0.1111111111111111,0.8,0.0,0.0,0.1892412691242961,0.0138888888888888,0.8437683829586091,0.199588437422646,CompressionPressure,0.8437683829586091,7247.0,7249.5,7246.75,7248.5,Down,-1,7246.75,2.75,4.0,5,7249.25,0.75,0.1875,-0.75,-0.1875,7.75,-4.5,1.9375,-1.125,0,1
ES,xApvaV01StateLog_ES.csv,1798,2026-05-01 13:55:00,Degrading,Degrading->Unresolved->Unresolved->Degrading,Sponsor Exhaustion Collapse,Exact,1.0,0.7219280948844771,0.2222222222222222,0.8,0.0,0.0,0.1770884913465183,0.1277777777777777,0.3659906051808313,0.2412551040893126,CompressionPressure,0.3659906051808313,7248.75,7249.5,7247.25,7247.25,Down,-1,7248.5,2.25,3.857142857142857,5,7253.75,6.5,1.6851851851851851,-6.5,-1.6851851851851851,6.5,-9.0,1.6851851851851851,-2.333333333333333,0,1
ES,xApvaV01StateLog_ES.csv,1799,2026-05-01 14:00:00,Unresolved,Unresolved->Unresolved->Degrading->Unresolved,Stable Compression Basin,Exact,1.0,0.8812908992278072,0.3333333333333333,0.7,0.0,0.0,0.1410678321945376,0.0416666666666666,0.7365859854649287,0.3177823842060828,CompressionPressure,0.7365859854649287,7247.25,7248.75,7240.75,7247.75,Down,-1,7247.25,8.0,4.178571428571429,5,7254.25,6.5,1.5555555555555554,-6.5,-1.5555555555555554,5.5,-8.5,1.3162393162393162,-2.034188034188034,0,1
ES,xApvaV01StateLog_ES.csv,1800,2026-05-04 06:35:00,Unresolved,Unresolved->Degrading->Unresolved->Unresolved,Stable Compression Basin,Exact,1.0,0.9709505944517832,0.3333333333333333,0.6,0.0,0.0,0.1225365951122853,0.0416666666666666,0.6893155878467636,0.3373954425363276,CompressionPressure,0.6893155878467636,7250.5,7252.5,7242.25,7249.0,Down,-1,7247.75,10.25,4.196428571428571,5,7257.75,8.75,2.0851063829787235,-8.75,-2.0851063829787235,5.0,-8.75,1.1914893617021278,-2.0851063829787235,0,1
ES,xApvaV01StateLog_ES.csv,1801,2026-05-04 06:40:00,Unresolved,Degrading->Unresolved->Unresolved->Unresolved,Stable Compression Basin,Exact,1.0,0.9999999999971146,0.3333333333333333,0.5,0.0,0.0,0.1086458333335542,0.0416666666666666,0.6458333333335138,0.3437499999993688,CompressionPressure,0.6458333333335138,7248.75,7252.0,7244.0,7248.0,Down,-1,7249.0,8.0,4.125,5,7252.5,4.5,1.0909090909090908,-4.5,-1.0909090909090908,2.25,-9.75,0.5454545454545454,-2.363636363636364,0,1
ES,xApvaV01StateLog_ES.csv,1802,2026-05-04 06:45:00,Unresolved,Unresolved->Unresolved->Unresolved->Unresolved,Pure Unresolved Compression Equilibrium,Exact,1.0,1.360964047439353,0.4444444444444444,0.5,0.0,0.0,0.0688567456734801,0.0555555555555555,0.595495302590596,0.4643775520440251,CompressionPressure,0.595495302590596,7248.25,7253.0,7245.75,7249.25,Down,-1,7248.0,7.25,4.392857142857143,5,7250.5,1.25,0.2845528455284553,-1.25,-0.2845528455284553,1.25,-8.5,0.2845528455284553,-1.934959349593496,0,1
ES,xApvaV01StateLog_ES.csv,1803,2026-05-04 06:50:00,Unresolved,Unresolved->Unresolved->Unresolved->Unresolved,Pure Unresolved Compression Equilibrium,Exact,1.0,1.4854752972230063,0.4444444444444444,0.5,0.0,0.0,0.0593238531119191,0.0555555555555555,0.5877133494791177,0.4916143879341992,CompressionPressure,0.5877133494791177,7249.25,7256.25,7248.0,7253.75,Up,1,7249.25,8.25,4.75,5,7259.5,5.75,1.2105263157894737,5.75,1.2105263157894737,8.0,-5.75,1.6842105263157894,-1.2105263157894737,1,1
ES,xApvaV01StateLog_ES.csv,1804,2026-05-04 06:55:00,Unresolved,Unresolved->Unresolved->Unresolved->Unresolved,Pure Unresolved Compression Equilibrium,Exact,1.0,1.4854752972230063,0.4444444444444444,0.5,0.0,0.0,0.0593238531119191,0.0555555555555555,0.5877133494791177,0.4916143879341992,CompressionPressure,0.5877133494791177,7253.75,7256.25,7250.75,7254.25,Up,1,7253.75,5.5,4.964285714285714,5,7264.0,9.75,1.9640287769784173,9.75,1.9640287769784173,10.0,-6.25,2.014388489208633,-1.2589928057553956,1,1
ES,xApvaV01StateLog_ES.csv,1805,2026-05-04 07:00:00,Unresolved,Unresolved->Unresolved->Unresolved->Unresolved,Pure Unresolved Compression Equilibrium,Exact,1.0,1.360964047439353,0.3333333333333333,0.5,0.0,0.0,0.0810095234512578,0.0416666666666666,0.6232730803683738,0.4227108853773584,CompressionPressure,0.6232730803683738,7254.25,7257.75,7250.75,7257.75,Up,1,7254.25,7.0,5.125,5,7263.25,5.5,1.0731707317073171,5.5,1.0731707317073171,9.25,-9.75,1.804878048780488,-1.902439024390244,1,1
ES,xApvaV01StateLog_ES.csv,1806,2026-05-04 07:05:00,Unresolved,Unresolved->Unresolved->Unresolved->Unresolved,Pure Unresolved Compression Equilibrium,Exact,1.0,1.360964047439353,0.3333333333333333,0.5,0.0,0.0,0.0810095234512578,0.0416666666666666,0.6232730803683738,0.4227108853773584,CompressionPressure,0.6232730803683738,7257.5,7257.75,7252.25,7252.5,Up,1,7257.75,5.5,5.285714285714286,5,7262.25,9.75,1.8445945945945947,9.75,1.8445945945945947,14.5,-4.5,2.7432432432432434,-0.8513513513513514,1,1
ES,xApvaV01StateLog_ES.csv,1807,2026-05-04 07:10:00,Unresolved,Unresolved->Unresolved->Unresolved->Unresolved,Pure Unresolved Compression Equilibrium,Exact,1.0,1.2954618442339936,0.2222222222222222,0.6,0.0,0.0,0.1098439803286126,0.0277777777777777,0.6968114125131533,0.3667156117595194,CompressionPressure,0.6968114125131533,7252.75,7256.5,7248.0,7250.5,Down,-1,7252.5,8.5,5.75,5,7266.0,15.5,2.6956521739130435,-15.5,-2.6956521739130435,1.0,-18.25,0.1739130434782608,-3.1739130434782608,0,1
ES,xApvaV01StateLog_ES.csv,1809,2026-05-04 07:20:00,Unresolved,Unresolved->Unresolved->Balance->Unresolved,Stable Compression Basin,Exact,1.0,1.2954618442339936,0.3333333333333333,0.6,0.0,0.0,0.0976912025508348,0.0416666666666666,0.6690336347353755,0.4083822784261861,CompressionPressure,0.6690336347353755,7259.75,7264.25,7258.5,7264.0,Up,1,7259.5,5.75,6.642857142857143,5,7269.0,5.0,0.7526881720430108,5.0,0.7526881720430108,6.75,-3.5,1.0161290322580645,-0.5268817204301075,1,1
ES,xApvaV01StateLog_ES.csv,1810,2026-05-04 07:25:00,Unresolved,Unresolved->Balance->Unresolved->Unresolved,Stable Compression Basin,Exact,1.0,1.2954618442339936,0.3333333333333333,0.6,0.0,0.0,0.0976912025508348,0.0416666666666666,0.6690336347353755,0.4083822784261861,CompressionPressure,0.6690336347353755,7264.0,7267.0,7262.25,7263.25,Up,1,7264.0,4.75,6.857142857142857,5,7267.5,4.25,0.6197916666666667,4.25,0.6197916666666667,7.5,-2.75,1.09375,-0.4010416666666667,1,1
ES,xApvaV01StateLog_ES.csv,1811,2026-05-04 07:30:00,Unresolved,Balance->Unresolved->Unresolved->Unresolved,Stable Compression Basin,Exact,1.0,1.2954618442339936,0.2222222222222222,0.6,0.0,0.0,0.1098439803286126,0.0277777777777777,0.6968114125131533,0.3667156117595194,CompressionPressure,0.6968114125131533,7263.0,7265.75,7260.5,7262.25,Down,-1,7263.25,5.25,7.035714285714286,5,7269.0,6.75,0.9593908629441624,-6.75,-0.9593908629441624,1.25,-8.75,0.1776649746192893,-1.2436548223350254,0,1
ES,xApvaV01StateLog_ES.csv,1812,2026-05-04 07:35:00,Unresolved,Unresolved->Unresolved->Unresolved->Unresolved,Pure Unresolved Compression Equilibrium,Exact,1.0,1.2954618442339936,0.3333333333333333,0.6,0.0,0.0,0.0976912025508348,0.0416666666666666,0.6690336347353755,0.4083822784261861,CompressionPressure,0.6690336347353755,7262.25,7268.75,7261.0,7266.0,Down,-1,7262.25,7.75,7.428571428571429,5,7258.75,-7.25,-0.9759615384615384,7.25,0.9759615384615384,9.0,-5.0,1.2115384615384617,-0.673076923076923,1,1
ES,xApvaV01StateLog_ES.csv,1813,2026-05-04 07:40:00,Unresolved,Unresolved->Unresolved->Unresolved->Unresolved,Pure Unresolved Compression Equilibrium,Exact,1.0,1.2954618442339936,0.3333333333333333,0.6,0.0,0.0,0.0976912025508348,0.0416666666666666,0.6690336347353755,0.4083822784261861,CompressionPressure,0.6690336347353755,7266.0,7270.0,7264.75,7267.75,Up,1,7266.0,5.25,7.232142857142857,5,7259.0,-8.75,-1.2098765432098766,-8.75,-1.2098765432098766,3.25,-15.75,0.4493827160493827,-2.177777777777778,0,1
ES,xApvaV01StateLog_ES.csv,1814,2026-05-04 07:45:00,Unresolved,Unresolved->Unresolved->Unresolved->Unresolved,Pure Unresolved Compression Equilibrium,Exact,1.0,1.2954618442339936,0.3333333333333333,0.6,0.0,0.0,0.0976912025508348,0.0416666666666666,0.6690336347353755,0.4083822784261861,CompressionPressure,0.6690336347353755,7267.75,7270.75,7267.75,7269.0,Up,1,7267.75,3.0,6.714285714285714,5,7257.5,-11.5,-1.7127659574468084,-11.5,-1.7127659574468084,2.0,-17.0,0.2978723404255319,-2.5319148936170213,0,1
ES,xApvaV01StateLog_ES.csv,1815,2026-05-04 07:50:00,Unresolved,Unresolved->Unresolved->Unresolved->Unresolved,Pure Unresolved Compression Equilibrium,Exact,1.0,1.2954618442339936,0.3333333333333333,0.6,0.0,0.0,0.0976912025508348,0.0416666666666666,0.6690336347353755,0.4083822784261861,CompressionPressure,0.6690336347353755,7269.25,7270.5,7266.75,7267.5,Up,1,7269.0,3.75,6.410714285714286,5,7252.0,-15.5,-2.417827298050139,-15.5,-2.417827298050139,3.5,-17.75,0.5459610027855153,-2.768802228412256,0,1
ES,xApvaV01StateLog_ES.csv,1816,2026-05-04 07:55:00,Unresolved,Unresolved->Unresolved->Unresolved->Unresolved,Pure Unresolved Compression Equilibrium,Exact,1.0,1.2954618442339936,0.3333333333333333,0.6,0.0,0.0,0.0976912025508348,0.0416666666666666,0.6690336347353755,0.4083822784261861,CompressionPressure,0.6690336347353755,7267.75,7271.0,7267.5,7269.0,Up,1,7267.5,3.5,6.142857142857143,5,7237.5,-31.5,-5.127906976744185,-31.5,-5.127906976744185,1.25,-33.75,0.2034883720930232,-5.494186046511628,0,1
ES,xApvaV01StateLog_ES.csv,1817,2026-05-04 08:00:00,Unresolved,Unresolved->Unresolved->Unresolved->Unresolved,Pure Unresolved Compression Equilibrium,Exact,1.0,1.2954618442339936,0.2222222222222222,0.6,0.0,0.0,0.1098439803286126,0.0277777777777777,0.6968114125131533,0.3667156117595194,CompressionPressure,0.6968114125131533,7269.25,7270.25,7257.0,7258.75,Up,1,7269.0,13.25,6.5,5,7226.5,-32.25,-4.961538461538462,-32.25,-4.961538461538462,5.5,-35.0,0.8461538461538461,-5.384615384615385,0,1
ES,xApvaV01StateLog_ES.csv,1818,2026-05-04 08:05:00,Unresolved,Unresolved->Unresolved->Unresolved->Unresolved,Pure Unresolved Compression Equilibrium,Exact,1.0,0.8812908992278072,0.1111111111111111,0.7,0.0,0.0,0.1653733877500932,0.0138888888888888,0.7921415410204843,0.2344490508727494,CompressionPressure,0.7921415410204843,7259.0,7264.25,7252.0,7259.0,Up,1,7258.75,12.25,6.982142857142857,5,7234.0,-25.0,-3.580562659846548,-25.0,-3.580562659846548,2.25,-35.25,0.3222506393861892,-5.048593350383632,0,1
ES,xApvaV01StateLog_ES.csv,1819,2026-05-04 08:10:00,Unresolved,Unresolved->Unresolved->Unresolved->Unresolved,Pure Unresolved Compression Equilibrium,Exact,1.0,0.7219280948844771,0.1111111111111111,0.8,0.0,0.0,0.1892412691242961,0.0138888888888888,0.8437683829586091,0.199588437422646,CompressionPressure,0.8437683829586091,7259.0,7261.25,7254.0,7257.5,Down,-1,7259.0,7.25,7.0,5,7230.25,-27.25,-3.892857142857143,27.25,3.892857142857143,33.75,-1.0,4.821428571428571,-0.1428571428571428,1,1
ES,xApvaV01StateLog_ES.csv,1820,2026-05-04 08:15:00,Unresolved,Unresolved->Unresolved->Unresolved->Unresolved,Pure Unresolved Compression Equilibrium,Exact,1.0,0.4689955935863958,0.1111111111111111,0.9,0.0,0.0,0.2202730804215971,0.0138888888888888,0.9012433309564056,0.1442594527636907,CompressionPressure,0.9012433309564056,7257.25,7258.5,7249.75,7252.0,Down,-1,7257.5,8.75,7.232142857142857,5,7228.0,-24.0,-3.318518518518519,24.0,3.318518518518519,29.0,-2.5,4.009876543209876,-0.345679012345679,1,1
ES,xApvaV01StateLog_ES.csv,1821,2026-05-04 08:20:00,Unresolved,Unresolved->Unresolved->Unresolved->Unresolved,Pure Unresolved Compression Equilibrium,Exact,1.0,-1.4428232973175177e-12,0.0,1.0,0.0,0.0,0.2799999999999999,0.0,1.0,0.0,CompressionPressure,1.0,7251.75,7254.5,7235.25,7237.5,Down,-1,7252.0,19.25,8.0,5,7232.5,-5.0,-0.625,5.0,0.625,15.25,-0.75,1.90625,-0.09375,1,1
ES,xApvaV01StateLog_ES.csv,1826,2026-05-04 08:45:00,Unresolved,Directional->Balance->Degrading->Unresolved,Stable Compression Basin,Soft,0.4142135623730951,1.6854752972215634,0.3333333333333333,0.5,0.5,0.0,0.0977083333333333,0.0416666666666666,0.6083333333333334,0.475,CompressionPressure,0.6083333333333334,7227.75,7234.0,7222.25,7232.5,Down,-1,7228.0,11.75,9.803571428571429,5,7210.0,-22.5,-2.295081967213114,22.5,2.295081967213114,33.0,-0.25,3.3661202185792347,-0.0255009107468123,1,1
ES,xApvaV01StateLog_ES.csv,1835,2026-05-04 09:30:00,Unresolved,Degrading->Unresolved->Unresolved->Unresolved,Stable Compression Basin,Exact,1.0,1.4854752972230063,0.5555555555555556,0.5,0.1,0.0,0.0541710753341413,0.0694444444444444,0.5599355717013399,0.533281054600866,CompressionPressure,0.5599355717013399,7223.75,7227.75,7218.0,7219.25,Up,1,7224.0,9.75,12.392857142857142,5,7216.0,-3.25,-0.2622478386167147,-3.25,-0.2622478386167147,7.0,-6.5,0.5648414985590778,-0.5244956772334294,0,1
ES,xApvaV01StateLog_ES.csv,1837,2026-05-04 09:40:00,Unresolved,Unresolved->Unresolved->Unresolved->Unresolved,Pure Unresolved Compression Equilibrium,Exact,1.0,1.921928094881592,0.4444444444444444,0.4,0.0,0.0,0.0388888888888888,0.0555555555555555,0.538888888888889,0.5166666666666666,CompressionPressure,0.538888888888889,7225.0,7225.75,7215.5,7217.75,Up,1,7225.25,10.25,11.821428571428571,5,7220.25,2.5,0.2114803625377643,2.5,0.2114803625377643,5.0,-5.0,0.4229607250755287,-0.4229607250755287,1,1
ES,xApvaV01StateLog_ES.csv,1838,2026-05-04 09:45:00,Unresolved,Unresolved->Unresolved->Unresolved->Unresolved,Pure Unresolved Compression Equilibrium,Exact,1.0,1.9709505944488976,0.3333333333333333,0.3,0.0,0.0,0.0510416666666666,0.0416666666666666,0.5666666666666667,0.475,CompressionPressure,0.5666666666666667,7218.0,7222.75,7217.5,7218.25,Up,1,7217.75,5.25,11.446428571428571,5,7224.0,5.75,0.5023400936037442,5.75,0.5023400936037442,6.5,-5.5,0.5678627145085804,-0.4804992199687987,1,1
ES,xApvaV01StateLog_ES.csv,1843,2026-05-04 10:10:00,Unresolved,Balance->Balance->Unresolved->Unresolved,Stable Compression Basin,Exact,1.0,1.5709505944503404,0.3333333333333333,0.4,0.0,0.0,0.0532657617790625,0.0416666666666666,0.5684822545135204,0.4686454425360119,CompressionPressure,0.5684822545135204,7220.25,7224.75,7219.5,7224.0,Up,1,7220.25,5.25,9.660714285714286,5,7230.75,6.75,0.6987060998151571,6.75,0.6987060998151571,12.25,-3.0,1.2680221811460255,-0.310536044362292,1,1
ES,xApvaV01StateLog_ES.csv,1844,2026-05-04 10:15:00,Unresolved,Balance->Unresolved->Unresolved->Unresolved,Stable Compression Basin,Exact,1.0,1.5709505944503404,0.3333333333333333,0.4,0.0,0.0,0.0532657617790625,0.0416666666666666,0.5684822545135204,0.4686454425360119,CompressionPressure,0.5684822545135204,7224.0,7226.25,7221.0,7224.0,Up,1,7224.0,5.25,9.446428571428571,5,7230.5,6.5,0.6880907372400756,6.5,0.6880907372400756,12.25,-2.0,1.2967863894139886,-0.2117202268431001,1,1
ES,xApvaV01StateLog_ES.csv,1845,2026-05-04 10:20:00,Unresolved,Unresolved->Unresolved->Unresolved->Unresolved,Pure Unresolved Compression Equilibrium,Exact,1.0,1.5219280948830345,0.3333333333333333,0.4,0.0,0.0,0.0570190469021843,0.0416666666666666,0.571546160736477,0.4579217707556637,CompressionPressure,0.571546160736477,7224.0,7235.0,7222.0,7232.5,Up,1,7224.0,13.0,8.714285714285714,5,7231.5,-1.0,-0.1147540983606557,-1.0,-0.1147540983606557,3.75,-7.25,0.430327868852459,-0.8319672131147542,0,1
ES,xApvaV01StateLog_ES.csv,1846,2026-05-04 10:25:00,Unresolved,Unresolved->Unresolved->Unresolved->Unresolved,Pure Unresolved Compression Equilibrium,Exact,1.0,1.5219280948830345,0.3333333333333333,0.4,0.0,0.0,0.0570190469021843,0.0416666666666666,0.571546160736477,0.4579217707556637,CompressionPressure,0.571546160736477,7232.5,7236.25,7230.75,7234.5,Up,1,7232.5,5.5,8.321428571428571,5,7232.5,-2.0,-0.2403433476394849,-2.0,-0.2403433476394849,1.25,-9.25,0.1502145922746781,-1.111587982832618,0,1
ES,xApvaV01StateLog_ES.csv,1847,2026-05-04 10:30:00,Unresolved,Unresolved->Unresolved->Unresolved->Unresolved,Pure Unresolved Compression Equilibrium,Exact,1.0,1.5219280948830345,0.3333333333333333,0.4,0.0,0.0,0.0570190469021843,0.0416666666666666,0.571546160736477,0.4579217707556637,CompressionPressure,0.571546160736477,7234.75,7235.75,7231.5,7235.25,Up,1,7234.5,4.25,7.089285714285714,5,7233.25,-2.0,-0.2821158690176322,-2.0,-0.2821158690176322,0.75,-10.0,0.105793450881612,-1.4105793450881612,0,1
ES,xApvaV01StateLog_ES.csv,1848,2026-05-04 10:35:00,Unresolved,Unresolved->Unresolved->Unresolved->Unresolved,Pure Unresolved Compression Equilibrium,Exact,1.0,1.5219280948830345,0.2222222222222222,0.4,0.0,0.0,0.0691718246799621,0.0277777777777777,0.5993239385142548,0.416255104088997,CompressionPressure,0.5993239385142548,7235.5,7235.75,7230.5,7230.75,Up,1,7235.25,5.25,6.839285714285714,5,7232.75,2.0,0.2924281984334204,2.0,0.2924281984334204,5.25,-5.5,0.7676240208877284,-0.804177545691906,1,1
ES,xApvaV01StateLog_ES.csv,1849,2026-05-04 10:40:00,Unresolved,Unresolved->Unresolved->Unresolved->Unresolved,Pure Unresolved Compression Equilibrium,Exact,1.0,1.4854752972230063,0.2222222222222222,0.5,0.0,0.0,0.0836294086674746,0.0277777777777777,0.6432689050346733,0.4082810546008659,CompressionPressure,0.6432689050346733,7230.75,7231.25,7225.25,7230.5,Down,-1,7230.75,6.0,6.571428571428571,5,7238.75,8.25,1.2554347826086958,-8.25,-1.2554347826086958,2.5,-8.5,0.3804347826086957,-1.2934782608695652,0,1
ES,xApvaV01StateLog_ES.csv,1850,2026-05-04 10:45:00,Unresolved,Unresolved->Unresolved->Unresolved->Unresolved,Pure Unresolved Compression Equilibrium,Exact,1.0,1.3709505944503406,0.2222222222222222,0.6,0.0,0.0,0.1040643728901735,0.0277777777777777,0.6920933656246315,0.3832287758693453,CompressionPressure,0.6920933656246315,7230.5,7232.75,7228.0,7231.5,Down,-1,7230.5,4.75,6.303571428571429,5,7236.5,5.0,0.7932011331444759,-5.0,-0.7932011331444759,1.25,-8.0,0.1983002832861189,-1.2691218130311614,0,1
ES,xApvaV01StateLog_ES.csv,1852,2026-05-04 10:55:00,Unresolved,Unresolved->Unresolved->Balance->Unresolved,Stable Compression Basin,Exact,1.0,1.2954618442339936,0.3333333333333333,0.6,0.0,0.0,0.0976912025508348,0.0416666666666666,0.6690336347353755,0.4083822784261861,CompressionPressure,0.6690336347353755,7232.75,7236.0,7232.25,7233.25,Up,1,7232.5,3.75,5.678571428571429,5,7231.75,-1.5,-0.2641509433962264,-1.5,-0.2641509433962264,6.25,-2.25,1.10062893081761,-0.3962264150943396,0,1
ES,xApvaV01StateLog_ES.csv,1853,2026-05-04 11:00:00,Unresolved,Unresolved->Balance->Unresolved->Unresolved,Stable Compression Basin,Exact,1.0,1.2954618442339936,0.3333333333333333,0.6,0.0,0.0,0.0976912025508348,0.0416666666666666,0.6690336347353755,0.4083822784261861,CompressionPressure,0.6690336347353755,7233.25,7235.5,7232.75,7232.75,Up,1,7233.25,2.75,5.553571428571429,5,7226.25,-6.5,-1.170418006430868,-6.5,-1.170418006430868,6.75,-8.0,1.215434083601286,-1.4405144694533762,0,1
ES,xApvaV01StateLog_ES.csv,1854,2026-05-04 11:05:00,Unresolved,Balance->Unresolved->Unresolved->Unresolved,Stable Compression Basin,Exact,1.0,1.2954618442339936,0.2222222222222222,0.6,0.0,0.0,0.1098439803286126,0.0277777777777777,0.6968114125131533,0.3667156117595194,CompressionPressure,0.6968114125131533,7233.0,7239.0,7232.25,7238.75,Up,1,7232.75,6.75,5.553571428571429,5,7227.0,-11.75,-2.115755627009646,-11.75,-2.115755627009646,0.75,-17.75,0.135048231511254,-3.1961414790996785,0,1
ES,xApvaV01StateLog_ES.csv,1855,2026-05-04 11:10:00,Unresolved,Unresolved->Unresolved->Unresolved->Unresolved,Pure Unresolved Compression Equilibrium,Exact,1.0,1.2954618442339936,0.3333333333333333,0.6,0.0,0.0,0.0976912025508348,0.0416666666666666,0.6690336347353755,0.4083822784261861,CompressionPressure,0.6690336347353755,7238.5,7239.5,7235.0,7236.5,Up,1,7238.75,4.5,5.553571428571429,5,7225.5,-11.0,-1.9807073954983925,-11.0,-1.9807073954983925,0.5,-15.5,0.090032154340836,-2.7909967845659165,0,1
ES,xApvaV01StateLog_ES.csv,1856,2026-05-04 11:15:00,Unresolved,Unresolved->Unresolved->Unresolved->Unresolved,Pure Unresolved Compression Equilibrium,Exact,1.0,1.2954618442339936,0.3333333333333333,0.6,0.0,0.0,0.0976912025508348,0.0416666666666666,0.6690336347353755,0.4083822784261861,CompressionPressure,0.6690336347353755,7236.25,7237.0,7233.75,7234.0,Down,-1,7236.5,3.25,5.232142857142857,5,7224.5,-9.5,-1.815699658703072,9.5,1.815699658703072,13.0,-0.25,2.484641638225256,-0.0477815699658703,1,1
ES,xApvaV01StateLog_ES.csv,1857,2026-05-04 11:20:00,Unresolved,Unresolved->Unresolved->Unresolved->Unresolved,Pure Unresolved Compression Equilibrium,Exact,1.0,1.2954618442339936,0.3333333333333333,0.6,0.0,0.0,0.0976912025508348,0.0416666666666666,0.6690336347353755,0.4083822784261861,CompressionPressure,0.6690336347353755,7234.0,7234.25,7231.0,7231.75,Down,-1,7234.0,3.25,5.089285714285714,5,7219.75,-12.0,-2.357894736842105,12.0,2.357894736842105,12.5,-0.5,2.456140350877193,-0.0982456140350877,1,1
ES,xApvaV01StateLog_ES.csv,1868,2026-05-04 12:15:00,Unresolved,Unresolved->Unresolved->Unresolved->Unresolved,Pure Unresolved Compression Equilibrium,Exact,1.0,1.8954618442325508,0.4444444444444444,0.3,0.3,0.0,0.0598888888888888,0.0555555555555555,0.538888888888889,0.5166666666666666,CompressionPressure,0.538888888888889,7228.0,7229.5,7226.75,7229.5,Up,1,7228.25,2.75,5.285714285714286,5,7228.75,-0.75,-0.1418918918918918,-0.75,-0.1418918918918918,2.0,-6.25,0.3783783783783784,-1.1824324324324325,0,1
ES,xApvaV01StateLog_ES.csv,1869,2026-05-04 12:20:00,Unresolved,Unresolved->Unresolved->Unresolved->Unresolved,Pure Unresolved Compression Equilibrium,Exact,1.0,1.8464393446652445,0.4444444444444444,0.4,0.2,0.0,0.0528888888888888,0.0555555555555555,0.538888888888889,0.5166666666666666,CompressionPressure,0.538888888888889,7229.5,7231.0,7228.0,7228.25,Up,1,7229.5,3.0,5.178571428571429,5,7226.5,-1.75,-0.3379310344827586,-1.75,-0.3379310344827586,3.25,-5.0,0.6275862068965516,-0.9655172413793104,0,1
ES,xApvaV01StateLog_ES.csv,1870,2026-05-04 12:25:00,Unresolved,Unresolved->Unresolved->Unresolved->Unresolved,Pure Unresolved Compression Equilibrium,Exact,1.0,1.6854752972215634,0.3333333333333333,0.5,0.1,0.0,0.0697083333333333,0.0416666666666666,0.6083333333333334,0.475,CompressionPressure,0.6083333333333334,7228.25,7229.25,7226.25,7228.0,Down,-1,7228.25,3.0,5.160714285714286,5,7230.5,2.5,0.4844290657439447,-2.5,-0.4844290657439447,4.75,-3.5,0.9204152249134948,-0.6782006920415226,0,1
ES,xApvaV01StateLog_ES.csv,1871,2026-05-04 12:30:00,Unresolved,Unresolved->Unresolved->Unresolved->Unresolved,Pure Unresolved Compression Equilibrium,Exact,1.0,1.2954618442339936,0.2222222222222222,0.6,0.0,0.0,0.1098439803286126,0.0277777777777777,0.6968114125131533,0.3667156117595194,CompressionPressure,0.6968114125131533,7228.25,7229.75,7223.25,7226.75,Down,-1,7228.0,6.5,5.392857142857143,5,7225.0,-1.75,-0.3245033112582781,1.75,0.3245033112582781,3.5,-4.75,0.6490066225165563,-0.8807947019867549,1,1
ES,xApvaV01StateLog_ES.csv,1872,2026-05-04 12:35:00,Unresolved,Unresolved->Unresolved->Unresolved->Unresolved,Pure Unresolved Compression Equilibrium,Exact,1.0,0.8812908992278072,0.1111111111111111,0.7,0.0,0.0,0.1653733877500932,0.0138888888888888,0.7921415410204843,0.2344490508727494,CompressionPressure,0.7921415410204843,7226.75,7229.75,7226.25,7229.0,Down,-1,7226.75,3.5,5.107142857142857,5,7231.0,2.0,0.3916083916083916,-2.0,-0.3916083916083916,5.75,-2.5,1.125874125874126,-0.4895104895104895,0,1
ES,xApvaV01StateLog_ES.csv,1877,2026-05-04 13:00:00,Unresolved,Directional->Degrading->Degrading->Unresolved,Stable Compression Basin,Soft,0.5,1.6854752972215634,0.4444444444444444,0.5,0.4,0.0,0.0785555555555555,0.0555555555555555,0.5805555555555556,0.5166666666666666,CompressionPressure,0.5805555555555556,7225.0,7231.5,7223.25,7231.0,Down,-1,7225.0,8.25,5.214285714285714,5,7224.75,-6.25,-1.1986301369863013,6.25,1.1986301369863013,8.25,-0.5,1.5821917808219177,-0.0958904109589041,1,1
ES,xApvaV01StateLog_ES.csv,1878,2026-05-04 13:05:00,Unresolved,Degrading->Degrading->Unresolved->Unresolved,Stable Compression Basin,Exact,1.0,1.8464393446652445,0.4444444444444444,0.4,0.4,0.0,0.0668888888888889,0.0555555555555555,0.538888888888889,0.5166666666666666,CompressionPressure,0.538888888888889,7231.0,7231.5,7225.5,7225.75,Down,-1,7231.0,6.0,5.178571428571429,5,7227.75,2.0,0.3862068965517241,-2.0,-0.3862068965517241,3.0,-2.75,0.5793103448275861,-0.5310344827586206,0,1
ES,xApvaV01StateLog_ES.csv,1879,2026-05-04 13:10:00,Unresolved,Degrading->Unresolved->Unresolved->Unresolved,Stable Compression Basin,Exact,1.0,1.8954618442325508,0.4444444444444444,0.3,0.4,0.0,0.0668888888888889,0.0555555555555555,0.538888888888889,0.5166666666666666,CompressionPressure,0.538888888888889,7226.0,7228.0,7223.75,7223.75,Down,-1,7225.75,4.25,5.107142857142857,5,7226.75,3.0,0.5874125874125875,-3.0,-0.5874125874125875,1.0,-5.0,0.1958041958041958,-0.9790209790209792,0,1
ES,xApvaV01StateLog_ES.csv,1884,2026-05-04 13:35:00,Unresolved,Degrading->Unresolved->Unresolved->Unresolved,Stable Compression Basin,Exact,1.0,1.2954618442339936,0.4444444444444444,0.6,0.3,0.0,0.1065384247730571,0.0555555555555555,0.6412558569575977,0.4500489450928527,CompressionPressure,0.6412558569575977,7227.75,7228.75,7226.75,7226.75,Up,1,7227.75,2.0,4.553571428571429,5,7225.25,-1.5,-0.3294117647058823,-1.5,-0.3294117647058823,0.75,-3.25,0.1647058823529411,-0.7137254901960783,0,1
ES,xApvaV01StateLog_ES.csv,1885,2026-05-04 13:40:00,Unresolved,Unresolved->Unresolved->Unresolved->Unresolved,Pure Unresolved Compression Equilibrium,Exact,1.0,1.3709505944503406,0.5555555555555556,0.6,0.2,0.0,0.0816060395568402,0.0694444444444444,0.6087600322912982,0.5082287758693453,CompressionPressure,0.6087600322912982,7226.5,7227.5,7225.25,7225.75,Down,-1,7226.75,2.25,4.25,5,7271.75,46.0,10.823529411764708,-46.0,-10.823529411764708,2.25,-46.25,0.5294117647058824,-10.882352941176473,0,1
ES,xApvaV01StateLog_ES.csv,1886,2026-05-04 13:45:00,Unresolved,Unresolved->Unresolved->Unresolved->Unresolved,Pure Unresolved Compression Equilibrium,Exact,1.0,1.2954618442339936,0.4444444444444444,0.6,0.1,0.0,0.0925384247730571,0.0555555555555555,0.6412558569575977,0.4500489450928527,CompressionPressure,0.6412558569575977,7225.75,7226.0,7224.5,7224.75,Down,-1,7225.75,1.5,4.107142857142857,5,7269.5,44.75,10.895652173913044,-44.75,-10.895652173913044,1.25,-49.25,0.3043478260869565,-11.991304347826087,0,1
ES,xApvaV01StateLog_ES.csv,1887,2026-05-04 13:50:00,Unresolved,Unresolved->Unresolved->Unresolved->Unresolved,Pure Unresolved Compression Equilibrium,Exact,1.0,1.360964047439353,0.4444444444444444,0.5,0.0,0.0,0.0688567456734801,0.0555555555555555,0.595495302590596,0.4643775520440251,CompressionPressure,0.595495302590596,7224.5,7225.75,7223.5,7225.0,Down,-1,7224.75,2.25,4.035714285714286,5,7271.5,46.5,11.52212389380531,-46.5,-11.52212389380531,0.5,-49.0,0.1238938053097345,-12.141592920353984,0,1
ES,xApvaV01StateLog_ES.csv,1888,2026-05-04 13:55:00,Unresolved,Unresolved->Unresolved->Unresolved->Unresolved,Pure Unresolved Compression Equilibrium,Exact,1.0,1.360964047439353,0.4444444444444444,0.5,0.0,0.0,0.0688567456734801,0.0555555555555555,0.595495302590596,0.4643775520440251,CompressionPressure,0.595495302590596,7225.0,7225.5,7224.5,7225.25,Up,1,7225.0,1.0,3.821428571428572,5,7270.75,45.5,11.906542056074766,45.5,11.906542056074766,50.0,-0.5,13.084112149532707,-0.1308411214953271,1,1
ES,xApvaV01StateLog_ES.csv,1889,2026-05-04 14:00:00,Unresolved,Unresolved->Unresolved->Unresolved->Unresolved,Pure Unresolved Compression Equilibrium,Exact,1.0,1.2954618442339936,0.3333333333333333,0.6,0.0,0.0,0.0976912025508348,0.0416666666666666,0.6690336347353755,0.4083822784261861,CompressionPressure,0.6690336347353755,7225.25,7226.0,7224.75,7225.25,Up,1,7225.25,1.25,3.482142857142857,5,7272.75,47.5,13.64102564102564,47.5,13.64102564102564,52.0,39.0,14.933333333333334,11.2,1,1
ES,xApvaV01StateLog_ES.csv,1891,2026-05-05 06:40:00,Unresolved,Unresolved->Unresolved->Balance->Unresolved,Stable Compression Basin,Exact,1.0,1.360964047439353,0.3333333333333333,0.5,0.0,0.0,0.0810095234512578,0.0416666666666666,0.6232730803683738,0.4227108853773584,CompressionPressure,0.6232730803683738,7272.0,7274.0,7268.0,7269.5,Up,1,7271.75,6.0,6.125,5,7277.0,7.5,1.2244897959183674,7.5,1.2244897959183674,7.75,-2.5,1.2653061224489797,-0.4081632653061224,1,1
ES,xApvaV01StateLog_ES.csv,1892,2026-05-05 06:45:00,Degrading,Unresolved->Balance->Unresolved->Degrading,Stable Compression Basin,Soft,0.4142135623730951,1.360964047439353,0.3333333333333333,0.5,0.0,0.0,0.0810095234512578,0.0416666666666666,0.6232730803683738,0.4227108853773584,CompressionPressure,0.6232730803683738,7269.5,7273.0,7267.0,7271.5,Up,1,7269.5,6.0,6.125,5,7281.25,9.75,1.5918367346938775,9.75,1.5918367346938775,10.5,-1.5,1.7142857142857142,-0.2448979591836734,1,1
ES,xApvaV01StateLog_ES.csv,1893,2026-05-05 06:50:00,Unresolved,Balance->Unresolved->Degrading->Unresolved,Stable Compression Basin,Soft,1.0,1.360964047439353,0.3333333333333333,0.5,0.0,0.0,0.0810095234512578,0.0416666666666666,0.6232730803683738,0.4227108853773584,CompressionPressure,0.6232730803683738,7271.5,7275.25,7270.0,7270.75,Up,1,7271.5,5.25,6.196428571428571,5,7272.25,1.5,0.2420749279538905,1.5,0.2420749279538905,12.75,-0.25,2.0576368876080693,-0.0403458213256484,1,1
ES,xApvaV01StateLog_ES.csv,1894,2026-05-05 06:55:00,Unresolved,Unresolved->Degrading->Unresolved->Unresolved,Stable Compression Basin,Exact,1.0,1.360964047439353,0.2222222222222222,0.5,0.0,0.0,0.0931623012290356,0.0277777777777777,0.6510508581461516,0.3810442187106918,CompressionPressure,0.6510508581461516,7270.75,7277.25,7270.5,7272.75,Up,1,7270.75,6.75,6.446428571428571,5,7270.75,-2.0,-0.3102493074792244,-2.0,-0.3102493074792244,10.75,-6.0,1.667590027700831,-0.9307479224376732,0,1
ES,xApvaV01StateLog_ES.csv,1895,2026-05-05 07:00:00,Unresolved,Degrading->Unresolved->Unresolved->Unresolved,Stable Compression Basin,Exact,1.0,1.360964047439353,0.2222222222222222,0.5,0.0,0.0,0.0931623012290356,0.0277777777777777,0.6510508581461516,0.3810442187106918,CompressionPressure,0.6510508581461516,7272.75,7275.0,7272.0,7275.0,Up,1,7272.75,3.0,6.428571428571429,5,7280.75,5.75,0.8944444444444444,5.75,0.8944444444444444,8.5,-8.25,1.3222222222222222,-1.2833333333333332,1,1
ES,xApvaV01StateLog_ES.csv,1896,2026-05-05 07:05:00,Unresolved,Unresolved->Unresolved->Unresolved->Unresolved,Pure Unresolved Compression Equilibrium,Exact,1.0,1.360964047439353,0.3333333333333333,0.5,0.0,0.0,0.0810095234512578,0.0416666666666666,0.6232730803683738,0.4227108853773584,CompressionPressure,0.6232730803683738,7275.0,7277.25,7270.5,7277.0,Up,1,7275.0,6.75,6.767857142857143,5,7282.5,5.5,0.812664907651715,5.5,0.812664907651715,9.25,-10.25,1.366754617414248,-1.5145118733509233,1,1
ES,xApvaV01StateLog_ES.csv,1898,2026-05-05 07:15:00,Unresolved,Unresolved->Unresolved->Balance->Unresolved,Stable Compression Basin,Exact,1.0,1.3709505944503406,0.5555555555555556,0.6,0.0,0.0,0.0676060395568402,0.0694444444444444,0.6087600322912982,0.5082287758693453,CompressionPressure,0.6087600322912982,7281.5,7283.5,7270.75,7272.25,Up,1,7281.25,12.75,7.696428571428571,5,7276.0,3.75,0.4872389791183295,3.75,0.4872389791183295,14.0,-5.5,1.8190255220417637,-0.7146171693735499,1,1
ES,xApvaV01StateLog_ES.csv,1899,2026-05-05 07:20:00,Unresolved,Unresolved->Balance->Unresolved->Unresolved,Stable Compression Basin,Exact,1.0,1.1567796494427114,0.4444444444444444,0.7,0.0,0.0,0.1078229469784313,0.0555555555555555,0.6915901607987194,0.4197122149822597,CompressionPressure,0.6915901607987194,7272.25,7276.75,7266.75,7270.75,Down,-1,7272.25,10.0,8.25,5,7276.25,5.5,0.6666666666666666,-5.5,-0.6666666666666666,1.75,-15.5,0.2121212121212121,-1.878787878787879,0,1
ES,xApvaV01StateLog_ES.csv,1900,2026-05-05 07:25:00,Unresolved,Balance->Unresolved->Unresolved->Unresolved,Stable Compression Basin,Exact,1.0,0.9219280948830342,0.3333333333333333,0.8,0.0,0.0,0.149623213568851,0.0416666666666666,0.7757128274031437,0.3266717707556637,CompressionPressure,0.7757128274031437,7270.5,7281.75,7269.0,7280.75,Down,-1,7270.75,12.75,9.053571428571429,5,7276.25,-4.5,-0.4970414201183432,4.5,0.4970414201183432,7.75,-5.5,0.8560157790927021,-0.6074950690335306,1,1
ES,xApvaV01StateLog_ES.csv,1901,2026-05-05 07:30:00,Unresolved,Unresolved->Unresolved->Unresolved->Unresolved,Pure Unresolved Compression Equilibrium,Exact,1.0,1.1567796494427114,0.4444444444444444,0.7,0.0,0.0,0.1078229469784313,0.0555555555555555,0.6915901607987194,0.4197122149822597,CompressionPressure,0.6915901607987194,7280.75,7286.25,7280.25,7282.5,Up,1,7280.75,6.0,9.321428571428571,5,7278.5,-4.0,-0.4291187739463601,-4.0,-0.4291187739463601,1.0,-9.5,0.10727969348659,-1.0191570881226053,0,1
ES,xApvaV01StateLog_ES.csv,1902,2026-05-05 07:35:00,Unresolved,Unresolved->Unresolved->Unresolved->Unresolved,Pure Unresolved Compression Equilibrium,Exact,1.0,1.2954618442339936,0.4444444444444444,0.6,0.0,0.0,0.085538424773057,0.0555555555555555,0.6412558569575977,0.4500489450928527,CompressionPressure,0.6412558569575977,7282.5,7283.5,7277.5,7279.5,Up,1,7282.5,6.0,9.678571428571429,5,7280.75,1.25,0.1291512915129151,1.25,0.1291512915129151,1.5,-6.5,0.1549815498154981,-0.6715867158671587,1,1
ES,xApvaV01StateLog_ES.csv,1903,2026-05-05 07:40:00,Unresolved,Unresolved->Unresolved->Unresolved->Unresolved,Pure Unresolved Compression Equilibrium,Exact,1.0,1.360964047439353,0.4444444444444444,0.5,0.0,0.0,0.0688567456734801,0.0555555555555555,0.595495302590596,0.4643775520440251,CompressionPressure,0.595495302590596,7279.5,7281.0,7274.75,7276.0,Down,-1,7279.5,6.25,10.035714285714286,5,7284.0,8.0,0.797153024911032,-8.0,-0.797153024911032,3.0,-8.5,0.298932384341637,-0.8469750889679715,0,1
ES,xApvaV01StateLog_ES.csv,1904,2026-05-05 07:45:00,Unresolved,Unresolved->Unresolved->Unresolved->Unresolved,Pure Unresolved Compression Equilibrium,Exact,1.0,1.360964047439353,0.4444444444444444,0.5,0.0,0.0,0.0688567456734801,0.0555555555555555,0.595495302590596,0.4643775520440251,CompressionPressure,0.595495302590596,7276.0,7280.0,7275.5,7276.25,Down,-1,7276.0,4.5,7.017857142857143,5,7282.5,6.25,0.8905852417302799,-6.25,-0.8905852417302799,3.25,-9.5,0.4631043256997455,-1.353689567430025,0,1
ES,xApvaV01StateLog_ES.csv,1905,2026-05-05 07:50:00,Unresolved,Unresolved->Unresolved->Unresolved->Unresolved,Pure Unresolved Compression Equilibrium,Exact,1.0,1.2954618442339936,0.3333333333333333,0.6,0.0,0.0,0.0976912025508348,0.0416666666666666,0.6690336347353755,0.4083822784261861,CompressionPressure,0.6690336347353755,7276.25,7278.0,7273.0,7276.25,Down,-1,7276.25,5.0,6.946428571428571,5,7284.75,8.5,1.2236503856041132,-8.5,-1.2236503856041132,2.25,-9.5,0.3239074550128535,-1.3676092544987146,0,1
ES,xApvaV01StateLog_ES.csv,1906,2026-05-05 07:55:00,Unresolved,Unresolved->Unresolved->Unresolved->Unresolved,Pure Unresolved Compression Equilibrium,Exact,1.0,1.2954618442339936,0.2222222222222222,0.6,0.0,0.0,0.1098439803286126,0.0277777777777777,0.6968114125131533,0.3667156117595194,CompressionPressure,0.6968114125131533,7276.25,7278.5,7274.0,7278.5,Up,1,7276.25,4.5,6.839285714285714,5,7283.0,4.5,0.6579634464751958,4.5,0.6579634464751958,7.25,-0.5,1.0600522193211488,-0.0731070496083551,1,1
ES,xApvaV01StateLog_ES.csv,1907,2026-05-05 08:00:00,Unresolved,Unresolved->Unresolved->Unresolved->Unresolved,Pure Unresolved Compression Equilibrium,Exact,1.0,0.8812908992278072,0.1111111111111111,0.7,0.0,0.0,0.1653733877500932,0.0138888888888888,0.7921415410204843,0.2344490508727494,CompressionPressure,0.7921415410204843,7278.5,7281.0,7278.0,7280.75,Up,1,7278.5,3.0,6.678571428571429,5,7280.75,0.0,0.0,0.0,0.0,5.0,-1.5,0.7486631016042781,-0.2245989304812834,0,1
ES,xApvaV01StateLog_ES.csv,1908,2026-05-05 08:05:00,Unresolved,Unresolved->Unresolved->Unresolved->Unresolved,Pure Unresolved Compression Equilibrium,Exact,1.0,0.7219280948844771,0.1111111111111111,0.8,0.0,0.0,0.1892412691242961,0.0138888888888888,0.8437683829586091,0.199588437422646,CompressionPressure,0.8437683829586091,7280.5,7284.5,7279.25,7284.0,Up,1,7280.75,5.25,6.571428571428571,5,7284.25,0.25,0.0380434782608695,0.25,0.0380434782608695,1.75,-3.75,0.266304347826087,-0.5706521739130435,1,1
ES,xApvaV01StateLog_ES.csv,1909,2026-05-05 08:10:00,Unresolved,Unresolved->Unresolved->Unresolved->Unresolved,Pure Unresolved Compression Equilibrium,Exact,1.0,0.4689955935863958,0.1111111111111111,0.9,0.0,0.0,0.2202730804215971,0.0138888888888888,0.9012433309564056,0.1442594527636907,CompressionPressure,0.9012433309564056,7284.25,7285.75,7282.0,7282.5,Up,1,7284.0,3.75,6.625,5,7279.0,-3.5,-0.5283018867924528,-3.5,-0.5283018867924528,3.25,-4.0,0.490566037735849,-0.6037735849056604,0,1
ES,xApvaV01StateLog_ES.csv,1910,2026-05-05 08:15:00,Unresolved,Unresolved->Unresolved->Unresolved->Unresolved,Pure Unresolved Compression Equilibrium,Exact,1.0,-1.4428232973175177e-12,0.0,1.0,0.0,0.0,0.2799999999999999,0.0,1.0,0.0,CompressionPressure,1.0,7282.5,7285.75,7282.25,7284.75,Up,1,7282.5,3.5,6.392857142857143,5,7280.75,-4.0,-0.6256983240223464,-4.0,-0.6256983240223464,1.0,-6.25,0.1564245810055866,-0.977653631284916,0,1
ES,xApvaV01StateLog_ES.csv,1911,2026-05-05 08:20:00,Unresolved,Unresolved->Unresolved->Unresolved->Unresolved,Pure Unresolved Compression Equilibrium,Exact,1.0,-1.4428232973175177e-12,0.0,1.0,0.0,0.0,0.2799999999999999,0.0,1.0,0.0,CompressionPressure,1.0,7284.75,7285.75,7282.75,7283.0,Up,1,7284.75,3.0,6.160714285714286,5,7280.75,-2.25,-0.3652173913043478,-2.25,-0.3652173913043478,1.75,-4.5,0.2840579710144927,-0.7304347826086957,0,1
ES,xApvaV01StateLog_ES.csv,1912,2026-05-05 08:25:00,Unresolved,Unresolved->Unresolved->Unresolved->Unresolved,Pure Unresolved Compression Equilibrium,Exact,1.0,-1.4428232973175177e-12,0.0,1.0,0.0,0.0,0.2799999999999999,0.0,1.0,0.0,CompressionPressure,1.0,7283.25,7284.25,7280.25,7280.75,Down,-1,7283.0,4.0,5.535714285714286,5,7282.25,1.5,0.2709677419354839,-1.5,-0.2709677419354839,2.25,-4.0,0.4064516129032258,-0.7225806451612904,0,1
ES,xApvaV01StateLog_ES.csv,1913,2026-05-05 08:30:00,Unresolved,Unresolved->Unresolved->Unresolved->Unresolved,Pure Unresolved Compression Equilibrium,Exact,1.0,-1.4428232973175177e-12,0.0,1.0,0.0,0.0,0.2799999999999999,0.0,1.0,0.0,CompressionPressure,1.0,7280.75,7284.25,7280.25,7284.25,Down,-1,7280.75,4.0,5.107142857142857,5,7281.5,-2.75,-0.5384615384615385,2.75,0.5384615384615385,5.75,-0.5,1.125874125874126,-0.0979020979020979,1,1
ES,xApvaV01StateLog_ES.csv,1914,2026-05-05 08:35:00,Unresolved,Unresolved->Unresolved->Unresolved->Unresolved,Pure Unresolved Compression Equilibrium,Exact,1.0,-1.4428232973175177e-12,0.0,1.0,0.0,0.0,0.2799999999999999,0.0,1.0,0.0,CompressionPressure,1.0,7284.25,7284.75,7278.5,7279.0,Down,-1,7284.25,6.25,4.642857142857143,5,7279.5,0.5,0.1076923076923076,-0.5,-0.1076923076923076,0.25,-4.5,0.0538461538461538,-0.9692307692307692,0,1
ES,xApvaV01StateLog_ES.csv,1915,2026-05-05 08:40:00,Unresolved,Unresolved->Unresolved->Unresolved->Unresolved,Pure Unresolved Compression Equilibrium,Exact,1.0,-1.4428232973175177e-12,0.0,1.0,0.0,0.0,0.2799999999999999,0.0,1.0,0.0,CompressionPressure,1.0,7279.0,7281.5,7278.75,7280.75,Down,-1,7279.0,2.75,4.410714285714286,5,7282.25,1.5,0.340080971659919,-1.5,-0.340080971659919,2.0,-2.75,0.4534412955465587,-0.6234817813765182,0,1
ES,xApvaV01StateLog_ES.csv,1916,2026-05-05 08:45:00,Unresolved,Unresolved->Unresolved->Unresolved->Unresolved,Pure Unresolved Compression Equilibrium,Exact,1.0,-1.4428232973175177e-12,0.0,1.0,0.0,0.0,0.2799999999999999,0.0,1.0,0.0,CompressionPressure,1.0,7280.75,7281.0,7279.0,7280.75,Down,-1,7280.75,2.0,4.125,5,7284.0,3.25,0.7878787878787878,-3.25,-0.7878787878787878,2.0,-4.0,0.4848484848484848,-0.9696969696969696,0,1
ES,xApvaV01StateLog_ES.csv,1917,2026-05-05 08:50:00,Unresolved,Unresolved->Unresolved->Unresolved->Unresolved,Pure Unresolved Compression Equilibrium,Exact,1.0,-1.4428232973175177e-12,0.0,1.0,0.0,0.0,0.2799999999999999,0.0,1.0,0.0,CompressionPressure,1.0,7280.5,7283.5,7280.5,7282.25,Up,1,7280.75,3.0,3.892857142857143,5,7284.0,1.75,0.4495412844036697,1.75,0.4495412844036697,3.0,-3.5,0.7706422018348624,-0.8990825688073395,1,1
ES,xApvaV01StateLog_ES.csv,1918,2026-05-05 08:55:00,Unresolved,Unresolved->Unresolved->Unresolved->Unresolved,Pure Unresolved Compression Equilibrium,Exact,1.0,-1.4428232973175177e-12,0.0,1.0,0.0,0.0,0.2799999999999999,0.0,1.0,0.0,CompressionPressure,1.0,7282.25,7283.5,7280.75,7281.5,Up,1,7282.25,2.75,3.767857142857143,5,7285.25,3.75,0.9952606635071092,3.75,0.9952606635071092,4.0,-2.75,1.061611374407583,-0.7298578199052133,1,1
ES,xApvaV01StateLog_ES.csv,1919,2026-05-05 09:00:00,Unresolved,Unresolved->Unresolved->Unresolved->Unresolved,Pure Unresolved Compression Equilibrium,Exact,1.0,-1.4428232973175177e-12,0.0,1.0,0.0,0.0,0.2799999999999999,0.0,1.0,0.0,CompressionPressure,1.0,7281.5,7281.5,7278.75,7279.5,Down,-1,7281.5,2.75,3.607142857142857,5,7286.5,7.0,1.9405940594059403,-7.0,-1.9405940594059403,0.25,-8.5,0.0693069306930693,-2.3564356435643563,0,1
ES,xApvaV01StateLog_ES.csv,1920,2026-05-05 09:05:00,Unresolved,Unresolved->Unresolved->Unresolved->Unresolved,Pure Unresolved Compression Equilibrium,Exact,1.0,-1.4428232973175177e-12,0.0,1.0,0.0,0.0,0.2799999999999999,0.0,1.0,0.0,CompressionPressure,1.0,7279.75,7283.0,7279.25,7282.25,Down,-1,7279.5,3.75,3.5535714285714284,5,7285.25,3.0,0.8442211055276382,-3.0,-0.8442211055276382,3.25,-5.75,0.914572864321608,-1.6180904522613069,0,1
ES,xApvaV01StateLog_ES.csv,1921,2026-05-05 09:10:00,Unresolved,Unresolved->Unresolved->Unresolved->Unresolved,Pure Unresolved Compression Equilibrium,Exact,1.0,-1.4428232973175177e-12,0.0,1.0,0.0,0.0,0.2799999999999999,0.0,1.0,0.0,CompressionPressure,1.0,7282.25,7284.75,7282.25,7284.0,Up,1,7282.25,2.5,3.517857142857143,5,7284.0,0.0,0.0,0.0,0.0,4.0,-5.0,1.137055837563452,-1.4213197969543148,0,1
ES,xApvaV01StateLog_ES.csv,1922,2026-05-05 09:15:00,Unresolved,Unresolved->Unresolved->Unresolved->Unresolved,Pure Unresolved Compression Equilibrium,Exact,1.0,-1.4428232973175177e-12,0.0,1.0,0.0,0.0,0.2799999999999999,0.0,1.0,0.0,CompressionPressure,1.0,7284.0,7285.25,7284.0,7284.0,Up,1,7284.0,1.25,3.232142857142857,5,7283.5,-0.5,-0.154696132596685,-0.5,-0.154696132596685,4.0,-5.0,1.2375690607734806,-1.5469613259668509,0,1
ES,xApvaV01StateLog_ES.csv,1923,2026-05-05 09:20:00,Unresolved,Unresolved->Unresolved->Unresolved->Unresolved,Pure Unresolved Compression Equilibrium,Exact,1.0,-1.4428232973175177e-12,0.0,1.0,0.0,0.0,0.2799999999999999,0.0,1.0,0.0,CompressionPressure,1.0,7284.25,7285.5,7283.0,7285.25,Up,1,7284.0,2.5,3.142857142857143,5,7283.5,-1.75,-0.5568181818181819,-1.75,-0.5568181818181819,2.75,-6.25,0.875,-1.988636363636364,0,1
ES,xApvaV01StateLog_ES.csv,1924,2026-05-05 09:25:00,Unresolved,Unresolved->Unresolved->Unresolved->Unresolved,Pure Unresolved Compression Equilibrium,Exact,1.0,-1.4428232973175177e-12,0.0,1.0,0.0,0.0,0.2799999999999999,0.0,1.0,0.0,CompressionPressure,1.0,7285.25,7288.0,7284.75,7286.5,Up,1,7285.25,3.25,3.125,5,7285.5,-1.0,-0.32,-1.0,-0.32,1.0,-7.5,0.32,-2.4,0,1
ES,xApvaV01StateLog_ES.csv,1925,2026-05-05 09:30:00,Unresolved,Unresolved->Unresolved->Unresolved->Unresolved,Pure Unresolved Compression Equilibrium,Exact,1.0,-1.4428232973175177e-12,0.0,1.0,0.0,0.0,0.2799999999999999,0.0,1.0,0.0,CompressionPressure,1.0,7286.5,7287.5,7279.0,7285.25,Up,1,7286.5,8.5,3.517857142857143,5,7284.5,-0.75,-0.2131979695431472,-0.75,-0.2131979695431472,1.5,-3.5,0.4263959390862944,-0.9949238578680204,0,1
ES,xApvaV01StateLog_ES.csv,1926,2026-05-05 09:35:00,Unresolved,Unresolved->Unresolved->Unresolved->Unresolved,Pure Unresolved Compression Equilibrium,Exact,1.0,-1.4428232973175177e-12,0.0,1.0,0.0,0.0,0.2799999999999999,0.0,1.0,0.0,CompressionPressure,1.0,7285.25,7285.5,7282.5,7284.0,Down,-1,7285.25,3.0,3.446428571428572,5,7284.0,0.0,0.0,-0.0,-0.0,2.25,-2.75,0.6528497409326425,-0.7979274611398963,0,1
ES,xApvaV01StateLog_ES.csv,1927,2026-05-05 09:40:00,Unresolved,Unresolved->Unresolved->Unresolved->Unresolved,Pure Unresolved Compression Equilibrium,Exact,1.0,-1.4428232973175177e-12,0.0,1.0,0.0,0.0,0.2799999999999999,0.0,1.0,0.0,CompressionPressure,1.0,7284.25,7286.0,7283.25,7283.5,Down,-1,7284.0,2.75,3.357142857142857,5,7284.25,0.75,0.2234042553191489,-0.75,-0.2234042553191489,1.75,-3.25,0.5212765957446809,-0.9680851063829788,0,1
ES,xApvaV01StateLog_ES.csv,1928,2026-05-05 09:45:00,Unresolved,Unresolved->Unresolved->Unresolved->Unresolved,Pure Unresolved Compression Equilibrium,Exact,1.0,-1.4428232973175177e-12,0.0,1.0,0.0,0.0,0.2799999999999999,0.0,1.0,0.0,CompressionPressure,1.0,7283.5,7284.5,7281.75,7283.5,Down,-1,7283.5,2.75,3.107142857142857,5,7281.5,-2.0,-0.6436781609195402,2.0,0.6436781609195402,3.25,-3.25,1.0459770114942528,-1.0459770114942528,1,1
ES,xApvaV01StateLog_ES.csv,1929,2026-05-05 09:50:00,Unresolved,Unresolved->Unresolved->Unresolved->Unresolved,Pure Unresolved Compression Equilibrium,Exact,1.0,-1.4428232973175177e-12,0.0,1.0,0.0,0.0,0.2799999999999999,0.0,1.0,0.0,CompressionPressure,1.0,7283.75,7286.75,7282.75,7285.5,Down,-1,7283.5,4.0,3.196428571428572,5,7281.75,-3.75,-1.1731843575418994,3.75,1.1731843575418994,5.25,-0.5,1.6424581005586592,-0.1564245810055866,1,1
ES,xApvaV01StateLog_ES.csv,1930,2026-05-05 09:55:00,Unresolved,Unresolved->Unresolved->Unresolved->Unresolved,Pure Unresolved Compression Equilibrium,Exact,1.0,-1.4428232973175177e-12,0.0,1.0,0.0,0.0,0.2799999999999999,0.0,1.0,0.0,CompressionPressure,1.0,7285.5,7286.0,7284.0,7284.5,Down,-1,7285.5,2.0,3.196428571428572,5,7285.0,0.5,0.1564245810055866,-0.5,-0.1564245810055866,4.25,-1.5,1.329608938547486,-0.4692737430167597,0,1
ES,xApvaV01StateLog_ES.csv,1931,2026-05-05 10:00:00,Unresolved,Unresolved->Unresolved->Unresolved->Unresolved,Pure Unresolved Compression Equilibrium,Exact,1.0,-1.4428232973175177e-12,0.0,1.0,0.0,0.0,0.2799999999999999,0.0,1.0,0.0,CompressionPressure,1.0,7284.5,7286.0,7283.75,7284.0,Down,-1,7284.5,2.25,3.142857142857143,5,7285.0,1.0,0.3181818181818182,-1.0,-0.3181818181818182,3.75,-2.0,1.193181818181818,-0.6363636363636364,0,1
ES,xApvaV01StateLog_ES.csv,1932,2026-05-05 10:05:00,Unresolved,Unresolved->Unresolved->Unresolved->Unresolved,Pure Unresolved Compression Equilibrium,Exact,1.0,-1.4428232973175177e-12,0.0,1.0,0.0,0.0,0.2799999999999999,0.0,1.0,0.0,CompressionPressure,1.0,7284.0,7285.0,7282.5,7284.25,Down,-1,7284.0,2.5,3.125,5,7287.75,3.5,1.12,-3.5,-1.12,4.0,-3.75,1.28,-1.2,0,1
ES,xApvaV01StateLog_ES.csv,1933,2026-05-05 10:10:00,Unresolved,Unresolved->Unresolved->Unresolved->Unresolved,Pure Unresolved Compression Equilibrium,Exact,1.0,-1.4428232973175177e-12,0.0,1.0,0.0,0.0,0.2799999999999999,0.0,1.0,0.0,CompressionPressure,1.0,7284.25,7284.75,7280.25,7281.5,Down,-1,7284.25,4.5,3.25,5,7287.5,6.0,1.8461538461538465,-6.0,-1.8461538461538465,1.25,-7.5,0.3846153846153846,-2.3076923076923075,0,1
ES,xApvaV01StateLog_ES.csv,1934,2026-05-05 10:15:00,Unresolved,Unresolved->Unresolved->Unresolved->Unresolved,Pure Unresolved Compression Equilibrium,Exact,1.0,-1.4428232973175177e-12,0.0,1.0,0.0,0.0,0.2799999999999999,0.0,1.0,0.0,CompressionPressure,1.0,7281.5,7282.75,7280.25,7281.75,Down,-1,7281.5,2.5,3.1607142857142856,5,7287.5,5.75,1.8192090395480227,-5.75,-1.8192090395480227,0.0,-7.75,0.0,-2.451977401129944,0,1
ES,xApvaV01StateLog_ES.csv,1935,2026-05-05 10:20:00,Unresolved,Unresolved->Unresolved->Unresolved->Unresolved,Pure Unresolved Compression Equilibrium,Exact,1.0,-1.4428232973175177e-12,0.0,1.0,0.0,0.0,0.2799999999999999,0.0,1.0,0.0,CompressionPressure,1.0,7282.0,7285.75,7281.75,7285.0,Up,1,7281.75,4.0,3.267857142857143,5,7287.5,2.5,0.7650273224043715,2.5,0.7650273224043715,4.5,-1.25,1.3770491803278688,-0.3825136612021858,1,1
ES,xApvaV01StateLog_ES.csv,1936,2026-05-05 10:25:00,Unresolved,Unresolved->Unresolved->Unresolved->Unresolved,Pure Unresolved Compression Equilibrium,Exact,1.0,-1.4428232973175177e-12,0.0,1.0,0.0,0.0,0.2799999999999999,0.0,1.0,0.0,CompressionPressure,1.0,7285.0,7286.0,7283.75,7285.0,Up,1,7285.0,2.25,3.3392857142857144,5,7288.0,3.0,0.8983957219251336,3.0,0.8983957219251336,4.5,0.0,1.3475935828877006,0.0,1,1
ES,xApvaV01StateLog_ES.csv,1937,2026-05-05 10:30:00,Unresolved,Unresolved->Unresolved->Unresolved->Unresolved,Pure Unresolved Compression Equilibrium,Exact,1.0,-1.4428232973175177e-12,0.0,1.0,0.0,0.0,0.2799999999999999,0.0,1.0,0.0,CompressionPressure,1.0,7285.0,7288.0,7285.0,7287.75,Up,1,7285.0,3.0,3.375,5,7290.25,2.5,0.7407407407407407,2.5,0.7407407407407407,3.5,-1.5,1.037037037037037,-0.4444444444444444,1,1
ES,xApvaV01StateLog_ES.csv,1938,2026-05-05 10:35:00,Unresolved,Unresolved->Unresolved->Unresolved->Unresolved,Pure Unresolved Compression Equilibrium,Exact,1.0,-1.4428232973175177e-12,0.0,1.0,0.0,0.0,0.2799999999999999,0.0,1.0,0.0,CompressionPressure,1.0,7287.75,7289.0,7286.25,7287.5,Up,1,7287.75,2.75,3.3392857142857144,5,7289.25,1.75,0.5240641711229946,1.75,0.5240641711229946,4.0,-0.5,1.1978609625668448,-0.1497326203208556,1,1
ES,xApvaV01StateLog_ES.csv,1939,2026-05-05 10:40:00,Unresolved,Unresolved->Unresolved->Unresolved->Unresolved,Pure Unresolved Compression Equilibrium,Exact,1.0,-1.4428232973175177e-12,0.0,1.0,0.0,0.0,0.2799999999999999,0.0,1.0,0.0,CompressionPressure,1.0,7287.25,7289.5,7287.0,7287.5,Up,1,7287.5,2.5,2.9107142857142856,5,7291.0,3.5,1.2024539877300613,3.5,1.2024539877300613,4.0,-0.5,1.374233128834356,-0.1717791411042944,1,1
ES,xApvaV01StateLog_ES.csv,1940,2026-05-05 10:45:00,Unresolved,Unresolved->Unresolved->Unresolved->Unresolved,Pure Unresolved Compression Equilibrium,Exact,1.0,-1.4428232973175177e-12,0.0,1.0,0.0,0.0,0.2799999999999999,0.0,1.0,0.0,CompressionPressure,1.0,7287.5,7288.5,7287.0,7287.5,Up,1,7287.5,1.5,2.8035714285714284,5,7291.5,4.0,1.426751592356688,4.0,1.426751592356688,5.25,0.25,1.872611464968153,0.089171974522293,1,1
ES,xApvaV01StateLog_ES.csv,1941,2026-05-05 10:50:00,Unresolved,Unresolved->Unresolved->Unresolved->Unresolved,Pure Unresolved Compression Equilibrium,Exact,1.0,-1.4428232973175177e-12,0.0,1.0,0.0,0.0,0.2799999999999999,0.0,1.0,0.0,CompressionPressure,1.0,7287.75,7288.75,7287.75,7288.0,Up,1,7287.5,1.25,2.696428571428572,5,7295.5,7.5,2.781456953642384,7.5,2.781456953642384,7.75,0.0,2.874172185430463,0.0,1,1
ES,xApvaV01StateLog_ES.csv,1942,2026-05-05 10:55:00,Unresolved,Unresolved->Unresolved->Unresolved->Unresolved,Pure Unresolved Compression Equilibrium,Exact,1.0,-1.4428232973175177e-12,0.0,1.0,0.0,0.0,0.2799999999999999,0.0,1.0,0.0,CompressionPressure,1.0,7288.25,7291.25,7288.0,7290.25,Up,1,7288.0,3.25,2.732142857142857,5,7294.0,3.75,1.3725490196078431,3.75,1.3725490196078431,6.0,-1.25,2.1960784313725488,-0.457516339869281,1,1
ES,xApvaV01StateLog_ES.csv,1943,2026-05-05 11:00:00,Unresolved,Unresolved->Unresolved->Unresolved->Unresolved,Pure Unresolved Compression Equilibrium,Exact,1.0,-1.4428232973175177e-12,0.0,1.0,0.0,0.0,0.2799999999999999,0.0,1.0,0.0,CompressionPressure,1.0,7290.0,7291.5,7289.25,7289.25,Up,1,7290.25,2.25,2.607142857142857,5,7294.0,4.75,1.821917808219178,4.75,1.821917808219178,7.0,-0.25,2.684931506849315,-0.0958904109589041,1,1
ES,xApvaV01StateLog_ES.csv,1944,2026-05-05 11:05:00,Unresolved,Unresolved->Unresolved->Unresolved->Unresolved,Pure Unresolved Compression Equilibrium,Exact,1.0,-1.4428232973175177e-12,0.0,1.0,0.0,0.0,0.2799999999999999,0.0,1.0,0.0,CompressionPressure,1.0,7289.25,7291.0,7289.0,7291.0,Up,1,7289.25,2.0,2.607142857142857,5,7293.75,2.75,1.0547945205479452,2.75,1.0547945205479452,5.25,-0.75,2.0136986301369864,-0.2876712328767123,1,1
ES,xApvaV01StateLog_ES.csv,1945,2026-05-05 11:10:00,Unresolved,Unresolved->Unresolved->Unresolved->Unresolved,Pure Unresolved Compression Equilibrium,Exact,1.0,-1.4428232973175177e-12,0.0,1.0,0.0,0.0,0.2799999999999999,0.0,1.0,0.0,CompressionPressure,1.0,7291.0,7292.75,7290.25,7291.5,Up,1,7291.0,2.5,2.625,5,7291.75,0.25,0.0952380952380952,0.25,0.0952380952380952,4.75,-0.25,1.809523809523809,-0.0952380952380952,1,1
ES,xApvaV01StateLog_ES.csv,1946,2026-05-05 11:15:00,Unresolved,Unresolved->Unresolved->Unresolved->Unresolved,Pure Unresolved Compression Equilibrium,Exact,1.0,-1.4428232973175177e-12,0.0,1.0,0.0,0.0,0.2799999999999999,0.0,1.0,0.0,CompressionPressure,1.0,7291.75,7295.75,7291.25,7295.5,Up,1,7291.5,4.5,2.767857142857143,5,7290.5,-5.0,-1.8064516129032255,-5.0,-1.8064516129032255,0.75,-5.0,0.2709677419354839,-1.8064516129032255,0,1
ES,xApvaV01StateLog_ES.csv,1947,2026-05-05 11:20:00,Unresolved,Unresolved->Unresolved->Unresolved->Unresolved,Pure Unresolved Compression Equilibrium,Exact,1.0,-1.4428232973175177e-12,0.0,1.0,0.0,0.0,0.2799999999999999,0.0,1.0,0.0,CompressionPressure,1.0,7295.5,7296.25,7293.75,7294.0,Up,1,7295.5,2.5,2.625,5,7291.75,-2.25,-0.8571428571428571,-2.25,-0.8571428571428571,1.75,-3.75,0.6666666666666666,-1.4285714285714286,0,1
ES,xApvaV01StateLog_ES.csv,1948,2026-05-05 11:25:00,Balance,Unresolved->Unresolved->Unresolved->Balance,Unstable Rotational Balance,Exact,1.0,0.4689955935863958,0.1111111111111111,0.9,0.0,0.0,0.2202730804215971,0.0138888888888888,0.4512433309564058,0.3942594527636907,CompressionPressure,0.4512433309564058,7294.0,7295.75,7294.0,7294.0,Up,1,7294.0,1.75,2.571428571428572,5,7293.0,-1.0,-0.3888888888888888,-1.0,-0.3888888888888888,1.75,-3.75,0.6805555555555555,-1.4583333333333333,0,1
ES,xApvaV01StateLog_ES.csv,1949,2026-05-05 11:30:00,Unresolved,Unresolved->Unresolved->Balance->Unresolved,Stable Compression Basin,Exact,1.0,0.9219280948830342,0.2222222222222222,0.8,0.0,0.0,0.1617759913466288,0.0277777777777777,0.8034906051809215,0.285005104088997,CompressionPressure,0.8034906051809215,7294.25,7295.75,7293.5,7293.75,Down,-1,7294.0,2.25,2.446428571428572,5,7292.0,-1.75,-0.7153284671532846,1.75,0.7153284671532846,3.5,-0.75,1.4306569343065692,-0.3065693430656934,1,1
ES,xApvaV01StateLog_ES.csv,1950,2026-05-05 11:35:00,Unresolved,Unresolved->Balance->Unresolved->Unresolved,Stable Compression Basin,Exact,1.0,1.1567796494427114,0.2222222222222222,0.7,0.0,0.0,0.1321285025339868,0.0277777777777777,0.747145716354275,0.3363788816489264,CompressionPressure,0.747145716354275,7294.0,7294.5,7291.75,7291.75,Down,-1,7293.75,2.75,2.482142857142857,5,7292.75,1.0,0.4028776978417266,-1.0,-0.4028776978417266,1.5,-2.25,0.60431654676259,-0.9064748201438848,0,1
ES,xApvaV01StateLog_ES.csv,1952,2026-05-05 11:45:00,Unresolved,Unresolved->Unresolved->Degrading->Unresolved,Stable Compression Basin,Exact,1.0,1.4854752972230063,0.4444444444444444,0.5,0.0,0.0,0.0593238531119191,0.0555555555555555,0.5877133494791177,0.4916143879341992,CompressionPressure,0.5877133494791177,7290.5,7292.25,7290.25,7291.75,Down,-1,7290.5,2.0,2.4107142857142856,5,7296.75,5.0,2.0740740740740744,-5.0,-2.0740740740740744,1.25,-5.0,0.5185185185185186,-2.0740740740740744,0,1
ES,xApvaV01StateLog_ES.csv,1953,2026-05-05 11:50:00,Unresolved,Unresolved->Degrading->Unresolved->Unresolved,Stable Compression Basin,Exact,1.0,1.5219280948830345,0.4444444444444444,0.4,0.0,0.0,0.0448662691244065,0.0555555555555555,0.5437683829586993,0.4995884374223303,CompressionPressure,0.5437683829586993,7291.75,7293.75,7291.5,7293.0,Up,1,7291.75,2.25,2.392857142857143,5,7296.75,3.75,1.5671641791044777,3.75,1.5671641791044777,6.5,-2.5,2.716417910447761,-1.0447761194029852,1,1
ES,xApvaV01StateLog_ES.csv,1954,2026-05-05 11:55:00,Unresolved,Degrading->Unresolved->Unresolved->Unresolved,Stable Compression Basin,Exact,1.0,1.4854752972230063,0.4444444444444444,0.5,0.0,0.0,0.0593238531119191,0.0555555555555555,0.5877133494791177,0.4916143879341992,CompressionPressure,0.5877133494791177,7293.25,7294.0,7290.5,7292.0,Up,1,7293.0,3.5,2.5357142857142856,5,7298.0,6.0,2.3661971830985915,6.0,2.3661971830985915,7.5,-0.25,2.9577464788732395,-0.0985915492957746,1,1
ES,xApvaV01StateLog_ES.csv,1955,2026-05-05 12:00:00,Unresolved,Unresolved->Unresolved->Unresolved->Unresolved,Pure Unresolved Compression Equilibrium,Exact,1.0,1.4854752972230063,0.5555555555555556,0.5,0.0,0.0,0.0471710753341413,0.0694444444444444,0.5599355717013399,0.533281054600866,CompressionPressure,0.5599355717013399,7292.25,7293.0,7291.75,7292.75,Up,1,7292.0,1.25,2.5357142857142856,5,7298.75,6.0,2.3661971830985915,6.0,2.3661971830985915,6.75,-0.5,2.6619718309859155,-0.1971830985915493,1,1
ES,xApvaV01StateLog_ES.csv,1956,2026-05-05 12:05:00,Unresolved,Unresolved->Unresolved->Unresolved->Unresolved,Pure Unresolved Compression Equilibrium,Exact,1.0,1.4854752972230063,0.5555555555555556,0.5,0.0,0.0,0.0471710753341413,0.0694444444444444,0.5599355717013399,0.533281054600866,CompressionPressure,0.5599355717013399,7292.75,7294.5,7292.25,7294.25,Up,1,7292.75,2.25,2.4642857142857144,5,7296.5,2.25,0.9130434782608696,2.25,0.9130434782608696,5.5,-0.25,2.231884057971014,-0.1014492753623188,1,1
ES,xApvaV01StateLog_ES.csv,1957,2026-05-05 12:10:00,Unresolved,Unresolved->Unresolved->Unresolved->Unresolved,Pure Unresolved Compression Equilibrium,Exact,1.0,1.4854752972230063,0.4444444444444444,0.5,0.0,0.0,0.0593238531119191,0.0555555555555555,0.5877133494791177,0.4916143879341992,CompressionPressure,0.5877133494791177,7294.25,7296.75,7294.0,7296.75,Up,1,7294.25,2.75,2.5,5,7296.25,-0.5,-0.2,-0.5,-0.2,3.0,-2.0,1.2,-0.8,0,1
ES,xApvaV01StateLog_ES.csv,1961,2026-05-05 12:30:00,Unresolved,Degrading->Degrading->Degrading->Unresolved,Stable Compression Basin,Exact,1.0,1.5709505944503404,0.3333333333333333,0.4,0.0,0.0,0.0532657617790625,0.0416666666666666,0.5684822545135204,0.4686454425360119,CompressionPressure,0.5684822545135204,7298.75,7299.75,7296.5,7296.5,Up,1,7298.75,3.25,2.571428571428572,5,7286.75,-9.75,-3.7916666666666665,-9.75,-3.7916666666666665,2.0,-11.5,0.7777777777777777,-4.472222222222222,0,1
ES,xApvaV01StateLog_ES.csv,1962,2026-05-05 12:35:00,Unresolved,Degrading->Degrading->Unresolved->Unresolved,Stable Compression Basin,Exact,1.0,1.5709505944503404,0.3333333333333333,0.4,0.0,0.0,0.0532657617790625,0.0416666666666666,0.5684822545135204,0.4686454425360119,CompressionPressure,0.5684822545135204,7296.5,7298.5,7295.75,7296.25,Down,-1,7296.5,2.75,2.642857142857143,5,7286.75,-9.5,-3.5945945945945947,9.5,3.5945945945945947,13.75,-1.5,5.202702702702703,-0.5675675675675675,1,1
ES,xApvaV01StateLog_ES.csv,1963,2026-05-05 12:40:00,Unresolved,Degrading->Unresolved->Unresolved->Unresolved,Stable Compression Basin,Exact,1.0,1.5709505944503404,0.3333333333333333,0.4,0.0,0.0,0.0532657617790625,0.0416666666666666,0.5684822545135204,0.4686454425360119,CompressionPressure,0.5684822545135204,7296.25,7297.75,7294.0,7297.0,Down,-1,7296.25,3.75,2.75,5,7289.0,-8.0,-2.909090909090909,8.0,2.909090909090909,14.5,-0.5,5.2727272727272725,-0.1818181818181818,1,1
ES,xApvaV01StateLog_ES.csv,1964,2026-05-05 12:45:00,Unresolved,Unresolved->Unresolved->Unresolved->Unresolved,Pure Unresolved Compression Equilibrium,Exact,1.0,1.5709505944503404,0.3333333333333333,0.4,0.0,0.0,0.0532657617790625,0.0416666666666666,0.5684822545135204,0.4686454425360119,CompressionPressure,0.5684822545135204,7297.25,7297.5,7295.25,7297.0,Down,-1,7297.0,2.25,2.7142857142857144,5,7288.25,-8.75,-3.2236842105263155,8.75,3.2236842105263155,14.5,-0.5,5.342105263157895,-0.1842105263157894,1,1
ES,xApvaV01StateLog_ES.csv,1965,2026-05-05 12:50:00,Unresolved,Unresolved->Unresolved->Unresolved->Unresolved,Pure Unresolved Compression Equilibrium,Exact,1.0,1.5709505944503404,0.3333333333333333,0.4,0.0,0.0,0.0532657617790625,0.0416666666666666,0.5684822545135204,0.4686454425360119,CompressionPressure,0.5684822545135204,7297.0,7297.5,7294.0,7294.0,Down,-1,7297.0,3.5,2.767857142857143,5,7290.25,-3.75,-1.3548387096774197,3.75,1.3548387096774197,11.5,0.0,4.15483870967742,0.0,1,1
ES,xApvaV01StateLog_ES.csv,1966,2026-05-05 12:55:00,Unresolved,Unresolved->Unresolved->Unresolved->Unresolved,Pure Unresolved Compression Equilibrium,Exact,1.0,1.5709505944503404,0.3333333333333333,0.4,0.0,0.0,0.0532657617790625,0.0416666666666666,0.5684822545135204,0.4686454425360119,CompressionPressure,0.5684822545135204,7294.0,7294.0,7285.0,7286.75,Down,-1,7294.0,9.0,3.267857142857143,5,7293.75,7.0,2.1420765027322406,-7.0,-2.1420765027322406,4.25,-8.5,1.3005464480874318,-2.601092896174864,0,1
ES,xApvaV01StateLog_ES.csv,1969,2026-05-05 13:10:00,Unresolved,Unresolved->Degrading->Degrading->Unresolved,Stable Compression Basin,Exact,1.0,1.5709505944503404,0.4444444444444444,0.4,0.0,0.0,0.0411129840012847,0.0555555555555555,0.5407044767357427,0.5103121092026786,CompressionPressure,0.5407044767357427,7289.25,7290.25,7287.25,7288.25,Down,-1,7289.0,3.0,3.642857142857143,5,7299.25,11.0,3.019607843137255,-11.0,-3.019607843137255,3.5,-16.0,0.9607843137254902,-4.392156862745098,0,1
ES,xApvaV01StateLog_ES.csv,1970,2026-05-05 13:15:00,Unresolved,Degrading->Degrading->Unresolved->Unresolved,Stable Compression Basin,Exact,1.0,1.4854752972230063,0.3333333333333333,0.5,0.0,0.0,0.0714766308896969,0.0416666666666666,0.6154911272568955,0.4499477212675326,CompressionPressure,0.6154911272568955,7288.25,7290.75,7288.0,7290.25,Down,-1,7288.25,2.75,3.678571428571429,5,7297.5,7.25,1.970873786407767,-7.25,-1.970873786407767,5.5,-14.0,1.4951456310679612,-3.805825242718447,0,1
ES,xApvaV01StateLog_ES.csv,1971,2026-05-05 13:20:00,Unresolved,Degrading->Unresolved->Unresolved->Unresolved,Stable Compression Basin,Exact,1.0,1.4854752972230063,0.3333333333333333,0.5,0.0,0.0,0.0714766308896969,0.0416666666666666,0.6154911272568955,0.4499477212675326,CompressionPressure,0.6154911272568955,7290.25,7295.25,7284.75,7293.75,Up,1,7290.25,10.5,4.232142857142857,5,7295.5,1.75,0.4135021097046414,1.75,0.4135021097046414,10.5,-1.25,2.4810126582278484,-0.2953586497890295,1,1
ES,xApvaV01StateLog_ES.csv,1972,2026-05-05 13:25:00,Unresolved,Unresolved->Unresolved->Unresolved->Unresolved,Pure Unresolved Compression Equilibrium,Exact,1.0,1.5219280948830345,0.4444444444444444,0.4,0.0,0.0,0.0448662691244065,0.0555555555555555,0.5437683829586993,0.4995884374223303,CompressionPressure,0.5437683829586993,7293.5,7298.25,7292.5,7297.75,Up,1,7293.75,5.75,4.410714285714286,5,7293.0,-4.75,-1.0769230769230769,-4.75,-1.0769230769230769,6.5,-4.75,1.473684210526316,-1.0769230769230769,0,1
ES,xApvaV01StateLog_ES.csv,1973,2026-05-05 13:30:00,Unresolved,Unresolved->Unresolved->Unresolved->Unresolved,Pure Unresolved Compression Equilibrium,Exact,1.0,1.4854752972230063,0.3333333333333333,0.5,0.0,0.0,0.0714766308896969,0.0416666666666666,0.6154911272568955,0.4499477212675326,CompressionPressure,0.6154911272568955,7297.5,7304.25,7297.25,7302.0,Up,1,7297.75,7.0,4.660714285714286,5,7294.0,-8.0,-1.7164750957854409,-8.0,-1.7164750957854409,0.0,-9.25,0.0,-1.984674329501916,0,1
ES,xApvaV01StateLog_ES.csv,1974,2026-05-05 13:35:00,Unresolved,Unresolved->Unresolved->Unresolved->Unresolved,Pure Unresolved Compression Equilibrium,Exact,1.0,1.4854752972230063,0.3333333333333333,0.5,0.0,0.0,0.0714766308896969,0.0416666666666666,0.6154911272568955,0.4499477212675326,CompressionPressure,0.6154911272568955,7302.0,7302.0,7297.5,7299.25,Up,1,7302.0,4.5,4.803571428571429,5,7295.5,-3.75,-0.7806691449814126,-3.75,-0.7806691449814126,1.25,-6.5,0.2602230483271375,-1.3531598513011152,0,1
ES,xApvaV01StateLog_ES.csv,1976,2026-05-05 13:45:00,Unresolved,Unresolved->Unresolved->Balance->Unresolved,Stable Compression Basin,Exact,1.0,1.8464393446652445,0.4444444444444444,0.4,0.0,0.0,0.0388888888888888,0.0555555555555555,0.538888888888889,0.5166666666666666,CompressionPressure,0.538888888888889,7297.75,7297.75,7295.5,7295.5,Down,-1,7297.5,2.25,4.75,5,7340.0,44.5,9.36842105263158,-44.5,-9.36842105263158,2.75,-49.5,0.5789473684210527,-10.421052631578949,0,1
ES,xApvaV01StateLog_ES.csv,1977,2026-05-05 13:50:00,Unresolved,Unresolved->Balance->Unresolved->Unresolved,Stable Compression Basin,Exact,1.0,1.6854752972215634,0.4444444444444444,0.5,0.0,0.0,0.0505555555555555,0.0555555555555555,0.5805555555555556,0.5166666666666666,CompressionPressure,0.5805555555555556,7295.5,7295.5,7293.0,7293.0,Down,-1,7295.5,2.5,4.660714285714286,5,7340.75,47.75,10.245210727969347,-47.75,-10.245210727969347,0.25,-52.0,0.053639846743295,-11.157088122605364,0,1
ES,xApvaV01StateLog_ES.csv,1978,2026-05-05 13:55:00,Unresolved,Balance->Unresolved->Unresolved->Unresolved,Stable Compression Basin,Exact,1.0,1.2954618442339936,0.3333333333333333,0.6,0.0,0.0,0.0976912025508348,0.0416666666666666,0.6690336347353755,0.4083822784261861,CompressionPressure,0.6690336347353755,7293.0,7294.75,7292.75,7294.0,Down,-1,7293.0,2.0,4.642857142857143,5,7340.25,46.25,9.96153846153846,-46.25,-9.96153846153846,0.5,-51.0,0.1076923076923076,-10.984615384615385,0,1
ES,xApvaV01StateLog_ES.csv,1979,2026-05-05 14:00:00,Unresolved,Unresolved->Unresolved->Unresolved->Unresolved,Pure Unresolved Compression Equilibrium,Exact,1.0,1.360964047439353,0.4444444444444444,0.5,0.0,0.0,0.0688567456734801,0.0555555555555555,0.595495302590596,0.4643775520440251,CompressionPressure,0.595495302590596,7293.75,7297.5,7293.5,7295.5,Up,1,7294.0,4.0,4.678571428571429,5,7346.0,50.5,10.793893129770993,50.5,10.793893129770993,51.5,31.75,11.00763358778626,6.786259541984732,1,1
ES,xApvaV01StateLog_ES.csv,1985,2026-05-06 07:00:00,Unresolved,Directional->Degrading->Degrading->Unresolved,Stable Compression Basin,Soft,0.5,1.8464393446652445,0.4444444444444444,0.4,0.6,0.0,0.0808888888888888,0.0555555555555555,0.538888888888889,0.5166666666666666,CompressionPressure,0.538888888888889,7346.0,7347.5,7340.75,7346.0,Up,1,7346.0,6.75,8.196428571428571,5,7352.0,6.0,0.7320261437908497,6.0,0.7320261437908497,6.5,-9.75,0.7930283224400871,-1.1895424836601307,1,1
ES,xApvaV01StateLog_ES.csv,1986,2026-05-06 07:05:00,Unresolved,Degrading->Degrading->Unresolved->Unresolved,Stable Compression Basin,Exact,1.0,1.8464393446652445,0.4444444444444444,0.4,0.6,0.0,0.0808888888888888,0.0555555555555555,0.538888888888889,0.5166666666666666,CompressionPressure,0.538888888888889,7346.0,7349.5,7342.75,7343.5,Up,1,7346.0,6.75,8.267857142857142,5,7350.0,6.5,0.7861771058315336,6.5,0.7861771058315336,13.0,-7.25,1.572354211663067,-0.8768898488120951,1,1
ES,xApvaV01StateLog_ES.csv,1989,2026-05-06 07:20:00,Unresolved,Unresolved->Degrading->Degrading->Unresolved,Stable Compression Basin,Exact,1.0,1.5709505944503404,0.4444444444444444,0.4,0.6,0.0,0.0831129840012847,0.0555555555555555,0.5407044767357427,0.5103121092026786,CompressionPressure,0.5407044767357427,7350.25,7352.0,7345.0,7347.0,Up,1,7350.25,7.0,8.946428571428571,5,7368.25,21.25,2.375249500998004,21.25,2.375249500998004,22.5,-0.5,2.51497005988024,-0.0558882235528942,1,1
ES,xApvaV01StateLog_ES.csv,1990,2026-05-06 07:25:00,Unresolved,Degrading->Degrading->Unresolved->Unresolved,Stable Compression Basin,Exact,1.0,1.5219280948830345,0.4444444444444444,0.4,0.5,0.0,0.0798662691244065,0.0555555555555555,0.5437683829586993,0.4995884374223303,CompressionPressure,0.5437683829586993,7347.0,7352.5,7346.5,7352.0,Up,1,7347.0,6.0,9.214285714285714,5,7367.25,15.25,1.6550387596899223,15.25,1.6550387596899223,18.0,-2.5,1.9534883720930236,-0.2713178294573644,1,1
ES,xApvaV01StateLog_ES.csv,1991,2026-05-06 07:30:00,Unresolved,Degrading->Unresolved->Unresolved->Unresolved,Stable Compression Basin,Exact,1.0,1.360964047439353,0.4444444444444444,0.5,0.4,0.0,0.0968567456734801,0.0555555555555555,0.595495302590596,0.4643775520440251,CompressionPressure,0.595495302590596,7352.0,7356.5,7349.5,7350.0,Up,1,7352.0,7.0,9.535714285714286,5,7369.0,19.0,1.99250936329588,19.0,1.99250936329588,20.0,-0.25,2.097378277153558,-0.0262172284644194,1,1
ES,xApvaV01StateLog_ES.csv,1992,2026-05-06 07:35:00,Unresolved,Unresolved->Unresolved->Unresolved->Unresolved,Pure Unresolved Compression Equilibrium,Exact,1.0,1.360964047439353,0.4444444444444444,0.5,0.3,0.0,0.08985674567348,0.0555555555555555,0.595495302590596,0.4643775520440251,CompressionPressure,0.595495302590596,7350.0,7359.5,7349.75,7359.25,Up,1,7350.0,9.75,10.089285714285714,5,7371.25,12.0,1.1893805309734513,12.0,1.1893805309734513,12.75,-0.75,1.263716814159292,-0.0743362831858407,1,1
ES,xApvaV01StateLog_ES.csv,1993,2026-05-06 07:40:00,Unresolved,Unresolved->Unresolved->Unresolved->Unresolved,Pure Unresolved Compression Equilibrium,Exact,1.0,1.4854752972230063,0.4444444444444444,0.5,0.2,0.0,0.0733238531119191,0.0555555555555555,0.5877133494791177,0.4916143879341992,CompressionPressure,0.5877133494791177,7359.25,7362.75,7358.5,7362.0,Up,1,7359.25,4.25,10.107142857142858,5,7373.25,11.25,1.1130742049469964,11.25,1.1130742049469964,12.75,-0.25,1.2614840989399292,-0.0247349823321554,1,1
ES,xApvaV01StateLog_ES.csv,1994,2026-05-06 07:45:00,Unresolved,Unresolved->Unresolved->Unresolved->Unresolved,Pure Unresolved Compression Equilibrium,Exact,1.0,1.4854752972230063,0.3333333333333333,0.5,0.1,0.0,0.0784766308896969,0.0416666666666666,0.6154911272568955,0.4499477212675326,CompressionPressure,0.6154911272568955,7362.25,7369.5,7361.75,7368.25,Up,1,7362.0,7.75,7.410714285714286,5,7368.5,0.25,0.0337349397590361,0.25,0.0337349397590361,6.75,-3.75,0.910843373493976,-0.5060240963855421,1,1
ES,xApvaV01StateLog_ES.csv,1995,2026-05-06 07:50:00,Unresolved,Unresolved->Unresolved->Unresolved->Unresolved,Pure Unresolved Compression Equilibrium,Exact,1.0,1.5219280948830345,0.3333333333333333,0.4,0.0,0.0,0.0570190469021843,0.0416666666666666,0.571546160736477,0.4579217707556637,CompressionPressure,0.571546160736477,7368.25,7370.0,7364.5,7367.25,Up,1,7368.25,5.5,7.392857142857143,5,7367.0,-0.25,-0.0338164251207729,-0.25,-0.0338164251207729,7.75,-3.5,1.0483091787439611,-0.4734299516908212,0,1
ES,xApvaV01StateLog_ES.csv,1996,2026-05-06 07:55:00,Unresolved,Unresolved->Unresolved->Unresolved->Unresolved,Pure Unresolved Compression Equilibrium,Exact,1.0,1.4854752972230063,0.2222222222222222,0.5,0.0,0.0,0.0836294086674746,0.0277777777777777,0.6432689050346733,0.4082810546008659,CompressionPressure,0.6432689050346733,7367.5,7369.25,7366.0,7369.0,Up,1,7367.25,3.25,7.321428571428571,5,7371.75,2.75,0.375609756097561,2.75,0.375609756097561,6.0,-5.25,0.8195121951219513,-0.7170731707317073,1,1
ES,xApvaV01StateLog_ES.csv,1999,2026-05-06 08:10:00,Unresolved,Unresolved->Degrading->Degrading->Unresolved,Stable Compression Basin,Exact,1.0,1.4854752972230063,0.3333333333333333,0.5,0.0,0.0,0.0714766308896969,0.0416666666666666,0.6154911272568955,0.4499477212675326,CompressionPressure,0.6154911272568955,7373.25,7375.0,7367.75,7368.5,Up,1,7373.25,7.25,6.357142857142857,5,7369.25,0.75,0.1179775280898876,0.75,0.1179775280898876,5.0,-4.75,0.7865168539325843,-0.7471910112359551,1,1
ES,xApvaV01StateLog_ES.csv,2001,2026-05-06 08:20:00,Unresolved,Degrading->Unresolved->Degrading->Unresolved,Stable Compression Basin,Exact,1.0,1.4854752972230063,0.4444444444444444,0.5,0.0,0.0,0.0593238531119191,0.0555555555555555,0.5877133494791177,0.4916143879341992,CompressionPressure,0.5877133494791177,7367.0,7372.0,7365.0,7371.75,Down,-1,7367.0,7.0,6.125,5,7362.75,-9.0,-1.469387755102041,9.0,1.469387755102041,13.0,-1.75,2.122448979591837,-0.2857142857142857,1,1
ES,xApvaV01StateLog_ES.csv,2002,2026-05-06 08:25:00,Unresolved,Unresolved->Degrading->Unresolved->Unresolved,Stable Compression Basin,Exact,1.0,1.5709505944503404,0.4444444444444444,0.4,0.0,0.0,0.0411129840012847,0.0555555555555555,0.5407044767357427,0.5103121092026786,CompressionPressure,0.5407044767357427,7371.75,7373.5,7371.0,7372.0,Up,1,7371.75,2.5,5.910714285714286,5,7364.75,-7.25,-1.2265861027190332,-7.25,-1.2265861027190332,0.75,-13.25,0.1268882175226586,-2.2416918429003023,0,1
ES,xApvaV01StateLog_ES.csv,2003,2026-05-06 08:30:00,Unresolved,Degrading->Unresolved->Unresolved->Unresolved,Stable Compression Basin,Exact,1.0,1.5709505944503404,0.4444444444444444,0.4,0.0,0.0,0.0411129840012847,0.0555555555555555,0.5407044767357427,0.5103121092026786,CompressionPressure,0.5407044767357427,7372.0,7372.75,7369.5,7369.75,Up,1,7372.0,3.25,5.642857142857143,5,7367.0,-2.75,-0.4873417721518987,-2.75,-0.4873417721518987,1.25,-11.0,0.2215189873417721,-1.9493670886075949,0,1
ES,xApvaV01StateLog_ES.csv,2006,2026-05-06 08:45:00,Unresolved,Unresolved->Balance->Unresolved->Unresolved,Stable Compression Basin,Exact,1.0,1.2954618442339936,0.5555555555555556,0.6,0.0,0.0,0.0733856469952793,0.0694444444444444,0.6134780791798199,0.4917156117595194,CompressionPressure,0.6134780791798199,7364.25,7366.75,7358.75,7362.75,Down,-1,7364.25,8.0,5.267857142857143,5,7365.75,3.0,0.5694915254237287,-3.0,-0.5694915254237287,1.5,-6.25,0.2847457627118643,-1.1864406779661016,0,1
ES,xApvaV01StateLog_ES.csv,2007,2026-05-06 08:50:00,Unresolved,Balance->Unresolved->Unresolved->Unresolved,Stable Compression Basin,Exact,1.0,1.1567796494427114,0.5555555555555556,0.7,0.0,0.0,0.0956701692006535,0.0694444444444444,0.6638123830209416,0.4613788816489264,CompressionPressure,0.6638123830209416,7362.75,7366.75,7361.25,7364.75,Down,-1,7362.75,5.5,5.357142857142857,5,7368.5,3.75,0.7000000000000001,-3.75,-0.7000000000000001,2.0,-4.5,0.3733333333333333,-0.8400000000000001,0,1
ES,xApvaV01StateLog_ES.csv,2010,2026-05-06 09:05:00,Unresolved,Unresolved->Balance->Balance->Unresolved,Stable Compression Basin,Exact,1.0,0.8812908992278072,0.4444444444444444,0.7,0.0,0.0,0.1289150544167598,0.0555555555555555,0.7088082076871509,0.3594490508727494,CompressionPressure,0.7088082076871509,7365.75,7368.5,7364.0,7367.5,Up,1,7365.75,4.5,5.053571428571429,5,7367.0,-0.5,-0.0989399293286219,-0.5,-0.0989399293286219,2.25,-2.75,0.4452296819787986,-0.5441696113074205,0,1
ES,xApvaV01StateLog_ES.csv,2011,2026-05-06 09:10:00,Unresolved,Balance->Balance->Unresolved->Unresolved,Stable Compression Basin,Exact,1.0,0.8812908992278072,0.4444444444444444,0.7,0.0,0.0,0.1289150544167598,0.0555555555555555,0.7088082076871509,0.3594490508727494,CompressionPressure,0.7088082076871509,7367.5,7369.0,7364.75,7365.75,Up,1,7367.5,4.25,5.125,5,7367.0,1.25,0.2439024390243902,1.25,0.2439024390243902,4.0,-0.5,0.7804878048780488,-0.0975609756097561,1,1
ES,xApvaV01StateLog_ES.csv,2014,2026-05-06 09:25:00,Unresolved,Unresolved->Balance->Balance->Unresolved,Stable Compression Basin,Exact,1.0,0.9709505944517832,0.4444444444444444,0.6,0.0,0.0,0.1103838173345075,0.0555555555555555,0.6615378100689858,0.3790621092029942,CompressionPressure,0.6615378100689858,7367.5,7368.75,7366.75,7368.0,Up,1,7367.75,2.0,4.303571428571429,5,7362.75,-5.25,-1.2199170124481329,-5.25,-1.2199170124481329,1.75,-7.25,0.4066390041493776,-1.6846473029045643,0,1
ES,xApvaV01StateLog_ES.csv,2015,2026-05-06 09:30:00,Unresolved,Balance->Balance->Unresolved->Unresolved,Stable Compression Basin,Exact,1.0,0.9709505944517832,0.4444444444444444,0.6,0.0,0.0,0.1103838173345075,0.0555555555555555,0.6615378100689858,0.3790621092029942,CompressionPressure,0.6615378100689858,7368.0,7369.75,7366.25,7367.0,Up,1,7368.0,3.5,4.053571428571429,5,7358.25,-8.75,-2.158590308370044,-8.75,-2.158590308370044,0.75,-9.25,0.185022026431718,-2.2819383259911894,0,1
ES,xApvaV01StateLog_ES.csv,2020,2026-05-06 09:55:00,Unresolved,Balance->Balance->Unresolved->Unresolved,Stable Compression Basin,Exact,1.0,0.9709505944517832,0.4444444444444444,0.6,0.0,0.0,0.1103838173345075,0.0555555555555555,0.6615378100689858,0.3790621092029942,CompressionPressure,0.6615378100689858,7362.75,7363.5,7357.75,7358.25,Down,-1,7362.75,5.75,3.7142857142857135,5,7365.0,6.75,1.8173076923076923,-6.75,-1.8173076923076923,3.75,-8.5,1.0096153846153846,-2.2884615384615383,0,1
ES,xApvaV01StateLog_ES.csv,2021,2026-05-06 10:00:00,Unresolved,Balance->Unresolved->Unresolved->Unresolved,Stable Compression Basin,Exact,1.0,0.9709505944517832,0.3333333333333333,0.6,0.0,0.0,0.1225365951122853,0.0416666666666666,0.6893155878467636,0.3373954425363276,CompressionPressure,0.6893155878467636,7358.25,7362.25,7354.5,7359.0,Down,-1,7358.25,7.75,3.875,5,7365.75,6.75,1.7419354838709675,-6.75,-1.7419354838709675,3.5,-8.75,0.9032258064516128,-2.2580645161290325,0,1
ES,xApvaV01StateLog_ES.csv,2022,2026-05-06 10:05:00,Unresolved,Unresolved->Unresolved->Unresolved->Unresolved,Pure Unresolved Compression Equilibrium,Exact,1.0,1.360964047439353,0.4444444444444444,0.5,0.0,0.0,0.0688567456734801,0.0555555555555555,0.595495302590596,0.4643775520440251,CompressionPressure,0.595495302590596,7359.25,7362.0,7355.5,7362.0,Up,1,7359.0,6.5,4.017857142857143,5,7366.0,4.0,0.9955555555555554,4.0,0.9955555555555554,5.75,-0.75,1.431111111111111,-0.1866666666666666,1,1
ES,xApvaV01StateLog_ES.csv,2023,2026-05-06 10:10:00,Unresolved,Unresolved->Unresolved->Unresolved->Unresolved,Pure Unresolved Compression Equilibrium,Exact,1.0,1.5219280948830345,0.3333333333333333,0.4,0.0,0.0,0.0570190469021843,0.0416666666666666,0.571546160736477,0.4579217707556637,CompressionPressure,0.571546160736477,7362.0,7365.25,7361.25,7364.0,Up,1,7362.0,4.0,4.071428571428571,5,7366.75,2.75,0.6754385964912281,2.75,0.6754385964912281,4.25,-1.0,1.0438596491228072,-0.2456140350877193,1,1
ES,xApvaV01StateLog_ES.csv,2024,2026-05-06 10:15:00,Unresolved,Unresolved->Unresolved->Unresolved->Unresolved,Pure Unresolved Compression Equilibrium,Exact,1.0,1.5709505944503404,0.3333333333333333,0.4,0.0,0.0,0.0532657617790625,0.0416666666666666,0.5684822545135204,0.4686454425360119,CompressionPressure,0.5684822545135204,7364.0,7366.75,7363.25,7364.5,Up,1,7364.0,3.5,4.0,5,7365.75,1.25,0.3125,1.25,0.3125,4.25,-1.5,1.0625,-0.375,1,1
ES,xApvaV01StateLog_ES.csv,2025,2026-05-06 10:20:00,Unresolved,Unresolved->Unresolved->Unresolved->Unresolved,Pure Unresolved Compression Equilibrium,Exact,1.0,1.5219280948830345,0.2222222222222222,0.4,0.0,0.0,0.0691718246799621,0.0277777777777777,0.5993239385142548,0.416255104088997,CompressionPressure,0.5993239385142548,7364.5,7366.0,7363.0,7365.0,Up,1,7364.5,3.0,3.9107142857142856,5,7368.25,3.25,0.8310502283105023,3.25,0.8310502283105023,3.75,-0.5,0.9589041095890412,-0.1278538812785388,1,1
ES,xApvaV01StateLog_ES.csv,2026,2026-05-06 10:25:00,Unresolved,Unresolved->Unresolved->Unresolved->Unresolved,Pure Unresolved Compression Equilibrium,Exact,1.0,1.4854752972230063,0.2222222222222222,0.5,0.0,0.0,0.0836294086674746,0.0277777777777777,0.6432689050346733,0.4082810546008659,CompressionPressure,0.6432689050346733,7365.0,7367.75,7364.5,7365.75,Up,1,7365.0,3.25,3.857142857142857,5,7368.0,2.25,0.5833333333333334,2.25,0.5833333333333334,3.75,-1.25,0.9722222222222222,-0.324074074074074,1,1
ES,xApvaV01StateLog_ES.csv,2027,2026-05-06 10:30:00,Unresolved,Unresolved->Unresolved->Unresolved->Unresolved,Pure Unresolved Compression Equilibrium,Exact,1.0,1.3709505944503406,0.2222222222222222,0.6,0.0,0.0,0.1040643728901735,0.0277777777777777,0.6920933656246315,0.3832287758693453,CompressionPressure,0.6920933656246315,7366.0,7366.75,7364.5,7366.0,Up,1,7365.75,2.25,3.875,5,7369.25,3.25,0.8387096774193549,3.25,0.8387096774193549,4.0,-1.25,1.032258064516129,-0.3225806451612903,1,1
ES,xApvaV01StateLog_ES.csv,2028,2026-05-06 10:35:00,Unresolved,Unresolved->Unresolved->Unresolved->Unresolved,Pure Unresolved Compression Equilibrium,Exact,1.0,1.1567796494427114,0.2222222222222222,0.7,0.0,0.0,0.1321285025339868,0.0277777777777777,0.747145716354275,0.3363788816489264,CompressionPressure,0.747145716354275,7366.0,7368.25,7365.75,7366.75,Up,1,7366.0,2.5,3.9107142857142856,5,7371.0,4.25,1.08675799086758,4.25,1.08675799086758,4.25,-2.0,1.08675799086758,-0.5114155251141552,1,1
ES,xApvaV01StateLog_ES.csv,2029,2026-05-06 10:40:00,Unresolved,Unresolved->Unresolved->Unresolved->Unresolved,Pure Unresolved Compression Equilibrium,Exact,1.0,0.7219280948844771,0.1111111111111111,0.8,0.0,0.0,0.1892412691242961,0.0138888888888888,0.8437683829586091,0.199588437422646,CompressionPressure,0.8437683829586091,7366.75,7368.75,7365.75,7365.75,Up,1,7366.75,3.0,3.875,5,7371.75,6.0,1.5483870967741935,6.0,1.5483870967741935,7.0,-1.0,1.8064516129032255,-0.2580645161290322,1,1
ES,xApvaV01StateLog_ES.csv,2030,2026-05-06 10:45:00,Unresolved,Unresolved->Unresolved->Unresolved->Unresolved,Pure Unresolved Compression Equilibrium,Exact,1.0,0.4689955935863958,0.1111111111111111,0.9,0.0,0.0,0.2202730804215971,0.0138888888888888,0.9012433309564056,0.1442594527636907,CompressionPressure,0.9012433309564056,7366.0,7368.25,7364.75,7368.25,Up,1,7365.75,3.5,3.982142857142857,5,7374.75,6.5,1.6322869955156951,6.5,1.6322869955156951,6.75,-1.0,1.695067264573991,-0.2511210762331838,1,1
ES,xApvaV01StateLog_ES.csv,2031,2026-05-06 10:50:00,Unresolved,Unresolved->Unresolved->Unresolved->Unresolved,Pure Unresolved Compression Equilibrium,Exact,1.0,-1.4428232973175177e-12,0.0,1.0,0.0,0.0,0.2799999999999999,0.0,1.0,0.0,CompressionPressure,1.0,7368.25,7369.5,7367.5,7368.0,Up,1,7368.25,2.0,3.9107142857142856,5,7374.5,6.5,1.6621004566210047,6.5,1.6621004566210047,7.5,-0.75,1.9178082191780823,-0.1917808219178082,1,1
ES,xApvaV01StateLog_ES.csv,2032,2026-05-06 10:55:00,Unresolved,Unresolved->Unresolved->Unresolved->Unresolved,Pure Unresolved Compression Equilibrium,Exact,1.0,-1.4428232973175177e-12,0.0,1.0,0.0,0.0,0.2799999999999999,0.0,1.0,0.0,CompressionPressure,1.0,7368.0,7370.0,7367.25,7369.25,Up,1,7368.0,2.75,3.9107142857142856,5,7378.5,9.25,2.365296803652968,9.25,2.365296803652968,10.75,-0.5,2.7488584474885847,-0.1278538812785388,1,1
ES,xApvaV01StateLog_ES.csv,2033,2026-05-06 11:00:00,Unresolved,Unresolved->Unresolved->Unresolved->Unresolved,Pure Unresolved Compression Equilibrium,Exact,1.0,-1.4428232973175177e-12,0.0,1.0,0.0,0.0,0.2799999999999999,0.0,1.0,0.0,CompressionPressure,1.0,7369.25,7371.0,7368.75,7371.0,Up,1,7369.25,2.25,3.7142857142857135,5,7380.5,9.5,2.5576923076923075,9.5,2.5576923076923075,10.75,-1.25,2.894230769230769,-0.3365384615384615,1,1
ES,xApvaV01StateLog_ES.csv,2034,2026-05-06 11:05:00,Unresolved,Unresolved->Unresolved->Unresolved->Unresolved,Pure Unresolved Compression Equilibrium,Exact,1.0,-1.4428232973175177e-12,0.0,1.0,0.0,0.0,0.2799999999999999,0.0,1.0,0.0,CompressionPressure,1.0,7371.0,7372.75,7369.75,7371.75,Up,1,7371.0,3.0,3.517857142857143,5,7380.0,8.25,2.3451776649746194,8.25,2.3451776649746194,10.0,-0.25,2.842639593908629,-0.0710659898477157,1,1
ES,xApvaV01StateLog_ES.csv,2035,2026-05-06 11:10:00,Unresolved,Unresolved->Unresolved->Unresolved->Unresolved,Pure Unresolved Compression Equilibrium,Exact,1.0,-1.4428232973175177e-12,0.0,1.0,0.0,0.0,0.2799999999999999,0.0,1.0,0.0,CompressionPressure,1.0,7371.75,7375.0,7371.5,7374.75,Up,1,7371.75,3.5,3.2142857142857144,5,7382.0,7.25,2.2555555555555555,7.25,2.2555555555555555,7.25,-1.75,2.2555555555555555,-0.5444444444444444,1,1
ES,xApvaV01StateLog_ES.csv,2036,2026-05-06 11:15:00,Unresolved,Unresolved->Unresolved->Unresolved->Unresolved,Pure Unresolved Compression Equilibrium,Exact,1.0,-1.4428232973175177e-12,0.0,1.0,0.0,0.0,0.2799999999999999,0.0,1.0,0.0,CompressionPressure,1.0,7374.75,7375.5,7373.0,7374.5,Up,1,7374.75,2.5,2.9285714285714284,5,7381.75,7.25,2.475609756097561,7.25,2.475609756097561,10.0,0.0,3.414634146341464,0.0,1,1
ES,xApvaV01StateLog_ES.csv,2037,2026-05-06 11:20:00,Unresolved,Unresolved->Unresolved->Unresolved->Unresolved,Pure Unresolved Compression Equilibrium,Exact,1.0,-1.4428232973175177e-12,0.0,1.0,0.0,0.0,0.2799999999999999,0.0,1.0,0.0,CompressionPressure,1.0,7374.75,7380.0,7374.5,7378.5,Up,1,7374.5,5.5,3.0357142857142856,5,7379.75,1.25,0.411764705882353,1.25,0.411764705882353,6.0,-0.25,1.9764705882352944,-0.0823529411764705,1,1
ES,xApvaV01StateLog_ES.csv,2038,2026-05-06 11:25:00,Unresolved,Unresolved->Unresolved->Unresolved->Unresolved,Pure Unresolved Compression Equilibrium,Exact,1.0,-1.4428232973175177e-12,0.0,1.0,0.0,0.0,0.2799999999999999,0.0,1.0,0.0,CompressionPressure,1.0,7378.75,7381.75,7378.25,7380.5,Up,1,7378.5,3.5,3.0357142857142856,5,7378.0,-2.5,-0.823529411764706,-2.5,-0.823529411764706,4.0,-3.25,1.3176470588235294,-1.0705882352941176,0,1
ES,xApvaV01StateLog_ES.csv,2039,2026-05-06 11:30:00,Unresolved,Unresolved->Unresolved->Unresolved->Unresolved,Pure Unresolved Compression Equilibrium,Exact,1.0,-1.4428232973175177e-12,0.0,1.0,0.0,0.0,0.2799999999999999,0.0,1.0,0.0,CompressionPressure,1.0,7380.5,7381.25,7379.25,7380.0,Up,1,7380.5,2.0,2.9642857142857144,5,7380.25,0.25,0.0843373493975903,0.25,0.0843373493975903,4.5,-3.25,1.5180722891566265,-1.0963855421686746,1,1
ES,xApvaV01StateLog_ES.csv,2040,2026-05-06 11:35:00,Degrading,Unresolved->Unresolved->Unresolved->Degrading,Sponsor Exhaustion Collapse,Exact,1.0,0.4689955935863958,0.1111111111111111,0.9,0.0,0.0,0.2202730804215971,0.1138888888888889,0.4512433309564058,0.1442594527636907,CompressionPressure,0.4512433309564058,7380.25,7382.0,7378.5,7382.0,Up,1,7380.0,3.5,2.982142857142857,5,7379.25,-2.75,-0.9221556886227544,-2.75,-0.9221556886227544,2.5,-5.25,0.8383233532934131,-1.7604790419161676,0,1
ES,xApvaV01StateLog_ES.csv,2041,2026-05-06 11:40:00,Unresolved,Unresolved->Unresolved->Degrading->Unresolved,Stable Compression Basin,Exact,1.0,0.9219280948830342,0.2222222222222222,0.8,0.0,0.0,0.1617759913466288,0.0277777777777777,0.8034906051809215,0.285005104088997,CompressionPressure,0.8034906051809215,7381.75,7384.5,7380.75,7381.75,Up,1,7382.0,3.75,3.0892857142857144,5,7383.0,1.25,0.4046242774566473,1.25,0.4046242774566473,2.5,-5.0,0.8092485549132947,-1.6184971098265897,1,1
ES,xApvaV01StateLog_ES.csv,2042,2026-05-06 11:45:00,Unresolved,Unresolved->Degrading->Unresolved->Unresolved,Stable Compression Basin,Exact,1.0,1.1567796494427114,0.2222222222222222,0.7,0.0,0.0,0.1321285025339868,0.0277777777777777,0.747145716354275,0.3363788816489264,CompressionPressure,0.747145716354275,7381.75,7382.0,7379.75,7379.75,Up,1,7381.75,2.25,3.071428571428572,5,7385.25,5.5,1.7906976744186045,5.5,1.7906976744186045,7.5,-3.0,2.441860465116279,-0.9767441860465116,1,1
ES,xApvaV01StateLog_ES.csv,2043,2026-05-06 11:50:00,Unresolved,Degrading->Unresolved->Unresolved->Unresolved,Stable Compression Basin,Exact,1.0,1.2954618442339936,0.2222222222222222,0.6,0.0,0.0,0.1098439803286126,0.0277777777777777,0.6968114125131533,0.3667156117595194,CompressionPressure,0.6968114125131533,7380.0,7381.25,7377.25,7378.0,Down,-1,7379.75,4.0,3.142857142857143,5,7387.5,9.5,3.022727272727273,-9.5,-3.022727272727273,1.25,-10.0,0.3977272727272727,-3.181818181818182,0,1
ES,xApvaV01StateLog_ES.csv,2044,2026-05-06 11:55:00,Unresolved,Unresolved->Unresolved->Unresolved->Unresolved,Pure Unresolved Compression Equilibrium,Exact,1.0,1.2954618442339936,0.3333333333333333,0.6,0.0,0.0,0.0976912025508348,0.0416666666666666,0.6690336347353755,0.4083822784261861,CompressionPressure,0.6690336347353755,7378.0,7380.75,7376.75,7380.25,Down,-1,7378.0,4.0,3.1785714285714284,5,7387.75,7.5,2.359550561797753,-7.5,-2.359550561797753,1.25,-8.25,0.3932584269662921,-2.5955056179775284,0,1
ES,xApvaV01StateLog_ES.csv,2045,2026-05-06 12:00:00,Unresolved,Unresolved->Unresolved->Unresolved->Unresolved,Pure Unresolved Compression Equilibrium,Exact,1.0,1.2954618442339936,0.3333333333333333,0.6,0.0,0.0,0.0976912025508348,0.0416666666666666,0.6690336347353755,0.4083822784261861,CompressionPressure,0.6690336347353755,7380.25,7381.25,7379.25,7379.25,Down,-1,7380.25,2.0,3.1785714285714284,5,7388.25,9.0,2.831460674157304,-9.0,-2.831460674157304,0.25,-10.75,0.0786516853932584,-3.3820224719101124,0,1
ES,xApvaV01StateLog_ES.csv,2046,2026-05-06 12:05:00,Unresolved,Unresolved->Unresolved->Unresolved->Unresolved,Pure Unresolved Compression Equilibrium,Exact,1.0,1.2954618442339936,0.3333333333333333,0.6,0.0,0.0,0.0976912025508348,0.0416666666666666,0.6690336347353755,0.4083822784261861,CompressionPressure,0.6690336347353755,7379.25,7384.25,7379.0,7383.0,Down,-1,7379.25,5.25,3.357142857142857,5,7388.5,5.5,1.6382978723404256,-5.5,-1.6382978723404256,0.75,-7.0,0.2234042553191489,-2.0851063829787235,0,1
ES,xApvaV01StateLog_ES.csv,2047,2026-05-06 12:10:00,Unresolved,Unresolved->Unresolved->Unresolved->Unresolved,Pure Unresolved Compression Equilibrium,Exact,1.0,1.2954618442339936,0.3333333333333333,0.6,0.0,0.0,0.0976912025508348,0.0416666666666666,0.6690336347353755,0.4083822784261861,CompressionPressure,0.6690336347353755,7383.25,7387.25,7382.25,7385.25,Up,1,7383.0,5.0,3.5535714285714284,5,7386.25,1.0,0.2814070351758794,1.0,0.2814070351758794,4.75,-0.25,1.3366834170854272,-0.0703517587939698,1,1
ES,xApvaV01StateLog_ES.csv,2048,2026-05-06 12:15:00,Unresolved,Unresolved->Unresolved->Unresolved->Unresolved,Pure Unresolved Compression Equilibrium,Exact,1.0,1.2954618442339936,0.3333333333333333,0.6,0.0,0.0,0.0976912025508348,0.0416666666666666,0.6690336347353755,0.4083822784261861,CompressionPressure,0.6690336347353755,7385.25,7388.0,7385.0,7387.5,Up,1,7385.25,3.0,3.5535714285714284,5,7389.5,2.0,0.5628140703517588,2.0,0.5628140703517588,2.5,-2.25,0.7035175879396985,-0.6331658291457287,1,1
ES,xApvaV01StateLog_ES.csv,2050,2026-05-06 12:25:00,Unresolved,Unresolved->Unresolved->Balance->Unresolved,Stable Compression Basin,Exact,1.0,1.360964047439353,0.3333333333333333,0.5,0.0,0.0,0.0810095234512578,0.0416666666666666,0.6232730803683738,0.4227108853773584,CompressionPressure,0.6232730803683738,7388.0,7390.0,7387.0,7388.25,Up,1,7387.75,3.0,3.5357142857142856,5,7386.75,-1.5,-0.4242424242424242,-1.5,-0.4242424242424242,1.75,-3.0,0.494949494949495,-0.8484848484848485,0,1
ES,xApvaV01StateLog_ES.csv,2051,2026-05-06 12:30:00,Unresolved,Unresolved->Balance->Unresolved->Unresolved,Stable Compression Basin,Exact,1.0,1.360964047439353,0.3333333333333333,0.5,0.0,0.0,0.0810095234512578,0.0416666666666666,0.6232730803683738,0.4227108853773584,CompressionPressure,0.6232730803683738,7388.5,7389.5,7386.0,7388.5,Up,1,7388.25,3.5,3.392857142857143,5,7394.5,6.0,1.768421052631579,6.0,1.768421052631579,7.25,-3.25,2.136842105263158,-0.9578947368421052,1,1
ES,xApvaV01StateLog_ES.csv,2052,2026-05-06 12:35:00,Unresolved,Balance->Unresolved->Unresolved->Unresolved,Stable Compression Basin,Exact,1.0,1.360964047439353,0.3333333333333333,0.5,0.0,0.0,0.0810095234512578,0.0416666666666666,0.6232730803683738,0.4227108853773584,CompressionPressure,0.6232730803683738,7388.25,7388.5,7385.25,7386.25,Up,1,7388.5,3.25,3.375,5,7386.75,0.5,0.1481481481481481,0.5,0.1481481481481481,9.5,-0.5,2.814814814814815,-0.1481481481481481,1,1
ES,xApvaV01StateLog_ES.csv,2053,2026-05-06 12:40:00,Unresolved,Unresolved->Unresolved->Unresolved->Unresolved,Pure Unresolved Compression Equilibrium,Exact,1.0,1.2954618442339936,0.3333333333333333,0.6,0.0,0.0,0.0976912025508348,0.0416666666666666,0.6690336347353755,0.4083822784261861,CompressionPressure,0.6690336347353755,7386.25,7390.0,7385.75,7389.5,Up,1,7386.25,4.25,3.5357142857142856,5,7388.5,-1.0,-0.2828282828282828,-1.0,-0.2828282828282828,6.25,-4.5,1.7676767676767675,-1.2727272727272727,0,1
ES,xApvaV01StateLog_ES.csv,2054,2026-05-06 12:45:00,Unresolved,Unresolved->Unresolved->Unresolved->Unresolved,Pure Unresolved Compression Equilibrium,Exact,1.0,1.2954618442339936,0.3333333333333333,0.6,0.0,0.0,0.0976912025508348,0.0416666666666666,0.6690336347353755,0.4083822784261861,CompressionPressure,0.6690336347353755,7389.5,7390.0,7386.5,7386.75,Up,1,7389.5,3.5,3.5357142857142856,5,7389.0,2.25,0.6363636363636364,2.25,0.6363636363636364,9.0,-1.75,2.5454545454545454,-0.494949494949495,1,1
ES,xApvaV01StateLog_ES.csv,2057,2026-05-06 13:00:00,Unresolved,Unresolved->Balance->Unresolved->Unresolved,Stable Compression Basin,Exact,1.0,1.4854752972230063,0.5555555555555556,0.5,0.0,0.0,0.0471710753341413,0.0694444444444444,0.5599355717013399,0.533281054600866,CompressionPressure,0.5599355717013399,7394.25,7395.75,7386.5,7386.75,Up,1,7394.5,9.25,4.428571428571429,5,7391.0,4.25,0.9596774193548386,4.25,0.9596774193548386,9.0,-1.75,2.032258064516129,-0.3951612903225806,1,1
ES,xApvaV01StateLog_ES.csv,2058,2026-05-06 13:05:00,Unresolved,Balance->Unresolved->Unresolved->Unresolved,Stable Compression Basin,Exact,1.0,1.3709505944503406,0.4444444444444444,0.6,0.0,0.0,0.079758817334618,0.0555555555555555,0.636537810069076,0.4665621092026786,CompressionPressure,0.636537810069076,7386.75,7391.25,7385.0,7388.5,Up,1,7386.75,6.25,4.589285714285714,5,7392.75,4.25,0.9260700389105058,4.25,0.9260700389105058,7.25,-2.75,1.5797665369649805,-0.5992217898832685,1,1
ES,xApvaV01StateLog_ES.csv,2059,2026-05-06 13:10:00,Unresolved,Unresolved->Unresolved->Unresolved->Unresolved,Pure Unresolved Compression Equilibrium,Exact,1.0,1.2954618442339936,0.4444444444444444,0.6,0.0,0.0,0.085538424773057,0.0555555555555555,0.6412558569575977,0.4500489450928527,CompressionPressure,0.6412558569575977,7388.75,7391.5,7388.25,7389.0,Up,1,7388.5,3.25,4.678571428571429,5,7388.5,-0.5,-0.1068702290076335,-0.5,-0.1068702290076335,6.75,-3.25,1.4427480916030533,-0.6946564885496183,0,1
ES,xApvaV01StateLog_ES.csv,2060,2026-05-06 13:15:00,Unresolved,Unresolved->Unresolved->Unresolved->Unresolved,Pure Unresolved Compression Equilibrium,Exact,1.0,1.360964047439353,0.4444444444444444,0.5,0.0,0.0,0.0688567456734801,0.0555555555555555,0.595495302590596,0.4643775520440251,CompressionPressure,0.595495302590596,7389.25,7395.75,7385.75,7394.0,Up,1,7389.0,10.0,5.017857142857143,5,7387.75,-6.25,-1.2455516014234875,-6.25,-1.2455516014234875,0.75,-6.75,0.1494661921708185,-1.3451957295373664,0,1
ES,xApvaV01StateLog_ES.csv,2061,2026-05-06 13:20:00,Unresolved,Unresolved->Unresolved->Unresolved->Unresolved,Pure Unresolved Compression Equilibrium,Exact,1.0,1.360964047439353,0.4444444444444444,0.5,0.0,0.0,0.0688567456734801,0.0555555555555555,0.595495302590596,0.4643775520440251,CompressionPressure,0.595495302590596,7394.25,7394.75,7391.5,7391.75,Up,1,7394.0,3.25,4.892857142857143,5,7387.75,-4.0,-0.8175182481751824,-4.0,-0.8175182481751824,2.25,-4.75,0.4598540145985401,-0.9708029197080292,0,1
ES,xApvaV01StateLog_ES.csv,2064,2026-05-06 13:35:00,Unresolved,Unresolved->Balance->Unresolved->Unresolved,Stable Compression Basin,Exact,1.0,1.4854752972230063,0.4444444444444444,0.5,0.0,0.0,0.0593238531119191,0.0555555555555555,0.5877133494791177,0.4916143879341992,CompressionPressure,0.5877133494791177,7392.75,7393.0,7387.75,7388.5,Down,-1,7392.75,5.25,5.125,5,7386.75,-1.75,-0.3414634146341463,1.75,0.3414634146341463,4.0,-0.75,0.7804878048780488,-0.1463414634146341,1,1
ES,xApvaV01StateLog_ES.csv,2068,2026-05-06 13:55:00,Unresolved,Balance->Balance->Unresolved->Unresolved,Stable Compression Basin,Exact,1.0,1.5709505944503404,0.4444444444444444,0.4,0.0,0.0,0.0411129840012847,0.0555555555555555,0.5407044767357427,0.5103121092026786,CompressionPressure,0.5407044767357427,7386.0,7386.5,7384.5,7385.25,Down,-1,7386.0,2.0,4.678571428571429,5,7385.25,0.0,0.0,-0.0,-0.0,1.0,-15.0,0.2137404580152671,-3.206106870229008,0,1
ES,xApvaV01StateLog_ES.csv,2069,2026-05-06 14:00:00,Unresolved,Balance->Unresolved->Unresolved->Unresolved,Stable Compression Basin,Exact,1.0,1.4854752972230063,0.4444444444444444,0.5,0.0,0.0,0.0593238531119191,0.0555555555555555,0.5877133494791177,0.4916143879341992,CompressionPressure,0.5877133494791177,7385.25,7387.75,7384.5,7386.75,Down,-1,7385.25,3.25,4.625,5,7388.75,2.0,0.4324324324324324,-2.0,-0.4324324324324324,3.0,-13.5,0.6486486486486487,-2.918918918918919,0,1
ES,xApvaV01StateLog_ES.csv,2070,2026-05-07 06:35:00,Unresolved,Unresolved->Unresolved->Unresolved->Unresolved,Pure Unresolved Compression Equilibrium,Exact,1.0,1.4854752972230063,0.5555555555555556,0.5,0.0,0.0,0.0471710753341413,0.0694444444444444,0.5599355717013399,0.533281054600866,CompressionPressure,0.5599355717013399,7399.25,7400.25,7393.25,7394.0,Down,-1,7386.75,13.5,4.928571428571429,5,7387.5,-6.5,-1.3188405797101448,6.5,1.3188405797101448,10.25,-1.0,2.079710144927536,-0.2028985507246376,1,1
ES,xApvaV01StateLog_ES.csv,2071,2026-05-07 06:40:00,Unresolved,Unresolved->Unresolved->Unresolved->Unresolved,Pure Unresolved Compression Equilibrium,Exact,1.0,1.4854752972230063,0.4444444444444444,0.5,0.0,0.0,0.0593238531119191,0.0555555555555555,0.5877133494791177,0.4916143879341992,CompressionPressure,0.5877133494791177,7394.0,7395.0,7391.0,7393.75,Down,-1,7394.0,4.0,4.553571428571429,5,7393.75,0.0,0.0,-0.0,-0.0,10.0,-0.75,2.1960784313725488,-0.1647058823529411,0,1
ES,xApvaV01StateLog_ES.csv,2081,2026-05-07 07:30:00,Unresolved,Unresolved->Unresolved->Unresolved->Unresolved,Pure Unresolved Compression Equilibrium,Exact,1.0,1.8954618442325508,0.4444444444444444,0.3,0.4,0.0,0.0668888888888889,0.0555555555555555,0.538888888888889,0.5166666666666666,CompressionPressure,0.538888888888889,7394.5,7397.5,7393.5,7393.75,Up,1,7394.5,4.0,5.714285714285714,5,7405.75,12.0,2.1,12.0,2.1,12.0,-0.75,2.1,-0.13125,1,1
ES,xApvaV01StateLog_ES.csv,2094,2026-05-07 08:35:00,Unresolved,Balance->Degrading->Degrading->Unresolved,Stable Compression Basin,Exact,1.0,1.3567796494412687,0.5555555555555556,0.7,0.6,0.0,0.1223576692007639,0.0694444444444444,0.6513123830210318,0.5051288816486108,CompressionPressure,0.6513123830210318,7397.5,7404.75,7396.75,7403.75,Down,-1,7397.5,8.0,5.446428571428571,5,7388.0,-15.75,-2.8918032786885246,15.75,2.8918032786885246,17.75,-0.5,3.2590163934426237,-0.0918032786885246,1,1
ES,xApvaV01StateLog_ES.csv,2097,2026-05-07 08:50:00,Unresolved,Unresolved->Degrading->Unresolved->Unresolved,Stable Compression Basin,Exact,1.0,1.2954618442339936,0.5555555555555556,0.6,0.3,0.0,0.0943856469952793,0.0694444444444444,0.6134780791798199,0.4917156117595194,CompressionPressure,0.6134780791798199,7401.0,7402.5,7396.25,7396.75,Down,-1,7401.25,6.25,5.482142857142857,5,7375.0,-21.75,-3.96742671009772,21.75,3.96742671009772,22.5,-1.25,4.1042345276872965,-0.2280130293159609,1,1
ES,xApvaV01StateLog_ES.csv,2098,2026-05-07 08:55:00,Unresolved,Degrading->Unresolved->Unresolved->Unresolved,Stable Compression Basin,Exact,1.0,1.360964047439353,0.5555555555555556,0.5,0.2,0.0,0.0707039678957023,0.0694444444444444,0.5677175248128182,0.5060442187106917,CompressionPressure,0.5677175248128182,7396.75,7398.0,7393.5,7397.0,Down,-1,7396.75,4.5,5.589285714285714,5,7367.0,-30.0,-5.367412140575079,30.0,5.367412140575079,31.0,-0.25,5.546325878594249,-0.0447284345047923,1,1
ES,xApvaV01StateLog_ES.csv,2105,2026-05-07 09:30:00,Unresolved,Degrading->Degrading->Unresolved->Unresolved,Stable Compression Basin,Exact,1.0,1.5709505944488975,0.5555555555555556,0.6,0.0,0.0,0.0522935395569507,0.0694444444444444,0.5962600322913884,0.5519787758690297,CompressionPressure,0.5962600322913884,7375.25,7382.5,7375.25,7382.0,Up,1,7375.0,7.5,7.178571428571429,5,7372.0,-10.0,-1.3930348258706466,-10.0,-1.3930348258706466,4.5,-13.75,0.6268656716417911,-1.9154228855721391,0,1
ES,xApvaV01StateLog_ES.csv,2106,2026-05-07 09:35:00,Unresolved,Degrading->Unresolved->Unresolved->Unresolved,Stable Compression Basin,Exact,1.0,1.5709505944488975,0.5555555555555556,0.6,0.0,0.0,0.0522935395569507,0.0694444444444444,0.5962600322913884,0.5519787758690297,CompressionPressure,0.5962600322913884,7381.75,7386.5,7379.25,7384.5,Up,1,7382.0,7.25,7.267857142857143,5,7368.5,-16.0,-2.201474201474201,-16.0,-2.201474201474201,0.0,-20.5,0.0,-2.8206388206388207,0,1
ES,xApvaV01StateLog_ES.csv,2109,2026-05-07 09:50:00,Unresolved,Unresolved->Unresolved->Unresolved->Unresolved,Pure Unresolved Compression Equilibrium,Exact,1.0,1.8464393446652445,0.4444444444444444,0.4,0.0,0.0,0.0388888888888888,0.0555555555555555,0.538888888888889,0.5166666666666666,CompressionPressure,0.538888888888889,7375.75,7377.0,7371.75,7372.75,Up,1,7375.75,5.25,7.285714285714286,5,7368.0,-4.75,-0.6519607843137255,-4.75,-0.6519607843137255,2.0,-8.75,0.2745098039215686,-1.2009803921568627,0,1
ES,xApvaV01StateLog_ES.csv,2110,2026-05-07 09:55:00,Unresolved,Unresolved->Unresolved->Unresolved->Unresolved,Pure Unresolved Compression Equilibrium,Exact,1.0,1.5219280948830345,0.3333333333333333,0.4,0.0,0.0,0.0570190469021843,0.0416666666666666,0.571546160736477,0.4579217707556637,CompressionPressure,0.571546160736477,7372.75,7373.5,7368.25,7372.0,Down,-1,7372.75,5.25,7.321428571428571,5,7362.0,-10.0,-1.3658536585365857,10.0,1.3658536585365857,11.75,-2.75,1.604878048780488,-0.375609756097561,1,1
ES,xApvaV01StateLog_ES.csv,2111,2026-05-07 10:00:00,Unresolved,Unresolved->Unresolved->Unresolved->Unresolved,Pure Unresolved Compression Equilibrium,Exact,1.0,1.4854752972230063,0.2222222222222222,0.5,0.0,0.0,0.0836294086674746,0.0277777777777777,0.6432689050346733,0.4082810546008659,CompressionPressure,0.6432689050346733,7372.0,7373.25,7364.0,7368.5,Down,-1,7372.0,9.25,7.535714285714286,5,7369.5,1.0,0.1327014218009478,-1.0,-0.1327014218009478,9.0,-6.25,1.194312796208531,-0.8293838862559242,0,1
ES,xApvaV01StateLog_ES.csv,2112,2026-05-07 10:05:00,Unresolved,Unresolved->Unresolved->Unresolved->Unresolved,Pure Unresolved Compression Equilibrium,Exact,1.0,1.2954618442339936,0.2222222222222222,0.6,0.0,0.0,0.1098439803286126,0.0277777777777777,0.6968114125131533,0.3667156117595194,CompressionPressure,0.6968114125131533,7368.5,7370.75,7365.0,7368.25,Down,-1,7368.5,5.75,7.625,5,7354.25,-14.0,-1.836065573770492,14.0,1.836065573770492,22.5,-6.5,2.950819672131148,-0.8524590163934426,1,1
ES,xApvaV01StateLog_ES.csv,2113,2026-05-07 10:10:00,Unresolved,Unresolved->Unresolved->Unresolved->Unresolved,Pure Unresolved Compression Equilibrium,Exact,1.0,0.8812908992278072,0.1111111111111111,0.7,0.0,0.0,0.1653733877500932,0.0138888888888888,0.7921415410204843,0.2344490508727494,CompressionPressure,0.7921415410204843,7368.5,7374.75,7366.0,7370.0,Down,-1,7368.25,8.75,7.446428571428571,5,7358.25,-11.75,-1.577937649880096,11.75,1.577937649880096,24.25,-3.75,3.256594724220624,-0.5035971223021583,1,1
ES,xApvaV01StateLog_ES.csv,2114,2026-05-07 10:15:00,Unresolved,Unresolved->Unresolved->Unresolved->Unresolved,Pure Unresolved Compression Equilibrium,Exact,1.0,0.7219280948844771,0.1111111111111111,0.8,0.0,0.0,0.1892412691242961,0.0138888888888888,0.8437683829586091,0.199588437422646,CompressionPressure,0.8437683829586091,7370.25,7371.5,7364.75,7368.0,Down,-1,7370.0,6.75,7.410714285714286,5,7362.0,-6.0,-0.8096385542168675,6.0,0.8096385542168675,22.25,-5.75,3.0024096385542167,-0.7759036144578313,1,1
ES,xApvaV01StateLog_ES.csv,2119,2026-05-07 10:40:00,Unresolved,Degrading->Degrading->Degrading->Unresolved,Stable Compression Basin,Exact,1.0,1.6854752972215634,0.3333333333333333,0.5,0.4,0.0,0.0907083333333333,0.0416666666666666,0.6083333333333334,0.475,CompressionPressure,0.6083333333333334,7358.25,7364.75,7355.25,7362.0,Up,1,7358.25,9.5,9.321428571428571,5,7363.0,1.0,0.10727969348659,1.0,0.10727969348659,4.75,-12.5,0.5095785440613027,-1.3409961685823757,1,1
ES,xApvaV01StateLog_ES.csv,2120,2026-05-07 10:45:00,Unresolved,Degrading->Degrading->Unresolved->Unresolved,Stable Compression Basin,Exact,1.0,1.8464393446652445,0.3333333333333333,0.4,0.4,0.0,0.0790416666666666,0.0416666666666666,0.5666666666666667,0.475,CompressionPressure,0.5666666666666667,7362.0,7365.25,7354.75,7356.0,Up,1,7362.0,10.5,9.553571428571429,5,7362.0,6.0,0.6280373831775701,6.0,0.6280373831775701,13.75,-6.5,1.439252336448598,-0.6803738317757009,1,1
ES,xApvaV01StateLog_ES.csv,2121,2026-05-07 10:50:00,Unresolved,Degrading->Unresolved->Unresolved->Unresolved,Stable Compression Basin,Exact,1.0,1.8954618442325508,0.3333333333333333,0.3,0.4,0.0,0.0790416666666666,0.0416666666666666,0.5666666666666667,0.475,CompressionPressure,0.5666666666666667,7355.75,7357.25,7351.75,7353.75,Down,-1,7356.0,5.5,9.267857142857142,5,7364.5,10.75,1.159922928709056,-10.75,-1.159922928709056,4.25,-16.0,0.4585741811175337,-1.7263969171483624,0,1
ES,xApvaV01StateLog_ES.csv,2122,2026-05-07 10:55:00,Unresolved,Unresolved->Unresolved->Unresolved->Unresolved,Pure Unresolved Compression Equilibrium,Exact,1.0,1.8954618442325508,0.4444444444444444,0.3,0.4,0.0,0.0668888888888889,0.0555555555555555,0.538888888888889,0.5166666666666666,CompressionPressure,0.538888888888889,7353.75,7356.0,7349.5,7352.75,Down,-1,7353.75,6.5,9.25,5,7366.75,14.0,1.5135135135135136,-14.0,-1.5135135135135136,1.5,-17.75,0.1621621621621621,-1.9189189189189189,0,1
ES,xApvaV01StateLog_ES.csv,2127,2026-05-07 11:20:00,Unresolved,Unresolved->Degrading->Unresolved->Unresolved,Stable Compression Basin,Exact,1.0,1.2954618442339936,0.6666666666666666,0.6,0.1,0.0,0.0682328692175015,0.0833333333333333,0.5857003014020421,0.533382278426186,CompressionPressure,0.5857003014020421,7364.75,7370.5,7364.25,7366.75,Up,1,7364.5,6.25,9.982142857142858,5,7351.25,-15.5,-1.552772808586762,-15.5,-1.552772808586762,2.0,-19.25,0.2003577817531305,-1.928443649373882,0,1
ES,xApvaV01StateLog_ES.csv,2135,2026-05-07 12:00:00,Balance,Directional->Degrading->Unresolved->Balance,Stable Compression Basin,Soft,0.3660254037844386,1.3567796494412687,0.5555555555555556,0.7,0.4,0.0,0.1083576692007639,0.0694444444444444,0.6513123830210318,0.5051288816486108,CompressionPressure,0.6513123830210318,7353.75,7360.25,7351.5,7359.75,Up,1,7353.75,8.75,8.625,5,7350.25,-9.5,-1.1014492753623188,-9.5,-1.1014492753623188,4.0,-10.25,0.463768115942029,-1.1884057971014492,0,1
ES,xApvaV01StateLog_ES.csv,2136,2026-05-07 12:05:00,Unresolved,Degrading->Unresolved->Balance->Unresolved,Stable Compression Basin,Exact,1.0,1.3567796494412687,0.5555555555555556,0.7,0.4,0.0,0.1083576692007639,0.0694444444444444,0.6513123830210318,0.5051288816486108,CompressionPressure,0.6513123830210318,7359.75,7362.75,7355.0,7357.25,Up,1,7359.75,7.75,8.714285714285714,5,7354.0,-3.25,-0.3729508196721312,-3.25,-0.3729508196721312,6.5,-8.75,0.7459016393442623,-1.004098360655738,0,1
ES,xApvaV01StateLog_ES.csv,2137,2026-05-07 12:10:00,Unresolved,Unresolved->Balance->Unresolved->Unresolved,Stable Compression Basin,Exact,1.0,1.3567796494412687,0.4444444444444444,0.7,0.4,0.0,0.1205104469785417,0.0555555555555555,0.6790901607988096,0.4634622149819441,CompressionPressure,0.6790901607988096,7357.25,7360.75,7355.75,7357.75,Up,1,7357.25,5.0,8.0,5,7358.25,0.5,0.0625,0.5,0.0625,6.0,-9.25,0.75,-1.15625,1,1
ES,xApvaV01StateLog_ES.csv,2138,2026-05-07 12:15:00,Unresolved,Balance->Unresolved->Unresolved->Unresolved,Stable Compression Basin,Exact,1.0,0.9219280948830342,0.3333333333333333,0.8,0.4,0.0,0.177623213568851,0.0416666666666666,0.7757128274031437,0.3266717707556637,CompressionPressure,0.7757128274031437,7357.5,7363.75,7356.5,7360.25,Up,1,7357.75,7.25,8.0,5,7362.0,1.75,0.21875,1.75,0.21875,2.5,-11.75,0.3125,-1.46875,1,1
ES,xApvaV01StateLog_ES.csv,2139,2026-05-07 12:20:00,Unresolved,Unresolved->Unresolved->Unresolved->Unresolved,Pure Unresolved Compression Equilibrium,Exact,1.0,1.3567796494412687,0.4444444444444444,0.7,0.4,0.0,0.1205104469785417,0.0555555555555555,0.6790901607988096,0.4634622149819441,CompressionPressure,0.6790901607988096,7360.5,7361.75,7351.75,7354.5,Up,1,7360.25,10.0,8.053571428571429,5,7361.25,6.75,0.8381374722838137,6.75,0.8381374722838137,9.0,-6.0,1.1175166297117516,-0.7450110864745011,1,1
ES,xApvaV01StateLog_ES.csv,2140,2026-05-07 12:25:00,Unresolved,Unresolved->Unresolved->Unresolved->Unresolved,Pure Unresolved Compression Equilibrium,Exact,1.0,1.5709505944488975,0.4444444444444444,0.6,0.4,0.0,0.0924463173347285,0.0555555555555555,0.6240378100691661,0.510312109202363,CompressionPressure,0.6240378100691661,7354.5,7355.75,7349.5,7350.25,Down,-1,7354.5,6.25,8.017857142857142,5,7361.0,10.75,1.3407572383073498,-10.75,-1.3407572383073498,1.75,-13.25,0.2182628062360802,-1.6525612472160358,0,1
ES,xApvaV01StateLog_ES.csv,2141,2026-05-07 12:30:00,Unresolved,Unresolved->Unresolved->Unresolved->Unresolved,Pure Unresolved Compression Equilibrium,Exact,1.0,1.6854752972215634,0.3333333333333333,0.5,0.4,0.0,0.0907083333333333,0.0416666666666666,0.6083333333333334,0.475,CompressionPressure,0.6083333333333334,7350.5,7356.5,7348.5,7354.0,Down,-1,7350.25,8.0,8.142857142857142,5,7357.75,3.75,0.4605263157894737,-3.75,-0.4605263157894737,1.5,-13.5,0.1842105263157895,-1.6578947368421053,0,1
ES,xApvaV01StateLog_ES.csv,2142,2026-05-07 12:35:00,Unresolved,Unresolved->Unresolved->Unresolved->Unresolved,Pure Unresolved Compression Equilibrium,Exact,1.0,1.360964047439353,0.2222222222222222,0.5,0.3,0.0,0.1141623012290356,0.0277777777777777,0.6510508581461516,0.3810442187106918,CompressionPressure,0.6510508581461516,7353.75,7359.5,7352.5,7358.25,Up,1,7354.0,7.0,8.196428571428571,5,7364.25,6.0,0.7320261437908497,6.0,0.7320261437908497,9.25,-3.5,1.1285403050108933,-0.4270152505446623,1,1
ES,xApvaV01StateLog_ES.csv,2143,2026-05-07 12:40:00,Unresolved,Unresolved->Unresolved->Unresolved->Unresolved,Pure Unresolved Compression Equilibrium,Exact,1.0,0.9999999999971146,0.1111111111111111,0.5,0.2,0.0,0.1469513888891098,0.0138888888888888,0.7013888888890694,0.2604166666660354,CompressionPressure,0.7013888888890694,7358.0,7362.75,7356.75,7362.0,Up,1,7358.25,6.0,8.357142857142858,5,7373.5,11.5,1.376068376068376,11.5,1.376068376068376,16.75,-7.25,2.0042735042735043,-0.8675213675213674,1,1
ES,xApvaV01StateLog_ES.csv,2144,2026-05-07 12:45:00,Unresolved,Unresolved->Unresolved->Unresolved->Unresolved,Pure Unresolved Compression Equilibrium,Exact,1.0,0.9709505944517832,0.1111111111111111,0.6,0.1,0.0,0.1538421506678408,0.0138888888888888,0.7448711434023191,0.2540621092029942,CompressionPressure,0.7448711434023191,7362.0,7363.5,7358.75,7361.25,Up,1,7362.0,4.75,8.196428571428571,5,7367.75,6.5,0.7930283224400871,6.5,0.7930283224400871,17.5,-6.5,2.135076252723312,-0.7930283224400871,1,1
ES,xApvaV01StateLog_ES.csv,2145,2026-05-07 12:50:00,Unresolved,Unresolved->Unresolved->Unresolved->Unresolved,Pure Unresolved Compression Equilibrium,Exact,1.0,0.8812908992278072,0.1111111111111111,0.7,0.0,0.0,0.1653733877500932,0.0138888888888888,0.7921415410204843,0.2344490508727494,CompressionPressure,0.7921415410204843,7361.5,7362.75,7358.0,7361.0,Down,-1,7361.25,4.75,7.857142857142857,5,7369.5,8.5,1.0818181818181818,-8.5,-1.0818181818181818,6.25,-17.75,0.7954545454545455,-2.2590909090909093,0,1
ES,xApvaV01StateLog_ES.csv,2146,2026-05-07 12:55:00,Unresolved,Unresolved->Unresolved->Unresolved->Unresolved,Pure Unresolved Compression Equilibrium,Exact,1.0,0.7219280948844771,0.1111111111111111,0.8,0.0,0.0,0.1892412691242961,0.0138888888888888,0.8437683829586091,0.199588437422646,CompressionPressure,0.8437683829586091,7361.0,7367.5,7354.75,7357.75,Down,-1,7361.0,12.75,7.625,5,7368.25,10.5,1.3770491803278688,-10.5,-1.3770491803278688,2.75,-21.0,0.360655737704918,-2.7540983606557377,0,1
ES,xApvaV01StateLog_ES.csv,2147,2026-05-07 13:00:00,Unresolved,Unresolved->Unresolved->Unresolved->Unresolved,Pure Unresolved Compression Equilibrium,Exact,1.0,0.4689955935863958,0.1111111111111111,0.9,0.0,0.0,0.2202730804215971,0.0138888888888888,0.9012433309564056,0.1442594527636907,CompressionPressure,0.9012433309564056,7358.0,7365.0,7356.25,7364.25,Down,-1,7357.75,8.75,7.535714285714286,5,7369.75,5.5,0.7298578199052133,-5.5,-0.7298578199052133,9.25,-14.5,1.227488151658768,-1.924170616113744,0,1
ES,xApvaV01StateLog_ES.csv,2148,2026-05-07 13:05:00,Unresolved,Unresolved->Unresolved->Unresolved->Unresolved,Pure Unresolved Compression Equilibrium,Exact,1.0,-1.4428232973175177e-12,0.0,1.0,0.0,0.0,0.2799999999999999,0.0,1.0,0.0,CompressionPressure,1.0,7364.25,7378.75,7355.0,7373.5,Up,1,7364.25,23.75,8.625,5,7368.75,-4.75,-0.5507246376811594,-4.75,-0.5507246376811594,0.25,-7.0,0.0289855072463768,-0.8115942028985508,0,1
ES,xApvaV01StateLog_ES.csv,2149,2026-05-07 13:10:00,Unresolved,Unresolved->Unresolved->Unresolved->Unresolved,Pure Unresolved Compression Equilibrium,Exact,1.0,-1.4428232973175177e-12,0.0,1.0,0.0,0.0,0.2799999999999999,0.0,1.0,0.0,CompressionPressure,1.0,7373.25,7373.75,7366.5,7367.75,Up,1,7373.5,7.25,8.517857142857142,5,7368.5,0.75,0.0880503144654088,0.75,0.0880503144654088,3.5,-2.75,0.4109014675052411,-0.3228511530398323,1,1
ES,xApvaV01StateLog_ES.csv,2150,2026-05-07 13:15:00,Unresolved,Unresolved->Unresolved->Unresolved->Unresolved,Pure Unresolved Compression Equilibrium,Exact,1.0,-1.4428232973175177e-12,0.0,1.0,0.0,0.0,0.2799999999999999,0.0,1.0,0.0,CompressionPressure,1.0,7368.0,7370.0,7367.0,7369.5,Up,1,7367.75,3.0,8.178571428571429,5,7354.0,-15.5,-1.8951965065502183,-15.5,-1.8951965065502183,1.75,-17.25,0.2139737991266375,-2.109170305676856,0,1
ES,xApvaV01StateLog_ES.csv,2151,2026-05-07 13:20:00,Unresolved,Unresolved->Unresolved->Unresolved->Unresolved,Pure Unresolved Compression Equilibrium,Exact,1.0,-1.4428232973175177e-12,0.0,1.0,0.0,0.0,0.2799999999999999,0.0,1.0,0.0,CompressionPressure,1.0,7369.5,7371.25,7366.5,7368.25,Up,1,7369.5,4.75,8.160714285714286,5,7360.25,-8.0,-0.9803063457330414,-8.0,-0.9803063457330414,2.5,-16.25,0.3063457330415755,-1.9912472647702408,0,1
ES,xApvaV01StateLog_ES.csv,2152,2026-05-07 13:25:00,Unresolved,Unresolved->Unresolved->Unresolved->Unresolved,Pure Unresolved Compression Equilibrium,Exact,1.0,-1.4428232973175177e-12,0.0,1.0,0.0,0.0,0.2799999999999999,0.0,1.0,0.0,CompressionPressure,1.0,7368.0,7370.75,7367.75,7369.75,Up,1,7368.25,3.0,7.857142857142857,5,7356.75,-13.0,-1.6545454545454543,-13.0,-1.6545454545454543,1.0,-17.75,0.1272727272727273,-2.2590909090909093,0,1
ES,xApvaV01StateLog_ES.csv,2153,2026-05-07 13:30:00,Unresolved,Unresolved->Unresolved->Unresolved->Unresolved,Pure Unresolved Compression Equilibrium,Exact,1.0,-1.4428232973175177e-12,0.0,1.0,0.0,0.0,0.2799999999999999,0.0,1.0,0.0,CompressionPressure,1.0,7369.75,7370.0,7368.5,7368.75,Up,1,7369.75,1.5,7.25,5,7355.5,-13.25,-1.827586206896552,-13.25,-1.827586206896552,2.0,-16.75,0.2758620689655172,-2.310344827586207,0,1
ES,xApvaV01StateLog_ES.csv,2154,2026-05-07 13:35:00,Unresolved,Unresolved->Unresolved->Unresolved->Unresolved,Pure Unresolved Compression Equilibrium,Exact,1.0,-1.4428232973175177e-12,0.0,1.0,0.0,0.0,0.2799999999999999,0.0,1.0,0.0,CompressionPressure,1.0,7368.75,7370.75,7365.0,7368.5,Down,-1,7368.75,5.75,7.214285714285714,5,7352.25,-16.25,-2.2524752475247523,16.25,2.2524752475247523,17.25,-1.0,2.391089108910891,-0.1386138613861386,1,1
ES,xApvaV01StateLog_ES.csv,2155,2026-05-07 13:40:00,Unresolved,Unresolved->Unresolved->Unresolved->Unresolved,Pure Unresolved Compression Equilibrium,Exact,1.0,-1.4428232973175177e-12,0.0,1.0,0.0,0.0,0.2799999999999999,0.0,1.0,0.0,CompressionPressure,1.0,7368.75,7369.5,7352.25,7354.0,Down,-1,7368.5,17.25,7.875,5,7399.25,45.25,5.746031746031746,-45.25,-5.746031746031746,2.75,-45.75,0.3492063492063492,-5.809523809523809,0,1
ES,xApvaV01StateLog_ES.csv,2156,2026-05-07 13:45:00,Unresolved,Unresolved->Unresolved->Unresolved->Unresolved,Pure Unresolved Compression Equilibrium,Exact,1.0,-1.4428232973175177e-12,0.0,1.0,0.0,0.0,0.2799999999999999,0.0,1.0,0.0,CompressionPressure,1.0,7353.75,7361.25,7352.0,7360.25,Down,-1,7354.0,9.25,8.035714285714286,5,7395.75,35.5,4.417777777777777,-35.5,-4.417777777777777,9.0,-41.0,1.12,-5.102222222222221,0,1
ES,xApvaV01StateLog_ES.csv,2157,2026-05-07 13:50:00,Unresolved,Unresolved->Unresolved->Unresolved->Unresolved,Pure Unresolved Compression Equilibrium,Exact,1.0,-1.4428232973175177e-12,0.0,1.0,0.0,0.0,0.2799999999999999,0.0,1.0,0.0,CompressionPressure,1.0,7360.0,7362.0,7355.0,7356.75,Down,-1,7360.25,7.0,8.107142857142858,5,7399.5,42.75,5.273127753303965,-42.75,-5.273127753303965,5.5,-44.5,0.6784140969162995,-5.488986784140969,0,1
ES,xApvaV01StateLog_ES.csv,2158,2026-05-07 13:55:00,Unresolved,Unresolved->Unresolved->Unresolved->Unresolved,Pure Unresolved Compression Equilibrium,Exact,1.0,-1.4428232973175177e-12,0.0,1.0,0.0,0.0,0.2799999999999999,0.0,1.0,0.0,CompressionPressure,1.0,7356.75,7358.25,7354.75,7355.5,Down,-1,7356.75,3.5,8.017857142857142,5,7407.5,52.0,6.485523385300668,-52.0,-6.485523385300668,4.25,-54.0,0.5300668151447662,-6.734966592427617,0,1
ES,xApvaV01StateLog_ES.csv,2159,2026-05-07 14:00:00,Unresolved,Unresolved->Unresolved->Unresolved->Unresolved,Pure Unresolved Compression Equilibrium,Exact,1.0,-1.4428232973175177e-12,0.0,1.0,0.0,0.0,0.2799999999999999,0.0,1.0,0.0,CompressionPressure,1.0,7355.5,7355.75,7351.25,7352.25,Down,-1,7355.5,4.5,8.0,5,7406.5,54.25,6.78125,-54.25,-6.78125,-39.5,-58.5,-4.9375,-7.3125,0,1
ES,xApvaV01StateLog_ES.csv,2160,2026-05-08 06:35:00,Unresolved,Unresolved->Unresolved->Unresolved->Unresolved,Pure Unresolved Compression Equilibrium,Exact,1.0,-1.4428232973175177e-12,0.0,1.0,0.0,0.0,0.2799999999999999,0.0,1.0,0.0,CompressionPressure,1.0,7395.75,7399.75,7393.25,7399.25,Down,-1,7352.25,47.5,10.482142857142858,5,7413.5,14.25,1.3594548551959114,-14.25,-1.3594548551959114,7.5,-14.5,0.7155025553662692,-1.383304940374787,0,1
ES,xApvaV01StateLog_ES.csv,2164,2026-05-08 06:55:00,Unresolved,Directional->Degrading->Degrading->Unresolved,Stable Compression Basin,Soft,0.5,1.5709505944488975,0.3333333333333333,0.6,0.4,0.0,0.1045990951125062,0.0416666666666666,0.6518155878469439,0.4686454425356963,CompressionPressure,0.6518155878469439,7407.25,7410.75,7405.25,7406.5,Up,1,7407.5,5.5,9.571428571428571,5,7416.0,9.5,0.9925373134328358,9.5,0.9925373134328358,10.75,-1.0,1.123134328358209,-0.1044776119402985,1,1
ES,xApvaV01StateLog_ES.csv,2165,2026-05-08 07:00:00,Unresolved,Degrading->Degrading->Unresolved->Unresolved,Stable Compression Basin,Exact,1.0,1.7609640474379105,0.3333333333333333,0.5,0.4,0.0,0.0907083333333333,0.0416666666666666,0.6083333333333334,0.475,CompressionPressure,0.6083333333333334,7406.5,7413.75,7405.5,7413.5,Up,1,7406.5,8.25,9.821428571428571,5,7419.75,6.25,0.6363636363636364,6.25,0.6363636363636364,6.75,-4.25,0.6872727272727273,-0.4327272727272727,1,1
ES,xApvaV01StateLog_ES.csv,2166,2026-05-08 07:05:00,Unresolved,Degrading->Unresolved->Unresolved->Unresolved,Stable Compression Basin,Exact,1.0,1.8464393446652445,0.3333333333333333,0.4,0.4,0.0,0.0790416666666666,0.0416666666666666,0.5666666666666667,0.475,CompressionPressure,0.5666666666666667,7413.25,7416.0,7409.25,7414.75,Up,1,7413.5,6.75,10.089285714285714,5,7415.25,0.5,0.0495575221238938,0.5,0.0495575221238938,8.0,-5.25,0.792920353982301,-0.520353982300885,1,1
ES,xApvaV01StateLog_ES.csv,2171,2026-05-08 07:30:00,Unresolved,Unresolved->Unresolved->Degrading->Unresolved,Stable Compression Basin,Exact,1.0,1.3709505944503406,0.5555555555555556,0.6,0.3,0.0,0.0886060395568402,0.0694444444444444,0.6087600322912982,0.5082287758693453,CompressionPressure,0.6087600322912982,7419.75,7422.75,7414.25,7415.25,Up,1,7419.75,8.5,9.339285714285714,5,7420.0,4.75,0.5086042065009561,4.75,0.5086042065009561,6.75,-7.0,0.722753346080306,-0.7495219885277248,1,1
ES,xApvaV01StateLog_ES.csv,2172,2026-05-08 07:35:00,Unresolved,Unresolved->Degrading->Unresolved->Unresolved,Stable Compression Basin,Exact,1.0,1.1567796494427114,0.5555555555555556,0.7,0.2,0.0,0.1096701692006535,0.0694444444444444,0.6638123830209416,0.4613788816489264,CompressionPressure,0.6638123830209416,7415.25,7415.5,7410.5,7412.25,Down,-1,7415.25,5.0,9.446428571428571,5,7417.75,5.5,0.5822306238185255,-5.5,-0.5822306238185255,4.0,-9.75,0.4234404536862003,-1.0321361058601135,0,1
ES,xApvaV01StateLog_ES.csv,2173,2026-05-08 07:40:00,Unresolved,Degrading->Unresolved->Unresolved->Unresolved,Stable Compression Basin,Exact,1.0,0.7219280948844771,0.4444444444444444,0.8,0.1,0.0,0.1597829357909628,0.0555555555555555,0.7604350496252757,0.324588437422646,CompressionPressure,0.7604350496252757,7412.25,7416.75,7408.25,7416.75,Down,-1,7412.25,8.5,9.732142857142858,5,7417.75,1.0,0.1027522935779816,-1.0,-0.1027522935779816,2.0,-5.25,0.2055045871559633,-0.5394495412844036,0,1
ES,xApvaV01StateLog_ES.csv,2174,2026-05-08 07:45:00,Unresolved,Unresolved->Unresolved->Unresolved->Unresolved,Pure Unresolved Compression Equilibrium,Exact,1.0,1.1567796494427114,0.5555555555555556,0.7,0.0,0.0,0.0956701692006535,0.0694444444444444,0.6638123830209416,0.4613788816489264,CompressionPressure,0.6638123830209416,7416.5,7418.75,7414.75,7418.5,Up,1,7416.75,4.0,6.625,5,7414.25,-4.25,-0.6415094339622641,-4.25,-0.6415094339622641,3.5,-4.5,0.5283018867924528,-0.6792452830188679,0,1
ES,xApvaV01StateLog_ES.csv,2175,2026-05-08 07:50:00,Unresolved,Unresolved->Unresolved->Unresolved->Unresolved,Pure Unresolved Compression Equilibrium,Exact,1.0,1.3709505944503406,0.5555555555555556,0.6,0.0,0.0,0.0676060395568402,0.0694444444444444,0.6087600322912982,0.5082287758693453,CompressionPressure,0.6087600322912982,7418.75,7422.0,7416.75,7419.0,Up,1,7418.5,5.25,6.535714285714286,5,7412.75,-6.25,-0.9562841530054644,-6.25,-0.9562841530054644,2.5,-7.5,0.3825136612021858,-1.147540983606557,0,1
ES,xApvaV01StateLog_ES.csv,2176,2026-05-08 07:55:00,Unresolved,Unresolved->Unresolved->Unresolved->Unresolved,Pure Unresolved Compression Equilibrium,Exact,1.0,1.4854752972230063,0.4444444444444444,0.5,0.0,0.0,0.0593238531119191,0.0555555555555555,0.5877133494791177,0.4916143879341992,CompressionPressure,0.5877133494791177,7419.0,7420.25,7417.25,7420.0,Up,1,7419.0,3.0,6.196428571428571,5,7411.0,-9.0,-1.452449567723343,-9.0,-1.452449567723343,1.5,-12.75,0.2420749279538905,-2.0576368876080693,0,1
ES,xApvaV01StateLog_ES.csv,2177,2026-05-08 08:00:00,Unresolved,Unresolved->Unresolved->Unresolved->Unresolved,Pure Unresolved Compression Equilibrium,Exact,1.0,1.360964047439353,0.3333333333333333,0.5,0.0,0.0,0.0810095234512578,0.0416666666666666,0.6232730803683738,0.4227108853773584,CompressionPressure,0.6232730803683738,7420.0,7421.5,7417.5,7417.75,Up,1,7420.0,4.0,5.75,5,7412.75,-5.0,-0.8695652173913043,-5.0,-0.8695652173913043,3.0,-10.5,0.5217391304347826,-1.826086956521739,0,1
ES,xApvaV01StateLog_ES.csv,2178,2026-05-08 08:05:00,Unresolved,Unresolved->Unresolved->Unresolved->Unresolved,Pure Unresolved Compression Equilibrium,Exact,1.0,1.360964047439353,0.3333333333333333,0.5,0.0,0.0,0.0810095234512578,0.0416666666666666,0.6232730803683738,0.4227108853773584,CompressionPressure,0.6232730803683738,7417.75,7420.5,7417.0,7417.75,Up,1,7417.75,3.5,5.607142857142857,5,7416.0,-1.75,-0.3121019108280255,-1.75,-0.3121019108280255,3.0,-10.5,0.535031847133758,-1.872611464968153,0,1
ES,xApvaV01StateLog_ES.csv,2179,2026-05-08 08:10:00,Unresolved,Unresolved->Unresolved->Unresolved->Unresolved,Pure Unresolved Compression Equilibrium,Exact,1.0,1.2954618442339936,0.2222222222222222,0.6,0.0,0.0,0.1098439803286126,0.0277777777777777,0.6968114125131533,0.3667156117595194,CompressionPressure,0.6968114125131533,7417.75,7420.75,7414.0,7414.25,Down,-1,7417.75,6.75,5.5,5,7416.5,2.25,0.4090909090909091,-2.25,-0.4090909090909091,7.0,-2.75,1.2727272727272727,-0.5,0,1
ES,xApvaV01StateLog_ES.csv,2180,2026-05-08 08:15:00,Unresolved,Unresolved->Unresolved->Unresolved->Unresolved,Pure Unresolved Compression Equilibrium,Exact,1.0,0.8812908992278072,0.1111111111111111,0.7,0.0,0.0,0.1653733877500932,0.0138888888888888,0.7921415410204843,0.2344490508727494,CompressionPressure,0.7921415410204843,7414.25,7416.5,7411.5,7412.75,Down,-1,7414.25,5.0,5.375,5,7419.75,7.0,1.302325581395349,-7.0,-1.302325581395349,5.5,-7.75,1.0232558139534884,-1.441860465116279,0,1
ES,xApvaV01StateLog_ES.csv,2181,2026-05-08 08:20:00,Unresolved,Unresolved->Unresolved->Unresolved->Unresolved,Pure Unresolved Compression Equilibrium,Exact,1.0,0.7219280948844771,0.1111111111111111,0.8,0.0,0.0,0.1892412691242961,0.0138888888888888,0.8437683829586091,0.199588437422646,CompressionPressure,0.8437683829586091,7412.75,7413.0,7407.25,7411.0,Down,-1,7412.75,5.75,5.392857142857143,5,7414.5,3.5,0.6490066225165563,-3.5,-0.6490066225165563,1.25,-9.5,0.2317880794701986,-1.7615894039735098,0,1
ES,xApvaV01StateLog_ES.csv,2182,2026-05-08 08:25:00,Unresolved,Unresolved->Unresolved->Unresolved->Unresolved,Pure Unresolved Compression Equilibrium,Exact,1.0,0.4689955935863958,0.1111111111111111,0.9,0.0,0.0,0.2202730804215971,0.0138888888888888,0.9012433309564056,0.1442594527636907,CompressionPressure,0.9012433309564056,7410.75,7416.75,7409.75,7412.75,Down,-1,7411.0,7.0,5.428571428571429,5,7417.75,5.0,0.9210526315789472,-5.0,-0.9210526315789472,2.75,-7.75,0.506578947368421,-1.4276315789473684,0,1
ES,xApvaV01StateLog_ES.csv,2183,2026-05-08 08:30:00,Unresolved,Unresolved->Unresolved->Unresolved->Unresolved,Pure Unresolved Compression Equilibrium,Exact,1.0,-1.4428232973175177e-12,0.0,1.0,0.0,0.0,0.2799999999999999,0.0,1.0,0.0,CompressionPressure,1.0,7412.5,7416.25,7411.5,7416.0,Up,1,7412.75,4.75,5.428571428571429,5,7417.0,1.0,0.1842105263157894,1.0,0.1842105263157894,4.5,-6.0,0.8289473684210525,-1.1052631578947367,1,1
ES,xApvaV01StateLog_ES.csv,2184,2026-05-08 08:35:00,Unresolved,Unresolved->Unresolved->Unresolved->Unresolved,Pure Unresolved Compression Equilibrium,Exact,1.0,-1.4428232973175177e-12,0.0,1.0,0.0,0.0,0.2799999999999999,0.0,1.0,0.0,CompressionPressure,1.0,7416.0,7417.0,7410.0,7416.5,Up,1,7416.0,7.0,5.571428571428571,5,7416.0,-0.5,-0.0897435897435897,-0.5,-0.0897435897435897,4.0,-4.0,0.717948717948718,-0.717948717948718,0,1
ES,xApvaV01StateLog_ES.csv,2185,2026-05-08 08:40:00,Unresolved,Unresolved->Unresolved->Unresolved->Unresolved,Pure Unresolved Compression Equilibrium,Exact,1.0,-1.4428232973175177e-12,0.0,1.0,0.0,0.0,0.2799999999999999,0.0,1.0,0.0,CompressionPressure,1.0,7416.5,7420.5,7415.75,7419.75,Up,1,7416.5,4.75,5.303571428571429,5,7418.25,-1.5,-0.2828282828282828,-1.5,-0.2828282828282828,0.75,-7.25,0.1414141414141414,-1.367003367003367,0,1
ES,xApvaV01StateLog_ES.csv,2192,2026-05-08 09:15:00,Unresolved,Degrading->Balance->Balance->Unresolved,Stable Compression Basin,Soft,0.4142135623730951,1.8954618442325508,0.3333333333333333,0.3,0.5,0.0,0.0860416666666666,0.0416666666666666,0.5666666666666667,0.475,CompressionPressure,0.5666666666666667,7419.5,7421.5,7417.75,7420.75,Up,1,7419.5,3.75,5.517857142857143,5,7420.5,-0.25,-0.0453074433656957,-0.25,-0.0453074433656957,3.5,-2.0,0.634304207119741,-0.3624595469255663,0,1
ES,xApvaV01StateLog_ES.csv,2195,2026-05-08 09:30:00,Unresolved,Unresolved->Balance->Balance->Unresolved,Stable Compression Basin,Exact,1.0,1.4854752972230063,0.4444444444444444,0.5,0.5,0.0,0.0943238531119191,0.0555555555555555,0.5877133494791177,0.4916143879341992,CompressionPressure,0.5877133494791177,7420.75,7424.25,7419.75,7422.25,Up,1,7420.75,4.5,4.946428571428571,5,7417.25,-5.0,-1.0108303249097474,-5.0,-1.0108303249097474,1.0,-7.25,0.2021660649819494,-1.4657039711191338,0,1
ES,xApvaV01StateLog_ES.csv,2196,2026-05-08 09:35:00,Unresolved,Balance->Balance->Unresolved->Unresolved,Stable Compression Basin,Exact,1.0,1.4854752972230063,0.4444444444444444,0.5,0.4,0.0,0.0873238531119191,0.0555555555555555,0.5877133494791177,0.4916143879341992,CompressionPressure,0.5877133494791177,7422.5,7423.25,7419.75,7421.5,Up,1,7422.25,3.5,4.696428571428571,5,7415.75,-5.75,-1.2243346007604563,-5.75,-1.2243346007604563,1.25,-6.5,0.2661596958174905,-1.3840304182509506,0,1
ES,xApvaV01StateLog_ES.csv,2198,2026-05-08 09:45:00,Unresolved,Unresolved->Unresolved->Balance->Unresolved,Stable Compression Basin,Exact,1.0,0.9709505944517832,0.5555555555555556,0.6,0.2,0.0,0.1122310395567297,0.0694444444444444,0.633760032291208,0.4207287758696609,CompressionPressure,0.633760032291208,7420.75,7421.25,7415.0,7415.25,Down,-1,7420.5,6.25,4.589285714285714,5,7420.0,4.75,1.0350194552529182,-4.75,-1.0350194552529182,0.5,-7.75,0.1089494163424124,-1.688715953307393,0,1
ES,xApvaV01StateLog_ES.csv,2199,2026-05-08 09:50:00,Unresolved,Unresolved->Balance->Unresolved->Unresolved,Stable Compression Basin,Exact,1.0,0.9999999999971146,0.5555555555555556,0.5,0.1,0.0,0.0913402777779986,0.0694444444444444,0.5902777777779582,0.4270833333327021,CompressionPressure,0.5902777777779582,7415.25,7420.25,7415.0,7420.0,Down,-1,7415.25,5.25,4.625,5,7418.5,-1.5,-0.3243243243243243,1.5,0.3243243243243243,5.25,-3.0,1.135135135135135,-0.6486486486486487,1,1
ES,xApvaV01StateLog_ES.csv,2200,2026-05-08 09:55:00,Unresolved,Balance->Unresolved->Unresolved->Unresolved,Stable Compression Basin,Exact,1.0,0.9709505944517832,0.5555555555555556,0.6,0.0,0.0,0.0982310395567297,0.0694444444444444,0.633760032291208,0.4207287758696609,CompressionPressure,0.633760032291208,7420.25,7420.25,7416.75,7417.25,Down,-1,7420.0,3.5,4.303571428571429,5,7422.0,4.75,1.1037344398340247,-4.75,-1.1037344398340247,2.5,-5.75,0.5809128630705394,-1.3360995850622406,0,1
ES,xApvaV01StateLog_ES.csv,2201,2026-05-08 10:00:00,Unresolved,Unresolved->Unresolved->Unresolved->Unresolved,Pure Unresolved Compression Equilibrium,Exact,1.0,1.2954618442339936,0.5555555555555556,0.6,0.0,0.0,0.0733856469952793,0.0694444444444444,0.6134780791798199,0.4917156117595194,CompressionPressure,0.6134780791798199,7417.5,7417.75,7415.5,7415.75,Down,-1,7417.25,2.25,3.946428571428572,5,7423.0,7.25,1.83710407239819,-7.25,-1.83710407239819,1.0,-8.25,0.253393665158371,-2.0904977375565608,0,1
ES,xApvaV01StateLog_ES.csv,2216,2026-05-08 11:15:00,Balance,Balance->Balance->Unresolved->Balance,Unstable Rotational Balance,Soft,1.0,0.4689955935863958,0.1111111111111111,0.9,0.0,0.0,0.2202730804215971,0.0138888888888888,0.4512433309564058,0.3942594527636907,CompressionPressure,0.4512433309564058,7421.0,7425.5,7420.25,7425.0,Down,-1,7420.75,5.25,3.9107142857142856,5,7421.5,-3.5,-0.8949771689497718,3.5,0.8949771689497718,3.75,-1.75,0.9589041095890412,-0.4474885844748859,1,1
ES,xApvaV01StateLog_ES.csv,2217,2026-05-08 11:20:00,Balance,Balance->Unresolved->Balance->Balance,Unstable Rotational Balance,Exact,1.0,-1.4428232973175177e-12,0.0,1.0,0.0,0.0,0.2799999999999999,0.0,0.55,0.25,CompressionPressure,0.55,7424.75,7426.5,7423.75,7424.5,Down,-1,7425.0,2.75,3.767857142857143,5,7419.25,-5.25,-1.3933649289099526,5.25,1.3933649289099526,5.5,-2.25,1.4597156398104263,-0.5971563981042655,1,1
ES,xApvaV01StateLog_ES.csv,2218,2026-05-08 11:25:00,Balance,Unresolved->Balance->Balance->Balance,Unstable Rotational Balance,Exact,1.0,-1.4428232973175177e-12,0.0,1.0,0.0,0.0,0.2799999999999999,0.0,0.55,0.25,CompressionPressure,0.55,7424.5,7426.0,7424.0,7424.75,Down,-1,7424.5,2.0,3.75,5,7416.0,-8.75,-2.333333333333333,8.75,2.333333333333333,9.75,-2.0,2.6,-0.5333333333333333,1,1
ES,xApvaV01StateLog_ES.csv,2219,2026-05-08 11:30:00,Balance,Balance->Balance->Balance->Balance,Unstable Rotational Balance,Exact,1.0,-1.4428232973175177e-12,0.0,1.0,0.0,0.0,0.2799999999999999,0.0,0.55,0.25,CompressionPressure,0.55,7424.75,7425.25,7423.25,7424.0,Down,-1,7424.75,2.0,3.642857142857143,5,7412.5,-11.5,-3.156862745098039,11.5,3.156862745098039,13.0,-2.75,3.5686274509803924,-0.7549019607843137,1,1
ES,xApvaV01StateLog_ES.csv,2220,2026-05-08 11:35:00,Degrading,Balance->Balance->Balance->Degrading,Sponsor Exhaustion Collapse,Exact,1.0,0.4689955935863958,0.1111111111111111,0.9,0.0,0.0,0.2202730804215971,0.1138888888888889,0.4512433309564058,0.1442594527636907,CompressionPressure,0.4512433309564058,7424.25,7426.75,7422.75,7422.75,Down,-1,7424.0,4.0,3.696428571428572,5,7410.75,-12.0,-3.2463768115942027,12.0,3.2463768115942027,15.25,-1.0,4.125603864734299,-0.2705314009661835,1,1
ES,xApvaV01StateLog_ES.csv,2221,2026-05-08 11:40:00,Degrading,Balance->Balance->Degrading->Degrading,Sponsor Exhaustion Collapse,Soft,0.4142135623730951,0.7219280948844771,0.1111111111111111,0.8,0.0,0.0,0.1892412691242961,0.1138888888888889,0.3937683829586091,0.199588437422646,CompressionPressure,0.3937683829586091,7422.75,7423.75,7421.25,7421.5,Down,-1,7422.75,2.5,3.732142857142857,5,7412.75,-8.75,-2.3444976076555024,8.75,2.3444976076555024,14.0,-1.0,3.751196172248804,-0.2679425837320574,1,1
ES,xApvaV01StateLog_ES.csv,2222,2026-05-08 11:45:00,Degrading,Balance->Degrading->Degrading->Degrading,Sponsor Exhaustion Collapse,Soft,0.5,0.8812908992278072,0.1111111111111111,0.7,0.0,0.0,0.1653733877500932,0.1138888888888889,0.3421415410204842,0.2344490508727494,CompressionPressure,0.3421415410204842,7421.5,7422.5,7419.0,7419.25,Down,-1,7421.5,3.5,3.821428571428572,5,7415.25,-4.0,-1.0467289719626167,4.0,1.0467289719626167,11.75,0.0,3.074766355140187,0.0,1,1
ES,xApvaV01StateLog_ES.csv,2229,2026-05-08 12:20:00,Degrading,Degrading->Degrading->Degrading->Degrading,Sponsor Exhaustion Collapse,Exact,1.0,0.8812908992278072,0.2222222222222222,0.7,0.6,0.0,0.1952206099723154,0.1277777777777777,0.3143637632427065,0.2761157175394161,CompressionPressure,0.3143637632427065,7414.75,7418.25,7414.25,7418.0,Up,1,7414.75,4.0,4.053571428571429,5,7419.75,1.75,0.4317180616740088,1.75,0.4317180616740088,2.75,-6.5,0.6784140969162995,-1.6035242290748897,1,1
ES,xApvaV01StateLog_ES.csv,2230,2026-05-08 12:25:00,Unresolved,Degrading->Degrading->Degrading->Unresolved,Stable Compression Basin,Exact,1.0,1.2954618442339936,0.3333333333333333,0.6,0.6,0.0,0.1396912025508348,0.0416666666666666,0.6690336347353755,0.4083822784261861,CompressionPressure,0.6690336347353755,7418.0,7418.75,7415.75,7416.25,Up,1,7418.0,3.0,3.892857142857143,5,7418.5,2.25,0.5779816513761468,2.25,0.5779816513761468,5.25,-4.75,1.3486238532110093,-1.220183486238532,1,1
ES,xApvaV01StateLog_ES.csv,2231,2026-05-08 12:30:00,Unresolved,Degrading->Degrading->Unresolved->Unresolved,Stable Compression Basin,Exact,1.0,1.4854752972230063,0.3333333333333333,0.5,0.6,0.0,0.1134766308896969,0.0416666666666666,0.6154911272568955,0.4499477212675326,CompressionPressure,0.6154911272568955,7416.25,7417.5,7412.75,7412.75,Down,-1,7416.25,4.75,4.035714285714286,5,7421.0,8.25,2.0442477876106198,-8.25,-2.0442477876106198,1.25,-8.75,0.3097345132743363,-2.168141592920354,0,1
ES,xApvaV01StateLog_ES.csv,2232,2026-05-08 12:35:00,Unresolved,Degrading->Unresolved->Unresolved->Unresolved,Stable Compression Basin,Exact,1.0,1.5709505944503404,0.2222222222222222,0.4,0.6,0.0,0.1074185395568402,0.0277777777777777,0.5962600322912982,0.4269787758693452,CompressionPressure,0.5962600322912982,7413.0,7417.25,7411.5,7416.75,Down,-1,7412.75,5.75,4.303571428571429,5,7421.0,4.25,0.987551867219917,-4.25,-0.987551867219917,1.5,-5.25,0.3485477178423236,-1.2199170124481329,0,1
ES,xApvaV01StateLog_ES.csv,2233,2026-05-08 12:40:00,Unresolved,Unresolved->Unresolved->Unresolved->Unresolved,Pure Unresolved Compression Equilibrium,Exact,1.0,1.8464393446652445,0.3333333333333333,0.4,0.5,0.0,0.0860416666666666,0.0416666666666666,0.5666666666666667,0.475,CompressionPressure,0.5666666666666667,7417.0,7419.0,7415.25,7417.5,Up,1,7416.75,3.75,4.428571428571429,5,7423.5,6.0,1.3548387096774193,6.0,1.3548387096774193,7.5,-0.5,1.693548387096774,-0.1129032258064516,1,1
ES,xApvaV01StateLog_ES.csv,2237,2026-05-08 13:00:00,Unresolved,Degrading->Degrading->Degrading->Unresolved,Stable Compression Basin,Exact,1.0,1.360964047439353,0.4444444444444444,0.5,0.1,0.0,0.0758567456734801,0.0555555555555555,0.595495302590596,0.4643775520440251,CompressionPressure,0.595495302590596,7420.75,7422.0,7417.0,7421.0,Up,1,7421.0,5.0,4.535714285714286,5,7420.25,-0.75,-0.1653543307086614,-0.75,-0.1653543307086614,4.0,-3.75,0.8818897637795275,-0.8267716535433071,0,1
ES,xApvaV01StateLog_ES.csv,2247,2026-05-08 13:50:00,Unresolved,Balance->Balance->Unresolved->Unresolved,Stable Compression Basin,Exact,1.0,0.9709505944517832,0.5555555555555556,0.6,0.0,0.0,0.0982310395567297,0.0694444444444444,0.633760032291208,0.4207287758696609,CompressionPressure,0.633760032291208,7421.0,7422.5,7421.0,7421.75,Up,1,7421.25,1.5,2.982142857142857,5,7429.5,7.75,2.5988023952095807,7.75,2.5988023952095807,7.75,-11.75,2.5988023952095807,-3.9401197604790417,1,1
ES,xApvaV01StateLog_ES.csv,2248,2026-05-08 13:55:00,Unresolved,Balance->Unresolved->Unresolved->Unresolved,Stable Compression Basin,Exact,1.0,0.9999999999971146,0.4444444444444444,0.5,0.0,0.0,0.0964930555557764,0.0555555555555555,0.618055555555736,0.3854166666660354,CompressionPressure,0.618055555555736,7421.75,7422.0,7420.0,7421.5,Up,1,7421.75,2.0,2.892857142857143,5,7433.75,12.25,4.234567901234568,12.25,4.234567901234568,15.75,-11.5,5.444444444444445,-3.975308641975309,1,1
ES,xApvaV01StateLog_ES.csv,2250,2026-05-11 06:35:00,Unresolved,Unresolved->Unresolved->Balance->Unresolved,Stable Compression Basin,Exact,1.0,0.9709505944517832,0.5555555555555556,0.6,0.0,0.0,0.0982310395567297,0.0694444444444444,0.633760032291208,0.4207287758696609,CompressionPressure,0.633760032291208,7410.25,7424.75,7410.0,7424.5,Down,-1,7420.5,14.75,3.571428571428572,5,7432.75,8.25,2.31,-8.25,-2.31,5.0,-12.75,1.4,-3.57,0,1
ES,xApvaV01StateLog_ES.csv,2251,2026-05-11 06:40:00,Unresolved,Unresolved->Balance->Unresolved->Unresolved,Stable Compression Basin,Exact,1.0,0.9999999999971146,0.4444444444444444,0.5,0.0,0.0,0.0964930555557764,0.0555555555555555,0.618055555555736,0.3854166666660354,CompressionPressure,0.618055555555736,7424.75,7424.75,7419.5,7421.25,Down,-1,7424.5,5.25,3.5892857142857144,5,7431.5,10.25,2.855721393034826,-10.25,-2.855721393034826,0.75,-16.0,0.208955223880597,-4.45771144278607,0,1
ES,xApvaV01StateLog_ES.csv,2252,2026-05-11 06:45:00,Unresolved,Balance->Unresolved->Unresolved->Unresolved,Stable Compression Basin,Exact,1.0,0.9999999999971146,0.3333333333333333,0.5,0.0,0.0,0.1086458333335542,0.0416666666666666,0.6458333333335138,0.3437499999993688,CompressionPressure,0.6458333333335138,7421.5,7429.5,7420.5,7429.5,Down,-1,7421.25,9.0,3.767857142857143,5,7433.5,4.0,1.061611374407583,-4.0,-1.061611374407583,0.5,-7.75,0.1327014218009478,-2.056872037914692,0,1
ES,xApvaV01StateLog_ES.csv,2253,2026-05-11 06:50:00,Unresolved,Unresolved->Unresolved->Unresolved->Unresolved,Pure Unresolved Compression Equilibrium,Exact,1.0,1.360964047439353,0.4444444444444444,0.5,0.0,0.0,0.0688567456734801,0.0555555555555555,0.595495302590596,0.4643775520440251,CompressionPressure,0.595495302590596,7429.5,7437.25,7429.0,7433.75,Up,1,7429.5,8.25,4.214285714285714,5,7436.5,2.75,0.6525423728813559,2.75,0.6525423728813559,3.25,-4.75,0.771186440677966,-1.1271186440677965,1,1
ES,xApvaV01StateLog_ES.csv,2254,2026-05-11 06:55:00,Unresolved,Unresolved->Unresolved->Unresolved->Unresolved,Pure Unresolved Compression Equilibrium,Exact,1.0,1.4854752972230063,0.4444444444444444,0.5,0.0,0.0,0.0593238531119191,0.0555555555555555,0.5877133494791177,0.4916143879341992,CompressionPressure,0.5877133494791177,7433.75,7437.0,7430.0,7431.0,Up,1,7433.75,7.0,4.553571428571429,5,7441.0,10.0,2.1960784313725488,10.0,2.1960784313725488,10.0,-2.0,2.1960784313725488,-0.4392156862745098,1,1
ES,xApvaV01StateLog_ES.csv,2255,2026-05-11 07:00:00,Unresolved,Unresolved->Unresolved->Unresolved->Unresolved,Pure Unresolved Compression Equilibrium,Exact,1.0,1.4854752972230063,0.4444444444444444,0.5,0.0,0.0,0.0593238531119191,0.0555555555555555,0.5877133494791177,0.4916143879341992,CompressionPressure,0.5877133494791177,7431.0,7433.75,7429.0,7432.75,Up,1,7431.0,4.75,4.571428571428571,5,7441.25,8.5,1.859375,8.5,1.859375,9.0,-2.25,1.96875,-0.4921875,1,1
ES,xApvaV01StateLog_ES.csv,2256,2026-05-11 07:05:00,Unresolved,Unresolved->Unresolved->Unresolved->Unresolved,Pure Unresolved Compression Equilibrium,Exact,1.0,1.360964047439353,0.3333333333333333,0.5,0.0,0.0,0.0810095234512578,0.0416666666666666,0.6232730803683738,0.4227108853773584,CompressionPressure,0.6232730803683738,7432.5,7433.75,7430.75,7431.5,Up,1,7432.75,3.0,4.535714285714286,5,7430.25,-1.25,-0.2755905511811024,-1.25,-0.2755905511811024,10.5,-1.25,2.31496062992126,-0.2755905511811024,0,1
ES,xApvaV01StateLog_ES.csv,2257,2026-05-11 07:10:00,Unresolved,Unresolved->Unresolved->Unresolved->Unresolved,Pure Unresolved Compression Equilibrium,Exact,1.0,1.360964047439353,0.3333333333333333,0.5,0.0,0.0,0.0810095234512578,0.0416666666666666,0.6232730803683738,0.4227108853773584,CompressionPressure,0.6232730803683738,7431.5,7434.75,7430.5,7433.5,Up,1,7431.5,4.25,4.696428571428571,5,7430.5,-3.0,-0.6387832699619772,-3.0,-0.6387832699619772,8.5,-12.0,1.8098859315589355,-2.555133079847909,0,1
ES,xApvaV01StateLog_ES.csv,2258,2026-05-11 07:15:00,Unresolved,Unresolved->Unresolved->Unresolved->Unresolved,Pure Unresolved Compression Equilibrium,Exact,1.0,1.2954618442339936,0.2222222222222222,0.6,0.0,0.0,0.1098439803286126,0.0277777777777777,0.6968114125131533,0.3667156117595194,CompressionPressure,0.6968114125131533,7433.75,7436.5,7431.25,7436.5,Up,1,7433.5,5.25,4.946428571428571,5,7432.0,-4.5,-0.9097472924187726,-4.5,-0.9097472924187726,5.5,-15.0,1.111913357400722,-3.032490974729242,0,1
ES,xApvaV01StateLog_ES.csv,2259,2026-05-11 07:20:00,Unresolved,Unresolved->Unresolved->Unresolved->Unresolved,Pure Unresolved Compression Equilibrium,Exact,1.0,0.8812908992278072,0.1111111111111111,0.7,0.0,0.0,0.1653733877500932,0.0138888888888888,0.7921415410204843,0.2344490508727494,CompressionPressure,0.7921415410204843,7436.5,7441.0,7435.75,7441.0,Up,1,7436.5,5.25,5.267857142857143,5,7435.75,-5.25,-0.9966101694915254,-5.25,-0.9966101694915254,1.0,-19.5,0.1898305084745762,-3.701694915254237,0,1
ES,xApvaV01StateLog_ES.csv,2260,2026-05-11 07:25:00,Unresolved,Unresolved->Unresolved->Unresolved->Unresolved,Pure Unresolved Compression Equilibrium,Exact,1.0,0.7219280948844771,0.1111111111111111,0.8,0.0,0.0,0.1892412691242961,0.0138888888888888,0.8437683829586091,0.199588437422646,CompressionPressure,0.8437683829586091,7440.75,7441.75,7439.75,7441.25,Up,1,7441.0,2.0,5.321428571428571,5,7436.75,-4.5,-0.8456375838926175,-4.5,-0.8456375838926175,0.75,-19.75,0.1409395973154362,-3.7114093959731536,0,1
ES,xApvaV01StateLog_ES.csv,2261,2026-05-11 07:30:00,Unresolved,Unresolved->Unresolved->Unresolved->Unresolved,Pure Unresolved Compression Equilibrium,Exact,1.0,0.4689955935863958,0.1111111111111111,0.9,0.0,0.0,0.2202730804215971,0.0138888888888888,0.9012433309564056,0.1442594527636907,CompressionPressure,0.9012433309564056,7441.25,7442.0,7430.25,7430.25,Up,1,7441.25,11.75,6.053571428571429,5,7444.25,14.0,2.3126843657817107,14.0,2.3126843657817107,14.5,-8.75,2.3952802359882006,-1.4454277286135693,1,1
ES,xApvaV01StateLog_ES.csv,2262,2026-05-11 07:35:00,Unresolved,Unresolved->Unresolved->Unresolved->Unresolved,Pure Unresolved Compression Equilibrium,Exact,1.0,-1.4428232973175177e-12,0.0,1.0,0.0,0.0,0.2799999999999999,0.0,1.0,0.0,CompressionPressure,1.0,7430.25,7433.0,7421.5,7430.5,Up,1,7430.25,11.5,6.732142857142857,5,7443.0,12.5,1.856763925729443,12.5,1.856763925729443,15.25,-2.25,2.2652519893899203,-0.3342175066312997,1,1
ES,xApvaV01StateLog_ES.csv,2263,2026-05-11 07:40:00,Unresolved,Unresolved->Unresolved->Unresolved->Unresolved,Pure Unresolved Compression Equilibrium,Exact,1.0,-1.4428232973175177e-12,0.0,1.0,0.0,0.0,0.2799999999999999,0.0,1.0,0.0,CompressionPressure,1.0,7430.5,7434.0,7428.25,7432.0,Up,1,7430.5,5.75,6.982142857142857,5,7442.5,10.5,1.50383631713555,10.5,1.50383631713555,13.75,-0.25,1.9693094629156007,-0.0358056265984654,1,1
ES,xApvaV01StateLog_ES.csv,2264,2026-05-11 07:45:00,Unresolved,Unresolved->Unresolved->Unresolved->Unresolved,Pure Unresolved Compression Equilibrium,Exact,1.0,-1.4428232973175177e-12,0.0,1.0,0.0,0.0,0.2799999999999999,0.0,1.0,0.0,CompressionPressure,1.0,7432.0,7437.0,7431.75,7435.75,Up,1,7432.0,5.25,6.303571428571429,5,7442.25,6.5,1.0311614730878187,6.5,1.0311614730878187,10.0,-3.25,1.586402266288952,-0.5155807365439093,1,1
ES,xApvaV01StateLog_ES.csv,2265,2026-05-11 07:50:00,Degrading,Unresolved->Unresolved->Unresolved->Degrading,Sponsor Exhaustion Collapse,Exact,1.0,0.4689955935863958,0.1111111111111111,0.9,0.0,0.0,0.2202730804215971,0.1138888888888889,0.4512433309564058,0.1442594527636907,CompressionPressure,0.4512433309564058,7435.75,7437.75,7432.5,7436.75,Up,1,7435.75,5.25,6.303571428571429,5,7437.5,0.75,0.1189801699716713,0.75,0.1189801699716713,9.0,-0.5,1.4277620396600563,-0.0793201133144475,1,1
ES,xApvaV01StateLog_ES.csv,2269,2026-05-11 08:10:00,Unresolved,Directional->Degrading->Degrading->Unresolved,Stable Compression Basin,Soft,0.5,1.6854752972215634,0.4444444444444444,0.5,0.4,0.0,0.0785555555555555,0.0555555555555555,0.5805555555555556,0.5166666666666666,CompressionPressure,0.5805555555555556,7442.25,7443.0,7440.5,7442.25,Down,-1,7442.5,2.5,5.642857142857143,5,7445.25,3.0,0.5316455696202531,-3.0,-0.5316455696202531,6.5,-5.75,1.1518987341772151,-1.0189873417721518,0,1
ES,xApvaV01StateLog_ES.csv,2277,2026-05-11 08:50:00,Unresolved,Unresolved->Degrading->Unresolved->Unresolved,Stable Compression Basin,Exact,1.0,1.2954618442339936,0.6666666666666666,0.6,0.2,0.0,0.0752328692175015,0.0833333333333333,0.5857003014020421,0.533382278426186,CompressionPressure,0.5857003014020421,7445.0,7446.75,7443.5,7445.5,Up,1,7444.75,3.25,4.625,5,7447.25,1.75,0.3783783783783784,1.75,0.3783783783783784,4.25,-2.0,0.918918918918919,-0.4324324324324324,1,1
ES,xApvaV01StateLog_ES.csv,2280,2026-05-11 09:05:00,Unresolved,Unresolved->Degrading->Degrading->Unresolved,Stable Compression Basin,Exact,1.0,1.2954618442339936,0.5555555555555556,0.6,0.0,0.0,0.0733856469952793,0.0694444444444444,0.6134780791798199,0.4917156117595194,CompressionPressure,0.6134780791798199,7448.25,7449.25,7446.5,7447.0,Up,1,7448.5,2.75,4.035714285714286,5,7449.5,2.5,0.6194690265486726,2.5,0.6194690265486726,3.5,-1.5,0.8672566371681416,-0.3716814159292035,1,1
ES,xApvaV01StateLog_ES.csv,2281,2026-05-11 09:10:00,Unresolved,Degrading->Degrading->Unresolved->Unresolved,Stable Compression Basin,Exact,1.0,0.8812908992278072,0.4444444444444444,0.7,0.0,0.0,0.1289150544167598,0.0555555555555555,0.7088082076871509,0.3594490508727494,CompressionPressure,0.7088082076871509,7447.0,7448.0,7446.5,7446.75,Down,-1,7447.0,1.5,3.75,5,7449.0,2.25,0.6,-2.25,-0.6,1.25,-3.75,0.3333333333333333,-1.0,0,1
ES,xApvaV01StateLog_ES.csv,2282,2026-05-11 09:15:00,Unresolved,Degrading->Unresolved->Unresolved->Unresolved,Stable Compression Basin,Exact,1.0,0.8812908992278072,0.4444444444444444,0.7,0.0,0.0,0.1289150544167598,0.0555555555555555,0.7088082076871509,0.3594490508727494,CompressionPressure,0.7088082076871509,7447.0,7448.25,7446.25,7447.25,Down,-1,7446.75,2.0,3.6607142857142856,5,7447.0,-0.25,-0.0682926829268292,0.25,0.0682926829268292,1.75,-3.25,0.4780487804878049,-0.8878048780487805,1,1
ES,xApvaV01StateLog_ES.csv,2283,2026-05-11 09:20:00,Unresolved,Unresolved->Unresolved->Unresolved->Unresolved,Pure Unresolved Compression Equilibrium,Exact,1.0,1.2954618442339936,0.5555555555555556,0.6,0.0,0.0,0.0733856469952793,0.0694444444444444,0.6134780791798199,0.4917156117595194,CompressionPressure,0.6134780791798199,7447.25,7448.25,7446.0,7446.75,Down,-1,7447.25,2.25,3.642857142857143,5,7442.75,-4.0,-1.0980392156862746,4.0,1.0980392156862746,12.5,-3.75,3.431372549019608,-1.0294117647058825,1,1
ES,xApvaV01StateLog_ES.csv,2284,2026-05-11 09:25:00,Unresolved,Unresolved->Unresolved->Unresolved->Unresolved,Pure Unresolved Compression Equilibrium,Exact,1.0,1.4854752972230063,0.4444444444444444,0.5,0.0,0.0,0.0593238531119191,0.0555555555555555,0.5877133494791177,0.4916143879341992,CompressionPressure,0.5877133494791177,7446.5,7449.25,7445.5,7449.25,Down,-1,7446.75,3.75,3.482142857142857,5,7441.25,-8.0,-2.2974358974358973,8.0,2.2974358974358973,15.0,-1.25,4.307692307692308,-0.358974358974359,1,1
ES,xApvaV01StateLog_ES.csv,2285,2026-05-11 09:30:00,Unresolved,Unresolved->Unresolved->Unresolved->Unresolved,Pure Unresolved Compression Equilibrium,Exact,1.0,1.4854752972230063,0.3333333333333333,0.5,0.0,0.0,0.0714766308896969,0.0416666666666666,0.6154911272568955,0.4499477212675326,CompressionPressure,0.6154911272568955,7449.0,7450.5,7448.75,7449.5,Up,1,7449.25,1.75,3.2142857142857144,5,7439.25,-10.25,-3.1888888888888887,-10.25,-3.1888888888888887,1.0,-15.25,0.3111111111111111,-4.7444444444444445,0,1
ES,xApvaV01StateLog_ES.csv,2286,2026-05-11 09:35:00,Unresolved,Unresolved->Unresolved->Unresolved->Unresolved,Pure Unresolved Compression Equilibrium,Exact,1.0,1.5219280948830345,0.3333333333333333,0.4,0.0,0.0,0.0570190469021843,0.0416666666666666,0.571546160736477,0.4579217707556637,CompressionPressure,0.571546160736477,7449.5,7450.5,7448.0,7449.0,Up,1,7449.5,2.5,3.0892857142857144,5,7439.5,-9.5,-3.07514450867052,-9.5,-3.07514450867052,0.75,-14.75,0.2427745664739884,-4.774566473988439,0,1
ES,xApvaV01StateLog_ES.csv,2287,2026-05-11 09:40:00,Unresolved,Unresolved->Unresolved->Unresolved->Unresolved,Pure Unresolved Compression Equilibrium,Exact,1.0,1.4854752972230063,0.2222222222222222,0.5,0.0,0.0,0.0836294086674746,0.0277777777777777,0.6432689050346733,0.4082810546008659,CompressionPressure,0.6432689050346733,7449.0,7449.75,7447.0,7447.0,Down,-1,7449.0,2.75,3.0,5,7441.25,-5.75,-1.9166666666666667,5.75,1.9166666666666667,12.75,-0.5,4.25,-0.1666666666666666,1,1
ES,xApvaV01StateLog_ES.csv,2288,2026-05-11 09:45:00,Unresolved,Unresolved->Unresolved->Unresolved->Unresolved,Pure Unresolved Compression Equilibrium,Exact,1.0,1.2954618442339936,0.2222222222222222,0.6,0.0,0.0,0.1098439803286126,0.0277777777777777,0.6968114125131533,0.3667156117595194,CompressionPressure,0.6968114125131533,7447.0,7447.5,7434.25,7442.75,Down,-1,7447.0,13.25,3.7142857142857135,5,7440.5,-2.25,-0.6057692307692307,2.25,0.6057692307692307,6.25,-2.5,1.6826923076923077,-0.673076923076923,1,1
ES,xApvaV01StateLog_ES.csv,2289,2026-05-11 09:50:00,Unresolved,Unresolved->Unresolved->Unresolved->Unresolved,Pure Unresolved Compression Equilibrium,Exact,1.0,0.8812908992278072,0.1111111111111111,0.7,0.0,0.0,0.1653733877500932,0.0138888888888888,0.7921415410204843,0.2344490508727494,CompressionPressure,0.7921415410204843,7442.75,7445.25,7441.0,7441.25,Down,-1,7442.75,4.25,3.7857142857142856,5,7436.75,-4.5,-1.1886792452830188,4.5,1.1886792452830188,5.25,-1.5,1.3867924528301887,-0.3962264150943396,1,1
ES,xApvaV01StateLog_ES.csv,2293,2026-05-11 10:10:00,Unresolved,Directional->Degrading->Degrading->Unresolved,Stable Compression Basin,Soft,0.5,1.5709505944488975,0.3333333333333333,0.6,0.4,0.0,0.1045990951125062,0.0416666666666666,0.6518155878469439,0.4686454425356963,CompressionPressure,0.6518155878469439,7441.25,7442.75,7439.5,7440.5,Up,1,7441.25,3.25,3.642857142857143,5,7447.5,7.0,1.9215686274509804,7.0,1.9215686274509804,8.0,-5.75,2.196078431372549,-1.5784313725490196,1,1
ES,xApvaV01StateLog_ES.csv,2294,2026-05-11 10:15:00,Unresolved,Degrading->Degrading->Unresolved->Unresolved,Stable Compression Basin,Exact,1.0,1.7609640474379105,0.3333333333333333,0.5,0.4,0.0,0.0907083333333333,0.0416666666666666,0.6083333333333334,0.475,CompressionPressure,0.6083333333333334,7440.5,7440.5,7436.0,7436.75,Down,-1,7440.5,4.5,3.767857142857143,5,7449.0,12.25,3.251184834123223,-12.25,-3.251184834123223,2.0,-13.75,0.5308056872037915,-3.6492890995260665,0,1
ES,xApvaV01StateLog_ES.csv,2295,2026-05-11 10:20:00,Unresolved,Degrading->Unresolved->Unresolved->Unresolved,Stable Compression Basin,Exact,1.0,1.8464393446652445,0.3333333333333333,0.4,0.4,0.0,0.0790416666666666,0.0416666666666666,0.5666666666666667,0.475,CompressionPressure,0.5666666666666667,7436.5,7437.5,7434.75,7435.5,Down,-1,7436.75,2.75,3.857142857142857,5,7452.5,17.0,4.407407407407407,-17.0,-4.407407407407407,0.5,-17.5,0.1296296296296296,-4.537037037037037,0,1
ES,xApvaV01StateLog_ES.csv,2296,2026-05-11 10:25:00,Unresolved,Unresolved->Unresolved->Unresolved->Unresolved,Pure Unresolved Compression Equilibrium,Exact,1.0,1.8464393446652445,0.4444444444444444,0.4,0.4,0.0,0.0668888888888889,0.0555555555555555,0.538888888888889,0.5166666666666666,CompressionPressure,0.538888888888889,7435.75,7442.5,7435.0,7442.0,Down,-1,7435.5,7.5,4.25,5,7449.75,7.75,1.8235294117647056,-7.75,-1.8235294117647056,0.5,-12.75,0.1176470588235294,-3.0,0,1
ES,xApvaV01StateLog_ES.csv,2297,2026-05-11 10:30:00,Unresolved,Unresolved->Unresolved->Unresolved->Unresolved,Pure Unresolved Compression Equilibrium,Exact,1.0,1.8464393446652445,0.4444444444444444,0.4,0.4,0.0,0.0668888888888889,0.0555555555555555,0.538888888888889,0.5166666666666666,CompressionPressure,0.538888888888889,7442.0,7444.75,7441.5,7444.0,Up,1,7442.0,3.25,4.321428571428571,5,7448.75,4.75,1.0991735537190084,4.75,1.0991735537190084,10.75,0.0,2.487603305785124,0.0,1,1
ES,xApvaV01StateLog_ES.csv,2303,2026-05-11 11:00:00,Unresolved,Directional->Directional->Directional->Unresolved,Stable Compression Basin,Exact,1.0,1.4854752972230063,0.3333333333333333,0.5,0.6,0.0,0.1134766308896969,0.0416666666666666,0.6154911272568955,0.4499477212675326,CompressionPressure,0.6154911272568955,7448.75,7450.25,7447.75,7448.0,Down,-1,7448.75,2.5,3.9642857142857135,5,7449.25,1.25,0.3153153153153153,-1.25,-0.3153153153153153,1.0,-4.75,0.2522522522522522,-1.1981981981981982,0,1
ES,xApvaV01StateLog_ES.csv,2304,2026-05-11 11:05:00,Unresolved,Directional->Directional->Unresolved->Unresolved,Stable Compression Basin,Exact,1.0,1.4854752972230063,0.3333333333333333,0.5,0.7,0.0,0.1204766308896968,0.0416666666666666,0.6154911272568955,0.4499477212675326,CompressionPressure,0.6154911272568955,7448.25,7452.75,7448.0,7452.5,Down,-1,7448.0,4.75,4.017857142857143,5,7449.5,-3.0,-0.7466666666666666,3.0,0.7466666666666666,5.5,-0.25,1.3688888888888888,-0.0622222222222222,1,1
ES,xApvaV01StateLog_ES.csv,2305,2026-05-11 11:10:00,Unresolved,Directional->Unresolved->Unresolved->Unresolved,Stable Compression Basin,Soft,0.4142135623730951,1.4854752972230063,0.2222222222222222,0.5,0.8,0.0,0.1396294086674747,0.0277777777777777,0.6432689050346733,0.4082810546008659,CompressionPressure,0.6432689050346733,7452.5,7452.75,7451.25,7451.75,Down,-1,7452.5,1.5,3.803571428571429,5,7447.0,-4.75,-1.2488262910798122,4.75,1.2488262910798122,5.0,-0.25,1.3145539906103287,-0.0657276995305164,1,1
ES,xApvaV01StateLog_ES.csv,2309,2026-05-11 11:30:00,Unresolved,Directional->Unresolved->Unresolved->Unresolved,Stable Compression Basin,Soft,0.4142135623730951,0.9709505944517832,0.3333333333333333,0.6,1.0,0.0,0.1925365951122853,0.0416666666666666,0.6893155878467636,0.3373954425363276,CompressionPressure,0.6893155878467636,7449.25,7449.75,7448.5,7449.5,Down,-1,7449.25,1.25,3.607142857142857,5,7439.75,-9.75,-2.7029702970297027,9.75,2.7029702970297027,10.75,-0.25,2.98019801980198,-0.0693069306930693,1,1
ES,xApvaV01StateLog_ES.csv,2321,2026-05-11 12:30:00,Degrading,Directional->Directional->Directional->Degrading,Sponsor Exhaustion Collapse,Exact,1.0,0.4689955935863958,0.1111111111111111,0.9,1.0,0.0,0.2902730804215971,0.1138888888888889,0.4512433309564058,0.1442594527636907,CompressionPressure,0.4512433309564058,7430.25,7433.0,7429.0,7431.25,Down,-1,7430.25,4.0,4.589285714285714,5,7435.5,4.25,0.9260700389105058,-4.25,-0.9260700389105058,3.5,-5.75,0.7626459143968871,-1.2529182879377432,0,1
ES,xApvaV01StateLog_ES.csv,2322,2026-05-11 12:35:00,Degrading,Directional->Directional->Degrading->Degrading,Sponsor Exhaustion Collapse,Exact,1.0,0.7219280948844771,0.1111111111111111,0.8,1.0,0.0,0.2592412691242961,0.1138888888888889,0.3937683829586091,0.199588437422646,CompressionPressure,0.3937683829586091,7431.25,7435.0,7429.5,7432.25,Up,1,7431.25,5.5,4.660714285714286,5,7438.75,6.5,1.3946360153256705,6.5,1.3946360153256705,6.75,-4.5,1.4482758620689655,-0.9655172413793104,1,1
ES,xApvaV01StateLog_ES.csv,2323,2026-05-11 12:40:00,Degrading,Directional->Degrading->Degrading->Degrading,Sponsor Exhaustion Collapse,Exact,1.0,0.8812908992278072,0.1111111111111111,0.7,1.0,0.0,0.2353733877500931,0.1138888888888889,0.3421415410204842,0.2344490508727494,CompressionPressure,0.3421415410204842,7432.5,7433.0,7430.0,7432.5,Up,1,7432.25,3.0,4.785714285714286,5,7436.25,3.75,0.7835820895522388,3.75,0.7835820895522388,7.75,-4.75,1.619402985074627,-0.9925373134328358,1,1
ES,xApvaV01StateLog_ES.csv,2324,2026-05-11 12:45:00,Degrading,Degrading->Degrading->Degrading->Degrading,Sponsor Exhaustion Collapse,Exact,1.0,0.9709505944517832,0.1111111111111111,0.6,0.9,0.0,0.2098421506678409,0.1138888888888889,0.294871143402319,0.2540621092029942,CompressionPressure,0.294871143402319,7432.75,7433.75,7428.25,7428.5,Up,1,7432.5,5.5,4.964285714285714,5,7434.75,6.25,1.2589928057553956,6.25,1.2589928057553956,11.75,-0.75,2.366906474820144,-0.1510791366906475,1,1
ES,xApvaV01StateLog_ES.csv,2328,2026-05-11 13:05:00,Unresolved,Balance->Degrading->Degrading->Unresolved,Stable Compression Basin,Exact,1.0,1.5709505944488975,0.4444444444444444,0.6,0.5,0.0,0.0994463173347284,0.0555555555555555,0.6240378100691661,0.510312109202363,CompressionPressure,0.6240378100691661,7438.5,7440.25,7435.25,7436.25,Up,1,7438.75,5.0,5.553571428571429,5,7434.5,-1.75,-0.315112540192926,-1.75,-0.315112540192926,0.0,-10.25,0.0,-1.8456591639871385,0,1
ES,xApvaV01StateLog_ES.csv,2333,2026-05-11 13:30:00,Unresolved,Degrading->Degrading->Degrading->Unresolved,Stable Compression Basin,Exact,1.0,1.1567796494427114,0.5555555555555556,0.7,0.0,0.0,0.0956701692006535,0.0694444444444444,0.6638123830209416,0.4613788816489264,CompressionPressure,0.6638123830209416,7432.0,7434.75,7432.0,7434.5,Down,-1,7432.0,2.75,4.660714285714286,5,7436.25,1.75,0.3754789272030651,-1.75,-0.3754789272030651,1.0,-2.25,0.21455938697318,-0.4827586206896552,0,1
ES,xApvaV01StateLog_ES.csv,2334,2026-05-11 13:35:00,Unresolved,Degrading->Degrading->Unresolved->Unresolved,Stable Compression Basin,Exact,1.0,1.2954618442339936,0.4444444444444444,0.6,0.0,0.0,0.085538424773057,0.0555555555555555,0.6412558569575977,0.4500489450928527,CompressionPressure,0.6412558569575977,7434.25,7436.75,7434.0,7436.5,Up,1,7434.5,2.75,4.5,5,7435.0,-1.5,-0.3333333333333333,-1.5,-0.3333333333333333,0.25,-3.0,0.0555555555555555,-0.6666666666666666,0,1
ES,xApvaV01StateLog_ES.csv,2335,2026-05-11 13:40:00,Unresolved,Degrading->Unresolved->Unresolved->Unresolved,Stable Compression Basin,Exact,1.0,0.9709505944517832,0.3333333333333333,0.6,0.0,0.0,0.1225365951122853,0.0416666666666666,0.6893155878467636,0.3373954425363276,CompressionPressure,0.6893155878467636,7436.5,7436.5,7435.5,7436.0,Up,1,7436.5,1.0,4.285714285714286,5,7408.75,-27.25,-6.358333333333333,-27.25,-6.358333333333333,0.75,-29.25,0.175,-6.825,0,1
ES,xApvaV01StateLog_ES.csv,2336,2026-05-11 13:45:00,Unresolved,Unresolved->Unresolved->Unresolved->Unresolved,Pure Unresolved Compression Equilibrium,Exact,1.0,1.360964047439353,0.4444444444444444,0.5,0.0,0.0,0.0688567456734801,0.0555555555555555,0.595495302590596,0.4643775520440251,CompressionPressure,0.595495302590596,7436.0,7436.25,7435.0,7435.75,Down,-1,7436.0,1.25,3.982142857142857,5,7405.75,-30.0,-7.533632286995515,30.0,7.533632286995515,35.5,-1.0,8.914798206278027,-0.2511210762331838,1,1
ES,xApvaV01StateLog_ES.csv,2338,2026-05-11 13:55:00,Unresolved,Unresolved->Unresolved->Balance->Unresolved,Stable Compression Basin,Exact,1.0,1.7219280948815914,0.4444444444444444,0.4,0.0,0.0,0.0388888888888888,0.0555555555555555,0.538888888888889,0.5166666666666666,CompressionPressure,0.538888888888889,7435.0,7436.75,7433.5,7436.25,Down,-1,7435.25,3.25,3.678571428571429,5,7402.75,-33.5,-9.106796116504857,33.5,9.106796116504857,36.0,-0.5,9.786407766990292,-0.1359223300970873,1,1
ES,xApvaV01StateLog_ES.csv,2339,2026-05-11 14:00:00,Unresolved,Unresolved->Balance->Unresolved->Unresolved,Stable Compression Basin,Exact,1.0,1.6854752972215634,0.4444444444444444,0.5,0.0,0.0,0.0505555555555555,0.0555555555555555,0.5805555555555556,0.5166666666666666,CompressionPressure,0.5805555555555556,7436.25,7436.75,7434.5,7435.0,Down,-1,7436.25,2.25,3.446428571428572,5,7403.75,-31.25,-9.067357512953368,31.25,9.067357512953368,35.75,17.5,10.373056994818652,5.077720207253885,1,1
ES,xApvaV01StateLog_ES.csv,2340,2026-05-12 06:35:00,Unresolved,Balance->Unresolved->Unresolved->Unresolved,Stable Compression Basin,Exact,1.0,1.5709505944488975,0.4444444444444444,0.6,0.0,0.0,0.0644463173347285,0.0555555555555555,0.6240378100691661,0.510312109202363,CompressionPressure,0.6240378100691661,7414.0,7417.5,7406.75,7408.75,Down,-1,7435.0,28.25,5.071428571428571,5,7396.25,-12.5,-2.4647887323943665,12.5,2.4647887323943665,15.25,-5.25,3.007042253521127,-1.0352112676056338,1,1
ES,xApvaV01StateLog_ES.csv,2346,2026-05-12 07:05:00,Unresolved,Degrading->Unresolved->Unresolved->Unresolved,Stable Compression Basin,Exact,1.0,1.5709505944488975,0.4444444444444444,0.6,0.4,0.0,0.0924463173347285,0.0555555555555555,0.6240378100691661,0.510312109202363,CompressionPressure,0.6240378100691661,7396.0,7398.25,7391.5,7396.0,Down,-1,7396.25,6.75,7.267857142857143,5,7394.25,-1.75,-0.2407862407862407,1.75,0.2407862407862407,5.5,-12.75,0.7567567567567567,-1.7542997542997545,1,1
ES,xApvaV01StateLog_ES.csv,2347,2026-05-12 07:10:00,Unresolved,Unresolved->Unresolved->Unresolved->Unresolved,Pure Unresolved Compression Equilibrium,Exact,1.0,1.5709505944488975,0.4444444444444444,0.6,0.4,0.0,0.0924463173347285,0.0555555555555555,0.6240378100691661,0.510312109202363,CompressionPressure,0.6240378100691661,7396.0,7401.25,7394.75,7398.0,Down,-1,7396.0,6.5,7.535714285714286,5,7385.25,-12.75,-1.6919431279620851,12.75,1.6919431279620851,17.75,-10.75,2.3554502369668247,-1.4265402843601895,1,1
ES,xApvaV01StateLog_ES.csv,2348,2026-05-12 07:15:00,Unresolved,Unresolved->Unresolved->Unresolved->Unresolved,Pure Unresolved Compression Equilibrium,Exact,1.0,1.7609640474379105,0.4444444444444444,0.5,0.4,0.0,0.0785555555555555,0.0555555555555555,0.5805555555555556,0.5166666666666666,CompressionPressure,0.5805555555555556,7398.25,7406.5,7395.5,7406.0,Up,1,7398.0,11.0,8.125,5,7391.5,-14.5,-1.7846153846153847,-14.5,-1.7846153846153847,2.75,-26.0,0.3384615384615385,-3.2,0,1
ES,xApvaV01StateLog_ES.csv,2349,2026-05-12 07:20:00,Unresolved,Unresolved->Unresolved->Unresolved->Unresolved,Pure Unresolved Compression Equilibrium,Exact,1.0,1.8464393446652445,0.4444444444444444,0.4,0.4,0.0,0.0668888888888889,0.0555555555555555,0.538888888888889,0.5166666666666666,CompressionPressure,0.538888888888889,7406.25,7408.75,7402.5,7407.0,Up,1,7406.0,6.25,8.5,5,7391.25,-15.75,-1.8529411764705883,-15.75,-1.8529411764705883,0.75,-27.0,0.088235294117647,-3.176470588235294,0,1
ES,xApvaV01StateLog_ES.csv,2350,2026-05-12 07:25:00,Unresolved,Unresolved->Unresolved->Unresolved->Unresolved,Pure Unresolved Compression Equilibrium,Exact,1.0,1.8464393446652445,0.3333333333333333,0.4,0.4,0.0,0.0790416666666666,0.0416666666666666,0.5666666666666667,0.475,CompressionPressure,0.5666666666666667,7406.75,7407.75,7399.5,7400.75,Up,1,7407.0,8.25,9.0,5,7386.0,-14.75,-1.6388888888888888,-14.75,-1.6388888888888888,2.75,-20.75,0.3055555555555556,-2.305555555555556,0,1
ES,xApvaV01StateLog_ES.csv,2351,2026-05-12 07:30:00,Unresolved,Unresolved->Unresolved->Unresolved->Unresolved,Pure Unresolved Compression Equilibrium,Exact,1.0,1.4854752972230063,0.2222222222222222,0.5,0.3,0.0,0.1046294086674746,0.0277777777777777,0.6432689050346733,0.4082810546008659,CompressionPressure,0.6432689050346733,7400.75,7403.5,7390.5,7394.25,Down,-1,7400.75,13.0,9.857142857142858,5,7385.25,-9.0,-0.9130434782608696,9.0,0.9130434782608696,14.25,-2.75,1.4456521739130437,-0.2789855072463768,1,1
ES,xApvaV01StateLog_ES.csv,2357,2026-05-12 08:00:00,Degrading,Degrading->Degrading->Degrading->Degrading,Sponsor Exhaustion Collapse,Exact,1.0,0.9709505944517832,0.1111111111111111,0.6,0.0,0.0,0.1468421506678408,0.1138888888888889,0.294871143402319,0.2540621092029942,CompressionPressure,0.294871143402319,7385.0,7386.5,7381.75,7383.0,Down,-1,7385.25,4.75,8.964285714285714,5,7366.0,-17.0,-1.8964143426294824,17.0,1.8964143426294824,18.5,-2.5,2.063745019920319,-0.2788844621513944,1,1
ES,xApvaV01StateLog_ES.csv,2358,2026-05-12 08:05:00,Degrading,Degrading->Degrading->Degrading->Degrading,Sponsor Exhaustion Collapse,Exact,1.0,0.8812908992278072,0.1111111111111111,0.7,0.0,0.0,0.1653733877500932,0.1138888888888889,0.3421415410204842,0.2344490508727494,CompressionPressure,0.3421415410204842,7383.0,7384.25,7378.5,7379.75,Down,-1,7383.0,5.75,8.642857142857142,5,7368.25,-11.5,-1.3305785123966942,11.5,1.3305785123966942,16.5,-5.75,1.9090909090909087,-0.6652892561983471,1,1
ES,xApvaV01StateLog_ES.csv,2359,2026-05-12 08:10:00,Unresolved,Degrading->Degrading->Degrading->Unresolved,Stable Compression Basin,Exact,1.0,1.1567796494427114,0.2222222222222222,0.7,0.0,0.0,0.1321285025339868,0.0277777777777777,0.747145716354275,0.3363788816489264,CompressionPressure,0.747145716354275,7379.75,7385.5,7377.5,7385.0,Down,-1,7379.75,8.0,8.446428571428571,5,7373.5,-11.5,-1.3615221987315012,11.5,1.3615221987315012,21.75,-0.5,2.575052854122622,-0.0591966173361522,1,1
ES,xApvaV01StateLog_ES.csv,2360,2026-05-12 08:15:00,Unresolved,Degrading->Degrading->Unresolved->Unresolved,Stable Compression Basin,Exact,1.0,1.1567796494427114,0.2222222222222222,0.7,0.0,0.0,0.1321285025339868,0.0277777777777777,0.747145716354275,0.3363788816489264,CompressionPressure,0.747145716354275,7385.0,7385.5,7376.75,7377.25,Down,-1,7385.0,8.75,8.589285714285714,5,7376.25,-1.0,-0.1164241164241164,1.0,0.1164241164241164,14.0,-0.75,1.62993762993763,-0.0873180873180873,1,1
ES,xApvaV01StateLog_ES.csv,2361,2026-05-12 08:20:00,Degrading,Degrading->Unresolved->Unresolved->Degrading,Sponsor Exhaustion Collapse,Exact,1.0,0.7219280948844771,0.2222222222222222,0.8,0.0,0.0,0.1770884913465183,0.1277777777777777,0.3659906051808313,0.2412551040893126,CompressionPressure,0.3659906051808313,7377.25,7377.5,7371.25,7374.75,Down,-1,7377.25,6.25,8.571428571428571,5,7380.25,5.5,0.6416666666666667,-5.5,-0.6416666666666667,11.5,-6.0,1.3416666666666668,-0.7000000000000001,0,1
ES,xApvaV01StateLog_ES.csv,2362,2026-05-12 08:25:00,Degrading,Unresolved->Unresolved->Degrading->Degrading,Sponsor Exhaustion Collapse,Exact,1.0,0.7219280948844771,0.2222222222222222,0.8,0.0,0.0,0.1770884913465183,0.1277777777777777,0.3659906051808313,0.2412551040893126,CompressionPressure,0.3659906051808313,7374.75,7375.75,7364.5,7366.0,Down,-1,7374.75,11.25,8.589285714285714,5,7378.5,12.5,1.4553014553014554,-12.5,-1.4553014553014554,2.75,-16.75,0.3201663201663202,-1.9501039501039503,0,1
ES,xApvaV01StateLog_ES.csv,2363,2026-05-12 08:30:00,Unresolved,Unresolved->Degrading->Degrading->Unresolved,Stable Compression Basin,Exact,1.0,0.8812908992278072,0.3333333333333333,0.7,0.0,0.0,0.1410678321945376,0.0416666666666666,0.7365859854649287,0.3177823842060828,CompressionPressure,0.7365859854649287,7365.75,7369.5,7363.25,7368.25,Down,-1,7366.0,6.25,8.589285714285714,5,7376.25,8.0,0.9313929313929314,-8.0,-0.9313929313929314,2.25,-14.5,0.2619542619542619,-1.6881496881496882,0,1
ES,xApvaV01StateLog_ES.csv,2364,2026-05-12 08:35:00,Unresolved,Degrading->Degrading->Unresolved->Unresolved,Stable Compression Basin,Exact,1.0,0.9709505944517832,0.3333333333333333,0.6,0.0,0.0,0.1225365951122853,0.0416666666666666,0.6893155878467636,0.3373954425363276,CompressionPressure,0.6893155878467636,7368.25,7375.25,7366.0,7373.5,Up,1,7368.25,9.25,8.660714285714286,5,7369.75,-3.75,-0.4329896907216494,-3.75,-0.4329896907216494,9.25,-4.75,1.068041237113402,-0.5484536082474226,0,1
ES,xApvaV01StateLog_ES.csv,2365,2026-05-12 08:40:00,Unresolved,Degrading->Unresolved->Unresolved->Unresolved,Stable Compression Basin,Exact,1.0,0.9999999999971146,0.3333333333333333,0.5,0.0,0.0,0.1086458333335542,0.0416666666666666,0.6458333333335138,0.3437499999993688,CompressionPressure,0.6458333333335138,7373.5,7378.0,7370.0,7376.25,Up,1,7373.5,8.0,8.303571428571429,5,7377.5,1.25,0.1505376344086021,1.25,0.1505376344086021,6.5,-10.0,0.7827956989247311,-1.2043010752688172,1,1
ES,xApvaV01StateLog_ES.csv,2366,2026-05-12 08:45:00,Unresolved,Unresolved->Unresolved->Unresolved->Unresolved,Pure Unresolved Compression Equilibrium,Exact,1.0,1.360964047439353,0.4444444444444444,0.5,0.0,0.0,0.0688567456734801,0.0555555555555555,0.595495302590596,0.4643775520440251,CompressionPressure,0.595495302590596,7376.0,7380.75,7373.25,7380.25,Up,1,7376.25,7.5,7.803571428571429,5,7373.0,-7.25,-0.9290617848970252,-7.25,-0.9290617848970252,2.5,-14.0,0.3203661327231121,-1.794050343249428,0,1
ES,xApvaV01StateLog_ES.csv,2367,2026-05-12 08:50:00,Unresolved,Unresolved->Unresolved->Unresolved->Unresolved,Pure Unresolved Compression Equilibrium,Exact,1.0,1.4854752972230063,0.4444444444444444,0.5,0.0,0.0,0.0593238531119191,0.0555555555555555,0.5877133494791177,0.4916143879341992,CompressionPressure,0.5877133494791177,7380.5,7382.75,7377.75,7378.5,Up,1,7380.25,5.0,7.321428571428571,5,7378.5,0.0,0.0,0.0,0.0,1.5,-12.25,0.2048780487804878,-1.6731707317073172,0,1
ES,xApvaV01StateLog_ES.csv,2368,2026-05-12 08:55:00,Unresolved,Unresolved->Unresolved->Unresolved->Unresolved,Pure Unresolved Compression Equilibrium,Exact,1.0,1.4854752972230063,0.3333333333333333,0.5,0.0,0.0,0.0714766308896969,0.0416666666666666,0.6154911272568955,0.4499477212675326,CompressionPressure,0.6154911272568955,7378.25,7380.0,7375.75,7376.25,Down,-1,7378.5,4.25,6.964285714285714,5,7375.5,-0.75,-0.1076923076923076,0.75,0.1076923076923076,10.0,-3.75,1.435897435897436,-0.5384615384615384,1,1
ES,xApvaV01StateLog_ES.csv,2371,2026-05-12 09:10:00,Unresolved,Unresolved->Degrading->Degrading->Unresolved,Stable Compression Basin,Exact,1.0,1.5709505944503404,0.4444444444444444,0.4,0.0,0.0,0.0411129840012847,0.0555555555555555,0.5407044767357427,0.5103121092026786,CompressionPressure,0.5407044767357427,7377.5,7378.5,7371.75,7373.0,Down,-1,7377.5,6.75,7.714285714285714,5,7370.5,-2.5,-0.324074074074074,2.5,0.324074074074074,6.0,-7.0,0.7777777777777778,-0.9074074074074074,1,1
ES,xApvaV01StateLog_ES.csv,2372,2026-05-12 09:15:00,Unresolved,Degrading->Degrading->Unresolved->Unresolved,Stable Compression Basin,Exact,1.0,1.4854752972230063,0.3333333333333333,0.5,0.0,0.0,0.0714766308896969,0.0416666666666666,0.6154911272568955,0.4499477212675326,CompressionPressure,0.6154911272568955,7372.75,7380.0,7372.0,7378.5,Down,-1,7373.0,8.0,7.875,5,7373.0,-5.5,-0.6984126984126984,5.5,0.6984126984126984,11.5,-0.75,1.4603174603174602,-0.0952380952380952,1,1
ES,xApvaV01StateLog_ES.csv,2378,2026-05-12 09:45:00,Degrading,Degrading->Degrading->Degrading->Degrading,Sponsor Exhaustion Collapse,Exact,1.0,0.7219280948844771,0.2222222222222222,0.8,0.0,0.0,0.1770884913465183,0.1277777777777777,0.3659906051808313,0.2412551040893126,CompressionPressure,0.3659906051808313,7373.0,7375.0,7368.0,7369.5,Down,-1,7373.0,7.0,6.660714285714286,5,7375.5,6.0,0.900804289544236,-6.0,-0.900804289544236,6.0,-9.75,0.900804289544236,-1.4638069705093837,0,1
ES,xApvaV01StateLog_ES.csv,2379,2026-05-12 09:50:00,Degrading,Degrading->Degrading->Degrading->Degrading,Sponsor Exhaustion Collapse,Exact,1.0,0.7219280948844771,0.2222222222222222,0.8,0.0,0.0,0.1770884913465183,0.1277777777777777,0.3659906051808313,0.2412551040893126,CompressionPressure,0.3659906051808313,7369.25,7371.0,7363.75,7366.5,Down,-1,7369.5,7.25,6.607142857142857,5,7378.5,12.0,1.8162162162162163,-12.0,-1.8162162162162163,3.0,-12.75,0.4540540540540541,-1.9297297297297296,0,1
ES,xApvaV01StateLog_ES.csv,2380,2026-05-12 09:55:00,Degrading,Degrading->Degrading->Degrading->Degrading,Sponsor Exhaustion Collapse,Exact,1.0,0.7219280948844771,0.1111111111111111,0.8,0.0,0.0,0.1892412691242961,0.1138888888888889,0.3937683829586091,0.199588437422646,CompressionPressure,0.3937683829586091,7366.25,7368.5,7363.5,7365.25,Down,-1,7366.5,5.0,6.428571428571429,5,7386.0,20.75,3.227777777777778,-20.75,-3.227777777777778,1.75,-21.0,0.2722222222222222,-3.2666666666666666,0,1
ES,xApvaV01StateLog_ES.csv,2381,2026-05-12 10:00:00,Unresolved,Degrading->Degrading->Degrading->Unresolved,Stable Compression Basin,Exact,1.0,0.7219280948844771,0.2222222222222222,0.8,0.0,0.0,0.1770884913465183,0.0277777777777777,0.8159906051808313,0.2412551040893126,CompressionPressure,0.8159906051808313,7365.0,7367.5,7363.5,7366.25,Down,-1,7365.25,4.0,6.357142857142857,5,7390.75,24.5,3.8539325842696632,-24.5,-3.8539325842696632,1.0,-29.5,0.1573033707865168,-4.640449438202247,0,1
ES,xApvaV01StateLog_ES.csv,2382,2026-05-12 10:05:00,Degrading,Degrading->Degrading->Unresolved->Degrading,Sponsor Exhaustion Collapse,Exact,1.0,0.4689955935863958,0.2222222222222222,0.9,0.0,0.0,0.2081203026438193,0.1277777777777777,0.423465553178628,0.1859261194303574,CompressionPressure,0.423465553178628,7366.25,7375.0,7365.25,7373.75,Up,1,7366.25,9.75,6.75,5,7388.75,15.0,2.2222222222222223,15.0,2.2222222222222223,22.0,-0.25,3.259259259259259,-0.037037037037037,1,1
ES,xApvaV01StateLog_ES.csv,2383,2026-05-12 10:10:00,Degrading,Degrading->Unresolved->Degrading->Degrading,Sponsor Exhaustion Collapse,Exact,1.0,0.4689955935863958,0.2222222222222222,0.9,0.0,0.0,0.2081203026438193,0.1277777777777777,0.423465553178628,0.1859261194303574,CompressionPressure,0.423465553178628,7373.75,7379.25,7373.5,7375.5,Up,1,7373.75,5.75,6.535714285714286,5,7394.75,19.25,2.9453551912568305,19.25,2.9453551912568305,20.25,-0.75,3.098360655737705,-0.1147540983606557,1,1
ES,xApvaV01StateLog_ES.csv,2387,2026-05-12 10:30:00,Unresolved,Balance->Degrading->Degrading->Unresolved,Stable Compression Basin,Exact,1.0,1.1567796494427114,0.5555555555555556,0.7,0.0,0.0,0.0956701692006535,0.0694444444444444,0.6638123830209416,0.4613788816489264,CompressionPressure,0.6638123830209416,7390.5,7391.0,7386.25,7388.75,Up,1,7390.75,4.75,6.232142857142857,5,7396.25,7.5,1.2034383954154728,7.5,1.2034383954154728,7.75,-2.0,1.2435530085959887,-0.3209169054441261,1,1
ES,xApvaV01StateLog_ES.csv,2391,2026-05-12 10:50:00,Unresolved,Degrading->Unresolved->Unresolved->Unresolved,Stable Compression Basin,Exact,1.0,1.360964047439353,0.5555555555555556,0.5,0.0,0.0,0.0567039678957023,0.0694444444444444,0.5677175248128182,0.5060442187106917,CompressionPressure,0.5677175248128182,7393.25,7394.25,7389.0,7391.75,Up,1,7393.0,5.25,6.464285714285714,5,7395.75,4.0,0.6187845303867403,4.0,0.6187845303867403,6.0,-1.5,0.9281767955801103,-0.2320441988950276,1,1
ES,xApvaV01StateLog_ES.csv,2394,2026-05-12 11:05:00,Unresolved,Unresolved->Unresolved->Unresolved->Unresolved,Pure Unresolved Compression Equilibrium,Exact,1.0,1.5709505944503404,0.4444444444444444,0.4,0.0,0.0,0.0411129840012847,0.0555555555555555,0.5407044767357427,0.5103121092026786,CompressionPressure,0.5407044767357427,7396.0,7397.75,7392.5,7397.0,Up,1,7396.0,5.25,6.267857142857143,5,7407.0,10.0,1.5954415954415953,10.0,1.5954415954415953,13.0,-5.25,2.074074074074074,-0.8376068376068375,1,1
ES,xApvaV01StateLog_ES.csv,2395,2026-05-12 11:10:00,Unresolved,Unresolved->Unresolved->Unresolved->Unresolved,Pure Unresolved Compression Equilibrium,Exact,1.0,1.5219280948830345,0.4444444444444444,0.4,0.0,0.0,0.0448662691244065,0.0555555555555555,0.5437683829586993,0.4995884374223303,CompressionPressure,0.5437683829586993,7397.0,7397.25,7392.5,7394.5,Up,1,7397.0,4.75,6.321428571428571,5,7406.25,11.75,1.8587570621468927,11.75,1.8587570621468927,15.5,-2.75,2.451977401129944,-0.4350282485875706,1,1
ES,xApvaV01StateLog_ES.csv,2396,2026-05-12 11:15:00,Unresolved,Unresolved->Unresolved->Unresolved->Unresolved,Pure Unresolved Compression Equilibrium,Exact,1.0,1.360964047439353,0.3333333333333333,0.5,0.0,0.0,0.0810095234512578,0.0416666666666666,0.6232730803683738,0.4227108853773584,CompressionPressure,0.6232730803683738,7394.25,7396.75,7391.75,7395.75,Up,1,7394.5,5.0,5.982142857142857,5,7406.0,10.25,1.7134328358208957,10.25,1.7134328358208957,14.25,-0.5,2.382089552238806,-0.0835820895522388,1,1
ES,xApvaV01StateLog_ES.csv,2397,2026-05-12 11:20:00,Unresolved,Unresolved->Unresolved->Unresolved->Unresolved,Pure Unresolved Compression Equilibrium,Exact,1.0,1.2954618442339936,0.2222222222222222,0.6,0.0,0.0,0.1098439803286126,0.0277777777777777,0.6968114125131533,0.3667156117595194,CompressionPressure,0.6968114125131533,7395.75,7398.5,7395.25,7397.25,Up,1,7395.75,3.25,5.803571428571429,5,7407.5,10.25,1.7661538461538462,10.25,1.7661538461538462,12.75,-0.25,2.1969230769230768,-0.043076923076923,1,1
ES,xApvaV01StateLog_ES.csv,2398,2026-05-12 11:25:00,Unresolved,Unresolved->Unresolved->Unresolved->Unresolved,Pure Unresolved Compression Equilibrium,Exact,1.0,0.8812908992278072,0.1111111111111111,0.7,0.0,0.0,0.1653733877500932,0.0138888888888888,0.7921415410204843,0.2344490508727494,CompressionPressure,0.7921415410204843,7397.25,7403.5,7397.0,7403.0,Up,1,7397.25,6.5,5.982142857142857,5,7405.5,2.5,0.417910447761194,2.5,0.417910447761194,7.0,-0.25,1.1701492537313434,-0.0417910447761194,1,1
ES,xApvaV01StateLog_ES.csv,2400,2026-05-12 11:35:00,Unresolved,Unresolved->Unresolved->Degrading->Unresolved,Stable Compression Basin,Exact,1.0,1.1567796494427114,0.3333333333333333,0.7,0.0,0.0,0.119975724756209,0.0416666666666666,0.7193679385764972,0.3780455483155931,CompressionPressure,0.7193679385764972,7407.0,7409.75,7405.5,7406.25,Up,1,7407.0,4.25,5.5,5,7405.25,-1.0,-0.1818181818181818,-1.0,-0.1818181818181818,4.25,-3.5,0.7727272727272727,-0.6363636363636364,0,1
ES,xApvaV01StateLog_ES.csv,2401,2026-05-12 11:40:00,Unresolved,Unresolved->Degrading->Unresolved->Unresolved,Stable Compression Basin,Exact,1.0,1.1567796494427114,0.2222222222222222,0.7,0.0,0.0,0.1321285025339868,0.0277777777777777,0.747145716354275,0.3363788816489264,CompressionPressure,0.747145716354275,7406.0,7409.25,7403.5,7406.0,Up,1,7406.25,5.75,5.571428571428571,5,7407.75,1.75,0.3141025641025641,1.75,0.3141025641025641,4.5,-3.25,0.8076923076923077,-0.5833333333333334,1,1
ES,xApvaV01StateLog_ES.csv,2402,2026-05-12 11:45:00,Unresolved,Degrading->Unresolved->Unresolved->Unresolved,Stable Compression Basin,Exact,1.0,1.2954618442339936,0.2222222222222222,0.6,0.0,0.0,0.1098439803286126,0.0277777777777777,0.6968114125131533,0.3667156117595194,CompressionPressure,0.6968114125131533,7405.75,7408.5,7405.25,7407.5,Up,1,7406.0,3.25,5.196428571428571,5,7409.75,2.25,0.4329896907216495,2.25,0.4329896907216495,4.0,-4.75,0.7697594501718213,-0.914089347079038,1,1
ES,xApvaV01StateLog_ES.csv,2403,2026-05-12 11:50:00,Unresolved,Unresolved->Unresolved->Unresolved->Unresolved,Pure Unresolved Compression Equilibrium,Exact,1.0,1.2954618442339936,0.3333333333333333,0.6,0.0,0.0,0.0976912025508348,0.0416666666666666,0.6690336347353755,0.4083822784261861,CompressionPressure,0.6690336347353755,7407.5,7408.0,7402.75,7405.5,Up,1,7407.5,5.25,5.053571428571429,5,7416.25,10.75,2.127208480565371,10.75,2.127208480565371,13.0,-1.5,2.5724381625441697,-0.2968197879858657,1,1
ES,xApvaV01StateLog_ES.csv,2404,2026-05-12 11:55:00,Unresolved,Unresolved->Unresolved->Unresolved->Unresolved,Pure Unresolved Compression Equilibrium,Exact,1.0,1.2954618442339936,0.3333333333333333,0.6,0.0,0.0,0.0976912025508348,0.0416666666666666,0.6690336347353755,0.4083822784261861,CompressionPressure,0.6690336347353755,7405.75,7408.75,7404.0,7407.25,Up,1,7405.5,4.75,5.107142857142857,5,7415.25,8.0,1.5664335664335665,8.0,1.5664335664335665,12.25,-2.75,2.3986013986013988,-0.5384615384615385,1,1
ES,xApvaV01StateLog_ES.csv,2405,2026-05-12 12:00:00,Unresolved,Unresolved->Unresolved->Unresolved->Unresolved,Pure Unresolved Compression Equilibrium,Exact,1.0,1.2954618442339936,0.3333333333333333,0.6,0.0,0.0,0.0976912025508348,0.0416666666666666,0.6690336347353755,0.4083822784261861,CompressionPressure,0.6690336347353755,7407.25,7410.5,7404.5,7405.25,Up,1,7407.25,6.0,5.160714285714286,5,7414.75,9.5,1.8408304498269896,9.5,1.8408304498269896,14.25,-0.5,2.7612456747404845,-0.0968858131487889,1,1
ES,xApvaV01StateLog_ES.csv,2406,2026-05-12 12:05:00,Unresolved,Unresolved->Unresolved->Unresolved->Unresolved,Pure Unresolved Compression Equilibrium,Exact,1.0,1.2954618442339936,0.3333333333333333,0.6,0.0,0.0,0.0976912025508348,0.0416666666666666,0.6690336347353755,0.4083822784261861,CompressionPressure,0.6690336347353755,7405.25,7408.5,7404.75,7407.75,Up,1,7405.25,3.75,4.982142857142857,5,7416.0,8.25,1.6559139784946235,8.25,1.6559139784946235,11.75,-2.0,2.3584229390681006,-0.4014336917562724,1,1
ES,xApvaV01StateLog_ES.csv,2407,2026-05-12 12:10:00,Unresolved,Unresolved->Unresolved->Unresolved->Unresolved,Pure Unresolved Compression Equilibrium,Exact,1.0,1.2954618442339936,0.3333333333333333,0.6,0.0,0.0,0.0976912025508348,0.0416666666666666,0.6690336347353755,0.4083822784261861,CompressionPressure,0.6690336347353755,7407.75,7411.5,7405.75,7409.75,Up,1,7407.75,5.75,5.035714285714286,5,7424.0,14.25,2.8297872340425534,14.25,2.8297872340425534,16.0,-0.25,3.1773049645390072,-0.0496453900709219,1,1
ES,xApvaV01StateLog_ES.csv,2408,2026-05-12 12:15:00,Unresolved,Unresolved->Unresolved->Unresolved->Unresolved,Pure Unresolved Compression Equilibrium,Exact,1.0,1.2954618442339936,0.2222222222222222,0.6,0.0,0.0,0.1098439803286126,0.0277777777777777,0.6968114125131533,0.3667156117595194,CompressionPressure,0.6968114125131533,7409.5,7418.5,7409.5,7416.25,Up,1,7409.75,9.0,5.303571428571429,5,7423.0,6.75,1.2727272727272727,6.75,1.2727272727272727,9.5,-5.75,1.791245791245791,-1.084175084175084,1,1
ES,xApvaV01StateLog_ES.csv,2409,2026-05-12 12:20:00,Unresolved,Unresolved->Unresolved->Unresolved->Unresolved,Pure Unresolved Compression Equilibrium,Exact,1.0,0.8812908992278072,0.1111111111111111,0.7,0.0,0.0,0.1653733877500932,0.0138888888888888,0.7921415410204843,0.2344490508727494,CompressionPressure,0.7921415410204843,7416.5,7419.5,7414.75,7415.25,Up,1,7416.25,4.75,5.303571428571429,5,7425.0,9.75,1.8383838383838385,9.75,1.8383838383838385,10.5,-4.75,1.97979797979798,-0.8956228956228955,1,1
ES,xApvaV01StateLog_ES.csv,2410,2026-05-12 12:25:00,Unresolved,Unresolved->Unresolved->Unresolved->Unresolved,Pure Unresolved Compression Equilibrium,Exact,1.0,0.7219280948844771,0.1111111111111111,0.8,0.0,0.0,0.1892412691242961,0.0138888888888888,0.8437683829586091,0.199588437422646,CompressionPressure,0.8437683829586091,7415.25,7415.75,7410.5,7414.75,Down,-1,7415.25,5.25,5.321428571428571,5,7425.75,11.0,2.067114093959732,-11.0,-2.067114093959732,0.25,-12.25,0.046979865771812,-2.302013422818792,0,1
ES,xApvaV01StateLog_ES.csv,2411,2026-05-12 12:30:00,Unresolved,Unresolved->Unresolved->Unresolved->Unresolved,Pure Unresolved Compression Equilibrium,Exact,1.0,0.4689955935863958,0.1111111111111111,0.9,0.0,0.0,0.2202730804215971,0.0138888888888888,0.9012433309564056,0.1442594527636907,CompressionPressure,0.9012433309564056,7414.75,7416.5,7414.5,7416.0,Down,-1,7414.75,2.0,5.232142857142857,5,7428.75,12.75,2.436860068259386,-12.75,-2.436860068259386,0.25,-17.75,0.0477815699658703,-3.392491467576792,0,1
ES,xApvaV01StateLog_ES.csv,2412,2026-05-12 12:35:00,Unresolved,Unresolved->Unresolved->Unresolved->Unresolved,Pure Unresolved Compression Equilibrium,Exact,1.0,-1.4428232973175177e-12,0.0,1.0,0.0,0.0,0.2799999999999999,0.0,1.0,0.0,CompressionPressure,1.0,7416.0,7425.75,7415.75,7424.0,Up,1,7416.0,10.0,5.482142857142857,5,7428.0,4.0,0.729641693811075,4.0,0.729641693811075,9.75,-3.0,1.7785016286644952,-0.5472312703583062,1,1
ES,xApvaV01StateLog_ES.csv,2413,2026-05-12 12:40:00,Unresolved,Unresolved->Unresolved->Unresolved->Unresolved,Pure Unresolved Compression Equilibrium,Exact,1.0,-1.4428232973175177e-12,0.0,1.0,0.0,0.0,0.2799999999999999,0.0,1.0,0.0,CompressionPressure,1.0,7424.0,7424.5,7422.0,7423.0,Up,1,7424.0,2.5,5.160714285714286,5,7419.25,-3.75,-0.726643598615917,-3.75,-0.726643598615917,10.75,-4.5,2.083044982698962,-0.8719723183391004,0,1
ES,xApvaV01StateLog_ES.csv,2414,2026-05-12 12:45:00,Unresolved,Unresolved->Unresolved->Unresolved->Unresolved,Pure Unresolved Compression Equilibrium,Exact,1.0,-1.4428232973175177e-12,0.0,1.0,0.0,0.0,0.2799999999999999,0.0,1.0,0.0,CompressionPressure,1.0,7423.0,7425.75,7421.0,7425.0,Up,1,7423.0,4.75,5.196428571428571,5,7417.75,-7.25,-1.3951890034364265,-7.25,-1.3951890034364265,8.75,-8.25,1.6838487972508591,-1.5876288659793816,0,1
ES,xApvaV01StateLog_ES.csv,2415,2026-05-12 12:50:00,Unresolved,Unresolved->Unresolved->Unresolved->Unresolved,Pure Unresolved Compression Equilibrium,Exact,1.0,-1.4428232973175177e-12,0.0,1.0,0.0,0.0,0.2799999999999999,0.0,1.0,0.0,CompressionPressure,1.0,7424.75,7427.0,7422.5,7425.75,Up,1,7425.0,4.5,5.107142857142857,5,7420.0,-5.75,-1.125874125874126,-5.75,-1.125874125874126,8.0,-10.0,1.5664335664335665,-1.958041958041958,0,1
ES,xApvaV01StateLog_ES.csv,2416,2026-05-12 12:55:00,Unresolved,Unresolved->Unresolved->Unresolved->Unresolved,Pure Unresolved Compression Equilibrium,Exact,1.0,-1.4428232973175177e-12,0.0,1.0,0.0,0.0,0.2799999999999999,0.0,1.0,0.0,CompressionPressure,1.0,7425.75,7433.75,7425.75,7428.75,Up,1,7425.75,8.0,5.446428571428571,5,7419.5,-9.25,-1.698360655737705,-9.25,-1.698360655737705,2.25,-13.0,0.4131147540983607,-2.3868852459016394,0,1
ES,xApvaV01StateLog_ES.csv,2417,2026-05-12 13:00:00,Unresolved,Unresolved->Unresolved->Unresolved->Unresolved,Pure Unresolved Compression Equilibrium,Exact,1.0,-1.4428232973175177e-12,0.0,1.0,0.0,0.0,0.2799999999999999,0.0,1.0,0.0,CompressionPressure,1.0,7428.5,7431.0,7424.5,7428.0,Up,1,7428.75,6.5,5.535714285714286,5,7418.75,-9.25,-1.6709677419354838,-9.25,-1.6709677419354838,0.75,-12.25,0.1354838709677419,-2.212903225806452,0,1
ES,xApvaV01StateLog_ES.csv,2418,2026-05-12 13:05:00,Unresolved,Unresolved->Unresolved->Unresolved->Unresolved,Pure Unresolved Compression Equilibrium,Exact,1.0,-1.4428232973175177e-12,0.0,1.0,0.0,0.0,0.2799999999999999,0.0,1.0,0.0,CompressionPressure,1.0,7428.0,7428.75,7418.5,7419.25,Down,-1,7428.0,10.25,5.928571428571429,5,7419.5,0.25,0.0421686746987951,-0.25,-0.0421686746987951,3.5,-2.75,0.5903614457831325,-0.463855421686747,0,1
ES,xApvaV01StateLog_ES.csv,2419,2026-05-12 13:10:00,Unresolved,Unresolved->Unresolved->Unresolved->Unresolved,Pure Unresolved Compression Equilibrium,Exact,1.0,-1.4428232973175177e-12,0.0,1.0,0.0,0.0,0.2799999999999999,0.0,1.0,0.0,CompressionPressure,1.0,7419.25,7420.0,7416.75,7417.75,Down,-1,7419.25,3.25,5.732142857142857,5,7416.5,-1.25,-0.2180685358255452,1.25,0.2180685358255452,2.0,-4.25,0.3489096573208723,-0.7414330218068537,1,1
ES,xApvaV01StateLog_ES.csv,2420,2026-05-12 13:15:00,Unresolved,Unresolved->Unresolved->Unresolved->Unresolved,Pure Unresolved Compression Equilibrium,Exact,1.0,-1.4428232973175177e-12,0.0,1.0,0.0,0.0,0.2799999999999999,0.0,1.0,0.0,CompressionPressure,1.0,7417.75,7420.25,7415.75,7420.0,Down,-1,7417.75,4.5,5.785714285714286,5,7419.5,-0.5,-0.0864197530864197,0.5,0.0864197530864197,4.0,-2.0,0.691358024691358,-0.345679012345679,1,1
ES,xApvaV01StateLog_ES.csv,2421,2026-05-12 13:20:00,Unresolved,Unresolved->Unresolved->Unresolved->Unresolved,Pure Unresolved Compression Equilibrium,Exact,1.0,-1.4428232973175177e-12,0.0,1.0,0.0,0.0,0.2799999999999999,0.0,1.0,0.0,CompressionPressure,1.0,7420.0,7422.0,7419.0,7419.5,Down,-1,7420.0,3.0,5.589285714285714,5,7419.75,0.25,0.0447284345047923,-0.25,-0.0447284345047923,3.5,-1.5,0.6261980830670927,-0.268370607028754,0,1
ES,xApvaV01StateLog_ES.csv,2422,2026-05-12 13:25:00,Unresolved,Unresolved->Unresolved->Unresolved->Unresolved,Pure Unresolved Compression Equilibrium,Exact,1.0,-1.4428232973175177e-12,0.0,1.0,0.0,0.0,0.2799999999999999,0.0,1.0,0.0,CompressionPressure,1.0,7419.5,7420.5,7418.25,7418.75,Down,-1,7419.5,2.25,5.107142857142857,5,7420.25,1.5,0.2937062937062937,-1.5,-0.2937062937062937,2.75,-2.25,0.5384615384615385,-0.4405594405594406,0,1
ES,xApvaV01StateLog_ES.csv,2423,2026-05-12 13:30:00,Unresolved,Unresolved->Unresolved->Unresolved->Unresolved,Pure Unresolved Compression Equilibrium,Exact,1.0,-1.4428232973175177e-12,0.0,1.0,0.0,0.0,0.2799999999999999,0.0,1.0,0.0,CompressionPressure,1.0,7418.75,7419.5,7416.5,7419.5,Down,-1,7418.75,3.0,4.982142857142857,5,7421.75,2.25,0.4516129032258065,-2.25,-0.4516129032258065,3.5,-2.75,0.7025089605734768,-0.5519713261648745,0,1
ES,xApvaV01StateLog_ES.csv,2424,2026-05-12 13:35:00,Unresolved,Unresolved->Unresolved->Unresolved->Unresolved,Pure Unresolved Compression Equilibrium,Exact,1.0,-1.4428232973175177e-12,0.0,1.0,0.0,0.0,0.2799999999999999,0.0,1.0,0.0,CompressionPressure,1.0,7419.25,7419.5,7416.0,7416.5,Down,-1,7419.5,3.5,4.857142857142857,5,7420.5,4.0,0.823529411764706,-4.0,-0.823529411764706,0.25,-5.75,0.0514705882352941,-1.1838235294117647,0,1
ES,xApvaV01StateLog_ES.csv,2425,2026-05-12 13:40:00,Unresolved,Unresolved->Unresolved->Unresolved->Unresolved,Pure Unresolved Compression Equilibrium,Exact,1.0,-1.4428232973175177e-12,0.0,1.0,0.0,0.0,0.2799999999999999,0.0,1.0,0.0,CompressionPressure,1.0,7416.25,7420.25,7416.25,7419.5,Down,-1,7416.5,4.0,5.0,5,7420.25,0.75,0.15,-0.75,-0.15,2.75,-10.0,0.55,-2.0,0,1
ES,xApvaV01StateLog_ES.csv,2426,2026-05-12 13:45:00,Unresolved,Unresolved->Unresolved->Unresolved->Unresolved,Pure Unresolved Compression Equilibrium,Exact,1.0,-1.4428232973175177e-12,0.0,1.0,0.0,0.0,0.2799999999999999,0.0,1.0,0.0,CompressionPressure,1.0,7419.75,7421.0,7419.25,7419.75,Down,-1,7419.5,1.75,4.410714285714286,5,7412.0,-7.75,-1.7570850202429151,7.75,1.7570850202429151,8.75,-9.75,1.9838056680161944,-2.210526315789474,1,1
ES,xApvaV01StateLog_ES.csv,2427,2026-05-12 13:50:00,Unresolved,Unresolved->Unresolved->Unresolved->Unresolved,Pure Unresolved Compression Equilibrium,Exact,1.0,-1.4428232973175177e-12,0.0,1.0,0.0,0.0,0.2799999999999999,0.0,1.0,0.0,CompressionPressure,1.0,7419.75,7420.5,7419.5,7420.25,Up,1,7419.75,1.0,4.303571428571429,5,7413.5,-6.75,-1.5684647302904564,-6.75,-1.5684647302904564,9.25,-10.75,2.149377593360996,-2.4979253112033195,0,1
ES,xApvaV01StateLog_ES.csv,2428,2026-05-12 13:55:00,Unresolved,Unresolved->Unresolved->Unresolved->Unresolved,Pure Unresolved Compression Equilibrium,Exact,1.0,-1.4428232973175177e-12,0.0,1.0,0.0,0.0,0.2799999999999999,0.0,1.0,0.0,CompressionPressure,1.0,7420.0,7422.25,7420.0,7421.75,Up,1,7420.25,2.25,4.125,5,7408.0,-13.75,-3.333333333333333,-13.75,-3.333333333333333,7.75,-22.75,1.878787878787879,-5.515151515151516,0,1
ES,xApvaV01StateLog_ES.csv,2429,2026-05-12 14:00:00,Unresolved,Unresolved->Unresolved->Unresolved->Unresolved,Pure Unresolved Compression Equilibrium,Exact,1.0,-1.4428232973175177e-12,0.0,1.0,0.0,0.0,0.2799999999999999,0.0,1.0,0.0,CompressionPressure,1.0,7421.75,7422.0,7420.0,7420.5,Up,1,7421.75,2.0,3.946428571428572,5,7414.25,-6.25,-1.583710407239819,-6.25,-1.583710407239819,9.0,-21.5,2.2805429864253397,-5.447963800904977,0,1
ES,xApvaV01StateLog_ES.csv,2430,2026-05-13 06:35:00,Unresolved,Unresolved->Unresolved->Unresolved->Unresolved,Pure Unresolved Compression Equilibrium,Exact,1.0,-1.4428232973175177e-12,0.0,1.0,0.0,0.0,0.2799999999999999,0.0,1.0,0.0,CompressionPressure,1.0,7429.25,7429.5,7416.75,7420.25,Down,-1,7420.5,12.75,4.285714285714286,5,7413.5,-6.75,-1.575,6.75,1.575,21.25,-0.25,4.958333333333333,-0.0583333333333333,1,1
ES,xApvaV01StateLog_ES.csv,2431,2026-05-13 06:40:00,Unresolved,Unresolved->Unresolved->Unresolved->Unresolved,Pure Unresolved Compression Equilibrium,Exact,1.0,-1.4428232973175177e-12,0.0,1.0,0.0,0.0,0.2799999999999999,0.0,1.0,0.0,CompressionPressure,1.0,7420.5,7420.5,7411.0,7412.0,Down,-1,7420.25,9.5,4.5,5,7416.5,4.5,1.0,-4.5,-1.0,13.0,-7.0,2.888888888888889,-1.5555555555555556,0,1
ES,xApvaV01StateLog_ES.csv,2432,2026-05-13 06:45:00,Unresolved,Unresolved->Unresolved->Unresolved->Unresolved,Pure Unresolved Compression Equilibrium,Exact,1.0,-1.4428232973175177e-12,0.0,1.0,0.0,0.0,0.2799999999999999,0.0,1.0,0.0,CompressionPressure,1.0,7412.25,7419.0,7409.5,7413.5,Down,-1,7412.0,9.5,4.446428571428571,5,7415.5,2.0,0.4497991967871486,-2.0,-0.4497991967871486,14.5,-5.75,3.2610441767068274,-1.2931726907630523,0,1
ES,xApvaV01StateLog_ES.csv,2433,2026-05-13 06:50:00,Unresolved,Unresolved->Unresolved->Unresolved->Unresolved,Pure Unresolved Compression Equilibrium,Exact,1.0,-1.4428232973175177e-12,0.0,1.0,0.0,0.0,0.2799999999999999,0.0,1.0,0.0,CompressionPressure,1.0,7413.5,7413.5,7399.0,7408.0,Down,-1,7413.5,14.5,5.25,5,7420.5,12.5,2.380952380952381,-12.5,-2.380952380952381,4.0,-13.75,0.7619047619047619,-2.619047619047619,0,1
ES,xApvaV01StateLog_ES.csv,2434,2026-05-13 06:55:00,Unresolved,Unresolved->Unresolved->Unresolved->Unresolved,Pure Unresolved Compression Equilibrium,Exact,1.0,-1.4428232973175177e-12,0.0,1.0,0.0,0.0,0.2799999999999999,0.0,1.0,0.0,CompressionPressure,1.0,7407.75,7414.5,7404.0,7414.25,Down,-1,7408.0,10.5,5.678571428571429,5,7417.25,3.0,0.5283018867924528,-3.0,-0.5283018867924528,5.75,-7.75,1.0125786163522013,-1.3647798742138364,0,1
ES,xApvaV01StateLog_ES.csv,2435,2026-05-13 07:00:00,Unresolved,Unresolved->Unresolved->Unresolved->Unresolved,Pure Unresolved Compression Equilibrium,Exact,1.0,-1.4428232973175177e-12,0.0,1.0,0.0,0.0,0.2799999999999999,0.0,1.0,0.0,CompressionPressure,1.0,7414.25,7417.0,7408.5,7413.5,Down,-1,7414.25,8.5,6.071428571428571,5,7428.5,15.0,2.4705882352941178,-15.0,-2.4705882352941178,1.25,-15.75,0.2058823529411765,-2.594117647058824,0,1
ES,xApvaV01StateLog_ES.csv,2436,2026-05-13 07:05:00,Unresolved,Unresolved->Unresolved->Unresolved->Unresolved,Pure Unresolved Compression Equilibrium,Exact,1.0,-1.4428232973175177e-12,0.0,1.0,0.0,0.0,0.2799999999999999,0.0,1.0,0.0,CompressionPressure,1.0,7413.25,7418.75,7412.25,7416.5,Down,-1,7413.5,6.5,6.375,5,7427.5,11.0,1.7254901960784317,-11.0,-1.7254901960784317,2.5,-15.5,0.392156862745098,-2.431372549019608,0,1
ES,xApvaV01StateLog_ES.csv,2437,2026-05-13 07:10:00,Unresolved,Unresolved->Unresolved->Unresolved->Unresolved,Pure Unresolved Compression Equilibrium,Exact,1.0,-1.4428232973175177e-12,0.0,1.0,0.0,0.0,0.2799999999999999,0.0,1.0,0.0,CompressionPressure,1.0,7416.5,7419.25,7414.5,7415.5,Down,-1,7416.5,4.75,6.5,5,7431.0,15.5,2.3846153846153846,-15.5,-2.3846153846153846,1.5,-16.5,0.2307692307692307,-2.5384615384615383,0,1
ES,xApvaV01StateLog_ES.csv,2438,2026-05-13 07:15:00,Unresolved,Unresolved->Unresolved->Unresolved->Unresolved,Pure Unresolved Compression Equilibrium,Exact,1.0,-1.4428232973175177e-12,0.0,1.0,0.0,0.0,0.2799999999999999,0.0,1.0,0.0,CompressionPressure,1.0,7415.25,7421.75,7414.0,7420.5,Down,-1,7415.5,7.75,6.803571428571429,5,7424.0,3.5,0.5144356955380577,-3.5,-0.5144356955380577,4.5,-11.5,0.6614173228346456,-1.6902887139107612,0,1
ES,xApvaV01StateLog_ES.csv,2439,2026-05-13 07:20:00,Unresolved,Unresolved->Unresolved->Unresolved->Unresolved,Pure Unresolved Compression Equilibrium,Exact,1.0,-1.4428232973175177e-12,0.0,1.0,0.0,0.0,0.2799999999999999,0.0,1.0,0.0,CompressionPressure,1.0,7420.25,7422.0,7416.0,7417.25,Down,-1,7420.5,6.0,6.946428571428571,5,7428.25,11.0,1.583547557840617,-11.0,-1.583547557840617,0.5,-14.75,0.0719794344473007,-2.1233933161953726,0,1
ES,xApvaV01StateLog_ES.csv,2440,2026-05-13 07:25:00,Unresolved,Unresolved->Unresolved->Unresolved->Unresolved,Pure Unresolved Compression Equilibrium,Exact,1.0,-1.4428232973175177e-12,0.0,1.0,0.0,0.0,0.2799999999999999,0.0,1.0,0.0,CompressionPressure,1.0,7417.5,7429.25,7416.75,7428.5,Down,-1,7417.25,12.5,7.714285714285714,5,7429.25,0.75,0.0972222222222222,-0.75,-0.0972222222222222,6.5,-3.5,0.8425925925925926,-0.4537037037037037,0,1
ES,xApvaV01StateLog_ES.csv,2441,2026-05-13 07:30:00,Unresolved,Unresolved->Unresolved->Unresolved->Unresolved,Pure Unresolved Compression Equilibrium,Exact,1.0,-1.4428232973175177e-12,0.0,1.0,0.0,0.0,0.2799999999999999,0.0,1.0,0.0,CompressionPressure,1.0,7428.5,7432.0,7426.5,7427.5,Down,-1,7428.5,5.5,8.035714285714286,5,7433.25,5.75,0.7155555555555555,-5.75,-0.7155555555555555,5.5,-6.75,0.6844444444444444,-0.84,0,1
ES,xApvaV01StateLog_ES.csv,2442,2026-05-13 07:35:00,Unresolved,Unresolved->Unresolved->Unresolved->Unresolved,Pure Unresolved Compression Equilibrium,Exact,1.0,-1.4428232973175177e-12,0.0,1.0,0.0,0.0,0.2799999999999999,0.0,1.0,0.0,CompressionPressure,1.0,7427.5,7431.0,7425.5,7431.0,Down,-1,7427.5,5.5,8.267857142857142,5,7433.0,2.0,0.2419006479481641,-2.0,-0.2419006479481641,9.0,-3.5,1.0885529157667386,-0.4233261339092873,0,1
ES,xApvaV01StateLog_ES.csv,2443,2026-05-13 07:40:00,Unresolved,Unresolved->Unresolved->Unresolved->Unresolved,Pure Unresolved Compression Equilibrium,Exact,1.0,-1.4428232973175177e-12,0.0,1.0,0.0,0.0,0.2799999999999999,0.0,1.0,0.0,CompressionPressure,1.0,7431.25,7431.5,7422.0,7424.0,Down,-1,7431.0,9.5,8.803571428571429,5,7436.25,12.25,1.3914807302231238,-12.25,-1.3914807302231238,2.0,-14.25,0.2271805273833671,-1.618661257606491,0,1
ES,xApvaV01StateLog_ES.csv,2444,2026-05-13 07:45:00,Unresolved,Unresolved->Unresolved->Unresolved->Unresolved,Pure Unresolved Compression Equilibrium,Exact,1.0,-1.4428232973175177e-12,0.0,1.0,0.0,0.0,0.2799999999999999,0.0,1.0,0.0,CompressionPressure,1.0,7424.0,7430.0,7422.0,7428.25,Down,-1,7424.0,8.0,8.464285714285714,5,7435.75,7.5,0.8860759493670887,-7.5,-0.8860759493670887,3.0,-10.0,0.3544303797468355,-1.181434599156118,0,1
ES,xApvaV01StateLog_ES.csv,2445,2026-05-13 07:50:00,Unresolved,Unresolved->Unresolved->Unresolved->Unresolved,Pure Unresolved Compression Equilibrium,Exact,1.0,-1.4428232973175177e-12,0.0,1.0,0.0,0.0,0.2799999999999999,0.0,1.0,0.0,CompressionPressure,1.0,7428.5,7430.25,7425.25,7429.25,Up,1,7428.25,5.0,8.142857142857142,5,7434.0,4.75,0.5833333333333334,4.75,0.5833333333333334,9.0,-1.25,1.105263157894737,-0.1535087719298245,1,1
ES,xApvaV01StateLog_ES.csv,2446,2026-05-13 07:55:00,Unresolved,Unresolved->Unresolved->Unresolved->Unresolved,Pure Unresolved Compression Equilibrium,Exact,1.0,-1.4428232973175177e-12,0.0,1.0,0.0,0.0,0.2799999999999999,0.0,1.0,0.0,CompressionPressure,1.0,7429.5,7434.25,7428.0,7433.25,Up,1,7429.25,6.25,7.910714285714286,5,7437.25,4.0,0.5056433408577878,4.0,0.5056433408577878,5.0,-2.5,0.6320541760722348,-0.3160270880361174,1,1
ES,xApvaV01StateLog_ES.csv,2447,2026-05-13 08:00:00,Unresolved,Unresolved->Unresolved->Unresolved->Unresolved,Pure Unresolved Compression Equilibrium,Exact,1.0,-1.4428232973175177e-12,0.0,1.0,0.0,0.0,0.2799999999999999,0.0,1.0,0.0,CompressionPressure,1.0,7433.5,7434.5,7430.75,7433.0,Up,1,7433.25,3.75,7.142857142857143,5,7436.75,3.75,0.525,3.75,0.525,5.25,-1.75,0.735,-0.245,1,1
ES,xApvaV01StateLog_ES.csv,2448,2026-05-13 08:05:00,Unresolved,Unresolved->Unresolved->Unresolved->Unresolved,Pure Unresolved Compression Equilibrium,Exact,1.0,-1.4428232973175177e-12,0.0,1.0,0.0,0.0,0.2799999999999999,0.0,1.0,0.0,CompressionPressure,1.0,7433.0,7438.25,7432.75,7436.25,Up,1,7433.0,5.5,6.785714285714286,5,7437.25,1.0,0.1473684210526316,1.0,0.1473684210526316,2.0,-5.0,0.2947368421052632,-0.7368421052631579,1,1
ES,xApvaV01StateLog_ES.csv,2449,2026-05-13 08:10:00,Unresolved,Unresolved->Unresolved->Unresolved->Unresolved,Pure Unresolved Compression Equilibrium,Exact,1.0,-1.4428232973175177e-12,0.0,1.0,0.0,0.0,0.2799999999999999,0.0,1.0,0.0,CompressionPressure,1.0,7436.25,7436.5,7432.75,7435.75,Up,1,7436.25,3.75,6.446428571428571,5,7440.75,5.0,0.775623268698061,5.0,0.775623268698061,5.0,-4.5,0.775623268698061,-0.6980609418282548,1,1
ES,xApvaV01StateLog_ES.csv,2450,2026-05-13 08:15:00,Unresolved,Unresolved->Unresolved->Unresolved->Unresolved,Pure Unresolved Compression Equilibrium,Exact,1.0,-1.4428232973175177e-12,0.0,1.0,0.0,0.0,0.2799999999999999,0.0,1.0,0.0,CompressionPressure,1.0,7435.75,7436.75,7431.25,7434.0,Down,-1,7435.75,5.5,6.375,5,7442.25,8.25,1.2941176470588236,-8.25,-1.2941176470588236,0.25,-8.75,0.0392156862745098,-1.3725490196078431,0,1
ES,xApvaV01StateLog_ES.csv,2451,2026-05-13 08:20:00,Unresolved,Unresolved->Unresolved->Unresolved->Unresolved,Pure Unresolved Compression Equilibrium,Exact,1.0,-1.4428232973175177e-12,0.0,1.0,0.0,0.0,0.2799999999999999,0.0,1.0,0.0,CompressionPressure,1.0,7434.0,7437.25,7434.0,7437.25,Down,-1,7434.0,3.25,6.267857142857143,5,7445.75,8.5,1.356125356125356,-8.5,-1.356125356125356,3.5,-9.75,0.5584045584045584,-1.5555555555555554,0,1
ES,xApvaV01StateLog_ES.csv,2452,2026-05-13 08:25:00,Unresolved,Unresolved->Unresolved->Unresolved->Unresolved,Pure Unresolved Compression Equilibrium,Exact,1.0,-1.4428232973175177e-12,0.0,1.0,0.0,0.0,0.2799999999999999,0.0,1.0,0.0,CompressionPressure,1.0,7437.25,7438.25,7435.5,7436.75,Down,-1,7437.25,2.75,5.910714285714286,5,7443.25,6.5,1.0996978851963746,-6.5,-1.0996978851963746,3.0,-10.25,0.5075528700906344,-1.7341389728096677,0,1
ES,xApvaV01StateLog_ES.csv,2453,2026-05-13 08:30:00,Unresolved,Unresolved->Unresolved->Unresolved->Unresolved,Pure Unresolved Compression Equilibrium,Exact,1.0,-1.4428232973175177e-12,0.0,1.0,0.0,0.0,0.2799999999999999,0.0,1.0,0.0,CompressionPressure,1.0,7436.75,7438.0,7433.75,7437.25,Down,-1,7436.75,4.25,5.785714285714286,5,7443.75,6.5,1.123456790123457,-6.5,-1.123456790123457,3.25,-9.75,0.5617283950617284,-1.6851851851851851,0,1
ES,xApvaV01StateLog_ES.csv,2454,2026-05-13 08:35:00,Unresolved,Unresolved->Unresolved->Unresolved->Unresolved,Pure Unresolved Compression Equilibrium,Exact,1.0,-1.4428232973175177e-12,0.0,1.0,0.0,0.0,0.2799999999999999,0.0,1.0,0.0,CompressionPressure,1.0,7437.25,7440.75,7434.0,7440.75,Up,1,7437.25,6.75,5.375,5,7442.0,1.25,0.2325581395348837,1.25,0.2325581395348837,6.25,-1.0,1.162790697674419,-0.1860465116279069,1,1
ES,xApvaV01StateLog_ES.csv,2455,2026-05-13 08:40:00,Unresolved,Unresolved->Unresolved->Unresolved->Unresolved,Pure Unresolved Compression Equilibrium,Exact,1.0,-1.4428232973175177e-12,0.0,1.0,0.0,0.0,0.2799999999999999,0.0,1.0,0.0,CompressionPressure,1.0,7440.5,7442.75,7439.75,7442.25,Up,1,7440.75,3.0,5.196428571428571,5,7446.25,4.0,0.7697594501718213,4.0,0.7697594501718213,4.75,-2.5,0.914089347079038,-0.4810996563573883,1,1
ES,xApvaV01StateLog_ES.csv,2456,2026-05-13 08:45:00,Unresolved,Unresolved->Unresolved->Unresolved->Unresolved,Pure Unresolved Compression Equilibrium,Exact,1.0,-1.4428232973175177e-12,0.0,1.0,0.0,0.0,0.2799999999999999,0.0,1.0,0.0,CompressionPressure,1.0,7442.5,7447.0,7442.5,7445.75,Up,1,7442.25,4.75,5.142857142857143,5,7448.0,2.25,0.4374999999999999,2.25,0.4374999999999999,2.5,-6.0,0.486111111111111,-1.1666666666666663,1,1
ES,xApvaV01StateLog_ES.csv,2457,2026-05-13 08:50:00,Unresolved,Unresolved->Unresolved->Unresolved->Unresolved,Pure Unresolved Compression Equilibrium,Exact,1.0,-1.4428232973175177e-12,0.0,1.0,0.0,0.0,0.2799999999999999,0.0,1.0,0.0,CompressionPressure,1.0,7445.75,7445.75,7443.0,7443.25,Up,1,7445.75,2.75,4.660714285714286,5,7451.25,8.0,1.7164750957854409,8.0,1.7164750957854409,8.25,-3.5,1.7701149425287357,-0.7509578544061303,1,1
ES,xApvaV01StateLog_ES.csv,2458,2026-05-13 08:55:00,Unresolved,Unresolved->Unresolved->Unresolved->Unresolved,Pure Unresolved Compression Equilibrium,Exact,1.0,-1.4428232973175177e-12,0.0,1.0,0.0,0.0,0.2799999999999999,0.0,1.0,0.0,CompressionPressure,1.0,7443.25,7444.75,7440.0,7443.75,Up,1,7443.25,4.75,4.428571428571429,5,7452.0,8.25,1.8629032258064515,8.25,1.8629032258064515,9.5,-4.0,2.1451612903225805,-0.9032258064516128,1,1
ES,xApvaV01StateLog_ES.csv,2459,2026-05-13 09:00:00,Unresolved,Unresolved->Unresolved->Unresolved->Unresolved,Pure Unresolved Compression Equilibrium,Exact,1.0,-1.4428232973175177e-12,0.0,1.0,0.0,0.0,0.2799999999999999,0.0,1.0,0.0,CompressionPressure,1.0,7444.0,7444.0,7440.0,7442.0,Up,1,7443.75,4.0,4.357142857142857,5,7461.5,19.5,4.475409836065574,19.5,4.475409836065574,21.75,-2.25,4.991803278688525,-0.5163934426229508,1,1
ES,xApvaV01StateLog_ES.csv,2460,2026-05-13 09:05:00,Unresolved,Unresolved->Unresolved->Unresolved->Unresolved,Pure Unresolved Compression Equilibrium,Exact,1.0,-1.4428232973175177e-12,0.0,1.0,0.0,0.0,0.2799999999999999,0.0,1.0,0.0,CompressionPressure,1.0,7442.0,7446.75,7439.75,7446.25,Up,1,7442.0,7.0,4.410714285714286,5,7462.5,16.25,3.684210526315789,16.25,3.684210526315789,18.5,-2.25,4.194331983805668,-0.5101214574898786,1,1
ES,xApvaV01StateLog_ES.csv,2461,2026-05-13 09:10:00,Unresolved,Unresolved->Unresolved->Unresolved->Unresolved,Pure Unresolved Compression Equilibrium,Exact,1.0,-1.4428232973175177e-12,0.0,1.0,0.0,0.0,0.2799999999999999,0.0,1.0,0.0,CompressionPressure,1.0,7446.5,7448.25,7444.0,7448.0,Up,1,7446.25,4.25,4.446428571428571,5,7462.5,14.5,3.2610441767068274,14.5,3.2610441767068274,16.75,-0.75,3.7670682730923697,-0.1686746987951807,1,1
ES,xApvaV01StateLog_ES.csv,2467,2026-05-13 09:40:00,Unresolved,Directional->Directional->Degrading->Unresolved,Stable Compression Basin,Exact,1.0,1.7219280948815914,0.3333333333333333,0.4,0.6,0.0,0.0930416666666666,0.0416666666666666,0.5666666666666667,0.475,CompressionPressure,0.5666666666666667,7462.5,7463.5,7460.75,7462.0,Up,1,7462.5,2.75,5.160714285714286,5,7469.25,7.25,1.4048442906574394,7.25,1.4048442906574394,8.75,-3.0,1.6955017301038062,-0.5813148788927336,1,1
ES,xApvaV01StateLog_ES.csv,2468,2026-05-13 09:45:00,Unresolved,Directional->Degrading->Unresolved->Unresolved,Stable Compression Basin,Exact,1.0,1.8464393446652445,0.3333333333333333,0.4,0.7,0.0,0.1000416666666666,0.0416666666666666,0.5666666666666667,0.475,CompressionPressure,0.5666666666666667,7461.75,7463.0,7460.75,7461.0,Down,-1,7462.0,2.25,4.839285714285714,5,7471.75,10.75,2.2214022140221403,-10.75,-2.2214022140221403,2.0,-13.0,0.4132841328413284,-2.6863468634686347,0,1
ES,xApvaV01StateLog_ES.csv,2474,2026-05-13 10:15:00,Unresolved,Degrading->Degrading->Degrading->Unresolved,Stable Compression Basin,Exact,1.0,1.2954618442339936,0.4444444444444444,0.6,0.4,0.0,0.1135384247730571,0.0555555555555555,0.6412558569575977,0.4500489450928527,CompressionPressure,0.6412558569575977,7471.75,7474.0,7470.5,7471.5,Up,1,7471.75,3.5,4.821428571428571,5,7468.75,-2.75,-0.5703703703703704,-2.75,-0.5703703703703704,1.5,-5.0,0.3111111111111111,-1.0370370370370372,0,1
ES,xApvaV01StateLog_ES.csv,2475,2026-05-13 10:20:00,Unresolved,Degrading->Degrading->Unresolved->Unresolved,Stable Compression Basin,Exact,1.0,0.9709505944517832,0.3333333333333333,0.6,0.3,0.0,0.1435365951122853,0.0416666666666666,0.6893155878467636,0.3373954425363276,CompressionPressure,0.6893155878467636,7471.5,7472.75,7468.75,7469.75,Down,-1,7471.5,4.0,4.803571428571429,5,7471.0,1.25,0.2602230483271375,-1.25,-0.2602230483271375,3.25,-3.25,0.6765799256505576,-0.6765799256505576,0,1
ES,xApvaV01StateLog_ES.csv,2476,2026-05-13 10:25:00,Unresolved,Degrading->Unresolved->Unresolved->Unresolved,Stable Compression Basin,Exact,1.0,0.9999999999971146,0.2222222222222222,0.5,0.2,0.0,0.134798611111332,0.0277777777777777,0.6736111111112916,0.3020833333327021,CompressionPressure,0.6736111111112916,7469.75,7471.5,7468.25,7468.5,Down,-1,7469.75,3.25,4.732142857142857,5,7470.5,2.0,0.4226415094339623,-2.0,-0.4226415094339623,2.0,-4.5,0.4226415094339623,-0.9509433962264152,0,1
ES,xApvaV01StateLog_ES.csv,2477,2026-05-13 10:30:00,Unresolved,Unresolved->Unresolved->Unresolved->Unresolved,Pure Unresolved Compression Equilibrium,Exact,1.0,1.360964047439353,0.3333333333333333,0.5,0.1,0.0,0.0880095234512578,0.0416666666666666,0.6232730803683738,0.4227108853773584,CompressionPressure,0.6232730803683738,7468.5,7473.0,7467.75,7471.0,Down,-1,7468.5,5.25,4.839285714285714,5,7470.25,-0.75,-0.1549815498154981,0.75,0.1549815498154981,4.5,-1.5,0.9298892988929888,-0.3099630996309963,1,1
ES,xApvaV01StateLog_ES.csv,2478,2026-05-13 10:35:00,Unresolved,Unresolved->Unresolved->Unresolved->Unresolved,Pure Unresolved Compression Equilibrium,Exact,1.0,1.4854752972230063,0.2222222222222222,0.5,0.0,0.0,0.0836294086674746,0.0277777777777777,0.6432689050346733,0.4082810546008659,CompressionPressure,0.6432689050346733,7470.75,7471.75,7467.5,7467.75,Down,-1,7471.0,4.25,4.25,5,7466.25,-1.5,-0.3529411764705882,1.5,0.3529411764705882,1.75,-4.75,0.4117647058823529,-1.1176470588235294,1,1
ES,xApvaV01StateLog_ES.csv,2479,2026-05-13 10:40:00,Unresolved,Unresolved->Unresolved->Unresolved->Unresolved,Pure Unresolved Compression Equilibrium,Exact,1.0,1.5709505944503404,0.2222222222222222,0.4,0.0,0.0,0.0654185395568402,0.0277777777777777,0.5962600322912982,0.4269787758693452,CompressionPressure,0.5962600322912982,7467.5,7470.0,7466.5,7468.75,Down,-1,7467.75,3.5,4.0,5,7472.0,3.25,0.8125,-3.25,-0.8125,3.0,-3.75,0.75,-0.9375,0,1
ES,xApvaV01StateLog_ES.csv,2480,2026-05-13 10:45:00,Unresolved,Unresolved->Unresolved->Unresolved->Unresolved,Pure Unresolved Compression Equilibrium,Exact,1.0,1.5709505944503404,0.2222222222222222,0.4,0.0,0.0,0.0654185395568402,0.0277777777777777,0.5962600322912982,0.4269787758693452,CompressionPressure,0.5962600322912982,7468.5,7471.5,7468.5,7471.0,Up,1,7468.75,3.0,3.875,5,7472.75,1.75,0.4516129032258064,1.75,0.4516129032258064,2.75,-5.25,0.7096774193548387,-1.3548387096774193,1,1
ES,xApvaV01StateLog_ES.csv,2481,2026-05-13 10:50:00,Unresolved,Unresolved->Unresolved->Unresolved->Unresolved,Pure Unresolved Compression Equilibrium,Exact,1.0,1.4854752972230063,0.2222222222222222,0.5,0.0,0.0,0.0836294086674746,0.0277777777777777,0.6432689050346733,0.4082810546008659,CompressionPressure,0.6432689050346733,7471.0,7472.5,7470.25,7470.5,Up,1,7471.0,2.25,3.8392857142857135,5,7478.25,7.75,2.01860465116279,7.75,2.01860465116279,8.25,-4.75,2.1488372093023256,-1.2372093023255817,1,1
ES,xApvaV01StateLog_ES.csv,2482,2026-05-13 10:55:00,Unresolved,Unresolved->Unresolved->Unresolved->Unresolved,Pure Unresolved Compression Equilibrium,Exact,1.0,1.2954618442339936,0.2222222222222222,0.6,0.0,0.0,0.1098439803286126,0.0277777777777777,0.6968114125131533,0.3667156117595194,CompressionPressure,0.6968114125131533,7470.5,7472.5,7470.0,7470.25,Down,-1,7470.5,2.5,3.857142857142857,5,7481.0,10.75,2.787037037037037,-10.75,-2.787037037037037,4.5,-13.5,1.1666666666666667,-3.5,0,1
ES,xApvaV01StateLog_ES.csv,2483,2026-05-13 11:00:00,Unresolved,Unresolved->Unresolved->Unresolved->Unresolved,Pure Unresolved Compression Equilibrium,Exact,1.0,0.8812908992278072,0.1111111111111111,0.7,0.0,0.0,0.1653733877500932,0.0138888888888888,0.7921415410204843,0.2344490508727494,CompressionPressure,0.7921415410204843,7470.0,7470.5,7466.0,7466.25,Down,-1,7470.25,4.5,3.928571428571429,5,7481.5,15.25,3.881818181818182,-15.25,-3.881818181818182,0.5,-17.5,0.1272727272727273,-4.454545454545455,0,1
ES,xApvaV01StateLog_ES.csv,2484,2026-05-13 11:05:00,Unresolved,Unresolved->Unresolved->Unresolved->Unresolved,Pure Unresolved Compression Equilibrium,Exact,1.0,0.7219280948844771,0.1111111111111111,0.8,0.0,0.0,0.1892412691242961,0.0138888888888888,0.8437683829586091,0.199588437422646,CompressionPressure,0.8437683829586091,7466.25,7472.25,7465.75,7472.0,Down,-1,7466.25,6.5,4.107142857142857,5,7480.25,8.25,2.008695652173913,-8.25,-2.008695652173913,1.25,-11.75,0.3043478260869565,-2.860869565217392,0,1
ES,xApvaV01StateLog_ES.csv,2485,2026-05-13 11:10:00,Unresolved,Unresolved->Unresolved->Unresolved->Unresolved,Pure Unresolved Compression Equilibrium,Exact,1.0,0.4689955935863958,0.1111111111111111,0.9,0.0,0.0,0.2202730804215971,0.0138888888888888,0.9012433309564056,0.1442594527636907,CompressionPressure,0.9012433309564056,7472.0,7473.75,7470.75,7472.75,Up,1,7472.0,3.0,4.0,5,7478.25,5.5,1.375,5.5,1.375,11.0,-0.5,2.75,-0.125,1,1
ES,xApvaV01StateLog_ES.csv,2492,2026-05-13 11:45:00,Unresolved,Degrading->Degrading->Degrading->Unresolved,Stable Compression Basin,Exact,1.0,1.8464393446652445,0.3333333333333333,0.4,0.5,0.0,0.0860416666666666,0.0416666666666666,0.5666666666666667,0.475,CompressionPressure,0.5666666666666667,7475.75,7477.25,7473.25,7473.25,Down,-1,7475.75,4.0,4.017857142857143,5,7478.25,5.0,1.2444444444444442,-5.0,-1.2444444444444442,2.5,-5.5,0.6222222222222221,-1.3688888888888888,0,1
ES,xApvaV01StateLog_ES.csv,2495,2026-05-13 12:00:00,Unresolved,Unresolved->Balance->Unresolved->Unresolved,Stable Compression Basin,Exact,1.0,1.8464393446652445,0.4444444444444444,0.4,0.5,0.0,0.0738888888888888,0.0555555555555555,0.538888888888889,0.5166666666666666,CompressionPressure,0.538888888888889,7477.5,7477.5,7470.75,7471.5,Up,1,7477.25,6.75,4.464285714285714,5,7476.0,4.5,1.008,4.5,1.008,10.75,-0.25,2.408,-0.056,1,1
ES,xApvaV01StateLog_ES.csv,2496,2026-05-13 12:05:00,Unresolved,Balance->Unresolved->Unresolved->Unresolved,Stable Compression Basin,Exact,1.0,1.7219280948815914,0.4444444444444444,0.4,0.4,0.0,0.0668888888888889,0.0555555555555555,0.538888888888889,0.5166666666666666,CompressionPressure,0.538888888888889,7471.5,7476.5,7471.25,7476.25,Up,1,7471.5,5.25,4.660714285714286,5,7479.75,3.5,0.7509578544061303,3.5,0.7509578544061303,6.0,-2.5,1.2873563218390804,-0.5363984674329502,1,1
ES,xApvaV01StateLog_ES.csv,2497,2026-05-13 12:10:00,Unresolved,Unresolved->Unresolved->Unresolved->Unresolved,Pure Unresolved Compression Equilibrium,Exact,1.0,1.7219280948815914,0.4444444444444444,0.4,0.3,0.0,0.0598888888888888,0.0555555555555555,0.538888888888889,0.5166666666666666,CompressionPressure,0.538888888888889,7476.25,7478.75,7473.75,7478.25,Up,1,7476.25,5.0,4.696428571428571,5,7476.5,-1.75,-0.3726235741444867,-1.75,-0.3726235741444867,4.0,-3.25,0.8517110266159696,-0.6920152091254753,0,1
ES,xApvaV01StateLog_ES.csv,2498,2026-05-13 12:15:00,Unresolved,Unresolved->Unresolved->Unresolved->Unresolved,Pure Unresolved Compression Equilibrium,Exact,1.0,1.8464393446652445,0.4444444444444444,0.4,0.2,0.0,0.0528888888888888,0.0555555555555555,0.538888888888889,0.5166666666666666,CompressionPressure,0.538888888888889,7478.0,7480.5,7477.75,7480.25,Up,1,7478.25,2.75,4.428571428571429,5,7478.75,-1.5,-0.3387096774193548,-1.5,-0.3387096774193548,2.0,-5.25,0.4516129032258064,-1.1854838709677418,0,1
ES,xApvaV01StateLog_ES.csv,2499,2026-05-13 12:20:00,Unresolved,Unresolved->Unresolved->Unresolved->Unresolved,Pure Unresolved Compression Equilibrium,Exact,1.0,1.8464393446652445,0.4444444444444444,0.4,0.1,0.0,0.0458888888888888,0.0555555555555555,0.538888888888889,0.5166666666666666,CompressionPressure,0.538888888888889,7480.5,7482.25,7478.25,7481.25,Up,1,7480.25,4.0,4.5,5,7479.75,-1.5,-0.3333333333333333,-1.5,-0.3333333333333333,0.75,-6.25,0.1666666666666666,-1.3888888888888888,0,1
ES,xApvaV01StateLog_ES.csv,2500,2026-05-13 12:25:00,Unresolved,Unresolved->Unresolved->Unresolved->Unresolved,Pure Unresolved Compression Equilibrium,Exact,1.0,1.7219280948815914,0.4444444444444444,0.4,0.0,0.0,0.0388888888888888,0.0555555555555555,0.538888888888889,0.5166666666666666,CompressionPressure,0.538888888888889,7481.25,7482.0,7475.5,7476.0,Up,1,7481.25,6.5,4.5,5,7479.0,3.0,0.6666666666666666,3.0,0.6666666666666666,5.25,-1.0,1.1666666666666667,-0.2222222222222222,1,1
ES,xApvaV01StateLog_ES.csv,2501,2026-05-13 12:30:00,Unresolved,Unresolved->Unresolved->Unresolved->Unresolved,Pure Unresolved Compression Equilibrium,Exact,1.0,1.360964047439353,0.3333333333333333,0.5,0.0,0.0,0.0810095234512578,0.0416666666666666,0.6232730803683738,0.4227108853773584,CompressionPressure,0.6232730803683738,7476.25,7479.75,7475.0,7479.75,Up,1,7476.0,4.75,4.446428571428571,5,7470.0,-9.75,-2.1927710843373496,-9.75,-2.1927710843373496,1.5,-11.75,0.3373493975903615,-2.642570281124498,0,1
ES,xApvaV01StateLog_ES.csv,2502,2026-05-13 12:35:00,Unresolved,Unresolved->Unresolved->Unresolved->Unresolved,Pure Unresolved Compression Equilibrium,Exact,1.0,1.2954618442339936,0.2222222222222222,0.6,0.0,0.0,0.1098439803286126,0.0277777777777777,0.6968114125131533,0.3667156117595194,CompressionPressure,0.6968114125131533,7479.75,7480.25,7475.5,7476.5,Up,1,7479.75,4.75,4.535714285714286,5,7468.5,-8.0,-1.763779527559055,-8.0,-1.763779527559055,4.75,-8.75,1.0472440944881891,-1.9291338582677169,0,1
ES,xApvaV01StateLog_ES.csv,2503,2026-05-13 12:40:00,Unresolved,Unresolved->Unresolved->Unresolved->Unresolved,Pure Unresolved Compression Equilibrium,Exact,1.0,0.8812908992278072,0.1111111111111111,0.7,0.0,0.0,0.1653733877500932,0.0138888888888888,0.7921415410204843,0.2344490508727494,CompressionPressure,0.7921415410204843,7476.75,7479.5,7475.0,7478.75,Up,1,7476.5,4.5,4.660714285714286,5,7469.25,-9.5,-2.0383141762452106,-9.5,-2.0383141762452106,2.5,-12.25,0.5363984674329502,-2.628352490421456,0,1
ES,xApvaV01StateLog_ES.csv,2504,2026-05-13 12:45:00,Unresolved,Unresolved->Unresolved->Unresolved->Unresolved,Pure Unresolved Compression Equilibrium,Exact,1.0,0.7219280948844771,0.1111111111111111,0.8,0.0,0.0,0.1892412691242961,0.0138888888888888,0.8437683829586091,0.199588437422646,CompressionPressure,0.8437683829586091,7478.75,7480.0,7477.75,7479.75,Up,1,7478.75,2.25,4.553571428571429,5,7471.75,-8.0,-1.7568627450980392,-8.0,-1.7568627450980392,1.5,-13.25,0.3294117647058823,-2.9098039215686278,0,1
ES,xApvaV01StateLog_ES.csv,2505,2026-05-13 12:50:00,Unresolved,Unresolved->Unresolved->Unresolved->Unresolved,Pure Unresolved Compression Equilibrium,Exact,1.0,0.4689955935863958,0.1111111111111111,0.9,0.0,0.0,0.2202730804215971,0.0138888888888888,0.9012433309564056,0.1442594527636907,CompressionPressure,0.9012433309564056,7479.75,7481.25,7478.25,7479.0,Up,1,7479.75,3.0,4.410714285714286,5,7472.5,-6.5,-1.473684210526316,-6.5,-1.473684210526316,0.0,-12.5,0.0,-2.834008097165992,0,1
ES,xApvaV01StateLog_ES.csv,2506,2026-05-13 12:55:00,Unresolved,Unresolved->Unresolved->Unresolved->Unresolved,Pure Unresolved Compression Equilibrium,Exact,1.0,-1.4428232973175177e-12,0.0,1.0,0.0,0.0,0.2799999999999999,0.0,1.0,0.0,CompressionPressure,1.0,7479.0,7479.0,7468.0,7470.0,Down,-1,7479.0,11.0,4.910714285714286,5,7472.75,2.75,0.56,-2.75,-0.56,3.5,-3.75,0.7127272727272728,-0.7636363636363637,0,1
ES,xApvaV01StateLog_ES.csv,2507,2026-05-13 13:00:00,Unresolved,Unresolved->Unresolved->Unresolved->Unresolved,Pure Unresolved Compression Equilibrium,Exact,1.0,-1.4428232973175177e-12,0.0,1.0,0.0,0.0,0.2799999999999999,0.0,1.0,0.0,CompressionPressure,1.0,7470.0,7471.25,7467.75,7468.5,Down,-1,7470.0,3.5,4.857142857142857,5,7473.5,5.0,1.0294117647058825,-5.0,-1.0294117647058825,2.0,-5.25,0.411764705882353,-1.0808823529411766,0,1
ES,xApvaV01StateLog_ES.csv,2508,2026-05-13 13:05:00,Unresolved,Unresolved->Unresolved->Unresolved->Unresolved,Pure Unresolved Compression Equilibrium,Exact,1.0,-1.4428232973175177e-12,0.0,1.0,0.0,0.0,0.2799999999999999,0.0,1.0,0.0,CompressionPressure,1.0,7468.5,7472.0,7466.5,7469.25,Down,-1,7468.5,5.5,4.964285714285714,5,7474.25,5.0,1.0071942446043165,-5.0,-1.0071942446043165,0.5,-5.5,0.1007194244604316,-1.1079136690647482,0,1
ES,xApvaV01StateLog_ES.csv,2509,2026-05-13 13:10:00,Unresolved,Unresolved->Unresolved->Unresolved->Unresolved,Pure Unresolved Compression Equilibrium,Exact,1.0,-1.4428232973175177e-12,0.0,1.0,0.0,0.0,0.2799999999999999,0.0,1.0,0.0,CompressionPressure,1.0,7469.0,7472.75,7468.75,7471.75,Up,1,7469.25,4.0,4.767857142857143,5,7476.75,5.0,1.048689138576779,5.0,1.048689138576779,5.25,-1.0,1.1011235955056178,-0.2097378277153558,1,1
ES,xApvaV01StateLog_ES.csv,2510,2026-05-13 13:15:00,Unresolved,Unresolved->Unresolved->Unresolved->Unresolved,Pure Unresolved Compression Equilibrium,Exact,1.0,-1.4428232973175177e-12,0.0,1.0,0.0,0.0,0.2799999999999999,0.0,1.0,0.0,CompressionPressure,1.0,7471.5,7473.75,7470.75,7472.5,Up,1,7471.75,3.0,4.607142857142857,5,7477.25,4.75,1.0310077519379846,4.75,1.0310077519379846,5.5,-0.5,1.1937984496124032,-0.1085271317829457,1,1
ES,xApvaV01StateLog_ES.csv,2511,2026-05-13 13:20:00,Unresolved,Unresolved->Unresolved->Unresolved->Unresolved,Pure Unresolved Compression Equilibrium,Exact,1.0,-1.4428232973175177e-12,0.0,1.0,0.0,0.0,0.2799999999999999,0.0,1.0,0.0,CompressionPressure,1.0,7472.5,7473.75,7472.0,7472.75,Up,1,7472.5,1.75,4.375,5,7476.75,4.0,0.9142857142857144,4.0,0.9142857142857144,5.25,-0.5,1.2,-0.1142857142857142,1,1
ES,xApvaV01StateLog_ES.csv,2512,2026-05-13 13:25:00,Unresolved,Unresolved->Unresolved->Unresolved->Unresolved,Pure Unresolved Compression Equilibrium,Exact,1.0,-1.4428232973175177e-12,0.0,1.0,0.0,0.0,0.2799999999999999,0.0,1.0,0.0,CompressionPressure,1.0,7472.75,7473.75,7472.25,7473.5,Up,1,7472.75,1.5,4.285714285714286,5,7475.25,1.75,0.4083333333333333,1.75,0.4083333333333333,4.5,-0.75,1.05,-0.175,1,1
ES,xApvaV01StateLog_ES.csv,2513,2026-05-13 13:30:00,Unresolved,Unresolved->Unresolved->Unresolved->Unresolved,Pure Unresolved Compression Equilibrium,Exact,1.0,-1.4428232973175177e-12,0.0,1.0,0.0,0.0,0.2799999999999999,0.0,1.0,0.0,CompressionPressure,1.0,7473.5,7474.75,7472.75,7474.25,Up,1,7473.5,2.0,4.142857142857143,5,7475.5,1.25,0.3017241379310345,1.25,0.3017241379310345,3.75,-0.25,0.9051724137931032,-0.0603448275862068,1,1
ES,xApvaV01StateLog_ES.csv,2514,2026-05-13 13:35:00,Unresolved,Unresolved->Unresolved->Unresolved->Unresolved,Pure Unresolved Compression Equilibrium,Exact,1.0,-1.4428232973175177e-12,0.0,1.0,0.0,0.0,0.2799999999999999,0.0,1.0,0.0,CompressionPressure,1.0,7474.0,7477.0,7474.0,7476.75,Up,1,7474.25,3.0,3.892857142857143,5,7476.0,-0.75,-0.1926605504587156,-0.75,-0.1926605504587156,1.25,-2.0,0.3211009174311927,-0.5137614678899083,0,1
ES,xApvaV01StateLog_ES.csv,2515,2026-05-13 13:40:00,Unresolved,Unresolved->Unresolved->Unresolved->Unresolved,Pure Unresolved Compression Equilibrium,Exact,1.0,-1.4428232973175177e-12,0.0,1.0,0.0,0.0,0.2799999999999999,0.0,1.0,0.0,CompressionPressure,1.0,7476.75,7478.0,7476.75,7477.25,Up,1,7476.75,1.25,3.642857142857143,5,7492.5,15.25,4.186274509803922,15.25,4.186274509803922,15.5,-2.5,4.254901960784314,-0.6862745098039216,1,1
ES,xApvaV01StateLog_ES.csv,2516,2026-05-13 13:45:00,Unresolved,Unresolved->Unresolved->Unresolved->Unresolved,Pure Unresolved Compression Equilibrium,Exact,1.0,-1.4428232973175177e-12,0.0,1.0,0.0,0.0,0.2799999999999999,0.0,1.0,0.0,CompressionPressure,1.0,7477.5,7477.5,7476.0,7476.75,Up,1,7477.25,1.5,3.4107142857142856,5,7497.25,20.5,6.010471204188482,20.5,6.010471204188482,21.75,-2.0,6.37696335078534,-0.5863874345549739,1,1
ES,xApvaV01StateLog_ES.csv,2517,2026-05-13 13:50:00,Unresolved,Unresolved->Unresolved->Unresolved->Unresolved,Pure Unresolved Compression Equilibrium,Exact,1.0,-1.4428232973175177e-12,0.0,1.0,0.0,0.0,0.2799999999999999,0.0,1.0,0.0,CompressionPressure,1.0,7476.5,7476.5,7474.75,7475.25,Down,-1,7476.75,2.0,3.232142857142857,5,7498.25,23.0,7.116022099447513,-23.0,-7.116022099447513,0.25,-25.25,0.0773480662983425,-7.812154696132596,0,1
ES,xApvaV01StateLog_ES.csv,2518,2026-05-13 13:55:00,Unresolved,Unresolved->Unresolved->Unresolved->Unresolved,Pure Unresolved Compression Equilibrium,Exact,1.0,-1.4428232973175177e-12,0.0,1.0,0.0,0.0,0.2799999999999999,0.0,1.0,0.0,CompressionPressure,1.0,7475.0,7476.5,7475.0,7475.5,Down,-1,7475.25,1.5,3.1785714285714284,5,7501.25,25.75,8.10112359550562,-25.75,-8.10112359550562,-0.25,-27.75,-0.0786516853932584,-8.730337078651687,0,1
ES,xApvaV01StateLog_ES.csv,2519,2026-05-13 14:00:00,Unresolved,Unresolved->Unresolved->Unresolved->Unresolved,Pure Unresolved Compression Equilibrium,Exact,1.0,-1.4428232973175177e-12,0.0,1.0,0.0,0.0,0.2799999999999999,0.0,1.0,0.0,CompressionPressure,1.0,7475.75,7476.25,7475.75,7476.0,Up,1,7475.5,0.75,3.017857142857143,5,7494.5,18.5,6.1301775147929,18.5,6.1301775147929,27.25,3.75,9.029585798816568,1.242603550295858,1,1
ES,xApvaV01StateLog_ES.csv,2520,2026-05-14 06:35:00,Unresolved,Unresolved->Unresolved->Unresolved->Unresolved,Pure Unresolved Compression Equilibrium,Exact,1.0,-1.4428232973175177e-12,0.0,1.0,0.0,0.0,0.2799999999999999,0.0,1.0,0.0,CompressionPressure,1.0,7481.0,7492.75,7479.75,7492.5,Up,1,7476.0,16.75,3.4285714285714284,5,7488.5,-4.0,-1.1666666666666667,-4.0,-1.1666666666666667,10.75,-6.75,3.135416666666667,-1.96875,0,1
ES,xApvaV01StateLog_ES.csv,2521,2026-05-14 06:40:00,Unresolved,Unresolved->Unresolved->Unresolved->Unresolved,Pure Unresolved Compression Equilibrium,Exact,1.0,-1.4428232973175177e-12,0.0,1.0,0.0,0.0,0.2799999999999999,0.0,1.0,0.0,CompressionPressure,1.0,7492.25,7498.5,7487.0,7497.25,Up,1,7492.5,11.5,4.0,5,7497.0,-0.25,-0.0625,-0.25,-0.0625,6.0,-11.5,1.5,-2.875,0,1
ES,xApvaV01StateLog_ES.csv,2522,2026-05-14 06:45:00,Unresolved,Unresolved->Unresolved->Unresolved->Unresolved,Pure Unresolved Compression Equilibrium,Exact,1.0,-1.4428232973175177e-12,0.0,1.0,0.0,0.0,0.2799999999999999,0.0,1.0,0.0,CompressionPressure,1.0,7497.25,7500.5,7496.75,7498.25,Up,1,7497.25,3.75,3.875,5,7494.5,-3.75,-0.967741935483871,-3.75,-0.967741935483871,5.0,-12.5,1.2903225806451613,-3.225806451612903,0,1
ES,xApvaV01StateLog_ES.csv,2523,2026-05-14 06:50:00,Unresolved,Unresolved->Unresolved->Unresolved->Unresolved,Pure Unresolved Compression Equilibrium,Exact,1.0,-1.4428232973175177e-12,0.0,1.0,0.0,0.0,0.2799999999999999,0.0,1.0,0.0,CompressionPressure,1.0,7498.25,7503.25,7496.25,7501.25,Up,1,7498.25,7.0,4.089285714285714,5,7499.25,-2.0,-0.4890829694323144,-2.0,-0.4890829694323144,2.0,-15.5,0.4890829694323144,-3.7903930131004366,0,1
ES,xApvaV01StateLog_ES.csv,2524,2026-05-14 06:55:00,Unresolved,Unresolved->Unresolved->Unresolved->Unresolved,Pure Unresolved Compression Equilibrium,Exact,1.0,-1.4428232973175177e-12,0.0,1.0,0.0,0.0,0.2799999999999999,0.0,1.0,0.0,CompressionPressure,1.0,7501.25,7503.25,7493.25,7494.5,Up,1,7501.25,10.0,4.589285714285714,5,7505.0,10.5,2.2879377431906613,10.5,2.2879377431906613,11.0,-8.75,2.396887159533074,-1.9066147859922176,1,1
ES,xApvaV01StateLog_ES.csv,2525,2026-05-14 07:00:00,Unresolved,Unresolved->Unresolved->Unresolved->Unresolved,Pure Unresolved Compression Equilibrium,Exact,1.0,-1.4428232973175177e-12,0.0,1.0,0.0,0.0,0.2799999999999999,0.0,1.0,0.0,CompressionPressure,1.0,7494.25,7499.0,7485.75,7488.5,Down,-1,7494.5,13.25,5.410714285714286,5,7503.75,15.25,2.8184818481848186,-15.25,-2.8184818481848186,1.75,-19.5,0.3234323432343234,-3.603960396039604,0,1
ES,xApvaV01StateLog_ES.csv,2526,2026-05-14 07:05:00,Unresolved,Unresolved->Unresolved->Unresolved->Unresolved,Pure Unresolved Compression Equilibrium,Exact,1.0,-1.4428232973175177e-12,0.0,1.0,0.0,0.0,0.2799999999999999,0.0,1.0,0.0,CompressionPressure,1.0,7488.5,7497.0,7486.75,7497.0,Down,-1,7488.5,10.25,6.035714285714286,5,7503.75,6.75,1.118343195266272,-6.75,-1.118343195266272,4.75,-11.0,0.7869822485207101,-1.822485207100592,0,1
ES,xApvaV01StateLog_ES.csv,2527,2026-05-14 07:10:00,Unresolved,Unresolved->Unresolved->Unresolved->Unresolved,Pure Unresolved Compression Equilibrium,Exact,1.0,-1.4428232973175177e-12,0.0,1.0,0.0,0.0,0.2799999999999999,0.0,1.0,0.0,CompressionPressure,1.0,7497.0,7499.25,7492.25,7494.5,Down,-1,7497.0,7.0,6.392857142857143,5,7504.0,9.5,1.4860335195530725,-9.5,-1.4860335195530725,2.25,-13.5,0.3519553072625698,-2.1117318435754187,0,1
ES,xApvaV01StateLog_ES.csv,2528,2026-05-14 07:15:00,Unresolved,Unresolved->Unresolved->Unresolved->Unresolved,Pure Unresolved Compression Equilibrium,Exact,1.0,-1.4428232973175177e-12,0.0,1.0,0.0,0.0,0.2799999999999999,0.0,1.0,0.0,CompressionPressure,1.0,7494.75,7500.75,7492.25,7499.25,Down,-1,7494.5,8.5,6.785714285714286,5,7510.75,11.5,1.694736842105263,-11.5,-1.694736842105263,0.5,-11.75,0.0736842105263158,-1.731578947368421,0,1
ES,xApvaV01StateLog_ES.csv,2529,2026-05-14 07:20:00,Unresolved,Unresolved->Unresolved->Unresolved->Unresolved,Pure Unresolved Compression Equilibrium,Exact,1.0,-1.4428232973175177e-12,0.0,1.0,0.0,0.0,0.2799999999999999,0.0,1.0,0.0,CompressionPressure,1.0,7499.25,7505.5,7498.75,7505.0,Up,1,7499.25,6.75,7.178571428571429,5,7514.5,9.5,1.3233830845771144,9.5,1.3233830845771144,9.75,-5.75,1.3582089552238803,-0.8009950248756219,1,1
ES,xApvaV01StateLog_ES.csv,2530,2026-05-14 07:25:00,Unresolved,Unresolved->Unresolved->Unresolved->Unresolved,Pure Unresolved Compression Equilibrium,Exact,1.0,-1.4428232973175177e-12,0.0,1.0,0.0,0.0,0.2799999999999999,0.0,1.0,0.0,CompressionPressure,1.0,7505.0,7508.0,7502.75,7503.75,Up,1,7505.0,5.25,7.446428571428571,5,7517.0,13.25,1.7793764988009593,13.25,1.7793764988009593,13.5,-4.5,1.8129496402877696,-0.60431654676259,1,1
ES,xApvaV01StateLog_ES.csv,2531,2026-05-14 07:30:00,Unresolved,Unresolved->Unresolved->Unresolved->Unresolved,Pure Unresolved Compression Equilibrium,Exact,1.0,-1.4428232973175177e-12,0.0,1.0,0.0,0.0,0.2799999999999999,0.0,1.0,0.0,CompressionPressure,1.0,7503.5,7504.0,7499.25,7503.75,Up,1,7503.75,4.75,7.642857142857143,5,7518.0,14.25,1.8644859813084111,14.25,1.8644859813084111,16.25,-2.25,2.1261682242990654,-0.2943925233644859,1,1
ES,xApvaV01StateLog_ES.csv,2532,2026-05-14 07:35:00,Unresolved,Unresolved->Unresolved->Unresolved->Unresolved,Pure Unresolved Compression Equilibrium,Exact,1.0,-1.4428232973175177e-12,0.0,1.0,0.0,0.0,0.2799999999999999,0.0,1.0,0.0,CompressionPressure,1.0,7503.75,7504.75,7501.5,7504.0,Up,1,7503.75,3.25,7.767857142857143,5,7516.5,12.5,1.6091954022988504,12.5,1.6091954022988504,16.0,-2.0,2.0597701149425287,-0.2574712643678161,1,1
ES,xApvaV01StateLog_ES.csv,2533,2026-05-14 07:40:00,Unresolved,Unresolved->Unresolved->Unresolved->Unresolved,Pure Unresolved Compression Equilibrium,Exact,1.0,-1.4428232973175177e-12,0.0,1.0,0.0,0.0,0.2799999999999999,0.0,1.0,0.0,CompressionPressure,1.0,7504.0,7511.0,7502.0,7510.75,Up,1,7504.0,9.0,8.357142857142858,5,7520.5,9.75,1.1666666666666663,9.75,1.1666666666666663,12.0,-1.0,1.435897435897436,-0.1196581196581196,1,1
ES,xApvaV01StateLog_ES.csv,2545,2026-05-14 08:40:00,Unresolved,Directional->Degrading->Degrading->Unresolved,Stable Compression Basin,Soft,0.5,1.360964047439353,0.4444444444444444,0.5,1.0,0.0,0.1388567456734801,0.0555555555555555,0.595495302590596,0.4643775520440251,CompressionPressure,0.595495302590596,7531.5,7531.75,7526.75,7529.5,Up,1,7531.25,5.0,4.696428571428571,5,7539.0,9.5,2.022813688212928,9.5,2.022813688212928,10.0,-1.5,2.129277566539924,-0.3193916349809886,1,1
ES,xApvaV01StateLog_ES.csv,2548,2026-05-14 08:55:00,Unresolved,Unresolved->Degrading->Unresolved->Unresolved,Stable Compression Basin,Exact,1.0,1.4854752972230063,0.5555555555555556,0.5,0.7,0.0,0.0961710753341413,0.0694444444444444,0.5599355717013399,0.533281054600866,CompressionPressure,0.5599355717013399,7532.5,7532.75,7530.75,7531.25,Up,1,7532.25,2.0,4.107142857142857,5,7534.75,3.5,0.8521739130434783,3.5,0.8521739130434783,8.75,0.0,2.130434782608696,0.0,1,1
ES,xApvaV01StateLog_ES.csv,2552,2026-05-14 09:15:00,Unresolved,Unresolved->Unresolved->Unresolved->Unresolved,Pure Unresolved Compression Equilibrium,Exact,1.0,1.5709505944503404,0.4444444444444444,0.4,0.3,0.0,0.0621129840012847,0.0555555555555555,0.5407044767357427,0.5103121092026786,CompressionPressure,0.5407044767357427,7536.25,7538.25,7533.75,7534.25,Down,-1,7536.5,4.5,3.982142857142857,5,7525.75,-8.5,-2.1345291479820627,8.5,2.1345291479820627,16.25,-3.75,4.0807174887892375,-0.9417040358744394,1,1
ES,xApvaV01StateLog_ES.csv,2553,2026-05-14 09:20:00,Unresolved,Unresolved->Unresolved->Unresolved->Unresolved,Pure Unresolved Compression Equilibrium,Exact,1.0,1.5219280948830345,0.4444444444444444,0.4,0.2,0.0,0.0588662691244065,0.0555555555555555,0.5437683829586993,0.4995884374223303,CompressionPressure,0.5437683829586993,7534.0,7538.0,7533.75,7534.75,Down,-1,7534.25,4.25,4.053571428571429,5,7522.75,-12.0,-2.960352422907489,12.0,2.960352422907489,16.75,-3.25,4.13215859030837,-0.8017621145374448,1,1
ES,xApvaV01StateLog_ES.csv,2554,2026-05-14 09:25:00,Unresolved,Unresolved->Unresolved->Unresolved->Unresolved,Pure Unresolved Compression Equilibrium,Exact,1.0,1.360964047439353,0.3333333333333333,0.5,0.1,0.0,0.0880095234512578,0.0416666666666666,0.6232730803683738,0.4227108853773584,CompressionPressure,0.6232730803683738,7534.75,7538.0,7530.75,7531.0,Down,-1,7534.75,7.25,4.321428571428571,5,7525.0,-6.0,-1.3884297520661155,6.0,1.3884297520661155,13.0,-1.0,3.008264462809917,-0.2314049586776859,1,1
ES,xApvaV01StateLog_ES.csv,2555,2026-05-14 09:30:00,Unresolved,Unresolved->Unresolved->Unresolved->Unresolved,Pure Unresolved Compression Equilibrium,Exact,1.0,1.2954618442339936,0.2222222222222222,0.6,0.0,0.0,0.1098439803286126,0.0277777777777777,0.6968114125131533,0.3667156117595194,CompressionPressure,0.6968114125131533,7531.0,7532.0,7522.75,7524.25,Down,-1,7531.0,9.25,4.607142857142857,5,7522.0,-2.25,-0.4883720930232558,2.25,0.4883720930232558,6.25,-3.5,1.356589147286822,-0.7596899224806202,1,1
ES,xApvaV01StateLog_ES.csv,2556,2026-05-14 09:35:00,Unresolved,Unresolved->Unresolved->Unresolved->Unresolved,Pure Unresolved Compression Equilibrium,Exact,1.0,0.8812908992278072,0.1111111111111111,0.7,0.0,0.0,0.1653733877500932,0.0138888888888888,0.7921415410204843,0.2344490508727494,CompressionPressure,0.7921415410204843,7524.5,7527.0,7518.0,7520.75,Down,-1,7524.25,9.0,4.928571428571429,5,7522.75,2.0,0.4057971014492753,-2.0,-0.4057971014492753,5.0,-7.0,1.0144927536231882,-1.4202898550724636,0,1
ES,xApvaV01StateLog_ES.csv,2559,2026-05-14 09:50:00,Unresolved,Unresolved->Degrading->Degrading->Unresolved,Stable Compression Basin,Exact,1.0,1.1567796494427114,0.2222222222222222,0.7,0.0,0.0,0.1321285025339868,0.0277777777777777,0.747145716354275,0.3363788816489264,CompressionPressure,0.747145716354275,7522.75,7526.75,7518.75,7525.0,Down,-1,7522.75,8.0,5.410714285714286,5,7515.0,-10.0,-1.848184818481848,10.0,1.848184818481848,11.25,-2.5,2.0792079207920797,-0.462046204620462,1,1
ES,xApvaV01StateLog_ES.csv,2560,2026-05-14 09:55:00,Unresolved,Degrading->Degrading->Unresolved->Unresolved,Stable Compression Basin,Exact,1.0,1.3709505944503406,0.2222222222222222,0.6,0.0,0.0,0.1040643728901735,0.0277777777777777,0.6920933656246315,0.3832287758693453,CompressionPressure,0.6920933656246315,7525.0,7525.0,7519.25,7522.0,Down,-1,7525.0,5.75,5.464285714285714,5,7509.0,-13.0,-2.379084967320261,13.0,2.379084967320261,13.75,-5.5,2.5163398692810457,-1.0065359477124185,1,1
ES,xApvaV01StateLog_ES.csv,2561,2026-05-14 10:00:00,Unresolved,Degrading->Unresolved->Unresolved->Unresolved,Stable Compression Basin,Exact,1.0,1.4854752972230063,0.2222222222222222,0.5,0.0,0.0,0.0836294086674746,0.0277777777777777,0.6432689050346733,0.4082810546008659,CompressionPressure,0.6432689050346733,7522.0,7522.75,7515.75,7522.75,Down,-1,7522.0,7.0,5.821428571428571,5,7511.25,-11.5,-1.9754601226993864,11.5,1.9754601226993864,15.75,-4.75,2.705521472392638,-0.8159509202453988,1,1
ES,xApvaV01StateLog_ES.csv,2562,2026-05-14 10:05:00,Unresolved,Unresolved->Unresolved->Unresolved->Unresolved,Pure Unresolved Compression Equilibrium,Exact,1.0,1.4854752972230063,0.3333333333333333,0.5,0.0,0.0,0.0714766308896969,0.0416666666666666,0.6154911272568955,0.4499477212675326,CompressionPressure,0.6154911272568955,7522.5,7527.5,7522.25,7526.0,Up,1,7522.75,5.25,6.053571428571429,5,7513.5,-12.5,-2.0648967551622417,-12.5,-2.0648967551622417,0.25,-19.0,0.0412979351032448,-3.1386430678466075,0,1
ES,xApvaV01StateLog_ES.csv,2563,2026-05-14 10:10:00,Unresolved,Unresolved->Unresolved->Unresolved->Unresolved,Pure Unresolved Compression Equilibrium,Exact,1.0,1.4854752972230063,0.3333333333333333,0.5,0.0,0.0,0.0714766308896969,0.0416666666666666,0.6154911272568955,0.4499477212675326,CompressionPressure,0.6154911272568955,7526.0,7526.25,7518.5,7518.5,Up,1,7526.0,7.75,6.160714285714286,5,7514.75,-3.75,-0.6086956521739131,-3.75,-0.6086956521739131,3.75,-11.5,0.6086956521739131,-1.8666666666666667,0,1
ES,xApvaV01StateLog_ES.csv,2564,2026-05-14 10:15:00,Unresolved,Unresolved->Unresolved->Unresolved->Unresolved,Pure Unresolved Compression Equilibrium,Exact,1.0,1.4854752972230063,0.3333333333333333,0.5,0.0,0.0,0.0714766308896969,0.0416666666666666,0.6154911272568955,0.4499477212675326,CompressionPressure,0.6154911272568955,7518.5,7522.25,7513.75,7515.0,Down,-1,7518.5,8.5,6.535714285714286,5,7520.75,5.75,0.8797814207650273,-5.75,-0.8797814207650273,8.0,-7.0,1.2240437158469946,-1.0710382513661203,0,1
ES,xApvaV01StateLog_ES.csv,2567,2026-05-14 10:30:00,Unresolved,Unresolved->Degrading->Degrading->Unresolved,Stable Compression Basin,Exact,1.0,1.5709505944503404,0.4444444444444444,0.4,0.0,0.0,0.0411129840012847,0.0555555555555555,0.5407044767357427,0.5103121092026786,CompressionPressure,0.5407044767357427,7511.5,7514.0,7507.25,7513.5,Up,1,7511.25,6.75,7.178571428571429,5,7523.25,9.75,1.3582089552238803,9.75,1.3582089552238803,13.5,-2.5,1.880597014925373,-0.3482587064676616,1,1
ES,xApvaV01StateLog_ES.csv,2571,2026-05-14 10:50:00,Unresolved,Balance->Unresolved->Unresolved->Unresolved,Stable Compression Basin,Exact,1.0,1.8464393446652445,0.4444444444444444,0.4,0.0,0.0,0.0388888888888888,0.0555555555555555,0.538888888888889,0.5166666666666666,CompressionPressure,0.538888888888889,7521.75,7526.75,7521.5,7525.75,Up,1,7521.5,5.25,6.714285714285714,5,7522.75,-3.0,-0.4468085106382978,-3.0,-0.4468085106382978,1.25,-14.75,0.1861702127659574,-2.1968085106382977,0,1
ES,xApvaV01StateLog_ES.csv,2574,2026-05-14 11:05:00,Unresolved,Unresolved->Unresolved->Unresolved->Unresolved,Pure Unresolved Compression Equilibrium,Exact,1.0,1.8464393446652445,0.4444444444444444,0.4,0.0,0.0,0.0388888888888888,0.0555555555555555,0.538888888888889,0.5166666666666666,CompressionPressure,0.538888888888889,7521.5,7521.5,7511.0,7513.25,Down,-1,7521.5,10.5,6.75,5,7519.75,6.5,0.9629629629629628,-6.5,-0.9629629629629628,1.25,-14.25,0.1851851851851851,-2.111111111111111,0,1
ES,xApvaV01StateLog_ES.csv,2575,2026-05-14 11:10:00,Unresolved,Unresolved->Unresolved->Unresolved->Unresolved,Pure Unresolved Compression Equilibrium,Exact,1.0,1.7219280948815914,0.4444444444444444,0.4,0.0,0.0,0.0388888888888888,0.0555555555555555,0.538888888888889,0.5166666666666666,CompressionPressure,0.538888888888889,7513.25,7518.0,7512.0,7517.5,Down,-1,7513.25,6.0,6.678571428571429,5,7522.25,4.75,0.7112299465240641,-4.75,-0.7112299465240641,1.5,-10.0,0.2245989304812834,-1.497326203208556,0,1
ES,xApvaV01StateLog_ES.csv,2576,2026-05-14 11:15:00,Unresolved,Unresolved->Unresolved->Unresolved->Unresolved,Pure Unresolved Compression Equilibrium,Exact,1.0,1.360964047439353,0.3333333333333333,0.5,0.0,0.0,0.0810095234512578,0.0416666666666666,0.6232730803683738,0.4227108853773584,CompressionPressure,0.6232730803683738,7517.75,7522.75,7516.0,7522.75,Up,1,7517.5,6.75,6.785714285714286,5,7522.0,-0.75,-0.1105263157894736,-0.75,-0.1105263157894736,4.75,-4.75,0.7000000000000001,-0.7000000000000001,0,1
ES,xApvaV01StateLog_ES.csv,2577,2026-05-14 11:20:00,Unresolved,Unresolved->Unresolved->Unresolved->Unresolved,Pure Unresolved Compression Equilibrium,Exact,1.0,1.2954618442339936,0.2222222222222222,0.6,0.0,0.0,0.1098439803286126,0.0277777777777777,0.6968114125131533,0.3667156117595194,CompressionPressure,0.6968114125131533,7522.5,7527.5,7522.0,7527.0,Up,1,7522.75,5.5,6.625,5,7521.75,-5.25,-0.7924528301886793,-5.25,-0.7924528301886793,0.5,-9.25,0.0754716981132075,-1.3962264150943395,0,1
ES,xApvaV01StateLog_ES.csv,2578,2026-05-14 11:25:00,Unresolved,Unresolved->Unresolved->Unresolved->Unresolved,Pure Unresolved Compression Equilibrium,Exact,1.0,0.8812908992278072,0.1111111111111111,0.7,0.0,0.0,0.1653733877500932,0.0138888888888888,0.7921415410204843,0.2344490508727494,CompressionPressure,0.7921415410204843,7527.25,7527.5,7522.5,7524.5,Up,1,7527.0,5.0,6.375,5,7524.75,0.25,0.0392156862745098,0.25,0.0392156862745098,0.75,-6.75,0.1176470588235294,-1.0588235294117647,1,1
ES,xApvaV01StateLog_ES.csv,2579,2026-05-14 11:30:00,Unresolved,Unresolved->Unresolved->Unresolved->Unresolved,Pure Unresolved Compression Equilibrium,Exact,1.0,0.7219280948844771,0.1111111111111111,0.8,0.0,0.0,0.1892412691242961,0.0138888888888888,0.8437683829586091,0.199588437422646,CompressionPressure,0.8437683829586091,7524.5,7525.25,7518.0,7519.75,Down,-1,7524.5,7.25,6.321428571428571,5,7524.0,4.25,0.672316384180791,-4.25,-0.672316384180791,2.0,-5.75,0.3163841807909605,-0.9096045197740114,0,1
ES,xApvaV01StateLog_ES.csv,2580,2026-05-14 11:35:00,Unresolved,Unresolved->Unresolved->Unresolved->Unresolved,Pure Unresolved Compression Equilibrium,Exact,1.0,0.4689955935863958,0.1111111111111111,0.9,0.0,0.0,0.2202730804215971,0.0138888888888888,0.9012433309564056,0.1442594527636907,CompressionPressure,0.9012433309564056,7520.0,7525.25,7519.75,7522.25,Down,-1,7519.75,5.5,6.232142857142857,5,7527.5,5.25,0.842406876790831,-5.25,-0.842406876790831,4.5,-5.75,0.7220630372492837,-0.9226361031518624,0,1
ES,xApvaV01StateLog_ES.csv,2581,2026-05-14 11:40:00,Unresolved,Unresolved->Unresolved->Unresolved->Unresolved,Pure Unresolved Compression Equilibrium,Exact,1.0,-1.4428232973175177e-12,0.0,1.0,0.0,0.0,0.2799999999999999,0.0,1.0,0.0,CompressionPressure,1.0,7522.25,7524.25,7519.75,7522.0,Down,-1,7522.25,4.5,6.071428571428571,5,7529.0,7.0,1.1529411764705884,-7.0,-1.1529411764705884,4.25,-9.0,0.7000000000000001,-1.4823529411764709,0,1
ES,xApvaV01StateLog_ES.csv,2582,2026-05-14 11:45:00,Unresolved,Unresolved->Unresolved->Unresolved->Unresolved,Pure Unresolved Compression Equilibrium,Exact,1.0,-1.4428232973175177e-12,0.0,1.0,0.0,0.0,0.2799999999999999,0.0,1.0,0.0,CompressionPressure,1.0,7522.0,7524.25,7517.75,7521.75,Down,-1,7522.0,6.5,6.053571428571429,5,7530.25,8.5,1.4041297935103243,-8.5,-1.4041297935103243,2.25,-9.25,0.3716814159292035,-1.528023598820059,0,1
ES,xApvaV01StateLog_ES.csv,2583,2026-05-14 11:50:00,Unresolved,Unresolved->Unresolved->Unresolved->Unresolved,Pure Unresolved Compression Equilibrium,Exact,1.0,-1.4428232973175177e-12,0.0,1.0,0.0,0.0,0.2799999999999999,0.0,1.0,0.0,CompressionPressure,1.0,7522.0,7525.25,7519.5,7524.75,Down,-1,7521.75,5.75,5.946428571428571,5,7528.5,3.75,0.6306306306306306,-3.75,-0.6306306306306306,2.75,-6.5,0.4624624624624625,-1.093093093093093,0,1
ES,xApvaV01StateLog_ES.csv,2584,2026-05-14 11:55:00,Unresolved,Unresolved->Unresolved->Unresolved->Unresolved,Pure Unresolved Compression Equilibrium,Exact,1.0,-1.4428232973175177e-12,0.0,1.0,0.0,0.0,0.2799999999999999,0.0,1.0,0.0,CompressionPressure,1.0,7524.75,7525.5,7522.0,7524.0,Down,-1,7524.75,3.5,5.803571428571429,5,7528.75,4.75,0.8184615384615385,-4.75,-0.8184615384615385,0.75,-7.25,0.1292307692307692,-1.2492307692307691,0,1
ES,xApvaV01StateLog_ES.csv,2585,2026-05-14 12:00:00,Unresolved,Unresolved->Unresolved->Unresolved->Unresolved,Pure Unresolved Compression Equilibrium,Exact,1.0,-1.4428232973175177e-12,0.0,1.0,0.0,0.0,0.2799999999999999,0.0,1.0,0.0,CompressionPressure,1.0,7524.0,7528.0,7523.25,7527.5,Down,-1,7524.0,4.75,5.767857142857143,5,7528.5,1.0,0.1733746130030959,-1.0,-0.1733746130030959,1.5,-3.75,0.2600619195046439,-0.6501547987616099,0,1
ES,xApvaV01StateLog_ES.csv,2586,2026-05-14 12:05:00,Unresolved,Unresolved->Unresolved->Unresolved->Unresolved,Pure Unresolved Compression Equilibrium,Exact,1.0,-1.4428232973175177e-12,0.0,1.0,0.0,0.0,0.2799999999999999,0.0,1.0,0.0,CompressionPressure,1.0,7527.5,7531.0,7527.5,7529.0,Up,1,7527.5,3.5,5.714285714285714,5,7525.0,-4.0,-0.7,-4.0,-0.7,2.25,-4.75,0.39375,-0.8312499999999999,0,1
ES,xApvaV01StateLog_ES.csv,2587,2026-05-14 12:10:00,Unresolved,Unresolved->Unresolved->Unresolved->Unresolved,Pure Unresolved Compression Equilibrium,Exact,1.0,-1.4428232973175177e-12,0.0,1.0,0.0,0.0,0.2799999999999999,0.0,1.0,0.0,CompressionPressure,1.0,7529.25,7531.0,7526.25,7530.25,Up,1,7529.0,4.75,5.696428571428571,5,7527.75,-2.5,-0.438871473354232,-2.5,-0.438871473354232,1.0,-6.25,0.1755485893416928,-1.09717868338558,0,1
ES,xApvaV01StateLog_ES.csv,2588,2026-05-14 12:15:00,Unresolved,Unresolved->Unresolved->Unresolved->Unresolved,Pure Unresolved Compression Equilibrium,Exact,1.0,-1.4428232973175177e-12,0.0,1.0,0.0,0.0,0.2799999999999999,0.0,1.0,0.0,CompressionPressure,1.0,7530.25,7531.25,7526.0,7528.5,Up,1,7530.25,5.25,5.321428571428571,5,7528.5,0.0,0.0,0.0,0.0,2.25,-4.5,0.4228187919463087,-0.8456375838926175,0,1
ES,xApvaV01StateLog_ES.csv,2589,2026-05-14 12:20:00,Unresolved,Unresolved->Unresolved->Unresolved->Unresolved,Pure Unresolved Compression Equilibrium,Exact,1.0,-1.4428232973175177e-12,0.0,1.0,0.0,0.0,0.2799999999999999,0.0,1.0,0.0,CompressionPressure,1.0,7528.25,7530.5,7528.0,7528.75,Up,1,7528.5,2.5,5.071428571428571,5,7529.75,1.0,0.1971830985915493,1.0,0.1971830985915493,2.5,-4.75,0.4929577464788732,-0.9366197183098592,1,1
ES,xApvaV01StateLog_ES.csv,2590,2026-05-14 12:25:00,Unresolved,Unresolved->Unresolved->Unresolved->Unresolved,Pure Unresolved Compression Equilibrium,Exact,1.0,-1.4428232973175177e-12,0.0,1.0,0.0,0.0,0.2799999999999999,0.0,1.0,0.0,CompressionPressure,1.0,7528.75,7530.75,7527.25,7528.5,Up,1,7528.75,3.5,4.839285714285714,5,7527.5,-1.0,-0.2066420664206642,-1.0,-0.2066420664206642,2.75,-4.5,0.5682656826568265,-0.9298892988929888,0,1
ES,xApvaV01StateLog_ES.csv,2591,2026-05-14 12:30:00,Unresolved,Unresolved->Unresolved->Unresolved->Unresolved,Pure Unresolved Compression Equilibrium,Exact,1.0,-1.4428232973175177e-12,0.0,1.0,0.0,0.0,0.2799999999999999,0.0,1.0,0.0,CompressionPressure,1.0,7528.5,7529.25,7524.25,7525.0,Down,-1,7528.5,5.0,4.803571428571429,5,7526.25,1.25,0.2602230483271375,-1.25,-0.2602230483271375,2.5,-6.25,0.5204460966542751,-1.3011152416356877,0,1
ES,xApvaV01StateLog_ES.csv,2592,2026-05-14 12:35:00,Unresolved,Unresolved->Unresolved->Unresolved->Unresolved,Pure Unresolved Compression Equilibrium,Exact,1.0,-1.4428232973175177e-12,0.0,1.0,0.0,0.0,0.2799999999999999,0.0,1.0,0.0,CompressionPressure,1.0,7525.25,7529.75,7524.0,7527.75,Down,-1,7525.0,5.75,4.857142857142857,5,7525.75,-2.0,-0.411764705882353,2.0,0.411764705882353,5.25,-3.5,1.0808823529411766,-0.7205882352941178,1,1
ES,xApvaV01StateLog_ES.csv,2593,2026-05-14 12:40:00,Unresolved,Unresolved->Unresolved->Unresolved->Unresolved,Pure Unresolved Compression Equilibrium,Exact,1.0,-1.4428232973175177e-12,0.0,1.0,0.0,0.0,0.2799999999999999,0.0,1.0,0.0,CompressionPressure,1.0,7527.5,7529.75,7525.25,7528.5,Up,1,7527.75,4.5,4.660714285714286,5,7529.25,0.75,0.160919540229885,0.75,0.160919540229885,2.75,-6.0,0.5900383141762452,-1.2873563218390804,1,1
ES,xApvaV01StateLog_ES.csv,2594,2026-05-14 12:45:00,Unresolved,Unresolved->Unresolved->Unresolved->Unresolved,Pure Unresolved Compression Equilibrium,Exact,1.0,-1.4428232973175177e-12,0.0,1.0,0.0,0.0,0.2799999999999999,0.0,1.0,0.0,CompressionPressure,1.0,7528.5,7531.25,7527.75,7529.75,Up,1,7528.5,3.5,4.517857142857143,5,7527.5,-2.25,-0.4980237154150197,-2.25,-0.4980237154150197,0.75,-7.25,0.1660079051383399,-1.6047430830039524,0,1
ES,xApvaV01StateLog_ES.csv,2595,2026-05-14 12:50:00,Unresolved,Unresolved->Unresolved->Unresolved->Unresolved,Pure Unresolved Compression Equilibrium,Exact,1.0,-1.4428232973175177e-12,0.0,1.0,0.0,0.0,0.2799999999999999,0.0,1.0,0.0,CompressionPressure,1.0,7529.5,7530.5,7526.75,7527.5,Up,1,7529.75,3.75,4.464285714285714,5,7527.0,-0.5,-0.112,-0.5,-0.112,2.5,-5.0,0.5599999999999999,-1.12,0,1
ES,xApvaV01StateLog_ES.csv,2596,2026-05-14 12:55:00,Unresolved,Unresolved->Unresolved->Unresolved->Unresolved,Pure Unresolved Compression Equilibrium,Exact,1.0,-1.4428232973175177e-12,0.0,1.0,0.0,0.0,0.2799999999999999,0.0,1.0,0.0,CompressionPressure,1.0,7527.75,7529.0,7522.5,7526.25,Down,-1,7527.5,6.5,4.464285714285714,5,7522.5,-3.75,-0.84,3.75,0.84,6.5,-3.75,1.456,-0.84,1,1
ES,xApvaV01StateLog_ES.csv,2597,2026-05-14 13:00:00,Unresolved,Unresolved->Unresolved->Unresolved->Unresolved,Pure Unresolved Compression Equilibrium,Exact,1.0,-1.4428232973175177e-12,0.0,1.0,0.0,0.0,0.2799999999999999,0.0,1.0,0.0,CompressionPressure,1.0,7526.5,7527.25,7522.5,7525.75,Down,-1,7526.25,4.75,4.392857142857143,5,7521.75,-4.0,-0.9105691056910568,4.0,0.9105691056910568,6.5,-4.25,1.479674796747967,-0.967479674796748,1,1
ES,xApvaV01StateLog_ES.csv,2598,2026-05-14 13:05:00,Unresolved,Unresolved->Unresolved->Unresolved->Unresolved,Pure Unresolved Compression Equilibrium,Exact,1.0,-1.4428232973175177e-12,0.0,1.0,0.0,0.0,0.2799999999999999,0.0,1.0,0.0,CompressionPressure,1.0,7525.75,7530.0,7525.75,7529.25,Down,-1,7525.75,4.25,4.446428571428571,5,7519.75,-9.5,-2.136546184738956,9.5,2.136546184738956,10.75,0.0,2.417670682730924,0.0,1,1
ES,xApvaV01StateLog_ES.csv,2599,2026-05-14 13:10:00,Unresolved,Unresolved->Unresolved->Unresolved->Unresolved,Pure Unresolved Compression Equilibrium,Exact,1.0,-1.4428232973175177e-12,0.0,1.0,0.0,0.0,0.2799999999999999,0.0,1.0,0.0,CompressionPressure,1.0,7529.25,7529.25,7527.25,7527.5,Down,-1,7529.25,2.0,4.25,5,7520.75,-6.75,-1.588235294117647,6.75,1.588235294117647,9.0,-1.5,2.117647058823529,-0.3529411764705882,1,1
ES,xApvaV01StateLog_ES.csv,2600,2026-05-14 13:15:00,Unresolved,Unresolved->Unresolved->Unresolved->Unresolved,Pure Unresolved Compression Equilibrium,Exact,1.0,-1.4428232973175177e-12,0.0,1.0,0.0,0.0,0.2799999999999999,0.0,1.0,0.0,CompressionPressure,1.0,7527.5,7529.0,7526.75,7527.0,Down,-1,7527.5,2.25,4.160714285714286,5,7520.0,-7.0,-1.6824034334763949,7.0,1.6824034334763949,8.5,-0.25,2.0429184549356223,-0.0600858369098712,1,1
ES,xApvaV01StateLog_ES.csv,2601,2026-05-14 13:20:00,Unresolved,Unresolved->Unresolved->Unresolved->Unresolved,Pure Unresolved Compression Equilibrium,Exact,1.0,-1.4428232973175177e-12,0.0,1.0,0.0,0.0,0.2799999999999999,0.0,1.0,0.0,CompressionPressure,1.0,7526.75,7527.25,7519.75,7522.5,Down,-1,7527.0,7.5,4.357142857142857,5,7520.0,-2.5,-0.5737704918032788,2.5,0.5737704918032788,4.25,-2.0,0.975409836065574,-0.459016393442623,1,1
ES,xApvaV01StateLog_ES.csv,2606,2026-05-14 13:45:00,Unresolved,Degrading->Balance->Balance->Unresolved,Stable Compression Basin,Soft,0.4142135623730951,1.960964047436468,0.4444444444444444,0.5,0.4,0.0,0.0785555555555555,0.0555555555555555,0.5805555555555556,0.5166666666666666,CompressionPressure,0.5805555555555556,7520.0,7521.5,7518.25,7520.0,Down,-1,7520.0,3.25,4.017857142857143,5,7432.25,-87.75,-21.84,87.75,21.84,88.5,-4.0,22.026666666666664,-0.9955555555555554,1,1
ES,xApvaV01StateLog_ES.csv,2607,2026-05-14 13:50:00,Unresolved,Balance->Balance->Unresolved->Unresolved,Stable Compression Basin,Exact,1.0,2.1219280948801487,0.4444444444444444,0.4,0.4,0.0,0.0668888888888889,0.0555555555555555,0.538888888888889,0.5166666666666666,CompressionPressure,0.538888888888889,7520.0,7524.0,7520.0,7522.25,Down,-1,7520.0,4.0,3.982142857142857,5,7427.5,-94.75,-23.79372197309417,94.75,23.79372197309417,95.25,-0.75,23.919282511210763,-0.1883408071748878,1,1
ES,xApvaV01StateLog_ES.csv,2613,2026-05-15 06:50:00,Unresolved,Unresolved->Unresolved->Balance->Unresolved,Stable Compression Basin,Exact,1.0,0.9709505944517832,0.5555555555555556,0.6,0.2,0.0,0.1122310395567297,0.0694444444444444,0.633760032291208,0.4207287758696609,CompressionPressure,0.633760032291208,7427.5,7437.75,7420.25,7437.25,Down,-1,7427.5,17.5,12.089285714285714,5,7452.0,14.75,1.2200886262924668,-14.75,-1.2200886262924668,8.25,-15.0,0.6824224519940916,-1.2407680945347122,0,1
ES,xApvaV01StateLog_ES.csv,2614,2026-05-15 06:55:00,Unresolved,Unresolved->Balance->Unresolved->Unresolved,Stable Compression Basin,Exact,1.0,0.8812908992278072,0.5555555555555556,0.7,0.1,0.0,0.1237622766389821,0.0694444444444444,0.6810304299093731,0.4011157175394161,CompressionPressure,0.6810304299093731,7437.25,7447.75,7429.0,7445.25,Up,1,7437.25,18.75,13.267857142857142,5,7460.75,15.5,1.1682368775235532,15.5,1.1682368775235532,17.75,-15.0,1.3378196500672948,-1.1305518169582771,1,1
ES,xApvaV01StateLog_ES.csv,2615,2026-05-15 07:00:00,Unresolved,Balance->Unresolved->Unresolved->Unresolved,Stable Compression Basin,Exact,1.0,0.7219280948844771,0.4444444444444444,0.8,0.0,0.0,0.1527829357909628,0.0555555555555555,0.7604350496252757,0.324588437422646,CompressionPressure,0.7604350496252757,7445.5,7451.0,7430.5,7432.25,Up,1,7445.25,20.5,14.196428571428571,5,7459.5,27.25,1.919496855345912,27.25,1.919496855345912,35.5,-2.0,2.50062893081761,-0.140880503144654,1,1
ES,xApvaV01StateLog_ES.csv,2618,2026-05-15 07:15:00,Unresolved,Unresolved->Balance->Balance->Unresolved,Stable Compression Basin,Exact,1.0,0.8812908992278072,0.4444444444444444,0.7,0.0,0.0,0.1289150544167598,0.0555555555555555,0.7088082076871509,0.3594490508727494,CompressionPressure,0.7088082076871509,7437.75,7452.25,7436.75,7452.0,Up,1,7437.75,15.5,15.964285714285714,5,7459.5,7.5,0.4697986577181208,7.5,0.4697986577181208,15.75,-3.5,0.9865771812080536,-0.2192393736017897,1,1
ES,xApvaV01StateLog_ES.csv,2619,2026-05-15 07:20:00,Unresolved,Balance->Balance->Unresolved->Unresolved,Stable Compression Basin,Exact,1.0,0.8812908992278072,0.4444444444444444,0.7,0.0,0.0,0.1289150544167598,0.0555555555555555,0.7088082076871509,0.3594490508727494,CompressionPressure,0.7088082076871509,7452.0,7463.0,7448.5,7460.75,Up,1,7452.0,14.5,16.803571428571427,5,7461.5,0.75,0.0446333687566418,0.75,0.0446333687566418,7.0,-12.0,0.4165781083953241,-0.71413390010627,1,1
ES,xApvaV01StateLog_ES.csv,2620,2026-05-15 07:25:00,Unresolved,Balance->Unresolved->Unresolved->Unresolved,Stable Compression Basin,Exact,1.0,0.8812908992278072,0.4444444444444444,0.7,0.0,0.0,0.1289150544167598,0.0555555555555555,0.7088082076871509,0.3594490508727494,CompressionPressure,0.7088082076871509,7461.0,7467.75,7459.0,7459.5,Up,1,7460.75,8.75,17.196428571428573,5,7452.0,-7.5,-0.4361370716510903,-7.5,-0.4361370716510903,4.25,-10.75,0.2471443406022845,-0.6251298026998962,0,1
ES,xApvaV01StateLog_ES.csv,2621,2026-05-15 07:30:00,Unresolved,Unresolved->Unresolved->Unresolved->Unresolved,Pure Unresolved Compression Equilibrium,Exact,1.0,1.2954618442339936,0.4444444444444444,0.6,0.0,0.0,0.085538424773057,0.0555555555555555,0.6412558569575977,0.4500489450928527,CompressionPressure,0.6412558569575977,7459.5,7460.25,7448.75,7452.25,Down,-1,7459.5,11.5,17.732142857142858,5,7455.5,3.25,0.1832829808660624,-3.25,-0.1832829808660624,8.0,-11.5,0.4511581067472306,-0.648539778449144,0,1
ES,xApvaV01StateLog_ES.csv,2622,2026-05-15 07:35:00,Unresolved,Unresolved->Unresolved->Unresolved->Unresolved,Pure Unresolved Compression Equilibrium,Exact,1.0,1.3709505944503406,0.3333333333333333,0.6,0.0,0.0,0.0919115951123958,0.0416666666666666,0.6643155878468537,0.4248954425360119,CompressionPressure,0.6643155878468537,7452.5,7462.25,7451.75,7461.75,Down,-1,7452.25,10.5,18.285714285714285,5,7450.5,-11.25,-0.615234375,11.25,0.615234375,17.5,-2.0,0.95703125,-0.109375,1,1
ES,xApvaV01StateLog_ES.csv,2623,2026-05-15 07:40:00,Unresolved,Unresolved->Unresolved->Unresolved->Unresolved,Pure Unresolved Compression Equilibrium,Exact,1.0,1.4854752972230063,0.3333333333333333,0.5,0.0,0.0,0.0714766308896969,0.0416666666666666,0.6154911272568955,0.4499477212675326,CompressionPressure,0.6154911272568955,7461.75,7463.75,7456.5,7459.5,Down,-1,7461.75,7.25,18.642857142857142,5,7448.75,-10.75,-0.5766283524904214,10.75,0.5766283524904214,15.25,-3.75,0.8180076628352491,-0.2011494252873563,1,1
ES,xApvaV01StateLog_ES.csv,2624,2026-05-15 07:45:00,Unresolved,Unresolved->Unresolved->Unresolved->Unresolved,Pure Unresolved Compression Equilibrium,Exact,1.0,1.5219280948830345,0.3333333333333333,0.4,0.0,0.0,0.0570190469021843,0.0416666666666666,0.571546160736477,0.4579217707556637,CompressionPressure,0.571546160736477,7459.5,7463.25,7457.5,7461.5,Down,-1,7459.5,5.75,12.696428571428571,5,7454.25,-7.25,-0.5710267229254571,7.25,0.5710267229254571,19.5,-0.75,1.5358649789029537,-0.0590717299578059,1,1
ES,xApvaV01StateLog_ES.csv,2625,2026-05-15 07:50:00,Unresolved,Unresolved->Unresolved->Unresolved->Unresolved,Pure Unresolved Compression Equilibrium,Exact,1.0,1.4854752972230063,0.2222222222222222,0.5,0.0,0.0,0.0836294086674746,0.0277777777777777,0.6432689050346733,0.4082810546008659,CompressionPressure,0.6432689050346733,7461.25,7462.25,7449.25,7452.0,Down,-1,7461.5,13.0,12.785714285714286,5,7449.75,-2.25,-0.1759776536312849,2.25,0.1759776536312849,10.0,-5.75,0.7821229050279329,-0.4497206703910614,1,1
ES,xApvaV01StateLog_ES.csv,2626,2026-05-15 07:55:00,Unresolved,Unresolved->Unresolved->Unresolved->Unresolved,Pure Unresolved Compression Equilibrium,Exact,1.0,1.2954618442339936,0.2222222222222222,0.6,0.0,0.0,0.1098439803286126,0.0277777777777777,0.6968114125131533,0.3667156117595194,CompressionPressure,0.6968114125131533,7452.0,7455.75,7444.25,7455.5,Down,-1,7452.0,11.5,12.535714285714286,5,7453.5,-2.0,-0.1595441595441595,2.0,0.1595441595441595,13.5,-2.25,1.0769230769230769,-0.1794871794871795,1,1
ES,xApvaV01StateLog_ES.csv,2627,2026-05-15 08:00:00,Unresolved,Unresolved->Unresolved->Unresolved->Unresolved,Pure Unresolved Compression Equilibrium,Exact,1.0,0.8812908992278072,0.1111111111111111,0.7,0.0,0.0,0.1653733877500932,0.0138888888888888,0.7921415410204843,0.2344490508727494,CompressionPressure,0.7921415410204843,7455.25,7457.75,7449.25,7450.5,Down,-1,7455.5,8.5,11.892857142857142,5,7453.75,3.25,0.2732732732732733,-3.25,-0.2732732732732733,8.5,-8.25,0.7147147147147147,-0.6936936936936937,0,1
ES,xApvaV01StateLog_ES.csv,2628,2026-05-15 08:05:00,Unresolved,Unresolved->Unresolved->Unresolved->Unresolved,Pure Unresolved Compression Equilibrium,Exact,1.0,0.7219280948844771,0.1111111111111111,0.8,0.0,0.0,0.1892412691242961,0.0138888888888888,0.8437683829586091,0.199588437422646,CompressionPressure,0.8437683829586091,7450.5,7455.25,7444.25,7448.75,Down,-1,7450.5,11.0,11.339285714285714,5,7453.5,4.75,0.4188976377952756,-4.75,-0.4188976377952756,6.75,-10.0,0.5952755905511812,-0.8818897637795277,0,1
ES,xApvaV01StateLog_ES.csv,2629,2026-05-15 08:10:00,Unresolved,Unresolved->Unresolved->Unresolved->Unresolved,Pure Unresolved Compression Equilibrium,Exact,1.0,0.4689955935863958,0.1111111111111111,0.9,0.0,0.0,0.2202730804215971,0.0138888888888888,0.9012433309564056,0.1442594527636907,CompressionPressure,0.9012433309564056,7448.5,7454.25,7442.0,7454.25,Down,-1,7448.75,12.25,10.75,5,7454.5,0.25,0.0232558139534883,-0.25,-0.0232558139534883,8.25,-6.25,0.7674418604651163,-0.5813953488372093,0,1
ES,xApvaV01StateLog_ES.csv,2630,2026-05-15 08:15:00,Unresolved,Unresolved->Unresolved->Unresolved->Unresolved,Pure Unresolved Compression Equilibrium,Exact,1.0,-1.4428232973175177e-12,0.0,1.0,0.0,0.0,0.2799999999999999,0.0,1.0,0.0,CompressionPressure,1.0,7454.25,7455.25,7446.0,7449.75,Down,-1,7454.25,9.25,10.607142857142858,5,7451.25,1.5,0.1414141414141414,-1.5,-0.1414141414141414,1.75,-10.75,0.1649831649831649,-1.0134680134680134,0,1
ES,xApvaV01StateLog_ES.csv,2631,2026-05-15 08:20:00,Balance,Unresolved->Unresolved->Unresolved->Balance,Unstable Rotational Balance,Exact,1.0,0.4689955935863958,0.1111111111111111,0.9,0.0,0.0,0.2202730804215971,0.0138888888888888,0.4512433309564058,0.3942594527636907,CompressionPressure,0.4512433309564058,7449.75,7454.5,7448.0,7453.5,Down,-1,7449.75,6.5,10.410714285714286,5,7442.0,-11.5,-1.104631217838765,11.5,1.104631217838765,14.75,-7.0,1.4168096054888506,-0.6723842195540308,1,1
ES,xApvaV01StateLog_ES.csv,2633,2026-05-15 08:30:00,Unresolved,Unresolved->Balance->Balance->Unresolved,Stable Compression Basin,Exact,1.0,1.1567796494427114,0.2222222222222222,0.7,0.0,0.0,0.1321285025339868,0.0277777777777777,0.747145716354275,0.3363788816489264,CompressionPressure,0.747145716354275,7453.75,7455.5,7448.5,7453.5,Up,1,7453.75,7.0,9.25,5,7436.0,-17.5,-1.891891891891892,-17.5,-1.891891891891892,7.0,-20.0,0.7567567567567568,-2.1621621621621623,0,1
ES,xApvaV01StateLog_ES.csv,2634,2026-05-15 08:35:00,Unresolved,Balance->Balance->Unresolved->Unresolved,Stable Compression Basin,Exact,1.0,1.3709505944503406,0.2222222222222222,0.6,0.0,0.0,0.1040643728901735,0.0277777777777777,0.6920933656246315,0.3832287758693453,CompressionPressure,0.6920933656246315,7453.25,7460.5,7453.0,7454.5,Up,1,7453.5,7.5,9.160714285714286,5,7443.75,-10.75,-1.1734892787524365,-10.75,-1.1734892787524365,5.25,-22.75,0.5730994152046783,-2.483430799220273,0,1
ES,xApvaV01StateLog_ES.csv,2635,2026-05-15 08:40:00,Unresolved,Balance->Unresolved->Unresolved->Unresolved,Stable Compression Basin,Exact,1.0,1.4854752972230063,0.2222222222222222,0.5,0.0,0.0,0.0836294086674746,0.0277777777777777,0.6432689050346733,0.4082810546008659,CompressionPressure,0.6432689050346733,7454.25,7459.75,7450.75,7451.25,Up,1,7454.5,9.0,8.982142857142858,5,7440.25,-11.0,-1.224652087475149,-11.0,-1.224652087475149,2.5,-19.5,0.2783300198807157,-2.1709741550695822,0,1
ES,xApvaV01StateLog_ES.csv,2636,2026-05-15 08:45:00,Unresolved,Unresolved->Unresolved->Unresolved->Unresolved,Pure Unresolved Compression Equilibrium,Exact,1.0,1.4854752972230063,0.3333333333333333,0.5,0.0,0.0,0.0714766308896969,0.0416666666666666,0.6154911272568955,0.4499477212675326,CompressionPressure,0.6154911272568955,7451.25,7453.75,7438.75,7442.0,Down,-1,7451.25,15.0,9.303571428571429,5,7444.5,2.5,0.2687140115163148,-2.5,-0.2687140115163148,10.25,-5.25,1.1017274472168903,-0.564299424184261,0,1
ES,xApvaV01StateLog_ES.csv,2637,2026-05-15 08:50:00,Unresolved,Unresolved->Unresolved->Unresolved->Unresolved,Pure Unresolved Compression Equilibrium,Exact,1.0,1.4854752972230063,0.3333333333333333,0.5,0.0,0.0,0.0714766308896969,0.0416666666666666,0.6154911272568955,0.4499477212675326,CompressionPressure,0.6154911272568955,7442.0,7444.75,7438.25,7439.5,Down,-1,7442.0,6.5,9.25,5,7445.0,5.5,0.5945945945945946,-5.5,-0.5945945945945946,7.75,-7.75,0.8378378378378378,-0.8378378378378378,0,1
ES,xApvaV01StateLog_ES.csv,2638,2026-05-15 08:55:00,Unresolved,Unresolved->Unresolved->Unresolved->Unresolved,Pure Unresolved Compression Equilibrium,Exact,1.0,1.4854752972230063,0.3333333333333333,0.5,0.0,0.0,0.0714766308896969,0.0416666666666666,0.6154911272568955,0.4499477212675326,CompressionPressure,0.6154911272568955,7439.5,7439.75,7433.5,7436.0,Down,-1,7439.5,6.25,9.285714285714286,5,7443.5,7.5,0.8076923076923076,-7.5,-0.8076923076923076,4.25,-11.25,0.4576923076923077,-1.2115384615384617,0,1
ES,xApvaV01StateLog_ES.csv,2639,2026-05-15 09:00:00,Unresolved,Unresolved->Unresolved->Unresolved->Unresolved,Pure Unresolved Compression Equilibrium,Exact,1.0,1.4854752972230063,0.3333333333333333,0.5,0.0,0.0,0.0714766308896969,0.0416666666666666,0.6154911272568955,0.4499477212675326,CompressionPressure,0.6154911272568955,7436.0,7444.5,7431.75,7443.75,Down,-1,7436.0,12.75,9.267857142857142,5,7452.5,8.75,0.9441233140655106,-8.75,-0.9441233140655106,6.5,-9.5,0.7013487475915222,-1.02504816955684,0,1
ES,xApvaV01StateLog_ES.csv,2640,2026-05-15 09:05:00,Unresolved,Unresolved->Unresolved->Unresolved->Unresolved,Pure Unresolved Compression Equilibrium,Exact,1.0,1.4854752972230063,0.2222222222222222,0.5,0.0,0.0,0.0836294086674746,0.0277777777777777,0.6432689050346733,0.4082810546008659,CompressionPressure,0.6432689050346733,7443.75,7447.25,7438.5,7440.25,Down,-1,7443.75,8.75,9.071428571428571,5,7454.0,13.75,1.515748031496063,-13.75,-1.515748031496063,3.0,-14.5,0.3307086614173228,-1.5984251968503935,0,1
ES,xApvaV01StateLog_ES.csv,2641,2026-05-15 09:10:00,Unresolved,Unresolved->Unresolved->Unresolved->Unresolved,Pure Unresolved Compression Equilibrium,Exact,1.0,1.2954618442339936,0.2222222222222222,0.6,0.0,0.0,0.1098439803286126,0.0277777777777777,0.6968114125131533,0.3667156117595194,CompressionPressure,0.6968114125131533,7440.5,7445.25,7437.25,7444.5,Down,-1,7440.25,8.0,9.035714285714286,5,7454.75,10.25,1.134387351778656,-10.25,-1.134387351778656,6.5,-11.25,0.7193675889328063,-1.245059288537549,0,1
ES,xApvaV01StateLog_ES.csv,2642,2026-05-15 09:15:00,Unresolved,Unresolved->Unresolved->Unresolved->Unresolved,Pure Unresolved Compression Equilibrium,Exact,1.0,0.8812908992278072,0.1111111111111111,0.7,0.0,0.0,0.1653733877500932,0.0138888888888888,0.7921415410204843,0.2344490508727494,CompressionPressure,0.7921415410204843,7444.25,7445.25,7438.0,7445.0,Up,1,7444.5,7.25,8.767857142857142,5,7454.0,9.0,1.0264765784114054,9.0,1.0264765784114054,10.75,-5.75,1.2260692464358454,-0.6558044806517312,1,1
ES,xApvaV01StateLog_ES.csv,2643,2026-05-15 09:20:00,Unresolved,Unresolved->Unresolved->Unresolved->Unresolved,Pure Unresolved Compression Equilibrium,Exact,1.0,0.7219280948844771,0.1111111111111111,0.8,0.0,0.0,0.1892412691242961,0.0138888888888888,0.8437683829586091,0.199588437422646,CompressionPressure,0.8437683829586091,7444.75,7444.75,7439.25,7443.5,Up,1,7445.0,5.75,8.303571428571429,5,7456.25,12.75,1.535483870967742,12.75,1.535483870967742,13.75,-0.75,1.6559139784946235,-0.0903225806451612,1,1
ES,xApvaV01StateLog_ES.csv,2644,2026-05-15 09:25:00,Unresolved,Unresolved->Unresolved->Unresolved->Unresolved,Pure Unresolved Compression Equilibrium,Exact,1.0,0.4689955935863958,0.1111111111111111,0.9,0.0,0.0,0.2202730804215971,0.0138888888888888,0.9012433309564056,0.1442594527636907,CompressionPressure,0.9012433309564056,7443.5,7453.25,7442.75,7452.5,Up,1,7443.5,10.5,8.392857142857142,5,7454.5,2.0,0.2382978723404255,2.0,0.2382978723404255,5.5,-3.25,0.6553191489361703,-0.3872340425531915,1,1
ES,xApvaV01StateLog_ES.csv,2645,2026-05-15 09:30:00,Unresolved,Unresolved->Unresolved->Unresolved->Unresolved,Pure Unresolved Compression Equilibrium,Exact,1.0,-1.4428232973175177e-12,0.0,1.0,0.0,0.0,0.2799999999999999,0.0,1.0,0.0,CompressionPressure,1.0,7452.5,7454.75,7449.25,7454.0,Up,1,7452.5,5.5,8.321428571428571,5,7444.5,-9.5,-1.1416309012875536,-9.5,-1.1416309012875536,4.0,-11.0,0.4806866952789699,-1.3218884120171674,0,1
ES,xApvaV01StateLog_ES.csv,2646,2026-05-15 09:35:00,Unresolved,Unresolved->Unresolved->Unresolved->Unresolved,Pure Unresolved Compression Equilibrium,Exact,1.0,-1.4428232973175177e-12,0.0,1.0,0.0,0.0,0.2799999999999999,0.0,1.0,0.0,CompressionPressure,1.0,7454.0,7455.75,7450.75,7454.75,Up,1,7454.0,5.0,8.196428571428571,5,7450.25,-4.5,-0.5490196078431373,-4.5,-0.5490196078431373,3.25,-11.75,0.3965141612200435,-1.4335511982570806,0,1
ES,xApvaV01StateLog_ES.csv,2647,2026-05-15 09:40:00,Unresolved,Unresolved->Unresolved->Unresolved->Unresolved,Pure Unresolved Compression Equilibrium,Exact,1.0,-1.4428232973175177e-12,0.0,1.0,0.0,0.0,0.2799999999999999,0.0,1.0,0.0,CompressionPressure,1.0,7455.0,7455.25,7451.25,7454.0,Up,1,7454.75,4.0,7.982142857142857,5,7451.5,-2.5,-0.3131991051454139,-2.5,-0.3131991051454139,4.0,-11.0,0.5011185682326622,-1.3780760626398212,0,1
ES,xApvaV01StateLog_ES.csv,2648,2026-05-15 09:45:00,Unresolved,Unresolved->Unresolved->Unresolved->Unresolved,Pure Unresolved Compression Equilibrium,Exact,1.0,-1.4428232973175177e-12,0.0,1.0,0.0,0.0,0.2799999999999999,0.0,1.0,0.0,CompressionPressure,1.0,7454.0,7457.25,7451.25,7456.25,Up,1,7454.0,6.0,7.875,5,7456.25,0.0,0.0,0.0,0.0,1.75,-13.25,0.2222222222222222,-1.6825396825396826,0,1
ES,xApvaV01StateLog_ES.csv,2649,2026-05-15 09:50:00,Unresolved,Unresolved->Unresolved->Unresolved->Unresolved,Pure Unresolved Compression Equilibrium,Exact,1.0,-1.4428232973175177e-12,0.0,1.0,0.0,0.0,0.2799999999999999,0.0,1.0,0.0,CompressionPressure,1.0,7456.5,7458.0,7454.0,7454.5,Up,1,7456.25,4.0,7.517857142857143,5,7457.25,2.75,0.3657957244655582,2.75,0.3657957244655582,3.75,-11.5,0.498812351543943,-1.5296912114014252,1,1
ES,xApvaV01StateLog_ES.csv,2650,2026-05-15 09:55:00,Unresolved,Unresolved->Unresolved->Unresolved->Unresolved,Pure Unresolved Compression Equilibrium,Exact,1.0,-1.4428232973175177e-12,0.0,1.0,0.0,0.0,0.2799999999999999,0.0,1.0,0.0,CompressionPressure,1.0,7454.5,7457.0,7443.0,7444.5,Down,-1,7454.5,14.0,7.446428571428571,5,7458.75,14.25,1.9136690647482013,-14.25,-1.9136690647482013,0.25,-14.25,0.0335731414868105,-1.9136690647482013,0,1
ES,xApvaV01StateLog_ES.csv,2651,2026-05-15 10:00:00,Unresolved,Unresolved->Unresolved->Unresolved->Unresolved,Pure Unresolved Compression Equilibrium,Exact,1.0,-1.4428232973175177e-12,0.0,1.0,0.0,0.0,0.2799999999999999,0.0,1.0,0.0,CompressionPressure,1.0,7444.5,7452.25,7444.25,7450.25,Down,-1,7444.5,8.0,7.553571428571429,5,7465.75,15.5,2.0520094562647757,-15.5,-2.0520094562647757,2.75,-15.75,0.3640661938534278,-2.0851063829787235,0,1
ES,xApvaV01StateLog_ES.csv,2652,2026-05-15 10:05:00,Unresolved,Unresolved->Unresolved->Unresolved->Unresolved,Pure Unresolved Compression Equilibrium,Exact,1.0,-1.4428232973175177e-12,0.0,1.0,0.0,0.0,0.2799999999999999,0.0,1.0,0.0,CompressionPressure,1.0,7450.5,7452.5,7447.5,7451.5,Up,1,7450.25,5.0,7.464285714285714,5,7466.5,15.0,2.0095693779904304,15.0,2.0095693779904304,19.0,-1.0,2.5454545454545454,-0.1339712918660287,1,1
ES,xApvaV01StateLog_ES.csv,2653,2026-05-15 10:10:00,Unresolved,Unresolved->Unresolved->Unresolved->Unresolved,Pure Unresolved Compression Equilibrium,Exact,1.0,-1.4428232973175177e-12,0.0,1.0,0.0,0.0,0.2799999999999999,0.0,1.0,0.0,CompressionPressure,1.0,7451.75,7458.0,7450.5,7456.25,Up,1,7451.5,7.5,7.089285714285714,5,7469.0,12.75,1.7984886649874054,12.75,1.7984886649874054,14.25,-2.75,2.0100755667506296,-0.3879093198992443,1,1
ES,xApvaV01StateLog_ES.csv,2654,2026-05-15 10:15:00,Unresolved,Unresolved->Unresolved->Unresolved->Unresolved,Pure Unresolved Compression Equilibrium,Exact,1.0,-1.4428232973175177e-12,0.0,1.0,0.0,0.0,0.2799999999999999,0.0,1.0,0.0,CompressionPressure,1.0,7456.25,7458.25,7455.0,7457.25,Up,1,7456.25,3.25,6.696428571428571,5,7467.5,10.25,1.5306666666666666,10.25,1.5306666666666666,13.25,-3.75,1.9786666666666668,-0.56,1,1
ES,xApvaV01StateLog_ES.csv,2655,2026-05-15 10:20:00,Unresolved,Unresolved->Unresolved->Unresolved->Unresolved,Pure Unresolved Compression Equilibrium,Exact,1.0,-1.4428232973175177e-12,0.0,1.0,0.0,0.0,0.2799999999999999,0.0,1.0,0.0,CompressionPressure,1.0,7457.5,7458.75,7453.5,7458.75,Up,1,7457.25,5.25,6.5,5,7465.25,6.5,1.0,6.5,1.0,11.75,-1.0,1.807692307692308,-0.1538461538461538,1,1
ES,xApvaV01StateLog_ES.csv,2656,2026-05-15 10:25:00,Unresolved,Unresolved->Unresolved->Unresolved->Unresolved,Pure Unresolved Compression Equilibrium,Exact,1.0,-1.4428232973175177e-12,0.0,1.0,0.0,0.0,0.2799999999999999,0.0,1.0,0.0,CompressionPressure,1.0,7458.5,7466.0,7457.75,7465.75,Up,1,7458.75,8.25,6.571428571428571,5,7464.0,-1.75,-0.266304347826087,-1.75,-0.266304347826087,4.75,-4.25,0.7228260869565217,-0.6467391304347826,0,1
ES,xApvaV01StateLog_ES.csv,2657,2026-05-15 10:30:00,Unresolved,Unresolved->Unresolved->Unresolved->Unresolved,Pure Unresolved Compression Equilibrium,Exact,1.0,-1.4428232973175177e-12,0.0,1.0,0.0,0.0,0.2799999999999999,0.0,1.0,0.0,CompressionPressure,1.0,7465.75,7470.5,7465.75,7466.5,Up,1,7465.75,4.75,6.5,5,7467.75,1.25,0.1923076923076923,1.25,0.1923076923076923,3.25,-5.0,0.5,-0.7692307692307693,1,1
ES,xApvaV01StateLog_ES.csv,2668,2026-05-15 11:25:00,Unresolved,Unresolved->Unresolved->Unresolved->Unresolved,Pure Unresolved Compression Equilibrium,Exact,1.0,1.8464393446652445,0.4444444444444444,0.4,0.3,0.0,0.0598888888888888,0.0555555555555555,0.538888888888889,0.5166666666666666,CompressionPressure,0.538888888888889,7458.5,7467.75,7457.5,7463.25,Down,-1,7458.75,10.25,5.964285714285714,5,7453.25,-10.0,-1.6766467065868262,10.0,1.6766467065868262,18.0,-2.0,3.0179640718562872,-0.3353293413173652,1,1
ES,xApvaV01StateLog_ES.csv,2669,2026-05-15 11:30:00,Unresolved,Unresolved->Unresolved->Unresolved->Unresolved,Pure Unresolved Compression Equilibrium,Exact,1.0,1.7609640474379105,0.3333333333333333,0.5,0.2,0.0,0.0767083333333333,0.0416666666666666,0.6083333333333334,0.475,CompressionPressure,0.6083333333333334,7463.0,7465.25,7456.0,7458.25,Down,-1,7463.25,9.25,6.25,5,7457.75,-0.5,-0.08,0.5,0.08,13.0,-1.0,2.08,-0.16,1,1
ES,xApvaV01StateLog_ES.csv,2670,2026-05-15 11:35:00,Unresolved,Unresolved->Unresolved->Unresolved->Unresolved,Pure Unresolved Compression Equilibrium,Exact,1.0,1.3709505944503406,0.2222222222222222,0.6,0.1,0.0,0.1110643728901735,0.0277777777777777,0.6920933656246315,0.3832287758693453,CompressionPressure,0.6920933656246315,7458.25,7459.25,7445.25,7449.25,Down,-1,7458.25,14.0,6.660714285714286,5,7457.0,7.75,1.1635388739946382,-7.75,-1.1635388739946382,0.25,-10.5,0.0375335120643431,-1.5764075067024128,0,1
ES,xApvaV01StateLog_ES.csv,2671,2026-05-15 11:40:00,Unresolved,Unresolved->Unresolved->Unresolved->Unresolved,Pure Unresolved Compression Equilibrium,Exact,1.0,1.1567796494427114,0.2222222222222222,0.7,0.0,0.0,0.1321285025339868,0.0277777777777777,0.747145716354275,0.3363788816489264,CompressionPressure,0.747145716354275,7449.0,7456.0,7449.0,7455.75,Down,-1,7449.25,7.0,6.821428571428571,5,7449.75,-6.0,-0.8795811518324608,6.0,0.8795811518324608,6.75,-4.0,0.9895287958115184,-0.5863874345549739,1,1
ES,xApvaV01StateLog_ES.csv,2672,2026-05-15 11:45:00,Unresolved,Unresolved->Unresolved->Unresolved->Unresolved,Pure Unresolved Compression Equilibrium,Exact,1.0,0.7219280948844771,0.1111111111111111,0.8,0.0,0.0,0.1892412691242961,0.0138888888888888,0.8437683829586091,0.199588437422646,CompressionPressure,0.8437683829586091,7455.5,7455.5,7450.0,7454.75,Down,-1,7455.75,5.75,6.946428571428571,5,7448.0,-6.75,-0.9717223650385604,6.75,0.9717223650385604,8.0,-5.0,1.1516709511568124,-0.7197943444730077,1,1
ES,xApvaV01StateLog_ES.csv,2673,2026-05-15 11:50:00,Unresolved,Unresolved->Unresolved->Unresolved->Unresolved,Pure Unresolved Compression Equilibrium,Exact,1.0,0.4689955935863958,0.1111111111111111,0.9,0.0,0.0,0.2202730804215971,0.0138888888888888,0.9012433309564056,0.1442594527636907,CompressionPressure,0.9012433309564056,7454.75,7455.5,7449.75,7453.25,Down,-1,7454.75,5.75,6.964285714285714,5,7447.0,-6.25,-0.8974358974358975,6.25,0.8974358974358975,9.5,-6.5,1.364102564102564,-0.9333333333333332,1,1
ES,xApvaV01StateLog_ES.csv,2674,2026-05-15 11:55:00,Unresolved,Unresolved->Unresolved->Unresolved->Unresolved,Pure Unresolved Compression Equilibrium,Exact,1.0,-1.4428232973175177e-12,0.0,1.0,0.0,0.0,0.2799999999999999,0.0,1.0,0.0,CompressionPressure,1.0,7453.0,7458.0,7451.5,7457.75,Down,-1,7453.25,6.5,6.964285714285714,5,7445.5,-12.25,-1.758974358974359,12.25,1.758974358974359,16.75,-2.0,2.405128205128205,-0.2871794871794871,1,1
ES,xApvaV01StateLog_ES.csv,2675,2026-05-15 12:00:00,Unresolved,Unresolved->Unresolved->Unresolved->Unresolved,Pure Unresolved Compression Equilibrium,Exact,1.0,-1.4428232973175177e-12,0.0,1.0,0.0,0.0,0.2799999999999999,0.0,1.0,0.0,CompressionPressure,1.0,7457.5,7459.75,7453.0,7457.0,Down,-1,7457.75,6.75,7.160714285714286,5,7443.0,-14.0,-1.955112219451372,14.0,1.955112219451372,16.0,-1.5,2.2344139650872816,-0.2094763092269326,1,1
ES,xApvaV01StateLog_ES.csv,2676,2026-05-15 12:05:00,Unresolved,Unresolved->Unresolved->Unresolved->Unresolved,Pure Unresolved Compression Equilibrium,Exact,1.0,-1.4428232973175177e-12,0.0,1.0,0.0,0.0,0.2799999999999999,0.0,1.0,0.0,CompressionPressure,1.0,7457.0,7458.5,7449.0,7449.75,Down,-1,7457.0,9.5,7.535714285714286,5,7442.75,-7.0,-0.9289099526066352,7.0,0.9289099526066352,8.75,-2.0,1.161137440758294,-0.2654028436018957,1,1
ES,xApvaV01StateLog_ES.csv,2677,2026-05-15 12:10:00,Unresolved,Unresolved->Unresolved->Unresolved->Unresolved,Pure Unresolved Compression Equilibrium,Exact,1.0,-1.4428232973175177e-12,0.0,1.0,0.0,0.0,0.2799999999999999,0.0,1.0,0.0,CompressionPressure,1.0,7449.5,7451.75,7446.75,7448.0,Down,-1,7449.75,5.0,7.535714285714286,5,7445.0,-3.0,-0.3981042654028436,3.0,0.3981042654028436,7.0,-0.5,0.9289099526066352,-0.0663507109004739,1,1
ES,xApvaV01StateLog_ES.csv,2678,2026-05-15 12:15:00,Degrading,Unresolved->Unresolved->Unresolved->Degrading,Sponsor Exhaustion Collapse,Exact,1.0,0.4689955935863958,0.1111111111111111,0.9,0.0,0.0,0.2202730804215971,0.1138888888888889,0.4512433309564058,0.1442594527636907,CompressionPressure,0.4512433309564058,7448.0,7448.25,7443.75,7447.0,Down,-1,7448.0,4.5,7.625,5,7447.75,0.75,0.0983606557377049,-0.75,-0.0983606557377049,6.0,-2.0,0.7868852459016393,-0.2622950819672131,0,1
ES,xApvaV01StateLog_ES.csv,2679,2026-05-15 12:20:00,Degrading,Unresolved->Unresolved->Degrading->Degrading,Sponsor Exhaustion Collapse,Exact,1.0,0.7219280948844771,0.1111111111111111,0.8,0.0,0.0,0.1892412691242961,0.1138888888888889,0.3937683829586091,0.199588437422646,CompressionPressure,0.3937683829586091,7446.75,7448.0,7441.0,7445.5,Down,-1,7447.0,7.0,7.767857142857143,5,7441.5,-4.0,-0.5149425287356322,4.0,0.5149425287356322,5.0,-4.0,0.6436781609195402,-0.5149425287356322,1,1
ES,xApvaV01StateLog_ES.csv,2681,2026-05-15 12:30:00,Unresolved,Degrading->Degrading->Balance->Unresolved,Stable Compression Basin,Exact,1.0,1.5709505944488975,0.3333333333333333,0.6,0.0,0.0,0.0765990951125062,0.0416666666666666,0.6518155878469439,0.4686454425356963,CompressionPressure,0.6518155878469439,7443.0,7444.75,7442.25,7442.75,Down,-1,7443.0,2.5,7.089285714285714,5,7431.0,-11.75,-1.6574307304785894,11.75,1.6574307304785894,13.25,-6.75,1.8690176322418133,-0.9521410579345088,1,1
ES,xApvaV01StateLog_ES.csv,2682,2026-05-15 12:35:00,Unresolved,Degrading->Balance->Unresolved->Unresolved,Stable Compression Basin,Exact,1.0,1.7609640474379105,0.3333333333333333,0.5,0.0,0.0,0.0627083333333333,0.0416666666666666,0.6083333333333334,0.475,CompressionPressure,0.6083333333333334,7442.5,7447.75,7442.25,7445.0,Down,-1,7442.75,5.5,6.75,5,7432.5,-12.5,-1.851851851851852,12.5,1.851851851851852,18.0,-4.5,2.6666666666666665,-0.6666666666666666,1,1
ES,xApvaV01StateLog_ES.csv,2683,2026-05-15 12:40:00,Unresolved,Balance->Unresolved->Unresolved->Unresolved,Stable Compression Basin,Exact,1.0,1.8464393446652445,0.3333333333333333,0.4,0.0,0.0,0.0510416666666666,0.0416666666666666,0.5666666666666667,0.475,CompressionPressure,0.5666666666666667,7445.0,7449.0,7442.0,7447.75,Up,1,7445.0,7.0,6.589285714285714,5,7420.5,-27.25,-4.13550135501355,-27.25,-4.13550135501355,1.75,-32.5,0.2655826558265582,-4.932249322493225,0,1
ES,xApvaV01StateLog_ES.csv,2688,2026-05-15 13:05:00,Unresolved,Unresolved->Unresolved->Degrading->Unresolved,Stable Compression Basin,Exact,1.0,1.2954618442339936,0.6666666666666666,0.6,0.0,0.0,0.0612328692175015,0.0833333333333333,0.5857003014020421,0.533382278426186,CompressionPressure,0.5857003014020421,7432.5,7433.0,7415.25,7420.5,Up,1,7432.5,17.75,7.767857142857143,5,7417.75,-2.75,-0.3540229885057471,-2.75,-0.3540229885057471,2.0,-11.25,0.2574712643678161,-1.4482758620689655,0,1
ES,xApvaV01StateLog_ES.csv,2690,2026-05-15 13:15:00,Unresolved,Degrading->Unresolved->Balance->Unresolved,Stable Compression Basin,Exact,1.0,0.8812908992278072,0.6666666666666666,0.7,0.0,0.0,0.1046094988612043,0.0833333333333333,0.6532526521315953,0.4427823842060827,CompressionPressure,0.6532526521315953,7413.0,7419.75,7409.25,7419.75,Down,-1,7413.0,10.5,7.928571428571429,5,7418.25,-1.5,-0.1891891891891891,1.5,0.1891891891891891,7.75,-2.75,0.9774774774774776,-0.3468468468468468,1,1
ES,xApvaV01StateLog_ES.csv,2691,2026-05-15 13:20:00,Unresolved,Unresolved->Balance->Unresolved->Unresolved,Stable Compression Basin,Exact,1.0,0.8812908992278072,0.6666666666666666,0.7,0.0,0.0,0.1046094988612043,0.0833333333333333,0.6532526521315953,0.4427823842060827,CompressionPressure,0.6532526521315953,7419.75,7422.5,7416.25,7417.75,Down,-1,7419.75,6.25,8.017857142857142,5,7417.0,-0.75,-0.0935412026726058,0.75,0.0935412026726058,5.75,-2.25,0.7171492204899778,-0.2806236080178174,1,1
ES,xApvaV01StateLog_ES.csv,2692,2026-05-15 13:25:00,Unresolved,Balance->Unresolved->Unresolved->Unresolved,Stable Compression Basin,Exact,1.0,0.8812908992278072,0.6666666666666666,0.7,0.0,0.0,0.1046094988612043,0.0833333333333333,0.6532526521315953,0.4427823842060827,CompressionPressure,0.6532526521315953,7417.5,7417.75,7412.25,7414.25,Down,-1,7417.75,5.5,8.089285714285714,5,7418.5,4.25,0.5253863134657837,-4.25,-0.5253863134657837,2.25,-5.75,0.2781456953642384,-0.7108167770419427,0,1
ES,xApvaV01StateLog_ES.csv,2693,2026-05-15 13:30:00,Unresolved,Unresolved->Unresolved->Unresolved->Unresolved,Pure Unresolved Compression Equilibrium,Exact,1.0,1.2954618442339936,0.6666666666666666,0.6,0.0,0.0,0.0612328692175015,0.0833333333333333,0.5857003014020421,0.533382278426186,CompressionPressure,0.5857003014020421,7414.25,7418.5,7412.0,7417.75,Down,-1,7414.25,6.5,8.053571428571429,5,7418.5,0.75,0.0931263858093126,-0.75,-0.0931263858093126,2.25,-2.25,0.2793791574279379,-0.2793791574279379,0,1
ES,xApvaV01StateLog_ES.csv,2694,2026-05-15 13:35:00,Unresolved,Unresolved->Unresolved->Unresolved->Unresolved,Pure Unresolved Compression Equilibrium,Exact,1.0,1.3709505944503406,0.5555555555555556,0.6,0.0,0.0,0.0676060395568402,0.0694444444444444,0.6087600322912982,0.5082287758693453,CompressionPressure,0.6087600322912982,7417.5,7420.0,7417.0,7418.75,Up,1,7417.75,3.0,7.875,5,7418.0,-0.75,-0.0952380952380952,-0.75,-0.0952380952380952,2.25,-3.5,0.2857142857142857,-0.4444444444444444,0,1
ES,xApvaV01StateLog_ES.csv,2695,2026-05-15 13:40:00,Unresolved,Unresolved->Unresolved->Unresolved->Unresolved,Pure Unresolved Compression Equilibrium,Exact,1.0,1.4854752972230063,0.5555555555555556,0.5,0.0,0.0,0.0471710753341413,0.0694444444444444,0.5599355717013399,0.533281054600866,CompressionPressure,0.5599355717013399,7418.75,7419.75,7417.5,7418.25,Up,1,7418.75,2.25,7.857142857142857,5,7425.75,7.5,0.9545454545454546,7.5,0.9545454545454546,22.5,-3.0,2.863636363636364,-0.3818181818181818,1,1
ES,xApvaV01StateLog_ES.csv,2696,2026-05-15 13:45:00,Unresolved,Unresolved->Unresolved->Unresolved->Unresolved,Pure Unresolved Compression Equilibrium,Exact,1.0,1.5219280948830345,0.4444444444444444,0.4,0.0,0.0,0.0448662691244065,0.0555555555555555,0.5437683829586993,0.4995884374223303,CompressionPressure,0.5437683829586993,7418.5,7418.5,7415.5,7417.0,Down,-1,7418.25,3.0,7.678571428571429,5,7427.0,10.0,1.3023255813953487,-10.0,-1.3023255813953487,1.75,-23.75,0.227906976744186,-3.093023255813953,0,1
ES,xApvaV01StateLog_ES.csv,2697,2026-05-15 13:50:00,Unresolved,Unresolved->Unresolved->Unresolved->Unresolved,Pure Unresolved Compression Equilibrium,Exact,1.0,1.360964047439353,0.3333333333333333,0.5,0.0,0.0,0.0810095234512578,0.0416666666666666,0.6232730803683738,0.4227108853773584,CompressionPressure,0.6232730803683738,7417.0,7419.25,7415.75,7418.5,Down,-1,7417.0,3.5,7.428571428571429,5,7420.0,1.5,0.2019230769230769,-1.5,-0.2019230769230769,3.25,-22.25,0.4375,-2.9951923076923075,0,1
ES,xApvaV01StateLog_ES.csv,2698,2026-05-15 13:55:00,Unresolved,Unresolved->Unresolved->Unresolved->Unresolved,Pure Unresolved Compression Equilibrium,Exact,1.0,1.2954618442339936,0.2222222222222222,0.6,0.0,0.0,0.1098439803286126,0.0277777777777777,0.6968114125131533,0.3667156117595194,CompressionPressure,0.6968114125131533,7418.5,7418.75,7416.75,7418.5,Down,-1,7418.5,2.0,6.928571428571429,5,7428.5,10.0,1.443298969072165,-10.0,-1.443298969072165,3.25,-22.25,0.4690721649484536,-3.2113402061855667,0,1
ES,xApvaV01StateLog_ES.csv,2699,2026-05-15 14:00:00,Unresolved,Unresolved->Unresolved->Unresolved->Unresolved,Pure Unresolved Compression Equilibrium,Exact,1.0,0.8812908992278072,0.1111111111111111,0.7,0.0,0.0,0.1653733877500932,0.0138888888888888,0.7921415410204843,0.2344490508727494,CompressionPressure,0.7921415410204843,7418.25,7421.0,7415.25,7418.0,Down,-1,7418.5,5.75,6.875,5,7449.0,31.0,4.509090909090909,-31.0,-4.509090909090909,2.75,-31.25,0.4,-4.545454545454546,0,1
ES,xApvaV01StateLog_ES.csv,2700,2026-05-18 06:35:00,Unresolved,Unresolved->Unresolved->Unresolved->Unresolved,Pure Unresolved Compression Equilibrium,Exact,1.0,0.7219280948844771,0.1111111111111111,0.8,0.0,0.0,0.1892412691242961,0.0138888888888888,0.8437683829586091,0.199588437422646,CompressionPressure,0.8437683829586091,7438.25,7440.75,7424.75,7425.75,Down,-1,7418.0,22.75,7.464285714285714,5,7445.75,20.0,2.679425837320574,-20.0,-2.679425837320574,10.5,-28.5,1.4066985645933014,-3.818181818181818,0,1
ES,xApvaV01StateLog_ES.csv,2701,2026-05-18 06:40:00,Unresolved,Unresolved->Unresolved->Unresolved->Unresolved,Pure Unresolved Compression Equilibrium,Exact,1.0,0.4689955935863958,0.1111111111111111,0.9,0.0,0.0,0.2202730804215971,0.0138888888888888,0.9012433309564056,0.1442594527636907,CompressionPressure,0.9012433309564056,7425.5,7429.5,7422.5,7427.0,Down,-1,7425.75,7.0,7.410714285714286,5,7431.5,4.5,0.6072289156626506,-4.5,-0.6072289156626506,11.75,-27.25,1.5855421686746989,-3.67710843373494,0,1
ES,xApvaV01StateLog_ES.csv,2702,2026-05-18 06:45:00,Unresolved,Unresolved->Unresolved->Unresolved->Unresolved,Pure Unresolved Compression Equilibrium,Exact,1.0,-1.4428232973175177e-12,0.0,1.0,0.0,0.0,0.2799999999999999,0.0,1.0,0.0,CompressionPressure,1.0,7427.25,7431.5,7419.5,7420.0,Down,-1,7427.0,12.0,7.0,5,7443.75,23.75,3.392857142857143,-23.75,-3.392857142857143,4.75,-34.25,0.6785714285714286,-4.892857142857143,0,1
ES,xApvaV01StateLog_ES.csv,2703,2026-05-18 06:50:00,Degrading,Unresolved->Unresolved->Unresolved->Degrading,Sponsor Exhaustion Collapse,Exact,1.0,0.4689955935863958,0.1111111111111111,0.9,0.0,0.0,0.2202730804215971,0.1138888888888889,0.4512433309564058,0.1442594527636907,CompressionPressure,0.4512433309564058,7420.0,7433.0,7415.25,7428.5,Down,-1,7420.0,17.75,7.696428571428571,5,7439.25,10.75,1.396751740139211,-10.75,-1.396751740139211,2.75,-25.75,0.3573085846867749,-3.345707656612529,0,1
ES,xApvaV01StateLog_ES.csv,2704,2026-05-18 06:55:00,Degrading,Unresolved->Unresolved->Degrading->Degrading,Sponsor Exhaustion Collapse,Exact,1.0,0.7219280948844771,0.1111111111111111,0.8,0.0,0.0,0.1892412691242961,0.1138888888888889,0.3937683829586091,0.199588437422646,CompressionPressure,0.3937683829586091,7428.25,7449.25,7428.25,7449.0,Up,1,7428.5,21.0,8.446428571428571,5,7445.75,-3.25,-0.3847780126849894,-3.25,-0.3847780126849894,5.25,-23.25,0.6215644820295984,-2.7526427061310783,0,1
ES,xApvaV01StateLog_ES.csv,2705,2026-05-18 07:00:00,Unresolved,Unresolved->Degrading->Degrading->Unresolved,Stable Compression Basin,Exact,1.0,1.1567796494427114,0.2222222222222222,0.7,0.0,0.0,0.1321285025339868,0.0277777777777777,0.747145716354275,0.3363788816489264,CompressionPressure,0.747145716354275,7449.25,7454.25,7444.25,7445.75,Up,1,7449.0,10.0,8.714285714285714,5,7440.25,-5.5,-0.6311475409836066,-5.5,-0.6311475409836066,2.25,-20.0,0.2581967213114754,-2.295081967213115,0,1
ES,xApvaV01StateLog_ES.csv,2706,2026-05-18 07:05:00,Unresolved,Degrading->Degrading->Unresolved->Unresolved,Stable Compression Basin,Exact,1.0,1.3709505944503406,0.2222222222222222,0.6,0.0,0.0,0.1040643728901735,0.0277777777777777,0.6920933656246315,0.3832287758693453,CompressionPressure,0.6920933656246315,7445.75,7445.75,7428.75,7431.5,Down,-1,7445.75,17.0,9.535714285714286,5,7435.25,3.75,0.3932584269662921,-3.75,-0.3932584269662921,5.75,-16.5,0.6029962546816479,-1.7303370786516852,0,1
ES,xApvaV01StateLog_ES.csv,2707,2026-05-18 07:10:00,Unresolved,Degrading->Unresolved->Unresolved->Unresolved,Stable Compression Basin,Exact,1.0,1.4854752972230063,0.2222222222222222,0.5,0.0,0.0,0.0836294086674746,0.0277777777777777,0.6432689050346733,0.4082810546008659,CompressionPressure,0.6432689050346733,7431.5,7444.0,7425.75,7443.75,Down,-1,7431.5,18.25,10.375,5,7414.5,-29.25,-2.819277108433735,29.25,2.819277108433735,32.25,-4.25,3.108433734939759,-0.4096385542168674,1,1
ES,xApvaV01StateLog_ES.csv,2708,2026-05-18 07:15:00,Unresolved,Unresolved->Unresolved->Unresolved->Unresolved,Pure Unresolved Compression Equilibrium,Exact,1.0,1.4854752972230063,0.3333333333333333,0.5,0.0,0.0,0.0714766308896969,0.0416666666666666,0.6154911272568955,0.4499477212675326,CompressionPressure,0.6154911272568955,7443.75,7447.0,7435.75,7439.25,Down,-1,7443.75,11.25,10.964285714285714,5,7419.5,-19.75,-1.8013029315960911,19.75,1.8013029315960911,35.0,-8.75,3.192182410423453,-0.7980456026058632,1,1
ES,xApvaV01StateLog_ES.csv,2709,2026-05-18 07:20:00,Unresolved,Unresolved->Unresolved->Unresolved->Unresolved,Pure Unresolved Compression Equilibrium,Exact,1.0,1.4854752972230063,0.3333333333333333,0.5,0.0,0.0,0.0714766308896969,0.0416666666666666,0.6154911272568955,0.4499477212675326,CompressionPressure,0.6154911272568955,7439.0,7447.5,7438.0,7445.75,Down,-1,7439.25,9.5,11.482142857142858,5,7423.0,-22.75,-1.981337480559876,22.75,1.981337480559876,41.5,-2.25,3.614307931570762,-0.1959564541213063,1,1
ES,xApvaV01StateLog_ES.csv,2710,2026-05-18 07:25:00,Unresolved,Unresolved->Unresolved->Unresolved->Unresolved,Pure Unresolved Compression Equilibrium,Exact,1.0,1.4854752972230063,0.3333333333333333,0.5,0.0,0.0,0.0714766308896969,0.0416666666666666,0.6154911272568955,0.4499477212675326,CompressionPressure,0.6154911272568955,7445.75,7448.0,7435.5,7440.25,Down,-1,7445.75,12.5,12.160714285714286,5,7415.25,-25.0,-2.055800293685756,25.0,2.055800293685756,36.0,-3.75,2.960352422907489,-0.3083700440528634,1,1
ES,xApvaV01StateLog_ES.csv,2711,2026-05-18 07:30:00,Unresolved,Unresolved->Unresolved->Unresolved->Unresolved,Pure Unresolved Compression Equilibrium,Exact,1.0,1.4854752972230063,0.3333333333333333,0.5,0.0,0.0,0.0714766308896969,0.0416666666666666,0.6154911272568955,0.4499477212675326,CompressionPressure,0.6154911272568955,7440.25,7444.0,7432.25,7435.25,Down,-1,7440.25,11.75,12.75,5,7422.0,-13.25,-1.03921568627451,13.25,1.03921568627451,31.0,-3.25,2.431372549019608,-0.2549019607843137,1,1
ES,xApvaV01StateLog_ES.csv,2712,2026-05-18 07:35:00,Unresolved,Unresolved->Unresolved->Unresolved->Unresolved,Pure Unresolved Compression Equilibrium,Exact,1.0,1.4854752972230063,0.2222222222222222,0.5,0.0,0.0,0.0836294086674746,0.0277777777777777,0.6432689050346733,0.4082810546008659,CompressionPressure,0.6432689050346733,7435.0,7438.5,7411.5,7414.5,Down,-1,7435.25,27.0,14.535714285714286,5,7423.0,8.5,0.5847665847665847,-8.5,-0.5847665847665847,10.25,-13.5,0.7051597051597052,-0.9287469287469288,0,1
ES,xApvaV01StateLog_ES.csv,2713,2026-05-18 07:40:00,Unresolved,Unresolved->Unresolved->Unresolved->Unresolved,Pure Unresolved Compression Equilibrium,Exact,1.0,1.2954618442339936,0.2222222222222222,0.6,0.0,0.0,0.1098439803286126,0.0277777777777777,0.6968114125131533,0.3667156117595194,CompressionPressure,0.6968114125131533,7414.25,7421.5,7404.25,7419.5,Down,-1,7414.5,17.25,15.357142857142858,5,7413.25,-6.25,-0.4069767441860465,6.25,0.4069767441860465,12.0,-11.0,0.7813953488372093,-0.7162790697674418,1,1
ES,xApvaV01StateLog_ES.csv,2714,2026-05-18 07:45:00,Unresolved,Unresolved->Unresolved->Unresolved->Unresolved,Pure Unresolved Compression Equilibrium,Exact,1.0,0.8812908992278072,0.1111111111111111,0.7,0.0,0.0,0.1653733877500932,0.0138888888888888,0.7921415410204843,0.2344490508727494,CompressionPressure,0.7921415410204843,7419.5,7427.5,7411.25,7423.0,Up,1,7419.5,16.25,14.892857142857142,5,7408.0,-15.0,-1.0071942446043165,-15.0,-1.0071942446043165,7.5,-15.5,0.5035971223021583,-1.040767386091127,0,1
ES,xApvaV01StateLog_ES.csv,2715,2026-05-18 07:50:00,Unresolved,Unresolved->Unresolved->Unresolved->Unresolved,Pure Unresolved Compression Equilibrium,Exact,1.0,0.7219280948844771,0.1111111111111111,0.8,0.0,0.0,0.1892412691242961,0.0138888888888888,0.8437683829586091,0.199588437422646,CompressionPressure,0.8437683829586091,7423.0,7424.25,7412.5,7415.25,Up,1,7423.0,11.75,15.232142857142858,5,7412.25,-3.0,-0.1969519343493552,-3.0,-0.1969519343493552,15.25,-10.5,1.0011723329425557,-0.6893317702227433,0,1
ES,xApvaV01StateLog_ES.csv,2716,2026-05-18 07:55:00,Unresolved,Unresolved->Unresolved->Unresolved->Unresolved,Pure Unresolved Compression Equilibrium,Exact,1.0,0.4689955935863958,0.1111111111111111,0.9,0.0,0.0,0.2202730804215971,0.0138888888888888,0.9012433309564056,0.1442594527636907,CompressionPressure,0.9012433309564056,7415.25,7428.0,7414.25,7422.0,Up,1,7415.25,13.75,15.357142857142858,5,7403.25,-18.75,-1.2209302325581397,-18.75,-1.2209302325581397,8.5,-22.75,0.5534883720930233,-1.4813953488372094,0,1
ES,xApvaV01StateLog_ES.csv,2717,2026-05-18 08:00:00,Unresolved,Unresolved->Unresolved->Unresolved->Unresolved,Pure Unresolved Compression Equilibrium,Exact,1.0,-1.4428232973175177e-12,0.0,1.0,0.0,0.0,0.2799999999999999,0.0,1.0,0.0,CompressionPressure,1.0,7421.75,7426.0,7420.0,7423.0,Up,1,7422.0,6.0,14.517857142857142,5,7403.5,-19.5,-1.3431734317343174,-19.5,-1.3431734317343174,7.5,-23.75,0.5166051660516605,-1.6359163591635917,0,1
ES,xApvaV01StateLog_ES.csv,2718,2026-05-18 08:05:00,Unresolved,Unresolved->Unresolved->Unresolved->Unresolved,Pure Unresolved Compression Equilibrium,Exact,1.0,-1.4428232973175177e-12,0.0,1.0,0.0,0.0,0.2799999999999999,0.0,1.0,0.0,CompressionPressure,1.0,7423.0,7430.5,7407.5,7413.25,Up,1,7423.0,23.0,14.660714285714286,5,7396.25,-17.0,-1.1595615103532275,-17.0,-1.1595615103532275,3.5,-18.0,0.2387332521315469,-1.227771010962241,0,1
ES,xApvaV01StateLog_ES.csv,2719,2026-05-18 08:10:00,Unresolved,Unresolved->Unresolved->Unresolved->Unresolved,Pure Unresolved Compression Equilibrium,Exact,1.0,-1.4428232973175177e-12,0.0,1.0,0.0,0.0,0.2799999999999999,0.0,1.0,0.0,CompressionPressure,1.0,7413.0,7416.75,7407.5,7408.0,Down,-1,7413.25,9.25,14.607142857142858,5,7405.25,-2.75,-0.1882640586797066,2.75,0.1882640586797066,16.25,-7.0,1.1124694376528117,-0.4792176039119804,1,1
ES,xApvaV01StateLog_ES.csv,2720,2026-05-18 08:15:00,Unresolved,Unresolved->Unresolved->Unresolved->Unresolved,Pure Unresolved Compression Equilibrium,Exact,1.0,-1.4428232973175177e-12,0.0,1.0,0.0,0.0,0.2799999999999999,0.0,1.0,0.0,CompressionPressure,1.0,7407.75,7415.0,7404.75,7412.25,Down,-1,7408.0,10.25,14.125,5,7408.0,-4.25,-0.3008849557522124,4.25,0.3008849557522124,20.5,-2.0,1.4513274336283186,-0.1415929203539823,1,1
ES,xApvaV01StateLog_ES.csv,2721,2026-05-18 08:20:00,Unresolved,Unresolved->Unresolved->Unresolved->Unresolved,Pure Unresolved Compression Equilibrium,Exact,1.0,-1.4428232973175177e-12,0.0,1.0,0.0,0.0,0.2799999999999999,0.0,1.0,0.0,CompressionPressure,1.0,7412.25,7414.25,7399.25,7403.25,Down,-1,7412.25,15.0,13.892857142857142,5,7402.5,-0.75,-0.0539845758354755,0.75,0.0539845758354755,11.5,-10.75,0.8277634961439589,-0.7737789203084833,1,1
ES,xApvaV01StateLog_ES.csv,2722,2026-05-18 08:25:00,Unresolved,Unresolved->Unresolved->Unresolved->Unresolved,Pure Unresolved Compression Equilibrium,Exact,1.0,-1.4428232973175177e-12,0.0,1.0,0.0,0.0,0.2799999999999999,0.0,1.0,0.0,CompressionPressure,1.0,7403.25,7407.25,7399.5,7403.5,Down,-1,7403.25,7.75,13.642857142857142,5,7404.75,1.25,0.0916230366492146,-1.25,-0.0916230366492146,11.75,-10.5,0.8612565445026178,-0.7696335078534031,0,1
ES,xApvaV01StateLog_ES.csv,2723,2026-05-18 08:30:00,Unresolved,Unresolved->Unresolved->Unresolved->Unresolved,Pure Unresolved Compression Equilibrium,Exact,1.0,-1.4428232973175177e-12,0.0,1.0,0.0,0.0,0.2799999999999999,0.0,1.0,0.0,CompressionPressure,1.0,7403.5,7409.0,7395.25,7396.25,Down,-1,7403.5,13.75,13.946428571428571,5,7409.0,12.75,0.9142125480153648,-12.75,-0.9142125480153648,4.5,-17.75,0.322663252240717,-1.2727272727272727,0,1
ES,xApvaV01StateLog_ES.csv,2724,2026-05-18 08:35:00,Unresolved,Unresolved->Unresolved->Unresolved->Unresolved,Pure Unresolved Compression Equilibrium,Exact,1.0,-1.4428232973175177e-12,0.0,1.0,0.0,0.0,0.2799999999999999,0.0,1.0,0.0,CompressionPressure,1.0,7396.25,7405.75,7391.75,7405.25,Down,-1,7396.25,14.0,14.053571428571429,5,7403.0,-2.25,-0.1601016518424396,2.25,0.1601016518424396,5.5,-8.75,0.3913595933926302,-0.6226175349428208,1,1
ES,xApvaV01StateLog_ES.csv,2725,2026-05-18 08:40:00,Unresolved,Unresolved->Unresolved->Unresolved->Unresolved,Pure Unresolved Compression Equilibrium,Exact,1.0,-1.4428232973175177e-12,0.0,1.0,0.0,0.0,0.2799999999999999,0.0,1.0,0.0,CompressionPressure,1.0,7405.25,7413.0,7404.5,7408.0,Up,1,7405.25,8.5,13.821428571428571,5,7398.75,-9.25,-0.6692506459948321,-9.25,-0.6692506459948321,6.0,-11.25,0.4341085271317829,-0.813953488372093,0,1
ES,xApvaV01StateLog_ES.csv,2726,2026-05-18 08:45:00,Unresolved,Unresolved->Unresolved->Unresolved->Unresolved,Pure Unresolved Compression Equilibrium,Exact,1.0,-1.4428232973175177e-12,0.0,1.0,0.0,0.0,0.2799999999999999,0.0,1.0,0.0,CompressionPressure,1.0,7408.0,7414.0,7401.75,7402.5,Up,1,7408.0,12.25,12.767857142857142,5,7402.25,-0.25,-0.0195804195804195,-0.25,-0.0195804195804195,9.25,-5.75,0.7244755244755245,-0.4503496503496503,0,1
ES,xApvaV01StateLog_ES.csv,2727,2026-05-18 08:50:00,Unresolved,Unresolved->Unresolved->Unresolved->Unresolved,Pure Unresolved Compression Equilibrium,Exact,1.0,-1.4428232973175177e-12,0.0,1.0,0.0,0.0,0.2799999999999999,0.0,1.0,0.0,CompressionPressure,1.0,7402.25,7410.0,7401.25,7404.75,Up,1,7402.5,8.75,12.160714285714286,5,7409.25,4.5,0.3700440528634361,4.5,0.3700440528634361,7.0,-8.0,0.5756240822320117,-0.657856093979442,1,1
ES,xApvaV01StateLog_ES.csv,2728,2026-05-18 08:55:00,Unresolved,Unresolved->Unresolved->Unresolved->Unresolved,Pure Unresolved Compression Equilibrium,Exact,1.0,-1.4428232973175177e-12,0.0,1.0,0.0,0.0,0.2799999999999999,0.0,1.0,0.0,CompressionPressure,1.0,7405.0,7409.75,7399.75,7409.0,Up,1,7404.75,10.0,11.714285714285714,5,7412.0,3.0,0.2560975609756097,3.0,0.2560975609756097,4.5,-12.25,0.3841463414634146,-1.045731707317073,1,1
ES,xApvaV01StateLog_ES.csv,2729,2026-05-18 09:00:00,Unresolved,Unresolved->Unresolved->Unresolved->Unresolved,Pure Unresolved Compression Equilibrium,Exact,1.0,-1.4428232973175177e-12,0.0,1.0,0.0,0.0,0.2799999999999999,0.0,1.0,0.0,CompressionPressure,1.0,7408.75,7411.75,7401.5,7403.0,Up,1,7409.0,10.25,11.607142857142858,5,7407.75,4.75,0.4092307692307692,4.75,0.4092307692307692,16.0,-6.25,1.3784615384615384,-0.5384615384615384,1,1
ES,xApvaV01StateLog_ES.csv,2730,2026-05-18 09:05:00,Unresolved,Unresolved->Unresolved->Unresolved->Unresolved,Pure Unresolved Compression Equilibrium,Exact,1.0,-1.4428232973175177e-12,0.0,1.0,0.0,0.0,0.2799999999999999,0.0,1.0,0.0,CompressionPressure,1.0,7403.0,7405.0,7396.75,7398.75,Down,-1,7403.0,8.25,11.214285714285714,5,7388.25,-10.5,-0.9363057324840764,10.5,0.9363057324840764,14.0,-20.25,1.248407643312102,-1.8057324840764333,1,1
ES,xApvaV01StateLog_ES.csv,2731,2026-05-18 09:10:00,Unresolved,Unresolved->Unresolved->Unresolved->Unresolved,Pure Unresolved Compression Equilibrium,Exact,1.0,-1.4428232973175177e-12,0.0,1.0,0.0,0.0,0.2799999999999999,0.0,1.0,0.0,CompressionPressure,1.0,7398.75,7404.5,7397.75,7402.25,Down,-1,7398.75,6.75,11.267857142857142,5,7394.25,-8.0,-0.7099841521394612,8.0,0.7099841521394612,20.5,-16.75,1.8193343898573693,-1.486529318541997,1,1
ES,xApvaV01StateLog_ES.csv,2732,2026-05-18 09:15:00,Unresolved,Unresolved->Unresolved->Unresolved->Unresolved,Pure Unresolved Compression Equilibrium,Exact,1.0,-1.4428232973175177e-12,0.0,1.0,0.0,0.0,0.2799999999999999,0.0,1.0,0.0,CompressionPressure,1.0,7402.25,7409.25,7401.75,7409.25,Up,1,7402.25,7.5,10.160714285714286,5,7397.0,-12.25,-1.2056239015817225,-12.25,-1.2056239015817225,9.75,-27.5,0.9595782073813708,-2.7065026362038664,0,1
ES,xApvaV01StateLog_ES.csv,2733,2026-05-18 09:20:00,Unresolved,Unresolved->Unresolved->Unresolved->Unresolved,Pure Unresolved Compression Equilibrium,Exact,1.0,-1.4428232973175177e-12,0.0,1.0,0.0,0.0,0.2799999999999999,0.0,1.0,0.0,CompressionPressure,1.0,7409.0,7413.5,7408.0,7412.0,Up,1,7409.25,5.5,9.892857142857142,5,7391.25,-20.75,-2.0974729241877257,-20.75,-2.0974729241877257,7.0,-30.25,0.7075812274368232,-3.057761732851986,0,1
ES,xApvaV01StateLog_ES.csv,2734,2026-05-18 09:25:00,Unresolved,Unresolved->Unresolved->Unresolved->Unresolved,Pure Unresolved Compression Equilibrium,Exact,1.0,-1.4428232973175177e-12,0.0,1.0,0.0,0.0,0.2799999999999999,0.0,1.0,0.0,CompressionPressure,1.0,7412.0,7419.0,7405.0,7407.75,Up,1,7412.0,14.0,10.160714285714286,5,7394.5,-13.25,-1.3040421792618628,-13.25,-1.3040421792618628,1.0,-26.0,0.0984182776801406,-2.5588752196836557,0,1
ES,xApvaV01StateLog_ES.csv,2735,2026-05-18 09:30:00,Unresolved,Unresolved->Unresolved->Unresolved->Unresolved,Pure Unresolved Compression Equilibrium,Exact,1.0,-1.4428232973175177e-12,0.0,1.0,0.0,0.0,0.2799999999999999,0.0,1.0,0.0,CompressionPressure,1.0,7408.0,7408.75,7384.75,7388.25,Down,-1,7407.75,24.0,10.803571428571429,5,7408.0,19.75,1.8280991735537189,-19.75,-1.8280991735537189,6.5,-20.5,0.6016528925619835,-1.8975206611570248,0,1
ES,xApvaV01StateLog_ES.csv,2736,2026-05-18 09:35:00,Unresolved,Unresolved->Unresolved->Unresolved->Unresolved,Pure Unresolved Compression Equilibrium,Exact,1.0,-1.4428232973175177e-12,0.0,1.0,0.0,0.0,0.2799999999999999,0.0,1.0,0.0,CompressionPressure,1.0,7388.25,7398.25,7381.75,7394.25,Down,-1,7388.25,16.5,11.428571428571429,5,7404.75,10.5,0.91875,-10.5,-0.91875,3.75,-19.25,0.328125,-1.684375,0,1
ES,xApvaV01StateLog_ES.csv,2737,2026-05-18 09:40:00,Unresolved,Unresolved->Unresolved->Unresolved->Unresolved,Pure Unresolved Compression Equilibrium,Exact,1.0,-1.4428232973175177e-12,0.0,1.0,0.0,0.0,0.2799999999999999,0.0,1.0,0.0,CompressionPressure,1.0,7394.25,7401.0,7393.0,7397.0,Up,1,7394.25,8.0,11.017857142857142,5,7408.75,11.75,1.06645056726094,11.75,1.06645056726094,16.5,-6.5,1.4975688816855754,-0.5899513776337115,1,1
ES,xApvaV01StateLog_ES.csv,2738,2026-05-18 09:45:00,Unresolved,Unresolved->Unresolved->Unresolved->Unresolved,Pure Unresolved Compression Equilibrium,Exact,1.0,-1.4428232973175177e-12,0.0,1.0,0.0,0.0,0.2799999999999999,0.0,1.0,0.0,CompressionPressure,1.0,7397.25,7397.75,7390.5,7391.25,Up,1,7397.0,7.25,10.535714285714286,5,7410.0,18.75,1.7796610169491525,18.75,1.7796610169491525,22.25,-0.25,2.111864406779661,-0.023728813559322,1,1
ES,xApvaV01StateLog_ES.csv,2739,2026-05-18 09:50:00,Unresolved,Unresolved->Unresolved->Unresolved->Unresolved,Pure Unresolved Compression Equilibrium,Exact,1.0,-1.4428232973175177e-12,0.0,1.0,0.0,0.0,0.2799999999999999,0.0,1.0,0.0,CompressionPressure,1.0,7391.25,7395.5,7391.0,7394.5,Up,1,7391.25,4.5,10.25,5,7407.5,13.0,1.2682926829268293,13.0,1.2682926829268293,20.25,-0.25,1.975609756097561,-0.024390243902439,1,1
ES,xApvaV01StateLog_ES.csv,2740,2026-05-18 09:55:00,Unresolved,Unresolved->Unresolved->Unresolved->Unresolved,Pure Unresolved Compression Equilibrium,Exact,1.0,-1.4428232973175177e-12,0.0,1.0,0.0,0.0,0.2799999999999999,0.0,1.0,0.0,CompressionPressure,1.0,7394.5,7408.75,7394.25,7408.0,Up,1,7394.5,14.5,10.410714285714286,5,7412.25,4.25,0.4082332761578044,4.25,0.4082332761578044,6.75,-8.75,0.6483704974271012,-0.8404802744425385,1,1
ES,xApvaV01StateLog_ES.csv,2741,2026-05-18 10:00:00,Unresolved,Unresolved->Unresolved->Unresolved->Unresolved,Pure Unresolved Compression Equilibrium,Exact,1.0,-1.4428232973175177e-12,0.0,1.0,0.0,0.0,0.2799999999999999,0.0,1.0,0.0,CompressionPressure,1.0,7408.0,7413.5,7403.75,7404.75,Up,1,7408.0,9.75,10.482142857142858,5,7408.75,4.0,0.3816013628620102,4.0,0.3816013628620102,10.0,-5.5,0.9540034071550256,-0.524701873935264,1,1
ES,xApvaV01StateLog_ES.csv,2742,2026-05-18 10:05:00,Unresolved,Unresolved->Unresolved->Unresolved->Unresolved,Pure Unresolved Compression Equilibrium,Exact,1.0,-1.4428232973175177e-12,0.0,1.0,0.0,0.0,0.2799999999999999,0.0,1.0,0.0,CompressionPressure,1.0,7405.0,7409.75,7399.25,7408.75,Up,1,7404.75,10.5,10.517857142857142,5,7413.5,4.75,0.4516129032258065,4.75,0.4516129032258065,6.0,-3.25,0.5704584040747029,-0.3089983022071307,1,1
ES,xApvaV01StateLog_ES.csv,2743,2026-05-18 10:10:00,Unresolved,Unresolved->Unresolved->Unresolved->Unresolved,Pure Unresolved Compression Equilibrium,Exact,1.0,-1.4428232973175177e-12,0.0,1.0,0.0,0.0,0.2799999999999999,0.0,1.0,0.0,CompressionPressure,1.0,7408.5,7413.25,7406.5,7410.0,Up,1,7408.75,6.75,10.267857142857142,5,7408.25,-1.75,-0.1704347826086956,-1.75,-0.1704347826086956,4.75,-4.5,0.4626086956521739,-0.4382608695652174,0,1
ES,xApvaV01StateLog_ES.csv,2744,2026-05-18 10:15:00,Unresolved,Unresolved->Unresolved->Unresolved->Unresolved,Pure Unresolved Compression Equilibrium,Exact,1.0,-1.4428232973175177e-12,0.0,1.0,0.0,0.0,0.2799999999999999,0.0,1.0,0.0,CompressionPressure,1.0,7410.25,7414.75,7407.25,7407.5,Up,1,7410.0,7.5,10.214285714285714,5,7404.25,-3.25,-0.3181818181818182,-3.25,-0.3181818181818182,6.5,-5.5,0.6363636363636365,-0.5384615384615385,0,1
ES,xApvaV01StateLog_ES.csv,2745,2026-05-18 10:20:00,Unresolved,Unresolved->Unresolved->Unresolved->Unresolved,Pure Unresolved Compression Equilibrium,Exact,1.0,-1.4428232973175177e-12,0.0,1.0,0.0,0.0,0.2799999999999999,0.0,1.0,0.0,CompressionPressure,1.0,7407.25,7414.0,7405.5,7412.25,Up,1,7407.5,8.5,10.339285714285714,5,7407.75,-4.5,-0.4352331606217617,-4.5,-0.4352331606217617,1.75,-10.25,0.1692573402417962,-0.9913644214162348,0,1
ES,xApvaV01StateLog_ES.csv,2746,2026-05-18 10:25:00,Unresolved,Unresolved->Unresolved->Unresolved->Unresolved,Pure Unresolved Compression Equilibrium,Exact,1.0,-1.4428232973175177e-12,0.0,1.0,0.0,0.0,0.2799999999999999,0.0,1.0,0.0,CompressionPressure,1.0,7412.25,7412.5,7406.0,7408.75,Up,1,7412.25,6.5,10.267857142857142,5,7406.25,-2.5,-0.2434782608695652,-2.5,-0.2434782608695652,5.25,-6.75,0.511304347826087,-0.6573913043478261,0,1
ES,xApvaV01StateLog_ES.csv,2747,2026-05-18 10:30:00,Unresolved,Unresolved->Unresolved->Unresolved->Unresolved,Pure Unresolved Compression Equilibrium,Exact,1.0,-1.4428232973175177e-12,0.0,1.0,0.0,0.0,0.2799999999999999,0.0,1.0,0.0,CompressionPressure,1.0,7408.5,7413.75,7406.75,7413.5,Up,1,7408.75,7.0,10.375,5,7409.25,-4.25,-0.4096385542168674,-4.25,-0.4096385542168674,0.5,-11.5,0.0481927710843373,-1.108433734939759,0,1
ES,xApvaV01StateLog_ES.csv,2748,2026-05-18 10:35:00,Degrading,Unresolved->Unresolved->Unresolved->Degrading,Sponsor Exhaustion Collapse,Exact,1.0,0.4689955935863958,0.1111111111111111,0.9,0.0,0.0,0.2202730804215971,0.1138888888888889,0.4512433309564058,0.1442594527636907,CompressionPressure,0.4512433309564058,7413.5,7414.0,7406.25,7408.25,Up,1,7413.5,7.75,9.928571428571429,5,7410.0,1.75,0.1762589928057553,1.75,0.1762589928057553,4.75,-6.25,0.4784172661870503,-0.6294964028776978,1,1
ES,xApvaV01StateLog_ES.csv,2749,2026-05-18 10:40:00,Degrading,Unresolved->Unresolved->Degrading->Degrading,Sponsor Exhaustion Collapse,Exact,1.0,0.7219280948844771,0.1111111111111111,0.8,0.0,0.0,0.1892412691242961,0.1138888888888889,0.3937683829586091,0.199588437422646,CompressionPressure,0.3937683829586091,7408.0,7408.25,7402.0,7404.25,Down,-1,7408.25,6.25,8.660714285714286,5,7398.25,-6.0,-0.6927835051546392,6.0,0.6927835051546392,6.5,-8.75,0.7505154639175257,-1.0103092783505154,1,1
ES,xApvaV01StateLog_ES.csv,2750,2026-05-18 10:45:00,Unresolved,Unresolved->Degrading->Degrading->Unresolved,Stable Compression Basin,Exact,1.0,1.1567796494427114,0.2222222222222222,0.7,0.0,0.0,0.1321285025339868,0.0277777777777777,0.747145716354275,0.3363788816489264,CompressionPressure,0.747145716354275,7404.0,7411.25,7403.0,7407.75,Down,-1,7404.25,8.25,8.071428571428571,5,7395.5,-12.25,-1.5176991150442478,12.25,1.5176991150442478,14.25,-5.25,1.7654867256637168,-0.6504424778761062,1,1
ES,xApvaV01StateLog_ES.csv,2751,2026-05-18 10:50:00,Unresolved,Degrading->Degrading->Unresolved->Unresolved,Stable Compression Basin,Exact,1.0,1.3709505944503406,0.2222222222222222,0.6,0.0,0.0,0.1040643728901735,0.0277777777777777,0.6920933656246315,0.3832287758693453,CompressionPressure,0.6920933656246315,7408.0,7409.25,7403.25,7406.25,Down,-1,7407.75,6.0,7.928571428571429,5,7390.25,-16.0,-2.018018018018018,16.0,2.018018018018018,16.25,-6.75,2.0495495495495493,-0.8513513513513513,1,1
ES,xApvaV01StateLog_ES.csv,2752,2026-05-18 10:55:00,Unresolved,Degrading->Unresolved->Unresolved->Unresolved,Stable Compression Basin,Exact,1.0,1.4854752972230063,0.2222222222222222,0.5,0.0,0.0,0.0836294086674746,0.0277777777777777,0.6432689050346733,0.4082810546008659,CompressionPressure,0.6432689050346733,7406.25,7413.0,7405.75,7409.25,Down,-1,7406.25,7.25,7.928571428571429,5,7384.5,-24.75,-3.121621621621621,24.75,3.121621621621621,27.75,-2.5,3.5,-0.3153153153153153,1,1
ES,xApvaV01StateLog_ES.csv,2753,2026-05-18 11:00:00,Unresolved,Unresolved->Unresolved->Unresolved->Unresolved,Pure Unresolved Compression Equilibrium,Exact,1.0,1.4854752972230063,0.3333333333333333,0.5,0.0,0.0,0.0714766308896969,0.0416666666666666,0.6154911272568955,0.4499477212675326,CompressionPressure,0.6154911272568955,7409.25,7411.75,7407.0,7410.0,Up,1,7409.25,4.75,7.946428571428571,5,7383.0,-27.0,-3.397752808988764,-27.0,-3.397752808988764,1.25,-29.25,0.1573033707865168,-3.6808988764044943,0,1
ES,xApvaV01StateLog_ES.csv,2754,2026-05-18 11:05:00,Unresolved,Unresolved->Unresolved->Unresolved->Unresolved,Pure Unresolved Compression Equilibrium,Exact,1.0,1.4854752972230063,0.3333333333333333,0.5,0.0,0.0,0.0714766308896969,0.0416666666666666,0.6154911272568955,0.4499477212675326,CompressionPressure,0.6154911272568955,7410.0,7411.25,7397.75,7398.25,Up,1,7410.0,13.5,7.875,5,7387.0,-11.25,-1.4285714285714286,-11.25,-1.4285714285714286,2.5,-21.75,0.3174603174603174,-2.761904761904762,0,1
ES,xApvaV01StateLog_ES.csv,2755,2026-05-18 11:10:00,Unresolved,Unresolved->Unresolved->Unresolved->Unresolved,Pure Unresolved Compression Equilibrium,Exact,1.0,1.4854752972230063,0.3333333333333333,0.5,0.0,0.0,0.0714766308896969,0.0416666666666666,0.6154911272568955,0.4499477212675326,CompressionPressure,0.6154911272568955,7398.5,7400.75,7393.5,7395.5,Down,-1,7398.25,7.25,7.696428571428571,5,7387.5,-8.0,-1.0394431554524362,8.0,1.0394431554524362,19.0,-2.25,2.468677494199536,-0.2923433874709977,1,1
ES,xApvaV01StateLog_ES.csv,2756,2026-05-18 11:15:00,Unresolved,Unresolved->Unresolved->Unresolved->Unresolved,Pure Unresolved Compression Equilibrium,Exact,1.0,1.4854752972230063,0.3333333333333333,0.5,0.0,0.0,0.0714766308896969,0.0416666666666666,0.6154911272568955,0.4499477212675326,CompressionPressure,0.6154911272568955,7395.75,7397.75,7390.0,7390.25,Down,-1,7395.5,7.75,7.5,5,7383.5,-6.75,-0.9,6.75,0.9,13.75,-1.5,1.8333333333333333,-0.2,1,1
ES,xApvaV01StateLog_ES.csv,2757,2026-05-18 11:20:00,Unresolved,Unresolved->Unresolved->Unresolved->Unresolved,Pure Unresolved Compression Equilibrium,Exact,1.0,1.4854752972230063,0.2222222222222222,0.5,0.0,0.0,0.0836294086674746,0.0277777777777777,0.6432689050346733,0.4082810546008659,CompressionPressure,0.6432689050346733,7390.5,7391.25,7381.5,7384.5,Down,-1,7390.25,9.75,7.714285714285714,5,7385.5,1.0,0.1296296296296296,-1.0,-0.1296296296296296,8.0,-7.25,1.037037037037037,-0.9398148148148148,0,1
ES,xApvaV01StateLog_ES.csv,2758,2026-05-18 11:25:00,Unresolved,Unresolved->Unresolved->Unresolved->Unresolved,Pure Unresolved Compression Equilibrium,Exact,1.0,1.2954618442339936,0.2222222222222222,0.6,0.0,0.0,0.1098439803286126,0.0277777777777777,0.6968114125131533,0.3667156117595194,CompressionPressure,0.6968114125131533,7384.25,7386.0,7380.75,7383.0,Down,-1,7384.5,5.25,7.553571428571429,5,7379.0,-4.0,-0.5295508274231678,4.0,0.5295508274231678,6.5,-8.75,0.8605200945626478,-1.1583924349881796,1,1
ES,xApvaV01StateLog_ES.csv,2759,2026-05-18 11:30:00,Unresolved,Unresolved->Unresolved->Unresolved->Unresolved,Pure Unresolved Compression Equilibrium,Exact,1.0,0.8812908992278072,0.1111111111111111,0.7,0.0,0.0,0.1653733877500932,0.0138888888888888,0.7921415410204843,0.2344490508727494,CompressionPressure,0.7921415410204843,7382.75,7387.0,7376.5,7387.0,Down,-1,7383.0,10.5,7.696428571428571,5,7377.0,-10.0,-1.2993039443155452,10.0,1.2993039443155452,12.75,-4.75,1.65661252900232,-0.617169373549884,1,1
ES,xApvaV01StateLog_ES.csv,2760,2026-05-18 11:35:00,Unresolved,Unresolved->Unresolved->Unresolved->Unresolved,Pure Unresolved Compression Equilibrium,Exact,1.0,0.7219280948844771,0.1111111111111111,0.8,0.0,0.0,0.1892412691242961,0.0138888888888888,0.8437683829586091,0.199588437422646,CompressionPressure,0.8437683829586091,7387.0,7391.75,7384.75,7387.5,Up,1,7387.0,7.0,7.732142857142857,5,7376.5,-11.0,-1.422632794457275,-11.0,-1.422632794457275,3.25,-14.0,0.4203233256351039,-1.810623556581986,0,1
ES,xApvaV01StateLog_ES.csv,2761,2026-05-18 11:40:00,Unresolved,Unresolved->Unresolved->Unresolved->Unresolved,Pure Unresolved Compression Equilibrium,Exact,1.0,0.4689955935863958,0.1111111111111111,0.9,0.0,0.0,0.2202730804215971,0.0138888888888888,0.9012433309564056,0.1442594527636907,CompressionPressure,0.9012433309564056,7387.5,7390.75,7383.5,7383.5,Up,1,7387.5,7.25,7.75,5,7404.25,20.75,2.677419354838709,20.75,2.677419354838709,37.0,-10.0,4.774193548387097,-1.2903225806451613,1,1
ES,xApvaV01StateLog_ES.csv,2762,2026-05-18 11:45:00,Unresolved,Unresolved->Unresolved->Unresolved->Unresolved,Pure Unresolved Compression Equilibrium,Exact,1.0,-1.4428232973175177e-12,0.0,1.0,0.0,0.0,0.2799999999999999,0.0,1.0,0.0,CompressionPressure,1.0,7383.5,7385.75,7379.25,7385.5,Up,1,7383.5,6.5,7.660714285714286,5,7403.0,17.5,2.2843822843822843,17.5,2.2843822843822843,35.0,-12.0,4.568764568764569,-1.5664335664335665,1,1
ES,xApvaV01StateLog_ES.csv,2763,2026-05-18 11:50:00,Unresolved,Unresolved->Unresolved->Unresolved->Unresolved,Pure Unresolved Compression Equilibrium,Exact,1.0,-1.4428232973175177e-12,0.0,1.0,0.0,0.0,0.2799999999999999,0.0,1.0,0.0,CompressionPressure,1.0,7385.5,7387.25,7378.75,7379.0,Up,1,7385.5,8.5,7.821428571428571,5,7400.75,21.75,2.780821917808219,21.75,2.780821917808219,41.5,-5.5,5.305936073059361,-0.7031963470319635,1,1
ES,xApvaV01StateLog_ES.csv,2764,2026-05-18 11:55:00,Unresolved,Unresolved->Unresolved->Unresolved->Unresolved,Pure Unresolved Compression Equilibrium,Exact,1.0,-1.4428232973175177e-12,0.0,1.0,0.0,0.0,0.2799999999999999,0.0,1.0,0.0,CompressionPressure,1.0,7379.0,7381.0,7374.25,7377.0,Down,-1,7379.0,6.75,7.714285714285714,5,7397.25,20.25,2.625,-20.25,-2.625,3.5,-43.5,0.4537037037037037,-5.638888888888888,0,1
ES,xApvaV01StateLog_ES.csv,2765,2026-05-18 12:00:00,Unresolved,Unresolved->Unresolved->Unresolved->Unresolved,Pure Unresolved Compression Equilibrium,Exact,1.0,-1.4428232973175177e-12,0.0,1.0,0.0,0.0,0.2799999999999999,0.0,1.0,0.0,CompressionPressure,1.0,7377.0,7381.25,7373.5,7376.5,Down,-1,7377.0,7.75,7.839285714285714,5,7392.0,15.5,1.9772209567198176,-15.5,-1.9772209567198176,0.5,-44.0,0.0637813211845102,-5.612756264236902,0,1
ES,xApvaV01StateLog_ES.csv,2766,2026-05-18 12:05:00,Unresolved,Unresolved->Unresolved->Unresolved->Unresolved,Pure Unresolved Compression Equilibrium,Exact,1.0,-1.4428232973175177e-12,0.0,1.0,0.0,0.0,0.2799999999999999,0.0,1.0,0.0,CompressionPressure,1.0,7376.5,7420.5,7376.0,7404.25,Down,-1,7376.5,44.5,10.5,5,7395.0,-9.25,-0.8809523809523809,9.25,0.8809523809523809,17.75,-6.75,1.6904761904761905,-0.6428571428571429,1,1
ES,xApvaV01StateLog_ES.csv,2767,2026-05-18 12:10:00,Unresolved,Unresolved->Unresolved->Unresolved->Unresolved,Pure Unresolved Compression Equilibrium,Exact,1.0,-1.4428232973175177e-12,0.0,1.0,0.0,0.0,0.2799999999999999,0.0,1.0,0.0,CompressionPressure,1.0,7404.5,7411.0,7395.5,7403.0,Down,-1,7404.25,15.5,11.267857142857142,5,7401.0,-2.0,-0.1774960380348653,2.0,0.1774960380348653,16.5,-4.25,1.4643423137876388,-0.3771790808240887,1,1
ES,xApvaV01StateLog_ES.csv,2768,2026-05-18 12:15:00,Unresolved,Unresolved->Unresolved->Unresolved->Unresolved,Pure Unresolved Compression Equilibrium,Exact,1.0,-1.4428232973175177e-12,0.0,1.0,0.0,0.0,0.2799999999999999,0.0,1.0,0.0,CompressionPressure,1.0,7403.0,7407.25,7398.75,7400.75,Down,-1,7403.0,8.5,10.910714285714286,5,7410.25,9.5,0.8707037643207856,-9.5,-0.8707037643207856,14.25,-10.0,1.3060556464811783,-0.9165302782324058,0,1
ES,xApvaV01StateLog_ES.csv,2769,2026-05-18 12:20:00,Unresolved,Unresolved->Unresolved->Unresolved->Unresolved,Pure Unresolved Compression Equilibrium,Exact,1.0,-1.4428232973175177e-12,0.0,1.0,0.0,0.0,0.2799999999999999,0.0,1.0,0.0,CompressionPressure,1.0,7400.75,7405.25,7395.5,7397.25,Down,-1,7400.75,9.75,11.089285714285714,5,7418.5,21.25,1.9162640901771335,-21.25,-1.9162640901771335,10.75,-21.75,0.9694041867954912,-1.961352657004831,0,1
ES,xApvaV01StateLog_ES.csv,2770,2026-05-18 12:25:00,Unresolved,Unresolved->Unresolved->Unresolved->Unresolved,Pure Unresolved Compression Equilibrium,Exact,1.0,-1.4428232973175177e-12,0.0,1.0,0.0,0.0,0.2799999999999999,0.0,1.0,0.0,CompressionPressure,1.0,7397.5,7402.0,7391.5,7392.0,Down,-1,7397.25,10.5,11.285714285714286,5,7423.5,31.5,2.791139240506329,-31.5,-2.791139240506329,5.5,-33.25,0.4873417721518987,-2.9462025316455693,0,1
ES,xApvaV01StateLog_ES.csv,2771,2026-05-18 12:30:00,Degrading,Unresolved->Unresolved->Unresolved->Degrading,Sponsor Exhaustion Collapse,Exact,1.0,0.4689955935863958,0.1111111111111111,0.9,0.0,0.0,0.2202730804215971,0.1138888888888889,0.4512433309564058,0.1442594527636907,CompressionPressure,0.4512433309564058,7392.25,7395.75,7386.5,7395.0,Down,-1,7392.0,9.25,11.25,5,7425.0,30.0,2.6666666666666665,-30.0,-2.6666666666666665,2.25,-32.75,0.2,-2.911111111111111,0,1
ES,xApvaV01StateLog_ES.csv,2772,2026-05-18 12:35:00,Degrading,Unresolved->Unresolved->Degrading->Degrading,Sponsor Exhaustion Collapse,Exact,1.0,0.7219280948844771,0.1111111111111111,0.8,0.0,0.0,0.1892412691242961,0.1138888888888889,0.3937683829586091,0.199588437422646,CompressionPressure,0.3937683829586091,7395.0,7403.5,7392.75,7401.0,Up,1,7395.0,10.75,11.642857142857142,5,7426.5,25.5,2.190184049079755,25.5,2.190184049079755,27.0,-0.25,2.3190184049079754,-0.0214723926380368,1,1
ES,xApvaV01StateLog_ES.csv,2781,2026-05-18 13:20:00,Unresolved,Degrading->Degrading->Degrading->Unresolved,Stable Compression Basin,Exact,1.0,1.360964047439353,0.3333333333333333,0.5,0.7,0.0,0.1300095234512578,0.0416666666666666,0.6232730803683738,0.4227108853773584,CompressionPressure,0.6232730803683738,7421.75,7423.5,7420.0,7420.25,Up,1,7422.0,3.5,8.303571428571429,5,7424.0,3.75,0.4516129032258064,3.75,0.4516129032258064,4.5,-1.0,0.5419354838709677,-0.1204301075268817,1,1
ES,xApvaV01StateLog_ES.csv,2782,2026-05-18 13:25:00,Unresolved,Degrading->Degrading->Unresolved->Unresolved,Stable Compression Basin,Exact,1.0,1.5219280948830345,0.2222222222222222,0.4,0.7,0.0,0.1181718246799621,0.0277777777777777,0.5993239385142548,0.416255104088997,CompressionPressure,0.5993239385142548,7420.25,7423.0,7419.25,7422.75,Up,1,7420.25,3.75,7.964285714285714,5,7423.75,1.0,0.1255605381165919,1.0,0.1255605381165919,2.5,-3.25,0.3139013452914798,-0.4080717488789238,1,1
ES,xApvaV01StateLog_ES.csv,2783,2026-05-18 13:30:00,Unresolved,Degrading->Unresolved->Unresolved->Unresolved,Stable Compression Basin,Exact,1.0,1.5709505944503404,0.2222222222222222,0.4,0.6,0.0,0.1074185395568402,0.0277777777777777,0.5962600322912982,0.4269787758693452,CompressionPressure,0.5962600322912982,7423.0,7423.0,7420.75,7421.75,Up,1,7422.75,2.25,7.428571428571429,5,7421.5,-0.25,-0.0336538461538461,-0.25,-0.0336538461538461,3.5,-2.25,0.4711538461538461,-0.3028846153846153,0,1
ES,xApvaV01StateLog_ES.csv,2784,2026-05-18 13:35:00,Unresolved,Unresolved->Unresolved->Unresolved->Unresolved,Pure Unresolved Compression Equilibrium,Exact,1.0,1.8464393446652445,0.3333333333333333,0.4,0.5,0.0,0.0860416666666666,0.0416666666666666,0.5666666666666667,0.475,CompressionPressure,0.5666666666666667,7421.75,7424.25,7419.5,7420.5,Down,-1,7421.75,4.75,7.017857142857143,5,7420.25,-0.25,-0.0356234096692111,0.25,0.0356234096692111,0.75,-4.75,0.1068702290076335,-0.6768447837150127,1,1
ES,xApvaV01StateLog_ES.csv,2785,2026-05-18 13:40:00,Unresolved,Unresolved->Unresolved->Unresolved->Unresolved,Pure Unresolved Compression Equilibrium,Exact,1.0,1.8464393446652445,0.3333333333333333,0.4,0.4,0.0,0.0790416666666666,0.0416666666666666,0.5666666666666667,0.475,CompressionPressure,0.5666666666666667,7420.5,7421.75,7419.75,7421.0,Down,-1,7420.5,2.0,6.5,5,7384.5,-36.5,-5.615384615384615,36.5,5.615384615384615,40.5,-4.25,6.230769230769231,-0.6538461538461539,1,1
ES,xApvaV01StateLog_ES.csv,2786,2026-05-18 13:45:00,Unresolved,Unresolved->Unresolved->Unresolved->Unresolved,Pure Unresolved Compression Equilibrium,Exact,1.0,1.5709505944503404,0.2222222222222222,0.4,0.3,0.0,0.0864185395568402,0.0277777777777777,0.5962600322912982,0.4269787758693452,CompressionPressure,0.5962600322912982,7421.0,7424.75,7420.25,7424.0,Up,1,7421.0,4.5,6.053571428571429,5,7393.0,-31.0,-5.120943952802359,-31.0,-5.120943952802359,1.25,-46.5,0.2064896755162241,-7.681415929203539,0,1
ES,xApvaV01StateLog_ES.csv,2787,2026-05-18 13:50:00,Unresolved,Unresolved->Unresolved->Unresolved->Unresolved,Pure Unresolved Compression Equilibrium,Exact,1.0,1.5709505944503404,0.2222222222222222,0.4,0.2,0.0,0.0794185395568402,0.0277777777777777,0.5962600322912982,0.4269787758693452,CompressionPressure,0.5962600322912982,7424.25,7425.25,7422.75,7423.75,Up,1,7424.0,2.5,5.517857142857143,5,7375.0,-48.75,-8.834951456310678,-48.75,-8.834951456310678,0.25,-50.25,0.0453074433656957,-9.106796116504851,0,1
ES,xApvaV01StateLog_ES.csv,2788,2026-05-18 13:55:00,Unresolved,Unresolved->Unresolved->Unresolved->Unresolved,Pure Unresolved Compression Equilibrium,Exact,1.0,1.4854752972230063,0.2222222222222222,0.5,0.1,0.0,0.0906294086674747,0.0277777777777777,0.6432689050346733,0.4082810546008659,CompressionPressure,0.6432689050346733,7424.0,7424.0,7421.25,7421.5,Down,-1,7423.75,2.75,5.071428571428571,5,7384.75,-36.75,-7.246478873239437,36.75,7.246478873239437,51.5,-0.75,10.15492957746479,-0.1478873239436619,1,1
ES,xApvaV01StateLog_ES.csv,2789,2026-05-18 14:00:00,Unresolved,Unresolved->Unresolved->Unresolved->Unresolved,Pure Unresolved Compression Equilibrium,Exact,1.0,1.2954618442339936,0.2222222222222222,0.6,0.0,0.0,0.1098439803286126,0.0277777777777777,0.6968114125131533,0.3667156117595194,CompressionPressure,0.6968114125131533,7421.5,7422.25,7420.0,7420.25,Down,-1,7421.5,2.25,4.553571428571429,5,7397.0,-23.25,-5.105882352941176,23.25,5.105882352941176,50.25,21.25,11.03529411764706,4.666666666666666,1,1
ES,xApvaV01StateLog_ES.csv,2790,2026-05-19 06:35:00,Unresolved,Unresolved->Unresolved->Unresolved->Unresolved,Pure Unresolved Compression Equilibrium,Exact,1.0,0.8812908992278072,0.1111111111111111,0.7,0.0,0.0,0.1653733877500932,0.0138888888888888,0.7921415410204843,0.2344490508727494,CompressionPressure,0.7921415410204843,7386.75,7392.25,7380.5,7384.5,Down,-1,7420.25,39.75,6.75,5,7392.5,8.0,1.1851851851851851,-8.0,-1.1851851851851851,14.5,-17.5,2.1481481481481484,-2.592592592592593,0,1
ES,xApvaV01StateLog_ES.csv,2793,2026-05-19 06:50:00,Unresolved,Unresolved->Directional->Degrading->Unresolved,Stable Compression Basin,Exact,1.0,1.3567796494412687,0.3333333333333333,0.7,0.3,1.0,0.2872302280144446,0.0416666666666666,0.7068679385765874,0.4217955483152775,CompressionPressure,0.7068679385765874,7375.0,7392.5,7370.0,7384.75,Down,-1,7375.0,22.5,9.517857142857142,5,7368.0,-16.75,-1.7598499061913695,16.75,1.7598499061913695,17.75,-17.25,1.8649155722326456,-1.8123827392120075,1,1
ES,xApvaV01StateLog_ES.csv,2794,2026-05-19 06:55:00,Unresolved,Directional->Degrading->Unresolved->Unresolved,Stable Compression Basin,Exact,1.0,1.5709505944488975,0.3333333333333333,0.6,0.4,0.0,0.1045990951125062,0.0416666666666666,0.6518155878469439,0.4686454425356963,CompressionPressure,0.6518155878469439,7384.75,7399.0,7381.0,7397.0,Up,1,7384.75,18.0,10.535714285714286,5,7364.25,-32.75,-3.108474576271186,-32.75,-3.108474576271186,5.0,-34.5,0.4745762711864406,-3.274576271186441,0,1
ES,xApvaV01StateLog_ES.csv,2801,2026-05-19 07:30:00,Unresolved,Unresolved->Degrading->Unresolved->Unresolved,Stable Compression Basin,Exact,1.0,1.1567796494427114,0.5555555555555556,0.7,0.3,0.0,0.1166701692006535,0.0694444444444444,0.6638123830209416,0.4613788816489264,CompressionPressure,0.6638123830209416,7366.0,7370.0,7360.25,7363.25,Down,-1,7366.0,9.75,15.107142857142858,5,7358.0,-5.25,-0.3475177304964539,5.25,0.3475177304964539,9.0,-10.75,0.5957446808510638,-0.7115839243498818,1,1
ES,xApvaV01StateLog_ES.csv,2804,2026-05-19 07:45:00,Unresolved,Unresolved->Balance->Balance->Unresolved,Stable Compression Basin,Exact,1.0,1.2954618442339936,0.5555555555555556,0.6,0.0,0.0,0.0733856469952793,0.0694444444444444,0.6134780791798199,0.4917156117595194,CompressionPressure,0.6134780791798199,7369.0,7374.0,7363.5,7366.5,Down,-1,7368.75,10.5,14.303571428571429,5,7371.5,5.0,0.3495630461922597,-5.0,-0.3495630461922597,12.25,-8.5,0.8564294631710362,-0.5942571785268415,0,1
ES,xApvaV01StateLog_ES.csv,2808,2026-05-19 08:05:00,Unresolved,Degrading->Degrading->Unresolved->Unresolved,Stable Compression Basin,Exact,1.0,1.4854752972230063,0.5555555555555556,0.5,0.0,0.0,0.0471710753341413,0.0694444444444444,0.5599355717013399,0.533281054600866,CompressionPressure,0.5599355717013399,7370.75,7375.0,7366.75,7373.0,Up,1,7370.75,8.25,11.767857142857142,5,7361.25,-11.75,-0.9984825493171472,-11.75,-0.9984825493171472,5.75,-17.25,0.4886191198786039,-1.465857359635812,0,1
ES,xApvaV01StateLog_ES.csv,2809,2026-05-19 08:10:00,Unresolved,Degrading->Unresolved->Unresolved->Unresolved,Stable Compression Basin,Exact,1.0,1.3709505944503406,0.4444444444444444,0.6,0.0,0.0,0.079758817334618,0.0555555555555555,0.636537810069076,0.4665621092026786,CompressionPressure,0.636537810069076,7373.0,7374.0,7365.5,7371.5,Up,1,7373.0,8.5,11.589285714285714,5,7365.25,-6.25,-0.539291217257319,-6.25,-0.539291217257319,7.25,-15.75,0.62557781201849,-1.3590138674884438,0,1
ES,xApvaV01StateLog_ES.csv,2813,2026-05-19 08:30:00,Unresolved,Unresolved->Balance->Unresolved->Unresolved,Stable Compression Basin,Exact,1.0,1.5709505944488975,0.5555555555555556,0.6,0.0,0.0,0.0522935395569507,0.0694444444444444,0.5962600322913884,0.5519787758690297,CompressionPressure,0.5962600322913884,7359.0,7365.5,7355.75,7361.25,Down,-1,7359.0,9.75,10.25,5,7372.75,11.5,1.1219512195121952,-11.5,-1.1219512195121952,2.0,-17.25,0.1951219512195122,-1.6829268292682926,0,1
ES,xApvaV01StateLog_ES.csv,2814,2026-05-19 08:35:00,Unresolved,Balance->Unresolved->Unresolved->Unresolved,Stable Compression Basin,Exact,1.0,1.5709505944488975,0.4444444444444444,0.6,0.0,0.0,0.0644463173347285,0.0555555555555555,0.6240378100691661,0.510312109202363,CompressionPressure,0.6240378100691661,7361.25,7372.0,7359.25,7365.25,Up,1,7361.25,12.75,10.410714285714286,5,7368.75,3.5,0.3361921097770154,3.5,0.3361921097770154,13.25,-2.5,1.2727272727272727,-0.2401372212692967,1,1
ES,xApvaV01StateLog_ES.csv,2815,2026-05-19 08:40:00,Unresolved,Unresolved->Unresolved->Unresolved->Unresolved,Pure Unresolved Compression Equilibrium,Exact,1.0,1.5709505944488975,0.5555555555555556,0.6,0.0,0.0,0.0522935395569507,0.0694444444444444,0.5962600322913884,0.5519787758690297,CompressionPressure,0.5962600322913884,7365.25,7374.75,7362.75,7373.0,Up,1,7365.25,12.0,10.571428571428571,5,7375.75,2.75,0.2601351351351351,2.75,0.2601351351351351,6.0,-8.5,0.5675675675675675,-0.8040540540540541,1,1
ES,xApvaV01StateLog_ES.csv,2817,2026-05-19 08:50:00,Unresolved,Unresolved->Unresolved->Balance->Unresolved,Stable Compression Basin,Exact,1.0,1.3709505944503406,0.6666666666666666,0.6,0.0,0.0,0.0554532617790624,0.0833333333333333,0.5809822545135204,0.549895442536012,CompressionPressure,0.5809822545135204,7374.5,7378.0,7370.75,7378.0,Up,1,7374.25,7.25,10.017857142857142,5,7366.75,-11.25,-1.1229946524064172,-11.25,-1.1229946524064172,1.0,-16.25,0.0998217468805704,-1.6221033868092694,0,1
ES,xApvaV01StateLog_ES.csv,2818,2026-05-19 08:55:00,Unresolved,Unresolved->Balance->Unresolved->Unresolved,Stable Compression Basin,Exact,1.0,1.3709505944503406,0.6666666666666666,0.6,0.0,0.0,0.0554532617790624,0.0833333333333333,0.5809822545135204,0.549895442536012,CompressionPressure,0.5809822545135204,7377.75,7378.5,7370.25,7372.75,Up,1,7378.0,8.25,9.857142857142858,5,7376.0,3.25,0.3297101449275362,3.25,0.3297101449275362,6.25,-11.0,0.6340579710144927,-1.115942028985507,1,1
ES,xApvaV01StateLog_ES.csv,2819,2026-05-19 09:00:00,Unresolved,Balance->Unresolved->Unresolved->Unresolved,Stable Compression Basin,Exact,1.0,1.3709505944503406,0.5555555555555556,0.6,0.0,0.0,0.0676060395568402,0.0694444444444444,0.6087600322912982,0.5082287758693453,CompressionPressure,0.6087600322912982,7372.5,7372.5,7364.5,7368.75,Down,-1,7372.75,8.25,9.428571428571429,5,7379.75,11.0,1.1666666666666667,-11.0,-1.1666666666666667,7.0,-11.0,0.7424242424242424,-1.1666666666666667,0,1
ES,xApvaV01StateLog_ES.csv,2820,2026-05-19 09:05:00,Unresolved,Unresolved->Unresolved->Unresolved->Unresolved,Pure Unresolved Compression Equilibrium,Exact,1.0,1.3709505944503406,0.5555555555555556,0.6,0.0,0.0,0.0676060395568402,0.0694444444444444,0.6087600322912982,0.5082287758693453,CompressionPressure,0.6087600322912982,7368.75,7379.0,7368.0,7375.75,Down,-1,7368.75,11.0,9.678571428571429,5,7384.0,8.25,0.8523985239852399,-8.25,-0.8523985239852399,14.0,-10.75,1.4464944649446494,-1.1107011070110702,0,1
ES,xApvaV01StateLog_ES.csv,2821,2026-05-19 09:10:00,Unresolved,Unresolved->Unresolved->Unresolved->Unresolved,Pure Unresolved Compression Equilibrium,Exact,1.0,1.2954618442339936,0.4444444444444444,0.6,0.0,0.0,0.085538424773057,0.0555555555555555,0.6412558569575977,0.4500489450928527,CompressionPressure,0.6412558569575977,7375.75,7376.25,7364.75,7365.25,Down,-1,7375.75,11.5,9.5,5,7387.5,22.25,2.3421052631578947,-22.25,-2.3421052631578947,3.5,-25.25,0.3684210526315789,-2.6578947368421053,0,1
ES,xApvaV01StateLog_ES.csv,2822,2026-05-19 09:15:00,Unresolved,Unresolved->Unresolved->Unresolved->Unresolved,Pure Unresolved Compression Equilibrium,Exact,1.0,1.360964047439353,0.4444444444444444,0.5,0.0,0.0,0.0688567456734801,0.0555555555555555,0.595495302590596,0.4643775520440251,CompressionPressure,0.595495302590596,7365.0,7367.5,7361.75,7366.75,Down,-1,7365.25,5.75,9.321428571428571,5,7389.5,22.75,2.4406130268199235,-22.75,-2.4406130268199235,0.25,-23.75,0.0268199233716475,-2.5478927203065136,0,1
ES,xApvaV01StateLog_ES.csv,2823,2026-05-19 09:20:00,Unresolved,Unresolved->Unresolved->Unresolved->Unresolved,Pure Unresolved Compression Equilibrium,Exact,1.0,1.360964047439353,0.4444444444444444,0.5,0.0,0.0,0.0688567456734801,0.0555555555555555,0.595495302590596,0.4643775520440251,CompressionPressure,0.595495302590596,7367.0,7376.5,7366.5,7376.0,Up,1,7366.75,10.0,9.428571428571429,5,7393.25,17.25,1.8295454545454544,17.25,1.8295454545454544,17.5,-3.5,1.856060606060606,-0.3712121212121212,1,1
ES,xApvaV01StateLog_ES.csv,2824,2026-05-19 09:25:00,Unresolved,Unresolved->Unresolved->Unresolved->Unresolved,Pure Unresolved Compression Equilibrium,Exact,1.0,1.2954618442339936,0.3333333333333333,0.6,0.0,0.0,0.0976912025508348,0.0416666666666666,0.6690336347353755,0.4083822784261861,CompressionPressure,0.6690336347353755,7375.75,7379.75,7372.5,7379.75,Up,1,7376.0,7.25,9.607142857142858,5,7394.0,14.25,1.483271375464684,14.25,1.483271375464684,15.75,0.0,1.6394052044609664,0.0,1,1
ES,xApvaV01StateLog_ES.csv,2828,2026-05-19 09:45:00,Unresolved,Directional->Directional->Unresolved->Unresolved,Stable Compression Basin,Exact,1.0,1.4854752972230063,0.3333333333333333,0.5,0.4,0.0,0.0994766308896969,0.0416666666666666,0.6154911272568955,0.4499477212675326,CompressionPressure,0.6154911272568955,7389.5,7393.5,7389.25,7393.25,Up,1,7389.5,4.25,8.214285714285714,5,7405.25,12.0,1.4608695652173915,12.0,1.4608695652173915,13.0,-2.0,1.582608695652174,-0.2434782608695652,1,1
ES,xApvaV01StateLog_ES.csv,2837,2026-05-19 10:30:00,Degrading,Directional->Directional->Directional->Degrading,Sponsor Exhaustion Collapse,Exact,1.0,0.9219280948830342,0.2222222222222222,0.8,1.0,0.0,0.2317759913466288,0.1277777777777777,0.3534906051809214,0.285005104088997,CompressionPressure,0.3534906051809214,7414.25,7415.0,7406.25,7409.0,Up,1,7414.25,8.75,6.089285714285714,5,7403.5,-5.5,-0.9032258064516128,-5.5,-0.9032258064516128,5.75,-9.75,0.9442815249266862,-1.6011730205278591,0,1
ES,xApvaV01StateLog_ES.csv,2838,2026-05-19 10:35:00,Degrading,Directional->Directional->Degrading->Degrading,Sponsor Exhaustion Collapse,Exact,1.0,0.7219280948844771,0.1111111111111111,0.8,1.0,0.0,0.2592412691242961,0.1138888888888889,0.3937683829586091,0.199588437422646,CompressionPressure,0.3937683829586091,7409.0,7414.75,7406.5,7406.75,Down,-1,7409.0,8.25,6.160714285714286,5,7406.75,0.0,0.0,-0.0,-0.0,7.5,-6.75,1.2173913043478262,-1.0956521739130436,0,1
ES,xApvaV01StateLog_ES.csv,2839,2026-05-19 10:40:00,Degrading,Directional->Degrading->Degrading->Degrading,Sponsor Exhaustion Collapse,Exact,1.0,0.8812908992278072,0.1111111111111111,0.7,1.0,0.0,0.2353733877500931,0.1138888888888889,0.3421415410204842,0.2344490508727494,CompressionPressure,0.3421415410204842,7406.75,7411.5,7406.0,7411.25,Down,-1,7406.75,5.5,6.071428571428571,5,7408.0,-3.25,-0.5352941176470588,3.25,0.5352941176470588,12.0,-2.25,1.9764705882352944,-0.3705882352941176,1,1
ES,xApvaV01StateLog_ES.csv,2840,2026-05-19 10:45:00,Degrading,Degrading->Degrading->Degrading->Degrading,Sponsor Exhaustion Collapse,Exact,1.0,0.9709505944517832,0.1111111111111111,0.6,0.9,0.0,0.2098421506678409,0.1138888888888889,0.294871143402319,0.2540621092029942,CompressionPressure,0.294871143402319,7411.25,7413.5,7408.75,7410.25,Down,-1,7411.25,4.75,5.821428571428571,5,7410.0,-0.25,-0.0429447852760736,0.25,0.0429447852760736,11.0,-0.25,1.8895705521472392,-0.0429447852760736,1,1
ES,xApvaV01StateLog_ES.csv,2842,2026-05-19 10:55:00,Degrading,Degrading->Degrading->Degrading->Degrading,Sponsor Exhaustion Collapse,Exact,1.0,0.9709505944517832,0.1111111111111111,0.6,0.7,0.0,0.1958421506678409,0.1138888888888889,0.294871143402319,0.2540621092029942,CompressionPressure,0.294871143402319,7406.5,7406.5,7399.25,7403.5,Down,-1,7406.25,7.25,6.178571428571429,5,7407.0,3.5,0.5664739884393063,-3.5,-0.5664739884393063,1.5,-8.25,0.2427745664739884,-1.3352601156069364,0,1
ES,xApvaV01StateLog_ES.csv,2843,2026-05-19 11:00:00,Unresolved,Degrading->Degrading->Degrading->Unresolved,Stable Compression Basin,Exact,1.0,1.2954618442339936,0.2222222222222222,0.6,0.6,0.0,0.1518439803286126,0.0277777777777777,0.6968114125131533,0.3667156117595194,CompressionPressure,0.6968114125131533,7403.75,7407.0,7402.0,7406.75,Down,-1,7403.5,5.0,6.232142857142857,5,7401.5,-5.25,-0.842406876790831,5.25,0.842406876790831,9.25,-5.0,1.4842406876790832,-0.8022922636103152,1,1
ES,xApvaV01StateLog_ES.csv,2845,2026-05-19 11:10:00,Unresolved,Degrading->Unresolved->Balance->Unresolved,Stable Compression Basin,Exact,1.0,1.5709505944488975,0.4444444444444444,0.6,0.4,0.0,0.0924463173347285,0.0555555555555555,0.6240378100691661,0.510312109202363,CompressionPressure,0.6240378100691661,7408.0,7410.5,7405.5,7410.0,Up,1,7408.0,5.0,6.053571428571429,5,7399.5,-10.5,-1.7345132743362832,-10.5,-1.7345132743362832,1.75,-15.75,0.2890855457227138,-2.601769911504425,0,1
ES,xApvaV01StateLog_ES.csv,2847,2026-05-19 11:20:00,Unresolved,Balance->Unresolved->Balance->Unresolved,Stable Compression Basin,Exact,1.0,1.4854752972230063,0.5555555555555556,0.5,0.2,0.0,0.0611710753341413,0.0694444444444444,0.5599355717013399,0.533281054600866,CompressionPressure,0.5599355717013399,7408.5,7410.0,7404.5,7407.0,Down,-1,7408.75,5.5,5.839285714285714,5,7397.0,-10.0,-1.7125382262996942,10.0,1.7125382262996942,13.0,-0.25,2.2262996941896023,-0.0428134556574923,1,1
ES,xApvaV01StateLog_ES.csv,2849,2026-05-19 11:30:00,Unresolved,Balance->Unresolved->Unresolved->Unresolved,Stable Compression Basin,Exact,1.0,1.4854752972230063,0.5555555555555556,0.5,0.0,0.0,0.0471710753341413,0.0694444444444444,0.5599355717013399,0.533281054600866,CompressionPressure,0.5599355717013399,7401.5,7406.25,7396.75,7397.5,Down,-1,7401.5,9.5,6.5,5,7387.75,-9.75,-1.5,9.75,1.5,10.0,-4.75,1.5384615384615383,-0.7307692307692307,1,1
ES,xApvaV01StateLog_ES.csv,2852,2026-05-19 11:45:00,Unresolved,Unresolved->Balance->Unresolved->Unresolved,Stable Compression Basin,Exact,1.0,0.8812908992278072,0.6666666666666666,0.7,0.0,0.0,0.1046094988612043,0.0833333333333333,0.6532526521315953,0.4427823842060827,CompressionPressure,0.6532526521315953,7395.5,7397.75,7394.0,7397.0,Down,-1,7395.75,3.75,6.196428571428571,5,7391.0,-6.0,-0.968299711815562,6.0,0.968299711815562,17.0,-0.25,2.7435158501440924,-0.0403458213256484,1,1
ES,xApvaV01StateLog_ES.csv,2859,2026-05-19 12:20:00,Unresolved,Degrading->Degrading->Degrading->Unresolved,Stable Compression Basin,Exact,1.0,1.4854752972230063,0.4444444444444444,0.5,0.0,0.0,0.0593238531119191,0.0555555555555555,0.5877133494791177,0.4916143879341992,CompressionPressure,0.5877133494791177,7399.25,7400.5,7392.0,7392.0,Up,1,7399.0,8.5,7.196428571428571,5,7377.5,-14.5,-2.0148883374689825,-14.5,-2.0148883374689825,1.5,-15.5,0.2084367245657568,-2.1538461538461537,0,1
ES,xApvaV01StateLog_ES.csv,2861,2026-05-19 12:30:00,Unresolved,Degrading->Unresolved->Degrading->Unresolved,Stable Compression Basin,Exact,1.0,1.2954618442339936,0.5555555555555556,0.6,0.0,0.0,0.0733856469952793,0.0694444444444444,0.6134780791798199,0.4917156117595194,CompressionPressure,0.6134780791798199,7380.75,7387.5,7377.5,7386.5,Down,-1,7380.75,10.0,8.196428571428571,5,7367.75,-18.75,-2.287581699346405,18.75,2.287581699346405,20.0,-2.75,2.440087145969499,-0.3355119825708061,1,1
ES,xApvaV01StateLog_ES.csv,2862,2026-05-19 12:35:00,Unresolved,Unresolved->Degrading->Unresolved->Unresolved,Stable Compression Basin,Exact,1.0,1.2954618442339936,0.4444444444444444,0.6,0.0,0.0,0.085538424773057,0.0555555555555555,0.6412558569575977,0.4500489450928527,CompressionPressure,0.6412558569575977,7386.5,7389.25,7381.75,7382.0,Down,-1,7386.5,7.5,8.035714285714286,5,7377.5,-4.5,-0.5599999999999999,4.5,0.5599999999999999,17.0,-1.75,2.1155555555555554,-0.2177777777777777,1,1
ES,xApvaV01StateLog_ES.csv,2863,2026-05-19 12:40:00,Unresolved,Degrading->Unresolved->Unresolved->Unresolved,Stable Compression Basin,Exact,1.0,0.9709505944517832,0.3333333333333333,0.6,0.0,0.0,0.1225365951122853,0.0416666666666666,0.6893155878467636,0.3373954425363276,CompressionPressure,0.6893155878467636,7382.0,7383.75,7378.5,7380.75,Down,-1,7382.0,5.25,7.732142857142857,5,7370.5,-10.25,-1.325635103926097,10.25,1.325635103926097,15.75,-0.25,2.0369515011547343,-0.0323325635103926,1,1
ES,xApvaV01StateLog_ES.csv,2864,2026-05-19 12:45:00,Unresolved,Unresolved->Unresolved->Unresolved->Unresolved,Pure Unresolved Compression Equilibrium,Exact,1.0,1.360964047439353,0.4444444444444444,0.5,0.0,0.0,0.0688567456734801,0.0555555555555555,0.595495302590596,0.4643775520440251,CompressionPressure,0.595495302590596,7380.75,7381.0,7376.5,7377.5,Down,-1,7380.75,4.5,7.535714285714286,5,7375.25,-2.25,-0.2985781990521327,2.25,0.2985781990521327,12.5,-2.0,1.6587677725118484,-0.2654028436018957,1,1
ES,xApvaV01StateLog_ES.csv,2865,2026-05-19 12:50:00,Unresolved,Unresolved->Unresolved->Unresolved->Unresolved,Pure Unresolved Compression Equilibrium,Exact,1.0,1.5219280948830345,0.4444444444444444,0.4,0.0,0.0,0.0448662691244065,0.0555555555555555,0.5437683829586993,0.4995884374223303,CompressionPressure,0.5437683829586993,7377.5,7379.5,7375.0,7377.25,Down,-1,7377.5,4.5,7.339285714285714,5,7374.75,-2.5,-0.340632603406326,2.5,0.340632603406326,12.25,-2.25,1.6690997566909975,-0.3065693430656934,1,1
ES,xApvaV01StateLog_ES.csv,2868,2026-05-19 13:05:00,Unresolved,Unresolved->Degrading->Degrading->Unresolved,Stable Compression Basin,Exact,1.0,1.4854752972230063,0.5555555555555556,0.5,0.0,0.0,0.0471710753341413,0.0694444444444444,0.5599355717013399,0.533281054600866,CompressionPressure,0.5599355717013399,7377.5,7378.25,7369.5,7370.5,Down,-1,7377.5,8.75,8.589285714285714,5,7373.25,2.75,0.3201663201663202,-2.75,-0.3201663201663202,1.0,-6.75,0.1164241164241164,-0.7858627858627859,0,1
ES,xApvaV01StateLog_ES.csv,2869,2026-05-19 13:10:00,Unresolved,Degrading->Degrading->Unresolved->Unresolved,Stable Compression Basin,Exact,1.0,1.4854752972230063,0.4444444444444444,0.5,0.0,0.0,0.0593238531119191,0.0555555555555555,0.5877133494791177,0.4916143879341992,CompressionPressure,0.5877133494791177,7370.5,7376.75,7369.5,7375.25,Down,-1,7370.5,7.25,8.553571428571429,5,7372.25,-3.0,-0.3507306889352818,3.0,0.3507306889352818,4.0,-2.0,0.4676409185803757,-0.2338204592901878,1,1
ES,xApvaV01StateLog_ES.csv,2871,2026-05-19 13:20:00,Unresolved,Unresolved->Unresolved->Degrading->Unresolved,Stable Compression Basin,Exact,1.0,1.4854752972230063,0.5555555555555556,0.5,0.0,0.0,0.0471710753341413,0.0694444444444444,0.5599355717013399,0.533281054600866,CompressionPressure,0.5599355717013399,7374.75,7376.0,7372.75,7374.0,Down,-1,7374.75,3.25,7.946428571428571,5,7372.75,-1.25,-0.1573033707865168,1.25,0.1573033707865168,2.75,-2.0,0.3460674157303371,-0.251685393258427,1,1
ES,xApvaV01StateLog_ES.csv,2872,2026-05-19 13:25:00,Unresolved,Unresolved->Degrading->Unresolved->Unresolved,Stable Compression Basin,Exact,1.0,1.4854752972230063,0.5555555555555556,0.5,0.0,0.0,0.0471710753341413,0.0694444444444444,0.5599355717013399,0.533281054600866,CompressionPressure,0.5599355717013399,7373.75,7374.5,7372.0,7373.75,Down,-1,7374.0,2.5,7.5,5,7372.0,-1.75,-0.2333333333333333,1.75,0.2333333333333333,3.0,-2.25,0.4,-0.3,1,1
ES,xApvaV01StateLog_ES.csv,2873,2026-05-19 13:30:00,Unresolved,Degrading->Unresolved->Unresolved->Unresolved,Stable Compression Basin,Exact,1.0,1.4854752972230063,0.4444444444444444,0.5,0.0,0.0,0.0593238531119191,0.0555555555555555,0.5877133494791177,0.4916143879341992,CompressionPressure,0.5877133494791177,7374.0,7376.0,7372.25,7373.25,Down,-1,7373.75,3.75,7.160714285714286,5,7372.0,-1.25,-0.1745635910224439,1.25,0.1745635910224439,2.5,-0.5,0.3491271820448878,-0.0698254364089775,1,1
ES,xApvaV01StateLog_ES.csv,2874,2026-05-19 13:35:00,Unresolved,Unresolved->Unresolved->Unresolved->Unresolved,Pure Unresolved Compression Equilibrium,Exact,1.0,1.4854752972230063,0.5555555555555556,0.5,0.0,0.0,0.0471710753341413,0.0694444444444444,0.5599355717013399,0.533281054600866,CompressionPressure,0.5599355717013399,7373.5,7373.75,7371.25,7372.25,Down,-1,7373.25,2.5,6.428571428571429,5,7372.5,0.25,0.0388888888888888,-0.25,-0.0388888888888888,1.5,-1.5,0.2333333333333333,-0.2333333333333333,0,1
ES,xApvaV01StateLog_ES.csv,2875,2026-05-19 13:40:00,Unresolved,Unresolved->Unresolved->Unresolved->Unresolved,Pure Unresolved Compression Equilibrium,Exact,1.0,1.4854752972230063,0.4444444444444444,0.5,0.0,0.0,0.0593238531119191,0.0555555555555555,0.5877133494791177,0.4916143879341992,CompressionPressure,0.5877133494791177,7372.25,7373.25,7371.25,7371.5,Down,-1,7372.25,2.0,5.857142857142857,5,7394.5,23.0,3.9268292682926833,-23.0,-3.9268292682926833,0.75,-27.5,0.1280487804878048,-4.695121951219512,0,1
ES,xApvaV01StateLog_ES.csv,2876,2026-05-19 13:45:00,Unresolved,Unresolved->Unresolved->Unresolved->Unresolved,Pure Unresolved Compression Equilibrium,Exact,1.0,1.4854752972230063,0.4444444444444444,0.5,0.0,0.0,0.0593238531119191,0.0555555555555555,0.5877133494791177,0.4916143879341992,CompressionPressure,0.5877133494791177,7371.25,7373.0,7371.25,7372.75,Down,-1,7371.5,1.75,5.446428571428571,5,7387.0,14.25,2.616393442622951,-14.25,-2.616393442622951,2.0,-26.25,0.3672131147540984,-4.819672131147541,0,1
ES,xApvaV01StateLog_ES.csv,2877,2026-05-19 13:50:00,Unresolved,Unresolved->Unresolved->Unresolved->Unresolved,Pure Unresolved Compression Equilibrium,Exact,1.0,1.360964047439353,0.3333333333333333,0.5,0.0,0.0,0.0810095234512578,0.0416666666666666,0.6232730803683738,0.4227108853773584,CompressionPressure,0.6232730803683738,7372.75,7373.0,7370.75,7372.0,Down,-1,7372.75,2.25,5.232142857142857,5,7398.25,26.25,5.017064846416383,-26.25,-5.017064846416383,1.25,-28.0,0.2389078498293515,-5.351535836177475,0,1
ES,xApvaV01StateLog_ES.csv,2878,2026-05-19 13:55:00,Unresolved,Unresolved->Unresolved->Unresolved->Unresolved,Pure Unresolved Compression Equilibrium,Exact,1.0,1.360964047439353,0.3333333333333333,0.5,0.0,0.0,0.0810095234512578,0.0416666666666666,0.6232730803683738,0.4227108853773584,CompressionPressure,0.6232730803683738,7372.0,7373.75,7370.75,7372.0,Down,-1,7372.0,3.0,5.125,5,7398.5,26.5,5.170731707317073,-26.5,-5.170731707317073,1.25,-38.5,0.2439024390243902,-7.512195121951219,0,1
ES,xApvaV01StateLog_ES.csv,2879,2026-05-19 14:00:00,Unresolved,Unresolved->Unresolved->Unresolved->Unresolved,Pure Unresolved Compression Equilibrium,Exact,1.0,1.2954618442339936,0.2222222222222222,0.6,0.0,0.0,0.1098439803286126,0.0277777777777777,0.6968114125131533,0.3667156117595194,CompressionPressure,0.6968114125131533,7372.0,7372.75,7370.75,7372.5,Down,-1,7372.0,2.0,4.946428571428571,5,7398.0,25.5,5.155234657039712,-25.5,-5.155234657039712,-8.25,-38.0,-1.6678700361010832,-7.68231046931408,0,1
ES,xApvaV01StateLog_ES.csv,2880,2026-05-20 06:35:00,Unresolved,Unresolved->Unresolved->Unresolved->Unresolved,Pure Unresolved Compression Equilibrium,Exact,1.0,0.8812908992278072,0.1111111111111111,0.7,0.0,0.0,0.1653733877500932,0.0138888888888888,0.7921415410204843,0.2344490508727494,CompressionPressure,0.7921415410204843,7394.75,7399.0,7389.0,7394.5,Down,-1,7372.5,26.5,6.017857142857143,5,7399.5,5.0,0.830860534124629,-5.0,-0.830860534124629,13.75,-16.0,2.28486646884273,-2.658753709198813,0,1
ES,xApvaV01StateLog_ES.csv,2881,2026-05-20 06:40:00,Unresolved,Unresolved->Unresolved->Unresolved->Unresolved,Pure Unresolved Compression Equilibrium,Exact,1.0,0.7219280948844771,0.1111111111111111,0.8,0.0,0.0,0.1892412691242961,0.0138888888888888,0.8437683829586091,0.199588437422646,CompressionPressure,0.8437683829586091,7394.5,7394.5,7380.75,7387.0,Down,-1,7394.5,13.75,5.964285714285714,5,7389.75,2.75,0.4610778443113772,-2.75,-0.4610778443113772,2.5,-23.5,0.4191616766467065,-3.9401197604790417,0,1
ES,xApvaV01StateLog_ES.csv,2882,2026-05-20 06:45:00,Unresolved,Unresolved->Unresolved->Unresolved->Unresolved,Pure Unresolved Compression Equilibrium,Exact,1.0,0.4689955935863958,0.1111111111111111,0.9,0.0,0.0,0.2202730804215971,0.0138888888888888,0.9012433309564056,0.1442594527636907,CompressionPressure,0.9012433309564056,7387.0,7400.0,7384.5,7398.25,Down,-1,7387.0,15.5,6.446428571428571,5,7385.5,-12.75,-1.9778393351800556,12.75,1.9778393351800556,14.25,-12.25,2.210526315789474,-1.9002770083102491,1,1
ES,xApvaV01StateLog_ES.csv,2883,2026-05-20 06:50:00,Unresolved,Unresolved->Unresolved->Unresolved->Unresolved,Pure Unresolved Compression Equilibrium,Exact,1.0,-1.4428232973175177e-12,0.0,1.0,0.0,0.0,0.2799999999999999,0.0,1.0,0.0,CompressionPressure,1.0,7398.0,7410.5,7397.25,7398.5,Up,1,7398.25,13.25,6.875,5,7391.25,-7.25,-1.0545454545454545,-7.25,-1.0545454545454545,6.25,-21.75,0.9090909090909092,-3.163636363636364,0,1
ES,xApvaV01StateLog_ES.csv,2884,2026-05-20 06:55:00,Unresolved,Unresolved->Unresolved->Unresolved->Unresolved,Pure Unresolved Compression Equilibrium,Exact,1.0,-1.4428232973175177e-12,0.0,1.0,0.0,0.0,0.2799999999999999,0.0,1.0,0.0,CompressionPressure,1.0,7398.5,7404.75,7391.25,7398.0,Up,1,7398.5,13.5,7.535714285714286,5,7411.5,13.5,1.7914691943127965,13.5,1.7914691943127965,25.75,-21.25,3.4170616113744074,-2.8199052132701423,1,1
ES,xApvaV01StateLog_ES.csv,2885,2026-05-20 07:00:00,Unresolved,Unresolved->Unresolved->Unresolved->Unresolved,Pure Unresolved Compression Equilibrium,Exact,1.0,-1.4428232973175177e-12,0.0,1.0,0.0,0.0,0.2799999999999999,0.0,1.0,0.0,CompressionPressure,1.0,7398.25,7401.25,7395.0,7399.5,Up,1,7398.0,6.25,7.75,5,7407.25,7.75,1.0,7.75,1.0,24.25,-22.75,3.129032258064516,-2.935483870967742,1,1
ES,xApvaV01StateLog_ES.csv,2886,2026-05-20 07:05:00,Unresolved,Unresolved->Unresolved->Unresolved->Unresolved,Pure Unresolved Compression Equilibrium,Exact,1.0,-1.4428232973175177e-12,0.0,1.0,0.0,0.0,0.2799999999999999,0.0,1.0,0.0,CompressionPressure,1.0,7399.75,7401.0,7388.75,7389.75,Up,1,7399.5,12.25,8.446428571428571,5,7417.75,28.0,3.3150105708245245,28.0,3.3150105708245245,34.0,-13.0,4.025369978858351,-1.5391120507399578,1,1
ES,xApvaV01StateLog_ES.csv,2887,2026-05-20 07:10:00,Balance,Unresolved->Unresolved->Unresolved->Balance,Unstable Rotational Balance,Exact,1.0,0.4689955935863958,0.1111111111111111,0.9,0.0,0.0,0.2202730804215971,0.0138888888888888,0.4512433309564058,0.3942594527636907,CompressionPressure,0.4512433309564058,7389.75,7391.25,7384.0,7385.5,Down,-1,7389.75,7.25,8.696428571428571,5,7420.5,35.0,4.024640657084189,-35.0,-4.024640657084189,8.75,-43.25,1.0061601642710472,-4.973305954825462,0,1
ES,xApvaV01StateLog_ES.csv,2888,2026-05-20 07:15:00,Unresolved,Unresolved->Unresolved->Balance->Unresolved,Stable Compression Basin,Exact,1.0,0.9219280948830342,0.2222222222222222,0.8,0.0,0.0,0.1617759913466288,0.0277777777777777,0.8034906051809215,0.285005104088997,CompressionPressure,0.8034906051809215,7385.75,7397.75,7376.75,7391.25,Down,-1,7385.5,21.0,10.017857142857142,5,7418.0,26.75,2.670231729055258,-26.75,-2.670231729055258,1.25,-37.5,0.124777183600713,-3.743315508021391,0,1
ES,xApvaV01StateLog_ES.csv,2889,2026-05-20 07:20:00,Unresolved,Unresolved->Balance->Unresolved->Unresolved,Stable Compression Basin,Exact,1.0,1.1567796494427114,0.2222222222222222,0.7,0.0,0.0,0.1321285025339868,0.0277777777777777,0.747145716354275,0.3363788816489264,CompressionPressure,0.747145716354275,7391.25,7423.75,7390.0,7411.5,Up,1,7391.25,33.75,12.285714285714286,5,7421.5,10.0,0.813953488372093,10.0,0.813953488372093,17.25,-8.25,1.4040697674418603,-0.6715116279069767,1,1
ES,xApvaV01StateLog_ES.csv,2890,2026-05-20 07:25:00,Unresolved,Balance->Unresolved->Unresolved->Unresolved,Stable Compression Basin,Exact,1.0,1.2954618442339936,0.2222222222222222,0.6,0.0,0.0,0.1098439803286126,0.0277777777777777,0.6968114125131533,0.3667156117595194,CompressionPressure,0.6968114125131533,7411.75,7420.25,7405.0,7407.25,Up,1,7411.5,15.25,13.25,5,7418.75,11.5,0.8679245283018868,11.5,0.8679245283018868,21.5,-4.0,1.6226415094339623,-0.3018867924528302,1,1
ES,xApvaV01StateLog_ES.csv,2892,2026-05-20 07:35:00,Unresolved,Unresolved->Unresolved->Balance->Unresolved,Stable Compression Basin,Exact,1.0,1.5219280948830345,0.4444444444444444,0.4,0.0,0.0,0.0448662691244065,0.0555555555555555,0.5437683829586993,0.4995884374223303,CompressionPressure,0.5437683829586993,7417.5,7428.75,7417.5,7420.5,Up,1,7417.75,11.25,14.714285714285714,5,7430.75,10.25,0.6966019417475728,10.25,0.6966019417475728,13.25,-7.75,0.9004854368932039,-0.5266990291262136,1,1
ES,xApvaV01StateLog_ES.csv,2893,2026-05-20 07:40:00,Unresolved,Unresolved->Balance->Unresolved->Unresolved,Stable Compression Basin,Exact,1.0,1.4854752972230063,0.4444444444444444,0.5,0.0,0.0,0.0593238531119191,0.0555555555555555,0.5877133494791177,0.4916143879341992,CompressionPressure,0.5877133494791177,7420.5,7422.75,7412.75,7418.0,Up,1,7420.5,10.0,15.285714285714286,5,7427.0,9.0,0.5887850467289719,9.0,0.5887850467289719,16.0,-3.5,1.0467289719626167,-0.2289719626168224,1,1
ES,xApvaV01StateLog_ES.csv,2894,2026-05-20 07:45:00,Unresolved,Balance->Unresolved->Unresolved->Unresolved,Stable Compression Basin,Exact,1.0,1.3709505944503406,0.4444444444444444,0.6,0.0,0.0,0.079758817334618,0.0555555555555555,0.636537810069076,0.4665621092026786,CompressionPressure,0.636537810069076,7417.75,7421.5,7414.75,7421.5,Up,1,7418.0,6.75,13.875,5,7427.5,6.0,0.4324324324324324,6.0,0.4324324324324324,12.5,-7.0,0.9009009009009008,-0.5045045045045045,1,1
ES,xApvaV01StateLog_ES.csv,2897,2026-05-20 08:00:00,Unresolved,Unresolved->Balance->Balance->Unresolved,Stable Compression Basin,Exact,1.0,0.8812908992278072,0.4444444444444444,0.7,0.0,0.0,0.1289150544167598,0.0555555555555555,0.7088082076871509,0.3594490508727494,CompressionPressure,0.7088082076871509,7425.75,7433.75,7424.25,7430.75,Up,1,7426.0,9.5,12.839285714285714,5,7440.5,9.75,0.7593880389429764,9.75,0.7593880389429764,27.25,-6.25,2.122392211404729,-0.4867872044506259,1,1
ES,xApvaV01StateLog_ES.csv,2898,2026-05-20 08:05:00,Unresolved,Balance->Balance->Unresolved->Unresolved,Stable Compression Basin,Exact,1.0,0.8812908992278072,0.4444444444444444,0.7,0.0,0.0,0.1289150544167598,0.0555555555555555,0.7088082076871509,0.3594490508727494,CompressionPressure,0.7088082076871509,7430.75,7434.0,7426.25,7427.0,Up,1,7430.75,7.75,12.428571428571429,5,7431.75,4.75,0.382183908045977,4.75,0.382183908045977,31.0,-2.5,2.494252873563218,-0.2011494252873563,1,1
ES,xApvaV01StateLog_ES.csv,2900,2026-05-20 08:15:00,Unresolved,Unresolved->Unresolved->Balance->Unresolved,Stable Compression Basin,Exact,1.0,0.9709505944517832,0.5555555555555556,0.6,0.0,0.0,0.0982310395567297,0.0694444444444444,0.633760032291208,0.4207287758696609,CompressionPressure,0.633760032291208,7427.5,7428.5,7425.0,7426.5,Up,1,7427.5,3.5,11.678571428571429,5,7438.0,11.5,0.9847094801223242,11.5,0.9847094801223242,31.5,0.0,2.697247706422018,0.0,1,1
ES,xApvaV01StateLog_ES.csv,2903,2026-05-20 08:30:00,Unresolved,Unresolved->Balance->Balance->Unresolved,Stable Compression Basin,Exact,1.0,0.9999999999971146,0.6666666666666666,0.5,0.0,0.0,0.0721875000002209,0.0833333333333333,0.5625000000001804,0.4687499999993688,CompressionPressure,0.5625000000001804,7440.5,7441.5,7430.0,7431.75,Down,-1,7440.5,11.5,10.857142857142858,5,7446.0,14.25,1.3125,-14.25,-1.3125,0.5,-16.75,0.0460526315789473,-1.5427631578947367,0,1
ES,xApvaV01StateLog_ES.csv,2904,2026-05-20 08:35:00,Unresolved,Balance->Balance->Unresolved->Unresolved,Stable Compression Basin,Exact,1.0,0.9999999999971146,0.5555555555555556,0.5,0.0,0.0,0.0843402777779986,0.0694444444444444,0.5902777777779582,0.4270833333327021,CompressionPressure,0.5902777777779582,7431.75,7438.25,7431.25,7438.25,Down,-1,7431.75,7.0,10.267857142857142,5,7441.25,3.0,0.2921739130434783,-3.0,-0.2921739130434783,2.75,-10.25,0.2678260869565217,-0.9982608695652174,0,1
ES,xApvaV01StateLog_ES.csv,2905,2026-05-20 08:40:00,Unresolved,Balance->Unresolved->Unresolved->Unresolved,Stable Compression Basin,Exact,1.0,0.9709505944517832,0.5555555555555556,0.6,0.0,0.0,0.0982310395567297,0.0694444444444444,0.633760032291208,0.4207287758696609,CompressionPressure,0.633760032291208,7438.25,7440.5,7437.0,7438.0,Down,-1,7438.25,3.5,9.482142857142858,5,7441.5,3.5,0.3691148775894538,-3.5,-0.3691148775894538,2.5,-10.5,0.263653483992467,-1.1073446327683616,0,1
ES,xApvaV01StateLog_ES.csv,2906,2026-05-20 08:45:00,Unresolved,Unresolved->Unresolved->Unresolved->Unresolved,Pure Unresolved Compression Equilibrium,Exact,1.0,1.2954618442339936,0.5555555555555556,0.6,0.0,0.0,0.0733856469952793,0.0694444444444444,0.6134780791798199,0.4917156117595194,CompressionPressure,0.6134780791798199,7438.0,7443.25,7435.5,7442.0,Down,-1,7438.0,7.75,9.232142857142858,5,7440.5,-1.5,-0.1624758220502901,1.5,0.1624758220502901,4.5,-6.5,0.4874274661508704,-0.7040618955512572,1,1
ES,xApvaV01StateLog_ES.csv,2907,2026-05-20 08:50:00,Unresolved,Unresolved->Unresolved->Unresolved->Unresolved,Pure Unresolved Compression Equilibrium,Exact,1.0,1.4854752972230063,0.5555555555555556,0.5,0.0,0.0,0.0471710753341413,0.0694444444444444,0.5599355717013399,0.533281054600866,CompressionPressure,0.5599355717013399,7442.25,7446.5,7440.75,7446.5,Up,1,7442.0,5.75,8.928571428571429,5,7439.75,-6.75,-0.756,-6.75,-0.756,2.0,-9.25,0.224,-1.036,0,1
ES,xApvaV01StateLog_ES.csv,2908,2026-05-20 08:55:00,Unresolved,Unresolved->Unresolved->Unresolved->Unresolved,Pure Unresolved Compression Equilibrium,Exact,1.0,1.5709505944503404,0.4444444444444444,0.4,0.0,0.0,0.0411129840012847,0.0555555555555555,0.5407044767357427,0.5103121092026786,CompressionPressure,0.5407044767357427,7446.5,7448.5,7443.75,7446.0,Up,1,7446.5,4.75,8.785714285714286,5,7435.75,-10.25,-1.1666666666666663,-10.25,-1.1666666666666663,0.5,-12.0,0.056910569105691,-1.3658536585365852,0,1
ES,xApvaV01StateLog_ES.csv,2909,2026-05-20 09:00:00,Unresolved,Unresolved->Unresolved->Unresolved->Unresolved,Pure Unresolved Compression Equilibrium,Exact,1.0,1.5219280948830345,0.3333333333333333,0.4,0.0,0.0,0.0570190469021843,0.0416666666666666,0.571546160736477,0.4579217707556637,CompressionPressure,0.571546160736477,7446.0,7446.5,7438.0,7441.25,Down,-1,7446.0,8.5,8.75,5,7430.75,-10.5,-1.2,10.5,1.2,13.75,-3.0,1.5714285714285714,-0.3428571428571428,1,1
ES,xApvaV01StateLog_ES.csv,2910,2026-05-20 09:05:00,Unresolved,Unresolved->Unresolved->Unresolved->Unresolved,Pure Unresolved Compression Equilibrium,Exact,1.0,1.4854752972230063,0.2222222222222222,0.5,0.0,0.0,0.0836294086674746,0.0277777777777777,0.6432689050346733,0.4082810546008659,CompressionPressure,0.6432689050346733,7441.5,7442.75,7437.5,7441.5,Down,-1,7441.25,5.25,8.446428571428571,5,7428.0,-13.5,-1.59830866807611,13.5,1.59830866807611,17.5,-2.75,2.071881606765328,-0.3255813953488372,1,1
ES,xApvaV01StateLog_ES.csv,2911,2026-05-20 09:10:00,Unresolved,Unresolved->Unresolved->Unresolved->Unresolved,Pure Unresolved Compression Equilibrium,Exact,1.0,1.2954618442339936,0.2222222222222222,0.6,0.0,0.0,0.1098439803286126,0.0277777777777777,0.6968114125131533,0.3667156117595194,CompressionPressure,0.6968114125131533,7441.5,7444.25,7439.0,7440.5,Down,-1,7441.5,5.25,8.142857142857142,5,7425.75,-14.75,-1.81140350877193,14.75,1.81140350877193,16.5,-1.5,2.0263157894736845,-0.1842105263157895,1,1
ES,xApvaV01StateLog_ES.csv,2912,2026-05-20 09:15:00,Unresolved,Unresolved->Unresolved->Unresolved->Unresolved,Pure Unresolved Compression Equilibrium,Exact,1.0,0.8812908992278072,0.1111111111111111,0.7,0.0,0.0,0.1653733877500932,0.0138888888888888,0.7921415410204843,0.2344490508727494,CompressionPressure,0.7921415410204843,7440.5,7442.0,7437.25,7439.75,Down,-1,7440.5,4.75,7.928571428571429,5,7427.25,-12.5,-1.5765765765765765,12.5,1.5765765765765765,16.0,-0.5,2.018018018018018,-0.063063063063063,1,1
ES,xApvaV01StateLog_ES.csv,2913,2026-05-20 09:20:00,Unresolved,Unresolved->Unresolved->Unresolved->Unresolved,Pure Unresolved Compression Equilibrium,Exact,1.0,0.7219280948844771,0.1111111111111111,0.8,0.0,0.0,0.1892412691242961,0.0138888888888888,0.8437683829586091,0.199588437422646,CompressionPressure,0.8437683829586091,7439.5,7440.25,7434.0,7435.75,Down,-1,7439.75,6.25,8.053571428571429,5,7438.0,2.25,0.2793791574279379,-2.25,-0.2793791574279379,12.0,-2.5,1.4900221729490022,-0.3104212860310421,0,1
ES,xApvaV01StateLog_ES.csv,2914,2026-05-20 09:25:00,Unresolved,Unresolved->Unresolved->Unresolved->Unresolved,Pure Unresolved Compression Equilibrium,Exact,1.0,0.4689955935863958,0.1111111111111111,0.9,0.0,0.0,0.2202730804215971,0.0138888888888888,0.9012433309564056,0.1442594527636907,CompressionPressure,0.9012433309564056,7435.75,7436.5,7427.5,7430.75,Down,-1,7435.75,9.0,8.446428571428571,5,7430.0,-0.75,-0.0887949260042283,0.75,0.0887949260042283,7.0,-8.25,0.8287526427061311,-0.9767441860465116,1,1
ES,xApvaV01StateLog_ES.csv,2915,2026-05-20 09:30:00,Unresolved,Unresolved->Unresolved->Unresolved->Unresolved,Pure Unresolved Compression Equilibrium,Exact,1.0,-1.4428232973175177e-12,0.0,1.0,0.0,0.0,0.2799999999999999,0.0,1.0,0.0,CompressionPressure,1.0,7430.5,7430.5,7424.0,7428.0,Down,-1,7430.75,6.75,6.678571428571429,5,7433.25,5.25,0.7860962566844919,-5.25,-0.7860962566844919,4.25,-11.0,0.6363636363636364,-1.6470588235294117,0,1
ES,xApvaV01StateLog_ES.csv,2916,2026-05-20 09:35:00,Unresolved,Unresolved->Unresolved->Unresolved->Unresolved,Pure Unresolved Compression Equilibrium,Exact,1.0,-1.4428232973175177e-12,0.0,1.0,0.0,0.0,0.2799999999999999,0.0,1.0,0.0,CompressionPressure,1.0,7428.25,7432.5,7424.5,7425.75,Down,-1,7428.0,8.0,6.714285714285714,5,7432.5,6.75,1.00531914893617,-6.75,-1.00531914893617,2.0,-13.25,0.2978723404255319,-1.9734042553191489,0,1
ES,xApvaV01StateLog_ES.csv,2917,2026-05-20 09:40:00,Unresolved,Unresolved->Unresolved->Unresolved->Unresolved,Pure Unresolved Compression Equilibrium,Exact,1.0,-1.4428232973175177e-12,0.0,1.0,0.0,0.0,0.2799999999999999,0.0,1.0,0.0,CompressionPressure,1.0,7425.75,7429.5,7423.75,7427.25,Down,-1,7425.75,5.75,6.303571428571429,5,7429.75,2.5,0.3966005665722379,-2.5,-0.3966005665722379,1.75,-11.75,0.2776203966005666,-1.8640226628895185,0,1
ES,xApvaV01StateLog_ES.csv,2918,2026-05-20 09:45:00,Unresolved,Unresolved->Unresolved->Unresolved->Unresolved,Pure Unresolved Compression Equilibrium,Exact,1.0,-1.4428232973175177e-12,0.0,1.0,0.0,0.0,0.2799999999999999,0.0,1.0,0.0,CompressionPressure,1.0,7427.25,7438.25,7426.5,7438.0,Up,1,7427.25,11.75,6.642857142857143,5,7428.75,-9.25,-1.3924731182795698,-9.25,-1.3924731182795698,1.0,-12.5,0.1505376344086021,-1.8817204301075268,0,1
ES,xApvaV01StateLog_ES.csv,2919,2026-05-20 09:50:00,Unresolved,Unresolved->Unresolved->Unresolved->Unresolved,Pure Unresolved Compression Equilibrium,Exact,1.0,-1.4428232973175177e-12,0.0,1.0,0.0,0.0,0.2799999999999999,0.0,1.0,0.0,CompressionPressure,1.0,7437.75,7439.0,7426.75,7430.0,Up,1,7438.0,12.25,7.267857142857143,5,7435.25,5.25,0.7223587223587223,5.25,0.7223587223587223,10.0,-4.5,1.3759213759213758,-0.6191646191646192,1,1
ES,xApvaV01StateLog_ES.csv,2920,2026-05-20 09:55:00,Unresolved,Unresolved->Unresolved->Unresolved->Unresolved,Pure Unresolved Compression Equilibrium,Exact,1.0,-1.4428232973175177e-12,0.0,1.0,0.0,0.0,0.2799999999999999,0.0,1.0,0.0,CompressionPressure,1.0,7430.0,7433.75,7430.0,7433.25,Up,1,7430.0,3.75,6.982142857142857,5,7436.0,2.75,0.3938618925831202,2.75,0.3938618925831202,6.75,-7.75,0.966751918158568,-1.1099744245524297,1,1
ES,xApvaV01StateLog_ES.csv,2921,2026-05-20 10:00:00,Unresolved,Unresolved->Unresolved->Unresolved->Unresolved,Pure Unresolved Compression Equilibrium,Exact,1.0,-1.4428232973175177e-12,0.0,1.0,0.0,0.0,0.2799999999999999,0.0,1.0,0.0,CompressionPressure,1.0,7433.25,7434.75,7425.5,7432.5,Up,1,7433.25,9.25,7.232142857142857,5,7435.0,2.5,0.345679012345679,2.5,0.345679012345679,7.5,-6.25,1.0370370370370372,-0.8641975308641976,1,1
ES,xApvaV01StateLog_ES.csv,2922,2026-05-20 10:05:00,Unresolved,Unresolved->Unresolved->Unresolved->Unresolved,Pure Unresolved Compression Equilibrium,Exact,1.0,-1.4428232973175177e-12,0.0,1.0,0.0,0.0,0.2799999999999999,0.0,1.0,0.0,CompressionPressure,1.0,7432.75,7436.0,7428.5,7429.75,Down,-1,7432.5,7.5,7.428571428571429,5,7440.25,10.5,1.4134615384615383,-10.5,-1.4134615384615383,3.5,-12.75,0.4711538461538461,-1.7163461538461535,0,1
ES,xApvaV01StateLog_ES.csv,2923,2026-05-20 10:10:00,Unresolved,Unresolved->Unresolved->Unresolved->Unresolved,Pure Unresolved Compression Equilibrium,Exact,1.0,-1.4428232973175177e-12,0.0,1.0,0.0,0.0,0.2799999999999999,0.0,1.0,0.0,CompressionPressure,1.0,7429.75,7430.75,7427.25,7428.75,Down,-1,7429.75,3.5,7.071428571428571,5,7438.75,10.0,1.414141414141414,-10.0,-1.414141414141414,2.5,-14.25,0.3535353535353535,-2.015151515151515,0,1
ES,xApvaV01StateLog_ES.csv,2924,2026-05-20 10:15:00,Unresolved,Unresolved->Unresolved->Unresolved->Unresolved,Pure Unresolved Compression Equilibrium,Exact,1.0,-1.4428232973175177e-12,0.0,1.0,0.0,0.0,0.2799999999999999,0.0,1.0,0.0,CompressionPressure,1.0,7429.0,7440.0,7426.25,7435.25,Down,-1,7428.75,13.75,7.678571428571429,5,7443.0,7.75,1.009302325581395,-7.75,-1.009302325581395,1.5,-10.75,0.1953488372093023,-1.4,0,1
ES,xApvaV01StateLog_ES.csv,2925,2026-05-20 10:20:00,Unresolved,Unresolved->Unresolved->Unresolved->Unresolved,Pure Unresolved Compression Equilibrium,Exact,1.0,-1.4428232973175177e-12,0.0,1.0,0.0,0.0,0.2799999999999999,0.0,1.0,0.0,CompressionPressure,1.0,7435.0,7438.25,7433.75,7436.0,Up,1,7435.25,4.5,7.625,5,7441.5,5.5,0.7213114754098361,5.5,0.7213114754098361,10.0,-2.25,1.3114754098360657,-0.2950819672131147,1,1
ES,xApvaV01StateLog_ES.csv,2926,2026-05-20 10:25:00,Unresolved,Unresolved->Unresolved->Unresolved->Unresolved,Pure Unresolved Compression Equilibrium,Exact,1.0,-1.4428232973175177e-12,0.0,1.0,0.0,0.0,0.2799999999999999,0.0,1.0,0.0,CompressionPressure,1.0,7436.0,7438.5,7433.75,7435.0,Up,1,7436.0,4.75,7.625,5,7440.25,5.25,0.6885245901639344,5.25,0.6885245901639344,11.0,-0.25,1.4426229508196722,-0.0327868852459016,1,1
ES,xApvaV01StateLog_ES.csv,2927,2026-05-20 10:30:00,Unresolved,Unresolved->Unresolved->Unresolved->Unresolved,Pure Unresolved Compression Equilibrium,Exact,1.0,-1.4428232973175177e-12,0.0,1.0,0.0,0.0,0.2799999999999999,0.0,1.0,0.0,CompressionPressure,1.0,7435.0,7442.5,7434.75,7440.25,Up,1,7435.0,7.75,7.732142857142857,5,7435.0,-5.25,-0.6789838337182449,-5.25,-0.6789838337182449,5.75,-5.25,0.7436489607390301,-0.6789838337182449,0,1
ES,xApvaV01StateLog_ES.csv,2928,2026-05-20 10:35:00,Unresolved,Unresolved->Unresolved->Unresolved->Unresolved,Pure Unresolved Compression Equilibrium,Exact,1.0,-1.4428232973175177e-12,0.0,1.0,0.0,0.0,0.2799999999999999,0.0,1.0,0.0,CompressionPressure,1.0,7440.5,7443.0,7436.75,7438.75,Up,1,7440.25,6.25,7.535714285714286,5,7437.25,-1.5,-0.1990521327014218,-1.5,-0.1990521327014218,7.25,-4.0,0.962085308056872,-0.5308056872037915,0,1
ES,xApvaV01StateLog_ES.csv,2929,2026-05-20 10:40:00,Unresolved,Unresolved->Unresolved->Unresolved->Unresolved,Pure Unresolved Compression Equilibrium,Exact,1.0,-1.4428232973175177e-12,0.0,1.0,0.0,0.0,0.2799999999999999,0.0,1.0,0.0,CompressionPressure,1.0,7438.75,7446.0,7438.0,7443.0,Up,1,7438.75,8.0,7.625,5,7439.75,-3.25,-0.4262295081967213,-3.25,-0.4262295081967213,0.5,-11.0,0.0655737704918032,-1.4426229508196722,0,1
ES,xApvaV01StateLog_ES.csv,2930,2026-05-20 10:45:00,Unresolved,Unresolved->Unresolved->Unresolved->Unresolved,Pure Unresolved Compression Equilibrium,Exact,1.0,-1.4428232973175177e-12,0.0,1.0,0.0,0.0,0.2799999999999999,0.0,1.0,0.0,CompressionPressure,1.0,7442.75,7443.5,7439.75,7441.5,Up,1,7443.0,3.75,7.321428571428571,5,7439.25,-2.25,-0.3073170731707317,-2.25,-0.3073170731707317,2.25,-9.5,0.3073170731707317,-1.297560975609756,0,1
ES,xApvaV01StateLog_ES.csv,2931,2026-05-20 10:50:00,Unresolved,Unresolved->Unresolved->Unresolved->Unresolved,Pure Unresolved Compression Equilibrium,Exact,1.0,-1.4428232973175177e-12,0.0,1.0,0.0,0.0,0.2799999999999999,0.0,1.0,0.0,CompressionPressure,1.0,7441.5,7442.25,7438.0,7440.25,Down,-1,7441.5,4.25,7.214285714285714,5,7439.25,-1.0,-0.1386138613861386,1.0,0.1386138613861386,8.25,-3.5,1.1435643564356437,-0.4851485148514851,1,1
ES,xApvaV01StateLog_ES.csv,2932,2026-05-20 10:55:00,Unresolved,Unresolved->Unresolved->Unresolved->Unresolved,Pure Unresolved Compression Equilibrium,Exact,1.0,-1.4428232973175177e-12,0.0,1.0,0.0,0.0,0.2799999999999999,0.0,1.0,0.0,CompressionPressure,1.0,7440.25,7441.0,7435.0,7435.0,Down,-1,7440.25,6.0,6.803571428571429,5,7439.5,4.5,0.6614173228346456,-4.5,-0.6614173228346456,3.0,-8.75,0.4409448818897638,-1.2860892388451444,0,1
ES,xApvaV01StateLog_ES.csv,2933,2026-05-20 11:00:00,Unresolved,Unresolved->Unresolved->Unresolved->Unresolved,Pure Unresolved Compression Equilibrium,Exact,1.0,-1.4428232973175177e-12,0.0,1.0,0.0,0.0,0.2799999999999999,0.0,1.0,0.0,CompressionPressure,1.0,7435.25,7438.25,7434.75,7437.25,Down,-1,7435.0,3.5,6.178571428571429,5,7435.75,-1.5,-0.2427745664739884,1.5,0.2427745664739884,5.25,-6.5,0.8497109826589595,-1.0520231213872833,1,1
ES,xApvaV01StateLog_ES.csv,2934,2026-05-20 11:05:00,Unresolved,Unresolved->Unresolved->Unresolved->Unresolved,Pure Unresolved Compression Equilibrium,Exact,1.0,-1.4428232973175177e-12,0.0,1.0,0.0,0.0,0.2799999999999999,0.0,1.0,0.0,CompressionPressure,1.0,7437.5,7441.0,7432.0,7439.75,Up,1,7437.25,9.0,6.553571428571429,5,7439.75,0.0,0.0,0.0,0.0,4.0,-4.75,0.6103542234332425,-0.7247956403269754,0,1
ES,xApvaV01StateLog_ES.csv,2935,2026-05-20 11:10:00,Unresolved,Unresolved->Unresolved->Unresolved->Unresolved,Pure Unresolved Compression Equilibrium,Exact,1.0,-1.4428232973175177e-12,0.0,1.0,0.0,0.0,0.2799999999999999,0.0,1.0,0.0,CompressionPressure,1.0,7439.5,7443.75,7438.25,7439.25,Up,1,7439.75,5.5,6.285714285714286,5,7442.5,3.25,0.5170454545454546,3.25,0.5170454545454546,3.75,-4.25,0.5965909090909091,-0.6761363636363636,1,1
ES,xApvaV01StateLog_ES.csv,2936,2026-05-20 11:15:00,Unresolved,Unresolved->Unresolved->Unresolved->Unresolved,Pure Unresolved Compression Equilibrium,Exact,1.0,-1.4428232973175177e-12,0.0,1.0,0.0,0.0,0.2799999999999999,0.0,1.0,0.0,CompressionPressure,1.0,7439.25,7440.5,7437.0,7439.25,Up,1,7439.25,3.5,6.0,5,7446.0,6.75,1.125,6.75,1.125,8.0,-4.25,1.3333333333333333,-0.7083333333333334,1,1
ES,xApvaV01StateLog_ES.csv,2937,2026-05-20 11:20:00,Unresolved,Unresolved->Unresolved->Unresolved->Unresolved,Pure Unresolved Compression Equilibrium,Exact,1.0,-1.4428232973175177e-12,0.0,1.0,0.0,0.0,0.2799999999999999,0.0,1.0,0.0,CompressionPressure,1.0,7439.25,7441.75,7438.5,7439.5,Up,1,7439.25,3.25,5.982142857142857,5,7436.75,-2.75,-0.4597014925373134,-2.75,-0.4597014925373134,7.75,-4.5,1.2955223880597015,-0.7522388059701492,0,1
ES,xApvaV01StateLog_ES.csv,2938,2026-05-20 11:25:00,Unresolved,Unresolved->Unresolved->Unresolved->Unresolved,Pure Unresolved Compression Equilibrium,Exact,1.0,-1.4428232973175177e-12,0.0,1.0,0.0,0.0,0.2799999999999999,0.0,1.0,0.0,CompressionPressure,1.0,7439.5,7440.75,7435.25,7435.75,Up,1,7439.5,5.5,5.392857142857143,5,7439.5,3.75,0.695364238410596,3.75,0.695364238410596,11.5,-0.75,2.132450331125828,-0.1390728476821192,1,1
ES,xApvaV01StateLog_ES.csv,2939,2026-05-20 11:30:00,Unresolved,Unresolved->Unresolved->Unresolved->Unresolved,Pure Unresolved Compression Equilibrium,Exact,1.0,-1.4428232973175177e-12,0.0,1.0,0.0,0.0,0.2799999999999999,0.0,1.0,0.0,CompressionPressure,1.0,7435.75,7440.0,7435.0,7439.75,Up,1,7435.75,5.0,5.428571428571429,5,7439.25,-0.5,-0.0921052631578947,-0.5,-0.0921052631578947,7.5,-4.5,1.381578947368421,-0.8289473684210525,0,1
ES,xApvaV01StateLog_ES.csv,2940,2026-05-20 11:35:00,Unresolved,Unresolved->Unresolved->Unresolved->Unresolved,Pure Unresolved Compression Equilibrium,Exact,1.0,-1.4428232973175177e-12,0.0,1.0,0.0,0.0,0.2799999999999999,0.0,1.0,0.0,CompressionPressure,1.0,7439.5,7443.0,7439.5,7442.5,Up,1,7439.75,3.5,5.339285714285714,5,7440.25,-2.25,-0.4214046822742475,-2.25,-0.4214046822742475,4.75,-7.25,0.8896321070234113,-1.3578595317725752,0,1
ES,xApvaV01StateLog_ES.csv,2941,2026-05-20 11:40:00,Unresolved,Unresolved->Unresolved->Unresolved->Unresolved,Pure Unresolved Compression Equilibrium,Exact,1.0,-1.4428232973175177e-12,0.0,1.0,0.0,0.0,0.2799999999999999,0.0,1.0,0.0,CompressionPressure,1.0,7442.5,7447.25,7441.5,7446.0,Up,1,7442.5,5.75,5.196428571428571,5,7440.75,-5.25,-1.0103092783505154,-5.25,-1.0103092783505154,0.5,-10.75,0.0962199312714776,-2.06872852233677,0,1
ES,xApvaV01StateLog_ES.csv,2942,2026-05-20 11:45:00,Unresolved,Unresolved->Unresolved->Unresolved->Unresolved,Pure Unresolved Compression Equilibrium,Exact,1.0,-1.4428232973175177e-12,0.0,1.0,0.0,0.0,0.2799999999999999,0.0,1.0,0.0,CompressionPressure,1.0,7446.25,7446.5,7436.25,7436.75,Up,1,7446.0,10.25,5.482142857142857,5,7440.75,4.0,0.729641693811075,4.0,0.729641693811075,9.25,-1.5,1.6872964169381108,-0.2736156351791531,1,1
ES,xApvaV01StateLog_ES.csv,2943,2026-05-20 11:50:00,Unresolved,Unresolved->Unresolved->Unresolved->Unresolved,Pure Unresolved Compression Equilibrium,Exact,1.0,-1.4428232973175177e-12,0.0,1.0,0.0,0.0,0.2799999999999999,0.0,1.0,0.0,CompressionPressure,1.0,7436.5,7441.25,7435.25,7439.5,Up,1,7436.75,6.0,5.339285714285714,5,7444.25,4.75,0.8896321070234113,4.75,0.8896321070234113,6.5,-2.25,1.2173913043478262,-0.4214046822742475,1,1
ES,xApvaV01StateLog_ES.csv,2944,2026-05-20 11:55:00,Unresolved,Unresolved->Unresolved->Unresolved->Unresolved,Pure Unresolved Compression Equilibrium,Exact,1.0,-1.4428232973175177e-12,0.0,1.0,0.0,0.0,0.2799999999999999,0.0,1.0,0.0,CompressionPressure,1.0,7439.5,7441.5,7437.25,7439.25,Up,1,7439.5,4.25,5.375,5,7445.5,6.25,1.162790697674419,6.25,1.162790697674419,7.25,-0.25,1.3488372093023255,-0.0465116279069767,1,1
ES,xApvaV01StateLog_ES.csv,2945,2026-05-20 12:00:00,Unresolved,Unresolved->Unresolved->Unresolved->Unresolved,Pure Unresolved Compression Equilibrium,Exact,1.0,-1.4428232973175177e-12,0.0,1.0,0.0,0.0,0.2799999999999999,0.0,1.0,0.0,CompressionPressure,1.0,7439.25,7441.75,7439.25,7440.25,Up,1,7439.25,2.5,5.25,5,7446.0,5.75,1.0952380952380951,5.75,1.0952380952380951,8.25,-1.25,1.5714285714285714,-0.238095238095238,1,1
ES,xApvaV01StateLog_ES.csv,2946,2026-05-20 12:05:00,Unresolved,Unresolved->Unresolved->Unresolved->Unresolved,Pure Unresolved Compression Equilibrium,Exact,1.0,-1.4428232973175177e-12,0.0,1.0,0.0,0.0,0.2799999999999999,0.0,1.0,0.0,CompressionPressure,1.0,7440.5,7446.0,7440.0,7440.75,Up,1,7440.25,6.0,5.25,5,7447.0,6.25,1.1904761904761905,6.25,1.1904761904761905,7.75,-1.75,1.4761904761904765,-0.3333333333333333,1,1
ES,xApvaV01StateLog_ES.csv,2947,2026-05-20 12:10:00,Unresolved,Unresolved->Unresolved->Unresolved->Unresolved,Pure Unresolved Compression Equilibrium,Exact,1.0,-1.4428232973175177e-12,0.0,1.0,0.0,0.0,0.2799999999999999,0.0,1.0,0.0,CompressionPressure,1.0,7441.0,7442.75,7439.5,7440.75,Up,1,7440.75,3.25,5.232142857142857,5,7447.25,6.5,1.242320819112628,6.5,1.242320819112628,7.75,-1.75,1.4812286689419796,-0.3344709897610922,1,1
ES,xApvaV01StateLog_ES.csv,2948,2026-05-20 12:15:00,Unresolved,Unresolved->Unresolved->Unresolved->Unresolved,Pure Unresolved Compression Equilibrium,Exact,1.0,-1.4428232973175177e-12,0.0,1.0,0.0,0.0,0.2799999999999999,0.0,1.0,0.0,CompressionPressure,1.0,7440.75,7444.5,7439.0,7444.25,Up,1,7440.75,5.5,4.982142857142857,5,7452.75,8.5,1.7060931899641578,8.5,1.7060931899641578,10.75,-1.5,2.1577060931899643,-0.3010752688172043,1,1
ES,xApvaV01StateLog_ES.csv,2949,2026-05-20 12:20:00,Unresolved,Unresolved->Unresolved->Unresolved->Unresolved,Pure Unresolved Compression Equilibrium,Exact,1.0,-1.4428232973175177e-12,0.0,1.0,0.0,0.0,0.2799999999999999,0.0,1.0,0.0,CompressionPressure,1.0,7444.0,7446.5,7442.75,7445.5,Up,1,7444.25,3.75,4.857142857142857,5,7451.25,5.75,1.1838235294117647,5.75,1.1838235294117647,9.5,-1.25,1.9558823529411768,-0.2573529411764706,1,1
ES,xApvaV01StateLog_ES.csv,2950,2026-05-20 12:25:00,Unresolved,Unresolved->Unresolved->Unresolved->Unresolved,Pure Unresolved Compression Equilibrium,Exact,1.0,-1.4428232973175177e-12,0.0,1.0,0.0,0.0,0.2799999999999999,0.0,1.0,0.0,CompressionPressure,1.0,7445.5,7448.5,7444.5,7446.0,Up,1,7445.5,4.0,4.892857142857143,5,7449.75,3.75,0.7664233576642335,3.75,0.7664233576642335,9.0,-1.75,1.8394160583941603,-0.3576642335766423,1,1
ES,xApvaV01StateLog_ES.csv,2951,2026-05-20 12:30:00,Unresolved,Unresolved->Unresolved->Unresolved->Unresolved,Pure Unresolved Compression Equilibrium,Exact,1.0,-1.4428232973175177e-12,0.0,1.0,0.0,0.0,0.2799999999999999,0.0,1.0,0.0,CompressionPressure,1.0,7446.25,7447.5,7445.5,7447.0,Up,1,7446.0,2.0,4.803571428571429,5,7449.0,2.0,0.41635687732342,2.0,0.41635687732342,8.0,-2.75,1.66542750929368,-0.5724907063197026,1,1
ES,xApvaV01StateLog_ES.csv,2952,2026-05-20 12:35:00,Unresolved,Unresolved->Unresolved->Unresolved->Unresolved,Pure Unresolved Compression Equilibrium,Exact,1.0,-1.4428232973175177e-12,0.0,1.0,0.0,0.0,0.2799999999999999,0.0,1.0,0.0,CompressionPressure,1.0,7447.0,7448.5,7444.25,7447.25,Up,1,7447.0,4.25,4.714285714285714,5,7451.75,4.5,0.9545454545454544,4.5,0.9545454545454544,7.75,-2.75,1.6439393939393938,-0.5833333333333334,1,1
ES,xApvaV01StateLog_ES.csv,2953,2026-05-20 12:40:00,Unresolved,Unresolved->Unresolved->Unresolved->Unresolved,Pure Unresolved Compression Equilibrium,Exact,1.0,-1.4428232973175177e-12,0.0,1.0,0.0,0.0,0.2799999999999999,0.0,1.0,0.0,CompressionPressure,1.0,7447.5,7455.0,7447.5,7452.75,Up,1,7447.25,7.75,4.910714285714286,5,7447.0,-5.75,-1.170909090909091,-5.75,-1.170909090909091,1.0,-8.25,0.2036363636363636,-1.68,0,1
ES,xApvaV01StateLog_ES.csv,2954,2026-05-20 12:45:00,Degrading,Unresolved->Unresolved->Unresolved->Degrading,Sponsor Exhaustion Collapse,Exact,1.0,0.4689955935863958,0.1111111111111111,0.9,0.0,0.0,0.2202730804215971,0.1138888888888889,0.4512433309564058,0.1442594527636907,CompressionPressure,0.4512433309564058,7452.75,7453.5,7450.5,7451.25,Up,1,7452.75,3.0,4.875,5,7448.75,-2.5,-0.5128205128205128,-2.5,-0.5128205128205128,2.5,-6.75,0.5128205128205128,-1.3846153846153846,0,1
ES,xApvaV01StateLog_ES.csv,2955,2026-05-20 12:50:00,Unresolved,Unresolved->Unresolved->Degrading->Unresolved,Stable Compression Basin,Exact,1.0,0.9219280948830342,0.2222222222222222,0.8,0.0,0.0,0.1617759913466288,0.0277777777777777,0.8034906051809215,0.285005104088997,CompressionPressure,0.8034906051809215,7451.0,7453.0,7448.75,7449.75,Down,-1,7451.25,4.25,4.767857142857143,5,7448.0,-1.75,-0.3670411985018726,1.75,0.3670411985018726,5.5,-4.0,1.1535580524344569,-0.8389513108614232,1,1
ES,xApvaV01StateLog_ES.csv,2969,2026-05-20 14:00:00,Unresolved,Degrading->Balance->Degrading->Unresolved,Stable Compression Basin,Exact,1.0,1.3709505944503406,0.5555555555555556,0.6,0.0,0.0,0.0676060395568402,0.0694444444444444,0.6087600322912982,0.5082287758693453,CompressionPressure,0.6087600322912982,7433.0,7437.75,7432.75,7433.25,Down,-1,7433.5,5.0,8.75,5,7433.5,0.25,0.0285714285714285,-0.25,-0.0285714285714285,22.75,-1.75,2.6,-0.2,0,1
ES,xApvaV01StateLog_ES.csv,2970,2026-05-21 06:35:00,Unresolved,Balance->Degrading->Unresolved->Unresolved,Stable Compression Basin,Exact,1.0,1.3709505944503406,0.4444444444444444,0.6,0.0,0.0,0.079758817334618,0.0555555555555555,0.636537810069076,0.4665621092026786,CompressionPressure,0.636537810069076,7423.75,7424.5,7413.25,7422.25,Down,-1,7433.25,20.0,9.517857142857142,5,7435.25,13.0,1.3658536585365857,-13.0,-1.3658536585365857,11.75,-17.25,1.2345215759849908,-1.8123827392120075,0,1
ES,xApvaV01StateLog_ES.csv,2977,2026-05-21 07:10:00,Unresolved,Unresolved->Unresolved->Unresolved->Unresolved,Pure Unresolved Compression Equilibrium,Exact,1.0,1.4854752972230063,0.4444444444444444,0.5,0.0,0.0,0.0593238531119191,0.0555555555555555,0.5877133494791177,0.4916143879341992,CompressionPressure,0.5877133494791177,7438.0,7441.75,7433.75,7441.5,Up,1,7438.0,8.0,10.392857142857142,5,7421.75,-19.75,-1.900343642611684,-19.75,-1.900343642611684,0.75,-30.0,0.0721649484536082,-2.88659793814433,0,1
ES,xApvaV01StateLog_ES.csv,2980,2026-05-21 07:25:00,Unresolved,Unresolved->Balance->Balance->Unresolved,Stable Compression Basin,Exact,1.0,1.8464393446652445,0.4444444444444444,0.4,0.0,0.0,0.0388888888888888,0.0555555555555555,0.538888888888889,0.5166666666666666,CompressionPressure,0.538888888888889,7419.5,7421.75,7411.5,7416.0,Down,-1,7419.75,10.25,11.107142857142858,5,7418.5,2.5,0.22508038585209,-2.5,-0.22508038585209,2.5,-14.25,0.22508038585209,-1.282958199356913,0,1
ES,xApvaV01StateLog_ES.csv,2981,2026-05-21 07:30:00,Unresolved,Balance->Balance->Unresolved->Unresolved,Stable Compression Basin,Exact,1.0,1.4854752972230063,0.3333333333333333,0.5,0.0,0.0,0.0714766308896969,0.0416666666666666,0.6154911272568955,0.4499477212675326,CompressionPressure,0.6154911272568955,7416.0,7423.75,7414.5,7422.25,Down,-1,7416.0,9.25,11.428571428571429,5,7423.25,1.0,0.0875,-1.0,-0.0875,8.75,-8.0,0.765625,-0.7,0,1
ES,xApvaV01StateLog_ES.csv,2982,2026-05-21 07:35:00,Unresolved,Balance->Unresolved->Unresolved->Unresolved,Stable Compression Basin,Exact,1.0,1.4854752972230063,0.3333333333333333,0.5,0.0,0.0,0.0714766308896969,0.0416666666666666,0.6154911272568955,0.4499477212675326,CompressionPressure,0.6154911272568955,7422.25,7430.25,7418.5,7421.75,Down,-1,7422.25,11.75,11.732142857142858,5,7426.75,5.0,0.426179604261796,-5.0,-0.426179604261796,8.25,-8.25,0.7031963470319634,-0.7031963470319634,0,1
ES,xApvaV01StateLog_ES.csv,2983,2026-05-21 07:40:00,Unresolved,Unresolved->Unresolved->Unresolved->Unresolved,Pure Unresolved Compression Equilibrium,Exact,1.0,1.5219280948830345,0.4444444444444444,0.4,0.0,0.0,0.0448662691244065,0.0555555555555555,0.5437683829586993,0.4995884374223303,CompressionPressure,0.5437683829586993,7421.75,7428.75,7421.0,7426.5,Down,-1,7421.75,7.75,11.928571428571429,5,7422.5,-4.0,-0.3353293413173652,4.0,0.3353293413173652,13.0,-3.5,1.089820359281437,-0.2934131736526946,1,1
ES,xApvaV01StateLog_ES.csv,2986,2026-05-21 07:55:00,Unresolved,Unresolved->Balance->Unresolved->Unresolved,Stable Compression Basin,Exact,1.0,1.4854752972230063,0.5555555555555556,0.5,0.0,0.0,0.0471710753341413,0.0694444444444444,0.5599355717013399,0.533281054600866,CompressionPressure,0.5599355717013399,7418.75,7423.5,7414.25,7423.25,Down,-1,7418.5,9.25,11.392857142857142,5,7427.0,3.75,0.329153605015674,-3.75,-0.329153605015674,14.75,-7.5,1.2946708463949843,-0.658307210031348,0,1
ES,xApvaV01StateLog_ES.csv,2987,2026-05-21 08:00:00,Unresolved,Balance->Unresolved->Unresolved->Unresolved,Stable Compression Basin,Exact,1.0,1.2954618442339936,0.4444444444444444,0.6,0.0,0.0,0.085538424773057,0.0555555555555555,0.6412558569575977,0.4500489450928527,CompressionPressure,0.6412558569575977,7423.25,7430.0,7421.5,7426.75,Up,1,7423.25,8.5,11.267857142857142,5,7426.0,-0.75,-0.0665610142630745,-0.75,-0.0665610142630745,4.25,-18.25,0.3771790808240887,-1.619651347068146,0,1
ES,xApvaV01StateLog_ES.csv,2988,2026-05-21 08:05:00,Unresolved,Unresolved->Unresolved->Unresolved->Unresolved,Pure Unresolved Compression Equilibrium,Exact,1.0,1.3709505944503406,0.5555555555555556,0.6,0.0,0.0,0.0676060395568402,0.0694444444444444,0.6087600322912982,0.5082287758693453,CompressionPressure,0.6087600322912982,7426.75,7428.75,7420.75,7422.5,Up,1,7426.75,8.0,10.196428571428571,5,7425.25,2.75,0.2697022767075306,2.75,0.2697022767075306,8.5,-14.0,0.8336252189141856,-1.373029772329247,1,1
ES,xApvaV01StateLog_ES.csv,2989,2026-05-21 08:10:00,Unresolved,Unresolved->Unresolved->Unresolved->Unresolved,Pure Unresolved Compression Equilibrium,Exact,1.0,1.2954618442339936,0.4444444444444444,0.6,0.0,0.0,0.085538424773057,0.0555555555555555,0.6412558569575977,0.4500489450928527,CompressionPressure,0.6412558569575977,7422.5,7423.0,7410.0,7414.0,Down,-1,7422.5,13.0,10.321428571428571,5,7416.75,2.75,0.2664359861591696,-2.75,-0.2664359861591696,5.5,-17.0,0.5328719723183392,-1.647058823529412,0,1
ES,xApvaV01StateLog_ES.csv,2990,2026-05-21 08:15:00,Unresolved,Unresolved->Unresolved->Unresolved->Unresolved,Pure Unresolved Compression Equilibrium,Exact,1.0,1.360964047439353,0.4444444444444444,0.5,0.0,0.0,0.0688567456734801,0.0555555555555555,0.595495302590596,0.4643775520440251,CompressionPressure,0.595495302590596,7414.0,7430.75,7408.5,7427.0,Down,-1,7414.0,22.25,11.196428571428571,5,7426.75,-0.25,-0.0223285486443381,0.25,0.0223285486443381,12.0,-4.0,1.0717703349282297,-0.3572567783094099,1,1
ES,xApvaV01StateLog_ES.csv,2991,2026-05-21 08:20:00,Unresolved,Unresolved->Unresolved->Unresolved->Unresolved,Pure Unresolved Compression Equilibrium,Exact,1.0,1.360964047439353,0.4444444444444444,0.5,0.0,0.0,0.0688567456734801,0.0555555555555555,0.595495302590596,0.4643775520440251,CompressionPressure,0.595495302590596,7427.0,7429.0,7424.0,7427.0,Down,-1,7427.0,5.0,10.982142857142858,5,7428.5,1.5,0.1365853658536585,-1.5,-0.1365853658536585,12.0,-4.0,1.0926829268292682,-0.3642276422764227,0,1
ES,xApvaV01StateLog_ES.csv,2992,2026-05-21 08:25:00,Unresolved,Unresolved->Unresolved->Unresolved->Unresolved,Pure Unresolved Compression Equilibrium,Exact,1.0,1.2954618442339936,0.3333333333333333,0.6,0.0,0.0,0.0976912025508348,0.0416666666666666,0.6690336347353755,0.4083822784261861,CompressionPressure,0.6690336347353755,7426.75,7431.0,7424.25,7426.0,Down,-1,7427.0,6.75,10.553571428571429,5,7434.25,8.25,0.7817258883248731,-8.25,-0.7817258883248731,11.0,-8.5,1.042301184433164,-0.805414551607445,0,1
ES,xApvaV01StateLog_ES.csv,2993,2026-05-21 08:30:00,Unresolved,Unresolved->Unresolved->Unresolved->Unresolved,Pure Unresolved Compression Equilibrium,Exact,1.0,1.2954618442339936,0.2222222222222222,0.6,0.0,0.0,0.1098439803286126,0.0277777777777777,0.6968114125131533,0.3667156117595194,CompressionPressure,0.6968114125131533,7426.0,7428.25,7424.0,7425.25,Down,-1,7426.0,4.25,9.910714285714286,5,7432.5,7.25,0.7315315315315315,-7.25,-0.7315315315315315,10.25,-10.5,1.034234234234234,-1.0594594594594593,0,1
ES,xApvaV01StateLog_ES.csv,2994,2026-05-21 08:35:00,Unresolved,Unresolved->Unresolved->Unresolved->Unresolved,Pure Unresolved Compression Equilibrium,Exact,1.0,0.8812908992278072,0.1111111111111111,0.7,0.0,0.0,0.1653733877500932,0.0138888888888888,0.7921415410204843,0.2344490508727494,CompressionPressure,0.7921415410204843,7425.0,7427.25,7415.0,7416.75,Down,-1,7425.25,12.25,10.053571428571429,5,7430.0,13.25,1.3179396092362343,-13.25,-1.3179396092362343,1.5,-19.0,0.1492007104795737,-1.8898756660746003,0,1
ES,xApvaV01StateLog_ES.csv,2995,2026-05-21 08:40:00,Unresolved,Unresolved->Unresolved->Unresolved->Unresolved,Pure Unresolved Compression Equilibrium,Exact,1.0,0.7219280948844771,0.1111111111111111,0.8,0.0,0.0,0.1892412691242961,0.0138888888888888,0.8437683829586091,0.199588437422646,CompressionPressure,0.8437683829586091,7416.75,7427.0,7415.25,7426.75,Down,-1,7416.75,11.75,10.232142857142858,5,7434.75,8.0,0.7818499127399651,-8.0,-0.7818499127399651,2.25,-9.75,0.2198952879581151,-0.9528795811518324,0,1
ES,xApvaV01StateLog_ES.csv,2996,2026-05-21 08:45:00,Unresolved,Unresolved->Unresolved->Unresolved->Unresolved,Pure Unresolved Compression Equilibrium,Exact,1.0,0.4689955935863958,0.1111111111111111,0.9,0.0,0.0,0.2202730804215971,0.0138888888888888,0.9012433309564056,0.1442594527636907,CompressionPressure,0.9012433309564056,7427.0,7430.75,7424.5,7428.5,Up,1,7426.75,6.25,9.839285714285714,5,7436.75,8.25,0.838475499092559,8.25,0.838475499092559,8.5,-0.25,0.8638838475499093,-0.0254083484573502,1,1
ES,xApvaV01StateLog_ES.csv,2997,2026-05-21 08:50:00,Unresolved,Unresolved->Unresolved->Unresolved->Unresolved,Pure Unresolved Compression Equilibrium,Exact,1.0,-1.4428232973175177e-12,0.0,1.0,0.0,0.0,0.2799999999999999,0.0,1.0,0.0,CompressionPressure,1.0,7428.5,7434.5,7428.25,7434.25,Up,1,7428.5,6.25,9.732142857142858,5,7431.75,-2.5,-0.2568807339449541,-2.5,-0.2568807339449541,2.75,-5.0,0.2825688073394495,-0.5137614678899083,0,1
ES,xApvaV01StateLog_ES.csv,2998,2026-05-21 08:55:00,Unresolved,Unresolved->Unresolved->Unresolved->Unresolved,Pure Unresolved Compression Equilibrium,Exact,1.0,-1.4428232973175177e-12,0.0,1.0,0.0,0.0,0.2799999999999999,0.0,1.0,0.0,CompressionPressure,1.0,7434.25,7435.75,7431.25,7432.5,Up,1,7434.25,4.5,9.285714285714286,5,7429.0,-3.5,-0.3769230769230769,-3.5,-0.3769230769230769,4.5,-5.0,0.4846153846153845,-0.5384615384615384,0,1
ES,xApvaV01StateLog_ES.csv,2999,2026-05-21 09:00:00,Unresolved,Unresolved->Unresolved->Unresolved->Unresolved,Pure Unresolved Compression Equilibrium,Exact,1.0,-1.4428232973175177e-12,0.0,1.0,0.0,0.0,0.2799999999999999,0.0,1.0,0.0,CompressionPressure,1.0,7432.5,7434.0,7429.25,7430.0,Down,-1,7432.5,4.75,8.767857142857142,5,7425.25,-4.75,-0.5417515274949084,4.75,0.5417515274949084,9.25,-7.0,1.054989816700611,-0.7983706720977597,1,1
ES,xApvaV01StateLog_ES.csv,3000,2026-05-21 09:05:00,Unresolved,Unresolved->Unresolved->Unresolved->Unresolved,Pure Unresolved Compression Equilibrium,Exact,1.0,-1.4428232973175177e-12,0.0,1.0,0.0,0.0,0.2799999999999999,0.0,1.0,0.0,CompressionPressure,1.0,7430.25,7436.5,7430.0,7434.75,Down,-1,7430.0,6.5,8.571428571428571,5,7425.25,-9.5,-1.1083333333333334,9.5,1.1083333333333334,14.0,-2.25,1.6333333333333333,-0.2625,1,1
ES,xApvaV01StateLog_ES.csv,3001,2026-05-21 09:10:00,Unresolved,Unresolved->Unresolved->Unresolved->Unresolved,Pure Unresolved Compression Equilibrium,Exact,1.0,-1.4428232973175177e-12,0.0,1.0,0.0,0.0,0.2799999999999999,0.0,1.0,0.0,CompressionPressure,1.0,7434.75,7437.0,7431.0,7436.75,Up,1,7434.75,6.0,8.392857142857142,5,7427.5,-9.25,-1.1021276595744682,-9.25,-1.1021276595744682,0.0,-16.0,0.0,-1.9063829787234043,0,1
ES,xApvaV01StateLog_ES.csv,3002,2026-05-21 09:15:00,Unresolved,Unresolved->Unresolved->Unresolved->Unresolved,Pure Unresolved Compression Equilibrium,Exact,1.0,-1.4428232973175177e-12,0.0,1.0,0.0,0.0,0.2799999999999999,0.0,1.0,0.0,CompressionPressure,1.0,7436.75,7436.75,7429.5,7431.75,Up,1,7436.75,7.25,8.339285714285714,5,7424.5,-7.25,-0.8693790149892935,-7.25,-0.8693790149892935,1.0,-11.0,0.1199143468950749,-1.3190578158458246,0,1
ES,xApvaV01StateLog_ES.csv,3003,2026-05-21 09:20:00,Unresolved,Unresolved->Unresolved->Unresolved->Unresolved,Pure Unresolved Compression Equilibrium,Exact,1.0,-1.4428232973175177e-12,0.0,1.0,0.0,0.0,0.2799999999999999,0.0,1.0,0.0,CompressionPressure,1.0,7431.75,7432.75,7427.5,7429.0,Down,-1,7431.75,5.25,7.785714285714286,5,7426.5,-2.5,-0.3211009174311927,2.5,0.3211009174311927,8.25,-1.75,1.0596330275229358,-0.2247706422018348,1,1
ES,xApvaV01StateLog_ES.csv,3004,2026-05-21 09:25:00,Unresolved,Unresolved->Unresolved->Unresolved->Unresolved,Pure Unresolved Compression Equilibrium,Exact,1.0,-1.4428232973175177e-12,0.0,1.0,0.0,0.0,0.2799999999999999,0.0,1.0,0.0,CompressionPressure,1.0,7428.75,7430.75,7420.75,7425.25,Down,-1,7429.0,10.0,6.910714285714286,5,7422.0,-3.25,-0.4702842377260982,3.25,0.4702842377260982,5.5,-3.75,0.7958656330749354,-0.5426356589147286,1,1
ES,xApvaV01StateLog_ES.csv,3005,2026-05-21 09:30:00,Unresolved,Unresolved->Unresolved->Unresolved->Unresolved,Pure Unresolved Compression Equilibrium,Exact,1.0,-1.4428232973175177e-12,0.0,1.0,0.0,0.0,0.2799999999999999,0.0,1.0,0.0,CompressionPressure,1.0,7425.25,7426.5,7422.25,7425.25,Down,-1,7425.25,4.25,6.857142857142857,5,7423.25,-2.0,-0.2916666666666667,2.0,0.2916666666666667,7.25,-3.75,1.0572916666666667,-0.546875,1,1
ES,xApvaV01StateLog_ES.csv,3006,2026-05-21 09:35:00,Unresolved,Unresolved->Unresolved->Unresolved->Unresolved,Pure Unresolved Compression Equilibrium,Exact,1.0,-1.4428232973175177e-12,0.0,1.0,0.0,0.0,0.2799999999999999,0.0,1.0,0.0,CompressionPressure,1.0,7425.25,7429.0,7423.5,7427.5,Down,-1,7425.25,5.5,6.767857142857143,5,7426.25,-1.25,-0.1846965699208443,1.25,0.1846965699208443,9.5,-1.5,1.403693931398417,-0.2216358839050131,1,1
ES,xApvaV01StateLog_ES.csv,3007,2026-05-21 09:40:00,Unresolved,Unresolved->Unresolved->Unresolved->Unresolved,Pure Unresolved Compression Equilibrium,Exact,1.0,-1.4428232973175177e-12,0.0,1.0,0.0,0.0,0.2799999999999999,0.0,1.0,0.0,CompressionPressure,1.0,7427.5,7429.0,7420.75,7424.5,Down,-1,7427.5,8.25,7.053571428571429,5,7427.75,3.25,0.460759493670886,-3.25,-0.460759493670886,6.5,-6.0,0.921518987341772,-0.850632911392405,0,1
ES,xApvaV01StateLog_ES.csv,3008,2026-05-21 09:45:00,Unresolved,Unresolved->Unresolved->Unresolved->Unresolved,Pure Unresolved Compression Equilibrium,Exact,1.0,-1.4428232973175177e-12,0.0,1.0,0.0,0.0,0.2799999999999999,0.0,1.0,0.0,CompressionPressure,1.0,7424.5,7427.25,7422.25,7426.5,Down,-1,7424.5,5.0,6.535714285714286,5,7427.75,1.25,0.1912568306010929,-1.25,-0.1912568306010929,8.5,-4.0,1.3005464480874318,-0.6120218579234973,0,1
ES,xApvaV01StateLog_ES.csv,3009,2026-05-21 09:50:00,Unresolved,Unresolved->Unresolved->Unresolved->Unresolved,Pure Unresolved Compression Equilibrium,Exact,1.0,-1.4428232973175177e-12,0.0,1.0,0.0,0.0,0.2799999999999999,0.0,1.0,0.0,CompressionPressure,1.0,7426.5,7429.0,7419.75,7422.0,Down,-1,7426.5,9.25,6.357142857142857,5,7442.25,20.25,3.1853932584269664,-20.25,-3.1853932584269664,4.0,-27.25,0.6292134831460674,-4.286516853932585,0,1
ES,xApvaV01StateLog_ES.csv,3013,2026-05-21 10:10:00,Unresolved,Directional->Directional->Directional->Unresolved,Stable Compression Basin,Exact,1.0,1.2954618442339936,0.2222222222222222,0.6,0.4,0.0,0.1378439803286126,0.0277777777777777,0.6968114125131533,0.3667156117595194,CompressionPressure,0.6968114125131533,7427.5,7430.0,7427.0,7427.75,Up,1,7427.75,3.0,6.089285714285714,5,7460.25,32.5,5.3372434017595305,32.5,5.3372434017595305,40.25,-0.5,6.609970674486803,-0.0821114369501466,1,1
ES,xApvaV01StateLog_ES.csv,3014,2026-05-21 10:15:00,Unresolved,Directional->Directional->Unresolved->Unresolved,Stable Compression Basin,Exact,1.0,1.4854752972230063,0.2222222222222222,0.5,0.5,0.0,0.1186294086674746,0.0277777777777777,0.6432689050346733,0.4082810546008659,CompressionPressure,0.6432689050346733,7427.5,7449.25,7427.25,7442.25,Up,1,7427.75,22.0,7.196428571428571,5,7465.5,23.25,3.230769230769231,23.25,3.230769230769231,25.75,-1.5,3.578163771712159,-0.2084367245657568,1,1
ES,xApvaV01StateLog_ES.csv,3033,2026-05-21 11:50:00,Unresolved,Unresolved->Unresolved->Unresolved->Unresolved,Pure Unresolved Compression Equilibrium,Exact,1.0,2.046439344663802,0.4444444444444444,0.4,0.4,0.0,0.0668888888888889,0.0555555555555555,0.538888888888889,0.5166666666666666,CompressionPressure,0.538888888888889,7472.5,7474.0,7458.5,7461.25,Down,-1,7472.5,15.5,8.339285714285714,5,7462.75,1.5,0.1798715203426124,-1.5,-0.1798715203426124,23.25,-6.0,2.7880085653104927,-0.7194860813704498,0,1
ES,xApvaV01StateLog_ES.csv,3041,2026-05-21 12:30:00,Unresolved,Degrading->Degrading->Degrading->Unresolved,Stable Compression Basin,Exact,1.0,1.5709505944488975,0.3333333333333333,0.6,0.4,0.0,0.1045990951125062,0.0416666666666666,0.6518155878469439,0.4686454425356963,CompressionPressure,0.6518155878469439,7464.0,7466.5,7461.25,7464.5,Up,1,7464.0,5.25,8.5,5,7460.5,-4.0,-0.4705882352941176,-4.0,-0.4705882352941176,3.25,-7.75,0.3823529411764705,-0.9117647058823528,0,1
ES,xApvaV01StateLog_ES.csv,3042,2026-05-21 12:35:00,Unresolved,Degrading->Degrading->Unresolved->Unresolved,Stable Compression Basin,Exact,1.0,1.5709505944488975,0.3333333333333333,0.6,0.4,0.0,0.1045990951125062,0.0416666666666666,0.6518155878469439,0.4686454425356963,CompressionPressure,0.6518155878469439,7464.25,7466.5,7460.75,7461.5,Up,1,7464.5,5.75,8.517857142857142,5,7465.25,3.75,0.440251572327044,3.75,0.440251572327044,8.25,-4.75,0.9685534591194968,-0.5576519916142558,1,1
ES,xApvaV01StateLog_ES.csv,3044,2026-05-21 12:45:00,Unresolved,Unresolved->Unresolved->Balance->Unresolved,Stable Compression Basin,Exact,1.0,1.2954618442339936,0.3333333333333333,0.6,0.3,0.0,0.1186912025508348,0.0416666666666666,0.6690336347353755,0.4083822784261861,CompressionPressure,0.6690336347353755,7464.75,7467.75,7458.5,7461.5,Up,1,7464.75,9.25,8.875,5,7468.0,6.5,0.7323943661971831,6.5,0.7323943661971831,8.75,-4.75,0.9859154929577464,-0.5352112676056338,1,1
ES,xApvaV01StateLog_ES.csv,3045,2026-05-21 12:50:00,Unresolved,Unresolved->Balance->Unresolved->Unresolved,Stable Compression Basin,Exact,1.0,1.360964047439353,0.3333333333333333,0.5,0.2,0.0,0.0950095234512578,0.0416666666666666,0.6232730803683738,0.4227108853773584,CompressionPressure,0.6232730803683738,7461.25,7466.0,7459.25,7463.75,Up,1,7461.5,6.75,9.0,5,7468.5,4.75,0.5277777777777778,4.75,0.5277777777777778,6.5,-7.0,0.7222222222222222,-0.7777777777777778,1,1
ES,xApvaV01StateLog_ES.csv,3046,2026-05-21 12:55:00,Unresolved,Balance->Unresolved->Unresolved->Unresolved,Stable Compression Basin,Exact,1.0,1.360964047439353,0.3333333333333333,0.5,0.1,0.0,0.0880095234512578,0.0416666666666666,0.6232730803683738,0.4227108853773584,CompressionPressure,0.6232730803683738,7464.0,7467.75,7456.75,7460.5,Up,1,7463.75,11.0,9.339285714285714,5,7465.5,5.0,0.5353728489483748,5.0,0.5353728489483748,9.75,-3.0,1.0439770554493308,-0.3212237093690249,1,1
ES,xApvaV01StateLog_ES.csv,3047,2026-05-21 13:00:00,Unresolved,Unresolved->Unresolved->Unresolved->Unresolved,Pure Unresolved Compression Equilibrium,Exact,1.0,1.6854752972215634,0.4444444444444444,0.5,0.0,0.0,0.0505555555555555,0.0555555555555555,0.5805555555555556,0.5166666666666666,CompressionPressure,0.5805555555555556,7460.5,7469.75,7457.5,7465.25,Up,1,7460.5,12.25,9.107142857142858,5,7465.75,0.5,0.0549019607843137,0.5,0.0549019607843137,5.0,-2.0,0.5490196078431372,-0.2196078431372549,1,1
ES,xApvaV01StateLog_ES.csv,3048,2026-05-21 13:05:00,Unresolved,Unresolved->Unresolved->Unresolved->Unresolved,Pure Unresolved Compression Equilibrium,Exact,1.0,1.7609640474379105,0.4444444444444444,0.5,0.0,0.0,0.0505555555555555,0.0555555555555555,0.5805555555555556,0.5166666666666666,CompressionPressure,0.5805555555555556,7465.25,7469.5,7463.25,7466.75,Up,1,7465.25,6.25,7.625,5,7465.25,-1.5,-0.1967213114754098,-1.5,-0.1967213114754098,3.5,-2.75,0.4590163934426229,-0.360655737704918,0,1
ES,xApvaV01StateLog_ES.csv,3049,2026-05-21 13:10:00,Unresolved,Unresolved->Unresolved->Unresolved->Unresolved,Pure Unresolved Compression Equilibrium,Exact,1.0,1.6854752972215634,0.4444444444444444,0.5,0.0,0.0,0.0505555555555555,0.0555555555555555,0.5805555555555556,0.5166666666666666,CompressionPressure,0.5805555555555556,7466.75,7470.25,7466.0,7468.0,Up,1,7466.75,4.25,7.232142857142857,5,7466.75,-1.25,-0.1728395061728395,-1.25,-0.1728395061728395,0.75,-4.0,0.1037037037037037,-0.5530864197530865,0,1
ES,xApvaV01StateLog_ES.csv,3051,2026-05-21 13:20:00,Unresolved,Unresolved->Unresolved->Balance->Unresolved,Stable Compression Basin,Exact,1.0,1.4854752972230063,0.5555555555555556,0.5,0.0,0.0,0.0471710753341413,0.0694444444444444,0.5599355717013399,0.533281054600866,CompressionPressure,0.5599355717013399,7468.25,7468.25,7465.0,7465.5,Up,1,7468.5,3.5,6.125,5,7467.0,1.5,0.2448979591836734,1.5,0.2448979591836734,2.25,-1.5,0.3673469387755102,-0.2448979591836734,1,1
ES,xApvaV01StateLog_ES.csv,3052,2026-05-21 13:25:00,Unresolved,Unresolved->Balance->Unresolved->Unresolved,Stable Compression Basin,Exact,1.0,1.4854752972230063,0.4444444444444444,0.5,0.0,0.0,0.0593238531119191,0.0555555555555555,0.5877133494791177,0.4916143879341992,CompressionPressure,0.5877133494791177,7465.75,7466.75,7464.0,7465.75,Up,1,7465.5,2.75,5.946428571428571,5,7468.0,2.25,0.3783783783783784,2.25,0.3783783783783784,3.0,-1.5,0.5045045045045046,-0.2522522522522523,1,1
ES,xApvaV01StateLog_ES.csv,3058,2026-05-21 13:55:00,Unresolved,Balance->Balance->Unresolved->Unresolved,Stable Compression Basin,Exact,1.0,1.2954618442339936,0.4444444444444444,0.6,0.0,0.0,0.085538424773057,0.0555555555555555,0.6412558569575977,0.4500489450928527,CompressionPressure,0.6412558569575977,7468.0,7468.75,7468.0,7468.25,Up,1,7468.0,0.75,4.232142857142857,5,7508.25,40.0,9.451476793248943,40.0,9.451476793248943,48.0,-1.75,11.341772151898736,-0.4135021097046414,1,1
ES,xApvaV01StateLog_ES.csv,3059,2026-05-21 14:00:00,Unresolved,Balance->Unresolved->Unresolved->Unresolved,Stable Compression Basin,Exact,1.0,0.9709505944517832,0.3333333333333333,0.6,0.0,0.0,0.1225365951122853,0.0416666666666666,0.6893155878467636,0.3373954425363276,CompressionPressure,0.6893155878467636,7468.25,7468.5,7466.5,7467.0,Up,1,7468.25,2.0,3.892857142857143,5,7507.25,40.25,10.339449541284404,40.25,10.339449541284404,49.25,24.0,12.65137614678899,6.165137614678899,1,1
ES,xApvaV01StateLog_ES.csv,3060,2026-05-22 06:35:00,Unresolved,Unresolved->Unresolved->Unresolved->Unresolved,Pure Unresolved Compression Equilibrium,Exact,1.0,1.360964047439353,0.3333333333333333,0.5,0.0,0.0,0.0810095234512578,0.0416666666666666,0.6232730803683738,0.4227108853773584,CompressionPressure,0.6232730803683738,7496.75,7508.0,7491.0,7506.5,Up,1,7467.0,41.0,6.035714285714286,5,7509.75,3.25,0.5384615384615384,3.25,0.5384615384615384,9.75,-6.0,1.6153846153846154,-0.9940828402366864,1,1
ES,xApvaV01StateLog_ES.csv,3061,2026-05-22 06:40:00,Unresolved,Unresolved->Unresolved->Unresolved->Unresolved,Pure Unresolved Compression Equilibrium,Exact,1.0,1.4854752972230063,0.3333333333333333,0.5,0.0,0.0,0.0714766308896969,0.0416666666666666,0.6154911272568955,0.4499477212675326,CompressionPressure,0.6154911272568955,7506.5,7514.25,7504.75,7512.75,Up,1,7506.5,9.5,5.839285714285714,5,7496.25,-16.5,-2.825688073394496,-16.5,-2.825688073394496,3.5,-20.75,0.599388379204893,-3.553516819571865,0,1
ES,xApvaV01StateLog_ES.csv,3063,2026-05-22 06:50:00,Unresolved,Unresolved->Unresolved->Degrading->Unresolved,Stable Compression Basin,Exact,1.0,1.8464393446652445,0.4444444444444444,0.4,0.0,0.0,0.0388888888888888,0.0555555555555555,0.538888888888889,0.5166666666666666,CompressionPressure,0.538888888888889,7508.25,7515.75,7504.75,7508.25,Up,1,7508.5,11.0,6.75,5,7489.75,-18.5,-2.740740740740741,-18.5,-2.740740740740741,1.75,-22.25,0.2592592592592592,-3.2962962962962963,0,1
ES,xApvaV01StateLog_ES.csv,3064,2026-05-22 06:55:00,Unresolved,Unresolved->Degrading->Unresolved->Unresolved,Stable Compression Basin,Exact,1.0,1.8464393446652445,0.4444444444444444,0.4,0.0,0.0,0.0388888888888888,0.0555555555555555,0.538888888888889,0.5166666666666666,CompressionPressure,0.538888888888889,7508.5,7509.0,7500.5,7507.25,Down,-1,7508.25,8.5,7.178571428571429,5,7488.75,-18.5,-2.577114427860697,18.5,2.577114427860697,21.25,-2.75,2.960199004975124,-0.3830845771144278,1,1
ES,xApvaV01StateLog_ES.csv,3067,2026-05-22 07:10:00,Unresolved,Unresolved->Balance->Unresolved->Unresolved,Stable Compression Basin,Exact,1.0,1.5709505944488975,0.5555555555555556,0.6,0.0,0.0,0.0522935395569507,0.0694444444444444,0.5962600322913884,0.5519787758690297,CompressionPressure,0.5962600322913884,7496.25,7496.25,7486.0,7495.5,Down,-1,7496.25,10.25,9.125,5,7493.75,-1.75,-0.1917808219178082,1.75,0.1917808219178082,16.75,-2.25,1.8356164383561644,-0.2465753424657534,1,1
ES,xApvaV01StateLog_ES.csv,3068,2026-05-22 07:15:00,Unresolved,Balance->Unresolved->Unresolved->Unresolved,Stable Compression Basin,Exact,1.0,1.5709505944488975,0.5555555555555556,0.6,0.0,0.0,0.0522935395569507,0.0694444444444444,0.5962600322913884,0.5519787758690297,CompressionPressure,0.5962600322913884,7495.5,7497.75,7489.25,7489.75,Down,-1,7495.5,8.5,9.553571428571429,5,7494.75,5.0,0.5233644859813084,-5.0,-0.5233644859813084,11.0,-7.75,1.1514018691588783,-0.811214953271028,0,1
ES,xApvaV01StateLog_ES.csv,3075,2026-05-22 07:50:00,Unresolved,Degrading->Degrading->Unresolved->Unresolved,Stable Compression Basin,Exact,1.0,1.360964047439353,0.4444444444444444,0.5,0.0,0.0,0.0688567456734801,0.0555555555555555,0.595495302590596,0.4643775520440251,CompressionPressure,0.595495302590596,7498.0,7499.0,7492.0,7496.0,Up,1,7498.0,7.0,9.107142857142858,5,7504.75,8.75,0.96078431372549,8.75,0.96078431372549,10.0,-2.75,1.0980392156862744,-0.3019607843137254,1,1
ES,xApvaV01StateLog_ES.csv,3076,2026-05-22 07:55:00,Unresolved,Degrading->Unresolved->Unresolved->Unresolved,Stable Compression Basin,Exact,1.0,1.360964047439353,0.4444444444444444,0.5,0.0,0.0,0.0688567456734801,0.0555555555555555,0.595495302590596,0.4643775520440251,CompressionPressure,0.595495302590596,7495.75,7496.75,7493.25,7496.5,Up,1,7496.0,3.5,8.482142857142858,5,7508.75,12.25,1.4442105263157894,12.25,1.4442105263157894,12.75,-1.25,1.503157894736842,-0.1473684210526315,1,1
ES,xApvaV01StateLog_ES.csv,3078,2026-05-22 08:05:00,Unresolved,Unresolved->Unresolved->Unresolved->Unresolved,Pure Unresolved Compression Equilibrium,Exact,1.0,1.8464393446652445,0.4444444444444444,0.4,0.0,0.0,0.0388888888888888,0.0555555555555555,0.538888888888889,0.5166666666666666,CompressionPressure,0.538888888888889,7499.5,7503.25,7498.75,7502.5,Up,1,7499.5,4.5,7.875,5,7513.5,11.0,1.3968253968253967,11.0,1.3968253968253967,11.25,-1.25,1.4285714285714286,-0.1587301587301587,1,1
ES,xApvaV01StateLog_ES.csv,3079,2026-05-22 08:10:00,Unresolved,Unresolved->Unresolved->Unresolved->Unresolved,Pure Unresolved Compression Equilibrium,Exact,1.0,1.8954618442325508,0.4444444444444444,0.3,0.0,0.0,0.0388888888888888,0.0555555555555555,0.538888888888889,0.5166666666666666,CompressionPressure,0.538888888888889,7502.5,7506.0,7501.25,7505.0,Up,1,7502.5,4.75,7.625,5,7510.75,5.75,0.7540983606557377,5.75,0.7540983606557377,10.25,-3.5,1.3442622950819672,-0.4590163934426229,1,1
ES,xApvaV01StateLog_ES.csv,3080,2026-05-22 08:15:00,Unresolved,Unresolved->Unresolved->Unresolved->Unresolved,Pure Unresolved Compression Equilibrium,Exact,1.0,1.8464393446652445,0.3333333333333333,0.4,0.0,0.0,0.0510416666666666,0.0416666666666666,0.5666666666666667,0.475,CompressionPressure,0.5666666666666667,7505.0,7505.75,7501.5,7504.75,Up,1,7505.0,4.25,6.642857142857143,5,7511.25,6.5,0.978494623655914,6.5,0.978494623655914,10.5,-1.5,1.5806451612903225,-0.2258064516129032,1,1
ES,xApvaV01StateLog_ES.csv,3081,2026-05-22 08:20:00,Unresolved,Unresolved->Unresolved->Unresolved->Unresolved,Pure Unresolved Compression Equilibrium,Exact,1.0,1.4854752972230063,0.2222222222222222,0.5,0.0,0.0,0.0836294086674746,0.0277777777777777,0.6432689050346733,0.4082810546008659,CompressionPressure,0.6432689050346733,7504.75,7509.25,7503.25,7508.75,Up,1,7504.75,6.0,6.339285714285714,5,7512.0,3.25,0.5126760563380282,3.25,0.5126760563380282,6.5,-3.5,1.0253521126760563,-0.5521126760563381,1,1
ES,xApvaV01StateLog_ES.csv,3082,2026-05-22 08:25:00,Unresolved,Unresolved->Unresolved->Unresolved->Unresolved,Pure Unresolved Compression Equilibrium,Exact,1.0,1.2954618442339936,0.2222222222222222,0.6,0.0,0.0,0.1098439803286126,0.0277777777777777,0.6968114125131533,0.3667156117595194,CompressionPressure,0.6968114125131533,7509.0,7509.25,7505.25,7507.0,Up,1,7508.75,4.0,6.017857142857143,5,7508.5,1.5,0.2492581602373887,1.5,0.2492581602373887,8.25,-1.75,1.3709198813056378,-0.2908011869436201,1,1
ES,xApvaV01StateLog_ES.csv,3083,2026-05-22 08:30:00,Unresolved,Unresolved->Unresolved->Unresolved->Unresolved,Pure Unresolved Compression Equilibrium,Exact,1.0,0.8812908992278072,0.1111111111111111,0.7,0.0,0.0,0.1653733877500932,0.0138888888888888,0.7921415410204843,0.2344490508727494,CompressionPressure,0.7921415410204843,7507.0,7513.75,7505.25,7513.5,Up,1,7507.0,8.5,6.125,5,7510.75,-2.75,-0.4489795918367347,-2.75,-0.4489795918367347,1.75,-5.75,0.2857142857142857,-0.9387755102040816,0,1
ES,xApvaV01StateLog_ES.csv,3084,2026-05-22 08:35:00,Unresolved,Unresolved->Unresolved->Unresolved->Unresolved,Pure Unresolved Compression Equilibrium,Exact,1.0,0.7219280948844771,0.1111111111111111,0.8,0.0,0.0,0.1892412691242961,0.0138888888888888,0.8437683829586091,0.199588437422646,CompressionPressure,0.8437683829586091,7513.5,7515.25,7509.75,7510.75,Up,1,7513.5,5.5,5.696428571428571,5,7510.75,0.0,0.0,0.0,0.0,2.75,-3.0,0.4827586206896552,-0.5266457680250783,0,1
ES,xApvaV01StateLog_ES.csv,3085,2026-05-22 08:40:00,Unresolved,Unresolved->Unresolved->Unresolved->Unresolved,Pure Unresolved Compression Equilibrium,Exact,1.0,0.4689955935863958,0.1111111111111111,0.9,0.0,0.0,0.2202730804215971,0.0138888888888888,0.9012433309564056,0.1442594527636907,CompressionPressure,0.9012433309564056,7510.75,7513.5,7509.25,7511.25,Up,1,7510.75,4.25,5.375,5,7510.5,-0.75,-0.1395348837209302,-0.75,-0.1395348837209302,1.75,-4.5,0.3255813953488372,-0.8372093023255814,0,1
ES,xApvaV01StateLog_ES.csv,3086,2026-05-22 08:45:00,Unresolved,Unresolved->Unresolved->Unresolved->Unresolved,Pure Unresolved Compression Equilibrium,Exact,1.0,-1.4428232973175177e-12,0.0,1.0,0.0,0.0,0.2799999999999999,0.0,1.0,0.0,CompressionPressure,1.0,7511.25,7512.5,7509.0,7512.0,Up,1,7511.25,3.5,5.196428571428571,5,7508.0,-4.0,-0.7697594501718213,-4.0,-0.7697594501718213,1.0,-5.25,0.1924398625429553,-1.0103092783505154,0,1
ES,xApvaV01StateLog_ES.csv,3087,2026-05-22 08:50:00,Unresolved,Unresolved->Unresolved->Unresolved->Unresolved,Pure Unresolved Compression Equilibrium,Exact,1.0,-1.4428232973175177e-12,0.0,1.0,0.0,0.0,0.2799999999999999,0.0,1.0,0.0,CompressionPressure,1.0,7512.25,7513.0,7507.75,7508.5,Up,1,7512.0,5.25,5.25,5,7508.5,0.0,0.0,0.0,0.0,3.75,-2.5,0.7142857142857143,-0.4761904761904761,0,1
ES,xApvaV01StateLog_ES.csv,3088,2026-05-22 08:55:00,Unresolved,Unresolved->Unresolved->Unresolved->Unresolved,Pure Unresolved Compression Equilibrium,Exact,1.0,-1.4428232973175177e-12,0.0,1.0,0.0,0.0,0.2799999999999999,0.0,1.0,0.0,CompressionPressure,1.0,7508.5,7512.0,7508.25,7510.75,Up,1,7508.5,3.75,5.089285714285714,5,7503.75,-7.0,-1.375438596491228,-7.0,-1.375438596491228,1.5,-7.25,0.2947368421052631,-1.424561403508772,0,1
ES,xApvaV01StateLog_ES.csv,3089,2026-05-22 09:00:00,Balance,Unresolved->Unresolved->Unresolved->Balance,Unstable Rotational Balance,Exact,1.0,0.4689955935863958,0.1111111111111111,0.9,0.0,0.0,0.2202730804215971,0.0138888888888888,0.4512433309564058,0.3942594527636907,CompressionPressure,0.4512433309564058,7510.75,7511.75,7509.0,7510.75,Up,1,7510.75,2.75,4.785714285714286,5,7504.25,-6.5,-1.3582089552238807,-6.5,-1.3582089552238807,1.5,-8.0,0.3134328358208955,-1.671641791044776,0,1
ES,xApvaV01StateLog_ES.csv,3091,2026-05-22 09:10:00,Unresolved,Unresolved->Balance->Balance->Unresolved,Stable Compression Basin,Exact,1.0,1.1567796494427114,0.2222222222222222,0.7,0.0,0.0,0.1321285025339868,0.0277777777777777,0.747145716354275,0.3363788816489264,CompressionPressure,0.747145716354275,7510.5,7511.0,7507.0,7508.0,Down,-1,7510.5,4.0,4.75,5,7504.75,-3.25,-0.6842105263157895,3.25,0.6842105263157895,5.25,-3.0,1.105263157894737,-0.631578947368421,1,1
ES,xApvaV01StateLog_ES.csv,3092,2026-05-22 09:15:00,Unresolved,Balance->Balance->Unresolved->Unresolved,Stable Compression Basin,Exact,1.0,1.3709505944503406,0.2222222222222222,0.6,0.0,0.0,0.1040643728901735,0.0277777777777777,0.6920933656246315,0.3832287758693453,CompressionPressure,0.6920933656246315,7507.75,7510.25,7506.0,7508.5,Down,-1,7508.0,4.25,4.732142857142857,5,7504.5,-4.0,-0.8452830188679246,4.0,0.8452830188679246,5.75,-2.5,1.2150943396226417,-0.5283018867924528,1,1
ES,xApvaV01StateLog_ES.csv,3093,2026-05-22 09:20:00,Unresolved,Balance->Unresolved->Unresolved->Unresolved,Stable Compression Basin,Exact,1.0,1.4854752972230063,0.2222222222222222,0.5,0.0,0.0,0.0836294086674746,0.0277777777777777,0.6432689050346733,0.4082810546008659,CompressionPressure,0.6432689050346733,7508.25,7508.5,7503.5,7503.75,Down,-1,7508.5,5.0,4.75,5,7504.5,0.75,0.1578947368421052,-0.75,-0.1578947368421052,1.0,-7.25,0.2105263157894736,-1.5263157894736843,0,1
ES,xApvaV01StateLog_ES.csv,3094,2026-05-22 09:25:00,Unresolved,Unresolved->Unresolved->Unresolved->Unresolved,Pure Unresolved Compression Equilibrium,Exact,1.0,1.4854752972230063,0.3333333333333333,0.5,0.0,0.0,0.0714766308896969,0.0416666666666666,0.6154911272568955,0.4499477212675326,CompressionPressure,0.6154911272568955,7503.5,7508.0,7502.75,7504.25,Down,-1,7503.75,5.25,4.821428571428571,5,7506.0,1.75,0.362962962962963,-1.75,-0.362962962962963,1.5,-6.75,0.3111111111111111,-1.4,0,1
ES,xApvaV01StateLog_ES.csv,3097,2026-05-22 09:40:00,Unresolved,Unresolved->Balance->Unresolved->Unresolved,Stable Compression Basin,Exact,1.0,1.4854752972230063,0.5555555555555556,0.5,0.0,0.0,0.0471710753341413,0.0694444444444444,0.5599355717013399,0.533281054600866,CompressionPressure,0.5599355717013399,7504.5,7507.75,7502.75,7504.5,Up,1,7504.75,5.0,4.714285714285714,5,7512.5,8.0,1.696969696969697,8.0,1.696969696969697,8.0,-1.0,1.696969696969697,-0.2121212121212121,1,1
ES,xApvaV01StateLog_ES.csv,3098,2026-05-22 09:45:00,Unresolved,Balance->Unresolved->Unresolved->Unresolved,Stable Compression Basin,Exact,1.0,1.2954618442339936,0.4444444444444444,0.6,0.0,0.0,0.085538424773057,0.0555555555555555,0.6412558569575977,0.4500489450928527,CompressionPressure,0.6412558569575977,7504.5,7507.25,7503.5,7504.5,Up,1,7504.5,3.75,4.589285714285714,5,7512.0,7.5,1.6342412451361867,7.5,1.6342412451361867,9.0,0.0,1.961089494163424,0.0,1,1
ES,xApvaV01StateLog_ES.csv,3099,2026-05-22 09:50:00,Unresolved,Unresolved->Unresolved->Unresolved->Unresolved,Pure Unresolved Compression Equilibrium,Exact,1.0,1.3709505944503406,0.5555555555555556,0.6,0.0,0.0,0.0676060395568402,0.0694444444444444,0.6087600322912982,0.5082287758693453,CompressionPressure,0.6087600322912982,7504.5,7510.0,7504.5,7506.0,Up,1,7504.5,5.5,4.678571428571429,5,7510.5,4.5,0.9618320610687022,4.5,0.9618320610687022,7.5,-1.0,1.6030534351145038,-0.2137404580152671,1,1
ES,xApvaV01StateLog_ES.csv,3100,2026-05-22 09:55:00,Unresolved,Unresolved->Unresolved->Unresolved->Unresolved,Pure Unresolved Compression Equilibrium,Exact,1.0,1.2954618442339936,0.4444444444444444,0.6,0.0,0.0,0.085538424773057,0.0555555555555555,0.6412558569575977,0.4500489450928527,CompressionPressure,0.6412558569575977,7506.25,7509.5,7505.0,7509.25,Up,1,7506.0,4.5,4.75,5,7502.5,-6.75,-1.4210526315789471,-6.75,-1.4210526315789471,4.25,-7.5,0.8947368421052632,-1.5789473684210529,0,1
ES,xApvaV01StateLog_ES.csv,3101,2026-05-22 10:00:00,Unresolved,Unresolved->Unresolved->Unresolved->Unresolved,Pure Unresolved Compression Equilibrium,Exact,1.0,1.360964047439353,0.4444444444444444,0.5,0.0,0.0,0.0688567456734801,0.0555555555555555,0.595495302590596,0.4643775520440251,CompressionPressure,0.595495302590596,7509.25,7509.25,7505.25,7507.25,Up,1,7509.25,4.0,4.660714285714286,5,7508.0,0.75,0.160919540229885,0.75,0.160919540229885,6.25,-5.75,1.3409961685823757,-1.2337164750957854,1,1
ES,xApvaV01StateLog_ES.csv,3102,2026-05-22 10:05:00,Unresolved,Unresolved->Unresolved->Unresolved->Unresolved,Pure Unresolved Compression Equilibrium,Exact,1.0,1.360964047439353,0.4444444444444444,0.5,0.0,0.0,0.0688567456734801,0.0555555555555555,0.595495302590596,0.4643775520440251,CompressionPressure,0.595495302590596,7507.25,7512.5,7507.0,7512.5,Up,1,7507.25,5.5,4.785714285714286,5,7522.25,9.75,2.037313432835821,9.75,2.037313432835821,10.0,-11.0,2.0895522388059704,-2.298507462686567,1,1
ES,xApvaV01StateLog_ES.csv,3103,2026-05-22 10:10:00,Unresolved,Unresolved->Unresolved->Unresolved->Unresolved,Pure Unresolved Compression Equilibrium,Exact,1.0,1.2954618442339936,0.3333333333333333,0.6,0.0,0.0,0.0976912025508348,0.0416666666666666,0.6690336347353755,0.4083822784261861,CompressionPressure,0.6690336347353755,7512.5,7513.5,7511.0,7512.0,Up,1,7512.5,2.5,4.767857142857143,5,7513.75,1.75,0.3670411985018726,1.75,0.3670411985018726,12.0,-10.5,2.5168539325842696,-2.202247191011236,1,1
ES,xApvaV01StateLog_ES.csv,3104,2026-05-22 10:15:00,Unresolved,Unresolved->Unresolved->Unresolved->Unresolved,Pure Unresolved Compression Equilibrium,Exact,1.0,1.2954618442339936,0.2222222222222222,0.6,0.0,0.0,0.1098439803286126,0.0277777777777777,0.6968114125131533,0.3667156117595194,CompressionPressure,0.6968114125131533,7511.75,7513.0,7510.0,7510.5,Down,-1,7512.0,3.0,4.589285714285714,5,7517.25,6.75,1.470817120622568,-6.75,-1.470817120622568,9.0,-13.5,1.961089494163424,-2.941634241245136,0,1
ES,xApvaV01StateLog_ES.csv,3105,2026-05-22 10:20:00,Unresolved,Unresolved->Unresolved->Unresolved->Unresolved,Pure Unresolved Compression Equilibrium,Exact,1.0,0.8812908992278072,0.1111111111111111,0.7,0.0,0.0,0.1653733877500932,0.0138888888888888,0.7921415410204843,0.2344490508727494,CompressionPressure,0.7921415410204843,7510.75,7512.5,7501.75,7502.5,Down,-1,7510.5,10.75,5.071428571428571,5,7514.75,12.25,2.415492957746479,-12.25,-2.415492957746479,1.0,-21.5,0.1971830985915493,-4.23943661971831,0,1
ES,xApvaV01StateLog_ES.csv,3106,2026-05-22 10:25:00,Unresolved,Unresolved->Unresolved->Unresolved->Unresolved,Pure Unresolved Compression Equilibrium,Exact,1.0,0.7219280948844771,0.1111111111111111,0.8,0.0,0.0,0.1892412691242961,0.0138888888888888,0.8437683829586091,0.199588437422646,CompressionPressure,0.8437683829586091,7502.75,7508.5,7501.5,7508.0,Down,-1,7502.5,7.0,5.267857142857143,5,7511.5,3.5,0.6644067796610169,-3.5,-0.6644067796610169,0.5,-16.0,0.0949152542372881,-3.03728813559322,0,1
ES,xApvaV01StateLog_ES.csv,3107,2026-05-22 10:30:00,Unresolved,Unresolved->Unresolved->Unresolved->Unresolved,Pure Unresolved Compression Equilibrium,Exact,1.0,0.4689955935863958,0.1111111111111111,0.9,0.0,0.0,0.2202730804215971,0.0138888888888888,0.9012433309564056,0.1442594527636907,CompressionPressure,0.9012433309564056,7508.0,7522.5,7507.5,7522.25,Up,1,7508.0,15.0,5.982142857142857,5,7507.5,-14.75,-2.465671641791045,-14.75,-2.465671641791045,1.75,-17.0,0.2925373134328358,-2.8417910447761194,0,1
ES,xApvaV01StateLog_ES.csv,3108,2026-05-22 10:35:00,Unresolved,Unresolved->Unresolved->Unresolved->Unresolved,Pure Unresolved Compression Equilibrium,Exact,1.0,-1.4428232973175177e-12,0.0,1.0,0.0,0.0,0.2799999999999999,0.0,1.0,0.0,CompressionPressure,1.0,7522.0,7524.0,7513.0,7513.75,Up,1,7522.25,11.0,6.392857142857143,5,7508.25,-5.5,-0.8603351955307262,-5.5,-0.8603351955307262,5.25,-8.5,0.8212290502793296,-1.329608938547486,0,1
ES,xApvaV01StateLog_ES.csv,3109,2026-05-22 10:40:00,Unresolved,Unresolved->Unresolved->Unresolved->Unresolved,Pure Unresolved Compression Equilibrium,Exact,1.0,-1.4428232973175177e-12,0.0,1.0,0.0,0.0,0.2799999999999999,0.0,1.0,0.0,CompressionPressure,1.0,7514.0,7519.0,7512.25,7517.25,Up,1,7513.75,6.75,6.5,5,7505.75,-11.5,-1.7692307692307692,-11.5,-1.7692307692307692,0.75,-14.75,0.1153846153846153,-2.269230769230769,0,1
ES,xApvaV01StateLog_ES.csv,3110,2026-05-22 10:45:00,Unresolved,Unresolved->Unresolved->Unresolved->Unresolved,Pure Unresolved Compression Equilibrium,Exact,1.0,-1.4428232973175177e-12,0.0,1.0,0.0,0.0,0.2799999999999999,0.0,1.0,0.0,CompressionPressure,1.0,7517.5,7518.0,7513.5,7514.75,Up,1,7517.25,4.5,6.339285714285714,5,7507.75,-7.0,-1.104225352112676,-7.0,-1.104225352112676,0.75,-12.25,0.1183098591549295,-1.932394366197183,0,1
ES,xApvaV01StateLog_ES.csv,3111,2026-05-22 10:50:00,Unresolved,Unresolved->Unresolved->Unresolved->Unresolved,Pure Unresolved Compression Equilibrium,Exact,1.0,-1.4428232973175177e-12,0.0,1.0,0.0,0.0,0.2799999999999999,0.0,1.0,0.0,CompressionPressure,1.0,7514.75,7515.5,7511.25,7511.5,Down,-1,7514.75,4.25,6.285714285714286,5,7506.5,-5.0,-0.7954545454545455,5.0,0.7954545454545455,9.0,-1.0,1.431818181818182,-0.1590909090909091,1,1
ES,xApvaV01StateLog_ES.csv,3130,2026-05-22 12:25:00,Unresolved,Balance->Balance->Unresolved->Unresolved,Stable Compression Basin,Exact,1.0,1.2954618442339936,0.6666666666666666,0.6,0.0,0.0,0.0612328692175015,0.0833333333333333,0.5857003014020421,0.533382278426186,CompressionPressure,0.5857003014020421,7497.75,7498.0,7493.75,7496.0,Down,-1,7497.75,4.25,4.839285714285714,5,7489.0,-7.0,-1.4464944649446494,7.0,1.4464944649446494,12.25,-0.25,2.5313653136531364,-0.051660516605166,1,1
ES,xApvaV01StateLog_ES.csv,3132,2026-05-22 12:35:00,Unresolved,Unresolved->Unresolved->Balance->Unresolved,Stable Compression Basin,Exact,1.0,1.2954618442339936,0.6666666666666666,0.6,0.0,0.0,0.0612328692175015,0.0833333333333333,0.5857003014020421,0.533382278426186,CompressionPressure,0.5857003014020421,7490.0,7493.5,7486.5,7492.25,Down,-1,7489.75,7.0,5.232142857142857,5,7490.5,-1.75,-0.3344709897610922,1.75,0.3344709897610922,8.5,-4.75,1.6245733788395906,-0.907849829351536,1,1
ES,xApvaV01StateLog_ES.csv,3133,2026-05-22 12:40:00,Unresolved,Unresolved->Balance->Unresolved->Unresolved,Stable Compression Basin,Exact,1.0,0.9709505944517832,0.5555555555555556,0.6,0.0,0.0,0.0982310395567297,0.0694444444444444,0.633760032291208,0.4207287758696609,CompressionPressure,0.633760032291208,7492.25,7495.5,7490.75,7492.75,Up,1,7492.25,4.75,5.267857142857143,5,7490.25,-2.5,-0.4745762711864406,-2.5,-0.4745762711864406,4.25,-9.0,0.8067796610169491,-1.7084745762711864,0,1
ES,xApvaV01StateLog_ES.csv,3138,2026-05-22 13:05:00,Unresolved,Balance->Balance->Unresolved->Unresolved,Stable Compression Basin,Exact,1.0,0.9709505944517832,0.5555555555555556,0.6,0.0,0.0,0.0982310395567297,0.0694444444444444,0.633760032291208,0.4207287758696609,CompressionPressure,0.633760032291208,7490.5,7492.25,7487.25,7490.25,Down,-1,7490.5,5.0,6.089285714285714,5,7491.5,1.25,0.2052785923753665,-1.25,-0.2052785923753665,0.25,-4.75,0.0410557184750733,-0.7800586510263929,0,1
ES,xApvaV01StateLog_ES.csv,3140,2026-05-22 13:15:00,Unresolved,Unresolved->Unresolved->Balance->Unresolved,Stable Compression Basin,Exact,1.0,0.9709505944517832,0.5555555555555556,0.6,0.0,0.0,0.0982310395567297,0.0694444444444444,0.633760032291208,0.4207287758696609,CompressionPressure,0.633760032291208,7492.75,7495.0,7492.25,7494.25,Up,1,7492.75,2.75,5.553571428571429,5,7488.0,-6.25,-1.12540192926045,-6.25,-1.12540192926045,0.25,-9.25,0.045016077170418,-1.6655948553054662,0,1
ES,xApvaV01StateLog_ES.csv,3141,2026-05-22 13:20:00,Unresolved,Unresolved->Balance->Unresolved->Unresolved,Stable Compression Basin,Exact,1.0,0.9999999999971146,0.4444444444444444,0.5,0.0,0.0,0.0964930555557764,0.0555555555555555,0.618055555555736,0.3854166666660354,CompressionPressure,0.618055555555736,7494.25,7494.5,7491.0,7492.75,Up,1,7494.25,3.5,5.446428571428571,5,7485.5,-7.25,-1.3311475409836069,-7.25,-1.3311475409836069,0.5,-7.75,0.0918032786885246,-1.4229508196721312,0,1
ES,xApvaV01StateLog_ES.csv,3142,2026-05-22 13:25:00,Unresolved,Balance->Unresolved->Unresolved->Unresolved,Stable Compression Basin,Exact,1.0,0.9999999999971146,0.4444444444444444,0.5,0.0,0.0,0.0964930555557764,0.0555555555555555,0.618055555555736,0.3854166666660354,CompressionPressure,0.618055555555736,7492.75,7492.75,7490.75,7491.25,Down,-1,7492.75,2.0,5.25,5,7484.25,-7.0,-1.3333333333333333,7.0,1.3333333333333333,8.25,-2.0,1.5714285714285714,-0.3809523809523809,1,1
