Instrument,File,BarIndex,Time,MacroState,Quadruplet,ResolvedArchetype,ResolutionMethod,Similarity,RollingEntropy,RollingVelocity,RollingDominantFraction,RollingDirectionalPresence,CurrentDirectionalEmergence,DirectionalReleasePressure,ExhaustionPressure,CompressionPressure,RotationalPressure,DominantPressure,DominantPressureValue,Open,High,Low,Close,ActiveDirection,DirectionSign,PrevClose,TR,ATR14,HorizonBars,FutureClose,RawReturn,NormalizedReturn,SignedReturn,SignedNormalizedReturn,DirectionalMFE,DirectionalMAE,DirectionalNormalizedMFE,DirectionalNormalizedMAE,DirectionalHit,HasDirection
ES,xApvaV01StateLog_ES.csv,49,2026-04-06 10:40:00,Unresolved,Unresolved->Unresolved->Degrading->Unresolved,Stable Compression Basin,Exact,1.0,1.2954618442339936,0.6666666666666666,0.6,0.0,0.0,0.0612328692175015,0.0833333333333333,0.5857003014020421,0.533382278426186,CompressionPressure,0.5857003014020421,6637.5,6640.75,6634.0,6635.75,Up,1,6637.75,6.75,7.928571428571429,5,6626.75,-9.0,-1.135135135135135,-9.0,-1.135135135135135,0.25,-9.75,0.0315315315315315,-1.2297297297297296,0,1
ES,xApvaV01StateLog_ES.csv,50,2026-04-06 10:45:00,Unresolved,Unresolved->Degrading->Unresolved->Unresolved,Stable Compression Basin,Exact,1.0,1.1567796494427114,0.5555555555555556,0.7,0.0,0.0,0.0956701692006535,0.0694444444444444,0.6638123830209416,0.4613788816489264,CompressionPressure,0.6638123830209416,6635.5,6636.0,6631.5,6635.0,Down,-1,6635.75,4.5,7.875,5,6631.0,-4.0,-0.5079365079365079,4.0,0.5079365079365079,9.0,0.0,1.1428571428571428,0.0,1,1
ES,xApvaV01StateLog_ES.csv,52,2026-04-06 10:55:00,Unresolved,Unresolved->Unresolved->Unresolved->Unresolved,Pure Unresolved Compression Equilibrium,Exact,1.0,1.1567796494427114,0.5555555555555556,0.7,0.0,0.0,0.0956701692006535,0.0694444444444444,0.6638123830209416,0.4613788816489264,CompressionPressure,0.6638123830209416,6632.0,6633.75,6628.0,6629.5,Down,-1,6632.0,5.75,7.910714285714286,5,6643.25,13.75,1.7381489841986455,-13.75,-1.7381489841986455,3.5,-15.5,0.4424379232505643,-1.959367945823928,0,1
ES,xApvaV01StateLog_ES.csv,57,2026-04-06 11:20:00,Unresolved,Unresolved->Unresolved->Unresolved->Unresolved,Pure Unresolved Compression Equilibrium,Exact,1.0,1.2954618442339936,0.2222222222222222,0.6,0.0,0.0,0.1098439803286126,0.0277777777777777,0.6968114125131533,0.3667156117595194,CompressionPressure,0.6968114125131533,6637.5,6645.0,6636.75,6643.25,Up,1,6637.25,8.25,8.017857142857142,5,6642.5,-0.75,-0.0935412026726058,-0.75,-0.0935412026726058,7.0,-2.25,0.8730512249443207,-0.2806236080178174,0,1
ES,xApvaV01StateLog_ES.csv,58,2026-04-06 11:25:00,Unresolved,Unresolved->Unresolved->Unresolved->Unresolved,Pure Unresolved Compression Equilibrium,Exact,1.0,0.8812908992278072,0.1111111111111111,0.7,0.0,0.0,0.1653733877500932,0.0138888888888888,0.7921415410204843,0.2344490508727494,CompressionPressure,0.7921415410204843,6643.25,6650.25,6641.75,6647.75,Up,1,6643.25,8.5,7.357142857142857,5,6645.0,-2.75,-0.3737864077669903,-2.75,-0.3737864077669903,2.5,-6.75,0.3398058252427184,-0.9174757281553398,0,1
ES,xApvaV01StateLog_ES.csv,80,2026-04-06 13:15:00,Unresolved,Unresolved->Degrading->Degrading->Unresolved,Stable Compression Basin,Exact,1.0,1.1567796494427114,0.2222222222222222,0.7,0.0,0.0,0.1321285025339868,0.0277777777777777,0.747145716354275,0.3363788816489264,CompressionPressure,0.747145716354275,6648.0,6650.5,6647.0,6648.25,Down,-1,6648.25,3.5,4.589285714285714,5,6651.0,2.75,0.5992217898832685,-2.75,-0.5992217898832685,1.75,-5.25,0.3813229571984435,-1.143968871595331,0,1
ES,xApvaV01StateLog_ES.csv,134,2026-04-07 10:15:00,Unresolved,Unresolved->Unresolved->Unresolved->Unresolved,Pure Unresolved Compression Equilibrium,Exact,1.0,1.2954618442339936,0.4444444444444444,0.6,0.0,0.0,0.085538424773057,0.0555555555555555,0.6412558569575977,0.4500489450928527,CompressionPressure,0.6412558569575977,6627.5,6629.5,6624.0,6625.25,Down,-1,6627.5,5.5,8.267857142857142,5,6637.0,11.75,1.4211663066954645,-11.75,-1.4211663066954645,8.0,-21.25,0.9676025917926566,-2.5701943844492443,0,1
ES,xApvaV01StateLog_ES.csv,147,2026-04-07 11:20:00,Unresolved,Unresolved->Unresolved->Unresolved->Unresolved,Pure Unresolved Compression Equilibrium,Exact,1.0,1.2954618442339936,0.2222222222222222,0.6,0.0,0.0,0.1098439803286126,0.0277777777777777,0.6968114125131533,0.3667156117595194,CompressionPressure,0.6968114125131533,6627.5,6631.75,6626.0,6631.25,Up,1,6627.5,5.75,6.964285714285714,5,6617.25,-14.0,-2.01025641025641,-14.0,-2.01025641025641,1.25,-17.25,0.1794871794871795,-2.476923076923077,0,1
ES,xApvaV01StateLog_ES.csv,148,2026-04-07 11:25:00,Unresolved,Unresolved->Unresolved->Unresolved->Unresolved,Pure Unresolved Compression Equilibrium,Exact,1.0,0.8812908992278072,0.1111111111111111,0.7,0.0,0.0,0.1653733877500932,0.0138888888888888,0.7921415410204843,0.2344490508727494,CompressionPressure,0.7921415410204843,6631.25,6632.5,6624.0,6625.0,Up,1,6631.25,8.5,7.178571428571429,5,6613.0,-12.0,-1.671641791044776,-12.0,-1.671641791044776,1.75,-13.0,0.2437810945273631,-1.8109452736318408,0,1
ES,xApvaV01StateLog_ES.csv,172,2026-04-07 13:25:00,Unresolved,Unresolved->Unresolved->Unresolved->Unresolved,Pure Unresolved Compression Equilibrium,Exact,1.0,1.2954618442339936,0.2222222222222222,0.6,0.0,0.0,0.1098439803286126,0.0277777777777777,0.6968114125131533,0.3667156117595194,CompressionPressure,0.6968114125131533,6658.75,6658.75,6653.75,6655.25,Down,-1,6658.75,5.0,13.196428571428571,5,6663.5,8.25,0.6251691474966171,-8.25,-0.6251691474966171,0.25,-18.25,0.0189445196211096,-1.3829499323410013,0,1
ES,xApvaV01StateLog_ES.csv,174,2026-04-07 13:35:00,Unresolved,Unresolved->Unresolved->Balance->Unresolved,Stable Compression Basin,Exact,1.0,1.2954618442339936,0.3333333333333333,0.6,0.0,0.0,0.0976912025508348,0.0416666666666666,0.6690336347353755,0.4083822784261861,CompressionPressure,0.6690336347353755,6657.5,6668.5,6657.0,6663.0,Up,1,6657.25,11.5,10.5,5,6663.5,0.5,0.0476190476190476,0.5,0.0476190476190476,10.5,-5.75,1.0,-0.5476190476190477,1,1
ES,xApvaV01StateLog_ES.csv,175,2026-04-07 13:40:00,Unresolved,Unresolved->Balance->Unresolved->Unresolved,Stable Compression Basin,Exact,1.0,1.2954618442339936,0.3333333333333333,0.6,0.0,0.0,0.0976912025508348,0.0416666666666666,0.6690336347353755,0.4083822784261861,CompressionPressure,0.6690336347353755,6662.75,6665.5,6657.25,6658.5,Up,1,6663.0,8.25,10.410714285714286,5,6825.75,167.25,16.06518010291595,167.25,16.06518010291595,178.25,-1.25,17.121783876500857,-0.1200686106346483,1,1
ES,xApvaV01StateLog_ES.csv,176,2026-04-07 13:45:00,Unresolved,Balance->Unresolved->Unresolved->Unresolved,Stable Compression Basin,Exact,1.0,1.2954618442339936,0.2222222222222222,0.6,0.0,0.0,0.1098439803286126,0.0277777777777777,0.6968114125131533,0.3667156117595194,CompressionPressure,0.6968114125131533,6658.5,6673.5,6657.25,6664.5,Up,1,6658.5,16.25,11.232142857142858,5,6819.75,155.25,13.821939586645469,155.25,13.821939586645469,172.25,-4.25,15.335453100158984,-0.3783783783783783,1,1
ES,xApvaV01StateLog_ES.csv,177,2026-04-07 13:50:00,Unresolved,Unresolved->Unresolved->Unresolved->Unresolved,Pure Unresolved Compression Equilibrium,Exact,1.0,1.2954618442339936,0.3333333333333333,0.6,0.0,0.0,0.0976912025508348,0.0416666666666666,0.6690336347353755,0.4083822784261861,CompressionPressure,0.6690336347353755,6664.25,6666.0,6661.5,6663.5,Up,1,6664.5,4.5,11.142857142857142,5,6816.25,152.75,13.708333333333334,152.75,13.708333333333334,173.25,-3.25,15.548076923076923,-0.2916666666666667,1,1
ES,xApvaV01StateLog_ES.csv,178,2026-04-07 13:55:00,Unresolved,Unresolved->Unresolved->Unresolved->Unresolved,Pure Unresolved Compression Equilibrium,Exact,1.0,1.2954618442339936,0.3333333333333333,0.6,0.0,0.0,0.0976912025508348,0.0416666666666666,0.6690336347353755,0.4083822784261861,CompressionPressure,0.6690336347353755,6663.5,6669.75,6660.25,6664.5,Up,1,6663.5,9.5,10.839285714285714,5,6826.5,162.0,14.945634266886326,162.0,14.945634266886326,172.25,-3.75,15.891268533772651,-0.3459637561779242,1,1
ES,xApvaV01StateLog_ES.csv,179,2026-04-07 14:00:00,Unresolved,Unresolved->Unresolved->Unresolved->Unresolved,Pure Unresolved Compression Equilibrium,Exact,1.0,1.2954618442339936,0.3333333333333333,0.6,0.0,0.0,0.0976912025508348,0.0416666666666666,0.6690336347353755,0.4083822784261861,CompressionPressure,0.6690336347353755,6664.5,6668.0,6660.75,6663.5,Up,1,6664.5,7.25,9.375,5,6806.5,143.0,15.253333333333334,143.0,15.253333333333334,173.25,141.75,18.48,15.12,1,1
ES,xApvaV01StateLog_ES.csv,180,2026-04-08 06:35:00,Unresolved,Unresolved->Unresolved->Unresolved->Unresolved,Pure Unresolved Compression Equilibrium,Exact,1.0,1.2954618442339936,0.3333333333333333,0.6,0.0,0.0,0.0976912025508348,0.0416666666666666,0.6690336347353755,0.4083822784261861,CompressionPressure,0.6690336347353755,6829.5,6836.75,6819.0,6825.75,Down,-1,6663.5,173.25,20.964285714285715,5,6811.75,-14.0,-0.6678023850085179,14.0,0.6678023850085179,20.75,-4.0,0.989778534923339,-0.1908006814310051,1,1
ES,xApvaV01StateLog_ES.csv,181,2026-04-08 06:40:00,Unresolved,Unresolved->Unresolved->Unresolved->Unresolved,Pure Unresolved Compression Equilibrium,Exact,1.0,1.2954618442339936,0.3333333333333333,0.6,0.0,0.0,0.0976912025508348,0.0416666666666666,0.6690336347353755,0.4083822784261861,CompressionPressure,0.6690336347353755,6826.0,6828.5,6817.5,6819.75,Down,-1,6825.75,11.0,20.839285714285715,5,6816.25,-3.5,-0.1679520137103684,3.5,0.1679520137103684,14.75,-10.0,0.7077977720651242,-0.4798628963153384,1,1
ES,xApvaV01StateLog_ES.csv,182,2026-04-08 06:45:00,Unresolved,Unresolved->Unresolved->Unresolved->Unresolved,Pure Unresolved Compression Equilibrium,Exact,1.0,1.2954618442339936,0.2222222222222222,0.6,0.0,0.0,0.1098439803286126,0.0277777777777777,0.6968114125131533,0.3667156117595194,CompressionPressure,0.6968114125131533,6819.75,6822.25,6813.25,6816.25,Down,-1,6819.75,9.0,20.464285714285715,5,6814.25,-2.0,-0.0977312390924956,2.0,0.0977312390924956,11.25,-13.5,0.5497382198952879,-0.6596858638743455,1,1
ES,xApvaV01StateLog_ES.csv,183,2026-04-08 06:50:00,Unresolved,Unresolved->Unresolved->Unresolved->Unresolved,Pure Unresolved Compression Equilibrium,Exact,1.0,0.8812908992278072,0.1111111111111111,0.7,0.0,0.0,0.1653733877500932,0.0138888888888888,0.7921415410204843,0.2344490508727494,CompressionPressure,0.7921415410204843,6816.5,6829.75,6815.5,6826.5,Down,-1,6816.25,14.25,20.928571428571427,5,6814.5,-12.0,-0.5733788395904438,12.0,0.5733788395904438,21.5,0.0,1.0273037542662118,0.0,1,1
ES,xApvaV01StateLog_ES.csv,232,2026-04-08 10:55:00,Unresolved,Balance->Balance->Unresolved->Unresolved,Stable Compression Basin,Exact,1.0,1.2954618442339936,0.5555555555555556,0.6,0.0,0.0,0.0733856469952793,0.0694444444444444,0.6134780791798199,0.4917156117595194,CompressionPressure,0.6134780791798199,6819.5,6822.75,6819.25,6821.25,Up,1,6819.25,3.5,4.821428571428571,5,6813.0,-8.25,-1.7111111111111112,-8.25,-1.7111111111111112,10.0,-13.25,2.0740740740740744,-2.7481481481481485,0,1
ES,xApvaV01StateLog_ES.csv,236,2026-04-08 11:15:00,Unresolved,Balance->Balance->Unresolved->Unresolved,Stable Compression Basin,Exact,1.0,0.9999999999971146,0.5555555555555556,0.5,0.0,0.0,0.0843402777779986,0.0694444444444444,0.5902777777779582,0.4270833333327021,CompressionPressure,0.5902777777779582,6829.5,6829.75,6826.25,6828.5,Up,1,6829.5,3.5,5.232142857142857,5,6810.25,-18.25,-3.488054607508533,-18.25,-3.488054607508533,2.75,-20.5,0.5255972696245734,-3.918088737201365,0,1
ES,xApvaV01StateLog_ES.csv,237,2026-04-08 11:20:00,Unresolved,Balance->Unresolved->Unresolved->Unresolved,Stable Compression Basin,Exact,1.0,0.9709505944517832,0.4444444444444444,0.6,0.0,0.0,0.1103838173345075,0.0555555555555555,0.6615378100689858,0.3790621092029942,CompressionPressure,0.6615378100689858,6828.25,6831.25,6808.0,6813.0,Down,-1,6828.5,23.25,6.607142857142857,5,6804.75,-8.25,-1.2486486486486488,8.25,1.2486486486486488,9.0,-6.25,1.3621621621621622,-0.945945945945946,1,1
ES,xApvaV01StateLog_ES.csv,243,2026-04-08 11:50:00,Unresolved,Balance->Unresolved->Unresolved->Unresolved,Stable Compression Basin,Exact,1.0,1.2954618442339936,0.4444444444444444,0.6,0.0,0.0,0.085538424773057,0.0555555555555555,0.6412558569575977,0.4500489450928527,CompressionPressure,0.6412558569575977,6805.0,6808.5,6802.5,6802.75,Down,-1,6804.75,6.0,6.875,5,6807.75,5.0,0.7272727272727273,-5.0,-0.7272727272727273,10.25,-6.5,1.490909090909091,-0.9454545454545454,0,1
ES,xApvaV01StateLog_ES.csv,248,2026-04-08 12:15:00,Unresolved,Balance->Balance->Unresolved->Unresolved,Stable Compression Basin,Exact,1.0,0.9709505944517832,0.3333333333333333,0.6,0.0,0.0,0.1225365951122853,0.0416666666666666,0.6893155878467636,0.3373954425363276,CompressionPressure,0.6893155878467636,6801.25,6809.25,6801.0,6807.75,Up,1,6801.25,8.25,8.0,5,6812.25,4.5,0.5625,4.5,0.5625,7.0,-9.5,0.875,-1.1875,1,1
ES,xApvaV01StateLog_ES.csv,249,2026-04-08 12:20:00,Unresolved,Balance->Unresolved->Unresolved->Unresolved,Stable Compression Basin,Exact,1.0,0.9999999999971146,0.3333333333333333,0.5,0.0,0.0,0.1086458333335542,0.0416666666666666,0.6458333333335138,0.3437499999993688,CompressionPressure,0.6458333333335138,6808.0,6809.5,6800.5,6802.25,Up,1,6807.75,9.0,8.375,5,6811.25,9.0,1.0746268656716418,9.0,1.0746268656716418,12.5,-4.0,1.492537313432836,-0.4776119402985074,1,1
ES,xApvaV01StateLog_ES.csv,256,2026-04-08 12:55:00,Unresolved,Unresolved->Unresolved->Unresolved->Unresolved,Pure Unresolved Compression Equilibrium,Exact,1.0,1.1567796494427114,0.2222222222222222,0.7,0.0,0.0,0.1321285025339868,0.0277777777777777,0.747145716354275,0.3363788816489264,CompressionPressure,0.747145716354275,6814.25,6818.5,6813.5,6817.5,Up,1,6814.25,5.0,7.321428571428571,5,6820.25,2.75,0.375609756097561,2.75,0.375609756097561,9.5,-2.75,1.297560975609756,-0.375609756097561,1,1
ES,xApvaV01StateLog_ES.csv,272,2026-04-09 06:45:00,Unresolved,Unresolved->Unresolved->Unresolved->Unresolved,Pure Unresolved Compression Equilibrium,Exact,1.0,0.8812908992278072,0.1111111111111111,0.7,0.0,0.0,0.1653733877500932,0.0138888888888888,0.7921415410204843,0.2344490508727494,CompressionPressure,0.7921415410204843,6815.5,6821.75,6812.25,6819.25,Up,1,6815.5,9.5,3.892857142857143,5,6814.0,-5.25,-1.3486238532110093,-5.25,-1.3486238532110093,1.75,-9.0,0.4495412844036697,-2.311926605504587,0,1
ES,xApvaV01StateLog_ES.csv,323,2026-04-09 11:00:00,Degrading,Unresolved->Degrading->Degrading->Degrading,Sponsor Exhaustion Collapse,Exact,1.0,0.8812908992278072,0.1111111111111111,0.7,0.0,0.0,0.1653733877500932,0.1138888888888889,0.3421415410204842,0.2344490508727494,CompressionPressure,0.3421415410204842,6869.75,6870.0,6867.75,6869.75,Down,-1,6869.5,2.25,5.482142857142857,5,6853.0,-16.75,-3.055374592833876,16.75,3.055374592833876,19.0,-0.75,3.465798045602606,-0.1368078175895765,1,1
ES,xApvaV01StateLog_ES.csv,324,2026-04-09 11:05:00,Degrading,Degrading->Degrading->Degrading->Degrading,Sponsor Exhaustion Collapse,Exact,1.0,0.9709505944517832,0.1111111111111111,0.6,0.0,0.0,0.1468421506678408,0.1138888888888889,0.294871143402319,0.2540621092029942,CompressionPressure,0.294871143402319,6869.75,6870.5,6851.0,6855.0,Down,-1,6869.75,19.5,6.178571428571429,5,6852.75,-2.25,-0.3641618497109826,2.25,0.3641618497109826,5.0,-7.75,0.8092485549132947,-1.2543352601156068,1,1
ES,xApvaV01StateLog_ES.csv,331,2026-04-09 11:40:00,Unresolved,Balance->Degrading->Unresolved->Unresolved,Stable Compression Basin,Exact,1.0,1.2954618442339936,0.3333333333333333,0.6,0.0,0.0,0.0976912025508348,0.0416666666666666,0.6690336347353755,0.4083822784261861,CompressionPressure,0.6690336347353755,6850.25,6858.25,6849.5,6857.25,Down,-1,6850.25,8.75,7.285714285714286,5,6860.25,3.0,0.4117647058823529,-3.0,-0.4117647058823529,5.5,-5.25,0.7549019607843137,-0.7205882352941176,0,1
ES,xApvaV01StateLog_ES.csv,332,2026-04-09 11:45:00,Unresolved,Degrading->Unresolved->Unresolved->Unresolved,Stable Compression Basin,Exact,1.0,1.1567796494427114,0.3333333333333333,0.7,0.0,0.0,0.119975724756209,0.0416666666666666,0.7193679385764972,0.3780455483155931,CompressionPressure,0.7193679385764972,6857.0,6858.25,6852.0,6854.0,Down,-1,6857.25,6.25,7.25,5,6864.75,10.75,1.4827586206896552,-10.75,-1.4827586206896552,2.25,-11.0,0.3103448275862069,-1.5172413793103448,0,1
ES,xApvaV01StateLog_ES.csv,334,2026-04-09 11:55:00,Unresolved,Unresolved->Unresolved->Unresolved->Unresolved,Pure Unresolved Compression Equilibrium,Exact,1.0,1.1567796494427114,0.3333333333333333,0.7,0.0,0.0,0.119975724756209,0.0416666666666666,0.7193679385764972,0.3780455483155931,CompressionPressure,0.7193679385764972,6855.75,6856.75,6851.75,6854.5,Down,-1,6855.75,5.0,6.75,5,6860.75,6.25,0.925925925925926,-6.25,-0.925925925925926,1.0,-12.25,0.1481481481481481,-1.8148148148148149,0,1
ES,xApvaV01StateLog_ES.csv,335,2026-04-09 12:00:00,Unresolved,Unresolved->Unresolved->Unresolved->Unresolved,Pure Unresolved Compression Equilibrium,Exact,1.0,1.2954618442339936,0.3333333333333333,0.6,0.0,0.0,0.0976912025508348,0.0416666666666666,0.6690336347353755,0.4083822784261861,CompressionPressure,0.6690336347353755,6854.5,6857.25,6854.5,6855.25,Down,-1,6854.5,2.75,6.678571428571429,5,6862.75,7.5,1.1229946524064172,-7.5,-1.1229946524064172,1.75,-11.5,0.2620320855614973,-1.7219251336898396,0,1
ES,xApvaV01StateLog_ES.csv,338,2026-04-09 12:15:00,Unresolved,Unresolved->Unresolved->Unresolved->Unresolved,Pure Unresolved Compression Equilibrium,Exact,1.0,0.9709505944517832,0.1111111111111111,0.6,0.0,0.0,0.1468421506678408,0.0138888888888888,0.7448711434023191,0.2540621092029942,CompressionPressure,0.7448711434023191,6864.5,6866.75,6863.5,6864.5,Up,1,6864.75,3.25,6.125,5,6866.75,2.25,0.3673469387755102,2.25,0.3673469387755102,6.75,-4.5,1.1020408163265305,-0.7346938775510204,1,1
ES,xApvaV01StateLog_ES.csv,339,2026-04-09 12:20:00,Unresolved,Unresolved->Unresolved->Unresolved->Unresolved,Pure Unresolved Compression Equilibrium,Exact,1.0,0.8812908992278072,0.1111111111111111,0.7,0.0,0.0,0.1653733877500932,0.0138888888888888,0.7921415410204843,0.2344490508727494,CompressionPressure,0.7921415410204843,6864.25,6866.5,6860.0,6860.75,Up,1,6864.5,6.5,6.035714285714286,5,6868.0,7.25,1.2011834319526626,7.25,1.2011834319526626,10.5,-0.75,1.7396449704142012,-0.1242603550295858,1,1
ES,xApvaV01StateLog_ES.csv,341,2026-04-09 12:30:00,Unresolved,Unresolved->Unresolved->Balance->Unresolved,Stable Compression Basin,Exact,1.0,1.1567796494427114,0.3333333333333333,0.7,0.0,0.0,0.119975724756209,0.0416666666666666,0.7193679385764972,0.3780455483155931,CompressionPressure,0.7193679385764972,6863.0,6865.0,6861.75,6863.0,Up,1,6862.75,3.25,5.660714285714286,5,6868.75,5.75,1.0157728706624607,5.75,1.0157728706624607,8.25,-0.5,1.4574132492113565,-0.0883280757097791,1,1
ES,xApvaV01StateLog_ES.csv,342,2026-04-09 12:35:00,Unresolved,Unresolved->Balance->Unresolved->Unresolved,Stable Compression Basin,Exact,1.0,1.1567796494427114,0.2222222222222222,0.7,0.0,0.0,0.1321285025339868,0.0277777777777777,0.747145716354275,0.3363788816489264,CompressionPressure,0.747145716354275,6863.25,6871.25,6862.5,6866.75,Up,1,6863.0,8.75,5.696428571428571,5,6862.0,-4.75,-0.8338557993730408,-4.75,-0.8338557993730408,3.75,-5.25,0.658307210031348,-0.9216300940438872,0,1
ES,xApvaV01StateLog_ES.csv,343,2026-04-09 12:40:00,Unresolved,Balance->Unresolved->Unresolved->Unresolved,Stable Compression Basin,Exact,1.0,1.2954618442339936,0.2222222222222222,0.6,0.0,0.0,0.1098439803286126,0.0277777777777777,0.6968114125131533,0.3667156117595194,CompressionPressure,0.6968114125131533,6867.0,6870.0,6865.25,6866.75,Up,1,6866.75,4.75,5.607142857142857,5,6859.0,-7.75,-1.3821656050955415,-7.75,-1.3821656050955415,3.75,-7.75,0.6687898089171975,-1.3821656050955415,0,1
ES,xApvaV01StateLog_ES.csv,344,2026-04-09 12:45:00,Unresolved,Unresolved->Unresolved->Unresolved->Unresolved,Pure Unresolved Compression Equilibrium,Exact,1.0,1.2954618442339936,0.3333333333333333,0.6,0.0,0.0,0.0976912025508348,0.0416666666666666,0.6690336347353755,0.4083822784261861,CompressionPressure,0.6690336347353755,6867.0,6868.75,6864.0,6868.0,Up,1,6866.75,4.75,5.464285714285714,5,6858.5,-9.5,-1.738562091503268,-9.5,-1.738562091503268,2.5,-11.75,0.457516339869281,-2.150326797385621,0,1
ES,xApvaV01StateLog_ES.csv,345,2026-04-09 12:50:00,Unresolved,Unresolved->Unresolved->Unresolved->Unresolved,Pure Unresolved Compression Equilibrium,Exact,1.0,1.2954618442339936,0.3333333333333333,0.6,0.0,0.0,0.0976912025508348,0.0416666666666666,0.6690336347353755,0.4083822784261861,CompressionPressure,0.6690336347353755,6868.0,6869.75,6864.5,6865.25,Up,1,6868.0,5.25,5.214285714285714,5,6859.25,-6.0,-1.1506849315068493,-6.0,-1.1506849315068493,5.25,-9.0,1.0068493150684932,-1.726027397260274,0,1
ES,xApvaV01StateLog_ES.csv,350,2026-04-09 13:15:00,Unresolved,Unresolved->Unresolved->Unresolved->Unresolved,Pure Unresolved Compression Equilibrium,Exact,1.0,1.2954618442339936,0.4444444444444444,0.6,0.0,0.0,0.085538424773057,0.0555555555555555,0.6412558569575977,0.4500489450928527,CompressionPressure,0.6412558569575977,6858.75,6860.5,6858.25,6859.25,Down,-1,6858.5,2.25,5.017857142857143,5,6862.5,3.25,0.6476868327402134,-3.25,-0.6476868327402134,2.25,-4.0,0.4483985765124554,-0.797153024911032,0,1
ES,xApvaV01StateLog_ES.csv,353,2026-04-09 13:30:00,Unresolved,Unresolved->Unresolved->Unresolved->Unresolved,Pure Unresolved Compression Equilibrium,Exact,1.0,1.2954618442339936,0.3333333333333333,0.6,0.0,0.0,0.0976912025508348,0.0416666666666666,0.6690336347353755,0.4083822784261861,CompressionPressure,0.6690336347353755,6859.75,6860.5,6858.5,6859.75,Down,-1,6859.75,2.0,4.392857142857143,5,6860.5,0.75,0.1707317073170731,-0.75,-0.1707317073170731,0.25,-3.5,0.056910569105691,-0.7967479674796747,0,1
ES,xApvaV01StateLog_ES.csv,354,2026-04-09 13:35:00,Unresolved,Unresolved->Unresolved->Unresolved->Unresolved,Pure Unresolved Compression Equilibrium,Exact,1.0,1.2954618442339936,0.3333333333333333,0.6,0.0,0.0,0.0976912025508348,0.0416666666666666,0.6690336347353755,0.4083822784261861,CompressionPressure,0.6690336347353755,6859.75,6863.0,6859.5,6862.5,Up,1,6859.75,3.5,4.410714285714286,5,6860.75,-1.75,-0.3967611336032389,-1.75,-0.3967611336032389,0.75,-5.0,0.1700404858299595,-1.1336032388663968,0,1
ES,xApvaV01StateLog_ES.csv,355,2026-04-09 13:40:00,Unresolved,Unresolved->Unresolved->Unresolved->Unresolved,Pure Unresolved Compression Equilibrium,Exact,1.0,1.2954618442339936,0.2222222222222222,0.6,0.0,0.0,0.1098439803286126,0.0277777777777777,0.6968114125131533,0.3667156117595194,CompressionPressure,0.6968114125131533,6862.5,6863.25,6862.0,6862.5,Up,1,6862.5,1.25,4.267857142857143,5,6872.0,9.5,2.225941422594142,9.5,2.225941422594142,19.0,-5.0,4.451882845188284,-1.1715481171548117,1,1
ES,xApvaV01StateLog_ES.csv,356,2026-04-09 13:45:00,Unresolved,Unresolved->Unresolved->Unresolved->Unresolved,Pure Unresolved Compression Equilibrium,Exact,1.0,0.8812908992278072,0.1111111111111111,0.7,0.0,0.0,0.1653733877500932,0.0138888888888888,0.7921415410204843,0.2344490508727494,CompressionPressure,0.7921415410204843,6862.5,6863.0,6861.75,6862.5,Up,1,6862.5,1.25,3.732142857142857,5,6869.5,7.0,1.875598086124402,7.0,1.875598086124402,19.0,-5.0,5.090909090909091,-1.339712918660287,1,1
ES,xApvaV01StateLog_ES.csv,367,2026-04-10 07:10:00,Degrading,Unresolved->Degrading->Degrading->Degrading,Sponsor Exhaustion Collapse,Exact,1.0,0.8812908992278072,0.1111111111111111,0.7,0.0,0.0,0.1653733877500932,0.1138888888888889,0.3421415410204842,0.2344490508727494,CompressionPressure,0.3421415410204842,6868.25,6870.25,6864.75,6867.75,Down,-1,6868.25,5.5,5.464285714285714,5,6877.5,9.75,1.784313725490196,-9.75,-1.784313725490196,4.25,-14.25,0.7777777777777778,-2.607843137254902,0,1
ES,xApvaV01StateLog_ES.csv,368,2026-04-10 07:15:00,Unresolved,Degrading->Degrading->Degrading->Unresolved,Stable Compression Basin,Exact,1.0,1.2954618442339936,0.2222222222222222,0.6,0.0,0.0,0.1098439803286126,0.0277777777777777,0.6968114125131533,0.3667156117595194,CompressionPressure,0.6968114125131533,6868.0,6875.0,6863.5,6874.5,Down,-1,6867.75,11.5,6.035714285714286,5,6876.75,2.25,0.3727810650887574,-2.25,-0.3727810650887574,3.0,-7.5,0.4970414201183432,-1.242603550295858,0,1
ES,xApvaV01StateLog_ES.csv,377,2026-04-10 08:00:00,Unresolved,Unresolved->Unresolved->Balance->Unresolved,Stable Compression Basin,Exact,1.0,1.1567796494427114,0.5555555555555556,0.7,0.0,0.0,0.0956701692006535,0.0694444444444444,0.6638123830209416,0.4613788816489264,CompressionPressure,0.6638123830209416,6870.5,6877.25,6868.5,6875.75,Up,1,6870.25,8.75,6.410714285714286,5,6882.0,6.25,0.9749303621169916,6.25,0.9749303621169916,7.25,-4.5,1.1309192200557103,-0.701949860724234,1,1
ES,xApvaV01StateLog_ES.csv,378,2026-04-10 08:05:00,Unresolved,Unresolved->Balance->Unresolved->Unresolved,Stable Compression Basin,Exact,1.0,1.1567796494427114,0.5555555555555556,0.7,0.0,0.0,0.0956701692006535,0.0694444444444444,0.6638123830209416,0.4613788816489264,CompressionPressure,0.6638123830209416,6876.0,6876.75,6873.0,6873.75,Up,1,6875.75,3.75,6.160714285714286,5,6875.0,1.25,0.2028985507246377,1.25,0.2028985507246377,9.25,-2.5,1.501449275362319,-0.4057971014492754,1,1
ES,xApvaV01StateLog_ES.csv,379,2026-04-10 08:10:00,Unresolved,Balance->Unresolved->Unresolved->Unresolved,Stable Compression Basin,Exact,1.0,1.1567796494427114,0.5555555555555556,0.7,0.0,0.0,0.0956701692006535,0.0694444444444444,0.6638123830209416,0.4613788816489264,CompressionPressure,0.6638123830209416,6873.75,6878.25,6871.25,6877.0,Up,1,6873.75,7.0,6.428571428571429,5,6871.0,-6.0,-0.9333333333333332,-6.0,-0.9333333333333332,6.0,-7.75,0.9333333333333332,-1.2055555555555555,0,1
ES,xApvaV01StateLog_ES.csv,382,2026-04-10 08:25:00,Unresolved,Unresolved->Unresolved->Unresolved->Unresolved,Pure Unresolved Compression Equilibrium,Exact,1.0,1.2954618442339936,0.3333333333333333,0.6,0.0,0.0,0.0976912025508348,0.0416666666666666,0.6690336347353755,0.4083822784261861,CompressionPressure,0.6690336347353755,6878.0,6883.0,6877.25,6882.0,Up,1,6878.0,5.75,5.696428571428571,5,6864.5,-17.5,-3.072100313479624,-17.5,-3.072100313479624,0.0,-19.25,0.0,-3.3793103448275863,0,1
ES,xApvaV01StateLog_ES.csv,385,2026-04-10 08:40:00,Unresolved,Unresolved->Unresolved->Unresolved->Unresolved,Pure Unresolved Compression Equilibrium,Exact,1.0,1.2954618442339936,0.2222222222222222,0.6,0.0,0.0,0.1098439803286126,0.0277777777777777,0.6968114125131533,0.3667156117595194,CompressionPressure,0.6968114125131533,6871.0,6872.25,6865.75,6866.75,Down,-1,6871.0,6.5,6.464285714285714,5,6855.25,-11.5,-1.7790055248618784,11.5,1.7790055248618784,13.5,-3.0,2.0883977900552484,-0.4640883977900552,1,1
ES,xApvaV01StateLog_ES.csv,386,2026-04-10 08:45:00,Unresolved,Unresolved->Unresolved->Unresolved->Unresolved,Pure Unresolved Compression Equilibrium,Exact,1.0,0.8812908992278072,0.1111111111111111,0.7,0.0,0.0,0.1653733877500932,0.0138888888888888,0.7921415410204843,0.2344490508727494,CompressionPressure,0.7921415410204843,6866.75,6868.0,6862.75,6867.0,Down,-1,6866.75,5.25,6.482142857142857,5,6856.0,-11.0,-1.696969696969697,11.0,1.696969696969697,13.75,-2.75,2.121212121212121,-0.4242424242424242,1,1
ES,xApvaV01StateLog_ES.csv,460,2026-04-13 07:25:00,Degrading,Unresolved->Degrading->Degrading->Degrading,Sponsor Exhaustion Collapse,Exact,1.0,0.8812908992278072,0.1111111111111111,0.7,0.0,0.0,0.1653733877500932,0.1138888888888889,0.3421415410204842,0.2344490508727494,CompressionPressure,0.3421415410204842,6851.25,6856.75,6845.0,6856.25,Down,-1,6851.5,11.75,10.625,5,6857.25,1.0,0.0941176470588235,-1.0,-0.0941176470588235,3.25,-6.75,0.3058823529411765,-0.6352941176470588,0,1
ES,xApvaV01StateLog_ES.csv,461,2026-04-13 07:30:00,Unresolved,Degrading->Degrading->Degrading->Unresolved,Stable Compression Basin,Exact,1.0,1.2954618442339936,0.2222222222222222,0.6,0.0,0.0,0.1098439803286126,0.0277777777777777,0.6968114125131533,0.3667156117595194,CompressionPressure,0.6968114125131533,6856.0,6857.75,6853.0,6857.0,Up,1,6856.25,4.75,10.839285714285714,5,6862.5,5.5,0.5074135090609555,5.5,0.5074135090609555,7.0,-2.75,0.6457990115321253,-0.2537067545304777,1,1
ES,xApvaV01StateLog_ES.csv,498,2026-04-13 10:35:00,Unresolved,Balance->Unresolved->Unresolved->Unresolved,Stable Compression Basin,Exact,1.0,1.2954618442339936,0.6666666666666666,0.6,0.0,0.0,0.0612328692175015,0.0833333333333333,0.5857003014020421,0.533382278426186,CompressionPressure,0.5857003014020421,6886.5,6888.75,6885.0,6885.25,Up,1,6886.5,3.75,6.5,5,6883.25,-2.0,-0.3076923076923077,-2.0,-0.3076923076923077,0.75,-5.0,0.1153846153846153,-0.7692307692307693,0,1
ES,xApvaV01StateLog_ES.csv,504,2026-04-13 11:05:00,Unresolved,Unresolved->Unresolved->Unresolved->Unresolved,Pure Unresolved Compression Equilibrium,Exact,1.0,1.2954618442339936,0.2222222222222222,0.6,0.0,0.0,0.1098439803286126,0.0277777777777777,0.6968114125131533,0.3667156117595194,CompressionPressure,0.6968114125131533,6883.25,6887.5,6883.0,6885.5,Down,-1,6883.25,4.5,3.678571428571429,5,6885.5,0.0,0.0,-0.0,-0.0,1.5,-3.0,0.4077669902912622,-0.8155339805825244,0,1
ES,xApvaV01StateLog_ES.csv,505,2026-04-13 11:10:00,Unresolved,Unresolved->Unresolved->Unresolved->Unresolved,Pure Unresolved Compression Equilibrium,Exact,1.0,0.8812908992278072,0.1111111111111111,0.7,0.0,0.0,0.1653733877500932,0.0138888888888888,0.7921415410204843,0.2344490508727494,CompressionPressure,0.7921415410204843,6885.75,6887.5,6885.0,6886.75,Up,1,6885.5,2.5,3.446428571428572,5,6887.25,0.5,0.1450777202072538,0.5,0.1450777202072538,1.75,-2.75,0.5077720207253885,-0.7979274611398963,1,1
ES,xApvaV01StateLog_ES.csv,539,2026-04-13 14:00:00,Unresolved,Balance->Unresolved->Unresolved->Unresolved,Stable Compression Basin,Exact,1.0,1.2954618442339936,0.3333333333333333,0.6,0.0,0.0,0.0976912025508348,0.0416666666666666,0.6690336347353755,0.4083822784261861,CompressionPressure,0.6690336347353755,6927.5,6928.0,6926.75,6927.5,Up,1,6927.5,1.25,3.767857142857143,5,6957.5,30.0,7.962085308056872,30.0,7.962085308056872,33.75,10.0,8.957345971563981,2.654028436018957,1,1
ES,xApvaV01StateLog_ES.csv,629,2026-04-14 14:00:00,Unresolved,Unresolved->Balance->Unresolved->Unresolved,Stable Compression Basin,Exact,1.0,0.8812908992278072,0.3333333333333333,0.7,0.0,0.0,0.1410678321945376,0.0416666666666666,0.7365859854649287,0.3177823842060828,CompressionPressure,0.7365859854649287,7004.75,7005.0,7003.75,7004.25,Up,1,7005.0,1.25,3.107142857142857,5,7011.75,7.5,2.413793103448276,7.5,2.413793103448276,20.5,-0.25,6.597701149425287,-0.0804597701149425,1,1
ES,xApvaV01StateLog_ES.csv,630,2026-04-15 06:35:00,Unresolved,Balance->Unresolved->Unresolved->Unresolved,Stable Compression Basin,Exact,1.0,0.9709505944517832,0.3333333333333333,0.6,0.0,0.0,0.1225365951122853,0.0416666666666666,0.6893155878467636,0.3373954425363276,CompressionPressure,0.6893155878467636,7014.25,7020.0,7012.25,7019.0,Up,1,7004.25,15.75,3.5892857142857144,5,7018.0,-1.0,-0.2786069651741293,-1.0,-0.2786069651741293,5.75,-15.0,1.6019900497512438,-4.17910447761194,0,1
ES,xApvaV01StateLog_ES.csv,632,2026-04-15 06:45:00,Unresolved,Unresolved->Unresolved->Balance->Unresolved,Stable Compression Basin,Exact,1.0,0.9999999999971146,0.5555555555555556,0.5,0.0,0.0,0.0843402777779986,0.0694444444444444,0.5902777777779582,0.4270833333327021,CompressionPressure,0.5902777777779582,7024.25,7024.75,7004.0,7005.25,Up,1,7024.0,20.75,4.517857142857143,5,7015.75,10.5,2.324110671936759,10.5,2.324110671936759,13.75,0.0,3.043478260869565,0.0,1,1
ES,xApvaV01StateLog_ES.csv,634,2026-04-15 06:55:00,Unresolved,Balance->Unresolved->Balance->Unresolved,Stable Compression Basin,Exact,1.0,0.9709505944517832,0.7777777777777778,0.6,0.0,0.0,0.0739254840011742,0.0972222222222222,0.5782044767356525,0.5040621092029942,CompressionPressure,0.5782044767356525,7011.5,7013.25,7006.5,7011.75,Up,1,7011.5,6.75,5.267857142857143,5,7020.5,8.75,1.6610169491525422,8.75,1.6610169491525422,13.75,-0.25,2.6101694915254234,-0.047457627118644,1,1
ES,xApvaV01StateLog_ES.csv,665,2026-04-15 09:30:00,Unresolved,Unresolved->Unresolved->Unresolved->Unresolved,Pure Unresolved Compression Equilibrium,Exact,1.0,1.2954618442339936,0.3333333333333333,0.6,0.0,0.0,0.0976912025508348,0.0416666666666666,0.6690336347353755,0.4083822784261861,CompressionPressure,0.6690336347353755,7039.75,7039.75,7035.5,7035.75,Up,1,7039.75,4.25,3.678571428571429,5,7024.0,-11.75,-3.1941747572815538,-11.75,-3.1941747572815538,1.5,-14.0,0.4077669902912622,-3.805825242718447,0,1
ES,xApvaV01StateLog_ES.csv,668,2026-04-15 09:45:00,Unresolved,Unresolved->Unresolved->Unresolved->Unresolved,Pure Unresolved Compression Equilibrium,Exact,1.0,1.2954618442339936,0.2222222222222222,0.6,0.0,0.0,0.1098439803286126,0.0277777777777777,0.6968114125131533,0.3667156117595194,CompressionPressure,0.6968114125131533,7033.75,7033.75,7025.75,7026.0,Down,-1,7033.75,8.0,3.9107142857142856,5,7034.25,8.25,2.1095890410958904,-8.25,-2.1095890410958904,6.75,-10.25,1.726027397260274,-2.6210045662100456,0,1
ES,xApvaV01StateLog_ES.csv,669,2026-04-15 09:50:00,Unresolved,Unresolved->Unresolved->Unresolved->Unresolved,Pure Unresolved Compression Equilibrium,Exact,1.0,0.8812908992278072,0.1111111111111111,0.7,0.0,0.0,0.1653733877500932,0.0138888888888888,0.7921415410204843,0.2344490508727494,CompressionPressure,0.7921415410204843,7026.0,7029.25,7021.75,7029.0,Down,-1,7026.0,7.5,4.214285714285714,5,7033.75,4.75,1.1271186440677965,-4.75,-1.1271186440677965,9.75,-7.25,2.3135593220338984,-1.720338983050847,0,1
ES,xApvaV01StateLog_ES.csv,755,2026-04-16 09:30:00,Unresolved,Balance->Unresolved->Unresolved->Unresolved,Stable Compression Basin,Exact,1.0,1.2954618442339936,0.3333333333333333,0.6,0.0,0.0,0.0976912025508348,0.0416666666666666,0.6690336347353755,0.4083822784261861,CompressionPressure,0.6690336347353755,7083.0,7084.5,7081.0,7081.75,Down,-1,7083.0,3.5,6.071428571428571,5,7070.5,-11.25,-1.8529411764705883,11.25,1.8529411764705883,18.5,-0.5,3.047058823529412,-0.0823529411764705,1,1
ES,xApvaV01StateLog_ES.csv,758,2026-04-16 09:45:00,Unresolved,Unresolved->Unresolved->Unresolved->Unresolved,Pure Unresolved Compression Equilibrium,Exact,1.0,1.2954618442339936,0.3333333333333333,0.6,0.0,0.0,0.0976912025508348,0.0416666666666666,0.6690336347353755,0.4083822784261861,CompressionPressure,0.6690336347353755,7077.75,7079.5,7072.0,7075.0,Down,-1,7077.75,7.5,7.035714285714286,5,7067.5,-7.5,-1.065989847715736,7.5,1.065989847715736,12.5,-3.0,1.7766497461928934,-0.4263959390862944,1,1
ES,xApvaV01StateLog_ES.csv,759,2026-04-16 09:50:00,Unresolved,Unresolved->Unresolved->Unresolved->Unresolved,Pure Unresolved Compression Equilibrium,Exact,1.0,1.2954618442339936,0.3333333333333333,0.6,0.0,0.0,0.0976912025508348,0.0416666666666666,0.6690336347353755,0.4083822784261861,CompressionPressure,0.6690336347353755,7075.0,7078.0,7074.0,7075.25,Down,-1,7075.0,4.0,6.339285714285714,5,7062.0,-13.25,-2.0901408450704224,13.25,2.0901408450704224,13.75,-2.0,2.169014084507042,-0.3154929577464788,1,1
ES,xApvaV01StateLog_ES.csv,760,2026-04-16 09:55:00,Unresolved,Unresolved->Unresolved->Unresolved->Unresolved,Pure Unresolved Compression Equilibrium,Exact,1.0,1.2954618442339936,0.3333333333333333,0.6,0.0,0.0,0.0976912025508348,0.0416666666666666,0.6690336347353755,0.4083822784261861,CompressionPressure,0.6690336347353755,7075.25,7077.25,7069.25,7070.5,Down,-1,7075.25,8.0,6.428571428571429,5,7063.0,-7.5,-1.1666666666666663,7.5,1.1666666666666663,11.0,-2.75,1.711111111111111,-0.4277777777777777,1,1
ES,xApvaV01StateLog_ES.csv,775,2026-04-16 11:10:00,Unresolved,Balance->Unresolved->Unresolved->Unresolved,Stable Compression Basin,Exact,1.0,0.9999999999971146,0.4444444444444444,0.5,0.0,0.0,0.0964930555557764,0.0555555555555555,0.618055555555736,0.3854166666660354,CompressionPressure,0.618055555555736,7068.5,7070.0,7061.25,7063.75,Down,-1,7068.5,8.75,5.946428571428571,5,7066.5,2.75,0.4624624624624625,-2.75,-0.4624624624624625,7.5,-5.25,1.2612612612612613,-0.882882882882883,0,1
ES,xApvaV01StateLog_ES.csv,782,2026-04-16 11:45:00,Unresolved,Unresolved->Unresolved->Unresolved->Unresolved,Pure Unresolved Compression Equilibrium,Exact,1.0,1.1567796494427114,0.2222222222222222,0.7,0.0,0.0,0.1321285025339868,0.0277777777777777,0.747145716354275,0.3363788816489264,CompressionPressure,0.747145716354275,7068.0,7071.0,7067.5,7069.5,Up,1,7067.75,3.5,6.125,5,7070.0,0.5,0.0816326530612244,0.5,0.0816326530612244,3.75,-4.25,0.6122448979591837,-0.6938775510204082,1,1
ES,xApvaV01StateLog_ES.csv,813,2026-04-17 06:50:00,Unresolved,Unresolved->Unresolved->Degrading->Unresolved,Stable Compression Basin,Exact,1.0,0.9219280948830342,0.2222222222222222,0.8,0.0,0.0,0.1617759913466288,0.0277777777777777,0.8034906051809215,0.285005104088997,CompressionPressure,0.8034906051809215,7130.75,7134.5,7117.0,7130.25,Up,1,7130.75,17.5,7.25,5,7151.75,21.5,2.9655172413793105,21.5,2.9655172413793105,24.5,-1.0,3.3793103448275863,-0.1379310344827586,1,1
ES,xApvaV01StateLog_ES.csv,814,2026-04-17 06:55:00,Unresolved,Unresolved->Degrading->Unresolved->Unresolved,Stable Compression Basin,Exact,1.0,1.1567796494427114,0.2222222222222222,0.7,0.0,0.0,0.1321285025339868,0.0277777777777777,0.747145716354275,0.3363788816489264,CompressionPressure,0.747145716354275,7130.25,7138.0,7129.25,7137.25,Up,1,7130.25,8.75,7.732142857142857,5,7150.25,13.0,1.6812933025404158,13.0,1.6812933025404158,17.5,-2.25,2.2632794457274827,-0.2909930715935335,1,1
ES,xApvaV01StateLog_ES.csv,850,2026-04-17 09:55:00,Unresolved,Degrading->Balance->Unresolved->Unresolved,Stable Compression Basin,Exact,1.0,0.9999999999971146,0.4444444444444444,0.5,0.0,0.0,0.0964930555557764,0.0555555555555555,0.618055555555736,0.3854166666660354,CompressionPressure,0.618055555555736,7184.0,7185.5,7182.5,7183.0,Up,1,7184.0,3.0,5.107142857142857,5,7170.75,-12.25,-2.3986013986013988,-12.25,-2.3986013986013988,0.75,-14.0,0.1468531468531468,-2.741258741258741,0,1
ES,xApvaV01StateLog_ES.csv,851,2026-04-17 10:00:00,Unresolved,Balance->Unresolved->Unresolved->Unresolved,Stable Compression Basin,Exact,1.0,0.9999999999971146,0.4444444444444444,0.5,0.0,0.0,0.0964930555557764,0.0555555555555555,0.618055555555736,0.3854166666660354,CompressionPressure,0.618055555555736,7183.25,7183.25,7180.75,7181.0,Down,-1,7183.0,2.5,4.660714285714286,5,7157.0,-24.0,-5.149425287356322,24.0,5.149425287356322,29.5,-2.75,6.329501915708812,-0.5900383141762452,1,1
ES,xApvaV01StateLog_ES.csv,865,2026-04-17 11:10:00,Unresolved,Unresolved->Unresolved->Unresolved->Unresolved,Pure Unresolved Compression Equilibrium,Exact,1.0,1.2954618442339936,0.2222222222222222,0.6,0.0,0.0,0.1098439803286126,0.0277777777777777,0.6968114125131533,0.3667156117595194,CompressionPressure,0.6968114125131533,7162.0,7162.75,7156.5,7157.75,Down,-1,7162.25,6.25,7.642857142857143,5,7164.5,6.75,0.8831775700934579,-6.75,-0.8831775700934579,5.0,-7.75,0.6542056074766355,-1.014018691588785,0,1
ES,xApvaV01StateLog_ES.csv,878,2026-04-17 12:15:00,Unresolved,Unresolved->Balance->Unresolved->Unresolved,Stable Compression Basin,Exact,1.0,0.8812908992278072,0.3333333333333333,0.7,0.0,0.0,0.1410678321945376,0.0416666666666666,0.7365859854649287,0.3177823842060828,CompressionPressure,0.7365859854649287,7155.5,7156.25,7151.0,7153.0,Down,-1,7155.5,5.25,5.375,5,7161.5,8.5,1.5813953488372092,-8.5,-1.5813953488372092,0.75,-9.75,0.1395348837209302,-1.813953488372093,0,1
ES,xApvaV01StateLog_ES.csv,879,2026-04-17 12:20:00,Unresolved,Balance->Unresolved->Unresolved->Unresolved,Stable Compression Basin,Exact,1.0,0.9709505944517832,0.3333333333333333,0.6,0.0,0.0,0.1225365951122853,0.0416666666666666,0.6893155878467636,0.3373954425363276,CompressionPressure,0.6893155878467636,7152.75,7157.5,7152.25,7155.75,Down,-1,7153.0,5.25,5.303571428571429,5,7164.25,8.5,1.6026936026936027,-8.5,-1.6026936026936027,2.75,-9.25,0.5185185185185185,-1.744107744107744,0,1
ES,xApvaV01StateLog_ES.csv,882,2026-04-17 12:35:00,Unresolved,Unresolved->Balance->Balance->Unresolved,Stable Compression Basin,Exact,1.0,0.9999999999971146,0.5555555555555556,0.5,0.0,0.0,0.0843402777779986,0.0694444444444444,0.5902777777779582,0.4270833333327021,CompressionPressure,0.5902777777779582,7154.0,7160.75,7153.75,7159.0,Down,-1,7153.75,7.0,5.071428571428571,5,7161.5,2.5,0.4929577464788732,-2.5,-0.4929577464788732,1.75,-6.5,0.3450704225352113,-1.2816901408450705,0,1
ES,xApvaV01StateLog_ES.csv,883,2026-04-17 12:40:00,Unresolved,Balance->Balance->Unresolved->Unresolved,Stable Compression Basin,Exact,1.0,0.9709505944517832,0.5555555555555556,0.6,0.0,0.0,0.0982310395567297,0.0694444444444444,0.633760032291208,0.4207287758696609,CompressionPressure,0.633760032291208,7159.25,7162.75,7157.25,7161.5,Up,1,7159.0,5.5,4.946428571428571,5,7163.5,2.0,0.4043321299638989,2.0,0.4043321299638989,4.0,-3.25,0.8086642599277979,-0.6570397111913358,1,1
ES,xApvaV01StateLog_ES.csv,884,2026-04-17 12:45:00,Unresolved,Balance->Unresolved->Unresolved->Unresolved,Stable Compression Basin,Exact,1.0,0.8812908992278072,0.4444444444444444,0.7,0.0,0.0,0.1289150544167598,0.0555555555555555,0.7088082076871509,0.3594490508727494,CompressionPressure,0.7088082076871509,7161.75,7165.0,7159.5,7164.25,Up,1,7161.5,5.5,4.910714285714286,5,7163.75,-0.5,-0.1018181818181818,-0.5,-0.1018181818181818,1.25,-6.0,0.2545454545454546,-1.221818181818182,0,1
ES,xApvaV01StateLog_ES.csv,885,2026-04-17 12:50:00,Unresolved,Unresolved->Unresolved->Unresolved->Unresolved,Pure Unresolved Compression Equilibrium,Exact,1.0,1.2954618442339936,0.4444444444444444,0.6,0.0,0.0,0.085538424773057,0.0555555555555555,0.6412558569575977,0.4500489450928527,CompressionPressure,0.6412558569575977,7164.0,7164.25,7158.75,7160.0,Up,1,7164.25,5.5,5.035714285714286,5,7165.25,5.25,1.0425531914893618,5.25,1.0425531914893618,6.25,-1.75,1.2411347517730498,-0.3475177304964539,1,1
ES,xApvaV01StateLog_ES.csv,890,2026-04-17 13:15:00,Unresolved,Unresolved->Unresolved->Unresolved->Unresolved,Pure Unresolved Compression Equilibrium,Exact,1.0,1.2954618442339936,0.2222222222222222,0.6,0.0,0.0,0.1098439803286126,0.0277777777777777,0.6968114125131533,0.3667156117595194,CompressionPressure,0.6968114125131533,7163.75,7166.25,7163.25,7165.25,Up,1,7163.75,3.0,4.732142857142857,5,7165.0,-0.25,-0.0528301886792452,-0.25,-0.0528301886792452,1.0,-5.75,0.2113207547169811,-1.2150943396226417,0,1
ES,xApvaV01StateLog_ES.csv,909,2026-04-20 07:20:00,Unresolved,Unresolved->Unresolved->Unresolved->Unresolved,Pure Unresolved Compression Equilibrium,Exact,1.0,1.2954618442339936,0.3333333333333333,0.6,0.0,0.0,0.0976912025508348,0.0416666666666666,0.6690336347353755,0.4083822784261861,CompressionPressure,0.6690336347353755,7152.75,7153.75,7148.0,7151.0,Down,-1,7153.0,5.75,7.089285714285714,5,7141.5,-9.5,-1.3400503778337531,9.5,1.3400503778337531,11.5,-5.75,1.622166246851385,-0.8110831234256927,1,1
ES,xApvaV01StateLog_ES.csv,910,2026-04-20 07:25:00,Unresolved,Unresolved->Unresolved->Unresolved->Unresolved,Pure Unresolved Compression Equilibrium,Exact,1.0,1.2954618442339936,0.3333333333333333,0.6,0.0,0.0,0.0976912025508348,0.0416666666666666,0.6690336347353755,0.4083822784261861,CompressionPressure,0.6690336347353755,7151.0,7156.0,7149.75,7155.5,Down,-1,7151.0,6.25,7.357142857142857,5,7147.0,-8.5,-1.1553398058252429,8.5,1.1553398058252429,16.0,-1.25,2.174757281553398,-0.1699029126213592,1,1
ES,xApvaV01StateLog_ES.csv,911,2026-04-20 07:30:00,Unresolved,Unresolved->Unresolved->Unresolved->Unresolved,Pure Unresolved Compression Equilibrium,Exact,1.0,1.2954618442339936,0.3333333333333333,0.6,0.0,0.0,0.0976912025508348,0.0416666666666666,0.6690336347353755,0.4083822784261861,CompressionPressure,0.6690336347353755,7155.25,7156.75,7148.5,7149.75,Down,-1,7155.5,8.25,7.857142857142857,5,7138.0,-11.75,-1.4954545454545456,11.75,1.4954545454545456,25.0,-0.75,3.181818181818182,-0.0954545454545454,1,1
ES,xApvaV01StateLog_ES.csv,912,2026-04-20 07:35:00,Unresolved,Unresolved->Unresolved->Unresolved->Unresolved,Pure Unresolved Compression Equilibrium,Exact,1.0,1.2954618442339936,0.3333333333333333,0.6,0.0,0.0,0.0976912025508348,0.0416666666666666,0.6690336347353755,0.4083822784261861,CompressionPressure,0.6690336347353755,7149.75,7150.5,7143.5,7146.75,Down,-1,7149.75,7.0,8.125,5,7131.75,-15.0,-1.8461538461538465,15.0,1.8461538461538465,22.0,-1.5,2.707692307692308,-0.1846153846153846,1,1
ES,xApvaV01StateLog_ES.csv,913,2026-04-20 07:40:00,Unresolved,Unresolved->Unresolved->Unresolved->Unresolved,Pure Unresolved Compression Equilibrium,Exact,1.0,1.2954618442339936,0.2222222222222222,0.6,0.0,0.0,0.1098439803286126,0.0277777777777777,0.6968114125131533,0.3667156117595194,CompressionPressure,0.6968114125131533,7146.5,7148.0,7142.75,7145.25,Down,-1,7146.75,5.25,8.410714285714286,5,7127.25,-18.0,-2.140127388535032,18.0,2.140127388535032,20.5,-3.0,2.4373673036093417,-0.3566878980891719,1,1
ES,xApvaV01StateLog_ES.csv,914,2026-04-20 07:45:00,Unresolved,Unresolved->Unresolved->Unresolved->Unresolved,Pure Unresolved Compression Equilibrium,Exact,1.0,0.8812908992278072,0.1111111111111111,0.7,0.0,0.0,0.1653733877500932,0.0138888888888888,0.7921415410204843,0.2344490508727494,CompressionPressure,0.7921415410204843,7145.25,7145.5,7139.5,7141.5,Down,-1,7145.25,6.0,7.375,5,7125.5,-16.0,-2.169491525423729,16.0,2.169491525423729,20.0,-6.75,2.711864406779661,-0.9152542372881356,1,1
ES,xApvaV01StateLog_ES.csv,916,2026-04-20 07:55:00,Degrading,Unresolved->Unresolved->Unresolved->Degrading,Sponsor Exhaustion Collapse,Exact,1.0,0.9219280948830342,0.2222222222222222,0.8,0.0,0.0,0.1617759913466288,0.1277777777777777,0.3534906051809214,0.285005104088997,CompressionPressure,0.3534906051809214,7147.25,7148.25,7124.75,7138.0,Down,-1,7147.0,23.5,8.339285714285714,5,7129.5,-8.5,-1.0192719486081372,8.5,1.0192719486081372,16.5,0.25,1.978586723768737,0.0299785867237687,1,1
ES,xApvaV01StateLog_ES.csv,918,2026-04-20 08:05:00,Degrading,Unresolved->Degrading->Degrading->Degrading,Sponsor Exhaustion Collapse,Exact,1.0,0.8812908992278072,0.1111111111111111,0.7,0.0,0.0,0.1653733877500932,0.1138888888888889,0.3421415410204842,0.2344490508727494,CompressionPressure,0.3421415410204842,7131.75,7136.25,7125.0,7127.25,Down,-1,7131.75,11.25,8.553571428571429,5,7143.0,15.75,1.8413361169102296,-15.75,-1.8413361169102296,5.75,-18.0,0.6722338204592901,-2.104384133611691,0,1
ES,xApvaV01StateLog_ES.csv,919,2026-04-20 08:10:00,Degrading,Degrading->Degrading->Degrading->Degrading,Sponsor Exhaustion Collapse,Exact,1.0,0.9709505944517832,0.1111111111111111,0.6,0.0,0.0,0.1468421506678408,0.1138888888888889,0.294871143402319,0.2540621092029942,CompressionPressure,0.294871143402319,7127.0,7130.0,7121.5,7125.5,Down,-1,7127.25,8.5,8.714285714285714,5,7135.75,10.25,1.1762295081967211,-10.25,-1.1762295081967211,2.5,-19.75,0.2868852459016394,-2.266393442622951,0,1
ES,xApvaV01StateLog_ES.csv,925,2026-04-20 08:40:00,Unresolved,Degrading->Degrading->Degrading->Unresolved,Stable Compression Basin,Exact,1.0,0.9219280948830342,0.3333333333333333,0.8,0.0,0.0,0.149623213568851,0.0416666666666666,0.7757128274031437,0.3266717707556637,CompressionPressure,0.7757128274031437,7135.75,7137.25,7132.75,7136.25,Up,1,7135.75,4.5,9.410714285714286,5,7131.5,-4.75,-0.5047438330170777,-4.75,-0.5047438330170777,4.5,-5.5,0.4781783681214421,-0.5844402277039847,0,1
ES,xApvaV01StateLog_ES.csv,926,2026-04-20 08:45:00,Unresolved,Degrading->Degrading->Unresolved->Unresolved,Stable Compression Basin,Exact,1.0,1.1567796494427114,0.3333333333333333,0.7,0.0,0.0,0.119975724756209,0.0416666666666666,0.7193679385764972,0.3780455483155931,CompressionPressure,0.7193679385764972,7136.25,7140.75,7134.5,7135.5,Up,1,7136.25,6.25,9.357142857142858,5,7134.75,-0.75,-0.0801526717557251,-0.75,-0.0801526717557251,3.5,-4.75,0.3740458015267175,-0.5076335877862596,0,1
ES,xApvaV01StateLog_ES.csv,938,2026-04-20 09:45:00,Unresolved,Unresolved->Unresolved->Unresolved->Unresolved,Pure Unresolved Compression Equilibrium,Exact,1.0,1.2954618442339936,0.4444444444444444,0.6,0.0,0.0,0.085538424773057,0.0555555555555555,0.6412558569575977,0.4500489450928527,CompressionPressure,0.6412558569575977,7135.75,7140.75,7134.0,7137.0,Up,1,7135.75,6.75,4.946428571428571,5,7138.25,1.25,0.2527075812274368,1.25,0.2527075812274368,2.25,-4.25,0.4548736462093863,-0.8592057761732852,1,1
ES,xApvaV01StateLog_ES.csv,941,2026-04-20 10:00:00,Unresolved,Unresolved->Unresolved->Unresolved->Unresolved,Pure Unresolved Compression Equilibrium,Exact,1.0,1.2954618442339936,0.3333333333333333,0.6,0.0,0.0,0.0976912025508348,0.0416666666666666,0.6690336347353755,0.4083822784261861,CompressionPressure,0.6690336347353755,7137.75,7138.0,7135.0,7136.75,Up,1,7138.0,3.0,4.375,5,7142.75,6.0,1.3714285714285714,6.0,1.3714285714285714,7.5,-4.0,1.7142857142857142,-0.9142857142857144,1,1
ES,xApvaV01StateLog_ES.csv,942,2026-04-20 10:05:00,Unresolved,Unresolved->Unresolved->Unresolved->Unresolved,Pure Unresolved Compression Equilibrium,Exact,1.0,1.2954618442339936,0.3333333333333333,0.6,0.0,0.0,0.0976912025508348,0.0416666666666666,0.6690336347353755,0.4083822784261861,CompressionPressure,0.6690336347353755,7136.75,7139.0,7132.75,7134.5,Down,-1,7136.75,6.25,4.5,5,7140.25,5.75,1.2777777777777777,-5.75,-1.2777777777777777,0.5,-9.75,0.1111111111111111,-2.1666666666666665,0,1
ES,xApvaV01StateLog_ES.csv,943,2026-04-20 10:10:00,Unresolved,Unresolved->Unresolved->Unresolved->Unresolved,Pure Unresolved Compression Equilibrium,Exact,1.0,1.2954618442339936,0.2222222222222222,0.6,0.0,0.0,0.1098439803286126,0.0277777777777777,0.6968114125131533,0.3667156117595194,CompressionPressure,0.6968114125131533,7134.5,7139.0,7134.0,7138.25,Down,-1,7134.5,5.0,4.660714285714286,5,7136.75,-1.5,-0.3218390804597701,1.5,0.3218390804597701,2.0,-6.0,0.4291187739463601,-1.2873563218390804,1,1
ES,xApvaV01StateLog_ES.csv,944,2026-04-20 10:15:00,Unresolved,Unresolved->Unresolved->Unresolved->Unresolved,Pure Unresolved Compression Equilibrium,Exact,1.0,0.8812908992278072,0.1111111111111111,0.7,0.0,0.0,0.1653733877500932,0.0138888888888888,0.7921415410204843,0.2344490508727494,CompressionPressure,0.7921415410204843,7138.5,7141.75,7137.25,7140.75,Up,1,7138.25,4.5,4.517857142857143,5,7139.25,-1.5,-0.3320158102766798,-1.5,-0.3320158102766798,3.5,-4.5,0.7747035573122529,-0.9960474308300394,0,1
ES,xApvaV01StateLog_ES.csv,948,2026-04-20 10:35:00,Unresolved,Unresolved->Unresolved->Balance->Unresolved,Stable Compression Basin,Exact,1.0,0.9219280948830342,0.2222222222222222,0.8,0.0,0.0,0.1617759913466288,0.0277777777777777,0.8034906051809215,0.285005104088997,CompressionPressure,0.8034906051809215,7140.0,7140.5,7136.25,7136.75,Down,-1,7140.25,4.25,4.321428571428571,5,7137.75,1.0,0.2314049586776859,-1.0,-0.2314049586776859,0.5,-6.25,0.1157024793388429,-1.4462809917355373,0,1
ES,xApvaV01StateLog_ES.csv,949,2026-04-20 10:40:00,Unresolved,Unresolved->Balance->Unresolved->Unresolved,Stable Compression Basin,Exact,1.0,1.1567796494427114,0.2222222222222222,0.7,0.0,0.0,0.1321285025339868,0.0277777777777777,0.747145716354275,0.3363788816489264,CompressionPressure,0.747145716354275,7136.75,7139.75,7136.25,7139.25,Down,-1,7136.75,3.5,4.357142857142857,5,7137.5,-1.75,-0.4016393442622951,1.75,0.4016393442622951,4.25,-3.75,0.975409836065574,-0.8606557377049181,1,1
ES,xApvaV01StateLog_ES.csv,950,2026-04-20 10:45:00,Unresolved,Balance->Unresolved->Unresolved->Unresolved,Stable Compression Basin,Exact,1.0,1.2954618442339936,0.2222222222222222,0.6,0.0,0.0,0.1098439803286126,0.0277777777777777,0.6968114125131533,0.3667156117595194,CompressionPressure,0.6968114125131533,7139.0,7143.0,7136.5,7140.0,Up,1,7139.25,6.5,4.482142857142857,5,7142.25,2.25,0.50199203187251,2.25,0.50199203187251,3.0,-5.0,0.6693227091633467,-1.1155378486055778,1,1
ES,xApvaV01StateLog_ES.csv,951,2026-04-20 10:50:00,Unresolved,Unresolved->Unresolved->Unresolved->Unresolved,Pure Unresolved Compression Equilibrium,Exact,1.0,1.2954618442339936,0.3333333333333333,0.6,0.0,0.0,0.0976912025508348,0.0416666666666666,0.6690336347353755,0.4083822784261861,CompressionPressure,0.6690336347353755,7140.0,7141.0,7138.5,7140.0,Up,1,7140.0,2.5,4.232142857142857,5,7142.25,2.25,0.5316455696202532,2.25,0.5316455696202532,3.0,-5.0,0.708860759493671,-1.181434599156118,1,1
ES,xApvaV01StateLog_ES.csv,952,2026-04-20 10:55:00,Unresolved,Unresolved->Unresolved->Unresolved->Unresolved,Pure Unresolved Compression Equilibrium,Exact,1.0,1.2954618442339936,0.3333333333333333,0.6,0.0,0.0,0.0976912025508348,0.0416666666666666,0.6690336347353755,0.4083822784261861,CompressionPressure,0.6690336347353755,7140.25,7141.0,7138.5,7140.5,Up,1,7140.0,2.5,3.928571428571429,5,7144.25,3.75,0.9545454545454546,3.75,0.9545454545454546,4.5,-5.5,1.1454545454545455,-1.4,1,1
ES,xApvaV01StateLog_ES.csv,953,2026-04-20 11:00:00,Unresolved,Unresolved->Unresolved->Unresolved->Unresolved,Pure Unresolved Compression Equilibrium,Exact,1.0,1.2954618442339936,0.3333333333333333,0.6,0.0,0.0,0.0976912025508348,0.0416666666666666,0.6690336347353755,0.4083822784261861,CompressionPressure,0.6690336347353755,7140.5,7140.75,7137.0,7137.75,Up,1,7140.5,3.75,4.017857142857143,5,7146.5,8.75,2.1777777777777776,8.75,2.1777777777777776,8.75,-2.75,2.1777777777777776,-0.6844444444444444,1,1
ES,xApvaV01StateLog_ES.csv,954,2026-04-20 11:05:00,Unresolved,Unresolved->Unresolved->Unresolved->Unresolved,Pure Unresolved Compression Equilibrium,Exact,1.0,1.2954618442339936,0.3333333333333333,0.6,0.0,0.0,0.0976912025508348,0.0416666666666666,0.6690336347353755,0.4083822784261861,CompressionPressure,0.6690336347353755,7137.75,7138.25,7135.0,7137.5,Down,-1,7137.75,3.25,4.035714285714286,5,7143.5,6.0,1.4867256637168142,-6.0,-1.4867256637168142,1.75,-9.0,0.4336283185840708,-2.230088495575221,0,1
ES,xApvaV01StateLog_ES.csv,955,2026-04-20 11:10:00,Unresolved,Unresolved->Unresolved->Unresolved->Unresolved,Pure Unresolved Compression Equilibrium,Exact,1.0,1.2954618442339936,0.3333333333333333,0.6,0.0,0.0,0.0976912025508348,0.0416666666666666,0.6690336347353755,0.4083822784261861,CompressionPressure,0.6690336347353755,7137.25,7143.0,7137.25,7142.25,Down,-1,7137.5,5.75,4.232142857142857,5,7143.5,1.25,0.2953586497890295,-1.25,-0.2953586497890295,6.5,-4.25,1.5358649789029537,-1.0042194092827006,0,1
ES,xApvaV01StateLog_ES.csv,956,2026-04-20 11:15:00,Unresolved,Unresolved->Unresolved->Unresolved->Unresolved,Pure Unresolved Compression Equilibrium,Exact,1.0,1.2954618442339936,0.2222222222222222,0.6,0.0,0.0,0.1098439803286126,0.0277777777777777,0.6968114125131533,0.3667156117595194,CompressionPressure,0.6968114125131533,7142.0,7142.5,7135.75,7142.25,Up,1,7142.25,6.75,4.267857142857143,5,7139.75,-2.5,-0.5857740585774058,-2.5,-0.5857740585774058,4.25,-2.75,0.99581589958159,-0.6443514644351463,0,1
ES,xApvaV01StateLog_ES.csv,957,2026-04-20 11:20:00,Unresolved,Unresolved->Unresolved->Unresolved->Unresolved,Pure Unresolved Compression Equilibrium,Exact,1.0,0.8812908992278072,0.1111111111111111,0.7,0.0,0.0,0.1653733877500932,0.0138888888888888,0.7921415410204843,0.2344490508727494,CompressionPressure,0.7921415410204843,7142.25,7145.0,7141.0,7144.25,Up,1,7142.25,4.0,4.196428571428571,5,7141.5,-2.75,-0.6553191489361703,-2.75,-0.6553191489361703,2.25,-5.25,0.5361702127659574,-1.251063829787234,0,1
ES,xApvaV01StateLog_ES.csv,992,2026-04-21 06:45:00,Unresolved,Unresolved->Unresolved->Unresolved->Unresolved,Pure Unresolved Compression Equilibrium,Exact,1.0,1.1567796494427114,0.2222222222222222,0.7,0.0,0.0,0.1321285025339868,0.0277777777777777,0.747145716354275,0.3363788816489264,CompressionPressure,0.747145716354275,7150.25,7156.75,7149.5,7156.5,Down,-1,7150.0,7.25,4.732142857142857,5,7170.25,13.75,2.905660377358491,-13.75,-2.905660377358491,3.25,-15.25,0.6867924528301887,-3.2226415094339624,0,1
ES,xApvaV01StateLog_ES.csv,1023,2026-04-21 09:20:00,Unresolved,Degrading->Unresolved->Degrading->Unresolved,Stable Compression Basin,Exact,1.0,0.8812908992278072,0.6666666666666666,0.7,0.0,0.0,0.1046094988612043,0.0833333333333333,0.6532526521315953,0.4427823842060827,CompressionPressure,0.6532526521315953,7128.0,7131.25,7126.5,7129.0,Up,1,7128.25,4.75,7.571428571428571,5,7117.75,-11.25,-1.4858490566037736,-11.25,-1.4858490566037736,2.0,-13.5,0.2641509433962264,-1.7830188679245285,0,1
ES,xApvaV01StateLog_ES.csv,1026,2026-04-21 09:35:00,Unresolved,Unresolved->Degrading->Degrading->Unresolved,Stable Compression Basin,Exact,1.0,0.9709505944517832,0.6666666666666666,0.6,0.0,0.0,0.086078261778952,0.0833333333333333,0.6059822545134302,0.4623954425363276,CompressionPressure,0.6059822545134302,7122.75,7128.75,7122.5,7128.25,Down,-1,7122.75,6.25,7.178571428571429,5,7114.75,-13.5,-1.880597014925373,13.5,1.880597014925373,14.75,-2.75,2.054726368159204,-0.3830845771144278,1,1
ES,xApvaV01StateLog_ES.csv,1027,2026-04-21 09:40:00,Unresolved,Degrading->Degrading->Unresolved->Unresolved,Stable Compression Basin,Exact,1.0,0.9709505944517832,0.6666666666666666,0.6,0.0,0.0,0.086078261778952,0.0833333333333333,0.6059822545134302,0.4623954425363276,CompressionPressure,0.6059822545134302,7128.5,7131.0,7122.0,7124.25,Down,-1,7128.25,9.0,7.089285714285714,5,7118.5,-5.75,-0.8110831234256927,5.75,0.8110831234256927,10.75,-1.25,1.5163727959697733,-0.1763224181360201,1,1
ES,xApvaV01StateLog_ES.csv,1028,2026-04-21 09:45:00,Unresolved,Degrading->Unresolved->Unresolved->Unresolved,Stable Compression Basin,Exact,1.0,0.9709505944517832,0.6666666666666666,0.6,0.0,0.0,0.086078261778952,0.0833333333333333,0.6059822545134302,0.4623954425363276,CompressionPressure,0.6059822545134302,7124.5,7125.5,7115.5,7117.75,Down,-1,7124.25,10.0,7.232142857142857,5,7113.5,-4.25,-0.5876543209876544,4.25,0.5876543209876544,11.5,-7.75,1.5901234567901237,-1.071604938271605,1,1
ES,xApvaV01StateLog_ES.csv,1048,2026-04-21 11:25:00,Unresolved,Unresolved->Unresolved->Degrading->Unresolved,Stable Compression Basin,Exact,1.0,0.8812908992278072,0.3333333333333333,0.7,0.0,0.0,0.1410678321945376,0.0416666666666666,0.7365859854649287,0.3177823842060828,CompressionPressure,0.7365859854649287,7110.0,7112.0,7106.75,7109.25,Down,-1,7110.0,5.25,8.857142857142858,5,7110.5,1.25,0.1411290322580645,-1.25,-0.1411290322580645,1.75,-7.25,0.1975806451612903,-0.8185483870967741,0,1
ES,xApvaV01StateLog_ES.csv,1049,2026-04-21 11:30:00,Unresolved,Unresolved->Degrading->Unresolved->Unresolved,Stable Compression Basin,Exact,1.0,0.9709505944517832,0.3333333333333333,0.6,0.0,0.0,0.1225365951122853,0.0416666666666666,0.6893155878467636,0.3373954425363276,CompressionPressure,0.6893155878467636,7109.0,7111.5,7107.5,7109.75,Down,-1,7109.25,4.0,8.392857142857142,5,7123.0,13.25,1.578723404255319,-13.25,-1.578723404255319,0.75,-16.75,0.0893617021276595,-1.995744680851064,0,1
ES,xApvaV01StateLog_ES.csv,1050,2026-04-21 11:35:00,Unresolved,Degrading->Unresolved->Unresolved->Unresolved,Stable Compression Basin,Exact,1.0,0.9999999999971146,0.3333333333333333,0.5,0.0,0.0,0.1086458333335542,0.0416666666666666,0.6458333333335138,0.3437499999993688,CompressionPressure,0.6458333333335138,7110.0,7116.5,7109.75,7115.75,Up,1,7109.75,6.75,8.285714285714286,5,7122.0,6.25,0.7543103448275862,6.25,0.7543103448275862,12.25,-6.75,1.4784482758620687,-0.814655172413793,1,1
ES,xApvaV01StateLog_ES.csv,1056,2026-04-21 12:05:00,Unresolved,Unresolved->Unresolved->Unresolved->Unresolved,Pure Unresolved Compression Equilibrium,Exact,1.0,1.2954618442339936,0.2222222222222222,0.6,0.0,0.0,0.1098439803286126,0.0277777777777777,0.6968114125131533,0.3667156117595194,CompressionPressure,0.6968114125131533,7122.25,7128.0,7122.25,7125.5,Up,1,7122.0,6.0,7.375,5,7136.75,11.25,1.5254237288135593,11.25,1.5254237288135593,12.0,-4.5,1.6271186440677967,-0.6101694915254238,1,1
ES,xApvaV01StateLog_ES.csv,1057,2026-04-21 12:10:00,Unresolved,Unresolved->Unresolved->Unresolved->Unresolved,Pure Unresolved Compression Equilibrium,Exact,1.0,0.8812908992278072,0.1111111111111111,0.7,0.0,0.0,0.1653733877500932,0.0138888888888888,0.7921415410204843,0.2344490508727494,CompressionPressure,0.7921415410204843,7125.5,7127.75,7123.25,7126.25,Up,1,7125.5,4.5,7.285714285714286,5,7132.5,6.25,0.857843137254902,6.25,0.857843137254902,12.25,-5.25,1.681372549019608,-0.7205882352941176,1,1
ES,xApvaV01StateLog_ES.csv,1062,2026-04-21 12:35:00,Unresolved,Unresolved->Degrading->Degrading->Unresolved,Stable Compression Basin,Exact,1.0,1.1567796494427114,0.2222222222222222,0.7,0.0,0.0,0.1321285025339868,0.0277777777777777,0.747145716354275,0.3363788816489264,CompressionPressure,0.747145716354275,7136.75,7138.5,7130.75,7132.5,Up,1,7136.75,7.75,7.428571428571429,5,7100.25,-32.25,-4.341346153846153,-32.25,-4.341346153846153,0.25,-47.5,0.0336538461538461,-6.394230769230769,0,1
ES,xApvaV01StateLog_ES.csv,1069,2026-04-21 13:10:00,Unresolved,Unresolved->Unresolved->Degrading->Unresolved,Stable Compression Basin,Exact,1.0,0.9709505944517832,0.5555555555555556,0.6,0.0,0.0,0.0982310395567297,0.0694444444444444,0.633760032291208,0.4207287758696609,CompressionPressure,0.633760032291208,7094.5,7140.0,7091.75,7123.0,Down,-1,7094.75,48.25,14.25,5,7124.5,1.5,0.1052631578947368,-1.5,-0.1052631578947368,13.25,-14.0,0.9298245614035088,-0.9824561403508772,0,1
ES,xApvaV01StateLog_ES.csv,1070,2026-04-21 13:15:00,Unresolved,Unresolved->Degrading->Unresolved->Unresolved,Stable Compression Basin,Exact,1.0,0.9999999999971146,0.5555555555555556,0.5,0.0,0.0,0.0843402777779986,0.0694444444444444,0.5902777777779582,0.4270833333327021,CompressionPressure,0.5902777777779582,7123.25,7137.0,7109.75,7124.75,Up,1,7123.0,27.25,15.767857142857142,5,7123.75,-1.0,-0.0634201585503963,-1.0,-0.0634201585503963,5.5,-4.75,0.3488108720271801,-0.3012457531143828,0,1
ES,xApvaV01StateLog_ES.csv,1071,2026-04-21 13:20:00,Unresolved,Degrading->Unresolved->Unresolved->Unresolved,Stable Compression Basin,Exact,1.0,0.9709505944517832,0.4444444444444444,0.6,0.0,0.0,0.1103838173345075,0.0555555555555555,0.6615378100689858,0.3790621092029942,CompressionPressure,0.6615378100689858,7125.25,7129.5,7120.75,7121.5,Up,1,7124.75,8.75,16.071428571428573,5,7120.75,-0.75,-0.0466666666666666,-0.75,-0.0466666666666666,8.75,-1.5,0.5444444444444444,-0.0933333333333333,0,1
ES,xApvaV01StateLog_ES.csv,1084,2026-04-22 06:55:00,Unresolved,Unresolved->Unresolved->Unresolved->Unresolved,Pure Unresolved Compression Equilibrium,Exact,1.0,1.2954618442339936,0.2222222222222222,0.6,0.0,0.0,0.1098439803286126,0.0277777777777777,0.6968114125131533,0.3667156117595194,CompressionPressure,0.6968114125131533,7145.0,7151.0,7141.0,7150.75,Down,-1,7145.25,10.0,8.571428571428571,5,7162.5,11.75,1.3708333333333331,-11.75,-1.3708333333333331,4.5,-12.5,0.525,-1.4583333333333337,0,1
ES,xApvaV01StateLog_ES.csv,1085,2026-04-22 07:00:00,Unresolved,Unresolved->Unresolved->Unresolved->Unresolved,Pure Unresolved Compression Equilibrium,Exact,1.0,0.8812908992278072,0.1111111111111111,0.7,0.0,0.0,0.1653733877500932,0.0138888888888888,0.7921415410204843,0.2344490508727494,CompressionPressure,0.7921415410204843,7151.0,7153.5,7146.5,7152.75,Up,1,7150.75,7.0,8.446428571428571,5,7162.25,9.5,1.1247357293868925,9.5,1.1247357293868925,13.5,-6.5,1.59830866807611,-0.7695560253699789,1,1
ES,xApvaV01StateLog_ES.csv,1109,2026-04-22 09:00:00,Unresolved,Balance->Degrading->Unresolved->Unresolved,Stable Compression Basin,Exact,1.0,1.2954618442339936,0.3333333333333333,0.6,0.0,0.0,0.0976912025508348,0.0416666666666666,0.6690336347353755,0.4083822784261861,CompressionPressure,0.6690336347353755,7155.5,7159.25,7154.5,7154.75,Down,-1,7155.25,4.75,6.285714285714286,5,7154.0,-0.75,-0.1193181818181818,0.75,0.1193181818181818,2.5,-5.5,0.3977272727272727,-0.875,1,1
ES,xApvaV01StateLog_ES.csv,1110,2026-04-22 09:05:00,Unresolved,Degrading->Unresolved->Unresolved->Unresolved,Stable Compression Basin,Exact,1.0,1.2954618442339936,0.3333333333333333,0.6,0.0,0.0,0.0976912025508348,0.0416666666666666,0.6690336347353755,0.4083822784261861,CompressionPressure,0.6690336347353755,7155.0,7158.0,7152.5,7157.75,Down,-1,7154.75,5.5,6.071428571428571,5,7150.0,-7.75,-1.2764705882352942,7.75,1.2764705882352942,9.0,-2.5,1.4823529411764709,-0.411764705882353,1,1
ES,xApvaV01StateLog_ES.csv,1116,2026-04-22 09:35:00,Unresolved,Unresolved->Unresolved->Unresolved->Unresolved,Pure Unresolved Compression Equilibrium,Exact,1.0,0.9709505944517832,0.1111111111111111,0.6,0.0,0.0,0.1468421506678408,0.0138888888888888,0.7448711434023191,0.2540621092029942,CompressionPressure,0.7448711434023191,7150.0,7151.5,7146.5,7150.5,Down,-1,7150.0,5.0,5.464285714285714,5,7147.75,-2.75,-0.5032679738562091,2.75,0.5032679738562091,3.75,-5.0,0.6862745098039216,-0.915032679738562,1,1
ES,xApvaV01StateLog_ES.csv,1117,2026-04-22 09:40:00,Unresolved,Unresolved->Unresolved->Unresolved->Unresolved,Pure Unresolved Compression Equilibrium,Exact,1.0,0.8812908992278072,0.1111111111111111,0.7,0.0,0.0,0.1653733877500932,0.0138888888888888,0.7921415410204843,0.2344490508727494,CompressionPressure,0.7921415410204843,7150.75,7154.75,7149.25,7153.75,Up,1,7150.5,5.5,5.321428571428571,5,7154.75,1.0,0.1879194630872483,1.0,0.1879194630872483,2.25,-7.0,0.4228187919463087,-1.3154362416107384,1,1
ES,xApvaV01StateLog_ES.csv,1143,2026-04-22 11:50:00,Unresolved,Unresolved->Balance->Unresolved->Unresolved,Stable Compression Basin,Exact,1.0,1.2954618442339936,0.4444444444444444,0.6,0.0,0.0,0.085538424773057,0.0555555555555555,0.6412558569575977,0.4500489450928527,CompressionPressure,0.6412558569575977,7156.75,7159.5,7155.75,7157.75,Up,1,7157.0,3.75,3.3035714285714284,5,7157.75,0.0,0.0,0.0,0.0,1.0,-7.75,0.3027027027027027,-2.345945945945946,0,1
ES,xApvaV01StateLog_ES.csv,1178,2026-04-23 07:15:00,Unresolved,Degrading->Degrading->Degrading->Unresolved,Stable Compression Basin,Exact,1.0,1.2954618442339936,0.3333333333333333,0.6,0.0,0.0,0.0976912025508348,0.0416666666666666,0.6690336347353755,0.4083822784261861,CompressionPressure,0.6690336347353755,7160.5,7161.25,7157.5,7158.75,Down,-1,7160.5,3.75,6.732142857142857,5,7164.5,5.75,0.8541114058355438,-5.75,-0.8541114058355438,0.75,-10.75,0.1114058355437665,-1.596816976127321,0,1
ES,xApvaV01StateLog_ES.csv,1179,2026-04-23 07:20:00,Unresolved,Degrading->Degrading->Unresolved->Unresolved,Stable Compression Basin,Exact,1.0,1.2954618442339936,0.3333333333333333,0.6,0.0,0.0,0.0976912025508348,0.0416666666666666,0.6690336347353755,0.4083822784261861,CompressionPressure,0.6690336347353755,7158.75,7164.75,7158.0,7159.5,Down,-1,7158.75,6.75,6.625,5,7167.25,7.75,1.169811320754717,-7.75,-1.169811320754717,0.5,-10.0,0.0754716981132075,-1.509433962264151,0,1
ES,xApvaV01StateLog_ES.csv,1188,2026-04-23 08:05:00,Unresolved,Unresolved->Unresolved->Degrading->Unresolved,Stable Compression Basin,Exact,1.0,0.9999999999971146,0.6666666666666666,0.5,0.0,0.0,0.0721875000002209,0.0833333333333333,0.5625000000001804,0.4687499999993688,CompressionPressure,0.5625000000001804,7175.0,7178.0,7174.25,7175.0,Up,1,7175.0,3.75,6.232142857142857,5,7177.75,2.75,0.4412607449856733,2.75,0.4412607449856733,5.5,-3.25,0.8825214899713467,-0.5214899713467049,1,1
ES,xApvaV01StateLog_ES.csv,1191,2026-04-23 08:20:00,Unresolved,Unresolved->Degrading->Unresolved->Unresolved,Stable Compression Basin,Exact,1.0,1.2954618442339936,0.6666666666666666,0.6,0.0,0.0,0.0612328692175015,0.0833333333333333,0.5857003014020421,0.533382278426186,CompressionPressure,0.5857003014020421,7174.0,7179.75,7172.75,7178.25,Up,1,7174.0,7.0,5.571428571428571,5,7173.5,-4.75,-0.8525641025641026,-4.75,-0.8525641025641026,3.25,-6.0,0.5833333333333334,-1.0769230769230769,0,1
ES,xApvaV01StateLog_ES.csv,1192,2026-04-23 08:25:00,Unresolved,Degrading->Unresolved->Unresolved->Unresolved,Stable Compression Basin,Exact,1.0,1.2954618442339936,0.5555555555555556,0.6,0.0,0.0,0.0733856469952793,0.0694444444444444,0.6134780791798199,0.4917156117595194,CompressionPressure,0.6134780791798199,7178.25,7179.75,7176.5,7179.25,Up,1,7178.25,3.25,5.535714285714286,5,7170.0,-9.25,-1.6709677419354838,-9.25,-1.6709677419354838,2.25,-13.25,0.4064516129032258,-2.393548387096774,0,1
ES,xApvaV01StateLog_ES.csv,1198,2026-04-23 08:55:00,Unresolved,Unresolved->Unresolved->Unresolved->Unresolved,Pure Unresolved Compression Equilibrium,Exact,1.0,1.2954618442339936,0.2222222222222222,0.6,0.0,0.0,0.1098439803286126,0.0277777777777777,0.6968114125131533,0.3667156117595194,CompressionPressure,0.6968114125131533,7170.0,7170.0,7164.5,7165.25,Down,-1,7170.0,5.5,4.928571428571429,5,7167.0,1.75,0.3550724637681159,-1.75,-0.3550724637681159,5.0,-7.0,1.0144927536231882,-1.4202898550724636,0,1
ES,xApvaV01StateLog_ES.csv,1231,2026-04-23 11:40:00,Unresolved,Unresolved->Balance->Unresolved->Unresolved,Stable Compression Basin,Exact,1.0,1.2954618442339936,0.4444444444444444,0.6,0.0,0.0,0.085538424773057,0.0555555555555555,0.6412558569575977,0.4500489450928527,CompressionPressure,0.6412558569575977,7148.25,7152.25,7145.25,7146.5,Up,1,7148.0,7.0,15.267857142857142,5,7128.75,-17.75,-1.1625730994152048,-17.75,-1.1625730994152048,1.25,-22.0,0.0818713450292397,-1.4409356725146198,0,1
ES,xApvaV01StateLog_ES.csv,1232,2026-04-23 11:45:00,Unresolved,Balance->Unresolved->Unresolved->Unresolved,Stable Compression Basin,Exact,1.0,1.2954618442339936,0.3333333333333333,0.6,0.0,0.0,0.0976912025508348,0.0416666666666666,0.6690336347353755,0.4083822784261861,CompressionPressure,0.6690336347353755,7146.75,7147.75,7138.0,7143.75,Down,-1,7146.5,9.75,14.803571428571429,5,7135.75,-8.0,-0.5404101326899879,8.0,0.5404101326899879,19.25,-0.75,1.3003618817852836,-0.0506634499396863,1,1
ES,xApvaV01StateLog_ES.csv,1235,2026-04-23 12:00:00,Unresolved,Unresolved->Unresolved->Balance->Unresolved,Stable Compression Basin,Exact,1.0,1.1567796494427114,0.5555555555555556,0.7,0.0,0.0,0.0956701692006535,0.0694444444444444,0.6638123830209416,0.4613788816489264,CompressionPressure,0.6638123830209416,7138.5,7139.5,7124.5,7128.25,Down,-1,7138.5,15.0,12.214285714285714,5,7141.0,12.75,1.0438596491228072,-12.75,-1.0438596491228072,3.75,-15.75,0.3070175438596491,-1.2894736842105263,0,1
ES,xApvaV01StateLog_ES.csv,1236,2026-04-23 12:05:00,Unresolved,Unresolved->Balance->Unresolved->Unresolved,Stable Compression Basin,Exact,1.0,1.1567796494427114,0.5555555555555556,0.7,0.0,0.0,0.0956701692006535,0.0694444444444444,0.6638123830209416,0.4613788816489264,CompressionPressure,0.6638123830209416,7128.25,7131.0,7124.5,7128.75,Down,-1,7128.25,6.5,9.839285714285714,5,7141.25,12.5,1.2704174228675138,-12.5,-1.2704174228675138,0.0,-15.25,0.0,-1.5499092558983667,0,1
ES,xApvaV01StateLog_ES.csv,1237,2026-04-23 12:10:00,Unresolved,Balance->Unresolved->Unresolved->Unresolved,Stable Compression Basin,Exact,1.0,1.1567796494427114,0.5555555555555556,0.7,0.0,0.0,0.0956701692006535,0.0694444444444444,0.6638123830209416,0.4613788816489264,CompressionPressure,0.6638123830209416,7129.0,7138.25,7128.75,7135.75,Up,1,7128.75,9.5,9.392857142857142,5,7136.75,1.0,0.1064638783269962,1.0,0.1064638783269962,10.5,-2.0,1.11787072243346,-0.2129277566539924,1,1
ES,xApvaV01StateLog_ES.csv,1239,2026-04-23 12:20:00,Unresolved,Unresolved->Unresolved->Unresolved->Unresolved,Pure Unresolved Compression Equilibrium,Exact,1.0,1.2954618442339936,0.4444444444444444,0.6,0.0,0.0,0.085538424773057,0.0555555555555555,0.6412558569575977,0.4500489450928527,CompressionPressure,0.6412558569575977,7139.25,7144.0,7139.25,7142.0,Up,1,7139.25,4.75,8.035714285714286,5,7130.5,-11.5,-1.431111111111111,-11.5,-1.431111111111111,4.25,-14.0,0.5288888888888889,-1.742222222222222,0,1
ES,xApvaV01StateLog_ES.csv,1242,2026-04-23 12:35:00,Unresolved,Unresolved->Unresolved->Unresolved->Unresolved,Pure Unresolved Compression Equilibrium,Exact,1.0,1.2954618442339936,0.3333333333333333,0.6,0.0,0.0,0.0976912025508348,0.0416666666666666,0.6690336347353755,0.4083822784261861,CompressionPressure,0.6690336347353755,7141.25,7146.25,7136.25,7136.75,Up,1,7141.25,10.0,7.464285714285714,5,7142.25,5.5,0.7368421052631579,5.5,0.7368421052631579,10.0,-15.25,1.339712918660287,-2.0430622009569377,1,1
ES,xApvaV01StateLog_ES.csv,1243,2026-04-23 12:40:00,Unresolved,Unresolved->Unresolved->Unresolved->Unresolved,Pure Unresolved Compression Equilibrium,Exact,1.0,1.2954618442339936,0.2222222222222222,0.6,0.0,0.0,0.1098439803286126,0.0277777777777777,0.6968114125131533,0.3667156117595194,CompressionPressure,0.6968114125131533,7136.75,7136.75,7128.0,7133.0,Down,-1,7136.75,8.75,7.642857142857143,5,7143.75,10.75,1.4065420560747663,-10.75,-1.4065420560747663,11.5,-13.75,1.5046728971962615,-1.7990654205607477,0,1
ES,xApvaV01StateLog_ES.csv,1244,2026-04-23 12:45:00,Unresolved,Unresolved->Unresolved->Unresolved->Unresolved,Pure Unresolved Compression Equilibrium,Exact,1.0,0.8812908992278072,0.1111111111111111,0.7,0.0,0.0,0.1653733877500932,0.0138888888888888,0.7921415410204843,0.2344490508727494,CompressionPressure,0.7921415410204843,7133.0,7138.0,7130.0,7130.5,Down,-1,7133.0,8.0,7.714285714285714,5,7139.25,8.75,1.1342592592592593,-8.75,-1.1342592592592593,9.0,-16.25,1.1666666666666667,-2.1064814814814814,0,1
ES,xApvaV01StateLog_ES.csv,1281,2026-04-24 08:20:00,Unresolved,Balance->Unresolved->Unresolved->Unresolved,Stable Compression Basin,Exact,1.0,1.2954618442339936,0.6666666666666666,0.6,0.0,0.0,0.0612328692175015,0.0833333333333333,0.5857003014020421,0.533382278426186,CompressionPressure,0.5857003014020421,7173.25,7174.25,7171.25,7172.25,Up,1,7173.25,3.0,6.410714285714286,5,7190.0,17.75,2.768802228412256,17.75,2.768802228412256,19.25,-1.75,3.002785515320334,-0.2729805013927576,1,1
ES,xApvaV01StateLog_ES.csv,1287,2026-04-24 08:50:00,Unresolved,Unresolved->Unresolved->Unresolved->Unresolved,Pure Unresolved Compression Equilibrium,Exact,1.0,1.2954618442339936,0.2222222222222222,0.6,0.0,0.0,0.1098439803286126,0.0277777777777777,0.6968114125131533,0.3667156117595194,CompressionPressure,0.6968114125131533,7190.0,7197.25,7182.0,7188.5,Up,1,7190.0,15.25,6.642857142857143,5,7189.0,0.5,0.075268817204301,0.5,0.075268817204301,8.25,-1.75,1.2419354838709675,-0.2634408602150537,1,1
ES,xApvaV01StateLog_ES.csv,1288,2026-04-24 08:55:00,Unresolved,Unresolved->Unresolved->Unresolved->Unresolved,Pure Unresolved Compression Equilibrium,Exact,1.0,0.8812908992278072,0.1111111111111111,0.7,0.0,0.0,0.1653733877500932,0.0138888888888888,0.7921415410204843,0.2344490508727494,CompressionPressure,0.7921415410204843,7188.5,7196.75,7188.5,7195.25,Up,1,7188.5,8.25,6.821428571428571,5,7188.5,-6.75,-0.9895287958115184,-6.75,-0.9895287958115184,1.0,-10.0,0.1465968586387434,-1.4659685863874343,0,1
ES,xApvaV01StateLog_ES.csv,1295,2026-04-24 09:30:00,Unresolved,Unresolved->Unresolved->Degrading->Unresolved,Stable Compression Basin,Exact,1.0,0.9219280948830342,0.2222222222222222,0.8,0.0,0.0,0.1617759913466288,0.0277777777777777,0.8034906051809215,0.285005104088997,CompressionPressure,0.8034906051809215,7189.75,7192.0,7187.25,7189.0,Up,1,7189.75,4.75,7.142857142857143,5,7190.0,1.0,0.1399999999999999,1.0,0.1399999999999999,5.5,-4.75,0.7699999999999999,-0.6649999999999999,1,1
ES,xApvaV01StateLog_ES.csv,1296,2026-04-24 09:35:00,Unresolved,Unresolved->Degrading->Unresolved->Unresolved,Stable Compression Basin,Exact,1.0,1.1567796494427114,0.2222222222222222,0.7,0.0,0.0,0.1321285025339868,0.0277777777777777,0.747145716354275,0.3363788816489264,CompressionPressure,0.747145716354275,7189.0,7194.5,7189.0,7192.75,Up,1,7189.0,5.5,7.089285714285714,5,7191.5,-1.25,-0.1763224181360201,-1.25,-0.1763224181360201,1.25,-8.5,0.1763224181360201,-1.198992443324937,0,1
ES,xApvaV01StateLog_ES.csv,1297,2026-04-24 09:40:00,Unresolved,Degrading->Unresolved->Unresolved->Unresolved,Stable Compression Basin,Exact,1.0,1.2954618442339936,0.2222222222222222,0.6,0.0,0.0,0.1098439803286126,0.0277777777777777,0.6968114125131533,0.3667156117595194,CompressionPressure,0.6968114125131533,7192.5,7193.0,7189.25,7190.25,Up,1,7192.75,3.75,7.017857142857143,5,7191.25,1.0,0.1424936386768447,1.0,0.1424936386768447,3.75,-6.0,0.5343511450381679,-0.8549618320610687,1,1
ES,xApvaV01StateLog_ES.csv,1298,2026-04-24 09:45:00,Unresolved,Unresolved->Unresolved->Unresolved->Unresolved,Pure Unresolved Compression Equilibrium,Exact,1.0,1.2954618442339936,0.3333333333333333,0.6,0.0,0.0,0.0976912025508348,0.0416666666666666,0.6690336347353755,0.4083822784261861,CompressionPressure,0.6690336347353755,7190.0,7190.5,7184.25,7186.75,Down,-1,7190.25,6.25,7.214285714285714,5,7189.25,2.5,0.3465346534653465,-2.5,-0.3465346534653465,1.25,-7.25,0.1732673267326732,-1.004950495049505,0,1
ES,xApvaV01StateLog_ES.csv,1299,2026-04-24 09:50:00,Unresolved,Unresolved->Unresolved->Unresolved->Unresolved,Pure Unresolved Compression Equilibrium,Exact,1.0,1.2954618442339936,0.3333333333333333,0.6,0.0,0.0,0.0976912025508348,0.0416666666666666,0.6690336347353755,0.4083822784261861,CompressionPressure,0.6690336347353755,7187.0,7189.25,7185.5,7187.5,Down,-1,7186.75,3.75,7.107142857142857,5,7188.75,1.25,0.1758793969849246,-1.25,-0.1758793969849246,0.0,-6.5,0.0,-0.914572864321608,0,1
ES,xApvaV01StateLog_ES.csv,1300,2026-04-24 09:55:00,Unresolved,Unresolved->Unresolved->Unresolved->Unresolved,Pure Unresolved Compression Equilibrium,Exact,1.0,1.2954618442339936,0.3333333333333333,0.6,0.0,0.0,0.0976912025508348,0.0416666666666666,0.6690336347353755,0.4083822784261861,CompressionPressure,0.6690336347353755,7187.75,7191.25,7187.5,7190.0,Up,1,7187.5,3.75,5.964285714285714,5,7186.25,-3.75,-0.6287425149700598,-3.75,-0.6287425149700598,4.0,-4.0,0.6706586826347305,-0.6706586826347305,0,1
ES,xApvaV01StateLog_ES.csv,1301,2026-04-24 10:00:00,Unresolved,Unresolved->Unresolved->Unresolved->Unresolved,Pure Unresolved Compression Equilibrium,Exact,1.0,1.2954618442339936,0.3333333333333333,0.6,0.0,0.0,0.0976912025508348,0.0416666666666666,0.6690336347353755,0.4083822784261861,CompressionPressure,0.6690336347353755,7190.25,7194.0,7189.25,7191.5,Up,1,7190.0,4.75,5.214285714285714,5,7187.0,-4.5,-0.863013698630137,-4.5,-0.863013698630137,2.0,-8.5,0.3835616438356164,-1.6301369863013695,0,1
ES,xApvaV01StateLog_ES.csv,1302,2026-04-24 10:05:00,Unresolved,Unresolved->Unresolved->Unresolved->Unresolved,Pure Unresolved Compression Equilibrium,Exact,1.0,1.2954618442339936,0.3333333333333333,0.6,0.0,0.0,0.0976912025508348,0.0416666666666666,0.6690336347353755,0.4083822784261861,CompressionPressure,0.6690336347353755,7191.5,7193.5,7190.75,7191.25,Up,1,7191.5,2.75,4.821428571428571,5,7186.0,-5.25,-1.088888888888889,-5.25,-1.088888888888889,0.75,-8.25,0.1555555555555555,-1.7111111111111112,0,1
ES,xApvaV01StateLog_ES.csv,1303,2026-04-24 10:10:00,Unresolved,Unresolved->Unresolved->Unresolved->Unresolved,Pure Unresolved Compression Equilibrium,Exact,1.0,1.2954618442339936,0.2222222222222222,0.6,0.0,0.0,0.1098439803286126,0.0277777777777777,0.6968114125131533,0.3667156117595194,CompressionPressure,0.6968114125131533,7191.5,7191.75,7188.25,7189.25,Down,-1,7191.25,3.5,4.75,5,7186.25,-3.0,-0.631578947368421,3.0,0.631578947368421,6.5,-2.75,1.368421052631579,-0.5789473684210527,1,1
ES,xApvaV01StateLog_ES.csv,1304,2026-04-24 10:15:00,Unresolved,Unresolved->Unresolved->Unresolved->Unresolved,Pure Unresolved Compression Equilibrium,Exact,1.0,0.8812908992278072,0.1111111111111111,0.7,0.0,0.0,0.1653733877500932,0.0138888888888888,0.7921415410204843,0.2344490508727494,CompressionPressure,0.7921415410204843,7189.25,7192.0,7187.75,7188.75,Down,-1,7189.25,4.25,4.714285714285714,5,7187.75,-1.0,-0.2121212121212121,1.0,0.2121212121212121,6.0,-2.75,1.2727272727272727,-0.5833333333333334,1,1
ES,xApvaV01StateLog_ES.csv,1344,2026-04-24 13:35:00,Unresolved,Unresolved->Balance->Unresolved->Unresolved,Stable Compression Basin,Exact,1.0,1.1567796494427114,0.2222222222222222,0.7,0.0,0.0,0.1321285025339868,0.0277777777777777,0.747145716354275,0.3363788816489264,CompressionPressure,0.747145716354275,7191.0,7195.5,7190.75,7195.0,Down,-1,7190.75,4.75,3.625,5,7195.5,0.5,0.1379310344827586,-0.5,-0.1379310344827586,1.25,-2.0,0.3448275862068966,-0.5517241379310345,0,1
ES,xApvaV01StateLog_ES.csv,1345,2026-04-24 13:40:00,Unresolved,Balance->Unresolved->Unresolved->Unresolved,Stable Compression Basin,Exact,1.0,1.2954618442339936,0.2222222222222222,0.6,0.0,0.0,0.1098439803286126,0.0277777777777777,0.6968114125131533,0.3667156117595194,CompressionPressure,0.6968114125131533,7195.0,7195.75,7194.0,7194.0,Down,-1,7195.0,1.75,3.517857142857143,5,7191.5,-2.5,-0.7106598984771574,2.5,0.7106598984771574,10.75,-3.0,3.0558375634517767,-0.8527918781725888,1,1
ES,xApvaV01StateLog_ES.csv,1352,2026-04-27 06:45:00,Unresolved,Unresolved->Unresolved->Unresolved->Unresolved,Pure Unresolved Compression Equilibrium,Exact,1.0,1.2954618442339936,0.3333333333333333,0.6,0.0,0.0,0.0976912025508348,0.0416666666666666,0.6690336347353755,0.4083822784261861,CompressionPressure,0.6690336347353755,7198.25,7198.5,7190.75,7191.5,Up,1,7198.0,7.75,4.107142857142857,5,7192.25,0.75,0.1826086956521739,0.75,0.1826086956521739,6.0,-11.25,1.4608695652173915,-2.739130434782609,1,1
ES,xApvaV01StateLog_ES.csv,1355,2026-04-27 07:00:00,Unresolved,Unresolved->Unresolved->Unresolved->Unresolved,Pure Unresolved Compression Equilibrium,Exact,1.0,1.2954618442339936,0.2222222222222222,0.6,0.0,0.0,0.1098439803286126,0.0277777777777777,0.6968114125131533,0.3667156117595194,CompressionPressure,0.6968114125131533,7194.0,7197.5,7193.0,7195.5,Up,1,7194.0,4.5,5.535714285714286,5,7191.5,-4.0,-0.7225806451612904,-4.0,-0.7225806451612904,1.75,-7.5,0.3161290322580645,-1.3548387096774197,0,1
ES,xApvaV01StateLog_ES.csv,1356,2026-04-27 07:05:00,Unresolved,Unresolved->Unresolved->Unresolved->Unresolved,Pure Unresolved Compression Equilibrium,Exact,1.0,0.8812908992278072,0.1111111111111111,0.7,0.0,0.0,0.1653733877500932,0.0138888888888888,0.7921415410204843,0.2344490508727494,CompressionPressure,0.7921415410204843,7195.5,7196.75,7192.0,7193.75,Up,1,7195.5,4.75,5.732142857142857,5,7189.25,-4.5,-0.7850467289719627,-4.5,-0.7850467289719627,3.5,-5.75,0.6105919003115265,-1.003115264797508,0,1
ES,xApvaV01StateLog_ES.csv,1397,2026-04-27 10:30:00,Unresolved,Degrading->Unresolved->Unresolved->Unresolved,Stable Compression Basin,Exact,1.0,1.2954618442339936,0.3333333333333333,0.6,0.0,0.0,0.0976912025508348,0.0416666666666666,0.6690336347353755,0.4083822784261861,CompressionPressure,0.6690336347353755,7198.5,7201.75,7197.75,7201.0,Up,1,7198.5,4.0,3.071428571428572,5,7202.25,1.25,0.4069767441860465,1.25,0.4069767441860465,6.25,-0.25,2.0348837209302326,-0.0813953488372093,1,1
ES,xApvaV01StateLog_ES.csv,1404,2026-04-27 11:05:00,Unresolved,Unresolved->Unresolved->Unresolved->Unresolved,Pure Unresolved Compression Equilibrium,Exact,1.0,1.2954618442339936,0.3333333333333333,0.6,0.0,0.0,0.0976912025508348,0.0416666666666666,0.6690336347353755,0.4083822784261861,CompressionPressure,0.6690336347353755,7203.5,7205.0,7202.0,7203.75,Up,1,7203.5,3.0,3.517857142857143,5,7205.75,2.0,0.5685279187817259,2.0,0.5685279187817259,3.5,-0.75,0.9949238578680204,-0.2131979695431472,1,1
ES,xApvaV01StateLog_ES.csv,1435,2026-04-27 13:40:00,Unresolved,Balance->Balance->Unresolved->Unresolved,Stable Compression Basin,Exact,1.0,1.2954618442339936,0.6666666666666666,0.6,0.0,0.0,0.0612328692175015,0.0833333333333333,0.5857003014020421,0.533382278426186,CompressionPressure,0.5857003014020421,7204.5,7207.25,7204.5,7207.0,Up,1,7204.25,3.0,2.7142857142857144,5,7169.25,-37.75,-13.907894736842104,-37.75,-13.907894736842104,0.5,-45.25,0.1842105263157894,-16.671052631578945,0,1
ES,xApvaV01StateLog_ES.csv,1436,2026-04-27 13:45:00,Unresolved,Balance->Unresolved->Unresolved->Unresolved,Stable Compression Basin,Exact,1.0,0.9709505944517832,0.5555555555555556,0.6,0.0,0.0,0.0982310395567297,0.0694444444444444,0.633760032291208,0.4207287758696609,CompressionPressure,0.633760032291208,7207.25,7207.5,7206.25,7206.75,Up,1,7207.0,1.25,2.642857142857143,5,7174.5,-32.25,-12.202702702702704,-32.25,-12.202702702702704,0.75,-45.0,0.2837837837837837,-17.027027027027028,0,1
ES,xApvaV01StateLog_ES.csv,1438,2026-04-27 13:55:00,Unresolved,Unresolved->Unresolved->Balance->Unresolved,Stable Compression Basin,Exact,1.0,0.9709505944517832,0.5555555555555556,0.6,0.0,0.0,0.0982310395567297,0.0694444444444444,0.633760032291208,0.4207287758696609,CompressionPressure,0.633760032291208,7206.5,7206.5,7205.5,7205.75,Down,-1,7206.75,1.25,2.4107142857142856,5,7176.25,-29.5,-12.237037037037036,29.5,12.237037037037036,44.0,-0.25,18.251851851851853,-0.1037037037037037,1,1
ES,xApvaV01StateLog_ES.csv,1439,2026-04-27 14:00:00,Unresolved,Unresolved->Balance->Unresolved->Unresolved,Stable Compression Basin,Exact,1.0,0.9999999999971146,0.4444444444444444,0.5,0.0,0.0,0.0964930555557764,0.0555555555555555,0.618055555555736,0.3854166666660354,CompressionPressure,0.618055555555736,7206.0,7206.0,7204.75,7205.25,Down,-1,7205.75,1.25,2.232142857142857,5,7170.25,-35.0,-15.68,35.0,15.68,43.5,22.25,19.488,9.968,1,1
ES,xApvaV01StateLog_ES.csv,1440,2026-04-28 06:35:00,Unresolved,Balance->Unresolved->Unresolved->Unresolved,Stable Compression Basin,Exact,1.0,0.9999999999971146,0.3333333333333333,0.5,0.0,0.0,0.1086458333335542,0.0416666666666666,0.6458333333335138,0.3437499999993688,CompressionPressure,0.6458333333335138,7172.0,7174.25,7161.75,7169.25,Down,-1,7205.25,43.5,5.0,5,7169.5,0.25,0.05,-0.25,-0.05,5.75,-13.75,1.15,-2.75,0,1
ES,xApvaV01StateLog_ES.csv,1446,2026-04-28 07:05:00,Unresolved,Unresolved->Unresolved->Unresolved->Unresolved,Pure Unresolved Compression Equilibrium,Exact,1.0,1.2954618442339936,0.2222222222222222,0.6,0.0,0.0,0.1098439803286126,0.0277777777777777,0.6968114125131533,0.3667156117595194,CompressionPressure,0.6968114125131533,7169.75,7172.0,7164.75,7168.25,Down,-1,7169.5,7.25,7.5,5,7166.5,-1.75,-0.2333333333333333,1.75,0.2333333333333333,4.75,-9.25,0.6333333333333333,-1.2333333333333334,1,1
ES,xApvaV01StateLog_ES.csv,1447,2026-04-28 07:10:00,Unresolved,Unresolved->Unresolved->Unresolved->Unresolved,Pure Unresolved Compression Equilibrium,Exact,1.0,0.8812908992278072,0.1111111111111111,0.7,0.0,0.0,0.1653733877500932,0.0138888888888888,0.7921415410204843,0.2344490508727494,CompressionPressure,0.7921415410204843,7168.0,7177.5,7167.25,7175.0,Down,-1,7168.25,10.25,8.089285714285714,5,7162.75,-12.25,-1.5143487858719649,12.25,1.5143487858719649,13.0,-0.25,1.6070640176600444,-0.0309050772626931,1,1
ES,xApvaV01StateLog_ES.csv,1487,2026-04-28 10:30:00,Unresolved,Balance->Balance->Unresolved->Unresolved,Stable Compression Basin,Exact,1.0,1.2954618442339936,0.3333333333333333,0.6,0.0,0.0,0.0976912025508348,0.0416666666666666,0.6690336347353755,0.4083822784261861,CompressionPressure,0.6690336347353755,7152.5,7156.75,7151.75,7154.75,Up,1,7152.5,5.0,4.946428571428571,5,7162.5,7.75,1.5667870036101084,7.75,1.5667870036101084,9.0,0.0,1.8194945848375448,0.0,1,1
ES,xApvaV01StateLog_ES.csv,1488,2026-04-28 10:35:00,Unresolved,Balance->Unresolved->Unresolved->Unresolved,Stable Compression Basin,Exact,1.0,0.9709505944517832,0.2222222222222222,0.6,0.0,0.0,0.1346893728900631,0.0277777777777777,0.7170933656245414,0.2957287758696609,CompressionPressure,0.7170933656245414,7155.0,7159.0,7154.75,7158.5,Up,1,7154.75,4.25,5.035714285714286,5,7164.5,6.0,1.1914893617021276,6.0,1.1914893617021276,7.0,-0.25,1.3900709219858156,-0.0496453900709219,1,1
ES,xApvaV01StateLog_ES.csv,1489,2026-04-28 10:40:00,Unresolved,Unresolved->Unresolved->Unresolved->Unresolved,Pure Unresolved Compression Equilibrium,Exact,1.0,1.2954618442339936,0.2222222222222222,0.6,0.0,0.0,0.1098439803286126,0.0277777777777777,0.6968114125131533,0.3667156117595194,CompressionPressure,0.6968114125131533,7158.5,7162.0,7158.25,7160.0,Up,1,7158.5,3.75,5.035714285714286,5,7163.0,3.0,0.5957446808510638,3.0,0.5957446808510638,5.5,-1.0,1.0921985815602837,-0.1985815602836879,1,1
ES,xApvaV01StateLog_ES.csv,1523,2026-04-28 13:30:00,Unresolved,Unresolved->Unresolved->Unresolved->Unresolved,Pure Unresolved Compression Equilibrium,Exact,1.0,1.1567796494427114,0.2222222222222222,0.7,0.0,0.0,0.1321285025339868,0.0277777777777777,0.747145716354275,0.3363788816489264,CompressionPressure,0.747145716354275,7173.0,7174.0,7172.75,7174.0,Down,-1,7173.25,1.25,3.5535714285714284,5,7172.0,-2.0,-0.5628140703517588,2.0,0.5628140703517588,3.25,0.0,0.914572864321608,0.0,1,1
ES,xApvaV01StateLog_ES.csv,1619,2026-04-29 14:00:00,Unresolved,Balance->Unresolved->Unresolved->Unresolved,Stable Compression Basin,Exact,1.0,1.2954618442339936,0.4444444444444444,0.6,0.0,0.0,0.085538424773057,0.0555555555555555,0.6412558569575977,0.4500489450928527,CompressionPressure,0.6412558569575977,7150.5,7152.75,7140.75,7141.5,Down,-1,7150.5,12.0,13.464285714285714,5,7167.25,25.75,1.9124668435013263,-25.75,-1.9124668435013263,-25.25,-59.25,-1.8753315649867373,-4.40053050397878,0,1
ES,xApvaV01StateLog_ES.csv,1620,2026-04-30 06:35:00,Unresolved,Unresolved->Unresolved->Unresolved->Unresolved,Pure Unresolved Compression Equilibrium,Exact,1.0,1.2954618442339936,0.4444444444444444,0.6,0.0,0.0,0.085538424773057,0.0555555555555555,0.6412558569575977,0.4500489450928527,CompressionPressure,0.6412558569575977,7200.0,7200.75,7180.75,7181.25,Down,-1,7141.5,59.25,17.214285714285715,5,7165.25,-16.0,-0.929460580912863,16.0,0.929460580912863,21.0,-3.75,1.2199170124481329,-0.2178423236514522,1,1
ES,xApvaV01StateLog_ES.csv,1633,2026-04-30 07:40:00,Unresolved,Unresolved->Balance->Unresolved->Unresolved,Stable Compression Basin,Exact,1.0,1.2954618442339936,0.6666666666666666,0.6,0.0,0.0,0.0612328692175015,0.0833333333333333,0.5857003014020421,0.533382278426186,CompressionPressure,0.5857003014020421,7171.5,7173.0,7164.75,7166.25,Down,-1,7171.5,8.25,14.964285714285714,5,7192.25,26.0,1.7374701670644392,-26.0,-1.7374701670644392,-0.25,-31.75,-0.0167064439140811,-2.121718377088305,0,1
ES,xApvaV01StateLog_ES.csv,1634,2026-04-30 07:45:00,Unresolved,Balance->Unresolved->Unresolved->Unresolved,Stable Compression Basin,Exact,1.0,1.1567796494427114,0.5555555555555556,0.7,0.0,0.0,0.0956701692006535,0.0694444444444444,0.6638123830209416,0.4613788816489264,CompressionPressure,0.6638123830209416,7166.5,7177.0,7166.5,7175.5,Down,-1,7166.25,10.75,11.5,5,7197.25,21.75,1.891304347826087,-21.75,-1.891304347826087,0.25,-22.5,0.0217391304347826,-1.9565217391304348,0,1
ES,xApvaV01StateLog_ES.csv,1635,2026-04-30 07:50:00,Unresolved,Unresolved->Unresolved->Unresolved->Unresolved,Pure Unresolved Compression Equilibrium,Exact,1.0,1.1567796494427114,0.5555555555555556,0.7,0.0,0.0,0.0956701692006535,0.0694444444444444,0.6638123830209416,0.4613788816489264,CompressionPressure,0.6638123830209416,7175.5,7184.5,7175.25,7181.5,Up,1,7175.5,9.25,11.25,5,7196.5,15.0,1.3333333333333333,15.0,1.3333333333333333,17.25,-1.25,1.5333333333333334,-0.1111111111111111,1,1
ES,xApvaV01StateLog_ES.csv,1637,2026-04-30 08:00:00,Unresolved,Unresolved->Unresolved->Unresolved->Unresolved,Pure Unresolved Compression Equilibrium,Exact,1.0,1.2954618442339936,0.3333333333333333,0.6,0.0,0.0,0.0976912025508348,0.0416666666666666,0.6690336347353755,0.4083822784261861,CompressionPressure,0.6690336347353755,7190.25,7194.75,7190.0,7192.0,Up,1,7190.5,4.75,10.5,5,7196.0,4.0,0.3809523809523809,4.0,0.3809523809523809,6.75,-3.25,0.6428571428571429,-0.3095238095238095,1,1
ES,xApvaV01StateLog_ES.csv,1640,2026-04-30 08:15:00,Unresolved,Unresolved->Unresolved->Unresolved->Unresolved,Pure Unresolved Compression Equilibrium,Exact,1.0,1.2954618442339936,0.2222222222222222,0.6,0.0,0.0,0.1098439803286126,0.0277777777777777,0.6968114125131533,0.3667156117595194,CompressionPressure,0.6968114125131533,7197.25,7198.75,7192.0,7196.5,Up,1,7197.25,6.75,9.803571428571429,5,7193.25,-3.25,-0.331511839708561,-3.25,-0.331511839708561,6.5,-5.5,0.663023679417122,-0.5610200364298725,0,1
ES,xApvaV01StateLog_ES.csv,1641,2026-04-30 08:20:00,Unresolved,Unresolved->Unresolved->Unresolved->Unresolved,Pure Unresolved Compression Equilibrium,Exact,1.0,0.8812908992278072,0.1111111111111111,0.7,0.0,0.0,0.1653733877500932,0.0138888888888888,0.7921415410204843,0.2344490508727494,CompressionPressure,0.7921415410204843,7196.75,7198.25,7193.25,7195.5,Down,-1,7196.5,5.0,9.0,5,7192.5,-3.0,-0.3333333333333333,3.0,0.3333333333333333,4.75,-7.5,0.5277777777777778,-0.8333333333333334,1,1
ES,xApvaV01StateLog_ES.csv,1692,2026-04-30 12:35:00,Unresolved,Unresolved->Unresolved->Unresolved->Unresolved,Pure Unresolved Compression Equilibrium,Exact,1.0,1.2954618442339936,0.2222222222222222,0.6,0.0,0.0,0.1098439803286126,0.0277777777777777,0.6968114125131533,0.3667156117595194,CompressionPressure,0.6968114125131533,7245.0,7245.25,7241.25,7243.75,Down,-1,7245.0,4.0,3.875,5,7238.25,-5.5,-1.4193548387096775,5.5,1.4193548387096775,6.5,-8.0,1.6774193548387095,-2.064516129032258,1,1
ES,xApvaV01StateLog_ES.csv,1693,2026-04-30 12:40:00,Unresolved,Unresolved->Unresolved->Unresolved->Unresolved,Pure Unresolved Compression Equilibrium,Exact,1.0,0.8812908992278072,0.1111111111111111,0.7,0.0,0.0,0.1653733877500932,0.0138888888888888,0.7921415410204843,0.2344490508727494,CompressionPressure,0.7921415410204843,7243.5,7246.5,7242.5,7246.0,Down,-1,7243.75,4.0,3.9642857142857135,5,7241.5,-4.5,-1.135135135135135,4.5,1.135135135135135,8.75,-5.75,2.2072072072072078,-1.4504504504504503,1,1
ES,xApvaV01StateLog_ES.csv,1741,2026-05-01 09:10:00,Unresolved,Unresolved->Unresolved->Unresolved->Unresolved,Pure Unresolved Compression Equilibrium,Exact,1.0,1.2954618442339936,0.2222222222222222,0.6,0.0,0.0,0.1098439803286126,0.0277777777777777,0.6968114125131533,0.3667156117595194,CompressionPressure,0.6968114125131533,7285.5,7286.0,7276.25,7277.25,Down,-1,7285.25,9.75,6.267857142857143,5,7271.5,-5.75,-0.9173789173789172,5.75,0.9173789173789172,9.5,-6.0,1.5156695156695157,-0.9572649572649572,1,1
ES,xApvaV01StateLog_ES.csv,1742,2026-05-01 09:15:00,Unresolved,Unresolved->Unresolved->Unresolved->Unresolved,Pure Unresolved Compression Equilibrium,Exact,1.0,0.8812908992278072,0.1111111111111111,0.7,0.0,0.0,0.1653733877500932,0.0138888888888888,0.7921415410204843,0.2344490508727494,CompressionPressure,0.7921415410204843,7277.25,7279.25,7275.25,7276.75,Down,-1,7277.25,4.0,6.017857142857143,5,7274.25,-2.5,-0.4154302670623145,2.5,0.4154302670623145,9.0,-6.5,1.4955489614243322,-1.0801186943620178,1,1
ES,xApvaV01StateLog_ES.csv,1748,2026-05-01 09:45:00,Unresolved,Unresolved->Unresolved->Degrading->Unresolved,Stable Compression Basin,Exact,1.0,0.9219280948830342,0.2222222222222222,0.8,0.0,0.0,0.1617759913466288,0.0277777777777777,0.8034906051809215,0.285005104088997,CompressionPressure,0.8034906051809215,7274.0,7274.75,7268.0,7268.0,Down,-1,7274.25,6.75,7.053571428571429,5,7273.25,5.25,0.7443037974683544,-5.25,-0.7443037974683544,2.0,-8.0,0.2835443037974683,-1.1341772151898737,0,1
ES,xApvaV01StateLog_ES.csv,1766,2026-05-01 11:15:00,Unresolved,Unresolved->Unresolved->Unresolved->Unresolved,Pure Unresolved Compression Equilibrium,Exact,1.0,1.2954618442339936,0.4444444444444444,0.6,0.0,0.0,0.085538424773057,0.0555555555555555,0.6412558569575977,0.4500489450928527,CompressionPressure,0.6412558569575977,7276.0,7276.5,7268.75,7269.5,Down,-1,7276.0,7.75,3.642857142857143,5,7264.75,-4.75,-1.303921568627451,4.75,1.303921568627451,6.0,-4.25,1.6470588235294117,-1.1666666666666667,1,1
ES,xApvaV01StateLog_ES.csv,1772,2026-05-01 11:45:00,Unresolved,Unresolved->Unresolved->Unresolved->Unresolved,Pure Unresolved Compression Equilibrium,Exact,1.0,1.2954618442339936,0.4444444444444444,0.6,0.0,0.0,0.085538424773057,0.0555555555555555,0.6412558569575977,0.4500489450928527,CompressionPressure,0.6412558569575977,7264.75,7266.0,7262.25,7263.25,Down,-1,7264.75,3.75,4.303571428571429,5,7269.25,6.0,1.3941908713692943,-6.0,-1.3941908713692943,4.25,-6.0,0.987551867219917,-1.3941908713692943,0,1
ES,xApvaV01StateLog_ES.csv,1775,2026-05-01 12:00:00,Unresolved,Unresolved->Unresolved->Unresolved->Unresolved,Pure Unresolved Compression Equilibrium,Exact,1.0,1.2954618442339936,0.3333333333333333,0.6,0.0,0.0,0.0976912025508348,0.0416666666666666,0.6690336347353755,0.4083822784261861,CompressionPressure,0.6690336347353755,7261.75,7264.25,7261.0,7262.75,Down,-1,7261.5,3.25,4.625,5,7273.75,11.0,2.3783783783783785,-11.0,-2.3783783783783785,0.75,-11.5,0.1621621621621621,-2.4864864864864864,0,1
ES,xApvaV01StateLog_ES.csv,1776,2026-05-01 12:05:00,Unresolved,Unresolved->Unresolved->Unresolved->Unresolved,Pure Unresolved Compression Equilibrium,Exact,1.0,1.2954618442339936,0.3333333333333333,0.6,0.0,0.0,0.0976912025508348,0.0416666666666666,0.6690336347353755,0.4083822784261861,CompressionPressure,0.6690336347353755,7262.75,7267.25,7262.0,7265.25,Up,1,7262.75,5.25,4.660714285714286,5,7275.25,10.0,2.1455938697318007,10.0,2.1455938697318007,11.75,0.0,2.521072796934866,0.0,1,1
ES,xApvaV01StateLog_ES.csv,1777,2026-05-01 12:10:00,Unresolved,Unresolved->Unresolved->Unresolved->Unresolved,Pure Unresolved Compression Equilibrium,Exact,1.0,1.2954618442339936,0.2222222222222222,0.6,0.0,0.0,0.1098439803286126,0.0277777777777777,0.6968114125131533,0.3667156117595194,CompressionPressure,0.6968114125131533,7265.25,7269.25,7265.25,7269.25,Up,1,7265.25,4.0,4.714285714285714,5,7273.75,4.5,0.9545454545454544,4.5,0.9545454545454544,7.75,-1.5,1.6439393939393938,-0.3181818181818182,1,1
ES,xApvaV01StateLog_ES.csv,1778,2026-05-01 12:15:00,Unresolved,Unresolved->Unresolved->Unresolved->Unresolved,Pure Unresolved Compression Equilibrium,Exact,1.0,0.8812908992278072,0.1111111111111111,0.7,0.0,0.0,0.1653733877500932,0.0138888888888888,0.7921415410204843,0.2344490508727494,CompressionPressure,0.7921415410204843,7268.75,7272.5,7267.75,7271.75,Up,1,7269.25,4.75,4.714285714285714,5,7274.5,2.75,0.5833333333333334,2.75,0.5833333333333334,5.25,-0.75,1.1136363636363635,-0.1590909090909091,1,1
ES,xApvaV01StateLog_ES.csv,1789,2026-05-01 13:10:00,Degrading,Unresolved->Degrading->Degrading->Degrading,Sponsor Exhaustion Collapse,Exact,1.0,0.8812908992278072,0.1111111111111111,0.7,0.0,0.0,0.1653733877500932,0.1138888888888889,0.3421415410204842,0.2344490508727494,CompressionPressure,0.3421415410204842,7255.0,7255.25,7252.0,7254.75,Down,-1,7255.0,3.25,4.642857142857143,5,7247.25,-7.5,-1.6153846153846152,7.5,1.6153846153846152,7.75,-0.75,1.669230769230769,-0.1615384615384615,1,1
ES,xApvaV01StateLog_ES.csv,1790,2026-05-01 13:15:00,Degrading,Degrading->Degrading->Degrading->Degrading,Sponsor Exhaustion Collapse,Exact,1.0,0.9709505944517832,0.1111111111111111,0.6,0.0,0.0,0.1468421506678408,0.1138888888888889,0.294871143402319,0.2540621092029942,CompressionPressure,0.294871143402319,7255.0,7255.5,7253.0,7254.25,Down,-1,7254.75,2.5,4.446428571428571,5,7247.0,-7.25,-1.6305220883534135,7.25,1.6305220883534135,8.5,-0.5,1.911646586345381,-0.1124497991967871,1,1
ES,xApvaV01StateLog_ES.csv,1792,2026-05-01 13:25:00,Degrading,Degrading->Degrading->Degrading->Degrading,Sponsor Exhaustion Collapse,Exact,1.0,0.9709505944517832,0.1111111111111111,0.6,0.0,0.0,0.1468421506678408,0.1138888888888889,0.294871143402319,0.2540621092029942,CompressionPressure,0.294871143402319,7250.25,7250.75,7247.5,7249.25,Down,-1,7250.5,3.25,4.392857142857143,5,7248.5,-0.75,-0.1707317073170731,0.75,0.1707317073170731,3.5,-1.75,0.7967479674796747,-0.3983739837398373,1,1
ES,xApvaV01StateLog_ES.csv,1793,2026-05-01 13:30:00,Degrading,Degrading->Degrading->Degrading->Degrading,Sponsor Exhaustion Collapse,Exact,1.0,0.8812908992278072,0.1111111111111111,0.7,0.0,0.0,0.1653733877500932,0.1138888888888889,0.3421415410204842,0.2344490508727494,CompressionPressure,0.3421415410204842,7249.5,7251.0,7249.0,7249.25,Down,-1,7249.25,2.0,4.303571428571429,5,7247.25,-2.0,-0.4647302904564315,2.0,0.4647302904564315,3.5,-0.25,0.8132780082987552,-0.0580912863070539,1,1
ES,xApvaV01StateLog_ES.csv,1799,2026-05-01 14:00:00,Unresolved,Unresolved->Unresolved->Degrading->Unresolved,Stable Compression Basin,Exact,1.0,0.8812908992278072,0.3333333333333333,0.7,0.0,0.0,0.1410678321945376,0.0416666666666666,0.7365859854649287,0.3177823842060828,CompressionPressure,0.7365859854649287,7247.25,7248.75,7240.75,7247.75,Down,-1,7247.25,8.0,4.178571428571429,5,7254.25,6.5,1.5555555555555554,-6.5,-1.5555555555555554,5.5,-8.5,1.3162393162393162,-2.034188034188034,0,1
ES,xApvaV01StateLog_ES.csv,1800,2026-05-04 06:35:00,Unresolved,Unresolved->Degrading->Unresolved->Unresolved,Stable Compression Basin,Exact,1.0,0.9709505944517832,0.3333333333333333,0.6,0.0,0.0,0.1225365951122853,0.0416666666666666,0.6893155878467636,0.3373954425363276,CompressionPressure,0.6893155878467636,7250.5,7252.5,7242.25,7249.0,Down,-1,7247.75,10.25,4.196428571428571,5,7257.75,8.75,2.0851063829787235,-8.75,-2.0851063829787235,5.0,-8.75,1.1914893617021278,-2.0851063829787235,0,1
ES,xApvaV01StateLog_ES.csv,1801,2026-05-04 06:40:00,Unresolved,Degrading->Unresolved->Unresolved->Unresolved,Stable Compression Basin,Exact,1.0,0.9999999999971146,0.3333333333333333,0.5,0.0,0.0,0.1086458333335542,0.0416666666666666,0.6458333333335138,0.3437499999993688,CompressionPressure,0.6458333333335138,7248.75,7252.0,7244.0,7248.0,Down,-1,7249.0,8.0,4.125,5,7252.5,4.5,1.0909090909090908,-4.5,-1.0909090909090908,2.25,-9.75,0.5454545454545454,-2.363636363636364,0,1
ES,xApvaV01StateLog_ES.csv,1807,2026-05-04 07:10:00,Unresolved,Unresolved->Unresolved->Unresolved->Unresolved,Pure Unresolved Compression Equilibrium,Exact,1.0,1.2954618442339936,0.2222222222222222,0.6,0.0,0.0,0.1098439803286126,0.0277777777777777,0.6968114125131533,0.3667156117595194,CompressionPressure,0.6968114125131533,7252.75,7256.5,7248.0,7250.5,Down,-1,7252.5,8.5,5.75,5,7266.0,15.5,2.6956521739130435,-15.5,-2.6956521739130435,1.0,-18.25,0.1739130434782608,-3.1739130434782608,0,1
ES,xApvaV01StateLog_ES.csv,1809,2026-05-04 07:20:00,Unresolved,Unresolved->Unresolved->Balance->Unresolved,Stable Compression Basin,Exact,1.0,1.2954618442339936,0.3333333333333333,0.6,0.0,0.0,0.0976912025508348,0.0416666666666666,0.6690336347353755,0.4083822784261861,CompressionPressure,0.6690336347353755,7259.75,7264.25,7258.5,7264.0,Up,1,7259.5,5.75,6.642857142857143,5,7269.0,5.0,0.7526881720430108,5.0,0.7526881720430108,6.75,-3.5,1.0161290322580645,-0.5268817204301075,1,1
ES,xApvaV01StateLog_ES.csv,1810,2026-05-04 07:25:00,Unresolved,Unresolved->Balance->Unresolved->Unresolved,Stable Compression Basin,Exact,1.0,1.2954618442339936,0.3333333333333333,0.6,0.0,0.0,0.0976912025508348,0.0416666666666666,0.6690336347353755,0.4083822784261861,CompressionPressure,0.6690336347353755,7264.0,7267.0,7262.25,7263.25,Up,1,7264.0,4.75,6.857142857142857,5,7267.5,4.25,0.6197916666666667,4.25,0.6197916666666667,7.5,-2.75,1.09375,-0.4010416666666667,1,1
ES,xApvaV01StateLog_ES.csv,1811,2026-05-04 07:30:00,Unresolved,Balance->Unresolved->Unresolved->Unresolved,Stable Compression Basin,Exact,1.0,1.2954618442339936,0.2222222222222222,0.6,0.0,0.0,0.1098439803286126,0.0277777777777777,0.6968114125131533,0.3667156117595194,CompressionPressure,0.6968114125131533,7263.0,7265.75,7260.5,7262.25,Down,-1,7263.25,5.25,7.035714285714286,5,7269.0,6.75,0.9593908629441624,-6.75,-0.9593908629441624,1.25,-8.75,0.1776649746192893,-1.2436548223350254,0,1
ES,xApvaV01StateLog_ES.csv,1812,2026-05-04 07:35:00,Unresolved,Unresolved->Unresolved->Unresolved->Unresolved,Pure Unresolved Compression Equilibrium,Exact,1.0,1.2954618442339936,0.3333333333333333,0.6,0.0,0.0,0.0976912025508348,0.0416666666666666,0.6690336347353755,0.4083822784261861,CompressionPressure,0.6690336347353755,7262.25,7268.75,7261.0,7266.0,Down,-1,7262.25,7.75,7.428571428571429,5,7258.75,-7.25,-0.9759615384615384,7.25,0.9759615384615384,9.0,-5.0,1.2115384615384617,-0.673076923076923,1,1
ES,xApvaV01StateLog_ES.csv,1813,2026-05-04 07:40:00,Unresolved,Unresolved->Unresolved->Unresolved->Unresolved,Pure Unresolved Compression Equilibrium,Exact,1.0,1.2954618442339936,0.3333333333333333,0.6,0.0,0.0,0.0976912025508348,0.0416666666666666,0.6690336347353755,0.4083822784261861,CompressionPressure,0.6690336347353755,7266.0,7270.0,7264.75,7267.75,Up,1,7266.0,5.25,7.232142857142857,5,7259.0,-8.75,-1.2098765432098766,-8.75,-1.2098765432098766,3.25,-15.75,0.4493827160493827,-2.177777777777778,0,1
ES,xApvaV01StateLog_ES.csv,1814,2026-05-04 07:45:00,Unresolved,Unresolved->Unresolved->Unresolved->Unresolved,Pure Unresolved Compression Equilibrium,Exact,1.0,1.2954618442339936,0.3333333333333333,0.6,0.0,0.0,0.0976912025508348,0.0416666666666666,0.6690336347353755,0.4083822784261861,CompressionPressure,0.6690336347353755,7267.75,7270.75,7267.75,7269.0,Up,1,7267.75,3.0,6.714285714285714,5,7257.5,-11.5,-1.7127659574468084,-11.5,-1.7127659574468084,2.0,-17.0,0.2978723404255319,-2.5319148936170213,0,1
ES,xApvaV01StateLog_ES.csv,1815,2026-05-04 07:50:00,Unresolved,Unresolved->Unresolved->Unresolved->Unresolved,Pure Unresolved Compression Equilibrium,Exact,1.0,1.2954618442339936,0.3333333333333333,0.6,0.0,0.0,0.0976912025508348,0.0416666666666666,0.6690336347353755,0.4083822784261861,CompressionPressure,0.6690336347353755,7269.25,7270.5,7266.75,7267.5,Up,1,7269.0,3.75,6.410714285714286,5,7252.0,-15.5,-2.417827298050139,-15.5,-2.417827298050139,3.5,-17.75,0.5459610027855153,-2.768802228412256,0,1
ES,xApvaV01StateLog_ES.csv,1816,2026-05-04 07:55:00,Unresolved,Unresolved->Unresolved->Unresolved->Unresolved,Pure Unresolved Compression Equilibrium,Exact,1.0,1.2954618442339936,0.3333333333333333,0.6,0.0,0.0,0.0976912025508348,0.0416666666666666,0.6690336347353755,0.4083822784261861,CompressionPressure,0.6690336347353755,7267.75,7271.0,7267.5,7269.0,Up,1,7267.5,3.5,6.142857142857143,5,7237.5,-31.5,-5.127906976744185,-31.5,-5.127906976744185,1.25,-33.75,0.2034883720930232,-5.494186046511628,0,1
ES,xApvaV01StateLog_ES.csv,1817,2026-05-04 08:00:00,Unresolved,Unresolved->Unresolved->Unresolved->Unresolved,Pure Unresolved Compression Equilibrium,Exact,1.0,1.2954618442339936,0.2222222222222222,0.6,0.0,0.0,0.1098439803286126,0.0277777777777777,0.6968114125131533,0.3667156117595194,CompressionPressure,0.6968114125131533,7269.25,7270.25,7257.0,7258.75,Up,1,7269.0,13.25,6.5,5,7226.5,-32.25,-4.961538461538462,-32.25,-4.961538461538462,5.5,-35.0,0.8461538461538461,-5.384615384615385,0,1
ES,xApvaV01StateLog_ES.csv,1818,2026-05-04 08:05:00,Unresolved,Unresolved->Unresolved->Unresolved->Unresolved,Pure Unresolved Compression Equilibrium,Exact,1.0,0.8812908992278072,0.1111111111111111,0.7,0.0,0.0,0.1653733877500932,0.0138888888888888,0.7921415410204843,0.2344490508727494,CompressionPressure,0.7921415410204843,7259.0,7264.25,7252.0,7259.0,Up,1,7258.75,12.25,6.982142857142857,5,7234.0,-25.0,-3.580562659846548,-25.0,-3.580562659846548,2.25,-35.25,0.3222506393861892,-5.048593350383632,0,1
ES,xApvaV01StateLog_ES.csv,1852,2026-05-04 10:55:00,Unresolved,Unresolved->Unresolved->Balance->Unresolved,Stable Compression Basin,Exact,1.0,1.2954618442339936,0.3333333333333333,0.6,0.0,0.0,0.0976912025508348,0.0416666666666666,0.6690336347353755,0.4083822784261861,CompressionPressure,0.6690336347353755,7232.75,7236.0,7232.25,7233.25,Up,1,7232.5,3.75,5.678571428571429,5,7231.75,-1.5,-0.2641509433962264,-1.5,-0.2641509433962264,6.25,-2.25,1.10062893081761,-0.3962264150943396,0,1
ES,xApvaV01StateLog_ES.csv,1853,2026-05-04 11:00:00,Unresolved,Unresolved->Balance->Unresolved->Unresolved,Stable Compression Basin,Exact,1.0,1.2954618442339936,0.3333333333333333,0.6,0.0,0.0,0.0976912025508348,0.0416666666666666,0.6690336347353755,0.4083822784261861,CompressionPressure,0.6690336347353755,7233.25,7235.5,7232.75,7232.75,Up,1,7233.25,2.75,5.553571428571429,5,7226.25,-6.5,-1.170418006430868,-6.5,-1.170418006430868,6.75,-8.0,1.215434083601286,-1.4405144694533762,0,1
ES,xApvaV01StateLog_ES.csv,1854,2026-05-04 11:05:00,Unresolved,Balance->Unresolved->Unresolved->Unresolved,Stable Compression Basin,Exact,1.0,1.2954618442339936,0.2222222222222222,0.6,0.0,0.0,0.1098439803286126,0.0277777777777777,0.6968114125131533,0.3667156117595194,CompressionPressure,0.6968114125131533,7233.0,7239.0,7232.25,7238.75,Up,1,7232.75,6.75,5.553571428571429,5,7227.0,-11.75,-2.115755627009646,-11.75,-2.115755627009646,0.75,-17.75,0.135048231511254,-3.1961414790996785,0,1
ES,xApvaV01StateLog_ES.csv,1855,2026-05-04 11:10:00,Unresolved,Unresolved->Unresolved->Unresolved->Unresolved,Pure Unresolved Compression Equilibrium,Exact,1.0,1.2954618442339936,0.3333333333333333,0.6,0.0,0.0,0.0976912025508348,0.0416666666666666,0.6690336347353755,0.4083822784261861,CompressionPressure,0.6690336347353755,7238.5,7239.5,7235.0,7236.5,Up,1,7238.75,4.5,5.553571428571429,5,7225.5,-11.0,-1.9807073954983925,-11.0,-1.9807073954983925,0.5,-15.5,0.090032154340836,-2.7909967845659165,0,1
ES,xApvaV01StateLog_ES.csv,1856,2026-05-04 11:15:00,Unresolved,Unresolved->Unresolved->Unresolved->Unresolved,Pure Unresolved Compression Equilibrium,Exact,1.0,1.2954618442339936,0.3333333333333333,0.6,0.0,0.0,0.0976912025508348,0.0416666666666666,0.6690336347353755,0.4083822784261861,CompressionPressure,0.6690336347353755,7236.25,7237.0,7233.75,7234.0,Down,-1,7236.5,3.25,5.232142857142857,5,7224.5,-9.5,-1.815699658703072,9.5,1.815699658703072,13.0,-0.25,2.484641638225256,-0.0477815699658703,1,1
ES,xApvaV01StateLog_ES.csv,1857,2026-05-04 11:20:00,Unresolved,Unresolved->Unresolved->Unresolved->Unresolved,Pure Unresolved Compression Equilibrium,Exact,1.0,1.2954618442339936,0.3333333333333333,0.6,0.0,0.0,0.0976912025508348,0.0416666666666666,0.6690336347353755,0.4083822784261861,CompressionPressure,0.6690336347353755,7234.0,7234.25,7231.0,7231.75,Down,-1,7234.0,3.25,5.089285714285714,5,7219.75,-12.0,-2.357894736842105,12.0,2.357894736842105,12.5,-0.5,2.456140350877193,-0.0982456140350877,1,1
ES,xApvaV01StateLog_ES.csv,1871,2026-05-04 12:30:00,Unresolved,Unresolved->Unresolved->Unresolved->Unresolved,Pure Unresolved Compression Equilibrium,Exact,1.0,1.2954618442339936,0.2222222222222222,0.6,0.0,0.0,0.1098439803286126,0.0277777777777777,0.6968114125131533,0.3667156117595194,CompressionPressure,0.6968114125131533,7228.25,7229.75,7223.25,7226.75,Down,-1,7228.0,6.5,5.392857142857143,5,7225.0,-1.75,-0.3245033112582781,1.75,0.3245033112582781,3.5,-4.75,0.6490066225165563,-0.8807947019867549,1,1
ES,xApvaV01StateLog_ES.csv,1872,2026-05-04 12:35:00,Unresolved,Unresolved->Unresolved->Unresolved->Unresolved,Pure Unresolved Compression Equilibrium,Exact,1.0,0.8812908992278072,0.1111111111111111,0.7,0.0,0.0,0.1653733877500932,0.0138888888888888,0.7921415410204843,0.2344490508727494,CompressionPressure,0.7921415410204843,7226.75,7229.75,7226.25,7229.0,Down,-1,7226.75,3.5,5.107142857142857,5,7231.0,2.0,0.3916083916083916,-2.0,-0.3916083916083916,5.75,-2.5,1.125874125874126,-0.4895104895104895,0,1
ES,xApvaV01StateLog_ES.csv,1889,2026-05-04 14:00:00,Unresolved,Unresolved->Unresolved->Unresolved->Unresolved,Pure Unresolved Compression Equilibrium,Exact,1.0,1.2954618442339936,0.3333333333333333,0.6,0.0,0.0,0.0976912025508348,0.0416666666666666,0.6690336347353755,0.4083822784261861,CompressionPressure,0.6690336347353755,7225.25,7226.0,7224.75,7225.25,Up,1,7225.25,1.25,3.482142857142857,5,7272.75,47.5,13.64102564102564,47.5,13.64102564102564,52.0,39.0,14.933333333333334,11.2,1,1
ES,xApvaV01StateLog_ES.csv,1899,2026-05-05 07:20:00,Unresolved,Unresolved->Balance->Unresolved->Unresolved,Stable Compression Basin,Exact,1.0,1.1567796494427114,0.4444444444444444,0.7,0.0,0.0,0.1078229469784313,0.0555555555555555,0.6915901607987194,0.4197122149822597,CompressionPressure,0.6915901607987194,7272.25,7276.75,7266.75,7270.75,Down,-1,7272.25,10.0,8.25,5,7276.25,5.5,0.6666666666666666,-5.5,-0.6666666666666666,1.75,-15.5,0.2121212121212121,-1.878787878787879,0,1
ES,xApvaV01StateLog_ES.csv,1900,2026-05-05 07:25:00,Unresolved,Balance->Unresolved->Unresolved->Unresolved,Stable Compression Basin,Exact,1.0,0.9219280948830342,0.3333333333333333,0.8,0.0,0.0,0.149623213568851,0.0416666666666666,0.7757128274031437,0.3266717707556637,CompressionPressure,0.7757128274031437,7270.5,7281.75,7269.0,7280.75,Down,-1,7270.75,12.75,9.053571428571429,5,7276.25,-4.5,-0.4970414201183432,4.5,0.4970414201183432,7.75,-5.5,0.8560157790927021,-0.6074950690335306,1,1
ES,xApvaV01StateLog_ES.csv,1901,2026-05-05 07:30:00,Unresolved,Unresolved->Unresolved->Unresolved->Unresolved,Pure Unresolved Compression Equilibrium,Exact,1.0,1.1567796494427114,0.4444444444444444,0.7,0.0,0.0,0.1078229469784313,0.0555555555555555,0.6915901607987194,0.4197122149822597,CompressionPressure,0.6915901607987194,7280.75,7286.25,7280.25,7282.5,Up,1,7280.75,6.0,9.321428571428571,5,7278.5,-4.0,-0.4291187739463601,-4.0,-0.4291187739463601,1.0,-9.5,0.10727969348659,-1.0191570881226053,0,1
ES,xApvaV01StateLog_ES.csv,1902,2026-05-05 07:35:00,Unresolved,Unresolved->Unresolved->Unresolved->Unresolved,Pure Unresolved Compression Equilibrium,Exact,1.0,1.2954618442339936,0.4444444444444444,0.6,0.0,0.0,0.085538424773057,0.0555555555555555,0.6412558569575977,0.4500489450928527,CompressionPressure,0.6412558569575977,7282.5,7283.5,7277.5,7279.5,Up,1,7282.5,6.0,9.678571428571429,5,7280.75,1.25,0.1291512915129151,1.25,0.1291512915129151,1.5,-6.5,0.1549815498154981,-0.6715867158671587,1,1
ES,xApvaV01StateLog_ES.csv,1905,2026-05-05 07:50:00,Unresolved,Unresolved->Unresolved->Unresolved->Unresolved,Pure Unresolved Compression Equilibrium,Exact,1.0,1.2954618442339936,0.3333333333333333,0.6,0.0,0.0,0.0976912025508348,0.0416666666666666,0.6690336347353755,0.4083822784261861,CompressionPressure,0.6690336347353755,7276.25,7278.0,7273.0,7276.25,Down,-1,7276.25,5.0,6.946428571428571,5,7284.75,8.5,1.2236503856041132,-8.5,-1.2236503856041132,2.25,-9.5,0.3239074550128535,-1.3676092544987146,0,1
ES,xApvaV01StateLog_ES.csv,1906,2026-05-05 07:55:00,Unresolved,Unresolved->Unresolved->Unresolved->Unresolved,Pure Unresolved Compression Equilibrium,Exact,1.0,1.2954618442339936,0.2222222222222222,0.6,0.0,0.0,0.1098439803286126,0.0277777777777777,0.6968114125131533,0.3667156117595194,CompressionPressure,0.6968114125131533,7276.25,7278.5,7274.0,7278.5,Up,1,7276.25,4.5,6.839285714285714,5,7283.0,4.5,0.6579634464751958,4.5,0.6579634464751958,7.25,-0.5,1.0600522193211488,-0.0731070496083551,1,1
ES,xApvaV01StateLog_ES.csv,1907,2026-05-05 08:00:00,Unresolved,Unresolved->Unresolved->Unresolved->Unresolved,Pure Unresolved Compression Equilibrium,Exact,1.0,0.8812908992278072,0.1111111111111111,0.7,0.0,0.0,0.1653733877500932,0.0138888888888888,0.7921415410204843,0.2344490508727494,CompressionPressure,0.7921415410204843,7278.5,7281.0,7278.0,7280.75,Up,1,7278.5,3.0,6.678571428571429,5,7280.75,0.0,0.0,0.0,0.0,5.0,-1.5,0.7486631016042781,-0.2245989304812834,0,1
ES,xApvaV01StateLog_ES.csv,1949,2026-05-05 11:30:00,Unresolved,Unresolved->Unresolved->Balance->Unresolved,Stable Compression Basin,Exact,1.0,0.9219280948830342,0.2222222222222222,0.8,0.0,0.0,0.1617759913466288,0.0277777777777777,0.8034906051809215,0.285005104088997,CompressionPressure,0.8034906051809215,7294.25,7295.75,7293.5,7293.75,Down,-1,7294.0,2.25,2.446428571428572,5,7292.0,-1.75,-0.7153284671532846,1.75,0.7153284671532846,3.5,-0.75,1.4306569343065692,-0.3065693430656934,1,1
ES,xApvaV01StateLog_ES.csv,1950,2026-05-05 11:35:00,Unresolved,Unresolved->Balance->Unresolved->Unresolved,Stable Compression Basin,Exact,1.0,1.1567796494427114,0.2222222222222222,0.7,0.0,0.0,0.1321285025339868,0.0277777777777777,0.747145716354275,0.3363788816489264,CompressionPressure,0.747145716354275,7294.0,7294.5,7291.75,7291.75,Down,-1,7293.75,2.75,2.482142857142857,5,7292.75,1.0,0.4028776978417266,-1.0,-0.4028776978417266,1.5,-2.25,0.60431654676259,-0.9064748201438848,0,1
ES,xApvaV01StateLog_ES.csv,1978,2026-05-05 13:55:00,Unresolved,Balance->Unresolved->Unresolved->Unresolved,Stable Compression Basin,Exact,1.0,1.2954618442339936,0.3333333333333333,0.6,0.0,0.0,0.0976912025508348,0.0416666666666666,0.6690336347353755,0.4083822784261861,CompressionPressure,0.6690336347353755,7293.0,7294.75,7292.75,7294.0,Down,-1,7293.0,2.0,4.642857142857143,5,7340.25,46.25,9.96153846153846,-46.25,-9.96153846153846,0.5,-51.0,0.1076923076923076,-10.984615384615385,0,1
ES,xApvaV01StateLog_ES.csv,2006,2026-05-06 08:45:00,Unresolved,Unresolved->Balance->Unresolved->Unresolved,Stable Compression Basin,Exact,1.0,1.2954618442339936,0.5555555555555556,0.6,0.0,0.0,0.0733856469952793,0.0694444444444444,0.6134780791798199,0.4917156117595194,CompressionPressure,0.6134780791798199,7364.25,7366.75,7358.75,7362.75,Down,-1,7364.25,8.0,5.267857142857143,5,7365.75,3.0,0.5694915254237287,-3.0,-0.5694915254237287,1.5,-6.25,0.2847457627118643,-1.1864406779661016,0,1
ES,xApvaV01StateLog_ES.csv,2007,2026-05-06 08:50:00,Unresolved,Balance->Unresolved->Unresolved->Unresolved,Stable Compression Basin,Exact,1.0,1.1567796494427114,0.5555555555555556,0.7,0.0,0.0,0.0956701692006535,0.0694444444444444,0.6638123830209416,0.4613788816489264,CompressionPressure,0.6638123830209416,7362.75,7366.75,7361.25,7364.75,Down,-1,7362.75,5.5,5.357142857142857,5,7368.5,3.75,0.7000000000000001,-3.75,-0.7000000000000001,2.0,-4.5,0.3733333333333333,-0.8400000000000001,0,1
ES,xApvaV01StateLog_ES.csv,2010,2026-05-06 09:05:00,Unresolved,Unresolved->Balance->Balance->Unresolved,Stable Compression Basin,Exact,1.0,0.8812908992278072,0.4444444444444444,0.7,0.0,0.0,0.1289150544167598,0.0555555555555555,0.7088082076871509,0.3594490508727494,CompressionPressure,0.7088082076871509,7365.75,7368.5,7364.0,7367.5,Up,1,7365.75,4.5,5.053571428571429,5,7367.0,-0.5,-0.0989399293286219,-0.5,-0.0989399293286219,2.25,-2.75,0.4452296819787986,-0.5441696113074205,0,1
ES,xApvaV01StateLog_ES.csv,2011,2026-05-06 09:10:00,Unresolved,Balance->Balance->Unresolved->Unresolved,Stable Compression Basin,Exact,1.0,0.8812908992278072,0.4444444444444444,0.7,0.0,0.0,0.1289150544167598,0.0555555555555555,0.7088082076871509,0.3594490508727494,CompressionPressure,0.7088082076871509,7367.5,7369.0,7364.75,7365.75,Up,1,7367.5,4.25,5.125,5,7367.0,1.25,0.2439024390243902,1.25,0.2439024390243902,4.0,-0.5,0.7804878048780488,-0.0975609756097561,1,1
ES,xApvaV01StateLog_ES.csv,2014,2026-05-06 09:25:00,Unresolved,Unresolved->Balance->Balance->Unresolved,Stable Compression Basin,Exact,1.0,0.9709505944517832,0.4444444444444444,0.6,0.0,0.0,0.1103838173345075,0.0555555555555555,0.6615378100689858,0.3790621092029942,CompressionPressure,0.6615378100689858,7367.5,7368.75,7366.75,7368.0,Up,1,7367.75,2.0,4.303571428571429,5,7362.75,-5.25,-1.2199170124481329,-5.25,-1.2199170124481329,1.75,-7.25,0.4066390041493776,-1.6846473029045643,0,1
ES,xApvaV01StateLog_ES.csv,2015,2026-05-06 09:30:00,Unresolved,Balance->Balance->Unresolved->Unresolved,Stable Compression Basin,Exact,1.0,0.9709505944517832,0.4444444444444444,0.6,0.0,0.0,0.1103838173345075,0.0555555555555555,0.6615378100689858,0.3790621092029942,CompressionPressure,0.6615378100689858,7368.0,7369.75,7366.25,7367.0,Up,1,7368.0,3.5,4.053571428571429,5,7358.25,-8.75,-2.158590308370044,-8.75,-2.158590308370044,0.75,-9.25,0.185022026431718,-2.2819383259911894,0,1
ES,xApvaV01StateLog_ES.csv,2020,2026-05-06 09:55:00,Unresolved,Balance->Balance->Unresolved->Unresolved,Stable Compression Basin,Exact,1.0,0.9709505944517832,0.4444444444444444,0.6,0.0,0.0,0.1103838173345075,0.0555555555555555,0.6615378100689858,0.3790621092029942,CompressionPressure,0.6615378100689858,7362.75,7363.5,7357.75,7358.25,Down,-1,7362.75,5.75,3.7142857142857135,5,7365.0,6.75,1.8173076923076923,-6.75,-1.8173076923076923,3.75,-8.5,1.0096153846153846,-2.2884615384615383,0,1
ES,xApvaV01StateLog_ES.csv,2021,2026-05-06 10:00:00,Unresolved,Balance->Unresolved->Unresolved->Unresolved,Stable Compression Basin,Exact,1.0,0.9709505944517832,0.3333333333333333,0.6,0.0,0.0,0.1225365951122853,0.0416666666666666,0.6893155878467636,0.3373954425363276,CompressionPressure,0.6893155878467636,7358.25,7362.25,7354.5,7359.0,Down,-1,7358.25,7.75,3.875,5,7365.75,6.75,1.7419354838709675,-6.75,-1.7419354838709675,3.5,-8.75,0.9032258064516128,-2.2580645161290325,0,1
ES,xApvaV01StateLog_ES.csv,2028,2026-05-06 10:35:00,Unresolved,Unresolved->Unresolved->Unresolved->Unresolved,Pure Unresolved Compression Equilibrium,Exact,1.0,1.1567796494427114,0.2222222222222222,0.7,0.0,0.0,0.1321285025339868,0.0277777777777777,0.747145716354275,0.3363788816489264,CompressionPressure,0.747145716354275,7366.0,7368.25,7365.75,7366.75,Up,1,7366.0,2.5,3.9107142857142856,5,7371.0,4.25,1.08675799086758,4.25,1.08675799086758,4.25,-2.0,1.08675799086758,-0.5114155251141552,1,1
ES,xApvaV01StateLog_ES.csv,2041,2026-05-06 11:40:00,Unresolved,Unresolved->Unresolved->Degrading->Unresolved,Stable Compression Basin,Exact,1.0,0.9219280948830342,0.2222222222222222,0.8,0.0,0.0,0.1617759913466288,0.0277777777777777,0.8034906051809215,0.285005104088997,CompressionPressure,0.8034906051809215,7381.75,7384.5,7380.75,7381.75,Up,1,7382.0,3.75,3.0892857142857144,5,7383.0,1.25,0.4046242774566473,1.25,0.4046242774566473,2.5,-5.0,0.8092485549132947,-1.6184971098265897,1,1
ES,xApvaV01StateLog_ES.csv,2042,2026-05-06 11:45:00,Unresolved,Unresolved->Degrading->Unresolved->Unresolved,Stable Compression Basin,Exact,1.0,1.1567796494427114,0.2222222222222222,0.7,0.0,0.0,0.1321285025339868,0.0277777777777777,0.747145716354275,0.3363788816489264,CompressionPressure,0.747145716354275,7381.75,7382.0,7379.75,7379.75,Up,1,7381.75,2.25,3.071428571428572,5,7385.25,5.5,1.7906976744186045,5.5,1.7906976744186045,7.5,-3.0,2.441860465116279,-0.9767441860465116,1,1
ES,xApvaV01StateLog_ES.csv,2043,2026-05-06 11:50:00,Unresolved,Degrading->Unresolved->Unresolved->Unresolved,Stable Compression Basin,Exact,1.0,1.2954618442339936,0.2222222222222222,0.6,0.0,0.0,0.1098439803286126,0.0277777777777777,0.6968114125131533,0.3667156117595194,CompressionPressure,0.6968114125131533,7380.0,7381.25,7377.25,7378.0,Down,-1,7379.75,4.0,3.142857142857143,5,7387.5,9.5,3.022727272727273,-9.5,-3.022727272727273,1.25,-10.0,0.3977272727272727,-3.181818181818182,0,1
ES,xApvaV01StateLog_ES.csv,2044,2026-05-06 11:55:00,Unresolved,Unresolved->Unresolved->Unresolved->Unresolved,Pure Unresolved Compression Equilibrium,Exact,1.0,1.2954618442339936,0.3333333333333333,0.6,0.0,0.0,0.0976912025508348,0.0416666666666666,0.6690336347353755,0.4083822784261861,CompressionPressure,0.6690336347353755,7378.0,7380.75,7376.75,7380.25,Down,-1,7378.0,4.0,3.1785714285714284,5,7387.75,7.5,2.359550561797753,-7.5,-2.359550561797753,1.25,-8.25,0.3932584269662921,-2.5955056179775284,0,1
ES,xApvaV01StateLog_ES.csv,2045,2026-05-06 12:00:00,Unresolved,Unresolved->Unresolved->Unresolved->Unresolved,Pure Unresolved Compression Equilibrium,Exact,1.0,1.2954618442339936,0.3333333333333333,0.6,0.0,0.0,0.0976912025508348,0.0416666666666666,0.6690336347353755,0.4083822784261861,CompressionPressure,0.6690336347353755,7380.25,7381.25,7379.25,7379.25,Down,-1,7380.25,2.0,3.1785714285714284,5,7388.25,9.0,2.831460674157304,-9.0,-2.831460674157304,0.25,-10.75,0.0786516853932584,-3.3820224719101124,0,1
ES,xApvaV01StateLog_ES.csv,2046,2026-05-06 12:05:00,Unresolved,Unresolved->Unresolved->Unresolved->Unresolved,Pure Unresolved Compression Equilibrium,Exact,1.0,1.2954618442339936,0.3333333333333333,0.6,0.0,0.0,0.0976912025508348,0.0416666666666666,0.6690336347353755,0.4083822784261861,CompressionPressure,0.6690336347353755,7379.25,7384.25,7379.0,7383.0,Down,-1,7379.25,5.25,3.357142857142857,5,7388.5,5.5,1.6382978723404256,-5.5,-1.6382978723404256,0.75,-7.0,0.2234042553191489,-2.0851063829787235,0,1
ES,xApvaV01StateLog_ES.csv,2047,2026-05-06 12:10:00,Unresolved,Unresolved->Unresolved->Unresolved->Unresolved,Pure Unresolved Compression Equilibrium,Exact,1.0,1.2954618442339936,0.3333333333333333,0.6,0.0,0.0,0.0976912025508348,0.0416666666666666,0.6690336347353755,0.4083822784261861,CompressionPressure,0.6690336347353755,7383.25,7387.25,7382.25,7385.25,Up,1,7383.0,5.0,3.5535714285714284,5,7386.25,1.0,0.2814070351758794,1.0,0.2814070351758794,4.75,-0.25,1.3366834170854272,-0.0703517587939698,1,1
ES,xApvaV01StateLog_ES.csv,2048,2026-05-06 12:15:00,Unresolved,Unresolved->Unresolved->Unresolved->Unresolved,Pure Unresolved Compression Equilibrium,Exact,1.0,1.2954618442339936,0.3333333333333333,0.6,0.0,0.0,0.0976912025508348,0.0416666666666666,0.6690336347353755,0.4083822784261861,CompressionPressure,0.6690336347353755,7385.25,7388.0,7385.0,7387.5,Up,1,7385.25,3.0,3.5535714285714284,5,7389.5,2.0,0.5628140703517588,2.0,0.5628140703517588,2.5,-2.25,0.7035175879396985,-0.6331658291457287,1,1
ES,xApvaV01StateLog_ES.csv,2053,2026-05-06 12:40:00,Unresolved,Unresolved->Unresolved->Unresolved->Unresolved,Pure Unresolved Compression Equilibrium,Exact,1.0,1.2954618442339936,0.3333333333333333,0.6,0.0,0.0,0.0976912025508348,0.0416666666666666,0.6690336347353755,0.4083822784261861,CompressionPressure,0.6690336347353755,7386.25,7390.0,7385.75,7389.5,Up,1,7386.25,4.25,3.5357142857142856,5,7388.5,-1.0,-0.2828282828282828,-1.0,-0.2828282828282828,6.25,-4.5,1.7676767676767675,-1.2727272727272727,0,1
ES,xApvaV01StateLog_ES.csv,2054,2026-05-06 12:45:00,Unresolved,Unresolved->Unresolved->Unresolved->Unresolved,Pure Unresolved Compression Equilibrium,Exact,1.0,1.2954618442339936,0.3333333333333333,0.6,0.0,0.0,0.0976912025508348,0.0416666666666666,0.6690336347353755,0.4083822784261861,CompressionPressure,0.6690336347353755,7389.5,7390.0,7386.5,7386.75,Up,1,7389.5,3.5,3.5357142857142856,5,7389.0,2.25,0.6363636363636364,2.25,0.6363636363636364,9.0,-1.75,2.5454545454545454,-0.494949494949495,1,1
ES,xApvaV01StateLog_ES.csv,2059,2026-05-06 13:10:00,Unresolved,Unresolved->Unresolved->Unresolved->Unresolved,Pure Unresolved Compression Equilibrium,Exact,1.0,1.2954618442339936,0.4444444444444444,0.6,0.0,0.0,0.085538424773057,0.0555555555555555,0.6412558569575977,0.4500489450928527,CompressionPressure,0.6412558569575977,7388.75,7391.5,7388.25,7389.0,Up,1,7388.5,3.25,4.678571428571429,5,7388.5,-0.5,-0.1068702290076335,-0.5,-0.1068702290076335,6.75,-3.25,1.4427480916030533,-0.6946564885496183,0,1
ES,xApvaV01StateLog_ES.csv,2112,2026-05-07 10:05:00,Unresolved,Unresolved->Unresolved->Unresolved->Unresolved,Pure Unresolved Compression Equilibrium,Exact,1.0,1.2954618442339936,0.2222222222222222,0.6,0.0,0.0,0.1098439803286126,0.0277777777777777,0.6968114125131533,0.3667156117595194,CompressionPressure,0.6968114125131533,7368.5,7370.75,7365.0,7368.25,Down,-1,7368.5,5.75,7.625,5,7354.25,-14.0,-1.836065573770492,14.0,1.836065573770492,22.5,-6.5,2.950819672131148,-0.8524590163934426,1,1
ES,xApvaV01StateLog_ES.csv,2113,2026-05-07 10:10:00,Unresolved,Unresolved->Unresolved->Unresolved->Unresolved,Pure Unresolved Compression Equilibrium,Exact,1.0,0.8812908992278072,0.1111111111111111,0.7,0.0,0.0,0.1653733877500932,0.0138888888888888,0.7921415410204843,0.2344490508727494,CompressionPressure,0.7921415410204843,7368.5,7374.75,7366.0,7370.0,Down,-1,7368.25,8.75,7.446428571428571,5,7358.25,-11.75,-1.577937649880096,11.75,1.577937649880096,24.25,-3.75,3.256594724220624,-0.5035971223021583,1,1
ES,xApvaV01StateLog_ES.csv,2145,2026-05-07 12:50:00,Unresolved,Unresolved->Unresolved->Unresolved->Unresolved,Pure Unresolved Compression Equilibrium,Exact,1.0,0.8812908992278072,0.1111111111111111,0.7,0.0,0.0,0.1653733877500932,0.0138888888888888,0.7921415410204843,0.2344490508727494,CompressionPressure,0.7921415410204843,7361.5,7362.75,7358.0,7361.0,Down,-1,7361.25,4.75,7.857142857142857,5,7369.5,8.5,1.0818181818181818,-8.5,-1.0818181818181818,6.25,-17.75,0.7954545454545455,-2.2590909090909093,0,1
ES,xApvaV01StateLog_ES.csv,2174,2026-05-08 07:45:00,Unresolved,Unresolved->Unresolved->Unresolved->Unresolved,Pure Unresolved Compression Equilibrium,Exact,1.0,1.1567796494427114,0.5555555555555556,0.7,0.0,0.0,0.0956701692006535,0.0694444444444444,0.6638123830209416,0.4613788816489264,CompressionPressure,0.6638123830209416,7416.5,7418.75,7414.75,7418.5,Up,1,7416.75,4.0,6.625,5,7414.25,-4.25,-0.6415094339622641,-4.25,-0.6415094339622641,3.5,-4.5,0.5283018867924528,-0.6792452830188679,0,1
ES,xApvaV01StateLog_ES.csv,2179,2026-05-08 08:10:00,Unresolved,Unresolved->Unresolved->Unresolved->Unresolved,Pure Unresolved Compression Equilibrium,Exact,1.0,1.2954618442339936,0.2222222222222222,0.6,0.0,0.0,0.1098439803286126,0.0277777777777777,0.6968114125131533,0.3667156117595194,CompressionPressure,0.6968114125131533,7417.75,7420.75,7414.0,7414.25,Down,-1,7417.75,6.75,5.5,5,7416.5,2.25,0.4090909090909091,-2.25,-0.4090909090909091,7.0,-2.75,1.2727272727272727,-0.5,0,1
ES,xApvaV01StateLog_ES.csv,2180,2026-05-08 08:15:00,Unresolved,Unresolved->Unresolved->Unresolved->Unresolved,Pure Unresolved Compression Equilibrium,Exact,1.0,0.8812908992278072,0.1111111111111111,0.7,0.0,0.0,0.1653733877500932,0.0138888888888888,0.7921415410204843,0.2344490508727494,CompressionPressure,0.7921415410204843,7414.25,7416.5,7411.5,7412.75,Down,-1,7414.25,5.0,5.375,5,7419.75,7.0,1.302325581395349,-7.0,-1.302325581395349,5.5,-7.75,1.0232558139534884,-1.441860465116279,0,1
ES,xApvaV01StateLog_ES.csv,2200,2026-05-08 09:55:00,Unresolved,Balance->Unresolved->Unresolved->Unresolved,Stable Compression Basin,Exact,1.0,0.9709505944517832,0.5555555555555556,0.6,0.0,0.0,0.0982310395567297,0.0694444444444444,0.633760032291208,0.4207287758696609,CompressionPressure,0.633760032291208,7420.25,7420.25,7416.75,7417.25,Down,-1,7420.0,3.5,4.303571428571429,5,7422.0,4.75,1.1037344398340247,-4.75,-1.1037344398340247,2.5,-5.75,0.5809128630705394,-1.3360995850622406,0,1
ES,xApvaV01StateLog_ES.csv,2201,2026-05-08 10:00:00,Unresolved,Unresolved->Unresolved->Unresolved->Unresolved,Pure Unresolved Compression Equilibrium,Exact,1.0,1.2954618442339936,0.5555555555555556,0.6,0.0,0.0,0.0733856469952793,0.0694444444444444,0.6134780791798199,0.4917156117595194,CompressionPressure,0.6134780791798199,7417.5,7417.75,7415.5,7415.75,Down,-1,7417.25,2.25,3.946428571428572,5,7423.0,7.25,1.83710407239819,-7.25,-1.83710407239819,1.0,-8.25,0.253393665158371,-2.0904977375565608,0,1
ES,xApvaV01StateLog_ES.csv,2222,2026-05-08 11:45:00,Degrading,Balance->Degrading->Degrading->Degrading,Sponsor Exhaustion Collapse,Soft,0.5,0.8812908992278072,0.1111111111111111,0.7,0.0,0.0,0.1653733877500932,0.1138888888888889,0.3421415410204842,0.2344490508727494,CompressionPressure,0.3421415410204842,7421.5,7422.5,7419.0,7419.25,Down,-1,7421.5,3.5,3.821428571428572,5,7415.25,-4.0,-1.0467289719626167,4.0,1.0467289719626167,11.75,0.0,3.074766355140187,0.0,1,1
ES,xApvaV01StateLog_ES.csv,2247,2026-05-08 13:50:00,Unresolved,Balance->Balance->Unresolved->Unresolved,Stable Compression Basin,Exact,1.0,0.9709505944517832,0.5555555555555556,0.6,0.0,0.0,0.0982310395567297,0.0694444444444444,0.633760032291208,0.4207287758696609,CompressionPressure,0.633760032291208,7421.0,7422.5,7421.0,7421.75,Up,1,7421.25,1.5,2.982142857142857,5,7429.5,7.75,2.5988023952095807,7.75,2.5988023952095807,7.75,-11.75,2.5988023952095807,-3.9401197604790417,1,1
ES,xApvaV01StateLog_ES.csv,2248,2026-05-08 13:55:00,Unresolved,Balance->Unresolved->Unresolved->Unresolved,Stable Compression Basin,Exact,1.0,0.9999999999971146,0.4444444444444444,0.5,0.0,0.0,0.0964930555557764,0.0555555555555555,0.618055555555736,0.3854166666660354,CompressionPressure,0.618055555555736,7421.75,7422.0,7420.0,7421.5,Up,1,7421.75,2.0,2.892857142857143,5,7433.75,12.25,4.234567901234568,12.25,4.234567901234568,15.75,-11.5,5.444444444444445,-3.975308641975309,1,1
ES,xApvaV01StateLog_ES.csv,2250,2026-05-11 06:35:00,Unresolved,Unresolved->Unresolved->Balance->Unresolved,Stable Compression Basin,Exact,1.0,0.9709505944517832,0.5555555555555556,0.6,0.0,0.0,0.0982310395567297,0.0694444444444444,0.633760032291208,0.4207287758696609,CompressionPressure,0.633760032291208,7410.25,7424.75,7410.0,7424.5,Down,-1,7420.5,14.75,3.571428571428572,5,7432.75,8.25,2.31,-8.25,-2.31,5.0,-12.75,1.4,-3.57,0,1
ES,xApvaV01StateLog_ES.csv,2251,2026-05-11 06:40:00,Unresolved,Unresolved->Balance->Unresolved->Unresolved,Stable Compression Basin,Exact,1.0,0.9999999999971146,0.4444444444444444,0.5,0.0,0.0,0.0964930555557764,0.0555555555555555,0.618055555555736,0.3854166666660354,CompressionPressure,0.618055555555736,7424.75,7424.75,7419.5,7421.25,Down,-1,7424.5,5.25,3.5892857142857144,5,7431.5,10.25,2.855721393034826,-10.25,-2.855721393034826,0.75,-16.0,0.208955223880597,-4.45771144278607,0,1
ES,xApvaV01StateLog_ES.csv,2252,2026-05-11 06:45:00,Unresolved,Balance->Unresolved->Unresolved->Unresolved,Stable Compression Basin,Exact,1.0,0.9999999999971146,0.3333333333333333,0.5,0.0,0.0,0.1086458333335542,0.0416666666666666,0.6458333333335138,0.3437499999993688,CompressionPressure,0.6458333333335138,7421.5,7429.5,7420.5,7429.5,Down,-1,7421.25,9.0,3.767857142857143,5,7433.5,4.0,1.061611374407583,-4.0,-1.061611374407583,0.5,-7.75,0.1327014218009478,-2.056872037914692,0,1
ES,xApvaV01StateLog_ES.csv,2258,2026-05-11 07:15:00,Unresolved,Unresolved->Unresolved->Unresolved->Unresolved,Pure Unresolved Compression Equilibrium,Exact,1.0,1.2954618442339936,0.2222222222222222,0.6,0.0,0.0,0.1098439803286126,0.0277777777777777,0.6968114125131533,0.3667156117595194,CompressionPressure,0.6968114125131533,7433.75,7436.5,7431.25,7436.5,Up,1,7433.5,5.25,4.946428571428571,5,7432.0,-4.5,-0.9097472924187726,-4.5,-0.9097472924187726,5.5,-15.0,1.111913357400722,-3.032490974729242,0,1
ES,xApvaV01StateLog_ES.csv,2259,2026-05-11 07:20:00,Unresolved,Unresolved->Unresolved->Unresolved->Unresolved,Pure Unresolved Compression Equilibrium,Exact,1.0,0.8812908992278072,0.1111111111111111,0.7,0.0,0.0,0.1653733877500932,0.0138888888888888,0.7921415410204843,0.2344490508727494,CompressionPressure,0.7921415410204843,7436.5,7441.0,7435.75,7441.0,Up,1,7436.5,5.25,5.267857142857143,5,7435.75,-5.25,-0.9966101694915254,-5.25,-0.9966101694915254,1.0,-19.5,0.1898305084745762,-3.701694915254237,0,1
ES,xApvaV01StateLog_ES.csv,2280,2026-05-11 09:05:00,Unresolved,Unresolved->Degrading->Degrading->Unresolved,Stable Compression Basin,Exact,1.0,1.2954618442339936,0.5555555555555556,0.6,0.0,0.0,0.0733856469952793,0.0694444444444444,0.6134780791798199,0.4917156117595194,CompressionPressure,0.6134780791798199,7448.25,7449.25,7446.5,7447.0,Up,1,7448.5,2.75,4.035714285714286,5,7449.5,2.5,0.6194690265486726,2.5,0.6194690265486726,3.5,-1.5,0.8672566371681416,-0.3716814159292035,1,1
ES,xApvaV01StateLog_ES.csv,2281,2026-05-11 09:10:00,Unresolved,Degrading->Degrading->Unresolved->Unresolved,Stable Compression Basin,Exact,1.0,0.8812908992278072,0.4444444444444444,0.7,0.0,0.0,0.1289150544167598,0.0555555555555555,0.7088082076871509,0.3594490508727494,CompressionPressure,0.7088082076871509,7447.0,7448.0,7446.5,7446.75,Down,-1,7447.0,1.5,3.75,5,7449.0,2.25,0.6,-2.25,-0.6,1.25,-3.75,0.3333333333333333,-1.0,0,1
ES,xApvaV01StateLog_ES.csv,2282,2026-05-11 09:15:00,Unresolved,Degrading->Unresolved->Unresolved->Unresolved,Stable Compression Basin,Exact,1.0,0.8812908992278072,0.4444444444444444,0.7,0.0,0.0,0.1289150544167598,0.0555555555555555,0.7088082076871509,0.3594490508727494,CompressionPressure,0.7088082076871509,7447.0,7448.25,7446.25,7447.25,Down,-1,7446.75,2.0,3.6607142857142856,5,7447.0,-0.25,-0.0682926829268292,0.25,0.0682926829268292,1.75,-3.25,0.4780487804878049,-0.8878048780487805,1,1
ES,xApvaV01StateLog_ES.csv,2283,2026-05-11 09:20:00,Unresolved,Unresolved->Unresolved->Unresolved->Unresolved,Pure Unresolved Compression Equilibrium,Exact,1.0,1.2954618442339936,0.5555555555555556,0.6,0.0,0.0,0.0733856469952793,0.0694444444444444,0.6134780791798199,0.4917156117595194,CompressionPressure,0.6134780791798199,7447.25,7448.25,7446.0,7446.75,Down,-1,7447.25,2.25,3.642857142857143,5,7442.75,-4.0,-1.0980392156862746,4.0,1.0980392156862746,12.5,-3.75,3.431372549019608,-1.0294117647058825,1,1
ES,xApvaV01StateLog_ES.csv,2288,2026-05-11 09:45:00,Unresolved,Unresolved->Unresolved->Unresolved->Unresolved,Pure Unresolved Compression Equilibrium,Exact,1.0,1.2954618442339936,0.2222222222222222,0.6,0.0,0.0,0.1098439803286126,0.0277777777777777,0.6968114125131533,0.3667156117595194,CompressionPressure,0.6968114125131533,7447.0,7447.5,7434.25,7442.75,Down,-1,7447.0,13.25,3.7142857142857135,5,7440.5,-2.25,-0.6057692307692307,2.25,0.6057692307692307,6.25,-2.5,1.6826923076923077,-0.673076923076923,1,1
ES,xApvaV01StateLog_ES.csv,2289,2026-05-11 09:50:00,Unresolved,Unresolved->Unresolved->Unresolved->Unresolved,Pure Unresolved Compression Equilibrium,Exact,1.0,0.8812908992278072,0.1111111111111111,0.7,0.0,0.0,0.1653733877500932,0.0138888888888888,0.7921415410204843,0.2344490508727494,CompressionPressure,0.7921415410204843,7442.75,7445.25,7441.0,7441.25,Down,-1,7442.75,4.25,3.7857142857142856,5,7436.75,-4.5,-1.1886792452830188,4.5,1.1886792452830188,5.25,-1.5,1.3867924528301887,-0.3962264150943396,1,1
ES,xApvaV01StateLog_ES.csv,2333,2026-05-11 13:30:00,Unresolved,Degrading->Degrading->Degrading->Unresolved,Stable Compression Basin,Exact,1.0,1.1567796494427114,0.5555555555555556,0.7,0.0,0.0,0.0956701692006535,0.0694444444444444,0.6638123830209416,0.4613788816489264,CompressionPressure,0.6638123830209416,7432.0,7434.75,7432.0,7434.5,Down,-1,7432.0,2.75,4.660714285714286,5,7436.25,1.75,0.3754789272030651,-1.75,-0.3754789272030651,1.0,-2.25,0.21455938697318,-0.4827586206896552,0,1
ES,xApvaV01StateLog_ES.csv,2334,2026-05-11 13:35:00,Unresolved,Degrading->Degrading->Unresolved->Unresolved,Stable Compression Basin,Exact,1.0,1.2954618442339936,0.4444444444444444,0.6,0.0,0.0,0.085538424773057,0.0555555555555555,0.6412558569575977,0.4500489450928527,CompressionPressure,0.6412558569575977,7434.25,7436.75,7434.0,7436.5,Up,1,7434.5,2.75,4.5,5,7435.0,-1.5,-0.3333333333333333,-1.5,-0.3333333333333333,0.25,-3.0,0.0555555555555555,-0.6666666666666666,0,1
ES,xApvaV01StateLog_ES.csv,2335,2026-05-11 13:40:00,Unresolved,Degrading->Unresolved->Unresolved->Unresolved,Stable Compression Basin,Exact,1.0,0.9709505944517832,0.3333333333333333,0.6,0.0,0.0,0.1225365951122853,0.0416666666666666,0.6893155878467636,0.3373954425363276,CompressionPressure,0.6893155878467636,7436.5,7436.5,7435.5,7436.0,Up,1,7436.5,1.0,4.285714285714286,5,7408.75,-27.25,-6.358333333333333,-27.25,-6.358333333333333,0.75,-29.25,0.175,-6.825,0,1
ES,xApvaV01StateLog_ES.csv,2357,2026-05-12 08:00:00,Degrading,Degrading->Degrading->Degrading->Degrading,Sponsor Exhaustion Collapse,Exact,1.0,0.9709505944517832,0.1111111111111111,0.6,0.0,0.0,0.1468421506678408,0.1138888888888889,0.294871143402319,0.2540621092029942,CompressionPressure,0.294871143402319,7385.0,7386.5,7381.75,7383.0,Down,-1,7385.25,4.75,8.964285714285714,5,7366.0,-17.0,-1.8964143426294824,17.0,1.8964143426294824,18.5,-2.5,2.063745019920319,-0.2788844621513944,1,1
ES,xApvaV01StateLog_ES.csv,2358,2026-05-12 08:05:00,Degrading,Degrading->Degrading->Degrading->Degrading,Sponsor Exhaustion Collapse,Exact,1.0,0.8812908992278072,0.1111111111111111,0.7,0.0,0.0,0.1653733877500932,0.1138888888888889,0.3421415410204842,0.2344490508727494,CompressionPressure,0.3421415410204842,7383.0,7384.25,7378.5,7379.75,Down,-1,7383.0,5.75,8.642857142857142,5,7368.25,-11.5,-1.3305785123966942,11.5,1.3305785123966942,16.5,-5.75,1.9090909090909087,-0.6652892561983471,1,1
ES,xApvaV01StateLog_ES.csv,2359,2026-05-12 08:10:00,Unresolved,Degrading->Degrading->Degrading->Unresolved,Stable Compression Basin,Exact,1.0,1.1567796494427114,0.2222222222222222,0.7,0.0,0.0,0.1321285025339868,0.0277777777777777,0.747145716354275,0.3363788816489264,CompressionPressure,0.747145716354275,7379.75,7385.5,7377.5,7385.0,Down,-1,7379.75,8.0,8.446428571428571,5,7373.5,-11.5,-1.3615221987315012,11.5,1.3615221987315012,21.75,-0.5,2.575052854122622,-0.0591966173361522,1,1
ES,xApvaV01StateLog_ES.csv,2360,2026-05-12 08:15:00,Unresolved,Degrading->Degrading->Unresolved->Unresolved,Stable Compression Basin,Exact,1.0,1.1567796494427114,0.2222222222222222,0.7,0.0,0.0,0.1321285025339868,0.0277777777777777,0.747145716354275,0.3363788816489264,CompressionPressure,0.747145716354275,7385.0,7385.5,7376.75,7377.25,Down,-1,7385.0,8.75,8.589285714285714,5,7376.25,-1.0,-0.1164241164241164,1.0,0.1164241164241164,14.0,-0.75,1.62993762993763,-0.0873180873180873,1,1
ES,xApvaV01StateLog_ES.csv,2363,2026-05-12 08:30:00,Unresolved,Unresolved->Degrading->Degrading->Unresolved,Stable Compression Basin,Exact,1.0,0.8812908992278072,0.3333333333333333,0.7,0.0,0.0,0.1410678321945376,0.0416666666666666,0.7365859854649287,0.3177823842060828,CompressionPressure,0.7365859854649287,7365.75,7369.5,7363.25,7368.25,Down,-1,7366.0,6.25,8.589285714285714,5,7376.25,8.0,0.9313929313929314,-8.0,-0.9313929313929314,2.25,-14.5,0.2619542619542619,-1.6881496881496882,0,1
ES,xApvaV01StateLog_ES.csv,2364,2026-05-12 08:35:00,Unresolved,Degrading->Degrading->Unresolved->Unresolved,Stable Compression Basin,Exact,1.0,0.9709505944517832,0.3333333333333333,0.6,0.0,0.0,0.1225365951122853,0.0416666666666666,0.6893155878467636,0.3373954425363276,CompressionPressure,0.6893155878467636,7368.25,7375.25,7366.0,7373.5,Up,1,7368.25,9.25,8.660714285714286,5,7369.75,-3.75,-0.4329896907216494,-3.75,-0.4329896907216494,9.25,-4.75,1.068041237113402,-0.5484536082474226,0,1
ES,xApvaV01StateLog_ES.csv,2365,2026-05-12 08:40:00,Unresolved,Degrading->Unresolved->Unresolved->Unresolved,Stable Compression Basin,Exact,1.0,0.9999999999971146,0.3333333333333333,0.5,0.0,0.0,0.1086458333335542,0.0416666666666666,0.6458333333335138,0.3437499999993688,CompressionPressure,0.6458333333335138,7373.5,7378.0,7370.0,7376.25,Up,1,7373.5,8.0,8.303571428571429,5,7377.5,1.25,0.1505376344086021,1.25,0.1505376344086021,6.5,-10.0,0.7827956989247311,-1.2043010752688172,1,1
ES,xApvaV01StateLog_ES.csv,2387,2026-05-12 10:30:00,Unresolved,Balance->Degrading->Degrading->Unresolved,Stable Compression Basin,Exact,1.0,1.1567796494427114,0.5555555555555556,0.7,0.0,0.0,0.0956701692006535,0.0694444444444444,0.6638123830209416,0.4613788816489264,CompressionPressure,0.6638123830209416,7390.5,7391.0,7386.25,7388.75,Up,1,7390.75,4.75,6.232142857142857,5,7396.25,7.5,1.2034383954154728,7.5,1.2034383954154728,7.75,-2.0,1.2435530085959887,-0.3209169054441261,1,1
ES,xApvaV01StateLog_ES.csv,2397,2026-05-12 11:20:00,Unresolved,Unresolved->Unresolved->Unresolved->Unresolved,Pure Unresolved Compression Equilibrium,Exact,1.0,1.2954618442339936,0.2222222222222222,0.6,0.0,0.0,0.1098439803286126,0.0277777777777777,0.6968114125131533,0.3667156117595194,CompressionPressure,0.6968114125131533,7395.75,7398.5,7395.25,7397.25,Up,1,7395.75,3.25,5.803571428571429,5,7407.5,10.25,1.7661538461538462,10.25,1.7661538461538462,12.75,-0.25,2.1969230769230768,-0.043076923076923,1,1
ES,xApvaV01StateLog_ES.csv,2398,2026-05-12 11:25:00,Unresolved,Unresolved->Unresolved->Unresolved->Unresolved,Pure Unresolved Compression Equilibrium,Exact,1.0,0.8812908992278072,0.1111111111111111,0.7,0.0,0.0,0.1653733877500932,0.0138888888888888,0.7921415410204843,0.2344490508727494,CompressionPressure,0.7921415410204843,7397.25,7403.5,7397.0,7403.0,Up,1,7397.25,6.5,5.982142857142857,5,7405.5,2.5,0.417910447761194,2.5,0.417910447761194,7.0,-0.25,1.1701492537313434,-0.0417910447761194,1,1
ES,xApvaV01StateLog_ES.csv,2400,2026-05-12 11:35:00,Unresolved,Unresolved->Unresolved->Degrading->Unresolved,Stable Compression Basin,Exact,1.0,1.1567796494427114,0.3333333333333333,0.7,0.0,0.0,0.119975724756209,0.0416666666666666,0.7193679385764972,0.3780455483155931,CompressionPressure,0.7193679385764972,7407.0,7409.75,7405.5,7406.25,Up,1,7407.0,4.25,5.5,5,7405.25,-1.0,-0.1818181818181818,-1.0,-0.1818181818181818,4.25,-3.5,0.7727272727272727,-0.6363636363636364,0,1
ES,xApvaV01StateLog_ES.csv,2401,2026-05-12 11:40:00,Unresolved,Unresolved->Degrading->Unresolved->Unresolved,Stable Compression Basin,Exact,1.0,1.1567796494427114,0.2222222222222222,0.7,0.0,0.0,0.1321285025339868,0.0277777777777777,0.747145716354275,0.3363788816489264,CompressionPressure,0.747145716354275,7406.0,7409.25,7403.5,7406.0,Up,1,7406.25,5.75,5.571428571428571,5,7407.75,1.75,0.3141025641025641,1.75,0.3141025641025641,4.5,-3.25,0.8076923076923077,-0.5833333333333334,1,1
ES,xApvaV01StateLog_ES.csv,2402,2026-05-12 11:45:00,Unresolved,Degrading->Unresolved->Unresolved->Unresolved,Stable Compression Basin,Exact,1.0,1.2954618442339936,0.2222222222222222,0.6,0.0,0.0,0.1098439803286126,0.0277777777777777,0.6968114125131533,0.3667156117595194,CompressionPressure,0.6968114125131533,7405.75,7408.5,7405.25,7407.5,Up,1,7406.0,3.25,5.196428571428571,5,7409.75,2.25,0.4329896907216495,2.25,0.4329896907216495,4.0,-4.75,0.7697594501718213,-0.914089347079038,1,1
ES,xApvaV01StateLog_ES.csv,2403,2026-05-12 11:50:00,Unresolved,Unresolved->Unresolved->Unresolved->Unresolved,Pure Unresolved Compression Equilibrium,Exact,1.0,1.2954618442339936,0.3333333333333333,0.6,0.0,0.0,0.0976912025508348,0.0416666666666666,0.6690336347353755,0.4083822784261861,CompressionPressure,0.6690336347353755,7407.5,7408.0,7402.75,7405.5,Up,1,7407.5,5.25,5.053571428571429,5,7416.25,10.75,2.127208480565371,10.75,2.127208480565371,13.0,-1.5,2.5724381625441697,-0.2968197879858657,1,1
ES,xApvaV01StateLog_ES.csv,2404,2026-05-12 11:55:00,Unresolved,Unresolved->Unresolved->Unresolved->Unresolved,Pure Unresolved Compression Equilibrium,Exact,1.0,1.2954618442339936,0.3333333333333333,0.6,0.0,0.0,0.0976912025508348,0.0416666666666666,0.6690336347353755,0.4083822784261861,CompressionPressure,0.6690336347353755,7405.75,7408.75,7404.0,7407.25,Up,1,7405.5,4.75,5.107142857142857,5,7415.25,8.0,1.5664335664335665,8.0,1.5664335664335665,12.25,-2.75,2.3986013986013988,-0.5384615384615385,1,1
ES,xApvaV01StateLog_ES.csv,2405,2026-05-12 12:00:00,Unresolved,Unresolved->Unresolved->Unresolved->Unresolved,Pure Unresolved Compression Equilibrium,Exact,1.0,1.2954618442339936,0.3333333333333333,0.6,0.0,0.0,0.0976912025508348,0.0416666666666666,0.6690336347353755,0.4083822784261861,CompressionPressure,0.6690336347353755,7407.25,7410.5,7404.5,7405.25,Up,1,7407.25,6.0,5.160714285714286,5,7414.75,9.5,1.8408304498269896,9.5,1.8408304498269896,14.25,-0.5,2.7612456747404845,-0.0968858131487889,1,1
ES,xApvaV01StateLog_ES.csv,2406,2026-05-12 12:05:00,Unresolved,Unresolved->Unresolved->Unresolved->Unresolved,Pure Unresolved Compression Equilibrium,Exact,1.0,1.2954618442339936,0.3333333333333333,0.6,0.0,0.0,0.0976912025508348,0.0416666666666666,0.6690336347353755,0.4083822784261861,CompressionPressure,0.6690336347353755,7405.25,7408.5,7404.75,7407.75,Up,1,7405.25,3.75,4.982142857142857,5,7416.0,8.25,1.6559139784946235,8.25,1.6559139784946235,11.75,-2.0,2.3584229390681006,-0.4014336917562724,1,1
ES,xApvaV01StateLog_ES.csv,2407,2026-05-12 12:10:00,Unresolved,Unresolved->Unresolved->Unresolved->Unresolved,Pure Unresolved Compression Equilibrium,Exact,1.0,1.2954618442339936,0.3333333333333333,0.6,0.0,0.0,0.0976912025508348,0.0416666666666666,0.6690336347353755,0.4083822784261861,CompressionPressure,0.6690336347353755,7407.75,7411.5,7405.75,7409.75,Up,1,7407.75,5.75,5.035714285714286,5,7424.0,14.25,2.8297872340425534,14.25,2.8297872340425534,16.0,-0.25,3.1773049645390072,-0.0496453900709219,1,1
ES,xApvaV01StateLog_ES.csv,2408,2026-05-12 12:15:00,Unresolved,Unresolved->Unresolved->Unresolved->Unresolved,Pure Unresolved Compression Equilibrium,Exact,1.0,1.2954618442339936,0.2222222222222222,0.6,0.0,0.0,0.1098439803286126,0.0277777777777777,0.6968114125131533,0.3667156117595194,CompressionPressure,0.6968114125131533,7409.5,7418.5,7409.5,7416.25,Up,1,7409.75,9.0,5.303571428571429,5,7423.0,6.75,1.2727272727272727,6.75,1.2727272727272727,9.5,-5.75,1.791245791245791,-1.084175084175084,1,1
ES,xApvaV01StateLog_ES.csv,2409,2026-05-12 12:20:00,Unresolved,Unresolved->Unresolved->Unresolved->Unresolved,Pure Unresolved Compression Equilibrium,Exact,1.0,0.8812908992278072,0.1111111111111111,0.7,0.0,0.0,0.1653733877500932,0.0138888888888888,0.7921415410204843,0.2344490508727494,CompressionPressure,0.7921415410204843,7416.5,7419.5,7414.75,7415.25,Up,1,7416.25,4.75,5.303571428571429,5,7425.0,9.75,1.8383838383838385,9.75,1.8383838383838385,10.5,-4.75,1.97979797979798,-0.8956228956228955,1,1
ES,xApvaV01StateLog_ES.csv,2482,2026-05-13 10:55:00,Unresolved,Unresolved->Unresolved->Unresolved->Unresolved,Pure Unresolved Compression Equilibrium,Exact,1.0,1.2954618442339936,0.2222222222222222,0.6,0.0,0.0,0.1098439803286126,0.0277777777777777,0.6968114125131533,0.3667156117595194,CompressionPressure,0.6968114125131533,7470.5,7472.5,7470.0,7470.25,Down,-1,7470.5,2.5,3.857142857142857,5,7481.0,10.75,2.787037037037037,-10.75,-2.787037037037037,4.5,-13.5,1.1666666666666667,-3.5,0,1
ES,xApvaV01StateLog_ES.csv,2483,2026-05-13 11:00:00,Unresolved,Unresolved->Unresolved->Unresolved->Unresolved,Pure Unresolved Compression Equilibrium,Exact,1.0,0.8812908992278072,0.1111111111111111,0.7,0.0,0.0,0.1653733877500932,0.0138888888888888,0.7921415410204843,0.2344490508727494,CompressionPressure,0.7921415410204843,7470.0,7470.5,7466.0,7466.25,Down,-1,7470.25,4.5,3.928571428571429,5,7481.5,15.25,3.881818181818182,-15.25,-3.881818181818182,0.5,-17.5,0.1272727272727273,-4.454545454545455,0,1
ES,xApvaV01StateLog_ES.csv,2502,2026-05-13 12:35:00,Unresolved,Unresolved->Unresolved->Unresolved->Unresolved,Pure Unresolved Compression Equilibrium,Exact,1.0,1.2954618442339936,0.2222222222222222,0.6,0.0,0.0,0.1098439803286126,0.0277777777777777,0.6968114125131533,0.3667156117595194,CompressionPressure,0.6968114125131533,7479.75,7480.25,7475.5,7476.5,Up,1,7479.75,4.75,4.535714285714286,5,7468.5,-8.0,-1.763779527559055,-8.0,-1.763779527559055,4.75,-8.75,1.0472440944881891,-1.9291338582677169,0,1
ES,xApvaV01StateLog_ES.csv,2503,2026-05-13 12:40:00,Unresolved,Unresolved->Unresolved->Unresolved->Unresolved,Pure Unresolved Compression Equilibrium,Exact,1.0,0.8812908992278072,0.1111111111111111,0.7,0.0,0.0,0.1653733877500932,0.0138888888888888,0.7921415410204843,0.2344490508727494,CompressionPressure,0.7921415410204843,7476.75,7479.5,7475.0,7478.75,Up,1,7476.5,4.5,4.660714285714286,5,7469.25,-9.5,-2.0383141762452106,-9.5,-2.0383141762452106,2.5,-12.25,0.5363984674329502,-2.628352490421456,0,1
ES,xApvaV01StateLog_ES.csv,2555,2026-05-14 09:30:00,Unresolved,Unresolved->Unresolved->Unresolved->Unresolved,Pure Unresolved Compression Equilibrium,Exact,1.0,1.2954618442339936,0.2222222222222222,0.6,0.0,0.0,0.1098439803286126,0.0277777777777777,0.6968114125131533,0.3667156117595194,CompressionPressure,0.6968114125131533,7531.0,7532.0,7522.75,7524.25,Down,-1,7531.0,9.25,4.607142857142857,5,7522.0,-2.25,-0.4883720930232558,2.25,0.4883720930232558,6.25,-3.5,1.356589147286822,-0.7596899224806202,1,1
ES,xApvaV01StateLog_ES.csv,2556,2026-05-14 09:35:00,Unresolved,Unresolved->Unresolved->Unresolved->Unresolved,Pure Unresolved Compression Equilibrium,Exact,1.0,0.8812908992278072,0.1111111111111111,0.7,0.0,0.0,0.1653733877500932,0.0138888888888888,0.7921415410204843,0.2344490508727494,CompressionPressure,0.7921415410204843,7524.5,7527.0,7518.0,7520.75,Down,-1,7524.25,9.0,4.928571428571429,5,7522.75,2.0,0.4057971014492753,-2.0,-0.4057971014492753,5.0,-7.0,1.0144927536231882,-1.4202898550724636,0,1
ES,xApvaV01StateLog_ES.csv,2559,2026-05-14 09:50:00,Unresolved,Unresolved->Degrading->Degrading->Unresolved,Stable Compression Basin,Exact,1.0,1.1567796494427114,0.2222222222222222,0.7,0.0,0.0,0.1321285025339868,0.0277777777777777,0.747145716354275,0.3363788816489264,CompressionPressure,0.747145716354275,7522.75,7526.75,7518.75,7525.0,Down,-1,7522.75,8.0,5.410714285714286,5,7515.0,-10.0,-1.848184818481848,10.0,1.848184818481848,11.25,-2.5,2.0792079207920797,-0.462046204620462,1,1
ES,xApvaV01StateLog_ES.csv,2577,2026-05-14 11:20:00,Unresolved,Unresolved->Unresolved->Unresolved->Unresolved,Pure Unresolved Compression Equilibrium,Exact,1.0,1.2954618442339936,0.2222222222222222,0.6,0.0,0.0,0.1098439803286126,0.0277777777777777,0.6968114125131533,0.3667156117595194,CompressionPressure,0.6968114125131533,7522.5,7527.5,7522.0,7527.0,Up,1,7522.75,5.5,6.625,5,7521.75,-5.25,-0.7924528301886793,-5.25,-0.7924528301886793,0.5,-9.25,0.0754716981132075,-1.3962264150943395,0,1
ES,xApvaV01StateLog_ES.csv,2578,2026-05-14 11:25:00,Unresolved,Unresolved->Unresolved->Unresolved->Unresolved,Pure Unresolved Compression Equilibrium,Exact,1.0,0.8812908992278072,0.1111111111111111,0.7,0.0,0.0,0.1653733877500932,0.0138888888888888,0.7921415410204843,0.2344490508727494,CompressionPressure,0.7921415410204843,7527.25,7527.5,7522.5,7524.5,Up,1,7527.0,5.0,6.375,5,7524.75,0.25,0.0392156862745098,0.25,0.0392156862745098,0.75,-6.75,0.1176470588235294,-1.0588235294117647,1,1
ES,xApvaV01StateLog_ES.csv,2618,2026-05-15 07:15:00,Unresolved,Unresolved->Balance->Balance->Unresolved,Stable Compression Basin,Exact,1.0,0.8812908992278072,0.4444444444444444,0.7,0.0,0.0,0.1289150544167598,0.0555555555555555,0.7088082076871509,0.3594490508727494,CompressionPressure,0.7088082076871509,7437.75,7452.25,7436.75,7452.0,Up,1,7437.75,15.5,15.964285714285714,5,7459.5,7.5,0.4697986577181208,7.5,0.4697986577181208,15.75,-3.5,0.9865771812080536,-0.2192393736017897,1,1
ES,xApvaV01StateLog_ES.csv,2619,2026-05-15 07:20:00,Unresolved,Balance->Balance->Unresolved->Unresolved,Stable Compression Basin,Exact,1.0,0.8812908992278072,0.4444444444444444,0.7,0.0,0.0,0.1289150544167598,0.0555555555555555,0.7088082076871509,0.3594490508727494,CompressionPressure,0.7088082076871509,7452.0,7463.0,7448.5,7460.75,Up,1,7452.0,14.5,16.803571428571427,5,7461.5,0.75,0.0446333687566418,0.75,0.0446333687566418,7.0,-12.0,0.4165781083953241,-0.71413390010627,1,1
ES,xApvaV01StateLog_ES.csv,2620,2026-05-15 07:25:00,Unresolved,Balance->Unresolved->Unresolved->Unresolved,Stable Compression Basin,Exact,1.0,0.8812908992278072,0.4444444444444444,0.7,0.0,0.0,0.1289150544167598,0.0555555555555555,0.7088082076871509,0.3594490508727494,CompressionPressure,0.7088082076871509,7461.0,7467.75,7459.0,7459.5,Up,1,7460.75,8.75,17.196428571428573,5,7452.0,-7.5,-0.4361370716510903,-7.5,-0.4361370716510903,4.25,-10.75,0.2471443406022845,-0.6251298026998962,0,1
ES,xApvaV01StateLog_ES.csv,2621,2026-05-15 07:30:00,Unresolved,Unresolved->Unresolved->Unresolved->Unresolved,Pure Unresolved Compression Equilibrium,Exact,1.0,1.2954618442339936,0.4444444444444444,0.6,0.0,0.0,0.085538424773057,0.0555555555555555,0.6412558569575977,0.4500489450928527,CompressionPressure,0.6412558569575977,7459.5,7460.25,7448.75,7452.25,Down,-1,7459.5,11.5,17.732142857142858,5,7455.5,3.25,0.1832829808660624,-3.25,-0.1832829808660624,8.0,-11.5,0.4511581067472306,-0.648539778449144,0,1
ES,xApvaV01StateLog_ES.csv,2626,2026-05-15 07:55:00,Unresolved,Unresolved->Unresolved->Unresolved->Unresolved,Pure Unresolved Compression Equilibrium,Exact,1.0,1.2954618442339936,0.2222222222222222,0.6,0.0,0.0,0.1098439803286126,0.0277777777777777,0.6968114125131533,0.3667156117595194,CompressionPressure,0.6968114125131533,7452.0,7455.75,7444.25,7455.5,Down,-1,7452.0,11.5,12.535714285714286,5,7453.5,-2.0,-0.1595441595441595,2.0,0.1595441595441595,13.5,-2.25,1.0769230769230769,-0.1794871794871795,1,1
ES,xApvaV01StateLog_ES.csv,2627,2026-05-15 08:00:00,Unresolved,Unresolved->Unresolved->Unresolved->Unresolved,Pure Unresolved Compression Equilibrium,Exact,1.0,0.8812908992278072,0.1111111111111111,0.7,0.0,0.0,0.1653733877500932,0.0138888888888888,0.7921415410204843,0.2344490508727494,CompressionPressure,0.7921415410204843,7455.25,7457.75,7449.25,7450.5,Down,-1,7455.5,8.5,11.892857142857142,5,7453.75,3.25,0.2732732732732733,-3.25,-0.2732732732732733,8.5,-8.25,0.7147147147147147,-0.6936936936936937,0,1
ES,xApvaV01StateLog_ES.csv,2633,2026-05-15 08:30:00,Unresolved,Unresolved->Balance->Balance->Unresolved,Stable Compression Basin,Exact,1.0,1.1567796494427114,0.2222222222222222,0.7,0.0,0.0,0.1321285025339868,0.0277777777777777,0.747145716354275,0.3363788816489264,CompressionPressure,0.747145716354275,7453.75,7455.5,7448.5,7453.5,Up,1,7453.75,7.0,9.25,5,7436.0,-17.5,-1.891891891891892,-17.5,-1.891891891891892,7.0,-20.0,0.7567567567567568,-2.1621621621621623,0,1
ES,xApvaV01StateLog_ES.csv,2641,2026-05-15 09:10:00,Unresolved,Unresolved->Unresolved->Unresolved->Unresolved,Pure Unresolved Compression Equilibrium,Exact,1.0,1.2954618442339936,0.2222222222222222,0.6,0.0,0.0,0.1098439803286126,0.0277777777777777,0.6968114125131533,0.3667156117595194,CompressionPressure,0.6968114125131533,7440.5,7445.25,7437.25,7444.5,Down,-1,7440.25,8.0,9.035714285714286,5,7454.75,10.25,1.134387351778656,-10.25,-1.134387351778656,6.5,-11.25,0.7193675889328063,-1.245059288537549,0,1
ES,xApvaV01StateLog_ES.csv,2642,2026-05-15 09:15:00,Unresolved,Unresolved->Unresolved->Unresolved->Unresolved,Pure Unresolved Compression Equilibrium,Exact,1.0,0.8812908992278072,0.1111111111111111,0.7,0.0,0.0,0.1653733877500932,0.0138888888888888,0.7921415410204843,0.2344490508727494,CompressionPressure,0.7921415410204843,7444.25,7445.25,7438.0,7445.0,Up,1,7444.5,7.25,8.767857142857142,5,7454.0,9.0,1.0264765784114054,9.0,1.0264765784114054,10.75,-5.75,1.2260692464358454,-0.6558044806517312,1,1
ES,xApvaV01StateLog_ES.csv,2671,2026-05-15 11:40:00,Unresolved,Unresolved->Unresolved->Unresolved->Unresolved,Pure Unresolved Compression Equilibrium,Exact,1.0,1.1567796494427114,0.2222222222222222,0.7,0.0,0.0,0.1321285025339868,0.0277777777777777,0.747145716354275,0.3363788816489264,CompressionPressure,0.747145716354275,7449.0,7456.0,7449.0,7455.75,Down,-1,7449.25,7.0,6.821428571428571,5,7449.75,-6.0,-0.8795811518324608,6.0,0.8795811518324608,6.75,-4.0,0.9895287958115184,-0.5863874345549739,1,1
ES,xApvaV01StateLog_ES.csv,2688,2026-05-15 13:05:00,Unresolved,Unresolved->Unresolved->Degrading->Unresolved,Stable Compression Basin,Exact,1.0,1.2954618442339936,0.6666666666666666,0.6,0.0,0.0,0.0612328692175015,0.0833333333333333,0.5857003014020421,0.533382278426186,CompressionPressure,0.5857003014020421,7432.5,7433.0,7415.25,7420.5,Up,1,7432.5,17.75,7.767857142857143,5,7417.75,-2.75,-0.3540229885057471,-2.75,-0.3540229885057471,2.0,-11.25,0.2574712643678161,-1.4482758620689655,0,1
ES,xApvaV01StateLog_ES.csv,2690,2026-05-15 13:15:00,Unresolved,Degrading->Unresolved->Balance->Unresolved,Stable Compression Basin,Exact,1.0,0.8812908992278072,0.6666666666666666,0.7,0.0,0.0,0.1046094988612043,0.0833333333333333,0.6532526521315953,0.4427823842060827,CompressionPressure,0.6532526521315953,7413.0,7419.75,7409.25,7419.75,Down,-1,7413.0,10.5,7.928571428571429,5,7418.25,-1.5,-0.1891891891891891,1.5,0.1891891891891891,7.75,-2.75,0.9774774774774776,-0.3468468468468468,1,1
ES,xApvaV01StateLog_ES.csv,2691,2026-05-15 13:20:00,Unresolved,Unresolved->Balance->Unresolved->Unresolved,Stable Compression Basin,Exact,1.0,0.8812908992278072,0.6666666666666666,0.7,0.0,0.0,0.1046094988612043,0.0833333333333333,0.6532526521315953,0.4427823842060827,CompressionPressure,0.6532526521315953,7419.75,7422.5,7416.25,7417.75,Down,-1,7419.75,6.25,8.017857142857142,5,7417.0,-0.75,-0.0935412026726058,0.75,0.0935412026726058,5.75,-2.25,0.7171492204899778,-0.2806236080178174,1,1
ES,xApvaV01StateLog_ES.csv,2692,2026-05-15 13:25:00,Unresolved,Balance->Unresolved->Unresolved->Unresolved,Stable Compression Basin,Exact,1.0,0.8812908992278072,0.6666666666666666,0.7,0.0,0.0,0.1046094988612043,0.0833333333333333,0.6532526521315953,0.4427823842060827,CompressionPressure,0.6532526521315953,7417.5,7417.75,7412.25,7414.25,Down,-1,7417.75,5.5,8.089285714285714,5,7418.5,4.25,0.5253863134657837,-4.25,-0.5253863134657837,2.25,-5.75,0.2781456953642384,-0.7108167770419427,0,1
ES,xApvaV01StateLog_ES.csv,2693,2026-05-15 13:30:00,Unresolved,Unresolved->Unresolved->Unresolved->Unresolved,Pure Unresolved Compression Equilibrium,Exact,1.0,1.2954618442339936,0.6666666666666666,0.6,0.0,0.0,0.0612328692175015,0.0833333333333333,0.5857003014020421,0.533382278426186,CompressionPressure,0.5857003014020421,7414.25,7418.5,7412.0,7417.75,Down,-1,7414.25,6.5,8.053571428571429,5,7418.5,0.75,0.0931263858093126,-0.75,-0.0931263858093126,2.25,-2.25,0.2793791574279379,-0.2793791574279379,0,1
ES,xApvaV01StateLog_ES.csv,2698,2026-05-15 13:55:00,Unresolved,Unresolved->Unresolved->Unresolved->Unresolved,Pure Unresolved Compression Equilibrium,Exact,1.0,1.2954618442339936,0.2222222222222222,0.6,0.0,0.0,0.1098439803286126,0.0277777777777777,0.6968114125131533,0.3667156117595194,CompressionPressure,0.6968114125131533,7418.5,7418.75,7416.75,7418.5,Down,-1,7418.5,2.0,6.928571428571429,5,7428.5,10.0,1.443298969072165,-10.0,-1.443298969072165,3.25,-22.25,0.4690721649484536,-3.2113402061855667,0,1
ES,xApvaV01StateLog_ES.csv,2699,2026-05-15 14:00:00,Unresolved,Unresolved->Unresolved->Unresolved->Unresolved,Pure Unresolved Compression Equilibrium,Exact,1.0,0.8812908992278072,0.1111111111111111,0.7,0.0,0.0,0.1653733877500932,0.0138888888888888,0.7921415410204843,0.2344490508727494,CompressionPressure,0.7921415410204843,7418.25,7421.0,7415.25,7418.0,Down,-1,7418.5,5.75,6.875,5,7449.0,31.0,4.509090909090909,-31.0,-4.509090909090909,2.75,-31.25,0.4,-4.545454545454546,0,1
ES,xApvaV01StateLog_ES.csv,2705,2026-05-18 07:00:00,Unresolved,Unresolved->Degrading->Degrading->Unresolved,Stable Compression Basin,Exact,1.0,1.1567796494427114,0.2222222222222222,0.7,0.0,0.0,0.1321285025339868,0.0277777777777777,0.747145716354275,0.3363788816489264,CompressionPressure,0.747145716354275,7449.25,7454.25,7444.25,7445.75,Up,1,7449.0,10.0,8.714285714285714,5,7440.25,-5.5,-0.6311475409836066,-5.5,-0.6311475409836066,2.25,-20.0,0.2581967213114754,-2.295081967213115,0,1
ES,xApvaV01StateLog_ES.csv,2713,2026-05-18 07:40:00,Unresolved,Unresolved->Unresolved->Unresolved->Unresolved,Pure Unresolved Compression Equilibrium,Exact,1.0,1.2954618442339936,0.2222222222222222,0.6,0.0,0.0,0.1098439803286126,0.0277777777777777,0.6968114125131533,0.3667156117595194,CompressionPressure,0.6968114125131533,7414.25,7421.5,7404.25,7419.5,Down,-1,7414.5,17.25,15.357142857142858,5,7413.25,-6.25,-0.4069767441860465,6.25,0.4069767441860465,12.0,-11.0,0.7813953488372093,-0.7162790697674418,1,1
ES,xApvaV01StateLog_ES.csv,2714,2026-05-18 07:45:00,Unresolved,Unresolved->Unresolved->Unresolved->Unresolved,Pure Unresolved Compression Equilibrium,Exact,1.0,0.8812908992278072,0.1111111111111111,0.7,0.0,0.0,0.1653733877500932,0.0138888888888888,0.7921415410204843,0.2344490508727494,CompressionPressure,0.7921415410204843,7419.5,7427.5,7411.25,7423.0,Up,1,7419.5,16.25,14.892857142857142,5,7408.0,-15.0,-1.0071942446043165,-15.0,-1.0071942446043165,7.5,-15.5,0.5035971223021583,-1.040767386091127,0,1
ES,xApvaV01StateLog_ES.csv,2750,2026-05-18 10:45:00,Unresolved,Unresolved->Degrading->Degrading->Unresolved,Stable Compression Basin,Exact,1.0,1.1567796494427114,0.2222222222222222,0.7,0.0,0.0,0.1321285025339868,0.0277777777777777,0.747145716354275,0.3363788816489264,CompressionPressure,0.747145716354275,7404.0,7411.25,7403.0,7407.75,Down,-1,7404.25,8.25,8.071428571428571,5,7395.5,-12.25,-1.5176991150442478,12.25,1.5176991150442478,14.25,-5.25,1.7654867256637168,-0.6504424778761062,1,1
ES,xApvaV01StateLog_ES.csv,2758,2026-05-18 11:25:00,Unresolved,Unresolved->Unresolved->Unresolved->Unresolved,Pure Unresolved Compression Equilibrium,Exact,1.0,1.2954618442339936,0.2222222222222222,0.6,0.0,0.0,0.1098439803286126,0.0277777777777777,0.6968114125131533,0.3667156117595194,CompressionPressure,0.6968114125131533,7384.25,7386.0,7380.75,7383.0,Down,-1,7384.5,5.25,7.553571428571429,5,7379.0,-4.0,-0.5295508274231678,4.0,0.5295508274231678,6.5,-8.75,0.8605200945626478,-1.1583924349881796,1,1
ES,xApvaV01StateLog_ES.csv,2759,2026-05-18 11:30:00,Unresolved,Unresolved->Unresolved->Unresolved->Unresolved,Pure Unresolved Compression Equilibrium,Exact,1.0,0.8812908992278072,0.1111111111111111,0.7,0.0,0.0,0.1653733877500932,0.0138888888888888,0.7921415410204843,0.2344490508727494,CompressionPressure,0.7921415410204843,7382.75,7387.0,7376.5,7387.0,Down,-1,7383.0,10.5,7.696428571428571,5,7377.0,-10.0,-1.2993039443155452,10.0,1.2993039443155452,12.75,-4.75,1.65661252900232,-0.617169373549884,1,1
ES,xApvaV01StateLog_ES.csv,2789,2026-05-18 14:00:00,Unresolved,Unresolved->Unresolved->Unresolved->Unresolved,Pure Unresolved Compression Equilibrium,Exact,1.0,1.2954618442339936,0.2222222222222222,0.6,0.0,0.0,0.1098439803286126,0.0277777777777777,0.6968114125131533,0.3667156117595194,CompressionPressure,0.6968114125131533,7421.5,7422.25,7420.0,7420.25,Down,-1,7421.5,2.25,4.553571428571429,5,7397.0,-23.25,-5.105882352941176,23.25,5.105882352941176,50.25,21.25,11.03529411764706,4.666666666666666,1,1
ES,xApvaV01StateLog_ES.csv,2790,2026-05-19 06:35:00,Unresolved,Unresolved->Unresolved->Unresolved->Unresolved,Pure Unresolved Compression Equilibrium,Exact,1.0,0.8812908992278072,0.1111111111111111,0.7,0.0,0.0,0.1653733877500932,0.0138888888888888,0.7921415410204843,0.2344490508727494,CompressionPressure,0.7921415410204843,7386.75,7392.25,7380.5,7384.5,Down,-1,7420.25,39.75,6.75,5,7392.5,8.0,1.1851851851851851,-8.0,-1.1851851851851851,14.5,-17.5,2.1481481481481484,-2.592592592592593,0,1
ES,xApvaV01StateLog_ES.csv,2804,2026-05-19 07:45:00,Unresolved,Unresolved->Balance->Balance->Unresolved,Stable Compression Basin,Exact,1.0,1.2954618442339936,0.5555555555555556,0.6,0.0,0.0,0.0733856469952793,0.0694444444444444,0.6134780791798199,0.4917156117595194,CompressionPressure,0.6134780791798199,7369.0,7374.0,7363.5,7366.5,Down,-1,7368.75,10.5,14.303571428571429,5,7371.5,5.0,0.3495630461922597,-5.0,-0.3495630461922597,12.25,-8.5,0.8564294631710362,-0.5942571785268415,0,1
ES,xApvaV01StateLog_ES.csv,2821,2026-05-19 09:10:00,Unresolved,Unresolved->Unresolved->Unresolved->Unresolved,Pure Unresolved Compression Equilibrium,Exact,1.0,1.2954618442339936,0.4444444444444444,0.6,0.0,0.0,0.085538424773057,0.0555555555555555,0.6412558569575977,0.4500489450928527,CompressionPressure,0.6412558569575977,7375.75,7376.25,7364.75,7365.25,Down,-1,7375.75,11.5,9.5,5,7387.5,22.25,2.3421052631578947,-22.25,-2.3421052631578947,3.5,-25.25,0.3684210526315789,-2.6578947368421053,0,1
ES,xApvaV01StateLog_ES.csv,2824,2026-05-19 09:25:00,Unresolved,Unresolved->Unresolved->Unresolved->Unresolved,Pure Unresolved Compression Equilibrium,Exact,1.0,1.2954618442339936,0.3333333333333333,0.6,0.0,0.0,0.0976912025508348,0.0416666666666666,0.6690336347353755,0.4083822784261861,CompressionPressure,0.6690336347353755,7375.75,7379.75,7372.5,7379.75,Up,1,7376.0,7.25,9.607142857142858,5,7394.0,14.25,1.483271375464684,14.25,1.483271375464684,15.75,0.0,1.6394052044609664,0.0,1,1
ES,xApvaV01StateLog_ES.csv,2852,2026-05-19 11:45:00,Unresolved,Unresolved->Balance->Unresolved->Unresolved,Stable Compression Basin,Exact,1.0,0.8812908992278072,0.6666666666666666,0.7,0.0,0.0,0.1046094988612043,0.0833333333333333,0.6532526521315953,0.4427823842060827,CompressionPressure,0.6532526521315953,7395.5,7397.75,7394.0,7397.0,Down,-1,7395.75,3.75,6.196428571428571,5,7391.0,-6.0,-0.968299711815562,6.0,0.968299711815562,17.0,-0.25,2.7435158501440924,-0.0403458213256484,1,1
ES,xApvaV01StateLog_ES.csv,2861,2026-05-19 12:30:00,Unresolved,Degrading->Unresolved->Degrading->Unresolved,Stable Compression Basin,Exact,1.0,1.2954618442339936,0.5555555555555556,0.6,0.0,0.0,0.0733856469952793,0.0694444444444444,0.6134780791798199,0.4917156117595194,CompressionPressure,0.6134780791798199,7380.75,7387.5,7377.5,7386.5,Down,-1,7380.75,10.0,8.196428571428571,5,7367.75,-18.75,-2.287581699346405,18.75,2.287581699346405,20.0,-2.75,2.440087145969499,-0.3355119825708061,1,1
ES,xApvaV01StateLog_ES.csv,2862,2026-05-19 12:35:00,Unresolved,Unresolved->Degrading->Unresolved->Unresolved,Stable Compression Basin,Exact,1.0,1.2954618442339936,0.4444444444444444,0.6,0.0,0.0,0.085538424773057,0.0555555555555555,0.6412558569575977,0.4500489450928527,CompressionPressure,0.6412558569575977,7386.5,7389.25,7381.75,7382.0,Down,-1,7386.5,7.5,8.035714285714286,5,7377.5,-4.5,-0.5599999999999999,4.5,0.5599999999999999,17.0,-1.75,2.1155555555555554,-0.2177777777777777,1,1
ES,xApvaV01StateLog_ES.csv,2863,2026-05-19 12:40:00,Unresolved,Degrading->Unresolved->Unresolved->Unresolved,Stable Compression Basin,Exact,1.0,0.9709505944517832,0.3333333333333333,0.6,0.0,0.0,0.1225365951122853,0.0416666666666666,0.6893155878467636,0.3373954425363276,CompressionPressure,0.6893155878467636,7382.0,7383.75,7378.5,7380.75,Down,-1,7382.0,5.25,7.732142857142857,5,7370.5,-10.25,-1.325635103926097,10.25,1.325635103926097,15.75,-0.25,2.0369515011547343,-0.0323325635103926,1,1
ES,xApvaV01StateLog_ES.csv,2879,2026-05-19 14:00:00,Unresolved,Unresolved->Unresolved->Unresolved->Unresolved,Pure Unresolved Compression Equilibrium,Exact,1.0,1.2954618442339936,0.2222222222222222,0.6,0.0,0.0,0.1098439803286126,0.0277777777777777,0.6968114125131533,0.3667156117595194,CompressionPressure,0.6968114125131533,7372.0,7372.75,7370.75,7372.5,Down,-1,7372.0,2.0,4.946428571428571,5,7398.0,25.5,5.155234657039712,-25.5,-5.155234657039712,-8.25,-38.0,-1.6678700361010832,-7.68231046931408,0,1
ES,xApvaV01StateLog_ES.csv,2880,2026-05-20 06:35:00,Unresolved,Unresolved->Unresolved->Unresolved->Unresolved,Pure Unresolved Compression Equilibrium,Exact,1.0,0.8812908992278072,0.1111111111111111,0.7,0.0,0.0,0.1653733877500932,0.0138888888888888,0.7921415410204843,0.2344490508727494,CompressionPressure,0.7921415410204843,7394.75,7399.0,7389.0,7394.5,Down,-1,7372.5,26.5,6.017857142857143,5,7399.5,5.0,0.830860534124629,-5.0,-0.830860534124629,13.75,-16.0,2.28486646884273,-2.658753709198813,0,1
ES,xApvaV01StateLog_ES.csv,2888,2026-05-20 07:15:00,Unresolved,Unresolved->Unresolved->Balance->Unresolved,Stable Compression Basin,Exact,1.0,0.9219280948830342,0.2222222222222222,0.8,0.0,0.0,0.1617759913466288,0.0277777777777777,0.8034906051809215,0.285005104088997,CompressionPressure,0.8034906051809215,7385.75,7397.75,7376.75,7391.25,Down,-1,7385.5,21.0,10.017857142857142,5,7418.0,26.75,2.670231729055258,-26.75,-2.670231729055258,1.25,-37.5,0.124777183600713,-3.743315508021391,0,1
ES,xApvaV01StateLog_ES.csv,2889,2026-05-20 07:20:00,Unresolved,Unresolved->Balance->Unresolved->Unresolved,Stable Compression Basin,Exact,1.0,1.1567796494427114,0.2222222222222222,0.7,0.0,0.0,0.1321285025339868,0.0277777777777777,0.747145716354275,0.3363788816489264,CompressionPressure,0.747145716354275,7391.25,7423.75,7390.0,7411.5,Up,1,7391.25,33.75,12.285714285714286,5,7421.5,10.0,0.813953488372093,10.0,0.813953488372093,17.25,-8.25,1.4040697674418603,-0.6715116279069767,1,1
ES,xApvaV01StateLog_ES.csv,2890,2026-05-20 07:25:00,Unresolved,Balance->Unresolved->Unresolved->Unresolved,Stable Compression Basin,Exact,1.0,1.2954618442339936,0.2222222222222222,0.6,0.0,0.0,0.1098439803286126,0.0277777777777777,0.6968114125131533,0.3667156117595194,CompressionPressure,0.6968114125131533,7411.75,7420.25,7405.0,7407.25,Up,1,7411.5,15.25,13.25,5,7418.75,11.5,0.8679245283018868,11.5,0.8679245283018868,21.5,-4.0,1.6226415094339623,-0.3018867924528302,1,1
ES,xApvaV01StateLog_ES.csv,2897,2026-05-20 08:00:00,Unresolved,Unresolved->Balance->Balance->Unresolved,Stable Compression Basin,Exact,1.0,0.8812908992278072,0.4444444444444444,0.7,0.0,0.0,0.1289150544167598,0.0555555555555555,0.7088082076871509,0.3594490508727494,CompressionPressure,0.7088082076871509,7425.75,7433.75,7424.25,7430.75,Up,1,7426.0,9.5,12.839285714285714,5,7440.5,9.75,0.7593880389429764,9.75,0.7593880389429764,27.25,-6.25,2.122392211404729,-0.4867872044506259,1,1
ES,xApvaV01StateLog_ES.csv,2898,2026-05-20 08:05:00,Unresolved,Balance->Balance->Unresolved->Unresolved,Stable Compression Basin,Exact,1.0,0.8812908992278072,0.4444444444444444,0.7,0.0,0.0,0.1289150544167598,0.0555555555555555,0.7088082076871509,0.3594490508727494,CompressionPressure,0.7088082076871509,7430.75,7434.0,7426.25,7427.0,Up,1,7430.75,7.75,12.428571428571429,5,7431.75,4.75,0.382183908045977,4.75,0.382183908045977,31.0,-2.5,2.494252873563218,-0.2011494252873563,1,1
ES,xApvaV01StateLog_ES.csv,2900,2026-05-20 08:15:00,Unresolved,Unresolved->Unresolved->Balance->Unresolved,Stable Compression Basin,Exact,1.0,0.9709505944517832,0.5555555555555556,0.6,0.0,0.0,0.0982310395567297,0.0694444444444444,0.633760032291208,0.4207287758696609,CompressionPressure,0.633760032291208,7427.5,7428.5,7425.0,7426.5,Up,1,7427.5,3.5,11.678571428571429,5,7438.0,11.5,0.9847094801223242,11.5,0.9847094801223242,31.5,0.0,2.697247706422018,0.0,1,1
ES,xApvaV01StateLog_ES.csv,2903,2026-05-20 08:30:00,Unresolved,Unresolved->Balance->Balance->Unresolved,Stable Compression Basin,Exact,1.0,0.9999999999971146,0.6666666666666666,0.5,0.0,0.0,0.0721875000002209,0.0833333333333333,0.5625000000001804,0.4687499999993688,CompressionPressure,0.5625000000001804,7440.5,7441.5,7430.0,7431.75,Down,-1,7440.5,11.5,10.857142857142858,5,7446.0,14.25,1.3125,-14.25,-1.3125,0.5,-16.75,0.0460526315789473,-1.5427631578947367,0,1
ES,xApvaV01StateLog_ES.csv,2904,2026-05-20 08:35:00,Unresolved,Balance->Balance->Unresolved->Unresolved,Stable Compression Basin,Exact,1.0,0.9999999999971146,0.5555555555555556,0.5,0.0,0.0,0.0843402777779986,0.0694444444444444,0.5902777777779582,0.4270833333327021,CompressionPressure,0.5902777777779582,7431.75,7438.25,7431.25,7438.25,Down,-1,7431.75,7.0,10.267857142857142,5,7441.25,3.0,0.2921739130434783,-3.0,-0.2921739130434783,2.75,-10.25,0.2678260869565217,-0.9982608695652174,0,1
ES,xApvaV01StateLog_ES.csv,2905,2026-05-20 08:40:00,Unresolved,Balance->Unresolved->Unresolved->Unresolved,Stable Compression Basin,Exact,1.0,0.9709505944517832,0.5555555555555556,0.6,0.0,0.0,0.0982310395567297,0.0694444444444444,0.633760032291208,0.4207287758696609,CompressionPressure,0.633760032291208,7438.25,7440.5,7437.0,7438.0,Down,-1,7438.25,3.5,9.482142857142858,5,7441.5,3.5,0.3691148775894538,-3.5,-0.3691148775894538,2.5,-10.5,0.263653483992467,-1.1073446327683616,0,1
ES,xApvaV01StateLog_ES.csv,2906,2026-05-20 08:45:00,Unresolved,Unresolved->Unresolved->Unresolved->Unresolved,Pure Unresolved Compression Equilibrium,Exact,1.0,1.2954618442339936,0.5555555555555556,0.6,0.0,0.0,0.0733856469952793,0.0694444444444444,0.6134780791798199,0.4917156117595194,CompressionPressure,0.6134780791798199,7438.0,7443.25,7435.5,7442.0,Down,-1,7438.0,7.75,9.232142857142858,5,7440.5,-1.5,-0.1624758220502901,1.5,0.1624758220502901,4.5,-6.5,0.4874274661508704,-0.7040618955512572,1,1
ES,xApvaV01StateLog_ES.csv,2911,2026-05-20 09:10:00,Unresolved,Unresolved->Unresolved->Unresolved->Unresolved,Pure Unresolved Compression Equilibrium,Exact,1.0,1.2954618442339936,0.2222222222222222,0.6,0.0,0.0,0.1098439803286126,0.0277777777777777,0.6968114125131533,0.3667156117595194,CompressionPressure,0.6968114125131533,7441.5,7444.25,7439.0,7440.5,Down,-1,7441.5,5.25,8.142857142857142,5,7425.75,-14.75,-1.81140350877193,14.75,1.81140350877193,16.5,-1.5,2.0263157894736845,-0.1842105263157895,1,1
ES,xApvaV01StateLog_ES.csv,2912,2026-05-20 09:15:00,Unresolved,Unresolved->Unresolved->Unresolved->Unresolved,Pure Unresolved Compression Equilibrium,Exact,1.0,0.8812908992278072,0.1111111111111111,0.7,0.0,0.0,0.1653733877500932,0.0138888888888888,0.7921415410204843,0.2344490508727494,CompressionPressure,0.7921415410204843,7440.5,7442.0,7437.25,7439.75,Down,-1,7440.5,4.75,7.928571428571429,5,7427.25,-12.5,-1.5765765765765765,12.5,1.5765765765765765,16.0,-0.5,2.018018018018018,-0.063063063063063,1,1
ES,xApvaV01StateLog_ES.csv,2955,2026-05-20 12:50:00,Unresolved,Unresolved->Unresolved->Degrading->Unresolved,Stable Compression Basin,Exact,1.0,0.9219280948830342,0.2222222222222222,0.8,0.0,0.0,0.1617759913466288,0.0277777777777777,0.8034906051809215,0.285005104088997,CompressionPressure,0.8034906051809215,7451.0,7453.0,7448.75,7449.75,Down,-1,7451.25,4.25,4.767857142857143,5,7448.0,-1.75,-0.3670411985018726,1.75,0.3670411985018726,5.5,-4.0,1.1535580524344569,-0.8389513108614232,1,1
ES,xApvaV01StateLog_ES.csv,2987,2026-05-21 08:00:00,Unresolved,Balance->Unresolved->Unresolved->Unresolved,Stable Compression Basin,Exact,1.0,1.2954618442339936,0.4444444444444444,0.6,0.0,0.0,0.085538424773057,0.0555555555555555,0.6412558569575977,0.4500489450928527,CompressionPressure,0.6412558569575977,7423.25,7430.0,7421.5,7426.75,Up,1,7423.25,8.5,11.267857142857142,5,7426.0,-0.75,-0.0665610142630745,-0.75,-0.0665610142630745,4.25,-18.25,0.3771790808240887,-1.619651347068146,0,1
ES,xApvaV01StateLog_ES.csv,2989,2026-05-21 08:10:00,Unresolved,Unresolved->Unresolved->Unresolved->Unresolved,Pure Unresolved Compression Equilibrium,Exact,1.0,1.2954618442339936,0.4444444444444444,0.6,0.0,0.0,0.085538424773057,0.0555555555555555,0.6412558569575977,0.4500489450928527,CompressionPressure,0.6412558569575977,7422.5,7423.0,7410.0,7414.0,Down,-1,7422.5,13.0,10.321428571428571,5,7416.75,2.75,0.2664359861591696,-2.75,-0.2664359861591696,5.5,-17.0,0.5328719723183392,-1.647058823529412,0,1
ES,xApvaV01StateLog_ES.csv,2992,2026-05-21 08:25:00,Unresolved,Unresolved->Unresolved->Unresolved->Unresolved,Pure Unresolved Compression Equilibrium,Exact,1.0,1.2954618442339936,0.3333333333333333,0.6,0.0,0.0,0.0976912025508348,0.0416666666666666,0.6690336347353755,0.4083822784261861,CompressionPressure,0.6690336347353755,7426.75,7431.0,7424.25,7426.0,Down,-1,7427.0,6.75,10.553571428571429,5,7434.25,8.25,0.7817258883248731,-8.25,-0.7817258883248731,11.0,-8.5,1.042301184433164,-0.805414551607445,0,1
ES,xApvaV01StateLog_ES.csv,2993,2026-05-21 08:30:00,Unresolved,Unresolved->Unresolved->Unresolved->Unresolved,Pure Unresolved Compression Equilibrium,Exact,1.0,1.2954618442339936,0.2222222222222222,0.6,0.0,0.0,0.1098439803286126,0.0277777777777777,0.6968114125131533,0.3667156117595194,CompressionPressure,0.6968114125131533,7426.0,7428.25,7424.0,7425.25,Down,-1,7426.0,4.25,9.910714285714286,5,7432.5,7.25,0.7315315315315315,-7.25,-0.7315315315315315,10.25,-10.5,1.034234234234234,-1.0594594594594593,0,1
ES,xApvaV01StateLog_ES.csv,2994,2026-05-21 08:35:00,Unresolved,Unresolved->Unresolved->Unresolved->Unresolved,Pure Unresolved Compression Equilibrium,Exact,1.0,0.8812908992278072,0.1111111111111111,0.7,0.0,0.0,0.1653733877500932,0.0138888888888888,0.7921415410204843,0.2344490508727494,CompressionPressure,0.7921415410204843,7425.0,7427.25,7415.0,7416.75,Down,-1,7425.25,12.25,10.053571428571429,5,7430.0,13.25,1.3179396092362343,-13.25,-1.3179396092362343,1.5,-19.0,0.1492007104795737,-1.8898756660746003,0,1
ES,xApvaV01StateLog_ES.csv,3058,2026-05-21 13:55:00,Unresolved,Balance->Balance->Unresolved->Unresolved,Stable Compression Basin,Exact,1.0,1.2954618442339936,0.4444444444444444,0.6,0.0,0.0,0.085538424773057,0.0555555555555555,0.6412558569575977,0.4500489450928527,CompressionPressure,0.6412558569575977,7468.0,7468.75,7468.0,7468.25,Up,1,7468.0,0.75,4.232142857142857,5,7508.25,40.0,9.451476793248943,40.0,9.451476793248943,48.0,-1.75,11.341772151898736,-0.4135021097046414,1,1
ES,xApvaV01StateLog_ES.csv,3059,2026-05-21 14:00:00,Unresolved,Balance->Unresolved->Unresolved->Unresolved,Stable Compression Basin,Exact,1.0,0.9709505944517832,0.3333333333333333,0.6,0.0,0.0,0.1225365951122853,0.0416666666666666,0.6893155878467636,0.3373954425363276,CompressionPressure,0.6893155878467636,7468.25,7468.5,7466.5,7467.0,Up,1,7468.25,2.0,3.892857142857143,5,7507.25,40.25,10.339449541284404,40.25,10.339449541284404,49.25,24.0,12.65137614678899,6.165137614678899,1,1
ES,xApvaV01StateLog_ES.csv,3082,2026-05-22 08:25:00,Unresolved,Unresolved->Unresolved->Unresolved->Unresolved,Pure Unresolved Compression Equilibrium,Exact,1.0,1.2954618442339936,0.2222222222222222,0.6,0.0,0.0,0.1098439803286126,0.0277777777777777,0.6968114125131533,0.3667156117595194,CompressionPressure,0.6968114125131533,7509.0,7509.25,7505.25,7507.0,Up,1,7508.75,4.0,6.017857142857143,5,7508.5,1.5,0.2492581602373887,1.5,0.2492581602373887,8.25,-1.75,1.3709198813056378,-0.2908011869436201,1,1
ES,xApvaV01StateLog_ES.csv,3083,2026-05-22 08:30:00,Unresolved,Unresolved->Unresolved->Unresolved->Unresolved,Pure Unresolved Compression Equilibrium,Exact,1.0,0.8812908992278072,0.1111111111111111,0.7,0.0,0.0,0.1653733877500932,0.0138888888888888,0.7921415410204843,0.2344490508727494,CompressionPressure,0.7921415410204843,7507.0,7513.75,7505.25,7513.5,Up,1,7507.0,8.5,6.125,5,7510.75,-2.75,-0.4489795918367347,-2.75,-0.4489795918367347,1.75,-5.75,0.2857142857142857,-0.9387755102040816,0,1
ES,xApvaV01StateLog_ES.csv,3091,2026-05-22 09:10:00,Unresolved,Unresolved->Balance->Balance->Unresolved,Stable Compression Basin,Exact,1.0,1.1567796494427114,0.2222222222222222,0.7,0.0,0.0,0.1321285025339868,0.0277777777777777,0.747145716354275,0.3363788816489264,CompressionPressure,0.747145716354275,7510.5,7511.0,7507.0,7508.0,Down,-1,7510.5,4.0,4.75,5,7504.75,-3.25,-0.6842105263157895,3.25,0.6842105263157895,5.25,-3.0,1.105263157894737,-0.631578947368421,1,1
ES,xApvaV01StateLog_ES.csv,3098,2026-05-22 09:45:00,Unresolved,Balance->Unresolved->Unresolved->Unresolved,Stable Compression Basin,Exact,1.0,1.2954618442339936,0.4444444444444444,0.6,0.0,0.0,0.085538424773057,0.0555555555555555,0.6412558569575977,0.4500489450928527,CompressionPressure,0.6412558569575977,7504.5,7507.25,7503.5,7504.5,Up,1,7504.5,3.75,4.589285714285714,5,7512.0,7.5,1.6342412451361867,7.5,1.6342412451361867,9.0,0.0,1.961089494163424,0.0,1,1
ES,xApvaV01StateLog_ES.csv,3100,2026-05-22 09:55:00,Unresolved,Unresolved->Unresolved->Unresolved->Unresolved,Pure Unresolved Compression Equilibrium,Exact,1.0,1.2954618442339936,0.4444444444444444,0.6,0.0,0.0,0.085538424773057,0.0555555555555555,0.6412558569575977,0.4500489450928527,CompressionPressure,0.6412558569575977,7506.25,7509.5,7505.0,7509.25,Up,1,7506.0,4.5,4.75,5,7502.5,-6.75,-1.4210526315789471,-6.75,-1.4210526315789471,4.25,-7.5,0.8947368421052632,-1.5789473684210529,0,1
ES,xApvaV01StateLog_ES.csv,3103,2026-05-22 10:10:00,Unresolved,Unresolved->Unresolved->Unresolved->Unresolved,Pure Unresolved Compression Equilibrium,Exact,1.0,1.2954618442339936,0.3333333333333333,0.6,0.0,0.0,0.0976912025508348,0.0416666666666666,0.6690336347353755,0.4083822784261861,CompressionPressure,0.6690336347353755,7512.5,7513.5,7511.0,7512.0,Up,1,7512.5,2.5,4.767857142857143,5,7513.75,1.75,0.3670411985018726,1.75,0.3670411985018726,12.0,-10.5,2.5168539325842696,-2.202247191011236,1,1
ES,xApvaV01StateLog_ES.csv,3104,2026-05-22 10:15:00,Unresolved,Unresolved->Unresolved->Unresolved->Unresolved,Pure Unresolved Compression Equilibrium,Exact,1.0,1.2954618442339936,0.2222222222222222,0.6,0.0,0.0,0.1098439803286126,0.0277777777777777,0.6968114125131533,0.3667156117595194,CompressionPressure,0.6968114125131533,7511.75,7513.0,7510.0,7510.5,Down,-1,7512.0,3.0,4.589285714285714,5,7517.25,6.75,1.470817120622568,-6.75,-1.470817120622568,9.0,-13.5,1.961089494163424,-2.941634241245136,0,1
ES,xApvaV01StateLog_ES.csv,3105,2026-05-22 10:20:00,Unresolved,Unresolved->Unresolved->Unresolved->Unresolved,Pure Unresolved Compression Equilibrium,Exact,1.0,0.8812908992278072,0.1111111111111111,0.7,0.0,0.0,0.1653733877500932,0.0138888888888888,0.7921415410204843,0.2344490508727494,CompressionPressure,0.7921415410204843,7510.75,7512.5,7501.75,7502.5,Down,-1,7510.5,10.75,5.071428571428571,5,7514.75,12.25,2.415492957746479,-12.25,-2.415492957746479,1.0,-21.5,0.1971830985915493,-4.23943661971831,0,1
ES,xApvaV01StateLog_ES.csv,3130,2026-05-22 12:25:00,Unresolved,Balance->Balance->Unresolved->Unresolved,Stable Compression Basin,Exact,1.0,1.2954618442339936,0.6666666666666666,0.6,0.0,0.0,0.0612328692175015,0.0833333333333333,0.5857003014020421,0.533382278426186,CompressionPressure,0.5857003014020421,7497.75,7498.0,7493.75,7496.0,Down,-1,7497.75,4.25,4.839285714285714,5,7489.0,-7.0,-1.4464944649446494,7.0,1.4464944649446494,12.25,-0.25,2.5313653136531364,-0.051660516605166,1,1
ES,xApvaV01StateLog_ES.csv,3132,2026-05-22 12:35:00,Unresolved,Unresolved->Unresolved->Balance->Unresolved,Stable Compression Basin,Exact,1.0,1.2954618442339936,0.6666666666666666,0.6,0.0,0.0,0.0612328692175015,0.0833333333333333,0.5857003014020421,0.533382278426186,CompressionPressure,0.5857003014020421,7490.0,7493.5,7486.5,7492.25,Down,-1,7489.75,7.0,5.232142857142857,5,7490.5,-1.75,-0.3344709897610922,1.75,0.3344709897610922,8.5,-4.75,1.6245733788395906,-0.907849829351536,1,1
ES,xApvaV01StateLog_ES.csv,3133,2026-05-22 12:40:00,Unresolved,Unresolved->Balance->Unresolved->Unresolved,Stable Compression Basin,Exact,1.0,0.9709505944517832,0.5555555555555556,0.6,0.0,0.0,0.0982310395567297,0.0694444444444444,0.633760032291208,0.4207287758696609,CompressionPressure,0.633760032291208,7492.25,7495.5,7490.75,7492.75,Up,1,7492.25,4.75,5.267857142857143,5,7490.25,-2.5,-0.4745762711864406,-2.5,-0.4745762711864406,4.25,-9.0,0.8067796610169491,-1.7084745762711864,0,1
ES,xApvaV01StateLog_ES.csv,3138,2026-05-22 13:05:00,Unresolved,Balance->Balance->Unresolved->Unresolved,Stable Compression Basin,Exact,1.0,0.9709505944517832,0.5555555555555556,0.6,0.0,0.0,0.0982310395567297,0.0694444444444444,0.633760032291208,0.4207287758696609,CompressionPressure,0.633760032291208,7490.5,7492.25,7487.25,7490.25,Down,-1,7490.5,5.0,6.089285714285714,5,7491.5,1.25,0.2052785923753665,-1.25,-0.2052785923753665,0.25,-4.75,0.0410557184750733,-0.7800586510263929,0,1
ES,xApvaV01StateLog_ES.csv,3140,2026-05-22 13:15:00,Unresolved,Unresolved->Unresolved->Balance->Unresolved,Stable Compression Basin,Exact,1.0,0.9709505944517832,0.5555555555555556,0.6,0.0,0.0,0.0982310395567297,0.0694444444444444,0.633760032291208,0.4207287758696609,CompressionPressure,0.633760032291208,7492.75,7495.0,7492.25,7494.25,Up,1,7492.75,2.75,5.553571428571429,5,7488.0,-6.25,-1.12540192926045,-6.25,-1.12540192926045,0.25,-9.25,0.045016077170418,-1.6655948553054662,0,1
ES,xApvaV01StateLog_ES.csv,3141,2026-05-22 13:20:00,Unresolved,Unresolved->Balance->Unresolved->Unresolved,Stable Compression Basin,Exact,1.0,0.9999999999971146,0.4444444444444444,0.5,0.0,0.0,0.0964930555557764,0.0555555555555555,0.618055555555736,0.3854166666660354,CompressionPressure,0.618055555555736,7494.25,7494.5,7491.0,7492.75,Up,1,7494.25,3.5,5.446428571428571,5,7485.5,-7.25,-1.3311475409836069,-7.25,-1.3311475409836069,0.5,-7.75,0.0918032786885246,-1.4229508196721312,0,1
ES,xApvaV01StateLog_ES.csv,3142,2026-05-22 13:25:00,Unresolved,Balance->Unresolved->Unresolved->Unresolved,Stable Compression Basin,Exact,1.0,0.9999999999971146,0.4444444444444444,0.5,0.0,0.0,0.0964930555557764,0.0555555555555555,0.618055555555736,0.3854166666660354,CompressionPressure,0.618055555555736,7492.75,7492.75,7490.75,7491.25,Down,-1,7492.75,2.0,5.25,5,7484.25,-7.0,-1.3333333333333333,7.0,1.3333333333333333,8.25,-2.0,1.5714285714285714,-0.3809523809523809,1,1
