BarIndex,Time,ResolvedArchetype,Quadruplet,RollingEntropy,RollingVelocity,RollingDominantFraction,RollingDirectionalPresence,CurrentDirectionalEmergence,RollingMeanFailure,RollingMeanContinuation,RollingMeanMigrationProbability,DirectionalReleasePressure,ExhaustionPressure,CompressionPressure,RotationalPressure,DominantPressure,DominantPressureValue
4,2026-04-06 06:55:00,Stable Compression Basin,Unknown->Unknown->Unknown->Unknown,-1.4428232973175175e-12,0.0,1.0,0.0,0.0,0.0,0.0,0.4854771784232365,0.27999999999999997,0.0,0.9999999999999999,0.0,CompressionPressure,0.9999999999999999
5,2026-04-06 07:00:00,Stable Compression Basin,Unknown->Unknown->Unknown->Unknown,-1.4428232973175175e-12,0.0,1.0,0.0,0.0,0.0,0.0,0.4854771784232365,0.27999999999999997,0.0,0.9999999999999999,0.0,CompressionPressure,0.9999999999999999
6,2026-04-06 07:05:00,Stable Compression Basin,Unknown->Unknown->Unknown->Unknown,-1.4428232973175175e-12,0.0,1.0,0.0,0.0,0.0,0.0,0.4854771784232365,0.27999999999999997,0.0,0.9999999999999999,0.0,CompressionPressure,0.9999999999999999
7,2026-04-06 07:10:00,Stable Compression Basin,Unknown->Unknown->Unknown->Unknown,-1.4428232973175175e-12,0.0,1.0,0.0,0.0,0.0,0.0,0.4854771784232365,0.27999999999999997,0.0,0.9999999999999999,0.0,CompressionPressure,0.9999999999999999
8,2026-04-06 07:15:00,Stable Compression Basin,Unknown->Unknown->Unknown->Unresolved,-1.4428232973175175e-12,0.0,1.0,0.0,0.0,0.0,0.0,0.4973076126326891,0.27999999999999997,0.0,0.9999999999999999,0.0,CompressionPressure,0.9999999999999999
9,2026-04-06 07:20:00,Stable Compression Basin,Unknown->Unknown->Unresolved->Unresolved,-1.4428232973175175e-12,0.0,1.0,0.0,0.0,0.0,0.0,0.5051945687723242,0.27999999999999997,0.0,0.9999999999999999,0.0,CompressionPressure,0.9999999999999999
10,2026-04-06 07:25:00,Stable Compression Basin,Unknown->Unresolved->Unresolved->Unresolved,-1.4428232973175175e-12,0.0,1.0,0.0,0.0,0.0,0.0,0.5108281088720634,0.27999999999999997,0.0,0.9999999999999999,0.0,CompressionPressure,0.9999999999999999
11,2026-04-06 07:30:00,Directional Continuation / Sponsor Release,Unresolved->Unresolved->Unresolved->Directional,0.543564443196711,0.14285714285714285,0.875,0.125,1.0,3.125,9.375,0.5124157717336437,0.6197857542411956,0.2727678571428572,0.4282296032525866,0.1769404362349948,DirectionalReleasePressure,0.6197857542411956
12,2026-04-06 07:35:00,Stable Compression Basin,Unresolved->Unresolved->Directional->Unresolved,0.5032583347727604,0.25,0.8888888888888888,0.2222222222222222,1.0,2.7777777777777777,8.333333333333334,0.5094225946991541,0.49535571734069284,0.0800595238095238,0.8597500577804061,0.20780601469979526,CompressionPressure,0.8597500577804061
13,2026-04-06 07:40:00,Stable Compression Basin,Unresolved->Directional->Unresolved->Unresolved,0.4689955935863958,0.2222222222222222,0.9,0.3,1.0,2.5,7.5,0.5070280530715623,0.5237035489001585,0.0717063492063492,0.8734655531786281,0.18949754800178595,CompressionPressure,0.8734655531786281
14,2026-04-06 07:45:00,Directional Continuation / Sponsor Release,Directional->Unresolved->Unresolved->Directional,0.7219280948844771,0.3333333333333333,0.8,0.4,1.0,5.0,15.0,0.5108332764057092,0.5512448959106874,0.32952380952380955,0.3382128274030536,0.29006462789883647,DirectionalReleasePressure,0.5512448959106874
15,2026-04-06 07:50:00,Sponsor Exhaustion Collapse,Unresolved->Unresolved->Directional->Degrading,1.1567796494427114,0.4444444444444444,0.7,0.5,1.0,12.0,15.0,0.5111294891992237,0.3264524502364144,0.26841269841269844,0.24159016079871942,0.4368550721251169,RotationalPressure,0.4368550721251169
16,2026-04-06 07:55:00,Sponsor Exhaustion Collapse,Unresolved->Directional->Degrading->Degrading,1.3709505944503406,0.4444444444444444,0.6,0.6,1.0,12.0,15.0,0.5114257019927383,0.2783058681934127,0.26841269841269844,0.18653781006907594,0.4837049663455357,RotationalPressure,0.4837049663455357
17,2026-04-06 08:00:00,Sponsor Exhaustion Collapse,Directional->Degrading->Degrading->Degrading,1.4854752972230063,0.4444444444444444,0.5,0.7,0.0,12.0,15.0,0.5117219147862528,0.10832385311191912,0.26841269841269844,0.13771334947911767,0.5087572450770564,RotationalPressure,0.5087572450770564
18,2026-04-06 08:05:00,Unstable Rotational Balance,Degrading->Degrading->Degrading->Balance,1.8464393446652445,0.5555555555555556,0.4,0.7,0.0,22.0,15.0,0.5088462814265043,0.0757361111111111,0.21801587301587302,0.061111111111111116,0.8397619047619048,RotationalPressure,0.8397619047619048
19,2026-04-06 08:10:00,Sponsor Exhaustion Collapse,Degrading->Degrading->Balance->Degrading,1.8464393446652445,0.6666666666666666,0.4,0.7,0.0,27.0,15.0,0.5032272771152926,0.06358333333333333,0.3497619047619047,0.033333333333333354,0.6385714285714286,RotationalPressure,0.6385714285714286
20,2026-04-06 08:15:00,Stable Compression Basin,Degrading->Balance->Degrading->Unresolved,1.8464393446652445,0.6666666666666666,0.4,0.7,0.0,29.941000000000003,15.0,0.5032272771152926,0.06358333333333333,0.2602654761904762,0.4833333333333334,0.6427728571428571,RotationalPressure,0.6427728571428571
21,2026-04-06 08:20:00,Stable Compression Basin,Balance->Degrading->Unresolved->Unresolved,1.7219280948815914,0.5555555555555556,0.4,0.6,0.0,27.441000000000003,7.5,0.5053372708858719,0.06873611111111111,0.2024480158730159,0.5111111111111111,0.597534761904762,RotationalPressure,0.597534761904762
22,2026-04-06 08:25:00,Unstable Rotational Balance,Degrading->Unresolved->Unresolved->Balance,1.8464393446652445,0.6666666666666666,0.4,0.5,0.0,33.75699999999999,7.5,0.5083768546308498,0.04958333333333334,0.2388940476190476,0.033333333333333354,0.8982242857142857,RotationalPressure,0.8982242857142857
23,2026-04-06 08:30:00,Unstable Rotational Balance,Unresolved->Unresolved->Balance->Balance,1.8464393446652445,0.5555555555555556,0.4,0.4,0.0,33.75699999999999,7.5,0.5114164383758278,0.05473611111111112,0.2250051587301587,0.061111111111111116,0.8565576190476191,RotationalPressure,0.8565576190476191
24,2026-04-06 08:35:00,Stable Compression Basin,Unresolved->Balance->Balance->Unresolved,1.5709505944503404,0.5555555555555556,0.4,0.3,0.0,33.362,0.0,0.513526432146407,0.04996020622350693,0.18859444444444445,0.5129266989579648,0.5996387758693453,RotationalPressure,0.5996387758693453
25,2026-04-06 08:40:00,Unstable Rotational Balance,Balance->Balance->Unresolved->Balance,1.5709505944503404,0.6666666666666666,0.4,0.2,0.0,26.362000000000002,0.0,0.5132302193528926,0.03080742844572917,0.17748333333333333,0.03514892118018709,0.881305442536012,RotationalPressure,0.881305442536012
26,2026-04-06 08:45:00,Unstable Rotational Balance,Balance->Unresolved->Balance->Balance,1.4854752972230063,0.6666666666666666,0.5,0.1,0.0,26.362000000000002,0.0,0.5159735903043561,0.0420182975563636,0.17748333333333333,0.08215779392356212,0.8626077212675326,RotationalPressure,0.8626077212675326
27,2026-04-06 08:50:00,Stable Compression Basin,Unresolved->Balance->Balance->Unresolved,1.360964047439353,0.6666666666666666,0.5,0.0,0.0,28.467000000000002,0.0,0.5215925946155678,0.04455119011792455,0.18500119047619049,0.5399397470350404,0.5883780282345014,RotationalPressure,0.5883780282345014
28,2026-04-06 08:55:00,Stable Compression Basin,Balance->Balance->Unresolved->Unresolved,1.360964047439353,0.5555555555555556,0.5,0.0,0.0,18.467000000000002,0.0,0.5244682279753162,0.056703967895702326,0.13539801587301586,0.5677175248128182,0.5324256472821203,CompressionPressure,0.5677175248128182
29,2026-04-06 09:00:00,Directional Continuation / Sponsor Release,Balance->Unresolved->Unresolved->Directional,1.360964047439353,0.5555555555555556,0.5,0.1,1.0,13.466999999999999,0.0,0.5241720151818017,0.1820113368448638,0.317540873015873,0.11771752481281822,0.5252827901392632,RotationalPressure,0.5252827901392632
30,2026-04-06 09:05:00,Unstable Rotational Balance,Unresolved->Unresolved->Directional->Balance,1.360964047439353,0.6666666666666666,0.5,0.2,1.0,10.526,0.0,0.5182567980770754,0.13383129169811328,0.12092619047619046,0.08993974703504046,0.8127480282345013,RotationalPressure,0.8127480282345013
31,2026-04-06 09:10:00,Stable Compression Basin,Unresolved->Directional->Balance->Unresolved,1.360964047439353,0.6666666666666666,0.5,0.3,1.0,10.526,0.0,0.5123415809723492,0.14983129169811327,0.12092619047619046,0.5399397470350404,0.5627480282345013,RotationalPressure,0.5627480282345013
32,2026-04-06 09:15:00,Unstable Rotational Balance,Directional->Balance->Unresolved->Balance,1.360964047439353,0.7777777777777778,0.5,0.4,0.0,4.21,0.0,0.5093019972273712,0.06039841234014677,0.11225793650793651,0.06216196925726267,0.8453918377583108,RotationalPressure,0.8453918377583108
33,2026-04-06 09:20:00,Stable Compression Basin,Balance->Unresolved->Balance->Unresolved,1.360964047439353,0.7777777777777778,0.5,0.4,0.0,6.315,0.0,0.5121776305871195,0.06039841234014677,0.11977579365079366,0.5121619692572627,0.5983989806154537,RotationalPressure,0.5983989806154537
34,2026-04-06 09:25:00,Unstable Rotational Balance,Unresolved->Balance->Unresolved->Balance,1.360964047439353,0.7777777777777778,0.5,0.4,0.0,10.526,0.0,0.5093019972273712,0.06039841234014677,0.13481507936507936,0.06216196925726267,0.854414694901168,RotationalPressure,0.854414694901168
35,2026-04-06 09:30:00,Unstable Rotational Balance,Balance->Unresolved->Balance->Balance,1.360964047439353,0.7777777777777778,0.5,0.4,0.0,10.526,0.0,0.5123415809723492,0.06039841234014677,0.13481507936507936,0.06216196925726267,0.854414694901168,RotationalPressure,0.854414694901168
36,2026-04-06 09:35:00,Stable Compression Basin,Unresolved->Balance->Balance->Unresolved,1.360964047439353,0.7777777777777778,0.5,0.4,0.0,12.630999999999998,0.0,0.5152172143320974,0.06039841234014677,0.1423329365079365,0.5121619692572627,0.6074218377583108,RotationalPressure,0.6074218377583108
37,2026-04-06 09:40:00,Stable Compression Basin,Balance->Balance->Unresolved->Unresolved,1.360964047439353,0.7777777777777778,0.5,0.4,0.0,10.526,0.0,0.5152172143320974,0.06039841234014677,0.13481507936507936,0.5121619692572627,0.604414694901168,RotationalPressure,0.604414694901168
38,2026-04-06 09:45:00,Stable Compression Basin,Balance->Unresolved->Unresolved->Unresolved,1.360964047439353,0.6666666666666666,0.5,0.4,0.0,10.526,0.0,0.5152172143320974,0.07255119011792456,0.12092619047619046,0.5399397470350404,0.5627480282345013,RotationalPressure,0.5627480282345013
39,2026-04-06 09:50:00,Pure Unresolved Compression Equilibrium,Unresolved->Unresolved->Unresolved->Unresolved,1.360964047439353,0.6666666666666666,0.5,0.3,0.0,10.526,0.0,0.5566966335318362,0.06555119011792455,0.12092619047619046,0.5399397470350404,0.5627480282345013,RotationalPressure,0.5627480282345013
40,2026-04-06 09:55:00,Sponsor Exhaustion Collapse,Unresolved->Unresolved->Unresolved->Degrading,1.6854752972215634,0.6666666666666666,0.5,0.2,0.0,16.889999999999997,0.0,0.5569928463253507,0.04025,0.2436547619047619,0.07500000000000001,0.6241285714285714,RotationalPressure,0.6241285714285714
41,2026-04-06 10:00:00,Unstable Rotational Balance,Unresolved->Unresolved->Degrading->Balance,1.7219280948815914,0.6666666666666666,0.4,0.1,0.0,16.889999999999997,0.0,0.5569928463253507,0.021583333333333343,0.1436547619047619,0.033333333333333354,0.8741285714285714,RotationalPressure,0.8741285714285714
42,2026-04-06 10:05:00,Stable Compression Basin,Unresolved->Degrading->Balance->Unresolved,1.6854752972215634,0.6666666666666666,0.5,0.0,0.0,16.889999999999997,0.0,0.5569928463253507,0.026250000000000002,0.1436547619047619,0.525,0.6241285714285714,RotationalPressure,0.6241285714285714
43,2026-04-06 10:10:00,Stable Compression Basin,Degrading->Balance->Unresolved->Unresolved,1.6854752972215634,0.5555555555555556,0.5,0.0,0.0,14.785,0.0,0.5569928463253507,0.03840277777777777,0.12224801587301587,0.5527777777777778,0.579454761904762,RotationalPressure,0.579454761904762
44,2026-04-06 10:15:00,Stable Compression Basin,Balance->Unresolved->Unresolved->Unresolved,1.5709505944488977,0.5555555555555556,0.6,0.0,0.0,8.469,0.0,0.5598684796850991,0.05229353955695071,0.09969087301587301,0.5962600322913884,0.5640773472976011,CompressionPressure,0.5962600322913884
45,2026-04-06 10:20:00,Sponsor Exhaustion Collapse,Unresolved->Unresolved->Unresolved->Degrading,1.5709505944488977,0.5555555555555556,0.6,0.0,0.0,14.832999999999998,0.0,0.5571251087336357,0.05229353955695071,0.22241944444444445,0.14626003229138834,0.5731687758690297,RotationalPressure,0.5731687758690297
46,2026-04-06 10:25:00,Stable Compression Basin,Unresolved->Unresolved->Degrading->Unresolved,1.5709505944488977,0.6666666666666666,0.6,0.0,0.0,15.669,0.0,0.5571251087336357,0.040140761779172945,0.13929404761904762,0.5684822545136106,0.616029728249982,RotationalPressure,0.616029728249982
47,2026-04-06 10:30:00,Stable Compression Basin,Unresolved->Degrading->Unresolved->Unresolved,1.5709505944488977,0.6666666666666666,0.6,0.0,0.0,15.669,0.0,0.5571251087336356,0.040140761779172945,0.13929404761904762,0.5684822545136106,0.616029728249982,RotationalPressure,0.616029728249982
48,2026-04-06 10:35:00,Sponsor Exhaustion Collapse,Degrading->Unresolved->Unresolved->Degrading,1.6854752972215634,0.6666666666666666,0.5,0.0,0.0,22.032999999999998,0.0,0.5515061044224239,0.026250000000000002,0.26202261904761903,0.07500000000000001,0.6314757142857143,RotationalPressure,0.6314757142857143
49,2026-04-06 10:40:00,Stable Compression Basin,Unresolved->Unresolved->Degrading->Unresolved,1.2954618442339936,0.6666666666666666,0.6,0.0,0.0,24.973999999999997,0.0,0.5159419023274114,0.06123286921750154,0.17252619047619044,0.5857003014020421,0.5690594212833289,CompressionPressure,0.5857003014020421
50,2026-04-06 10:45:00,Stable Compression Basin,Unresolved->Degrading->Unresolved->Unresolved,1.1567796494427114,0.5555555555555556,0.7,0.0,0.0,18.61,0.0,0.5215609066386231,0.09567016920065352,0.13590873015873017,0.6638123830209416,0.4879645959346407,CompressionPressure,0.6638123830209416
51,2026-04-06 10:50:00,Stable Compression Basin,Degrading->Unresolved->Unresolved->Unresolved,0.7219280948844771,0.4444444444444444,0.8,0.0,0.0,18.61,0.0,0.5274761237433494,0.1527829357909628,0.12201984126984126,0.7604350496252757,0.35117415170836025,CompressionPressure,0.7604350496252757
52,2026-04-06 10:55:00,Pure Unresolved Compression Equilibrium,Unresolved->Unresolved->Unresolved->Unresolved,1.1567796494427114,0.5555555555555556,0.7,0.0,0.0,18.61,0.0,0.5689555429430881,0.09567016920065352,0.13590873015873017,0.6638123830209416,0.4879645959346407,CompressionPressure,0.6638123830209416
53,2026-04-06 11:00:00,Pure Unresolved Compression Equilibrium,Unresolved->Unresolved->Unresolved->Unresolved,1.3709505944503406,0.5555555555555556,0.6,0.0,0.0,18.61,0.0,0.6045197450381006,0.06760603955684023,0.13590873015873017,0.6087600322912982,0.5348144901550597,CompressionPressure,0.6087600322912982
54,2026-04-06 11:05:00,Pure Unresolved Compression Equilibrium,Unresolved->Unresolved->Unresolved->Unresolved,1.4854752972230063,0.4444444444444444,0.5,0.0,0.0,18.61,0.0,0.6400839471331131,0.059323853111919136,0.12201984126984126,0.5877133494791177,0.5182001022199135,CompressionPressure,0.5877133494791177
55,2026-04-06 11:10:00,Pure Unresolved Compression Equilibrium,Unresolved->Unresolved->Unresolved->Unresolved,1.360964047439353,0.3333333333333333,0.5,0.0,0.0,12.245999999999999,0.0,0.6812671535393374,0.08100952345125786,0.08540238095238095,0.6232730803683738,0.44020517109164414,CompressionPressure,0.6232730803683738
56,2026-04-06 11:15:00,Pure Unresolved Compression Equilibrium,Unresolved->Unresolved->Unresolved->Unresolved,1.360964047439353,0.3333333333333333,0.5,0.0,0.0,9.305,0.0,0.7168313556343499,0.08100952345125786,0.07489880952380952,0.6232730803683738,0.4360037425202156,CompressionPressure,0.6232730803683738
57,2026-04-06 11:20:00,Pure Unresolved Compression Equilibrium,Unresolved->Unresolved->Unresolved->Unresolved,1.2954618442339936,0.2222222222222222,0.6,0.0,0.0,9.305,0.0,0.7523955577293624,0.10984398032861264,0.06100992063492063,0.6968114125131533,0.38000846890237655,CompressionPressure,0.6968114125131533
58,2026-04-06 11:25:00,Pure Unresolved Compression Equilibrium,Unresolved->Unresolved->Unresolved->Unresolved,0.8812908992278072,0.1111111111111111,0.7,0.0,0.0,2.941,0.0,0.7935787641355866,0.1653733877500932,0.024392460317460316,0.7921415410204843,0.23865047944417803,CompressionPressure,0.7921415410204843
59,2026-04-06 11:30:00,Pure Unresolved Compression Equilibrium,Unresolved->Unresolved->Unresolved->Unresolved,0.7219280948844771,0.1111111111111111,0.8,0.0,0.0,0.0,0.0,0.829142966230599,0.18924126912429612,0.013888888888888888,0.8437683829586091,0.199588437422646,CompressionPressure,0.8437683829586091
60,2026-04-06 11:35:00,Pure Unresolved Compression Equilibrium,Unresolved->Unresolved->Unresolved->Unresolved,0.4689955935863958,0.1111111111111111,0.9,0.0,0.0,0.0,0.0,0.8647071683256116,0.2202730804215971,0.013888888888888888,0.9012433309564057,0.14425945276369073,CompressionPressure,0.9012433309564057
61,2026-04-06 11:40:00,Pure Unresolved Compression Equilibrium,Unresolved->Unresolved->Unresolved->Unresolved,-1.4428232973175175e-12,0.0,1.0,0.0,0.0,0.0,0.0,0.9002713704206242,0.27999999999999997,0.0,0.9999999999999999,0.0,CompressionPressure,0.9999999999999999
62,2026-04-06 11:45:00,Pure Unresolved Compression Equilibrium,Unresolved->Unresolved->Unresolved->Unresolved,-1.4428232973175175e-12,0.0,1.0,0.0,0.0,0.0,0.0,0.9002713704206242,0.27999999999999997,0.0,0.9999999999999999,0.0,CompressionPressure,0.9999999999999999
63,2026-04-06 11:50:00,Pure Unresolved Compression Equilibrium,Unresolved->Unresolved->Unresolved->Unresolved,-1.4428232973175175e-12,0.0,1.0,0.0,0.0,0.0,0.0,0.9002713704206242,0.27999999999999997,0.0,0.9999999999999999,0.0,CompressionPressure,0.9999999999999999
64,2026-04-06 11:55:00,Pure Unresolved Compression Equilibrium,Unresolved->Unresolved->Unresolved->Unresolved,-1.4428232973175175e-12,0.0,1.0,0.0,0.0,0.0,0.0,0.9002713704206242,0.27999999999999997,0.0,0.9999999999999999,0.0,CompressionPressure,0.9999999999999999
65,2026-04-06 12:00:00,Pure Unresolved Compression Equilibrium,Unresolved->Unresolved->Unresolved->Unresolved,-1.4428232973175175e-12,0.0,1.0,0.0,0.0,0.0,0.0,0.9002713704206242,0.27999999999999997,0.0,0.9999999999999999,0.0,CompressionPressure,0.9999999999999999
66,2026-04-06 12:05:00,Pure Unresolved Compression Equilibrium,Unresolved->Unresolved->Unresolved->Unresolved,-1.4428232973175175e-12,0.0,1.0,0.0,0.0,0.0,0.0,0.9002713704206242,0.27999999999999997,0.0,0.9999999999999999,0.0,CompressionPressure,0.9999999999999999
67,2026-04-06 12:10:00,Pure Unresolved Compression Equilibrium,Unresolved->Unresolved->Unresolved->Unresolved,-1.4428232973175175e-12,0.0,1.0,0.0,0.0,0.0,0.0,0.9002713704206242,0.27999999999999997,0.0,0.9999999999999999,0.0,CompressionPressure,0.9999999999999999
68,2026-04-06 12:15:00,Pure Unresolved Compression Equilibrium,Unresolved->Unresolved->Unresolved->Unresolved,-1.4428232973175175e-12,0.0,1.0,0.0,0.0,0.0,0.0,0.9002713704206242,0.27999999999999997,0.0,0.9999999999999999,0.0,CompressionPressure,0.9999999999999999
69,2026-04-06 12:20:00,Pure Unresolved Compression Equilibrium,Unresolved->Unresolved->Unresolved->Unresolved,-1.4428232973175175e-12,0.0,1.0,0.0,0.0,0.0,0.0,0.9002713704206242,0.27999999999999997,0.0,0.9999999999999999,0.0,CompressionPressure,0.9999999999999999
70,2026-04-06 12:25:00,Pure Unresolved Compression Equilibrium,Unresolved->Unresolved->Unresolved->Unresolved,-1.4428232973175175e-12,0.0,1.0,0.0,0.0,0.0,0.0,0.9002713704206242,0.27999999999999997,0.0,0.9999999999999999,0.0,CompressionPressure,0.9999999999999999
71,2026-04-06 12:30:00,Pure Unresolved Compression Equilibrium,Unresolved->Unresolved->Unresolved->Unresolved,-1.4428232973175175e-12,0.0,1.0,0.0,0.0,0.0,0.0,0.9002713704206242,0.27999999999999997,0.0,0.9999999999999999,0.0,CompressionPressure,0.9999999999999999
72,2026-04-06 12:35:00,Pure Unresolved Compression Equilibrium,Unresolved->Unresolved->Unresolved->Unresolved,-1.4428232973175175e-12,0.0,1.0,0.0,0.0,0.0,0.0,0.9002713704206242,0.27999999999999997,0.0,0.9999999999999999,0.0,CompressionPressure,0.9999999999999999
73,2026-04-06 12:40:00,Pure Unresolved Compression Equilibrium,Unresolved->Unresolved->Unresolved->Unresolved,-1.4428232973175175e-12,0.0,1.0,0.0,0.0,0.0,0.0,0.9002713704206242,0.27999999999999997,0.0,0.9999999999999999,0.0,CompressionPressure,0.9999999999999999
74,2026-04-06 12:45:00,Pure Unresolved Compression Equilibrium,Unresolved->Unresolved->Unresolved->Unresolved,-1.4428232973175175e-12,0.0,1.0,0.0,0.0,0.0,0.0,0.9002713704206242,0.27999999999999997,0.0,0.9999999999999999,0.0,CompressionPressure,0.9999999999999999
75,2026-04-06 12:50:00,Pure Unresolved Compression Equilibrium,Unresolved->Unresolved->Unresolved->Unresolved,-1.4428232973175175e-12,0.0,1.0,0.0,0.0,0.0,0.0,0.9002713704206242,0.27999999999999997,0.0,0.9999999999999999,0.0,CompressionPressure,0.9999999999999999
76,2026-04-06 12:55:00,Pure Unresolved Compression Equilibrium,Unresolved->Unresolved->Unresolved->Unresolved,-1.4428232973175175e-12,0.0,1.0,0.0,0.0,0.0,0.0,0.9002713704206242,0.27999999999999997,0.0,0.9999999999999999,0.0,CompressionPressure,0.9999999999999999
77,2026-04-06 13:00:00,Pure Unresolved Compression Equilibrium,Unresolved->Unresolved->Unresolved->Unresolved,-1.4428232973175175e-12,0.0,1.0,0.0,0.0,0.0,0.0,0.9002713704206242,0.27999999999999997,0.0,0.9999999999999999,0.0,CompressionPressure,0.9999999999999999
78,2026-04-06 13:05:00,Sponsor Exhaustion Collapse,Unresolved->Unresolved->Unresolved->Degrading,0.4689955935863958,0.1111111111111111,0.9,0.0,0.0,6.364,0.0,0.8590881640143999,0.2202730804215971,0.1366174603174603,0.4512433309564058,0.15335088133511932,CompressionPressure,0.4512433309564058
79,2026-04-06 13:10:00,Sponsor Exhaustion Collapse,Unresolved->Unresolved->Degrading->Degrading,0.7219280948844771,0.1111111111111111,0.8,0.0,0.0,6.364,0.0,0.8179049576081756,0.18924126912429612,0.1366174603174603,0.3937683829586091,0.2086798659940746,CompressionPressure,0.3937683829586091
80,2026-04-06 13:15:00,Stable Compression Basin,Unresolved->Degrading->Degrading->Unresolved,1.1567796494427114,0.2222222222222222,0.7,0.0,0.0,9.305,0.0,0.7823407555131631,0.13212850253398684,0.06100992063492063,0.747145716354275,0.3496717387917836,CompressionPressure,0.747145716354275
81,2026-04-06 13:20:00,Unstable Rotational Balance,Degrading->Degrading->Unresolved->Balance,1.5709505944488977,0.3333333333333333,0.6,0.0,0.0,15.620999999999999,0.0,0.7439009200584022,0.07659909511250626,0.09745595238095237,0.20181558784694392,0.7409611568214106,RotationalPressure,0.7409611568214106
82,2026-04-06 13:25:00,Unstable Rotational Balance,Degrading->Unresolved->Balance->Balance,1.7609640474379105,0.3333333333333333,0.5,0.0,0.0,15.620999999999999,0.0,0.7024215008586635,0.06270833333333332,0.09745595238095237,0.15833333333333333,0.7473157142857143,RotationalPressure,0.7473157142857143
83,2026-04-06 13:30:00,Stable Compression Basin,Unresolved->Balance->Balance->Unresolved,1.9219280948815916,0.4444444444444444,0.4,0.0,0.0,17.726,0.0,0.6668572987636511,0.038888888888888896,0.1188626984126984,0.538888888888889,0.5419895238095237,RotationalPressure,0.5419895238095237
84,2026-04-06 13:35:00,Stable Compression Basin,Balance->Balance->Unresolved->Unresolved,1.9709505944488979,0.4444444444444444,0.3,0.0,0.0,17.726,0.0,0.6312930966686385,0.038888888888888896,0.1188626984126984,0.538888888888889,0.5419895238095237,RotationalPressure,0.5419895238095237
85,2026-04-06 13:40:00,Unstable Rotational Balance,Balance->Unresolved->Unresolved->Balance,1.9709505944488979,0.5555555555555556,0.3,0.0,0.0,24.041999999999998,0.0,0.5928532612138777,0.026736111111111113,0.15530873015873015,0.061111111111111116,0.8426790476190477,RotationalPressure,0.8426790476190477
86,2026-04-06 13:45:00,Stable Compression Basin,Unresolved->Unresolved->Balance->Unresolved,1.8464393446652445,0.6666666666666666,0.4,0.0,0.0,26.147,0.0,0.5572890591188652,0.01458333333333334,0.17671547619047617,0.4833333333333334,0.6373528571428572,RotationalPressure,0.6373528571428572
87,2026-04-06 13:50:00,Directional Continuation / Sponsor Release,Unresolved->Balance->Unresolved->Directional,1.8464393446652445,0.6666666666666666,0.4,0.1,1.0,26.147,0.0,0.5158096399191264,0.061666666666666696,0.3767154761904762,0.033333333333333354,0.6373528571428572,RotationalPressure,0.6373528571428572
88,2026-04-06 13:55:00,Stable Compression Basin,Balance->Unresolved->Directional->Unresolved,1.6854752972215634,0.7777777777777778,0.5,0.2,1.0,19.782999999999998,0.0,0.515513427125612,0.06422222222222222,0.16787579365079364,0.49722222222222223,0.6699280952380952,RotationalPressure,0.6699280952380952
89,2026-04-06 14:00:00,Stable Compression Basin,Unresolved->Directional->Unresolved->Unresolved,1.2954618442339936,0.6666666666666666,0.6,0.3,1.0,19.782999999999998,0.0,0.5152172143320974,0.18796084392571782,0.15398690476190474,0.5857003014020421,0.5616437069976146,CompressionPressure,0.5857003014020421
90,2026-04-07 06:35:00,Stable Compression Basin,Directional->Unresolved->Unresolved->Unresolved,1.2954618442339936,0.5555555555555556,0.6,0.4,0.0,16.842,0.0,0.5093019972273712,0.10138564699527931,0.12959444444444446,0.6134780791798199,0.5157756117595194,CompressionPressure,0.6134780791798199
91,2026-04-07 06:40:00,Pure Unresolved Compression Equilibrium,Unresolved->Unresolved->Unresolved->Unresolved,1.5709505944488977,0.6666666666666666,0.6,0.4,0.0,10.526,0.0,0.5477418326821321,0.06814076177917294,0.12092619047619046,0.5684822545136106,0.6086825853928391,RotationalPressure,0.6086825853928391
92,2026-04-07 06:45:00,Pure Unresolved Compression Equilibrium,Unresolved->Unresolved->Unresolved->Unresolved,1.5709505944488977,0.5555555555555556,0.6,0.4,0.0,10.526,0.0,0.5892212518818708,0.08029353955695072,0.1070373015873016,0.5962600322913884,0.5670159187261725,CompressionPressure,0.5962600322913884
93,2026-04-07 06:50:00,Pure Unresolved Compression Equilibrium,Unresolved->Unresolved->Unresolved->Unresolved,1.6854752972215634,0.5555555555555556,0.5,0.4,0.0,8.421,0.0,0.6247854539768832,0.06640277777777778,0.09951944444444444,0.5527777777777778,0.5703633333333333,RotationalPressure,0.5703633333333333
94,2026-04-07 06:55:00,Pure Unresolved Compression Equilibrium,Unresolved->Unresolved->Unresolved->Unresolved,1.7219280948815914,0.4444444444444444,0.4,0.4,0.0,8.421,0.0,0.6603496560718958,0.0668888888888889,0.08563055555555554,0.538888888888889,0.5286966666666666,CompressionPressure,0.538888888888889
95,2026-04-07 07:00:00,Pure Unresolved Compression Equilibrium,Unresolved->Unresolved->Unresolved->Unresolved,1.360964047439353,0.3333333333333333,0.5,0.4,0.0,2.105,0.0,0.6987894915266566,0.10900952345125788,0.04918452380952381,0.6232730803683738,0.42571802823450133,CompressionPressure,0.6232730803683738
96,2026-04-07 07:05:00,Directional Continuation / Sponsor Release,Unresolved->Unresolved->Unresolved->Directional,1.4854752972230063,0.3333333333333333,0.5,0.5,1.0,2.5,7.5,0.6966794977560772,0.3042189453991341,0.2855952380952381,0.16549112725689544,0.4535191498389612,RotationalPressure,0.4535191498389612
97,2026-04-07 07:10:00,Directional Continuation / Sponsor Release,Unresolved->Unresolved->Directional->Directional,1.4854752972230063,0.2222222222222222,0.5,0.5,1.0,2.5,7.5,0.7004847210902241,0.3389411676213563,0.27170634920634923,0.19326890503467323,0.4118524831722945,RotationalPressure,0.4118524831722945
98,2026-04-07 07:15:00,Sponsor Exhaustion Collapse,Unresolved->Directional->Directional->Degrading,1.7609640474379105,0.3333333333333333,0.5,0.5,1.0,9.5,7.5,0.7007809338837386,0.22333333333333336,0.21059523809523809,0.15833333333333333,0.48857142857142855,RotationalPressure,0.48857142857142855
99,2026-04-07 07:20:00,Stable Compression Basin,Directional->Directional->Degrading->Unresolved,1.7609640474379105,0.4444444444444444,0.5,0.5,0.0,12.440999999999999,7.5,0.7066961509884649,0.08555555555555555,0.1349876984126984,0.5805555555555556,0.5344395238095238,CompressionPressure,0.5805555555555556
100,2026-04-07 07:25:00,Directional Continuation / Sponsor Release,Directional->Degrading->Unresolved->Directional,1.6854752972215634,0.4444444444444444,0.5,0.5,1.0,14.940999999999999,15.0,0.7105013743226118,0.24444444444444446,0.3789162698412698,0.13055555555555556,0.5380109523809523,RotationalPressure,0.5380109523809523
101,2026-04-07 07:30:00,Directional Continuation / Sponsor Release,Degrading->Unresolved->Directional->Directional,1.7219280948815914,0.4444444444444444,0.4,0.6,1.0,14.940999999999999,15.0,0.67282717845702,0.23111111111111113,0.3789162698412698,0.0888888888888889,0.5380109523809523,RotationalPressure,0.5380109523809523
102,2026-04-07 07:35:00,Directional Continuation / Sponsor Release,Unresolved->Directional->Directional->Directional,1.6854752972215634,0.4444444444444444,0.5,0.7,1.0,14.940999999999999,15.0,0.6351529825914282,0.28444444444444444,0.3789162698412698,0.13055555555555556,0.5380109523809523,RotationalPressure,0.5380109523809523
103,2026-04-07 07:40:00,Sponsor Exhaustion Collapse,Directional->Directional->Directional->Degrading,1.7609640474379105,0.5555555555555556,0.5,0.8,0.0,21.941,15.0,0.593969776185204,0.09440277777777778,0.31780515873015874,0.10277777777777777,0.5896776190476191,RotationalPressure,0.5896776190476191
104,2026-04-07 07:45:00,Sponsor Exhaustion Collapse,Directional->Directional->Degrading->Degrading,1.6854752972215634,0.5555555555555556,0.5,0.9,0.0,21.941,15.0,0.5527865697789798,0.10140277777777777,0.31780515873015874,0.10277777777777777,0.5896776190476191,RotationalPressure,0.5896776190476191
105,2026-04-07 07:50:00,Directional Continuation / Sponsor Release,Directional->Degrading->Degrading->Directional,1.2954618442339936,0.5555555555555556,0.6,1.0,1.0,21.941,15.0,0.511307150579241,0.40967327712936946,0.4178051587301588,0.16347807917981982,0.5230598974738051,RotationalPressure,0.5230598974738051
106,2026-04-07 07:55:00,Directional Continuation / Sponsor Release,Degrading->Degrading->Directional->Directional,1.2954618442339936,0.5555555555555556,0.6,1.0,1.0,19.441,7.5,0.511307150579241,0.40967327712936946,0.37387658730158735,0.16347807917981982,0.5194884689023765,RotationalPressure,0.5194884689023765
107,2026-04-07 08:00:00,Directional Continuation / Sponsor Release,Degrading->Directional->Directional->Directional,1.2954618442339936,0.4444444444444444,0.6,1.0,1.0,19.441,7.5,0.5113071505792409,0.4443954993515917,0.3599876984126984,0.19125585695759761,0.47782180223570986,RotationalPressure,0.47782180223570986
108,2026-04-07 08:05:00,Directional Continuation / Sponsor Release,Directional->Directional->Directional->Directional,1.1567796494427114,0.3333333333333333,0.7,1.0,1.0,12.440999999999999,7.5,0.5148161611198734,0.5427877850177403,0.32109880952380954,0.2693679385764972,0.39581840545845026,DirectionalReleasePressure,0.5427877850177403
109,2026-04-07 08:10:00,Directional Continuation / Sponsor Release,Directional->Directional->Directional->Directional,0.7219280948844771,0.2222222222222222,0.8,1.0,1.0,9.5,7.5,0.5127061673492941,0.7059671181329095,0.2967063492063492,0.3659906051808313,0.25482653266074123,DirectionalReleasePressure,0.7059671181329095
110,2026-04-07 08:15:00,Sponsor Exhaustion Collapse,Directional->Directional->Directional->Degrading,0.8812908992278072,0.3333333333333333,0.7,1.0,0.0,14.0,0.0,0.5091971568086617,0.21106783219453765,0.19166666666666668,0.2865859854649287,0.3377823842060828,RotationalPressure,0.3377823842060828
111,2026-04-07 08:20:00,Directional Continuation / Sponsor Release,Directional->Directional->Degrading->Directional,0.8812908992278072,0.4444444444444444,0.7,1.0,1.0,20.667,3.3329999999999997,0.5091971568086617,0.5683287269050283,0.3449202698412699,0.25880820768715096,0.38897333658703515,DirectionalReleasePressure,0.5683287269050283
112,2026-04-07 08:25:00,Sponsor Exhaustion Collapse,Directional->Degrading->Directional->Degrading,0.9709505944517833,0.4444444444444444,0.6,1.0,1.0,27.667,3.3329999999999997,0.5056881462680292,0.4123058681931602,0.2699202698412698,0.21153781006898575,0.41858639491727995,RotationalPressure,0.41858639491727995
113,2026-04-07 08:30:00,Stable Compression Basin,Degrading->Directional->Degrading->Unresolved,1.2954618442339936,0.5555555555555556,0.6,1.0,1.0,23.608,3.3329999999999997,0.511307150579241,0.3277386217034956,0.16931273015873016,0.6134780791798199,0.5254413260452336,CompressionPressure,0.6134780791798199
114,2026-04-07 08:35:00,Stable Compression Basin,Directional->Degrading->Unresolved->Unresolved,1.3709505944503406,0.4444444444444444,0.6,1.0,0.0,23.608,3.3329999999999997,0.5169261548904528,0.14975881733461802,0.15542384126984127,0.636537810069076,0.5002878234883928,CompressionPressure,0.636537810069076
115,2026-04-07 08:40:00,Stable Compression Basin,Degrading->Unresolved->Unresolved->Unresolved,1.4854752972230063,0.4444444444444444,0.5,0.9,0.0,23.608,3.3329999999999997,0.522841371995179,0.12232385311191914,0.15542384126984127,0.5877133494791177,0.5253401022199136,CompressionPressure,0.5877133494791177
116,2026-04-07 08:45:00,Pure Unresolved Compression Equilibrium,Unresolved->Unresolved->Unresolved->Unresolved,1.8464393446652445,0.5555555555555556,0.4,0.8,0.0,23.608,3.3329999999999997,0.5605155678607708,0.08273611111111112,0.16931273015873016,0.5111111111111111,0.5920590476190476,RotationalPressure,0.5920590476190476
117,2026-04-07 08:50:00,Pure Unresolved Compression Equilibrium,Unresolved->Unresolved->Unresolved->Unresolved,1.9709505944488979,0.5555555555555556,0.3,0.7,0.0,23.608,3.3329999999999997,0.5981897637263627,0.0757361111111111,0.16931273015873016,0.5111111111111111,0.5920590476190476,RotationalPressure,0.5920590476190476
118,2026-04-07 08:55:00,Pure Unresolved Compression Equilibrium,Unresolved->Unresolved->Unresolved->Unresolved,1.9709505944488979,0.5555555555555556,0.3,0.6,0.0,23.608,3.3329999999999997,0.6358639595919545,0.06873611111111111,0.16931273015873016,0.5111111111111111,0.5920590476190476,RotationalPressure,0.5920590476190476
119,2026-04-07 09:00:00,Pure Unresolved Compression Equilibrium,Unresolved->Unresolved->Unresolved->Unresolved,1.8464393446652445,0.4444444444444444,0.4,0.5,0.0,23.608,3.3329999999999997,0.6735381554575463,0.07388888888888889,0.15542384126984127,0.538888888888889,0.5503923809523809,RotationalPressure,0.5503923809523809
120,2026-04-07 09:05:00,Pure Unresolved Compression Equilibrium,Unresolved->Unresolved->Unresolved->Unresolved,1.6854752972215634,0.3333333333333333,0.5,0.4,0.0,16.608,3.3329999999999997,0.7147213618637706,0.09070833333333332,0.11653495238095238,0.6083333333333334,0.49872571428571427,CompressionPressure,0.6083333333333334
121,2026-04-07 09:10:00,Sponsor Exhaustion Collapse,Unresolved->Unresolved->Unresolved->Degrading,1.4854752972230063,0.3333333333333333,0.5,0.3,0.0,16.305,0.0,0.7112123513231381,0.0924766308896969,0.19989880952380953,0.16549112725689544,0.4732405784103898,RotationalPressure,0.4732405784103898
122,2026-04-07 09:15:00,Unstable Rotational Balance,Unresolved->Unresolved->Degrading->Balance,1.6854752972215634,0.3333333333333333,0.5,0.2,0.0,9.305,0.0,0.7109161385296237,0.07670833333333334,0.07489880952380952,0.15833333333333333,0.7382928571428571,RotationalPressure,0.7382928571428571
123,2026-04-07 09:20:00,Unstable Rotational Balance,Unresolved->Degrading->Balance->Balance,1.7609640474379105,0.3333333333333333,0.5,0.1,0.0,6.364,0.0,0.7050009214248973,0.06970833333333333,0.06439523809523809,0.15833333333333333,0.7340914285714285,RotationalPressure,0.7340914285714285
124,2026-04-07 09:25:00,Sponsor Exhaustion Collapse,Degrading->Balance->Balance->Degrading,1.7609640474379105,0.4444444444444444,0.5,0.0,0.0,6.364,0.0,0.699085704320171,0.050555555555555555,0.178284126984127,0.13055555555555556,0.5257580952380951,RotationalPressure,0.5257580952380951
125,2026-04-07 09:30:00,Stable Compression Basin,Balance->Balance->Degrading->Unresolved,1.7609640474379105,0.4444444444444444,0.5,0.0,0.0,6.364,0.0,0.6931704872154448,0.050555555555555555,0.07828412698412698,0.5805555555555556,0.5257580952380951,CompressionPressure,0.5805555555555556
126,2026-04-07 09:35:00,Stable Compression Basin,Balance->Degrading->Unresolved->Unresolved,1.9219280948815916,0.4444444444444444,0.4,0.0,0.0,6.364,0.0,0.6576062851204323,0.038888888888888896,0.07828412698412698,0.538888888888889,0.5257580952380951,CompressionPressure,0.538888888888889
127,2026-04-07 09:40:00,Stable Compression Basin,Degrading->Unresolved->Unresolved->Unresolved,1.9709505944488979,0.4444444444444444,0.3,0.0,0.0,6.364,0.0,0.6220420830254199,0.038888888888888896,0.07828412698412698,0.538888888888889,0.5257580952380951,CompressionPressure,0.538888888888889
128,2026-04-07 09:45:00,Pure Unresolved Compression Equilibrium,Unresolved->Unresolved->Unresolved->Unresolved,1.9709505944488979,0.5555555555555556,0.3,0.0,0.0,6.364,0.0,0.6220420830254199,0.026736111111111113,0.09217301587301588,0.5111111111111111,0.5674247619047619,RotationalPressure,0.5674247619047619
129,2026-04-07 09:50:00,Unstable Rotational Balance,Unresolved->Unresolved->Unresolved->Balance,1.9709505944488979,0.6666666666666666,0.3,0.0,0.0,12.68,0.0,0.583602247570659,0.01458333333333334,0.1286190476190476,0.033333333333333354,0.8681142857142857,RotationalPressure,0.8681142857142857
130,2026-04-07 09:55:00,Stable Compression Basin,Unresolved->Unresolved->Balance->Unresolved,1.8464393446652445,0.6666666666666666,0.4,0.0,0.0,14.785,0.0,0.5480380454756466,0.01458333333333334,0.13613690476190476,0.4833333333333334,0.6211214285714286,RotationalPressure,0.6211214285714286
131,2026-04-07 10:00:00,Stable Compression Basin,Unresolved->Balance->Unresolved->Unresolved,1.6854752972215634,0.5555555555555556,0.5,0.0,0.0,8.421,0.0,0.5536570497868583,0.03840277777777777,0.09951944444444444,0.5527777777777778,0.5703633333333333,RotationalPressure,0.5703633333333333
132,2026-04-07 10:05:00,Stable Compression Basin,Balance->Unresolved->Unresolved->Unresolved,1.5709505944488977,0.5555555555555556,0.6,0.0,0.0,8.421,0.0,0.5595722668915846,0.05229353955695071,0.09951944444444444,0.5962600322913884,0.5640087758690296,CompressionPressure,0.5962600322913884
133,2026-04-07 10:10:00,Pure Unresolved Compression Equilibrium,Unresolved->Unresolved->Unresolved->Unresolved,1.5709505944488977,0.5555555555555556,0.6,0.0,0.0,8.421,0.0,0.6010516860913233,0.05229353955695071,0.09951944444444444,0.5962600322913884,0.5640087758690296,CompressionPressure,0.5962600322913884
134,2026-04-07 10:15:00,Pure Unresolved Compression Equilibrium,Unresolved->Unresolved->Unresolved->Unresolved,1.2954618442339936,0.4444444444444444,0.6,0.0,0.0,8.421,0.0,0.642531105291062,0.08553842477305709,0.08563055555555554,0.6412558569575977,0.4620789450928527,CompressionPressure,0.6412558569575977
135,2026-04-07 10:20:00,Sponsor Exhaustion Collapse,Unresolved->Unresolved->Unresolved->Degrading,1.6854752972215634,0.5555555555555556,0.5,0.0,0.0,14.785,0.0,0.6428273180845766,0.03840277777777777,0.22224801587301588,0.10277777777777777,0.579454761904762,RotationalPressure,0.579454761904762
136,2026-04-07 10:25:00,Sponsor Exhaustion Collapse,Unresolved->Unresolved->Degrading->Degrading,1.8464393446652445,0.5555555555555556,0.4,0.0,0.0,14.785,0.0,0.6372083137733648,0.026736111111111113,0.22224801587301588,0.061111111111111116,0.579454761904762,RotationalPressure,0.579454761904762
137,2026-04-07 10:30:00,Stable Compression Basin,Unresolved->Degrading->Degrading->Unresolved,1.8464393446652445,0.5555555555555556,0.4,0.0,0.0,17.726,0.0,0.6372083137733648,0.026736111111111113,0.13275158730158731,0.5111111111111111,0.5836561904761904,RotationalPressure,0.5836561904761904
138,2026-04-07 10:35:00,Sponsor Exhaustion Collapse,Degrading->Degrading->Unresolved->Degrading,1.8464393446652445,0.5555555555555556,0.4,0.0,0.0,24.089999999999996,0.0,0.5960251073671406,0.026736111111111113,0.2554801587301587,0.061111111111111116,0.5927476190476191,RotationalPressure,0.5927476190476191
139,2026-04-07 10:40:00,Stable Compression Basin,Degrading->Unresolved->Degrading->Unresolved,1.4854752972230063,0.5555555555555556,0.5,0.0,0.0,20.715,0.0,0.5989007407268889,0.04717107533414137,0.1434265873015873,0.5599355717013399,0.5628739117437231,RotationalPressure,0.5628739117437231
140,2026-04-07 10:45:00,Stable Compression Basin,Unresolved->Degrading->Unresolved->Unresolved,1.4854752972230063,0.5555555555555556,0.5,0.0,0.0,18.61,0.0,0.5989007407268889,0.04717107533414137,0.13590873015873017,0.5599355717013399,0.5598667688865803,CompressionPressure,0.5599355717013399
141,2026-04-07 10:50:00,Stable Compression Basin,Degrading->Unresolved->Unresolved->Unresolved,1.4854752972230063,0.5555555555555556,0.5,0.0,0.0,18.61,0.0,0.5989007407268889,0.04717107533414137,0.13590873015873017,0.5599355717013399,0.5598667688865803,CompressionPressure,0.5599355717013399
142,2026-04-07 10:55:00,Pure Unresolved Compression Equilibrium,Unresolved->Unresolved->Unresolved->Unresolved,1.5709505944503404,0.5555555555555556,0.4,0.0,0.0,18.61,0.0,0.6344649428219014,0.028960206223506934,0.13590873015873017,0.5129266989579648,0.5785644901550596,RotationalPressure,0.5785644901550596
143,2026-04-07 11:00:00,Pure Unresolved Compression Equilibrium,Unresolved->Unresolved->Unresolved->Unresolved,1.5709505944503404,0.5555555555555556,0.4,0.0,0.0,18.61,0.0,0.6344649428219012,0.028960206223506934,0.13590873015873017,0.5129266989579648,0.5785644901550596,RotationalPressure,0.5785644901550596
144,2026-04-07 11:05:00,Pure Unresolved Compression Equilibrium,Unresolved->Unresolved->Unresolved->Unresolved,1.5709505944503404,0.4444444444444444,0.4,0.0,0.0,18.61,0.0,0.6344649428219014,0.04111298400128472,0.12201984126984126,0.5407044767357427,0.5368978234883929,CompressionPressure,0.5407044767357427
145,2026-04-07 11:10:00,Pure Unresolved Compression Equilibrium,Unresolved->Unresolved->Unresolved->Unresolved,1.5219280948830343,0.4444444444444444,0.4,0.0,0.0,12.245999999999999,0.0,0.6756481492281255,0.04486626912440659,0.09929126984126983,0.5437683829586993,0.5170827231366161,CompressionPressure,0.5437683829586993
146,2026-04-07 11:15:00,Pure Unresolved Compression Equilibrium,Unresolved->Unresolved->Unresolved->Unresolved,1.360964047439353,0.3333333333333333,0.5,0.0,0.0,12.245999999999999,0.0,0.7168313556343499,0.08100952345125786,0.08540238095238095,0.6232730803683738,0.44020517109164414,CompressionPressure,0.6232730803683738
147,2026-04-07 11:20:00,Pure Unresolved Compression Equilibrium,Unresolved->Unresolved->Unresolved->Unresolved,1.2954618442339936,0.2222222222222222,0.6,0.0,0.0,9.305,0.0,0.7523955577293624,0.10984398032861264,0.06100992063492063,0.6968114125131533,0.38000846890237655,CompressionPressure,0.6968114125131533
148,2026-04-07 11:25:00,Pure Unresolved Compression Equilibrium,Unresolved->Unresolved->Unresolved->Unresolved,0.8812908992278072,0.1111111111111111,0.7,0.0,0.0,2.941,0.0,0.7935787641355866,0.1653733877500932,0.024392460317460316,0.7921415410204843,0.23865047944417803,CompressionPressure,0.7921415410204843
149,2026-04-07 11:30:00,Pure Unresolved Compression Equilibrium,Unresolved->Unresolved->Unresolved->Unresolved,0.7219280948844771,0.1111111111111111,0.8,0.0,0.0,0.0,0.0,0.829142966230599,0.18924126912429612,0.013888888888888888,0.8437683829586091,0.199588437422646,CompressionPressure,0.8437683829586091
150,2026-04-07 11:35:00,Pure Unresolved Compression Equilibrium,Unresolved->Unresolved->Unresolved->Unresolved,0.4689955935863958,0.1111111111111111,0.9,0.0,0.0,0.0,0.0,0.8647071683256116,0.2202730804215971,0.013888888888888888,0.9012433309564057,0.14425945276369073,CompressionPressure,0.9012433309564057
151,2026-04-07 11:40:00,Pure Unresolved Compression Equilibrium,Unresolved->Unresolved->Unresolved->Unresolved,-1.4428232973175175e-12,0.0,1.0,0.0,0.0,0.0,0.0,0.9002713704206242,0.27999999999999997,0.0,0.9999999999999999,0.0,CompressionPressure,0.9999999999999999
152,2026-04-07 11:45:00,Pure Unresolved Compression Equilibrium,Unresolved->Unresolved->Unresolved->Unresolved,-1.4428232973175175e-12,0.0,1.0,0.0,0.0,0.0,0.0,0.9002713704206242,0.27999999999999997,0.0,0.9999999999999999,0.0,CompressionPressure,0.9999999999999999
153,2026-04-07 11:50:00,Pure Unresolved Compression Equilibrium,Unresolved->Unresolved->Unresolved->Unresolved,-1.4428232973175175e-12,0.0,1.0,0.0,0.0,0.0,0.0,0.9002713704206242,0.27999999999999997,0.0,0.9999999999999999,0.0,CompressionPressure,0.9999999999999999
154,2026-04-07 11:55:00,Pure Unresolved Compression Equilibrium,Unresolved->Unresolved->Unresolved->Unresolved,-1.4428232973175175e-12,0.0,1.0,0.0,0.0,0.0,0.0,0.9002713704206242,0.27999999999999997,0.0,0.9999999999999999,0.0,CompressionPressure,0.9999999999999999
155,2026-04-07 12:00:00,Directional Continuation / Sponsor Release,Unresolved->Unresolved->Unresolved->Directional,0.4689955935863958,0.1111111111111111,0.9,0.1,1.0,2.5,7.5,0.8625971745550324,0.6493516583474204,0.25781746031746033,0.4512433309564058,0.1478308813351193,DirectionalReleasePressure,0.6493516583474204
156,2026-04-07 12:05:00,Directional Continuation / Sponsor Release,Unresolved->Unresolved->Directional->Directional,0.7219280948844771,0.1111111111111111,0.8,0.2,1.0,2.5,7.5,0.8249229786894405,0.5806893403551319,0.25781746031746033,0.3937683829586091,0.20315986599407457,DirectionalReleasePressure,0.5806893403551319
157,2026-04-07 12:10:00,Stable Compression Basin,Unresolved->Directional->Directional->Unresolved,1.1567796494427114,0.2222222222222222,0.7,0.3,1.0,2.5,7.5,0.7834435594897017,0.35000800579196994,0.0717063492063492,0.747145716354275,0.339950310220355,CompressionPressure,0.747145716354275
158,2026-04-07 12:15:00,Stable Compression Basin,Directional->Directional->Unresolved->Unresolved,1.3709505944503406,0.2222222222222222,0.6,0.4,0.0,2.5,7.5,0.7478793573946892,0.1320643728901736,0.0717063492063492,0.6920933656246315,0.38680020444077384,CompressionPressure,0.6920933656246315
159,2026-04-07 12:20:00,Sponsor Exhaustion Collapse,Directional->Unresolved->Unresolved->Degrading,1.7609640474379105,0.3333333333333333,0.5,0.5,0.0,2.5,7.5,0.7063999381949504,0.09770833333333333,0.1855952380952381,0.15833333333333333,0.47857142857142854,RotationalPressure,0.47857142857142854
160,2026-04-07 12:25:00,Unstable Rotational Balance,Unresolved->Unresolved->Degrading->Balance,2.1219280948801487,0.4444444444444444,0.4,0.5,0.0,2.5,7.5,0.6649205189952117,0.07388888888888889,0.09948412698412698,0.0888888888888889,0.7702380952380952,RotationalPressure,0.7702380952380952
161,2026-04-07 12:30:00,Stable Compression Basin,Unresolved->Degrading->Balance->Unresolved,2.170950594447455,0.5555555555555556,0.3,0.5,0.0,2.5,7.5,0.6234410997954729,0.06173611111111111,0.11337301587301588,0.5111111111111111,0.5619047619047619,RotationalPressure,0.5619047619047619
162,2026-04-07 12:35:00,Unstable Rotational Balance,Degrading->Balance->Unresolved->Balance,2.246439344663802,0.6666666666666666,0.3,0.5,0.0,8.815999999999999,7.5,0.5850012643407121,0.04958333333333334,0.14981904761904763,0.033333333333333354,0.8625942857142856,RotationalPressure,0.8625942857142856
163,2026-04-07 12:40:00,Unstable Rotational Balance,Balance->Unresolved->Balance->Balance,2.170950594447455,0.6666666666666666,0.3,0.5,0.0,8.815999999999999,7.5,0.5465614288859513,0.04958333333333334,0.14981904761904763,0.033333333333333354,0.8625942857142856,RotationalPressure,0.8625942857142856
164,2026-04-07 12:45:00,Stable Compression Basin,Unresolved->Balance->Balance->Unresolved,1.8464393446652445,0.6666666666666666,0.4,0.5,0.0,10.921,7.5,0.5109972267909388,0.04958333333333334,0.15733690476190476,0.4833333333333334,0.6156014285714285,RotationalPressure,0.6156014285714285
165,2026-04-07 12:50:00,Stable Compression Basin,Balance->Balance->Unresolved->Unresolved,1.6854752972215634,0.6666666666666666,0.5,0.4,0.0,8.421,0.0,0.5131072205615181,0.05425000000000001,0.11340833333333333,0.525,0.61203,RotationalPressure,0.61203
166,2026-04-07 12:55:00,Stable Compression Basin,Balance->Unresolved->Unresolved->Unresolved,1.2954618442339936,0.5555555555555556,0.6,0.3,0.0,8.421,0.0,0.5152172143320974,0.09438564699527931,0.09951944444444444,0.6134780791798199,0.5037456117595194,CompressionPressure,0.6134780791798199
167,2026-04-07 13:00:00,Pure Unresolved Compression Equilibrium,Unresolved->Unresolved->Unresolved->Unresolved,1.6854752972215634,0.6666666666666666,0.5,0.2,0.0,8.421,0.0,0.5566966335318362,0.04025,0.11340833333333333,0.525,0.61203,RotationalPressure,0.61203
168,2026-04-07 13:05:00,Pure Unresolved Compression Equilibrium,Unresolved->Unresolved->Unresolved->Unresolved,1.8464393446652445,0.5555555555555556,0.4,0.1,0.0,8.421,0.0,0.5922608356268487,0.03373611111111111,0.09951944444444444,0.5111111111111111,0.5703633333333333,RotationalPressure,0.5703633333333333
169,2026-04-07 13:10:00,Pure Unresolved Compression Equilibrium,Unresolved->Unresolved->Unresolved->Unresolved,1.5709505944503404,0.4444444444444444,0.4,0.0,0.0,8.421,0.0,0.6337402548265875,0.04111298400128472,0.08563055555555554,0.5407044767357427,0.5223421092026785,CompressionPressure,0.5407044767357427
170,2026-04-07 13:15:00,Pure Unresolved Compression Equilibrium,Unresolved->Unresolved->Unresolved->Unresolved,1.5219280948830343,0.3333333333333333,0.4,0.0,0.0,8.421,0.0,0.6752196740263262,0.05701904690218436,0.07174166666666666,0.571546160736477,0.4699517707556637,CompressionPressure,0.571546160736477
171,2026-04-07 13:20:00,Pure Unresolved Compression Equilibrium,Unresolved->Unresolved->Unresolved->Unresolved,1.4854752972230063,0.2222222222222222,0.5,0.0,0.0,8.421,0.0,0.716699093226065,0.08362940866747469,0.057852777777777774,0.6432689050346733,0.42031105460086593,CompressionPressure,0.6432689050346733
172,2026-04-07 13:25:00,Pure Unresolved Compression Equilibrium,Unresolved->Unresolved->Unresolved->Unresolved,1.2954618442339936,0.2222222222222222,0.6,0.0,0.0,2.105,0.0,0.7551389286808258,0.10984398032861264,0.03529563492063492,0.6968114125131533,0.36972275461666226,CompressionPressure,0.6968114125131533
173,2026-04-07 13:30:00,Unstable Rotational Balance,Unresolved->Unresolved->Unresolved->Balance,1.2954618442339936,0.2222222222222222,0.6,0.0,0.0,8.421,0.0,0.7551389286808258,0.10984398032861264,0.057852777777777774,0.2468114125131532,0.6287456117595194,RotationalPressure,0.6287456117595194
174,2026-04-07 13:35:00,Stable Compression Basin,Unresolved->Unresolved->Balance->Unresolved,1.2954618442339936,0.3333333333333333,0.6,0.0,0.0,8.421,0.0,0.7551389286808258,0.09769120255083487,0.07174166666666666,0.6690336347353755,0.42041227842618606,CompressionPressure,0.6690336347353755
175,2026-04-07 13:40:00,Stable Compression Basin,Unresolved->Balance->Unresolved->Unresolved,1.2954618442339936,0.3333333333333333,0.6,0.0,0.0,8.421,0.0,0.7551389286808258,0.09769120255083487,0.07174166666666666,0.6690336347353755,0.42041227842618606,CompressionPressure,0.6690336347353755
176,2026-04-07 13:45:00,Stable Compression Basin,Balance->Unresolved->Unresolved->Unresolved,1.2954618442339936,0.2222222222222222,0.6,0.0,0.0,8.421,0.0,0.7551389286808258,0.10984398032861264,0.057852777777777774,0.6968114125131533,0.3787456117595194,CompressionPressure,0.6968114125131533
177,2026-04-07 13:50:00,Pure Unresolved Compression Equilibrium,Unresolved->Unresolved->Unresolved->Unresolved,1.2954618442339936,0.3333333333333333,0.6,0.0,0.0,8.421,0.0,0.7551389286808258,0.09769120255083487,0.07174166666666666,0.6690336347353755,0.42041227842618606,CompressionPressure,0.6690336347353755
178,2026-04-07 13:55:00,Pure Unresolved Compression Equilibrium,Unresolved->Unresolved->Unresolved->Unresolved,1.2954618442339936,0.3333333333333333,0.6,0.0,0.0,8.421,0.0,0.7551389286808258,0.09769120255083487,0.07174166666666666,0.6690336347353755,0.42041227842618606,CompressionPressure,0.6690336347353755
179,2026-04-07 14:00:00,Pure Unresolved Compression Equilibrium,Unresolved->Unresolved->Unresolved->Unresolved,1.2954618442339936,0.3333333333333333,0.6,0.0,0.0,8.421,0.0,0.7551389286808258,0.09769120255083487,0.07174166666666666,0.6690336347353755,0.42041227842618606,CompressionPressure,0.6690336347353755
180,2026-04-08 06:35:00,Pure Unresolved Compression Equilibrium,Unresolved->Unresolved->Unresolved->Unresolved,1.2954618442339936,0.3333333333333333,0.6,0.0,0.0,8.421,0.0,0.7551389286808258,0.09769120255083487,0.07174166666666666,0.6690336347353755,0.42041227842618606,CompressionPressure,0.6690336347353755
181,2026-04-08 06:40:00,Pure Unresolved Compression Equilibrium,Unresolved->Unresolved->Unresolved->Unresolved,1.2954618442339936,0.3333333333333333,0.6,0.0,0.0,8.421,0.0,0.7551389286808258,0.09769120255083487,0.07174166666666666,0.6690336347353755,0.42041227842618606,CompressionPressure,0.6690336347353755
182,2026-04-08 06:45:00,Pure Unresolved Compression Equilibrium,Unresolved->Unresolved->Unresolved->Unresolved,1.2954618442339936,0.2222222222222222,0.6,0.0,0.0,8.421,0.0,0.7551389286808258,0.10984398032861264,0.057852777777777774,0.6968114125131533,0.3787456117595194,CompressionPressure,0.6968114125131533
183,2026-04-08 06:50:00,Pure Unresolved Compression Equilibrium,Unresolved->Unresolved->Unresolved->Unresolved,0.8812908992278072,0.1111111111111111,0.7,0.0,0.0,2.105,0.0,0.7935787641355866,0.1653733877500932,0.02140674603174603,0.7921415410204843,0.2374561937298923,CompressionPressure,0.7921415410204843
184,2026-04-08 06:55:00,Pure Unresolved Compression Equilibrium,Unresolved->Unresolved->Unresolved->Unresolved,0.7219280948844771,0.1111111111111111,0.8,0.0,0.0,0.0,0.0,0.829142966230599,0.18924126912429612,0.013888888888888888,0.8437683829586091,0.199588437422646,CompressionPressure,0.8437683829586091
185,2026-04-08 07:00:00,Pure Unresolved Compression Equilibrium,Unresolved->Unresolved->Unresolved->Unresolved,0.4689955935863958,0.1111111111111111,0.9,0.0,0.0,0.0,0.0,0.8647071683256116,0.2202730804215971,0.013888888888888888,0.9012433309564057,0.14425945276369073,CompressionPressure,0.9012433309564057
186,2026-04-08 07:05:00,Pure Unresolved Compression Equilibrium,Unresolved->Unresolved->Unresolved->Unresolved,-1.4428232973175175e-12,0.0,1.0,0.0,0.0,0.0,0.0,0.9002713704206242,0.27999999999999997,0.0,0.9999999999999999,0.0,CompressionPressure,0.9999999999999999
187,2026-04-08 07:10:00,Pure Unresolved Compression Equilibrium,Unresolved->Unresolved->Unresolved->Unresolved,-1.4428232973175175e-12,0.0,1.0,0.0,0.0,0.0,0.0,0.9002713704206242,0.27999999999999997,0.0,0.9999999999999999,0.0,CompressionPressure,0.9999999999999999
188,2026-04-08 07:15:00,Pure Unresolved Compression Equilibrium,Unresolved->Unresolved->Unresolved->Unresolved,-1.4428232973175175e-12,0.0,1.0,0.0,0.0,0.0,0.0,0.9002713704206242,0.27999999999999997,0.0,0.9999999999999999,0.0,CompressionPressure,0.9999999999999999
189,2026-04-08 07:20:00,Pure Unresolved Compression Equilibrium,Unresolved->Unresolved->Unresolved->Unresolved,-1.4428232973175175e-12,0.0,1.0,0.0,0.0,0.0,0.0,0.9002713704206242,0.27999999999999997,0.0,0.9999999999999999,0.0,CompressionPressure,0.9999999999999999
190,2026-04-08 07:25:00,Pure Unresolved Compression Equilibrium,Unresolved->Unresolved->Unresolved->Unresolved,-1.4428232973175175e-12,0.0,1.0,0.0,0.0,0.0,0.0,0.9002713704206242,0.27999999999999997,0.0,0.9999999999999999,0.0,CompressionPressure,0.9999999999999999
191,2026-04-08 07:30:00,Pure Unresolved Compression Equilibrium,Unresolved->Unresolved->Unresolved->Unresolved,-1.4428232973175175e-12,0.0,1.0,0.0,0.0,0.0,0.0,0.9002713704206242,0.27999999999999997,0.0,0.9999999999999999,0.0,CompressionPressure,0.9999999999999999
192,2026-04-08 07:35:00,Pure Unresolved Compression Equilibrium,Unresolved->Unresolved->Unresolved->Unresolved,-1.4428232973175175e-12,0.0,1.0,0.0,0.0,0.0,0.0,0.9002713704206242,0.27999999999999997,0.0,0.9999999999999999,0.0,CompressionPressure,0.9999999999999999
193,2026-04-08 07:40:00,Pure Unresolved Compression Equilibrium,Unresolved->Unresolved->Unresolved->Unresolved,-1.4428232973175175e-12,0.0,1.0,0.0,0.0,0.0,0.0,0.9002713704206242,0.27999999999999997,0.0,0.9999999999999999,0.0,CompressionPressure,0.9999999999999999
194,2026-04-08 07:45:00,Pure Unresolved Compression Equilibrium,Unresolved->Unresolved->Unresolved->Unresolved,-1.4428232973175175e-12,0.0,1.0,0.0,0.0,0.0,0.0,0.9002713704206242,0.27999999999999997,0.0,0.9999999999999999,0.0,CompressionPressure,0.9999999999999999
195,2026-04-08 07:50:00,Pure Unresolved Compression Equilibrium,Unresolved->Unresolved->Unresolved->Unresolved,-1.4428232973175175e-12,0.0,1.0,0.0,0.0,0.0,0.0,0.9002713704206242,0.27999999999999997,0.0,0.9999999999999999,0.0,CompressionPressure,0.9999999999999999
196,2026-04-08 07:55:00,Pure Unresolved Compression Equilibrium,Unresolved->Unresolved->Unresolved->Unresolved,-1.4428232973175175e-12,0.0,1.0,0.0,0.0,0.0,0.0,0.9002713704206242,0.27999999999999997,0.0,0.9999999999999999,0.0,CompressionPressure,0.9999999999999999
197,2026-04-08 08:00:00,Pure Unresolved Compression Equilibrium,Unresolved->Unresolved->Unresolved->Unresolved,-1.4428232973175175e-12,0.0,1.0,0.0,0.0,0.0,0.0,0.9002713704206242,0.27999999999999997,0.0,0.9999999999999999,0.0,CompressionPressure,0.9999999999999999
198,2026-04-08 08:05:00,Pure Unresolved Compression Equilibrium,Unresolved->Unresolved->Unresolved->Unresolved,-1.4428232973175175e-12,0.0,1.0,0.0,0.0,0.0,0.0,0.9002713704206242,0.27999999999999997,0.0,0.9999999999999999,0.0,CompressionPressure,0.9999999999999999
199,2026-04-08 08:10:00,Pure Unresolved Compression Equilibrium,Unresolved->Unresolved->Unresolved->Unresolved,-1.4428232973175175e-12,0.0,1.0,0.0,0.0,0.0,0.0,0.9002713704206242,0.27999999999999997,0.0,0.9999999999999999,0.0,CompressionPressure,0.9999999999999999
200,2026-04-08 08:15:00,Pure Unresolved Compression Equilibrium,Unresolved->Unresolved->Unresolved->Unresolved,-1.4428232973175175e-12,0.0,1.0,0.0,0.0,0.0,0.0,0.9002713704206242,0.27999999999999997,0.0,0.9999999999999999,0.0,CompressionPressure,0.9999999999999999
201,2026-04-08 08:20:00,Pure Unresolved Compression Equilibrium,Unresolved->Unresolved->Unresolved->Unresolved,-1.4428232973175175e-12,0.0,1.0,0.0,0.0,0.0,0.0,0.9002713704206242,0.27999999999999997,0.0,0.9999999999999999,0.0,CompressionPressure,0.9999999999999999
202,2026-04-08 08:25:00,Pure Unresolved Compression Equilibrium,Unresolved->Unresolved->Unresolved->Unresolved,-1.4428232973175175e-12,0.0,1.0,0.0,0.0,0.0,0.0,0.9002713704206242,0.27999999999999997,0.0,0.9999999999999999,0.0,CompressionPressure,0.9999999999999999
203,2026-04-08 08:30:00,Pure Unresolved Compression Equilibrium,Unresolved->Unresolved->Unresolved->Unresolved,-1.4428232973175175e-12,0.0,1.0,0.0,0.0,0.0,0.0,0.9002713704206242,0.27999999999999997,0.0,0.9999999999999999,0.0,CompressionPressure,0.9999999999999999
204,2026-04-08 08:35:00,Pure Unresolved Compression Equilibrium,Unresolved->Unresolved->Unresolved->Unresolved,-1.4428232973175175e-12,0.0,1.0,0.0,0.0,0.0,0.0,0.9002713704206242,0.27999999999999997,0.0,0.9999999999999999,0.0,CompressionPressure,0.9999999999999999
205,2026-04-08 08:40:00,Pure Unresolved Compression Equilibrium,Unresolved->Unresolved->Unresolved->Unresolved,-1.4428232973175175e-12,0.0,1.0,0.0,0.0,0.0,0.0,0.9002713704206242,0.27999999999999997,0.0,0.9999999999999999,0.0,CompressionPressure,0.9999999999999999
206,2026-04-08 08:45:00,Pure Unresolved Compression Equilibrium,Unresolved->Unresolved->Unresolved->Unresolved,-1.4428232973175175e-12,0.0,1.0,0.0,0.0,0.0,0.0,0.9002713704206242,0.27999999999999997,0.0,0.9999999999999999,0.0,CompressionPressure,0.9999999999999999
207,2026-04-08 08:50:00,Pure Unresolved Compression Equilibrium,Unresolved->Unresolved->Unresolved->Unresolved,-1.4428232973175175e-12,0.0,1.0,0.0,0.0,0.0,0.0,0.9002713704206242,0.27999999999999997,0.0,0.9999999999999999,0.0,CompressionPressure,0.9999999999999999
208,2026-04-08 08:55:00,Directional Continuation / Sponsor Release,Unresolved->Unresolved->Unresolved->Directional,0.4689955935863958,0.1111111111111111,0.9,0.1,1.0,2.5,7.5,0.8625971745550324,0.6493516583474204,0.25781746031746033,0.4512433309564058,0.1478308813351193,DirectionalReleasePressure,0.6493516583474204
209,2026-04-08 09:00:00,Sponsor Exhaustion Collapse,Unresolved->Unresolved->Directional->Degrading,0.9219280948830342,0.2222222222222222,0.8,0.2,1.0,9.5,7.5,0.821413968148808,0.4017736945065802,0.19670634920634922,0.35349060518092146,0.2985765326604256,DirectionalReleasePressure,0.4017736945065802
210,2026-04-08 09:05:00,Directional Continuation / Sponsor Release,Unresolved->Directional->Degrading->Directional,1.1567796494427114,0.3333333333333333,0.7,0.3,1.0,9.5,7.5,0.7799345489490693,0.4027877850177402,0.3105952380952381,0.2693679385764972,0.3916169768870217,DirectionalReleasePressure,0.4027877850177402
211,2026-04-08 09:10:00,Sponsor Exhaustion Collapse,Directional->Degrading->Directional->Degrading,1.3709505944503406,0.4444444444444444,0.6,0.4,1.0,16.5,7.5,0.738751342542845,0.24630586819341263,0.24948412698412697,0.18653781006907594,0.4901335377741072,RotationalPressure,0.4901335377741072
212,2026-04-08 09:15:00,Stable Compression Basin,Degrading->Directional->Degrading->Unresolved,1.7609640474379105,0.5555555555555556,0.5,0.5,1.0,19.441,7.5,0.7031871404478325,0.1677777777777778,0.1738765873015873,0.5527777777777778,0.5861061904761905,RotationalPressure,0.5861061904761905
213,2026-04-08 09:20:00,Sponsor Exhaustion Collapse,Directional->Degrading->Unresolved->Degrading,1.8464393446652445,0.6666666666666666,0.4,0.6,0.0,25.805,7.5,0.6620039340416083,0.05658333333333333,0.31049404761904764,0.033333333333333354,0.6368642857142857,RotationalPressure,0.6368642857142857
214,2026-04-08 09:25:00,Stable Compression Basin,Degrading->Unresolved->Degrading->Unresolved,1.9709505944488979,0.7777777777777778,0.3,0.6,0.0,28.746000000000002,7.5,0.6264397319465959,0.04443055555555555,0.23488650793650795,0.4555555555555556,0.6827323809523809,RotationalPressure,0.6827323809523809
215,2026-04-08 09:30:00,Stable Compression Basin,Unresolved->Degrading->Unresolved->Unresolved,1.9709505944488979,0.7777777777777778,0.3,0.6,0.0,28.746000000000002,7.5,0.5908755298515833,0.04443055555555555,0.23488650793650795,0.4555555555555556,0.6827323809523809,RotationalPressure,0.6827323809523809
216,2026-04-08 09:35:00,Sponsor Exhaustion Collapse,Degrading->Unresolved->Unresolved->Degrading,1.8464393446652445,0.8888888888888888,0.4,0.6,0.0,35.11,7.5,0.549692323445359,0.041999999999999996,0.3603928571428572,0.0,0.7001571428571428,RotationalPressure,0.7001571428571428
217,2026-04-08 09:40:00,Sponsor Exhaustion Collapse,Unresolved->Unresolved->Degrading->Degrading,1.4854752972230063,0.7777777777777778,0.5,0.6,0.0,35.11,7.5,0.5085091170391348,0.0648655197785858,0.3576150793650794,0.05438001614578433,0.6667715307913421,RotationalPressure,0.6667715307913421
218,2026-04-08 09:45:00,Sponsor Exhaustion Collapse,Unresolved->Degrading->Degrading->Degrading,1.2954618442339936,0.6666666666666666,0.6,0.5,0.0,32.61,0.0,0.5050001064985024,0.09623286921750154,0.29979761904761904,0.1357003014020421,0.5799679927119004,RotationalPressure,0.5799679927119004
219,2026-04-08 09:50:00,Sponsor Exhaustion Collapse,Degrading->Degrading->Degrading->Degrading,1.2954618442339936,0.5555555555555556,0.6,0.4,0.0,25.610000000000003,0.0,0.5050001064985024,0.10138564699527931,0.2609087301587302,0.16347807917981982,0.5283013260452337,RotationalPressure,0.5283013260452337
220,2026-04-08 09:55:00,Stable Compression Basin,Degrading->Degrading->Degrading->Unresolved,0.9709505944517833,0.5555555555555556,0.6,0.3,0.0,28.551,0.0,0.5109153236032287,0.11923103955672977,0.17141230158730159,0.633760032291208,0.46151591872680375,CompressionPressure,0.633760032291208
221,2026-04-08 10:00:00,Stable Compression Basin,Degrading->Degrading->Unresolved->Unresolved,0.9999999999971146,0.4444444444444444,0.5,0.2,0.0,21.551,0.0,0.5165343279144403,0.11049305555577647,0.1325234126984127,0.618055555555736,0.4162038095231783,CompressionPressure,0.618055555555736
222,2026-04-08 10:05:00,Unstable Rotational Balance,Degrading->Unresolved->Unresolved->Balance,1.360964047439353,0.4444444444444444,0.5,0.1,0.0,24.926,0.0,0.513658694554692,0.07585674567348011,0.1445769841269841,0.145495302590596,0.7499861234725965,RotationalPressure,0.7499861234725965
223,2026-04-08 10:10:00,Stable Compression Basin,Unresolved->Unresolved->Balance->Unresolved,1.360964047439353,0.4444444444444444,0.5,0.0,0.0,20.667,0.0,0.5192776988659038,0.0688567456734801,0.12936626984126984,0.595495302590596,0.4939018377583108,CompressionPressure,0.595495302590596
224,2026-04-08 10:15:00,Stable Compression Basin,Unresolved->Balance->Unresolved->Unresolved,1.360964047439353,0.4444444444444444,0.5,0.0,0.0,17.726,0.0,0.5192776988659038,0.0688567456734801,0.1188626984126984,0.595495302590596,0.48970040918688224,CompressionPressure,0.595495302590596
225,2026-04-08 10:20:00,Stable Compression Basin,Balance->Unresolved->Unresolved->Unresolved,1.360964047439353,0.3333333333333333,0.5,0.0,0.0,17.726,0.0,0.5192776988659038,0.08100952345125786,0.10497380952380952,0.6232730803683738,0.4480337425202156,CompressionPressure,0.6232730803683738
226,2026-04-08 10:25:00,Pure Unresolved Compression Equilibrium,Unresolved->Unresolved->Unresolved->Unresolved,1.6854752972215634,0.4444444444444444,0.5,0.0,0.0,11.361999999999998,0.0,0.5604609052721281,0.050555555555555555,0.09613412698412697,0.5805555555555556,0.5328980952380952,CompressionPressure,0.5805555555555556
227,2026-04-08 10:30:00,Unstable Rotational Balance,Unresolved->Unresolved->Unresolved->Balance,1.7609640474379105,0.5555555555555556,0.5,0.0,0.0,17.677999999999997,0.0,0.5632042762235915,0.03840277777777777,0.13258015873015871,0.10277777777777777,0.833587619047619,RotationalPressure,0.833587619047619
228,2026-04-08 10:35:00,Stable Compression Basin,Unresolved->Unresolved->Balance->Unresolved,1.5709505944488977,0.6666666666666666,0.6,0.0,0.0,19.782999999999998,0.0,0.5688232805348032,0.040140761779172945,0.15398690476190474,0.5684822545136106,0.6219068711071248,RotationalPressure,0.6219068711071248
229,2026-04-08 10:40:00,Unstable Rotational Balance,Unresolved->Balance->Unresolved->Balance,1.2954618442339936,0.6666666666666666,0.6,0.0,0.0,26.099,0.0,0.5715666514862667,0.06123286921750154,0.17654404761904763,0.1357003014020421,0.8206665641404718,RotationalPressure,0.8206665641404718
230,2026-04-08 10:45:00,Unstable Rotational Balance,Balance->Unresolved->Balance->Balance,1.360964047439353,0.6666666666666666,0.5,0.0,0.0,23.157999999999998,0.0,0.5686910181265183,0.04455119011792455,0.16604047619047618,0.08993974703504046,0.8307937425202157,RotationalPressure,0.8307937425202157
231,2026-04-08 10:50:00,Stable Compression Basin,Unresolved->Balance->Balance->Unresolved,1.360964047439353,0.6666666666666666,0.5,0.0,0.0,25.262999999999998,0.0,0.5686910181265183,0.04455119011792455,0.17355833333333331,0.5399397470350404,0.5838008853773584,RotationalPressure,0.5838008853773584
232,2026-04-08 10:55:00,Stable Compression Basin,Balance->Balance->Unresolved->Unresolved,1.2954618442339936,0.5555555555555556,0.6,0.0,0.0,18.947000000000003,0.0,0.5715666514862667,0.0733856469952793,0.1371123015873016,0.6134780791798199,0.5187827546166622,CompressionPressure,0.6134780791798199
233,2026-04-08 11:00:00,Unstable Rotational Balance,Balance->Unresolved->Unresolved->Balance,1.360964047439353,0.6666666666666666,0.5,0.0,0.0,23.157999999999998,0.0,0.5686910181265183,0.04455119011792455,0.16604047619047618,0.08993974703504046,0.8307937425202157,RotationalPressure,0.8307937425202157
234,2026-04-08 11:05:00,Unstable Rotational Balance,Unresolved->Unresolved->Balance->Balance,1.360964047439353,0.6666666666666666,0.5,0.0,0.0,23.157999999999998,0.0,0.56581538476677,0.04455119011792455,0.16604047619047618,0.08993974703504046,0.8307937425202157,RotationalPressure,0.8307937425202157
235,2026-04-08 11:10:00,Stable Compression Basin,Unresolved->Balance->Balance->Unresolved,1.360964047439353,0.6666666666666666,0.5,0.0,0.0,25.262999999999998,0.0,0.56581538476677,0.04455119011792455,0.17355833333333331,0.5399397470350404,0.5838008853773584,RotationalPressure,0.5838008853773584
236,2026-04-08 11:15:00,Stable Compression Basin,Balance->Balance->Unresolved->Unresolved,0.9999999999971146,0.5555555555555556,0.5,0.0,0.0,25.262999999999998,0.0,0.5302511826717575,0.08434027777799868,0.15966944444444445,0.5902777777779582,0.4631733333327021,CompressionPressure,0.5902777777779582
237,2026-04-08 11:20:00,Stable Compression Basin,Balance->Unresolved->Unresolved->Unresolved,0.9709505944517833,0.4444444444444444,0.6,0.0,0.0,18.946999999999996,0.0,0.5331268160315059,0.11038381733450757,0.12322341269841268,0.6615378100689858,0.40612925206013706,CompressionPressure,0.6615378100689858
238,2026-04-08 11:25:00,Pure Unresolved Compression Equilibrium,Unresolved->Unresolved->Unresolved->Unresolved,1.360964047439353,0.4444444444444444,0.5,0.0,0.0,16.842,0.0,0.5686910181265183,0.0688567456734801,0.11570555555555555,0.595495302590596,0.48843755204402506,CompressionPressure,0.595495302590596
239,2026-04-08 11:30:00,Unstable Rotational Balance,Unresolved->Unresolved->Unresolved->Balance,1.360964047439353,0.5555555555555556,0.5,0.0,0.0,16.842,0.0,0.5686910181265183,0.056703967895702326,0.12959444444444446,0.11771752481281822,0.7801042187106917,RotationalPressure,0.7801042187106917
240,2026-04-08 11:35:00,Unstable Rotational Balance,Unresolved->Unresolved->Balance->Balance,1.360964047439353,0.4444444444444444,0.5,0.0,0.0,16.842,0.0,0.5686910181265183,0.0688567456734801,0.11570555555555555,0.145495302590596,0.7384375520440251,RotationalPressure,0.7384375520440251
241,2026-04-08 11:40:00,Stable Compression Basin,Unresolved->Balance->Balance->Unresolved,1.360964047439353,0.5555555555555556,0.5,0.0,0.0,16.842000000000002,0.0,0.5686910181265183,0.056703967895702326,0.12959444444444446,0.5677175248128182,0.5301042187106917,CompressionPressure,0.5677175248128182
242,2026-04-08 11:45:00,Stable Compression Basin,Balance->Balance->Unresolved->Unresolved,1.360964047439353,0.4444444444444444,0.5,0.0,0.0,16.842000000000002,0.0,0.5686910181265183,0.0688567456734801,0.11570555555555556,0.595495302590596,0.4884375520440251,CompressionPressure,0.595495302590596
243,2026-04-08 11:50:00,Stable Compression Basin,Balance->Unresolved->Unresolved->Unresolved,1.2954618442339936,0.4444444444444444,0.6,0.0,0.0,10.526,0.0,0.5715666514862667,0.08553842477305709,0.0931484126984127,0.6412558569575977,0.46508608794999556,CompressionPressure,0.6412558569575977
244,2026-04-08 11:55:00,Unstable Rotational Balance,Unresolved->Unresolved->Unresolved->Balance,1.2954618442339936,0.4444444444444444,0.6,0.0,0.0,16.842,0.0,0.5715666514862667,0.08553842477305709,0.11570555555555555,0.19125585695759761,0.7241089450928526,RotationalPressure,0.7241089450928526
245,2026-04-08 12:00:00,Unstable Rotational Balance,Unresolved->Unresolved->Balance->Balance,1.360964047439353,0.4444444444444444,0.5,0.0,0.0,14.737,0.0,0.5686910181265183,0.0688567456734801,0.1081876984126984,0.145495302590596,0.7354304091868822,RotationalPressure,0.7354304091868822
246,2026-04-08 12:05:00,Unstable Rotational Balance,Unresolved->Balance->Balance->Balance,1.360964047439353,0.4444444444444444,0.5,0.0,0.0,14.737,0.0,0.56581538476677,0.0688567456734801,0.1081876984126984,0.145495302590596,0.7354304091868822,RotationalPressure,0.7354304091868822
247,2026-04-08 12:10:00,Unstable Rotational Balance,Balance->Balance->Balance->Unresolved,1.2954618442339936,0.3333333333333333,0.6,0.0,0.0,16.842000000000002,0.0,0.5629397514070217,0.09769120255083487,0.10181666666666667,0.2190336347353754,0.6824422784261861,RotationalPressure,0.6824422784261861
248,2026-04-08 12:15:00,Stable Compression Basin,Balance->Balance->Unresolved->Unresolved,0.9709505944517833,0.3333333333333333,0.6,0.0,0.0,16.842000000000002,0.0,0.5273755493120091,0.12253659511228533,0.10181666666666667,0.6893155878467636,0.3614554425363276,CompressionPressure,0.6893155878467636
249,2026-04-08 12:20:00,Stable Compression Basin,Balance->Unresolved->Unresolved->Unresolved,0.9999999999971146,0.3333333333333333,0.5,0.0,0.0,10.526,0.0,0.5302511826717575,0.10864583333355424,0.07925952380952381,0.6458333333335138,0.35878714285651164,CompressionPressure,0.6458333333335138
250,2026-04-08 12:25:00,Pure Unresolved Compression Equilibrium,Unresolved->Unresolved->Unresolved->Unresolved,1.360964047439353,0.3333333333333333,0.5,0.0,0.0,10.526,0.0,0.5686910181265183,0.08100952345125786,0.07925952380952381,0.6232730803683738,0.4377480282345013,CompressionPressure,0.6232730803683738
251,2026-04-08 12:30:00,Pure Unresolved Compression Equilibrium,Unresolved->Unresolved->Unresolved->Unresolved,1.5219280948830343,0.3333333333333333,0.4,0.0,0.0,8.421,0.0,0.6042552202215308,0.05701904690218436,0.07174166666666666,0.571546160736477,0.4699517707556637,CompressionPressure,0.571546160736477
252,2026-04-08 12:35:00,Pure Unresolved Compression Equilibrium,Unresolved->Unresolved->Unresolved->Unresolved,1.5709505944503404,0.3333333333333333,0.4,0.0,0.0,8.421,0.0,0.6398194223165433,0.0532657617790625,0.07174166666666666,0.5684822545135204,0.4806754425360119,CompressionPressure,0.5684822545135204
253,2026-04-08 12:40:00,Pure Unresolved Compression Equilibrium,Unresolved->Unresolved->Unresolved->Unresolved,1.5219280948830343,0.2222222222222222,0.4,0.0,0.0,8.421,0.0,0.6753836244115557,0.06917182467996214,0.057852777777777774,0.5993239385142548,0.428285104088997,CompressionPressure,0.5993239385142548
254,2026-04-08 12:45:00,Pure Unresolved Compression Equilibrium,Unresolved->Unresolved->Unresolved->Unresolved,1.4854752972230063,0.2222222222222222,0.5,0.0,0.0,2.105,0.0,0.7138234598663166,0.08362940866747469,0.03529563492063492,0.6432689050346733,0.4112881974580088,CompressionPressure,0.6432689050346733
255,2026-04-08 12:50:00,Pure Unresolved Compression Equilibrium,Unresolved->Unresolved->Unresolved->Unresolved,1.3709505944503406,0.2222222222222222,0.6,0.0,0.0,2.105,0.0,0.7522632953210774,0.10406437289017358,0.03529563492063492,0.6920933656246315,0.38623591872648816,CompressionPressure,0.6920933656246315
256,2026-04-08 12:55:00,Pure Unresolved Compression Equilibrium,Unresolved->Unresolved->Unresolved->Unresolved,1.1567796494427114,0.2222222222222222,0.7,0.0,0.0,2.105,0.0,0.7907031307758382,0.13212850253398684,0.03529563492063492,0.747145716354275,0.3393860245060693,CompressionPressure,0.747145716354275
257,2026-04-08 13:00:00,Directional Continuation / Sponsor Release,Unresolved->Unresolved->Unresolved->Directional,1.1567796494427114,0.2222222222222222,0.7,0.1,1.0,2.5,7.5,0.7914687703650072,0.39751000723996244,0.27170634920634923,0.297145716354275,0.339950310220355,DirectionalReleasePressure,0.39751000723996244
258,2026-04-08 13:05:00,Directional Continuation / Sponsor Release,Unresolved->Unresolved->Directional->Directional,1.1567796494427114,0.2222222222222222,0.7,0.2,1.0,2.5,7.5,0.7893587765944279,0.41751000723996246,0.27170634920634923,0.297145716354275,0.339950310220355,DirectionalReleasePressure,0.41751000723996246
259,2026-04-08 13:10:00,Directional Continuation / Sponsor Release,Unresolved->Directional->Directional->Directional,0.8812908992278072,0.1111111111111111,0.7,0.3,1.0,2.5,7.5,0.7872487828238486,0.532495393571695,0.25781746031746033,0.3421415410204842,0.238020479444178,DirectionalReleasePressure,0.532495393571695
260,2026-04-08 13:15:00,Sponsor Exhaustion Collapse,Directional->Directional->Directional->Degrading,1.2954618442339936,0.2222222222222222,0.6,0.4,0.0,9.5,7.5,0.7460655764176244,0.13784398032861264,0.19670634920634922,0.2468114125131532,0.38028704033094796,RotationalPressure,0.38028704033094796
261,2026-04-08 13:20:00,Stable Compression Basin,Directional->Directional->Degrading->Unresolved,1.6854752972215634,0.3333333333333333,0.5,0.5,0.0,12.440999999999999,7.5,0.710501374322612,0.09770833333333333,0.1210988095238095,0.6083333333333334,0.4927728571428571,CompressionPressure,0.6083333333333334
262,2026-04-08 13:25:00,Unstable Rotational Balance,Directional->Degrading->Unresolved->Balance,2.046439344663802,0.4444444444444444,0.4,0.6,0.0,12.440999999999999,7.5,0.6690219551228731,0.08088888888888889,0.1349876984126984,0.0888888888888889,0.7844395238095238,RotationalPressure,0.7844395238095238
263,2026-04-08 13:30:00,Stable Compression Basin,Degrading->Unresolved->Balance->Unresolved,2.170950594447455,0.5555555555555556,0.3,0.6,0.0,14.546000000000001,7.5,0.6334577530278607,0.06873611111111111,0.15639444444444445,0.5111111111111111,0.5791133333333334,RotationalPressure,0.5791133333333334
264,2026-04-08 13:35:00,Stable Compression Basin,Unresolved->Balance->Unresolved->Unresolved,2.170950594447455,0.5555555555555556,0.3,0.6,0.0,14.546000000000001,7.5,0.5978935509328481,0.06873611111111111,0.15639444444444445,0.5111111111111111,0.5791133333333334,RotationalPressure,0.5791133333333334
265,2026-04-08 13:40:00,Stable Compression Basin,Balance->Unresolved->Unresolved->Unresolved,2.046439344663802,0.5555555555555556,0.4,0.6,0.0,14.545999999999998,7.5,0.5623293488378357,0.06873611111111111,0.15639444444444445,0.5111111111111111,0.5791133333333334,RotationalPressure,0.5791133333333334
266,2026-04-08 13:45:00,Pure Unresolved Compression Equilibrium,Unresolved->Unresolved->Unresolved->Unresolved,2.046439344663802,0.5555555555555556,0.4,0.6,0.0,14.546000000000001,7.5,0.5623293488378357,0.06873611111111111,0.15639444444444445,0.5111111111111111,0.5791133333333334,RotationalPressure,0.5791133333333334
267,2026-04-08 13:50:00,Pure Unresolved Compression Equilibrium,Unresolved->Unresolved->Unresolved->Unresolved,2.1219280948801487,0.5555555555555556,0.4,0.5,0.0,12.046,0.0,0.6000035447034275,0.06173611111111111,0.11246587301587302,0.5111111111111111,0.5755419047619048,RotationalPressure,0.5755419047619048
268,2026-04-08 13:55:00,Pure Unresolved Compression Equilibrium,Unresolved->Unresolved->Unresolved->Unresolved,2.046439344663802,0.5555555555555556,0.4,0.4,0.0,12.046,0.0,0.6376777405690193,0.05473611111111112,0.11246587301587302,0.5111111111111111,0.5755419047619048,RotationalPressure,0.5755419047619048
269,2026-04-08 14:00:00,Pure Unresolved Compression Equilibrium,Unresolved->Unresolved->Unresolved->Unresolved,1.7219280948815914,0.4444444444444444,0.4,0.3,0.0,12.046,0.0,0.6753519364346111,0.059888888888888894,0.09857698412698412,0.538888888888889,0.5338752380952381,CompressionPressure,0.538888888888889
270,2026-04-09 06:35:00,Pure Unresolved Compression Equilibrium,Unresolved->Unresolved->Unresolved->Unresolved,1.360964047439353,0.3333333333333333,0.5,0.2,0.0,5.046,0.0,0.7165351428408353,0.09500952345125788,0.059688095238095235,0.6232730803683738,0.4299194568059299,CompressionPressure,0.6232730803683738
271,2026-04-09 06:40:00,Pure Unresolved Compression Equilibrium,Unresolved->Unresolved->Unresolved->Unresolved,1.2954618442339936,0.2222222222222222,0.6,0.1,0.0,2.105,0.0,0.7520993449358478,0.11684398032861265,0.03529563492063492,0.6968114125131533,0.36972275461666226,CompressionPressure,0.6968114125131533
272,2026-04-09 06:45:00,Pure Unresolved Compression Equilibrium,Unresolved->Unresolved->Unresolved->Unresolved,0.8812908992278072,0.1111111111111111,0.7,0.0,0.0,2.105,0.0,0.7935787641355866,0.1653733877500932,0.02140674603174603,0.7921415410204843,0.2374561937298923,CompressionPressure,0.7921415410204843
273,2026-04-09 06:50:00,Pure Unresolved Compression Equilibrium,Unresolved->Unresolved->Unresolved->Unresolved,0.7219280948844771,0.1111111111111111,0.8,0.0,0.0,0.0,0.0,0.829142966230599,0.18924126912429612,0.013888888888888888,0.8437683829586091,0.199588437422646,CompressionPressure,0.8437683829586091
274,2026-04-09 06:55:00,Pure Unresolved Compression Equilibrium,Unresolved->Unresolved->Unresolved->Unresolved,0.4689955935863958,0.1111111111111111,0.9,0.0,0.0,0.0,0.0,0.8647071683256116,0.2202730804215971,0.013888888888888888,0.9012433309564057,0.14425945276369073,CompressionPressure,0.9012433309564057
275,2026-04-09 07:00:00,Pure Unresolved Compression Equilibrium,Unresolved->Unresolved->Unresolved->Unresolved,-1.4428232973175175e-12,0.0,1.0,0.0,0.0,0.0,0.0,0.9002713704206242,0.27999999999999997,0.0,0.9999999999999999,0.0,CompressionPressure,0.9999999999999999
276,2026-04-09 07:05:00,Pure Unresolved Compression Equilibrium,Unresolved->Unresolved->Unresolved->Unresolved,-1.4428232973175175e-12,0.0,1.0,0.0,0.0,0.0,0.0,0.9002713704206242,0.27999999999999997,0.0,0.9999999999999999,0.0,CompressionPressure,0.9999999999999999
277,2026-04-09 07:10:00,Pure Unresolved Compression Equilibrium,Unresolved->Unresolved->Unresolved->Unresolved,-1.4428232973175175e-12,0.0,1.0,0.0,0.0,0.0,0.0,0.9002713704206242,0.27999999999999997,0.0,0.9999999999999999,0.0,CompressionPressure,0.9999999999999999
278,2026-04-09 07:15:00,Pure Unresolved Compression Equilibrium,Unresolved->Unresolved->Unresolved->Unresolved,-1.4428232973175175e-12,0.0,1.0,0.0,0.0,0.0,0.0,0.9002713704206242,0.27999999999999997,0.0,0.9999999999999999,0.0,CompressionPressure,0.9999999999999999
279,2026-04-09 07:20:00,Pure Unresolved Compression Equilibrium,Unresolved->Unresolved->Unresolved->Unresolved,-1.4428232973175175e-12,0.0,1.0,0.0,0.0,0.0,0.0,0.9002713704206242,0.27999999999999997,0.0,0.9999999999999999,0.0,CompressionPressure,0.9999999999999999
280,2026-04-09 07:25:00,Pure Unresolved Compression Equilibrium,Unresolved->Unresolved->Unresolved->Unresolved,-1.4428232973175175e-12,0.0,1.0,0.0,0.0,0.0,0.0,0.9002713704206242,0.27999999999999997,0.0,0.9999999999999999,0.0,CompressionPressure,0.9999999999999999
281,2026-04-09 07:30:00,Pure Unresolved Compression Equilibrium,Unresolved->Unresolved->Unresolved->Unresolved,-1.4428232973175175e-12,0.0,1.0,0.0,0.0,0.0,0.0,0.9002713704206242,0.27999999999999997,0.0,0.9999999999999999,0.0,CompressionPressure,0.9999999999999999
282,2026-04-09 07:35:00,Pure Unresolved Compression Equilibrium,Unresolved->Unresolved->Unresolved->Unresolved,-1.4428232973175175e-12,0.0,1.0,0.0,0.0,0.0,0.0,0.9002713704206242,0.27999999999999997,0.0,0.9999999999999999,0.0,CompressionPressure,0.9999999999999999
283,2026-04-09 07:40:00,Pure Unresolved Compression Equilibrium,Unresolved->Unresolved->Unresolved->Unresolved,-1.4428232973175175e-12,0.0,1.0,0.0,0.0,0.0,0.0,0.9002713704206242,0.27999999999999997,0.0,0.9999999999999999,0.0,CompressionPressure,0.9999999999999999
284,2026-04-09 07:45:00,Pure Unresolved Compression Equilibrium,Unresolved->Unresolved->Unresolved->Unresolved,-1.4428232973175175e-12,0.0,1.0,0.0,0.0,0.0,0.0,0.9002713704206242,0.27999999999999997,0.0,0.9999999999999999,0.0,CompressionPressure,0.9999999999999999
285,2026-04-09 07:50:00,Pure Unresolved Compression Equilibrium,Unresolved->Unresolved->Unresolved->Unresolved,-1.4428232973175175e-12,0.0,1.0,0.0,0.0,0.0,0.0,0.9002713704206242,0.27999999999999997,0.0,0.9999999999999999,0.0,CompressionPressure,0.9999999999999999
286,2026-04-09 07:55:00,Pure Unresolved Compression Equilibrium,Unresolved->Unresolved->Unresolved->Unresolved,-1.4428232973175175e-12,0.0,1.0,0.0,0.0,0.0,0.0,0.9002713704206242,0.27999999999999997,0.0,0.9999999999999999,0.0,CompressionPressure,0.9999999999999999
287,2026-04-09 08:00:00,Pure Unresolved Compression Equilibrium,Unresolved->Unresolved->Unresolved->Unresolved,-1.4428232973175175e-12,0.0,1.0,0.0,0.0,0.0,0.0,0.9002713704206242,0.27999999999999997,0.0,0.9999999999999999,0.0,CompressionPressure,0.9999999999999999
288,2026-04-09 08:05:00,Pure Unresolved Compression Equilibrium,Unresolved->Unresolved->Unresolved->Unresolved,-1.4428232973175175e-12,0.0,1.0,0.0,0.0,0.0,0.0,0.9002713704206242,0.27999999999999997,0.0,0.9999999999999999,0.0,CompressionPressure,0.9999999999999999
289,2026-04-09 08:10:00,Pure Unresolved Compression Equilibrium,Unresolved->Unresolved->Unresolved->Unresolved,-1.4428232973175175e-12,0.0,1.0,0.0,0.0,0.0,0.0,0.9002713704206242,0.27999999999999997,0.0,0.9999999999999999,0.0,CompressionPressure,0.9999999999999999
290,2026-04-09 08:15:00,Pure Unresolved Compression Equilibrium,Unresolved->Unresolved->Unresolved->Unresolved,-1.4428232973175175e-12,0.0,1.0,0.0,0.0,0.0,0.0,0.9002713704206242,0.27999999999999997,0.0,0.9999999999999999,0.0,CompressionPressure,0.9999999999999999
291,2026-04-09 08:20:00,Pure Unresolved Compression Equilibrium,Unresolved->Unresolved->Unresolved->Unresolved,-1.4428232973175175e-12,0.0,1.0,0.0,0.0,0.0,0.0,0.9002713704206242,0.27999999999999997,0.0,0.9999999999999999,0.0,CompressionPressure,0.9999999999999999
292,2026-04-09 08:25:00,Pure Unresolved Compression Equilibrium,Unresolved->Unresolved->Unresolved->Unresolved,-1.4428232973175175e-12,0.0,1.0,0.0,0.0,0.0,0.0,0.9002713704206242,0.27999999999999997,0.0,0.9999999999999999,0.0,CompressionPressure,0.9999999999999999
293,2026-04-09 08:30:00,Pure Unresolved Compression Equilibrium,Unresolved->Unresolved->Unresolved->Unresolved,-1.4428232973175175e-12,0.0,1.0,0.0,0.0,0.0,0.0,0.9002713704206242,0.27999999999999997,0.0,0.9999999999999999,0.0,CompressionPressure,0.9999999999999999
294,2026-04-09 08:35:00,Pure Unresolved Compression Equilibrium,Unresolved->Unresolved->Unresolved->Unresolved,-1.4428232973175175e-12,0.0,1.0,0.0,0.0,0.0,0.0,0.9002713704206242,0.27999999999999997,0.0,0.9999999999999999,0.0,CompressionPressure,0.9999999999999999
295,2026-04-09 08:40:00,Pure Unresolved Compression Equilibrium,Unresolved->Unresolved->Unresolved->Unresolved,-1.4428232973175175e-12,0.0,1.0,0.0,0.0,0.0,0.0,0.9002713704206242,0.27999999999999997,0.0,0.9999999999999999,0.0,CompressionPressure,0.9999999999999999
296,2026-04-09 08:45:00,Pure Unresolved Compression Equilibrium,Unresolved->Unresolved->Unresolved->Unresolved,-1.4428232973175175e-12,0.0,1.0,0.0,0.0,0.0,0.0,0.9002713704206242,0.27999999999999997,0.0,0.9999999999999999,0.0,CompressionPressure,0.9999999999999999
297,2026-04-09 08:50:00,Pure Unresolved Compression Equilibrium,Unresolved->Unresolved->Unresolved->Unresolved,-1.4428232973175175e-12,0.0,1.0,0.0,0.0,0.0,0.0,0.9002713704206242,0.27999999999999997,0.0,0.9999999999999999,0.0,CompressionPressure,0.9999999999999999
298,2026-04-09 08:55:00,Pure Unresolved Compression Equilibrium,Unresolved->Unresolved->Unresolved->Unresolved,-1.4428232973175175e-12,0.0,1.0,0.0,0.0,0.0,0.0,0.9002713704206242,0.27999999999999997,0.0,0.9999999999999999,0.0,CompressionPressure,0.9999999999999999
299,2026-04-09 09:00:00,Pure Unresolved Compression Equilibrium,Unresolved->Unresolved->Unresolved->Unresolved,-1.4428232973175175e-12,0.0,1.0,0.0,0.0,0.0,0.0,0.9002713704206242,0.27999999999999997,0.0,0.9999999999999999,0.0,CompressionPressure,0.9999999999999999
300,2026-04-09 09:05:00,Pure Unresolved Compression Equilibrium,Unresolved->Unresolved->Unresolved->Unresolved,-1.4428232973175175e-12,0.0,1.0,0.0,0.0,0.0,0.0,0.9002713704206242,0.27999999999999997,0.0,0.9999999999999999,0.0,CompressionPressure,0.9999999999999999
301,2026-04-09 09:10:00,Pure Unresolved Compression Equilibrium,Unresolved->Unresolved->Unresolved->Unresolved,-1.4428232973175175e-12,0.0,1.0,0.0,0.0,0.0,0.0,0.9002713704206242,0.27999999999999997,0.0,0.9999999999999999,0.0,CompressionPressure,0.9999999999999999
302,2026-04-09 09:15:00,Pure Unresolved Compression Equilibrium,Unresolved->Unresolved->Unresolved->Unresolved,-1.4428232973175175e-12,0.0,1.0,0.0,0.0,0.0,0.0,0.9002713704206242,0.27999999999999997,0.0,0.9999999999999999,0.0,CompressionPressure,0.9999999999999999
303,2026-04-09 09:20:00,Pure Unresolved Compression Equilibrium,Unresolved->Unresolved->Unresolved->Unresolved,-1.4428232973175175e-12,0.0,1.0,0.0,0.0,0.0,0.0,0.9002713704206242,0.27999999999999997,0.0,0.9999999999999999,0.0,CompressionPressure,0.9999999999999999
304,2026-04-09 09:25:00,Pure Unresolved Compression Equilibrium,Unresolved->Unresolved->Unresolved->Unresolved,-1.4428232973175175e-12,0.0,1.0,0.0,0.0,0.0,0.0,0.9002713704206242,0.27999999999999997,0.0,0.9999999999999999,0.0,CompressionPressure,0.9999999999999999
305,2026-04-09 09:30:00,Pure Unresolved Compression Equilibrium,Unresolved->Unresolved->Unresolved->Unresolved,-1.4428232973175175e-12,0.0,1.0,0.0,0.0,0.0,0.0,0.9002713704206242,0.27999999999999997,0.0,0.9999999999999999,0.0,CompressionPressure,0.9999999999999999
306,2026-04-09 09:35:00,Pure Unresolved Compression Equilibrium,Unresolved->Unresolved->Unresolved->Unresolved,-1.4428232973175175e-12,0.0,1.0,0.0,0.0,0.0,0.0,0.9002713704206242,0.27999999999999997,0.0,0.9999999999999999,0.0,CompressionPressure,0.9999999999999999
307,2026-04-09 09:40:00,Pure Unresolved Compression Equilibrium,Unresolved->Unresolved->Unresolved->Unresolved,-1.4428232973175175e-12,0.0,1.0,0.0,0.0,0.0,0.0,0.9002713704206242,0.27999999999999997,0.0,0.9999999999999999,0.0,CompressionPressure,0.9999999999999999
308,2026-04-09 09:45:00,Pure Unresolved Compression Equilibrium,Unresolved->Unresolved->Unresolved->Unresolved,-1.4428232973175175e-12,0.0,1.0,0.0,0.0,0.0,0.0,0.9002713704206242,0.27999999999999997,0.0,0.9999999999999999,0.0,CompressionPressure,0.9999999999999999
309,2026-04-09 09:50:00,Pure Unresolved Compression Equilibrium,Unresolved->Unresolved->Unresolved->Unresolved,-1.4428232973175175e-12,0.0,1.0,0.0,0.0,0.0,0.0,0.9002713704206242,0.27999999999999997,0.0,0.9999999999999999,0.0,CompressionPressure,0.9999999999999999
310,2026-04-09 09:55:00,Pure Unresolved Compression Equilibrium,Unresolved->Unresolved->Unresolved->Unresolved,-1.4428232973175175e-12,0.0,1.0,0.0,0.0,0.0,0.0,0.9002713704206242,0.27999999999999997,0.0,0.9999999999999999,0.0,CompressionPressure,0.9999999999999999
311,2026-04-09 10:00:00,Pure Unresolved Compression Equilibrium,Unresolved->Unresolved->Unresolved->Unresolved,-1.4428232973175175e-12,0.0,1.0,0.0,0.0,0.0,0.0,0.9002713704206242,0.27999999999999997,0.0,0.9999999999999999,0.0,CompressionPressure,0.9999999999999999
312,2026-04-09 10:05:00,Pure Unresolved Compression Equilibrium,Unresolved->Unresolved->Unresolved->Unresolved,-1.4428232973175175e-12,0.0,1.0,0.0,0.0,0.0,0.0,0.9002713704206242,0.27999999999999997,0.0,0.9999999999999999,0.0,CompressionPressure,0.9999999999999999
313,2026-04-09 10:10:00,Pure Unresolved Compression Equilibrium,Unresolved->Unresolved->Unresolved->Unresolved,-1.4428232973175175e-12,0.0,1.0,0.0,0.0,0.0,0.0,0.9002713704206242,0.27999999999999997,0.0,0.9999999999999999,0.0,CompressionPressure,0.9999999999999999
314,2026-04-09 10:15:00,Pure Unresolved Compression Equilibrium,Unresolved->Unresolved->Unresolved->Unresolved,-1.4428232973175175e-12,0.0,1.0,0.0,0.0,0.0,0.0,0.9002713704206242,0.27999999999999997,0.0,0.9999999999999999,0.0,CompressionPressure,0.9999999999999999
315,2026-04-09 10:20:00,Pure Unresolved Compression Equilibrium,Unresolved->Unresolved->Unresolved->Unresolved,-1.4428232973175175e-12,0.0,1.0,0.0,0.0,0.0,0.0,0.9002713704206242,0.27999999999999997,0.0,0.9999999999999999,0.0,CompressionPressure,0.9999999999999999
316,2026-04-09 10:25:00,Pure Unresolved Compression Equilibrium,Unresolved->Unresolved->Unresolved->Unresolved,-1.4428232973175175e-12,0.0,1.0,0.0,0.0,0.0,0.0,0.9002713704206242,0.27999999999999997,0.0,0.9999999999999999,0.0,CompressionPressure,0.9999999999999999
317,2026-04-09 10:30:00,Pure Unresolved Compression Equilibrium,Unresolved->Unresolved->Unresolved->Unresolved,-1.4428232973175175e-12,0.0,1.0,0.0,0.0,0.0,0.0,0.9002713704206242,0.27999999999999997,0.0,0.9999999999999999,0.0,CompressionPressure,0.9999999999999999
318,2026-04-09 10:35:00,Pure Unresolved Compression Equilibrium,Unresolved->Unresolved->Unresolved->Unresolved,-1.4428232973175175e-12,0.0,1.0,0.0,0.0,0.0,0.0,0.9002713704206242,0.27999999999999997,0.0,0.9999999999999999,0.0,CompressionPressure,0.9999999999999999
319,2026-04-09 10:40:00,Pure Unresolved Compression Equilibrium,Unresolved->Unresolved->Unresolved->Unresolved,-1.4428232973175175e-12,0.0,1.0,0.0,0.0,0.0,0.0,0.9002713704206242,0.27999999999999997,0.0,0.9999999999999999,0.0,CompressionPressure,0.9999999999999999
320,2026-04-09 10:45:00,Pure Unresolved Compression Equilibrium,Unresolved->Unresolved->Unresolved->Unresolved,-1.4428232973175175e-12,0.0,1.0,0.0,0.0,0.0,0.0,0.9002713704206242,0.27999999999999997,0.0,0.9999999999999999,0.0,CompressionPressure,0.9999999999999999
321,2026-04-09 10:50:00,Sponsor Exhaustion Collapse,Unresolved->Unresolved->Unresolved->Degrading,0.4689955935863958,0.1111111111111111,0.9,0.0,0.0,6.364,0.0,0.8590881640143999,0.2202730804215971,0.1366174603174603,0.4512433309564058,0.15335088133511932,CompressionPressure,0.4512433309564058
322,2026-04-09 10:55:00,Sponsor Exhaustion Collapse,Unresolved->Unresolved->Degrading->Degrading,0.7219280948844771,0.1111111111111111,0.8,0.0,0.0,6.364,0.0,0.8179049576081756,0.18924126912429612,0.1366174603174603,0.3937683829586091,0.2086798659940746,CompressionPressure,0.3937683829586091
323,2026-04-09 11:00:00,Sponsor Exhaustion Collapse,Unresolved->Degrading->Degrading->Degrading,0.8812908992278072,0.1111111111111111,0.7,0.0,0.0,6.364,0.0,0.7767217512019513,0.1653733877500932,0.1366174603174603,0.3421415410204842,0.24354047944417803,CompressionPressure,0.3421415410204842
324,2026-04-09 11:05:00,Sponsor Exhaustion Collapse,Degrading->Degrading->Degrading->Degrading,0.9709505944517833,0.1111111111111111,0.6,0.0,0.0,6.364,0.0,0.7355385447957271,0.14684215066784087,0.1366174603174603,0.29487114340231907,0.2631535377744228,CompressionPressure,0.29487114340231907
325,2026-04-09 11:10:00,Stable Compression Basin,Degrading->Degrading->Degrading->Unresolved,1.360964047439353,0.2222222222222222,0.5,0.0,0.0,9.305,0.0,0.6999743427007147,0.09316230122903564,0.06100992063492063,0.6510508581461516,0.39433707585354894,CompressionPressure,0.6510508581461516
326,2026-04-09 11:15:00,Stable Compression Basin,Degrading->Degrading->Unresolved->Unresolved,1.5219280948830343,0.2222222222222222,0.4,0.0,0.0,9.305,0.0,0.6644101406057021,0.06917182467996214,0.06100992063492063,0.5993239385142548,0.4295479612318542,CompressionPressure,0.5993239385142548
327,2026-04-09 11:20:00,Stable Compression Basin,Degrading->Unresolved->Unresolved->Unresolved,1.5709505944503404,0.2222222222222222,0.4,0.0,0.0,9.305,0.0,0.6288459385106896,0.06541853955684027,0.06100992063492063,0.5962600322912982,0.4402716330122024,CompressionPressure,0.5962600322912982
328,2026-04-09 11:25:00,Unstable Rotational Balance,Unresolved->Unresolved->Unresolved->Balance,1.8464393446652445,0.3333333333333333,0.4,0.0,0.0,15.620999999999999,0.0,0.5904061030559287,0.051041666666666666,0.09745595238095237,0.11666666666666668,0.7473157142857143,RotationalPressure,0.7473157142857143
329,2026-04-09 11:30:00,Stable Compression Basin,Unresolved->Unresolved->Balance->Degrading,1.7219280948815914,0.4444444444444444,0.4,0.0,0.0,15.620999999999999,0.0,0.5489266838561899,0.038888888888888896,0.11134484126984126,0.538888888888889,0.5389823809523809,RotationalPressure,0.5389823809523809
330,2026-04-09 11:35:00,Stable Compression Basin,Unresolved->Balance->Degrading->Unresolved,1.360964047439353,0.3333333333333333,0.5,0.0,0.0,15.620999999999999,0.0,0.5074472646564512,0.08100952345125786,0.09745595238095237,0.6232730803683738,0.44502659966307273,CompressionPressure,0.6232730803683738
331,2026-04-09 11:40:00,Stable Compression Basin,Balance->Degrading->Unresolved->Unresolved,1.2954618442339936,0.3333333333333333,0.6,0.0,0.0,9.257,0.0,0.513066268967663,0.09769120255083487,0.07472738095238095,0.6690336347353755,0.42160656414047176,CompressionPressure,0.6690336347353755
332,2026-04-09 11:45:00,Stable Compression Basin,Degrading->Unresolved->Unresolved->Unresolved,1.1567796494427114,0.3333333333333333,0.7,0.0,0.0,9.257,0.0,0.5186852732788748,0.11997572475620906,0.07472738095238095,0.7193679385764972,0.3912698340298788,CompressionPressure,0.7193679385764972
333,2026-04-09 11:50:00,Pure Unresolved Compression Equilibrium,Unresolved->Unresolved->Unresolved->Unresolved,1.3567796494412687,0.4444444444444444,0.7,0.0,0.0,9.257,0.0,0.5598684796850991,0.09251044697854174,0.08861626984126983,0.6790901607988096,0.4766865006962298,CompressionPressure,0.6790901607988096
334,2026-04-09 11:55:00,Pure Unresolved Compression Equilibrium,Unresolved->Unresolved->Unresolved->Unresolved,1.1567796494427114,0.3333333333333333,0.7,0.0,0.0,9.257,0.0,0.6010516860913233,0.11997572475620906,0.07472738095238095,0.7193679385764972,0.3912698340298788,CompressionPressure,0.7193679385764972
335,2026-04-09 12:00:00,Pure Unresolved Compression Equilibrium,Unresolved->Unresolved->Unresolved->Unresolved,1.2954618442339936,0.3333333333333333,0.6,0.0,0.0,6.316,0.0,0.6366158881863357,0.09769120255083487,0.06422380952380952,0.6690336347353755,0.41740513556904324,CompressionPressure,0.6690336347353755
336,2026-04-09 12:05:00,Pure Unresolved Compression Equilibrium,Unresolved->Unresolved->Unresolved->Unresolved,1.360964047439353,0.3333333333333333,0.5,0.0,0.0,6.316,0.0,0.6721800902813483,0.08100952345125786,0.06422380952380952,0.6232730803683738,0.4317337425202156,CompressionPressure,0.6232730803683738
337,2026-04-09 12:10:00,Pure Unresolved Compression Equilibrium,Unresolved->Unresolved->Unresolved->Unresolved,1.360964047439353,0.2222222222222222,0.5,0.0,0.0,6.316,0.0,0.7077442923763607,0.09316230122903564,0.050334920634920635,0.6510508581461516,0.39006707585354894,CompressionPressure,0.6510508581461516
338,2026-04-09 12:15:00,Pure Unresolved Compression Equilibrium,Unresolved->Unresolved->Unresolved->Unresolved,0.9709505944517833,0.1111111111111111,0.6,0.0,0.0,0.0,0.0,0.7461841278311215,0.14684215066784087,0.013888888888888888,0.7448711434023191,0.2540621092029942,CompressionPressure,0.7448711434023191
339,2026-04-09 12:20:00,Pure Unresolved Compression Equilibrium,Unresolved->Unresolved->Unresolved->Unresolved,0.8812908992278072,0.1111111111111111,0.7,0.0,0.0,0.0,0.0,0.7876635470308603,0.1653733877500932,0.013888888888888888,0.7921415410204843,0.23444905087274945,CompressionPressure,0.7921415410204843
340,2026-04-09 12:25:00,Unstable Rotational Balance,Unresolved->Unresolved->Unresolved->Balance,1.1567796494427114,0.2222222222222222,0.7,0.0,0.0,6.316,0.0,0.7907031307758382,0.13212850253398684,0.050334920634920635,0.297145716354275,0.5954017387917835,RotationalPressure,0.5954017387917835
341,2026-04-09 12:30:00,Stable Compression Basin,Unresolved->Unresolved->Balance->Unresolved,1.1567796494427114,0.3333333333333333,0.7,0.0,0.0,8.421,0.0,0.7907031307758382,0.11997572475620906,0.07174166666666666,0.7193679385764972,0.3900755483155931,CompressionPressure,0.7193679385764972
342,2026-04-09 12:35:00,Stable Compression Basin,Unresolved->Balance->Unresolved->Unresolved,1.1567796494427114,0.2222222222222222,0.7,0.0,0.0,8.421,0.0,0.7907031307758383,0.13212850253398684,0.057852777777777774,0.747145716354275,0.3484088816489264,CompressionPressure,0.747145716354275
343,2026-04-09 12:40:00,Stable Compression Basin,Balance->Unresolved->Unresolved->Unresolved,1.2954618442339936,0.2222222222222222,0.6,0.0,0.0,8.421,0.0,0.7551389286808258,0.10984398032861264,0.057852777777777774,0.6968114125131533,0.3787456117595194,CompressionPressure,0.6968114125131533
344,2026-04-09 12:45:00,Pure Unresolved Compression Equilibrium,Unresolved->Unresolved->Unresolved->Unresolved,1.2954618442339936,0.3333333333333333,0.6,0.0,0.0,8.421,0.0,0.7551389286808258,0.09769120255083487,0.07174166666666666,0.6690336347353755,0.42041227842618606,CompressionPressure,0.6690336347353755
345,2026-04-09 12:50:00,Pure Unresolved Compression Equilibrium,Unresolved->Unresolved->Unresolved->Unresolved,1.2954618442339936,0.3333333333333333,0.6,0.0,0.0,8.421,0.0,0.7551389286808258,0.09769120255083487,0.07174166666666666,0.6690336347353755,0.42041227842618606,CompressionPressure,0.6690336347353755
346,2026-04-09 12:55:00,Unstable Rotational Balance,Unresolved->Unresolved->Unresolved->Balance,1.4854752972230063,0.4444444444444444,0.5,0.0,0.0,14.737,0.0,0.716699093226065,0.059323853111919136,0.1081876984126984,0.13771334947911767,0.7626672450770563,RotationalPressure,0.7626672450770563
347,2026-04-09 13:00:00,Stable Compression Basin,Unresolved->Unresolved->Balance->Unresolved,1.5219280948830343,0.5555555555555556,0.4,0.0,0.0,16.842000000000002,0.0,0.6811348911310524,0.032713491346628806,0.12959444444444446,0.5159906051809214,0.565315104088997,RotationalPressure,0.565315104088997
348,2026-04-09 13:05:00,Stable Compression Basin,Unresolved->Balance->Unresolved->Unresolved,1.4854752972230063,0.5555555555555556,0.5,0.0,0.0,16.842000000000002,0.0,0.64557068903604,0.04717107533414137,0.12959444444444446,0.5599355717013399,0.5573410546008659,CompressionPressure,0.5599355717013399
349,2026-04-09 13:10:00,Stable Compression Basin,Balance->Unresolved->Unresolved->Unresolved,1.3709505944503406,0.4444444444444444,0.6,0.0,0.0,16.842,0.0,0.6100064869410275,0.07975881733461802,0.11570555555555555,0.636537810069076,0.49062210920267857,CompressionPressure,0.636537810069076
350,2026-04-09 13:15:00,Pure Unresolved Compression Equilibrium,Unresolved->Unresolved->Unresolved->Unresolved,1.2954618442339936,0.4444444444444444,0.6,0.0,0.0,10.526,0.0,0.6484463223957884,0.08553842477305709,0.0931484126984127,0.6412558569575977,0.46508608794999556,CompressionPressure,0.6412558569575977
351,2026-04-09 13:20:00,Pure Unresolved Compression Equilibrium,Unresolved->Unresolved->Unresolved->Unresolved,1.360964047439353,0.4444444444444444,0.5,0.0,0.0,8.421,0.0,0.6840105244908008,0.0688567456734801,0.08563055555555554,0.595495302590596,0.4764075520440251,CompressionPressure,0.595495302590596
352,2026-04-09 13:25:00,Pure Unresolved Compression Equilibrium,Unresolved->Unresolved->Unresolved->Unresolved,1.360964047439353,0.4444444444444444,0.5,0.0,0.0,8.421,0.0,0.7195747265858132,0.0688567456734801,0.08563055555555554,0.595495302590596,0.4764075520440251,CompressionPressure,0.595495302590596
353,2026-04-09 13:30:00,Pure Unresolved Compression Equilibrium,Unresolved->Unresolved->Unresolved->Unresolved,1.2954618442339936,0.3333333333333333,0.6,0.0,0.0,8.421,0.0,0.7551389286808258,0.09769120255083487,0.07174166666666666,0.6690336347353755,0.42041227842618606,CompressionPressure,0.6690336347353755
354,2026-04-09 13:35:00,Pure Unresolved Compression Equilibrium,Unresolved->Unresolved->Unresolved->Unresolved,1.2954618442339936,0.3333333333333333,0.6,0.0,0.0,8.421,0.0,0.7551389286808258,0.09769120255083487,0.07174166666666666,0.6690336347353755,0.42041227842618606,CompressionPressure,0.6690336347353755
355,2026-04-09 13:40:00,Pure Unresolved Compression Equilibrium,Unresolved->Unresolved->Unresolved->Unresolved,1.2954618442339936,0.2222222222222222,0.6,0.0,0.0,8.421,0.0,0.7551389286808258,0.10984398032861264,0.057852777777777774,0.6968114125131533,0.3787456117595194,CompressionPressure,0.6968114125131533
356,2026-04-09 13:45:00,Pure Unresolved Compression Equilibrium,Unresolved->Unresolved->Unresolved->Unresolved,0.8812908992278072,0.1111111111111111,0.7,0.0,0.0,2.105,0.0,0.7935787641355866,0.1653733877500932,0.02140674603174603,0.7921415410204843,0.2374561937298923,CompressionPressure,0.7921415410204843
357,2026-04-09 13:50:00,Pure Unresolved Compression Equilibrium,Unresolved->Unresolved->Unresolved->Unresolved,0.7219280948844771,0.1111111111111111,0.8,0.0,0.0,0.0,0.0,0.829142966230599,0.18924126912429612,0.013888888888888888,0.8437683829586091,0.199588437422646,CompressionPressure,0.8437683829586091
358,2026-04-09 13:55:00,Pure Unresolved Compression Equilibrium,Unresolved->Unresolved->Unresolved->Unresolved,0.4689955935863958,0.1111111111111111,0.9,0.0,0.0,0.0,0.0,0.8647071683256116,0.2202730804215971,0.013888888888888888,0.9012433309564057,0.14425945276369073,CompressionPressure,0.9012433309564057
359,2026-04-09 14:00:00,Pure Unresolved Compression Equilibrium,Unresolved->Unresolved->Unresolved->Unresolved,-1.4428232973175175e-12,0.0,1.0,0.0,0.0,0.0,0.0,0.9002713704206242,0.27999999999999997,0.0,0.9999999999999999,0.0,CompressionPressure,0.9999999999999999
360,2026-04-10 06:35:00,Pure Unresolved Compression Equilibrium,Unresolved->Unresolved->Unresolved->Unresolved,-1.4428232973175175e-12,0.0,1.0,0.0,0.0,0.0,0.0,0.9002713704206242,0.27999999999999997,0.0,0.9999999999999999,0.0,CompressionPressure,0.9999999999999999
361,2026-04-10 06:40:00,Pure Unresolved Compression Equilibrium,Unresolved->Unresolved->Unresolved->Unresolved,-1.4428232973175175e-12,0.0,1.0,0.0,0.0,0.0,0.0,0.9002713704206242,0.27999999999999997,0.0,0.9999999999999999,0.0,CompressionPressure,0.9999999999999999
362,2026-04-10 06:45:00,Pure Unresolved Compression Equilibrium,Unresolved->Unresolved->Unresolved->Unresolved,-1.4428232973175175e-12,0.0,1.0,0.0,0.0,0.0,0.0,0.9002713704206242,0.27999999999999997,0.0,0.9999999999999999,0.0,CompressionPressure,0.9999999999999999
363,2026-04-10 06:50:00,Pure Unresolved Compression Equilibrium,Unresolved->Unresolved->Unresolved->Unresolved,-1.4428232973175175e-12,0.0,1.0,0.0,0.0,0.0,0.0,0.9002713704206242,0.27999999999999997,0.0,0.9999999999999999,0.0,CompressionPressure,0.9999999999999999
364,2026-04-10 06:55:00,Pure Unresolved Compression Equilibrium,Unresolved->Unresolved->Unresolved->Unresolved,-1.4428232973175175e-12,0.0,1.0,0.0,0.0,0.0,0.0,0.9002713704206242,0.27999999999999997,0.0,0.9999999999999999,0.0,CompressionPressure,0.9999999999999999
365,2026-04-10 07:00:00,Sponsor Exhaustion Collapse,Unresolved->Unresolved->Unresolved->Degrading,0.4689955935863958,0.1111111111111111,0.9,0.0,0.0,6.364,0.0,0.8590881640143999,0.2202730804215971,0.1366174603174603,0.4512433309564058,0.15335088133511932,CompressionPressure,0.4512433309564058
366,2026-04-10 07:05:00,Sponsor Exhaustion Collapse,Unresolved->Unresolved->Degrading->Degrading,0.7219280948844771,0.1111111111111111,0.8,0.0,0.0,6.364,0.0,0.8179049576081756,0.18924126912429612,0.1366174603174603,0.3937683829586091,0.2086798659940746,CompressionPressure,0.3937683829586091
367,2026-04-10 07:10:00,Sponsor Exhaustion Collapse,Unresolved->Degrading->Degrading->Degrading,0.8812908992278072,0.1111111111111111,0.7,0.0,0.0,6.364,0.0,0.7767217512019513,0.1653733877500932,0.1366174603174603,0.3421415410204842,0.24354047944417803,CompressionPressure,0.3421415410204842
368,2026-04-10 07:15:00,Stable Compression Basin,Degrading->Degrading->Degrading->Unresolved,1.2954618442339936,0.2222222222222222,0.6,0.0,0.0,9.305,0.0,0.7411575491069389,0.10984398032861264,0.06100992063492063,0.6968114125131533,0.38000846890237655,CompressionPressure,0.6968114125131533
369,2026-04-10 07:20:00,Stable Compression Basin,Degrading->Degrading->Unresolved->Unresolved,1.4854752972230063,0.2222222222222222,0.5,0.0,0.0,9.305,0.0,0.7055933470119264,0.08362940866747469,0.06100992063492063,0.6432689050346733,0.4215739117437231,CompressionPressure,0.6432689050346733
370,2026-04-10 07:25:00,Stable Compression Basin,Degrading->Unresolved->Unresolved->Unresolved,1.5709505944503404,0.2222222222222222,0.4,0.0,0.0,9.305,0.0,0.6700291449169139,0.06541853955684027,0.06100992063492063,0.5962600322912982,0.4402716330122024,CompressionPressure,0.5962600322912982
371,2026-04-10 07:30:00,Pure Unresolved Compression Equilibrium,Unresolved->Unresolved->Unresolved->Unresolved,1.5709505944503404,0.3333333333333333,0.4,0.0,0.0,9.305,0.0,0.6700291449169138,0.0532657617790625,0.07489880952380952,0.5684822545135204,0.4819382996788691,CompressionPressure,0.5684822545135204
372,2026-04-10 07:35:00,Unstable Rotational Balance,Unresolved->Unresolved->Unresolved->Balance,1.8954618442325508,0.4444444444444444,0.3,0.0,0.0,15.620999999999999,0.0,0.631589309462153,0.038888888888888896,0.11134484126984126,0.0888888888888889,0.7889823809523809,RotationalPressure,0.7889823809523809
373,2026-04-10 07:40:00,Stable Compression Basin,Unresolved->Unresolved->Balance->Unresolved,1.8464393446652445,0.5555555555555556,0.4,0.0,0.0,17.726,0.0,0.5960251073671405,0.026736111111111113,0.13275158730158731,0.5111111111111111,0.5836561904761904,RotationalPressure,0.5836561904761904
374,2026-04-10 07:45:00,Stable Compression Basin,Unresolved->Balance->Unresolved->Unresolved,1.6854752972215634,0.4444444444444444,0.5,0.0,0.0,17.726,0.0,0.5604609052721281,0.050555555555555555,0.1188626984126984,0.5805555555555556,0.5419895238095237,CompressionPressure,0.5805555555555556
375,2026-04-10 07:50:00,Stable Compression Basin,Balance->Unresolved->Unresolved->Unresolved,1.5709505944488977,0.4444444444444444,0.6,0.0,0.0,11.361999999999998,0.0,0.5660799095833398,0.0644463173347285,0.09613412698412697,0.6240378100691661,0.5265435377737916,CompressionPressure,0.6240378100691661
376,2026-04-10 07:55:00,Unstable Rotational Balance,Unresolved->Unresolved->Unresolved->Balance,1.5709505944488977,0.5555555555555556,0.6,0.0,0.0,17.677999999999997,0.0,0.5688232805348032,0.05229353955695071,0.13258015873015871,0.14626003229138834,0.8272330615833153,RotationalPressure,0.8272330615833153
377,2026-04-10 08:00:00,Stable Compression Basin,Unresolved->Unresolved->Balance->Unresolved,1.1567796494427114,0.5555555555555556,0.7,0.0,0.0,19.782999999999998,0.0,0.574442284846015,0.09567016920065352,0.14009801587301587,0.6638123830209416,0.489640310220355,CompressionPressure,0.6638123830209416
378,2026-04-10 08:05:00,Stable Compression Basin,Unresolved->Balance->Unresolved->Unresolved,1.1567796494427114,0.5555555555555556,0.7,0.0,0.0,16.842000000000002,0.0,0.574442284846015,0.09567016920065352,0.12959444444444446,0.6638123830209416,0.48543888164892646,CompressionPressure,0.6638123830209416
379,2026-04-10 08:10:00,Stable Compression Basin,Balance->Unresolved->Unresolved->Unresolved,1.1567796494427114,0.5555555555555556,0.7,0.0,0.0,16.842,0.0,0.574442284846015,0.09567016920065352,0.12959444444444446,0.6638123830209416,0.48543888164892646,CompressionPressure,0.6638123830209416
380,2026-04-10 08:15:00,Pure Unresolved Compression Equilibrium,Unresolved->Unresolved->Unresolved->Unresolved,1.3709505944503406,0.5555555555555556,0.6,0.0,0.0,16.842,0.0,0.6100064869410275,0.06760603955684023,0.12959444444444446,0.6087600322912982,0.5322887758693453,CompressionPressure,0.6087600322912982
381,2026-04-10 08:20:00,Pure Unresolved Compression Equilibrium,Unresolved->Unresolved->Unresolved->Unresolved,1.3709505944503406,0.4444444444444444,0.6,0.0,0.0,16.842,0.0,0.6100064869410275,0.07975881733461802,0.11570555555555555,0.636537810069076,0.49062210920267857,CompressionPressure,0.636537810069076
382,2026-04-10 08:25:00,Pure Unresolved Compression Equilibrium,Unresolved->Unresolved->Unresolved->Unresolved,1.2954618442339936,0.3333333333333333,0.6,0.0,0.0,10.526,0.0,0.6484463223957884,0.09769120255083487,0.07925952380952381,0.6690336347353755,0.42341942128332893,CompressionPressure,0.6690336347353755
383,2026-04-10 08:30:00,Pure Unresolved Compression Equilibrium,Unresolved->Unresolved->Unresolved->Unresolved,1.360964047439353,0.3333333333333333,0.5,0.0,0.0,8.421,0.0,0.6840105244908008,0.08100952345125786,0.07174166666666666,0.6232730803683738,0.43474088537735844,CompressionPressure,0.6232730803683738
384,2026-04-10 08:35:00,Pure Unresolved Compression Equilibrium,Unresolved->Unresolved->Unresolved->Unresolved,1.360964047439353,0.3333333333333333,0.5,0.0,0.0,8.421,0.0,0.7195747265858132,0.08100952345125786,0.07174166666666666,0.6232730803683738,0.43474088537735844,CompressionPressure,0.6232730803683738
385,2026-04-10 08:40:00,Pure Unresolved Compression Equilibrium,Unresolved->Unresolved->Unresolved->Unresolved,1.2954618442339936,0.2222222222222222,0.6,0.0,0.0,8.421,0.0,0.7551389286808258,0.10984398032861264,0.057852777777777774,0.6968114125131533,0.3787456117595194,CompressionPressure,0.6968114125131533
386,2026-04-10 08:45:00,Pure Unresolved Compression Equilibrium,Unresolved->Unresolved->Unresolved->Unresolved,0.8812908992278072,0.1111111111111111,0.7,0.0,0.0,2.105,0.0,0.7935787641355866,0.1653733877500932,0.02140674603174603,0.7921415410204843,0.2374561937298923,CompressionPressure,0.7921415410204843
387,2026-04-10 08:50:00,Pure Unresolved Compression Equilibrium,Unresolved->Unresolved->Unresolved->Unresolved,0.7219280948844771,0.1111111111111111,0.8,0.0,0.0,0.0,0.0,0.829142966230599,0.18924126912429612,0.013888888888888888,0.8437683829586091,0.199588437422646,CompressionPressure,0.8437683829586091
388,2026-04-10 08:55:00,Directional Continuation / Sponsor Release,Unresolved->Unresolved->Unresolved->Directional,0.9219280948830342,0.2222222222222222,0.8,0.1,1.0,2.5,7.5,0.8270329724600197,0.4822171181332252,0.27170634920634923,0.35349060518092146,0.2885765326604256,DirectionalReleasePressure,0.4822171181332252
389,2026-04-10 09:00:00,Directional Continuation / Sponsor Release,Unresolved->Unresolved->Directional->Directional,0.7219280948844771,0.1111111111111111,0.8,0.2,1.0,2.5,7.5,0.8249229786894405,0.5806893403551319,0.25781746031746033,0.3937683829586091,0.20315986599407457,DirectionalReleasePressure,0.5806893403551319
390,2026-04-10 09:05:00,Stable Compression Basin,Unresolved->Directional->Directional->Unresolved,1.1567796494427114,0.2222222222222222,0.7,0.3,1.0,2.5,7.5,0.7834435594897017,0.35000800579196994,0.0717063492063492,0.747145716354275,0.339950310220355,CompressionPressure,0.747145716354275
391,2026-04-10 09:10:00,Stable Compression Basin,Directional->Directional->Unresolved->Unresolved,1.3709505944503406,0.2222222222222222,0.6,0.4,0.0,2.5,7.5,0.7478793573946892,0.1320643728901736,0.0717063492063492,0.6920933656246315,0.38680020444077384,CompressionPressure,0.6920933656246315
392,2026-04-10 09:15:00,Stable Compression Basin,Directional->Unresolved->Unresolved->Unresolved,1.4854752972230063,0.2222222222222222,0.5,0.5,0.0,2.5,7.5,0.7063999381949504,0.11862940866747469,0.0717063492063492,0.6432689050346733,0.4118524831722945,CompressionPressure,0.6432689050346733
393,2026-04-10 09:20:00,Pure Unresolved Compression Equilibrium,Unresolved->Unresolved->Unresolved->Unresolved,1.4854752972230063,0.3333333333333333,0.5,0.5,0.0,2.5,7.5,0.7063999381949504,0.10647663088969692,0.08559523809523809,0.6154911272568955,0.4535191498389612,CompressionPressure,0.6154911272568955
394,2026-04-10 09:25:00,Pure Unresolved Compression Equilibrium,Unresolved->Unresolved->Unresolved->Unresolved,1.4854752972230063,0.3333333333333333,0.5,0.5,0.0,2.5,7.5,0.7063999381949504,0.10647663088969692,0.08559523809523809,0.6154911272568955,0.4535191498389612,CompressionPressure,0.6154911272568955
395,2026-04-10 09:30:00,Pure Unresolved Compression Equilibrium,Unresolved->Unresolved->Unresolved->Unresolved,1.4854752972230063,0.3333333333333333,0.5,0.5,0.0,2.5,7.5,0.7063999381949504,0.10647663088969692,0.08559523809523809,0.6154911272568955,0.4535191498389612,CompressionPressure,0.6154911272568955
396,2026-04-10 09:35:00,Pure Unresolved Compression Equilibrium,Unresolved->Unresolved->Unresolved->Unresolved,1.4854752972230063,0.3333333333333333,0.5,0.5,0.0,2.5,7.5,0.7063999381949504,0.10647663088969692,0.08559523809523809,0.6154911272568955,0.4535191498389612,CompressionPressure,0.6154911272568955
397,2026-04-10 09:40:00,Pure Unresolved Compression Equilibrium,Unresolved->Unresolved->Unresolved->Unresolved,1.4854752972230063,0.2222222222222222,0.5,0.5,0.0,2.5,7.5,0.7063999381949504,0.11862940866747469,0.0717063492063492,0.6432689050346733,0.4118524831722945,CompressionPressure,0.6432689050346733
398,2026-04-10 09:45:00,Directional Continuation / Sponsor Release,Unresolved->Unresolved->Unresolved->Directional,1.4854752972230063,0.3333333333333333,0.5,0.5,1.0,2.5,7.5,0.7063999381949504,0.3042189453991341,0.2855952380952381,0.16549112725689544,0.4535191498389612,RotationalPressure,0.4535191498389612
399,2026-04-10 09:50:00,Stable Compression Basin,Unresolved->Unresolved->Directional->Unresolved,1.360964047439353,0.3333333333333333,0.5,0.5,1.0,2.5,7.5,0.7025947148608035,0.26516462503144655,0.08559523809523809,0.6232730803683738,0.426282313948787,CompressionPressure,0.6232730803683738
400,2026-04-10 09:55:00,Stable Compression Basin,Unresolved->Directional->Unresolved->Unresolved,1.360964047439353,0.3333333333333333,0.5,0.5,1.0,2.5,7.5,0.7025947148608035,0.26516462503144655,0.08559523809523809,0.6232730803683738,0.426282313948787,CompressionPressure,0.6232730803683738
401,2026-04-10 10:00:00,Stable Compression Basin,Directional->Unresolved->Unresolved->Unresolved,1.360964047439353,0.3333333333333333,0.5,0.5,0.0,2.5,7.5,0.6966794977560772,0.11600952345125785,0.08559523809523809,0.6232730803683738,0.426282313948787,CompressionPressure,0.6232730803683738
402,2026-04-10 10:05:00,Pure Unresolved Compression Equilibrium,Unresolved->Unresolved->Unresolved->Unresolved,1.2954618442339936,0.3333333333333333,0.6,0.4,0.0,2.5,7.5,0.7381589169558159,0.12569120255083488,0.08559523809523809,0.6690336347353755,0.41195370699761463,CompressionPressure,0.6690336347353755
403,2026-04-10 10:10:00,Pure Unresolved Compression Equilibrium,Unresolved->Unresolved->Unresolved->Unresolved,1.2954618442339936,0.3333333333333333,0.6,0.4,0.0,2.5,7.5,0.7381589169558159,0.12569120255083488,0.08559523809523809,0.6690336347353755,0.41195370699761463,CompressionPressure,0.6690336347353755
404,2026-04-10 10:15:00,Pure Unresolved Compression Equilibrium,Unresolved->Unresolved->Unresolved->Unresolved,1.2954618442339936,0.3333333333333333,0.6,0.4,0.0,2.5,7.5,0.7381589169558159,0.12569120255083488,0.08559523809523809,0.6690336347353755,0.41195370699761463,CompressionPressure,0.6690336347353755
405,2026-04-10 10:20:00,Pure Unresolved Compression Equilibrium,Unresolved->Unresolved->Unresolved->Unresolved,1.2954618442339936,0.3333333333333333,0.6,0.4,0.0,2.5,7.5,0.7381589169558159,0.12569120255083488,0.08559523809523809,0.6690336347353755,0.41195370699761463,CompressionPressure,0.6690336347353755
406,2026-04-10 10:25:00,Pure Unresolved Compression Equilibrium,Unresolved->Unresolved->Unresolved->Unresolved,1.2954618442339936,0.3333333333333333,0.6,0.4,0.0,2.5,7.5,0.7381589169558159,0.12569120255083488,0.08559523809523809,0.6690336347353755,0.41195370699761463,CompressionPressure,0.6690336347353755
407,2026-04-10 10:30:00,Pure Unresolved Compression Equilibrium,Unresolved->Unresolved->Unresolved->Unresolved,1.2954618442339936,0.2222222222222222,0.6,0.4,0.0,2.5,7.5,0.7381589169558159,0.13784398032861264,0.0717063492063492,0.6968114125131533,0.37028704033094795,CompressionPressure,0.6968114125131533
408,2026-04-10 10:35:00,Pure Unresolved Compression Equilibrium,Unresolved->Unresolved->Unresolved->Unresolved,0.8812908992278072,0.1111111111111111,0.7,0.3,0.0,0.0,0.0,0.7758331128214078,0.1863733877500932,0.013888888888888888,0.7921415410204843,0.23444905087274945,CompressionPressure,0.7921415410204843
409,2026-04-10 10:40:00,Pure Unresolved Compression Equilibrium,Unresolved->Unresolved->Unresolved->Unresolved,0.7219280948844771,0.1111111111111111,0.8,0.2,0.0,0.0,0.0,0.8173125320211465,0.20324126912429613,0.013888888888888888,0.8437683829586091,0.199588437422646,CompressionPressure,0.8437683829586091
410,2026-04-10 10:45:00,Pure Unresolved Compression Equilibrium,Unresolved->Unresolved->Unresolved->Unresolved,0.4689955935863958,0.1111111111111111,0.9,0.1,0.0,0.0,0.0,0.8587919512208853,0.2272730804215971,0.013888888888888888,0.9012433309564057,0.14425945276369073,CompressionPressure,0.9012433309564057
411,2026-04-10 10:50:00,Pure Unresolved Compression Equilibrium,Unresolved->Unresolved->Unresolved->Unresolved,-1.4428232973175175e-12,0.0,1.0,0.0,0.0,0.0,0.0,0.9002713704206242,0.27999999999999997,0.0,0.9999999999999999,0.0,CompressionPressure,0.9999999999999999
412,2026-04-10 10:55:00,Directional Continuation / Sponsor Release,Unresolved->Unresolved->Unresolved->Directional,0.4689955935863958,0.1111111111111111,0.9,0.1,1.0,2.5,7.5,0.8625971745550324,0.6493516583474204,0.25781746031746033,0.4512433309564058,0.1478308813351193,DirectionalReleasePressure,0.6493516583474204
413,2026-04-10 11:00:00,Stable Compression Basin,Unresolved->Unresolved->Directional->Unresolved,0.9219280948830342,0.2222222222222222,0.8,0.2,1.0,2.5,7.5,0.8211177553552934,0.4017736945065802,0.0717063492063492,0.8034906051809215,0.2885765326604256,CompressionPressure,0.8034906051809215
414,2026-04-10 11:05:00,Stable Compression Basin,Unresolved->Directional->Unresolved->Unresolved,1.1567796494427114,0.2222222222222222,0.7,0.3,1.0,2.5,7.5,0.7796383361555548,0.35000800579196994,0.0717063492063492,0.747145716354275,0.339950310220355,CompressionPressure,0.747145716354275
415,2026-04-10 11:10:00,Stable Compression Basin,Directional->Unresolved->Unresolved->Unresolved,1.2954618442339936,0.2222222222222222,0.6,0.4,0.0,2.5,7.5,0.7381589169558159,0.13784398032861264,0.0717063492063492,0.6968114125131533,0.37028704033094795,CompressionPressure,0.6968114125131533
416,2026-04-10 11:15:00,Pure Unresolved Compression Equilibrium,Unresolved->Unresolved->Unresolved->Unresolved,1.2954618442339936,0.3333333333333333,0.6,0.4,0.0,2.5,7.5,0.7381589169558159,0.12569120255083488,0.08559523809523809,0.6690336347353755,0.41195370699761463,CompressionPressure,0.6690336347353755
417,2026-04-10 11:20:00,Pure Unresolved Compression Equilibrium,Unresolved->Unresolved->Unresolved->Unresolved,1.2954618442339936,0.3333333333333333,0.6,0.4,0.0,2.5,7.5,0.7381589169558159,0.12569120255083488,0.08559523809523809,0.6690336347353755,0.41195370699761463,CompressionPressure,0.6690336347353755
418,2026-04-10 11:25:00,Pure Unresolved Compression Equilibrium,Unresolved->Unresolved->Unresolved->Unresolved,1.2954618442339936,0.3333333333333333,0.6,0.4,0.0,2.5,7.5,0.7381589169558159,0.12569120255083488,0.08559523809523809,0.6690336347353755,0.41195370699761463,CompressionPressure,0.6690336347353755
419,2026-04-10 11:30:00,Pure Unresolved Compression Equilibrium,Unresolved->Unresolved->Unresolved->Unresolved,1.2954618442339936,0.3333333333333333,0.6,0.4,0.0,2.5,7.5,0.7381589169558159,0.12569120255083488,0.08559523809523809,0.6690336347353755,0.41195370699761463,CompressionPressure,0.6690336347353755
420,2026-04-10 11:35:00,Pure Unresolved Compression Equilibrium,Unresolved->Unresolved->Unresolved->Unresolved,1.2954618442339936,0.3333333333333333,0.6,0.4,0.0,2.5,7.5,0.7381589169558159,0.12569120255083488,0.08559523809523809,0.6690336347353755,0.41195370699761463,CompressionPressure,0.6690336347353755
421,2026-04-10 11:40:00,Pure Unresolved Compression Equilibrium,Unresolved->Unresolved->Unresolved->Unresolved,1.2954618442339936,0.2222222222222222,0.6,0.4,0.0,2.5,7.5,0.7381589169558159,0.13784398032861264,0.0717063492063492,0.6968114125131533,0.37028704033094795,CompressionPressure,0.6968114125131533
422,2026-04-10 11:45:00,Pure Unresolved Compression Equilibrium,Unresolved->Unresolved->Unresolved->Unresolved,0.8812908992278072,0.1111111111111111,0.7,0.3,0.0,0.0,0.0,0.7758331128214078,0.1863733877500932,0.013888888888888888,0.7921415410204843,0.23444905087274945,CompressionPressure,0.7921415410204843
423,2026-04-10 11:50:00,Pure Unresolved Compression Equilibrium,Unresolved->Unresolved->Unresolved->Unresolved,0.7219280948844771,0.1111111111111111,0.8,0.2,0.0,0.0,0.0,0.8173125320211465,0.20324126912429613,0.013888888888888888,0.8437683829586091,0.199588437422646,CompressionPressure,0.8437683829586091
424,2026-04-10 11:55:00,Pure Unresolved Compression Equilibrium,Unresolved->Unresolved->Unresolved->Unresolved,0.4689955935863958,0.1111111111111111,0.9,0.1,0.0,0.0,0.0,0.8587919512208853,0.2272730804215971,0.013888888888888888,0.9012433309564057,0.14425945276369073,CompressionPressure,0.9012433309564057
425,2026-04-10 12:00:00,Pure Unresolved Compression Equilibrium,Unresolved->Unresolved->Unresolved->Unresolved,-1.4428232973175175e-12,0.0,1.0,0.0,0.0,0.0,0.0,0.9002713704206242,0.27999999999999997,0.0,0.9999999999999999,0.0,CompressionPressure,0.9999999999999999
426,2026-04-10 12:05:00,Pure Unresolved Compression Equilibrium,Unresolved->Unresolved->Unresolved->Unresolved,-1.4428232973175175e-12,0.0,1.0,0.0,0.0,0.0,0.0,0.9002713704206242,0.27999999999999997,0.0,0.9999999999999999,0.0,CompressionPressure,0.9999999999999999
427,2026-04-10 12:10:00,Pure Unresolved Compression Equilibrium,Unresolved->Unresolved->Unresolved->Unresolved,-1.4428232973175175e-12,0.0,1.0,0.0,0.0,0.0,0.0,0.9002713704206242,0.27999999999999997,0.0,0.9999999999999999,0.0,CompressionPressure,0.9999999999999999
428,2026-04-10 12:15:00,Pure Unresolved Compression Equilibrium,Unresolved->Unresolved->Unresolved->Unresolved,-1.4428232973175175e-12,0.0,1.0,0.0,0.0,0.0,0.0,0.9002713704206242,0.27999999999999997,0.0,0.9999999999999999,0.0,CompressionPressure,0.9999999999999999
429,2026-04-10 12:20:00,Pure Unresolved Compression Equilibrium,Unresolved->Unresolved->Unresolved->Unresolved,-1.4428232973175175e-12,0.0,1.0,0.0,0.0,0.0,0.0,0.9002713704206242,0.27999999999999997,0.0,0.9999999999999999,0.0,CompressionPressure,0.9999999999999999
430,2026-04-10 12:25:00,Pure Unresolved Compression Equilibrium,Unresolved->Unresolved->Unresolved->Unresolved,-1.4428232973175175e-12,0.0,1.0,0.0,0.0,0.0,0.0,0.9002713704206242,0.27999999999999997,0.0,0.9999999999999999,0.0,CompressionPressure,0.9999999999999999
431,2026-04-10 12:30:00,Pure Unresolved Compression Equilibrium,Unresolved->Unresolved->Unresolved->Unresolved,-1.4428232973175175e-12,0.0,1.0,0.0,0.0,0.0,0.0,0.9002713704206242,0.27999999999999997,0.0,0.9999999999999999,0.0,CompressionPressure,0.9999999999999999
432,2026-04-10 12:35:00,Pure Unresolved Compression Equilibrium,Unresolved->Unresolved->Unresolved->Unresolved,-1.4428232973175175e-12,0.0,1.0,0.0,0.0,0.0,0.0,0.9002713704206242,0.27999999999999997,0.0,0.9999999999999999,0.0,CompressionPressure,0.9999999999999999
433,2026-04-10 12:40:00,Pure Unresolved Compression Equilibrium,Unresolved->Unresolved->Unresolved->Unresolved,-1.4428232973175175e-12,0.0,1.0,0.0,0.0,0.0,0.0,0.9002713704206242,0.27999999999999997,0.0,0.9999999999999999,0.0,CompressionPressure,0.9999999999999999
434,2026-04-10 12:45:00,Pure Unresolved Compression Equilibrium,Unresolved->Unresolved->Unresolved->Unresolved,-1.4428232973175175e-12,0.0,1.0,0.0,0.0,0.0,0.0,0.9002713704206242,0.27999999999999997,0.0,0.9999999999999999,0.0,CompressionPressure,0.9999999999999999
435,2026-04-10 12:50:00,Pure Unresolved Compression Equilibrium,Unresolved->Unresolved->Unresolved->Unresolved,-1.4428232973175175e-12,0.0,1.0,0.0,0.0,0.0,0.0,0.9002713704206242,0.27999999999999997,0.0,0.9999999999999999,0.0,CompressionPressure,0.9999999999999999
436,2026-04-10 12:55:00,Pure Unresolved Compression Equilibrium,Unresolved->Unresolved->Unresolved->Unresolved,-1.4428232973175175e-12,0.0,1.0,0.0,0.0,0.0,0.0,0.9002713704206242,0.27999999999999997,0.0,0.9999999999999999,0.0,CompressionPressure,0.9999999999999999
437,2026-04-10 13:00:00,Pure Unresolved Compression Equilibrium,Unresolved->Unresolved->Unresolved->Unresolved,-1.4428232973175175e-12,0.0,1.0,0.0,0.0,0.0,0.0,0.9002713704206242,0.27999999999999997,0.0,0.9999999999999999,0.0,CompressionPressure,0.9999999999999999
438,2026-04-10 13:05:00,Pure Unresolved Compression Equilibrium,Unresolved->Unresolved->Unresolved->Unresolved,-1.4428232973175175e-12,0.0,1.0,0.0,0.0,0.0,0.0,0.9002713704206242,0.27999999999999997,0.0,0.9999999999999999,0.0,CompressionPressure,0.9999999999999999
439,2026-04-10 13:10:00,Pure Unresolved Compression Equilibrium,Unresolved->Unresolved->Unresolved->Unresolved,-1.4428232973175175e-12,0.0,1.0,0.0,0.0,0.0,0.0,0.9002713704206242,0.27999999999999997,0.0,0.9999999999999999,0.0,CompressionPressure,0.9999999999999999
440,2026-04-10 13:15:00,Pure Unresolved Compression Equilibrium,Unresolved->Unresolved->Unresolved->Unresolved,-1.4428232973175175e-12,0.0,1.0,0.0,0.0,0.0,0.0,0.9002713704206242,0.27999999999999997,0.0,0.9999999999999999,0.0,CompressionPressure,0.9999999999999999
441,2026-04-10 13:20:00,Pure Unresolved Compression Equilibrium,Unresolved->Unresolved->Unresolved->Unresolved,-1.4428232973175175e-12,0.0,1.0,0.0,0.0,0.0,0.0,0.9002713704206242,0.27999999999999997,0.0,0.9999999999999999,0.0,CompressionPressure,0.9999999999999999
442,2026-04-10 13:25:00,Pure Unresolved Compression Equilibrium,Unresolved->Unresolved->Unresolved->Unresolved,-1.4428232973175175e-12,0.0,1.0,0.0,0.0,0.0,0.0,0.9002713704206242,0.27999999999999997,0.0,0.9999999999999999,0.0,CompressionPressure,0.9999999999999999
443,2026-04-10 13:30:00,Pure Unresolved Compression Equilibrium,Unresolved->Unresolved->Unresolved->Unresolved,-1.4428232973175175e-12,0.0,1.0,0.0,0.0,0.0,0.0,0.9002713704206242,0.27999999999999997,0.0,0.9999999999999999,0.0,CompressionPressure,0.9999999999999999
444,2026-04-10 13:35:00,Pure Unresolved Compression Equilibrium,Unresolved->Unresolved->Unresolved->Unresolved,-1.4428232973175175e-12,0.0,1.0,0.0,0.0,0.0,0.0,0.9002713704206242,0.27999999999999997,0.0,0.9999999999999999,0.0,CompressionPressure,0.9999999999999999
445,2026-04-10 13:40:00,Pure Unresolved Compression Equilibrium,Unresolved->Unresolved->Unresolved->Unresolved,-1.4428232973175175e-12,0.0,1.0,0.0,0.0,0.0,0.0,0.9002713704206242,0.27999999999999997,0.0,0.9999999999999999,0.0,CompressionPressure,0.9999999999999999
446,2026-04-10 13:45:00,Pure Unresolved Compression Equilibrium,Unresolved->Unresolved->Unresolved->Unresolved,-1.4428232973175175e-12,0.0,1.0,0.0,0.0,0.0,0.0,0.9002713704206242,0.27999999999999997,0.0,0.9999999999999999,0.0,CompressionPressure,0.9999999999999999
447,2026-04-10 13:50:00,Pure Unresolved Compression Equilibrium,Unresolved->Unresolved->Unresolved->Unresolved,-1.4428232973175175e-12,0.0,1.0,0.0,0.0,0.0,0.0,0.9002713704206242,0.27999999999999997,0.0,0.9999999999999999,0.0,CompressionPressure,0.9999999999999999
448,2026-04-10 13:55:00,Pure Unresolved Compression Equilibrium,Unresolved->Unresolved->Unresolved->Unresolved,-1.4428232973175175e-12,0.0,1.0,0.0,0.0,0.0,0.0,0.9002713704206242,0.27999999999999997,0.0,0.9999999999999999,0.0,CompressionPressure,0.9999999999999999
449,2026-04-10 14:00:00,Pure Unresolved Compression Equilibrium,Unresolved->Unresolved->Unresolved->Unresolved,-1.4428232973175175e-12,0.0,1.0,0.0,0.0,0.0,0.0,0.9002713704206242,0.27999999999999997,0.0,0.9999999999999999,0.0,CompressionPressure,0.9999999999999999
450,2026-04-13 06:35:00,Pure Unresolved Compression Equilibrium,Unresolved->Unresolved->Unresolved->Unresolved,-1.4428232973175175e-12,0.0,1.0,0.0,0.0,0.0,0.0,0.9002713704206242,0.27999999999999997,0.0,0.9999999999999999,0.0,CompressionPressure,0.9999999999999999
451,2026-04-13 06:40:00,Pure Unresolved Compression Equilibrium,Unresolved->Unresolved->Unresolved->Unresolved,-1.4428232973175175e-12,0.0,1.0,0.0,0.0,0.0,0.0,0.9002713704206242,0.27999999999999997,0.0,0.9999999999999999,0.0,CompressionPressure,0.9999999999999999
452,2026-04-13 06:45:00,Pure Unresolved Compression Equilibrium,Unresolved->Unresolved->Unresolved->Unresolved,-1.4428232973175175e-12,0.0,1.0,0.0,0.0,0.0,0.0,0.9002713704206242,0.27999999999999997,0.0,0.9999999999999999,0.0,CompressionPressure,0.9999999999999999
453,2026-04-13 06:50:00,Pure Unresolved Compression Equilibrium,Unresolved->Unresolved->Unresolved->Unresolved,-1.4428232973175175e-12,0.0,1.0,0.0,0.0,0.0,0.0,0.9002713704206242,0.27999999999999997,0.0,0.9999999999999999,0.0,CompressionPressure,0.9999999999999999
454,2026-04-13 06:55:00,Pure Unresolved Compression Equilibrium,Unresolved->Unresolved->Unresolved->Unresolved,-1.4428232973175175e-12,0.0,1.0,0.0,0.0,0.0,0.0,0.9002713704206242,0.27999999999999997,0.0,0.9999999999999999,0.0,CompressionPressure,0.9999999999999999
455,2026-04-13 07:00:00,Pure Unresolved Compression Equilibrium,Unresolved->Unresolved->Unresolved->Unresolved,-1.4428232973175175e-12,0.0,1.0,0.0,0.0,0.0,0.0,0.9002713704206242,0.27999999999999997,0.0,0.9999999999999999,0.0,CompressionPressure,0.9999999999999999
456,2026-04-13 07:05:00,Pure Unresolved Compression Equilibrium,Unresolved->Unresolved->Unresolved->Unresolved,-1.4428232973175175e-12,0.0,1.0,0.0,0.0,0.0,0.0,0.9002713704206242,0.27999999999999997,0.0,0.9999999999999999,0.0,CompressionPressure,0.9999999999999999
457,2026-04-13 07:10:00,Pure Unresolved Compression Equilibrium,Unresolved->Unresolved->Unresolved->Unresolved,-1.4428232973175175e-12,0.0,1.0,0.0,0.0,0.0,0.0,0.9002713704206242,0.27999999999999997,0.0,0.9999999999999999,0.0,CompressionPressure,0.9999999999999999
458,2026-04-13 07:15:00,Sponsor Exhaustion Collapse,Unresolved->Unresolved->Unresolved->Degrading,0.4689955935863958,0.1111111111111111,0.9,0.0,0.0,6.364,0.0,0.8590881640143999,0.2202730804215971,0.1366174603174603,0.4512433309564058,0.15335088133511932,CompressionPressure,0.4512433309564058
459,2026-04-13 07:20:00,Sponsor Exhaustion Collapse,Unresolved->Unresolved->Degrading->Degrading,0.7219280948844771,0.1111111111111111,0.8,0.0,0.0,6.364,0.0,0.8179049576081756,0.18924126912429612,0.1366174603174603,0.3937683829586091,0.2086798659940746,CompressionPressure,0.3937683829586091
460,2026-04-13 07:25:00,Sponsor Exhaustion Collapse,Unresolved->Degrading->Degrading->Degrading,0.8812908992278072,0.1111111111111111,0.7,0.0,0.0,6.364,0.0,0.7767217512019513,0.1653733877500932,0.1366174603174603,0.3421415410204842,0.24354047944417803,CompressionPressure,0.3421415410204842
461,2026-04-13 07:30:00,Stable Compression Basin,Degrading->Degrading->Degrading->Unresolved,1.2954618442339936,0.2222222222222222,0.6,0.0,0.0,9.305,0.0,0.7411575491069389,0.10984398032861264,0.06100992063492063,0.6968114125131533,0.38000846890237655,CompressionPressure,0.6968114125131533
462,2026-04-13 07:35:00,Stable Compression Basin,Degrading->Degrading->Unresolved->Unresolved,1.4854752972230063,0.2222222222222222,0.5,0.0,0.0,9.305,0.0,0.7055933470119264,0.08362940866747469,0.06100992063492063,0.6432689050346733,0.4215739117437231,CompressionPressure,0.6432689050346733
463,2026-04-13 07:40:00,Stable Compression Basin,Degrading->Unresolved->Unresolved->Unresolved,1.5709505944503404,0.2222222222222222,0.4,0.0,0.0,9.305,0.0,0.6700291449169139,0.06541853955684027,0.06100992063492063,0.5962600322912982,0.4402716330122024,CompressionPressure,0.5962600322912982
464,2026-04-13 07:45:00,Pure Unresolved Compression Equilibrium,Unresolved->Unresolved->Unresolved->Unresolved,1.5709505944503404,0.3333333333333333,0.4,0.0,0.0,9.305,0.0,0.6700291449169138,0.0532657617790625,0.07489880952380952,0.5684822545135204,0.4819382996788691,CompressionPressure,0.5684822545135204
465,2026-04-13 07:50:00,Sponsor Exhaustion Collapse,Unresolved->Unresolved->Unresolved->Degrading,1.5709505944503404,0.4444444444444444,0.4,0.0,0.0,15.669,0.0,0.6288459385106896,0.04111298400128472,0.21151626984126984,0.09070447673574264,0.5326963949169643,RotationalPressure,0.5326963949169643
466,2026-04-13 07:55:00,Unstable Rotational Balance,Unresolved->Unresolved->Degrading->Balance,1.8464393446652445,0.5555555555555556,0.4,0.0,0.0,15.669,0.0,0.5873665193109509,0.026736111111111113,0.12540515873015873,0.061111111111111116,0.8307176190476191,RotationalPressure,0.8307176190476191
467,2026-04-13 08:00:00,Stable Compression Basin,Unresolved->Degrading->Balance->Unresolved,1.7219280948815914,0.5555555555555556,0.4,0.0,0.0,15.669,0.0,0.5458871001112121,0.026736111111111113,0.12540515873015873,0.5111111111111111,0.5807176190476191,RotationalPressure,0.5807176190476191
468,2026-04-13 08:05:00,Stable Compression Basin,Degrading->Balance->Unresolved->Unresolved,1.6854752972215634,0.5555555555555556,0.5,0.0,0.0,9.305,0.0,0.5515061044224238,0.03840277777777777,0.1026765873015873,0.5527777777777778,0.5716261904761905,RotationalPressure,0.5716261904761905
469,2026-04-13 08:10:00,Stable Compression Basin,Balance->Unresolved->Unresolved->Unresolved,1.5709505944488977,0.5555555555555556,0.6,0.0,0.0,9.305,0.0,0.5571251087336356,0.05229353955695071,0.1026765873015873,0.5962600322913884,0.5652716330118868,CompressionPressure,0.5962600322913884
470,2026-04-13 08:15:00,Pure Unresolved Compression Equilibrium,Unresolved->Unresolved->Unresolved->Unresolved,1.5709505944488977,0.5555555555555556,0.6,0.0,0.0,9.305,0.0,0.5983083151398599,0.05229353955695071,0.1026765873015873,0.5962600322913884,0.5652716330118868,CompressionPressure,0.5962600322913884
471,2026-04-13 08:20:00,Pure Unresolved Compression Equilibrium,Unresolved->Unresolved->Unresolved->Unresolved,1.6854752972215634,0.5555555555555556,0.5,0.0,0.0,6.364,0.0,0.6338725172348724,0.03840277777777777,0.09217301587301588,0.5527777777777778,0.5674247619047619,RotationalPressure,0.5674247619047619
472,2026-04-13 08:25:00,Pure Unresolved Compression Equilibrium,Unresolved->Unresolved->Unresolved->Unresolved,1.7219280948815914,0.5555555555555556,0.4,0.0,0.0,6.364,0.0,0.6694367193298849,0.026736111111111113,0.09217301587301588,0.5111111111111111,0.5674247619047619,RotationalPressure,0.5674247619047619
473,2026-04-13 08:30:00,Unstable Rotational Balance,Unresolved->Unresolved->Unresolved->Balance,1.8464393446652445,0.5555555555555556,0.4,0.0,0.0,12.68,0.0,0.6665610859701365,0.026736111111111113,0.11473015873015874,0.061111111111111116,0.8264476190476191,RotationalPressure,0.8264476190476191
474,2026-04-13 08:35:00,Stable Compression Basin,Unresolved->Unresolved->Balance->Unresolved,1.8464393446652445,0.5555555555555556,0.4,0.0,0.0,14.785,0.0,0.6309968838751241,0.026736111111111113,0.12224801587301587,0.5111111111111111,0.579454761904762,RotationalPressure,0.579454761904762
475,2026-04-13 08:40:00,Stable Compression Basin,Unresolved->Balance->Unresolved->Unresolved,1.4854752972230063,0.4444444444444444,0.5,0.0,0.0,8.421,0.0,0.6366158881863357,0.059323853111919136,0.08563055555555554,0.5877133494791177,0.5036443879341993,CompressionPressure,0.5877133494791177
476,2026-04-13 08:45:00,Sponsor Exhaustion Collapse,Balance->Unresolved->Unresolved->Degrading,1.6854752972215634,0.4444444444444444,0.5,0.0,0.0,8.421,0.0,0.6366158881863357,0.050555555555555555,0.18563055555555555,0.13055555555555556,0.5286966666666666,RotationalPressure,0.5286966666666666
477,2026-04-13 08:50:00,Sponsor Exhaustion Collapse,Unresolved->Unresolved->Degrading->Degrading,1.8464393446652445,0.4444444444444444,0.4,0.0,0.0,8.421,0.0,0.6369121009798503,0.038888888888888896,0.18563055555555555,0.0888888888888889,0.5286966666666666,RotationalPressure,0.5286966666666666
478,2026-04-13 08:55:00,Unstable Rotational Balance,Unresolved->Degrading->Degrading->Balance,1.9709505944488979,0.5555555555555556,0.3,0.0,0.0,18.421,0.0,0.634036467620102,0.026736111111111113,0.13523373015873016,0.061111111111111116,0.8346490476190477,RotationalPressure,0.8346490476190477
479,2026-04-13 09:00:00,Unstable Rotational Balance,Degrading->Degrading->Balance->Balance,1.9709505944488979,0.4444444444444444,0.3,0.0,0.0,18.421,0.0,0.6281212505153757,0.038888888888888896,0.12134484126984127,0.0888888888888889,0.7929823809523809,RotationalPressure,0.7929823809523809
480,2026-04-13 09:05:00,Sponsor Exhaustion Collapse,Degrading->Balance->Balance->Degrading,1.9709505944488979,0.5555555555555556,0.3,0.0,0.0,18.421,0.0,0.586641831315637,0.026736111111111113,0.23523373015873017,0.061111111111111116,0.5846490476190477,RotationalPressure,0.5846490476190477
481,2026-04-13 09:10:00,Stable Compression Basin,Balance->Balance->Degrading->Unresolved,1.8954618442325508,0.6666666666666666,0.3,0.0,0.0,18.421,0.0,0.5451624121158982,0.01458333333333334,0.14912261904761903,0.4833333333333334,0.6263157142857143,RotationalPressure,0.6263157142857143
482,2026-04-13 09:15:00,Stable Compression Basin,Balance->Degrading->Unresolved->Unresolved,1.5709505944503404,0.5555555555555556,0.4,0.0,0.0,18.421,0.0,0.5095982100208858,0.028960206223506934,0.13523373015873016,0.5129266989579648,0.5782944901550596,RotationalPressure,0.5782944901550596
483,2026-04-13 09:20:00,Stable Compression Basin,Degrading->Unresolved->Unresolved->Unresolved,1.4854752972230063,0.4444444444444444,0.5,0.0,0.0,12.105,0.0,0.5124738433806341,0.059323853111919136,0.09878769841269841,0.5877133494791177,0.5089072450770564,CompressionPressure,0.5877133494791177
484,2026-04-13 09:25:00,Pure Unresolved Compression Equilibrium,Unresolved->Unresolved->Unresolved->Unresolved,1.8464393446652445,0.5555555555555556,0.4,0.0,0.0,10.0,0.0,0.5480380454756466,0.026736111111111113,0.10515873015873016,0.5111111111111111,0.5726190476190476,RotationalPressure,0.5726190476190476
485,2026-04-13 09:30:00,Sponsor Exhaustion Collapse,Unresolved->Unresolved->Unresolved->Degrading,1.8464393446652445,0.5555555555555556,0.4,0.0,0.0,16.363999999999997,0.0,0.5424190411644348,0.026736111111111113,0.22788730158730158,0.061111111111111116,0.5817104761904762,RotationalPressure,0.5817104761904762
486,2026-04-13 09:35:00,Stable Compression Basin,Unresolved->Unresolved->Degrading->Unresolved,1.8464393446652445,0.6666666666666666,0.4,0.0,0.0,19.305,0.0,0.548334258269161,0.01458333333333334,0.1522797619047619,0.4833333333333334,0.6275785714285714,RotationalPressure,0.6275785714285714
487,2026-04-13 09:40:00,Stable Compression Basin,Unresolved->Degrading->Unresolved->Unresolved,1.7609640474379105,0.5555555555555556,0.5,0.0,0.0,19.305,0.0,0.5539532625803728,0.03840277777777777,0.13839087301587302,0.5527777777777778,0.5859119047619048,RotationalPressure,0.5859119047619048
488,2026-04-13 09:45:00,Unstable Rotational Balance,Degrading->Unresolved->Unresolved->Balance,1.7609640474379105,0.6666666666666666,0.5,0.0,0.0,15.620999999999999,0.0,0.5539532625803728,0.026250000000000002,0.13912261904761902,0.07500000000000001,0.8723157142857143,RotationalPressure,0.8723157142857143
489,2026-04-13 09:50:00,Unstable Rotational Balance,Unresolved->Unresolved->Balance->Balance,1.7609640474379105,0.5555555555555556,0.5,0.0,0.0,15.620999999999999,0.0,0.5569928463253507,0.03840277777777777,0.12523373015873016,0.10277777777777777,0.8306490476190477,RotationalPressure,0.8306490476190477
490,2026-04-13 09:55:00,Sponsor Exhaustion Collapse,Unresolved->Balance->Balance->Degrading,1.7609640474379105,0.5555555555555556,0.5,0.0,0.0,15.620999999999999,0.0,0.5569928463253507,0.03840277777777777,0.22523373015873016,0.10277777777777777,0.5806490476190477,RotationalPressure,0.5806490476190477
491,2026-04-13 10:00:00,Stable Compression Basin,Balance->Balance->Degrading->Unresolved,1.7609640474379105,0.6666666666666666,0.5,0.0,0.0,15.620999999999999,0.0,0.5569928463253507,0.026250000000000002,0.13912261904761902,0.525,0.6223157142857143,RotationalPressure,0.6223157142857143
492,2026-04-13 10:05:00,Unstable Rotational Balance,Balance->Degrading->Unresolved->Balance,1.8464393446652445,0.7777777777777778,0.4,0.0,0.0,15.620999999999999,0.0,0.5510776292206245,0.002430555555555559,0.15301150793650792,0.005555555555555564,0.9139823809523809,RotationalPressure,0.9139823809523809
493,2026-04-13 10:10:00,Stable Compression Basin,Degrading->Unresolved->Balance->Unresolved,1.8464393446652445,0.7777777777777778,0.4,0.0,0.0,17.726,0.0,0.5510776292206245,0.002430555555555559,0.16052936507936508,0.4555555555555556,0.6669895238095237,RotationalPressure,0.6669895238095237
494,2026-04-13 10:15:00,Stable Compression Basin,Unresolved->Balance->Unresolved->Unresolved,1.4854752972230063,0.6666666666666666,0.5,0.0,0.0,17.726,0.0,0.515513427125612,0.03501829755636359,0.14664047619047618,0.5321577939235621,0.6002705784103897,RotationalPressure,0.6002705784103897
495,2026-04-13 10:20:00,Unstable Rotational Balance,Balance->Unresolved->Unresolved->Balance,1.360964047439353,0.6666666666666666,0.5,0.0,0.0,17.677999999999997,0.0,0.5182567980770754,0.04455119011792455,0.1464690476190476,0.08993974703504046,0.8229651710916441,RotationalPressure,0.8229651710916441
496,2026-04-13 10:25:00,Stable Compression Basin,Unresolved->Unresolved->Balance->Unresolved,1.360964047439353,0.7777777777777778,0.5,0.0,0.0,16.842000000000002,0.0,0.5182567980770754,0.03239841234014677,0.15737222222222225,0.5121619692572627,0.6134375520440251,RotationalPressure,0.6134375520440251
497,2026-04-13 10:30:00,Stable Compression Basin,Unresolved->Balance->Unresolved->Unresolved,1.360964047439353,0.6666666666666666,0.5,0.0,0.0,16.842000000000002,0.0,0.5182567980770754,0.04455119011792455,0.14348333333333335,0.5399397470350404,0.5717708853773584,RotationalPressure,0.5717708853773584
498,2026-04-13 10:35:00,Stable Compression Basin,Balance->Unresolved->Unresolved->Unresolved,1.2954618442339936,0.6666666666666666,0.6,0.0,0.0,10.526,0.0,0.5211324314368238,0.06123286921750154,0.12092619047619046,0.5857003014020421,0.5484194212833289,CompressionPressure,0.5857003014020421
499,2026-04-13 10:40:00,Pure Unresolved Compression Equilibrium,Unresolved->Unresolved->Unresolved->Unresolved,1.5709505944488977,0.6666666666666666,0.6,0.0,0.0,10.526,0.0,0.5595722668915846,0.040140761779172945,0.12092619047619046,0.5684822545136106,0.6086825853928391,RotationalPressure,0.6086825853928391
500,2026-04-13 10:45:00,Pure Unresolved Compression Equilibrium,Unresolved->Unresolved->Unresolved->Unresolved,1.3709505944503406,0.5555555555555556,0.6,0.0,0.0,10.526,0.0,0.6010516860913233,0.06760603955684023,0.1070373015873016,0.6087600322912982,0.5232659187264882,CompressionPressure,0.6087600322912982
501,2026-04-13 10:50:00,Pure Unresolved Compression Equilibrium,Unresolved->Unresolved->Unresolved->Unresolved,1.4854752972230063,0.4444444444444444,0.5,0.0,0.0,10.526,0.0,0.642531105291062,0.059323853111919136,0.0931484126984127,0.5877133494791177,0.5066515307913421,CompressionPressure,0.5877133494791177
502,2026-04-13 10:55:00,Pure Unresolved Compression Equilibrium,Unresolved->Unresolved->Unresolved->Unresolved,1.360964047439353,0.3333333333333333,0.5,0.0,0.0,10.526,0.0,0.6840105244908008,0.08100952345125786,0.07925952380952381,0.6232730803683738,0.4377480282345013,CompressionPressure,0.6232730803683738
503,2026-04-13 11:00:00,Pure Unresolved Compression Equilibrium,Unresolved->Unresolved->Unresolved->Unresolved,1.360964047439353,0.3333333333333333,0.5,0.0,0.0,8.421,0.0,0.7195747265858132,0.08100952345125786,0.07174166666666666,0.6232730803683738,0.43474088537735844,CompressionPressure,0.6232730803683738
504,2026-04-13 11:05:00,Pure Unresolved Compression Equilibrium,Unresolved->Unresolved->Unresolved->Unresolved,1.2954618442339936,0.2222222222222222,0.6,0.0,0.0,8.421,0.0,0.7551389286808258,0.10984398032861264,0.057852777777777774,0.6968114125131533,0.3787456117595194,CompressionPressure,0.6968114125131533
505,2026-04-13 11:10:00,Pure Unresolved Compression Equilibrium,Unresolved->Unresolved->Unresolved->Unresolved,0.8812908992278072,0.1111111111111111,0.7,0.0,0.0,2.105,0.0,0.7935787641355866,0.1653733877500932,0.02140674603174603,0.7921415410204843,0.2374561937298923,CompressionPressure,0.7921415410204843
506,2026-04-13 11:15:00,Pure Unresolved Compression Equilibrium,Unresolved->Unresolved->Unresolved->Unresolved,0.7219280948844771,0.1111111111111111,0.8,0.0,0.0,0.0,0.0,0.829142966230599,0.18924126912429612,0.013888888888888888,0.8437683829586091,0.199588437422646,CompressionPressure,0.8437683829586091
507,2026-04-13 11:20:00,Pure Unresolved Compression Equilibrium,Unresolved->Unresolved->Unresolved->Unresolved,0.4689955935863958,0.1111111111111111,0.9,0.0,0.0,0.0,0.0,0.8647071683256116,0.2202730804215971,0.013888888888888888,0.9012433309564057,0.14425945276369073,CompressionPressure,0.9012433309564057
508,2026-04-13 11:25:00,Pure Unresolved Compression Equilibrium,Unresolved->Unresolved->Unresolved->Unresolved,-1.4428232973175175e-12,0.0,1.0,0.0,0.0,0.0,0.0,0.9002713704206242,0.27999999999999997,0.0,0.9999999999999999,0.0,CompressionPressure,0.9999999999999999
509,2026-04-13 11:30:00,Pure Unresolved Compression Equilibrium,Unresolved->Unresolved->Unresolved->Unresolved,-1.4428232973175175e-12,0.0,1.0,0.0,0.0,0.0,0.0,0.9002713704206242,0.27999999999999997,0.0,0.9999999999999999,0.0,CompressionPressure,0.9999999999999999
510,2026-04-13 11:35:00,Pure Unresolved Compression Equilibrium,Unresolved->Unresolved->Unresolved->Unresolved,-1.4428232973175175e-12,0.0,1.0,0.0,0.0,0.0,0.0,0.9002713704206242,0.27999999999999997,0.0,0.9999999999999999,0.0,CompressionPressure,0.9999999999999999
511,2026-04-13 11:40:00,Pure Unresolved Compression Equilibrium,Unresolved->Unresolved->Unresolved->Unresolved,-1.4428232973175175e-12,0.0,1.0,0.0,0.0,0.0,0.0,0.9002713704206242,0.27999999999999997,0.0,0.9999999999999999,0.0,CompressionPressure,0.9999999999999999
512,2026-04-13 11:45:00,Pure Unresolved Compression Equilibrium,Unresolved->Unresolved->Unresolved->Unresolved,-1.4428232973175175e-12,0.0,1.0,0.0,0.0,0.0,0.0,0.9002713704206242,0.27999999999999997,0.0,0.9999999999999999,0.0,CompressionPressure,0.9999999999999999
513,2026-04-13 11:50:00,Pure Unresolved Compression Equilibrium,Unresolved->Unresolved->Unresolved->Unresolved,-1.4428232973175175e-12,0.0,1.0,0.0,0.0,0.0,0.0,0.9002713704206242,0.27999999999999997,0.0,0.9999999999999999,0.0,CompressionPressure,0.9999999999999999
514,2026-04-13 11:55:00,Directional Continuation / Sponsor Release,Unresolved->Unresolved->Unresolved->Directional,0.4689955935863958,0.1111111111111111,0.9,0.1,1.0,2.5,7.5,0.8625971745550324,0.6493516583474204,0.25781746031746033,0.4512433309564058,0.1478308813351193,DirectionalReleasePressure,0.6493516583474204
515,2026-04-13 12:00:00,Directional Continuation / Sponsor Release,Unresolved->Unresolved->Directional->Directional,0.7219280948844771,0.1111111111111111,0.8,0.2,1.0,2.5,7.5,0.8249229786894405,0.5806893403551319,0.25781746031746033,0.3937683829586091,0.20315986599407457,DirectionalReleasePressure,0.5806893403551319
516,2026-04-13 12:05:00,Directional Continuation / Sponsor Release,Unresolved->Directional->Directional->Directional,0.8812908992278072,0.1111111111111111,0.7,0.3,1.0,2.5,7.5,0.7872487828238486,0.532495393571695,0.25781746031746033,0.3421415410204842,0.238020479444178,DirectionalReleasePressure,0.532495393571695
517,2026-04-13 12:10:00,Sponsor Exhaustion Collapse,Directional->Directional->Directional->Degrading,1.2954618442339936,0.2222222222222222,0.6,0.4,0.0,9.5,7.5,0.7460655764176244,0.13784398032861264,0.19670634920634922,0.2468114125131532,0.38028704033094796,RotationalPressure,0.38028704033094796
518,2026-04-13 12:15:00,Sponsor Exhaustion Collapse,Directional->Directional->Degrading->Degrading,1.4854752972230063,0.2222222222222222,0.5,0.5,0.0,9.5,7.5,0.7048823700114002,0.11862940866747469,0.19670634920634922,0.19326890503467323,0.4218524831722945,RotationalPressure,0.4218524831722945
519,2026-04-13 12:20:00,Unstable Rotational Balance,Directional->Degrading->Degrading->Balance,1.8464393446652445,0.3333333333333333,0.4,0.6,0.0,9.5,7.5,0.6634029508116613,0.09304166666666668,0.11059523809523808,0.11666666666666668,0.7385714285714285,RotationalPressure,0.7385714285714285
520,2026-04-13 12:25:00,Stable Compression Basin,Degrading->Degrading->Balance->Unresolved,2.170950594447455,0.4444444444444444,0.3,0.6,0.0,11.605,7.5,0.6278387487166489,0.08088888888888889,0.1320019841269841,0.538888888888889,0.533245238095238,CompressionPressure,0.538888888888889
521,2026-04-13 12:30:00,Stable Compression Basin,Degrading->Balance->Unresolved->Unresolved,2.246439344663802,0.4444444444444444,0.3,0.6,0.0,11.605,7.5,0.5922745466216364,0.08088888888888889,0.1320019841269841,0.538888888888889,0.533245238095238,CompressionPressure,0.538888888888889
522,2026-04-13 12:35:00,Stable Compression Basin,Balance->Unresolved->Unresolved->Unresolved,2.170950594447455,0.4444444444444444,0.3,0.6,0.0,11.605,7.5,0.5567103445266239,0.08088888888888889,0.1320019841269841,0.538888888888889,0.533245238095238,CompressionPressure,0.538888888888889
523,2026-04-13 12:40:00,Sponsor Exhaustion Collapse,Unresolved->Unresolved->Unresolved->Degrading,1.8954618442325508,0.4444444444444444,0.3,0.6,0.0,17.969,7.5,0.5155271381203997,0.08088888888888889,0.25473055555555557,0.0888888888888889,0.5423366666666666,RotationalPressure,0.5423366666666666
524,2026-04-13 12:45:00,Unstable Rotational Balance,Unresolved->Unresolved->Degrading->Balance,1.9709505944488979,0.5555555555555556,0.3,0.5,0.0,15.469,0.0,0.5117219147862528,0.06173611111111111,0.12469087301587302,0.061111111111111116,0.8304319047619048,RotationalPressure,0.8304319047619048
525,2026-04-13 12:50:00,Unstable Rotational Balance,Unresolved->Degrading->Balance->Balance,1.8954618442325508,0.5555555555555556,0.3,0.4,0.0,15.469,0.0,0.5079166914521058,0.05473611111111112,0.12469087301587302,0.061111111111111116,0.8304319047619048,RotationalPressure,0.8304319047619048
526,2026-04-13 12:55:00,Sponsor Exhaustion Collapse,Degrading->Balance->Balance->Degrading,1.5709505944503404,0.5555555555555556,0.4,0.3,0.0,15.469,0.0,0.5041114681179588,0.04996020622350693,0.22469087301587304,0.06292669895796485,0.5740773472979167,RotationalPressure,0.5740773472979167
527,2026-04-13 13:00:00,Sponsor Exhaustion Collapse,Balance->Balance->Degrading->Degrading,1.5709505944503404,0.5555555555555556,0.4,0.2,0.0,8.469,0.0,0.5038152553244444,0.042960206223506936,0.19969087301587302,0.06292669895796485,0.5640773472979167,RotationalPressure,0.5640773472979167
528,2026-04-13 13:05:00,Sponsor Exhaustion Collapse,Balance->Degrading->Degrading->Degrading,1.5709505944503404,0.4444444444444444,0.4,0.1,0.0,8.469,0.0,0.5035190425309299,0.04811298400128472,0.18580198412698412,0.09070447673574264,0.52241068063125,RotationalPressure,0.52241068063125
529,2026-04-13 13:10:00,Sponsor Exhaustion Collapse,Degrading->Degrading->Degrading->Degrading,1.4854752972230063,0.3333333333333333,0.5,0.0,0.0,8.469,0.0,0.5038152553244444,0.07147663088969691,0.17191309523809523,0.16549112725689544,0.46204629269610403,RotationalPressure,0.46204629269610403
530,2026-04-13 13:15:00,Stable Compression Basin,Degrading->Degrading->Degrading->Unresolved,1.4854752972230063,0.4444444444444444,0.5,0.0,0.0,9.305,0.0,0.5038152553244444,0.059323853111919136,0.0887876984126984,0.5877133494791177,0.5049072450770564,CompressionPressure,0.5877133494791177
531,2026-04-13 13:20:00,Stable Compression Basin,Degrading->Degrading->Unresolved->Unresolved,1.4854752972230063,0.4444444444444444,0.5,0.0,0.0,9.305,0.0,0.5038152553244444,0.059323853111919136,0.0887876984126984,0.5877133494791177,0.5049072450770564,CompressionPressure,0.5877133494791177
532,2026-04-13 13:25:00,Stable Compression Basin,Degrading->Unresolved->Unresolved->Unresolved,1.4854752972230063,0.3333333333333333,0.5,0.0,0.0,9.305,0.0,0.5038152553244444,0.07147663088969691,0.07489880952380952,0.6154911272568955,0.4632405784103898,CompressionPressure,0.6154911272568955
533,2026-04-13 13:30:00,Pure Unresolved Compression Equilibrium,Unresolved->Unresolved->Unresolved->Unresolved,1.8464393446652445,0.3333333333333333,0.4,0.0,0.0,2.941,0.0,0.5449984617306686,0.051041666666666666,0.05217023809523809,0.5666666666666667,0.47920142857142856,CompressionPressure,0.5666666666666667
534,2026-04-13 13:35:00,Pure Unresolved Compression Equilibrium,Unresolved->Unresolved->Unresolved->Unresolved,1.8464393446652445,0.3333333333333333,0.4,0.0,0.0,2.941,0.0,0.5864778809304073,0.051041666666666666,0.05217023809523809,0.5666666666666667,0.47920142857142856,CompressionPressure,0.5666666666666667
535,2026-04-13 13:40:00,Pure Unresolved Compression Equilibrium,Unresolved->Unresolved->Unresolved->Unresolved,1.5709505944503404,0.2222222222222222,0.4,0.0,0.0,2.941,0.0,0.6279573001301462,0.06541853955684027,0.03828134920634921,0.5962600322912982,0.4311802044407738,CompressionPressure,0.5962600322912982
536,2026-04-13 13:45:00,Unstable Rotational Balance,Unresolved->Unresolved->Unresolved->Balance,1.8954618442325508,0.3333333333333333,0.3,0.0,0.0,9.257,0.0,0.6309968838751241,0.051041666666666666,0.07472738095238095,0.11666666666666668,0.7382242857142857,RotationalPressure,0.7382242857142857
537,2026-04-13 13:50:00,Stable Compression Basin,Unresolved->Unresolved->Balance->Unresolved,1.8464393446652445,0.4444444444444444,0.4,0.0,0.0,11.361999999999998,0.0,0.6369121009798503,0.038888888888888896,0.09613412698412697,0.538888888888889,0.5328980952380952,CompressionPressure,0.538888888888889
538,2026-04-13 13:55:00,Stable Compression Basin,Unresolved->Balance->Unresolved->Unresolved,1.6854752972215634,0.4444444444444444,0.5,0.0,0.0,11.361999999999998,0.0,0.6428273180845766,0.050555555555555555,0.09613412698412697,0.5805555555555556,0.5328980952380952,CompressionPressure,0.5805555555555556
539,2026-04-13 14:00:00,Stable Compression Basin,Balance->Unresolved->Unresolved->Unresolved,1.2954618442339936,0.3333333333333333,0.6,0.0,0.0,11.361999999999998,0.0,0.6484463223957884,0.09769120255083487,0.0822452380952381,0.6690336347353755,0.42461370699761464,CompressionPressure,0.6690336347353755
540,2026-04-14 06:35:00,Pure Unresolved Compression Equilibrium,Unresolved->Unresolved->Unresolved->Unresolved,1.360964047439353,0.4444444444444444,0.5,0.0,0.0,8.421,0.0,0.6840105244908008,0.0688567456734801,0.08563055555555554,0.595495302590596,0.4764075520440251,CompressionPressure,0.595495302590596
541,2026-04-14 06:40:00,Sponsor Exhaustion Collapse,Unresolved->Unresolved->Unresolved->Degrading,1.7219280948815914,0.5555555555555556,0.4,0.0,0.0,14.785,0.0,0.678391520179589,0.026736111111111113,0.22224801587301588,0.061111111111111116,0.579454761904762,RotationalPressure,0.579454761904762
542,2026-04-14 06:45:00,Directional Continuation / Sponsor Release,Unresolved->Unresolved->Degrading->Directional,2.046439344663802,0.5555555555555556,0.4,0.1,1.0,21.451999999999998,3.3329999999999997,0.6762815264090097,0.0963888888888889,0.3616127301587302,0.061111111111111116,0.5889790476190476,RotationalPressure,0.5889790476190476
543,2026-04-14 06:50:00,Sponsor Exhaustion Collapse,Unresolved->Degrading->Directional->Degrading,2.170950594447455,0.6666666666666666,0.3,0.2,1.0,28.451999999999998,3.3329999999999997,0.6350983200027855,0.06533333333333335,0.3005016190476191,0.033333333333333354,0.6406457142857143,RotationalPressure,0.6406457142857143
544,2026-04-14 06:55:00,Unstable Rotational Balance,Degrading->Directional->Degrading->Balance,2.246439344663802,0.7777777777777778,0.3,0.3,1.0,38.452,3.3329999999999997,0.5966584845480247,0.05355555555555556,0.25010479365079363,0.005555555555555564,0.9465980952380951,RotationalPressure,0.9465980952380951
545,2026-04-14 07:00:00,Stable Compression Basin,Directional->Degrading->Balance->Unresolved,2.1219280948801487,0.7777777777777778,0.4,0.4,0.0,40.557,3.3329999999999997,0.5610942824530122,0.03043055555555556,0.25762265079365076,0.4555555555555556,0.699605238095238,RotationalPressure,0.699605238095238
546,2026-04-14 07:05:00,Stable Compression Basin,Degrading->Balance->Unresolved->Unresolved,1.9609640474364676,0.6666666666666666,0.5,0.4,0.0,34.241,3.3329999999999997,0.5639699158127606,0.05425000000000001,0.22117661904761904,0.525,0.6489157142857143,RotationalPressure,0.6489157142857143
547,2026-04-14 07:10:00,Stable Compression Basin,Balance->Unresolved->Unresolved->Unresolved,1.9609640474364676,0.6666666666666666,0.5,0.4,0.0,32.136,3.3329999999999997,0.5639699158127606,0.05425000000000001,0.2136587619047619,0.525,0.6459085714285714,RotationalPressure,0.6459085714285714
548,2026-04-14 07:15:00,Pure Unresolved Compression Equilibrium,Unresolved->Unresolved->Unresolved->Unresolved,2.1219280948801487,0.7777777777777778,0.4,0.4,0.0,32.136,3.3329999999999997,0.599534117907773,0.03043055555555556,0.2275476507936508,0.4555555555555556,0.687575238095238,RotationalPressure,0.687575238095238
549,2026-04-14 07:20:00,Pure Unresolved Compression Equilibrium,Unresolved->Unresolved->Unresolved->Unresolved,2.170950594447455,0.6666666666666666,0.3,0.4,0.0,32.136,3.3329999999999997,0.6350983200027855,0.04258333333333334,0.2136587619047619,0.4833333333333334,0.6459085714285714,RotationalPressure,0.6459085714285714
550,2026-04-14 07:25:00,Pure Unresolved Compression Equilibrium,Unresolved->Unresolved->Unresolved->Unresolved,2.170950594447455,0.5555555555555556,0.3,0.4,0.0,32.136,3.3329999999999997,0.6350983200027855,0.05473611111111112,0.199769873015873,0.5111111111111111,0.6042419047619048,RotationalPressure,0.6042419047619048
551,2026-04-14 07:30:00,Pure Unresolved Compression Equilibrium,Unresolved->Unresolved->Unresolved->Unresolved,2.046439344663802,0.4444444444444444,0.4,0.4,0.0,25.772000000000002,3.3329999999999997,0.6762815264090097,0.0668888888888889,0.16315241269841269,0.538888888888889,0.5534838095238095,RotationalPressure,0.5534838095238095
552,2026-04-14 07:35:00,Pure Unresolved Compression Equilibrium,Unresolved->Unresolved->Unresolved->Unresolved,1.6854752972215634,0.3333333333333333,0.5,0.3,0.0,19.105,0.0,0.7139557222746016,0.08370833333333333,0.10989880952380951,0.6083333333333334,0.5022928571428571,CompressionPressure,0.6083333333333334
553,2026-04-14 07:40:00,Pure Unresolved Compression Equilibrium,Unresolved->Unresolved->Unresolved->Unresolved,1.2954618442339936,0.2222222222222222,0.6,0.2,0.0,12.105,0.0,0.7551389286808258,0.12384398032861263,0.07100992063492063,0.6968114125131533,0.38400846890237655,CompressionPressure,0.6968114125131533
554,2026-04-14 07:45:00,Pure Unresolved Compression Equilibrium,Unresolved->Unresolved->Unresolved->Unresolved,0.8812908992278072,0.1111111111111111,0.7,0.1,0.0,2.105,0.0,0.7935787641355866,0.1723733877500932,0.02140674603174603,0.7921415410204843,0.2374561937298923,CompressionPressure,0.7921415410204843
555,2026-04-14 07:50:00,Pure Unresolved Compression Equilibrium,Unresolved->Unresolved->Unresolved->Unresolved,0.7219280948844771,0.1111111111111111,0.8,0.0,0.0,0.0,0.0,0.829142966230599,0.18924126912429612,0.013888888888888888,0.8437683829586091,0.199588437422646,CompressionPressure,0.8437683829586091
556,2026-04-14 07:55:00,Pure Unresolved Compression Equilibrium,Unresolved->Unresolved->Unresolved->Unresolved,0.4689955935863958,0.1111111111111111,0.9,0.0,0.0,0.0,0.0,0.8647071683256116,0.2202730804215971,0.013888888888888888,0.9012433309564057,0.14425945276369073,CompressionPressure,0.9012433309564057
557,2026-04-14 08:00:00,Pure Unresolved Compression Equilibrium,Unresolved->Unresolved->Unresolved->Unresolved,-1.4428232973175175e-12,0.0,1.0,0.0,0.0,0.0,0.0,0.9002713704206242,0.27999999999999997,0.0,0.9999999999999999,0.0,CompressionPressure,0.9999999999999999
558,2026-04-14 08:05:00,Pure Unresolved Compression Equilibrium,Unresolved->Unresolved->Unresolved->Unresolved,-1.4428232973175175e-12,0.0,1.0,0.0,0.0,0.0,0.0,0.9002713704206242,0.27999999999999997,0.0,0.9999999999999999,0.0,CompressionPressure,0.9999999999999999
559,2026-04-14 08:10:00,Directional Continuation / Sponsor Release,Unresolved->Unresolved->Unresolved->Directional,0.4689955935863958,0.1111111111111111,0.9,0.1,1.0,2.5,7.5,0.8625971745550324,0.6493516583474204,0.25781746031746033,0.4512433309564058,0.1478308813351193,DirectionalReleasePressure,0.6493516583474204
560,2026-04-14 08:15:00,Stable Compression Basin,Unresolved->Unresolved->Directional->Unresolved,0.9219280948830342,0.2222222222222222,0.8,0.2,1.0,2.5,7.5,0.8211177553552934,0.4017736945065802,0.0717063492063492,0.8034906051809215,0.2885765326604256,CompressionPressure,0.8034906051809215
561,2026-04-14 08:20:00,Stable Compression Basin,Unresolved->Directional->Unresolved->Unresolved,1.1567796494427114,0.2222222222222222,0.7,0.3,1.0,2.5,7.5,0.7796383361555548,0.35000800579196994,0.0717063492063492,0.747145716354275,0.339950310220355,CompressionPressure,0.747145716354275
562,2026-04-14 08:25:00,Stable Compression Basin,Directional->Unresolved->Unresolved->Unresolved,1.2954618442339936,0.2222222222222222,0.6,0.4,0.0,2.5,7.5,0.7381589169558159,0.13784398032861264,0.0717063492063492,0.6968114125131533,0.37028704033094795,CompressionPressure,0.6968114125131533
563,2026-04-14 08:30:00,Directional Continuation / Sponsor Release,Unresolved->Unresolved->Unresolved->Directional,1.4854752972230063,0.3333333333333333,0.5,0.5,1.0,5.0,15.0,0.7004847210902241,0.3042189453991341,0.32952380952380955,0.16549112725689544,0.45709057841038975,RotationalPressure,0.45709057841038975
564,2026-04-14 08:35:00,Directional Continuation / Sponsor Release,Unresolved->Unresolved->Directional->Directional,1.5709505944503404,0.3333333333333333,0.4,0.6,1.0,5.0,15.0,0.6628105252246324,0.2721878907973214,0.32952380952380955,0.11848225451352042,0.47578829967886904,RotationalPressure,0.47578829967886904
565,2026-04-14 08:40:00,Stable Compression Basin,Unresolved->Directional->Directional->Unresolved,1.5709505944503404,0.4444444444444444,0.4,0.7,1.0,5.0,15.0,0.6213311060248936,0.20597253486007935,0.1434126984126984,0.5407044767357427,0.5174549663455357,CompressionPressure,0.5407044767357427
566,2026-04-14 08:45:00,Stable Compression Basin,Directional->Directional->Unresolved->Unresolved,1.4854752972230063,0.4444444444444444,0.5,0.8,0.0,5.0,15.0,0.5857669039298811,0.11532385311191914,0.1434126984126984,0.5877133494791177,0.4987572450770564,CompressionPressure,0.5877133494791177
567,2026-04-14 08:50:00,Stable Compression Basin,Directional->Unresolved->Unresolved->Unresolved,1.2954618442339936,0.4444444444444444,0.6,0.9,0.0,5.0,15.0,0.5442874847301423,0.1485384247730571,0.1434126984126984,0.6412558569575977,0.4571918022357098,CompressionPressure,0.6412558569575977
568,2026-04-14 08:55:00,Pure Unresolved Compression Equilibrium,Unresolved->Unresolved->Unresolved->Unresolved,1.2954618442339936,0.4444444444444444,0.6,0.9,0.0,5.0,15.0,0.5442874847301423,0.1485384247730571,0.1434126984126984,0.6412558569575977,0.4571918022357098,CompressionPressure,0.6412558569575977
569,2026-04-14 09:00:00,Pure Unresolved Compression Equilibrium,Unresolved->Unresolved->Unresolved->Unresolved,1.3709505944503406,0.3333333333333333,0.6,0.8,0.0,2.5,7.5,0.5819616805957342,0.14791159511239582,0.08559523809523809,0.6643155878468537,0.42846687110744053,CompressionPressure,0.6643155878468537
570,2026-04-14 09:05:00,Pure Unresolved Compression Equilibrium,Unresolved->Unresolved->Unresolved->Unresolved,1.4854752972230063,0.3333333333333333,0.5,0.7,0.0,2.5,7.5,0.6234410997954729,0.12047663088969689,0.08559523809523809,0.6154911272568955,0.4535191498389612,CompressionPressure,0.6154911272568955
571,2026-04-14 09:10:00,Pure Unresolved Compression Equilibrium,Unresolved->Unresolved->Unresolved->Unresolved,1.5219280948830343,0.3333333333333333,0.4,0.6,0.0,2.5,7.5,0.6649205189952117,0.09901904690218435,0.08559523809523809,0.571546160736477,0.46149319932709226,CompressionPressure,0.571546160736477
572,2026-04-14 09:15:00,Pure Unresolved Compression Equilibrium,Unresolved->Unresolved->Unresolved->Unresolved,1.4854752972230063,0.2222222222222222,0.5,0.5,0.0,2.5,7.5,0.7063999381949504,0.11862940866747469,0.0717063492063492,0.6432689050346733,0.4118524831722945,CompressionPressure,0.6432689050346733
573,2026-04-14 09:20:00,Pure Unresolved Compression Equilibrium,Unresolved->Unresolved->Unresolved->Unresolved,1.2954618442339936,0.2222222222222222,0.6,0.4,0.0,0.0,0.0,0.7440741340605422,0.13784398032861264,0.027777777777777776,0.6968114125131533,0.3667156117595194,CompressionPressure,0.6968114125131533
574,2026-04-14 09:25:00,Pure Unresolved Compression Equilibrium,Unresolved->Unresolved->Unresolved->Unresolved,0.8812908992278072,0.1111111111111111,0.7,0.3,0.0,0.0,0.0,0.7817483299261341,0.1863733877500932,0.013888888888888888,0.7921415410204843,0.23444905087274945,CompressionPressure,0.7921415410204843
575,2026-04-14 09:30:00,Directional Continuation / Sponsor Release,Unresolved->Unresolved->Unresolved->Directional,1.1567796494427114,0.2222222222222222,0.7,0.3,1.0,2.5,7.5,0.785553553260281,0.4375100072399624,0.27170634920634923,0.297145716354275,0.339950310220355,DirectionalReleasePressure,0.4375100072399624
576,2026-04-14 09:35:00,Stable Compression Basin,Unresolved->Unresolved->Directional->Unresolved,1.1567796494427114,0.3333333333333333,0.7,0.3,1.0,2.5,7.5,0.7796383361555547,0.3222302280141922,0.08559523809523809,0.7193679385764972,0.3816169768870217,CompressionPressure,0.7193679385764972
577,2026-04-14 09:40:00,Stable Compression Basin,Unresolved->Directional->Unresolved->Unresolved,1.1567796494427114,0.2222222222222222,0.7,0.3,1.0,2.5,7.5,0.7796383361555548,0.35000800579196994,0.0717063492063492,0.747145716354275,0.339950310220355,CompressionPressure,0.747145716354275
578,2026-04-14 09:45:00,Stable Compression Basin,Directional->Unresolved->Unresolved->Unresolved,1.2954618442339936,0.2222222222222222,0.6,0.4,0.0,2.5,7.5,0.7381589169558159,0.13784398032861264,0.0717063492063492,0.6968114125131533,0.37028704033094795,CompressionPressure,0.6968114125131533
579,2026-04-14 09:50:00,Pure Unresolved Compression Equilibrium,Unresolved->Unresolved->Unresolved->Unresolved,1.2954618442339936,0.3333333333333333,0.6,0.4,0.0,2.5,7.5,0.7381589169558159,0.12569120255083488,0.08559523809523809,0.6690336347353755,0.41195370699761463,CompressionPressure,0.6690336347353755
580,2026-04-14 09:55:00,Pure Unresolved Compression Equilibrium,Unresolved->Unresolved->Unresolved->Unresolved,1.2954618442339936,0.3333333333333333,0.6,0.4,0.0,2.5,7.5,0.7381589169558159,0.12569120255083488,0.08559523809523809,0.6690336347353755,0.41195370699761463,CompressionPressure,0.6690336347353755
581,2026-04-14 10:00:00,Pure Unresolved Compression Equilibrium,Unresolved->Unresolved->Unresolved->Unresolved,1.2954618442339936,0.3333333333333333,0.6,0.4,0.0,2.5,7.5,0.7381589169558159,0.12569120255083488,0.08559523809523809,0.6690336347353755,0.41195370699761463,CompressionPressure,0.6690336347353755
582,2026-04-14 10:05:00,Pure Unresolved Compression Equilibrium,Unresolved->Unresolved->Unresolved->Unresolved,1.2954618442339936,0.3333333333333333,0.6,0.4,0.0,2.5,7.5,0.7381589169558159,0.12569120255083488,0.08559523809523809,0.6690336347353755,0.41195370699761463,CompressionPressure,0.6690336347353755
583,2026-04-14 10:10:00,Pure Unresolved Compression Equilibrium,Unresolved->Unresolved->Unresolved->Unresolved,1.2954618442339936,0.3333333333333333,0.6,0.4,0.0,2.5,7.5,0.7381589169558159,0.12569120255083488,0.08559523809523809,0.6690336347353755,0.41195370699761463,CompressionPressure,0.6690336347353755
584,2026-04-14 10:15:00,Pure Unresolved Compression Equilibrium,Unresolved->Unresolved->Unresolved->Unresolved,1.2954618442339936,0.2222222222222222,0.6,0.4,0.0,2.5,7.5,0.7381589169558159,0.13784398032861264,0.0717063492063492,0.6968114125131533,0.37028704033094795,CompressionPressure,0.6968114125131533
585,2026-04-14 10:20:00,Pure Unresolved Compression Equilibrium,Unresolved->Unresolved->Unresolved->Unresolved,0.8812908992278072,0.1111111111111111,0.7,0.3,0.0,0.0,0.0,0.7758331128214078,0.1863733877500932,0.013888888888888888,0.7921415410204843,0.23444905087274945,CompressionPressure,0.7921415410204843
586,2026-04-14 10:25:00,Pure Unresolved Compression Equilibrium,Unresolved->Unresolved->Unresolved->Unresolved,0.7219280948844771,0.1111111111111111,0.8,0.2,0.0,0.0,0.0,0.8173125320211465,0.20324126912429613,0.013888888888888888,0.8437683829586091,0.199588437422646,CompressionPressure,0.8437683829586091
587,2026-04-14 10:30:00,Pure Unresolved Compression Equilibrium,Unresolved->Unresolved->Unresolved->Unresolved,0.4689955935863958,0.1111111111111111,0.9,0.1,0.0,0.0,0.0,0.8587919512208853,0.2272730804215971,0.013888888888888888,0.9012433309564057,0.14425945276369073,CompressionPressure,0.9012433309564057
588,2026-04-14 10:35:00,Pure Unresolved Compression Equilibrium,Unresolved->Unresolved->Unresolved->Unresolved,-1.4428232973175175e-12,0.0,1.0,0.0,0.0,0.0,0.0,0.9002713704206242,0.27999999999999997,0.0,0.9999999999999999,0.0,CompressionPressure,0.9999999999999999
589,2026-04-14 10:40:00,Pure Unresolved Compression Equilibrium,Unresolved->Unresolved->Unresolved->Unresolved,-1.4428232973175175e-12,0.0,1.0,0.0,0.0,0.0,0.0,0.9002713704206242,0.27999999999999997,0.0,0.9999999999999999,0.0,CompressionPressure,0.9999999999999999
590,2026-04-14 10:45:00,Pure Unresolved Compression Equilibrium,Unresolved->Unresolved->Unresolved->Unresolved,-1.4428232973175175e-12,0.0,1.0,0.0,0.0,0.0,0.0,0.9002713704206242,0.27999999999999997,0.0,0.9999999999999999,0.0,CompressionPressure,0.9999999999999999
591,2026-04-14 10:50:00,Pure Unresolved Compression Equilibrium,Unresolved->Unresolved->Unresolved->Unresolved,-1.4428232973175175e-12,0.0,1.0,0.0,0.0,0.0,0.0,0.9002713704206242,0.27999999999999997,0.0,0.9999999999999999,0.0,CompressionPressure,0.9999999999999999
592,2026-04-14 10:55:00,Pure Unresolved Compression Equilibrium,Unresolved->Unresolved->Unresolved->Unresolved,-1.4428232973175175e-12,0.0,1.0,0.0,0.0,0.0,0.0,0.9002713704206242,0.27999999999999997,0.0,0.9999999999999999,0.0,CompressionPressure,0.9999999999999999
593,2026-04-14 11:00:00,Pure Unresolved Compression Equilibrium,Unresolved->Unresolved->Unresolved->Unresolved,-1.4428232973175175e-12,0.0,1.0,0.0,0.0,0.0,0.0,0.9002713704206242,0.27999999999999997,0.0,0.9999999999999999,0.0,CompressionPressure,0.9999999999999999
594,2026-04-14 11:05:00,Pure Unresolved Compression Equilibrium,Unresolved->Unresolved->Unresolved->Unresolved,-1.4428232973175175e-12,0.0,1.0,0.0,0.0,0.0,0.0,0.9002713704206242,0.27999999999999997,0.0,0.9999999999999999,0.0,CompressionPressure,0.9999999999999999
595,2026-04-14 11:10:00,Pure Unresolved Compression Equilibrium,Unresolved->Unresolved->Unresolved->Unresolved,-1.4428232973175175e-12,0.0,1.0,0.0,0.0,0.0,0.0,0.9002713704206242,0.27999999999999997,0.0,0.9999999999999999,0.0,CompressionPressure,0.9999999999999999
596,2026-04-14 11:15:00,Pure Unresolved Compression Equilibrium,Unresolved->Unresolved->Unresolved->Unresolved,-1.4428232973175175e-12,0.0,1.0,0.0,0.0,0.0,0.0,0.9002713704206242,0.27999999999999997,0.0,0.9999999999999999,0.0,CompressionPressure,0.9999999999999999
597,2026-04-14 11:20:00,Pure Unresolved Compression Equilibrium,Unresolved->Unresolved->Unresolved->Unresolved,-1.4428232973175175e-12,0.0,1.0,0.0,0.0,0.0,0.0,0.9002713704206242,0.27999999999999997,0.0,0.9999999999999999,0.0,CompressionPressure,0.9999999999999999
598,2026-04-14 11:25:00,Pure Unresolved Compression Equilibrium,Unresolved->Unresolved->Unresolved->Unresolved,-1.4428232973175175e-12,0.0,1.0,0.0,0.0,0.0,0.0,0.9002713704206242,0.27999999999999997,0.0,0.9999999999999999,0.0,CompressionPressure,0.9999999999999999
599,2026-04-14 11:30:00,Pure Unresolved Compression Equilibrium,Unresolved->Unresolved->Unresolved->Unresolved,-1.4428232973175175e-12,0.0,1.0,0.0,0.0,0.0,0.0,0.9002713704206242,0.27999999999999997,0.0,0.9999999999999999,0.0,CompressionPressure,0.9999999999999999
600,2026-04-14 11:35:00,Pure Unresolved Compression Equilibrium,Unresolved->Unresolved->Unresolved->Unresolved,-1.4428232973175175e-12,0.0,1.0,0.0,0.0,0.0,0.0,0.9002713704206242,0.27999999999999997,0.0,0.9999999999999999,0.0,CompressionPressure,0.9999999999999999
601,2026-04-14 11:40:00,Pure Unresolved Compression Equilibrium,Unresolved->Unresolved->Unresolved->Unresolved,-1.4428232973175175e-12,0.0,1.0,0.0,0.0,0.0,0.0,0.9002713704206242,0.27999999999999997,0.0,0.9999999999999999,0.0,CompressionPressure,0.9999999999999999
602,2026-04-14 11:45:00,Pure Unresolved Compression Equilibrium,Unresolved->Unresolved->Unresolved->Unresolved,-1.4428232973175175e-12,0.0,1.0,0.0,0.0,0.0,0.0,0.9002713704206242,0.27999999999999997,0.0,0.9999999999999999,0.0,CompressionPressure,0.9999999999999999
603,2026-04-14 11:50:00,Pure Unresolved Compression Equilibrium,Unresolved->Unresolved->Unresolved->Unresolved,-1.4428232973175175e-12,0.0,1.0,0.0,0.0,0.0,0.0,0.9002713704206242,0.27999999999999997,0.0,0.9999999999999999,0.0,CompressionPressure,0.9999999999999999
604,2026-04-14 11:55:00,Pure Unresolved Compression Equilibrium,Unresolved->Unresolved->Unresolved->Unresolved,-1.4428232973175175e-12,0.0,1.0,0.0,0.0,0.0,0.0,0.9002713704206242,0.27999999999999997,0.0,0.9999999999999999,0.0,CompressionPressure,0.9999999999999999
605,2026-04-14 12:00:00,Pure Unresolved Compression Equilibrium,Unresolved->Unresolved->Unresolved->Unresolved,-1.4428232973175175e-12,0.0,1.0,0.0,0.0,0.0,0.0,0.9002713704206242,0.27999999999999997,0.0,0.9999999999999999,0.0,CompressionPressure,0.9999999999999999
606,2026-04-14 12:05:00,Pure Unresolved Compression Equilibrium,Unresolved->Unresolved->Unresolved->Unresolved,-1.4428232973175175e-12,0.0,1.0,0.0,0.0,0.0,0.0,0.9002713704206242,0.27999999999999997,0.0,0.9999999999999999,0.0,CompressionPressure,0.9999999999999999
607,2026-04-14 12:10:00,Pure Unresolved Compression Equilibrium,Unresolved->Unresolved->Unresolved->Unresolved,-1.4428232973175175e-12,0.0,1.0,0.0,0.0,0.0,0.0,0.9002713704206242,0.27999999999999997,0.0,0.9999999999999999,0.0,CompressionPressure,0.9999999999999999
608,2026-04-14 12:15:00,Directional Continuation / Sponsor Release,Unresolved->Unresolved->Unresolved->Directional,0.4689955935863958,0.1111111111111111,0.9,0.1,1.0,2.5,7.5,0.8625971745550324,0.6493516583474204,0.25781746031746033,0.4512433309564058,0.1478308813351193,DirectionalReleasePressure,0.6493516583474204
609,2026-04-14 12:20:00,Directional Continuation / Sponsor Release,Unresolved->Unresolved->Directional->Directional,0.7219280948844771,0.1111111111111111,0.8,0.2,1.0,2.5,7.5,0.8249229786894405,0.5806893403551319,0.25781746031746033,0.3937683829586091,0.20315986599407457,DirectionalReleasePressure,0.5806893403551319
610,2026-04-14 12:25:00,Directional Continuation / Sponsor Release,Unresolved->Directional->Directional->Directional,0.8812908992278072,0.1111111111111111,0.7,0.3,1.0,2.5,7.5,0.7872487828238486,0.532495393571695,0.25781746031746033,0.3421415410204842,0.238020479444178,DirectionalReleasePressure,0.532495393571695
611,2026-04-14 12:30:00,Directional Continuation / Sponsor Release,Directional->Directional->Directional->Directional,0.9709505944517833,0.1111111111111111,0.6,0.4,1.0,2.5,7.5,0.7495745869582568,0.49954900190811685,0.25781746031746033,0.29487114340231907,0.25763353777442277,DirectionalReleasePressure,0.49954900190811685
612,2026-04-14 12:35:00,Directional Continuation / Sponsor Release,Directional->Directional->Directional->Directional,0.9999999999971146,0.1111111111111111,0.5,0.5,1.0,2.5,7.5,0.711900391092665,0.47986111111174223,0.25781746031746033,0.25138888888906924,0.263988095237464,DirectionalReleasePressure,0.47986111111174223
613,2026-04-14 12:40:00,Directional Continuation / Sponsor Release,Directional->Directional->Directional->Directional,0.9709505944517833,0.1111111111111111,0.6,0.6,1.0,2.5,7.5,0.6742261952270732,0.5395490019081168,0.25781746031746033,0.29487114340231907,0.25763353777442277,DirectionalReleasePressure,0.5395490019081168
614,2026-04-14 12:45:00,Sponsor Exhaustion Collapse,Directional->Directional->Directional->Degrading,1.2954618442339936,0.2222222222222222,0.6,0.7,0.0,9.5,7.5,0.633042988820849,0.15884398032861263,0.19670634920634922,0.2468114125131532,0.38028704033094796,RotationalPressure,0.38028704033094796
615,2026-04-14 12:50:00,Stable Compression Basin,Directional->Directional->Degrading->Unresolved,1.5709505944488977,0.3333333333333333,0.6,0.8,0.0,12.440999999999999,7.5,0.5974787867258364,0.13259909511250625,0.1210988095238095,0.6518155878469439,0.4864182996785535,CompressionPressure,0.6518155878469439
616,2026-04-14 12:55:00,Unstable Rotational Balance,Directional->Degrading->Unresolved->Balance,1.770950594447455,0.4444444444444444,0.6,0.9,0.0,12.440999999999999,7.5,0.5559993675260977,0.12522222222222223,0.1349876984126984,0.17222222222222222,0.7844395238095238,RotationalPressure,0.7844395238095238
617,2026-04-14 13:00:00,Stable Compression Basin,Degrading->Unresolved->Balance->Unresolved,1.5709505944488977,0.4444444444444444,0.6,0.9,0.0,14.546000000000001,7.5,0.5204351654310851,0.1274463173347285,0.14250555555555555,0.6240378100691661,0.531092109202363,CompressionPressure,0.6240378100691661
618,2026-04-14 13:05:00,Unstable Rotational Balance,Unresolved->Balance->Unresolved->Balance,1.7609640474379105,0.5555555555555556,0.5,0.8,0.0,18.362000000000002,0.0,0.5196695258419162,0.09440277777777778,0.13502301587301588,0.10277777777777777,0.8345647619047619,RotationalPressure,0.8345647619047619
619,2026-04-14 13:10:00,Unstable Rotational Balance,Balance->Unresolved->Balance->Balance,1.8464393446652445,0.5555555555555556,0.4,0.7,0.0,18.362000000000002,0.0,0.5189038862527472,0.0757361111111111,0.13502301587301588,0.061111111111111116,0.8345647619047619,RotationalPressure,0.8345647619047619
620,2026-04-14 13:15:00,Unstable Rotational Balance,Unresolved->Balance->Balance->Balance,1.8464393446652445,0.5555555555555556,0.4,0.6,0.0,18.362000000000002,0.0,0.5181382466635782,0.06873611111111111,0.13502301587301588,0.061111111111111116,0.8345647619047619,RotationalPressure,0.8345647619047619
621,2026-04-14 13:20:00,Unstable Rotational Balance,Balance->Balance->Balance->Balance,1.7609640474379105,0.5555555555555556,0.5,0.5,0.0,18.362000000000002,0.0,0.5173726070744091,0.07340277777777778,0.13502301587301588,0.10277777777777777,0.8345647619047619,RotationalPressure,0.8345647619047619
622,2026-04-14 13:25:00,Unstable Rotational Balance,Balance->Balance->Balance->Balance,1.5709505944488977,0.5555555555555556,0.6,0.4,0.0,18.362000000000002,0.0,0.5166069674852402,0.08029353955695072,0.13502301587301588,0.14626003229138834,0.8282102044404582,RotationalPressure,0.8282102044404582
623,2026-04-14 13:30:00,Unstable Rotational Balance,Balance->Balance->Balance->Unresolved,1.1567796494427114,0.4444444444444444,0.7,0.3,0.0,20.467000000000002,0.0,0.5158413278960712,0.1288229469784313,0.12865198412698414,0.24159016079871942,0.6989507864108312,RotationalPressure,0.6989507864108312
624,2026-04-14 13:35:00,Unstable Rotational Balance,Balance->Balance->Unresolved->Balance,0.7219280948844771,0.3333333333333333,0.8,0.2,0.0,13.466999999999999,0.0,0.5155451151025566,0.17893571356874055,0.08976309523809523,0.3382128274030536,0.5521603421845508,RotationalPressure,0.5521603421845508
625,2026-04-14 13:40:00,Unstable Rotational Balance,Balance->Unresolved->Balance->Balance,0.4689955935863958,0.2222222222222222,0.9,0.1,0.0,10.526,0.0,0.5126694817428084,0.21512030264381934,0.06537063492063491,0.42346555317862805,0.4509632622875003,RotationalPressure,0.4509632622875003
626,2026-04-14 13:45:00,Stable Compression Basin,Unresolved->Balance->Balance->Unresolved,0.7219280948844771,0.2222222222222222,0.8,0.0,0.0,12.630999999999998,0.0,0.5185846988475346,0.17708849134651833,0.07288849206349206,0.8159906051808313,0.2592993898035984,CompressionPressure,0.8159906051808313
627,2026-04-14 13:50:00,Unstable Rotational Balance,Balance->Balance->Unresolved->Balance,0.4689955935863958,0.2222222222222222,0.9,0.0,0.0,10.526,0.0,0.5126694817428084,0.20812030264381934,0.06537063492063491,0.42346555317862805,0.4509632622875003,RotationalPressure,0.4509632622875003
628,2026-04-14 13:55:00,Stable Compression Basin,Balance->Unresolved->Balance->Unresolved,0.7219280948844771,0.3333333333333333,0.8,0.0,0.0,6.315,0.0,0.5155451151025566,0.16493571356874057,0.0642202380952381,0.7882128274030535,0.2919431993274079,CompressionPressure,0.7882128274030535
629,2026-04-14 14:00:00,Stable Compression Basin,Unresolved->Balance->Unresolved->Unresolved,0.8812908992278072,0.3333333333333333,0.7,0.0,0.0,6.315,0.0,0.518420748462305,0.14106783219453767,0.0642202380952381,0.7365859854649287,0.32680381277751136,CompressionPressure,0.7365859854649287
630,2026-04-15 06:35:00,Stable Compression Basin,Balance->Unresolved->Unresolved->Unresolved,0.9709505944517833,0.3333333333333333,0.6,0.0,0.0,6.315,0.0,0.5212963818220533,0.12253659511228533,0.0642202380952381,0.6893155878467636,0.34641687110775615,CompressionPressure,0.6893155878467636
631,2026-04-15 06:40:00,Unstable Rotational Balance,Unresolved->Unresolved->Unresolved->Balance,0.9709505944517833,0.4444444444444444,0.6,0.0,0.0,12.631,0.0,0.5212963818220533,0.11038381733450757,0.10066626984126983,0.21153781006898575,0.64710639491728,RotationalPressure,0.64710639491728
632,2026-04-15 06:45:00,Stable Compression Basin,Unresolved->Unresolved->Balance->Unresolved,0.9999999999971146,0.5555555555555556,0.5,0.0,0.0,14.736,0.0,0.5241720151818017,0.08434027777799868,0.12207301587301589,0.5902777777779582,0.44813476190413065,CompressionPressure,0.5902777777779582
633,2026-04-15 06:50:00,Unstable Rotational Balance,Unresolved->Balance->Unresolved->Balance,0.9999999999971146,0.6666666666666666,0.5,0.0,0.0,18.946999999999996,0.0,0.5241720151818017,0.07218750000022091,0.15100119047619046,0.11250000000018034,0.7458171428565116,RotationalPressure,0.7458171428565116
634,2026-04-15 06:55:00,Stable Compression Basin,Balance->Unresolved->Balance->Unresolved,0.9709505944517833,0.7777777777777778,0.6,0.0,0.0,21.052,0.0,0.530087232286528,0.07392548400117421,0.1724079365079365,0.5782044767356525,0.5341363949172799,CompressionPressure,0.5782044767356525
635,2026-04-15 07:00:00,Unstable Rotational Balance,Unresolved->Balance->Unresolved->Balance,0.9709505944517833,0.7777777777777778,0.6,0.0,0.0,27.368000000000002,0.0,0.530087232286528,0.07392548400117421,0.19496507936507937,0.12820447673565244,0.793159252060137,RotationalPressure,0.793159252060137
636,2026-04-15 07:05:00,Unstable Rotational Balance,Balance->Unresolved->Balance->Balance,0.9999999999971146,0.6666666666666666,0.5,0.0,0.0,25.262999999999998,0.0,0.5272115989267796,0.07218750000022091,0.17355833333333331,0.11250000000018034,0.7548399999993687,RotationalPressure,0.7548399999993687
637,2026-04-15 07:10:00,Sponsor Exhaustion Collapse,Unresolved->Balance->Balance->Degrading,1.360964047439353,0.6666666666666666,0.5,0.0,0.0,25.262999999999998,0.0,0.5272115989267796,0.04455119011792455,0.27355833333333335,0.08993974703504046,0.5838008853773584,RotationalPressure,0.5838008853773584
638,2026-04-15 07:15:00,Sponsor Exhaustion Collapse,Balance->Balance->Degrading->Degrading,1.5219280948830343,0.6666666666666666,0.4,0.0,0.0,23.157999999999998,0.0,0.5212963818220533,0.020560713568851037,0.2660404761904762,0.03821282740314372,0.6160046278985208,RotationalPressure,0.6160046278985208
639,2026-04-15 07:20:00,Sponsor Exhaustion Collapse,Balance->Degrading->Degrading->Degrading,1.5709505944503404,0.6666666666666666,0.4,0.0,0.0,23.157999999999998,0.0,0.5153811647173271,0.016807428445729165,0.2660404761904762,0.03514892118018709,0.6267282996788691,RotationalPressure,0.6267282996788691
640,2026-04-15 07:25:00,Sponsor Exhaustion Collapse,Degrading->Degrading->Degrading->Degrading,1.5219280948830343,0.5555555555555556,0.4,0.0,0.0,23.157999999999998,0.0,0.5097621604061153,0.032713491346628806,0.25215158730158727,0.06599060518092148,0.5743379612318542,RotationalPressure,0.5743379612318542
641,2026-04-15 07:30:00,Stable Compression Basin,Degrading->Degrading->Degrading->Unresolved,1.5709505944503404,0.5555555555555556,0.4,0.0,0.0,19.782999999999998,0.0,0.5126377937658637,0.028960206223506934,0.14009801587301587,0.5129266989579648,0.5802402044407738,RotationalPressure,0.5802402044407738
642,2026-04-15 07:35:00,Stable Compression Basin,Degrading->Degrading->Unresolved->Unresolved,1.5709505944503404,0.4444444444444444,0.4,0.0,0.0,17.678,0.0,0.5126377937658637,0.04111298400128472,0.11869126984126985,0.5407044767357427,0.5355663949169642,CompressionPressure,0.5407044767357427
643,2026-04-15 07:40:00,Stable Compression Basin,Degrading->Unresolved->Unresolved->Unresolved,1.5219280948830343,0.3333333333333333,0.4,0.0,0.0,11.361999999999998,0.0,0.515513427125612,0.05701904690218436,0.0822452380952381,0.571546160736477,0.47415319932709227,CompressionPressure,0.571546160736477
644,2026-04-15 07:45:00,Pure Unresolved Compression Equilibrium,Unresolved->Unresolved->Unresolved->Unresolved,1.8464393446652445,0.3333333333333333,0.4,0.0,0.0,9.257,0.0,0.5510776292206245,0.051041666666666666,0.07472738095238095,0.5666666666666667,0.48822428571428567,CompressionPressure,0.5666666666666667
645,2026-04-15 07:50:00,Pure Unresolved Compression Equilibrium,Unresolved->Unresolved->Unresolved->Unresolved,1.8464393446652445,0.3333333333333333,0.4,0.0,0.0,2.941,0.0,0.5895174646753853,0.051041666666666666,0.05217023809523809,0.5666666666666667,0.47920142857142856,CompressionPressure,0.5666666666666667
646,2026-04-15 07:55:00,Pure Unresolved Compression Equilibrium,Unresolved->Unresolved->Unresolved->Unresolved,1.5709505944503404,0.2222222222222222,0.4,0.0,0.0,2.941,0.0,0.6279573001301462,0.06541853955684027,0.03828134920634921,0.5962600322912982,0.4311802044407738,CompressionPressure,0.5962600322912982
647,2026-04-15 08:00:00,Unstable Rotational Balance,Unresolved->Unresolved->Unresolved->Balance,1.8954618442325508,0.3333333333333333,0.3,0.0,0.0,9.257,0.0,0.6309968838751241,0.051041666666666666,0.07472738095238095,0.11666666666666668,0.7382242857142857,RotationalPressure,0.7382242857142857
648,2026-04-15 08:05:00,Stable Compression Basin,Unresolved->Unresolved->Balance->Unresolved,1.8464393446652445,0.4444444444444444,0.4,0.0,0.0,11.361999999999998,0.0,0.6369121009798503,0.038888888888888896,0.09613412698412697,0.538888888888889,0.5328980952380952,CompressionPressure,0.538888888888889
649,2026-04-15 08:10:00,Stable Compression Basin,Unresolved->Balance->Unresolved->Unresolved,1.6854752972215634,0.4444444444444444,0.5,0.0,0.0,11.361999999999998,0.0,0.6428273180845766,0.050555555555555555,0.09613412698412697,0.5805555555555556,0.5328980952380952,CompressionPressure,0.5805555555555556
650,2026-04-15 08:15:00,Sponsor Exhaustion Collapse,Balance->Unresolved->Unresolved->Degrading,1.6854752972215634,0.4444444444444444,0.5,0.0,0.0,11.361999999999998,0.0,0.642531105291062,0.050555555555555555,0.19613412698412697,0.13055555555555556,0.5328980952380952,RotationalPressure,0.5328980952380952
651,2026-04-15 08:20:00,Directional Continuation / Sponsor Release,Unresolved->Unresolved->Degrading->Directional,2.046439344663802,0.5555555555555556,0.4,0.1,1.0,15.088,3.3329999999999997,0.6404211115204828,0.0963888888888889,0.33888415873015876,0.061111111111111116,0.5798876190476191,RotationalPressure,0.5798876190476191
652,2026-04-15 08:25:00,Sponsor Exhaustion Collapse,Unresolved->Degrading->Directional->Degrading,2.170950594447455,0.6666666666666666,0.3,0.2,1.0,22.088,3.3329999999999997,0.634802107209271,0.06533333333333335,0.27777304761904764,0.033333333333333354,0.6315542857142857,RotationalPressure,0.6315542857142857
653,2026-04-15 08:30:00,Stable Compression Basin,Degrading->Directional->Degrading->Unresolved,2.170950594447455,0.6666666666666666,0.3,0.3,1.0,25.029,3.3329999999999997,0.634802107209271,0.08133333333333335,0.18827661904761905,0.4833333333333334,0.6357557142857143,RotationalPressure,0.6357557142857143
654,2026-04-15 08:35:00,Stable Compression Basin,Directional->Degrading->Unresolved->Unresolved,2.1219280948801487,0.6666666666666666,0.4,0.4,0.0,25.029,3.3329999999999997,0.5992379051142585,0.04258333333333334,0.18827661904761905,0.4833333333333334,0.6357557142857143,RotationalPressure,0.6357557142857143
655,2026-04-15 08:40:00,Unstable Rotational Balance,Degrading->Unresolved->Unresolved->Balance,2.1219280948801487,0.7777777777777778,0.4,0.4,0.0,31.34499999999999,3.3329999999999997,0.5607980696594976,0.03043055555555556,0.22472265079365078,0.005555555555555564,0.936445238095238,RotationalPressure,0.936445238095238
656,2026-04-15 08:45:00,Stable Compression Basin,Unresolved->Unresolved->Balance->Degrading,1.7609640474379105,0.7777777777777778,0.5,0.4,0.0,31.345000000000006,3.3329999999999997,0.5193186504597589,0.04209722222222222,0.22472265079365084,0.49722222222222223,0.686445238095238,RotationalPressure,0.686445238095238
657,2026-04-15 08:50:00,Stable Compression Basin,Unresolved->Balance->Degrading->Unresolved,1.5709505944488977,0.6666666666666666,0.6,0.4,0.0,25.029,3.3329999999999997,0.516279066714781,0.06814076177917294,0.18827661904761905,0.5684822545136106,0.6294011568214106,RotationalPressure,0.6294011568214106
658,2026-04-15 08:55:00,Stable Compression Basin,Balance->Degrading->Unresolved->Unresolved,1.5709505944488977,0.6666666666666666,0.6,0.4,0.0,22.924,3.3329999999999997,0.516279066714781,0.06814076177917294,0.1807587619047619,0.5684822545136106,0.6263940139642677,RotationalPressure,0.6263940139642677
659,2026-04-15 09:00:00,Sponsor Exhaustion Collapse,Degrading->Unresolved->Unresolved->Degrading,1.6854752972215634,0.6666666666666666,0.5,0.4,0.0,29.288,3.3329999999999997,0.5106600624035693,0.05425000000000001,0.30348733333333333,0.07500000000000001,0.64184,RotationalPressure,0.64184
660,2026-04-15 09:05:00,Stable Compression Basin,Unresolved->Unresolved->Degrading->Unresolved,1.5709505944488977,0.6666666666666666,0.6,0.4,0.0,32.229,3.3329999999999997,0.5165752795082955,0.06814076177917294,0.21399090476190474,0.5684822545136106,0.6396868711071249,RotationalPressure,0.6396868711071249
661,2026-04-15 09:10:00,Stable Compression Basin,Unresolved->Degrading->Unresolved->Unresolved,1.1567796494427114,0.5555555555555556,0.7,0.3,0.0,25.561999999999998,0.0,0.5186852732788748,0.11667016920065351,0.1607373015873016,0.6638123830209416,0.4978960245060693,CompressionPressure,0.6638123830209416
662,2026-04-15 09:15:00,Stable Compression Basin,Degrading->Unresolved->Unresolved->Unresolved,0.9219280948830342,0.4444444444444444,0.8,0.2,0.0,18.562,0.0,0.5243042775900866,0.15147043579107328,0.1218484126984127,0.7479350496253659,0.3948555802794732,CompressionPressure,0.7479350496253659
663,2026-04-15 09:20:00,Pure Unresolved Compression Equilibrium,Unresolved->Unresolved->Unresolved->Unresolved,1.3567796494412687,0.5555555555555556,0.7,0.1,0.0,15.620999999999999,0.0,0.5598684796850991,0.08735766920076397,0.12523373015873016,0.6513123830210318,0.5274445959343251,CompressionPressure,0.6513123830210318
664,2026-04-15 09:25:00,Pure Unresolved Compression Equilibrium,Unresolved->Unresolved->Unresolved->Unresolved,1.5709505944488977,0.4444444444444444,0.6,0.0,0.0,15.620999999999999,0.0,0.5954326817801116,0.0644463173347285,0.11134484126984126,0.6240378100691661,0.5326278234880774,CompressionPressure,0.6240378100691661
665,2026-04-15 09:30:00,Pure Unresolved Compression Equilibrium,Unresolved->Unresolved->Unresolved->Unresolved,1.2954618442339936,0.3333333333333333,0.6,0.0,0.0,9.305,0.0,0.6338725172348724,0.09769120255083487,0.07489880952380952,0.6690336347353755,0.42167513556904324,CompressionPressure,0.6690336347353755
666,2026-04-15 09:35:00,Pure Unresolved Compression Equilibrium,Unresolved->Unresolved->Unresolved->Unresolved,1.360964047439353,0.3333333333333333,0.5,0.0,0.0,9.305,0.0,0.6753519364346111,0.08100952345125786,0.07489880952380952,0.6232730803683738,0.4360037425202156,CompressionPressure,0.6232730803683738
667,2026-04-15 09:40:00,Pure Unresolved Compression Equilibrium,Unresolved->Unresolved->Unresolved->Unresolved,1.360964047439353,0.3333333333333333,0.5,0.0,0.0,9.305,0.0,0.7168313556343499,0.08100952345125786,0.07489880952380952,0.6232730803683738,0.4360037425202156,CompressionPressure,0.6232730803683738
668,2026-04-15 09:45:00,Pure Unresolved Compression Equilibrium,Unresolved->Unresolved->Unresolved->Unresolved,1.2954618442339936,0.2222222222222222,0.6,0.0,0.0,9.305,0.0,0.7523955577293624,0.10984398032861264,0.06100992063492063,0.6968114125131533,0.38000846890237655,CompressionPressure,0.6968114125131533
669,2026-04-15 09:50:00,Pure Unresolved Compression Equilibrium,Unresolved->Unresolved->Unresolved->Unresolved,0.8812908992278072,0.1111111111111111,0.7,0.0,0.0,2.941,0.0,0.7935787641355866,0.1653733877500932,0.024392460317460316,0.7921415410204843,0.23865047944417803,CompressionPressure,0.7921415410204843
670,2026-04-15 09:55:00,Pure Unresolved Compression Equilibrium,Unresolved->Unresolved->Unresolved->Unresolved,0.7219280948844771,0.1111111111111111,0.8,0.0,0.0,0.0,0.0,0.829142966230599,0.18924126912429612,0.013888888888888888,0.8437683829586091,0.199588437422646,CompressionPressure,0.8437683829586091
671,2026-04-15 10:00:00,Pure Unresolved Compression Equilibrium,Unresolved->Unresolved->Unresolved->Unresolved,0.4689955935863958,0.1111111111111111,0.9,0.0,0.0,0.0,0.0,0.8647071683256116,0.2202730804215971,0.013888888888888888,0.9012433309564057,0.14425945276369073,CompressionPressure,0.9012433309564057
672,2026-04-15 10:05:00,Pure Unresolved Compression Equilibrium,Unresolved->Unresolved->Unresolved->Unresolved,-1.4428232973175175e-12,0.0,1.0,0.0,0.0,0.0,0.0,0.9002713704206242,0.27999999999999997,0.0,0.9999999999999999,0.0,CompressionPressure,0.9999999999999999
673,2026-04-15 10:10:00,Pure Unresolved Compression Equilibrium,Unresolved->Unresolved->Unresolved->Unresolved,-1.4428232973175175e-12,0.0,1.0,0.0,0.0,0.0,0.0,0.9002713704206242,0.27999999999999997,0.0,0.9999999999999999,0.0,CompressionPressure,0.9999999999999999
674,2026-04-15 10:15:00,Pure Unresolved Compression Equilibrium,Unresolved->Unresolved->Unresolved->Unresolved,-1.4428232973175175e-12,0.0,1.0,0.0,0.0,0.0,0.0,0.9002713704206242,0.27999999999999997,0.0,0.9999999999999999,0.0,CompressionPressure,0.9999999999999999
675,2026-04-15 10:20:00,Pure Unresolved Compression Equilibrium,Unresolved->Unresolved->Unresolved->Unresolved,-1.4428232973175175e-12,0.0,1.0,0.0,0.0,0.0,0.0,0.9002713704206242,0.27999999999999997,0.0,0.9999999999999999,0.0,CompressionPressure,0.9999999999999999
676,2026-04-15 10:25:00,Pure Unresolved Compression Equilibrium,Unresolved->Unresolved->Unresolved->Unresolved,-1.4428232973175175e-12,0.0,1.0,0.0,0.0,0.0,0.0,0.9002713704206242,0.27999999999999997,0.0,0.9999999999999999,0.0,CompressionPressure,0.9999999999999999
677,2026-04-15 10:30:00,Pure Unresolved Compression Equilibrium,Unresolved->Unresolved->Unresolved->Unresolved,-1.4428232973175175e-12,0.0,1.0,0.0,0.0,0.0,0.0,0.9002713704206242,0.27999999999999997,0.0,0.9999999999999999,0.0,CompressionPressure,0.9999999999999999
678,2026-04-15 10:35:00,Pure Unresolved Compression Equilibrium,Unresolved->Unresolved->Unresolved->Unresolved,-1.4428232973175175e-12,0.0,1.0,0.0,0.0,0.0,0.0,0.9002713704206242,0.27999999999999997,0.0,0.9999999999999999,0.0,CompressionPressure,0.9999999999999999
679,2026-04-15 10:40:00,Pure Unresolved Compression Equilibrium,Unresolved->Unresolved->Unresolved->Unresolved,-1.4428232973175175e-12,0.0,1.0,0.0,0.0,0.0,0.0,0.9002713704206242,0.27999999999999997,0.0,0.9999999999999999,0.0,CompressionPressure,0.9999999999999999
680,2026-04-15 10:45:00,Pure Unresolved Compression Equilibrium,Unresolved->Unresolved->Unresolved->Unresolved,-1.4428232973175175e-12,0.0,1.0,0.0,0.0,0.0,0.0,0.9002713704206242,0.27999999999999997,0.0,0.9999999999999999,0.0,CompressionPressure,0.9999999999999999
681,2026-04-15 10:50:00,Pure Unresolved Compression Equilibrium,Unresolved->Unresolved->Unresolved->Unresolved,-1.4428232973175175e-12,0.0,1.0,0.0,0.0,0.0,0.0,0.9002713704206242,0.27999999999999997,0.0,0.9999999999999999,0.0,CompressionPressure,0.9999999999999999
682,2026-04-15 10:55:00,Pure Unresolved Compression Equilibrium,Unresolved->Unresolved->Unresolved->Unresolved,-1.4428232973175175e-12,0.0,1.0,0.0,0.0,0.0,0.0,0.9002713704206242,0.27999999999999997,0.0,0.9999999999999999,0.0,CompressionPressure,0.9999999999999999
683,2026-04-15 11:00:00,Pure Unresolved Compression Equilibrium,Unresolved->Unresolved->Unresolved->Unresolved,-1.4428232973175175e-12,0.0,1.0,0.0,0.0,0.0,0.0,0.9002713704206242,0.27999999999999997,0.0,0.9999999999999999,0.0,CompressionPressure,0.9999999999999999
684,2026-04-15 11:05:00,Pure Unresolved Compression Equilibrium,Unresolved->Unresolved->Unresolved->Unresolved,-1.4428232973175175e-12,0.0,1.0,0.0,0.0,0.0,0.0,0.9002713704206242,0.27999999999999997,0.0,0.9999999999999999,0.0,CompressionPressure,0.9999999999999999
685,2026-04-15 11:10:00,Pure Unresolved Compression Equilibrium,Unresolved->Unresolved->Unresolved->Unresolved,-1.4428232973175175e-12,0.0,1.0,0.0,0.0,0.0,0.0,0.9002713704206242,0.27999999999999997,0.0,0.9999999999999999,0.0,CompressionPressure,0.9999999999999999
686,2026-04-15 11:15:00,Directional Continuation / Sponsor Release,Unresolved->Unresolved->Unresolved->Directional,0.4689955935863958,0.1111111111111111,0.9,0.1,1.0,2.5,7.5,0.8625971745550324,0.6493516583474204,0.25781746031746033,0.4512433309564058,0.1478308813351193,DirectionalReleasePressure,0.6493516583474204
687,2026-04-15 11:20:00,Directional Continuation / Sponsor Release,Unresolved->Unresolved->Directional->Directional,0.7219280948844771,0.1111111111111111,0.8,0.2,1.0,2.5,7.5,0.8249229786894405,0.5806893403551319,0.25781746031746033,0.3937683829586091,0.20315986599407457,DirectionalReleasePressure,0.5806893403551319
688,2026-04-15 11:25:00,Sponsor Exhaustion Collapse,Unresolved->Directional->Directional->Degrading,1.1567796494427114,0.2222222222222222,0.7,0.3,1.0,9.5,7.5,0.7837397722832162,0.35000800579196994,0.19670634920634922,0.297145716354275,0.349950310220355,DirectionalReleasePressure,0.35000800579196994
689,2026-04-15 11:30:00,Sponsor Exhaustion Collapse,Directional->Directional->Degrading->Degrading,1.3709505944503406,0.2222222222222222,0.6,0.4,0.0,9.5,7.5,0.742556565876992,0.1320643728901736,0.19670634920634922,0.2420933656246315,0.39680020444077385,RotationalPressure,0.39680020444077385
690,2026-04-15 11:35:00,Sponsor Exhaustion Collapse,Directional->Degrading->Degrading->Degrading,1.4854752972230063,0.2222222222222222,0.5,0.5,0.0,9.5,7.5,0.7013733594707677,0.11862940866747469,0.19670634920634922,0.19326890503467323,0.4218524831722945,RotationalPressure,0.4218524831722945
691,2026-04-15 11:40:00,Sponsor Exhaustion Collapse,Degrading->Degrading->Degrading->Degrading,1.5219280948830343,0.2222222222222222,0.4,0.5,0.0,9.5,7.5,0.6601901530645435,0.10417182467996214,0.19670634920634922,0.14932393851425482,0.4298265326604256,RotationalPressure,0.4298265326604256
692,2026-04-15 11:45:00,Sponsor Exhaustion Collapse,Degrading->Degrading->Degrading->Degrading,1.4854752972230063,0.2222222222222222,0.5,0.5,0.0,9.5,7.5,0.6190069466583192,0.11862940866747469,0.19670634920634922,0.19326890503467323,0.4218524831722945,RotationalPressure,0.4218524831722945
693,2026-04-15 11:50:00,Stable Compression Basin,Degrading->Degrading->Degrading->Unresolved,1.7609640474379105,0.3333333333333333,0.5,0.5,0.0,12.440999999999999,7.5,0.5834427445633067,0.09770833333333333,0.1210988095238095,0.6083333333333334,0.4927728571428571,CompressionPressure,0.6083333333333334
694,2026-04-15 11:55:00,Stable Compression Basin,Degrading->Degrading->Unresolved->Unresolved,1.7609640474379105,0.3333333333333333,0.5,0.5,0.0,12.440999999999999,7.5,0.5478785424682941,0.09770833333333333,0.1210988095238095,0.6083333333333334,0.4927728571428571,CompressionPressure,0.6083333333333334
695,2026-04-15 12:00:00,Stable Compression Basin,Degrading->Unresolved->Unresolved->Unresolved,1.4854752972230063,0.2222222222222222,0.5,0.5,0.0,12.440999999999999,7.5,0.5123143403732817,0.11862940866747469,0.10720992063492062,0.6432689050346733,0.4260539117437231,CompressionPressure,0.6432689050346733
696,2026-04-15 12:05:00,Pure Unresolved Compression Equilibrium,Unresolved->Unresolved->Unresolved->Unresolved,1.6854752972215634,0.3333333333333333,0.5,0.4,0.0,9.940999999999999,0.0,0.5499885362388734,0.09070833333333332,0.0771702380952381,0.6083333333333334,0.48920142857142856,CompressionPressure,0.6083333333333334
697,2026-04-15 12:10:00,Pure Unresolved Compression Equilibrium,Unresolved->Unresolved->Unresolved->Unresolved,1.4854752972230063,0.2222222222222222,0.5,0.3,0.0,9.940999999999999,0.0,0.5876627321044653,0.10462940866747468,0.0632813492063492,0.6432689050346733,0.42248248317229453,CompressionPressure,0.6432689050346733
698,2026-04-15 12:15:00,Pure Unresolved Compression Equilibrium,Unresolved->Unresolved->Unresolved->Unresolved,1.5709505944503404,0.2222222222222222,0.4,0.2,0.0,2.941,0.0,0.6288459385106895,0.07941853955684026,0.03828134920634921,0.5962600322912982,0.4311802044407738,CompressionPressure,0.5962600322912982
699,2026-04-15 12:20:00,Pure Unresolved Compression Equilibrium,Unresolved->Unresolved->Unresolved->Unresolved,1.5709505944503404,0.2222222222222222,0.4,0.1,0.0,2.941,0.0,0.6700291449169138,0.07241853955684027,0.03828134920634921,0.5962600322912982,0.4311802044407738,CompressionPressure,0.5962600322912982
700,2026-04-15 12:25:00,Directional Continuation / Sponsor Release,Unresolved->Unresolved->Unresolved->Directional,1.8464393446652445,0.3333333333333333,0.4,0.1,1.0,5.441,7.5,0.6735381554575463,0.16583333333333333,0.29609880952380957,0.11666666666666668,0.4827728571428571,RotationalPressure,0.4827728571428571
701,2026-04-15 12:30:00,Stable Compression Basin,Unresolved->Unresolved->Directional->Unresolved,1.7219280948815914,0.4444444444444444,0.4,0.2,1.0,5.441,7.5,0.6732419426640318,0.12088888888888892,0.1099876984126984,0.538888888888889,0.5244395238095237,CompressionPressure,0.538888888888889
702,2026-04-15 12:35:00,Stable Compression Basin,Unresolved->Directional->Unresolved->Unresolved,1.360964047439353,0.3333333333333333,0.5,0.3,1.0,5.441,7.5,0.6729457298705173,0.23316462503144658,0.09609880952380952,0.6232730803683738,0.4304837425202156,CompressionPressure,0.6232730803683738
703,2026-04-15 12:40:00,Stable Compression Basin,Directional->Unresolved->Unresolved->Unresolved,1.360964047439353,0.3333333333333333,0.5,0.4,0.0,2.5,7.5,0.667030512765791,0.10900952345125788,0.08559523809523809,0.6232730803683738,0.426282313948787,CompressionPressure,0.6232730803683738
704,2026-04-15 12:45:00,Pure Unresolved Compression Equilibrium,Unresolved->Unresolved->Unresolved->Unresolved,1.360964047439353,0.4444444444444444,0.5,0.4,0.0,2.5,7.5,0.7025947148608035,0.0968567456734801,0.09948412698412698,0.595495302590596,0.46794898061545365,CompressionPressure,0.595495302590596
705,2026-04-15 12:50:00,Pure Unresolved Compression Equilibrium,Unresolved->Unresolved->Unresolved->Unresolved,1.2954618442339936,0.3333333333333333,0.6,0.4,0.0,2.5,7.5,0.7381589169558159,0.12569120255083488,0.08559523809523809,0.6690336347353755,0.41195370699761463,CompressionPressure,0.6690336347353755
706,2026-04-15 12:55:00,Pure Unresolved Compression Equilibrium,Unresolved->Unresolved->Unresolved->Unresolved,1.2954618442339936,0.3333333333333333,0.6,0.4,0.0,2.5,7.5,0.7381589169558159,0.12569120255083488,0.08559523809523809,0.6690336347353755,0.41195370699761463,CompressionPressure,0.6690336347353755
707,2026-04-15 13:00:00,Pure Unresolved Compression Equilibrium,Unresolved->Unresolved->Unresolved->Unresolved,1.2954618442339936,0.3333333333333333,0.6,0.4,0.0,2.5,7.5,0.7381589169558159,0.12569120255083488,0.08559523809523809,0.6690336347353755,0.41195370699761463,CompressionPressure,0.6690336347353755
708,2026-04-15 13:05:00,Pure Unresolved Compression Equilibrium,Unresolved->Unresolved->Unresolved->Unresolved,1.2954618442339936,0.3333333333333333,0.6,0.4,0.0,2.5,7.5,0.7381589169558159,0.12569120255083488,0.08559523809523809,0.6690336347353755,0.41195370699761463,CompressionPressure,0.6690336347353755
709,2026-04-15 13:10:00,Pure Unresolved Compression Equilibrium,Unresolved->Unresolved->Unresolved->Unresolved,1.2954618442339936,0.2222222222222222,0.6,0.4,0.0,2.5,7.5,0.7381589169558159,0.13784398032861264,0.0717063492063492,0.6968114125131533,0.37028704033094795,CompressionPressure,0.6968114125131533
710,2026-04-15 13:15:00,Pure Unresolved Compression Equilibrium,Unresolved->Unresolved->Unresolved->Unresolved,0.8812908992278072,0.1111111111111111,0.7,0.3,0.0,0.0,0.0,0.7758331128214078,0.1863733877500932,0.013888888888888888,0.7921415410204843,0.23444905087274945,CompressionPressure,0.7921415410204843
711,2026-04-15 13:20:00,Pure Unresolved Compression Equilibrium,Unresolved->Unresolved->Unresolved->Unresolved,0.7219280948844771,0.1111111111111111,0.8,0.2,0.0,0.0,0.0,0.8173125320211465,0.20324126912429613,0.013888888888888888,0.8437683829586091,0.199588437422646,CompressionPressure,0.8437683829586091
712,2026-04-15 13:25:00,Pure Unresolved Compression Equilibrium,Unresolved->Unresolved->Unresolved->Unresolved,0.4689955935863958,0.1111111111111111,0.9,0.1,0.0,0.0,0.0,0.8587919512208853,0.2272730804215971,0.013888888888888888,0.9012433309564057,0.14425945276369073,CompressionPressure,0.9012433309564057
713,2026-04-15 13:30:00,Pure Unresolved Compression Equilibrium,Unresolved->Unresolved->Unresolved->Unresolved,-1.4428232973175175e-12,0.0,1.0,0.0,0.0,0.0,0.0,0.9002713704206242,0.27999999999999997,0.0,0.9999999999999999,0.0,CompressionPressure,0.9999999999999999
714,2026-04-15 13:35:00,Pure Unresolved Compression Equilibrium,Unresolved->Unresolved->Unresolved->Unresolved,-1.4428232973175175e-12,0.0,1.0,0.0,0.0,0.0,0.0,0.9002713704206242,0.27999999999999997,0.0,0.9999999999999999,0.0,CompressionPressure,0.9999999999999999
715,2026-04-15 13:40:00,Pure Unresolved Compression Equilibrium,Unresolved->Unresolved->Unresolved->Unresolved,-1.4428232973175175e-12,0.0,1.0,0.0,0.0,0.0,0.0,0.9002713704206242,0.27999999999999997,0.0,0.9999999999999999,0.0,CompressionPressure,0.9999999999999999
716,2026-04-15 13:45:00,Pure Unresolved Compression Equilibrium,Unresolved->Unresolved->Unresolved->Unresolved,-1.4428232973175175e-12,0.0,1.0,0.0,0.0,0.0,0.0,0.9002713704206242,0.27999999999999997,0.0,0.9999999999999999,0.0,CompressionPressure,0.9999999999999999
717,2026-04-15 13:50:00,Pure Unresolved Compression Equilibrium,Unresolved->Unresolved->Unresolved->Unresolved,-1.4428232973175175e-12,0.0,1.0,0.0,0.0,0.0,0.0,0.9002713704206242,0.27999999999999997,0.0,0.9999999999999999,0.0,CompressionPressure,0.9999999999999999
718,2026-04-15 13:55:00,Pure Unresolved Compression Equilibrium,Unresolved->Unresolved->Unresolved->Unresolved,-1.4428232973175175e-12,0.0,1.0,0.0,0.0,0.0,0.0,0.9002713704206242,0.27999999999999997,0.0,0.9999999999999999,0.0,CompressionPressure,0.9999999999999999
719,2026-04-15 14:00:00,Pure Unresolved Compression Equilibrium,Unresolved->Unresolved->Unresolved->Unresolved,-1.4428232973175175e-12,0.0,1.0,0.0,0.0,0.0,0.0,0.9002713704206242,0.27999999999999997,0.0,0.9999999999999999,0.0,CompressionPressure,0.9999999999999999
720,2026-04-16 06:35:00,Pure Unresolved Compression Equilibrium,Unresolved->Unresolved->Unresolved->Unresolved,-1.4428232973175175e-12,0.0,1.0,0.0,0.0,0.0,0.0,0.9002713704206242,0.27999999999999997,0.0,0.9999999999999999,0.0,CompressionPressure,0.9999999999999999
721,2026-04-16 06:40:00,Pure Unresolved Compression Equilibrium,Unresolved->Unresolved->Unresolved->Unresolved,-1.4428232973175175e-12,0.0,1.0,0.0,0.0,0.0,0.0,0.9002713704206242,0.27999999999999997,0.0,0.9999999999999999,0.0,CompressionPressure,0.9999999999999999
722,2026-04-16 06:45:00,Pure Unresolved Compression Equilibrium,Unresolved->Unresolved->Unresolved->Unresolved,-1.4428232973175175e-12,0.0,1.0,0.0,0.0,0.0,0.0,0.9002713704206242,0.27999999999999997,0.0,0.9999999999999999,0.0,CompressionPressure,0.9999999999999999
723,2026-04-16 06:50:00,Pure Unresolved Compression Equilibrium,Unresolved->Unresolved->Unresolved->Unresolved,-1.4428232973175175e-12,0.0,1.0,0.0,0.0,0.0,0.0,0.9002713704206242,0.27999999999999997,0.0,0.9999999999999999,0.0,CompressionPressure,0.9999999999999999
724,2026-04-16 06:55:00,Pure Unresolved Compression Equilibrium,Unresolved->Unresolved->Unresolved->Unresolved,-1.4428232973175175e-12,0.0,1.0,0.0,0.0,0.0,0.0,0.9002713704206242,0.27999999999999997,0.0,0.9999999999999999,0.0,CompressionPressure,0.9999999999999999
725,2026-04-16 07:00:00,Pure Unresolved Compression Equilibrium,Unresolved->Unresolved->Unresolved->Unresolved,-1.4428232973175175e-12,0.0,1.0,0.0,0.0,0.0,0.0,0.9002713704206242,0.27999999999999997,0.0,0.9999999999999999,0.0,CompressionPressure,0.9999999999999999
726,2026-04-16 07:05:00,Pure Unresolved Compression Equilibrium,Unresolved->Unresolved->Unresolved->Unresolved,-1.4428232973175175e-12,0.0,1.0,0.0,0.0,0.0,0.0,0.9002713704206242,0.27999999999999997,0.0,0.9999999999999999,0.0,CompressionPressure,0.9999999999999999
727,2026-04-16 07:10:00,Pure Unresolved Compression Equilibrium,Unresolved->Unresolved->Unresolved->Unresolved,-1.4428232973175175e-12,0.0,1.0,0.0,0.0,0.0,0.0,0.9002713704206242,0.27999999999999997,0.0,0.9999999999999999,0.0,CompressionPressure,0.9999999999999999
728,2026-04-16 07:15:00,Pure Unresolved Compression Equilibrium,Unresolved->Unresolved->Unresolved->Unresolved,-1.4428232973175175e-12,0.0,1.0,0.0,0.0,0.0,0.0,0.9002713704206242,0.27999999999999997,0.0,0.9999999999999999,0.0,CompressionPressure,0.9999999999999999
729,2026-04-16 07:20:00,Directional Continuation / Sponsor Release,Unresolved->Unresolved->Unresolved->Directional,0.4689955935863958,0.1111111111111111,0.9,0.1,1.0,2.5,7.5,0.8625971745550324,0.6493516583474204,0.25781746031746033,0.4512433309564058,0.1478308813351193,DirectionalReleasePressure,0.6493516583474204
730,2026-04-16 07:25:00,Sponsor Exhaustion Collapse,Unresolved->Unresolved->Directional->Degrading,0.9219280948830342,0.2222222222222222,0.8,0.2,1.0,9.5,7.5,0.821413968148808,0.4017736945065802,0.19670634920634922,0.35349060518092146,0.2985765326604256,DirectionalReleasePressure,0.4017736945065802
731,2026-04-16 07:30:00,Stable Compression Basin,Unresolved->Directional->Degrading->Unresolved,1.3567796494412687,0.3333333333333333,0.7,0.3,1.0,12.440999999999999,7.5,0.7858497660537955,0.28723022801444464,0.1210988095238095,0.7068679385765874,0.43956840545813464,CompressionPressure,0.7068679385765874
732,2026-04-16 07:35:00,Stable Compression Basin,Directional->Degrading->Unresolved->Unresolved,1.5709505944488977,0.3333333333333333,0.6,0.4,0.0,12.440999999999999,7.5,0.750285563958783,0.10459909511250629,0.1210988095238095,0.6518155878469439,0.4864182996785535,CompressionPressure,0.6518155878469439
733,2026-04-16 07:40:00,Stable Compression Basin,Degrading->Unresolved->Unresolved->Unresolved,1.6854752972215634,0.3333333333333333,0.5,0.4,0.0,12.440999999999999,7.5,0.7147213618637706,0.09070833333333332,0.1210988095238095,0.6083333333333334,0.4927728571428571,CompressionPressure,0.6083333333333334
734,2026-04-16 07:45:00,Pure Unresolved Compression Equilibrium,Unresolved->Unresolved->Unresolved->Unresolved,1.6854752972215634,0.4444444444444444,0.5,0.4,0.0,12.440999999999999,7.5,0.7147213618637706,0.07855555555555556,0.1349876984126984,0.5805555555555556,0.5344395238095238,CompressionPressure,0.5805555555555556
735,2026-04-16 07:50:00,Directional Continuation / Sponsor Release,Unresolved->Unresolved->Unresolved->Directional,1.8464393446652445,0.5555555555555556,0.4,0.5,1.0,14.940999999999999,15.0,0.6770471659981787,0.1763888888888889,0.39280515873015875,0.061111111111111116,0.579677619047619,RotationalPressure,0.579677619047619
736,2026-04-16 07:55:00,Directional Continuation / Sponsor Release,Unresolved->Unresolved->Directional->Directional,1.8954618442325508,0.5555555555555556,0.3,0.6,1.0,14.940999999999999,15.0,0.6393729701325869,0.1963888888888889,0.39280515873015875,0.061111111111111116,0.579677619047619,RotationalPressure,0.579677619047619
737,2026-04-16 08:00:00,Sponsor Exhaustion Collapse,Unresolved->Directional->Directional->Degrading,1.9709505944488979,0.6666666666666666,0.3,0.7,1.0,21.941,15.0,0.5981897637263627,0.14533333333333334,0.33169404761904764,0.033333333333333354,0.6313442857142857,RotationalPressure,0.6313442857142857
738,2026-04-16 08:05:00,Sponsor Exhaustion Collapse,Directional->Directional->Degrading->Degrading,1.8954618442325508,0.5555555555555556,0.3,0.8,0.0,21.941,15.0,0.5570065573201385,0.08273611111111112,0.31780515873015874,0.061111111111111116,0.5896776190476191,RotationalPressure,0.5896776190476191
739,2026-04-16 08:10:00,Directional Continuation / Sponsor Release,Directional->Degrading->Degrading->Directional,1.8954618442325508,0.5555555555555556,0.3,0.8,1.0,19.441,7.5,0.5532013339859916,0.23638888888888893,0.37387658730158735,0.061111111111111116,0.5861061904761905,RotationalPressure,0.5861061904761905
740,2026-04-16 08:15:00,Directional Continuation / Sponsor Release,Degrading->Degrading->Directional->Directional,1.8464393446652445,0.4444444444444444,0.4,0.8,1.0,12.440999999999999,7.5,0.5567103445266239,0.2711111111111112,0.3349876984126984,0.0888888888888889,0.5344395238095238,RotationalPressure,0.5344395238095238
741,2026-04-16 08:20:00,Sponsor Exhaustion Collapse,Degrading->Directional->Directional->Degrading,1.8464393446652445,0.5555555555555556,0.4,0.8,1.0,9.5,7.5,0.5507951274218976,0.18911111111111115,0.23837301587301588,0.061111111111111116,0.5719047619047619,RotationalPressure,0.5719047619047619
742,2026-04-16 08:25:00,Sponsor Exhaustion Collapse,Directional->Directional->Degrading->Degrading,1.7219280948815914,0.5555555555555556,0.4,0.8,0.0,9.5,7.5,0.5451761231106859,0.08273611111111112,0.23837301587301588,0.061111111111111116,0.5719047619047619,RotationalPressure,0.5719047619047619
743,2026-04-16 08:30:00,Sponsor Exhaustion Collapse,Directional->Degrading->Degrading->Degrading,1.360964047439353,0.4444444444444444,0.5,0.9,0.0,9.5,7.5,0.5395571187994742,0.1318567456734801,0.22448412698412698,0.145495302590596,0.47794898061545366,RotationalPressure,0.47794898061545366
744,2026-04-16 08:35:00,Sponsor Exhaustion Collapse,Degrading->Degrading->Degrading->Degrading,0.9709505944517833,0.3333333333333333,0.6,0.9,0.0,9.5,7.5,0.4983739123932499,0.18553659511228535,0.21059523809523809,0.23931558784676354,0.35096687110775615,RotationalPressure,0.35096687110775615
745,2026-04-16 08:40:00,Sponsor Exhaustion Collapse,Degrading->Degrading->Degrading->Degrading,0.8812908992278072,0.3333333333333333,0.7,0.8,0.0,7.0,0.0,0.4948649018526174,0.19706783219453766,0.16666666666666669,0.2865859854649287,0.3277823842060828,RotationalPressure,0.3277823842060828
746,2026-04-16 08:45:00,Stable Compression Basin,Degrading->Degrading->Degrading->Unresolved,1.1567796494427114,0.3333333333333333,0.7,0.7,0.0,9.940999999999999,0.0,0.49697489562319674,0.16897572475620906,0.0771702380952381,0.7193679385764972,0.3922469768870217,CompressionPressure,0.7193679385764972
747,2026-04-16 08:50:00,Stable Compression Basin,Degrading->Degrading->Unresolved->Unresolved,1.3709505944503406,0.3333333333333333,0.6,0.6,0.0,2.941,0.0,0.5025938999344085,0.1339115951123958,0.05217023809523809,0.6643155878468537,0.42909687110744055,CompressionPressure,0.6643155878468537
748,2026-04-16 08:55:00,Stable Compression Basin,Degrading->Unresolved->Unresolved->Unresolved,1.4854752972230063,0.2222222222222222,0.5,0.5,0.0,2.941,0.0,0.5082129042456203,0.11862940866747469,0.03828134920634921,0.6432689050346733,0.4124824831722945,CompressionPressure,0.6432689050346733
749,2026-04-16 09:00:00,Pure Unresolved Compression Equilibrium,Unresolved->Unresolved->Unresolved->Unresolved,1.6854752972215634,0.3333333333333333,0.5,0.4,0.0,2.941,0.0,0.549692323445359,0.09070833333333332,0.05217023809523809,0.6083333333333334,0.47920142857142856,CompressionPressure,0.6083333333333334
750,2026-04-16 09:05:00,Pure Unresolved Compression Equilibrium,Unresolved->Unresolved->Unresolved->Unresolved,1.4854752972230063,0.2222222222222222,0.5,0.3,0.0,2.941,0.0,0.5873665193109507,0.10462940866747468,0.03828134920634921,0.6432689050346733,0.4124824831722945,CompressionPressure,0.6432689050346733
751,2026-04-16 09:10:00,Pure Unresolved Compression Equilibrium,Unresolved->Unresolved->Unresolved->Unresolved,1.5709505944503404,0.2222222222222222,0.4,0.2,0.0,2.941,0.0,0.6288459385106895,0.07941853955684026,0.03828134920634921,0.5962600322912982,0.4311802044407738,CompressionPressure,0.5962600322912982
752,2026-04-16 09:15:00,Unstable Rotational Balance,Unresolved->Unresolved->Unresolved->Balance,1.8954618442325508,0.3333333333333333,0.3,0.1,0.0,9.257,0.0,0.631589309462153,0.058041666666666665,0.07472738095238095,0.11666666666666668,0.7382242857142857,RotationalPressure,0.7382242857142857
753,2026-04-16 09:20:00,Stable Compression Basin,Unresolved->Unresolved->Balance->Unresolved,1.8464393446652445,0.4444444444444444,0.4,0.0,0.0,11.361999999999998,0.0,0.6372083137733647,0.038888888888888896,0.09613412698412697,0.538888888888889,0.5328980952380952,CompressionPressure,0.538888888888889
754,2026-04-16 09:25:00,Stable Compression Basin,Unresolved->Balance->Unresolved->Unresolved,1.6854752972215634,0.4444444444444444,0.5,0.0,0.0,11.361999999999998,0.0,0.6428273180845766,0.050555555555555555,0.09613412698412697,0.5805555555555556,0.5328980952380952,CompressionPressure,0.5805555555555556
755,2026-04-16 09:30:00,Stable Compression Basin,Balance->Unresolved->Unresolved->Unresolved,1.2954618442339936,0.3333333333333333,0.6,0.0,0.0,11.361999999999998,0.0,0.6484463223957884,0.09769120255083487,0.0822452380952381,0.6690336347353755,0.42461370699761464,CompressionPressure,0.6690336347353755
756,2026-04-16 09:35:00,Pure Unresolved Compression Equilibrium,Unresolved->Unresolved->Unresolved->Unresolved,1.360964047439353,0.4444444444444444,0.5,0.0,0.0,8.421,0.0,0.6840105244908008,0.0688567456734801,0.08563055555555554,0.595495302590596,0.4764075520440251,CompressionPressure,0.595495302590596
757,2026-04-16 09:40:00,Pure Unresolved Compression Equilibrium,Unresolved->Unresolved->Unresolved->Unresolved,1.360964047439353,0.4444444444444444,0.5,0.0,0.0,8.421,0.0,0.7195747265858132,0.0688567456734801,0.08563055555555554,0.595495302590596,0.4764075520440251,CompressionPressure,0.595495302590596
758,2026-04-16 09:45:00,Pure Unresolved Compression Equilibrium,Unresolved->Unresolved->Unresolved->Unresolved,1.2954618442339936,0.3333333333333333,0.6,0.0,0.0,8.421,0.0,0.7551389286808258,0.09769120255083487,0.07174166666666666,0.6690336347353755,0.42041227842618606,CompressionPressure,0.6690336347353755
759,2026-04-16 09:50:00,Pure Unresolved Compression Equilibrium,Unresolved->Unresolved->Unresolved->Unresolved,1.2954618442339936,0.3333333333333333,0.6,0.0,0.0,8.421,0.0,0.7551389286808258,0.09769120255083487,0.07174166666666666,0.6690336347353755,0.42041227842618606,CompressionPressure,0.6690336347353755
760,2026-04-16 09:55:00,Pure Unresolved Compression Equilibrium,Unresolved->Unresolved->Unresolved->Unresolved,1.2954618442339936,0.3333333333333333,0.6,0.0,0.0,8.421,0.0,0.7551389286808258,0.09769120255083487,0.07174166666666666,0.6690336347353755,0.42041227842618606,CompressionPressure,0.6690336347353755
761,2026-04-16 10:00:00,Directional Continuation / Sponsor Release,Unresolved->Unresolved->Unresolved->Directional,1.6854752972215634,0.3333333333333333,0.5,0.1,1.0,10.921,7.5,0.7174647328152339,0.19916666666666666,0.31567023809523814,0.15833333333333333,0.4906014285714285,RotationalPressure,0.4906014285714285
762,2026-04-16 10:05:00,Directional Continuation / Sponsor Release,Unresolved->Unresolved->Directional->Directional,1.4854752972230063,0.2222222222222222,0.5,0.2,1.0,4.6049999999999995,7.5,0.7182303724044029,0.27894116762135623,0.27922420634920636,0.19326890503467323,0.4148596260294374,RotationalPressure,0.4148596260294374
763,2026-04-16 10:10:00,Sponsor Exhaustion Collapse,Unresolved->Directional->Directional->Degrading,1.7609640474379105,0.3333333333333333,0.5,0.3,1.0,9.5,7.5,0.7126113680931911,0.19133333333333336,0.21059523809523809,0.15833333333333333,0.48857142857142855,RotationalPressure,0.48857142857142855
764,2026-04-16 10:15:00,Sponsor Exhaustion Collapse,Directional->Directional->Degrading->Degrading,1.7609640474379105,0.3333333333333333,0.5,0.4,0.0,9.5,7.5,0.7069923637819795,0.09070833333333332,0.21059523809523809,0.15833333333333333,0.48857142857142855,RotationalPressure,0.48857142857142855
765,2026-04-16 10:20:00,Stable Compression Basin,Directional->Degrading->Degrading->Unresolved,1.7609640474379105,0.3333333333333333,0.5,0.5,0.0,9.5,7.5,0.7010771466772532,0.09770833333333333,0.11059523809523808,0.6083333333333334,0.48857142857142855,CompressionPressure,0.6083333333333334
766,2026-04-16 10:25:00,Stable Compression Basin,Degrading->Degrading->Unresolved->Unresolved,1.9219280948815916,0.3333333333333333,0.4,0.5,0.0,9.5,7.5,0.6655129445822408,0.08604166666666667,0.11059523809523808,0.5666666666666667,0.48857142857142855,CompressionPressure,0.5666666666666667
767,2026-04-16 10:30:00,Stable Compression Basin,Degrading->Unresolved->Unresolved->Unresolved,1.9709505944488979,0.3333333333333333,0.3,0.5,0.0,9.5,7.5,0.6299487424872282,0.08604166666666667,0.11059523809523808,0.5666666666666667,0.48857142857142855,CompressionPressure,0.5666666666666667
768,2026-04-16 10:35:00,Unstable Rotational Balance,Unresolved->Unresolved->Unresolved->Balance,2.246439344663802,0.4444444444444444,0.3,0.5,0.0,15.815999999999999,7.5,0.5915089070324674,0.07388888888888889,0.14704126984126983,0.0888888888888889,0.7892609523809523,RotationalPressure,0.7892609523809523
769,2026-04-16 10:40:00,Stable Compression Basin,Unresolved->Unresolved->Balance->Unresolved,2.1219280948801487,0.5555555555555556,0.4,0.5,0.0,17.921,7.5,0.555944704937455,0.06173611111111111,0.16844801587301586,0.5111111111111111,0.5839347619047619,RotationalPressure,0.5839347619047619
770,2026-04-16 10:45:00,Unstable Rotational Balance,Unresolved->Balance->Unresolved->Balance,1.9219280948815916,0.5555555555555556,0.4,0.5,0.0,24.237000000000002,7.5,0.5175048694826941,0.06173611111111111,0.19100515873015875,0.061111111111111116,0.8429576190476191,RotationalPressure,0.8429576190476191
771,2026-04-16 10:50:00,Unstable Rotational Balance,Balance->Unresolved->Balance->Balance,1.8464393446652445,0.5555555555555556,0.4,0.4,0.0,21.737,0.0,0.516739229893525,0.05473611111111112,0.1470765873015873,0.061111111111111116,0.8393861904761905,RotationalPressure,0.8393861904761905
772,2026-04-16 10:55:00,Unstable Rotational Balance,Unresolved->Balance->Balance->Balance,1.5219280948830343,0.4444444444444444,0.4,0.3,0.0,21.737000000000002,0.0,0.5159735903043561,0.06586626912440659,0.1331876984126984,0.09376838295869927,0.7806412945651874,RotationalPressure,0.7806412945651874
773,2026-04-16 11:00:00,Unstable Rotational Balance,Balance->Balance->Balance->Unresolved,1.360964047439353,0.4444444444444444,0.5,0.2,0.0,16.842000000000002,0.0,0.5187169612558196,0.0828567456734801,0.11570555555555556,0.145495302590596,0.7384375520440251,RotationalPressure,0.7384375520440251
774,2026-04-16 11:05:00,Stable Compression Basin,Balance->Balance->Unresolved->Unresolved,0.9999999999971146,0.4444444444444444,0.5,0.1,0.0,16.842000000000002,0.0,0.5243359655670312,0.10349305555577647,0.11570555555555556,0.618055555555736,0.4094766666660355,CompressionPressure,0.618055555555736
775,2026-04-16 11:10:00,Stable Compression Basin,Balance->Unresolved->Unresolved->Unresolved,0.9999999999971146,0.4444444444444444,0.5,0.0,0.0,16.842,0.0,0.5302511826717575,0.09649305555577646,0.11570555555555555,0.618055555555736,0.40947666666603544,CompressionPressure,0.618055555555736
776,2026-04-16 11:15:00,Pure Unresolved Compression Equilibrium,Unresolved->Unresolved->Unresolved->Unresolved,1.360964047439353,0.5555555555555556,0.5,0.0,0.0,16.842000000000002,0.0,0.56581538476677,0.056703967895702326,0.12959444444444446,0.5677175248128182,0.5301042187106917,CompressionPressure,0.5677175248128182
777,2026-04-16 11:20:00,Pure Unresolved Compression Equilibrium,Unresolved->Unresolved->Unresolved->Unresolved,1.4854752972230063,0.4444444444444444,0.5,0.0,0.0,16.842000000000002,0.0,0.6013795868617825,0.059323853111919136,0.11570555555555556,0.5877133494791177,0.5156743879341993,CompressionPressure,0.5877133494791177
778,2026-04-16 11:25:00,Pure Unresolved Compression Equilibrium,Unresolved->Unresolved->Unresolved->Unresolved,1.5709505944503404,0.3333333333333333,0.4,0.0,0.0,10.526,0.0,0.6398194223165433,0.0532657617790625,0.07925952380952381,0.5684822545135204,0.4836825853931548,CompressionPressure,0.5684822545135204
779,2026-04-16 11:30:00,Pure Unresolved Compression Equilibrium,Unresolved->Unresolved->Unresolved->Unresolved,1.5219280948830343,0.2222222222222222,0.4,0.0,0.0,8.421,0.0,0.6753836244115557,0.06917182467996214,0.057852777777777774,0.5993239385142548,0.428285104088997,CompressionPressure,0.5993239385142548
780,2026-04-16 11:35:00,Pure Unresolved Compression Equilibrium,Unresolved->Unresolved->Unresolved->Unresolved,1.4854752972230063,0.2222222222222222,0.5,0.0,0.0,2.105,0.0,0.7138234598663166,0.08362940866747469,0.03529563492063492,0.6432689050346733,0.4112881974580088,CompressionPressure,0.6432689050346733
781,2026-04-16 11:40:00,Pure Unresolved Compression Equilibrium,Unresolved->Unresolved->Unresolved->Unresolved,1.3709505944503406,0.2222222222222222,0.6,0.0,0.0,2.105,0.0,0.7522632953210774,0.10406437289017358,0.03529563492063492,0.6920933656246315,0.38623591872648816,CompressionPressure,0.6920933656246315
782,2026-04-16 11:45:00,Pure Unresolved Compression Equilibrium,Unresolved->Unresolved->Unresolved->Unresolved,1.1567796494427114,0.2222222222222222,0.7,0.0,0.0,2.105,0.0,0.7907031307758382,0.13212850253398684,0.03529563492063492,0.747145716354275,0.3393860245060693,CompressionPressure,0.747145716354275
783,2026-04-16 11:50:00,Pure Unresolved Compression Equilibrium,Unresolved->Unresolved->Unresolved->Unresolved,0.7219280948844771,0.1111111111111111,0.8,0.0,0.0,0.0,0.0,0.829142966230599,0.18924126912429612,0.013888888888888888,0.8437683829586091,0.199588437422646,CompressionPressure,0.8437683829586091
784,2026-04-16 11:55:00,Pure Unresolved Compression Equilibrium,Unresolved->Unresolved->Unresolved->Unresolved,0.4689955935863958,0.1111111111111111,0.9,0.0,0.0,0.0,0.0,0.8647071683256116,0.2202730804215971,0.013888888888888888,0.9012433309564057,0.14425945276369073,CompressionPressure,0.9012433309564057
785,2026-04-16 12:00:00,Pure Unresolved Compression Equilibrium,Unresolved->Unresolved->Unresolved->Unresolved,-1.4428232973175175e-12,0.0,1.0,0.0,0.0,0.0,0.0,0.9002713704206242,0.27999999999999997,0.0,0.9999999999999999,0.0,CompressionPressure,0.9999999999999999
786,2026-04-16 12:05:00,Pure Unresolved Compression Equilibrium,Unresolved->Unresolved->Unresolved->Unresolved,-1.4428232973175175e-12,0.0,1.0,0.0,0.0,0.0,0.0,0.9002713704206242,0.27999999999999997,0.0,0.9999999999999999,0.0,CompressionPressure,0.9999999999999999
787,2026-04-16 12:10:00,Pure Unresolved Compression Equilibrium,Unresolved->Unresolved->Unresolved->Unresolved,-1.4428232973175175e-12,0.0,1.0,0.0,0.0,0.0,0.0,0.9002713704206242,0.27999999999999997,0.0,0.9999999999999999,0.0,CompressionPressure,0.9999999999999999
788,2026-04-16 12:15:00,Pure Unresolved Compression Equilibrium,Unresolved->Unresolved->Unresolved->Unresolved,-1.4428232973175175e-12,0.0,1.0,0.0,0.0,0.0,0.0,0.9002713704206242,0.27999999999999997,0.0,0.9999999999999999,0.0,CompressionPressure,0.9999999999999999
789,2026-04-16 12:20:00,Pure Unresolved Compression Equilibrium,Unresolved->Unresolved->Unresolved->Unresolved,-1.4428232973175175e-12,0.0,1.0,0.0,0.0,0.0,0.0,0.9002713704206242,0.27999999999999997,0.0,0.9999999999999999,0.0,CompressionPressure,0.9999999999999999
790,2026-04-16 12:25:00,Pure Unresolved Compression Equilibrium,Unresolved->Unresolved->Unresolved->Unresolved,-1.4428232973175175e-12,0.0,1.0,0.0,0.0,0.0,0.0,0.9002713704206242,0.27999999999999997,0.0,0.9999999999999999,0.0,CompressionPressure,0.9999999999999999
791,2026-04-16 12:30:00,Pure Unresolved Compression Equilibrium,Unresolved->Unresolved->Unresolved->Unresolved,-1.4428232973175175e-12,0.0,1.0,0.0,0.0,0.0,0.0,0.9002713704206242,0.27999999999999997,0.0,0.9999999999999999,0.0,CompressionPressure,0.9999999999999999
792,2026-04-16 12:35:00,Pure Unresolved Compression Equilibrium,Unresolved->Unresolved->Unresolved->Unresolved,-1.4428232973175175e-12,0.0,1.0,0.0,0.0,0.0,0.0,0.9002713704206242,0.27999999999999997,0.0,0.9999999999999999,0.0,CompressionPressure,0.9999999999999999
793,2026-04-16 12:40:00,Pure Unresolved Compression Equilibrium,Unresolved->Unresolved->Unresolved->Unresolved,-1.4428232973175175e-12,0.0,1.0,0.0,0.0,0.0,0.0,0.9002713704206242,0.27999999999999997,0.0,0.9999999999999999,0.0,CompressionPressure,0.9999999999999999
794,2026-04-16 12:45:00,Pure Unresolved Compression Equilibrium,Unresolved->Unresolved->Unresolved->Unresolved,-1.4428232973175175e-12,0.0,1.0,0.0,0.0,0.0,0.0,0.9002713704206242,0.27999999999999997,0.0,0.9999999999999999,0.0,CompressionPressure,0.9999999999999999
795,2026-04-16 12:50:00,Pure Unresolved Compression Equilibrium,Unresolved->Unresolved->Unresolved->Unresolved,-1.4428232973175175e-12,0.0,1.0,0.0,0.0,0.0,0.0,0.9002713704206242,0.27999999999999997,0.0,0.9999999999999999,0.0,CompressionPressure,0.9999999999999999
796,2026-04-16 12:55:00,Pure Unresolved Compression Equilibrium,Unresolved->Unresolved->Unresolved->Unresolved,-1.4428232973175175e-12,0.0,1.0,0.0,0.0,0.0,0.0,0.9002713704206242,0.27999999999999997,0.0,0.9999999999999999,0.0,CompressionPressure,0.9999999999999999
797,2026-04-16 13:00:00,Pure Unresolved Compression Equilibrium,Unresolved->Unresolved->Unresolved->Unresolved,-1.4428232973175175e-12,0.0,1.0,0.0,0.0,0.0,0.0,0.9002713704206242,0.27999999999999997,0.0,0.9999999999999999,0.0,CompressionPressure,0.9999999999999999
798,2026-04-16 13:05:00,Pure Unresolved Compression Equilibrium,Unresolved->Unresolved->Unresolved->Unresolved,-1.4428232973175175e-12,0.0,1.0,0.0,0.0,0.0,0.0,0.9002713704206242,0.27999999999999997,0.0,0.9999999999999999,0.0,CompressionPressure,0.9999999999999999
799,2026-04-16 13:10:00,Pure Unresolved Compression Equilibrium,Unresolved->Unresolved->Unresolved->Unresolved,-1.4428232973175175e-12,0.0,1.0,0.0,0.0,0.0,0.0,0.9002713704206242,0.27999999999999997,0.0,0.9999999999999999,0.0,CompressionPressure,0.9999999999999999
800,2026-04-16 13:15:00,Pure Unresolved Compression Equilibrium,Unresolved->Unresolved->Unresolved->Unresolved,-1.4428232973175175e-12,0.0,1.0,0.0,0.0,0.0,0.0,0.9002713704206242,0.27999999999999997,0.0,0.9999999999999999,0.0,CompressionPressure,0.9999999999999999
801,2026-04-16 13:20:00,Pure Unresolved Compression Equilibrium,Unresolved->Unresolved->Unresolved->Unresolved,-1.4428232973175175e-12,0.0,1.0,0.0,0.0,0.0,0.0,0.9002713704206242,0.27999999999999997,0.0,0.9999999999999999,0.0,CompressionPressure,0.9999999999999999
802,2026-04-16 13:25:00,Pure Unresolved Compression Equilibrium,Unresolved->Unresolved->Unresolved->Unresolved,-1.4428232973175175e-12,0.0,1.0,0.0,0.0,0.0,0.0,0.9002713704206242,0.27999999999999997,0.0,0.9999999999999999,0.0,CompressionPressure,0.9999999999999999
803,2026-04-16 13:30:00,Pure Unresolved Compression Equilibrium,Unresolved->Unresolved->Unresolved->Unresolved,-1.4428232973175175e-12,0.0,1.0,0.0,0.0,0.0,0.0,0.9002713704206242,0.27999999999999997,0.0,0.9999999999999999,0.0,CompressionPressure,0.9999999999999999
804,2026-04-16 13:35:00,Pure Unresolved Compression Equilibrium,Unresolved->Unresolved->Unresolved->Unresolved,-1.4428232973175175e-12,0.0,1.0,0.0,0.0,0.0,0.0,0.9002713704206242,0.27999999999999997,0.0,0.9999999999999999,0.0,CompressionPressure,0.9999999999999999
805,2026-04-16 13:40:00,Pure Unresolved Compression Equilibrium,Unresolved->Unresolved->Unresolved->Unresolved,-1.4428232973175175e-12,0.0,1.0,0.0,0.0,0.0,0.0,0.9002713704206242,0.27999999999999997,0.0,0.9999999999999999,0.0,CompressionPressure,0.9999999999999999
806,2026-04-16 13:45:00,Pure Unresolved Compression Equilibrium,Unresolved->Unresolved->Unresolved->Unresolved,-1.4428232973175175e-12,0.0,1.0,0.0,0.0,0.0,0.0,0.9002713704206242,0.27999999999999997,0.0,0.9999999999999999,0.0,CompressionPressure,0.9999999999999999
807,2026-04-16 13:50:00,Pure Unresolved Compression Equilibrium,Unresolved->Unresolved->Unresolved->Unresolved,-1.4428232973175175e-12,0.0,1.0,0.0,0.0,0.0,0.0,0.9002713704206242,0.27999999999999997,0.0,0.9999999999999999,0.0,CompressionPressure,0.9999999999999999
808,2026-04-16 13:55:00,Pure Unresolved Compression Equilibrium,Unresolved->Unresolved->Unresolved->Unresolved,-1.4428232973175175e-12,0.0,1.0,0.0,0.0,0.0,0.0,0.9002713704206242,0.27999999999999997,0.0,0.9999999999999999,0.0,CompressionPressure,0.9999999999999999
809,2026-04-16 14:00:00,Pure Unresolved Compression Equilibrium,Unresolved->Unresolved->Unresolved->Unresolved,-1.4428232973175175e-12,0.0,1.0,0.0,0.0,0.0,0.0,0.9002713704206242,0.27999999999999997,0.0,0.9999999999999999,0.0,CompressionPressure,0.9999999999999999
810,2026-04-17 06:35:00,Pure Unresolved Compression Equilibrium,Unresolved->Unresolved->Unresolved->Unresolved,-1.4428232973175175e-12,0.0,1.0,0.0,0.0,0.0,0.0,0.9002713704206242,0.27999999999999997,0.0,0.9999999999999999,0.0,CompressionPressure,0.9999999999999999
811,2026-04-17 06:40:00,Pure Unresolved Compression Equilibrium,Unresolved->Unresolved->Unresolved->Unresolved,-1.4428232973175175e-12,0.0,1.0,0.0,0.0,0.0,0.0,0.9002713704206242,0.27999999999999997,0.0,0.9999999999999999,0.0,CompressionPressure,0.9999999999999999
812,2026-04-17 06:45:00,Sponsor Exhaustion Collapse,Unresolved->Unresolved->Unresolved->Degrading,0.4689955935863958,0.1111111111111111,0.9,0.0,0.0,6.364,0.0,0.8590881640143999,0.2202730804215971,0.1366174603174603,0.4512433309564058,0.15335088133511932,CompressionPressure,0.4512433309564058
813,2026-04-17 06:50:00,Stable Compression Basin,Unresolved->Unresolved->Degrading->Unresolved,0.9219280948830342,0.2222222222222222,0.8,0.0,0.0,9.305,0.0,0.8235239619193873,0.16177599134662882,0.06100992063492063,0.8034906051809215,0.2982979612318542,CompressionPressure,0.8034906051809215
814,2026-04-17 06:55:00,Stable Compression Basin,Unresolved->Degrading->Unresolved->Unresolved,1.1567796494427114,0.2222222222222222,0.7,0.0,0.0,9.305,0.0,0.7879597598243748,0.13212850253398684,0.06100992063492063,0.747145716354275,0.3496717387917836,CompressionPressure,0.747145716354275
815,2026-04-17 07:00:00,Sponsor Exhaustion Collapse,Degrading->Unresolved->Unresolved->Degrading,1.3709505944503406,0.3333333333333333,0.6,0.0,0.0,15.669,0.0,0.7467765534181506,0.0919115951123958,0.19762738095238097,0.21431558784685373,0.4472797282502977,RotationalPressure,0.4472797282502977
816,2026-04-17 07:05:00,Sponsor Exhaustion Collapse,Unresolved->Unresolved->Degrading->Degrading,1.4854752972230063,0.3333333333333333,0.5,0.0,0.0,15.669,0.0,0.7055933470119264,0.07147663088969691,0.19762738095238097,0.16549112725689544,0.4723320069818183,RotationalPressure,0.4723320069818183
817,2026-04-17 07:10:00,Sponsor Exhaustion Collapse,Unresolved->Degrading->Degrading->Degrading,1.5219280948830343,0.3333333333333333,0.4,0.0,0.0,15.669,0.0,0.6644101406057021,0.05701904690218436,0.19762738095238097,0.12154616073647705,0.4803060564699494,RotationalPressure,0.4803060564699494
818,2026-04-17 07:15:00,Sponsor Exhaustion Collapse,Degrading->Degrading->Degrading->Degrading,1.4854752972230063,0.3333333333333333,0.5,0.0,0.0,15.669,0.0,0.6232269341994778,0.07147663088969691,0.19762738095238097,0.16549112725689544,0.4723320069818183,RotationalPressure,0.4723320069818183
819,2026-04-17 07:20:00,Stable Compression Basin,Degrading->Degrading->Degrading->Unresolved,1.4854752972230063,0.4444444444444444,0.5,0.0,0.0,18.61,0.0,0.5876627321044654,0.059323853111919136,0.12201984126984126,0.5877133494791177,0.5182001022199135,CompressionPressure,0.5877133494791177
820,2026-04-17 07:25:00,Unstable Rotational Balance,Degrading->Degrading->Unresolved->Balance,1.6854752972215634,0.5555555555555556,0.5,0.0,0.0,24.926,0.0,0.5492228966497045,0.03840277777777777,0.158465873015873,0.10277777777777777,0.8439419047619048,RotationalPressure,0.8439419047619048
821,2026-04-17 07:30:00,Stable Compression Basin,Degrading->Unresolved->Balance->Unresolved,1.360964047439353,0.5555555555555556,0.5,0.0,0.0,27.031,0.0,0.513658694554692,0.056703967895702326,0.16598373015873016,0.5677175248128182,0.544659932996406,CompressionPressure,0.5677175248128182
822,2026-04-17 07:35:00,Stable Compression Basin,Unresolved->Balance->Unresolved->Unresolved,1.360964047439353,0.4444444444444444,0.5,0.0,0.0,20.667,0.0,0.5192776988659038,0.0688567456734801,0.12936626984126984,0.595495302590596,0.4939018377583108,CompressionPressure,0.595495302590596
823,2026-04-17 07:40:00,Stable Compression Basin,Balance->Unresolved->Unresolved->Unresolved,1.360964047439353,0.4444444444444444,0.5,0.0,0.0,17.726,0.0,0.5192776988659038,0.0688567456734801,0.1188626984126984,0.595495302590596,0.48970040918688224,CompressionPressure,0.595495302590596
824,2026-04-17 07:45:00,Directional Continuation / Sponsor Release,Unresolved->Unresolved->Unresolved->Directional,1.7219280948815914,0.4444444444444444,0.4,0.1,1.0,20.226,7.5,0.5171677050953244,0.13111111111111112,0.36279126984126986,0.0888888888888889,0.5455609523809524,RotationalPressure,0.5455609523809524
825,2026-04-17 07:50:00,Directional Continuation / Sponsor Release,Unresolved->Unresolved->Directional->Directional,1.8464393446652445,0.4444444444444444,0.4,0.2,1.0,13.862,7.5,0.5206767156359569,0.15111111111111114,0.3400626984126984,0.0888888888888889,0.5364695238095237,RotationalPressure,0.5364695238095237
826,2026-04-17 07:55:00,Sponsor Exhaustion Collapse,Unresolved->Directional->Directional->Degrading,1.8464393446652445,0.5555555555555556,0.4,0.3,1.0,20.862000000000002,7.5,0.5206767156359569,0.10911111111111112,0.2789515873015873,0.061111111111111116,0.5881361904761905,RotationalPressure,0.5881361904761905
827,2026-04-17 08:00:00,Sponsor Exhaustion Collapse,Directional->Directional->Degrading->Degrading,1.8464393446652445,0.5555555555555556,0.4,0.4,0.0,20.862000000000002,7.5,0.520676715635957,0.05473611111111112,0.2789515873015873,0.061111111111111116,0.5881361904761905,RotationalPressure,0.5881361904761905
828,2026-04-17 08:05:00,Stable Compression Basin,Directional->Degrading->Degrading->Unresolved,1.7609640474379105,0.5555555555555556,0.5,0.5,0.0,20.862000000000002,7.5,0.5203805028424424,0.07340277777777778,0.1789515873015873,0.5527777777777778,0.5881361904761905,RotationalPressure,0.5881361904761905
829,2026-04-17 08:10:00,Unstable Rotational Balance,Degrading->Degrading->Unresolved->Balance,1.9219280948815916,0.5555555555555556,0.4,0.5,0.0,24.237,7.5,0.5175048694826941,0.06173611111111111,0.19100515873015872,0.061111111111111116,0.842957619047619,RotationalPressure,0.842957619047619
830,2026-04-17 08:15:00,Stable Compression Basin,Degrading->Unresolved->Balance->Unresolved,1.7609640474379105,0.5555555555555556,0.5,0.5,0.0,20.026,7.5,0.5203805028424424,0.07340277777777778,0.17596587301587302,0.5527777777777778,0.5869419047619048,RotationalPressure,0.5869419047619048
831,2026-04-17 08:20:00,Stable Compression Basin,Unresolved->Balance->Unresolved->Unresolved,1.7609640474379105,0.5555555555555556,0.5,0.5,0.0,17.921,7.5,0.5203805028424424,0.07340277777777778,0.16844801587301586,0.5527777777777778,0.5839347619047619,RotationalPressure,0.5839347619047619
832,2026-04-17 08:25:00,Stable Compression Basin,Balance->Unresolved->Unresolved->Unresolved,1.7609640474379105,0.5555555555555556,0.5,0.5,0.0,17.921,7.5,0.5203805028424424,0.07340277777777778,0.16844801587301586,0.5527777777777778,0.5839347619047619,RotationalPressure,0.5839347619047619
833,2026-04-17 08:30:00,Pure Unresolved Compression Equilibrium,Unresolved->Unresolved->Unresolved->Unresolved,2.1219280948801487,0.5555555555555556,0.4,0.5,0.0,17.921,7.5,0.555944704937455,0.06173611111111111,0.16844801587301586,0.5111111111111111,0.5839347619047619,RotationalPressure,0.5839347619047619
834,2026-04-17 08:35:00,Directional Continuation / Sponsor Release,Unresolved->Unresolved->Unresolved->Directional,2.1219280948801487,0.6666666666666666,0.4,0.5,1.0,17.921,7.5,0.5559447049374548,0.1416666666666667,0.38233690476190474,0.033333333333333354,0.6256014285714285,RotationalPressure,0.6256014285714285
835,2026-04-17 08:40:00,Stable Compression Basin,Unresolved->Unresolved->Directional->Unresolved,1.9609640474364676,0.6666666666666666,0.5,0.5,1.0,17.921,7.5,0.552139481603308,0.14,0.18233690476190473,0.525,0.6256014285714285,RotationalPressure,0.6256014285714285
836,2026-04-17 08:45:00,Stable Compression Basin,Unresolved->Directional->Unresolved->Unresolved,1.770950594447455,0.6666666666666666,0.6,0.5,1.0,10.921,7.5,0.5518432688097935,0.16666666666666669,0.15733690476190476,0.5666666666666667,0.6156014285714285,RotationalPressure,0.6156014285714285
837,2026-04-17 08:50:00,Stable Compression Basin,Directional->Unresolved->Unresolved->Unresolved,1.3567796494412687,0.5555555555555556,0.7,0.5,0.0,10.921,7.5,0.551547056016279,0.11535766920076396,0.14344801587301587,0.6513123830210318,0.5207303102200393,CompressionPressure,0.6513123830210318
838,2026-04-17 08:55:00,Pure Unresolved Compression Equilibrium,Unresolved->Unresolved->Unresolved->Unresolved,1.5709505944488977,0.5555555555555556,0.6,0.4,0.0,10.921,7.5,0.5930264752160177,0.08029353955695072,0.14344801587301587,0.5962600322913884,0.5675802044404582,CompressionPressure,0.5962600322913884
839,2026-04-17 09:00:00,Unstable Rotational Balance,Unresolved->Unresolved->Unresolved->Balance,1.5709505944488977,0.5555555555555556,0.6,0.4,0.0,10.921,7.5,0.5930264752160177,0.08029353955695072,0.14344801587301587,0.14626003229138834,0.8175802044404582,RotationalPressure,0.8175802044404582
840,2026-04-17 09:05:00,Stable Compression Basin,Unresolved->Unresolved->Balance->Degrading,1.5709505944488977,0.6666666666666666,0.6,0.4,0.0,8.815999999999999,7.5,0.5871112581112914,0.06814076177917294,0.14981904761904763,0.5684822545136106,0.606239728249982,RotationalPressure,0.606239728249982
841,2026-04-17 09:10:00,Stable Compression Basin,Unresolved->Balance->Degrading->Unresolved,1.5709505944488977,0.6666666666666666,0.6,0.4,0.0,8.815999999999999,7.5,0.5811960410065652,0.06814076177917294,0.14981904761904763,0.5684822545136106,0.606239728249982,RotationalPressure,0.606239728249982
842,2026-04-17 09:15:00,Stable Compression Basin,Balance->Degrading->Unresolved->Unresolved,1.5709505944488977,0.5555555555555556,0.6,0.4,0.0,8.815999999999999,7.5,0.5811960410065652,0.08029353955695072,0.13593015873015873,0.5962600322913884,0.5645730615833153,CompressionPressure,0.5962600322913884
843,2026-04-17 09:20:00,Stable Compression Basin,Degrading->Unresolved->Unresolved->Unresolved,1.3567796494412687,0.4444444444444444,0.7,0.4,0.0,8.815999999999999,7.5,0.5456318389115526,0.12051044697854174,0.12204126984126984,0.6790901607988096,0.47605650069622985,CompressionPressure,0.6790901607988096
844,2026-04-17 09:25:00,Unstable Rotational Balance,Unresolved->Unresolved->Unresolved->Balance,1.1567796494427114,0.4444444444444444,0.7,0.3,0.0,12.632,0.0,0.5448661993223837,0.1288229469784313,0.10066984126984127,0.24159016079871942,0.6877579292679741,RotationalPressure,0.6877579292679741
845,2026-04-17 09:30:00,Stable Compression Basin,Unresolved->Unresolved->Balance->Unresolved,1.1567796494427114,0.5555555555555556,0.7,0.2,0.0,14.737,0.0,0.55078141642711,0.10967016920065353,0.1220765873015873,0.6638123830209416,0.4824317387917836,CompressionPressure,0.6638123830209416
846,2026-04-17 09:35:00,Unstable Rotational Balance,Unresolved->Balance->Unresolved->Balance,1.2954618442339936,0.6666666666666666,0.6,0.1,0.0,21.053,0.0,0.5538210001720879,0.06823286921750153,0.15852261904761905,0.1357003014020421,0.8134579927119003,RotationalPressure,0.8134579927119003
847,2026-04-17 09:40:00,Sponsor Exhaustion Collapse,Balance->Unresolved->Balance->Degrading,1.6854752972215634,0.6666666666666666,0.5,0.0,0.0,21.053,0.0,0.5538210001720879,0.026250000000000002,0.2585226190476191,0.07500000000000001,0.6300757142857143,RotationalPressure,0.6300757142857143
848,2026-04-17 09:45:00,Unstable Rotational Balance,Unresolved->Balance->Degrading->Balance,1.360964047439353,0.6666666666666666,0.5,0.0,0.0,21.053,0.0,0.5123415809723492,0.04455119011792455,0.15852261904761905,0.08993974703504046,0.8277865996630728,RotationalPressure,0.8277865996630728
849,2026-04-17 09:50:00,Stable Compression Basin,Balance->Degrading->Balance->Unresolved,1.2954618442339936,0.6666666666666666,0.6,0.0,0.0,14.737,0.0,0.5093019972273712,0.06123286921750154,0.1359654761904762,0.5857003014020421,0.5544351355690431,CompressionPressure,0.5857003014020421
850,2026-04-17 09:55:00,Stable Compression Basin,Degrading->Balance->Unresolved->Unresolved,1.2954618442339936,0.6666666666666666,0.6,0.0,0.0,14.737,0.0,0.5152172143320974,0.06123286921750154,0.1359654761904762,0.5857003014020421,0.5544351355690431,CompressionPressure,0.5857003014020421
851,2026-04-17 10:00:00,Stable Compression Basin,Balance->Unresolved->Unresolved->Unresolved,1.2954618442339936,0.6666666666666666,0.6,0.0,0.0,14.737,0.0,0.5211324314368238,0.06123286921750154,0.1359654761904762,0.5857003014020421,0.5544351355690431,CompressionPressure,0.5857003014020421
852,2026-04-17 10:05:00,Pure Unresolved Compression Equilibrium,Unresolved->Unresolved->Unresolved->Unresolved,1.6854752972215634,0.7777777777777778,0.5,0.0,0.0,14.737,0.0,0.5566966335318362,0.014097222222222223,0.1498543650793651,0.49722222222222223,0.6627195238095237,RotationalPressure,0.6627195238095237
853,2026-04-17 10:10:00,Pure Unresolved Compression Equilibrium,Unresolved->Unresolved->Unresolved->Unresolved,1.8464393446652445,0.6666666666666666,0.4,0.0,0.0,14.737,0.0,0.5922608356268487,0.01458333333333334,0.1359654761904762,0.4833333333333334,0.6210528571428571,RotationalPressure,0.6210528571428571
854,2026-04-17 10:15:00,Sponsor Exhaustion Collapse,Unresolved->Unresolved->Unresolved->Degrading,1.9219280948815916,0.6666666666666666,0.4,0.0,0.0,14.785,0.0,0.5895174646753853,0.01458333333333334,0.23613690476190477,0.033333333333333354,0.6211214285714286,RotationalPressure,0.6211214285714286
855,2026-04-17 10:20:00,Stable Compression Basin,Unresolved->Unresolved->Degrading->Unresolved,1.9219280948815916,0.6666666666666666,0.4,0.0,0.0,15.621,0.0,0.5895174646753853,0.01458333333333334,0.13912261904761905,0.4833333333333334,0.6223157142857143,RotationalPressure,0.6223157142857143
856,2026-04-17 10:25:00,Unstable Rotational Balance,Unresolved->Degrading->Unresolved->Balance,1.9219280948815916,0.6666666666666666,0.4,0.0,0.0,9.305,0.0,0.5864778809304074,0.01458333333333334,0.11656547619047619,0.033333333333333354,0.8632928571428571,RotationalPressure,0.8632928571428571
857,2026-04-17 10:30:00,Stable Compression Basin,Degrading->Unresolved->Balance->Unresolved,1.7609640474379105,0.6666666666666666,0.5,0.0,0.0,11.41,0.0,0.5923930980351336,0.026250000000000002,0.12408333333333332,0.525,0.6163,RotationalPressure,0.6163
858,2026-04-17 10:35:00,Stable Compression Basin,Unresolved->Balance->Unresolved->Unresolved,1.5709505944488977,0.5555555555555556,0.6,0.0,0.0,11.41,0.0,0.5983083151398599,0.05229353955695071,0.11019444444444446,0.5962600322913884,0.5682787758690296,CompressionPressure,0.5962600322913884
859,2026-04-17 10:40:00,Stable Compression Basin,Balance->Unresolved->Unresolved->Unresolved,1.5709505944488977,0.5555555555555556,0.6,0.0,0.0,11.41,0.0,0.6042235322445861,0.05229353955695071,0.11019444444444446,0.5962600322913884,0.5682787758690296,CompressionPressure,0.5962600322913884
860,2026-04-17 10:45:00,Pure Unresolved Compression Equilibrium,Unresolved->Unresolved->Unresolved->Unresolved,1.6854752972215634,0.6666666666666666,0.5,0.0,0.0,11.41,0.0,0.6397877343395987,0.026250000000000002,0.12408333333333332,0.525,0.6163,RotationalPressure,0.6163
861,2026-04-17 10:50:00,Pure Unresolved Compression Equilibrium,Unresolved->Unresolved->Unresolved->Unresolved,1.7219280948815914,0.5555555555555556,0.4,0.0,0.0,11.41,0.0,0.6753519364346111,0.026736111111111113,0.11019444444444446,0.5111111111111111,0.5746333333333333,RotationalPressure,0.5746333333333333
862,2026-04-17 10:55:00,Pure Unresolved Compression Equilibrium,Unresolved->Unresolved->Unresolved->Unresolved,1.7219280948815914,0.5555555555555556,0.4,0.0,0.0,11.41,0.0,0.6753519364346111,0.026736111111111113,0.11019444444444446,0.5111111111111111,0.5746333333333333,RotationalPressure,0.5746333333333333
863,2026-04-17 11:00:00,Pure Unresolved Compression Equilibrium,Unresolved->Unresolved->Unresolved->Unresolved,1.7219280948815914,0.4444444444444444,0.4,0.0,0.0,11.41,0.0,0.6753519364346111,0.038888888888888896,0.09630555555555556,0.538888888888889,0.5329666666666666,CompressionPressure,0.538888888888889
864,2026-04-17 11:05:00,Pure Unresolved Compression Equilibrium,Unresolved->Unresolved->Unresolved->Unresolved,1.360964047439353,0.3333333333333333,0.5,0.0,0.0,5.046,0.0,0.7165351428408353,0.08100952345125786,0.059688095238095235,0.6232730803683738,0.4299194568059299,CompressionPressure,0.6232730803683738
865,2026-04-17 11:10:00,Pure Unresolved Compression Equilibrium,Unresolved->Unresolved->Unresolved->Unresolved,1.2954618442339936,0.2222222222222222,0.6,0.0,0.0,2.105,0.0,0.7520993449358478,0.10984398032861264,0.03529563492063492,0.6968114125131533,0.36972275461666226,CompressionPressure,0.6968114125131533
866,2026-04-17 11:15:00,Unstable Rotational Balance,Unresolved->Unresolved->Unresolved->Balance,1.2954618442339936,0.2222222222222222,0.6,0.0,0.0,8.421,0.0,0.7551389286808258,0.10984398032861264,0.057852777777777774,0.2468114125131532,0.6287456117595194,RotationalPressure,0.6287456117595194
867,2026-04-17 11:20:00,Unstable Rotational Balance,Unresolved->Unresolved->Balance->Balance,1.3709505944503406,0.2222222222222222,0.6,0.0,0.0,6.316,0.0,0.7522632953210774,0.10406437289017358,0.050334920634920635,0.2420933656246315,0.6422516330122024,RotationalPressure,0.6422516330122024
868,2026-04-17 11:25:00,Unstable Rotational Balance,Unresolved->Balance->Balance->Balance,1.2954618442339936,0.2222222222222222,0.6,0.0,0.0,6.316,0.0,0.7493876619613291,0.10984398032861264,0.050334920634920635,0.2468114125131532,0.6257384689023765,RotationalPressure,0.6257384689023765
869,2026-04-17 11:30:00,Unstable Rotational Balance,Balance->Balance->Balance->Balance,0.9709505944517833,0.1111111111111111,0.6,0.0,0.0,6.316,0.0,0.7465120286015808,0.14684215066784087,0.03644603174603174,0.29487114340231907,0.5130849663458513,RotationalPressure,0.5130849663458513
870,2026-04-17 11:35:00,Unstable Rotational Balance,Balance->Balance->Balance->Balance,0.9999999999971146,0.1111111111111111,0.5,0.0,0.0,6.316,0.0,0.70807219314682,0.1329513888891098,0.03644603174603174,0.25138888888906924,0.5194395238088926,RotationalPressure,0.5194395238088926
871,2026-04-17 11:40:00,Unstable Rotational Balance,Balance->Balance->Balance->Balance,0.9709505944517833,0.1111111111111111,0.6,0.0,0.0,6.316,0.0,0.6696323576920592,0.14684215066784087,0.03644603174603174,0.29487114340231907,0.5130849663458513,RotationalPressure,0.5130849663458513
872,2026-04-17 11:45:00,Unstable Rotational Balance,Balance->Balance->Balance->Balance,0.8812908992278072,0.1111111111111111,0.7,0.0,0.0,6.316,0.0,0.6311925222372984,0.1653733877500932,0.03644603174603174,0.3421415410204842,0.49347190801560664,RotationalPressure,0.49347190801560664
873,2026-04-17 11:50:00,Unstable Rotational Balance,Balance->Balance->Balance->Balance,0.7219280948844771,0.1111111111111111,0.8,0.0,0.0,6.316,0.0,0.5927526867825376,0.18924126912429612,0.03644603174603174,0.3937683829586091,0.45861129456550315,RotationalPressure,0.45861129456550315
874,2026-04-17 11:55:00,Unstable Rotational Balance,Balance->Balance->Balance->Unresolved,0.4689955935863958,0.1111111111111111,0.9,0.0,0.0,8.421,0.0,0.5543128513277767,0.2202730804215971,0.043963888888888886,0.4512433309564058,0.4062894527636907,CompressionPressure,0.4512433309564058
875,2026-04-17 12:00:00,Stable Compression Basin,Balance->Balance->Unresolved->Unresolved,0.4689955935863958,0.1111111111111111,0.9,0.0,0.0,8.421,0.0,0.5187486492327642,0.2202730804215971,0.043963888888888886,0.9012433309564057,0.15628945276369072,CompressionPressure,0.9012433309564057
876,2026-04-17 12:05:00,Unstable Rotational Balance,Balance->Unresolved->Unresolved->Balance,0.4689955935863958,0.2222222222222222,0.9,0.0,0.0,8.421,0.0,0.5187486492327642,0.20812030264381934,0.057852777777777774,0.42346555317862805,0.4479561194303574,RotationalPressure,0.4479561194303574
877,2026-04-17 12:10:00,Stable Compression Basin,Unresolved->Unresolved->Balance->Unresolved,0.7219280948844771,0.3333333333333333,0.8,0.0,0.0,10.526,0.0,0.5216242825925125,0.16493571356874057,0.07925952380952381,0.7882128274030535,0.2979589136131222,CompressionPressure,0.7882128274030535
878,2026-04-17 12:15:00,Stable Compression Basin,Unresolved->Balance->Unresolved->Unresolved,0.8812908992278072,0.3333333333333333,0.7,0.0,0.0,10.526,0.0,0.5244999159522609,0.14106783219453767,0.07925952380952381,0.7365859854649287,0.33281952706322565,CompressionPressure,0.7365859854649287
879,2026-04-17 12:20:00,Stable Compression Basin,Balance->Unresolved->Unresolved->Unresolved,0.9709505944517833,0.3333333333333333,0.6,0.0,0.0,10.526,0.0,0.5273755493120091,0.12253659511228533,0.07925952380952381,0.6893155878467636,0.35243258539347044,CompressionPressure,0.6893155878467636
880,2026-04-17 12:25:00,Unstable Rotational Balance,Unresolved->Unresolved->Unresolved->Balance,0.9709505944517833,0.4444444444444444,0.6,0.0,0.0,16.842,0.0,0.5273755493120091,0.11038381733450757,0.11570555555555555,0.21153781006898575,0.6531221092029942,RotationalPressure,0.6531221092029942
881,2026-04-17 12:30:00,Unstable Rotational Balance,Unresolved->Unresolved->Balance->Balance,0.9709505944517833,0.4444444444444444,0.6,0.0,0.0,16.842,0.0,0.5273755493120091,0.11038381733450757,0.11570555555555555,0.21153781006898575,0.6531221092029942,RotationalPressure,0.6531221092029942
882,2026-04-17 12:35:00,Stable Compression Basin,Unresolved->Balance->Balance->Unresolved,0.9999999999971146,0.5555555555555556,0.5,0.0,0.0,18.947,0.0,0.5302511826717575,0.08434027777799868,0.1371123015873016,0.5902777777779582,0.45415047618984494,CompressionPressure,0.5902777777779582
883,2026-04-17 12:40:00,Stable Compression Basin,Balance->Balance->Unresolved->Unresolved,0.9709505944517833,0.5555555555555556,0.6,0.0,0.0,18.947,0.0,0.5331268160315059,0.09823103955672978,0.1371123015873016,0.633760032291208,0.44779591872680374,CompressionPressure,0.633760032291208
884,2026-04-17 12:45:00,Stable Compression Basin,Balance->Unresolved->Unresolved->Unresolved,0.8812908992278072,0.4444444444444444,0.7,0.0,0.0,16.842,0.0,0.5360024493912542,0.12891505441675988,0.11570555555555555,0.7088082076871509,0.38350905087274945,CompressionPressure,0.7088082076871509
885,2026-04-17 12:50:00,Pure Unresolved Compression Equilibrium,Unresolved->Unresolved->Unresolved->Unresolved,1.2954618442339936,0.4444444444444444,0.6,0.0,0.0,16.842,0.0,0.5715666514862667,0.08553842477305709,0.11570555555555555,0.6412558569575977,0.47410894509285273,CompressionPressure,0.6412558569575977
886,2026-04-17 12:55:00,Pure Unresolved Compression Equilibrium,Unresolved->Unresolved->Unresolved->Unresolved,1.3709505944503406,0.3333333333333333,0.6,0.0,0.0,10.526,0.0,0.6100064869410275,0.0919115951123958,0.07925952380952381,0.6643155878468537,0.43993258539315483,CompressionPressure,0.6643155878468537
887,2026-04-17 13:00:00,Pure Unresolved Compression Equilibrium,Unresolved->Unresolved->Unresolved->Unresolved,1.4854752972230063,0.3333333333333333,0.5,0.0,0.0,8.421,0.0,0.64557068903604,0.07147663088969691,0.07174166666666666,0.6154911272568955,0.4619777212675326,CompressionPressure,0.6154911272568955
888,2026-04-17 13:05:00,Pure Unresolved Compression Equilibrium,Unresolved->Unresolved->Unresolved->Unresolved,1.5219280948830343,0.3333333333333333,0.4,0.0,0.0,8.421,0.0,0.6811348911310524,0.05701904690218436,0.07174166666666666,0.571546160736477,0.4699517707556637,CompressionPressure,0.571546160736477
889,2026-04-17 13:10:00,Pure Unresolved Compression Equilibrium,Unresolved->Unresolved->Unresolved->Unresolved,1.4854752972230063,0.2222222222222222,0.5,0.0,0.0,8.421,0.0,0.716699093226065,0.08362940866747469,0.057852777777777774,0.6432689050346733,0.42031105460086593,CompressionPressure,0.6432689050346733
890,2026-04-17 13:15:00,Pure Unresolved Compression Equilibrium,Unresolved->Unresolved->Unresolved->Unresolved,1.2954618442339936,0.2222222222222222,0.6,0.0,0.0,2.105,0.0,0.7551389286808258,0.10984398032861264,0.03529563492063492,0.6968114125131533,0.36972275461666226,CompressionPressure,0.6968114125131533
891,2026-04-17 13:20:00,Directional Continuation / Sponsor Release,Unresolved->Unresolved->Unresolved->Directional,1.2954618442339936,0.2222222222222222,0.6,0.1,1.0,4.6049999999999995,7.5,0.7559045682699947,0.33383994379603615,0.27922420634920636,0.2468114125131532,0.3732941831880908,RotationalPressure,0.3732941831880908
892,2026-04-17 13:25:00,Directional Continuation / Sponsor Release,Unresolved->Unresolved->Directional->Directional,1.3709505944503406,0.2222222222222222,0.6,0.2,1.0,2.5,7.5,0.7537945744994154,0.3373267796862103,0.27170634920634923,0.2420933656246315,0.38680020444077384,RotationalPressure,0.38680020444077384
893,2026-04-17 13:30:00,Sponsor Exhaustion Collapse,Unresolved->Directional->Directional->Degrading,1.5709505944488977,0.3333333333333333,0.6,0.3,1.0,9.5,7.5,0.7481755701882037,0.22308364597144292,0.21059523809523809,0.20181558784694392,0.4822168711071249,RotationalPressure,0.4822168711071249
894,2026-04-17 13:35:00,Unstable Rotational Balance,Directional->Directional->Degrading->Balance,1.5709505944488977,0.3333333333333333,0.6,0.4,0.0,19.5,7.5,0.7452999368284554,0.10459909511250629,0.1463095238095238,0.20181558784694392,0.7465025853928391,RotationalPressure,0.7465025853928391
895,2026-04-17 13:40:00,Unstable Rotational Balance,Directional->Degrading->Balance->Balance,1.7609640474379105,0.3333333333333333,0.5,0.5,0.0,19.5,7.5,0.7038205176287166,0.09770833333333333,0.1463095238095238,0.15833333333333333,0.7528571428571429,RotationalPressure,0.7528571428571429
896,2026-04-17 13:45:00,Unstable Rotational Balance,Degrading->Balance->Balance->Balance,1.8464393446652445,0.3333333333333333,0.4,0.5,0.0,19.5,7.5,0.6623410984289778,0.08604166666666667,0.1463095238095238,0.11666666666666668,0.7528571428571429,RotationalPressure,0.7528571428571429
897,2026-04-17 13:50:00,Unstable Rotational Balance,Balance->Balance->Balance->Unresolved,1.8464393446652445,0.3333333333333333,0.4,0.5,0.0,21.605,7.5,0.623901262974217,0.08604166666666667,0.15382738095238094,0.11666666666666668,0.7558642857142857,RotationalPressure,0.7558642857142857
898,2026-04-17 13:55:00,Stable Compression Basin,Balance->Balance->Unresolved->Unresolved,2.1219280948801487,0.4444444444444444,0.4,0.5,0.0,21.605,7.5,0.5883370608792046,0.07388888888888889,0.16771626984126983,0.538888888888889,0.5475309523809523,RotationalPressure,0.5475309523809523
899,2026-04-17 14:00:00,Stable Compression Basin,Balance->Unresolved->Unresolved->Unresolved,2.1219280948801487,0.4444444444444444,0.4,0.5,0.0,21.605,7.5,0.552772858784192,0.07388888888888889,0.16771626984126983,0.538888888888889,0.5475309523809523,RotationalPressure,0.5475309523809523
900,2026-04-20 06:35:00,Pure Unresolved Compression Equilibrium,Unresolved->Unresolved->Unresolved->Unresolved,2.1219280948801487,0.4444444444444444,0.4,0.5,0.0,21.605,7.5,0.552772858784192,0.07388888888888889,0.16771626984126983,0.538888888888889,0.5475309523809523,RotationalPressure,0.5475309523809523
901,2026-04-20 06:40:00,Pure Unresolved Compression Equilibrium,Unresolved->Unresolved->Unresolved->Unresolved,2.1219280948801487,0.4444444444444444,0.4,0.4,0.0,19.105,0.0,0.5904470546497839,0.0668888888888889,0.1237876984126984,0.538888888888889,0.5439595238095237,RotationalPressure,0.5439595238095237
902,2026-04-20 06:45:00,Pure Unresolved Compression Equilibrium,Unresolved->Unresolved->Unresolved->Unresolved,1.8464393446652445,0.3333333333333333,0.4,0.3,0.0,19.105,0.0,0.6281212505153757,0.07204166666666667,0.10989880952380951,0.5666666666666667,0.5022928571428571,CompressionPressure,0.5666666666666667
903,2026-04-20 06:50:00,Pure Unresolved Compression Equilibrium,Unresolved->Unresolved->Unresolved->Unresolved,1.5219280948830343,0.2222222222222222,0.4,0.2,0.0,12.105,0.0,0.6693044569215999,0.08317182467996213,0.07100992063492063,0.5993239385142548,0.4335479612318542,CompressionPressure,0.5993239385142548
904,2026-04-20 06:55:00,Sponsor Exhaustion Collapse,Unresolved->Unresolved->Unresolved->Degrading,1.8464393446652445,0.3333333333333333,0.4,0.1,0.0,8.469,0.0,0.6665610859701365,0.058041666666666665,0.17191309523809523,0.11666666666666668,0.4870985714285714,RotationalPressure,0.4870985714285714
905,2026-04-20 07:00:00,Stable Compression Basin,Unresolved->Unresolved->Degrading->Unresolved,1.8464393446652445,0.4444444444444444,0.4,0.0,0.0,11.41,0.0,0.6724763030748628,0.038888888888888896,0.09630555555555556,0.538888888888889,0.5329666666666666,CompressionPressure,0.538888888888889
906,2026-04-20 07:05:00,Stable Compression Basin,Unresolved->Degrading->Unresolved->Unresolved,1.7219280948815914,0.4444444444444444,0.4,0.0,0.0,11.41,0.0,0.678391520179589,0.038888888888888896,0.09630555555555556,0.538888888888889,0.5329666666666666,CompressionPressure,0.538888888888889
907,2026-04-20 07:10:00,Stable Compression Basin,Degrading->Unresolved->Unresolved->Unresolved,1.360964047439353,0.3333333333333333,0.5,0.0,0.0,9.305,0.0,0.6812671535393374,0.08100952345125786,0.07489880952380952,0.6232730803683738,0.4360037425202156,CompressionPressure,0.6232730803683738
908,2026-04-20 07:15:00,Pure Unresolved Compression Equilibrium,Unresolved->Unresolved->Unresolved->Unresolved,1.360964047439353,0.4444444444444444,0.5,0.0,0.0,9.305,0.0,0.7168313556343499,0.0688567456734801,0.0887876984126984,0.595495302590596,0.47767040918688225,CompressionPressure,0.595495302590596
909,2026-04-20 07:20:00,Pure Unresolved Compression Equilibrium,Unresolved->Unresolved->Unresolved->Unresolved,1.2954618442339936,0.3333333333333333,0.6,0.0,0.0,9.305,0.0,0.7523955577293624,0.09769120255083487,0.07489880952380952,0.6690336347353755,0.42167513556904324,CompressionPressure,0.6690336347353755
910,2026-04-20 07:25:00,Pure Unresolved Compression Equilibrium,Unresolved->Unresolved->Unresolved->Unresolved,1.2954618442339936,0.3333333333333333,0.6,0.0,0.0,9.305,0.0,0.7523955577293624,0.09769120255083487,0.07489880952380952,0.6690336347353755,0.42167513556904324,CompressionPressure,0.6690336347353755
911,2026-04-20 07:30:00,Pure Unresolved Compression Equilibrium,Unresolved->Unresolved->Unresolved->Unresolved,1.2954618442339936,0.3333333333333333,0.6,0.0,0.0,9.305,0.0,0.7523955577293624,0.09769120255083487,0.07489880952380952,0.6690336347353755,0.42167513556904324,CompressionPressure,0.6690336347353755
912,2026-04-20 07:35:00,Pure Unresolved Compression Equilibrium,Unresolved->Unresolved->Unresolved->Unresolved,1.2954618442339936,0.3333333333333333,0.6,0.0,0.0,9.305,0.0,0.7523955577293624,0.09769120255083487,0.07489880952380952,0.6690336347353755,0.42167513556904324,CompressionPressure,0.6690336347353755
913,2026-04-20 07:40:00,Pure Unresolved Compression Equilibrium,Unresolved->Unresolved->Unresolved->Unresolved,1.2954618442339936,0.2222222222222222,0.6,0.0,0.0,9.305,0.0,0.7523955577293624,0.10984398032861264,0.06100992063492063,0.6968114125131533,0.38000846890237655,CompressionPressure,0.6968114125131533
914,2026-04-20 07:45:00,Pure Unresolved Compression Equilibrium,Unresolved->Unresolved->Unresolved->Unresolved,0.8812908992278072,0.1111111111111111,0.7,0.0,0.0,2.941,0.0,0.7935787641355866,0.1653733877500932,0.024392460317460316,0.7921415410204843,0.23865047944417803,CompressionPressure,0.7921415410204843
915,2026-04-20 07:50:00,Pure Unresolved Compression Equilibrium,Unresolved->Unresolved->Unresolved->Unresolved,0.7219280948844771,0.1111111111111111,0.8,0.0,0.0,0.0,0.0,0.829142966230599,0.18924126912429612,0.013888888888888888,0.8437683829586091,0.199588437422646,CompressionPressure,0.8437683829586091
916,2026-04-20 07:55:00,Sponsor Exhaustion Collapse,Unresolved->Unresolved->Unresolved->Degrading,0.9219280948830342,0.2222222222222222,0.8,0.0,0.0,6.364,0.0,0.8235239619193873,0.16177599134662882,0.1505063492063492,0.35349060518092146,0.2940965326604256,CompressionPressure,0.35349060518092146
917,2026-04-20 08:00:00,Sponsor Exhaustion Collapse,Unresolved->Unresolved->Degrading->Degrading,0.7219280948844771,0.1111111111111111,0.8,0.0,0.0,6.364,0.0,0.8179049576081756,0.18924126912429612,0.1366174603174603,0.3937683829586091,0.2086798659940746,CompressionPressure,0.3937683829586091
918,2026-04-20 08:05:00,Sponsor Exhaustion Collapse,Unresolved->Degrading->Degrading->Degrading,0.8812908992278072,0.1111111111111111,0.7,0.0,0.0,6.364,0.0,0.7767217512019513,0.1653733877500932,0.1366174603174603,0.3421415410204842,0.24354047944417803,CompressionPressure,0.3421415410204842
919,2026-04-20 08:10:00,Sponsor Exhaustion Collapse,Degrading->Degrading->Degrading->Degrading,0.9709505944517833,0.1111111111111111,0.6,0.0,0.0,6.364,0.0,0.7355385447957271,0.14684215066784087,0.1366174603174603,0.29487114340231907,0.2631535377744228,CompressionPressure,0.29487114340231907
920,2026-04-20 08:15:00,Unstable Rotational Balance,Degrading->Degrading->Degrading->Balance,1.360964047439353,0.2222222222222222,0.5,0.0,0.0,16.363999999999997,0.0,0.6970987093409663,0.09316230122903564,0.0862206349206349,0.20105085814615156,0.6544213615678346,RotationalPressure,0.6544213615678346
921,2026-04-20 08:20:00,Sponsor Exhaustion Collapse,Degrading->Degrading->Balance->Degrading,1.360964047439353,0.3333333333333333,0.5,0.0,0.0,21.363999999999997,0.0,0.655915502934742,0.08100952345125786,0.21796666666666667,0.17327308036837377,0.45323088537735845,RotationalPressure,0.45323088537735845
922,2026-04-20 08:25:00,Sponsor Exhaustion Collapse,Degrading->Balance->Degrading->Degrading,1.2954618442339936,0.3333333333333333,0.6,0.0,0.0,21.363999999999997,0.0,0.6147322965285178,0.09769120255083487,0.21796666666666667,0.2190336347353754,0.43890227842618607,RotationalPressure,0.43890227842618607
923,2026-04-20 08:30:00,Sponsor Exhaustion Collapse,Balance->Degrading->Degrading->Degrading,1.1567796494427114,0.3333333333333333,0.7,0.0,0.0,21.363999999999997,0.0,0.5732528773287789,0.11997572475620906,0.21796666666666667,0.2693679385764972,0.4085655483155931,RotationalPressure,0.4085655483155931
924,2026-04-20 08:35:00,Sponsor Exhaustion Collapse,Degrading->Degrading->Degrading->Degrading,0.9219280948830342,0.3333333333333333,0.8,0.0,0.0,21.363999999999997,0.0,0.5320696709225547,0.14962321356885103,0.21796666666666667,0.3257128274031438,0.3571917707556637,RotationalPressure,0.3571917707556637
925,2026-04-20 08:40:00,Stable Compression Basin,Degrading->Degrading->Degrading->Unresolved,0.9219280948830342,0.3333333333333333,0.8,0.0,0.0,24.305,0.0,0.49650546882754226,0.14962321356885103,0.12847023809523808,0.7757128274031437,0.3613931993270923,CompressionPressure,0.7757128274031437
926,2026-04-20 08:45:00,Stable Compression Basin,Degrading->Degrading->Unresolved->Unresolved,1.1567796494427114,0.3333333333333333,0.7,0.0,0.0,17.941,0.0,0.502124473138754,0.11997572475620906,0.10574166666666665,0.7193679385764972,0.4036755483155931,CompressionPressure,0.7193679385764972
927,2026-04-20 08:50:00,Unstable Rotational Balance,Degrading->Unresolved->Unresolved->Balance,1.3709505944503406,0.4444444444444444,0.6,0.0,0.0,24.256999999999998,0.0,0.5048678440902175,0.07975881733461802,0.1421876984126984,0.18653781006907594,0.7512149663455358,RotationalPressure,0.7512149663455358
928,2026-04-20 08:55:00,Unstable Rotational Balance,Unresolved->Unresolved->Balance->Balance,1.4854752972230063,0.4444444444444444,0.5,0.0,0.0,24.256999999999998,0.0,0.5076112150416808,0.059323853111919136,0.1421876984126984,0.13771334947911767,0.7762672450770564,RotationalPressure,0.7762672450770564
929,2026-04-20 09:00:00,Stable Compression Basin,Unresolved->Balance->Balance->Unresolved,1.5709505944503404,0.4444444444444444,0.4,0.0,0.0,26.362000000000002,0.0,0.5132302193528926,0.04111298400128472,0.14970555555555556,0.5407044767357427,0.5479721092026786,RotationalPressure,0.5479721092026786
930,2026-04-20 09:05:00,Stable Compression Basin,Balance->Balance->Unresolved->Unresolved,1.5219280948830343,0.3333333333333333,0.4,0.0,0.0,16.362000000000002,0.0,0.516105852712641,0.05701904690218436,0.10010238095238096,0.571546160736477,0.48129605646994944,CompressionPressure,0.571546160736477
931,2026-04-20 09:10:00,Stable Compression Basin,Balance->Unresolved->Unresolved->Unresolved,1.4854752972230063,0.3333333333333333,0.5,0.0,0.0,11.361999999999998,0.0,0.5217248570238527,0.07147663088969691,0.0822452380952381,0.6154911272568955,0.4661791498389612,CompressionPressure,0.6154911272568955
932,2026-04-20 09:15:00,Pure Unresolved Compression Equilibrium,Unresolved->Unresolved->Unresolved->Unresolved,1.7609640474379105,0.4444444444444444,0.5,0.0,0.0,11.361999999999998,0.0,0.562908063430077,0.050555555555555555,0.09613412698412697,0.5805555555555556,0.5328980952380952,CompressionPressure,0.5805555555555556
933,2026-04-20 09:20:00,Pure Unresolved Compression Equilibrium,Unresolved->Unresolved->Unresolved->Unresolved,1.7609640474379105,0.4444444444444444,0.5,0.0,0.0,11.361999999999998,0.0,0.6043874826298158,0.050555555555555555,0.09613412698412697,0.5805555555555556,0.5328980952380952,CompressionPressure,0.5805555555555556
934,2026-04-20 09:25:00,Sponsor Exhaustion Collapse,Unresolved->Unresolved->Unresolved->Degrading,1.7609640474379105,0.4444444444444444,0.5,0.0,0.0,17.726,0.0,0.6043874826298158,0.050555555555555555,0.2188626984126984,0.13055555555555556,0.5419895238095237,RotationalPressure,0.5419895238095237
935,2026-04-20 09:30:00,Stable Compression Basin,Unresolved->Unresolved->Degrading->Unresolved,1.7609640474379105,0.5555555555555556,0.5,0.0,0.0,17.726,0.0,0.6043874826298158,0.03840277777777777,0.13275158730158731,0.5527777777777778,0.5836561904761904,RotationalPressure,0.5836561904761904
936,2026-04-20 09:35:00,Stable Compression Basin,Unresolved->Degrading->Unresolved->Unresolved,1.7609640474379105,0.4444444444444444,0.5,0.0,0.0,17.726,0.0,0.6043874826298158,0.050555555555555555,0.1188626984126984,0.5805555555555556,0.5419895238095237,CompressionPressure,0.5805555555555556
937,2026-04-20 09:40:00,Stable Compression Basin,Degrading->Unresolved->Unresolved->Unresolved,1.5709505944488977,0.4444444444444444,0.6,0.0,0.0,11.41,0.0,0.6072631159895641,0.0644463173347285,0.09630555555555556,0.6240378100691661,0.526612109202363,CompressionPressure,0.6240378100691661
938,2026-04-20 09:45:00,Pure Unresolved Compression Equilibrium,Unresolved->Unresolved->Unresolved->Unresolved,1.2954618442339936,0.4444444444444444,0.6,0.0,0.0,11.41,0.0,0.6457029514443249,0.08553842477305709,0.09630555555555556,0.6412558569575977,0.4663489450928527,CompressionPressure,0.6412558569575977
939,2026-04-20 09:50:00,Pure Unresolved Compression Equilibrium,Unresolved->Unresolved->Unresolved->Unresolved,1.360964047439353,0.4444444444444444,0.5,0.0,0.0,9.305,0.0,0.6812671535393374,0.0688567456734801,0.0887876984126984,0.595495302590596,0.47767040918688225,CompressionPressure,0.595495302590596
940,2026-04-20 09:55:00,Pure Unresolved Compression Equilibrium,Unresolved->Unresolved->Unresolved->Unresolved,1.360964047439353,0.4444444444444444,0.5,0.0,0.0,9.305,0.0,0.7168313556343499,0.0688567456734801,0.0887876984126984,0.595495302590596,0.47767040918688225,CompressionPressure,0.595495302590596
941,2026-04-20 10:00:00,Pure Unresolved Compression Equilibrium,Unresolved->Unresolved->Unresolved->Unresolved,1.2954618442339936,0.3333333333333333,0.6,0.0,0.0,9.305,0.0,0.7523955577293624,0.09769120255083487,0.07489880952380952,0.6690336347353755,0.42167513556904324,CompressionPressure,0.6690336347353755
942,2026-04-20 10:05:00,Pure Unresolved Compression Equilibrium,Unresolved->Unresolved->Unresolved->Unresolved,1.2954618442339936,0.3333333333333333,0.6,0.0,0.0,9.305,0.0,0.7523955577293624,0.09769120255083487,0.07489880952380952,0.6690336347353755,0.42167513556904324,CompressionPressure,0.6690336347353755
943,2026-04-20 10:10:00,Pure Unresolved Compression Equilibrium,Unresolved->Unresolved->Unresolved->Unresolved,1.2954618442339936,0.2222222222222222,0.6,0.0,0.0,9.305,0.0,0.7523955577293624,0.10984398032861264,0.06100992063492063,0.6968114125131533,0.38000846890237655,CompressionPressure,0.6968114125131533
944,2026-04-20 10:15:00,Pure Unresolved Compression Equilibrium,Unresolved->Unresolved->Unresolved->Unresolved,0.8812908992278072,0.1111111111111111,0.7,0.0,0.0,2.941,0.0,0.7935787641355866,0.1653733877500932,0.024392460317460316,0.7921415410204843,0.23865047944417803,CompressionPressure,0.7921415410204843
945,2026-04-20 10:20:00,Pure Unresolved Compression Equilibrium,Unresolved->Unresolved->Unresolved->Unresolved,0.7219280948844771,0.1111111111111111,0.8,0.0,0.0,0.0,0.0,0.829142966230599,0.18924126912429612,0.013888888888888888,0.8437683829586091,0.199588437422646,CompressionPressure,0.8437683829586091
946,2026-04-20 10:25:00,Pure Unresolved Compression Equilibrium,Unresolved->Unresolved->Unresolved->Unresolved,0.4689955935863958,0.1111111111111111,0.9,0.0,0.0,0.0,0.0,0.8647071683256116,0.2202730804215971,0.013888888888888888,0.9012433309564057,0.14425945276369073,CompressionPressure,0.9012433309564057
947,2026-04-20 10:30:00,Unstable Rotational Balance,Unresolved->Unresolved->Unresolved->Balance,0.4689955935863958,0.1111111111111111,0.9,0.0,0.0,6.316,0.0,0.8618315349658634,0.2202730804215971,0.03644603174603174,0.4512433309564058,0.4032823099065479,CompressionPressure,0.4512433309564058
948,2026-04-20 10:35:00,Stable Compression Basin,Unresolved->Unresolved->Balance->Unresolved,0.9219280948830342,0.2222222222222222,0.8,0.0,0.0,8.421,0.0,0.8262673328708509,0.16177599134662882,0.057852777777777774,0.8034906051809215,0.297035104088997,CompressionPressure,0.8034906051809215
949,2026-04-20 10:40:00,Stable Compression Basin,Unresolved->Balance->Unresolved->Unresolved,1.1567796494427114,0.2222222222222222,0.7,0.0,0.0,8.421,0.0,0.7907031307758383,0.13212850253398684,0.057852777777777774,0.747145716354275,0.3484088816489264,CompressionPressure,0.747145716354275
950,2026-04-20 10:45:00,Stable Compression Basin,Balance->Unresolved->Unresolved->Unresolved,1.2954618442339936,0.2222222222222222,0.6,0.0,0.0,8.421,0.0,0.7551389286808258,0.10984398032861264,0.057852777777777774,0.6968114125131533,0.3787456117595194,CompressionPressure,0.6968114125131533
951,2026-04-20 10:50:00,Pure Unresolved Compression Equilibrium,Unresolved->Unresolved->Unresolved->Unresolved,1.2954618442339936,0.3333333333333333,0.6,0.0,0.0,8.421,0.0,0.7551389286808258,0.09769120255083487,0.07174166666666666,0.6690336347353755,0.42041227842618606,CompressionPressure,0.6690336347353755
952,2026-04-20 10:55:00,Pure Unresolved Compression Equilibrium,Unresolved->Unresolved->Unresolved->Unresolved,1.2954618442339936,0.3333333333333333,0.6,0.0,0.0,8.421,0.0,0.7551389286808258,0.09769120255083487,0.07174166666666666,0.6690336347353755,0.42041227842618606,CompressionPressure,0.6690336347353755
953,2026-04-20 11:00:00,Pure Unresolved Compression Equilibrium,Unresolved->Unresolved->Unresolved->Unresolved,1.2954618442339936,0.3333333333333333,0.6,0.0,0.0,8.421,0.0,0.7551389286808258,0.09769120255083487,0.07174166666666666,0.6690336347353755,0.42041227842618606,CompressionPressure,0.6690336347353755
954,2026-04-20 11:05:00,Pure Unresolved Compression Equilibrium,Unresolved->Unresolved->Unresolved->Unresolved,1.2954618442339936,0.3333333333333333,0.6,0.0,0.0,8.421,0.0,0.7551389286808258,0.09769120255083487,0.07174166666666666,0.6690336347353755,0.42041227842618606,CompressionPressure,0.6690336347353755
955,2026-04-20 11:10:00,Pure Unresolved Compression Equilibrium,Unresolved->Unresolved->Unresolved->Unresolved,1.2954618442339936,0.3333333333333333,0.6,0.0,0.0,8.421,0.0,0.7551389286808258,0.09769120255083487,0.07174166666666666,0.6690336347353755,0.42041227842618606,CompressionPressure,0.6690336347353755
956,2026-04-20 11:15:00,Pure Unresolved Compression Equilibrium,Unresolved->Unresolved->Unresolved->Unresolved,1.2954618442339936,0.2222222222222222,0.6,0.0,0.0,8.421,0.0,0.7551389286808258,0.10984398032861264,0.057852777777777774,0.6968114125131533,0.3787456117595194,CompressionPressure,0.6968114125131533
957,2026-04-20 11:20:00,Pure Unresolved Compression Equilibrium,Unresolved->Unresolved->Unresolved->Unresolved,0.8812908992278072,0.1111111111111111,0.7,0.0,0.0,2.105,0.0,0.7935787641355866,0.1653733877500932,0.02140674603174603,0.7921415410204843,0.2374561937298923,CompressionPressure,0.7921415410204843
958,2026-04-20 11:25:00,Pure Unresolved Compression Equilibrium,Unresolved->Unresolved->Unresolved->Unresolved,0.7219280948844771,0.1111111111111111,0.8,0.0,0.0,0.0,0.0,0.829142966230599,0.18924126912429612,0.013888888888888888,0.8437683829586091,0.199588437422646,CompressionPressure,0.8437683829586091
959,2026-04-20 11:30:00,Pure Unresolved Compression Equilibrium,Unresolved->Unresolved->Unresolved->Unresolved,0.4689955935863958,0.1111111111111111,0.9,0.0,0.0,0.0,0.0,0.8647071683256116,0.2202730804215971,0.013888888888888888,0.9012433309564057,0.14425945276369073,CompressionPressure,0.9012433309564057
960,2026-04-20 11:35:00,Pure Unresolved Compression Equilibrium,Unresolved->Unresolved->Unresolved->Unresolved,-1.4428232973175175e-12,0.0,1.0,0.0,0.0,0.0,0.0,0.9002713704206242,0.27999999999999997,0.0,0.9999999999999999,0.0,CompressionPressure,0.9999999999999999
961,2026-04-20 11:40:00,Pure Unresolved Compression Equilibrium,Unresolved->Unresolved->Unresolved->Unresolved,-1.4428232973175175e-12,0.0,1.0,0.0,0.0,0.0,0.0,0.9002713704206242,0.27999999999999997,0.0,0.9999999999999999,0.0,CompressionPressure,0.9999999999999999
962,2026-04-20 11:45:00,Pure Unresolved Compression Equilibrium,Unresolved->Unresolved->Unresolved->Unresolved,-1.4428232973175175e-12,0.0,1.0,0.0,0.0,0.0,0.0,0.9002713704206242,0.27999999999999997,0.0,0.9999999999999999,0.0,CompressionPressure,0.9999999999999999
963,2026-04-20 11:50:00,Pure Unresolved Compression Equilibrium,Unresolved->Unresolved->Unresolved->Unresolved,-1.4428232973175175e-12,0.0,1.0,0.0,0.0,0.0,0.0,0.9002713704206242,0.27999999999999997,0.0,0.9999999999999999,0.0,CompressionPressure,0.9999999999999999
964,2026-04-20 11:55:00,Pure Unresolved Compression Equilibrium,Unresolved->Unresolved->Unresolved->Unresolved,-1.4428232973175175e-12,0.0,1.0,0.0,0.0,0.0,0.0,0.9002713704206242,0.27999999999999997,0.0,0.9999999999999999,0.0,CompressionPressure,0.9999999999999999
965,2026-04-20 12:00:00,Pure Unresolved Compression Equilibrium,Unresolved->Unresolved->Unresolved->Unresolved,-1.4428232973175175e-12,0.0,1.0,0.0,0.0,0.0,0.0,0.9002713704206242,0.27999999999999997,0.0,0.9999999999999999,0.0,CompressionPressure,0.9999999999999999
966,2026-04-20 12:05:00,Pure Unresolved Compression Equilibrium,Unresolved->Unresolved->Unresolved->Unresolved,-1.4428232973175175e-12,0.0,1.0,0.0,0.0,0.0,0.0,0.9002713704206242,0.27999999999999997,0.0,0.9999999999999999,0.0,CompressionPressure,0.9999999999999999
967,2026-04-20 12:10:00,Pure Unresolved Compression Equilibrium,Unresolved->Unresolved->Unresolved->Unresolved,-1.4428232973175175e-12,0.0,1.0,0.0,0.0,0.0,0.0,0.9002713704206242,0.27999999999999997,0.0,0.9999999999999999,0.0,CompressionPressure,0.9999999999999999
968,2026-04-20 12:15:00,Pure Unresolved Compression Equilibrium,Unresolved->Unresolved->Unresolved->Unresolved,-1.4428232973175175e-12,0.0,1.0,0.0,0.0,0.0,0.0,0.9002713704206242,0.27999999999999997,0.0,0.9999999999999999,0.0,CompressionPressure,0.9999999999999999
969,2026-04-20 12:20:00,Pure Unresolved Compression Equilibrium,Unresolved->Unresolved->Unresolved->Unresolved,-1.4428232973175175e-12,0.0,1.0,0.0,0.0,0.0,0.0,0.9002713704206242,0.27999999999999997,0.0,0.9999999999999999,0.0,CompressionPressure,0.9999999999999999
970,2026-04-20 12:25:00,Pure Unresolved Compression Equilibrium,Unresolved->Unresolved->Unresolved->Unresolved,-1.4428232973175175e-12,0.0,1.0,0.0,0.0,0.0,0.0,0.9002713704206242,0.27999999999999997,0.0,0.9999999999999999,0.0,CompressionPressure,0.9999999999999999
971,2026-04-20 12:30:00,Pure Unresolved Compression Equilibrium,Unresolved->Unresolved->Unresolved->Unresolved,-1.4428232973175175e-12,0.0,1.0,0.0,0.0,0.0,0.0,0.9002713704206242,0.27999999999999997,0.0,0.9999999999999999,0.0,CompressionPressure,0.9999999999999999
972,2026-04-20 12:35:00,Directional Continuation / Sponsor Release,Unresolved->Unresolved->Unresolved->Directional,0.4689955935863958,0.1111111111111111,0.9,0.1,1.0,2.5,7.5,0.8625971745550324,0.6493516583474204,0.25781746031746033,0.4512433309564058,0.1478308813351193,DirectionalReleasePressure,0.6493516583474204
973,2026-04-20 12:40:00,Sponsor Exhaustion Collapse,Unresolved->Unresolved->Directional->Degrading,0.9219280948830342,0.2222222222222222,0.8,0.2,1.0,9.5,7.5,0.821413968148808,0.4017736945065802,0.19670634920634922,0.35349060518092146,0.2985765326604256,DirectionalReleasePressure,0.4017736945065802
974,2026-04-20 12:45:00,Sponsor Exhaustion Collapse,Unresolved->Directional->Degrading->Balance,1.1567796494427114,0.2222222222222222,0.7,0.3,1.0,9.5,7.5,0.7799345489490693,0.35000800579196994,0.19670634920634922,0.297145716354275,0.349950310220355,DirectionalReleasePressure,0.35000800579196994
975,2026-04-20 12:50:00,Unstable Rotational Balance,Directional->Degrading->Balance->Balance,1.5709505944488977,0.3333333333333333,0.6,0.4,0.0,9.5,7.5,0.7384551297493305,0.10459909511250629,0.11059523809523808,0.20181558784694392,0.7322168711071249,RotationalPressure,0.7322168711071249
976,2026-04-20 12:55:00,Unstable Rotational Balance,Degrading->Balance->Balance->Balance,1.7609640474379105,0.3333333333333333,0.5,0.4,0.0,9.5,7.5,0.6969757105495917,0.09070833333333332,0.11059523809523808,0.15833333333333333,0.7385714285714285,RotationalPressure,0.7385714285714285
977,2026-04-20 13:00:00,Sponsor Exhaustion Collapse,Balance->Balance->Balance->Degrading,1.8464393446652445,0.4444444444444444,0.4,0.4,0.0,14.5,7.5,0.6557925041433675,0.0668888888888889,0.24234126984126983,0.0888888888888889,0.5373809523809523,RotationalPressure,0.5373809523809523
978,2026-04-20 13:05:00,Stable Compression Basin,Balance->Balance->Degrading->Unresolved,2.170950594447455,0.5555555555555556,0.3,0.4,0.0,14.5,7.5,0.6143130849436288,0.05473611111111112,0.15623015873015872,0.5111111111111111,0.579047619047619,RotationalPressure,0.579047619047619
979,2026-04-20 13:10:00,Stable Compression Basin,Balance->Degrading->Unresolved->Unresolved,2.246439344663802,0.5555555555555556,0.3,0.4,0.0,14.5,7.5,0.5787488828486163,0.05473611111111112,0.15623015873015872,0.5111111111111111,0.579047619047619,RotationalPressure,0.579047619047619
980,2026-04-20 13:15:00,Unstable Rotational Balance,Degrading->Unresolved->Unresolved->Balance,2.170950594447455,0.6666666666666666,0.3,0.4,0.0,20.816,7.5,0.5403090473938554,0.04258333333333334,0.19267619047619045,0.033333333333333354,0.8797371428571429,RotationalPressure,0.8797371428571429
981,2026-04-20 13:20:00,Unstable Rotational Balance,Unresolved->Unresolved->Balance->Balance,1.8464393446652445,0.5555555555555556,0.4,0.4,0.0,20.816,7.5,0.5018692119390946,0.05473611111111112,0.17878730158730158,0.061111111111111116,0.8380704761904763,RotationalPressure,0.8380704761904763
982,2026-04-20 13:25:00,Unstable Rotational Balance,Unresolved->Balance->Balance->Balance,1.4854752972230063,0.4444444444444444,0.5,0.3,0.0,18.316,0.0,0.5011035723499255,0.08032385311191914,0.12096984126984127,0.13771334947911767,0.7677801022199134,RotationalPressure,0.7677801022199134
983,2026-04-20 13:30:00,Unstable Rotational Balance,Balance->Balance->Balance->Unresolved,1.3709505944503406,0.4444444444444444,0.6,0.2,0.0,13.421000000000001,0.0,0.503846943301389,0.09375881733461802,0.10348769841269842,0.18653781006907594,0.7357349663455357,RotationalPressure,0.7357349663455357
984,2026-04-20 13:35:00,Stable Compression Basin,Balance->Balance->Unresolved->Unresolved,1.2954618442339936,0.4444444444444444,0.6,0.1,0.0,13.421000000000001,0.0,0.5097621604061153,0.0925384247730571,0.10348769841269842,0.6412558569575977,0.46922180223570986,CompressionPressure,0.6412558569575977
985,2026-04-20 13:40:00,Stable Compression Basin,Balance->Unresolved->Unresolved->Unresolved,1.360964047439353,0.4444444444444444,0.5,0.0,0.0,13.420999999999998,0.0,0.5156773775108416,0.0688567456734801,0.10348769841269839,0.595495302590596,0.48355040918688225,CompressionPressure,0.595495302590596
986,2026-04-20 13:45:00,Pure Unresolved Compression Equilibrium,Unresolved->Unresolved->Unresolved->Unresolved,1.7219280948815914,0.4444444444444444,0.4,0.0,0.0,13.421000000000001,0.0,0.5571567967105804,0.038888888888888896,0.10348769841269842,0.538888888888889,0.5358395238095237,CompressionPressure,0.538888888888889
987,2026-04-20 13:50:00,Pure Unresolved Compression Equilibrium,Unresolved->Unresolved->Unresolved->Unresolved,1.5219280948830343,0.3333333333333333,0.4,0.0,0.0,8.421,0.0,0.5983400031168046,0.05701904690218436,0.07174166666666666,0.571546160736477,0.4699517707556637,CompressionPressure,0.571546160736477
988,2026-04-20 13:55:00,Pure Unresolved Compression Equilibrium,Unresolved->Unresolved->Unresolved->Unresolved,1.5709505944503404,0.3333333333333333,0.4,0.0,0.0,8.421,0.0,0.6398194223165433,0.0532657617790625,0.07174166666666666,0.5684822545135204,0.4806754425360119,CompressionPressure,0.5684822545135204
989,2026-04-20 14:00:00,Pure Unresolved Compression Equilibrium,Unresolved->Unresolved->Unresolved->Unresolved,1.5219280948830343,0.2222222222222222,0.4,0.0,0.0,8.421,0.0,0.6753836244115557,0.06917182467996214,0.057852777777777774,0.5993239385142548,0.428285104088997,CompressionPressure,0.5993239385142548
990,2026-04-21 06:35:00,Pure Unresolved Compression Equilibrium,Unresolved->Unresolved->Unresolved->Unresolved,1.4854752972230063,0.2222222222222222,0.5,0.0,0.0,2.105,0.0,0.7138234598663166,0.08362940866747469,0.03529563492063492,0.6432689050346733,0.4112881974580088,CompressionPressure,0.6432689050346733
991,2026-04-21 06:40:00,Pure Unresolved Compression Equilibrium,Unresolved->Unresolved->Unresolved->Unresolved,1.3709505944503406,0.2222222222222222,0.6,0.0,0.0,2.105,0.0,0.7522632953210774,0.10406437289017358,0.03529563492063492,0.6920933656246315,0.38623591872648816,CompressionPressure,0.6920933656246315
992,2026-04-21 06:45:00,Pure Unresolved Compression Equilibrium,Unresolved->Unresolved->Unresolved->Unresolved,1.1567796494427114,0.2222222222222222,0.7,0.0,0.0,2.105,0.0,0.7907031307758382,0.13212850253398684,0.03529563492063492,0.747145716354275,0.3393860245060693,CompressionPressure,0.747145716354275
993,2026-04-21 06:50:00,Pure Unresolved Compression Equilibrium,Unresolved->Unresolved->Unresolved->Unresolved,0.7219280948844771,0.1111111111111111,0.8,0.0,0.0,0.0,0.0,0.829142966230599,0.18924126912429612,0.013888888888888888,0.8437683829586091,0.199588437422646,CompressionPressure,0.8437683829586091
994,2026-04-21 06:55:00,Pure Unresolved Compression Equilibrium,Unresolved->Unresolved->Unresolved->Unresolved,0.4689955935863958,0.1111111111111111,0.9,0.0,0.0,0.0,0.0,0.8647071683256116,0.2202730804215971,0.013888888888888888,0.9012433309564057,0.14425945276369073,CompressionPressure,0.9012433309564057
995,2026-04-21 07:00:00,Pure Unresolved Compression Equilibrium,Unresolved->Unresolved->Unresolved->Unresolved,-1.4428232973175175e-12,0.0,1.0,0.0,0.0,0.0,0.0,0.9002713704206242,0.27999999999999997,0.0,0.9999999999999999,0.0,CompressionPressure,0.9999999999999999
996,2026-04-21 07:05:00,Pure Unresolved Compression Equilibrium,Unresolved->Unresolved->Unresolved->Unresolved,-1.4428232973175175e-12,0.0,1.0,0.0,0.0,0.0,0.0,0.9002713704206242,0.27999999999999997,0.0,0.9999999999999999,0.0,CompressionPressure,0.9999999999999999
997,2026-04-21 07:10:00,Pure Unresolved Compression Equilibrium,Unresolved->Unresolved->Unresolved->Unresolved,-1.4428232973175175e-12,0.0,1.0,0.0,0.0,0.0,0.0,0.9002713704206242,0.27999999999999997,0.0,0.9999999999999999,0.0,CompressionPressure,0.9999999999999999
998,2026-04-21 07:15:00,Pure Unresolved Compression Equilibrium,Unresolved->Unresolved->Unresolved->Unresolved,-1.4428232973175175e-12,0.0,1.0,0.0,0.0,0.0,0.0,0.9002713704206242,0.27999999999999997,0.0,0.9999999999999999,0.0,CompressionPressure,0.9999999999999999
999,2026-04-21 07:20:00,Pure Unresolved Compression Equilibrium,Unresolved->Unresolved->Unresolved->Unresolved,-1.4428232973175175e-12,0.0,1.0,0.0,0.0,0.0,0.0,0.9002713704206242,0.27999999999999997,0.0,0.9999999999999999,0.0,CompressionPressure,0.9999999999999999
1000,2026-04-21 07:25:00,Pure Unresolved Compression Equilibrium,Unresolved->Unresolved->Unresolved->Unresolved,-1.4428232973175175e-12,0.0,1.0,0.0,0.0,0.0,0.0,0.9002713704206242,0.27999999999999997,0.0,0.9999999999999999,0.0,CompressionPressure,0.9999999999999999
1001,2026-04-21 07:30:00,Pure Unresolved Compression Equilibrium,Unresolved->Unresolved->Unresolved->Unresolved,-1.4428232973175175e-12,0.0,1.0,0.0,0.0,0.0,0.0,0.9002713704206242,0.27999999999999997,0.0,0.9999999999999999,0.0,CompressionPressure,0.9999999999999999
1002,2026-04-21 07:35:00,Pure Unresolved Compression Equilibrium,Unresolved->Unresolved->Unresolved->Unresolved,-1.4428232973175175e-12,0.0,1.0,0.0,0.0,0.0,0.0,0.9002713704206242,0.27999999999999997,0.0,0.9999999999999999,0.0,CompressionPressure,0.9999999999999999
1003,2026-04-21 07:40:00,Pure Unresolved Compression Equilibrium,Unresolved->Unresolved->Unresolved->Unresolved,-1.4428232973175175e-12,0.0,1.0,0.0,0.0,0.0,0.0,0.9002713704206242,0.27999999999999997,0.0,0.9999999999999999,0.0,CompressionPressure,0.9999999999999999
1004,2026-04-21 07:45:00,Pure Unresolved Compression Equilibrium,Unresolved->Unresolved->Unresolved->Unresolved,-1.4428232973175175e-12,0.0,1.0,0.0,0.0,0.0,0.0,0.9002713704206242,0.27999999999999997,0.0,0.9999999999999999,0.0,CompressionPressure,0.9999999999999999
1005,2026-04-21 07:50:00,Directional Continuation / Sponsor Release,Unresolved->Unresolved->Unresolved->Directional,0.4689955935863958,0.1111111111111111,0.9,0.1,1.0,2.5,7.5,0.8625971745550324,0.6493516583474204,0.25781746031746033,0.4512433309564058,0.1478308813351193,DirectionalReleasePressure,0.6493516583474204
1006,2026-04-21 07:55:00,Directional Continuation / Sponsor Release,Unresolved->Unresolved->Directional->Directional,0.7219280948844771,0.1111111111111111,0.8,0.2,1.0,2.5,7.5,0.8249229786894405,0.5806893403551319,0.25781746031746033,0.3937683829586091,0.20315986599407457,DirectionalReleasePressure,0.5806893403551319
1007,2026-04-21 08:00:00,Directional Continuation / Sponsor Release,Unresolved->Directional->Directional->Directional,0.8812908992278072,0.1111111111111111,0.7,0.3,1.0,2.5,7.5,0.7872487828238486,0.532495393571695,0.25781746031746033,0.3421415410204842,0.238020479444178,DirectionalReleasePressure,0.532495393571695
1008,2026-04-21 08:05:00,Directional Continuation / Sponsor Release,Directional->Directional->Directional->Directional,0.9709505944517833,0.1111111111111111,0.6,0.4,1.0,2.5,7.5,0.7495745869582568,0.49954900190811685,0.25781746031746033,0.29487114340231907,0.25763353777442277,DirectionalReleasePressure,0.49954900190811685
1009,2026-04-21 08:10:00,Directional Continuation / Sponsor Release,Directional->Directional->Directional->Directional,0.9999999999971146,0.1111111111111111,0.5,0.5,1.0,2.5,7.5,0.711900391092665,0.47986111111174223,0.25781746031746033,0.25138888888906924,0.263988095237464,DirectionalReleasePressure,0.47986111111174223
1010,2026-04-21 08:15:00,Directional Continuation / Sponsor Release,Directional->Directional->Directional->Directional,0.9709505944517833,0.1111111111111111,0.6,0.6,1.0,2.5,7.5,0.6742261952270732,0.5395490019081168,0.25781746031746033,0.29487114340231907,0.25763353777442277,DirectionalReleasePressure,0.5395490019081168
1011,2026-04-21 08:20:00,Sponsor Exhaustion Collapse,Directional->Directional->Directional->Degrading,1.2954618442339936,0.2222222222222222,0.6,0.7,0.0,9.5,7.5,0.633042988820849,0.15884398032861263,0.19670634920634922,0.2468114125131532,0.38028704033094796,RotationalPressure,0.38028704033094796
1012,2026-04-21 08:25:00,Sponsor Exhaustion Collapse,Directional->Directional->Degrading->Degrading,1.3709505944503406,0.2222222222222222,0.6,0.8,0.0,9.5,7.5,0.5918597824146248,0.16006437289017358,0.19670634920634922,0.2420933656246315,0.39680020444077385,RotationalPressure,0.39680020444077385
1013,2026-04-21 08:30:00,Sponsor Exhaustion Collapse,Directional->Degrading->Degrading->Degrading,1.2954618442339936,0.2222222222222222,0.6,0.9,0.0,9.5,7.5,0.5506765760084005,0.17284398032861265,0.19670634920634922,0.2468114125131532,0.38028704033094796,RotationalPressure,0.38028704033094796
1014,2026-04-21 08:35:00,Stable Compression Basin,Degrading->Degrading->Degrading->Unresolved,1.2954618442339936,0.2222222222222222,0.6,0.9,0.0,12.440999999999999,7.5,0.5151123739133879,0.17284398032861265,0.10720992063492062,0.6968114125131533,0.38448846890237653,CompressionPressure,0.6968114125131533
1015,2026-04-21 08:40:00,Stable Compression Basin,Degrading->Degrading->Unresolved->Unresolved,1.4854752972230063,0.2222222222222222,0.5,0.8,0.0,9.940999999999999,0.0,0.5172223676839673,0.1396294086674747,0.0632813492063492,0.6432689050346733,0.42248248317229453,CompressionPressure,0.6432689050346733
1016,2026-04-21 08:45:00,Sponsor Exhaustion Collapse,Degrading->Unresolved->Unresolved->Degrading,1.5219280948830343,0.3333333333333333,0.4,0.7,0.0,16.305,0.0,0.5137133571433349,0.10601904690218436,0.19989880952380953,0.12154616073647705,0.4812146278985209,RotationalPressure,0.4812146278985209
1017,2026-04-21 08:50:00,Stable Compression Basin,Unresolved->Unresolved->Degrading->Unresolved,1.5709505944503404,0.4444444444444444,0.4,0.6,0.0,19.246000000000002,0.0,0.5158233509139142,0.08311298400128472,0.12429126984126984,0.5407044767357427,0.5378063949169642,CompressionPressure,0.5407044767357427
1018,2026-04-21 08:55:00,Stable Compression Basin,Unresolved->Degrading->Unresolved->Unresolved,1.5219280948830343,0.4444444444444444,0.4,0.5,0.0,19.246000000000002,0.0,0.5179333446844934,0.07986626912440659,0.12429126984126984,0.5437683829586993,0.5270827231366161,CompressionPressure,0.5437683829586993
1019,2026-04-21 09:00:00,Stable Compression Basin,Degrading->Unresolved->Unresolved->Unresolved,1.360964047439353,0.4444444444444444,0.5,0.4,0.0,19.246,0.0,0.5200433384550728,0.0968567456734801,0.12429126984126983,0.595495302590596,0.4918718377583108,CompressionPressure,0.595495302590596
1020,2026-04-21 09:05:00,Sponsor Exhaustion Collapse,Unresolved->Unresolved->Unresolved->Degrading,0.9999999999971146,0.4444444444444444,0.5,0.3,0.0,25.609999999999996,0.0,0.5165343279144403,0.11749305555577647,0.24701984126984125,0.1680555555557359,0.42200238095174974,RotationalPressure,0.42200238095174974
1021,2026-04-21 09:10:00,Stable Compression Basin,Unresolved->Unresolved->Degrading->Unresolved,0.9709505944517833,0.5555555555555556,0.6,0.2,0.0,21.551,0.0,0.5221533322256521,0.11223103955672976,0.1464123015873016,0.633760032291208,0.45151591872680374,CompressionPressure,0.633760032291208
1022,2026-04-21 09:15:00,Sponsor Exhaustion Collapse,Unresolved->Degrading->Unresolved->Degrading,0.9709505944517833,0.6666666666666666,0.6,0.1,0.0,27.915,0.0,0.5221533322256521,0.09307826177895201,0.2830297619047619,0.15598225451343023,0.502274013964899,RotationalPressure,0.502274013964899
1023,2026-04-21 09:20:00,Stable Compression Basin,Degrading->Unresolved->Degrading->Unresolved,0.8812908992278072,0.6666666666666666,0.7,0.0,0.0,30.856,0.0,0.527772336536864,0.10460949886120434,0.19353333333333333,0.6532526521315953,0.48686238420608274,CompressionPressure,0.6532526521315953
1024,2026-04-21 09:25:00,Sponsor Exhaustion Collapse,Unresolved->Degrading->Unresolved->Degrading,0.9709505944517833,0.7777777777777778,0.6,0.0,0.0,34.279,0.0,0.5221533322256521,0.07392548400117421,0.3196472222222222,0.12820447673565244,0.5530321092029942,RotationalPressure,0.5530321092029942
1025,2026-04-21 09:30:00,Sponsor Exhaustion Collapse,Degrading->Unresolved->Degrading->Degrading,0.9999999999971146,0.6666666666666666,0.5,0.0,0.0,34.278999999999996,0.0,0.5165343279144403,0.07218750000022091,0.30575833333333335,0.11250000000018034,0.5177199999993688,RotationalPressure,0.5177199999993688
1026,2026-04-21 09:35:00,Stable Compression Basin,Unresolved->Degrading->Degrading->Unresolved,0.9709505944517833,0.6666666666666666,0.6,0.0,0.0,30.856,0.0,0.5221533322256521,0.086078261778952,0.19353333333333333,0.6059822545134302,0.5064754425363276,CompressionPressure,0.6059822545134302
1027,2026-04-21 09:40:00,Stable Compression Basin,Degrading->Degrading->Unresolved->Unresolved,0.9709505944517833,0.6666666666666666,0.6,0.0,0.0,27.915000000000003,0.0,0.5221533322256521,0.086078261778952,0.1830297619047619,0.6059822545134302,0.502274013964899,CompressionPressure,0.6059822545134302
1028,2026-04-21 09:45:00,Stable Compression Basin,Degrading->Unresolved->Unresolved->Unresolved,0.9709505944517833,0.6666666666666666,0.6,0.0,0.0,27.915,0.0,0.5221533322256521,0.086078261778952,0.1830297619047619,0.6059822545134302,0.502274013964899,CompressionPressure,0.6059822545134302
1029,2026-04-21 09:50:00,Pure Unresolved Compression Equilibrium,Unresolved->Unresolved->Unresolved->Unresolved,1.360964047439353,0.6666666666666666,0.5,0.0,0.0,27.915,0.0,0.5577175343206646,0.04455119011792455,0.1830297619047619,0.5399397470350404,0.5875894568059299,RotationalPressure,0.5875894568059299
1030,2026-04-21 09:55:00,Pure Unresolved Compression Equilibrium,Unresolved->Unresolved->Unresolved->Unresolved,1.4854752972230063,0.5555555555555556,0.5,0.0,0.0,21.551,0.0,0.5989007407268888,0.04717107533414137,0.1464123015873016,0.5599355717013399,0.5640681974580088,RotationalPressure,0.5640681974580088
1031,2026-04-21 10:00:00,Sponsor Exhaustion Collapse,Unresolved->Unresolved->Unresolved->Degrading,1.5219280948830343,0.5555555555555556,0.4,0.0,0.0,24.974,0.0,0.5932817364156772,0.032713491346628806,0.2586373015873016,0.06599060518092148,0.5769322469461399,RotationalPressure,0.5769322469461399
1032,2026-04-21 10:05:00,Sponsor Exhaustion Collapse,Unresolved->Unresolved->Degrading->Degrading,1.5219280948830343,0.4444444444444444,0.4,0.0,0.0,18.61,0.0,0.5932817364156772,0.04486626912440659,0.22201984126984126,0.09376838295869927,0.5261741517080446,RotationalPressure,0.5261741517080446
1033,2026-04-21 10:10:00,Sponsor Exhaustion Collapse,Unresolved->Degrading->Degrading->Degrading,1.4854752972230063,0.3333333333333333,0.5,0.0,0.0,15.669,0.0,0.5876627321044654,0.07147663088969691,0.19762738095238097,0.16549112725689544,0.4723320069818183,RotationalPressure,0.4723320069818183
1034,2026-04-21 10:15:00,Sponsor Exhaustion Collapse,Degrading->Degrading->Degrading->Degrading,1.4854752972230063,0.3333333333333333,0.5,0.0,0.0,9.305,0.0,0.5876627321044654,0.07147663088969691,0.17489880952380954,0.16549112725689544,0.4632405784103898,RotationalPressure,0.4632405784103898
1035,2026-04-21 10:20:00,Sponsor Exhaustion Collapse,Degrading->Degrading->Degrading->Degrading,1.4854752972230063,0.2222222222222222,0.5,0.0,0.0,9.305,0.0,0.5876627321044654,0.08362940866747469,0.16100992063492064,0.19326890503467323,0.4215739117437231,RotationalPressure,0.4215739117437231
1036,2026-04-21 10:25:00,Sponsor Exhaustion Collapse,Degrading->Degrading->Degrading->Degrading,1.3709505944503406,0.2222222222222222,0.6,0.0,0.0,6.364,0.0,0.5820437277932535,0.10406437289017358,0.1505063492063492,0.2420933656246315,0.39232020444077387,RotationalPressure,0.39232020444077387
1037,2026-04-21 10:30:00,Sponsor Exhaustion Collapse,Degrading->Degrading->Degrading->Degrading,1.1567796494427114,0.2222222222222222,0.7,0.0,0.0,6.364,0.0,0.5764247234820419,0.13212850253398684,0.1505063492063492,0.297145716354275,0.345470310220355,RotationalPressure,0.345470310220355
1038,2026-04-21 10:35:00,Sponsor Exhaustion Collapse,Degrading->Degrading->Degrading->Degrading,0.7219280948844771,0.1111111111111111,0.8,0.0,0.0,6.364,0.0,0.5708057191708301,0.18924126912429612,0.1366174603174603,0.3937683829586091,0.2086798659940746,CompressionPressure,0.3937683829586091
1039,2026-04-21 10:40:00,Sponsor Exhaustion Collapse,Degrading->Degrading->Degrading->Degrading,0.4689955935863958,0.1111111111111111,0.9,0.0,0.0,6.364,0.0,0.5296225127646059,0.2202730804215971,0.1366174603174603,0.4512433309564058,0.15335088133511932,CompressionPressure,0.4512433309564058
1040,2026-04-21 10:45:00,Sponsor Exhaustion Collapse,Degrading->Degrading->Degrading->Degrading,-1.4428232973175175e-12,0.0,1.0,0.0,0.0,6.364,0.0,0.48843930635838156,0.27999999999999997,0.12272857142857144,0.55,0.009091428571428571,CompressionPressure,0.55
1041,2026-04-21 10:50:00,Sponsor Exhaustion Collapse,Degrading->Degrading->Degrading->Degrading,-1.4428232973175175e-12,0.0,1.0,0.0,0.0,0.0,0.0,0.48843930635838156,0.27999999999999997,0.1,0.55,0.0,CompressionPressure,0.55
1042,2026-04-21 10:55:00,Sponsor Exhaustion Collapse,Degrading->Degrading->Degrading->Degrading,-1.4428232973175175e-12,0.0,1.0,0.0,0.0,0.0,0.0,0.48843930635838156,0.27999999999999997,0.1,0.55,0.0,CompressionPressure,0.55
1043,2026-04-21 11:00:00,Sponsor Exhaustion Collapse,Degrading->Degrading->Degrading->Degrading,-1.4428232973175175e-12,0.0,1.0,0.0,0.0,0.0,0.0,0.48843930635838156,0.27999999999999997,0.1,0.55,0.0,CompressionPressure,0.55
1044,2026-04-21 11:05:00,Sponsor Exhaustion Collapse,Degrading->Degrading->Degrading->Degrading,-1.4428232973175175e-12,0.0,1.0,0.0,0.0,0.0,0.0,0.48843930635838156,0.27999999999999997,0.1,0.55,0.0,CompressionPressure,0.55
1045,2026-04-21 11:10:00,Stable Compression Basin,Degrading->Degrading->Degrading->Unresolved,0.4689955935863958,0.1111111111111111,0.9,0.0,0.0,2.941,0.0,0.4940583106695933,0.2202730804215971,0.024392460317460316,0.9012433309564057,0.1484608813351193,CompressionPressure,0.9012433309564057
1046,2026-04-21 11:15:00,Stable Compression Basin,Degrading->Degrading->Unresolved->Unresolved,0.7219280948844771,0.1111111111111111,0.8,0.0,0.0,2.941,0.0,0.49967731498080503,0.18924126912429612,0.024392460317460316,0.8437683829586091,0.2037898659940746,CompressionPressure,0.8437683829586091
1047,2026-04-21 11:20:00,Sponsor Exhaustion Collapse,Degrading->Unresolved->Unresolved->Degrading,0.7219280948844771,0.2222222222222222,0.8,0.0,0.0,9.305,0.0,0.49967731498080514,0.17708849134651833,0.16100992063492064,0.3659906051808313,0.25454796123216983,CompressionPressure,0.3659906051808313
1048,2026-04-21 11:25:00,Stable Compression Basin,Unresolved->Unresolved->Degrading->Unresolved,0.8812908992278072,0.3333333333333333,0.7,0.0,0.0,12.245999999999999,0.0,0.5052963192920169,0.14106783219453767,0.08540238095238095,0.7365859854649287,0.33527666992036853,CompressionPressure,0.7365859854649287
1049,2026-04-21 11:30:00,Stable Compression Basin,Unresolved->Degrading->Unresolved->Unresolved,0.9709505944517833,0.3333333333333333,0.6,0.0,0.0,12.245999999999999,0.0,0.5109153236032287,0.12253659511228533,0.08540238095238095,0.6893155878467636,0.35488972825061327,CompressionPressure,0.6893155878467636
1050,2026-04-21 11:35:00,Stable Compression Basin,Degrading->Unresolved->Unresolved->Unresolved,0.9999999999971146,0.3333333333333333,0.5,0.0,0.0,12.245999999999999,0.0,0.5165343279144403,0.10864583333355424,0.08540238095238095,0.6458333333335138,0.3612442857136545,CompressionPressure,0.6458333333335138
1051,2026-04-21 11:40:00,Pure Unresolved Compression Equilibrium,Unresolved->Unresolved->Unresolved->Unresolved,1.360964047439353,0.4444444444444444,0.5,0.0,0.0,12.245999999999999,0.0,0.5577175343206646,0.0688567456734801,0.09929126984126983,0.595495302590596,0.4818718377583108,CompressionPressure,0.595495302590596
1052,2026-04-21 11:45:00,Pure Unresolved Compression Equilibrium,Unresolved->Unresolved->Unresolved->Unresolved,1.4854752972230063,0.4444444444444444,0.5,0.0,0.0,12.245999999999999,0.0,0.5989007407268888,0.059323853111919136,0.09929126984126983,0.5877133494791177,0.509108673648485,CompressionPressure,0.5877133494791177
1053,2026-04-21 11:50:00,Pure Unresolved Compression Equilibrium,Unresolved->Unresolved->Unresolved->Unresolved,1.4854752972230063,0.4444444444444444,0.5,0.0,0.0,12.245999999999999,0.0,0.6400839471331131,0.059323853111919136,0.09929126984126983,0.5877133494791177,0.509108673648485,CompressionPressure,0.5877133494791177
1054,2026-04-21 11:55:00,Pure Unresolved Compression Equilibrium,Unresolved->Unresolved->Unresolved->Unresolved,1.360964047439353,0.3333333333333333,0.5,0.0,0.0,12.245999999999999,0.0,0.6812671535393374,0.08100952345125786,0.08540238095238095,0.6232730803683738,0.44020517109164414,CompressionPressure,0.6232730803683738
1055,2026-04-21 12:00:00,Pure Unresolved Compression Equilibrium,Unresolved->Unresolved->Unresolved->Unresolved,1.360964047439353,0.3333333333333333,0.5,0.0,0.0,9.305,0.0,0.7168313556343499,0.08100952345125786,0.07489880952380952,0.6232730803683738,0.4360037425202156,CompressionPressure,0.6232730803683738
1056,2026-04-21 12:05:00,Pure Unresolved Compression Equilibrium,Unresolved->Unresolved->Unresolved->Unresolved,1.2954618442339936,0.2222222222222222,0.6,0.0,0.0,9.305,0.0,0.7523955577293624,0.10984398032861264,0.06100992063492063,0.6968114125131533,0.38000846890237655,CompressionPressure,0.6968114125131533
1057,2026-04-21 12:10:00,Pure Unresolved Compression Equilibrium,Unresolved->Unresolved->Unresolved->Unresolved,0.8812908992278072,0.1111111111111111,0.7,0.0,0.0,2.941,0.0,0.7935787641355866,0.1653733877500932,0.024392460317460316,0.7921415410204843,0.23865047944417803,CompressionPressure,0.7921415410204843
1058,2026-04-21 12:15:00,Pure Unresolved Compression Equilibrium,Unresolved->Unresolved->Unresolved->Unresolved,0.7219280948844771,0.1111111111111111,0.8,0.0,0.0,0.0,0.0,0.829142966230599,0.18924126912429612,0.013888888888888888,0.8437683829586091,0.199588437422646,CompressionPressure,0.8437683829586091
1059,2026-04-21 12:20:00,Pure Unresolved Compression Equilibrium,Unresolved->Unresolved->Unresolved->Unresolved,0.4689955935863958,0.1111111111111111,0.9,0.0,0.0,0.0,0.0,0.8647071683256116,0.2202730804215971,0.013888888888888888,0.9012433309564057,0.14425945276369073,CompressionPressure,0.9012433309564057
1060,2026-04-21 12:25:00,Sponsor Exhaustion Collapse,Unresolved->Unresolved->Unresolved->Degrading,0.4689955935863958,0.1111111111111111,0.9,0.0,0.0,6.364,0.0,0.8590881640143999,0.2202730804215971,0.1366174603174603,0.4512433309564058,0.15335088133511932,CompressionPressure,0.4512433309564058
1061,2026-04-21 12:30:00,Sponsor Exhaustion Collapse,Unresolved->Unresolved->Degrading->Degrading,0.7219280948844771,0.1111111111111111,0.8,0.0,0.0,6.364,0.0,0.8179049576081756,0.18924126912429612,0.1366174603174603,0.3937683829586091,0.2086798659940746,CompressionPressure,0.3937683829586091
1062,2026-04-21 12:35:00,Stable Compression Basin,Unresolved->Degrading->Degrading->Unresolved,1.1567796494427114,0.2222222222222222,0.7,0.0,0.0,9.305,0.0,0.7823407555131631,0.13212850253398684,0.06100992063492063,0.747145716354275,0.3496717387917836,CompressionPressure,0.747145716354275
1063,2026-04-21 12:40:00,Sponsor Exhaustion Collapse,Degrading->Degrading->Unresolved->Degrading,1.2954618442339936,0.3333333333333333,0.6,0.0,0.0,15.669,0.0,0.7411575491069389,0.09769120255083487,0.19762738095238097,0.2190336347353754,0.43076656414047176,RotationalPressure,0.43076656414047176
1064,2026-04-21 12:45:00,Sponsor Exhaustion Collapse,Degrading->Unresolved->Degrading->Degrading,1.360964047439353,0.3333333333333333,0.5,0.0,0.0,15.669,0.0,0.6999743427007147,0.08100952345125786,0.19762738095238097,0.17327308036837377,0.4450951710916442,RotationalPressure,0.4450951710916442
1065,2026-04-21 12:50:00,Sponsor Exhaustion Collapse,Unresolved->Degrading->Degrading->Degrading,1.360964047439353,0.3333333333333333,0.5,0.0,0.0,15.669,0.0,0.6587911362944905,0.08100952345125786,0.19762738095238097,0.17327308036837377,0.4450951710916442,RotationalPressure,0.4450951710916442
1066,2026-04-21 12:55:00,Stable Compression Basin,Degrading->Degrading->Degrading->Unresolved,1.4854752972230063,0.4444444444444444,0.5,0.0,0.0,18.61,0.0,0.6232269341994778,0.059323853111919136,0.12201984126984126,0.5877133494791177,0.5182001022199135,CompressionPressure,0.5877133494791177
1067,2026-04-21 13:00:00,Stable Compression Basin,Degrading->Degrading->Unresolved->Unresolved,1.4854752972230063,0.4444444444444444,0.5,0.0,0.0,18.61,0.0,0.5876627321044653,0.059323853111919136,0.12201984126984126,0.5877133494791177,0.5182001022199135,CompressionPressure,0.5877133494791177
1068,2026-04-21 13:05:00,Sponsor Exhaustion Collapse,Degrading->Unresolved->Unresolved->Degrading,1.2954618442339936,0.5555555555555556,0.6,0.0,0.0,24.974,0.0,0.5464795256982411,0.0733856469952793,0.2586373015873016,0.16347807917981982,0.5273927546166622,RotationalPressure,0.5273927546166622
1069,2026-04-21 13:10:00,Stable Compression Basin,Unresolved->Unresolved->Degrading->Unresolved,0.9709505944517833,0.5555555555555556,0.6,0.0,0.0,27.915000000000003,0.0,0.5109153236032287,0.09823103955672978,0.16914087301587302,0.633760032291208,0.46060734729823233,CompressionPressure,0.633760032291208
1070,2026-04-21 13:15:00,Stable Compression Basin,Unresolved->Degrading->Unresolved->Unresolved,0.9999999999971146,0.5555555555555556,0.5,0.0,0.0,21.551,0.0,0.5165343279144403,0.08434027777799868,0.1464123015873016,0.5902777777779582,0.45787047618984494,CompressionPressure,0.5902777777779582
1071,2026-04-21 13:20:00,Stable Compression Basin,Degrading->Unresolved->Unresolved->Unresolved,0.9709505944517833,0.4444444444444444,0.6,0.0,0.0,21.551,0.0,0.5221533322256521,0.11038381733450757,0.1325234126984127,0.6615378100689858,0.40984925206013706,CompressionPressure,0.6615378100689858
1072,2026-04-21 13:25:00,Pure Unresolved Compression Equilibrium,Unresolved->Unresolved->Unresolved->Unresolved,1.360964047439353,0.4444444444444444,0.5,0.0,0.0,18.61,0.0,0.5577175343206646,0.0688567456734801,0.12201984126984126,0.595495302590596,0.49096326632973936,CompressionPressure,0.595495302590596
1073,2026-04-21 13:30:00,Pure Unresolved Compression Equilibrium,Unresolved->Unresolved->Unresolved->Unresolved,1.4854752972230063,0.4444444444444444,0.5,0.0,0.0,12.245999999999999,0.0,0.5989007407268888,0.059323853111919136,0.09929126984126983,0.5877133494791177,0.509108673648485,CompressionPressure,0.5877133494791177
1074,2026-04-21 13:35:00,Unstable Rotational Balance,Unresolved->Unresolved->Unresolved->Balance,1.7609640474379105,0.5555555555555556,0.5,0.0,0.0,18.562,0.0,0.6016441116783523,0.03840277777777777,0.1357373015873016,0.10277777777777777,0.8348504761904763,RotationalPressure,0.8348504761904763
1075,2026-04-21 13:40:00,Unstable Rotational Balance,Unresolved->Unresolved->Balance->Balance,1.7609640474379105,0.4444444444444444,0.5,0.0,0.0,18.562,0.0,0.6043874826298158,0.050555555555555555,0.1218484126984127,0.13055555555555556,0.7931838095238095,RotationalPressure,0.7931838095238095
1076,2026-04-21 13:45:00,Stable Compression Basin,Unresolved->Balance->Balance->Unresolved,1.7609640474379105,0.5555555555555556,0.5,0.0,0.0,17.726,0.0,0.6043874826298158,0.03840277777777777,0.13275158730158731,0.5527777777777778,0.5836561904761904,RotationalPressure,0.5836561904761904
1077,2026-04-21 13:50:00,Stable Compression Basin,Balance->Balance->Unresolved->Unresolved,1.7609640474379105,0.4444444444444444,0.5,0.0,0.0,17.726,0.0,0.6043874826298158,0.050555555555555555,0.1188626984126984,0.5805555555555556,0.5419895238095237,CompressionPressure,0.5805555555555556
1078,2026-04-21 13:55:00,Stable Compression Basin,Balance->Unresolved->Unresolved->Unresolved,1.3709505944503406,0.3333333333333333,0.6,0.0,0.0,11.361999999999998,0.0,0.6100064869410275,0.0919115951123958,0.0822452380952381,0.6643155878468537,0.44112687110744053,CompressionPressure,0.6643155878468537
1079,2026-04-21 14:00:00,Pure Unresolved Compression Equilibrium,Unresolved->Unresolved->Unresolved->Unresolved,1.4854752972230063,0.4444444444444444,0.5,0.0,0.0,8.421,0.0,0.64557068903604,0.059323853111919136,0.08563055555555554,0.5877133494791177,0.5036443879341993,CompressionPressure,0.5877133494791177
1080,2026-04-22 06:35:00,Pure Unresolved Compression Equilibrium,Unresolved->Unresolved->Unresolved->Unresolved,1.5219280948830343,0.4444444444444444,0.4,0.0,0.0,8.421,0.0,0.6811348911310524,0.04486626912440659,0.08563055555555554,0.5437683829586993,0.5116184374223304,CompressionPressure,0.5437683829586993
1081,2026-04-22 06:40:00,Pure Unresolved Compression Equilibrium,Unresolved->Unresolved->Unresolved->Unresolved,1.4854752972230063,0.3333333333333333,0.5,0.0,0.0,8.421,0.0,0.716699093226065,0.07147663088969691,0.07174166666666666,0.6154911272568955,0.4619777212675326,CompressionPressure,0.6154911272568955
1082,2026-04-22 06:45:00,Pure Unresolved Compression Equilibrium,Unresolved->Unresolved->Unresolved->Unresolved,1.4854752972230063,0.3333333333333333,0.5,0.0,0.0,8.421,0.0,0.716699093226065,0.07147663088969691,0.07174166666666666,0.6154911272568955,0.4619777212675326,CompressionPressure,0.6154911272568955
1083,2026-04-22 06:50:00,Pure Unresolved Compression Equilibrium,Unresolved->Unresolved->Unresolved->Unresolved,1.4854752972230063,0.2222222222222222,0.5,0.0,0.0,8.421,0.0,0.716699093226065,0.08362940866747469,0.057852777777777774,0.6432689050346733,0.42031105460086593,CompressionPressure,0.6432689050346733
1084,2026-04-22 06:55:00,Pure Unresolved Compression Equilibrium,Unresolved->Unresolved->Unresolved->Unresolved,1.2954618442339936,0.2222222222222222,0.6,0.0,0.0,2.105,0.0,0.7551389286808258,0.10984398032861264,0.03529563492063492,0.6968114125131533,0.36972275461666226,CompressionPressure,0.6968114125131533
1085,2026-04-22 07:00:00,Pure Unresolved Compression Equilibrium,Unresolved->Unresolved->Unresolved->Unresolved,0.8812908992278072,0.1111111111111111,0.7,0.0,0.0,2.105,0.0,0.7935787641355866,0.1653733877500932,0.02140674603174603,0.7921415410204843,0.2374561937298923,CompressionPressure,0.7921415410204843
1086,2026-04-22 07:05:00,Pure Unresolved Compression Equilibrium,Unresolved->Unresolved->Unresolved->Unresolved,0.7219280948844771,0.1111111111111111,0.8,0.0,0.0,0.0,0.0,0.829142966230599,0.18924126912429612,0.013888888888888888,0.8437683829586091,0.199588437422646,CompressionPressure,0.8437683829586091
1087,2026-04-22 07:10:00,Pure Unresolved Compression Equilibrium,Unresolved->Unresolved->Unresolved->Unresolved,0.4689955935863958,0.1111111111111111,0.9,0.0,0.0,0.0,0.0,0.8647071683256116,0.2202730804215971,0.013888888888888888,0.9012433309564057,0.14425945276369073,CompressionPressure,0.9012433309564057
1088,2026-04-22 07:15:00,Pure Unresolved Compression Equilibrium,Unresolved->Unresolved->Unresolved->Unresolved,-1.4428232973175175e-12,0.0,1.0,0.0,0.0,0.0,0.0,0.9002713704206242,0.27999999999999997,0.0,0.9999999999999999,0.0,CompressionPressure,0.9999999999999999
1089,2026-04-22 07:20:00,Pure Unresolved Compression Equilibrium,Unresolved->Unresolved->Unresolved->Unresolved,-1.4428232973175175e-12,0.0,1.0,0.0,0.0,0.0,0.0,0.9002713704206242,0.27999999999999997,0.0,0.9999999999999999,0.0,CompressionPressure,0.9999999999999999
1090,2026-04-22 07:25:00,Pure Unresolved Compression Equilibrium,Unresolved->Unresolved->Unresolved->Unresolved,-1.4428232973175175e-12,0.0,1.0,0.0,0.0,0.0,0.0,0.9002713704206242,0.27999999999999997,0.0,0.9999999999999999,0.0,CompressionPressure,0.9999999999999999
1091,2026-04-22 07:30:00,Pure Unresolved Compression Equilibrium,Unresolved->Unresolved->Unresolved->Unresolved,-1.4428232973175175e-12,0.0,1.0,0.0,0.0,0.0,0.0,0.9002713704206242,0.27999999999999997,0.0,0.9999999999999999,0.0,CompressionPressure,0.9999999999999999
1092,2026-04-22 07:35:00,Pure Unresolved Compression Equilibrium,Unresolved->Unresolved->Unresolved->Unresolved,-1.4428232973175175e-12,0.0,1.0,0.0,0.0,0.0,0.0,0.9002713704206242,0.27999999999999997,0.0,0.9999999999999999,0.0,CompressionPressure,0.9999999999999999
1093,2026-04-22 07:40:00,Pure Unresolved Compression Equilibrium,Unresolved->Unresolved->Unresolved->Unresolved,-1.4428232973175175e-12,0.0,1.0,0.0,0.0,0.0,0.0,0.9002713704206242,0.27999999999999997,0.0,0.9999999999999999,0.0,CompressionPressure,0.9999999999999999
1094,2026-04-22 07:45:00,Pure Unresolved Compression Equilibrium,Unresolved->Unresolved->Unresolved->Unresolved,-1.4428232973175175e-12,0.0,1.0,0.0,0.0,0.0,0.0,0.9002713704206242,0.27999999999999997,0.0,0.9999999999999999,0.0,CompressionPressure,0.9999999999999999
1095,2026-04-22 07:50:00,Directional Continuation / Sponsor Release,Unresolved->Unresolved->Unresolved->Directional,0.4689955935863958,0.1111111111111111,0.9,0.1,1.0,2.5,7.5,0.8625971745550324,0.6493516583474204,0.25781746031746033,0.4512433309564058,0.1478308813351193,DirectionalReleasePressure,0.6493516583474204
1096,2026-04-22 07:55:00,Sponsor Exhaustion Collapse,Unresolved->Unresolved->Directional->Degrading,0.9219280948830342,0.2222222222222222,0.8,0.2,1.0,9.5,7.5,0.821413968148808,0.4017736945065802,0.19670634920634922,0.35349060518092146,0.2985765326604256,DirectionalReleasePressure,0.4017736945065802
1097,2026-04-22 08:00:00,Sponsor Exhaustion Collapse,Unresolved->Directional->Degrading->Degrading,1.1567796494427114,0.2222222222222222,0.7,0.3,1.0,9.5,7.5,0.7802307617425839,0.35000800579196994,0.19670634920634922,0.297145716354275,0.349950310220355,DirectionalReleasePressure,0.35000800579196994
1098,2026-04-22 08:05:00,Stable Compression Basin,Directional->Degrading->Degrading->Unresolved,1.5709505944488977,0.3333333333333333,0.6,0.4,0.0,9.5,7.5,0.738751342542845,0.10459909511250629,0.11059523809523808,0.6518155878469439,0.4822168711071249,CompressionPressure,0.6518155878469439
1099,2026-04-22 08:10:00,Sponsor Exhaustion Collapse,Degrading->Degrading->Unresolved->Degrading,1.6854752972215634,0.4444444444444444,0.5,0.4,0.0,15.863999999999999,7.5,0.6975681361366208,0.07855555555555556,0.2472126984126984,0.13055555555555556,0.5393295238095237,RotationalPressure,0.5393295238095237
1100,2026-04-22 08:15:00,Stable Compression Basin,Degrading->Unresolved->Degrading->Unresolved,1.8464393446652445,0.5555555555555556,0.4,0.4,0.0,18.805,7.5,0.6620039340416083,0.05473611111111112,0.17160515873015872,0.5111111111111111,0.585197619047619,RotationalPressure,0.585197619047619
1101,2026-04-22 08:20:00,Stable Compression Basin,Unresolved->Degrading->Unresolved->Unresolved,1.8954618442325508,0.5555555555555556,0.3,0.4,0.0,18.805,7.5,0.6264397319465957,0.05473611111111112,0.17160515873015872,0.5111111111111111,0.585197619047619,RotationalPressure,0.585197619047619
1102,2026-04-22 08:25:00,Stable Compression Basin,Degrading->Unresolved->Unresolved->Unresolved,1.8464393446652445,0.5555555555555556,0.4,0.4,0.0,18.805,7.5,0.5908755298515833,0.05473611111111112,0.17160515873015872,0.5111111111111111,0.585197619047619,RotationalPressure,0.585197619047619
1103,2026-04-22 08:30:00,Pure Unresolved Compression Equilibrium,Unresolved->Unresolved->Unresolved->Unresolved,1.8464393446652445,0.6666666666666666,0.4,0.4,0.0,18.805,7.5,0.5908755298515833,0.04258333333333334,0.1854940476190476,0.4833333333333334,0.6268642857142857,RotationalPressure,0.6268642857142857
1104,2026-04-22 08:35:00,Pure Unresolved Compression Equilibrium,Unresolved->Unresolved->Unresolved->Unresolved,1.8464393446652445,0.5555555555555556,0.4,0.4,0.0,18.805,7.5,0.5908755298515833,0.05473611111111112,0.17160515873015872,0.5111111111111111,0.585197619047619,RotationalPressure,0.585197619047619
1105,2026-04-22 08:40:00,Pure Unresolved Compression Equilibrium,Unresolved->Unresolved->Unresolved->Unresolved,1.5709505944503404,0.4444444444444444,0.4,0.3,0.0,16.305,0.0,0.628549725717175,0.06211298400128472,0.11378769841269841,0.5407044767357427,0.5336049663455357,CompressionPressure,0.5407044767357427
1106,2026-04-22 08:45:00,Unstable Rotational Balance,Unresolved->Unresolved->Unresolved->Balance,1.8464393446652445,0.5555555555555556,0.4,0.2,0.0,15.620999999999999,0.0,0.6312930966686385,0.04073611111111111,0.12523373015873016,0.061111111111111116,0.8306490476190477,RotationalPressure,0.8306490476190477
1107,2026-04-22 08:50:00,Stable Compression Basin,Unresolved->Unresolved->Balance->Degrading,1.6854752972215634,0.5555555555555556,0.5,0.1,0.0,15.620999999999999,0.0,0.6309968838751241,0.04540277777777778,0.12523373015873016,0.5527777777777778,0.5806490476190477,RotationalPressure,0.5806490476190477
1108,2026-04-22 08:55:00,Stable Compression Basin,Unresolved->Balance->Degrading->Unresolved,1.6854752972215634,0.4444444444444444,0.5,0.0,0.0,15.620999999999999,0.0,0.6309968838751241,0.050555555555555555,0.11134484126984126,0.5805555555555556,0.5389823809523809,CompressionPressure,0.5805555555555556
1109,2026-04-22 09:00:00,Stable Compression Basin,Balance->Degrading->Unresolved->Unresolved,1.2954618442339936,0.3333333333333333,0.6,0.0,0.0,9.257,0.0,0.6366158881863357,0.09769120255083487,0.07472738095238095,0.6690336347353755,0.42160656414047176,CompressionPressure,0.6690336347353755
1110,2026-04-22 09:05:00,Stable Compression Basin,Degrading->Unresolved->Unresolved->Unresolved,1.2954618442339936,0.3333333333333333,0.6,0.0,0.0,6.316,0.0,0.6366158881863357,0.09769120255083487,0.06422380952380952,0.6690336347353755,0.41740513556904324,CompressionPressure,0.6690336347353755
1111,2026-04-22 09:10:00,Pure Unresolved Compression Equilibrium,Unresolved->Unresolved->Unresolved->Unresolved,1.360964047439353,0.4444444444444444,0.5,0.0,0.0,6.316,0.0,0.6721800902813483,0.0688567456734801,0.07811269841269841,0.595495302590596,0.47340040918688225,CompressionPressure,0.595495302590596
1112,2026-04-22 09:15:00,Pure Unresolved Compression Equilibrium,Unresolved->Unresolved->Unresolved->Unresolved,1.360964047439353,0.3333333333333333,0.5,0.0,0.0,6.316,0.0,0.7077442923763607,0.08100952345125786,0.06422380952380952,0.6232730803683738,0.4317337425202156,CompressionPressure,0.6232730803683738
1113,2026-04-22 09:20:00,Pure Unresolved Compression Equilibrium,Unresolved->Unresolved->Unresolved->Unresolved,1.360964047439353,0.3333333333333333,0.5,0.0,0.0,6.316,0.0,0.7077442923763607,0.08100952345125786,0.06422380952380952,0.6232730803683738,0.4317337425202156,CompressionPressure,0.6232730803683738
1114,2026-04-22 09:25:00,Pure Unresolved Compression Equilibrium,Unresolved->Unresolved->Unresolved->Unresolved,1.360964047439353,0.3333333333333333,0.5,0.0,0.0,6.316,0.0,0.7077442923763607,0.08100952345125786,0.06422380952380952,0.6232730803683738,0.4317337425202156,CompressionPressure,0.6232730803683738
1115,2026-04-22 09:30:00,Pure Unresolved Compression Equilibrium,Unresolved->Unresolved->Unresolved->Unresolved,1.360964047439353,0.2222222222222222,0.5,0.0,0.0,6.316,0.0,0.7077442923763607,0.09316230122903564,0.050334920634920635,0.6510508581461516,0.39006707585354894,CompressionPressure,0.6510508581461516
1116,2026-04-22 09:35:00,Pure Unresolved Compression Equilibrium,Unresolved->Unresolved->Unresolved->Unresolved,0.9709505944517833,0.1111111111111111,0.6,0.0,0.0,0.0,0.0,0.7461841278311215,0.14684215066784087,0.013888888888888888,0.7448711434023191,0.2540621092029942,CompressionPressure,0.7448711434023191
1117,2026-04-22 09:40:00,Pure Unresolved Compression Equilibrium,Unresolved->Unresolved->Unresolved->Unresolved,0.8812908992278072,0.1111111111111111,0.7,0.0,0.0,0.0,0.0,0.7876635470308603,0.1653733877500932,0.013888888888888888,0.7921415410204843,0.23444905087274945,CompressionPressure,0.7921415410204843
1118,2026-04-22 09:45:00,Pure Unresolved Compression Equilibrium,Unresolved->Unresolved->Unresolved->Unresolved,0.7219280948844771,0.1111111111111111,0.8,0.0,0.0,0.0,0.0,0.829142966230599,0.18924126912429612,0.013888888888888888,0.8437683829586091,0.199588437422646,CompressionPressure,0.8437683829586091
1119,2026-04-22 09:50:00,Pure Unresolved Compression Equilibrium,Unresolved->Unresolved->Unresolved->Unresolved,0.4689955935863958,0.1111111111111111,0.9,0.0,0.0,0.0,0.0,0.8647071683256116,0.2202730804215971,0.013888888888888888,0.9012433309564057,0.14425945276369073,CompressionPressure,0.9012433309564057
1120,2026-04-22 09:55:00,Pure Unresolved Compression Equilibrium,Unresolved->Unresolved->Unresolved->Unresolved,-1.4428232973175175e-12,0.0,1.0,0.0,0.0,0.0,0.0,0.9002713704206242,0.27999999999999997,0.0,0.9999999999999999,0.0,CompressionPressure,0.9999999999999999
1121,2026-04-22 10:00:00,Pure Unresolved Compression Equilibrium,Unresolved->Unresolved->Unresolved->Unresolved,-1.4428232973175175e-12,0.0,1.0,0.0,0.0,0.0,0.0,0.9002713704206242,0.27999999999999997,0.0,0.9999999999999999,0.0,CompressionPressure,0.9999999999999999
1122,2026-04-22 10:05:00,Pure Unresolved Compression Equilibrium,Unresolved->Unresolved->Unresolved->Unresolved,-1.4428232973175175e-12,0.0,1.0,0.0,0.0,0.0,0.0,0.9002713704206242,0.27999999999999997,0.0,0.9999999999999999,0.0,CompressionPressure,0.9999999999999999
1123,2026-04-22 10:10:00,Pure Unresolved Compression Equilibrium,Unresolved->Unresolved->Unresolved->Unresolved,-1.4428232973175175e-12,0.0,1.0,0.0,0.0,0.0,0.0,0.9002713704206242,0.27999999999999997,0.0,0.9999999999999999,0.0,CompressionPressure,0.9999999999999999
1124,2026-04-22 10:15:00,Pure Unresolved Compression Equilibrium,Unresolved->Unresolved->Unresolved->Unresolved,-1.4428232973175175e-12,0.0,1.0,0.0,0.0,0.0,0.0,0.9002713704206242,0.27999999999999997,0.0,0.9999999999999999,0.0,CompressionPressure,0.9999999999999999
1125,2026-04-22 10:20:00,Pure Unresolved Compression Equilibrium,Unresolved->Unresolved->Unresolved->Unresolved,-1.4428232973175175e-12,0.0,1.0,0.0,0.0,0.0,0.0,0.9002713704206242,0.27999999999999997,0.0,0.9999999999999999,0.0,CompressionPressure,0.9999999999999999
1126,2026-04-22 10:25:00,Pure Unresolved Compression Equilibrium,Unresolved->Unresolved->Unresolved->Unresolved,-1.4428232973175175e-12,0.0,1.0,0.0,0.0,0.0,0.0,0.9002713704206242,0.27999999999999997,0.0,0.9999999999999999,0.0,CompressionPressure,0.9999999999999999
1127,2026-04-22 10:30:00,Pure Unresolved Compression Equilibrium,Unresolved->Unresolved->Unresolved->Unresolved,-1.4428232973175175e-12,0.0,1.0,0.0,0.0,0.0,0.0,0.9002713704206242,0.27999999999999997,0.0,0.9999999999999999,0.0,CompressionPressure,0.9999999999999999
1128,2026-04-22 10:35:00,Pure Unresolved Compression Equilibrium,Unresolved->Unresolved->Unresolved->Unresolved,-1.4428232973175175e-12,0.0,1.0,0.0,0.0,0.0,0.0,0.9002713704206242,0.27999999999999997,0.0,0.9999999999999999,0.0,CompressionPressure,0.9999999999999999
1129,2026-04-22 10:40:00,Pure Unresolved Compression Equilibrium,Unresolved->Unresolved->Unresolved->Unresolved,-1.4428232973175175e-12,0.0,1.0,0.0,0.0,0.0,0.0,0.9002713704206242,0.27999999999999997,0.0,0.9999999999999999,0.0,CompressionPressure,0.9999999999999999
1130,2026-04-22 10:45:00,Directional Continuation / Sponsor Release,Unresolved->Unresolved->Unresolved->Directional,0.4689955935863958,0.1111111111111111,0.9,0.1,1.0,2.5,7.5,0.8625971745550324,0.6493516583474204,0.25781746031746033,0.4512433309564058,0.1478308813351193,DirectionalReleasePressure,0.6493516583474204
1131,2026-04-22 10:50:00,Sponsor Exhaustion Collapse,Unresolved->Unresolved->Directional->Degrading,0.9219280948830342,0.2222222222222222,0.8,0.2,1.0,9.5,7.5,0.821413968148808,0.4017736945065802,0.19670634920634922,0.35349060518092146,0.2985765326604256,DirectionalReleasePressure,0.4017736945065802
1132,2026-04-22 10:55:00,Sponsor Exhaustion Collapse,Unresolved->Directional->Degrading->Balance,1.1567796494427114,0.2222222222222222,0.7,0.3,1.0,9.5,7.5,0.7799345489490693,0.35000800579196994,0.19670634920634922,0.297145716354275,0.349950310220355,DirectionalReleasePressure,0.35000800579196994
1133,2026-04-22 11:00:00,Unstable Rotational Balance,Directional->Degrading->Balance->Balance,1.5709505944488977,0.3333333333333333,0.6,0.4,0.0,9.5,7.5,0.7384551297493305,0.10459909511250629,0.11059523809523808,0.20181558784694392,0.7322168711071249,RotationalPressure,0.7322168711071249
1134,2026-04-22 11:05:00,Unstable Rotational Balance,Degrading->Balance->Balance->Balance,1.7609640474379105,0.3333333333333333,0.5,0.4,0.0,9.5,7.5,0.6969757105495917,0.09070833333333332,0.11059523809523808,0.15833333333333333,0.7385714285714285,RotationalPressure,0.7385714285714285
1135,2026-04-22 11:10:00,Unstable Rotational Balance,Balance->Balance->Balance->Balance,1.8464393446652445,0.3333333333333333,0.4,0.4,0.0,9.5,7.5,0.6585358750948309,0.07904166666666668,0.11059523809523808,0.11666666666666668,0.7385714285714285,RotationalPressure,0.7385714285714285
1136,2026-04-22 11:15:00,Unstable Rotational Balance,Balance->Balance->Balance->Balance,1.8464393446652445,0.3333333333333333,0.4,0.4,0.0,9.5,7.5,0.6200960396400701,0.07904166666666668,0.11059523809523808,0.11666666666666668,0.7385714285714285,RotationalPressure,0.7385714285714285
1137,2026-04-22 11:20:00,Unstable Rotational Balance,Balance->Balance->Balance->Balance,1.7609640474379105,0.3333333333333333,0.5,0.4,0.0,9.5,7.5,0.5816562041853093,0.09070833333333332,0.11059523809523808,0.15833333333333333,0.7385714285714285,RotationalPressure,0.7385714285714285
1138,2026-04-22 11:25:00,Unstable Rotational Balance,Balance->Balance->Balance->Balance,1.5709505944488977,0.3333333333333333,0.6,0.4,0.0,9.5,7.5,0.5432163687305485,0.10459909511250629,0.11059523809523808,0.20181558784694392,0.7322168711071249,RotationalPressure,0.7322168711071249
1139,2026-04-22 11:30:00,Sponsor Exhaustion Collapse,Balance->Balance->Balance->Degrading,1.2954618442339936,0.3333333333333333,0.6,0.4,0.0,14.5,7.5,0.5020331623243243,0.12569120255083488,0.22845238095238096,0.2190336347353754,0.4290965641404718,RotationalPressure,0.4290965641404718
1140,2026-04-22 11:35:00,Stable Compression Basin,Balance->Balance->Degrading->Unresolved,1.2954618442339936,0.3333333333333333,0.6,0.3,0.0,12.0,0.0,0.4982279389901773,0.11869120255083486,0.08452380952380953,0.6690336347353755,0.4255251355690432,CompressionPressure,0.6690336347353755
1141,2026-04-22 11:40:00,Unstable Rotational Balance,Balance->Degrading->Unresolved->Balance,1.1567796494427114,0.4444444444444444,0.7,0.2,0.0,5.0,0.0,0.4979317261966628,0.12182294697843131,0.0734126984126984,0.24159016079871942,0.6768550721251169,RotationalPressure,0.6768550721251169
1142,2026-04-22 11:45:00,Stable Compression Basin,Degrading->Unresolved->Balance->Unresolved,1.1567796494427114,0.4444444444444444,0.7,0.1,0.0,7.1049999999999995,0.0,0.503846943301389,0.1148229469784313,0.08093055555555555,0.6915901607987194,0.42986221498225974,CompressionPressure,0.6915901607987194
1143,2026-04-22 11:50:00,Stable Compression Basin,Unresolved->Balance->Unresolved->Unresolved,1.2954618442339936,0.4444444444444444,0.6,0.0,0.0,7.1049999999999995,0.0,0.5097621604061153,0.08553842477305709,0.08093055555555555,0.6412558569575977,0.4601989450928527,CompressionPressure,0.6412558569575977
1144,2026-04-22 11:55:00,Stable Compression Basin,Balance->Unresolved->Unresolved->Unresolved,1.360964047439353,0.4444444444444444,0.5,0.0,0.0,7.1049999999999995,0.0,0.5156773775108416,0.0688567456734801,0.08093055555555555,0.595495302590596,0.4745275520440251,CompressionPressure,0.595495302590596
1145,2026-04-22 12:00:00,Pure Unresolved Compression Equilibrium,Unresolved->Unresolved->Unresolved->Unresolved,1.7219280948815914,0.5555555555555556,0.4,0.0,0.0,7.1049999999999995,0.0,0.5541172129656025,0.026736111111111113,0.09481944444444444,0.5111111111111111,0.5684833333333333,RotationalPressure,0.5684833333333333
1146,2026-04-22 12:05:00,Sponsor Exhaustion Collapse,Unresolved->Unresolved->Unresolved->Degrading,1.8464393446652445,0.6666666666666666,0.4,0.0,0.0,13.469,0.0,0.551373842014139,0.01458333333333334,0.23143690476190476,0.033333333333333354,0.6192414285714285,RotationalPressure,0.6192414285714285
1147,2026-04-22 12:10:00,Stable Compression Basin,Unresolved->Unresolved->Degrading->Unresolved,1.7609640474379105,0.7777777777777778,0.5,0.0,0.0,16.41,0.0,0.5542494753738874,0.014097222222222223,0.15582936507936507,0.49722222222222223,0.6651095238095237,RotationalPressure,0.6651095238095237
1148,2026-04-22 12:15:00,Stable Compression Basin,Unresolved->Degrading->Unresolved->Unresolved,1.5709505944488977,0.6666666666666666,0.6,0.0,0.0,16.41,0.0,0.5571251087336357,0.040140761779172945,0.14194047619047617,0.5684822545136106,0.6170882996785534,RotationalPressure,0.6170882996785534
1149,2026-04-22 12:20:00,Directional Continuation / Sponsor Release,Degrading->Unresolved->Unresolved->Directional,1.770950594447455,0.6666666666666666,0.6,0.1,1.0,11.41,0.0,0.5568288959401212,0.12833333333333335,0.32408333333333333,0.11666666666666667,0.6163,RotationalPressure,0.6163
1150,2026-04-22 12:25:00,Sponsor Exhaustion Collapse,Unresolved->Unresolved->Directional->Degrading,1.9609640474364676,0.6666666666666666,0.5,0.2,1.0,18.41,0.0,0.5571251087336357,0.09200000000000003,0.24908333333333335,0.07500000000000001,0.6263,RotationalPressure,0.6263
1151,2026-04-22 12:30:00,Sponsor Exhaustion Collapse,Unresolved->Directional->Degrading->Degrading,1.6854752972215634,0.5555555555555556,0.5,0.3,1.0,18.41,0.0,0.5574213215271502,0.13577777777777778,0.23519444444444446,0.10277777777777777,0.5846333333333333,RotationalPressure,0.5846333333333333
1152,2026-04-22 12:35:00,Sponsor Exhaustion Collapse,Directional->Degrading->Degrading->Degrading,1.7219280948815914,0.5555555555555556,0.4,0.4,0.0,16.305,0.0,0.5518023172159385,0.05473611111111112,0.22767658730158732,0.061111111111111116,0.5816261904761905,RotationalPressure,0.5816261904761905
1153,2026-04-22 12:40:00,Stable Compression Basin,Degrading->Degrading->Degrading->Unresolved,1.7219280948815914,0.6666666666666666,0.4,0.4,0.0,19.246000000000002,0.0,0.5518023172159383,0.04258333333333334,0.1520690476190476,0.4833333333333334,0.6274942857142857,RotationalPressure,0.6274942857142857
1154,2026-04-22 12:45:00,Unstable Rotational Balance,Degrading->Degrading->Unresolved->Balance,2.046439344663802,0.6666666666666666,0.4,0.4,0.0,25.562,0.0,0.54892668385619,0.04258333333333334,0.1746261904761905,0.033333333333333354,0.8865171428571428,RotationalPressure,0.8865171428571428
1155,2026-04-22 12:50:00,Sponsor Exhaustion Collapse,Degrading->Unresolved->Balance->Degrading,1.6854752972215634,0.6666666666666666,0.5,0.4,0.0,25.561999999999998,0.0,0.5074472646564512,0.05425000000000001,0.27462619047619047,0.07500000000000001,0.6365171428571428,RotationalPressure,0.6365171428571428
1156,2026-04-22 12:55:00,Sponsor Exhaustion Collapse,Unresolved->Balance->Degrading->Degrading,1.6854752972215634,0.5555555555555556,0.5,0.4,0.0,19.198,0.0,0.5071510518629367,0.06640277777777778,0.23800873015873017,0.10277777777777777,0.5857590476190476,RotationalPressure,0.5857590476190476
1157,2026-04-22 13:00:00,Stable Compression Basin,Balance->Degrading->Degrading->Unresolved,1.6854752972215634,0.6666666666666666,0.5,0.4,0.0,19.198,0.0,0.5071510518629367,0.05425000000000001,0.15189761904761906,0.525,0.6274257142857143,RotationalPressure,0.6274257142857143
1158,2026-04-22 13:05:00,Stable Compression Basin,Degrading->Degrading->Unresolved->Unresolved,1.6854752972215634,0.5555555555555556,0.5,0.4,0.0,19.198,0.0,0.5071510518629367,0.06640277777777778,0.13800873015873016,0.5527777777777778,0.5857590476190476,RotationalPressure,0.5857590476190476
1159,2026-04-22 13:10:00,Stable Compression Basin,Degrading->Unresolved->Unresolved->Unresolved,1.360964047439353,0.4444444444444444,0.5,0.3,0.0,19.198,0.0,0.513066268967663,0.08985674567348009,0.12411984126984127,0.595495302590596,0.49180326632973936,CompressionPressure,0.595495302590596
1160,2026-04-22 13:15:00,Pure Unresolved Compression Equilibrium,Unresolved->Unresolved->Unresolved->Unresolved,1.7219280948815914,0.5555555555555556,0.4,0.2,0.0,12.197999999999999,0.0,0.5542494753738872,0.04073611111111111,0.11300873015873016,0.5111111111111111,0.5757590476190476,RotationalPressure,0.5757590476190476
1161,2026-04-22 13:20:00,Pure Unresolved Compression Equilibrium,Unresolved->Unresolved->Unresolved->Unresolved,1.8464393446652445,0.5555555555555556,0.4,0.1,0.0,12.197999999999999,0.0,0.5954326817801116,0.03373611111111111,0.11300873015873016,0.5111111111111111,0.5757590476190476,RotationalPressure,0.5757590476190476
1162,2026-04-22 13:25:00,Pure Unresolved Compression Equilibrium,Unresolved->Unresolved->Unresolved->Unresolved,1.8464393446652445,0.4444444444444444,0.4,0.0,0.0,12.197999999999999,0.0,0.6366158881863357,0.038888888888888896,0.09911984126984126,0.538888888888889,0.5340923809523809,CompressionPressure,0.538888888888889
1163,2026-04-22 13:30:00,Pure Unresolved Compression Equilibrium,Unresolved->Unresolved->Unresolved->Unresolved,1.8464393446652445,0.3333333333333333,0.4,0.0,0.0,9.257,0.0,0.6721800902813483,0.051041666666666666,0.07472738095238095,0.5666666666666667,0.48822428571428567,CompressionPressure,0.5666666666666667
1164,2026-04-22 13:35:00,Pure Unresolved Compression Equilibrium,Unresolved->Unresolved->Unresolved->Unresolved,1.4854752972230063,0.2222222222222222,0.5,0.0,0.0,2.941,0.0,0.7106199257361091,0.08362940866747469,0.03828134920634921,0.6432689050346733,0.4124824831722945,CompressionPressure,0.6432689050346733
1165,2026-04-22 13:40:00,Unstable Rotational Balance,Unresolved->Unresolved->Unresolved->Balance,1.6854752972215634,0.3333333333333333,0.5,0.0,0.0,9.257,0.0,0.713659509481087,0.06270833333333332,0.07472738095238095,0.15833333333333333,0.7382242857142857,RotationalPressure,0.7382242857142857
1166,2026-04-22 13:45:00,Stable Compression Basin,Unresolved->Unresolved->Balance->Unresolved,1.360964047439353,0.3333333333333333,0.5,0.0,0.0,11.361999999999998,0.0,0.7195747265858132,0.08100952345125786,0.0822452380952381,0.6232730803683738,0.438942313948787,CompressionPressure,0.6232730803683738
1167,2026-04-22 13:50:00,Unstable Rotational Balance,Unresolved->Balance->Unresolved->Balance,1.4854752972230063,0.4444444444444444,0.5,0.0,0.0,14.737,0.0,0.716699093226065,0.059323853111919136,0.1081876984126984,0.13771334947911767,0.7626672450770563,RotationalPressure,0.7626672450770563
1168,2026-04-22 13:55:00,Unstable Rotational Balance,Balance->Unresolved->Balance->Balance,1.4854752972230063,0.4444444444444444,0.5,0.0,0.0,14.737,0.0,0.7138234598663166,0.059323853111919136,0.1081876984126984,0.13771334947911767,0.7626672450770563,RotationalPressure,0.7626672450770563
1169,2026-04-22 14:00:00,Stable Compression Basin,Unresolved->Balance->Balance->Unresolved,1.4854752972230063,0.4444444444444444,0.5,0.0,0.0,16.842000000000002,0.0,0.7138234598663166,0.059323853111919136,0.11570555555555556,0.5877133494791177,0.5156743879341993,CompressionPressure,0.5877133494791177
1170,2026-04-23 06:35:00,Stable Compression Basin,Balance->Balance->Unresolved->Unresolved,1.5709505944503404,0.4444444444444444,0.4,0.0,0.0,16.842000000000002,0.0,0.6782592577713041,0.04111298400128472,0.11570555555555556,0.5407044767357427,0.5343721092026785,CompressionPressure,0.5407044767357427
1171,2026-04-23 06:40:00,Sponsor Exhaustion Collapse,Balance->Unresolved->Unresolved->Degrading,1.8954618442325508,0.5555555555555556,0.3,0.0,0.0,16.842,0.0,0.6367798385715654,0.026736111111111113,0.22959444444444446,0.061111111111111116,0.5823933333333333,RotationalPressure,0.5823933333333333
1172,2026-04-23 06:45:00,Sponsor Exhaustion Collapse,Unresolved->Unresolved->Degrading->Degrading,1.9709505944488979,0.5555555555555556,0.3,0.0,0.0,16.842,0.0,0.5955966321653412,0.026736111111111113,0.22959444444444446,0.061111111111111116,0.5823933333333333,RotationalPressure,0.5823933333333333
1173,2026-04-23 06:50:00,Sponsor Exhaustion Collapse,Unresolved->Degrading->Degrading->Degrading,1.8954618442325508,0.5555555555555556,0.3,0.0,0.0,16.842000000000002,0.0,0.5544134257591169,0.026736111111111113,0.22959444444444446,0.061111111111111116,0.5823933333333333,RotationalPressure,0.5823933333333333
1174,2026-04-23 06:55:00,Sponsor Exhaustion Collapse,Degrading->Degrading->Degrading->Degrading,1.5709505944503404,0.4444444444444444,0.4,0.0,0.0,16.842000000000002,0.0,0.5132302193528927,0.04111298400128472,0.21570555555555557,0.09070447673574264,0.5343721092026785,RotationalPressure,0.5343721092026785
1175,2026-04-23 07:00:00,Sponsor Exhaustion Collapse,Degrading->Degrading->Degrading->Degrading,1.4854752972230063,0.3333333333333333,0.5,0.0,0.0,10.526,0.0,0.5104868484014292,0.07147663088969691,0.1792595238095238,0.16549112725689544,0.4649848641246755,RotationalPressure,0.4649848641246755
1176,2026-04-23 07:05:00,Sponsor Exhaustion Collapse,Degrading->Degrading->Degrading->Degrading,1.3709505944503406,0.2222222222222222,0.6,0.0,0.0,8.421,0.0,0.5048678440902175,0.10406437289017358,0.1578527777777778,0.2420933656246315,0.39525877586934527,RotationalPressure,0.39525877586934527
1177,2026-04-23 07:10:00,Sponsor Exhaustion Collapse,Degrading->Degrading->Degrading->Degrading,1.1567796494427114,0.2222222222222222,0.7,0.0,0.0,2.105,0.0,0.502124473138754,0.13212850253398684,0.13529563492063493,0.297145716354275,0.3393860245060693,RotationalPressure,0.3393860245060693
1178,2026-04-23 07:15:00,Stable Compression Basin,Degrading->Degrading->Degrading->Unresolved,0.8812908992278072,0.2222222222222222,0.7,0.0,0.0,5.046,0.0,0.5050001064985024,0.15322060997231543,0.04579920634920635,0.7643637632427065,0.28332428896798756,CompressionPressure,0.7643637632427065
1179,2026-04-23 07:20:00,Stable Compression Basin,Degrading->Degrading->Unresolved->Unresolved,0.8812908992278072,0.2222222222222222,0.7,0.0,0.0,2.941,0.0,0.5050001064985024,0.15322060997231543,0.03828134920634921,0.7643637632427065,0.2803171461108447,CompressionPressure,0.7643637632427065
1180,2026-04-23 07:25:00,Unstable Rotational Balance,Degrading->Unresolved->Unresolved->Balance,1.1567796494427114,0.2222222222222222,0.7,0.0,0.0,9.257,0.0,0.502124473138754,0.13212850253398684,0.06083849206349206,0.297145716354275,0.5996031673632121,RotationalPressure,0.5996031673632121
1181,2026-04-23 07:30:00,Unstable Rotational Balance,Unresolved->Unresolved->Balance->Balance,1.3709505944503406,0.2222222222222222,0.6,0.0,0.0,9.257,0.0,0.5051640568837319,0.10406437289017358,0.06083849206349206,0.2420933656246315,0.646453061583631,RotationalPressure,0.646453061583631
1182,2026-04-23 07:35:00,Stable Compression Basin,Unresolved->Balance->Balance->Unresolved,1.4854752972230063,0.3333333333333333,0.5,0.0,0.0,11.361999999999998,0.0,0.5107830611949437,0.07147663088969691,0.0822452380952381,0.6154911272568955,0.4661791498389612,CompressionPressure,0.6154911272568955
1183,2026-04-23 07:40:00,Unstable Rotational Balance,Balance->Balance->Unresolved->Balance,1.5709505944503404,0.4444444444444444,0.4,0.0,0.0,11.361999999999998,0.0,0.5104868484014291,0.04111298400128472,0.09613412698412697,0.09070447673574264,0.7765435377741071,RotationalPressure,0.7765435377741071
1184,2026-04-23 07:45:00,Unstable Rotational Balance,Balance->Unresolved->Balance->Balance,1.5709505944503404,0.4444444444444444,0.4,0.0,0.0,11.361999999999998,0.0,0.5132302193528926,0.04111298400128472,0.09613412698412697,0.09070447673574264,0.7765435377741071,RotationalPressure,0.7765435377741071
1185,2026-04-23 07:50:00,Stable Compression Basin,Unresolved->Balance->Balance->Unresolved,1.5219280948830343,0.5555555555555556,0.4,0.0,0.0,13.466999999999999,0.0,0.5188492236641044,0.032713491346628806,0.11754087301587302,0.5159906051809214,0.5604936755175685,RotationalPressure,0.5604936755175685
1186,2026-04-23 07:55:00,Stable Compression Basin,Balance->Balance->Unresolved->Unresolved,1.360964047439353,0.5555555555555556,0.5,0.0,0.0,13.466999999999999,0.0,0.5244682279753162,0.056703967895702326,0.11754087301587302,0.5677175248128182,0.5252827901392632,CompressionPressure,0.5677175248128182
1187,2026-04-23 08:00:00,Sponsor Exhaustion Collapse,Balance->Unresolved->Unresolved->Degrading,1.360964047439353,0.5555555555555556,0.5,0.0,0.0,13.466999999999999,0.0,0.5241720151818017,0.056703967895702326,0.21754087301587302,0.11771752481281822,0.5252827901392632,RotationalPressure,0.5252827901392632
1188,2026-04-23 08:05:00,Stable Compression Basin,Unresolved->Unresolved->Degrading->Unresolved,1.360964047439353,0.6666666666666666,0.5,0.0,0.0,13.466999999999999,0.0,0.5241720151818017,0.04455119011792455,0.1314297619047619,0.5399397470350404,0.5669494568059299,RotationalPressure,0.5669494568059299
1189,2026-04-23 08:10:00,Sponsor Exhaustion Collapse,Unresolved->Degrading->Unresolved->Degrading,1.5219280948830343,0.6666666666666666,0.4,0.0,0.0,19.831,0.0,0.5185530108705899,0.020560713568851037,0.2541583333333334,0.03821282740314372,0.6112517707556636,RotationalPressure,0.6112517707556636
1190,2026-04-23 08:15:00,Stable Compression Basin,Degrading->Unresolved->Degrading->Unresolved,1.4854752972230063,0.7777777777777778,0.5,0.0,0.0,16.456,0.0,0.5214286442303383,0.02286551977858581,0.1559936507936508,0.5043800161457843,0.6401229593627706,RotationalPressure,0.6401229593627706
1191,2026-04-23 08:20:00,Stable Compression Basin,Unresolved->Degrading->Unresolved->Unresolved,1.3709505944503406,0.6666666666666666,0.6,0.0,0.0,16.456,0.0,0.5243042775900866,0.055453261779062464,0.1421047619047619,0.5809822545135204,0.5734040139645834,CompressionPressure,0.5809822545135204
1192,2026-04-23 08:25:00,Stable Compression Basin,Degrading->Unresolved->Unresolved->Unresolved,1.3709505944503406,0.5555555555555556,0.6,0.0,0.0,14.350999999999999,0.0,0.5243042775900866,0.06760603955684023,0.12069801587301587,0.6087600322912982,0.5287302044407739,CompressionPressure,0.6087600322912982
1193,2026-04-23 08:30:00,Pure Unresolved Compression Equilibrium,Unresolved->Unresolved->Unresolved->Unresolved,1.5709505944488977,0.6666666666666666,0.6,0.0,0.0,14.350999999999999,0.0,0.5657836967898253,0.040140761779172945,0.13458690476190477,0.5684822545136106,0.6141468711071248,RotationalPressure,0.6141468711071248
1194,2026-04-23 08:35:00,Pure Unresolved Compression Equilibrium,Unresolved->Unresolved->Unresolved->Unresolved,1.3709505944503406,0.5555555555555556,0.6,0.0,0.0,14.350999999999999,0.0,0.6042235322445861,0.06760603955684023,0.12069801587301587,0.6087600322912982,0.5287302044407739,CompressionPressure,0.6087600322912982
1195,2026-04-23 08:40:00,Pure Unresolved Compression Equilibrium,Unresolved->Unresolved->Unresolved->Unresolved,1.4854752972230063,0.5555555555555556,0.5,0.0,0.0,12.245999999999999,0.0,0.6397877343395987,0.04717107533414137,0.11318015873015873,0.5599355717013399,0.5507753403151516,CompressionPressure,0.5599355717013399
1196,2026-04-23 08:45:00,Pure Unresolved Compression Equilibrium,Unresolved->Unresolved->Unresolved->Unresolved,1.5219280948830343,0.4444444444444444,0.4,0.0,0.0,12.245999999999999,0.0,0.6753519364346111,0.04486626912440659,0.09929126984126983,0.5437683829586993,0.5170827231366161,CompressionPressure,0.5437683829586993
1197,2026-04-23 08:50:00,Pure Unresolved Compression Equilibrium,Unresolved->Unresolved->Unresolved->Unresolved,1.360964047439353,0.3333333333333333,0.5,0.0,0.0,12.245999999999999,0.0,0.7168313556343499,0.08100952345125786,0.08540238095238095,0.6232730803683738,0.44020517109164414,CompressionPressure,0.6232730803683738
1198,2026-04-23 08:55:00,Pure Unresolved Compression Equilibrium,Unresolved->Unresolved->Unresolved->Unresolved,1.2954618442339936,0.2222222222222222,0.6,0.0,0.0,9.305,0.0,0.7523955577293624,0.10984398032861264,0.06100992063492063,0.6968114125131533,0.38000846890237655,CompressionPressure,0.6968114125131533
1199,2026-04-23 09:00:00,Sponsor Exhaustion Collapse,Unresolved->Unresolved->Unresolved->Degrading,1.2954618442339936,0.2222222222222222,0.6,0.0,0.0,9.305,0.0,0.7523955577293624,0.10984398032861264,0.16100992063492064,0.2468114125131532,0.38000846890237655,RotationalPressure,0.38000846890237655
1200,2026-04-23 09:05:00,Sponsor Exhaustion Collapse,Unresolved->Unresolved->Degrading->Degrading,1.3709505944503406,0.2222222222222222,0.6,0.0,0.0,6.364,0.0,0.7467765534181506,0.10406437289017358,0.1505063492063492,0.2420933656246315,0.39232020444077387,RotationalPressure,0.39232020444077387
1201,2026-04-23 09:10:00,Stable Compression Basin,Unresolved->Degrading->Degrading->Unresolved,1.3709505944503406,0.3333333333333333,0.6,0.0,0.0,9.305,0.0,0.7467765534181506,0.0919115951123958,0.07489880952380952,0.6643155878468537,0.43818829967886913,CompressionPressure,0.6643155878468537
1202,2026-04-23 09:15:00,Stable Compression Basin,Degrading->Degrading->Unresolved->Unresolved,1.3709505944503406,0.2222222222222222,0.6,0.0,0.0,9.305,0.0,0.7467765534181506,0.10406437289017358,0.06100992063492063,0.6920933656246315,0.39652163301220245,CompressionPressure,0.6920933656246315
1203,2026-04-23 09:20:00,Stable Compression Basin,Degrading->Unresolved->Unresolved->Unresolved,1.4854752972230063,0.2222222222222222,0.5,0.0,0.0,9.305,0.0,0.7112123513231381,0.08362940866747469,0.06100992063492063,0.6432689050346733,0.4215739117437231,CompressionPressure,0.6432689050346733
1204,2026-04-23 09:25:00,Pure Unresolved Compression Equilibrium,Unresolved->Unresolved->Unresolved->Unresolved,1.4854752972230063,0.3333333333333333,0.5,0.0,0.0,9.305,0.0,0.7112123513231381,0.07147663088969691,0.07489880952380952,0.6154911272568955,0.4632405784103898,CompressionPressure,0.6154911272568955
1205,2026-04-23 09:30:00,Pure Unresolved Compression Equilibrium,Unresolved->Unresolved->Unresolved->Unresolved,1.4854752972230063,0.3333333333333333,0.5,0.0,0.0,9.305,0.0,0.7112123513231381,0.07147663088969691,0.07489880952380952,0.6154911272568955,0.4632405784103898,CompressionPressure,0.6154911272568955
1206,2026-04-23 09:35:00,Unstable Rotational Balance,Unresolved->Unresolved->Unresolved->Balance,1.8464393446652445,0.4444444444444444,0.4,0.0,0.0,15.620999999999999,0.0,0.6727725158683773,0.038888888888888896,0.11134484126984126,0.0888888888888889,0.7889823809523809,RotationalPressure,0.7889823809523809
1207,2026-04-23 09:40:00,Stable Compression Basin,Unresolved->Unresolved->Balance->Unresolved,1.8464393446652445,0.5555555555555556,0.4,0.0,0.0,17.726,0.0,0.6372083137733647,0.026736111111111113,0.13275158730158731,0.5111111111111111,0.5836561904761904,RotationalPressure,0.5836561904761904
1208,2026-04-23 09:45:00,Stable Compression Basin,Unresolved->Balance->Unresolved->Unresolved,1.7609640474379105,0.4444444444444444,0.5,0.0,0.0,17.726,0.0,0.6016441116783523,0.050555555555555555,0.1188626984126984,0.5805555555555556,0.5419895238095237,CompressionPressure,0.5805555555555556
1209,2026-04-23 09:50:00,Stable Compression Basin,Balance->Unresolved->Unresolved->Unresolved,1.5709505944488977,0.4444444444444444,0.6,0.0,0.0,11.361999999999998,0.0,0.6072631159895641,0.0644463173347285,0.09613412698412697,0.6240378100691661,0.5265435377737916,CompressionPressure,0.6240378100691661
1210,2026-04-23 09:55:00,Unstable Rotational Balance,Unresolved->Unresolved->Unresolved->Balance,1.3709505944503406,0.4444444444444444,0.6,0.0,0.0,17.677999999999997,0.0,0.6100064869410275,0.07975881733461802,0.11869126984126983,0.18653781006907594,0.7418163949169643,RotationalPressure,0.7418163949169643
1211,2026-04-23 10:00:00,Stable Compression Basin,Unresolved->Unresolved->Balance->Unresolved,1.3709505944503406,0.5555555555555556,0.6,0.0,0.0,16.842000000000002,0.0,0.6100064869410275,0.06760603955684023,0.12959444444444446,0.6087600322912982,0.5322887758693453,CompressionPressure,0.6087600322912982
1212,2026-04-23 10:05:00,Sponsor Exhaustion Collapse,Unresolved->Balance->Unresolved->Degrading,1.7609640474379105,0.6666666666666666,0.5,0.0,0.0,16.842000000000002,0.0,0.6040912698363012,0.026250000000000002,0.24348333333333336,0.07500000000000001,0.62406,RotationalPressure,0.62406
1213,2026-04-23 10:10:00,Sponsor Exhaustion Collapse,Balance->Unresolved->Degrading->Degrading,1.9219280948815916,0.5555555555555556,0.4,0.0,0.0,16.842,0.0,0.5984722655250895,0.026736111111111113,0.22959444444444446,0.061111111111111116,0.5823933333333333,RotationalPressure,0.5823933333333333
1214,2026-04-23 10:15:00,Directional Continuation / Sponsor Release,Unresolved->Degrading->Degrading->Directional,2.1219280948801487,0.6666666666666666,0.4,0.1,1.0,16.842,0.0,0.5569928463253507,0.061666666666666696,0.3434833333333333,0.033333333333333354,0.62406,RotationalPressure,0.62406
1215,2026-04-23 10:20:00,Directional Continuation / Sponsor Release,Degrading->Degrading->Directional->Directional,1.9219280948815916,0.5555555555555556,0.4,0.2,1.0,16.842,0.0,0.5193186504597589,0.1163888888888889,0.3295944444444444,0.061111111111111116,0.5823933333333333,RotationalPressure,0.5823933333333333
1216,2026-04-23 10:25:00,Sponsor Exhaustion Collapse,Degrading->Directional->Directional->Degrading,1.8464393446652445,0.5555555555555556,0.4,0.3,1.0,10.526,0.0,0.516279066714781,0.10911111111111112,0.2070373015873016,0.061111111111111116,0.5733704761904762,RotationalPressure,0.5733704761904762
1217,2026-04-23 10:30:00,Sponsor Exhaustion Collapse,Directional->Directional->Degrading->Degrading,1.8464393446652445,0.5555555555555556,0.4,0.4,0.0,8.421,0.0,0.5106600624035693,0.05473611111111112,0.19951944444444444,0.061111111111111116,0.5703633333333333,RotationalPressure,0.5703633333333333
1218,2026-04-23 10:35:00,Stable Compression Basin,Directional->Degrading->Degrading->Unresolved,1.8464393446652445,0.6666666666666666,0.4,0.5,0.0,8.421,0.0,0.504744845298843,0.04958333333333334,0.11340833333333333,0.4833333333333334,0.61203,RotationalPressure,0.61203
1219,2026-04-23 10:40:00,Unstable Rotational Balance,Degrading->Degrading->Unresolved->Balance,1.9219280948815916,0.6666666666666666,0.4,0.5,0.0,14.737,0.0,0.5018692119390946,0.04958333333333334,0.1359654761904762,0.033333333333333354,0.8710528571428571,RotationalPressure,0.8710528571428571
1220,2026-04-23 10:45:00,Sponsor Exhaustion Collapse,Degrading->Unresolved->Balance->Degrading,1.7609640474379105,0.6666666666666666,0.5,0.5,0.0,8.421,0.0,0.49882962819411664,0.06125,0.21340833333333334,0.07500000000000001,0.61203,RotationalPressure,0.61203
1221,2026-04-23 10:50:00,Sponsor Exhaustion Collapse,Unresolved->Balance->Degrading->Degrading,1.5709505944488977,0.5555555555555556,0.6,0.5,0.0,6.316,0.0,0.4929144110893904,0.08729353955695071,0.1920015873015873,0.14626003229138834,0.5610016330118868,RotationalPressure,0.5610016330118868
1222,2026-04-23 10:55:00,Stable Compression Basin,Balance->Degrading->Degrading->Unresolved,1.7609640474379105,0.6666666666666666,0.5,0.5,0.0,9.257,0.0,0.49882962819411664,0.06125,0.11639404761904762,0.525,0.6132242857142857,RotationalPressure,0.6132242857142857
1223,2026-04-23 11:00:00,Sponsor Exhaustion Collapse,Degrading->Degrading->Unresolved->Degrading,1.7609640474379105,0.6666666666666666,0.5,0.5,0.0,15.620999999999999,0.0,0.49882962819411675,0.06125,0.23912261904761903,0.07500000000000001,0.6223157142857143,RotationalPressure,0.6223157142857143
1224,2026-04-23 11:05:00,Sponsor Exhaustion Collapse,Degrading->Unresolved->Degrading->Degrading,1.5709505944488977,0.6666666666666666,0.6,0.4,0.0,15.620999999999999,0.0,0.49912584098763124,0.06814076177917294,0.23912261904761903,0.11848225451361057,0.6159611568214106,RotationalPressure,0.6159611568214106
1225,2026-04-23 11:10:00,Sponsor Exhaustion Collapse,Unresolved->Degrading->Degrading->Degrading,1.1567796494427114,0.5555555555555556,0.7,0.3,0.0,15.620999999999999,0.0,0.4956168304469988,0.11667016920065351,0.22523373015873016,0.21381238302094163,0.4836945959346407,RotationalPressure,0.4836945959346407
1226,2026-04-23 11:15:00,Stable Compression Basin,Degrading->Degrading->Degrading->Unresolved,1.2954618442339936,0.6666666666666666,0.6,0.2,0.0,18.561999999999998,0.0,0.501532047551725,0.07523286921750154,0.14962619047619047,0.5857003014020421,0.5598994212833289,CompressionPressure,0.5857003014020421
1227,2026-04-23 11:20:00,Stable Compression Basin,Degrading->Degrading->Unresolved->Unresolved,1.360964047439353,0.5555555555555556,0.5,0.1,0.0,18.561999999999998,0.0,0.5071510518629367,0.06370396789570233,0.13573730158730157,0.5677175248128182,0.5325613615678346,CompressionPressure,0.5677175248128182
1228,2026-04-23 11:25:00,Stable Compression Basin,Degrading->Unresolved->Unresolved->Unresolved,1.360964047439353,0.4444444444444444,0.5,0.0,0.0,18.562,0.0,0.513066268967663,0.0688567456734801,0.1218484126984127,0.595495302590596,0.49089469490116794,CompressionPressure,0.595495302590596
1229,2026-04-23 11:30:00,Unstable Rotational Balance,Unresolved->Unresolved->Unresolved->Balance,1.360964047439353,0.4444444444444444,0.5,0.0,0.0,18.562,0.0,0.5130662689676629,0.0688567456734801,0.1218484126984127,0.145495302590596,0.740894694901168,RotationalPressure,0.740894694901168
1230,2026-04-23 11:35:00,Stable Compression Basin,Unresolved->Unresolved->Balance->Unresolved,1.360964047439353,0.5555555555555556,0.5,0.0,0.0,20.667,0.0,0.5189814860723893,0.056703967895702326,0.14325515873015873,0.5677175248128182,0.5355685044249774,CompressionPressure,0.5677175248128182
1231,2026-04-23 11:40:00,Stable Compression Basin,Unresolved->Balance->Unresolved->Unresolved,1.2954618442339936,0.4444444444444444,0.6,0.0,0.0,20.667,0.0,0.5248967031771156,0.08553842477305709,0.12936626984126984,0.6412558569575977,0.47957323080713843,CompressionPressure,0.6412558569575977
1232,2026-04-23 11:45:00,Stable Compression Basin,Balance->Unresolved->Unresolved->Unresolved,1.2954618442339936,0.3333333333333333,0.6,0.0,0.0,17.726,0.0,0.5248967031771156,0.09769120255083487,0.10497380952380952,0.6690336347353755,0.4337051355690432,CompressionPressure,0.6690336347353755
1233,2026-04-23 11:50:00,Pure Unresolved Compression Equilibrium,Unresolved->Unresolved->Unresolved->Unresolved,1.5709505944488977,0.4444444444444444,0.6,0.0,0.0,11.361999999999998,0.0,0.5660799095833398,0.0644463173347285,0.09613412698412697,0.6240378100691661,0.5265435377737916,CompressionPressure,0.6240378100691661
1234,2026-04-23 11:55:00,Unstable Rotational Balance,Unresolved->Unresolved->Unresolved->Balance,1.5709505944488977,0.5555555555555556,0.6,0.0,0.0,17.677999999999997,0.0,0.5688232805348032,0.05229353955695071,0.13258015873015871,0.14626003229138834,0.8272330615833153,RotationalPressure,0.8272330615833153
1235,2026-04-23 12:00:00,Stable Compression Basin,Unresolved->Unresolved->Balance->Unresolved,1.1567796494427114,0.5555555555555556,0.7,0.0,0.0,19.782999999999998,0.0,0.574442284846015,0.09567016920065352,0.14009801587301587,0.6638123830209416,0.489640310220355,CompressionPressure,0.6638123830209416
1236,2026-04-23 12:05:00,Stable Compression Basin,Unresolved->Balance->Unresolved->Unresolved,1.1567796494427114,0.5555555555555556,0.7,0.0,0.0,16.842000000000002,0.0,0.574442284846015,0.09567016920065352,0.12959444444444446,0.6638123830209416,0.48543888164892646,CompressionPressure,0.6638123830209416
1237,2026-04-23 12:10:00,Stable Compression Basin,Balance->Unresolved->Unresolved->Unresolved,1.1567796494427114,0.5555555555555556,0.7,0.0,0.0,16.842,0.0,0.574442284846015,0.09567016920065352,0.12959444444444446,0.6638123830209416,0.48543888164892646,CompressionPressure,0.6638123830209416
1238,2026-04-23 12:15:00,Pure Unresolved Compression Equilibrium,Unresolved->Unresolved->Unresolved->Unresolved,1.3709505944503406,0.5555555555555556,0.6,0.0,0.0,16.842,0.0,0.6100064869410275,0.06760603955684023,0.12959444444444446,0.6087600322912982,0.5322887758693453,CompressionPressure,0.6087600322912982
1239,2026-04-23 12:20:00,Pure Unresolved Compression Equilibrium,Unresolved->Unresolved->Unresolved->Unresolved,1.2954618442339936,0.4444444444444444,0.6,0.0,0.0,10.526,0.0,0.6484463223957884,0.08553842477305709,0.0931484126984127,0.6412558569575977,0.46508608794999556,CompressionPressure,0.6412558569575977
1240,2026-04-23 12:25:00,Pure Unresolved Compression Equilibrium,Unresolved->Unresolved->Unresolved->Unresolved,1.360964047439353,0.4444444444444444,0.5,0.0,0.0,8.421,0.0,0.6840105244908008,0.0688567456734801,0.08563055555555554,0.595495302590596,0.4764075520440251,CompressionPressure,0.595495302590596
1241,2026-04-23 12:30:00,Pure Unresolved Compression Equilibrium,Unresolved->Unresolved->Unresolved->Unresolved,1.360964047439353,0.4444444444444444,0.5,0.0,0.0,8.421,0.0,0.7195747265858132,0.0688567456734801,0.08563055555555554,0.595495302590596,0.4764075520440251,CompressionPressure,0.595495302590596
1242,2026-04-23 12:35:00,Pure Unresolved Compression Equilibrium,Unresolved->Unresolved->Unresolved->Unresolved,1.2954618442339936,0.3333333333333333,0.6,0.0,0.0,8.421,0.0,0.7551389286808258,0.09769120255083487,0.07174166666666666,0.6690336347353755,0.42041227842618606,CompressionPressure,0.6690336347353755
1243,2026-04-23 12:40:00,Pure Unresolved Compression Equilibrium,Unresolved->Unresolved->Unresolved->Unresolved,1.2954618442339936,0.2222222222222222,0.6,0.0,0.0,8.421,0.0,0.7551389286808258,0.10984398032861264,0.057852777777777774,0.6968114125131533,0.3787456117595194,CompressionPressure,0.6968114125131533
1244,2026-04-23 12:45:00,Pure Unresolved Compression Equilibrium,Unresolved->Unresolved->Unresolved->Unresolved,0.8812908992278072,0.1111111111111111,0.7,0.0,0.0,2.105,0.0,0.7935787641355866,0.1653733877500932,0.02140674603174603,0.7921415410204843,0.2374561937298923,CompressionPressure,0.7921415410204843
1245,2026-04-23 12:50:00,Pure Unresolved Compression Equilibrium,Unresolved->Unresolved->Unresolved->Unresolved,0.7219280948844771,0.1111111111111111,0.8,0.0,0.0,0.0,0.0,0.829142966230599,0.18924126912429612,0.013888888888888888,0.8437683829586091,0.199588437422646,CompressionPressure,0.8437683829586091
1246,2026-04-23 12:55:00,Pure Unresolved Compression Equilibrium,Unresolved->Unresolved->Unresolved->Unresolved,0.4689955935863958,0.1111111111111111,0.9,0.0,0.0,0.0,0.0,0.8647071683256116,0.2202730804215971,0.013888888888888888,0.9012433309564057,0.14425945276369073,CompressionPressure,0.9012433309564057
1247,2026-04-23 13:00:00,Pure Unresolved Compression Equilibrium,Unresolved->Unresolved->Unresolved->Unresolved,-1.4428232973175175e-12,0.0,1.0,0.0,0.0,0.0,0.0,0.9002713704206242,0.27999999999999997,0.0,0.9999999999999999,0.0,CompressionPressure,0.9999999999999999
1248,2026-04-23 13:05:00,Pure Unresolved Compression Equilibrium,Unresolved->Unresolved->Unresolved->Unresolved,-1.4428232973175175e-12,0.0,1.0,0.0,0.0,0.0,0.0,0.9002713704206242,0.27999999999999997,0.0,0.9999999999999999,0.0,CompressionPressure,0.9999999999999999
1249,2026-04-23 13:10:00,Pure Unresolved Compression Equilibrium,Unresolved->Unresolved->Unresolved->Unresolved,-1.4428232973175175e-12,0.0,1.0,0.0,0.0,0.0,0.0,0.9002713704206242,0.27999999999999997,0.0,0.9999999999999999,0.0,CompressionPressure,0.9999999999999999
1250,2026-04-23 13:15:00,Pure Unresolved Compression Equilibrium,Unresolved->Unresolved->Unresolved->Unresolved,-1.4428232973175175e-12,0.0,1.0,0.0,0.0,0.0,0.0,0.9002713704206242,0.27999999999999997,0.0,0.9999999999999999,0.0,CompressionPressure,0.9999999999999999
1251,2026-04-23 13:20:00,Pure Unresolved Compression Equilibrium,Unresolved->Unresolved->Unresolved->Unresolved,-1.4428232973175175e-12,0.0,1.0,0.0,0.0,0.0,0.0,0.9002713704206242,0.27999999999999997,0.0,0.9999999999999999,0.0,CompressionPressure,0.9999999999999999
1252,2026-04-23 13:25:00,Pure Unresolved Compression Equilibrium,Unresolved->Unresolved->Unresolved->Unresolved,-1.4428232973175175e-12,0.0,1.0,0.0,0.0,0.0,0.0,0.9002713704206242,0.27999999999999997,0.0,0.9999999999999999,0.0,CompressionPressure,0.9999999999999999
1253,2026-04-23 13:30:00,Pure Unresolved Compression Equilibrium,Unresolved->Unresolved->Unresolved->Unresolved,-1.4428232973175175e-12,0.0,1.0,0.0,0.0,0.0,0.0,0.9002713704206242,0.27999999999999997,0.0,0.9999999999999999,0.0,CompressionPressure,0.9999999999999999
1254,2026-04-23 13:35:00,Pure Unresolved Compression Equilibrium,Unresolved->Unresolved->Unresolved->Unresolved,-1.4428232973175175e-12,0.0,1.0,0.0,0.0,0.0,0.0,0.9002713704206242,0.27999999999999997,0.0,0.9999999999999999,0.0,CompressionPressure,0.9999999999999999
1255,2026-04-23 13:40:00,Pure Unresolved Compression Equilibrium,Unresolved->Unresolved->Unresolved->Unresolved,-1.4428232973175175e-12,0.0,1.0,0.0,0.0,0.0,0.0,0.9002713704206242,0.27999999999999997,0.0,0.9999999999999999,0.0,CompressionPressure,0.9999999999999999
1256,2026-04-23 13:45:00,Pure Unresolved Compression Equilibrium,Unresolved->Unresolved->Unresolved->Unresolved,-1.4428232973175175e-12,0.0,1.0,0.0,0.0,0.0,0.0,0.9002713704206242,0.27999999999999997,0.0,0.9999999999999999,0.0,CompressionPressure,0.9999999999999999
1257,2026-04-23 13:50:00,Pure Unresolved Compression Equilibrium,Unresolved->Unresolved->Unresolved->Unresolved,-1.4428232973175175e-12,0.0,1.0,0.0,0.0,0.0,0.0,0.9002713704206242,0.27999999999999997,0.0,0.9999999999999999,0.0,CompressionPressure,0.9999999999999999
1258,2026-04-23 13:55:00,Pure Unresolved Compression Equilibrium,Unresolved->Unresolved->Unresolved->Unresolved,-1.4428232973175175e-12,0.0,1.0,0.0,0.0,0.0,0.0,0.9002713704206242,0.27999999999999997,0.0,0.9999999999999999,0.0,CompressionPressure,0.9999999999999999
1259,2026-04-23 14:00:00,Pure Unresolved Compression Equilibrium,Unresolved->Unresolved->Unresolved->Unresolved,-1.4428232973175175e-12,0.0,1.0,0.0,0.0,0.0,0.0,0.9002713704206242,0.27999999999999997,0.0,0.9999999999999999,0.0,CompressionPressure,0.9999999999999999
1260,2026-04-24 06:35:00,Pure Unresolved Compression Equilibrium,Unresolved->Unresolved->Unresolved->Unresolved,-1.4428232973175175e-12,0.0,1.0,0.0,0.0,0.0,0.0,0.9002713704206242,0.27999999999999997,0.0,0.9999999999999999,0.0,CompressionPressure,0.9999999999999999
1261,2026-04-24 06:40:00,Pure Unresolved Compression Equilibrium,Unresolved->Unresolved->Unresolved->Unresolved,-1.4428232973175175e-12,0.0,1.0,0.0,0.0,0.0,0.0,0.9002713704206242,0.27999999999999997,0.0,0.9999999999999999,0.0,CompressionPressure,0.9999999999999999
1262,2026-04-24 06:45:00,Pure Unresolved Compression Equilibrium,Unresolved->Unresolved->Unresolved->Unresolved,-1.4428232973175175e-12,0.0,1.0,0.0,0.0,0.0,0.0,0.9002713704206242,0.27999999999999997,0.0,0.9999999999999999,0.0,CompressionPressure,0.9999999999999999
1263,2026-04-24 06:50:00,Pure Unresolved Compression Equilibrium,Unresolved->Unresolved->Unresolved->Unresolved,-1.4428232973175175e-12,0.0,1.0,0.0,0.0,0.0,0.0,0.9002713704206242,0.27999999999999997,0.0,0.9999999999999999,0.0,CompressionPressure,0.9999999999999999
1264,2026-04-24 06:55:00,Directional Continuation / Sponsor Release,Unresolved->Unresolved->Unresolved->Directional,0.4689955935863958,0.1111111111111111,0.9,0.1,1.0,2.5,7.5,0.8625971745550324,0.6493516583474204,0.25781746031746033,0.4512433309564058,0.1478308813351193,DirectionalReleasePressure,0.6493516583474204
1265,2026-04-24 07:00:00,Sponsor Exhaustion Collapse,Unresolved->Unresolved->Directional->Degrading,0.9219280948830342,0.2222222222222222,0.8,0.2,1.0,9.5,7.5,0.821413968148808,0.4017736945065802,0.19670634920634922,0.35349060518092146,0.2985765326604256,DirectionalReleasePressure,0.4017736945065802
1266,2026-04-24 07:05:00,Sponsor Exhaustion Collapse,Unresolved->Directional->Degrading->Degrading,1.1567796494427114,0.2222222222222222,0.7,0.3,1.0,9.5,7.5,0.7802307617425839,0.35000800579196994,0.19670634920634922,0.297145716354275,0.349950310220355,DirectionalReleasePressure,0.35000800579196994
1267,2026-04-24 07:10:00,Stable Compression Basin,Directional->Degrading->Degrading->Unresolved,1.5709505944488977,0.3333333333333333,0.6,0.4,0.0,9.5,7.5,0.738751342542845,0.10459909511250629,0.11059523809523808,0.6518155878469439,0.4822168711071249,CompressionPressure,0.6518155878469439
1268,2026-04-24 07:15:00,Stable Compression Basin,Degrading->Degrading->Unresolved->Unresolved,1.7609640474379105,0.3333333333333333,0.5,0.4,0.0,9.5,7.5,0.7031871404478325,0.09070833333333332,0.11059523809523808,0.6083333333333334,0.48857142857142855,CompressionPressure,0.6083333333333334
1269,2026-04-24 07:20:00,Unstable Rotational Balance,Degrading->Unresolved->Unresolved->Balance,2.1219280948801487,0.4444444444444444,0.4,0.4,0.0,15.815999999999999,7.5,0.6647473049930717,0.0668888888888889,0.14704126984126983,0.0888888888888889,0.7892609523809523,RotationalPressure,0.7892609523809523
1270,2026-04-24 07:25:00,Unstable Rotational Balance,Unresolved->Unresolved->Balance->Balance,2.246439344663802,0.4444444444444444,0.3,0.4,0.0,15.815999999999999,7.5,0.6263074695383108,0.0668888888888889,0.14704126984126983,0.0888888888888889,0.7892609523809523,RotationalPressure,0.7892609523809523
1271,2026-04-24 07:30:00,Unstable Rotational Balance,Unresolved->Balance->Balance->Balance,2.246439344663802,0.4444444444444444,0.3,0.4,0.0,15.815999999999999,7.5,0.58786763408355,0.0668888888888889,0.14704126984126983,0.0888888888888889,0.7892609523809523,RotationalPressure,0.7892609523809523
1272,2026-04-24 07:35:00,Unstable Rotational Balance,Balance->Balance->Balance->Unresolved,2.1219280948801487,0.4444444444444444,0.4,0.4,0.0,17.921,7.5,0.5494277986287892,0.0668888888888889,0.15455912698412697,0.0888888888888889,0.7922680952380952,RotationalPressure,0.7922680952380952
1273,2026-04-24 07:40:00,Stable Compression Basin,Balance->Balance->Unresolved->Unresolved,1.8464393446652445,0.4444444444444444,0.4,0.4,0.0,17.921,7.5,0.5138635965337767,0.0668888888888889,0.15455912698412697,0.538888888888889,0.5422680952380952,RotationalPressure,0.5422680952380952
1274,2026-04-24 07:45:00,Stable Compression Basin,Balance->Unresolved->Unresolved->Unresolved,1.5219280948830343,0.3333333333333333,0.4,0.3,0.0,15.420999999999998,0.0,0.5159735903043561,0.07801904690218436,0.09674166666666666,0.571546160736477,0.4799517707556637,CompressionPressure,0.571546160736477
1275,2026-04-24 07:50:00,Pure Unresolved Compression Equilibrium,Unresolved->Unresolved->Unresolved->Unresolved,1.7219280948815914,0.4444444444444444,0.4,0.2,0.0,8.421,0.0,0.5571567967105804,0.052888888888888895,0.08563055555555554,0.538888888888889,0.5286966666666666,CompressionPressure,0.538888888888889
1276,2026-04-24 07:55:00,Unstable Rotational Balance,Unresolved->Unresolved->Unresolved->Balance,1.360964047439353,0.4444444444444444,0.5,0.1,0.0,14.737,0.0,0.5599001676620438,0.07585674567348011,0.1081876984126984,0.145495302590596,0.7354304091868822,RotationalPressure,0.7354304091868822
1277,2026-04-24 08:00:00,Stable Compression Basin,Unresolved->Unresolved->Balance->Unresolved,1.360964047439353,0.5555555555555556,0.5,0.0,0.0,16.842000000000002,0.0,0.56581538476677,0.056703967895702326,0.12959444444444446,0.5677175248128182,0.5301042187106917,CompressionPressure,0.5677175248128182
1278,2026-04-24 08:05:00,Unstable Rotational Balance,Unresolved->Balance->Unresolved->Balance,1.2954618442339936,0.5555555555555556,0.6,0.0,0.0,23.158,0.0,0.5629397514070217,0.0733856469952793,0.15215158730158732,0.16347807917981982,0.7747984689023766,RotationalPressure,0.7747984689023766
1279,2026-04-24 08:10:00,Stable Compression Basin,Balance->Unresolved->Balance->Unresolved,1.360964047439353,0.6666666666666666,0.5,0.0,0.0,18.947,0.0,0.56581538476677,0.04455119011792455,0.15100119047619048,0.5399397470350404,0.5747780282345013,RotationalPressure,0.5747780282345013
1280,2026-04-24 08:15:00,Stable Compression Basin,Unresolved->Balance->Unresolved->Unresolved,1.360964047439353,0.6666666666666666,0.5,0.0,0.0,18.947000000000003,0.0,0.5686910181265183,0.04455119011792455,0.15100119047619048,0.5399397470350404,0.5747780282345013,RotationalPressure,0.5747780282345013
1281,2026-04-24 08:20:00,Stable Compression Basin,Balance->Unresolved->Unresolved->Unresolved,1.2954618442339936,0.6666666666666666,0.6,0.0,0.0,18.947,0.0,0.5715666514862667,0.06123286921750154,0.15100119047619048,0.5857003014020421,0.5604494212833289,CompressionPressure,0.5857003014020421
1282,2026-04-24 08:25:00,Pure Unresolved Compression Equilibrium,Unresolved->Unresolved->Unresolved->Unresolved,1.3709505944503406,0.6666666666666666,0.6,0.0,0.0,16.842,0.0,0.6100064869410275,0.055453261779062464,0.14348333333333332,0.5809822545135204,0.5739554425360119,CompressionPressure,0.5809822545135204
1283,2026-04-24 08:30:00,Pure Unresolved Compression Equilibrium,Unresolved->Unresolved->Unresolved->Unresolved,1.4854752972230063,0.6666666666666666,0.5,0.0,0.0,16.842,0.0,0.64557068903604,0.03501829755636359,0.14348333333333332,0.5321577939235621,0.5990077212675325,RotationalPressure,0.5990077212675325
1284,2026-04-24 08:35:00,Pure Unresolved Compression Equilibrium,Unresolved->Unresolved->Unresolved->Unresolved,1.5219280948830343,0.5555555555555556,0.4,0.0,0.0,16.842000000000002,0.0,0.6811348911310524,0.032713491346628806,0.12959444444444446,0.5159906051809214,0.565315104088997,RotationalPressure,0.565315104088997
1285,2026-04-24 08:40:00,Pure Unresolved Compression Equilibrium,Unresolved->Unresolved->Unresolved->Unresolved,1.5219280948830343,0.4444444444444444,0.4,0.0,0.0,16.842,0.0,0.6811348911310524,0.04486626912440659,0.11570555555555555,0.5437683829586993,0.5236484374223304,CompressionPressure,0.5437683829586993
1286,2026-04-24 08:45:00,Pure Unresolved Compression Equilibrium,Unresolved->Unresolved->Unresolved->Unresolved,1.360964047439353,0.3333333333333333,0.5,0.0,0.0,10.526,0.0,0.7195747265858132,0.08100952345125786,0.07925952380952381,0.6232730803683738,0.4377480282345013,CompressionPressure,0.6232730803683738
1287,2026-04-24 08:50:00,Pure Unresolved Compression Equilibrium,Unresolved->Unresolved->Unresolved->Unresolved,1.2954618442339936,0.2222222222222222,0.6,0.0,0.0,8.421,0.0,0.7551389286808258,0.10984398032861264,0.057852777777777774,0.6968114125131533,0.3787456117595194,CompressionPressure,0.6968114125131533
1288,2026-04-24 08:55:00,Pure Unresolved Compression Equilibrium,Unresolved->Unresolved->Unresolved->Unresolved,0.8812908992278072,0.1111111111111111,0.7,0.0,0.0,2.105,0.0,0.7935787641355866,0.1653733877500932,0.02140674603174603,0.7921415410204843,0.2374561937298923,CompressionPressure,0.7921415410204843
1289,2026-04-24 09:00:00,Pure Unresolved Compression Equilibrium,Unresolved->Unresolved->Unresolved->Unresolved,0.7219280948844771,0.1111111111111111,0.8,0.0,0.0,0.0,0.0,0.829142966230599,0.18924126912429612,0.013888888888888888,0.8437683829586091,0.199588437422646,CompressionPressure,0.8437683829586091
1290,2026-04-24 09:05:00,Pure Unresolved Compression Equilibrium,Unresolved->Unresolved->Unresolved->Unresolved,0.4689955935863958,0.1111111111111111,0.9,0.0,0.0,0.0,0.0,0.8647071683256116,0.2202730804215971,0.013888888888888888,0.9012433309564057,0.14425945276369073,CompressionPressure,0.9012433309564057
1291,2026-04-24 09:10:00,Pure Unresolved Compression Equilibrium,Unresolved->Unresolved->Unresolved->Unresolved,-1.4428232973175175e-12,0.0,1.0,0.0,0.0,0.0,0.0,0.9002713704206242,0.27999999999999997,0.0,0.9999999999999999,0.0,CompressionPressure,0.9999999999999999
1292,2026-04-24 09:15:00,Pure Unresolved Compression Equilibrium,Unresolved->Unresolved->Unresolved->Unresolved,-1.4428232973175175e-12,0.0,1.0,0.0,0.0,0.0,0.0,0.9002713704206242,0.27999999999999997,0.0,0.9999999999999999,0.0,CompressionPressure,0.9999999999999999
1293,2026-04-24 09:20:00,Pure Unresolved Compression Equilibrium,Unresolved->Unresolved->Unresolved->Unresolved,-1.4428232973175175e-12,0.0,1.0,0.0,0.0,0.0,0.0,0.9002713704206242,0.27999999999999997,0.0,0.9999999999999999,0.0,CompressionPressure,0.9999999999999999
1294,2026-04-24 09:25:00,Sponsor Exhaustion Collapse,Unresolved->Unresolved->Unresolved->Degrading,0.4689955935863958,0.1111111111111111,0.9,0.0,0.0,6.364,0.0,0.8590881640143999,0.2202730804215971,0.1366174603174603,0.4512433309564058,0.15335088133511932,CompressionPressure,0.4512433309564058
1295,2026-04-24 09:30:00,Stable Compression Basin,Unresolved->Unresolved->Degrading->Unresolved,0.9219280948830342,0.2222222222222222,0.8,0.0,0.0,9.305,0.0,0.8235239619193873,0.16177599134662882,0.06100992063492063,0.8034906051809215,0.2982979612318542,CompressionPressure,0.8034906051809215
1296,2026-04-24 09:35:00,Stable Compression Basin,Unresolved->Degrading->Unresolved->Unresolved,1.1567796494427114,0.2222222222222222,0.7,0.0,0.0,9.305,0.0,0.7879597598243748,0.13212850253398684,0.06100992063492063,0.747145716354275,0.3496717387917836,CompressionPressure,0.747145716354275
1297,2026-04-24 09:40:00,Stable Compression Basin,Degrading->Unresolved->Unresolved->Unresolved,1.2954618442339936,0.2222222222222222,0.6,0.0,0.0,9.305,0.0,0.7523955577293624,0.10984398032861264,0.06100992063492063,0.6968114125131533,0.38000846890237655,CompressionPressure,0.6968114125131533
1298,2026-04-24 09:45:00,Pure Unresolved Compression Equilibrium,Unresolved->Unresolved->Unresolved->Unresolved,1.2954618442339936,0.3333333333333333,0.6,0.0,0.0,9.305,0.0,0.7523955577293624,0.09769120255083487,0.07489880952380952,0.6690336347353755,0.42167513556904324,CompressionPressure,0.6690336347353755
1299,2026-04-24 09:50:00,Pure Unresolved Compression Equilibrium,Unresolved->Unresolved->Unresolved->Unresolved,1.2954618442339936,0.3333333333333333,0.6,0.0,0.0,9.305,0.0,0.7523955577293624,0.09769120255083487,0.07489880952380952,0.6690336347353755,0.42167513556904324,CompressionPressure,0.6690336347353755
1300,2026-04-24 09:55:00,Pure Unresolved Compression Equilibrium,Unresolved->Unresolved->Unresolved->Unresolved,1.2954618442339936,0.3333333333333333,0.6,0.0,0.0,9.305,0.0,0.7523955577293624,0.09769120255083487,0.07489880952380952,0.6690336347353755,0.42167513556904324,CompressionPressure,0.6690336347353755
1301,2026-04-24 10:00:00,Pure Unresolved Compression Equilibrium,Unresolved->Unresolved->Unresolved->Unresolved,1.2954618442339936,0.3333333333333333,0.6,0.0,0.0,9.305,0.0,0.7523955577293624,0.09769120255083487,0.07489880952380952,0.6690336347353755,0.42167513556904324,CompressionPressure,0.6690336347353755
1302,2026-04-24 10:05:00,Pure Unresolved Compression Equilibrium,Unresolved->Unresolved->Unresolved->Unresolved,1.2954618442339936,0.3333333333333333,0.6,0.0,0.0,9.305,0.0,0.7523955577293624,0.09769120255083487,0.07489880952380952,0.6690336347353755,0.42167513556904324,CompressionPressure,0.6690336347353755
1303,2026-04-24 10:10:00,Pure Unresolved Compression Equilibrium,Unresolved->Unresolved->Unresolved->Unresolved,1.2954618442339936,0.2222222222222222,0.6,0.0,0.0,9.305,0.0,0.7523955577293624,0.10984398032861264,0.06100992063492063,0.6968114125131533,0.38000846890237655,CompressionPressure,0.6968114125131533
1304,2026-04-24 10:15:00,Pure Unresolved Compression Equilibrium,Unresolved->Unresolved->Unresolved->Unresolved,0.8812908992278072,0.1111111111111111,0.7,0.0,0.0,2.941,0.0,0.7935787641355866,0.1653733877500932,0.024392460317460316,0.7921415410204843,0.23865047944417803,CompressionPressure,0.7921415410204843
1305,2026-04-24 10:20:00,Pure Unresolved Compression Equilibrium,Unresolved->Unresolved->Unresolved->Unresolved,0.7219280948844771,0.1111111111111111,0.8,0.0,0.0,0.0,0.0,0.829142966230599,0.18924126912429612,0.013888888888888888,0.8437683829586091,0.199588437422646,CompressionPressure,0.8437683829586091
1306,2026-04-24 10:25:00,Pure Unresolved Compression Equilibrium,Unresolved->Unresolved->Unresolved->Unresolved,0.4689955935863958,0.1111111111111111,0.9,0.0,0.0,0.0,0.0,0.8647071683256116,0.2202730804215971,0.013888888888888888,0.9012433309564057,0.14425945276369073,CompressionPressure,0.9012433309564057
1307,2026-04-24 10:30:00,Pure Unresolved Compression Equilibrium,Unresolved->Unresolved->Unresolved->Unresolved,-1.4428232973175175e-12,0.0,1.0,0.0,0.0,0.0,0.0,0.9002713704206242,0.27999999999999997,0.0,0.9999999999999999,0.0,CompressionPressure,0.9999999999999999
1308,2026-04-24 10:35:00,Pure Unresolved Compression Equilibrium,Unresolved->Unresolved->Unresolved->Unresolved,-1.4428232973175175e-12,0.0,1.0,0.0,0.0,0.0,0.0,0.9002713704206242,0.27999999999999997,0.0,0.9999999999999999,0.0,CompressionPressure,0.9999999999999999
1309,2026-04-24 10:40:00,Pure Unresolved Compression Equilibrium,Unresolved->Unresolved->Unresolved->Unresolved,-1.4428232973175175e-12,0.0,1.0,0.0,0.0,0.0,0.0,0.9002713704206242,0.27999999999999997,0.0,0.9999999999999999,0.0,CompressionPressure,0.9999999999999999
1310,2026-04-24 10:45:00,Pure Unresolved Compression Equilibrium,Unresolved->Unresolved->Unresolved->Unresolved,-1.4428232973175175e-12,0.0,1.0,0.0,0.0,0.0,0.0,0.9002713704206242,0.27999999999999997,0.0,0.9999999999999999,0.0,CompressionPressure,0.9999999999999999
1311,2026-04-24 10:50:00,Pure Unresolved Compression Equilibrium,Unresolved->Unresolved->Unresolved->Unresolved,-1.4428232973175175e-12,0.0,1.0,0.0,0.0,0.0,0.0,0.9002713704206242,0.27999999999999997,0.0,0.9999999999999999,0.0,CompressionPressure,0.9999999999999999
1312,2026-04-24 10:55:00,Pure Unresolved Compression Equilibrium,Unresolved->Unresolved->Unresolved->Unresolved,-1.4428232973175175e-12,0.0,1.0,0.0,0.0,0.0,0.0,0.9002713704206242,0.27999999999999997,0.0,0.9999999999999999,0.0,CompressionPressure,0.9999999999999999
1313,2026-04-24 11:00:00,Pure Unresolved Compression Equilibrium,Unresolved->Unresolved->Unresolved->Unresolved,-1.4428232973175175e-12,0.0,1.0,0.0,0.0,0.0,0.0,0.9002713704206242,0.27999999999999997,0.0,0.9999999999999999,0.0,CompressionPressure,0.9999999999999999
1314,2026-04-24 11:05:00,Pure Unresolved Compression Equilibrium,Unresolved->Unresolved->Unresolved->Unresolved,-1.4428232973175175e-12,0.0,1.0,0.0,0.0,0.0,0.0,0.9002713704206242,0.27999999999999997,0.0,0.9999999999999999,0.0,CompressionPressure,0.9999999999999999
1315,2026-04-24 11:10:00,Pure Unresolved Compression Equilibrium,Unresolved->Unresolved->Unresolved->Unresolved,-1.4428232973175175e-12,0.0,1.0,0.0,0.0,0.0,0.0,0.9002713704206242,0.27999999999999997,0.0,0.9999999999999999,0.0,CompressionPressure,0.9999999999999999
1316,2026-04-24 11:15:00,Pure Unresolved Compression Equilibrium,Unresolved->Unresolved->Unresolved->Unresolved,-1.4428232973175175e-12,0.0,1.0,0.0,0.0,0.0,0.0,0.9002713704206242,0.27999999999999997,0.0,0.9999999999999999,0.0,CompressionPressure,0.9999999999999999
1317,2026-04-24 11:20:00,Directional Continuation / Sponsor Release,Unresolved->Unresolved->Unresolved->Directional,0.4689955935863958,0.1111111111111111,0.9,0.1,1.0,2.5,7.5,0.8625971745550324,0.6493516583474204,0.25781746031746033,0.4512433309564058,0.1478308813351193,DirectionalReleasePressure,0.6493516583474204
1318,2026-04-24 11:25:00,Directional Continuation / Sponsor Release,Unresolved->Unresolved->Directional->Directional,0.7219280948844771,0.1111111111111111,0.8,0.2,1.0,2.5,7.5,0.8249229786894405,0.5806893403551319,0.25781746031746033,0.3937683829586091,0.20315986599407457,DirectionalReleasePressure,0.5806893403551319
1319,2026-04-24 11:30:00,Directional Continuation / Sponsor Release,Unresolved->Directional->Directional->Directional,0.8812908992278072,0.1111111111111111,0.7,0.3,1.0,2.5,7.5,0.7872487828238486,0.532495393571695,0.25781746031746033,0.3421415410204842,0.238020479444178,DirectionalReleasePressure,0.532495393571695
1320,2026-04-24 11:35:00,Directional Continuation / Sponsor Release,Directional->Directional->Directional->Directional,0.9709505944517833,0.1111111111111111,0.6,0.4,1.0,2.5,7.5,0.7495745869582568,0.49954900190811685,0.25781746031746033,0.29487114340231907,0.25763353777442277,DirectionalReleasePressure,0.49954900190811685
1321,2026-04-24 11:40:00,Stable Compression Basin,Directional->Directional->Directional->Unresolved,1.360964047439353,0.2222222222222222,0.5,0.5,0.0,2.5,7.5,0.7140103848632443,0.12816230122903563,0.0717063492063492,0.6510508581461516,0.38461564728212033,CompressionPressure,0.6510508581461516
1322,2026-04-24 11:45:00,Stable Compression Basin,Directional->Directional->Unresolved->Unresolved,1.5219280948830343,0.2222222222222222,0.4,0.6,0.0,2.5,7.5,0.6784461827682319,0.11117182467996212,0.0717063492063492,0.5993239385142548,0.4198265326604256,CompressionPressure,0.5993239385142548
1323,2026-04-24 11:50:00,Stable Compression Basin,Directional->Unresolved->Unresolved->Unresolved,1.5709505944503404,0.2222222222222222,0.4,0.7,0.0,2.5,7.5,0.636966763568493,0.11441853955684027,0.0717063492063492,0.5962600322912982,0.4305502044407738,CompressionPressure,0.5962600322912982
1324,2026-04-24 11:55:00,Pure Unresolved Compression Equilibrium,Unresolved->Unresolved->Unresolved->Unresolved,1.5709505944503404,0.3333333333333333,0.4,0.7,0.0,2.5,7.5,0.636966763568493,0.10226576177906249,0.08559523809523809,0.5684822545135204,0.4722168711074405,CompressionPressure,0.5684822545135204
1325,2026-04-24 12:00:00,Pure Unresolved Compression Equilibrium,Unresolved->Unresolved->Unresolved->Unresolved,1.5709505944503404,0.3333333333333333,0.4,0.7,0.0,2.5,7.5,0.636966763568493,0.10226576177906249,0.08559523809523809,0.5684822545135204,0.4722168711074405,CompressionPressure,0.5684822545135204
1326,2026-04-24 12:05:00,Pure Unresolved Compression Equilibrium,Unresolved->Unresolved->Unresolved->Unresolved,1.5709505944503404,0.2222222222222222,0.4,0.7,0.0,2.5,7.5,0.636966763568493,0.11441853955684027,0.0717063492063492,0.5962600322912982,0.4305502044407738,CompressionPressure,0.5962600322912982
1327,2026-04-24 12:10:00,Pure Unresolved Compression Equilibrium,Unresolved->Unresolved->Unresolved->Unresolved,1.5709505944503404,0.2222222222222222,0.4,0.6,0.0,0.0,0.0,0.6746409594340849,0.10741853955684026,0.027777777777777776,0.5962600322912982,0.42697877586934524,CompressionPressure,0.5962600322912982
1328,2026-04-24 12:15:00,Pure Unresolved Compression Equilibrium,Unresolved->Unresolved->Unresolved->Unresolved,1.4854752972230063,0.2222222222222222,0.5,0.5,0.0,0.0,0.0,0.7123151552996767,0.11862940866747469,0.027777777777777776,0.6432689050346733,0.40828105460086594,CompressionPressure,0.6432689050346733
1329,2026-04-24 12:20:00,Pure Unresolved Compression Equilibrium,Unresolved->Unresolved->Unresolved->Unresolved,1.2954618442339936,0.2222222222222222,0.6,0.4,0.0,0.0,0.0,0.7499893511652684,0.13784398032861264,0.027777777777777776,0.6968114125131533,0.3667156117595194,CompressionPressure,0.6968114125131533
1330,2026-04-24 12:25:00,Directional Continuation / Sponsor Release,Unresolved->Unresolved->Unresolved->Directional,1.2954618442339936,0.2222222222222222,0.6,0.4,1.0,2.5,7.5,0.7499893511652684,0.39383994379603615,0.27170634920634923,0.2468114125131532,0.37028704033094795,DirectionalReleasePressure,0.39383994379603615
1331,2026-04-24 12:30:00,Directional Continuation / Sponsor Release,Unresolved->Unresolved->Directional->Directional,1.3709505944503406,0.2222222222222222,0.6,0.4,1.0,2.5,7.5,0.7478793573946891,0.37732677968621026,0.27170634920634923,0.2420933656246315,0.38680020444077384,RotationalPressure,0.38680020444077384
1332,2026-04-24 12:35:00,Stable Compression Basin,Unresolved->Directional->Directional->Unresolved,1.3709505944503406,0.3333333333333333,0.6,0.4,1.0,2.5,7.5,0.7419641402899628,0.27408364597119045,0.08559523809523809,0.6643155878468537,0.42846687110744053,CompressionPressure,0.6643155878468537
1333,2026-04-24 12:40:00,Stable Compression Basin,Directional->Directional->Unresolved->Unresolved,1.3709505944503406,0.2222222222222222,0.6,0.4,0.0,2.5,7.5,0.7478793573946892,0.1320643728901736,0.0717063492063492,0.6920933656246315,0.38680020444077384,CompressionPressure,0.6920933656246315
1334,2026-04-24 12:45:00,Stable Compression Basin,Directional->Unresolved->Unresolved->Unresolved,1.4854752972230063,0.2222222222222222,0.5,0.5,0.0,2.5,7.5,0.7063999381949504,0.11862940866747469,0.0717063492063492,0.6432689050346733,0.4118524831722945,CompressionPressure,0.6432689050346733
1335,2026-04-24 12:50:00,Pure Unresolved Compression Equilibrium,Unresolved->Unresolved->Unresolved->Unresolved,1.4854752972230063,0.3333333333333333,0.5,0.5,0.0,2.5,7.5,0.7063999381949504,0.10647663088969692,0.08559523809523809,0.6154911272568955,0.4535191498389612,CompressionPressure,0.6154911272568955
1336,2026-04-24 12:55:00,Pure Unresolved Compression Equilibrium,Unresolved->Unresolved->Unresolved->Unresolved,1.4854752972230063,0.3333333333333333,0.5,0.5,0.0,2.5,7.5,0.7063999381949504,0.10647663088969692,0.08559523809523809,0.6154911272568955,0.4535191498389612,CompressionPressure,0.6154911272568955
1337,2026-04-24 13:00:00,Pure Unresolved Compression Equilibrium,Unresolved->Unresolved->Unresolved->Unresolved,1.4854752972230063,0.3333333333333333,0.5,0.5,0.0,2.5,7.5,0.7063999381949504,0.10647663088969692,0.08559523809523809,0.6154911272568955,0.4535191498389612,CompressionPressure,0.6154911272568955
1338,2026-04-24 13:05:00,Pure Unresolved Compression Equilibrium,Unresolved->Unresolved->Unresolved->Unresolved,1.4854752972230063,0.3333333333333333,0.5,0.5,0.0,2.5,7.5,0.7063999381949504,0.10647663088969692,0.08559523809523809,0.6154911272568955,0.4535191498389612,CompressionPressure,0.6154911272568955
1339,2026-04-24 13:10:00,Pure Unresolved Compression Equilibrium,Unresolved->Unresolved->Unresolved->Unresolved,1.4854752972230063,0.2222222222222222,0.5,0.5,0.0,2.5,7.5,0.7063999381949504,0.11862940866747469,0.0717063492063492,0.6432689050346733,0.4118524831722945,CompressionPressure,0.6432689050346733
1340,2026-04-24 13:15:00,Pure Unresolved Compression Equilibrium,Unresolved->Unresolved->Unresolved->Unresolved,1.2954618442339936,0.2222222222222222,0.6,0.4,0.0,0.0,0.0,0.7440741340605422,0.13784398032861264,0.027777777777777776,0.6968114125131533,0.3667156117595194,CompressionPressure,0.6968114125131533
1341,2026-04-24 13:20:00,Pure Unresolved Compression Equilibrium,Unresolved->Unresolved->Unresolved->Unresolved,0.8812908992278072,0.1111111111111111,0.7,0.3,0.0,0.0,0.0,0.7817483299261341,0.1863733877500932,0.013888888888888888,0.7921415410204843,0.23444905087274945,CompressionPressure,0.7921415410204843
1342,2026-04-24 13:25:00,Unstable Rotational Balance,Unresolved->Unresolved->Unresolved->Balance,1.1567796494427114,0.2222222222222222,0.7,0.2,0.0,6.316,0.0,0.784787913671112,0.14612850253398685,0.050334920634920635,0.297145716354275,0.5954017387917835,RotationalPressure,0.5954017387917835
1343,2026-04-24 13:30:00,Stable Compression Basin,Unresolved->Unresolved->Balance->Unresolved,1.1567796494427114,0.3333333333333333,0.7,0.1,0.0,8.421,0.0,0.784787913671112,0.12697572475620908,0.07174166666666666,0.7193679385764972,0.3900755483155931,CompressionPressure,0.7193679385764972
1344,2026-04-24 13:35:00,Stable Compression Basin,Unresolved->Balance->Unresolved->Unresolved,1.1567796494427114,0.2222222222222222,0.7,0.0,0.0,8.421,0.0,0.7907031307758383,0.13212850253398684,0.057852777777777774,0.747145716354275,0.3484088816489264,CompressionPressure,0.747145716354275
1345,2026-04-24 13:40:00,Stable Compression Basin,Balance->Unresolved->Unresolved->Unresolved,1.2954618442339936,0.2222222222222222,0.6,0.0,0.0,8.421,0.0,0.7551389286808258,0.10984398032861264,0.057852777777777774,0.6968114125131533,0.3787456117595194,CompressionPressure,0.6968114125131533
1346,2026-04-24 13:45:00,Unstable Rotational Balance,Unresolved->Unresolved->Unresolved->Balance,1.4854752972230063,0.3333333333333333,0.5,0.0,0.0,14.737,0.0,0.716699093226065,0.07147663088969691,0.09429880952380952,0.16549112725689544,0.7210005784103898,RotationalPressure,0.7210005784103898
1347,2026-04-24 13:50:00,Stable Compression Basin,Unresolved->Unresolved->Balance->Unresolved,1.5219280948830343,0.4444444444444444,0.4,0.0,0.0,16.842000000000002,0.0,0.6811348911310524,0.04486626912440659,0.11570555555555556,0.5437683829586993,0.5236484374223304,CompressionPressure,0.5437683829586993
1348,2026-04-24 13:55:00,Stable Compression Basin,Unresolved->Balance->Unresolved->Unresolved,1.4854752972230063,0.4444444444444444,0.5,0.0,0.0,16.842000000000002,0.0,0.64557068903604,0.059323853111919136,0.11570555555555556,0.5877133494791177,0.5156743879341993,CompressionPressure,0.5877133494791177
1349,2026-04-24 14:00:00,Stable Compression Basin,Balance->Unresolved->Unresolved->Unresolved,1.3709505944503406,0.4444444444444444,0.6,0.0,0.0,16.842,0.0,0.6100064869410275,0.07975881733461802,0.11570555555555555,0.636537810069076,0.49062210920267857,CompressionPressure,0.636537810069076
1350,2026-04-27 06:35:00,Pure Unresolved Compression Equilibrium,Unresolved->Unresolved->Unresolved->Unresolved,1.3709505944503406,0.5555555555555556,0.6,0.0,0.0,16.842,0.0,0.6100064869410275,0.06760603955684023,0.12959444444444446,0.6087600322912982,0.5322887758693453,CompressionPressure,0.6087600322912982
1351,2026-04-27 06:40:00,Pure Unresolved Compression Equilibrium,Unresolved->Unresolved->Unresolved->Unresolved,1.3709505944503406,0.4444444444444444,0.6,0.0,0.0,16.842,0.0,0.6100064869410275,0.07975881733461802,0.11570555555555555,0.636537810069076,0.49062210920267857,CompressionPressure,0.636537810069076
1352,2026-04-27 06:45:00,Pure Unresolved Compression Equilibrium,Unresolved->Unresolved->Unresolved->Unresolved,1.2954618442339936,0.3333333333333333,0.6,0.0,0.0,10.526,0.0,0.6484463223957884,0.09769120255083487,0.07925952380952381,0.6690336347353755,0.42341942128332893,CompressionPressure,0.6690336347353755
1353,2026-04-27 06:50:00,Pure Unresolved Compression Equilibrium,Unresolved->Unresolved->Unresolved->Unresolved,1.360964047439353,0.3333333333333333,0.5,0.0,0.0,8.421,0.0,0.6840105244908008,0.08100952345125786,0.07174166666666666,0.6232730803683738,0.43474088537735844,CompressionPressure,0.6232730803683738
1354,2026-04-27 06:55:00,Pure Unresolved Compression Equilibrium,Unresolved->Unresolved->Unresolved->Unresolved,1.360964047439353,0.3333333333333333,0.5,0.0,0.0,8.421,0.0,0.7195747265858132,0.08100952345125786,0.07174166666666666,0.6232730803683738,0.43474088537735844,CompressionPressure,0.6232730803683738
1355,2026-04-27 07:00:00,Pure Unresolved Compression Equilibrium,Unresolved->Unresolved->Unresolved->Unresolved,1.2954618442339936,0.2222222222222222,0.6,0.0,0.0,8.421,0.0,0.7551389286808258,0.10984398032861264,0.057852777777777774,0.6968114125131533,0.3787456117595194,CompressionPressure,0.6968114125131533
1356,2026-04-27 07:05:00,Pure Unresolved Compression Equilibrium,Unresolved->Unresolved->Unresolved->Unresolved,0.8812908992278072,0.1111111111111111,0.7,0.0,0.0,2.105,0.0,0.7935787641355866,0.1653733877500932,0.02140674603174603,0.7921415410204843,0.2374561937298923,CompressionPressure,0.7921415410204843
1357,2026-04-27 07:10:00,Pure Unresolved Compression Equilibrium,Unresolved->Unresolved->Unresolved->Unresolved,0.7219280948844771,0.1111111111111111,0.8,0.0,0.0,0.0,0.0,0.829142966230599,0.18924126912429612,0.013888888888888888,0.8437683829586091,0.199588437422646,CompressionPressure,0.8437683829586091
1358,2026-04-27 07:15:00,Pure Unresolved Compression Equilibrium,Unresolved->Unresolved->Unresolved->Unresolved,0.4689955935863958,0.1111111111111111,0.9,0.0,0.0,0.0,0.0,0.8647071683256116,0.2202730804215971,0.013888888888888888,0.9012433309564057,0.14425945276369073,CompressionPressure,0.9012433309564057
1359,2026-04-27 07:20:00,Pure Unresolved Compression Equilibrium,Unresolved->Unresolved->Unresolved->Unresolved,-1.4428232973175175e-12,0.0,1.0,0.0,0.0,0.0,0.0,0.9002713704206242,0.27999999999999997,0.0,0.9999999999999999,0.0,CompressionPressure,0.9999999999999999
1360,2026-04-27 07:25:00,Pure Unresolved Compression Equilibrium,Unresolved->Unresolved->Unresolved->Unresolved,-1.4428232973175175e-12,0.0,1.0,0.0,0.0,0.0,0.0,0.9002713704206242,0.27999999999999997,0.0,0.9999999999999999,0.0,CompressionPressure,0.9999999999999999
1361,2026-04-27 07:30:00,Pure Unresolved Compression Equilibrium,Unresolved->Unresolved->Unresolved->Unresolved,-1.4428232973175175e-12,0.0,1.0,0.0,0.0,0.0,0.0,0.9002713704206242,0.27999999999999997,0.0,0.9999999999999999,0.0,CompressionPressure,0.9999999999999999
1362,2026-04-27 07:35:00,Pure Unresolved Compression Equilibrium,Unresolved->Unresolved->Unresolved->Unresolved,-1.4428232973175175e-12,0.0,1.0,0.0,0.0,0.0,0.0,0.9002713704206242,0.27999999999999997,0.0,0.9999999999999999,0.0,CompressionPressure,0.9999999999999999
1363,2026-04-27 07:40:00,Pure Unresolved Compression Equilibrium,Unresolved->Unresolved->Unresolved->Unresolved,-1.4428232973175175e-12,0.0,1.0,0.0,0.0,0.0,0.0,0.9002713704206242,0.27999999999999997,0.0,0.9999999999999999,0.0,CompressionPressure,0.9999999999999999
1364,2026-04-27 07:45:00,Pure Unresolved Compression Equilibrium,Unresolved->Unresolved->Unresolved->Unresolved,-1.4428232973175175e-12,0.0,1.0,0.0,0.0,0.0,0.0,0.9002713704206242,0.27999999999999997,0.0,0.9999999999999999,0.0,CompressionPressure,0.9999999999999999
1365,2026-04-27 07:50:00,Pure Unresolved Compression Equilibrium,Unresolved->Unresolved->Unresolved->Unresolved,-1.4428232973175175e-12,0.0,1.0,0.0,0.0,0.0,0.0,0.9002713704206242,0.27999999999999997,0.0,0.9999999999999999,0.0,CompressionPressure,0.9999999999999999
1366,2026-04-27 07:55:00,Pure Unresolved Compression Equilibrium,Unresolved->Unresolved->Unresolved->Unresolved,-1.4428232973175175e-12,0.0,1.0,0.0,0.0,0.0,0.0,0.9002713704206242,0.27999999999999997,0.0,0.9999999999999999,0.0,CompressionPressure,0.9999999999999999
1367,2026-04-27 08:00:00,Pure Unresolved Compression Equilibrium,Unresolved->Unresolved->Unresolved->Unresolved,-1.4428232973175175e-12,0.0,1.0,0.0,0.0,0.0,0.0,0.9002713704206242,0.27999999999999997,0.0,0.9999999999999999,0.0,CompressionPressure,0.9999999999999999
1368,2026-04-27 08:05:00,Pure Unresolved Compression Equilibrium,Unresolved->Unresolved->Unresolved->Unresolved,-1.4428232973175175e-12,0.0,1.0,0.0,0.0,0.0,0.0,0.9002713704206242,0.27999999999999997,0.0,0.9999999999999999,0.0,CompressionPressure,0.9999999999999999
1369,2026-04-27 08:10:00,Pure Unresolved Compression Equilibrium,Unresolved->Unresolved->Unresolved->Unresolved,-1.4428232973175175e-12,0.0,1.0,0.0,0.0,0.0,0.0,0.9002713704206242,0.27999999999999997,0.0,0.9999999999999999,0.0,CompressionPressure,0.9999999999999999
1370,2026-04-27 08:15:00,Pure Unresolved Compression Equilibrium,Unresolved->Unresolved->Unresolved->Unresolved,-1.4428232973175175e-12,0.0,1.0,0.0,0.0,0.0,0.0,0.9002713704206242,0.27999999999999997,0.0,0.9999999999999999,0.0,CompressionPressure,0.9999999999999999
1371,2026-04-27 08:20:00,Pure Unresolved Compression Equilibrium,Unresolved->Unresolved->Unresolved->Unresolved,-1.4428232973175175e-12,0.0,1.0,0.0,0.0,0.0,0.0,0.9002713704206242,0.27999999999999997,0.0,0.9999999999999999,0.0,CompressionPressure,0.9999999999999999
1372,2026-04-27 08:25:00,Pure Unresolved Compression Equilibrium,Unresolved->Unresolved->Unresolved->Unresolved,-1.4428232973175175e-12,0.0,1.0,0.0,0.0,0.0,0.0,0.9002713704206242,0.27999999999999997,0.0,0.9999999999999999,0.0,CompressionPressure,0.9999999999999999
1373,2026-04-27 08:30:00,Pure Unresolved Compression Equilibrium,Unresolved->Unresolved->Unresolved->Unresolved,-1.4428232973175175e-12,0.0,1.0,0.0,0.0,0.0,0.0,0.9002713704206242,0.27999999999999997,0.0,0.9999999999999999,0.0,CompressionPressure,0.9999999999999999
1374,2026-04-27 08:35:00,Pure Unresolved Compression Equilibrium,Unresolved->Unresolved->Unresolved->Unresolved,-1.4428232973175175e-12,0.0,1.0,0.0,0.0,0.0,0.0,0.9002713704206242,0.27999999999999997,0.0,0.9999999999999999,0.0,CompressionPressure,0.9999999999999999
1375,2026-04-27 08:40:00,Pure Unresolved Compression Equilibrium,Unresolved->Unresolved->Unresolved->Unresolved,-1.4428232973175175e-12,0.0,1.0,0.0,0.0,0.0,0.0,0.9002713704206242,0.27999999999999997,0.0,0.9999999999999999,0.0,CompressionPressure,0.9999999999999999
1376,2026-04-27 08:45:00,Directional Continuation / Sponsor Release,Unresolved->Unresolved->Unresolved->Directional,0.4689955935863958,0.1111111111111111,0.9,0.1,1.0,2.5,7.5,0.8625971745550324,0.6493516583474204,0.25781746031746033,0.4512433309564058,0.1478308813351193,DirectionalReleasePressure,0.6493516583474204
1377,2026-04-27 08:50:00,Directional Continuation / Sponsor Release,Unresolved->Unresolved->Directional->Directional,0.7219280948844771,0.1111111111111111,0.8,0.2,1.0,2.5,7.5,0.8249229786894405,0.5806893403551319,0.25781746031746033,0.3937683829586091,0.20315986599407457,DirectionalReleasePressure,0.5806893403551319
1378,2026-04-27 08:55:00,Directional Continuation / Sponsor Release,Unresolved->Directional->Directional->Balance,0.8812908992278072,0.1111111111111111,0.7,0.3,1.0,2.5,7.5,0.7834435594897017,0.532495393571695,0.25781746031746033,0.3421415410204842,0.238020479444178,DirectionalReleasePressure,0.532495393571695
1379,2026-04-27 09:00:00,Stable Compression Basin,Directional->Directional->Balance->Unresolved,1.2954618442339936,0.2222222222222222,0.6,0.4,0.0,2.5,7.5,0.7419641402899629,0.13784398032861264,0.0717063492063492,0.6968114125131533,0.37028704033094795,CompressionPressure,0.6968114125131533
1380,2026-04-27 09:05:00,Sponsor Exhaustion Collapse,Directional->Balance->Unresolved->Degrading,1.6854752972215634,0.3333333333333333,0.5,0.5,0.0,2.5,7.5,0.7004847210902241,0.09770833333333333,0.1855952380952381,0.15833333333333333,0.47857142857142854,RotationalPressure,0.47857142857142854
1381,2026-04-27 09:10:00,Stable Compression Basin,Balance->Unresolved->Degrading->Unresolved,1.8464393446652445,0.4444444444444444,0.4,0.5,0.0,2.5,7.5,0.6590053018904853,0.07388888888888889,0.09948412698412698,0.538888888888889,0.5202380952380952,CompressionPressure,0.538888888888889
1382,2026-04-27 09:15:00,Stable Compression Basin,Unresolved->Degrading->Unresolved->Unresolved,1.8954618442325508,0.4444444444444444,0.3,0.5,0.0,2.5,7.5,0.6234410997954729,0.07388888888888889,0.09948412698412698,0.538888888888889,0.5202380952380952,CompressionPressure,0.538888888888889
1383,2026-04-27 09:20:00,Directional Continuation / Sponsor Release,Degrading->Unresolved->Unresolved->Directional,1.8464393446652445,0.5555555555555556,0.4,0.6,1.0,2.5,7.5,0.5819616805957342,0.1963888888888889,0.3133730158730159,0.061111111111111116,0.5619047619047619,RotationalPressure,0.5619047619047619
1384,2026-04-27 09:25:00,Sponsor Exhaustion Collapse,Unresolved->Unresolved->Directional->Degrading,1.8464393446652445,0.6666666666666666,0.4,0.7,1.0,9.5,7.5,0.54077847418951,0.14533333333333334,0.2522619047619048,0.033333333333333354,0.6135714285714285,RotationalPressure,0.6135714285714285
1385,2026-04-27 09:30:00,Stable Compression Basin,Unresolved->Directional->Degrading->Unresolved,1.5219280948830343,0.6666666666666666,0.4,0.8,1.0,12.440999999999999,7.5,0.5052142720944974,0.1749959167288024,0.16276547619047615,0.48821282740314376,0.6006946278985208,RotationalPressure,0.6006946278985208
1386,2026-04-27 09:35:00,Sponsor Exhaustion Collapse,Directional->Degrading->Unresolved->Degrading,1.5709505944503404,0.7777777777777778,0.4,0.8,0.0,16.305,0.0,0.5017052615538651,0.06065465066795139,0.2554543650793651,0.007371143402409297,0.6586049663455357,RotationalPressure,0.6586049663455357
1387,2026-04-27 09:40:00,Sponsor Exhaustion Collapse,Degrading->Unresolved->Degrading->Degrading,1.5219280948830343,0.7777777777777778,0.4,0.7,0.0,16.305,0.0,0.4981962510132326,0.05740793579107324,0.2554543650793651,0.010435049625365928,0.6478812945651874,RotationalPressure,0.6478812945651874
1388,2026-04-27 09:45:00,Stable Compression Basin,Unresolved->Degrading->Degrading->Unresolved,1.360964047439353,0.7777777777777778,0.5,0.6,0.0,19.246000000000002,0.0,0.5041114681179588,0.07439841234014677,0.1659579365079365,0.5121619692572627,0.6168718377583108,RotationalPressure,0.6168718377583108
1389,2026-04-27 09:50:00,Stable Compression Basin,Degrading->Degrading->Unresolved->Unresolved,1.360964047439353,0.6666666666666666,0.5,0.5,0.0,19.246000000000002,0.0,0.5100266852226851,0.07955119011792455,0.1520690476190476,0.5399397470350404,0.5752051710916442,RotationalPressure,0.5752051710916442
1390,2026-04-27 09:55:00,Stable Compression Basin,Degrading->Unresolved->Unresolved->Unresolved,1.2954618442339936,0.5555555555555556,0.6,0.4,0.0,19.246,0.0,0.5159419023274113,0.10138564699527931,0.1381801587301587,0.6134780791798199,0.5192098974738051,CompressionPressure,0.6134780791798199
1391,2026-04-27 10:00:00,Pure Unresolved Compression Equilibrium,Unresolved->Unresolved->Unresolved->Unresolved,1.6854752972215634,0.6666666666666666,0.5,0.4,0.0,19.246,0.0,0.5574213215271501,0.05425000000000001,0.1520690476190476,0.525,0.6274942857142857,RotationalPressure,0.6274942857142857
1392,2026-04-27 10:05:00,Pure Unresolved Compression Equilibrium,Unresolved->Unresolved->Unresolved->Unresolved,1.8464393446652445,0.5555555555555556,0.4,0.4,0.0,19.246000000000002,0.0,0.5929855236221625,0.05473611111111112,0.13818015873015874,0.5111111111111111,0.585827619047619,RotationalPressure,0.585827619047619
1393,2026-04-27 10:10:00,Pure Unresolved Compression Equilibrium,Unresolved->Unresolved->Unresolved->Unresolved,1.5709505944503404,0.4444444444444444,0.4,0.3,0.0,19.246000000000002,0.0,0.6344649428219014,0.06211298400128472,0.12429126984126984,0.5407044767357427,0.5378063949169642,CompressionPressure,0.5407044767357427
1394,2026-04-27 10:15:00,Sponsor Exhaustion Collapse,Unresolved->Unresolved->Unresolved->Degrading,1.5709505944503404,0.4444444444444444,0.4,0.2,0.0,18.61,0.0,0.6344649428219014,0.05511298400128471,0.22201984126984126,0.09070447673574264,0.5368978234883929,RotationalPressure,0.5368978234883929
1395,2026-04-27 10:20:00,Stable Compression Basin,Unresolved->Unresolved->Degrading->Unresolved,1.5709505944503404,0.4444444444444444,0.4,0.1,0.0,18.61,0.0,0.6344649428219014,0.04811298400128472,0.12201984126984126,0.5407044767357427,0.5368978234883929,CompressionPressure,0.5407044767357427
1396,2026-04-27 10:25:00,Stable Compression Basin,Unresolved->Degrading->Unresolved->Unresolved,1.4854752972230063,0.4444444444444444,0.5,0.0,0.0,12.245999999999999,0.0,0.6400839471331132,0.059323853111919136,0.09929126984126983,0.5877133494791177,0.509108673648485,CompressionPressure,0.5877133494791177
1397,2026-04-27 10:30:00,Stable Compression Basin,Degrading->Unresolved->Unresolved->Unresolved,1.2954618442339936,0.3333333333333333,0.6,0.0,0.0,12.245999999999999,0.0,0.6457029514443249,0.09769120255083487,0.08540238095238095,0.6690336347353755,0.4258765641404718,CompressionPressure,0.6690336347353755
1398,2026-04-27 10:35:00,Sponsor Exhaustion Collapse,Unresolved->Unresolved->Unresolved->Degrading,1.4854752972230063,0.4444444444444444,0.5,0.0,0.0,15.669,0.0,0.6400839471331132,0.059323853111919136,0.21151626984126984,0.13771334947911767,0.513998673648485,RotationalPressure,0.513998673648485
1399,2026-04-27 10:40:00,Stable Compression Basin,Unresolved->Unresolved->Degrading->Unresolved,1.4854752972230063,0.5555555555555556,0.5,0.0,0.0,18.61,0.0,0.6400839471331132,0.04717107533414137,0.13590873015873017,0.5599355717013399,0.5598667688865803,CompressionPressure,0.5599355717013399
1400,2026-04-27 10:45:00,Stable Compression Basin,Unresolved->Degrading->Unresolved->Unresolved,1.4854752972230063,0.4444444444444444,0.5,0.0,0.0,18.61,0.0,0.6400839471331132,0.059323853111919136,0.12201984126984126,0.5877133494791177,0.5182001022199135,CompressionPressure,0.5877133494791177
1401,2026-04-27 10:50:00,Stable Compression Basin,Degrading->Unresolved->Unresolved->Unresolved,1.3709505944503406,0.4444444444444444,0.6,0.0,0.0,18.61,0.0,0.6045197450381007,0.07975881733461802,0.12201984126984126,0.636537810069076,0.49314782348839287,CompressionPressure,0.636537810069076
1402,2026-04-27 10:55:00,Pure Unresolved Compression Equilibrium,Unresolved->Unresolved->Unresolved->Unresolved,1.3709505944503406,0.5555555555555556,0.6,0.0,0.0,18.61,0.0,0.6045197450381007,0.06760603955684023,0.13590873015873017,0.6087600322912982,0.5348144901550597,CompressionPressure,0.6087600322912982
1403,2026-04-27 11:00:00,Pure Unresolved Compression Equilibrium,Unresolved->Unresolved->Unresolved->Unresolved,1.3709505944503406,0.4444444444444444,0.6,0.0,0.0,18.61,0.0,0.6045197450381006,0.07975881733461802,0.12201984126984126,0.636537810069076,0.49314782348839287,CompressionPressure,0.636537810069076
1404,2026-04-27 11:05:00,Pure Unresolved Compression Equilibrium,Unresolved->Unresolved->Unresolved->Unresolved,1.2954618442339936,0.3333333333333333,0.6,0.0,0.0,12.245999999999999,0.0,0.6457029514443249,0.09769120255083487,0.08540238095238095,0.6690336347353755,0.4258765641404718,CompressionPressure,0.6690336347353755
1405,2026-04-27 11:10:00,Unstable Rotational Balance,Unresolved->Unresolved->Unresolved->Balance,1.6854752972215634,0.4444444444444444,0.5,0.0,0.0,15.620999999999999,0.0,0.6428273180845766,0.050555555555555555,0.11134484126984126,0.13055555555555556,0.7889823809523809,RotationalPressure,0.7889823809523809
1406,2026-04-27 11:15:00,Stable Compression Basin,Unresolved->Unresolved->Balance->Degrading,1.6854752972215634,0.5555555555555556,0.5,0.0,0.0,15.620999999999999,0.0,0.6369121009798503,0.03840277777777777,0.12523373015873016,0.5527777777777778,0.5806490476190477,RotationalPressure,0.5806490476190477
1407,2026-04-27 11:20:00,Sponsor Exhaustion Collapse,Unresolved->Balance->Degrading->Degrading,1.8464393446652445,0.5555555555555556,0.4,0.0,0.0,15.620999999999999,0.0,0.6309968838751241,0.026736111111111113,0.22523373015873016,0.061111111111111116,0.5806490476190477,RotationalPressure,0.5806490476190477
1408,2026-04-27 11:25:00,Sponsor Exhaustion Collapse,Balance->Degrading->Degrading->Degrading,1.8464393446652445,0.4444444444444444,0.4,0.0,0.0,9.257,0.0,0.6307006710816095,0.038888888888888896,0.18861626984126983,0.0888888888888889,0.5298909523809523,RotationalPressure,0.5298909523809523
1409,2026-04-27 11:30:00,Unstable Rotational Balance,Degrading->Degrading->Degrading->Balance,1.9709505944488979,0.5555555555555556,0.3,0.0,0.0,16.316,0.0,0.6278250377218612,0.026736111111111113,0.127715873015873,0.061111111111111116,0.8316419047619048,RotationalPressure,0.8316419047619048
1410,2026-04-27 11:35:00,Unstable Rotational Balance,Degrading->Degrading->Balance->Balance,1.9709505944488979,0.5555555555555556,0.3,0.0,0.0,16.316,0.0,0.621909820617135,0.026736111111111113,0.127715873015873,0.061111111111111116,0.8316419047619048,RotationalPressure,0.8316419047619048
1411,2026-04-27 11:40:00,Unstable Rotational Balance,Degrading->Balance->Balance->Balance,1.8464393446652445,0.4444444444444444,0.4,0.0,0.0,16.316,0.0,0.6159946035124086,0.038888888888888896,0.11382698412698411,0.0888888888888889,0.7899752380952381,RotationalPressure,0.7899752380952381
1412,2026-04-27 11:45:00,Unstable Rotational Balance,Balance->Balance->Balance->Unresolved,1.7609640474379105,0.4444444444444444,0.5,0.0,0.0,18.421,0.0,0.5775547680576478,0.050555555555555555,0.12134484126984127,0.13055555555555556,0.7929823809523809,RotationalPressure,0.7929823809523809
1413,2026-04-27 11:50:00,Stable Compression Basin,Balance->Balance->Unresolved->Unresolved,1.7609640474379105,0.5555555555555556,0.5,0.0,0.0,18.421,0.0,0.5419905659626354,0.03840277777777777,0.13523373015873016,0.5527777777777778,0.5846490476190477,RotationalPressure,0.5846490476190477
1414,2026-04-27 11:55:00,Sponsor Exhaustion Collapse,Balance->Unresolved->Unresolved->Degrading,1.4854752972230063,0.5555555555555556,0.5,0.0,0.0,18.421,0.0,0.5005111467628967,0.04717107533414137,0.23523373015873017,0.10993557170133988,0.5595967688865803,RotationalPressure,0.5595967688865803
1415,2026-04-27 12:00:00,Stable Compression Basin,Unresolved->Unresolved->Degrading->Unresolved,1.5709505944503404,0.5555555555555556,0.4,0.0,0.0,15.046000000000001,0.0,0.5033867801226449,0.028960206223506934,0.12318015873015874,0.5129266989579648,0.573473061583631,RotationalPressure,0.573473061583631
1416,2026-04-27 12:05:00,Stable Compression Basin,Unresolved->Degrading->Unresolved->Unresolved,1.5709505944503404,0.4444444444444444,0.4,0.0,0.0,15.046000000000001,0.0,0.5093019972273712,0.04111298400128472,0.10929126984126984,0.5407044767357427,0.5318063949169642,CompressionPressure,0.5407044767357427
1417,2026-04-27 12:10:00,Stable Compression Basin,Degrading->Unresolved->Unresolved->Unresolved,1.5219280948830343,0.4444444444444444,0.4,0.0,0.0,15.046000000000001,0.0,0.5152172143320974,0.04486626912440659,0.10929126984126984,0.5437683829586993,0.5210827231366161,CompressionPressure,0.5437683829586993
1418,2026-04-27 12:15:00,Pure Unresolved Compression Equilibrium,Unresolved->Unresolved->Unresolved->Unresolved,1.7219280948815914,0.4444444444444444,0.4,0.0,0.0,15.046000000000001,0.0,0.5566966335318362,0.038888888888888896,0.10929126984126984,0.538888888888889,0.5381609523809523,CompressionPressure,0.538888888888889
1419,2026-04-27 12:20:00,Unstable Rotational Balance,Unresolved->Unresolved->Unresolved->Balance,1.7219280948815914,0.5555555555555556,0.4,0.0,0.0,11.362,0.0,0.5566966335318362,0.026736111111111113,0.11002301587301588,0.061111111111111116,0.8245647619047619,RotationalPressure,0.8245647619047619
1420,2026-04-27 12:25:00,Unstable Rotational Balance,Unresolved->Unresolved->Balance->Balance,1.7219280948815914,0.5555555555555556,0.4,0.0,0.0,11.362,0.0,0.5597362172768141,0.026736111111111113,0.11002301587301588,0.061111111111111116,0.8245647619047619,RotationalPressure,0.8245647619047619
1421,2026-04-27 12:30:00,Stable Compression Basin,Unresolved->Balance->Balance->Unresolved,1.6854752972215634,0.6666666666666666,0.5,0.0,0.0,13.467000000000002,0.0,0.5656514343815404,0.026250000000000002,0.1314297619047619,0.525,0.6192385714285714,RotationalPressure,0.6192385714285714
1422,2026-04-27 12:35:00,Unstable Rotational Balance,Balance->Balance->Unresolved->Balance,1.6854752972215634,0.6666666666666666,0.5,0.0,0.0,11.361999999999998,0.0,0.5626118506365625,0.026250000000000002,0.12391190476190475,0.07500000000000001,0.8662314285714285,RotationalPressure,0.8662314285714285
1423,2026-04-27 12:40:00,Unstable Rotational Balance,Balance->Unresolved->Balance->Balance,1.7219280948815914,0.5555555555555556,0.4,0.0,0.0,11.361999999999998,0.0,0.5597362172768141,0.026736111111111113,0.11002301587301587,0.061111111111111116,0.8245647619047619,RotationalPressure,0.8245647619047619
1424,2026-04-27 12:45:00,Stable Compression Basin,Unresolved->Balance->Balance->Unresolved,1.360964047439353,0.5555555555555556,0.5,0.0,0.0,13.466999999999999,0.0,0.5656514343815404,0.056703967895702326,0.11754087301587302,0.5677175248128182,0.5252827901392632,CompressionPressure,0.5677175248128182
1425,2026-04-27 12:50:00,Sponsor Exhaustion Collapse,Balance->Balance->Unresolved->Degrading,1.7219280948815914,0.6666666666666666,0.4,0.0,0.0,16.889999999999997,0.0,0.5600324300703287,0.01458333333333334,0.2436547619047619,0.033333333333333354,0.6241285714285714,RotationalPressure,0.6241285714285714
1426,2026-04-27 12:55:00,Sponsor Exhaustion Collapse,Balance->Unresolved->Degrading->Degrading,1.8464393446652445,0.6666666666666666,0.4,0.0,0.0,16.889999999999997,0.0,0.5544134257591169,0.01458333333333334,0.2436547619047619,0.033333333333333354,0.6241285714285714,RotationalPressure,0.6241285714285714
1427,2026-04-27 13:00:00,Unstable Rotational Balance,Unresolved->Degrading->Degrading->Balance,1.7609640474379105,0.6666666666666666,0.5,0.0,0.0,26.889999999999997,0.0,0.5515377923993686,0.026250000000000002,0.1793690476190476,0.07500000000000001,0.8884142857142857,RotationalPressure,0.8884142857142857
1428,2026-04-27 13:05:00,Stable Compression Basin,Degrading->Degrading->Balance->Unresolved,1.4854752972230063,0.6666666666666666,0.5,0.0,0.0,28.994999999999997,0.0,0.5159735903043561,0.03501829755636359,0.18688690476190475,0.5321577939235621,0.6163691498389612,RotationalPressure,0.6163691498389612
1429,2026-04-27 13:10:00,Unstable Rotational Balance,Degrading->Balance->Unresolved->Balance,1.4854752972230063,0.7777777777777778,0.5,0.0,0.0,28.995000000000005,0.0,0.5159735903043561,0.02286551977858581,0.20077579365079368,0.05438001614578433,0.9080358165056278,RotationalPressure,0.9080358165056278
1430,2026-04-27 13:15:00,Stable Compression Basin,Balance->Unresolved->Balance->Unresolved,1.5219280948830343,0.7777777777777778,0.4,0.0,0.0,31.1,0.0,0.5188492236641044,0.008407935791073254,0.2082936507936508,0.46043504962536597,0.6690170088509018,RotationalPressure,0.6690170088509018
1431,2026-04-27 13:20:00,Unstable Rotational Balance,Unresolved->Balance->Unresolved->Balance,1.4854752972230063,0.7777777777777778,0.5,0.0,0.0,35.311,0.0,0.5159735903043561,0.02286551977858581,0.2233329365079365,0.05438001614578433,0.9170586736484849,RotationalPressure,0.9170586736484849
1432,2026-04-27 13:25:00,Unstable Rotational Balance,Balance->Unresolved->Balance->Balance,1.4854752972230063,0.7777777777777778,0.5,0.0,0.0,35.311,0.0,0.519013174049334,0.02286551977858581,0.2233329365079365,0.05438001614578433,0.9170586736484849,RotationalPressure,0.9170586736484849
1433,2026-04-27 13:30:00,Unstable Rotational Balance,Unresolved->Balance->Balance->Balance,1.4854752972230063,0.6666666666666666,0.5,0.0,0.0,35.311,0.0,0.519013174049334,0.03501829755636359,0.2094440476190476,0.08215779392356212,0.8753920069818183,RotationalPressure,0.8753920069818183
1434,2026-04-27 13:35:00,Unstable Rotational Balance,Balance->Balance->Balance->Unresolved,1.3709505944503406,0.5555555555555556,0.6,0.0,0.0,35.311,0.0,0.5161375406895856,0.06760603955684023,0.19555515873015875,0.15876003229129815,0.8086730615836311,RotationalPressure,0.8086730615836311
1435,2026-04-27 13:40:00,Stable Compression Basin,Balance->Balance->Unresolved->Unresolved,1.2954618442339936,0.6666666666666666,0.6,0.0,0.0,28.946999999999996,0.0,0.5217565450007975,0.06123286921750154,0.18671547619047618,0.5857003014020421,0.5747351355690431,CompressionPressure,0.5857003014020421
1436,2026-04-27 13:45:00,Stable Compression Basin,Balance->Unresolved->Unresolved->Unresolved,0.9709505944517833,0.5555555555555556,0.6,0.0,0.0,28.946999999999996,0.0,0.5273755493120091,0.09823103955672978,0.1728265873015873,0.633760032291208,0.46208163301251803,CompressionPressure,0.633760032291208
1437,2026-04-27 13:50:00,Unstable Rotational Balance,Unresolved->Unresolved->Unresolved->Balance,0.9709505944517833,0.5555555555555556,0.6,0.0,0.0,25.262999999999998,0.0,0.5273755493120091,0.09823103955672978,0.15966944444444445,0.18376003229120796,0.7068187758696609,RotationalPressure,0.7068187758696609
1438,2026-04-27 13:55:00,Stable Compression Basin,Unresolved->Unresolved->Balance->Unresolved,0.9709505944517833,0.5555555555555556,0.6,0.0,0.0,25.263,0.0,0.5273755493120091,0.09823103955672978,0.15966944444444445,0.633760032291208,0.4568187758696609,CompressionPressure,0.633760032291208
1439,2026-04-27 14:00:00,Stable Compression Basin,Unresolved->Balance->Unresolved->Unresolved,0.9999999999971146,0.4444444444444444,0.5,0.0,0.0,18.947,0.0,0.5302511826717575,0.09649305555577646,0.1232234126984127,0.618055555555736,0.4124838095231783,CompressionPressure,0.618055555555736
1440,2026-04-28 06:35:00,Stable Compression Basin,Balance->Unresolved->Unresolved->Unresolved,0.9999999999971146,0.3333333333333333,0.5,0.0,0.0,16.842,0.0,0.5302511826717575,0.10864583333355424,0.10181666666666667,0.6458333333335138,0.3678099999993688,CompressionPressure,0.6458333333335138
1441,2026-04-28 06:40:00,Pure Unresolved Compression Equilibrium,Unresolved->Unresolved->Unresolved->Unresolved,1.360964047439353,0.4444444444444444,0.5,0.0,0.0,10.526,0.0,0.5686910181265183,0.0688567456734801,0.0931484126984127,0.595495302590596,0.47941469490116795,CompressionPressure,0.595495302590596
1442,2026-04-28 06:45:00,Pure Unresolved Compression Equilibrium,Unresolved->Unresolved->Unresolved->Unresolved,1.4854752972230063,0.4444444444444444,0.5,0.0,0.0,10.526,0.0,0.6071308535812792,0.059323853111919136,0.0931484126984127,0.5877133494791177,0.5066515307913421,CompressionPressure,0.5877133494791177
1443,2026-04-28 06:50:00,Pure Unresolved Compression Equilibrium,Unresolved->Unresolved->Unresolved->Unresolved,1.4854752972230063,0.4444444444444444,0.5,0.0,0.0,10.526,0.0,0.64557068903604,0.059323853111919136,0.0931484126984127,0.5877133494791177,0.5066515307913421,CompressionPressure,0.5877133494791177
1444,2026-04-28 06:55:00,Pure Unresolved Compression Equilibrium,Unresolved->Unresolved->Unresolved->Unresolved,1.360964047439353,0.3333333333333333,0.5,0.0,0.0,8.421,0.0,0.6840105244908008,0.08100952345125786,0.07174166666666666,0.6232730803683738,0.43474088537735844,CompressionPressure,0.6232730803683738
1445,2026-04-28 07:00:00,Pure Unresolved Compression Equilibrium,Unresolved->Unresolved->Unresolved->Unresolved,1.360964047439353,0.3333333333333333,0.5,0.0,0.0,8.421,0.0,0.7195747265858132,0.08100952345125786,0.07174166666666666,0.6232730803683738,0.43474088537735844,CompressionPressure,0.6232730803683738
1446,2026-04-28 07:05:00,Pure Unresolved Compression Equilibrium,Unresolved->Unresolved->Unresolved->Unresolved,1.2954618442339936,0.2222222222222222,0.6,0.0,0.0,8.421,0.0,0.7551389286808258,0.10984398032861264,0.057852777777777774,0.6968114125131533,0.3787456117595194,CompressionPressure,0.6968114125131533
1447,2026-04-28 07:10:00,Pure Unresolved Compression Equilibrium,Unresolved->Unresolved->Unresolved->Unresolved,0.8812908992278072,0.1111111111111111,0.7,0.0,0.0,2.105,0.0,0.7935787641355866,0.1653733877500932,0.02140674603174603,0.7921415410204843,0.2374561937298923,CompressionPressure,0.7921415410204843
1448,2026-04-28 07:15:00,Pure Unresolved Compression Equilibrium,Unresolved->Unresolved->Unresolved->Unresolved,0.7219280948844771,0.1111111111111111,0.8,0.0,0.0,0.0,0.0,0.829142966230599,0.18924126912429612,0.013888888888888888,0.8437683829586091,0.199588437422646,CompressionPressure,0.8437683829586091
1449,2026-04-28 07:20:00,Directional Continuation / Sponsor Release,Unresolved->Unresolved->Unresolved->Directional,0.9219280948830342,0.2222222222222222,0.8,0.1,1.0,2.5,7.5,0.8270329724600197,0.4822171181332252,0.27170634920634923,0.35349060518092146,0.2885765326604256,DirectionalReleasePressure,0.4822171181332252
1450,2026-04-28 07:25:00,Stable Compression Basin,Unresolved->Unresolved->Directional->Unresolved,0.9219280948830342,0.2222222222222222,0.8,0.2,1.0,2.5,7.5,0.8211177553552934,0.4017736945065802,0.0717063492063492,0.8034906051809215,0.2885765326604256,CompressionPressure,0.8034906051809215
1451,2026-04-28 07:30:00,Stable Compression Basin,Unresolved->Directional->Unresolved->Unresolved,1.1567796494427114,0.2222222222222222,0.7,0.3,1.0,2.5,7.5,0.7796383361555548,0.35000800579196994,0.0717063492063492,0.747145716354275,0.339950310220355,CompressionPressure,0.747145716354275
1452,2026-04-28 07:35:00,Stable Compression Basin,Directional->Unresolved->Unresolved->Unresolved,1.2954618442339936,0.2222222222222222,0.6,0.4,0.0,2.5,7.5,0.7381589169558159,0.13784398032861264,0.0717063492063492,0.6968114125131533,0.37028704033094795,CompressionPressure,0.6968114125131533
1453,2026-04-28 07:40:00,Pure Unresolved Compression Equilibrium,Unresolved->Unresolved->Unresolved->Unresolved,1.2954618442339936,0.3333333333333333,0.6,0.4,0.0,2.5,7.5,0.7381589169558159,0.12569120255083488,0.08559523809523809,0.6690336347353755,0.41195370699761463,CompressionPressure,0.6690336347353755
1454,2026-04-28 07:45:00,Pure Unresolved Compression Equilibrium,Unresolved->Unresolved->Unresolved->Unresolved,1.2954618442339936,0.3333333333333333,0.6,0.4,0.0,2.5,7.5,0.7381589169558159,0.12569120255083488,0.08559523809523809,0.6690336347353755,0.41195370699761463,CompressionPressure,0.6690336347353755
1455,2026-04-28 07:50:00,Pure Unresolved Compression Equilibrium,Unresolved->Unresolved->Unresolved->Unresolved,1.2954618442339936,0.3333333333333333,0.6,0.4,0.0,2.5,7.5,0.7381589169558159,0.12569120255083488,0.08559523809523809,0.6690336347353755,0.41195370699761463,CompressionPressure,0.6690336347353755
1456,2026-04-28 07:55:00,Pure Unresolved Compression Equilibrium,Unresolved->Unresolved->Unresolved->Unresolved,1.2954618442339936,0.3333333333333333,0.6,0.4,0.0,2.5,7.5,0.7381589169558159,0.12569120255083488,0.08559523809523809,0.6690336347353755,0.41195370699761463,CompressionPressure,0.6690336347353755
1457,2026-04-28 08:00:00,Pure Unresolved Compression Equilibrium,Unresolved->Unresolved->Unresolved->Unresolved,1.2954618442339936,0.3333333333333333,0.6,0.4,0.0,2.5,7.5,0.7381589169558159,0.12569120255083488,0.08559523809523809,0.6690336347353755,0.41195370699761463,CompressionPressure,0.6690336347353755
1458,2026-04-28 08:05:00,Pure Unresolved Compression Equilibrium,Unresolved->Unresolved->Unresolved->Unresolved,1.2954618442339936,0.2222222222222222,0.6,0.4,0.0,2.5,7.5,0.7381589169558159,0.13784398032861264,0.0717063492063492,0.6968114125131533,0.37028704033094795,CompressionPressure,0.6968114125131533
1459,2026-04-28 08:10:00,Pure Unresolved Compression Equilibrium,Unresolved->Unresolved->Unresolved->Unresolved,0.8812908992278072,0.1111111111111111,0.7,0.3,0.0,0.0,0.0,0.7758331128214078,0.1863733877500932,0.013888888888888888,0.7921415410204843,0.23444905087274945,CompressionPressure,0.7921415410204843
1460,2026-04-28 08:15:00,Pure Unresolved Compression Equilibrium,Unresolved->Unresolved->Unresolved->Unresolved,0.7219280948844771,0.1111111111111111,0.8,0.2,0.0,0.0,0.0,0.8173125320211465,0.20324126912429613,0.013888888888888888,0.8437683829586091,0.199588437422646,CompressionPressure,0.8437683829586091
1461,2026-04-28 08:20:00,Pure Unresolved Compression Equilibrium,Unresolved->Unresolved->Unresolved->Unresolved,0.4689955935863958,0.1111111111111111,0.9,0.1,0.0,0.0,0.0,0.8587919512208853,0.2272730804215971,0.013888888888888888,0.9012433309564057,0.14425945276369073,CompressionPressure,0.9012433309564057
1462,2026-04-28 08:25:00,Pure Unresolved Compression Equilibrium,Unresolved->Unresolved->Unresolved->Unresolved,-1.4428232973175175e-12,0.0,1.0,0.0,0.0,0.0,0.0,0.9002713704206242,0.27999999999999997,0.0,0.9999999999999999,0.0,CompressionPressure,0.9999999999999999
1463,2026-04-28 08:30:00,Pure Unresolved Compression Equilibrium,Unresolved->Unresolved->Unresolved->Unresolved,-1.4428232973175175e-12,0.0,1.0,0.0,0.0,0.0,0.0,0.9002713704206242,0.27999999999999997,0.0,0.9999999999999999,0.0,CompressionPressure,0.9999999999999999
1464,2026-04-28 08:35:00,Pure Unresolved Compression Equilibrium,Unresolved->Unresolved->Unresolved->Unresolved,-1.4428232973175175e-12,0.0,1.0,0.0,0.0,0.0,0.0,0.9002713704206242,0.27999999999999997,0.0,0.9999999999999999,0.0,CompressionPressure,0.9999999999999999
1465,2026-04-28 08:40:00,Pure Unresolved Compression Equilibrium,Unresolved->Unresolved->Unresolved->Unresolved,-1.4428232973175175e-12,0.0,1.0,0.0,0.0,0.0,0.0,0.9002713704206242,0.27999999999999997,0.0,0.9999999999999999,0.0,CompressionPressure,0.9999999999999999
1466,2026-04-28 08:45:00,Pure Unresolved Compression Equilibrium,Unresolved->Unresolved->Unresolved->Unresolved,-1.4428232973175175e-12,0.0,1.0,0.0,0.0,0.0,0.0,0.9002713704206242,0.27999999999999997,0.0,0.9999999999999999,0.0,CompressionPressure,0.9999999999999999
1467,2026-04-28 08:50:00,Directional Continuation / Sponsor Release,Unresolved->Unresolved->Unresolved->Directional,0.4689955935863958,0.1111111111111111,0.9,0.1,1.0,2.5,7.5,0.8625971745550324,0.6493516583474204,0.25781746031746033,0.4512433309564058,0.1478308813351193,DirectionalReleasePressure,0.6493516583474204
1468,2026-04-28 08:55:00,Directional Continuation / Sponsor Release,Unresolved->Unresolved->Directional->Directional,0.7219280948844771,0.1111111111111111,0.8,0.2,1.0,2.5,7.5,0.8249229786894405,0.5806893403551319,0.25781746031746033,0.3937683829586091,0.20315986599407457,DirectionalReleasePressure,0.5806893403551319
1469,2026-04-28 09:00:00,Sponsor Exhaustion Collapse,Unresolved->Directional->Directional->Degrading,1.1567796494427114,0.2222222222222222,0.7,0.3,1.0,9.5,7.5,0.7837397722832162,0.35000800579196994,0.19670634920634922,0.297145716354275,0.349950310220355,DirectionalReleasePressure,0.35000800579196994
1470,2026-04-28 09:05:00,Directional Continuation / Sponsor Release,Directional->Directional->Degrading->Directional,1.2954618442339936,0.3333333333333333,0.6,0.4,1.0,16.167,10.833,0.7460655764176244,0.35911772157381394,0.3499599523809524,0.2190336347353754,0.43147799271190035,RotationalPressure,0.43147799271190035
1471,2026-04-28 09:10:00,Directional Continuation / Sponsor Release,Directional->Degrading->Directional->Directional,1.360964047439353,0.3333333333333333,0.5,0.5,1.0,16.167,10.833,0.7045861572178855,0.3314557812893082,0.3499599523809524,0.17327308036837377,0.44580659966307273,RotationalPressure,0.44580659966307273
1472,2026-04-28 09:15:00,Sponsor Exhaustion Collapse,Degrading->Directional->Directional->Degrading,1.5219280948830343,0.4444444444444444,0.4,0.6,1.0,16.167,10.833,0.6631067380181468,0.19855147228435793,0.2638488412698413,0.09376838295869927,0.5226841517080446,RotationalPressure,0.5226841517080446
1473,2026-04-28 09:20:00,Unstable Rotational Balance,Directional->Directional->Degrading->Balance,1.8464393446652445,0.5555555555555556,0.4,0.7,0.0,26.167,10.833,0.624666902563386,0.0757361111111111,0.21345201587301588,0.061111111111111116,0.8457147619047619,RotationalPressure,0.8457147619047619
1474,2026-04-28 09:25:00,Unstable Rotational Balance,Directional->Degrading->Balance->Balance,1.9219280948815916,0.5555555555555556,0.4,0.8,0.0,26.167,10.833,0.5831874833636472,0.08273611111111112,0.21345201587301588,0.061111111111111116,0.8457147619047619,RotationalPressure,0.8457147619047619
1475,2026-04-28 09:30:00,Unstable Rotational Balance,Degrading->Balance->Balance->Balance,1.8464393446652445,0.5555555555555556,0.4,0.8,0.0,26.167,10.833,0.5417080641639085,0.08273611111111112,0.21345201587301588,0.061111111111111116,0.8457147619047619,RotationalPressure,0.8457147619047619
1476,2026-04-28 09:35:00,Unstable Rotational Balance,Balance->Balance->Balance->Balance,1.5219280948830343,0.4444444444444444,0.4,0.8,0.0,26.167,10.833,0.5032682287091477,0.10086626912440659,0.19956312698412698,0.09376838295869927,0.7869698659937588,RotationalPressure,0.7869698659937588
1477,2026-04-28 09:40:00,Sponsor Exhaustion Collapse,Balance->Balance->Balance->Degrading,1.5709505944503404,0.5555555555555556,0.4,0.7,0.0,28.667,3.3329999999999997,0.4997592181685153,0.07796020622350693,0.28738058730158733,0.06292669895796485,0.5929316330122024,RotationalPressure,0.5929316330122024
1478,2026-04-28 09:45:00,Sponsor Exhaustion Collapse,Balance->Balance->Degrading->Degrading,1.5219280948830343,0.4444444444444444,0.4,0.6,0.0,28.667,3.3329999999999997,0.4959539948343683,0.08686626912440659,0.2734916984126984,0.09376838295869927,0.5405412945651875,RotationalPressure,0.5405412945651875
1479,2026-04-28 09:50:00,Stable Compression Basin,Balance->Degrading->Degrading->Unresolved,1.8464393446652445,0.4444444444444444,0.4,0.5,0.0,24.608,3.3329999999999997,0.5015729991455801,0.07388888888888889,0.15899526984126983,0.538888888888889,0.5518209523809523,RotationalPressure,0.5518209523809523
1480,2026-04-28 09:55:00,Unstable Rotational Balance,Degrading->Degrading->Unresolved->Balance,1.6854752972215634,0.5555555555555556,0.5,0.4,0.0,24.256999999999998,0.0,0.5008073595564111,0.06640277777777778,0.1560765873015873,0.10277777777777777,0.8429861904761905,RotationalPressure,0.8429861904761905
1481,2026-04-28 10:00:00,Unstable Rotational Balance,Degrading->Unresolved->Balance->Balance,1.2954618442339936,0.4444444444444444,0.6,0.3,0.0,24.256999999999998,0.0,0.5008073595564111,0.1065384247730571,0.1421876984126984,0.19125585695759761,0.7347018022357098,RotationalPressure,0.7347018022357098
1482,2026-04-28 10:05:00,Unstable Rotational Balance,Unresolved->Balance->Balance->Balance,1.1567796494427114,0.3333333333333333,0.7,0.2,0.0,24.256999999999998,0.0,0.503846943301389,0.13397572475620909,0.1282988095238095,0.2693679385764972,0.6626984054584503,RotationalPressure,0.6626984054584503
1483,2026-04-28 10:10:00,Unstable Rotational Balance,Balance->Balance->Balance->Unresolved,1.1567796494427114,0.3333333333333333,0.7,0.1,0.0,16.362000000000002,0.0,0.503846943301389,0.12697572475620908,0.10010238095238096,0.2693679385764972,0.6514198340298788,RotationalPressure,0.6514198340298788
1484,2026-04-28 10:15:00,Unstable Rotational Balance,Balance->Balance->Unresolved->Balance,1.1567796494427114,0.3333333333333333,0.7,0.0,0.0,16.362000000000002,0.0,0.503846943301389,0.11997572475620906,0.10010238095238096,0.2693679385764972,0.6514198340298788,RotationalPressure,0.6514198340298788
1485,2026-04-28 10:20:00,Unstable Rotational Balance,Balance->Unresolved->Balance->Balance,1.1567796494427114,0.3333333333333333,0.7,0.0,0.0,16.362000000000002,0.0,0.5068865270463669,0.11997572475620906,0.10010238095238096,0.2693679385764972,0.6514198340298788,RotationalPressure,0.6514198340298788
1486,2026-04-28 10:25:00,Stable Compression Basin,Unresolved->Balance->Balance->Unresolved,1.3709505944503406,0.3333333333333333,0.6,0.0,0.0,18.467000000000002,0.0,0.5097621604061153,0.0919115951123958,0.1076202380952381,0.6643155878468537,0.4512768711074405,CompressionPressure,0.6643155878468537
1487,2026-04-28 10:30:00,Stable Compression Basin,Balance->Balance->Unresolved->Unresolved,1.2954618442339936,0.3333333333333333,0.6,0.0,0.0,13.466999999999999,0.0,0.5153811647173271,0.09769120255083487,0.08976309523809523,0.6690336347353755,0.4276208498547575,CompressionPressure,0.6690336347353755
1488,2026-04-28 10:35:00,Stable Compression Basin,Balance->Unresolved->Unresolved->Unresolved,0.9709505944517833,0.2222222222222222,0.6,0.0,0.0,13.466999999999999,0.0,0.5212963818220533,0.1346893728900631,0.07587420634920634,0.7170933656245414,0.31496734729823234,CompressionPressure,0.7170933656245414
1489,2026-04-28 10:40:00,Pure Unresolved Compression Equilibrium,Unresolved->Unresolved->Unresolved->Unresolved,1.2954618442339936,0.2222222222222222,0.6,0.0,0.0,10.526,0.0,0.5568605839170658,0.10984398032861264,0.06537063492063491,0.6968114125131533,0.38175275461666225,CompressionPressure,0.6968114125131533
1490,2026-04-28 10:45:00,Pure Unresolved Compression Equilibrium,Unresolved->Unresolved->Unresolved->Unresolved,1.4854752972230063,0.2222222222222222,0.5,0.0,0.0,4.21,0.0,0.5953004193718267,0.08362940866747469,0.04281349206349206,0.6432689050346733,0.41429534031515164,CompressionPressure,0.6432689050346733
1491,2026-04-28 10:50:00,Pure Unresolved Compression Equilibrium,Unresolved->Unresolved->Unresolved->Unresolved,1.5709505944503404,0.2222222222222222,0.4,0.0,0.0,4.21,0.0,0.6367798385715654,0.06541853955684027,0.04281349206349206,0.5962600322912982,0.43299306158363093,CompressionPressure,0.5962600322912982
1492,2026-04-28 10:55:00,Pure Unresolved Compression Equilibrium,Unresolved->Unresolved->Unresolved->Unresolved,1.5709505944503404,0.2222222222222222,0.4,0.0,0.0,4.21,0.0,0.6752196740263262,0.06541853955684027,0.04281349206349206,0.5962600322912982,0.43299306158363093,CompressionPressure,0.5962600322912982
1493,2026-04-28 11:00:00,Directional Continuation / Sponsor Release,Unresolved->Unresolved->Unresolved->Directional,1.8464393446652445,0.3333333333333333,0.4,0.1,1.0,4.6049999999999995,7.5,0.6759853136154952,0.16583333333333333,0.29311309523809526,0.11666666666666668,0.4815785714285714,RotationalPressure,0.4815785714285714
1494,2026-04-28 11:05:00,Directional Continuation / Sponsor Release,Unresolved->Unresolved->Directional->Directional,1.8464393446652445,0.3333333333333333,0.4,0.2,1.0,4.6049999999999995,7.5,0.6797905369496421,0.18583333333333335,0.29311309523809526,0.11666666666666668,0.4815785714285714,RotationalPressure,0.4815785714285714
1495,2026-04-28 11:10:00,Directional Continuation / Sponsor Release,Unresolved->Directional->Directional->Balance,1.5709505944503404,0.2222222222222222,0.4,0.3,1.0,4.6049999999999995,7.5,0.6767509532046642,0.24691011301954363,0.27922420634920636,0.1462600322912982,0.4335573472979167,RotationalPressure,0.4335573472979167
1496,2026-04-28 11:15:00,Sponsor Exhaustion Collapse,Directional->Directional->Balance->Degrading,1.8464393446652445,0.3333333333333333,0.4,0.4,0.0,2.5,7.5,0.670835736099938,0.07904166666666668,0.1855952380952381,0.11666666666666668,0.47857142857142854,RotationalPressure,0.47857142857142854
1497,2026-04-28 11:20:00,Directional Continuation / Sponsor Release,Directional->Balance->Degrading->Directional,1.7219280948815914,0.4444444444444444,0.4,0.5,1.0,2.5,7.5,0.6649205189952117,0.21111111111111114,0.29948412698412696,0.0888888888888889,0.5202380952380952,RotationalPressure,0.5202380952380952
1498,2026-04-28 11:25:00,Sponsor Exhaustion Collapse,Balance->Degrading->Directional->Degrading,1.5219280948830343,0.4444444444444444,0.4,0.6,1.0,2.5,7.5,0.6590053018904853,0.19855147228435793,0.19948412698412699,0.09376838295869927,0.503159865993759,RotationalPressure,0.503159865993759
1499,2026-04-28 11:30:00,Stable Compression Basin,Degrading->Directional->Degrading->Unresolved,1.8464393446652445,0.5555555555555556,0.4,0.7,1.0,5.441,7.5,0.6234410997954729,0.1731111111111111,0.1238765873015873,0.5111111111111111,0.5661061904761905,RotationalPressure,0.5661061904761905
1500,2026-04-28 11:35:00,Unstable Rotational Balance,Directional->Degrading->Unresolved->Balance,2.1219280948801487,0.6666666666666666,0.4,0.8,0.0,5.441,7.5,0.5819616805957342,0.07058333333333335,0.1377654761904762,0.033333333333333354,0.8577728571428571,RotationalPressure,0.8577728571428571
1501,2026-04-28 11:40:00,Unstable Rotational Balance,Degrading->Unresolved->Balance->Balance,2.1219280948801487,0.6666666666666666,0.4,0.8,0.0,5.441,7.5,0.5404822613959954,0.07058333333333335,0.1377654761904762,0.033333333333333354,0.8577728571428571,RotationalPressure,0.8577728571428571
1502,2026-04-28 11:45:00,Unstable Rotational Balance,Unresolved->Balance->Balance->Balance,1.8464393446652445,0.5555555555555556,0.4,0.8,0.0,5.441,7.5,0.5020424259412346,0.08273611111111112,0.1238765873015873,0.061111111111111116,0.8161061904761905,RotationalPressure,0.8161061904761905
1503,2026-04-28 11:50:00,Unstable Rotational Balance,Balance->Balance->Balance->Unresolved,1.8464393446652445,0.5555555555555556,0.4,0.7,0.0,5.046,0.0,0.5012767863520656,0.0757361111111111,0.08746587301587302,0.061111111111111116,0.8155419047619048,RotationalPressure,0.8155419047619048
1504,2026-04-28 11:55:00,Stable Compression Basin,Balance->Balance->Unresolved->Unresolved,1.9219280948815916,0.6666666666666666,0.4,0.6,0.0,5.046,0.0,0.5033867801226449,0.05658333333333333,0.1013547619047619,0.4833333333333334,0.6072085714285714,RotationalPressure,0.6072085714285714
1505,2026-04-28 12:00:00,Stable Compression Basin,Balance->Unresolved->Unresolved->Unresolved,1.8464393446652445,0.5555555555555556,0.4,0.5,0.0,5.046,0.0,0.5093019972273712,0.06173611111111111,0.08746587301587302,0.5111111111111111,0.5655419047619048,RotationalPressure,0.5655419047619048
1506,2026-04-28 12:05:00,Pure Unresolved Compression Equilibrium,Unresolved->Unresolved->Unresolved->Unresolved,2.046439344663802,0.5555555555555556,0.4,0.4,0.0,5.046,0.0,0.55078141642711,0.05473611111111112,0.08746587301587302,0.5111111111111111,0.5655419047619048,RotationalPressure,0.5655419047619048
1507,2026-04-28 12:10:00,Pure Unresolved Compression Equilibrium,Unresolved->Unresolved->Unresolved->Unresolved,1.8464393446652445,0.4444444444444444,0.4,0.3,0.0,5.046,0.0,0.5922608356268487,0.059888888888888894,0.07357698412698413,0.538888888888889,0.5238752380952381,CompressionPressure,0.538888888888889
1508,2026-04-28 12:15:00,Directional Continuation / Sponsor Release,Unresolved->Unresolved->Unresolved->Directional,1.8464393446652445,0.4444444444444444,0.4,0.3,1.0,7.546000000000001,7.5,0.5960660589609956,0.17111111111111113,0.3175055555555556,0.0888888888888889,0.5274466666666666,RotationalPressure,0.5274466666666666
1509,2026-04-28 12:20:00,Directional Continuation / Sponsor Release,Unresolved->Unresolved->Directional->Directional,1.9219280948815916,0.3333333333333333,0.4,0.3,1.0,4.6049999999999995,7.5,0.5939560651904163,0.20583333333333334,0.29311309523809526,0.11666666666666668,0.4815785714285714,RotationalPressure,0.4815785714285714
1510,2026-04-28 12:25:00,Sponsor Exhaustion Collapse,Unresolved->Directional->Directional->Degrading,2.246439344663802,0.4444444444444444,0.3,0.3,1.0,11.605,7.5,0.5942522779839308,0.13688888888888892,0.2320019841269841,0.0888888888888889,0.533245238095238,RotationalPressure,0.533245238095238
1511,2026-04-28 12:30:00,Unstable Rotational Balance,Directional->Directional->Degrading->Balance,2.246439344663802,0.5555555555555556,0.3,0.4,0.0,21.605,7.5,0.5972918617289087,0.05473611111111112,0.18160515873015873,0.061111111111111116,0.839197619047619,RotationalPressure,0.839197619047619
1512,2026-04-28 12:35:00,Unstable Rotational Balance,Directional->Degrading->Balance->Balance,2.246439344663802,0.5555555555555556,0.3,0.5,0.0,21.605,7.5,0.5942522779839308,0.06173611111111111,0.18160515873015873,0.061111111111111116,0.839197619047619,RotationalPressure,0.839197619047619
1513,2026-04-28 12:40:00,Unstable Rotational Balance,Degrading->Balance->Balance->Balance,2.246439344663802,0.4444444444444444,0.3,0.5,0.0,19.5,7.5,0.5912126942389528,0.07388888888888889,0.1601984126984127,0.0888888888888889,0.7945238095238094,RotationalPressure,0.7945238095238094
1514,2026-04-28 12:45:00,Unstable Rotational Balance,Balance->Balance->Balance->Unresolved,2.1219280948801487,0.4444444444444444,0.4,0.5,0.0,21.605,7.5,0.5883370608792046,0.07388888888888889,0.16771626984126983,0.0888888888888889,0.7975309523809523,RotationalPressure,0.7975309523809523
1515,2026-04-28 12:50:00,Stable Compression Basin,Balance->Balance->Unresolved->Unresolved,2.1219280948801487,0.4444444444444444,0.4,0.5,0.0,21.605,7.5,0.5883370608792046,0.07388888888888889,0.16771626984126983,0.538888888888889,0.5475309523809523,RotationalPressure,0.5475309523809523
1516,2026-04-28 12:55:00,Stable Compression Basin,Balance->Unresolved->Unresolved->Unresolved,2.1219280948801487,0.4444444444444444,0.4,0.5,0.0,21.605,7.5,0.552772858784192,0.07388888888888889,0.16771626984126983,0.538888888888889,0.5475309523809523,RotationalPressure,0.5475309523809523
1517,2026-04-28 13:00:00,Pure Unresolved Compression Equilibrium,Unresolved->Unresolved->Unresolved->Unresolved,2.1219280948801487,0.4444444444444444,0.4,0.5,0.0,21.605,7.5,0.552772858784192,0.07388888888888889,0.16771626984126983,0.538888888888889,0.5475309523809523,RotationalPressure,0.5475309523809523
1518,2026-04-28 13:05:00,Pure Unresolved Compression Equilibrium,Unresolved->Unresolved->Unresolved->Unresolved,2.1219280948801487,0.4444444444444444,0.4,0.4,0.0,19.105,0.0,0.5904470546497839,0.0668888888888889,0.1237876984126984,0.538888888888889,0.5439595238095237,RotationalPressure,0.5439595238095237
1519,2026-04-28 13:10:00,Pure Unresolved Compression Equilibrium,Unresolved->Unresolved->Unresolved->Unresolved,1.8464393446652445,0.3333333333333333,0.4,0.3,0.0,19.105,0.0,0.6281212505153757,0.07204166666666667,0.10989880952380951,0.5666666666666667,0.5022928571428571,CompressionPressure,0.5666666666666667
1520,2026-04-28 13:15:00,Pure Unresolved Compression Equilibrium,Unresolved->Unresolved->Unresolved->Unresolved,1.5219280948830343,0.2222222222222222,0.4,0.2,0.0,12.105,0.0,0.6693044569215999,0.08317182467996213,0.07100992063492063,0.5993239385142548,0.4335479612318542,CompressionPressure,0.5993239385142548
1521,2026-04-28 13:20:00,Pure Unresolved Compression Equilibrium,Unresolved->Unresolved->Unresolved->Unresolved,1.4854752972230063,0.2222222222222222,0.5,0.1,0.0,2.105,0.0,0.7077442923763607,0.0906294086674747,0.03529563492063492,0.6432689050346733,0.4112881974580088,CompressionPressure,0.6432689050346733
1522,2026-04-28 13:25:00,Pure Unresolved Compression Equilibrium,Unresolved->Unresolved->Unresolved->Unresolved,1.3709505944503406,0.2222222222222222,0.6,0.0,0.0,2.105,0.0,0.7492237115760995,0.10406437289017358,0.03529563492063492,0.6920933656246315,0.38623591872648816,CompressionPressure,0.6920933656246315
1523,2026-04-28 13:30:00,Pure Unresolved Compression Equilibrium,Unresolved->Unresolved->Unresolved->Unresolved,1.1567796494427114,0.2222222222222222,0.7,0.0,0.0,2.105,0.0,0.7907031307758382,0.13212850253398684,0.03529563492063492,0.747145716354275,0.3393860245060693,CompressionPressure,0.747145716354275
1524,2026-04-28 13:35:00,Pure Unresolved Compression Equilibrium,Unresolved->Unresolved->Unresolved->Unresolved,0.7219280948844771,0.1111111111111111,0.8,0.0,0.0,0.0,0.0,0.829142966230599,0.18924126912429612,0.013888888888888888,0.8437683829586091,0.199588437422646,CompressionPressure,0.8437683829586091
1525,2026-04-28 13:40:00,Pure Unresolved Compression Equilibrium,Unresolved->Unresolved->Unresolved->Unresolved,0.4689955935863958,0.1111111111111111,0.9,0.0,0.0,0.0,0.0,0.8647071683256116,0.2202730804215971,0.013888888888888888,0.9012433309564057,0.14425945276369073,CompressionPressure,0.9012433309564057
1526,2026-04-28 13:45:00,Pure Unresolved Compression Equilibrium,Unresolved->Unresolved->Unresolved->Unresolved,-1.4428232973175175e-12,0.0,1.0,0.0,0.0,0.0,0.0,0.9002713704206242,0.27999999999999997,0.0,0.9999999999999999,0.0,CompressionPressure,0.9999999999999999
1527,2026-04-28 13:50:00,Pure Unresolved Compression Equilibrium,Unresolved->Unresolved->Unresolved->Unresolved,-1.4428232973175175e-12,0.0,1.0,0.0,0.0,0.0,0.0,0.9002713704206242,0.27999999999999997,0.0,0.9999999999999999,0.0,CompressionPressure,0.9999999999999999
1528,2026-04-28 13:55:00,Pure Unresolved Compression Equilibrium,Unresolved->Unresolved->Unresolved->Unresolved,-1.4428232973175175e-12,0.0,1.0,0.0,0.0,0.0,0.0,0.9002713704206242,0.27999999999999997,0.0,0.9999999999999999,0.0,CompressionPressure,0.9999999999999999
1529,2026-04-28 14:00:00,Pure Unresolved Compression Equilibrium,Unresolved->Unresolved->Unresolved->Unresolved,-1.4428232973175175e-12,0.0,1.0,0.0,0.0,0.0,0.0,0.9002713704206242,0.27999999999999997,0.0,0.9999999999999999,0.0,CompressionPressure,0.9999999999999999
1530,2026-04-29 06:35:00,Pure Unresolved Compression Equilibrium,Unresolved->Unresolved->Unresolved->Unresolved,-1.4428232973175175e-12,0.0,1.0,0.0,0.0,0.0,0.0,0.9002713704206242,0.27999999999999997,0.0,0.9999999999999999,0.0,CompressionPressure,0.9999999999999999
1531,2026-04-29 06:40:00,Pure Unresolved Compression Equilibrium,Unresolved->Unresolved->Unresolved->Unresolved,-1.4428232973175175e-12,0.0,1.0,0.0,0.0,0.0,0.0,0.9002713704206242,0.27999999999999997,0.0,0.9999999999999999,0.0,CompressionPressure,0.9999999999999999
1532,2026-04-29 06:45:00,Pure Unresolved Compression Equilibrium,Unresolved->Unresolved->Unresolved->Unresolved,-1.4428232973175175e-12,0.0,1.0,0.0,0.0,0.0,0.0,0.9002713704206242,0.27999999999999997,0.0,0.9999999999999999,0.0,CompressionPressure,0.9999999999999999
1533,2026-04-29 06:50:00,Pure Unresolved Compression Equilibrium,Unresolved->Unresolved->Unresolved->Unresolved,-1.4428232973175175e-12,0.0,1.0,0.0,0.0,0.0,0.0,0.9002713704206242,0.27999999999999997,0.0,0.9999999999999999,0.0,CompressionPressure,0.9999999999999999
1534,2026-04-29 06:55:00,Pure Unresolved Compression Equilibrium,Unresolved->Unresolved->Unresolved->Unresolved,-1.4428232973175175e-12,0.0,1.0,0.0,0.0,0.0,0.0,0.9002713704206242,0.27999999999999997,0.0,0.9999999999999999,0.0,CompressionPressure,0.9999999999999999
1535,2026-04-29 07:00:00,Pure Unresolved Compression Equilibrium,Unresolved->Unresolved->Unresolved->Unresolved,-1.4428232973175175e-12,0.0,1.0,0.0,0.0,0.0,0.0,0.9002713704206242,0.27999999999999997,0.0,0.9999999999999999,0.0,CompressionPressure,0.9999999999999999
1536,2026-04-29 07:05:00,Pure Unresolved Compression Equilibrium,Unresolved->Unresolved->Unresolved->Unresolved,-1.4428232973175175e-12,0.0,1.0,0.0,0.0,0.0,0.0,0.9002713704206242,0.27999999999999997,0.0,0.9999999999999999,0.0,CompressionPressure,0.9999999999999999
1537,2026-04-29 07:10:00,Pure Unresolved Compression Equilibrium,Unresolved->Unresolved->Unresolved->Unresolved,-1.4428232973175175e-12,0.0,1.0,0.0,0.0,0.0,0.0,0.9002713704206242,0.27999999999999997,0.0,0.9999999999999999,0.0,CompressionPressure,0.9999999999999999
1538,2026-04-29 07:15:00,Pure Unresolved Compression Equilibrium,Unresolved->Unresolved->Unresolved->Unresolved,-1.4428232973175175e-12,0.0,1.0,0.0,0.0,0.0,0.0,0.9002713704206242,0.27999999999999997,0.0,0.9999999999999999,0.0,CompressionPressure,0.9999999999999999
1539,2026-04-29 07:20:00,Pure Unresolved Compression Equilibrium,Unresolved->Unresolved->Unresolved->Unresolved,-1.4428232973175175e-12,0.0,1.0,0.0,0.0,0.0,0.0,0.9002713704206242,0.27999999999999997,0.0,0.9999999999999999,0.0,CompressionPressure,0.9999999999999999
1540,2026-04-29 07:25:00,Pure Unresolved Compression Equilibrium,Unresolved->Unresolved->Unresolved->Unresolved,-1.4428232973175175e-12,0.0,1.0,0.0,0.0,0.0,0.0,0.9002713704206242,0.27999999999999997,0.0,0.9999999999999999,0.0,CompressionPressure,0.9999999999999999
1541,2026-04-29 07:30:00,Pure Unresolved Compression Equilibrium,Unresolved->Unresolved->Unresolved->Unresolved,-1.4428232973175175e-12,0.0,1.0,0.0,0.0,0.0,0.0,0.9002713704206242,0.27999999999999997,0.0,0.9999999999999999,0.0,CompressionPressure,0.9999999999999999
1542,2026-04-29 07:35:00,Pure Unresolved Compression Equilibrium,Unresolved->Unresolved->Unresolved->Unresolved,-1.4428232973175175e-12,0.0,1.0,0.0,0.0,0.0,0.0,0.9002713704206242,0.27999999999999997,0.0,0.9999999999999999,0.0,CompressionPressure,0.9999999999999999
1543,2026-04-29 07:40:00,Pure Unresolved Compression Equilibrium,Unresolved->Unresolved->Unresolved->Unresolved,-1.4428232973175175e-12,0.0,1.0,0.0,0.0,0.0,0.0,0.9002713704206242,0.27999999999999997,0.0,0.9999999999999999,0.0,CompressionPressure,0.9999999999999999
1544,2026-04-29 07:45:00,Pure Unresolved Compression Equilibrium,Unresolved->Unresolved->Unresolved->Unresolved,-1.4428232973175175e-12,0.0,1.0,0.0,0.0,0.0,0.0,0.9002713704206242,0.27999999999999997,0.0,0.9999999999999999,0.0,CompressionPressure,0.9999999999999999
1545,2026-04-29 07:50:00,Pure Unresolved Compression Equilibrium,Unresolved->Unresolved->Unresolved->Unresolved,-1.4428232973175175e-12,0.0,1.0,0.0,0.0,0.0,0.0,0.9002713704206242,0.27999999999999997,0.0,0.9999999999999999,0.0,CompressionPressure,0.9999999999999999
1546,2026-04-29 07:55:00,Pure Unresolved Compression Equilibrium,Unresolved->Unresolved->Unresolved->Unresolved,-1.4428232973175175e-12,0.0,1.0,0.0,0.0,0.0,0.0,0.9002713704206242,0.27999999999999997,0.0,0.9999999999999999,0.0,CompressionPressure,0.9999999999999999
1547,2026-04-29 08:00:00,Pure Unresolved Compression Equilibrium,Unresolved->Unresolved->Unresolved->Unresolved,-1.4428232973175175e-12,0.0,1.0,0.0,0.0,0.0,0.0,0.9002713704206242,0.27999999999999997,0.0,0.9999999999999999,0.0,CompressionPressure,0.9999999999999999
1548,2026-04-29 08:05:00,Pure Unresolved Compression Equilibrium,Unresolved->Unresolved->Unresolved->Unresolved,-1.4428232973175175e-12,0.0,1.0,0.0,0.0,0.0,0.0,0.9002713704206242,0.27999999999999997,0.0,0.9999999999999999,0.0,CompressionPressure,0.9999999999999999
1549,2026-04-29 08:10:00,Pure Unresolved Compression Equilibrium,Unresolved->Unresolved->Unresolved->Unresolved,-1.4428232973175175e-12,0.0,1.0,0.0,0.0,0.0,0.0,0.9002713704206242,0.27999999999999997,0.0,0.9999999999999999,0.0,CompressionPressure,0.9999999999999999
1550,2026-04-29 08:15:00,Pure Unresolved Compression Equilibrium,Unresolved->Unresolved->Unresolved->Unresolved,-1.4428232973175175e-12,0.0,1.0,0.0,0.0,0.0,0.0,0.9002713704206242,0.27999999999999997,0.0,0.9999999999999999,0.0,CompressionPressure,0.9999999999999999
1551,2026-04-29 08:20:00,Pure Unresolved Compression Equilibrium,Unresolved->Unresolved->Unresolved->Unresolved,-1.4428232973175175e-12,0.0,1.0,0.0,0.0,0.0,0.0,0.9002713704206242,0.27999999999999997,0.0,0.9999999999999999,0.0,CompressionPressure,0.9999999999999999
1552,2026-04-29 08:25:00,Pure Unresolved Compression Equilibrium,Unresolved->Unresolved->Unresolved->Unresolved,-1.4428232973175175e-12,0.0,1.0,0.0,0.0,0.0,0.0,0.9002713704206242,0.27999999999999997,0.0,0.9999999999999999,0.0,CompressionPressure,0.9999999999999999
1553,2026-04-29 08:30:00,Pure Unresolved Compression Equilibrium,Unresolved->Unresolved->Unresolved->Unresolved,-1.4428232973175175e-12,0.0,1.0,0.0,0.0,0.0,0.0,0.9002713704206242,0.27999999999999997,0.0,0.9999999999999999,0.0,CompressionPressure,0.9999999999999999
1554,2026-04-29 08:35:00,Pure Unresolved Compression Equilibrium,Unresolved->Unresolved->Unresolved->Unresolved,-1.4428232973175175e-12,0.0,1.0,0.0,0.0,0.0,0.0,0.9002713704206242,0.27999999999999997,0.0,0.9999999999999999,0.0,CompressionPressure,0.9999999999999999
1555,2026-04-29 08:40:00,Pure Unresolved Compression Equilibrium,Unresolved->Unresolved->Unresolved->Unresolved,-1.4428232973175175e-12,0.0,1.0,0.0,0.0,0.0,0.0,0.9002713704206242,0.27999999999999997,0.0,0.9999999999999999,0.0,CompressionPressure,0.9999999999999999
1556,2026-04-29 08:45:00,Pure Unresolved Compression Equilibrium,Unresolved->Unresolved->Unresolved->Unresolved,-1.4428232973175175e-12,0.0,1.0,0.0,0.0,0.0,0.0,0.9002713704206242,0.27999999999999997,0.0,0.9999999999999999,0.0,CompressionPressure,0.9999999999999999
1557,2026-04-29 08:50:00,Pure Unresolved Compression Equilibrium,Unresolved->Unresolved->Unresolved->Unresolved,-1.4428232973175175e-12,0.0,1.0,0.0,0.0,0.0,0.0,0.9002713704206242,0.27999999999999997,0.0,0.9999999999999999,0.0,CompressionPressure,0.9999999999999999
1558,2026-04-29 08:55:00,Pure Unresolved Compression Equilibrium,Unresolved->Unresolved->Unresolved->Unresolved,-1.4428232973175175e-12,0.0,1.0,0.0,0.0,0.0,0.0,0.9002713704206242,0.27999999999999997,0.0,0.9999999999999999,0.0,CompressionPressure,0.9999999999999999
1559,2026-04-29 09:00:00,Pure Unresolved Compression Equilibrium,Unresolved->Unresolved->Unresolved->Unresolved,-1.4428232973175175e-12,0.0,1.0,0.0,0.0,0.0,0.0,0.9002713704206242,0.27999999999999997,0.0,0.9999999999999999,0.0,CompressionPressure,0.9999999999999999
1560,2026-04-29 09:05:00,Pure Unresolved Compression Equilibrium,Unresolved->Unresolved->Unresolved->Unresolved,-1.4428232973175175e-12,0.0,1.0,0.0,0.0,0.0,0.0,0.9002713704206242,0.27999999999999997,0.0,0.9999999999999999,0.0,CompressionPressure,0.9999999999999999
1561,2026-04-29 09:10:00,Pure Unresolved Compression Equilibrium,Unresolved->Unresolved->Unresolved->Unresolved,-1.4428232973175175e-12,0.0,1.0,0.0,0.0,0.0,0.0,0.9002713704206242,0.27999999999999997,0.0,0.9999999999999999,0.0,CompressionPressure,0.9999999999999999
1562,2026-04-29 09:15:00,Pure Unresolved Compression Equilibrium,Unresolved->Unresolved->Unresolved->Unresolved,-1.4428232973175175e-12,0.0,1.0,0.0,0.0,0.0,0.0,0.9002713704206242,0.27999999999999997,0.0,0.9999999999999999,0.0,CompressionPressure,0.9999999999999999
1563,2026-04-29 09:20:00,Pure Unresolved Compression Equilibrium,Unresolved->Unresolved->Unresolved->Unresolved,-1.4428232973175175e-12,0.0,1.0,0.0,0.0,0.0,0.0,0.9002713704206242,0.27999999999999997,0.0,0.9999999999999999,0.0,CompressionPressure,0.9999999999999999
1564,2026-04-29 09:25:00,Pure Unresolved Compression Equilibrium,Unresolved->Unresolved->Unresolved->Unresolved,-1.4428232973175175e-12,0.0,1.0,0.0,0.0,0.0,0.0,0.9002713704206242,0.27999999999999997,0.0,0.9999999999999999,0.0,CompressionPressure,0.9999999999999999
1565,2026-04-29 09:30:00,Pure Unresolved Compression Equilibrium,Unresolved->Unresolved->Unresolved->Unresolved,-1.4428232973175175e-12,0.0,1.0,0.0,0.0,0.0,0.0,0.9002713704206242,0.27999999999999997,0.0,0.9999999999999999,0.0,CompressionPressure,0.9999999999999999
1566,2026-04-29 09:35:00,Pure Unresolved Compression Equilibrium,Unresolved->Unresolved->Unresolved->Unresolved,-1.4428232973175175e-12,0.0,1.0,0.0,0.0,0.0,0.0,0.9002713704206242,0.27999999999999997,0.0,0.9999999999999999,0.0,CompressionPressure,0.9999999999999999
1567,2026-04-29 09:40:00,Pure Unresolved Compression Equilibrium,Unresolved->Unresolved->Unresolved->Unresolved,-1.4428232973175175e-12,0.0,1.0,0.0,0.0,0.0,0.0,0.9002713704206242,0.27999999999999997,0.0,0.9999999999999999,0.0,CompressionPressure,0.9999999999999999
1568,2026-04-29 09:45:00,Pure Unresolved Compression Equilibrium,Unresolved->Unresolved->Unresolved->Unresolved,-1.4428232973175175e-12,0.0,1.0,0.0,0.0,0.0,0.0,0.9002713704206242,0.27999999999999997,0.0,0.9999999999999999,0.0,CompressionPressure,0.9999999999999999
1569,2026-04-29 09:50:00,Pure Unresolved Compression Equilibrium,Unresolved->Unresolved->Unresolved->Unresolved,-1.4428232973175175e-12,0.0,1.0,0.0,0.0,0.0,0.0,0.9002713704206242,0.27999999999999997,0.0,0.9999999999999999,0.0,CompressionPressure,0.9999999999999999
1570,2026-04-29 09:55:00,Pure Unresolved Compression Equilibrium,Unresolved->Unresolved->Unresolved->Unresolved,-1.4428232973175175e-12,0.0,1.0,0.0,0.0,0.0,0.0,0.9002713704206242,0.27999999999999997,0.0,0.9999999999999999,0.0,CompressionPressure,0.9999999999999999
1571,2026-04-29 10:00:00,Pure Unresolved Compression Equilibrium,Unresolved->Unresolved->Unresolved->Unresolved,-1.4428232973175175e-12,0.0,1.0,0.0,0.0,0.0,0.0,0.9002713704206242,0.27999999999999997,0.0,0.9999999999999999,0.0,CompressionPressure,0.9999999999999999
1572,2026-04-29 10:05:00,Pure Unresolved Compression Equilibrium,Unresolved->Unresolved->Unresolved->Unresolved,-1.4428232973175175e-12,0.0,1.0,0.0,0.0,0.0,0.0,0.9002713704206242,0.27999999999999997,0.0,0.9999999999999999,0.0,CompressionPressure,0.9999999999999999
1573,2026-04-29 10:10:00,Pure Unresolved Compression Equilibrium,Unresolved->Unresolved->Unresolved->Unresolved,-1.4428232973175175e-12,0.0,1.0,0.0,0.0,0.0,0.0,0.9002713704206242,0.27999999999999997,0.0,0.9999999999999999,0.0,CompressionPressure,0.9999999999999999
1574,2026-04-29 10:15:00,Pure Unresolved Compression Equilibrium,Unresolved->Unresolved->Unresolved->Unresolved,-1.4428232973175175e-12,0.0,1.0,0.0,0.0,0.0,0.0,0.9002713704206242,0.27999999999999997,0.0,0.9999999999999999,0.0,CompressionPressure,0.9999999999999999
1575,2026-04-29 10:20:00,Pure Unresolved Compression Equilibrium,Unresolved->Unresolved->Unresolved->Unresolved,-1.4428232973175175e-12,0.0,1.0,0.0,0.0,0.0,0.0,0.9002713704206242,0.27999999999999997,0.0,0.9999999999999999,0.0,CompressionPressure,0.9999999999999999
1576,2026-04-29 10:25:00,Pure Unresolved Compression Equilibrium,Unresolved->Unresolved->Unresolved->Unresolved,-1.4428232973175175e-12,0.0,1.0,0.0,0.0,0.0,0.0,0.9002713704206242,0.27999999999999997,0.0,0.9999999999999999,0.0,CompressionPressure,0.9999999999999999
1577,2026-04-29 10:30:00,Pure Unresolved Compression Equilibrium,Unresolved->Unresolved->Unresolved->Unresolved,-1.4428232973175175e-12,0.0,1.0,0.0,0.0,0.0,0.0,0.9002713704206242,0.27999999999999997,0.0,0.9999999999999999,0.0,CompressionPressure,0.9999999999999999
1578,2026-04-29 10:35:00,Pure Unresolved Compression Equilibrium,Unresolved->Unresolved->Unresolved->Unresolved,-1.4428232973175175e-12,0.0,1.0,0.0,0.0,0.0,0.0,0.9002713704206242,0.27999999999999997,0.0,0.9999999999999999,0.0,CompressionPressure,0.9999999999999999
1579,2026-04-29 10:40:00,Pure Unresolved Compression Equilibrium,Unresolved->Unresolved->Unresolved->Unresolved,-1.4428232973175175e-12,0.0,1.0,0.0,0.0,0.0,0.0,0.9002713704206242,0.27999999999999997,0.0,0.9999999999999999,0.0,CompressionPressure,0.9999999999999999
1580,2026-04-29 10:45:00,Pure Unresolved Compression Equilibrium,Unresolved->Unresolved->Unresolved->Unresolved,-1.4428232973175175e-12,0.0,1.0,0.0,0.0,0.0,0.0,0.9002713704206242,0.27999999999999997,0.0,0.9999999999999999,0.0,CompressionPressure,0.9999999999999999
1581,2026-04-29 10:50:00,Pure Unresolved Compression Equilibrium,Unresolved->Unresolved->Unresolved->Unresolved,-1.4428232973175175e-12,0.0,1.0,0.0,0.0,0.0,0.0,0.9002713704206242,0.27999999999999997,0.0,0.9999999999999999,0.0,CompressionPressure,0.9999999999999999
1582,2026-04-29 10:55:00,Pure Unresolved Compression Equilibrium,Unresolved->Unresolved->Unresolved->Unresolved,-1.4428232973175175e-12,0.0,1.0,0.0,0.0,0.0,0.0,0.9002713704206242,0.27999999999999997,0.0,0.9999999999999999,0.0,CompressionPressure,0.9999999999999999
1583,2026-04-29 11:00:00,Directional Continuation / Sponsor Release,Unresolved->Unresolved->Unresolved->Directional,0.4689955935863958,0.1111111111111111,0.9,0.1,1.0,2.5,7.5,0.8625971745550324,0.6493516583474204,0.25781746031746033,0.4512433309564058,0.1478308813351193,DirectionalReleasePressure,0.6493516583474204
1584,2026-04-29 11:05:00,Sponsor Exhaustion Collapse,Unresolved->Unresolved->Directional->Degrading,0.9219280948830342,0.2222222222222222,0.8,0.2,1.0,9.5,7.5,0.821413968148808,0.4017736945065802,0.19670634920634922,0.35349060518092146,0.2985765326604256,DirectionalReleasePressure,0.4017736945065802
1585,2026-04-29 11:10:00,Stable Compression Basin,Unresolved->Directional->Degrading->Unresolved,1.3567796494412687,0.3333333333333333,0.7,0.3,1.0,12.440999999999999,7.5,0.7858497660537955,0.28723022801444464,0.1210988095238095,0.7068679385765874,0.43956840545813464,CompressionPressure,0.7068679385765874
1586,2026-04-29 11:15:00,Stable Compression Basin,Directional->Degrading->Unresolved->Unresolved,1.5709505944488977,0.3333333333333333,0.6,0.4,0.0,12.440999999999999,7.5,0.750285563958783,0.10459909511250629,0.1210988095238095,0.6518155878469439,0.4864182996785535,CompressionPressure,0.6518155878469439
1587,2026-04-29 11:20:00,Stable Compression Basin,Degrading->Unresolved->Unresolved->Unresolved,1.6854752972215634,0.3333333333333333,0.5,0.4,0.0,12.440999999999999,7.5,0.7147213618637706,0.09070833333333332,0.1210988095238095,0.6083333333333334,0.4927728571428571,CompressionPressure,0.6083333333333334
1588,2026-04-29 11:25:00,Pure Unresolved Compression Equilibrium,Unresolved->Unresolved->Unresolved->Unresolved,1.6854752972215634,0.4444444444444444,0.5,0.4,0.0,12.440999999999999,7.5,0.7147213618637706,0.07855555555555556,0.1349876984126984,0.5805555555555556,0.5344395238095238,CompressionPressure,0.5805555555555556
1589,2026-04-29 11:30:00,Pure Unresolved Compression Equilibrium,Unresolved->Unresolved->Unresolved->Unresolved,1.6854752972215634,0.4444444444444444,0.5,0.4,0.0,12.440999999999999,7.5,0.7147213618637706,0.07855555555555556,0.1349876984126984,0.5805555555555556,0.5344395238095238,CompressionPressure,0.5805555555555556
1590,2026-04-29 11:35:00,Pure Unresolved Compression Equilibrium,Unresolved->Unresolved->Unresolved->Unresolved,1.6854752972215634,0.4444444444444444,0.5,0.4,0.0,12.440999999999999,7.5,0.7147213618637706,0.07855555555555556,0.1349876984126984,0.5805555555555556,0.5344395238095238,CompressionPressure,0.5805555555555556
1591,2026-04-29 11:40:00,Pure Unresolved Compression Equilibrium,Unresolved->Unresolved->Unresolved->Unresolved,1.6854752972215634,0.4444444444444444,0.5,0.4,0.0,12.440999999999999,7.5,0.7147213618637706,0.07855555555555556,0.1349876984126984,0.5805555555555556,0.5344395238095238,CompressionPressure,0.5805555555555556
1592,2026-04-29 11:45:00,Pure Unresolved Compression Equilibrium,Unresolved->Unresolved->Unresolved->Unresolved,1.6854752972215634,0.3333333333333333,0.5,0.4,0.0,12.440999999999999,7.5,0.7147213618637706,0.09070833333333332,0.1210988095238095,0.6083333333333334,0.4927728571428571,CompressionPressure,0.6083333333333334
1593,2026-04-29 11:50:00,Pure Unresolved Compression Equilibrium,Unresolved->Unresolved->Unresolved->Unresolved,1.2954618442339936,0.2222222222222222,0.6,0.3,0.0,9.940999999999999,0.0,0.7523955577293624,0.13084398032861264,0.0632813492063492,0.6968114125131533,0.380917040330948,CompressionPressure,0.6968114125131533
1594,2026-04-29 11:55:00,Pure Unresolved Compression Equilibrium,Unresolved->Unresolved->Unresolved->Unresolved,0.8812908992278072,0.1111111111111111,0.7,0.2,0.0,2.941,0.0,0.7935787641355866,0.1793733877500932,0.024392460317460316,0.7921415410204843,0.23865047944417803,CompressionPressure,0.7921415410204843
1595,2026-04-29 12:00:00,Pure Unresolved Compression Equilibrium,Unresolved->Unresolved->Unresolved->Unresolved,0.7219280948844771,0.1111111111111111,0.8,0.1,0.0,0.0,0.0,0.829142966230599,0.19624126912429612,0.013888888888888888,0.8437683829586091,0.199588437422646,CompressionPressure,0.8437683829586091
1596,2026-04-29 12:05:00,Pure Unresolved Compression Equilibrium,Unresolved->Unresolved->Unresolved->Unresolved,0.4689955935863958,0.1111111111111111,0.9,0.0,0.0,0.0,0.0,0.8647071683256116,0.2202730804215971,0.013888888888888888,0.9012433309564057,0.14425945276369073,CompressionPressure,0.9012433309564057
1597,2026-04-29 12:10:00,Pure Unresolved Compression Equilibrium,Unresolved->Unresolved->Unresolved->Unresolved,-1.4428232973175175e-12,0.0,1.0,0.0,0.0,0.0,0.0,0.9002713704206242,0.27999999999999997,0.0,0.9999999999999999,0.0,CompressionPressure,0.9999999999999999
1598,2026-04-29 12:15:00,Directional Continuation / Sponsor Release,Unresolved->Unresolved->Unresolved->Directional,0.4689955935863958,0.1111111111111111,0.9,0.1,1.0,2.5,7.5,0.8625971745550324,0.6493516583474204,0.25781746031746033,0.4512433309564058,0.1478308813351193,DirectionalReleasePressure,0.6493516583474204
1599,2026-04-29 12:20:00,Directional Continuation / Sponsor Release,Unresolved->Unresolved->Directional->Directional,0.7219280948844771,0.1111111111111111,0.8,0.2,1.0,2.5,7.5,0.8249229786894405,0.5806893403551319,0.25781746031746033,0.3937683829586091,0.20315986599407457,DirectionalReleasePressure,0.5806893403551319
1600,2026-04-29 12:25:00,Directional Continuation / Sponsor Release,Unresolved->Directional->Directional->Directional,0.8812908992278072,0.1111111111111111,0.7,0.3,1.0,2.5,7.5,0.7872487828238486,0.532495393571695,0.25781746031746033,0.3421415410204842,0.238020479444178,DirectionalReleasePressure,0.532495393571695
1601,2026-04-29 12:30:00,Stable Compression Basin,Directional->Directional->Directional->Unresolved,1.2954618442339936,0.2222222222222222,0.6,0.4,0.0,2.5,7.5,0.7516845807288361,0.13784398032861264,0.0717063492063492,0.6968114125131533,0.37028704033094795,CompressionPressure,0.6968114125131533
1602,2026-04-29 12:35:00,Sponsor Exhaustion Collapse,Directional->Directional->Unresolved->Degrading,1.6854752972215634,0.3333333333333333,0.5,0.5,0.0,2.5,7.5,0.7102051615290974,0.09770833333333333,0.1855952380952381,0.15833333333333333,0.47857142857142854,RotationalPressure,0.47857142857142854
1603,2026-04-29 12:40:00,Unstable Rotational Balance,Directional->Unresolved->Degrading->Balance,2.046439344663802,0.4444444444444444,0.4,0.6,0.0,2.5,7.5,0.6687257423293586,0.08088888888888889,0.09948412698412698,0.0888888888888889,0.7702380952380952,RotationalPressure,0.7702380952380952
1604,2026-04-29 12:45:00,Sponsor Exhaustion Collapse,Unresolved->Degrading->Balance->Degrading,2.170950594447455,0.5555555555555556,0.3,0.6,0.0,2.5,7.5,0.6272463231296198,0.06873611111111111,0.21337301587301588,0.061111111111111116,0.5619047619047619,RotationalPressure,0.5619047619047619
1605,2026-04-29 12:50:00,Stable Compression Basin,Degrading->Balance->Degrading->Unresolved,2.246439344663802,0.6666666666666666,0.3,0.6,0.0,5.441,7.5,0.5916821210346074,0.05658333333333333,0.1377654761904762,0.4833333333333334,0.6077728571428571,RotationalPressure,0.6077728571428571
1606,2026-04-29 12:55:00,Unstable Rotational Balance,Balance->Degrading->Unresolved->Balance,2.246439344663802,0.7777777777777778,0.3,0.6,0.0,5.441,7.5,0.5502027018348686,0.04443055555555555,0.15165436507936508,0.005555555555555564,0.8994395238095237,RotationalPressure,0.8994395238095237
1607,2026-04-29 13:00:00,Unstable Rotational Balance,Degrading->Unresolved->Balance->Balance,1.9709505944488979,0.6666666666666666,0.3,0.6,0.0,5.441,7.5,0.5087232826351299,0.05658333333333333,0.1377654761904762,0.033333333333333354,0.8577728571428571,RotationalPressure,0.8577728571428571
1608,2026-04-29 13:05:00,Sponsor Exhaustion Collapse,Unresolved->Balance->Balance->Degrading,1.9709505944488979,0.7777777777777778,0.3,0.5,0.0,2.941,0.0,0.504918059300983,0.03743055555555556,0.20772579365079366,0.005555555555555564,0.6458680952380952,RotationalPressure,0.6458680952380952
1609,2026-04-29 13:10:00,Sponsor Exhaustion Collapse,Balance->Balance->Degrading->Degrading,1.8464393446652445,0.7777777777777778,0.4,0.4,0.0,2.941,0.0,0.501112835966836,0.03043055555555556,0.20772579365079366,0.005555555555555564,0.6458680952380952,RotationalPressure,0.6458680952380952
1610,2026-04-29 13:15:00,Sponsor Exhaustion Collapse,Balance->Degrading->Degrading->Degrading,1.4854752972230063,0.6666666666666666,0.5,0.3,0.0,2.941,0.0,0.4973076126326891,0.05601829755636359,0.19383690476190477,0.08215779392356212,0.5791491498389612,RotationalPressure,0.5791491498389612
1611,2026-04-29 13:20:00,Unstable Rotational Balance,Degrading->Degrading->Degrading->Balance,1.360964047439353,0.6666666666666666,0.5,0.2,0.0,12.940999999999999,0.0,0.49443197927294075,0.058551190117924555,0.12955119047619046,0.08993974703504046,0.8161980282345013,RotationalPressure,0.8161980282345013
1612,2026-04-29 13:25:00,Stable Compression Basin,Degrading->Degrading->Balance->Unresolved,1.5219280948830343,0.6666666666666666,0.4,0.1,0.0,15.046000000000001,0.0,0.500347196377667,0.02756071356885104,0.13706904761904762,0.48821282740314376,0.6044160564699493,RotationalPressure,0.6044160564699493
1613,2026-04-29 13:30:00,Stable Compression Basin,Degrading->Balance->Unresolved->Unresolved,1.5709505944503404,0.5555555555555556,0.4,0.0,0.0,15.046000000000001,0.0,0.5062624134823933,0.028960206223506934,0.12318015873015874,0.5129266989579648,0.573473061583631,RotationalPressure,0.573473061583631
1614,2026-04-29 13:35:00,Stable Compression Basin,Balance->Unresolved->Unresolved->Unresolved,1.5709505944503404,0.4444444444444444,0.4,0.0,0.0,15.046000000000001,0.0,0.5121776305871195,0.04111298400128472,0.10929126984126984,0.5407044767357427,0.5318063949169642,CompressionPressure,0.5407044767357427
1615,2026-04-29 13:40:00,Unstable Rotational Balance,Unresolved->Unresolved->Unresolved->Balance,1.5709505944503404,0.4444444444444444,0.4,0.0,0.0,18.421,0.0,0.5093019972273712,0.04111298400128472,0.12134484126984127,0.09070447673574264,0.7866278234883929,RotationalPressure,0.7866278234883929
1616,2026-04-29 13:45:00,Unstable Rotational Balance,Unresolved->Unresolved->Balance->Balance,1.5709505944503404,0.4444444444444444,0.4,0.0,0.0,18.421,0.0,0.5123415809723492,0.04111298400128472,0.12134484126984127,0.09070447673574264,0.7866278234883929,RotationalPressure,0.7866278234883929
1617,2026-04-29 13:50:00,Stable Compression Basin,Unresolved->Balance->Balance->Unresolved,1.5709505944503404,0.4444444444444444,0.4,0.0,0.0,20.526,0.0,0.5182567980770754,0.04111298400128472,0.12886269841269843,0.5407044767357427,0.5396349663455356,CompressionPressure,0.5407044767357427
1618,2026-04-29 13:55:00,Stable Compression Basin,Balance->Balance->Unresolved->Unresolved,1.4854752972230063,0.4444444444444444,0.5,0.0,0.0,20.526,0.0,0.5241720151818017,0.059323853111919136,0.12886269841269843,0.5877133494791177,0.5209372450770564,CompressionPressure,0.5877133494791177
1619,2026-04-29 14:00:00,Stable Compression Basin,Balance->Unresolved->Unresolved->Unresolved,1.2954618442339936,0.4444444444444444,0.6,0.0,0.0,20.526,0.0,0.530087232286528,0.08553842477305709,0.12886269841269843,0.6412558569575977,0.47937180223570985,CompressionPressure,0.6412558569575977
1620,2026-04-30 06:35:00,Pure Unresolved Compression Equilibrium,Unresolved->Unresolved->Unresolved->Unresolved,1.2954618442339936,0.4444444444444444,0.6,0.0,0.0,20.526,0.0,0.5715666514862667,0.08553842477305709,0.12886269841269843,0.6412558569575977,0.47937180223570985,CompressionPressure,0.6412558569575977
1621,2026-04-30 06:40:00,Sponsor Exhaustion Collapse,Unresolved->Unresolved->Unresolved->Degrading,1.5709505944488977,0.4444444444444444,0.6,0.0,0.0,16.889999999999997,0.0,0.5688232805348032,0.0644463173347285,0.2158769841269841,0.17403781006916613,0.5344406806309344,RotationalPressure,0.5344406806309344
1622,2026-04-30 06:45:00,Stable Compression Basin,Unresolved->Unresolved->Degrading->Unresolved,1.5709505944488977,0.5555555555555556,0.6,0.0,0.0,17.726,0.0,0.5688232805348032,0.05229353955695071,0.13275158730158731,0.5962600322913884,0.5773016330118868,CompressionPressure,0.5962600322913884
1623,2026-04-30 06:50:00,Unstable Rotational Balance,Unresolved->Degrading->Unresolved->Balance,1.6854752972215634,0.6666666666666666,0.5,0.0,0.0,17.726,0.0,0.562908063430077,0.026250000000000002,0.14664047619047618,0.07500000000000001,0.8753228571428571,RotationalPressure,0.8753228571428571
1624,2026-04-30 06:55:00,Unstable Rotational Balance,Degrading->Unresolved->Balance->Balance,1.7219280948815914,0.5555555555555556,0.4,0.0,0.0,17.726,0.0,0.5569928463253507,0.026736111111111113,0.13275158730158731,0.061111111111111116,0.8336561904761904,RotationalPressure,0.8336561904761904
1625,2026-04-30 07:00:00,Sponsor Exhaustion Collapse,Unresolved->Balance->Balance->Degrading,1.8464393446652445,0.6666666666666666,0.4,0.0,0.0,11.41,0.0,0.5539532625803728,0.01458333333333334,0.22408333333333333,0.033333333333333354,0.6163,RotationalPressure,0.6163
1626,2026-04-30 07:05:00,Stable Compression Basin,Balance->Balance->Degrading->Unresolved,1.7609640474379105,0.6666666666666666,0.5,0.0,0.0,11.41,0.0,0.5509136788353949,0.026250000000000002,0.12408333333333332,0.525,0.6163,RotationalPressure,0.6163
1627,2026-04-30 07:10:00,Unstable Rotational Balance,Balance->Degrading->Unresolved->Balance,1.8464393446652445,0.7777777777777778,0.4,0.0,0.0,9.305,0.0,0.5449984617306687,0.002430555555555559,0.1304543650793651,0.005555555555555564,0.9049595238095237,RotationalPressure,0.9049595238095237
1628,2026-04-30 07:15:00,Stable Compression Basin,Degrading->Unresolved->Balance->Unresolved,1.8464393446652445,0.8888888888888888,0.4,0.0,0.0,11.41,0.0,0.5449984617306686,0.0,0.14075000000000001,0.45,0.6662999999999999,RotationalPressure,0.6662999999999999
1629,2026-04-30 07:20:00,Stable Compression Basin,Unresolved->Balance->Unresolved->Unresolved,1.8464393446652445,0.7777777777777778,0.4,0.0,0.0,11.41,0.0,0.5449984617306687,0.002430555555555559,0.13797222222222222,0.4555555555555556,0.6579666666666666,RotationalPressure,0.6579666666666666
1630,2026-04-30 07:25:00,Stable Compression Basin,Balance->Unresolved->Unresolved->Unresolved,1.4854752972230063,0.6666666666666666,0.5,0.0,0.0,11.41,0.0,0.5094342596356561,0.03501829755636359,0.12408333333333332,0.5321577939235621,0.5912477212675326,RotationalPressure,0.5912477212675326
1631,2026-04-30 07:30:00,Unstable Rotational Balance,Unresolved->Unresolved->Unresolved->Balance,1.360964047439353,0.6666666666666666,0.5,0.0,0.0,11.362,0.0,0.5121776305871195,0.04455119011792455,0.12391190476190475,0.08993974703504046,0.813942313948787,RotationalPressure,0.813942313948787
1632,2026-04-30 07:35:00,Stable Compression Basin,Unresolved->Unresolved->Balance->Unresolved,1.360964047439353,0.6666666666666666,0.5,0.0,0.0,10.526,0.0,0.5121776305871195,0.04455119011792455,0.12092619047619046,0.5399397470350404,0.5627480282345013,RotationalPressure,0.5627480282345013
1633,2026-04-30 07:40:00,Stable Compression Basin,Unresolved->Balance->Unresolved->Unresolved,1.2954618442339936,0.6666666666666666,0.6,0.0,0.0,10.526,0.0,0.5180928476918458,0.06123286921750154,0.12092619047619046,0.5857003014020421,0.5484194212833289,CompressionPressure,0.5857003014020421
1634,2026-04-30 07:45:00,Stable Compression Basin,Balance->Unresolved->Unresolved->Unresolved,1.1567796494427114,0.5555555555555556,0.7,0.0,0.0,10.526,0.0,0.5240080647965721,0.09567016920065352,0.1070373015873016,0.6638123830209416,0.4764160245060693,CompressionPressure,0.6638123830209416
1635,2026-04-30 07:50:00,Pure Unresolved Compression Equilibrium,Unresolved->Unresolved->Unresolved->Unresolved,1.1567796494427114,0.5555555555555556,0.7,0.0,0.0,10.526,0.0,0.5654874839963109,0.09567016920065352,0.1070373015873016,0.6638123830209416,0.4764160245060693,CompressionPressure,0.6638123830209416
1636,2026-04-30 07:55:00,Pure Unresolved Compression Equilibrium,Unresolved->Unresolved->Unresolved->Unresolved,1.3709505944503406,0.4444444444444444,0.6,0.0,0.0,10.526,0.0,0.6069669031960496,0.07975881733461802,0.0931484126984127,0.636537810069076,0.48159925205982146,CompressionPressure,0.636537810069076
1637,2026-04-30 08:00:00,Pure Unresolved Compression Equilibrium,Unresolved->Unresolved->Unresolved->Unresolved,1.2954618442339936,0.3333333333333333,0.6,0.0,0.0,10.526,0.0,0.6484463223957884,0.09769120255083487,0.07925952380952381,0.6690336347353755,0.42341942128332893,CompressionPressure,0.6690336347353755
1638,2026-04-30 08:05:00,Pure Unresolved Compression Equilibrium,Unresolved->Unresolved->Unresolved->Unresolved,1.360964047439353,0.3333333333333333,0.5,0.0,0.0,8.421,0.0,0.6840105244908008,0.08100952345125786,0.07174166666666666,0.6232730803683738,0.43474088537735844,CompressionPressure,0.6232730803683738
1639,2026-04-30 08:10:00,Pure Unresolved Compression Equilibrium,Unresolved->Unresolved->Unresolved->Unresolved,1.360964047439353,0.3333333333333333,0.5,0.0,0.0,8.421,0.0,0.7195747265858132,0.08100952345125786,0.07174166666666666,0.6232730803683738,0.43474088537735844,CompressionPressure,0.6232730803683738
1640,2026-04-30 08:15:00,Pure Unresolved Compression Equilibrium,Unresolved->Unresolved->Unresolved->Unresolved,1.2954618442339936,0.2222222222222222,0.6,0.0,0.0,8.421,0.0,0.7551389286808258,0.10984398032861264,0.057852777777777774,0.6968114125131533,0.3787456117595194,CompressionPressure,0.6968114125131533
1641,2026-04-30 08:20:00,Pure Unresolved Compression Equilibrium,Unresolved->Unresolved->Unresolved->Unresolved,0.8812908992278072,0.1111111111111111,0.7,0.0,0.0,2.105,0.0,0.7935787641355866,0.1653733877500932,0.02140674603174603,0.7921415410204843,0.2374561937298923,CompressionPressure,0.7921415410204843
1642,2026-04-30 08:25:00,Pure Unresolved Compression Equilibrium,Unresolved->Unresolved->Unresolved->Unresolved,0.7219280948844771,0.1111111111111111,0.8,0.0,0.0,0.0,0.0,0.829142966230599,0.18924126912429612,0.013888888888888888,0.8437683829586091,0.199588437422646,CompressionPressure,0.8437683829586091
1643,2026-04-30 08:30:00,Pure Unresolved Compression Equilibrium,Unresolved->Unresolved->Unresolved->Unresolved,0.4689955935863958,0.1111111111111111,0.9,0.0,0.0,0.0,0.0,0.8647071683256116,0.2202730804215971,0.013888888888888888,0.9012433309564057,0.14425945276369073,CompressionPressure,0.9012433309564057
1644,2026-04-30 08:35:00,Pure Unresolved Compression Equilibrium,Unresolved->Unresolved->Unresolved->Unresolved,-1.4428232973175175e-12,0.0,1.0,0.0,0.0,0.0,0.0,0.9002713704206242,0.27999999999999997,0.0,0.9999999999999999,0.0,CompressionPressure,0.9999999999999999
1645,2026-04-30 08:40:00,Pure Unresolved Compression Equilibrium,Unresolved->Unresolved->Unresolved->Unresolved,-1.4428232973175175e-12,0.0,1.0,0.0,0.0,0.0,0.0,0.9002713704206242,0.27999999999999997,0.0,0.9999999999999999,0.0,CompressionPressure,0.9999999999999999
1646,2026-04-30 08:45:00,Pure Unresolved Compression Equilibrium,Unresolved->Unresolved->Unresolved->Unresolved,-1.4428232973175175e-12,0.0,1.0,0.0,0.0,0.0,0.0,0.9002713704206242,0.27999999999999997,0.0,0.9999999999999999,0.0,CompressionPressure,0.9999999999999999
1647,2026-04-30 08:50:00,Pure Unresolved Compression Equilibrium,Unresolved->Unresolved->Unresolved->Unresolved,-1.4428232973175175e-12,0.0,1.0,0.0,0.0,0.0,0.0,0.9002713704206242,0.27999999999999997,0.0,0.9999999999999999,0.0,CompressionPressure,0.9999999999999999
1648,2026-04-30 08:55:00,Pure Unresolved Compression Equilibrium,Unresolved->Unresolved->Unresolved->Unresolved,-1.4428232973175175e-12,0.0,1.0,0.0,0.0,0.0,0.0,0.9002713704206242,0.27999999999999997,0.0,0.9999999999999999,0.0,CompressionPressure,0.9999999999999999
1649,2026-04-30 09:00:00,Pure Unresolved Compression Equilibrium,Unresolved->Unresolved->Unresolved->Unresolved,-1.4428232973175175e-12,0.0,1.0,0.0,0.0,0.0,0.0,0.9002713704206242,0.27999999999999997,0.0,0.9999999999999999,0.0,CompressionPressure,0.9999999999999999
1650,2026-04-30 09:05:00,Pure Unresolved Compression Equilibrium,Unresolved->Unresolved->Unresolved->Unresolved,-1.4428232973175175e-12,0.0,1.0,0.0,0.0,0.0,0.0,0.9002713704206242,0.27999999999999997,0.0,0.9999999999999999,0.0,CompressionPressure,0.9999999999999999
1651,2026-04-30 09:10:00,Pure Unresolved Compression Equilibrium,Unresolved->Unresolved->Unresolved->Unresolved,-1.4428232973175175e-12,0.0,1.0,0.0,0.0,0.0,0.0,0.9002713704206242,0.27999999999999997,0.0,0.9999999999999999,0.0,CompressionPressure,0.9999999999999999
1652,2026-04-30 09:15:00,Pure Unresolved Compression Equilibrium,Unresolved->Unresolved->Unresolved->Unresolved,-1.4428232973175175e-12,0.0,1.0,0.0,0.0,0.0,0.0,0.9002713704206242,0.27999999999999997,0.0,0.9999999999999999,0.0,CompressionPressure,0.9999999999999999
1653,2026-04-30 09:20:00,Pure Unresolved Compression Equilibrium,Unresolved->Unresolved->Unresolved->Unresolved,-1.4428232973175175e-12,0.0,1.0,0.0,0.0,0.0,0.0,0.9002713704206242,0.27999999999999997,0.0,0.9999999999999999,0.0,CompressionPressure,0.9999999999999999
1654,2026-04-30 09:25:00,Pure Unresolved Compression Equilibrium,Unresolved->Unresolved->Unresolved->Unresolved,-1.4428232973175175e-12,0.0,1.0,0.0,0.0,0.0,0.0,0.9002713704206242,0.27999999999999997,0.0,0.9999999999999999,0.0,CompressionPressure,0.9999999999999999
1655,2026-04-30 09:30:00,Pure Unresolved Compression Equilibrium,Unresolved->Unresolved->Unresolved->Unresolved,-1.4428232973175175e-12,0.0,1.0,0.0,0.0,0.0,0.0,0.9002713704206242,0.27999999999999997,0.0,0.9999999999999999,0.0,CompressionPressure,0.9999999999999999
1656,2026-04-30 09:35:00,Pure Unresolved Compression Equilibrium,Unresolved->Unresolved->Unresolved->Unresolved,-1.4428232973175175e-12,0.0,1.0,0.0,0.0,0.0,0.0,0.9002713704206242,0.27999999999999997,0.0,0.9999999999999999,0.0,CompressionPressure,0.9999999999999999
1657,2026-04-30 09:40:00,Pure Unresolved Compression Equilibrium,Unresolved->Unresolved->Unresolved->Unresolved,-1.4428232973175175e-12,0.0,1.0,0.0,0.0,0.0,0.0,0.9002713704206242,0.27999999999999997,0.0,0.9999999999999999,0.0,CompressionPressure,0.9999999999999999
1658,2026-04-30 09:45:00,Pure Unresolved Compression Equilibrium,Unresolved->Unresolved->Unresolved->Unresolved,-1.4428232973175175e-12,0.0,1.0,0.0,0.0,0.0,0.0,0.9002713704206242,0.27999999999999997,0.0,0.9999999999999999,0.0,CompressionPressure,0.9999999999999999
1659,2026-04-30 09:50:00,Pure Unresolved Compression Equilibrium,Unresolved->Unresolved->Unresolved->Unresolved,-1.4428232973175175e-12,0.0,1.0,0.0,0.0,0.0,0.0,0.9002713704206242,0.27999999999999997,0.0,0.9999999999999999,0.0,CompressionPressure,0.9999999999999999
1660,2026-04-30 09:55:00,Pure Unresolved Compression Equilibrium,Unresolved->Unresolved->Unresolved->Unresolved,-1.4428232973175175e-12,0.0,1.0,0.0,0.0,0.0,0.0,0.9002713704206242,0.27999999999999997,0.0,0.9999999999999999,0.0,CompressionPressure,0.9999999999999999
1661,2026-04-30 10:00:00,Pure Unresolved Compression Equilibrium,Unresolved->Unresolved->Unresolved->Unresolved,-1.4428232973175175e-12,0.0,1.0,0.0,0.0,0.0,0.0,0.9002713704206242,0.27999999999999997,0.0,0.9999999999999999,0.0,CompressionPressure,0.9999999999999999
1662,2026-04-30 10:05:00,Pure Unresolved Compression Equilibrium,Unresolved->Unresolved->Unresolved->Unresolved,-1.4428232973175175e-12,0.0,1.0,0.0,0.0,0.0,0.0,0.9002713704206242,0.27999999999999997,0.0,0.9999999999999999,0.0,CompressionPressure,0.9999999999999999
1663,2026-04-30 10:10:00,Pure Unresolved Compression Equilibrium,Unresolved->Unresolved->Unresolved->Unresolved,-1.4428232973175175e-12,0.0,1.0,0.0,0.0,0.0,0.0,0.9002713704206242,0.27999999999999997,0.0,0.9999999999999999,0.0,CompressionPressure,0.9999999999999999
1664,2026-04-30 10:15:00,Directional Continuation / Sponsor Release,Unresolved->Unresolved->Unresolved->Directional,0.4689955935863958,0.1111111111111111,0.9,0.1,1.0,2.5,7.5,0.8625971745550324,0.6493516583474204,0.25781746031746033,0.4512433309564058,0.1478308813351193,DirectionalReleasePressure,0.6493516583474204
1665,2026-04-30 10:20:00,Directional Continuation / Sponsor Release,Unresolved->Unresolved->Directional->Directional,0.7219280948844771,0.1111111111111111,0.8,0.2,1.0,2.5,7.5,0.8249229786894405,0.5806893403551319,0.25781746031746033,0.3937683829586091,0.20315986599407457,DirectionalReleasePressure,0.5806893403551319
1666,2026-04-30 10:25:00,Directional Continuation / Sponsor Release,Unresolved->Directional->Directional->Directional,0.8812908992278072,0.1111111111111111,0.7,0.3,1.0,2.5,7.5,0.7872487828238486,0.532495393571695,0.25781746031746033,0.3421415410204842,0.238020479444178,DirectionalReleasePressure,0.532495393571695
1667,2026-04-30 10:30:00,Directional Continuation / Sponsor Release,Directional->Directional->Directional->Directional,0.9709505944517833,0.1111111111111111,0.6,0.4,1.0,2.5,7.5,0.7495745869582568,0.49954900190811685,0.25781746031746033,0.29487114340231907,0.25763353777442277,DirectionalReleasePressure,0.49954900190811685
1668,2026-04-30 10:35:00,Directional Continuation / Sponsor Release,Directional->Directional->Directional->Directional,0.9999999999971146,0.1111111111111111,0.5,0.5,1.0,2.5,7.5,0.711900391092665,0.47986111111174223,0.25781746031746033,0.25138888888906924,0.263988095237464,DirectionalReleasePressure,0.47986111111174223
1669,2026-04-30 10:40:00,Directional Continuation / Sponsor Release,Directional->Directional->Directional->Directional,0.9709505944517833,0.1111111111111111,0.6,0.6,1.0,2.5,7.5,0.6742261952270732,0.5395490019081168,0.25781746031746033,0.29487114340231907,0.25763353777442277,DirectionalReleasePressure,0.5395490019081168
1670,2026-04-30 10:45:00,Sponsor Exhaustion Collapse,Directional->Directional->Directional->Degrading,1.2954618442339936,0.2222222222222222,0.6,0.7,0.0,9.5,7.5,0.633042988820849,0.15884398032861263,0.19670634920634922,0.2468114125131532,0.38028704033094796,RotationalPressure,0.38028704033094796
1671,2026-04-30 10:50:00,Sponsor Exhaustion Collapse,Directional->Directional->Degrading->Degrading,1.3709505944503406,0.2222222222222222,0.6,0.8,0.0,9.5,7.5,0.5918597824146248,0.16006437289017358,0.19670634920634922,0.2420933656246315,0.39680020444077385,RotationalPressure,0.39680020444077385
1672,2026-04-30 10:55:00,Stable Compression Basin,Directional->Degrading->Degrading->Unresolved,1.5709505944488977,0.3333333333333333,0.6,0.9,0.0,9.5,7.5,0.5503803632148859,0.13959909511250626,0.11059523809523808,0.6518155878469439,0.4822168711071249,CompressionPressure,0.6518155878469439
1673,2026-04-30 11:00:00,Stable Compression Basin,Degrading->Degrading->Unresolved->Unresolved,1.3709505944503406,0.2222222222222222,0.6,0.9,0.0,9.5,7.5,0.5148161611198734,0.1670643728901736,0.0967063492063492,0.6920933656246315,0.39680020444077385,CompressionPressure,0.6920933656246315
1674,2026-04-30 11:05:00,Sponsor Exhaustion Collapse,Degrading->Unresolved->Unresolved->Degrading,1.4854752972230063,0.3333333333333333,0.5,0.8,0.0,13.363999999999999,0.0,0.511307150579241,0.1274766308896969,0.1893952380952381,0.16549112725689544,0.4690391498389612,RotationalPressure,0.4690391498389612
1675,2026-04-30 11:10:00,Stable Compression Basin,Unresolved->Unresolved->Degrading->Unresolved,1.5709505944503404,0.4444444444444444,0.4,0.7,0.0,16.305,0.0,0.5134171443498203,0.0901129840012847,0.11378769841269841,0.5407044767357427,0.5336049663455357,CompressionPressure,0.5407044767357427
1676,2026-04-30 11:15:00,Stable Compression Basin,Unresolved->Degrading->Unresolved->Unresolved,1.5709505944503404,0.4444444444444444,0.4,0.6,0.0,16.305,0.0,0.5155271381203996,0.08311298400128472,0.11378769841269841,0.5407044767357427,0.5336049663455357,CompressionPressure,0.5407044767357427
1677,2026-04-30 11:20:00,Stable Compression Basin,Degrading->Unresolved->Unresolved->Unresolved,1.4854752972230063,0.4444444444444444,0.5,0.5,0.0,16.305,0.0,0.5176371318909789,0.09432385311191915,0.11378769841269841,0.5877133494791177,0.5149072450770564,CompressionPressure,0.5877133494791177
1678,2026-04-30 11:25:00,Pure Unresolved Compression Equilibrium,Unresolved->Unresolved->Unresolved->Unresolved,1.6854752972215634,0.5555555555555556,0.5,0.4,0.0,16.305,0.0,0.5553113277565708,0.06640277777777778,0.12767658730158732,0.5527777777777778,0.5816261904761905,RotationalPressure,0.5816261904761905
1679,2026-04-30 11:30:00,Pure Unresolved Compression Equilibrium,Unresolved->Unresolved->Unresolved->Unresolved,1.4854752972230063,0.4444444444444444,0.5,0.3,0.0,16.305,0.0,0.5929855236221625,0.08032385311191914,0.11378769841269841,0.5877133494791177,0.5149072450770564,CompressionPressure,0.5877133494791177
1680,2026-04-30 11:35:00,Sponsor Exhaustion Collapse,Unresolved->Unresolved->Unresolved->Degrading,1.4854752972230063,0.5555555555555556,0.5,0.2,0.0,15.669,0.0,0.5929855236221626,0.061171075334141366,0.22540515873015873,0.10993557170133988,0.5556653403151517,RotationalPressure,0.5556653403151517
1681,2026-04-30 11:40:00,Sponsor Exhaustion Collapse,Unresolved->Unresolved->Degrading->Degrading,1.4854752972230063,0.4444444444444444,0.5,0.1,0.0,15.669,0.0,0.5929855236221627,0.06632385311191914,0.21151626984126984,0.13771334947911767,0.513998673648485,RotationalPressure,0.513998673648485
1682,2026-04-30 11:45:00,Sponsor Exhaustion Collapse,Unresolved->Degrading->Degrading->Degrading,1.5219280948830343,0.4444444444444444,0.4,0.0,0.0,15.669,0.0,0.5932817364156773,0.04486626912440659,0.21151626984126984,0.09376838295869927,0.521972723136616,RotationalPressure,0.521972723136616
1683,2026-04-30 11:50:00,Sponsor Exhaustion Collapse,Degrading->Degrading->Degrading->Degrading,1.4854752972230063,0.3333333333333333,0.5,0.0,0.0,15.669,0.0,0.5876627321044654,0.07147663088969691,0.19762738095238097,0.16549112725689544,0.4723320069818183,RotationalPressure,0.4723320069818183
1684,2026-04-30 11:55:00,Stable Compression Basin,Degrading->Degrading->Degrading->Unresolved,1.5219280948830343,0.3333333333333333,0.4,0.0,0.0,12.245999999999999,0.0,0.5932817364156772,0.05701904690218436,0.08540238095238095,0.571546160736477,0.47541605646994944,CompressionPressure,0.571546160736477
1685,2026-04-30 12:00:00,Stable Compression Basin,Degrading->Degrading->Unresolved->Unresolved,1.5219280948830343,0.3333333333333333,0.4,0.0,0.0,9.305,0.0,0.593281736415677,0.05701904690218436,0.07489880952380952,0.571546160736477,0.47121462789852087,CompressionPressure,0.571546160736477
1686,2026-04-30 12:05:00,Stable Compression Basin,Degrading->Unresolved->Unresolved->Unresolved,1.5219280948830343,0.3333333333333333,0.4,0.0,0.0,9.305,0.0,0.5932817364156772,0.05701904690218436,0.07489880952380952,0.571546160736477,0.47121462789852087,CompressionPressure,0.571546160736477
1687,2026-04-30 12:10:00,Pure Unresolved Compression Equilibrium,Unresolved->Unresolved->Unresolved->Unresolved,1.5709505944503404,0.3333333333333333,0.4,0.0,0.0,9.305,0.0,0.6288459385106895,0.0532657617790625,0.07489880952380952,0.5684822545135204,0.4819382996788691,CompressionPressure,0.5684822545135204
1688,2026-04-30 12:15:00,Pure Unresolved Compression Equilibrium,Unresolved->Unresolved->Unresolved->Unresolved,1.5709505944503404,0.3333333333333333,0.4,0.0,0.0,9.305,0.0,0.6288459385106895,0.0532657617790625,0.07489880952380952,0.5684822545135204,0.4819382996788691,CompressionPressure,0.5684822545135204
1689,2026-04-30 12:20:00,Pure Unresolved Compression Equilibrium,Unresolved->Unresolved->Unresolved->Unresolved,1.5709505944503404,0.2222222222222222,0.4,0.0,0.0,9.305,0.0,0.6288459385106895,0.06541853955684027,0.06100992063492063,0.5962600322912982,0.4402716330122024,CompressionPressure,0.5962600322912982
1690,2026-04-30 12:25:00,Pure Unresolved Compression Equilibrium,Unresolved->Unresolved->Unresolved->Unresolved,1.5709505944503404,0.2222222222222222,0.4,0.0,0.0,2.941,0.0,0.6700291449169138,0.06541853955684027,0.03828134920634921,0.5962600322912982,0.4311802044407738,CompressionPressure,0.5962600322912982
1691,2026-04-30 12:30:00,Pure Unresolved Compression Equilibrium,Unresolved->Unresolved->Unresolved->Unresolved,1.4854752972230063,0.2222222222222222,0.5,0.0,0.0,2.941,0.0,0.7112123513231381,0.08362940866747469,0.03828134920634921,0.6432689050346733,0.4124824831722945,CompressionPressure,0.6432689050346733
1692,2026-04-30 12:35:00,Pure Unresolved Compression Equilibrium,Unresolved->Unresolved->Unresolved->Unresolved,1.2954618442339936,0.2222222222222222,0.6,0.0,0.0,2.941,0.0,0.7523955577293624,0.10984398032861264,0.03828134920634921,0.6968114125131533,0.37091704033094797,CompressionPressure,0.6968114125131533
1693,2026-04-30 12:40:00,Pure Unresolved Compression Equilibrium,Unresolved->Unresolved->Unresolved->Unresolved,0.8812908992278072,0.1111111111111111,0.7,0.0,0.0,2.941,0.0,0.7935787641355866,0.1653733877500932,0.024392460317460316,0.7921415410204843,0.23865047944417803,CompressionPressure,0.7921415410204843
1694,2026-04-30 12:45:00,Pure Unresolved Compression Equilibrium,Unresolved->Unresolved->Unresolved->Unresolved,0.7219280948844771,0.1111111111111111,0.8,0.0,0.0,0.0,0.0,0.829142966230599,0.18924126912429612,0.013888888888888888,0.8437683829586091,0.199588437422646,CompressionPressure,0.8437683829586091
1695,2026-04-30 12:50:00,Pure Unresolved Compression Equilibrium,Unresolved->Unresolved->Unresolved->Unresolved,0.4689955935863958,0.1111111111111111,0.9,0.0,0.0,0.0,0.0,0.8647071683256116,0.2202730804215971,0.013888888888888888,0.9012433309564057,0.14425945276369073,CompressionPressure,0.9012433309564057
1696,2026-04-30 12:55:00,Pure Unresolved Compression Equilibrium,Unresolved->Unresolved->Unresolved->Unresolved,-1.4428232973175175e-12,0.0,1.0,0.0,0.0,0.0,0.0,0.9002713704206242,0.27999999999999997,0.0,0.9999999999999999,0.0,CompressionPressure,0.9999999999999999
1697,2026-04-30 13:00:00,Pure Unresolved Compression Equilibrium,Unresolved->Unresolved->Unresolved->Unresolved,-1.4428232973175175e-12,0.0,1.0,0.0,0.0,0.0,0.0,0.9002713704206242,0.27999999999999997,0.0,0.9999999999999999,0.0,CompressionPressure,0.9999999999999999
1698,2026-04-30 13:05:00,Pure Unresolved Compression Equilibrium,Unresolved->Unresolved->Unresolved->Unresolved,-1.4428232973175175e-12,0.0,1.0,0.0,0.0,0.0,0.0,0.9002713704206242,0.27999999999999997,0.0,0.9999999999999999,0.0,CompressionPressure,0.9999999999999999
1699,2026-04-30 13:10:00,Pure Unresolved Compression Equilibrium,Unresolved->Unresolved->Unresolved->Unresolved,-1.4428232973175175e-12,0.0,1.0,0.0,0.0,0.0,0.0,0.9002713704206242,0.27999999999999997,0.0,0.9999999999999999,0.0,CompressionPressure,0.9999999999999999
1700,2026-04-30 13:15:00,Pure Unresolved Compression Equilibrium,Unresolved->Unresolved->Unresolved->Unresolved,-1.4428232973175175e-12,0.0,1.0,0.0,0.0,0.0,0.0,0.9002713704206242,0.27999999999999997,0.0,0.9999999999999999,0.0,CompressionPressure,0.9999999999999999
1701,2026-04-30 13:20:00,Pure Unresolved Compression Equilibrium,Unresolved->Unresolved->Unresolved->Unresolved,-1.4428232973175175e-12,0.0,1.0,0.0,0.0,0.0,0.0,0.9002713704206242,0.27999999999999997,0.0,0.9999999999999999,0.0,CompressionPressure,0.9999999999999999
1702,2026-04-30 13:25:00,Pure Unresolved Compression Equilibrium,Unresolved->Unresolved->Unresolved->Unresolved,-1.4428232973175175e-12,0.0,1.0,0.0,0.0,0.0,0.0,0.9002713704206242,0.27999999999999997,0.0,0.9999999999999999,0.0,CompressionPressure,0.9999999999999999
1703,2026-04-30 13:30:00,Pure Unresolved Compression Equilibrium,Unresolved->Unresolved->Unresolved->Unresolved,-1.4428232973175175e-12,0.0,1.0,0.0,0.0,0.0,0.0,0.9002713704206242,0.27999999999999997,0.0,0.9999999999999999,0.0,CompressionPressure,0.9999999999999999
1704,2026-04-30 13:35:00,Pure Unresolved Compression Equilibrium,Unresolved->Unresolved->Unresolved->Unresolved,-1.4428232973175175e-12,0.0,1.0,0.0,0.0,0.0,0.0,0.9002713704206242,0.27999999999999997,0.0,0.9999999999999999,0.0,CompressionPressure,0.9999999999999999
1705,2026-04-30 13:40:00,Pure Unresolved Compression Equilibrium,Unresolved->Unresolved->Unresolved->Unresolved,-1.4428232973175175e-12,0.0,1.0,0.0,0.0,0.0,0.0,0.9002713704206242,0.27999999999999997,0.0,0.9999999999999999,0.0,CompressionPressure,0.9999999999999999
1706,2026-04-30 13:45:00,Pure Unresolved Compression Equilibrium,Unresolved->Unresolved->Unresolved->Unresolved,-1.4428232973175175e-12,0.0,1.0,0.0,0.0,0.0,0.0,0.9002713704206242,0.27999999999999997,0.0,0.9999999999999999,0.0,CompressionPressure,0.9999999999999999
1707,2026-04-30 13:50:00,Pure Unresolved Compression Equilibrium,Unresolved->Unresolved->Unresolved->Unresolved,-1.4428232973175175e-12,0.0,1.0,0.0,0.0,0.0,0.0,0.9002713704206242,0.27999999999999997,0.0,0.9999999999999999,0.0,CompressionPressure,0.9999999999999999
1708,2026-04-30 13:55:00,Pure Unresolved Compression Equilibrium,Unresolved->Unresolved->Unresolved->Unresolved,-1.4428232973175175e-12,0.0,1.0,0.0,0.0,0.0,0.0,0.9002713704206242,0.27999999999999997,0.0,0.9999999999999999,0.0,CompressionPressure,0.9999999999999999
1709,2026-04-30 14:00:00,Pure Unresolved Compression Equilibrium,Unresolved->Unresolved->Unresolved->Unresolved,-1.4428232973175175e-12,0.0,1.0,0.0,0.0,0.0,0.0,0.9002713704206242,0.27999999999999997,0.0,0.9999999999999999,0.0,CompressionPressure,0.9999999999999999
1710,2026-05-01 06:35:00,Pure Unresolved Compression Equilibrium,Unresolved->Unresolved->Unresolved->Unresolved,-1.4428232973175175e-12,0.0,1.0,0.0,0.0,0.0,0.0,0.9002713704206242,0.27999999999999997,0.0,0.9999999999999999,0.0,CompressionPressure,0.9999999999999999
1711,2026-05-01 06:40:00,Pure Unresolved Compression Equilibrium,Unresolved->Unresolved->Unresolved->Unresolved,-1.4428232973175175e-12,0.0,1.0,0.0,0.0,0.0,0.0,0.9002713704206242,0.27999999999999997,0.0,0.9999999999999999,0.0,CompressionPressure,0.9999999999999999
1712,2026-05-01 06:45:00,Pure Unresolved Compression Equilibrium,Unresolved->Unresolved->Unresolved->Unresolved,-1.4428232973175175e-12,0.0,1.0,0.0,0.0,0.0,0.0,0.9002713704206242,0.27999999999999997,0.0,0.9999999999999999,0.0,CompressionPressure,0.9999999999999999
1713,2026-05-01 06:50:00,Pure Unresolved Compression Equilibrium,Unresolved->Unresolved->Unresolved->Unresolved,-1.4428232973175175e-12,0.0,1.0,0.0,0.0,0.0,0.0,0.9002713704206242,0.27999999999999997,0.0,0.9999999999999999,0.0,CompressionPressure,0.9999999999999999
1714,2026-05-01 06:55:00,Pure Unresolved Compression Equilibrium,Unresolved->Unresolved->Unresolved->Unresolved,-1.4428232973175175e-12,0.0,1.0,0.0,0.0,0.0,0.0,0.9002713704206242,0.27999999999999997,0.0,0.9999999999999999,0.0,CompressionPressure,0.9999999999999999
1715,2026-05-01 07:00:00,Directional Continuation / Sponsor Release,Unresolved->Unresolved->Unresolved->Directional,0.4689955935863958,0.1111111111111111,0.9,0.1,1.0,2.5,7.5,0.8625971745550324,0.6493516583474204,0.25781746031746033,0.4512433309564058,0.1478308813351193,DirectionalReleasePressure,0.6493516583474204
1716,2026-05-01 07:05:00,Directional Continuation / Sponsor Release,Unresolved->Unresolved->Directional->Directional,0.7219280948844771,0.1111111111111111,0.8,0.2,1.0,2.5,7.5,0.8249229786894405,0.5806893403551319,0.25781746031746033,0.3937683829586091,0.20315986599407457,DirectionalReleasePressure,0.5806893403551319
1717,2026-05-01 07:10:00,Directional Continuation / Sponsor Release,Unresolved->Directional->Directional->Directional,0.8812908992278072,0.1111111111111111,0.7,0.3,1.0,2.5,7.5,0.7872487828238486,0.532495393571695,0.25781746031746033,0.3421415410204842,0.238020479444178,DirectionalReleasePressure,0.532495393571695
1718,2026-05-01 07:15:00,Directional Continuation / Sponsor Release,Directional->Directional->Directional->Directional,0.9709505944517833,0.1111111111111111,0.6,0.4,1.0,2.5,7.5,0.7495745869582568,0.49954900190811685,0.25781746031746033,0.29487114340231907,0.25763353777442277,DirectionalReleasePressure,0.49954900190811685
1719,2026-05-01 07:20:00,Sponsor Exhaustion Collapse,Directional->Directional->Directional->Degrading,1.360964047439353,0.2222222222222222,0.5,0.5,0.0,9.5,7.5,0.7083913805520325,0.12816230122903563,0.19670634920634922,0.20105085814615156,0.39461564728212034,RotationalPressure,0.39461564728212034
1720,2026-05-01 07:25:00,Sponsor Exhaustion Collapse,Directional->Directional->Degrading->Degrading,1.5219280948830343,0.2222222222222222,0.4,0.6,0.0,9.5,7.5,0.6672081741458084,0.11117182467996212,0.19670634920634922,0.14932393851425482,0.4298265326604256,RotationalPressure,0.4298265326604256
1721,2026-05-01 07:30:00,Sponsor Exhaustion Collapse,Directional->Degrading->Degrading->Degrading,1.5709505944503404,0.2222222222222222,0.4,0.7,0.0,9.5,7.5,0.626024967739584,0.11441853955684027,0.19670634920634922,0.1462600322912982,0.4405502044407738,RotationalPressure,0.4405502044407738
1722,2026-05-01 07:35:00,Sponsor Exhaustion Collapse,Degrading->Degrading->Degrading->Degrading,1.5219280948830343,0.2222222222222222,0.4,0.7,0.0,9.5,7.5,0.5848417613333599,0.11817182467996212,0.19670634920634922,0.14932393851425482,0.4298265326604256,RotationalPressure,0.4298265326604256
1723,2026-05-01 07:40:00,Sponsor Exhaustion Collapse,Degrading->Degrading->Degrading->Degrading,1.360964047439353,0.2222222222222222,0.5,0.7,0.0,9.5,7.5,0.5436585549271357,0.14216230122903564,0.19670634920634922,0.20105085814615156,0.39461564728212034,RotationalPressure,0.39461564728212034
1724,2026-05-01 07:45:00,Sponsor Exhaustion Collapse,Degrading->Degrading->Degrading->Degrading,0.9709505944517833,0.1111111111111111,0.6,0.7,0.0,9.5,7.5,0.5024753485209114,0.1958421506678409,0.18281746031746032,0.29487114340231907,0.2676335377744228,CompressionPressure,0.29487114340231907
1725,2026-05-01 07:50:00,Stable Compression Basin,Degrading->Degrading->Degrading->Unresolved,1.2954618442339936,0.2222222222222222,0.6,0.6,0.0,9.940999999999999,0.0,0.5045853422914905,0.15184398032861263,0.0632813492063492,0.6968114125131533,0.380917040330948,CompressionPressure,0.6968114125131533
1726,2026-05-01 07:55:00,Unstable Rotational Balance,Degrading->Degrading->Unresolved->Balance,1.5709505944488977,0.3333333333333333,0.6,0.5,0.0,16.256999999999998,0.0,0.5038197027023216,0.11159909511250626,0.09972738095238094,0.20181558784694392,0.741869728249982,RotationalPressure,0.741869728249982
1727,2026-05-01 08:00:00,Stable Compression Basin,Degrading->Unresolved->Balance->Unresolved,1.5709505944488977,0.4444444444444444,0.6,0.4,0.0,18.362000000000002,0.0,0.505929696472901,0.09244631733472851,0.12113412698412698,0.6240378100691661,0.5365435377737916,CompressionPressure,0.6240378100691661
1728,2026-05-01 08:05:00,Sponsor Exhaustion Collapse,Unresolved->Balance->Unresolved->Degrading,1.1567796494427114,0.4444444444444444,0.7,0.3,0.0,18.362000000000002,0.0,0.502124473138754,0.1288229469784313,0.221134126984127,0.24159016079871942,0.4459436435536883,RotationalPressure,0.4459436435536883
1729,2026-05-01 08:10:00,Sponsor Exhaustion Collapse,Balance->Unresolved->Degrading->Degrading,1.1567796494427114,0.4444444444444444,0.7,0.2,0.0,11.361999999999998,0.0,0.502124473138754,0.12182294697843131,0.19613412698412697,0.24159016079871942,0.4359436435536883,RotationalPressure,0.4359436435536883
1730,2026-05-01 08:15:00,Sponsor Exhaustion Collapse,Unresolved->Degrading->Degrading->Degrading,1.1567796494427114,0.4444444444444444,0.7,0.1,0.0,11.361999999999998,0.0,0.502124473138754,0.1148229469784313,0.19613412698412697,0.24159016079871942,0.4359436435536883,RotationalPressure,0.4359436435536883
1731,2026-05-01 08:20:00,Sponsor Exhaustion Collapse,Degrading->Degrading->Degrading->Degrading,1.1567796494427114,0.4444444444444444,0.7,0.0,0.0,11.361999999999998,0.0,0.502124473138754,0.1078229469784313,0.19613412698412697,0.24159016079871942,0.4359436435536883,RotationalPressure,0.4359436435536883
1732,2026-05-01 08:25:00,Sponsor Exhaustion Collapse,Degrading->Degrading->Degrading->Degrading,1.1567796494427114,0.4444444444444444,0.7,0.0,0.0,11.361999999999998,0.0,0.502124473138754,0.1078229469784313,0.19613412698412697,0.24159016079871942,0.4359436435536883,RotationalPressure,0.4359436435536883
1733,2026-05-01 08:30:00,Stable Compression Basin,Degrading->Degrading->Degrading->Unresolved,1.2954618442339936,0.5555555555555556,0.6,0.0,0.0,14.303,0.0,0.5077434774499657,0.0733856469952793,0.1205265873015873,0.6134780791798199,0.5121484689023765,CompressionPressure,0.6134780791798199
1734,2026-05-01 08:35:00,Stable Compression Basin,Degrading->Degrading->Unresolved->Unresolved,1.360964047439353,0.4444444444444444,0.5,0.0,0.0,14.303,0.0,0.5133624817611775,0.0688567456734801,0.1066376984126984,0.595495302590596,0.48481040918688223,CompressionPressure,0.595495302590596
1735,2026-05-01 08:40:00,Stable Compression Basin,Degrading->Unresolved->Unresolved->Unresolved,1.360964047439353,0.3333333333333333,0.5,0.0,0.0,11.361999999999998,0.0,0.5133624817611775,0.08100952345125786,0.0822452380952381,0.6232730803683738,0.438942313948787,CompressionPressure,0.6232730803683738
1736,2026-05-01 08:45:00,Pure Unresolved Compression Equilibrium,Unresolved->Unresolved->Unresolved->Unresolved,1.360964047439353,0.3333333333333333,0.5,0.0,0.0,5.046,0.0,0.5518023172159383,0.08100952345125786,0.059688095238095235,0.6232730803683738,0.4299194568059299,CompressionPressure,0.6232730803683738
1737,2026-05-01 08:50:00,Pure Unresolved Compression Equilibrium,Unresolved->Unresolved->Unresolved->Unresolved,1.4854752972230063,0.2222222222222222,0.5,0.0,0.0,2.941,0.0,0.5873665193109507,0.08362940866747469,0.03828134920634921,0.6432689050346733,0.4124824831722945,CompressionPressure,0.6432689050346733
1738,2026-05-01 08:55:00,Pure Unresolved Compression Equilibrium,Unresolved->Unresolved->Unresolved->Unresolved,1.5709505944503404,0.2222222222222222,0.4,0.0,0.0,2.941,0.0,0.6288459385106895,0.06541853955684027,0.03828134920634921,0.5962600322912982,0.4311802044407738,CompressionPressure,0.5962600322912982
1739,2026-05-01 09:00:00,Pure Unresolved Compression Equilibrium,Unresolved->Unresolved->Unresolved->Unresolved,1.5709505944503404,0.2222222222222222,0.4,0.0,0.0,2.941,0.0,0.6700291449169138,0.06541853955684027,0.03828134920634921,0.5962600322912982,0.4311802044407738,CompressionPressure,0.5962600322912982
1740,2026-05-01 09:05:00,Pure Unresolved Compression Equilibrium,Unresolved->Unresolved->Unresolved->Unresolved,1.4854752972230063,0.2222222222222222,0.5,0.0,0.0,2.941,0.0,0.7112123513231381,0.08362940866747469,0.03828134920634921,0.6432689050346733,0.4124824831722945,CompressionPressure,0.6432689050346733
1741,2026-05-01 09:10:00,Pure Unresolved Compression Equilibrium,Unresolved->Unresolved->Unresolved->Unresolved,1.2954618442339936,0.2222222222222222,0.6,0.0,0.0,2.941,0.0,0.7523955577293624,0.10984398032861264,0.03828134920634921,0.6968114125131533,0.37091704033094797,CompressionPressure,0.6968114125131533
1742,2026-05-01 09:15:00,Pure Unresolved Compression Equilibrium,Unresolved->Unresolved->Unresolved->Unresolved,0.8812908992278072,0.1111111111111111,0.7,0.0,0.0,2.941,0.0,0.7935787641355866,0.1653733877500932,0.024392460317460316,0.7921415410204843,0.23865047944417803,CompressionPressure,0.7921415410204843
1743,2026-05-01 09:20:00,Pure Unresolved Compression Equilibrium,Unresolved->Unresolved->Unresolved->Unresolved,0.7219280948844771,0.1111111111111111,0.8,0.0,0.0,0.0,0.0,0.829142966230599,0.18924126912429612,0.013888888888888888,0.8437683829586091,0.199588437422646,CompressionPressure,0.8437683829586091
1744,2026-05-01 09:25:00,Pure Unresolved Compression Equilibrium,Unresolved->Unresolved->Unresolved->Unresolved,0.4689955935863958,0.1111111111111111,0.9,0.0,0.0,0.0,0.0,0.8647071683256116,0.2202730804215971,0.013888888888888888,0.9012433309564057,0.14425945276369073,CompressionPressure,0.9012433309564057
1745,2026-05-01 09:30:00,Pure Unresolved Compression Equilibrium,Unresolved->Unresolved->Unresolved->Unresolved,-1.4428232973175175e-12,0.0,1.0,0.0,0.0,0.0,0.0,0.9002713704206242,0.27999999999999997,0.0,0.9999999999999999,0.0,CompressionPressure,0.9999999999999999
1746,2026-05-01 09:35:00,Pure Unresolved Compression Equilibrium,Unresolved->Unresolved->Unresolved->Unresolved,-1.4428232973175175e-12,0.0,1.0,0.0,0.0,0.0,0.0,0.9002713704206242,0.27999999999999997,0.0,0.9999999999999999,0.0,CompressionPressure,0.9999999999999999
1747,2026-05-01 09:40:00,Sponsor Exhaustion Collapse,Unresolved->Unresolved->Unresolved->Degrading,0.4689955935863958,0.1111111111111111,0.9,0.0,0.0,6.364,0.0,0.8590881640143999,0.2202730804215971,0.1366174603174603,0.4512433309564058,0.15335088133511932,CompressionPressure,0.4512433309564058
1748,2026-05-01 09:45:00,Stable Compression Basin,Unresolved->Unresolved->Degrading->Unresolved,0.9219280948830342,0.2222222222222222,0.8,0.0,0.0,9.305,0.0,0.8235239619193873,0.16177599134662882,0.06100992063492063,0.8034906051809215,0.2982979612318542,CompressionPressure,0.8034906051809215
1749,2026-05-01 09:50:00,Sponsor Exhaustion Collapse,Unresolved->Degrading->Unresolved->Degrading,1.1567796494427114,0.3333333333333333,0.7,0.0,0.0,15.669,0.0,0.7823407555131631,0.11997572475620906,0.19762738095238097,0.2693679385764972,0.40042983402987886,RotationalPressure,0.40042983402987886
1750,2026-05-01 09:55:00,Sponsor Exhaustion Collapse,Degrading->Unresolved->Degrading->Degrading,1.2954618442339936,0.3333333333333333,0.6,0.0,0.0,15.669,0.0,0.7411575491069389,0.09769120255083487,0.19762738095238097,0.2190336347353754,0.43076656414047176,RotationalPressure,0.43076656414047176
1751,2026-05-01 10:00:00,Unstable Rotational Balance,Unresolved->Degrading->Degrading->Balance,1.6854752972215634,0.4444444444444444,0.5,0.0,0.0,25.669,0.0,0.702717713652178,0.050555555555555555,0.14723055555555556,0.13055555555555556,0.8033366666666666,RotationalPressure,0.8033366666666666
1752,2026-05-01 10:05:00,Stable Compression Basin,Degrading->Degrading->Balance->Unresolved,1.8464393446652445,0.5555555555555556,0.4,0.0,0.0,27.774,0.0,0.6671535115571656,0.026736111111111113,0.1686373015873016,0.5111111111111111,0.5980104761904762,RotationalPressure,0.5980104761904762
1753,2026-05-01 10:10:00,Unstable Rotational Balance,Degrading->Balance->Unresolved->Balance,1.9709505944488979,0.6666666666666666,0.3,0.0,0.0,34.089999999999996,0.0,0.6287136761024047,0.01458333333333334,0.2050833333333333,0.033333333333333354,0.8986999999999999,RotationalPressure,0.8986999999999999
1754,2026-05-01 10:15:00,Unstable Rotational Balance,Balance->Unresolved->Balance->Balance,1.9709505944488979,0.6666666666666666,0.3,0.0,0.0,34.089999999999996,0.0,0.5902738406476439,0.01458333333333334,0.2050833333333333,0.033333333333333354,0.8986999999999999,RotationalPressure,0.8986999999999999
1755,2026-05-01 10:20:00,Stable Compression Basin,Unresolved->Balance->Balance->Unresolved,1.8954618442325508,0.7777777777777778,0.3,0.0,0.0,36.195,0.0,0.5547096385526313,0.002430555555555559,0.22649007936507937,0.4555555555555556,0.6933738095238094,RotationalPressure,0.6933738095238094
1756,2026-05-01 10:25:00,Sponsor Exhaustion Collapse,Balance->Balance->Unresolved->Degrading,1.5709505944503404,0.7777777777777778,0.4,0.0,0.0,42.559,0.0,0.5135264321464071,0.004654650667951382,0.3492186507936508,0.007371143402409297,0.69611068063125,RotationalPressure,0.69611068063125
1757,2026-05-01 10:30:00,Stable Compression Basin,Balance->Unresolved->Degrading->Unresolved,1.5709505944503404,0.7777777777777778,0.4,0.0,0.0,36.195,0.0,0.5132302193528926,0.004654650667951382,0.22649007936507937,0.45737114340240936,0.6870192520598214,RotationalPressure,0.6870192520598214
1758,2026-05-01 10:35:00,Stable Compression Basin,Unresolved->Degrading->Unresolved->Unresolved,1.5709505944503404,0.6666666666666666,0.4,0.0,0.0,33.254,0.0,0.5132302193528926,0.016807428445729165,0.20209761904761903,0.48514892118018715,0.6411511568217262,RotationalPressure,0.6411511568217262
1759,2026-05-01 10:40:00,Stable Compression Basin,Degrading->Unresolved->Unresolved->Unresolved,1.4854752972230063,0.6666666666666666,0.5,0.0,0.0,26.889999999999997,0.0,0.5188492236641045,0.03501829755636359,0.1793690476190476,0.5321577939235621,0.6133620069818183,RotationalPressure,0.6133620069818183
1760,2026-05-01 10:45:00,Pure Unresolved Compression Equilibrium,Unresolved->Unresolved->Unresolved->Unresolved,1.6854752972215634,0.6666666666666666,0.5,0.0,0.0,26.889999999999997,0.0,0.5600324300703287,0.026250000000000002,0.1793690476190476,0.525,0.6384142857142857,RotationalPressure,0.6384142857142857
1761,2026-05-01 10:50:00,Pure Unresolved Compression Equilibrium,Unresolved->Unresolved->Unresolved->Unresolved,1.7609640474379105,0.5555555555555556,0.5,0.0,0.0,16.889999999999997,0.0,0.5984722655250895,0.03840277777777777,0.129765873015873,0.5527777777777778,0.5824619047619047,RotationalPressure,0.5824619047619047
1762,2026-05-01 10:55:00,Unstable Rotational Balance,Unresolved->Unresolved->Unresolved->Balance,1.8464393446652445,0.5555555555555556,0.4,0.0,0.0,21.101,0.0,0.5955966321653412,0.026736111111111113,0.14480515873015873,0.061111111111111116,0.8384776190476191,RotationalPressure,0.8384776190476191
1763,2026-05-01 11:00:00,Stable Compression Basin,Unresolved->Unresolved->Balance->Unresolved,1.7609640474379105,0.6666666666666666,0.5,0.0,0.0,16.89,0.0,0.5984722655250895,0.026250000000000002,0.1436547619047619,0.525,0.6241285714285714,RotationalPressure,0.6241285714285714
1764,2026-05-01 11:05:00,Stable Compression Basin,Unresolved->Balance->Unresolved->Unresolved,1.5709505944488977,0.5555555555555556,0.6,0.0,0.0,16.89,0.0,0.6013478988848379,0.05229353955695071,0.12976587301587303,0.5962600322913884,0.576107347297601,CompressionPressure,0.5962600322913884
1765,2026-05-01 11:10:00,Stable Compression Basin,Balance->Unresolved->Unresolved->Unresolved,1.5709505944488977,0.4444444444444444,0.6,0.0,0.0,14.785,0.0,0.6013478988848379,0.0644463173347285,0.10835912698412697,0.6240378100691661,0.5314335377737917,CompressionPressure,0.6240378100691661
1766,2026-05-01 11:15:00,Pure Unresolved Compression Equilibrium,Unresolved->Unresolved->Unresolved->Unresolved,1.2954618442339936,0.4444444444444444,0.6,0.0,0.0,8.421,0.0,0.642531105291062,0.08553842477305709,0.08563055555555554,0.6412558569575977,0.4620789450928527,CompressionPressure,0.6412558569575977
1767,2026-05-01 11:20:00,Pure Unresolved Compression Equilibrium,Unresolved->Unresolved->Unresolved->Unresolved,1.360964047439353,0.4444444444444444,0.5,0.0,0.0,8.421,0.0,0.6840105244908008,0.0688567456734801,0.08563055555555554,0.595495302590596,0.4764075520440251,CompressionPressure,0.595495302590596
1768,2026-05-01 11:25:00,Unstable Rotational Balance,Unresolved->Unresolved->Unresolved->Balance,1.5219280948830343,0.5555555555555556,0.4,0.0,0.0,14.737,0.0,0.6811348911310524,0.032713491346628806,0.1220765873015873,0.06599060518092148,0.8123079612318541,RotationalPressure,0.8123079612318541
1769,2026-05-01 11:30:00,Stable Compression Basin,Unresolved->Unresolved->Balance->Unresolved,1.5219280948830343,0.5555555555555556,0.4,0.0,0.0,16.842000000000002,0.0,0.6811348911310524,0.032713491346628806,0.12959444444444446,0.5159906051809214,0.565315104088997,RotationalPressure,0.565315104088997
1770,2026-05-01 11:35:00,Stable Compression Basin,Unresolved->Balance->Unresolved->Unresolved,1.4854752972230063,0.5555555555555556,0.5,0.0,0.0,16.842000000000002,0.0,0.64557068903604,0.04717107533414137,0.12959444444444446,0.5599355717013399,0.5573410546008659,CompressionPressure,0.5599355717013399
1771,2026-05-01 11:40:00,Stable Compression Basin,Balance->Unresolved->Unresolved->Unresolved,1.3709505944503406,0.4444444444444444,0.6,0.0,0.0,16.842,0.0,0.6100064869410275,0.07975881733461802,0.11570555555555555,0.636537810069076,0.49062210920267857,CompressionPressure,0.636537810069076
1772,2026-05-01 11:45:00,Pure Unresolved Compression Equilibrium,Unresolved->Unresolved->Unresolved->Unresolved,1.2954618442339936,0.4444444444444444,0.6,0.0,0.0,10.526,0.0,0.6484463223957884,0.08553842477305709,0.0931484126984127,0.6412558569575977,0.46508608794999556,CompressionPressure,0.6412558569575977
1773,2026-05-01 11:50:00,Pure Unresolved Compression Equilibrium,Unresolved->Unresolved->Unresolved->Unresolved,1.360964047439353,0.4444444444444444,0.5,0.0,0.0,8.421,0.0,0.6840105244908008,0.0688567456734801,0.08563055555555554,0.595495302590596,0.4764075520440251,CompressionPressure,0.595495302590596
1774,2026-05-01 11:55:00,Pure Unresolved Compression Equilibrium,Unresolved->Unresolved->Unresolved->Unresolved,1.360964047439353,0.4444444444444444,0.5,0.0,0.0,8.421,0.0,0.7195747265858132,0.0688567456734801,0.08563055555555554,0.595495302590596,0.4764075520440251,CompressionPressure,0.595495302590596
1775,2026-05-01 12:00:00,Pure Unresolved Compression Equilibrium,Unresolved->Unresolved->Unresolved->Unresolved,1.2954618442339936,0.3333333333333333,0.6,0.0,0.0,8.421,0.0,0.7551389286808258,0.09769120255083487,0.07174166666666666,0.6690336347353755,0.42041227842618606,CompressionPressure,0.6690336347353755
1776,2026-05-01 12:05:00,Pure Unresolved Compression Equilibrium,Unresolved->Unresolved->Unresolved->Unresolved,1.2954618442339936,0.3333333333333333,0.6,0.0,0.0,8.421,0.0,0.7551389286808258,0.09769120255083487,0.07174166666666666,0.6690336347353755,0.42041227842618606,CompressionPressure,0.6690336347353755
1777,2026-05-01 12:10:00,Pure Unresolved Compression Equilibrium,Unresolved->Unresolved->Unresolved->Unresolved,1.2954618442339936,0.2222222222222222,0.6,0.0,0.0,8.421,0.0,0.7551389286808258,0.10984398032861264,0.057852777777777774,0.6968114125131533,0.3787456117595194,CompressionPressure,0.6968114125131533
1778,2026-05-01 12:15:00,Pure Unresolved Compression Equilibrium,Unresolved->Unresolved->Unresolved->Unresolved,0.8812908992278072,0.1111111111111111,0.7,0.0,0.0,2.105,0.0,0.7935787641355866,0.1653733877500932,0.02140674603174603,0.7921415410204843,0.2374561937298923,CompressionPressure,0.7921415410204843
1779,2026-05-01 12:20:00,Pure Unresolved Compression Equilibrium,Unresolved->Unresolved->Unresolved->Unresolved,0.7219280948844771,0.1111111111111111,0.8,0.0,0.0,0.0,0.0,0.829142966230599,0.18924126912429612,0.013888888888888888,0.8437683829586091,0.199588437422646,CompressionPressure,0.8437683829586091
1780,2026-05-01 12:25:00,Pure Unresolved Compression Equilibrium,Unresolved->Unresolved->Unresolved->Unresolved,0.4689955935863958,0.1111111111111111,0.9,0.0,0.0,0.0,0.0,0.8647071683256116,0.2202730804215971,0.013888888888888888,0.9012433309564057,0.14425945276369073,CompressionPressure,0.9012433309564057
1781,2026-05-01 12:30:00,Pure Unresolved Compression Equilibrium,Unresolved->Unresolved->Unresolved->Unresolved,-1.4428232973175175e-12,0.0,1.0,0.0,0.0,0.0,0.0,0.9002713704206242,0.27999999999999997,0.0,0.9999999999999999,0.0,CompressionPressure,0.9999999999999999
1782,2026-05-01 12:35:00,Pure Unresolved Compression Equilibrium,Unresolved->Unresolved->Unresolved->Unresolved,-1.4428232973175175e-12,0.0,1.0,0.0,0.0,0.0,0.0,0.9002713704206242,0.27999999999999997,0.0,0.9999999999999999,0.0,CompressionPressure,0.9999999999999999
1783,2026-05-01 12:40:00,Pure Unresolved Compression Equilibrium,Unresolved->Unresolved->Unresolved->Unresolved,-1.4428232973175175e-12,0.0,1.0,0.0,0.0,0.0,0.0,0.9002713704206242,0.27999999999999997,0.0,0.9999999999999999,0.0,CompressionPressure,0.9999999999999999
1784,2026-05-01 12:45:00,Pure Unresolved Compression Equilibrium,Unresolved->Unresolved->Unresolved->Unresolved,-1.4428232973175175e-12,0.0,1.0,0.0,0.0,0.0,0.0,0.9002713704206242,0.27999999999999997,0.0,0.9999999999999999,0.0,CompressionPressure,0.9999999999999999
1785,2026-05-01 12:50:00,Pure Unresolved Compression Equilibrium,Unresolved->Unresolved->Unresolved->Unresolved,-1.4428232973175175e-12,0.0,1.0,0.0,0.0,0.0,0.0,0.9002713704206242,0.27999999999999997,0.0,0.9999999999999999,0.0,CompressionPressure,0.9999999999999999
1786,2026-05-01 12:55:00,Pure Unresolved Compression Equilibrium,Unresolved->Unresolved->Unresolved->Unresolved,-1.4428232973175175e-12,0.0,1.0,0.0,0.0,0.0,0.0,0.9002713704206242,0.27999999999999997,0.0,0.9999999999999999,0.0,CompressionPressure,0.9999999999999999
1787,2026-05-01 13:00:00,Sponsor Exhaustion Collapse,Unresolved->Unresolved->Unresolved->Degrading,0.4689955935863958,0.1111111111111111,0.9,0.0,0.0,6.364,0.0,0.8590881640143999,0.2202730804215971,0.1366174603174603,0.4512433309564058,0.15335088133511932,CompressionPressure,0.4512433309564058
1788,2026-05-01 13:05:00,Sponsor Exhaustion Collapse,Unresolved->Unresolved->Degrading->Degrading,0.7219280948844771,0.1111111111111111,0.8,0.0,0.0,6.364,0.0,0.8179049576081756,0.18924126912429612,0.1366174603174603,0.3937683829586091,0.2086798659940746,CompressionPressure,0.3937683829586091
1789,2026-05-01 13:10:00,Sponsor Exhaustion Collapse,Unresolved->Degrading->Degrading->Degrading,0.8812908992278072,0.1111111111111111,0.7,0.0,0.0,6.364,0.0,0.7767217512019513,0.1653733877500932,0.1366174603174603,0.3421415410204842,0.24354047944417803,CompressionPressure,0.3421415410204842
1790,2026-05-01 13:15:00,Sponsor Exhaustion Collapse,Degrading->Degrading->Degrading->Degrading,0.9709505944517833,0.1111111111111111,0.6,0.0,0.0,6.364,0.0,0.7355385447957271,0.14684215066784087,0.1366174603174603,0.29487114340231907,0.2631535377744228,CompressionPressure,0.29487114340231907
1791,2026-05-01 13:20:00,Sponsor Exhaustion Collapse,Degrading->Degrading->Degrading->Degrading,0.9999999999971146,0.1111111111111111,0.5,0.0,0.0,6.364,0.0,0.6943553383895029,0.1329513888891098,0.1366174603174603,0.25138888888906924,0.26950809523746405,RotationalPressure,0.26950809523746405
1792,2026-05-01 13:25:00,Sponsor Exhaustion Collapse,Degrading->Degrading->Degrading->Degrading,0.9709505944517833,0.1111111111111111,0.6,0.0,0.0,6.364,0.0,0.6531721319832786,0.14684215066784087,0.1366174603174603,0.29487114340231907,0.2631535377744228,CompressionPressure,0.29487114340231907
1793,2026-05-01 13:30:00,Sponsor Exhaustion Collapse,Degrading->Degrading->Degrading->Degrading,0.8812908992278072,0.1111111111111111,0.7,0.0,0.0,6.364,0.0,0.6119889255770543,0.1653733877500932,0.1366174603174603,0.3421415410204842,0.24354047944417803,CompressionPressure,0.3421415410204842
1794,2026-05-01 13:35:00,Sponsor Exhaustion Collapse,Degrading->Degrading->Degrading->Degrading,0.7219280948844771,0.1111111111111111,0.8,0.0,0.0,6.364,0.0,0.5708057191708301,0.18924126912429612,0.1366174603174603,0.3937683829586091,0.2086798659940746,CompressionPressure,0.3937683829586091
1795,2026-05-01 13:40:00,Sponsor Exhaustion Collapse,Degrading->Degrading->Degrading->Degrading,0.4689955935863958,0.1111111111111111,0.9,0.0,0.0,6.364,0.0,0.5296225127646059,0.2202730804215971,0.1366174603174603,0.4512433309564058,0.15335088133511932,CompressionPressure,0.4512433309564058
1796,2026-05-01 13:45:00,Stable Compression Basin,Degrading->Degrading->Degrading->Unresolved,0.4689955935863958,0.1111111111111111,0.9,0.0,0.0,9.305,0.0,0.4940583106695933,0.2202730804215971,0.047121031746031744,0.9012433309564057,0.15755230990654787,CompressionPressure,0.9012433309564057
1797,2026-05-01 13:50:00,Stable Compression Basin,Degrading->Degrading->Unresolved->Unresolved,0.7219280948844771,0.1111111111111111,0.8,0.0,0.0,2.941,0.0,0.49967731498080503,0.18924126912429612,0.024392460317460316,0.8437683829586091,0.2037898659940746,CompressionPressure,0.8437683829586091
1798,2026-05-01 13:55:00,Sponsor Exhaustion Collapse,Degrading->Unresolved->Unresolved->Degrading,0.7219280948844771,0.2222222222222222,0.8,0.0,0.0,9.305,0.0,0.49967731498080514,0.17708849134651833,0.16100992063492064,0.3659906051808313,0.25454796123216983,CompressionPressure,0.3659906051808313
1799,2026-05-01 14:00:00,Stable Compression Basin,Unresolved->Unresolved->Degrading->Unresolved,0.8812908992278072,0.3333333333333333,0.7,0.0,0.0,12.245999999999999,0.0,0.5052963192920169,0.14106783219453767,0.08540238095238095,0.7365859854649287,0.33527666992036853,CompressionPressure,0.7365859854649287
1800,2026-05-04 06:35:00,Stable Compression Basin,Unresolved->Degrading->Unresolved->Unresolved,0.9709505944517833,0.3333333333333333,0.6,0.0,0.0,12.245999999999999,0.0,0.5109153236032287,0.12253659511228533,0.08540238095238095,0.6893155878467636,0.35488972825061327,CompressionPressure,0.6893155878467636
1801,2026-05-04 06:40:00,Stable Compression Basin,Degrading->Unresolved->Unresolved->Unresolved,0.9999999999971146,0.3333333333333333,0.5,0.0,0.0,12.245999999999999,0.0,0.5165343279144403,0.10864583333355424,0.08540238095238095,0.6458333333335138,0.3612442857136545,CompressionPressure,0.6458333333335138
1802,2026-05-04 06:45:00,Pure Unresolved Compression Equilibrium,Unresolved->Unresolved->Unresolved->Unresolved,1.360964047439353,0.4444444444444444,0.5,0.0,0.0,12.245999999999999,0.0,0.5577175343206646,0.0688567456734801,0.09929126984126983,0.595495302590596,0.4818718377583108,CompressionPressure,0.595495302590596
1803,2026-05-04 06:50:00,Pure Unresolved Compression Equilibrium,Unresolved->Unresolved->Unresolved->Unresolved,1.4854752972230063,0.4444444444444444,0.5,0.0,0.0,12.245999999999999,0.0,0.5989007407268888,0.059323853111919136,0.09929126984126983,0.5877133494791177,0.509108673648485,CompressionPressure,0.5877133494791177
1804,2026-05-04 06:55:00,Pure Unresolved Compression Equilibrium,Unresolved->Unresolved->Unresolved->Unresolved,1.4854752972230063,0.4444444444444444,0.5,0.0,0.0,12.245999999999999,0.0,0.6400839471331131,0.059323853111919136,0.09929126984126983,0.5877133494791177,0.509108673648485,CompressionPressure,0.5877133494791177
1805,2026-05-04 07:00:00,Pure Unresolved Compression Equilibrium,Unresolved->Unresolved->Unresolved->Unresolved,1.360964047439353,0.3333333333333333,0.5,0.0,0.0,12.245999999999999,0.0,0.6812671535393374,0.08100952345125786,0.08540238095238095,0.6232730803683738,0.44020517109164414,CompressionPressure,0.6232730803683738
1806,2026-05-04 07:05:00,Pure Unresolved Compression Equilibrium,Unresolved->Unresolved->Unresolved->Unresolved,1.360964047439353,0.3333333333333333,0.5,0.0,0.0,9.305,0.0,0.7168313556343499,0.08100952345125786,0.07489880952380952,0.6232730803683738,0.4360037425202156,CompressionPressure,0.6232730803683738
1807,2026-05-04 07:10:00,Pure Unresolved Compression Equilibrium,Unresolved->Unresolved->Unresolved->Unresolved,1.2954618442339936,0.2222222222222222,0.6,0.0,0.0,9.305,0.0,0.7523955577293624,0.10984398032861264,0.06100992063492063,0.6968114125131533,0.38000846890237655,CompressionPressure,0.6968114125131533
1808,2026-05-04 07:15:00,Unstable Rotational Balance,Unresolved->Unresolved->Unresolved->Balance,1.2954618442339936,0.2222222222222222,0.6,0.0,0.0,9.257,0.0,0.7551389286808258,0.10984398032861264,0.06083849206349206,0.2468114125131532,0.6299398974738051,RotationalPressure,0.6299398974738051
1809,2026-05-04 07:20:00,Stable Compression Basin,Unresolved->Unresolved->Balance->Unresolved,1.2954618442339936,0.3333333333333333,0.6,0.0,0.0,8.421,0.0,0.7551389286808258,0.09769120255083487,0.07174166666666666,0.6690336347353755,0.42041227842618606,CompressionPressure,0.6690336347353755
1810,2026-05-04 07:25:00,Stable Compression Basin,Unresolved->Balance->Unresolved->Unresolved,1.2954618442339936,0.3333333333333333,0.6,0.0,0.0,8.421,0.0,0.7551389286808258,0.09769120255083487,0.07174166666666666,0.6690336347353755,0.42041227842618606,CompressionPressure,0.6690336347353755
1811,2026-05-04 07:30:00,Stable Compression Basin,Balance->Unresolved->Unresolved->Unresolved,1.2954618442339936,0.2222222222222222,0.6,0.0,0.0,8.421,0.0,0.7551389286808258,0.10984398032861264,0.057852777777777774,0.6968114125131533,0.3787456117595194,CompressionPressure,0.6968114125131533
1812,2026-05-04 07:35:00,Pure Unresolved Compression Equilibrium,Unresolved->Unresolved->Unresolved->Unresolved,1.2954618442339936,0.3333333333333333,0.6,0.0,0.0,8.421,0.0,0.7551389286808258,0.09769120255083487,0.07174166666666666,0.6690336347353755,0.42041227842618606,CompressionPressure,0.6690336347353755
1813,2026-05-04 07:40:00,Pure Unresolved Compression Equilibrium,Unresolved->Unresolved->Unresolved->Unresolved,1.2954618442339936,0.3333333333333333,0.6,0.0,0.0,8.421,0.0,0.7551389286808258,0.09769120255083487,0.07174166666666666,0.6690336347353755,0.42041227842618606,CompressionPressure,0.6690336347353755
1814,2026-05-04 07:45:00,Pure Unresolved Compression Equilibrium,Unresolved->Unresolved->Unresolved->Unresolved,1.2954618442339936,0.3333333333333333,0.6,0.0,0.0,8.421,0.0,0.7551389286808258,0.09769120255083487,0.07174166666666666,0.6690336347353755,0.42041227842618606,CompressionPressure,0.6690336347353755
1815,2026-05-04 07:50:00,Pure Unresolved Compression Equilibrium,Unresolved->Unresolved->Unresolved->Unresolved,1.2954618442339936,0.3333333333333333,0.6,0.0,0.0,8.421,0.0,0.7551389286808258,0.09769120255083487,0.07174166666666666,0.6690336347353755,0.42041227842618606,CompressionPressure,0.6690336347353755
1816,2026-05-04 07:55:00,Pure Unresolved Compression Equilibrium,Unresolved->Unresolved->Unresolved->Unresolved,1.2954618442339936,0.3333333333333333,0.6,0.0,0.0,8.421,0.0,0.7551389286808258,0.09769120255083487,0.07174166666666666,0.6690336347353755,0.42041227842618606,CompressionPressure,0.6690336347353755
1817,2026-05-04 08:00:00,Pure Unresolved Compression Equilibrium,Unresolved->Unresolved->Unresolved->Unresolved,1.2954618442339936,0.2222222222222222,0.6,0.0,0.0,8.421,0.0,0.7551389286808258,0.10984398032861264,0.057852777777777774,0.6968114125131533,0.3787456117595194,CompressionPressure,0.6968114125131533
1818,2026-05-04 08:05:00,Pure Unresolved Compression Equilibrium,Unresolved->Unresolved->Unresolved->Unresolved,0.8812908992278072,0.1111111111111111,0.7,0.0,0.0,2.105,0.0,0.7935787641355866,0.1653733877500932,0.02140674603174603,0.7921415410204843,0.2374561937298923,CompressionPressure,0.7921415410204843
1819,2026-05-04 08:10:00,Pure Unresolved Compression Equilibrium,Unresolved->Unresolved->Unresolved->Unresolved,0.7219280948844771,0.1111111111111111,0.8,0.0,0.0,0.0,0.0,0.829142966230599,0.18924126912429612,0.013888888888888888,0.8437683829586091,0.199588437422646,CompressionPressure,0.8437683829586091
1820,2026-05-04 08:15:00,Pure Unresolved Compression Equilibrium,Unresolved->Unresolved->Unresolved->Unresolved,0.4689955935863958,0.1111111111111111,0.9,0.0,0.0,0.0,0.0,0.8647071683256116,0.2202730804215971,0.013888888888888888,0.9012433309564057,0.14425945276369073,CompressionPressure,0.9012433309564057
1821,2026-05-04 08:20:00,Pure Unresolved Compression Equilibrium,Unresolved->Unresolved->Unresolved->Unresolved,-1.4428232973175175e-12,0.0,1.0,0.0,0.0,0.0,0.0,0.9002713704206242,0.27999999999999997,0.0,0.9999999999999999,0.0,CompressionPressure,0.9999999999999999
1822,2026-05-04 08:25:00,Directional Continuation / Sponsor Release,Unresolved->Unresolved->Unresolved->Directional,0.4689955935863958,0.1111111111111111,0.9,0.1,1.0,2.5,7.5,0.8625971745550324,0.6493516583474204,0.25781746031746033,0.4512433309564058,0.1478308813351193,DirectionalReleasePressure,0.6493516583474204
1823,2026-05-04 08:30:00,Directional Continuation / Sponsor Release,Unresolved->Unresolved->Directional->Directional,0.7219280948844771,0.1111111111111111,0.8,0.2,1.0,2.5,7.5,0.8249229786894405,0.5806893403551319,0.25781746031746033,0.3937683829586091,0.20315986599407457,DirectionalReleasePressure,0.5806893403551319
1824,2026-05-04 08:35:00,Directional Continuation / Sponsor Release,Unresolved->Directional->Directional->Balance,0.8812908992278072,0.1111111111111111,0.7,0.3,1.0,2.5,7.5,0.7834435594897017,0.532495393571695,0.25781746031746033,0.3421415410204842,0.238020479444178,DirectionalReleasePressure,0.532495393571695
1825,2026-05-04 08:40:00,Sponsor Exhaustion Collapse,Directional->Directional->Balance->Degrading,1.2954618442339936,0.2222222222222222,0.6,0.4,0.0,2.5,7.5,0.7419641402899629,0.13784398032861264,0.1717063492063492,0.2468114125131532,0.37028704033094795,RotationalPressure,0.37028704033094795
1826,2026-05-04 08:45:00,Stable Compression Basin,Directional->Balance->Degrading->Unresolved,1.6854752972215634,0.3333333333333333,0.5,0.5,0.0,2.5,7.5,0.7004847210902241,0.09770833333333333,0.08559523809523809,0.6083333333333334,0.47857142857142854,CompressionPressure,0.6083333333333334
1827,2026-05-04 08:50:00,Unstable Rotational Balance,Balance->Degrading->Unresolved->Balance,2.046439344663802,0.4444444444444444,0.4,0.5,0.0,2.5,7.5,0.6590053018904853,0.07388888888888889,0.09948412698412698,0.0888888888888889,0.7702380952380952,RotationalPressure,0.7702380952380952
1828,2026-05-04 08:55:00,Stable Compression Basin,Degrading->Unresolved->Balance->Unresolved,2.170950594447455,0.5555555555555556,0.3,0.5,0.0,4.6049999999999995,7.5,0.6234410997954729,0.06173611111111111,0.12089087301587301,0.5111111111111111,0.5649119047619048,RotationalPressure,0.5649119047619048
1829,2026-05-04 09:00:00,Unstable Rotational Balance,Unresolved->Balance->Unresolved->Balance,2.246439344663802,0.6666666666666666,0.3,0.5,0.0,10.921,7.5,0.5850012643407121,0.04958333333333334,0.15733690476190476,0.033333333333333354,0.8656014285714285,RotationalPressure,0.8656014285714285
1830,2026-05-04 09:05:00,Sponsor Exhaustion Collapse,Balance->Unresolved->Balance->Degrading,2.246439344663802,0.7777777777777778,0.3,0.5,0.0,10.921,7.5,0.5435218451409733,0.03743055555555556,0.2712257936507937,0.005555555555555564,0.6572680952380952,RotationalPressure,0.6572680952380952
1831,2026-05-04 09:10:00,Sponsor Exhaustion Collapse,Unresolved->Balance->Degrading->Degrading,1.9709505944488979,0.6666666666666666,0.3,0.5,0.0,10.921,7.5,0.5020424259412346,0.04958333333333334,0.25733690476190474,0.033333333333333354,0.6156014285714285,RotationalPressure,0.6156014285714285
1832,2026-05-04 09:15:00,Sponsor Exhaustion Collapse,Balance->Degrading->Degrading->Degrading,1.9219280948815916,0.6666666666666666,0.4,0.4,0.0,8.421,0.0,0.4982372026070877,0.04258333333333334,0.21340833333333334,0.033333333333333354,0.61203,RotationalPressure,0.61203
1833,2026-05-04 09:20:00,Stable Compression Basin,Degrading->Degrading->Degrading->Unresolved,1.8464393446652445,0.7777777777777778,0.4,0.3,0.0,11.361999999999998,0.0,0.500347196377667,0.023430555555555555,0.13780079365079365,0.4555555555555556,0.6578980952380952,RotationalPressure,0.6578980952380952
1834,2026-05-04 09:25:00,Stable Compression Basin,Degrading->Degrading->Unresolved->Unresolved,1.5219280948830343,0.6666666666666666,0.4,0.2,0.0,11.361999999999998,0.0,0.5062624134823933,0.034560713568851036,0.12391190476190475,0.48821282740314376,0.5991531993270922,RotationalPressure,0.5991531993270922
1835,2026-05-04 09:30:00,Stable Compression Basin,Degrading->Unresolved->Unresolved->Unresolved,1.4854752972230063,0.5555555555555556,0.5,0.1,0.0,11.361999999999998,0.0,0.5121776305871195,0.05417107533414137,0.11002301587301587,0.5599355717013399,0.5495124831722945,CompressionPressure,0.5599355717013399
1836,2026-05-04 09:35:00,Pure Unresolved Compression Equilibrium,Unresolved->Unresolved->Unresolved->Unresolved,1.8464393446652445,0.5555555555555556,0.4,0.0,0.0,11.361999999999998,0.0,0.5536570497868583,0.026736111111111113,0.11002301587301587,0.5111111111111111,0.5745647619047619,RotationalPressure,0.5745647619047619
1837,2026-05-04 09:40:00,Pure Unresolved Compression Equilibrium,Unresolved->Unresolved->Unresolved->Unresolved,1.8464393446652445,0.4444444444444444,0.4,0.0,0.0,11.361999999999998,0.0,0.595136468986597,0.038888888888888896,0.09613412698412697,0.538888888888889,0.5328980952380952,CompressionPressure,0.538888888888889
1838,2026-05-04 09:45:00,Pure Unresolved Compression Equilibrium,Unresolved->Unresolved->Unresolved->Unresolved,1.8954618442325508,0.3333333333333333,0.3,0.0,0.0,9.257,0.0,0.6307006710816095,0.051041666666666666,0.07472738095238095,0.5666666666666667,0.48822428571428567,CompressionPressure,0.5666666666666667
1839,2026-05-04 09:50:00,Unstable Rotational Balance,Unresolved->Unresolved->Unresolved->Balance,1.8954618442325508,0.3333333333333333,0.3,0.0,0.0,9.257,0.0,0.6307006710816095,0.051041666666666666,0.07472738095238095,0.11666666666666668,0.7382242857142857,RotationalPressure,0.7382242857142857
1840,2026-05-04 09:55:00,Unstable Rotational Balance,Unresolved->Unresolved->Balance->Balance,1.9709505944488979,0.3333333333333333,0.3,0.0,0.0,9.257,0.0,0.6337402548265875,0.051041666666666666,0.07472738095238095,0.11666666666666668,0.7382242857142857,RotationalPressure,0.7382242857142857
1841,2026-05-04 10:00:00,Unstable Rotational Balance,Unresolved->Balance->Balance->Balance,1.8954618442325508,0.3333333333333333,0.3,0.0,0.0,9.257,0.0,0.6367798385715654,0.051041666666666666,0.07472738095238095,0.11666666666666668,0.7382242857142857,RotationalPressure,0.7382242857142857
1842,2026-05-04 10:05:00,Unstable Rotational Balance,Balance->Balance->Balance->Unresolved,1.5709505944503404,0.2222222222222222,0.4,0.0,0.0,11.361999999999998,0.0,0.6398194223165433,0.06541853955684027,0.0683563492063492,0.1462600322912982,0.6932102044407739,RotationalPressure,0.6932102044407739
1843,2026-05-04 10:10:00,Stable Compression Basin,Balance->Balance->Unresolved->Unresolved,1.5709505944503404,0.3333333333333333,0.4,0.0,0.0,8.421,0.0,0.6398194223165433,0.0532657617790625,0.07174166666666666,0.5684822545135204,0.4806754425360119,CompressionPressure,0.5684822545135204
1844,2026-05-04 10:15:00,Stable Compression Basin,Balance->Unresolved->Unresolved->Unresolved,1.5709505944503404,0.3333333333333333,0.4,0.0,0.0,8.421,0.0,0.6398194223165433,0.0532657617790625,0.07174166666666666,0.5684822545135204,0.4806754425360119,CompressionPressure,0.5684822545135204
1845,2026-05-04 10:20:00,Pure Unresolved Compression Equilibrium,Unresolved->Unresolved->Unresolved->Unresolved,1.5219280948830343,0.3333333333333333,0.4,0.0,0.0,8.421,0.0,0.6753836244115557,0.05701904690218436,0.07174166666666666,0.571546160736477,0.4699517707556637,CompressionPressure,0.571546160736477
1846,2026-05-04 10:25:00,Pure Unresolved Compression Equilibrium,Unresolved->Unresolved->Unresolved->Unresolved,1.5219280948830343,0.3333333333333333,0.4,0.0,0.0,8.421,0.0,0.6753836244115557,0.05701904690218436,0.07174166666666666,0.571546160736477,0.4699517707556637,CompressionPressure,0.571546160736477
1847,2026-05-04 10:30:00,Pure Unresolved Compression Equilibrium,Unresolved->Unresolved->Unresolved->Unresolved,1.5219280948830343,0.3333333333333333,0.4,0.0,0.0,8.421,0.0,0.6753836244115557,0.05701904690218436,0.07174166666666666,0.571546160736477,0.4699517707556637,CompressionPressure,0.571546160736477
1848,2026-05-04 10:35:00,Pure Unresolved Compression Equilibrium,Unresolved->Unresolved->Unresolved->Unresolved,1.5219280948830343,0.2222222222222222,0.4,0.0,0.0,8.421,0.0,0.6753836244115557,0.06917182467996214,0.057852777777777774,0.5993239385142548,0.428285104088997,CompressionPressure,0.5993239385142548
1849,2026-05-04 10:40:00,Pure Unresolved Compression Equilibrium,Unresolved->Unresolved->Unresolved->Unresolved,1.4854752972230063,0.2222222222222222,0.5,0.0,0.0,2.105,0.0,0.7138234598663166,0.08362940866747469,0.03529563492063492,0.6432689050346733,0.4112881974580088,CompressionPressure,0.6432689050346733
1850,2026-05-04 10:45:00,Pure Unresolved Compression Equilibrium,Unresolved->Unresolved->Unresolved->Unresolved,1.3709505944503406,0.2222222222222222,0.6,0.0,0.0,2.105,0.0,0.7522632953210774,0.10406437289017358,0.03529563492063492,0.6920933656246315,0.38623591872648816,CompressionPressure,0.6920933656246315
1851,2026-05-04 10:50:00,Unstable Rotational Balance,Unresolved->Unresolved->Unresolved->Balance,1.3709505944503406,0.3333333333333333,0.6,0.0,0.0,8.421,0.0,0.7522632953210774,0.0919115951123958,0.07174166666666666,0.21431558784685373,0.686925442536012,RotationalPressure,0.686925442536012
1852,2026-05-04 10:55:00,Stable Compression Basin,Unresolved->Unresolved->Balance->Unresolved,1.2954618442339936,0.3333333333333333,0.6,0.0,0.0,8.421,0.0,0.7551389286808258,0.09769120255083487,0.07174166666666666,0.6690336347353755,0.42041227842618606,CompressionPressure,0.6690336347353755
1853,2026-05-04 11:00:00,Stable Compression Basin,Unresolved->Balance->Unresolved->Unresolved,1.2954618442339936,0.3333333333333333,0.6,0.0,0.0,8.421,0.0,0.7551389286808258,0.09769120255083487,0.07174166666666666,0.6690336347353755,0.42041227842618606,CompressionPressure,0.6690336347353755
1854,2026-05-04 11:05:00,Stable Compression Basin,Balance->Unresolved->Unresolved->Unresolved,1.2954618442339936,0.2222222222222222,0.6,0.0,0.0,8.421,0.0,0.7551389286808258,0.10984398032861264,0.057852777777777774,0.6968114125131533,0.3787456117595194,CompressionPressure,0.6968114125131533
1855,2026-05-04 11:10:00,Pure Unresolved Compression Equilibrium,Unresolved->Unresolved->Unresolved->Unresolved,1.2954618442339936,0.3333333333333333,0.6,0.0,0.0,8.421,0.0,0.7551389286808258,0.09769120255083487,0.07174166666666666,0.6690336347353755,0.42041227842618606,CompressionPressure,0.6690336347353755
1856,2026-05-04 11:15:00,Pure Unresolved Compression Equilibrium,Unresolved->Unresolved->Unresolved->Unresolved,1.2954618442339936,0.3333333333333333,0.6,0.0,0.0,8.421,0.0,0.7551389286808258,0.09769120255083487,0.07174166666666666,0.6690336347353755,0.42041227842618606,CompressionPressure,0.6690336347353755
1857,2026-05-04 11:20:00,Pure Unresolved Compression Equilibrium,Unresolved->Unresolved->Unresolved->Unresolved,1.2954618442339936,0.3333333333333333,0.6,0.0,0.0,8.421,0.0,0.7551389286808258,0.09769120255083487,0.07174166666666666,0.6690336347353755,0.42041227842618606,CompressionPressure,0.6690336347353755
1858,2026-05-04 11:25:00,Directional Continuation / Sponsor Release,Unresolved->Unresolved->Unresolved->Directional,1.6854752972215634,0.4444444444444444,0.5,0.1,1.0,10.921,7.5,0.7174647328152339,0.16444444444444445,0.32955912698412704,0.13055555555555556,0.5322680952380952,RotationalPressure,0.5322680952380952
1859,2026-05-04 11:30:00,Sponsor Exhaustion Collapse,Unresolved->Unresolved->Directional->Degrading,2.046439344663802,0.5555555555555556,0.4,0.2,1.0,17.921,7.5,0.6762815264090097,0.09311111111111113,0.26844801587301587,0.061111111111111116,0.5839347619047619,RotationalPressure,0.5839347619047619
1860,2026-05-04 11:35:00,Sponsor Exhaustion Collapse,Unresolved->Directional->Degrading->Degrading,2.170950594447455,0.4444444444444444,0.3,0.3,1.0,17.921,7.5,0.6350983200027855,0.13688888888888892,0.25455912698412697,0.0888888888888889,0.5422680952380952,RotationalPressure,0.5422680952380952
1861,2026-05-04 11:40:00,Unstable Rotational Balance,Directional->Degrading->Degrading->Balance,2.170950594447455,0.4444444444444444,0.3,0.4,0.0,11.605,7.5,0.6320587362578076,0.0668888888888889,0.1320019841269841,0.0888888888888889,0.783245238095238,RotationalPressure,0.783245238095238
1862,2026-05-04 11:45:00,Sponsor Exhaustion Collapse,Degrading->Degrading->Balance->Degrading,2.170950594447455,0.5555555555555556,0.3,0.4,0.0,14.5,7.5,0.6264397319465959,0.05473611111111112,0.25623015873015875,0.061111111111111116,0.579047619047619,RotationalPressure,0.579047619047619
1863,2026-05-04 11:50:00,Stable Compression Basin,Degrading->Balance->Degrading->Unresolved,2.170950594447455,0.6666666666666666,0.3,0.4,0.0,17.441,7.5,0.6264397319465957,0.04258333333333334,0.18062261904761906,0.4833333333333334,0.6249157142857142,RotationalPressure,0.6249157142857142
1864,2026-05-04 11:55:00,Stable Compression Basin,Balance->Degrading->Unresolved->Unresolved,2.170950594447455,0.5555555555555556,0.3,0.4,0.0,17.441,7.5,0.6264397319465957,0.05473611111111112,0.16673373015873016,0.5111111111111111,0.5832490476190476,RotationalPressure,0.5832490476190476
1865,2026-05-04 12:00:00,Stable Compression Basin,Degrading->Unresolved->Unresolved->Unresolved,2.170950594447455,0.5555555555555556,0.3,0.4,0.0,17.441,7.5,0.5908755298515833,0.05473611111111112,0.16673373015873016,0.5111111111111111,0.5832490476190476,RotationalPressure,0.5832490476190476
1866,2026-05-04 12:05:00,Pure Unresolved Compression Equilibrium,Unresolved->Unresolved->Unresolved->Unresolved,2.170950594447455,0.6666666666666666,0.3,0.4,0.0,17.441,7.5,0.5908755298515833,0.04258333333333334,0.18062261904761906,0.4833333333333334,0.6249157142857142,RotationalPressure,0.6249157142857142
1867,2026-05-04 12:10:00,Pure Unresolved Compression Equilibrium,Unresolved->Unresolved->Unresolved->Unresolved,2.170950594447455,0.5555555555555556,0.3,0.4,0.0,17.441,7.5,0.5908755298515833,0.05473611111111112,0.16673373015873016,0.5111111111111111,0.5832490476190476,RotationalPressure,0.5832490476190476
1868,2026-05-04 12:15:00,Pure Unresolved Compression Equilibrium,Unresolved->Unresolved->Unresolved->Unresolved,1.8954618442325508,0.4444444444444444,0.3,0.3,0.0,14.940999999999999,0.0,0.628549725717175,0.059888888888888894,0.10891626984126984,0.538888888888889,0.5380109523809523,CompressionPressure,0.538888888888889
1869,2026-05-04 12:20:00,Pure Unresolved Compression Equilibrium,Unresolved->Unresolved->Unresolved->Unresolved,1.8464393446652445,0.4444444444444444,0.4,0.2,0.0,7.941,0.0,0.6697329321233993,0.052888888888888895,0.08391626984126983,0.538888888888889,0.5280109523809523,CompressionPressure,0.538888888888889
1870,2026-05-04 12:25:00,Pure Unresolved Compression Equilibrium,Unresolved->Unresolved->Unresolved->Unresolved,1.6854752972215634,0.3333333333333333,0.5,0.1,0.0,7.941,0.0,0.7109161385296237,0.06970833333333333,0.07002738095238095,0.6083333333333334,0.4863442857142857,CompressionPressure,0.6083333333333334
1871,2026-05-04 12:30:00,Pure Unresolved Compression Equilibrium,Unresolved->Unresolved->Unresolved->Unresolved,1.2954618442339936,0.2222222222222222,0.6,0.0,0.0,7.941,0.0,0.7523955577293624,0.10984398032861264,0.05613849206349206,0.6968114125131533,0.3780598974738051,CompressionPressure,0.6968114125131533
1872,2026-05-04 12:35:00,Pure Unresolved Compression Equilibrium,Unresolved->Unresolved->Unresolved->Unresolved,0.8812908992278072,0.1111111111111111,0.7,0.0,0.0,2.941,0.0,0.7935787641355866,0.1653733877500932,0.024392460317460316,0.7921415410204843,0.23865047944417803,CompressionPressure,0.7921415410204843
1873,2026-05-04 12:40:00,Sponsor Exhaustion Collapse,Unresolved->Unresolved->Unresolved->Degrading,1.1567796494427114,0.2222222222222222,0.7,0.0,0.0,6.364,0.0,0.7879597598243748,0.13212850253398684,0.1505063492063492,0.297145716354275,0.345470310220355,RotationalPressure,0.345470310220355
1874,2026-05-04 12:45:00,Directional Continuation / Sponsor Release,Unresolved->Unresolved->Degrading->Directional,1.3567796494412687,0.3333333333333333,0.7,0.1,1.0,13.031,3.3329999999999997,0.7858497660537955,0.3190377850180558,0.3037599523809524,0.25686793857658735,0.4404112626009918,RotationalPressure,0.4404112626009918
1875,2026-05-04 12:50:00,Sponsor Exhaustion Collapse,Unresolved->Degrading->Directional->Degrading,1.1567796494427114,0.3333333333333333,0.7,0.2,1.0,20.031,3.3329999999999997,0.7802307617425838,0.3062302280141922,0.22875995238095237,0.2693679385764972,0.4066612626013074,RotationalPressure,0.4066612626013074
1876,2026-05-04 12:55:00,Sponsor Exhaustion Collapse,Degrading->Directional->Degrading->Degrading,1.2954618442339936,0.3333333333333333,0.6,0.3,1.0,20.031,3.3329999999999997,0.738751342542845,0.27129417725905114,0.22875995238095237,0.2190336347353754,0.4369979927119004,RotationalPressure,0.4369979927119004
1877,2026-05-04 13:00:00,Stable Compression Basin,Directional->Degrading->Degrading->Unresolved,1.6854752972215634,0.4444444444444444,0.5,0.4,0.0,20.031,3.3329999999999997,0.6972719233431063,0.07855555555555556,0.14264884126984126,0.5805555555555556,0.5452823809523809,CompressionPressure,0.5805555555555556
1878,2026-05-04 13:05:00,Stable Compression Basin,Degrading->Degrading->Unresolved->Unresolved,1.8464393446652445,0.4444444444444444,0.4,0.4,0.0,20.031,3.3329999999999997,0.6617077212480937,0.0668888888888889,0.14264884126984126,0.538888888888889,0.5452823809523809,RotationalPressure,0.5452823809523809
1879,2026-05-04 13:10:00,Stable Compression Basin,Degrading->Unresolved->Unresolved->Unresolved,1.8954618442325508,0.4444444444444444,0.3,0.4,0.0,20.031,3.3329999999999997,0.6261435191530813,0.0668888888888889,0.14264884126984126,0.538888888888889,0.5452823809523809,RotationalPressure,0.5452823809523809
1880,2026-05-04 13:15:00,Pure Unresolved Compression Equilibrium,Unresolved->Unresolved->Unresolved->Unresolved,1.8954618442325508,0.5555555555555556,0.3,0.4,0.0,20.031,3.3329999999999997,0.6261435191530813,0.05473611111111112,0.15653773015873015,0.5111111111111111,0.5869490476190476,RotationalPressure,0.5869490476190476
1881,2026-05-04 13:20:00,Sponsor Exhaustion Collapse,Unresolved->Unresolved->Unresolved->Degrading,1.8464393446652445,0.6666666666666666,0.4,0.4,0.0,26.395,3.3329999999999997,0.5849603127468571,0.04258333333333334,0.29315519047619043,0.033333333333333354,0.6377071428571428,RotationalPressure,0.6377071428571428
1882,2026-05-04 13:25:00,Stable Compression Basin,Unresolved->Unresolved->Degrading->Unresolved,1.7219280948815914,0.6666666666666666,0.4,0.4,0.0,29.336000000000002,3.3329999999999997,0.5493961106518446,0.04258333333333334,0.2036587619047619,0.4833333333333334,0.6419085714285714,RotationalPressure,0.6419085714285714
1883,2026-05-04 13:30:00,Stable Compression Basin,Unresolved->Degrading->Unresolved->Unresolved,1.6854752972215634,0.5555555555555556,0.5,0.4,0.0,22.972,3.3329999999999997,0.5550151149630563,0.06640277777777778,0.1670413015873016,0.5527777777777778,0.5911504761904762,RotationalPressure,0.5911504761904762
1884,2026-05-04 13:35:00,Stable Compression Basin,Degrading->Unresolved->Unresolved->Unresolved,1.2954618442339936,0.4444444444444444,0.6,0.3,0.0,16.305,0.0,0.5571251087336356,0.1065384247730571,0.11378769841269841,0.6412558569575977,0.4733418022357099,CompressionPressure,0.6412558569575977
1885,2026-05-04 13:40:00,Pure Unresolved Compression Equilibrium,Unresolved->Unresolved->Unresolved->Unresolved,1.3709505944503406,0.5555555555555556,0.6,0.2,0.0,9.305,0.0,0.5983083151398599,0.08160603955684025,0.1026765873015873,0.6087600322912982,0.5215216330122024,CompressionPressure,0.6087600322912982
1886,2026-05-04 13:45:00,Pure Unresolved Compression Equilibrium,Unresolved->Unresolved->Unresolved->Unresolved,1.2954618442339936,0.4444444444444444,0.6,0.1,0.0,9.305,0.0,0.6397877343395987,0.0925384247730571,0.0887876984126984,0.6412558569575977,0.46334180223570987,CompressionPressure,0.6412558569575977
1887,2026-05-04 13:50:00,Pure Unresolved Compression Equilibrium,Unresolved->Unresolved->Unresolved->Unresolved,1.360964047439353,0.4444444444444444,0.5,0.0,0.0,9.305,0.0,0.6812671535393374,0.0688567456734801,0.0887876984126984,0.595495302590596,0.47767040918688225,CompressionPressure,0.595495302590596
1888,2026-05-04 13:55:00,Pure Unresolved Compression Equilibrium,Unresolved->Unresolved->Unresolved->Unresolved,1.360964047439353,0.4444444444444444,0.5,0.0,0.0,9.305,0.0,0.7168313556343499,0.0688567456734801,0.0887876984126984,0.595495302590596,0.47767040918688225,CompressionPressure,0.595495302590596
1889,2026-05-04 14:00:00,Pure Unresolved Compression Equilibrium,Unresolved->Unresolved->Unresolved->Unresolved,1.2954618442339936,0.3333333333333333,0.6,0.0,0.0,9.305,0.0,0.7523955577293624,0.09769120255083487,0.07489880952380952,0.6690336347353755,0.42167513556904324,CompressionPressure,0.6690336347353755
1890,2026-05-05 06:35:00,Unstable Rotational Balance,Unresolved->Unresolved->Unresolved->Balance,1.6854752972215634,0.3333333333333333,0.5,0.0,0.0,15.620999999999999,0.0,0.7139557222746016,0.06270833333333332,0.09745595238095237,0.15833333333333333,0.7473157142857143,RotationalPressure,0.7473157142857143
1891,2026-05-05 06:40:00,Stable Compression Basin,Unresolved->Unresolved->Balance->Unresolved,1.360964047439353,0.3333333333333333,0.5,0.0,0.0,11.361999999999998,0.0,0.7195747265858132,0.08100952345125786,0.0822452380952381,0.6232730803683738,0.438942313948787,CompressionPressure,0.6232730803683738
1892,2026-05-05 06:45:00,Sponsor Exhaustion Collapse,Unresolved->Balance->Unresolved->Degrading,1.6854752972215634,0.4444444444444444,0.5,0.0,0.0,8.421,0.0,0.713659509481087,0.050555555555555555,0.18563055555555555,0.13055555555555556,0.5286966666666666,RotationalPressure,0.5286966666666666
1893,2026-05-05 06:50:00,Stable Compression Basin,Balance->Unresolved->Degrading->Unresolved,1.6854752972215634,0.5555555555555556,0.5,0.0,0.0,8.421,0.0,0.7077442923763607,0.03840277777777777,0.09951944444444444,0.5527777777777778,0.5703633333333333,RotationalPressure,0.5703633333333333
1894,2026-05-05 06:55:00,Stable Compression Basin,Unresolved->Degrading->Unresolved->Unresolved,1.6854752972215634,0.4444444444444444,0.5,0.0,0.0,8.421,0.0,0.7077442923763607,0.050555555555555555,0.08563055555555554,0.5805555555555556,0.5286966666666666,CompressionPressure,0.5805555555555556
1895,2026-05-05 07:00:00,Stable Compression Basin,Degrading->Unresolved->Unresolved->Unresolved,1.7219280948815914,0.4444444444444444,0.4,0.0,0.0,8.421,0.0,0.6721800902813483,0.038888888888888896,0.08563055555555554,0.538888888888889,0.5286966666666666,CompressionPressure,0.538888888888889
1896,2026-05-05 07:05:00,Pure Unresolved Compression Equilibrium,Unresolved->Unresolved->Unresolved->Unresolved,1.7219280948815914,0.5555555555555556,0.4,0.0,0.0,8.421,0.0,0.6721800902813483,0.026736111111111113,0.09951944444444444,0.5111111111111111,0.5703633333333333,RotationalPressure,0.5703633333333333
1897,2026-05-05 07:10:00,Unstable Rotational Balance,Unresolved->Unresolved->Unresolved->Balance,1.8464393446652445,0.6666666666666666,0.4,0.0,0.0,14.737,0.0,0.6337402548265875,0.01458333333333334,0.1359654761904762,0.033333333333333354,0.8710528571428571,RotationalPressure,0.8710528571428571
1898,2026-05-05 07:15:00,Stable Compression Basin,Unresolved->Unresolved->Balance->Unresolved,1.7609640474379105,0.7777777777777778,0.5,0.0,0.0,16.842000000000002,0.0,0.5981760527315749,0.014097222222222223,0.15737222222222225,0.49722222222222223,0.6657266666666666,RotationalPressure,0.6657266666666666
1899,2026-05-05 07:20:00,Stable Compression Basin,Unresolved->Balance->Unresolved->Unresolved,1.5709505944488977,0.6666666666666666,0.6,0.0,0.0,16.842000000000002,0.0,0.5626118506365625,0.040140761779172945,0.14348333333333335,0.5684822545136106,0.6177054425356963,RotationalPressure,0.6177054425356963
1900,2026-05-05 07:25:00,Stable Compression Basin,Balance->Unresolved->Unresolved->Unresolved,1.3567796494412687,0.5555555555555556,0.7,0.0,0.0,10.526,0.0,0.5654874839963109,0.08035766920076397,0.1070373015873016,0.6513123830210318,0.5201660245057537,CompressionPressure,0.6513123830210318
1901,2026-05-05 07:30:00,Pure Unresolved Compression Equilibrium,Unresolved->Unresolved->Unresolved->Unresolved,1.5709505944488977,0.5555555555555556,0.6,0.0,0.0,8.421,0.0,0.6010516860913233,0.05229353955695071,0.09951944444444444,0.5962600322913884,0.5640087758690296,CompressionPressure,0.5962600322913884
1902,2026-05-05 07:35:00,Pure Unresolved Compression Equilibrium,Unresolved->Unresolved->Unresolved->Unresolved,1.2954618442339936,0.4444444444444444,0.6,0.0,0.0,8.421,0.0,0.642531105291062,0.08553842477305709,0.08563055555555554,0.6412558569575977,0.4620789450928527,CompressionPressure,0.6412558569575977
1903,2026-05-05 07:40:00,Pure Unresolved Compression Equilibrium,Unresolved->Unresolved->Unresolved->Unresolved,1.360964047439353,0.4444444444444444,0.5,0.0,0.0,8.421,0.0,0.6840105244908008,0.0688567456734801,0.08563055555555554,0.595495302590596,0.4764075520440251,CompressionPressure,0.595495302590596
1904,2026-05-05 07:45:00,Pure Unresolved Compression Equilibrium,Unresolved->Unresolved->Unresolved->Unresolved,1.360964047439353,0.4444444444444444,0.5,0.0,0.0,8.421,0.0,0.7195747265858132,0.0688567456734801,0.08563055555555554,0.595495302590596,0.4764075520440251,CompressionPressure,0.595495302590596
1905,2026-05-05 07:50:00,Pure Unresolved Compression Equilibrium,Unresolved->Unresolved->Unresolved->Unresolved,1.2954618442339936,0.3333333333333333,0.6,0.0,0.0,8.421,0.0,0.7551389286808258,0.09769120255083487,0.07174166666666666,0.6690336347353755,0.42041227842618606,CompressionPressure,0.6690336347353755
1906,2026-05-05 07:55:00,Pure Unresolved Compression Equilibrium,Unresolved->Unresolved->Unresolved->Unresolved,1.2954618442339936,0.2222222222222222,0.6,0.0,0.0,8.421,0.0,0.7551389286808258,0.10984398032861264,0.057852777777777774,0.6968114125131533,0.3787456117595194,CompressionPressure,0.6968114125131533
1907,2026-05-05 08:00:00,Pure Unresolved Compression Equilibrium,Unresolved->Unresolved->Unresolved->Unresolved,0.8812908992278072,0.1111111111111111,0.7,0.0,0.0,2.105,0.0,0.7935787641355866,0.1653733877500932,0.02140674603174603,0.7921415410204843,0.2374561937298923,CompressionPressure,0.7921415410204843
1908,2026-05-05 08:05:00,Pure Unresolved Compression Equilibrium,Unresolved->Unresolved->Unresolved->Unresolved,0.7219280948844771,0.1111111111111111,0.8,0.0,0.0,0.0,0.0,0.829142966230599,0.18924126912429612,0.013888888888888888,0.8437683829586091,0.199588437422646,CompressionPressure,0.8437683829586091
1909,2026-05-05 08:10:00,Pure Unresolved Compression Equilibrium,Unresolved->Unresolved->Unresolved->Unresolved,0.4689955935863958,0.1111111111111111,0.9,0.0,0.0,0.0,0.0,0.8647071683256116,0.2202730804215971,0.013888888888888888,0.9012433309564057,0.14425945276369073,CompressionPressure,0.9012433309564057
1910,2026-05-05 08:15:00,Pure Unresolved Compression Equilibrium,Unresolved->Unresolved->Unresolved->Unresolved,-1.4428232973175175e-12,0.0,1.0,0.0,0.0,0.0,0.0,0.9002713704206242,0.27999999999999997,0.0,0.9999999999999999,0.0,CompressionPressure,0.9999999999999999
1911,2026-05-05 08:20:00,Pure Unresolved Compression Equilibrium,Unresolved->Unresolved->Unresolved->Unresolved,-1.4428232973175175e-12,0.0,1.0,0.0,0.0,0.0,0.0,0.9002713704206242,0.27999999999999997,0.0,0.9999999999999999,0.0,CompressionPressure,0.9999999999999999
1912,2026-05-05 08:25:00,Pure Unresolved Compression Equilibrium,Unresolved->Unresolved->Unresolved->Unresolved,-1.4428232973175175e-12,0.0,1.0,0.0,0.0,0.0,0.0,0.9002713704206242,0.27999999999999997,0.0,0.9999999999999999,0.0,CompressionPressure,0.9999999999999999
1913,2026-05-05 08:30:00,Pure Unresolved Compression Equilibrium,Unresolved->Unresolved->Unresolved->Unresolved,-1.4428232973175175e-12,0.0,1.0,0.0,0.0,0.0,0.0,0.9002713704206242,0.27999999999999997,0.0,0.9999999999999999,0.0,CompressionPressure,0.9999999999999999
1914,2026-05-05 08:35:00,Pure Unresolved Compression Equilibrium,Unresolved->Unresolved->Unresolved->Unresolved,-1.4428232973175175e-12,0.0,1.0,0.0,0.0,0.0,0.0,0.9002713704206242,0.27999999999999997,0.0,0.9999999999999999,0.0,CompressionPressure,0.9999999999999999
1915,2026-05-05 08:40:00,Pure Unresolved Compression Equilibrium,Unresolved->Unresolved->Unresolved->Unresolved,-1.4428232973175175e-12,0.0,1.0,0.0,0.0,0.0,0.0,0.9002713704206242,0.27999999999999997,0.0,0.9999999999999999,0.0,CompressionPressure,0.9999999999999999
1916,2026-05-05 08:45:00,Pure Unresolved Compression Equilibrium,Unresolved->Unresolved->Unresolved->Unresolved,-1.4428232973175175e-12,0.0,1.0,0.0,0.0,0.0,0.0,0.9002713704206242,0.27999999999999997,0.0,0.9999999999999999,0.0,CompressionPressure,0.9999999999999999
1917,2026-05-05 08:50:00,Pure Unresolved Compression Equilibrium,Unresolved->Unresolved->Unresolved->Unresolved,-1.4428232973175175e-12,0.0,1.0,0.0,0.0,0.0,0.0,0.9002713704206242,0.27999999999999997,0.0,0.9999999999999999,0.0,CompressionPressure,0.9999999999999999
1918,2026-05-05 08:55:00,Pure Unresolved Compression Equilibrium,Unresolved->Unresolved->Unresolved->Unresolved,-1.4428232973175175e-12,0.0,1.0,0.0,0.0,0.0,0.0,0.9002713704206242,0.27999999999999997,0.0,0.9999999999999999,0.0,CompressionPressure,0.9999999999999999
1919,2026-05-05 09:00:00,Pure Unresolved Compression Equilibrium,Unresolved->Unresolved->Unresolved->Unresolved,-1.4428232973175175e-12,0.0,1.0,0.0,0.0,0.0,0.0,0.9002713704206242,0.27999999999999997,0.0,0.9999999999999999,0.0,CompressionPressure,0.9999999999999999
1920,2026-05-05 09:05:00,Pure Unresolved Compression Equilibrium,Unresolved->Unresolved->Unresolved->Unresolved,-1.4428232973175175e-12,0.0,1.0,0.0,0.0,0.0,0.0,0.9002713704206242,0.27999999999999997,0.0,0.9999999999999999,0.0,CompressionPressure,0.9999999999999999
1921,2026-05-05 09:10:00,Pure Unresolved Compression Equilibrium,Unresolved->Unresolved->Unresolved->Unresolved,-1.4428232973175175e-12,0.0,1.0,0.0,0.0,0.0,0.0,0.9002713704206242,0.27999999999999997,0.0,0.9999999999999999,0.0,CompressionPressure,0.9999999999999999
1922,2026-05-05 09:15:00,Pure Unresolved Compression Equilibrium,Unresolved->Unresolved->Unresolved->Unresolved,-1.4428232973175175e-12,0.0,1.0,0.0,0.0,0.0,0.0,0.9002713704206242,0.27999999999999997,0.0,0.9999999999999999,0.0,CompressionPressure,0.9999999999999999
1923,2026-05-05 09:20:00,Pure Unresolved Compression Equilibrium,Unresolved->Unresolved->Unresolved->Unresolved,-1.4428232973175175e-12,0.0,1.0,0.0,0.0,0.0,0.0,0.9002713704206242,0.27999999999999997,0.0,0.9999999999999999,0.0,CompressionPressure,0.9999999999999999
1924,2026-05-05 09:25:00,Pure Unresolved Compression Equilibrium,Unresolved->Unresolved->Unresolved->Unresolved,-1.4428232973175175e-12,0.0,1.0,0.0,0.0,0.0,0.0,0.9002713704206242,0.27999999999999997,0.0,0.9999999999999999,0.0,CompressionPressure,0.9999999999999999
1925,2026-05-05 09:30:00,Pure Unresolved Compression Equilibrium,Unresolved->Unresolved->Unresolved->Unresolved,-1.4428232973175175e-12,0.0,1.0,0.0,0.0,0.0,0.0,0.9002713704206242,0.27999999999999997,0.0,0.9999999999999999,0.0,CompressionPressure,0.9999999999999999
1926,2026-05-05 09:35:00,Pure Unresolved Compression Equilibrium,Unresolved->Unresolved->Unresolved->Unresolved,-1.4428232973175175e-12,0.0,1.0,0.0,0.0,0.0,0.0,0.9002713704206242,0.27999999999999997,0.0,0.9999999999999999,0.0,CompressionPressure,0.9999999999999999
1927,2026-05-05 09:40:00,Pure Unresolved Compression Equilibrium,Unresolved->Unresolved->Unresolved->Unresolved,-1.4428232973175175e-12,0.0,1.0,0.0,0.0,0.0,0.0,0.9002713704206242,0.27999999999999997,0.0,0.9999999999999999,0.0,CompressionPressure,0.9999999999999999
1928,2026-05-05 09:45:00,Pure Unresolved Compression Equilibrium,Unresolved->Unresolved->Unresolved->Unresolved,-1.4428232973175175e-12,0.0,1.0,0.0,0.0,0.0,0.0,0.9002713704206242,0.27999999999999997,0.0,0.9999999999999999,0.0,CompressionPressure,0.9999999999999999
1929,2026-05-05 09:50:00,Pure Unresolved Compression Equilibrium,Unresolved->Unresolved->Unresolved->Unresolved,-1.4428232973175175e-12,0.0,1.0,0.0,0.0,0.0,0.0,0.9002713704206242,0.27999999999999997,0.0,0.9999999999999999,0.0,CompressionPressure,0.9999999999999999
1930,2026-05-05 09:55:00,Pure Unresolved Compression Equilibrium,Unresolved->Unresolved->Unresolved->Unresolved,-1.4428232973175175e-12,0.0,1.0,0.0,0.0,0.0,0.0,0.9002713704206242,0.27999999999999997,0.0,0.9999999999999999,0.0,CompressionPressure,0.9999999999999999
1931,2026-05-05 10:00:00,Pure Unresolved Compression Equilibrium,Unresolved->Unresolved->Unresolved->Unresolved,-1.4428232973175175e-12,0.0,1.0,0.0,0.0,0.0,0.0,0.9002713704206242,0.27999999999999997,0.0,0.9999999999999999,0.0,CompressionPressure,0.9999999999999999
1932,2026-05-05 10:05:00,Pure Unresolved Compression Equilibrium,Unresolved->Unresolved->Unresolved->Unresolved,-1.4428232973175175e-12,0.0,1.0,0.0,0.0,0.0,0.0,0.9002713704206242,0.27999999999999997,0.0,0.9999999999999999,0.0,CompressionPressure,0.9999999999999999
1933,2026-05-05 10:10:00,Pure Unresolved Compression Equilibrium,Unresolved->Unresolved->Unresolved->Unresolved,-1.4428232973175175e-12,0.0,1.0,0.0,0.0,0.0,0.0,0.9002713704206242,0.27999999999999997,0.0,0.9999999999999999,0.0,CompressionPressure,0.9999999999999999
1934,2026-05-05 10:15:00,Pure Unresolved Compression Equilibrium,Unresolved->Unresolved->Unresolved->Unresolved,-1.4428232973175175e-12,0.0,1.0,0.0,0.0,0.0,0.0,0.9002713704206242,0.27999999999999997,0.0,0.9999999999999999,0.0,CompressionPressure,0.9999999999999999
1935,2026-05-05 10:20:00,Pure Unresolved Compression Equilibrium,Unresolved->Unresolved->Unresolved->Unresolved,-1.4428232973175175e-12,0.0,1.0,0.0,0.0,0.0,0.0,0.9002713704206242,0.27999999999999997,0.0,0.9999999999999999,0.0,CompressionPressure,0.9999999999999999
1936,2026-05-05 10:25:00,Pure Unresolved Compression Equilibrium,Unresolved->Unresolved->Unresolved->Unresolved,-1.4428232973175175e-12,0.0,1.0,0.0,0.0,0.0,0.0,0.9002713704206242,0.27999999999999997,0.0,0.9999999999999999,0.0,CompressionPressure,0.9999999999999999
1937,2026-05-05 10:30:00,Pure Unresolved Compression Equilibrium,Unresolved->Unresolved->Unresolved->Unresolved,-1.4428232973175175e-12,0.0,1.0,0.0,0.0,0.0,0.0,0.9002713704206242,0.27999999999999997,0.0,0.9999999999999999,0.0,CompressionPressure,0.9999999999999999
1938,2026-05-05 10:35:00,Pure Unresolved Compression Equilibrium,Unresolved->Unresolved->Unresolved->Unresolved,-1.4428232973175175e-12,0.0,1.0,0.0,0.0,0.0,0.0,0.9002713704206242,0.27999999999999997,0.0,0.9999999999999999,0.0,CompressionPressure,0.9999999999999999
1939,2026-05-05 10:40:00,Pure Unresolved Compression Equilibrium,Unresolved->Unresolved->Unresolved->Unresolved,-1.4428232973175175e-12,0.0,1.0,0.0,0.0,0.0,0.0,0.9002713704206242,0.27999999999999997,0.0,0.9999999999999999,0.0,CompressionPressure,0.9999999999999999
1940,2026-05-05 10:45:00,Pure Unresolved Compression Equilibrium,Unresolved->Unresolved->Unresolved->Unresolved,-1.4428232973175175e-12,0.0,1.0,0.0,0.0,0.0,0.0,0.9002713704206242,0.27999999999999997,0.0,0.9999999999999999,0.0,CompressionPressure,0.9999999999999999
1941,2026-05-05 10:50:00,Pure Unresolved Compression Equilibrium,Unresolved->Unresolved->Unresolved->Unresolved,-1.4428232973175175e-12,0.0,1.0,0.0,0.0,0.0,0.0,0.9002713704206242,0.27999999999999997,0.0,0.9999999999999999,0.0,CompressionPressure,0.9999999999999999
1942,2026-05-05 10:55:00,Pure Unresolved Compression Equilibrium,Unresolved->Unresolved->Unresolved->Unresolved,-1.4428232973175175e-12,0.0,1.0,0.0,0.0,0.0,0.0,0.9002713704206242,0.27999999999999997,0.0,0.9999999999999999,0.0,CompressionPressure,0.9999999999999999
1943,2026-05-05 11:00:00,Pure Unresolved Compression Equilibrium,Unresolved->Unresolved->Unresolved->Unresolved,-1.4428232973175175e-12,0.0,1.0,0.0,0.0,0.0,0.0,0.9002713704206242,0.27999999999999997,0.0,0.9999999999999999,0.0,CompressionPressure,0.9999999999999999
1944,2026-05-05 11:05:00,Pure Unresolved Compression Equilibrium,Unresolved->Unresolved->Unresolved->Unresolved,-1.4428232973175175e-12,0.0,1.0,0.0,0.0,0.0,0.0,0.9002713704206242,0.27999999999999997,0.0,0.9999999999999999,0.0,CompressionPressure,0.9999999999999999
1945,2026-05-05 11:10:00,Pure Unresolved Compression Equilibrium,Unresolved->Unresolved->Unresolved->Unresolved,-1.4428232973175175e-12,0.0,1.0,0.0,0.0,0.0,0.0,0.9002713704206242,0.27999999999999997,0.0,0.9999999999999999,0.0,CompressionPressure,0.9999999999999999
1946,2026-05-05 11:15:00,Pure Unresolved Compression Equilibrium,Unresolved->Unresolved->Unresolved->Unresolved,-1.4428232973175175e-12,0.0,1.0,0.0,0.0,0.0,0.0,0.9002713704206242,0.27999999999999997,0.0,0.9999999999999999,0.0,CompressionPressure,0.9999999999999999
1947,2026-05-05 11:20:00,Pure Unresolved Compression Equilibrium,Unresolved->Unresolved->Unresolved->Unresolved,-1.4428232973175175e-12,0.0,1.0,0.0,0.0,0.0,0.0,0.9002713704206242,0.27999999999999997,0.0,0.9999999999999999,0.0,CompressionPressure,0.9999999999999999
1948,2026-05-05 11:25:00,Unstable Rotational Balance,Unresolved->Unresolved->Unresolved->Balance,0.4689955935863958,0.1111111111111111,0.9,0.0,0.0,6.316,0.0,0.8618315349658634,0.2202730804215971,0.03644603174603174,0.4512433309564058,0.4032823099065479,CompressionPressure,0.4512433309564058
1949,2026-05-05 11:30:00,Stable Compression Basin,Unresolved->Unresolved->Balance->Unresolved,0.9219280948830342,0.2222222222222222,0.8,0.0,0.0,8.421,0.0,0.8262673328708509,0.16177599134662882,0.057852777777777774,0.8034906051809215,0.297035104088997,CompressionPressure,0.8034906051809215
1950,2026-05-05 11:35:00,Stable Compression Basin,Unresolved->Balance->Unresolved->Unresolved,1.1567796494427114,0.2222222222222222,0.7,0.0,0.0,8.421,0.0,0.7907031307758383,0.13212850253398684,0.057852777777777774,0.747145716354275,0.3484088816489264,CompressionPressure,0.747145716354275
1951,2026-05-05 11:40:00,Sponsor Exhaustion Collapse,Balance->Unresolved->Unresolved->Degrading,1.5709505944488977,0.3333333333333333,0.6,0.0,0.0,8.421,0.0,0.7492237115760995,0.07659909511250626,0.17174166666666668,0.20181558784694392,0.48067544253569633,RotationalPressure,0.48067544253569633
1952,2026-05-05 11:45:00,Stable Compression Basin,Unresolved->Unresolved->Degrading->Unresolved,1.6854752972215634,0.4444444444444444,0.5,0.0,0.0,11.361999999999998,0.0,0.713659509481087,0.050555555555555555,0.09613412698412697,0.5805555555555556,0.5328980952380952,CompressionPressure,0.5805555555555556
1953,2026-05-05 11:50:00,Stable Compression Basin,Unresolved->Degrading->Unresolved->Unresolved,1.7219280948815914,0.4444444444444444,0.4,0.0,0.0,11.361999999999998,0.0,0.6780953073860745,0.038888888888888896,0.09613412698412697,0.538888888888889,0.5328980952380952,CompressionPressure,0.538888888888889
1954,2026-05-05 11:55:00,Stable Compression Basin,Degrading->Unresolved->Unresolved->Unresolved,1.6854752972215634,0.4444444444444444,0.5,0.0,0.0,11.362,0.0,0.642531105291062,0.050555555555555555,0.09613412698412699,0.5805555555555556,0.5328980952380952,CompressionPressure,0.5805555555555556
1955,2026-05-05 12:00:00,Pure Unresolved Compression Equilibrium,Unresolved->Unresolved->Unresolved->Unresolved,1.6854752972215634,0.5555555555555556,0.5,0.0,0.0,11.361999999999998,0.0,0.642531105291062,0.03840277777777777,0.11002301587301587,0.5527777777777778,0.5745647619047619,RotationalPressure,0.5745647619047619
1956,2026-05-05 12:05:00,Pure Unresolved Compression Equilibrium,Unresolved->Unresolved->Unresolved->Unresolved,1.6854752972215634,0.5555555555555556,0.5,0.0,0.0,11.361999999999998,0.0,0.642531105291062,0.03840277777777777,0.11002301587301587,0.5527777777777778,0.5745647619047619,RotationalPressure,0.5745647619047619
1957,2026-05-05 12:10:00,Pure Unresolved Compression Equilibrium,Unresolved->Unresolved->Unresolved->Unresolved,1.6854752972215634,0.4444444444444444,0.5,0.0,0.0,11.361999999999998,0.0,0.642531105291062,0.050555555555555555,0.09613412698412697,0.5805555555555556,0.5328980952380952,CompressionPressure,0.5805555555555556
1958,2026-05-05 12:15:00,Sponsor Exhaustion Collapse,Unresolved->Unresolved->Unresolved->Degrading,1.4854752972230063,0.4444444444444444,0.5,0.0,0.0,11.41,0.0,0.6397877343395987,0.059323853111919136,0.19630555555555557,0.13771334947911767,0.5079143879341993,RotationalPressure,0.5079143879341993
1959,2026-05-05 12:20:00,Sponsor Exhaustion Collapse,Unresolved->Unresolved->Degrading->Degrading,1.5709505944503404,0.4444444444444444,0.4,0.0,0.0,9.305,0.0,0.6341687300283869,0.04111298400128472,0.1887876984126984,0.09070447673574264,0.5236049663455357,RotationalPressure,0.5236049663455357
1960,2026-05-05 12:25:00,Sponsor Exhaustion Collapse,Unresolved->Degrading->Degrading->Degrading,1.5709505944503404,0.3333333333333333,0.4,0.0,0.0,9.305,0.0,0.6285497257171752,0.0532657617790625,0.17489880952380954,0.11848225451352042,0.4819382996788691,RotationalPressure,0.4819382996788691
1961,2026-05-05 12:30:00,Stable Compression Basin,Degrading->Degrading->Degrading->Unresolved,1.5709505944503404,0.3333333333333333,0.4,0.0,0.0,12.245999999999999,0.0,0.6344649428219015,0.0532657617790625,0.08540238095238095,0.5684822545135204,0.4861397282502976,CompressionPressure,0.5684822545135204
1962,2026-05-05 12:35:00,Stable Compression Basin,Degrading->Degrading->Unresolved->Unresolved,1.5709505944503404,0.3333333333333333,0.4,0.0,0.0,9.305,0.0,0.6344649428219014,0.0532657617790625,0.07489880952380952,0.5684822545135204,0.4819382996788691,CompressionPressure,0.5684822545135204
1963,2026-05-05 12:40:00,Stable Compression Basin,Degrading->Unresolved->Unresolved->Unresolved,1.5709505944503404,0.3333333333333333,0.4,0.0,0.0,9.305,0.0,0.6344649428219014,0.0532657617790625,0.07489880952380952,0.5684822545135204,0.4819382996788691,CompressionPressure,0.5684822545135204
1964,2026-05-05 12:45:00,Pure Unresolved Compression Equilibrium,Unresolved->Unresolved->Unresolved->Unresolved,1.5709505944503404,0.3333333333333333,0.4,0.0,0.0,9.305,0.0,0.6700291449169138,0.0532657617790625,0.07489880952380952,0.5684822545135204,0.4819382996788691,CompressionPressure,0.5684822545135204
1965,2026-05-05 12:50:00,Pure Unresolved Compression Equilibrium,Unresolved->Unresolved->Unresolved->Unresolved,1.5709505944503404,0.3333333333333333,0.4,0.0,0.0,9.305,0.0,0.6700291449169138,0.0532657617790625,0.07489880952380952,0.5684822545135204,0.4819382996788691,CompressionPressure,0.5684822545135204
1966,2026-05-05 12:55:00,Pure Unresolved Compression Equilibrium,Unresolved->Unresolved->Unresolved->Unresolved,1.5709505944503404,0.3333333333333333,0.4,0.0,0.0,9.305,0.0,0.6700291449169138,0.0532657617790625,0.07489880952380952,0.5684822545135204,0.4819382996788691,CompressionPressure,0.5684822545135204
1967,2026-05-05 13:00:00,Sponsor Exhaustion Collapse,Unresolved->Unresolved->Unresolved->Degrading,1.5709505944503404,0.3333333333333333,0.4,0.0,0.0,15.669,0.0,0.6288459385106896,0.0532657617790625,0.19762738095238097,0.11848225451352042,0.49102972825029767,RotationalPressure,0.49102972825029767
1968,2026-05-05 13:05:00,Sponsor Exhaustion Collapse,Unresolved->Unresolved->Degrading->Degrading,1.5709505944503404,0.3333333333333333,0.4,0.0,0.0,9.305,0.0,0.6288459385106896,0.0532657617790625,0.17489880952380954,0.11848225451352042,0.4819382996788691,RotationalPressure,0.4819382996788691
1969,2026-05-05 13:10:00,Stable Compression Basin,Unresolved->Degrading->Degrading->Unresolved,1.5709505944503404,0.4444444444444444,0.4,0.0,0.0,12.245999999999999,0.0,0.6344649428219015,0.04111298400128472,0.09929126984126983,0.5407044767357427,0.5278063949169642,CompressionPressure,0.5407044767357427
1970,2026-05-05 13:15:00,Stable Compression Basin,Degrading->Degrading->Unresolved->Unresolved,1.4854752972230063,0.3333333333333333,0.5,0.0,0.0,12.245999999999999,0.0,0.6400839471331132,0.07147663088969691,0.08540238095238095,0.6154911272568955,0.46744200698181837,CompressionPressure,0.6154911272568955
1971,2026-05-05 13:20:00,Stable Compression Basin,Degrading->Unresolved->Unresolved->Unresolved,1.4854752972230063,0.3333333333333333,0.5,0.0,0.0,9.305,0.0,0.6400839471331131,0.07147663088969691,0.07489880952380952,0.6154911272568955,0.4632405784103898,CompressionPressure,0.6154911272568955
1972,2026-05-05 13:25:00,Pure Unresolved Compression Equilibrium,Unresolved->Unresolved->Unresolved->Unresolved,1.5219280948830343,0.4444444444444444,0.4,0.0,0.0,9.305,0.0,0.6756481492281255,0.04486626912440659,0.0887876984126984,0.5437683829586993,0.5128812945651875,CompressionPressure,0.5437683829586993
1973,2026-05-05 13:30:00,Pure Unresolved Compression Equilibrium,Unresolved->Unresolved->Unresolved->Unresolved,1.4854752972230063,0.3333333333333333,0.5,0.0,0.0,9.305,0.0,0.7112123513231381,0.07147663088969691,0.07489880952380952,0.6154911272568955,0.4632405784103898,CompressionPressure,0.6154911272568955
1974,2026-05-05 13:35:00,Pure Unresolved Compression Equilibrium,Unresolved->Unresolved->Unresolved->Unresolved,1.4854752972230063,0.3333333333333333,0.5,0.0,0.0,9.305,0.0,0.7112123513231381,0.07147663088969691,0.07489880952380952,0.6154911272568955,0.4632405784103898,CompressionPressure,0.6154911272568955
1975,2026-05-05 13:40:00,Unstable Rotational Balance,Unresolved->Unresolved->Unresolved->Balance,1.8464393446652445,0.4444444444444444,0.4,0.0,0.0,15.620999999999999,0.0,0.6727725158683773,0.038888888888888896,0.11134484126984126,0.0888888888888889,0.7889823809523809,RotationalPressure,0.7889823809523809
1976,2026-05-05 13:45:00,Stable Compression Basin,Unresolved->Unresolved->Balance->Unresolved,1.8464393446652445,0.4444444444444444,0.4,0.0,0.0,17.726,0.0,0.6372083137733647,0.038888888888888896,0.1188626984126984,0.538888888888889,0.5419895238095237,RotationalPressure,0.5419895238095237
1977,2026-05-05 13:50:00,Stable Compression Basin,Unresolved->Balance->Unresolved->Unresolved,1.6854752972215634,0.4444444444444444,0.5,0.0,0.0,11.361999999999998,0.0,0.6428273180845766,0.050555555555555555,0.09613412698412697,0.5805555555555556,0.5328980952380952,CompressionPressure,0.5805555555555556
1978,2026-05-05 13:55:00,Stable Compression Basin,Balance->Unresolved->Unresolved->Unresolved,1.2954618442339936,0.3333333333333333,0.6,0.0,0.0,11.361999999999998,0.0,0.6484463223957884,0.09769120255083487,0.0822452380952381,0.6690336347353755,0.42461370699761464,CompressionPressure,0.6690336347353755
1979,2026-05-05 14:00:00,Pure Unresolved Compression Equilibrium,Unresolved->Unresolved->Unresolved->Unresolved,1.360964047439353,0.4444444444444444,0.5,0.0,0.0,8.421,0.0,0.6840105244908008,0.0688567456734801,0.08563055555555554,0.595495302590596,0.4764075520440251,CompressionPressure,0.595495302590596
1980,2026-05-06 06:35:00,Directional Continuation / Sponsor Release,Unresolved->Unresolved->Unresolved->Directional,1.7219280948815914,0.5555555555555556,0.4,0.1,1.0,10.921,7.5,0.6819005307202215,0.0963888888888889,0.3434480158730159,0.061111111111111116,0.5739347619047619,RotationalPressure,0.5739347619047619
1981,2026-05-06 06:40:00,Directional Continuation / Sponsor Release,Unresolved->Unresolved->Directional->Directional,1.8464393446652445,0.4444444444444444,0.4,0.2,1.0,10.921,7.5,0.6797905369496421,0.15111111111111114,0.32955912698412704,0.0888888888888889,0.5322680952380952,RotationalPressure,0.5322680952380952
1982,2026-05-06 06:45:00,Directional Continuation / Sponsor Release,Unresolved->Directional->Directional->Directional,1.8954618442325508,0.4444444444444444,0.3,0.3,1.0,10.921,7.5,0.6421163410840502,0.17111111111111113,0.32955912698412704,0.0888888888888889,0.5322680952380952,RotationalPressure,0.5322680952380952
1983,2026-05-06 06:50:00,Sponsor Exhaustion Collapse,Directional->Directional->Directional->Degrading,2.170950594447455,0.5555555555555556,0.3,0.4,0.0,17.921,7.5,0.600933134677826,0.05473611111111112,0.26844801587301587,0.061111111111111116,0.5839347619047619,RotationalPressure,0.5839347619047619
1984,2026-05-06 06:55:00,Sponsor Exhaustion Collapse,Directional->Directional->Degrading->Degrading,2.170950594447455,0.4444444444444444,0.3,0.5,0.0,17.921,7.5,0.5597499282716019,0.07388888888888889,0.25455912698412697,0.0888888888888889,0.5422680952380952,RotationalPressure,0.5422680952380952
1985,2026-05-06 07:00:00,Stable Compression Basin,Directional->Degrading->Degrading->Unresolved,1.8464393446652445,0.4444444444444444,0.4,0.6,0.0,11.605,7.5,0.5567103445266239,0.08088888888888889,0.1320019841269841,0.538888888888889,0.533245238095238,CompressionPressure,0.538888888888889
1986,2026-05-06 07:05:00,Stable Compression Basin,Degrading->Degrading->Unresolved->Unresolved,1.8464393446652445,0.4444444444444444,0.4,0.6,0.0,9.5,7.5,0.5567103445266239,0.08088888888888889,0.12448412698412697,0.538888888888889,0.5302380952380952,CompressionPressure,0.538888888888889
1987,2026-05-06 07:10:00,Sponsor Exhaustion Collapse,Degrading->Unresolved->Unresolved->Degrading,1.8954618442325508,0.5555555555555556,0.3,0.6,0.0,15.863999999999999,7.5,0.5510913402154121,0.06873611111111111,0.2611015873015873,0.061111111111111116,0.5809961904761904,RotationalPressure,0.5809961904761904
1988,2026-05-06 07:15:00,Sponsor Exhaustion Collapse,Unresolved->Unresolved->Degrading->Degrading,1.8464393446652445,0.4444444444444444,0.4,0.6,0.0,15.863999999999999,7.5,0.5454723359042004,0.08088888888888889,0.2472126984126984,0.0888888888888889,0.5393295238095237,RotationalPressure,0.5393295238095237
1989,2026-05-06 07:20:00,Stable Compression Basin,Unresolved->Degrading->Degrading->Unresolved,1.5709505944503404,0.4444444444444444,0.4,0.6,0.0,18.805,7.5,0.5099081338091879,0.08311298400128472,0.15771626984126982,0.5407044767357427,0.5371763949169642,CompressionPressure,0.5407044767357427
1990,2026-05-06 07:25:00,Stable Compression Basin,Degrading->Degrading->Unresolved->Unresolved,1.5219280948830343,0.4444444444444444,0.4,0.5,0.0,16.305,0.0,0.5120181275797672,0.07986626912440659,0.11378769841269841,0.5437683829586993,0.5228812945651875,CompressionPressure,0.5437683829586993
1991,2026-05-06 07:30:00,Stable Compression Basin,Degrading->Unresolved->Unresolved->Unresolved,1.360964047439353,0.4444444444444444,0.5,0.4,0.0,16.305,0.0,0.5141281213503465,0.0968567456734801,0.11378769841269841,0.595495302590596,0.4876704091868822,CompressionPressure,0.595495302590596
1992,2026-05-06 07:35:00,Pure Unresolved Compression Equilibrium,Unresolved->Unresolved->Unresolved->Unresolved,1.360964047439353,0.4444444444444444,0.5,0.3,0.0,16.305,0.0,0.5518023172159383,0.08985674567348009,0.11378769841269841,0.595495302590596,0.4876704091868822,CompressionPressure,0.595495302590596
1993,2026-05-06 07:40:00,Pure Unresolved Compression Equilibrium,Unresolved->Unresolved->Unresolved->Unresolved,1.4854752972230063,0.4444444444444444,0.5,0.2,0.0,9.305,0.0,0.5929855236221625,0.07332385311191914,0.0887876984126984,0.5877133494791177,0.5049072450770564,CompressionPressure,0.5877133494791177
1994,2026-05-06 07:45:00,Pure Unresolved Compression Equilibrium,Unresolved->Unresolved->Unresolved->Unresolved,1.4854752972230063,0.3333333333333333,0.5,0.1,0.0,9.305,0.0,0.6341687300283868,0.07847663088969692,0.07489880952380952,0.6154911272568955,0.4632405784103898,CompressionPressure,0.6154911272568955
1995,2026-05-06 07:50:00,Pure Unresolved Compression Equilibrium,Unresolved->Unresolved->Unresolved->Unresolved,1.5219280948830343,0.3333333333333333,0.4,0.0,0.0,9.305,0.0,0.6756481492281255,0.05701904690218436,0.07489880952380952,0.571546160736477,0.47121462789852087,CompressionPressure,0.571546160736477
1996,2026-05-06 07:55:00,Pure Unresolved Compression Equilibrium,Unresolved->Unresolved->Unresolved->Unresolved,1.4854752972230063,0.2222222222222222,0.5,0.0,0.0,9.305,0.0,0.7112123513231381,0.08362940866747469,0.06100992063492063,0.6432689050346733,0.4215739117437231,CompressionPressure,0.6432689050346733
1997,2026-05-06 08:00:00,Sponsor Exhaustion Collapse,Unresolved->Unresolved->Unresolved->Degrading,1.4854752972230063,0.3333333333333333,0.5,0.0,0.0,9.305,0.0,0.7112123513231381,0.07147663088969691,0.17489880952380954,0.16549112725689544,0.4632405784103898,RotationalPressure,0.4632405784103898
1998,2026-05-06 08:05:00,Sponsor Exhaustion Collapse,Unresolved->Unresolved->Degrading->Degrading,1.4854752972230063,0.2222222222222222,0.5,0.0,0.0,9.305,0.0,0.7112123513231381,0.08362940866747469,0.16100992063492064,0.19326890503467323,0.4215739117437231,RotationalPressure,0.4215739117437231
1999,2026-05-06 08:10:00,Stable Compression Basin,Unresolved->Degrading->Degrading->Unresolved,1.4854752972230063,0.3333333333333333,0.5,0.0,0.0,9.305,0.0,0.7112123513231381,0.07147663088969691,0.07489880952380952,0.6154911272568955,0.4632405784103898,CompressionPressure,0.6154911272568955
2000,2026-05-06 08:15:00,Sponsor Exhaustion Collapse,Degrading->Degrading->Unresolved->Degrading,1.4854752972230063,0.4444444444444444,0.5,0.0,0.0,15.669,0.0,0.7055933470119264,0.059323853111919136,0.21151626984126984,0.13771334947911767,0.513998673648485,RotationalPressure,0.513998673648485
2001,2026-05-06 08:20:00,Stable Compression Basin,Degrading->Unresolved->Degrading->Unresolved,1.4854752972230063,0.4444444444444444,0.5,0.0,0.0,18.61,0.0,0.7055933470119264,0.059323853111919136,0.12201984126984126,0.5877133494791177,0.5182001022199135,CompressionPressure,0.5877133494791177
2002,2026-05-06 08:25:00,Stable Compression Basin,Unresolved->Degrading->Unresolved->Unresolved,1.5709505944503404,0.4444444444444444,0.4,0.0,0.0,18.61,0.0,0.6700291449169139,0.04111298400128472,0.12201984126984126,0.5407044767357427,0.5368978234883929,CompressionPressure,0.5407044767357427
2003,2026-05-06 08:30:00,Stable Compression Basin,Degrading->Unresolved->Unresolved->Unresolved,1.5709505944503404,0.4444444444444444,0.4,0.0,0.0,18.61,0.0,0.6344649428219014,0.04111298400128472,0.12201984126984126,0.5407044767357427,0.5368978234883929,CompressionPressure,0.5407044767357427
2004,2026-05-06 08:35:00,Unstable Rotational Balance,Unresolved->Unresolved->Unresolved->Balance,1.8464393446652445,0.5555555555555556,0.4,0.0,0.0,24.926,0.0,0.5960251073671405,0.026736111111111113,0.158465873015873,0.061111111111111116,0.8439419047619048,RotationalPressure,0.8439419047619048
2005,2026-05-06 08:40:00,Stable Compression Basin,Unresolved->Unresolved->Balance->Unresolved,1.6854752972215634,0.6666666666666666,0.5,0.0,0.0,27.031,0.0,0.560460905272128,0.026250000000000002,0.17987261904761903,0.525,0.6386157142857143,RotationalPressure,0.6386157142857143
2006,2026-05-06 08:45:00,Stable Compression Basin,Unresolved->Balance->Unresolved->Unresolved,1.2954618442339936,0.5555555555555556,0.6,0.0,0.0,27.031,0.0,0.5248967031771156,0.0733856469952793,0.16598373015873016,0.6134780791798199,0.5303313260452337,CompressionPressure,0.6134780791798199
2007,2026-05-06 08:50:00,Stable Compression Basin,Balance->Unresolved->Unresolved->Unresolved,1.1567796494427114,0.5555555555555556,0.7,0.0,0.0,20.666999999999998,0.0,0.5305157074883273,0.09567016920065352,0.14325515873015873,0.6638123830209416,0.49090316736321216,CompressionPressure,0.6638123830209416
2008,2026-05-06 08:55:00,Unstable Rotational Balance,Unresolved->Unresolved->Unresolved->Balance,1.1567796494427114,0.5555555555555556,0.7,0.0,0.0,26.982999999999997,0.0,0.5332590784397908,0.09567016920065352,0.1658123015873016,0.21381238302094163,0.7499260245060693,RotationalPressure,0.7499260245060693
2009,2026-05-06 09:00:00,Unstable Rotational Balance,Unresolved->Unresolved->Balance->Balance,1.2954618442339936,0.4444444444444444,0.6,0.0,0.0,24.041999999999998,0.0,0.5303834450800424,0.08553842477305709,0.14141984126984125,0.19125585695759761,0.734394659378567,RotationalPressure,0.734394659378567
2010,2026-05-06 09:05:00,Stable Compression Basin,Unresolved->Balance->Balance->Unresolved,0.8812908992278072,0.4444444444444444,0.7,0.0,0.0,19.782999999999998,0.0,0.5360024493912542,0.12891505441675988,0.12620912698412698,0.7088082076871509,0.38771047944417797,CompressionPressure,0.7088082076871509
2011,2026-05-06 09:10:00,Stable Compression Basin,Balance->Balance->Unresolved->Unresolved,0.8812908992278072,0.4444444444444444,0.7,0.0,0.0,16.842000000000002,0.0,0.5360024493912542,0.12891505441675988,0.11570555555555556,0.7088082076871509,0.38350905087274945,CompressionPressure,0.7088082076871509
2012,2026-05-06 09:15:00,Unstable Rotational Balance,Balance->Unresolved->Unresolved->Balance,0.9709505944517833,0.5555555555555556,0.6,0.0,0.0,23.157999999999998,0.0,0.5331268160315059,0.09823103955672978,0.1521515873015873,0.18376003229120796,0.7038116330125181,RotationalPressure,0.7038116330125181
2013,2026-05-06 09:20:00,Unstable Rotational Balance,Unresolved->Unresolved->Balance->Balance,0.9999999999971146,0.4444444444444444,0.5,0.0,0.0,23.157999999999998,0.0,0.5302511826717575,0.09649305555577646,0.1382626984126984,0.1680555555557359,0.6684995238088927,RotationalPressure,0.6684995238088927
2014,2026-05-06 09:25:00,Stable Compression Basin,Unresolved->Balance->Balance->Unresolved,0.9709505944517833,0.4444444444444444,0.6,0.0,0.0,18.947,0.0,0.5331268160315059,0.11038381733450757,0.1232234126984127,0.6615378100689858,0.40612925206013706,CompressionPressure,0.6615378100689858
2015,2026-05-06 09:30:00,Stable Compression Basin,Balance->Balance->Unresolved->Unresolved,0.9709505944517833,0.4444444444444444,0.6,0.0,0.0,16.842000000000002,0.0,0.5331268160315059,0.11038381733450757,0.11570555555555556,0.6615378100689858,0.40312210920299424,CompressionPressure,0.6615378100689858
2016,2026-05-06 09:35:00,Unstable Rotational Balance,Balance->Unresolved->Unresolved->Balance,0.9999999999971146,0.5555555555555556,0.5,0.0,0.0,23.157999999999998,0.0,0.5302511826717575,0.08434027777799868,0.1521515873015873,0.1402777777779581,0.7101661904755593,RotationalPressure,0.7101661904755593
2017,2026-05-06 09:40:00,Unstable Rotational Balance,Unresolved->Unresolved->Balance->Balance,0.9709505944517833,0.4444444444444444,0.6,0.0,0.0,23.157999999999998,0.0,0.5273755493120091,0.11038381733450757,0.1382626984126984,0.21153781006898575,0.6621449663458514,RotationalPressure,0.6621449663458514
2018,2026-05-06 09:45:00,Unstable Rotational Balance,Unresolved->Balance->Balance->Balance,0.9709505944517833,0.4444444444444444,0.6,0.0,0.0,16.842,0.0,0.5273755493120091,0.11038381733450757,0.11570555555555555,0.21153781006898575,0.6531221092029942,RotationalPressure,0.6531221092029942
2019,2026-05-06 09:50:00,Unstable Rotational Balance,Balance->Balance->Balance->Unresolved,0.9709505944517833,0.3333333333333333,0.6,0.0,0.0,18.947,0.0,0.5273755493120091,0.12253659511228533,0.1093345238095238,0.23931558784676354,0.6144625853934704,RotationalPressure,0.6144625853934704
2020,2026-05-06 09:55:00,Stable Compression Basin,Balance->Balance->Unresolved->Unresolved,0.9709505944517833,0.4444444444444444,0.6,0.0,0.0,16.842000000000002,0.0,0.5273755493120091,0.11038381733450757,0.11570555555555556,0.6615378100689858,0.40312210920299424,CompressionPressure,0.6615378100689858
2021,2026-05-06 10:00:00,Stable Compression Basin,Balance->Unresolved->Unresolved->Unresolved,0.9709505944517833,0.3333333333333333,0.6,0.0,0.0,16.842,0.0,0.5273755493120091,0.12253659511228533,0.10181666666666667,0.6893155878467636,0.36145544253632755,CompressionPressure,0.6893155878467636
2022,2026-05-06 10:05:00,Pure Unresolved Compression Equilibrium,Unresolved->Unresolved->Unresolved->Unresolved,1.360964047439353,0.4444444444444444,0.5,0.0,0.0,10.526,0.0,0.56581538476677,0.0688567456734801,0.0931484126984127,0.595495302590596,0.47941469490116795,CompressionPressure,0.595495302590596
2023,2026-05-06 10:10:00,Pure Unresolved Compression Equilibrium,Unresolved->Unresolved->Unresolved->Unresolved,1.5219280948830343,0.3333333333333333,0.4,0.0,0.0,10.526,0.0,0.6042552202215308,0.05701904690218436,0.07925952380952381,0.571546160736477,0.47295891361280656,CompressionPressure,0.571546160736477
2024,2026-05-06 10:15:00,Pure Unresolved Compression Equilibrium,Unresolved->Unresolved->Unresolved->Unresolved,1.5709505944503404,0.3333333333333333,0.4,0.0,0.0,8.421,0.0,0.6398194223165433,0.0532657617790625,0.07174166666666666,0.5684822545135204,0.4806754425360119,CompressionPressure,0.5684822545135204
2025,2026-05-06 10:20:00,Pure Unresolved Compression Equilibrium,Unresolved->Unresolved->Unresolved->Unresolved,1.5219280948830343,0.2222222222222222,0.4,0.0,0.0,8.421,0.0,0.6753836244115557,0.06917182467996214,0.057852777777777774,0.5993239385142548,0.428285104088997,CompressionPressure,0.5993239385142548
2026,2026-05-06 10:25:00,Pure Unresolved Compression Equilibrium,Unresolved->Unresolved->Unresolved->Unresolved,1.4854752972230063,0.2222222222222222,0.5,0.0,0.0,2.105,0.0,0.7138234598663166,0.08362940866747469,0.03529563492063492,0.6432689050346733,0.4112881974580088,CompressionPressure,0.6432689050346733
2027,2026-05-06 10:30:00,Pure Unresolved Compression Equilibrium,Unresolved->Unresolved->Unresolved->Unresolved,1.3709505944503406,0.2222222222222222,0.6,0.0,0.0,2.105,0.0,0.7522632953210774,0.10406437289017358,0.03529563492063492,0.6920933656246315,0.38623591872648816,CompressionPressure,0.6920933656246315
2028,2026-05-06 10:35:00,Pure Unresolved Compression Equilibrium,Unresolved->Unresolved->Unresolved->Unresolved,1.1567796494427114,0.2222222222222222,0.7,0.0,0.0,2.105,0.0,0.7907031307758382,0.13212850253398684,0.03529563492063492,0.747145716354275,0.3393860245060693,CompressionPressure,0.747145716354275
2029,2026-05-06 10:40:00,Pure Unresolved Compression Equilibrium,Unresolved->Unresolved->Unresolved->Unresolved,0.7219280948844771,0.1111111111111111,0.8,0.0,0.0,0.0,0.0,0.829142966230599,0.18924126912429612,0.013888888888888888,0.8437683829586091,0.199588437422646,CompressionPressure,0.8437683829586091
2030,2026-05-06 10:45:00,Pure Unresolved Compression Equilibrium,Unresolved->Unresolved->Unresolved->Unresolved,0.4689955935863958,0.1111111111111111,0.9,0.0,0.0,0.0,0.0,0.8647071683256116,0.2202730804215971,0.013888888888888888,0.9012433309564057,0.14425945276369073,CompressionPressure,0.9012433309564057
2031,2026-05-06 10:50:00,Pure Unresolved Compression Equilibrium,Unresolved->Unresolved->Unresolved->Unresolved,-1.4428232973175175e-12,0.0,1.0,0.0,0.0,0.0,0.0,0.9002713704206242,0.27999999999999997,0.0,0.9999999999999999,0.0,CompressionPressure,0.9999999999999999
2032,2026-05-06 10:55:00,Pure Unresolved Compression Equilibrium,Unresolved->Unresolved->Unresolved->Unresolved,-1.4428232973175175e-12,0.0,1.0,0.0,0.0,0.0,0.0,0.9002713704206242,0.27999999999999997,0.0,0.9999999999999999,0.0,CompressionPressure,0.9999999999999999
2033,2026-05-06 11:00:00,Pure Unresolved Compression Equilibrium,Unresolved->Unresolved->Unresolved->Unresolved,-1.4428232973175175e-12,0.0,1.0,0.0,0.0,0.0,0.0,0.9002713704206242,0.27999999999999997,0.0,0.9999999999999999,0.0,CompressionPressure,0.9999999999999999
2034,2026-05-06 11:05:00,Pure Unresolved Compression Equilibrium,Unresolved->Unresolved->Unresolved->Unresolved,-1.4428232973175175e-12,0.0,1.0,0.0,0.0,0.0,0.0,0.9002713704206242,0.27999999999999997,0.0,0.9999999999999999,0.0,CompressionPressure,0.9999999999999999
2035,2026-05-06 11:10:00,Pure Unresolved Compression Equilibrium,Unresolved->Unresolved->Unresolved->Unresolved,-1.4428232973175175e-12,0.0,1.0,0.0,0.0,0.0,0.0,0.9002713704206242,0.27999999999999997,0.0,0.9999999999999999,0.0,CompressionPressure,0.9999999999999999
2036,2026-05-06 11:15:00,Pure Unresolved Compression Equilibrium,Unresolved->Unresolved->Unresolved->Unresolved,-1.4428232973175175e-12,0.0,1.0,0.0,0.0,0.0,0.0,0.9002713704206242,0.27999999999999997,0.0,0.9999999999999999,0.0,CompressionPressure,0.9999999999999999
2037,2026-05-06 11:20:00,Pure Unresolved Compression Equilibrium,Unresolved->Unresolved->Unresolved->Unresolved,-1.4428232973175175e-12,0.0,1.0,0.0,0.0,0.0,0.0,0.9002713704206242,0.27999999999999997,0.0,0.9999999999999999,0.0,CompressionPressure,0.9999999999999999
2038,2026-05-06 11:25:00,Pure Unresolved Compression Equilibrium,Unresolved->Unresolved->Unresolved->Unresolved,-1.4428232973175175e-12,0.0,1.0,0.0,0.0,0.0,0.0,0.9002713704206242,0.27999999999999997,0.0,0.9999999999999999,0.0,CompressionPressure,0.9999999999999999
2039,2026-05-06 11:30:00,Pure Unresolved Compression Equilibrium,Unresolved->Unresolved->Unresolved->Unresolved,-1.4428232973175175e-12,0.0,1.0,0.0,0.0,0.0,0.0,0.9002713704206242,0.27999999999999997,0.0,0.9999999999999999,0.0,CompressionPressure,0.9999999999999999
2040,2026-05-06 11:35:00,Sponsor Exhaustion Collapse,Unresolved->Unresolved->Unresolved->Degrading,0.4689955935863958,0.1111111111111111,0.9,0.0,0.0,6.364,0.0,0.8590881640143999,0.2202730804215971,0.1366174603174603,0.4512433309564058,0.15335088133511932,CompressionPressure,0.4512433309564058
2041,2026-05-06 11:40:00,Stable Compression Basin,Unresolved->Unresolved->Degrading->Unresolved,0.9219280948830342,0.2222222222222222,0.8,0.0,0.0,9.305,0.0,0.8235239619193873,0.16177599134662882,0.06100992063492063,0.8034906051809215,0.2982979612318542,CompressionPressure,0.8034906051809215
2042,2026-05-06 11:45:00,Stable Compression Basin,Unresolved->Degrading->Unresolved->Unresolved,1.1567796494427114,0.2222222222222222,0.7,0.0,0.0,9.305,0.0,0.7879597598243748,0.13212850253398684,0.06100992063492063,0.747145716354275,0.3496717387917836,CompressionPressure,0.747145716354275
2043,2026-05-06 11:50:00,Stable Compression Basin,Degrading->Unresolved->Unresolved->Unresolved,1.2954618442339936,0.2222222222222222,0.6,0.0,0.0,9.305,0.0,0.7523955577293624,0.10984398032861264,0.06100992063492063,0.6968114125131533,0.38000846890237655,CompressionPressure,0.6968114125131533
2044,2026-05-06 11:55:00,Pure Unresolved Compression Equilibrium,Unresolved->Unresolved->Unresolved->Unresolved,1.2954618442339936,0.3333333333333333,0.6,0.0,0.0,9.305,0.0,0.7523955577293624,0.09769120255083487,0.07489880952380952,0.6690336347353755,0.42167513556904324,CompressionPressure,0.6690336347353755
2045,2026-05-06 12:00:00,Pure Unresolved Compression Equilibrium,Unresolved->Unresolved->Unresolved->Unresolved,1.2954618442339936,0.3333333333333333,0.6,0.0,0.0,9.305,0.0,0.7523955577293624,0.09769120255083487,0.07489880952380952,0.6690336347353755,0.42167513556904324,CompressionPressure,0.6690336347353755
2046,2026-05-06 12:05:00,Pure Unresolved Compression Equilibrium,Unresolved->Unresolved->Unresolved->Unresolved,1.2954618442339936,0.3333333333333333,0.6,0.0,0.0,9.305,0.0,0.7523955577293624,0.09769120255083487,0.07489880952380952,0.6690336347353755,0.42167513556904324,CompressionPressure,0.6690336347353755
2047,2026-05-06 12:10:00,Pure Unresolved Compression Equilibrium,Unresolved->Unresolved->Unresolved->Unresolved,1.2954618442339936,0.3333333333333333,0.6,0.0,0.0,9.305,0.0,0.7523955577293624,0.09769120255083487,0.07489880952380952,0.6690336347353755,0.42167513556904324,CompressionPressure,0.6690336347353755
2048,2026-05-06 12:15:00,Pure Unresolved Compression Equilibrium,Unresolved->Unresolved->Unresolved->Unresolved,1.2954618442339936,0.3333333333333333,0.6,0.0,0.0,9.305,0.0,0.7523955577293624,0.09769120255083487,0.07489880952380952,0.6690336347353755,0.42167513556904324,CompressionPressure,0.6690336347353755
2049,2026-05-06 12:20:00,Unstable Rotational Balance,Unresolved->Unresolved->Unresolved->Balance,1.6854752972215634,0.3333333333333333,0.5,0.0,0.0,15.620999999999999,0.0,0.7139557222746016,0.06270833333333332,0.09745595238095237,0.15833333333333333,0.7473157142857143,RotationalPressure,0.7473157142857143
2050,2026-05-06 12:25:00,Stable Compression Basin,Unresolved->Unresolved->Balance->Unresolved,1.360964047439353,0.3333333333333333,0.5,0.0,0.0,11.361999999999998,0.0,0.7195747265858132,0.08100952345125786,0.0822452380952381,0.6232730803683738,0.438942313948787,CompressionPressure,0.6232730803683738
2051,2026-05-06 12:30:00,Stable Compression Basin,Unresolved->Balance->Unresolved->Unresolved,1.360964047439353,0.3333333333333333,0.5,0.0,0.0,8.421,0.0,0.7195747265858132,0.08100952345125786,0.07174166666666666,0.6232730803683738,0.43474088537735844,CompressionPressure,0.6232730803683738
2052,2026-05-06 12:35:00,Stable Compression Basin,Balance->Unresolved->Unresolved->Unresolved,1.360964047439353,0.3333333333333333,0.5,0.0,0.0,8.421,0.0,0.7195747265858132,0.08100952345125786,0.07174166666666666,0.6232730803683738,0.43474088537735844,CompressionPressure,0.6232730803683738
2053,2026-05-06 12:40:00,Pure Unresolved Compression Equilibrium,Unresolved->Unresolved->Unresolved->Unresolved,1.2954618442339936,0.3333333333333333,0.6,0.0,0.0,8.421,0.0,0.7551389286808258,0.09769120255083487,0.07174166666666666,0.6690336347353755,0.42041227842618606,CompressionPressure,0.6690336347353755
2054,2026-05-06 12:45:00,Pure Unresolved Compression Equilibrium,Unresolved->Unresolved->Unresolved->Unresolved,1.2954618442339936,0.3333333333333333,0.6,0.0,0.0,8.421,0.0,0.7551389286808258,0.09769120255083487,0.07174166666666666,0.6690336347353755,0.42041227842618606,CompressionPressure,0.6690336347353755
2055,2026-05-06 12:50:00,Unstable Rotational Balance,Unresolved->Unresolved->Unresolved->Balance,1.4854752972230063,0.4444444444444444,0.5,0.0,0.0,14.737,0.0,0.716699093226065,0.059323853111919136,0.1081876984126984,0.13771334947911767,0.7626672450770563,RotationalPressure,0.7626672450770563
2056,2026-05-06 12:55:00,Stable Compression Basin,Unresolved->Unresolved->Balance->Unresolved,1.5219280948830343,0.5555555555555556,0.4,0.0,0.0,16.842000000000002,0.0,0.6811348911310524,0.032713491346628806,0.12959444444444446,0.5159906051809214,0.565315104088997,RotationalPressure,0.565315104088997
2057,2026-05-06 13:00:00,Stable Compression Basin,Unresolved->Balance->Unresolved->Unresolved,1.4854752972230063,0.5555555555555556,0.5,0.0,0.0,16.842000000000002,0.0,0.64557068903604,0.04717107533414137,0.12959444444444446,0.5599355717013399,0.5573410546008659,CompressionPressure,0.5599355717013399
2058,2026-05-06 13:05:00,Stable Compression Basin,Balance->Unresolved->Unresolved->Unresolved,1.3709505944503406,0.4444444444444444,0.6,0.0,0.0,16.842,0.0,0.6100064869410275,0.07975881733461802,0.11570555555555555,0.636537810069076,0.49062210920267857,CompressionPressure,0.636537810069076
2059,2026-05-06 13:10:00,Pure Unresolved Compression Equilibrium,Unresolved->Unresolved->Unresolved->Unresolved,1.2954618442339936,0.4444444444444444,0.6,0.0,0.0,10.526,0.0,0.6484463223957884,0.08553842477305709,0.0931484126984127,0.6412558569575977,0.46508608794999556,CompressionPressure,0.6412558569575977
2060,2026-05-06 13:15:00,Pure Unresolved Compression Equilibrium,Unresolved->Unresolved->Unresolved->Unresolved,1.360964047439353,0.4444444444444444,0.5,0.0,0.0,8.421,0.0,0.6840105244908008,0.0688567456734801,0.08563055555555554,0.595495302590596,0.4764075520440251,CompressionPressure,0.595495302590596
2061,2026-05-06 13:20:00,Pure Unresolved Compression Equilibrium,Unresolved->Unresolved->Unresolved->Unresolved,1.360964047439353,0.4444444444444444,0.5,0.0,0.0,8.421,0.0,0.7195747265858132,0.0688567456734801,0.08563055555555554,0.595495302590596,0.4764075520440251,CompressionPressure,0.595495302590596
2062,2026-05-06 13:25:00,Unstable Rotational Balance,Unresolved->Unresolved->Unresolved->Balance,1.4854752972230063,0.4444444444444444,0.5,0.0,0.0,14.737,0.0,0.716699093226065,0.059323853111919136,0.1081876984126984,0.13771334947911767,0.7626672450770563,RotationalPressure,0.7626672450770563
2063,2026-05-06 13:30:00,Stable Compression Basin,Unresolved->Unresolved->Balance->Unresolved,1.5219280948830343,0.5555555555555556,0.4,0.0,0.0,16.842000000000002,0.0,0.6811348911310524,0.032713491346628806,0.12959444444444446,0.5159906051809214,0.565315104088997,RotationalPressure,0.565315104088997
2064,2026-05-06 13:35:00,Stable Compression Basin,Unresolved->Balance->Unresolved->Unresolved,1.4854752972230063,0.4444444444444444,0.5,0.0,0.0,16.842000000000002,0.0,0.64557068903604,0.059323853111919136,0.11570555555555556,0.5877133494791177,0.5156743879341993,CompressionPressure,0.5877133494791177
2065,2026-05-06 13:40:00,Unstable Rotational Balance,Balance->Unresolved->Unresolved->Balance,1.4854752972230063,0.4444444444444444,0.5,0.0,0.0,16.842,0.0,0.64557068903604,0.059323853111919136,0.11570555555555555,0.13771334947911767,0.7656743879341992,RotationalPressure,0.7656743879341992
2066,2026-05-06 13:45:00,Unstable Rotational Balance,Unresolved->Unresolved->Balance->Balance,1.5709505944503404,0.4444444444444444,0.4,0.0,0.0,14.737,0.0,0.6426950556762916,0.04111298400128472,0.1081876984126984,0.09070447673574264,0.7813649663455356,RotationalPressure,0.7813649663455356
2067,2026-05-06 13:50:00,Stable Compression Basin,Unresolved->Balance->Balance->Unresolved,1.5709505944503404,0.5555555555555556,0.4,0.0,0.0,16.842000000000002,0.0,0.6426950556762916,0.028960206223506934,0.12959444444444446,0.5129266989579648,0.5760387758693453,RotationalPressure,0.5760387758693453
2068,2026-05-06 13:55:00,Stable Compression Basin,Balance->Balance->Unresolved->Unresolved,1.5709505944503404,0.4444444444444444,0.4,0.0,0.0,16.842000000000002,0.0,0.6426950556762916,0.04111298400128472,0.11570555555555556,0.5407044767357427,0.5343721092026785,CompressionPressure,0.5407044767357427
2069,2026-05-06 14:00:00,Stable Compression Basin,Balance->Unresolved->Unresolved->Unresolved,1.4854752972230063,0.4444444444444444,0.5,0.0,0.0,16.842,0.0,0.6071308535812792,0.059323853111919136,0.11570555555555555,0.5877133494791177,0.5156743879341993,CompressionPressure,0.5877133494791177
2070,2026-05-07 06:35:00,Pure Unresolved Compression Equilibrium,Unresolved->Unresolved->Unresolved->Unresolved,1.4854752972230063,0.5555555555555556,0.5,0.0,0.0,16.842,0.0,0.6071308535812792,0.04717107533414137,0.12959444444444446,0.5599355717013399,0.5573410546008659,CompressionPressure,0.5599355717013399
2071,2026-05-07 06:40:00,Pure Unresolved Compression Equilibrium,Unresolved->Unresolved->Unresolved->Unresolved,1.4854752972230063,0.4444444444444444,0.5,0.0,0.0,16.842000000000002,0.0,0.6071308535812792,0.059323853111919136,0.11570555555555556,0.5877133494791177,0.5156743879341993,CompressionPressure,0.5877133494791177
2072,2026-05-07 06:45:00,Sponsor Exhaustion Collapse,Unresolved->Unresolved->Unresolved->Degrading,1.7609640474379105,0.4444444444444444,0.5,0.0,0.0,16.889999999999997,0.0,0.6043874826298158,0.050555555555555555,0.2158769841269841,0.13055555555555556,0.540795238095238,RotationalPressure,0.540795238095238
2073,2026-05-07 06:50:00,Directional Continuation / Sponsor Release,Unresolved->Unresolved->Degrading->Directional,2.1219280948801487,0.5555555555555556,0.4,0.1,1.0,21.451999999999998,3.3329999999999997,0.6022774888592364,0.0963888888888889,0.3616127301587302,0.061111111111111116,0.5889790476190476,RotationalPressure,0.5889790476190476
2074,2026-05-07 06:55:00,Sponsor Exhaustion Collapse,Unresolved->Degrading->Directional->Degrading,2.246439344663802,0.5555555555555556,0.3,0.2,1.0,28.451999999999998,3.3329999999999997,0.5966584845480247,0.09311111111111113,0.2866127301587301,0.061111111111111116,0.5989790476190476,RotationalPressure,0.5989790476190476
2075,2026-05-07 07:00:00,Sponsor Exhaustion Collapse,Degrading->Directional->Degrading->Degrading,2.170950594447455,0.5555555555555556,0.3,0.3,1.0,22.136000000000003,3.3329999999999997,0.5936189008030468,0.10911111111111112,0.2640555873015873,0.061111111111111116,0.5899561904761905,RotationalPressure,0.5899561904761905
2076,2026-05-07 07:05:00,Stable Compression Basin,Directional->Degrading->Degrading->Unresolved,1.8464393446652445,0.5555555555555556,0.4,0.4,0.0,22.136000000000003,3.3329999999999997,0.5905793170580689,0.05473611111111112,0.1640555873015873,0.5111111111111111,0.5899561904761905,RotationalPressure,0.5899561904761905
2077,2026-05-07 07:10:00,Stable Compression Basin,Degrading->Degrading->Unresolved->Unresolved,1.8464393446652445,0.5555555555555556,0.4,0.4,0.0,20.031,3.3329999999999997,0.5905793170580688,0.05473611111111112,0.15653773015873015,0.5111111111111111,0.5869490476190476,RotationalPressure,0.5869490476190476
2078,2026-05-07 07:15:00,Stable Compression Basin,Degrading->Unresolved->Unresolved->Unresolved,1.8464393446652445,0.5555555555555556,0.4,0.4,0.0,20.031,3.3329999999999997,0.5905793170580689,0.05473611111111112,0.15653773015873015,0.5111111111111111,0.5869490476190476,RotationalPressure,0.5869490476190476
2079,2026-05-07 07:20:00,Pure Unresolved Compression Equilibrium,Unresolved->Unresolved->Unresolved->Unresolved,1.8954618442325508,0.5555555555555556,0.3,0.4,0.0,20.031,3.3329999999999997,0.6261435191530813,0.05473611111111112,0.15653773015873015,0.5111111111111111,0.5869490476190476,RotationalPressure,0.5869490476190476
2080,2026-05-07 07:25:00,Pure Unresolved Compression Equilibrium,Unresolved->Unresolved->Unresolved->Unresolved,1.8954618442325508,0.5555555555555556,0.3,0.4,0.0,20.031,3.3329999999999997,0.6261435191530813,0.05473611111111112,0.15653773015873015,0.5111111111111111,0.5869490476190476,RotationalPressure,0.5869490476190476
2081,2026-05-07 07:30:00,Pure Unresolved Compression Equilibrium,Unresolved->Unresolved->Unresolved->Unresolved,1.8954618442325508,0.4444444444444444,0.3,0.4,0.0,20.031,3.3329999999999997,0.6261435191530812,0.0668888888888889,0.14264884126984126,0.538888888888889,0.5452823809523809,RotationalPressure,0.5452823809523809
2082,2026-05-07 07:35:00,Sponsor Exhaustion Collapse,Unresolved->Unresolved->Unresolved->Degrading,1.8954618442325508,0.4444444444444444,0.3,0.4,0.0,20.031,3.3329999999999997,0.6261435191530813,0.0668888888888889,0.24264884126984126,0.0888888888888889,0.5452823809523809,RotationalPressure,0.5452823809523809
2083,2026-05-07 07:40:00,Directional Continuation / Sponsor Release,Unresolved->Unresolved->Degrading->Directional,1.8954618442325508,0.4444444444444444,0.3,0.4,1.0,20.031,3.3329999999999997,0.6261435191530813,0.19111111111111115,0.3426488412698413,0.0888888888888889,0.5452823809523809,RotationalPressure,0.5452823809523809
2084,2026-05-07 07:45:00,Sponsor Exhaustion Collapse,Unresolved->Degrading->Directional->Degrading,1.8954618442325508,0.5555555555555556,0.3,0.4,1.0,20.031,3.3329999999999997,0.6261435191530813,0.12511111111111115,0.25653773015873016,0.061111111111111116,0.5869490476190476,RotationalPressure,0.5869490476190476
2085,2026-05-07 07:50:00,Sponsor Exhaustion Collapse,Degrading->Directional->Degrading->Degrading,1.8954618442325508,0.4444444444444444,0.3,0.4,1.0,20.031,3.3329999999999997,0.6261435191530813,0.15288888888888894,0.24264884126984126,0.0888888888888889,0.5452823809523809,RotationalPressure,0.5452823809523809
2086,2026-05-07 07:55:00,Sponsor Exhaustion Collapse,Directional->Degrading->Degrading->Degrading,1.8464393446652445,0.4444444444444444,0.4,0.4,0.0,20.031,3.3329999999999997,0.6264397319465959,0.0668888888888889,0.24264884126984126,0.0888888888888889,0.5452823809523809,RotationalPressure,0.5452823809523809
2087,2026-05-07 08:00:00,Directional Continuation / Sponsor Release,Degrading->Degrading->Degrading->Directional,1.8464393446652445,0.5555555555555556,0.4,0.5,1.0,26.698,6.6659999999999995,0.6243297381760164,0.1763888888888889,0.39590244444444445,0.061111111111111116,0.5964733333333334,RotationalPressure,0.5964733333333334
2088,2026-05-07 08:05:00,Sponsor Exhaustion Collapse,Degrading->Degrading->Directional->Degrading,1.4854752972230063,0.5555555555555556,0.5,0.6,1.0,26.698,6.6659999999999995,0.6184145210712901,0.20381960076375172,0.29590244444444447,0.10993557170133988,0.571421054600866,RotationalPressure,0.571421054600866
2089,2026-05-07 08:10:00,Sponsor Exhaustion Collapse,Degrading->Directional->Degrading->Degrading,1.3709505944503406,0.5555555555555556,0.6,0.7,1.0,26.698,6.6659999999999995,0.5769351018715514,0.2665280904156348,0.29590244444444447,0.15876003229129815,0.5463687758693454,RotationalPressure,0.5463687758693454
2090,2026-05-07 08:15:00,Sponsor Exhaustion Collapse,Directional->Degrading->Degrading->Degrading,1.1567796494427114,0.5555555555555556,0.7,0.8,0.0,26.698,6.6659999999999995,0.5357518954653272,0.15167016920065352,0.29590244444444447,0.21381238302094163,0.49951888164892644,RotationalPressure,0.49951888164892644
2091,2026-05-07 08:20:00,Unstable Rotational Balance,Degrading->Degrading->Degrading->Balance,1.1567796494427114,0.5555555555555556,0.7,0.8,0.0,36.698,6.6659999999999995,0.4973120600105664,0.15167016920065352,0.23161673015873016,0.21381238302094163,0.7638045959346407,RotationalPressure,0.7638045959346407
2092,2026-05-07 08:25:00,Sponsor Exhaustion Collapse,Degrading->Degrading->Balance->Degrading,1.1567796494427114,0.5555555555555556,0.7,0.8,0.0,35.334,6.6659999999999995,0.4973120600105664,0.15167016920065352,0.32674530158730164,0.21381238302094163,0.5118560245060693,RotationalPressure,0.5118560245060693
2093,2026-05-07 08:30:00,Sponsor Exhaustion Collapse,Degrading->Balance->Degrading->Degrading,0.9219280948830342,0.4444444444444444,0.8,0.7,0.0,28.667,3.3329999999999997,0.493803049469934,0.18647043579107325,0.2734916984126984,0.297935049625366,0.40929129456518754,RotationalPressure,0.40929129456518754
2094,2026-05-07 08:35:00,Stable Compression Basin,Balance->Degrading->Degrading->Unresolved,1.3567796494412687,0.5555555555555556,0.7,0.6,0.0,24.608,3.3329999999999997,0.4994220537811457,0.12235766920076396,0.17288415873015872,0.6513123830210318,0.5402831673628965,CompressionPressure,0.6513123830210318
2095,2026-05-07 08:40:00,Sponsor Exhaustion Collapse,Degrading->Degrading->Unresolved->Degrading,1.3567796494412687,0.6666666666666666,0.7,0.5,0.0,30.972,3.3329999999999997,0.4997182665746601,0.1032048914229862,0.3095016190476191,0.17353460524325404,0.5910412626009918,RotationalPressure,0.5910412626009918
2096,2026-05-07 08:45:00,Stable Compression Basin,Degrading->Unresolved->Degrading->Unresolved,1.5709505944488977,0.6666666666666666,0.6,0.4,0.0,33.913,3.3329999999999997,0.5053372708858719,0.06814076177917294,0.22000519047619044,0.5684822545136106,0.6420925853928392,RotationalPressure,0.6420925853928392
2097,2026-05-07 08:50:00,Stable Compression Basin,Unresolved->Degrading->Unresolved->Unresolved,1.2954618442339936,0.5555555555555556,0.6,0.3,0.0,27.246000000000002,0.0,0.5074472646564512,0.09438564699527931,0.16675158730158732,0.6134780791798199,0.5306384689023765,CompressionPressure,0.6134780791798199
2098,2026-05-07 08:55:00,Stable Compression Basin,Degrading->Unresolved->Unresolved->Unresolved,1.360964047439353,0.5555555555555556,0.5,0.2,0.0,27.246,0.0,0.5133624817611775,0.07070396789570232,0.1667515873015873,0.5677175248128182,0.5449670758535489,CompressionPressure,0.5677175248128182
2099,2026-05-07 09:00:00,Pure Unresolved Compression Equilibrium,Unresolved->Unresolved->Unresolved->Unresolved,1.7219280948815914,0.6666666666666666,0.4,0.1,0.0,27.246,0.0,0.5548419009609162,0.021583333333333343,0.18064047619047618,0.4833333333333334,0.6389228571428571,RotationalPressure,0.6389228571428571
2100,2026-05-07 09:05:00,Unstable Rotational Balance,Unresolved->Unresolved->Unresolved->Balance,1.8464393446652445,0.6666666666666666,0.4,0.0,0.0,33.562,0.0,0.5575852719123796,0.01458333333333334,0.20319761904761902,0.033333333333333354,0.8979457142857142,RotationalPressure,0.8979457142857142
2101,2026-05-07 09:10:00,Stable Compression Basin,Unresolved->Unresolved->Balance->Degrading,1.6854752972215634,0.6666666666666666,0.5,0.0,0.0,23.562,0.0,0.5545456881674018,0.026250000000000002,0.16748333333333332,0.525,0.63366,RotationalPressure,0.63366
2102,2026-05-07 09:15:00,Sponsor Exhaustion Collapse,Unresolved->Balance->Degrading->Degrading,1.6854752972215634,0.7777777777777778,0.5,0.0,0.0,18.562,0.0,0.5542494753738872,0.014097222222222223,0.26351507936507934,0.04722222222222222,0.6681838095238095,RotationalPressure,0.6681838095238095
2103,2026-05-07 09:20:00,Sponsor Exhaustion Collapse,Balance->Degrading->Degrading->Degrading,1.6854752972215634,0.6666666666666666,0.5,0.0,0.0,18.562,0.0,0.5539532625803728,0.026250000000000002,0.24962619047619047,0.07500000000000001,0.6265171428571429,RotationalPressure,0.6265171428571429
2104,2026-05-07 09:25:00,Stable Compression Basin,Degrading->Degrading->Degrading->Unresolved,1.6854752972215634,0.6666666666666666,0.5,0.0,0.0,18.561999999999998,0.0,0.5539532625803728,0.026250000000000002,0.14962619047619047,0.525,0.6265171428571429,RotationalPressure,0.6265171428571429
2105,2026-05-07 09:30:00,Stable Compression Basin,Degrading->Degrading->Unresolved->Unresolved,1.5709505944488977,0.5555555555555556,0.6,0.0,0.0,12.197999999999999,0.0,0.5595722668915846,0.05229353955695071,0.11300873015873016,0.5962600322913884,0.5694044901547439,CompressionPressure,0.5962600322913884
2106,2026-05-07 09:35:00,Stable Compression Basin,Degrading->Unresolved->Unresolved->Unresolved,1.5709505944488977,0.5555555555555556,0.6,0.0,0.0,9.257,0.0,0.5595722668915846,0.05229353955695071,0.10250515873015872,0.5962600322913884,0.5652030615833153,CompressionPressure,0.5962600322913884
2107,2026-05-07 09:40:00,Pure Unresolved Compression Equilibrium,Unresolved->Unresolved->Unresolved->Unresolved,1.7609640474379105,0.6666666666666666,0.5,0.0,0.0,9.257,0.0,0.595136468986597,0.026250000000000002,0.11639404761904762,0.525,0.6132242857142857,RotationalPressure,0.6132242857142857
2108,2026-05-07 09:45:00,Pure Unresolved Compression Equilibrium,Unresolved->Unresolved->Unresolved->Unresolved,1.8464393446652445,0.5555555555555556,0.4,0.0,0.0,9.257,0.0,0.6307006710816095,0.026736111111111113,0.10250515873015872,0.5111111111111111,0.571557619047619,RotationalPressure,0.571557619047619
2109,2026-05-07 09:50:00,Pure Unresolved Compression Equilibrium,Unresolved->Unresolved->Unresolved->Unresolved,1.8464393446652445,0.4444444444444444,0.4,0.0,0.0,9.257,0.0,0.6307006710816095,0.038888888888888896,0.08861626984126983,0.538888888888889,0.5298909523809523,CompressionPressure,0.538888888888889
2110,2026-05-07 09:55:00,Pure Unresolved Compression Equilibrium,Unresolved->Unresolved->Unresolved->Unresolved,1.5219280948830343,0.3333333333333333,0.4,0.0,0.0,2.941,0.0,0.6691405065363704,0.05701904690218436,0.05217023809523809,0.571546160736477,0.4621231993270923,CompressionPressure,0.571546160736477
2111,2026-05-07 10:00:00,Pure Unresolved Compression Equilibrium,Unresolved->Unresolved->Unresolved->Unresolved,1.4854752972230063,0.2222222222222222,0.5,0.0,0.0,2.941,0.0,0.7106199257361091,0.08362940866747469,0.03828134920634921,0.6432689050346733,0.4124824831722945,CompressionPressure,0.6432689050346733
2112,2026-05-07 10:05:00,Pure Unresolved Compression Equilibrium,Unresolved->Unresolved->Unresolved->Unresolved,1.2954618442339936,0.2222222222222222,0.6,0.0,0.0,2.941,0.0,0.7520993449358478,0.10984398032861264,0.03828134920634921,0.6968114125131533,0.37091704033094797,CompressionPressure,0.6968114125131533
2113,2026-05-07 10:10:00,Pure Unresolved Compression Equilibrium,Unresolved->Unresolved->Unresolved->Unresolved,0.8812908992278072,0.1111111111111111,0.7,0.0,0.0,2.941,0.0,0.7935787641355866,0.1653733877500932,0.024392460317460316,0.7921415410204843,0.23865047944417803,CompressionPressure,0.7921415410204843
2114,2026-05-07 10:15:00,Pure Unresolved Compression Equilibrium,Unresolved->Unresolved->Unresolved->Unresolved,0.7219280948844771,0.1111111111111111,0.8,0.0,0.0,0.0,0.0,0.829142966230599,0.18924126912429612,0.013888888888888888,0.8437683829586091,0.199588437422646,CompressionPressure,0.8437683829586091
2115,2026-05-07 10:20:00,Directional Continuation / Sponsor Release,Unresolved->Unresolved->Unresolved->Directional,0.9219280948830342,0.2222222222222222,0.8,0.1,1.0,2.5,7.5,0.8270329724600197,0.4822171181332252,0.27170634920634923,0.35349060518092146,0.2885765326604256,DirectionalReleasePressure,0.4822171181332252
2116,2026-05-07 10:25:00,Sponsor Exhaustion Collapse,Unresolved->Unresolved->Directional->Degrading,0.9219280948830342,0.2222222222222222,0.8,0.2,1.0,9.5,7.5,0.821413968148808,0.4017736945065802,0.19670634920634922,0.35349060518092146,0.2985765326604256,DirectionalReleasePressure,0.4017736945065802
2117,2026-05-07 10:30:00,Sponsor Exhaustion Collapse,Unresolved->Directional->Degrading->Degrading,1.1567796494427114,0.2222222222222222,0.7,0.3,1.0,9.5,7.5,0.7802307617425839,0.35000800579196994,0.19670634920634922,0.297145716354275,0.349950310220355,DirectionalReleasePressure,0.35000800579196994
2118,2026-05-07 10:35:00,Sponsor Exhaustion Collapse,Directional->Degrading->Degrading->Degrading,1.2954618442339936,0.2222222222222222,0.6,0.4,0.0,9.5,7.5,0.7390475553363596,0.13784398032861264,0.19670634920634922,0.2468114125131532,0.38028704033094796,RotationalPressure,0.38028704033094796
2119,2026-05-07 10:40:00,Stable Compression Basin,Degrading->Degrading->Degrading->Unresolved,1.6854752972215634,0.3333333333333333,0.5,0.4,0.0,12.440999999999999,7.5,0.703483353241347,0.09070833333333332,0.1210988095238095,0.6083333333333334,0.4927728571428571,CompressionPressure,0.6083333333333334
2120,2026-05-07 10:45:00,Stable Compression Basin,Degrading->Degrading->Unresolved->Unresolved,1.8464393446652445,0.3333333333333333,0.4,0.4,0.0,12.440999999999999,7.5,0.6679191511463346,0.07904166666666668,0.1210988095238095,0.5666666666666667,0.4927728571428571,CompressionPressure,0.5666666666666667
2121,2026-05-07 10:50:00,Stable Compression Basin,Degrading->Unresolved->Unresolved->Unresolved,1.8954618442325508,0.3333333333333333,0.3,0.4,0.0,12.440999999999999,7.5,0.6323549490513221,0.07904166666666668,0.1210988095238095,0.5666666666666667,0.4927728571428571,CompressionPressure,0.5666666666666667
2122,2026-05-07 10:55:00,Pure Unresolved Compression Equilibrium,Unresolved->Unresolved->Unresolved->Unresolved,1.8954618442325508,0.4444444444444444,0.3,0.4,0.0,12.440999999999999,7.5,0.6323549490513221,0.0668888888888889,0.1349876984126984,0.538888888888889,0.5344395238095238,CompressionPressure,0.538888888888889
2123,2026-05-07 11:00:00,Sponsor Exhaustion Collapse,Unresolved->Unresolved->Unresolved->Degrading,1.8464393446652445,0.5555555555555556,0.4,0.4,0.0,18.805,7.5,0.5911717426450978,0.05473611111111112,0.2716051587301587,0.061111111111111116,0.585197619047619,RotationalPressure,0.585197619047619
2124,2026-05-07 11:05:00,Stable Compression Basin,Unresolved->Unresolved->Degrading->Unresolved,1.7219280948815914,0.5555555555555556,0.4,0.4,0.0,21.746000000000002,7.5,0.5556075405500853,0.05473611111111112,0.18210873015873016,0.5111111111111111,0.5893990476190476,RotationalPressure,0.5893990476190476
2125,2026-05-07 11:10:00,Sponsor Exhaustion Collapse,Unresolved->Degrading->Unresolved->Degrading,1.360964047439353,0.5555555555555556,0.5,0.3,0.0,25.610000000000003,0.0,0.552098530009453,0.07770396789570232,0.2609087301587302,0.11771752481281822,0.542629932996406,RotationalPressure,0.542629932996406
2126,2026-05-07 11:15:00,Stable Compression Basin,Degrading->Unresolved->Degrading->Unresolved,1.360964047439353,0.6666666666666666,0.5,0.2,0.0,21.551,0.0,0.5577175343206646,0.058551190117924555,0.16030119047619046,0.5399397470350404,0.5784980282345014,RotationalPressure,0.5784980282345014
2127,2026-05-07 11:20:00,Stable Compression Basin,Unresolved->Degrading->Unresolved->Unresolved,1.2954618442339936,0.6666666666666666,0.6,0.1,0.0,21.551,0.0,0.5633365386318763,0.06823286921750153,0.16030119047619046,0.5857003014020421,0.5641694212833289,CompressionPressure,0.5857003014020421
2128,2026-05-07 11:25:00,Unstable Rotational Balance,Degrading->Unresolved->Unresolved->Balance,1.5709505944488977,0.6666666666666666,0.6,0.0,0.0,27.866999999999997,0.0,0.5660799095833398,0.040140761779172945,0.18285833333333332,0.11848225451361057,0.8834554425356963,RotationalPressure,0.8834554425356963
2129,2026-05-07 11:30:00,Stable Compression Basin,Unresolved->Unresolved->Balance->Unresolved,1.5709505944488977,0.7777777777777778,0.6,0.0,0.0,27.031,0.0,0.5660799095833399,0.02798798400139516,0.19376150793650793,0.5407044767358328,0.6739278234880773,RotationalPressure,0.6739278234880773
2130,2026-05-07 11:35:00,Stable Compression Basin,Unresolved->Balance->Unresolved->Unresolved,1.5709505944488977,0.7777777777777778,0.6,0.0,0.0,27.031,0.0,0.5660799095833398,0.02798798400139516,0.19376150793650793,0.5407044767358328,0.6739278234880773,RotationalPressure,0.6739278234880773
2131,2026-05-07 11:40:00,Stable Compression Basin,Balance->Unresolved->Unresolved->Unresolved,1.5709505944488977,0.6666666666666666,0.6,0.0,0.0,27.031,0.0,0.5660799095833398,0.040140761779172945,0.17987261904761903,0.5684822545136106,0.6322611568214106,RotationalPressure,0.6322611568214106
2132,2026-05-07 11:45:00,Directional Continuation / Sponsor Release,Unresolved->Unresolved->Unresolved->Directional,1.5709505944488977,0.6666666666666666,0.6,0.1,1.0,29.531,7.5,0.528405713717748,0.134687890797637,0.42380119047619047,0.11848225451361057,0.6358325853928392,RotationalPressure,0.6358325853928392
2133,2026-05-07 11:50:00,Sponsor Exhaustion Collapse,Unresolved->Unresolved->Directional->Degrading,1.5709505944488977,0.6666666666666666,0.6,0.2,1.0,30.166999999999994,7.5,0.528405713717748,0.12375031263810961,0.326072619047619,0.11848225451361057,0.6367411568214105,RotationalPressure,0.6367411568214105
2134,2026-05-07 11:55:00,Stable Compression Basin,Unresolved->Directional->Degrading->Unresolved,1.5709505944488977,0.6666666666666666,0.6,0.3,1.0,30.167,7.5,0.528405713717748,0.13975031263810958,0.22607261904761905,0.5684822545136106,0.6367411568214105,RotationalPressure,0.6367411568214105
2135,2026-05-07 12:00:00,Unstable Rotational Balance,Directional->Degrading->Unresolved->Balance,1.5709505944488977,0.6666666666666666,0.6,0.4,0.0,23.803,7.5,0.5281095009242336,0.06814076177917294,0.20334404761904762,0.11848225451361057,0.877649728249982,RotationalPressure,0.877649728249982
2136,2026-05-07 12:05:00,Stable Compression Basin,Degrading->Unresolved->Balance->Unresolved,1.5709505944488977,0.7777777777777778,0.6,0.4,0.0,22.967000000000002,7.5,0.5281095009242336,0.055987984001395166,0.21424722222222226,0.5407044767358328,0.668122109202363,RotationalPressure,0.668122109202363
2137,2026-05-07 12:10:00,Stable Compression Basin,Unresolved->Balance->Unresolved->Unresolved,1.5709505944488977,0.6666666666666666,0.6,0.4,0.0,22.967000000000002,7.5,0.5281095009242336,0.06814076177917294,0.20035833333333336,0.5684822545136106,0.6264554425356963,RotationalPressure,0.6264554425356963
2138,2026-05-07 12:15:00,Stable Compression Basin,Balance->Unresolved->Unresolved->Unresolved,1.3567796494412687,0.5555555555555556,0.7,0.4,0.0,16.651,7.5,0.5309851342839819,0.10835766920076398,0.16391230158730158,0.6513123830210318,0.5289160245057537,CompressionPressure,0.6513123830210318
2139,2026-05-07 12:20:00,Pure Unresolved Compression Equilibrium,Unresolved->Unresolved->Unresolved->Unresolved,1.770950594447455,0.6666666666666666,0.6,0.4,0.0,14.546000000000001,7.5,0.5665493363789944,0.06591666666666667,0.17028333333333334,0.5666666666666667,0.62078,RotationalPressure,0.62078
2140,2026-05-07 12:25:00,Pure Unresolved Compression Equilibrium,Unresolved->Unresolved->Unresolved->Unresolved,1.9609640474364676,0.6666666666666666,0.5,0.4,0.0,14.546000000000001,7.5,0.6021135384740068,0.05425000000000001,0.17028333333333334,0.525,0.62078,RotationalPressure,0.62078
2141,2026-05-07 12:30:00,Pure Unresolved Compression Equilibrium,Unresolved->Unresolved->Unresolved->Unresolved,2.046439344663802,0.5555555555555556,0.4,0.4,0.0,14.546000000000001,7.5,0.6376777405690193,0.05473611111111112,0.15639444444444445,0.5111111111111111,0.5791133333333334,RotationalPressure,0.5791133333333334
2142,2026-05-07 12:35:00,Pure Unresolved Compression Equilibrium,Unresolved->Unresolved->Unresolved->Unresolved,1.7219280948815914,0.4444444444444444,0.4,0.3,0.0,12.046,0.0,0.6753519364346111,0.059888888888888894,0.09857698412698412,0.538888888888889,0.5338752380952381,CompressionPressure,0.538888888888889
2143,2026-05-07 12:40:00,Pure Unresolved Compression Equilibrium,Unresolved->Unresolved->Unresolved->Unresolved,1.360964047439353,0.3333333333333333,0.5,0.2,0.0,5.046,0.0,0.7165351428408353,0.09500952345125788,0.059688095238095235,0.6232730803683738,0.4299194568059299,CompressionPressure,0.6232730803683738
2144,2026-05-07 12:45:00,Pure Unresolved Compression Equilibrium,Unresolved->Unresolved->Unresolved->Unresolved,1.2954618442339936,0.2222222222222222,0.6,0.1,0.0,2.105,0.0,0.7520993449358478,0.11684398032861265,0.03529563492063492,0.6968114125131533,0.36972275461666226,CompressionPressure,0.6968114125131533
2145,2026-05-07 12:50:00,Pure Unresolved Compression Equilibrium,Unresolved->Unresolved->Unresolved->Unresolved,0.8812908992278072,0.1111111111111111,0.7,0.0,0.0,2.105,0.0,0.7935787641355866,0.1653733877500932,0.02140674603174603,0.7921415410204843,0.2374561937298923,CompressionPressure,0.7921415410204843
2146,2026-05-07 12:55:00,Pure Unresolved Compression Equilibrium,Unresolved->Unresolved->Unresolved->Unresolved,0.7219280948844771,0.1111111111111111,0.8,0.0,0.0,0.0,0.0,0.829142966230599,0.18924126912429612,0.013888888888888888,0.8437683829586091,0.199588437422646,CompressionPressure,0.8437683829586091
2147,2026-05-07 13:00:00,Pure Unresolved Compression Equilibrium,Unresolved->Unresolved->Unresolved->Unresolved,0.4689955935863958,0.1111111111111111,0.9,0.0,0.0,0.0,0.0,0.8647071683256116,0.2202730804215971,0.013888888888888888,0.9012433309564057,0.14425945276369073,CompressionPressure,0.9012433309564057
2148,2026-05-07 13:05:00,Pure Unresolved Compression Equilibrium,Unresolved->Unresolved->Unresolved->Unresolved,-1.4428232973175175e-12,0.0,1.0,0.0,0.0,0.0,0.0,0.9002713704206242,0.27999999999999997,0.0,0.9999999999999999,0.0,CompressionPressure,0.9999999999999999
2149,2026-05-07 13:10:00,Pure Unresolved Compression Equilibrium,Unresolved->Unresolved->Unresolved->Unresolved,-1.4428232973175175e-12,0.0,1.0,0.0,0.0,0.0,0.0,0.9002713704206242,0.27999999999999997,0.0,0.9999999999999999,0.0,CompressionPressure,0.9999999999999999
2150,2026-05-07 13:15:00,Pure Unresolved Compression Equilibrium,Unresolved->Unresolved->Unresolved->Unresolved,-1.4428232973175175e-12,0.0,1.0,0.0,0.0,0.0,0.0,0.9002713704206242,0.27999999999999997,0.0,0.9999999999999999,0.0,CompressionPressure,0.9999999999999999
2151,2026-05-07 13:20:00,Pure Unresolved Compression Equilibrium,Unresolved->Unresolved->Unresolved->Unresolved,-1.4428232973175175e-12,0.0,1.0,0.0,0.0,0.0,0.0,0.9002713704206242,0.27999999999999997,0.0,0.9999999999999999,0.0,CompressionPressure,0.9999999999999999
2152,2026-05-07 13:25:00,Pure Unresolved Compression Equilibrium,Unresolved->Unresolved->Unresolved->Unresolved,-1.4428232973175175e-12,0.0,1.0,0.0,0.0,0.0,0.0,0.9002713704206242,0.27999999999999997,0.0,0.9999999999999999,0.0,CompressionPressure,0.9999999999999999
2153,2026-05-07 13:30:00,Pure Unresolved Compression Equilibrium,Unresolved->Unresolved->Unresolved->Unresolved,-1.4428232973175175e-12,0.0,1.0,0.0,0.0,0.0,0.0,0.9002713704206242,0.27999999999999997,0.0,0.9999999999999999,0.0,CompressionPressure,0.9999999999999999
2154,2026-05-07 13:35:00,Pure Unresolved Compression Equilibrium,Unresolved->Unresolved->Unresolved->Unresolved,-1.4428232973175175e-12,0.0,1.0,0.0,0.0,0.0,0.0,0.9002713704206242,0.27999999999999997,0.0,0.9999999999999999,0.0,CompressionPressure,0.9999999999999999
2155,2026-05-07 13:40:00,Pure Unresolved Compression Equilibrium,Unresolved->Unresolved->Unresolved->Unresolved,-1.4428232973175175e-12,0.0,1.0,0.0,0.0,0.0,0.0,0.9002713704206242,0.27999999999999997,0.0,0.9999999999999999,0.0,CompressionPressure,0.9999999999999999
2156,2026-05-07 13:45:00,Pure Unresolved Compression Equilibrium,Unresolved->Unresolved->Unresolved->Unresolved,-1.4428232973175175e-12,0.0,1.0,0.0,0.0,0.0,0.0,0.9002713704206242,0.27999999999999997,0.0,0.9999999999999999,0.0,CompressionPressure,0.9999999999999999
2157,2026-05-07 13:50:00,Pure Unresolved Compression Equilibrium,Unresolved->Unresolved->Unresolved->Unresolved,-1.4428232973175175e-12,0.0,1.0,0.0,0.0,0.0,0.0,0.9002713704206242,0.27999999999999997,0.0,0.9999999999999999,0.0,CompressionPressure,0.9999999999999999
2158,2026-05-07 13:55:00,Pure Unresolved Compression Equilibrium,Unresolved->Unresolved->Unresolved->Unresolved,-1.4428232973175175e-12,0.0,1.0,0.0,0.0,0.0,0.0,0.9002713704206242,0.27999999999999997,0.0,0.9999999999999999,0.0,CompressionPressure,0.9999999999999999
2159,2026-05-07 14:00:00,Pure Unresolved Compression Equilibrium,Unresolved->Unresolved->Unresolved->Unresolved,-1.4428232973175175e-12,0.0,1.0,0.0,0.0,0.0,0.0,0.9002713704206242,0.27999999999999997,0.0,0.9999999999999999,0.0,CompressionPressure,0.9999999999999999
2160,2026-05-08 06:35:00,Pure Unresolved Compression Equilibrium,Unresolved->Unresolved->Unresolved->Unresolved,-1.4428232973175175e-12,0.0,1.0,0.0,0.0,0.0,0.0,0.9002713704206242,0.27999999999999997,0.0,0.9999999999999999,0.0,CompressionPressure,0.9999999999999999
2161,2026-05-08 06:40:00,Directional Continuation / Sponsor Release,Unresolved->Unresolved->Unresolved->Directional,0.4689955935863958,0.1111111111111111,0.9,0.1,1.0,2.5,7.5,0.8625971745550324,0.6493516583474204,0.25781746031746033,0.4512433309564058,0.1478308813351193,DirectionalReleasePressure,0.6493516583474204
2162,2026-05-08 06:45:00,Sponsor Exhaustion Collapse,Unresolved->Unresolved->Directional->Degrading,0.9219280948830342,0.2222222222222222,0.8,0.2,1.0,9.5,7.5,0.821413968148808,0.4017736945065802,0.19670634920634922,0.35349060518092146,0.2985765326604256,DirectionalReleasePressure,0.4017736945065802
2163,2026-05-08 06:50:00,Sponsor Exhaustion Collapse,Unresolved->Directional->Degrading->Degrading,1.1567796494427114,0.2222222222222222,0.7,0.3,1.0,9.5,7.5,0.7802307617425839,0.35000800579196994,0.19670634920634922,0.297145716354275,0.349950310220355,DirectionalReleasePressure,0.35000800579196994
2164,2026-05-08 06:55:00,Stable Compression Basin,Directional->Degrading->Degrading->Unresolved,1.5709505944488977,0.3333333333333333,0.6,0.4,0.0,9.5,7.5,0.738751342542845,0.10459909511250629,0.11059523809523808,0.6518155878469439,0.4822168711071249,CompressionPressure,0.6518155878469439
2165,2026-05-08 07:00:00,Stable Compression Basin,Degrading->Degrading->Unresolved->Unresolved,1.7609640474379105,0.3333333333333333,0.5,0.4,0.0,9.5,7.5,0.7031871404478325,0.09070833333333332,0.11059523809523808,0.6083333333333334,0.48857142857142855,CompressionPressure,0.6083333333333334
2166,2026-05-08 07:05:00,Stable Compression Basin,Degrading->Unresolved->Unresolved->Unresolved,1.8464393446652445,0.3333333333333333,0.4,0.4,0.0,9.5,7.5,0.66762293835282,0.07904166666666668,0.11059523809523808,0.5666666666666667,0.48857142857142855,CompressionPressure,0.5666666666666667
2167,2026-05-08 07:10:00,Unstable Rotational Balance,Unresolved->Unresolved->Unresolved->Balance,2.170950594447455,0.4444444444444444,0.3,0.4,0.0,15.815999999999999,7.5,0.6291831028980592,0.0668888888888889,0.14704126984126983,0.0888888888888889,0.7892609523809523,RotationalPressure,0.7892609523809523
2168,2026-05-08 07:15:00,Stable Compression Basin,Unresolved->Unresolved->Balance->Unresolved,2.1219280948801487,0.5555555555555556,0.4,0.4,0.0,17.921,7.5,0.5936189008030468,0.05473611111111112,0.16844801587301586,0.5111111111111111,0.5839347619047619,RotationalPressure,0.5839347619047619
2169,2026-05-08 07:20:00,Stable Compression Basin,Unresolved->Balance->Unresolved->Unresolved,1.9609640474364676,0.5555555555555556,0.5,0.4,0.0,17.921,7.5,0.5580546987080343,0.06640277777777778,0.16844801587301586,0.5527777777777778,0.5839347619047619,RotationalPressure,0.5839347619047619
2170,2026-05-08 07:25:00,Sponsor Exhaustion Collapse,Balance->Unresolved->Unresolved->Degrading,1.6854752972215634,0.5555555555555556,0.5,0.4,0.0,17.921,7.5,0.5165752795082954,0.06640277777777778,0.26844801587301587,0.10277777777777777,0.5839347619047619,RotationalPressure,0.5839347619047619
2171,2026-05-08 07:30:00,Stable Compression Basin,Unresolved->Unresolved->Degrading->Unresolved,1.2954618442339936,0.5555555555555556,0.6,0.3,0.0,18.362,0.0,0.5186852732788748,0.09438564699527931,0.13502301587301585,0.6134780791798199,0.517947040330948,CompressionPressure,0.6134780791798199
2172,2026-05-08 07:35:00,Stable Compression Basin,Unresolved->Degrading->Unresolved->Unresolved,1.1567796494427114,0.5555555555555556,0.7,0.2,0.0,11.361999999999998,0.0,0.5243042775900866,0.10967016920065353,0.11002301587301587,0.6638123830209416,0.477610310220355,CompressionPressure,0.6638123830209416
2173,2026-05-08 07:40:00,Stable Compression Basin,Degrading->Unresolved->Unresolved->Unresolved,0.9219280948830342,0.4444444444444444,0.8,0.1,0.0,11.362,0.0,0.5299232819012983,0.14447043579107327,0.09613412698412699,0.7479350496253659,0.3845698659937589,CompressionPressure,0.7479350496253659
2174,2026-05-08 07:45:00,Pure Unresolved Compression Equilibrium,Unresolved->Unresolved->Unresolved->Unresolved,1.3567796494412687,0.5555555555555556,0.7,0.0,0.0,11.361999999999998,0.0,0.5714027011010371,0.08035766920076397,0.11002301587301587,0.6513123830210318,0.5213603102200394,CompressionPressure,0.6513123830210318
2175,2026-05-08 07:50:00,Pure Unresolved Compression Equilibrium,Unresolved->Unresolved->Unresolved->Unresolved,1.5709505944488977,0.5555555555555556,0.6,0.0,0.0,11.361999999999998,0.0,0.6069669031960496,0.05229353955695071,0.11002301587301587,0.5962600322913884,0.5682102044404582,CompressionPressure,0.5962600322913884
2176,2026-05-08 07:55:00,Pure Unresolved Compression Equilibrium,Unresolved->Unresolved->Unresolved->Unresolved,1.6854752972215634,0.4444444444444444,0.5,0.0,0.0,11.361999999999998,0.0,0.642531105291062,0.050555555555555555,0.09613412698412697,0.5805555555555556,0.5328980952380952,CompressionPressure,0.5805555555555556
2177,2026-05-08 08:00:00,Pure Unresolved Compression Equilibrium,Unresolved->Unresolved->Unresolved->Unresolved,1.360964047439353,0.3333333333333333,0.5,0.0,0.0,5.046,0.0,0.6809709407458229,0.08100952345125786,0.059688095238095235,0.6232730803683738,0.4299194568059299,CompressionPressure,0.6232730803683738
2178,2026-05-08 08:05:00,Pure Unresolved Compression Equilibrium,Unresolved->Unresolved->Unresolved->Unresolved,1.360964047439353,0.3333333333333333,0.5,0.0,0.0,2.941,0.0,0.7165351428408353,0.08100952345125786,0.05217023809523809,0.6232730803683738,0.42691231394878704,CompressionPressure,0.6232730803683738
2179,2026-05-08 08:10:00,Pure Unresolved Compression Equilibrium,Unresolved->Unresolved->Unresolved->Unresolved,1.2954618442339936,0.2222222222222222,0.6,0.0,0.0,2.941,0.0,0.7520993449358478,0.10984398032861264,0.03828134920634921,0.6968114125131533,0.37091704033094797,CompressionPressure,0.6968114125131533
2180,2026-05-08 08:15:00,Pure Unresolved Compression Equilibrium,Unresolved->Unresolved->Unresolved->Unresolved,0.8812908992278072,0.1111111111111111,0.7,0.0,0.0,2.941,0.0,0.7935787641355866,0.1653733877500932,0.024392460317460316,0.7921415410204843,0.23865047944417803,CompressionPressure,0.7921415410204843
2181,2026-05-08 08:20:00,Pure Unresolved Compression Equilibrium,Unresolved->Unresolved->Unresolved->Unresolved,0.7219280948844771,0.1111111111111111,0.8,0.0,0.0,0.0,0.0,0.829142966230599,0.18924126912429612,0.013888888888888888,0.8437683829586091,0.199588437422646,CompressionPressure,0.8437683829586091
2182,2026-05-08 08:25:00,Pure Unresolved Compression Equilibrium,Unresolved->Unresolved->Unresolved->Unresolved,0.4689955935863958,0.1111111111111111,0.9,0.0,0.0,0.0,0.0,0.8647071683256116,0.2202730804215971,0.013888888888888888,0.9012433309564057,0.14425945276369073,CompressionPressure,0.9012433309564057
2183,2026-05-08 08:30:00,Pure Unresolved Compression Equilibrium,Unresolved->Unresolved->Unresolved->Unresolved,-1.4428232973175175e-12,0.0,1.0,0.0,0.0,0.0,0.0,0.9002713704206242,0.27999999999999997,0.0,0.9999999999999999,0.0,CompressionPressure,0.9999999999999999
2184,2026-05-08 08:35:00,Pure Unresolved Compression Equilibrium,Unresolved->Unresolved->Unresolved->Unresolved,-1.4428232973175175e-12,0.0,1.0,0.0,0.0,0.0,0.0,0.9002713704206242,0.27999999999999997,0.0,0.9999999999999999,0.0,CompressionPressure,0.9999999999999999
2185,2026-05-08 08:40:00,Pure Unresolved Compression Equilibrium,Unresolved->Unresolved->Unresolved->Unresolved,-1.4428232973175175e-12,0.0,1.0,0.0,0.0,0.0,0.0,0.9002713704206242,0.27999999999999997,0.0,0.9999999999999999,0.0,CompressionPressure,0.9999999999999999
2186,2026-05-08 08:45:00,Directional Continuation / Sponsor Release,Unresolved->Unresolved->Unresolved->Directional,0.4689955935863958,0.1111111111111111,0.9,0.1,1.0,2.5,7.5,0.8625971745550324,0.6493516583474204,0.25781746031746033,0.4512433309564058,0.1478308813351193,DirectionalReleasePressure,0.6493516583474204
2187,2026-05-08 08:50:00,Directional Continuation / Sponsor Release,Unresolved->Unresolved->Directional->Directional,0.7219280948844771,0.1111111111111111,0.8,0.2,1.0,2.5,7.5,0.8249229786894405,0.5806893403551319,0.25781746031746033,0.3937683829586091,0.20315986599407457,DirectionalReleasePressure,0.5806893403551319
2188,2026-05-08 08:55:00,Directional Continuation / Sponsor Release,Unresolved->Directional->Directional->Balance,0.8812908992278072,0.1111111111111111,0.7,0.3,1.0,2.5,7.5,0.7834435594897017,0.532495393571695,0.25781746031746033,0.3421415410204842,0.238020479444178,DirectionalReleasePressure,0.532495393571695
2189,2026-05-08 09:00:00,Sponsor Exhaustion Collapse,Directional->Directional->Balance->Degrading,1.2954618442339936,0.2222222222222222,0.6,0.4,0.0,2.5,7.5,0.7419641402899629,0.13784398032861264,0.1717063492063492,0.2468114125131532,0.37028704033094795,RotationalPressure,0.37028704033094795
2190,2026-05-08 09:05:00,Unstable Rotational Balance,Directional->Balance->Degrading->Balance,1.6854752972215634,0.3333333333333333,0.5,0.5,0.0,2.5,7.5,0.7004847210902241,0.09770833333333333,0.08559523809523809,0.15833333333333333,0.7285714285714285,RotationalPressure,0.7285714285714285
2191,2026-05-08 09:10:00,Unstable Rotational Balance,Balance->Degrading->Balance->Balance,1.8464393446652445,0.3333333333333333,0.4,0.5,0.0,2.5,7.5,0.6590053018904853,0.08604166666666667,0.08559523809523809,0.11666666666666668,0.7285714285714285,RotationalPressure,0.7285714285714285
2192,2026-05-08 09:15:00,Stable Compression Basin,Degrading->Balance->Balance->Unresolved,2.170950594447455,0.4444444444444444,0.3,0.5,0.0,2.5,7.5,0.6175258826907466,0.07388888888888889,0.09948412698412698,0.538888888888889,0.5202380952380952,CompressionPressure,0.538888888888889
2193,2026-05-08 09:20:00,Unstable Rotational Balance,Balance->Balance->Unresolved->Balance,2.170950594447455,0.5555555555555556,0.3,0.5,0.0,2.5,7.5,0.5760464634910079,0.06173611111111111,0.11337301587301588,0.061111111111111116,0.8119047619047619,RotationalPressure,0.8119047619047619
2194,2026-05-08 09:25:00,Unstable Rotational Balance,Balance->Unresolved->Balance->Balance,2.046439344663802,0.5555555555555556,0.4,0.5,0.0,2.5,7.5,0.537606628036247,0.06173611111111111,0.11337301587301588,0.061111111111111116,0.8119047619047619,RotationalPressure,0.8119047619047619
2195,2026-05-08 09:30:00,Stable Compression Basin,Unresolved->Balance->Balance->Unresolved,1.8464393446652445,0.5555555555555556,0.4,0.5,0.0,4.6049999999999995,7.5,0.5020424259412346,0.06173611111111111,0.12089087301587301,0.5111111111111111,0.5649119047619048,RotationalPressure,0.5649119047619048
2196,2026-05-08 09:35:00,Stable Compression Basin,Balance->Balance->Unresolved->Unresolved,1.8464393446652445,0.5555555555555556,0.4,0.4,0.0,2.105,0.0,0.5041524197118139,0.05473611111111112,0.0769623015873016,0.5111111111111111,0.5613404761904762,RotationalPressure,0.5613404761904762
2197,2026-05-08 09:40:00,Unstable Rotational Balance,Balance->Unresolved->Unresolved->Balance,1.6854752972215634,0.6666666666666666,0.5,0.3,0.0,8.421,0.0,0.5033867801226449,0.04725,0.11340833333333333,0.07500000000000001,0.86203,RotationalPressure,0.86203
2198,2026-05-08 09:45:00,Stable Compression Basin,Unresolved->Unresolved->Balance->Unresolved,1.360964047439353,0.6666666666666666,0.5,0.2,0.0,10.526,0.0,0.5093019972273712,0.058551190117924555,0.12092619047619046,0.5399397470350404,0.5627480282345013,RotationalPressure,0.5627480282345013
2199,2026-05-08 09:50:00,Stable Compression Basin,Unresolved->Balance->Unresolved->Unresolved,0.9999999999971146,0.5555555555555556,0.5,0.1,0.0,10.526,0.0,0.5152172143320974,0.09134027777799868,0.1070373015873016,0.5902777777779582,0.44212047618984496,CompressionPressure,0.5902777777779582
2200,2026-05-08 09:55:00,Stable Compression Basin,Balance->Unresolved->Unresolved->Unresolved,0.9709505944517833,0.5555555555555556,0.6,0.0,0.0,10.526,0.0,0.5211324314368238,0.09823103955672978,0.1070373015873016,0.633760032291208,0.43576591872680376,CompressionPressure,0.633760032291208
2201,2026-05-08 10:00:00,Pure Unresolved Compression Equilibrium,Unresolved->Unresolved->Unresolved->Unresolved,1.2954618442339936,0.5555555555555556,0.6,0.0,0.0,10.526,0.0,0.5626118506365625,0.0733856469952793,0.1070373015873016,0.6134780791798199,0.5067527546166622,CompressionPressure,0.6134780791798199
2202,2026-05-08 10:05:00,Directional Continuation / Sponsor Release,Unresolved->Unresolved->Unresolved->Directional,1.6854752972215634,0.5555555555555556,0.5,0.1,1.0,13.026,7.5,0.5664170739707094,0.12972222222222224,0.350965873015873,0.10277777777777777,0.5769419047619048,RotationalPressure,0.5769419047619048
2203,2026-05-08 10:10:00,Sponsor Exhaustion Collapse,Unresolved->Unresolved->Directional->Degrading,1.9609640474364676,0.6666666666666666,0.5,0.2,1.0,20.026,7.5,0.566713286764224,0.09200000000000003,0.2898547619047619,0.07500000000000001,0.6286085714285714,RotationalPressure,0.6286085714285714
2204,2026-05-08 10:15:00,Sponsor Exhaustion Collapse,Unresolved->Directional->Degrading->Balance,1.9609640474364676,0.5555555555555556,0.5,0.3,1.0,20.026,7.5,0.563673703019246,0.13577777777777778,0.27596587301587305,0.10277777777777777,0.5869419047619048,RotationalPressure,0.5869419047619048
2205,2026-05-08 10:20:00,Unstable Rotational Balance,Directional->Degrading->Balance->Balance,2.1219280948801487,0.6666666666666666,0.4,0.4,0.0,17.921,7.5,0.5577584859145197,0.04258333333333334,0.18233690476190473,0.033333333333333354,0.8756014285714285,RotationalPressure,0.8756014285714285
2206,2026-05-08 10:25:00,Stable Compression Basin,Degrading->Balance->Balance->Unresolved,2.1219280948801487,0.6666666666666666,0.4,0.4,0.0,17.921,7.5,0.5518432688097935,0.04258333333333334,0.18233690476190473,0.4833333333333334,0.6256014285714285,RotationalPressure,0.6256014285714285
2207,2026-05-08 10:30:00,Sponsor Exhaustion Collapse,Balance->Balance->Unresolved->Degrading,2.046439344663802,0.6666666666666666,0.4,0.4,0.0,17.969,7.5,0.5490998978583301,0.04258333333333334,0.28250833333333336,0.033333333333333354,0.62567,RotationalPressure,0.62567
2208,2026-05-08 10:35:00,Unstable Rotational Balance,Balance->Unresolved->Degrading->Balance,2.170950594447455,0.7777777777777778,0.3,0.4,0.0,15.863999999999999,7.5,0.5431846807536038,0.03043055555555556,0.1888793650793651,0.005555555555555564,0.9143295238095237,RotationalPressure,0.9143295238095237
2209,2026-05-08 10:40:00,Unstable Rotational Balance,Unresolved->Degrading->Balance->Balance,2.170950594447455,0.7777777777777778,0.3,0.4,0.0,15.863999999999999,7.5,0.5372694636488775,0.03043055555555556,0.1888793650793651,0.005555555555555564,0.9143295238095237,RotationalPressure,0.9143295238095237
2210,2026-05-08 10:45:00,Unstable Rotational Balance,Degrading->Balance->Balance->Balance,2.046439344663802,0.6666666666666666,0.4,0.4,0.0,15.863999999999999,7.5,0.5313542465441513,0.04258333333333334,0.1749904761904762,0.033333333333333354,0.8726628571428571,RotationalPressure,0.8726628571428571
2211,2026-05-08 10:50:00,Unstable Rotational Balance,Balance->Balance->Balance->Unresolved,1.6854752972215634,0.5555555555555556,0.5,0.4,0.0,17.969,7.5,0.4929144110893904,0.06640277777777778,0.16861944444444446,0.10277777777777777,0.8340033333333333,RotationalPressure,0.8340033333333333
2212,2026-05-08 10:55:00,Unstable Rotational Balance,Balance->Balance->Unresolved->Balance,1.2954618442339936,0.4444444444444444,0.6,0.3,0.0,15.469,0.0,0.4891091877552435,0.1065384247730571,0.11080198412698412,0.19125585695759761,0.7221475165214241,RotationalPressure,0.7221475165214241
2213,2026-05-08 11:00:00,Unstable Rotational Balance,Balance->Unresolved->Balance->Balance,1.1567796494427114,0.4444444444444444,0.7,0.2,0.0,8.469,0.0,0.49185255870670685,0.12182294697843131,0.08580198412698412,0.24159016079871942,0.6818107864108311,RotationalPressure,0.6818107864108311
2214,2026-05-08 11:05:00,Unstable Rotational Balance,Unresolved->Balance->Balance->Balance,0.9219280948830342,0.3333333333333333,0.8,0.1,0.0,8.469,0.0,0.4948921424516849,0.15662321356885103,0.07191309523809523,0.3257128274031438,0.5887703421842351,RotationalPressure,0.5887703421842351
2215,2026-05-08 11:10:00,Unstable Rotational Balance,Balance->Balance->Balance->Unresolved,0.9219280948830342,0.2222222222222222,0.8,0.0,0.0,10.574,0.0,0.4979317261966628,0.16177599134662882,0.06554206349206348,0.35349060518092146,0.5501108183747113,RotationalPressure,0.5501108183747113
2216,2026-05-08 11:15:00,Unstable Rotational Balance,Balance->Balance->Unresolved->Balance,0.4689955935863958,0.1111111111111111,0.9,0.0,0.0,10.574,0.0,0.4979317261966628,0.2202730804215971,0.051653174603174604,0.4512433309564058,0.409365167049405,CompressionPressure,0.4512433309564058
2217,2026-05-08 11:20:00,Unstable Rotational Balance,Balance->Unresolved->Balance->Balance,-1.4428232973175175e-12,0.0,1.0,0.0,0.0,4.21,0.0,0.5006750971481262,0.27999999999999997,0.015035714285714286,0.55,0.2560142857142857,CompressionPressure,0.55
2218,2026-05-08 11:25:00,Unstable Rotational Balance,Unresolved->Balance->Balance->Balance,-1.4428232973175175e-12,0.0,1.0,0.0,0.0,4.21,0.0,0.5037146808931041,0.27999999999999997,0.015035714285714286,0.55,0.2560142857142857,CompressionPressure,0.55
2219,2026-05-08 11:30:00,Unstable Rotational Balance,Balance->Balance->Balance->Balance,-1.4428232973175175e-12,0.0,1.0,0.0,0.0,4.21,0.0,0.506754264638082,0.27999999999999997,0.015035714285714286,0.55,0.2560142857142857,CompressionPressure,0.55
2220,2026-05-08 11:35:00,Sponsor Exhaustion Collapse,Balance->Balance->Balance->Degrading,0.4689955935863958,0.1111111111111111,0.9,0.0,0.0,9.209999999999999,0.0,0.5070504774315966,0.2202730804215971,0.14678174603174604,0.4512433309564058,0.1574165956208336,CompressionPressure,0.4512433309564058
2221,2026-05-08 11:40:00,Sponsor Exhaustion Collapse,Balance->Balance->Degrading->Degrading,0.7219280948844771,0.1111111111111111,0.8,0.0,0.0,7.1049999999999995,0.0,0.5040108936866187,0.18924126912429612,0.1392638888888889,0.3937683829586091,0.209738437422646,CompressionPressure,0.3937683829586091
2222,2026-05-08 11:45:00,Sponsor Exhaustion Collapse,Balance->Degrading->Degrading->Degrading,0.8812908992278072,0.1111111111111111,0.7,0.0,0.0,7.1049999999999995,0.0,0.5040108936866187,0.1653733877500932,0.1392638888888889,0.3421415410204842,0.24459905087274944,CompressionPressure,0.3421415410204842
2223,2026-05-08 11:50:00,Directional Continuation / Sponsor Release,Degrading->Degrading->Degrading->Directional,1.2954618442339936,0.2222222222222222,0.6,0.1,1.0,13.772,3.3329999999999997,0.5047765332757876,0.33383994379603615,0.2925174920634921,0.2468114125131532,0.3863898974738051,RotationalPressure,0.3863898974738051
2224,2026-05-08 11:55:00,Directional Continuation / Sponsor Release,Degrading->Degrading->Directional->Directional,1.4854752972230063,0.2222222222222222,0.5,0.2,1.0,13.772,3.3329999999999997,0.5055421728649566,0.27894116762135623,0.2925174920634921,0.19326890503467323,0.42795534031515164,RotationalPressure,0.42795534031515164
2225,2026-05-08 12:00:00,Directional Continuation / Sponsor Release,Degrading->Directional->Directional->Directional,1.5709505944503404,0.2222222222222222,0.4,0.3,1.0,11.667,3.3329999999999997,0.5063078124541256,0.24691011301954363,0.28499963492063496,0.1462600322912982,0.4436459187264881,RotationalPressure,0.4436459187264881
2226,2026-05-08 12:05:00,Sponsor Exhaustion Collapse,Directional->Directional->Directional->Degrading,1.5709505944503404,0.3333333333333333,0.4,0.4,0.0,18.667,3.3329999999999997,0.5066040252476401,0.0812657617790625,0.22388852380952382,0.11848225451352042,0.4953125853931548,RotationalPressure,0.4953125853931548
2227,2026-05-08 12:10:00,Sponsor Exhaustion Collapse,Directional->Directional->Degrading->Degrading,1.4854752972230063,0.3333333333333333,0.5,0.5,0.0,18.667,3.3329999999999997,0.5038606542961768,0.10647663088969692,0.22388852380952382,0.16549112725689544,0.47661486412467546,RotationalPressure,0.47661486412467546
2228,2026-05-08 12:15:00,Sponsor Exhaustion Collapse,Directional->Degrading->Degrading->Degrading,1.2954618442339936,0.3333333333333333,0.6,0.6,0.0,18.667,3.3329999999999997,0.5011172833447134,0.13969120255083486,0.22388852380952382,0.2190336347353754,0.4350494212833289,RotationalPressure,0.4350494212833289
2229,2026-05-08 12:20:00,Sponsor Exhaustion Collapse,Degrading->Degrading->Degrading->Degrading,0.8812908992278072,0.2222222222222222,0.7,0.6,0.0,18.667,3.3329999999999997,0.4983739123932499,0.19522060997231544,0.20999963492063495,0.3143637632427065,0.302782860396559,CompressionPressure,0.3143637632427065
2230,2026-05-08 12:25:00,Stable Compression Basin,Degrading->Degrading->Degrading->Unresolved,1.2954618442339936,0.3333333333333333,0.6,0.6,0.0,16.608,3.3329999999999997,0.5039929167044617,0.13969120255083486,0.11653495238095238,0.6690336347353755,0.43210799271190037,CompressionPressure,0.6690336347353755
2231,2026-05-08 12:30:00,Stable Compression Basin,Degrading->Degrading->Unresolved->Unresolved,1.4854752972230063,0.3333333333333333,0.5,0.6,0.0,16.608,3.3329999999999997,0.5099081338091878,0.11347663088969691,0.11653495238095238,0.6154911272568955,0.4736734355532469,CompressionPressure,0.6154911272568955
2232,2026-05-08 12:35:00,Stable Compression Basin,Degrading->Unresolved->Unresolved->Unresolved,1.5709505944503404,0.2222222222222222,0.4,0.6,0.0,16.608,3.3329999999999997,0.5158233509139142,0.10741853955684026,0.10264606349206348,0.5962600322912982,0.45070449015505953,CompressionPressure,0.5962600322912982
2233,2026-05-08 12:40:00,Pure Unresolved Compression Equilibrium,Unresolved->Unresolved->Unresolved->Unresolved,1.8464393446652445,0.3333333333333333,0.4,0.5,0.0,9.940999999999999,0.0,0.5534975467795059,0.08604166666666667,0.0771702380952381,0.5666666666666667,0.48920142857142856,CompressionPressure,0.5666666666666667
2234,2026-05-08 12:45:00,Sponsor Exhaustion Collapse,Unresolved->Unresolved->Unresolved->Degrading,1.6854752972215634,0.4444444444444444,0.5,0.4,0.0,16.305,0.0,0.5499885362388734,0.07855555555555556,0.2137876984126984,0.13055555555555556,0.5399595238095237,RotationalPressure,0.5399595238095237
2235,2026-05-08 12:50:00,Sponsor Exhaustion Collapse,Unresolved->Unresolved->Degrading->Degrading,1.2954618442339936,0.3333333333333333,0.6,0.3,0.0,16.305,0.0,0.5464795256982411,0.11869120255083486,0.19989880952380953,0.2190336347353754,0.43167513556904324,RotationalPressure,0.43167513556904324
2236,2026-05-08 12:55:00,Sponsor Exhaustion Collapse,Unresolved->Degrading->Degrading->Degrading,1.2954618442339936,0.3333333333333333,0.6,0.2,0.0,9.305,0.0,0.5464795256982412,0.11169120255083485,0.17489880952380954,0.2190336347353754,0.42167513556904324,RotationalPressure,0.42167513556904324
2237,2026-05-08 13:00:00,Stable Compression Basin,Degrading->Degrading->Degrading->Unresolved,1.360964047439353,0.4444444444444444,0.5,0.1,0.0,12.245999999999999,0.0,0.5520985300094529,0.07585674567348011,0.09929126984126983,0.595495302590596,0.4818718377583108,CompressionPressure,0.595495302590596
2238,2026-05-08 13:05:00,Unstable Rotational Balance,Degrading->Degrading->Unresolved->Balance,1.7219280948815914,0.5555555555555556,0.4,0.0,0.0,18.562,0.0,0.5548419009609162,0.026736111111111113,0.1357373015873016,0.061111111111111116,0.8348504761904763,RotationalPressure,0.8348504761904763
2239,2026-05-08 13:10:00,Stable Compression Basin,Degrading->Unresolved->Balance->Unresolved,1.6854752972215634,0.5555555555555556,0.5,0.0,0.0,20.667,0.0,0.5604609052721281,0.03840277777777777,0.14325515873015873,0.5527777777777778,0.587857619047619,RotationalPressure,0.587857619047619
2240,2026-05-08 13:15:00,Stable Compression Basin,Unresolved->Balance->Unresolved->Unresolved,1.6854752972215634,0.5555555555555556,0.5,0.0,0.0,17.726,0.0,0.5604609052721281,0.03840277777777777,0.13275158730158731,0.5527777777777778,0.5836561904761904,RotationalPressure,0.5836561904761904
2241,2026-05-08 13:20:00,Unstable Rotational Balance,Balance->Unresolved->Unresolved->Balance,1.8464393446652445,0.6666666666666666,0.4,0.0,0.0,24.041999999999998,0.0,0.5575852719123796,0.01458333333333334,0.16919761904761904,0.033333333333333354,0.8843457142857143,RotationalPressure,0.8843457142857143
2242,2026-05-08 13:25:00,Stable Compression Basin,Unresolved->Unresolved->Balance->Unresolved,1.8464393446652445,0.6666666666666666,0.4,0.0,0.0,26.147,0.0,0.5575852719123797,0.01458333333333334,0.17671547619047617,0.4833333333333334,0.6373528571428572,RotationalPressure,0.6373528571428572
2243,2026-05-08 13:30:00,Unstable Rotational Balance,Unresolved->Balance->Unresolved->Balance,1.5709505944503404,0.6666666666666666,0.4,0.0,0.0,32.463,0.0,0.5191454364576189,0.016807428445729165,0.19927261904761906,0.03514892118018709,0.8900211568217262,RotationalPressure,0.8900211568217262
2244,2026-05-08 13:35:00,Unstable Rotational Balance,Balance->Unresolved->Balance->Balance,1.5219280948830343,0.6666666666666666,0.4,0.0,0.0,26.099,0.0,0.5218888074090823,0.020560713568851037,0.17654404761904763,0.03821282740314372,0.8702060564699494,RotationalPressure,0.8702060564699494
2245,2026-05-08 13:40:00,Unstable Rotational Balance,Unresolved->Balance->Balance->Balance,1.360964047439353,0.6666666666666666,0.5,0.0,0.0,26.099,0.0,0.5246321783605458,0.04455119011792455,0.17654404761904763,0.08993974703504046,0.8349951710916441,RotationalPressure,0.8349951710916441
2246,2026-05-08 13:45:00,Unstable Rotational Balance,Balance->Balance->Balance->Unresolved,0.9709505944517833,0.5555555555555556,0.6,0.0,0.0,28.204,0.0,0.5273755493120091,0.09823103955672978,0.17017301587301586,0.18376003229120796,0.7110202044410895,RotationalPressure,0.7110202044410895
2247,2026-05-08 13:50:00,Stable Compression Basin,Balance->Balance->Unresolved->Unresolved,0.9709505944517833,0.5555555555555556,0.6,0.0,0.0,25.262999999999998,0.0,0.5273755493120091,0.09823103955672978,0.15966944444444445,0.633760032291208,0.4568187758696609,CompressionPressure,0.633760032291208
2248,2026-05-08 13:55:00,Stable Compression Basin,Balance->Unresolved->Unresolved->Unresolved,0.9999999999971146,0.4444444444444444,0.5,0.0,0.0,18.946999999999996,0.0,0.5302511826717575,0.09649305555577646,0.12322341269841268,0.618055555555736,0.4124838095231783,CompressionPressure,0.618055555555736
2249,2026-05-08 14:00:00,Unstable Rotational Balance,Unresolved->Unresolved->Unresolved->Balance,0.9709505944517833,0.5555555555555556,0.6,0.0,0.0,23.158,0.0,0.5273755493120091,0.09823103955672978,0.15215158730158732,0.18376003229120796,0.7038116330125181,RotationalPressure,0.7038116330125181
2250,2026-05-11 06:35:00,Stable Compression Basin,Unresolved->Unresolved->Balance->Unresolved,0.9709505944517833,0.5555555555555556,0.6,0.0,0.0,25.263,0.0,0.5273755493120091,0.09823103955672978,0.15966944444444445,0.633760032291208,0.4568187758696609,CompressionPressure,0.633760032291208
2251,2026-05-11 06:40:00,Stable Compression Basin,Unresolved->Balance->Unresolved->Unresolved,0.9999999999971146,0.4444444444444444,0.5,0.0,0.0,18.947,0.0,0.5302511826717575,0.09649305555577646,0.1232234126984127,0.618055555555736,0.4124838095231783,CompressionPressure,0.618055555555736
2252,2026-05-11 06:45:00,Stable Compression Basin,Balance->Unresolved->Unresolved->Unresolved,0.9999999999971146,0.3333333333333333,0.5,0.0,0.0,16.842,0.0,0.5302511826717575,0.10864583333355424,0.10181666666666667,0.6458333333335138,0.3678099999993688,CompressionPressure,0.6458333333335138
2253,2026-05-11 06:50:00,Pure Unresolved Compression Equilibrium,Unresolved->Unresolved->Unresolved->Unresolved,1.360964047439353,0.4444444444444444,0.5,0.0,0.0,10.526,0.0,0.5686910181265183,0.0688567456734801,0.0931484126984127,0.595495302590596,0.47941469490116795,CompressionPressure,0.595495302590596
2254,2026-05-11 06:55:00,Pure Unresolved Compression Equilibrium,Unresolved->Unresolved->Unresolved->Unresolved,1.4854752972230063,0.4444444444444444,0.5,0.0,0.0,10.526,0.0,0.6071308535812792,0.059323853111919136,0.0931484126984127,0.5877133494791177,0.5066515307913421,CompressionPressure,0.5877133494791177
2255,2026-05-11 07:00:00,Pure Unresolved Compression Equilibrium,Unresolved->Unresolved->Unresolved->Unresolved,1.4854752972230063,0.4444444444444444,0.5,0.0,0.0,10.526,0.0,0.64557068903604,0.059323853111919136,0.0931484126984127,0.5877133494791177,0.5066515307913421,CompressionPressure,0.5877133494791177
2256,2026-05-11 07:05:00,Pure Unresolved Compression Equilibrium,Unresolved->Unresolved->Unresolved->Unresolved,1.360964047439353,0.3333333333333333,0.5,0.0,0.0,8.421,0.0,0.6840105244908008,0.08100952345125786,0.07174166666666666,0.6232730803683738,0.43474088537735844,CompressionPressure,0.6232730803683738
2257,2026-05-11 07:10:00,Pure Unresolved Compression Equilibrium,Unresolved->Unresolved->Unresolved->Unresolved,1.360964047439353,0.3333333333333333,0.5,0.0,0.0,8.421,0.0,0.7195747265858132,0.08100952345125786,0.07174166666666666,0.6232730803683738,0.43474088537735844,CompressionPressure,0.6232730803683738
2258,2026-05-11 07:15:00,Pure Unresolved Compression Equilibrium,Unresolved->Unresolved->Unresolved->Unresolved,1.2954618442339936,0.2222222222222222,0.6,0.0,0.0,8.421,0.0,0.7551389286808258,0.10984398032861264,0.057852777777777774,0.6968114125131533,0.3787456117595194,CompressionPressure,0.6968114125131533
2259,2026-05-11 07:20:00,Pure Unresolved Compression Equilibrium,Unresolved->Unresolved->Unresolved->Unresolved,0.8812908992278072,0.1111111111111111,0.7,0.0,0.0,2.105,0.0,0.7935787641355866,0.1653733877500932,0.02140674603174603,0.7921415410204843,0.2374561937298923,CompressionPressure,0.7921415410204843
2260,2026-05-11 07:25:00,Pure Unresolved Compression Equilibrium,Unresolved->Unresolved->Unresolved->Unresolved,0.7219280948844771,0.1111111111111111,0.8,0.0,0.0,0.0,0.0,0.829142966230599,0.18924126912429612,0.013888888888888888,0.8437683829586091,0.199588437422646,CompressionPressure,0.8437683829586091
2261,2026-05-11 07:30:00,Pure Unresolved Compression Equilibrium,Unresolved->Unresolved->Unresolved->Unresolved,0.4689955935863958,0.1111111111111111,0.9,0.0,0.0,0.0,0.0,0.8647071683256116,0.2202730804215971,0.013888888888888888,0.9012433309564057,0.14425945276369073,CompressionPressure,0.9012433309564057
2262,2026-05-11 07:35:00,Pure Unresolved Compression Equilibrium,Unresolved->Unresolved->Unresolved->Unresolved,-1.4428232973175175e-12,0.0,1.0,0.0,0.0,0.0,0.0,0.9002713704206242,0.27999999999999997,0.0,0.9999999999999999,0.0,CompressionPressure,0.9999999999999999
2263,2026-05-11 07:40:00,Pure Unresolved Compression Equilibrium,Unresolved->Unresolved->Unresolved->Unresolved,-1.4428232973175175e-12,0.0,1.0,0.0,0.0,0.0,0.0,0.9002713704206242,0.27999999999999997,0.0,0.9999999999999999,0.0,CompressionPressure,0.9999999999999999
2264,2026-05-11 07:45:00,Pure Unresolved Compression Equilibrium,Unresolved->Unresolved->Unresolved->Unresolved,-1.4428232973175175e-12,0.0,1.0,0.0,0.0,0.0,0.0,0.9002713704206242,0.27999999999999997,0.0,0.9999999999999999,0.0,CompressionPressure,0.9999999999999999
2265,2026-05-11 07:50:00,Sponsor Exhaustion Collapse,Unresolved->Unresolved->Unresolved->Degrading,0.4689955935863958,0.1111111111111111,0.9,0.0,0.0,6.364,0.0,0.8590881640143999,0.2202730804215971,0.1366174603174603,0.4512433309564058,0.15335088133511932,CompressionPressure,0.4512433309564058
2266,2026-05-11 07:55:00,Directional Continuation / Sponsor Release,Unresolved->Unresolved->Degrading->Directional,0.9219280948830342,0.2222222222222222,0.8,0.1,1.0,13.031,3.3329999999999997,0.8214139681488082,0.4822171181332252,0.2898710634920635,0.35349060518092146,0.30362081837471133,DirectionalReleasePressure,0.4822171181332252
2267,2026-05-11 08:00:00,Sponsor Exhaustion Collapse,Unresolved->Degrading->Directional->Degrading,1.1567796494427114,0.3333333333333333,0.7,0.2,1.0,20.031,3.3329999999999997,0.7802307617425838,0.3062302280141922,0.22875995238095237,0.2693679385764972,0.4066612626013074,RotationalPressure,0.4066612626013074
2268,2026-05-11 08:05:00,Sponsor Exhaustion Collapse,Degrading->Directional->Degrading->Degrading,1.2954618442339936,0.3333333333333333,0.6,0.3,1.0,20.031,3.3329999999999997,0.738751342542845,0.27129417725905114,0.22875995238095237,0.2190336347353754,0.4369979927119004,RotationalPressure,0.4369979927119004
2269,2026-05-11 08:10:00,Stable Compression Basin,Directional->Degrading->Degrading->Unresolved,1.6854752972215634,0.4444444444444444,0.5,0.4,0.0,20.031,3.3329999999999997,0.6972719233431063,0.07855555555555556,0.14264884126984126,0.5805555555555556,0.5452823809523809,CompressionPressure,0.5805555555555556
2270,2026-05-11 08:15:00,Sponsor Exhaustion Collapse,Degrading->Degrading->Unresolved->Degrading,1.7219280948815914,0.5555555555555556,0.4,0.4,0.0,26.395,3.3329999999999997,0.6560887169368821,0.05473611111111112,0.2792663015873016,0.061111111111111116,0.5960404761904762,RotationalPressure,0.5960404761904762
2271,2026-05-11 08:20:00,Unstable Rotational Balance,Degrading->Unresolved->Degrading->Balance,2.046439344663802,0.6666666666666666,0.4,0.4,0.0,26.395,3.3329999999999997,0.6146092977371433,0.04258333333333334,0.19315519047619045,0.033333333333333354,0.8877071428571428,RotationalPressure,0.8877071428571428
2272,2026-05-11 08:25:00,Stable Compression Basin,Unresolved->Degrading->Balance->Unresolved,2.1219280948801487,0.7777777777777778,0.4,0.4,0.0,26.395,3.3329999999999997,0.5731298785374045,0.03043055555555556,0.20704407936507935,0.4555555555555556,0.6793738095238094,RotationalPressure,0.6793738095238094
2273,2026-05-11 08:30:00,Stable Compression Basin,Degrading->Balance->Unresolved->Unresolved,2.046439344663802,0.7777777777777778,0.4,0.4,0.0,26.395,3.3329999999999997,0.537565676442392,0.03043055555555556,0.20704407936507935,0.4555555555555556,0.6793738095238094,RotationalPressure,0.6793738095238094
2274,2026-05-11 08:35:00,Stable Compression Basin,Balance->Unresolved->Unresolved->Unresolved,1.7219280948815914,0.6666666666666666,0.4,0.4,0.0,26.395,3.3329999999999997,0.5020014743473795,0.04258333333333334,0.19315519047619045,0.4833333333333334,0.6377071428571428,RotationalPressure,0.6377071428571428
2275,2026-05-11 08:40:00,Sponsor Exhaustion Collapse,Unresolved->Unresolved->Unresolved->Degrading,1.7219280948815914,0.6666666666666666,0.4,0.4,0.0,26.395,3.3329999999999997,0.5020014743473795,0.04258333333333334,0.29315519047619043,0.033333333333333354,0.6377071428571428,RotationalPressure,0.6377071428571428
2276,2026-05-11 08:45:00,Stable Compression Basin,Unresolved->Unresolved->Degrading->Unresolved,1.360964047439353,0.6666666666666666,0.5,0.3,0.0,22.668999999999997,0.0,0.5041114681179588,0.06555119011792455,0.1642940476190476,0.5399397470350404,0.5800951710916442,RotationalPressure,0.5800951710916442
2277,2026-05-11 08:50:00,Stable Compression Basin,Unresolved->Degrading->Unresolved->Unresolved,1.2954618442339936,0.6666666666666666,0.6,0.2,0.0,15.669,0.0,0.5097304724291706,0.07523286921750154,0.13929404761904762,0.5857003014020421,0.5557665641404718,CompressionPressure,0.5857003014020421
2278,2026-05-11 08:55:00,Sponsor Exhaustion Collapse,Degrading->Unresolved->Unresolved->Degrading,1.2954618442339936,0.6666666666666666,0.6,0.1,0.0,22.032999999999998,0.0,0.5100266852226851,0.06823286921750153,0.26202261904761903,0.1357003014020421,0.5648579927119003,RotationalPressure,0.5648579927119003
2279,2026-05-11 09:00:00,Sponsor Exhaustion Collapse,Unresolved->Unresolved->Degrading->Degrading,1.360964047439353,0.5555555555555556,0.5,0.0,0.0,22.032999999999998,0.0,0.5103228980161997,0.056703967895702326,0.24813373015873016,0.11771752481281822,0.537519932996406,RotationalPressure,0.537519932996406
2280,2026-05-11 09:05:00,Stable Compression Basin,Unresolved->Degrading->Degrading->Unresolved,1.2954618442339936,0.5555555555555556,0.6,0.0,0.0,18.61,0.0,0.5159419023274114,0.0733856469952793,0.13590873015873017,0.6134780791798199,0.5183013260452337,CompressionPressure,0.6134780791798199
2281,2026-05-11 09:10:00,Stable Compression Basin,Degrading->Degrading->Unresolved->Unresolved,0.8812908992278072,0.4444444444444444,0.7,0.0,0.0,18.61,0.0,0.5218571194321375,0.12891505441675988,0.12201984126984126,0.7088082076871509,0.3860347651584637,CompressionPressure,0.7088082076871509
2282,2026-05-11 09:15:00,Stable Compression Basin,Degrading->Unresolved->Unresolved->Unresolved,0.8812908992278072,0.4444444444444444,0.7,0.0,0.0,18.61,0.0,0.5277723365368638,0.12891505441675988,0.12201984126984126,0.7088082076871509,0.3860347651584637,CompressionPressure,0.7088082076871509
2283,2026-05-11 09:20:00,Pure Unresolved Compression Equilibrium,Unresolved->Unresolved->Unresolved->Unresolved,1.2954618442339936,0.5555555555555556,0.6,0.0,0.0,18.61,0.0,0.5633365386318763,0.0733856469952793,0.13590873015873017,0.6134780791798199,0.5183013260452337,CompressionPressure,0.6134780791798199
2284,2026-05-11 09:25:00,Pure Unresolved Compression Equilibrium,Unresolved->Unresolved->Unresolved->Unresolved,1.4854752972230063,0.4444444444444444,0.5,0.0,0.0,18.61,0.0,0.5989007407268888,0.059323853111919136,0.12201984126984126,0.5877133494791177,0.5182001022199135,CompressionPressure,0.5877133494791177
2285,2026-05-11 09:30:00,Pure Unresolved Compression Equilibrium,Unresolved->Unresolved->Unresolved->Unresolved,1.4854752972230063,0.3333333333333333,0.5,0.0,0.0,12.245999999999999,0.0,0.6400839471331131,0.07147663088969691,0.08540238095238095,0.6154911272568955,0.46744200698181837,CompressionPressure,0.6154911272568955
2286,2026-05-11 09:35:00,Pure Unresolved Compression Equilibrium,Unresolved->Unresolved->Unresolved->Unresolved,1.5219280948830343,0.3333333333333333,0.4,0.0,0.0,9.305,0.0,0.6756481492281255,0.05701904690218436,0.07489880952380952,0.571546160736477,0.47121462789852087,CompressionPressure,0.571546160736477
2287,2026-05-11 09:40:00,Pure Unresolved Compression Equilibrium,Unresolved->Unresolved->Unresolved->Unresolved,1.4854752972230063,0.2222222222222222,0.5,0.0,0.0,9.305,0.0,0.7112123513231381,0.08362940866747469,0.06100992063492063,0.6432689050346733,0.4215739117437231,CompressionPressure,0.6432689050346733
2288,2026-05-11 09:45:00,Pure Unresolved Compression Equilibrium,Unresolved->Unresolved->Unresolved->Unresolved,1.2954618442339936,0.2222222222222222,0.6,0.0,0.0,2.941,0.0,0.7523955577293624,0.10984398032861264,0.03828134920634921,0.6968114125131533,0.37091704033094797,CompressionPressure,0.6968114125131533
2289,2026-05-11 09:50:00,Pure Unresolved Compression Equilibrium,Unresolved->Unresolved->Unresolved->Unresolved,0.8812908992278072,0.1111111111111111,0.7,0.0,0.0,2.941,0.0,0.7935787641355866,0.1653733877500932,0.024392460317460316,0.7921415410204843,0.23865047944417803,CompressionPressure,0.7921415410204843
2290,2026-05-11 09:55:00,Directional Continuation / Sponsor Release,Unresolved->Unresolved->Unresolved->Directional,1.1567796494427114,0.2222222222222222,0.7,0.1,1.0,2.5,7.5,0.7914687703650072,0.39751000723996244,0.27170634920634923,0.297145716354275,0.339950310220355,DirectionalReleasePressure,0.39751000723996244
2291,2026-05-11 10:00:00,Sponsor Exhaustion Collapse,Unresolved->Unresolved->Directional->Degrading,1.3567796494412687,0.3333333333333333,0.7,0.2,1.0,9.5,7.5,0.7858497660537955,0.2712302280144447,0.21059523809523809,0.25686793857658735,0.43536697688670606,RotationalPressure,0.43536697688670606
2292,2026-05-11 10:05:00,Sponsor Exhaustion Collapse,Unresolved->Directional->Degrading->Degrading,1.1567796494427114,0.2222222222222222,0.7,0.3,1.0,9.5,7.5,0.7802307617425839,0.35000800579196994,0.19670634920634922,0.297145716354275,0.349950310220355,DirectionalReleasePressure,0.35000800579196994
2293,2026-05-11 10:10:00,Stable Compression Basin,Directional->Degrading->Degrading->Unresolved,1.5709505944488977,0.3333333333333333,0.6,0.4,0.0,9.5,7.5,0.738751342542845,0.10459909511250629,0.11059523809523808,0.6518155878469439,0.4822168711071249,CompressionPressure,0.6518155878469439
2294,2026-05-11 10:15:00,Stable Compression Basin,Degrading->Degrading->Unresolved->Unresolved,1.7609640474379105,0.3333333333333333,0.5,0.4,0.0,9.5,7.5,0.7031871404478325,0.09070833333333332,0.11059523809523808,0.6083333333333334,0.48857142857142855,CompressionPressure,0.6083333333333334
2295,2026-05-11 10:20:00,Stable Compression Basin,Degrading->Unresolved->Unresolved->Unresolved,1.8464393446652445,0.3333333333333333,0.4,0.4,0.0,9.5,7.5,0.66762293835282,0.07904166666666668,0.11059523809523808,0.5666666666666667,0.48857142857142855,CompressionPressure,0.5666666666666667
2296,2026-05-11 10:25:00,Pure Unresolved Compression Equilibrium,Unresolved->Unresolved->Unresolved->Unresolved,1.8464393446652445,0.4444444444444444,0.4,0.4,0.0,9.5,7.5,0.66762293835282,0.0668888888888889,0.12448412698412697,0.538888888888889,0.5302380952380952,CompressionPressure,0.538888888888889
2297,2026-05-11 10:30:00,Pure Unresolved Compression Equilibrium,Unresolved->Unresolved->Unresolved->Unresolved,1.8464393446652445,0.4444444444444444,0.4,0.4,0.0,9.5,7.5,0.66762293835282,0.0668888888888889,0.12448412698412697,0.538888888888889,0.5302380952380952,CompressionPressure,0.538888888888889
2298,2026-05-11 10:35:00,Directional Continuation / Sponsor Release,Unresolved->Unresolved->Unresolved->Directional,1.9709505944488979,0.5555555555555556,0.3,0.5,1.0,12.0,15.0,0.6299487424872282,0.1763888888888889,0.38230158730158725,0.061111111111111116,0.5754761904761905,RotationalPressure,0.5754761904761905
2299,2026-05-11 10:40:00,Directional Continuation / Sponsor Release,Unresolved->Unresolved->Directional->Directional,1.9709505944488979,0.4444444444444444,0.3,0.6,1.0,12.0,15.0,0.5922745466216364,0.23111111111111113,0.3684126984126984,0.0888888888888889,0.5338095238095237,RotationalPressure,0.5338095238095237
2300,2026-05-11 10:45:00,Directional Continuation / Sponsor Release,Unresolved->Directional->Directional->Directional,1.9709505944488979,0.3333333333333333,0.3,0.6,1.0,9.5,7.5,0.5922745466216364,0.26583333333333337,0.3105952380952381,0.11666666666666668,0.48857142857142855,RotationalPressure,0.48857142857142855
2301,2026-05-11 10:50:00,Directional Continuation / Sponsor Release,Directional->Directional->Directional->Directional,1.8464393446652445,0.3333333333333333,0.4,0.6,1.0,2.5,7.5,0.5957835571622688,0.26583333333333337,0.2855952380952381,0.11666666666666668,0.47857142857142854,RotationalPressure,0.47857142857142854
2302,2026-05-11 10:55:00,Directional Continuation / Sponsor Release,Directional->Directional->Directional->Directional,1.4854752972230063,0.2222222222222222,0.5,0.6,1.0,2.5,7.5,0.5992925677029012,0.35894116762135625,0.27170634920634923,0.19326890503467323,0.4118524831722945,RotationalPressure,0.4118524831722945
2303,2026-05-11 11:00:00,Stable Compression Basin,Directional->Directional->Directional->Unresolved,1.4854752972230063,0.3333333333333333,0.5,0.6,0.0,2.5,7.5,0.6052077848076275,0.11347663088969691,0.08559523809523809,0.6154911272568955,0.4535191498389612,CompressionPressure,0.6154911272568955
2304,2026-05-11 11:05:00,Stable Compression Basin,Directional->Directional->Unresolved->Unresolved,1.4854752972230063,0.3333333333333333,0.5,0.7,0.0,2.5,7.5,0.6052077848076275,0.12047663088969689,0.08559523809523809,0.6154911272568955,0.4535191498389612,CompressionPressure,0.6154911272568955
2305,2026-05-11 11:10:00,Stable Compression Basin,Directional->Unresolved->Unresolved->Unresolved,1.4854752972230063,0.2222222222222222,0.5,0.8,0.0,2.5,7.5,0.5992925677029012,0.1396294086674747,0.0717063492063492,0.6432689050346733,0.4118524831722945,CompressionPressure,0.6432689050346733
2306,2026-05-11 11:15:00,Directional Continuation / Sponsor Release,Unresolved->Unresolved->Unresolved->Directional,1.2954618442339936,0.3333333333333333,0.6,0.9,1.0,5.0,15.0,0.5616183718373093,0.4591177215738139,0.32952380952380955,0.2190336347353754,0.4155251355690432,DirectionalReleasePressure,0.4591177215738139
2307,2026-05-11 11:20:00,Stable Compression Basin,Unresolved->Unresolved->Directional->Unresolved,0.9709505944517833,0.3333333333333333,0.6,1.0,1.0,5.0,15.0,0.5201389526375706,0.440083645970938,0.1295238095238095,0.6893155878467636,0.3445382996791847,CompressionPressure,0.6893155878467636
2308,2026-05-11 11:25:00,Stable Compression Basin,Unresolved->Directional->Unresolved->Unresolved,0.9999999999971146,0.3333333333333333,0.5,1.0,1.0,2.5,7.5,0.5163337293034237,0.40833333333383826,0.08559523809523809,0.6458333333335138,0.34732142857079734,CompressionPressure,0.6458333333335138
2309,2026-05-11 11:30:00,Stable Compression Basin,Directional->Unresolved->Unresolved->Unresolved,0.9709505944517833,0.3333333333333333,0.6,1.0,0.0,2.5,7.5,0.5125285059692768,0.19253659511228535,0.08559523809523809,0.6893155878467636,0.34096687110775614,CompressionPressure,0.6893155878467636
2310,2026-05-11 11:35:00,Directional Continuation / Sponsor Release,Unresolved->Unresolved->Unresolved->Directional,0.9709505944517833,0.4444444444444444,0.6,1.0,1.0,5.0,15.0,0.5125285059692768,0.5153823352414502,0.3434126984126984,0.21153781006898575,0.38620496634585133,DirectionalReleasePressure,0.5153823352414502
2311,2026-05-11 11:40:00,Directional Continuation / Sponsor Release,Unresolved->Unresolved->Directional->Directional,0.9709505944517833,0.4444444444444444,0.6,1.0,1.0,5.0,15.0,0.5125285059692768,0.5153823352414502,0.3434126984126984,0.21153781006898575,0.38620496634585133,DirectionalReleasePressure,0.5153823352414502
2312,2026-05-11 11:45:00,Directional Continuation / Sponsor Release,Unresolved->Directional->Directional->Directional,0.9709505944517833,0.3333333333333333,0.6,1.0,1.0,5.0,15.0,0.5125285059692768,0.5501045574636725,0.32952380952380955,0.23931558784676354,0.3445382996791847,DirectionalReleasePressure,0.5501045574636725
2313,2026-05-11 11:50:00,Directional Continuation / Sponsor Release,Directional->Directional->Directional->Directional,0.9999999999971146,0.3333333333333333,0.5,1.0,1.0,5.0,15.0,0.5104185121986975,0.5104166666672978,0.32952380952380955,0.19583333333351366,0.3508928571422259,DirectionalReleasePressure,0.5104166666672978
2314,2026-05-11 11:55:00,Directional Continuation / Sponsor Release,Directional->Directional->Directional->Directional,0.9709505944517833,0.3333333333333333,0.6,1.0,1.0,5.0,15.0,0.5083085184281181,0.5501045574636725,0.32952380952380955,0.23931558784676354,0.3445382996791847,DirectionalReleasePressure,0.5501045574636725
2315,2026-05-11 12:00:00,Directional Continuation / Sponsor Release,Directional->Directional->Directional->Directional,0.8812908992278072,0.2222222222222222,0.7,1.0,1.0,5.0,15.0,0.512113741762265,0.6377731713494728,0.31563492063492066,0.3143637632427065,0.2832585746822732,DirectionalReleasePressure,0.6377731713494728
2316,2026-05-11 12:05:00,Directional Continuation / Sponsor Release,Directional->Directional->Directional->Directional,0.8812908992278072,0.1111111111111111,0.7,1.0,1.0,2.5,7.5,0.512113741762265,0.6724953935716949,0.25781746031746033,0.3421415410204842,0.238020479444178,DirectionalReleasePressure,0.6724953935716949
2317,2026-05-11 12:10:00,Directional Continuation / Sponsor Release,Directional->Directional->Directional->Directional,0.7219280948844771,0.1111111111111111,0.8,1.0,1.0,2.5,7.5,0.515918965096412,0.7406893403551318,0.25781746031746033,0.3937683829586091,0.20315986599407457,DirectionalReleasePressure,0.7406893403551318
2318,2026-05-11 12:15:00,Directional Continuation / Sponsor Release,Directional->Directional->Directional->Directional,0.4689955935863958,0.1111111111111111,0.9,1.0,1.0,2.5,7.5,0.5197241884305589,0.8293516583474203,0.25781746031746033,0.4512433309564058,0.1478308813351193,DirectionalReleasePressure,0.8293516583474203
2319,2026-05-11 12:20:00,Directional Continuation / Sponsor Release,Directional->Directional->Directional->Directional,-1.4428232973175175e-12,0.0,1.0,1.0,1.0,2.5,7.5,0.5235294117647059,1.0,0.24392857142857144,0.55,0.0035714285714285713,DirectionalReleasePressure,1.0
2320,2026-05-11 12:25:00,Directional Continuation / Sponsor Release,Directional->Directional->Directional->Directional,-1.4428232973175175e-12,0.0,1.0,1.0,1.0,0.0,0.0,0.5235294117647059,1.0,0.2,0.55,0.0,DirectionalReleasePressure,1.0
2321,2026-05-11 12:30:00,Sponsor Exhaustion Collapse,Directional->Directional->Directional->Degrading,0.4689955935863958,0.1111111111111111,0.9,1.0,0.0,7.0,0.0,0.5200204012240734,0.2902730804215971,0.1388888888888889,0.4512433309564058,0.15425945276369074,CompressionPressure,0.4512433309564058
2322,2026-05-11 12:35:00,Sponsor Exhaustion Collapse,Directional->Directional->Degrading->Degrading,0.7219280948844771,0.1111111111111111,0.8,1.0,0.0,7.0,0.0,0.5165113906834411,0.2592412691242961,0.1388888888888889,0.3937683829586091,0.20958843742264602,CompressionPressure,0.3937683829586091
2323,2026-05-11 12:40:00,Sponsor Exhaustion Collapse,Directional->Degrading->Degrading->Degrading,0.8812908992278072,0.1111111111111111,0.7,1.0,0.0,7.0,0.0,0.5130023801428086,0.23537338775009317,0.1388888888888889,0.3421415410204842,0.24444905087274946,CompressionPressure,0.3421415410204842
2324,2026-05-11 12:45:00,Sponsor Exhaustion Collapse,Degrading->Degrading->Degrading->Degrading,0.9709505944517833,0.1111111111111111,0.6,0.9,0.0,7.0,0.0,0.5094933696021762,0.2098421506678409,0.1388888888888889,0.29487114340231907,0.2640621092029942,CompressionPressure,0.29487114340231907
2325,2026-05-11 12:50:00,Unstable Rotational Balance,Degrading->Degrading->Degrading->Balance,1.360964047439353,0.2222222222222222,0.5,0.8,0.0,17.0,0.0,0.5087277300130072,0.14916230122903565,0.08849206349206348,0.20105085814615156,0.655329932996406,RotationalPressure,0.655329932996406
2326,2026-05-11 12:55:00,Sponsor Exhaustion Collapse,Degrading->Degrading->Balance->Degrading,1.360964047439353,0.3333333333333333,0.5,0.7,0.0,22.0,0.0,0.5052187194723747,0.13000952345125788,0.22023809523809523,0.17327308036837377,0.4541394568059299,RotationalPressure,0.4541394568059299
2327,2026-05-11 13:00:00,Sponsor Exhaustion Collapse,Degrading->Balance->Degrading->Degrading,1.2954618442339936,0.3333333333333333,0.6,0.6,0.0,22.0,0.0,0.5017097089317424,0.13969120255083486,0.22023809523809523,0.2190336347353754,0.4398108498547575,RotationalPressure,0.4398108498547575
2328,2026-05-11 13:05:00,Stable Compression Basin,Balance->Degrading->Degrading->Unresolved,1.5709505944488977,0.4444444444444444,0.6,0.5,0.0,24.941,0.0,0.5038197027023216,0.09944631733472849,0.14463055555555554,0.6240378100691661,0.5459421092023631,CompressionPressure,0.6240378100691661
2329,2026-05-11 13:10:00,Sponsor Exhaustion Collapse,Degrading->Degrading->Unresolved->Degrading,1.3567796494412687,0.5555555555555556,0.7,0.4,0.0,31.305,0.0,0.5003106921616892,0.10835766920076398,0.28124801587301584,0.2013123830210318,0.5498503102200394,RotationalPressure,0.5498503102200394
2330,2026-05-11 13:15:00,Sponsor Exhaustion Collapse,Degrading->Unresolved->Degrading->Degrading,0.9219280948830342,0.4444444444444444,0.8,0.3,0.0,31.305,0.0,0.4968016816210567,0.15847043579107326,0.267359126984127,0.297935049625366,0.41305986599375893,RotationalPressure,0.41305986599375893
2331,2026-05-11 13:20:00,Sponsor Exhaustion Collapse,Unresolved->Degrading->Degrading->Degrading,0.9219280948830342,0.4444444444444444,0.8,0.2,0.0,24.305,0.0,0.4968016816210568,0.15147043579107328,0.24235912698412698,0.297935049625366,0.4030598659937589,RotationalPressure,0.4030598659937589
2332,2026-05-11 13:25:00,Sponsor Exhaustion Collapse,Degrading->Degrading->Degrading->Degrading,0.9219280948830342,0.4444444444444444,0.8,0.1,0.0,24.305,0.0,0.4968016816210568,0.14447043579107327,0.24235912698412698,0.297935049625366,0.4030598659937589,RotationalPressure,0.4030598659937589
2333,2026-05-11 13:30:00,Stable Compression Basin,Degrading->Degrading->Degrading->Unresolved,1.1567796494427114,0.5555555555555556,0.7,0.0,0.0,27.246000000000002,0.0,0.5024206859322685,0.09567016920065352,0.16675158730158732,0.6638123830209416,0.5003017387917836,CompressionPressure,0.6638123830209416
2334,2026-05-11 13:35:00,Stable Compression Basin,Degrading->Degrading->Unresolved->Unresolved,1.2954618442339936,0.4444444444444444,0.6,0.0,0.0,27.246000000000002,0.0,0.5080396902434803,0.08553842477305709,0.15286269841269842,0.6412558569575977,0.48897180223570985,CompressionPressure,0.6412558569575977
2335,2026-05-11 13:40:00,Stable Compression Basin,Degrading->Unresolved->Unresolved->Unresolved,0.9709505944517833,0.3333333333333333,0.6,0.0,0.0,17.246000000000002,0.0,0.5109153236032287,0.12253659511228533,0.10325952380952381,0.6893155878467636,0.36203258539347044,CompressionPressure,0.6893155878467636
2336,2026-05-11 13:45:00,Pure Unresolved Compression Equilibrium,Unresolved->Unresolved->Unresolved->Unresolved,1.360964047439353,0.4444444444444444,0.5,0.0,0.0,12.245999999999999,0.0,0.5520985300094529,0.0688567456734801,0.09929126984126983,0.595495302590596,0.4818718377583108,CompressionPressure,0.595495302590596
2337,2026-05-11 13:50:00,Unstable Rotational Balance,Unresolved->Unresolved->Unresolved->Balance,1.7219280948815914,0.4444444444444444,0.4,0.0,0.0,18.562,0.0,0.5548419009609162,0.038888888888888896,0.1218484126984127,0.0888888888888889,0.7931838095238095,RotationalPressure,0.7931838095238095
2338,2026-05-11 13:55:00,Stable Compression Basin,Unresolved->Unresolved->Balance->Unresolved,1.7219280948815914,0.4444444444444444,0.4,0.0,0.0,17.726,0.0,0.5548419009609162,0.038888888888888896,0.1188626984126984,0.538888888888889,0.5419895238095237,RotationalPressure,0.5419895238095237
2339,2026-05-11 14:00:00,Stable Compression Basin,Unresolved->Balance->Unresolved->Unresolved,1.6854752972215634,0.4444444444444444,0.5,0.0,0.0,11.361999999999998,0.0,0.5604609052721281,0.050555555555555555,0.09613412698412697,0.5805555555555556,0.5328980952380952,CompressionPressure,0.5805555555555556
2340,2026-05-12 06:35:00,Stable Compression Basin,Balance->Unresolved->Unresolved->Unresolved,1.5709505944488977,0.4444444444444444,0.6,0.0,0.0,11.361999999999998,0.0,0.5660799095833398,0.0644463173347285,0.09613412698412697,0.6240378100691661,0.5265435377737916,CompressionPressure,0.6240378100691661
2341,2026-05-12 06:40:00,Directional Continuation / Sponsor Release,Unresolved->Unresolved->Unresolved->Directional,1.770950594447455,0.5555555555555556,0.6,0.1,1.0,13.862,7.5,0.5695889201239723,0.16305555555555556,0.35395158730158727,0.14444444444444443,0.5781361904761905,RotationalPressure,0.5781361904761905
2342,2026-05-12 06:45:00,Sponsor Exhaustion Collapse,Unresolved->Unresolved->Directional->Degrading,1.770950594447455,0.5555555555555556,0.6,0.2,1.0,20.862000000000002,7.5,0.5695889201239723,0.14644444444444446,0.2789515873015873,0.14444444444444443,0.5881361904761905,RotationalPressure,0.5881361904761905
2343,2026-05-12 06:50:00,Sponsor Exhaustion Collapse,Unresolved->Directional->Degrading->Degrading,1.9609640474364676,0.5555555555555556,0.5,0.3,1.0,17.921,7.5,0.5639699158127606,0.13577777777777778,0.26844801587301587,0.10277777777777777,0.5839347619047619,RotationalPressure,0.5839347619047619
2344,2026-05-12 06:55:00,Stable Compression Basin,Directional->Degrading->Degrading->Unresolved,1.9609640474364676,0.6666666666666666,0.5,0.4,0.0,17.921,7.5,0.5580546987080343,0.05425000000000001,0.18233690476190473,0.525,0.6256014285714285,RotationalPressure,0.6256014285714285
2345,2026-05-12 07:00:00,Stable Compression Basin,Degrading->Degrading->Unresolved->Unresolved,1.9609640474364676,0.5555555555555556,0.5,0.4,0.0,17.921,7.5,0.5580546987080341,0.06640277777777778,0.16844801587301586,0.5527777777777778,0.5839347619047619,RotationalPressure,0.5839347619047619
2346,2026-05-12 07:05:00,Stable Compression Basin,Degrading->Unresolved->Unresolved->Unresolved,1.5709505944488977,0.4444444444444444,0.6,0.4,0.0,17.921,7.5,0.5224904966130217,0.09244631733472851,0.15455912698412697,0.6240378100691661,0.5359135377737916,CompressionPressure,0.6240378100691661
2347,2026-05-12 07:10:00,Pure Unresolved Compression Equilibrium,Unresolved->Unresolved->Unresolved->Unresolved,1.5709505944488977,0.4444444444444444,0.6,0.4,0.0,11.605,7.5,0.5609303320677825,0.09244631733472851,0.1320019841269841,0.6240378100691661,0.5268906806309345,CompressionPressure,0.6240378100691661
2348,2026-05-12 07:15:00,Pure Unresolved Compression Equilibrium,Unresolved->Unresolved->Unresolved->Unresolved,1.7609640474379105,0.4444444444444444,0.5,0.4,0.0,9.5,7.5,0.5964945341627951,0.07855555555555556,0.12448412698412697,0.5805555555555556,0.5302380952380952,CompressionPressure,0.5805555555555556
2349,2026-05-12 07:20:00,Pure Unresolved Compression Equilibrium,Unresolved->Unresolved->Unresolved->Unresolved,1.8464393446652445,0.4444444444444444,0.4,0.4,0.0,9.5,7.5,0.6320587362578075,0.0668888888888889,0.12448412698412697,0.538888888888889,0.5302380952380952,CompressionPressure,0.538888888888889
2350,2026-05-12 07:25:00,Pure Unresolved Compression Equilibrium,Unresolved->Unresolved->Unresolved->Unresolved,1.8464393446652445,0.3333333333333333,0.4,0.4,0.0,9.5,7.5,0.6676229383528199,0.07904166666666668,0.11059523809523808,0.5666666666666667,0.48857142857142855,CompressionPressure,0.5666666666666667
2351,2026-05-12 07:30:00,Pure Unresolved Compression Equilibrium,Unresolved->Unresolved->Unresolved->Unresolved,1.4854752972230063,0.2222222222222222,0.5,0.3,0.0,7.0,0.0,0.7052971342184118,0.10462940866747468,0.05277777777777778,0.6432689050346733,0.41828105460086595,CompressionPressure,0.6432689050346733
2352,2026-05-12 07:35:00,Sponsor Exhaustion Collapse,Unresolved->Unresolved->Unresolved->Degrading,1.4854752972230063,0.3333333333333333,0.5,0.2,0.0,6.364,0.0,0.7052971342184119,0.08547663088969691,0.1643952380952381,0.16549112725689544,0.4590391498389612,RotationalPressure,0.4590391498389612
2353,2026-05-12 07:40:00,Sponsor Exhaustion Collapse,Unresolved->Unresolved->Degrading->Degrading,1.4854752972230063,0.2222222222222222,0.5,0.1,0.0,6.364,0.0,0.7052971342184119,0.0906294086674747,0.1505063492063492,0.19326890503467323,0.41737248317229453,RotationalPressure,0.41737248317229453
2354,2026-05-12 07:45:00,Sponsor Exhaustion Collapse,Unresolved->Degrading->Degrading->Degrading,1.4854752972230063,0.2222222222222222,0.5,0.0,0.0,6.364,0.0,0.7055933470119264,0.08362940866747469,0.1505063492063492,0.19326890503467323,0.41737248317229453,RotationalPressure,0.41737248317229453
2355,2026-05-12 07:50:00,Sponsor Exhaustion Collapse,Degrading->Degrading->Degrading->Degrading,1.360964047439353,0.2222222222222222,0.5,0.0,0.0,6.364,0.0,0.6999743427007147,0.09316230122903564,0.1505063492063492,0.20105085814615156,0.39013564728212036,RotationalPressure,0.39013564728212036
2356,2026-05-12 07:55:00,Sponsor Exhaustion Collapse,Degrading->Degrading->Degrading->Degrading,0.9999999999971146,0.1111111111111111,0.5,0.0,0.0,6.364,0.0,0.6943553383895029,0.1329513888891098,0.1366174603174603,0.25138888888906924,0.26950809523746405,RotationalPressure,0.26950809523746405
2357,2026-05-12 08:00:00,Sponsor Exhaustion Collapse,Degrading->Degrading->Degrading->Degrading,0.9709505944517833,0.1111111111111111,0.6,0.0,0.0,6.364,0.0,0.6531721319832786,0.14684215066784087,0.1366174603174603,0.29487114340231907,0.2631535377744228,CompressionPressure,0.29487114340231907
2358,2026-05-12 08:05:00,Sponsor Exhaustion Collapse,Degrading->Degrading->Degrading->Degrading,0.8812908992278072,0.1111111111111111,0.7,0.0,0.0,6.364,0.0,0.6119889255770543,0.1653733877500932,0.1366174603174603,0.3421415410204842,0.24354047944417803,CompressionPressure,0.3421415410204842
2359,2026-05-12 08:10:00,Stable Compression Basin,Degrading->Degrading->Degrading->Unresolved,1.1567796494427114,0.2222222222222222,0.7,0.0,0.0,9.305,0.0,0.5764247234820419,0.13212850253398684,0.06100992063492063,0.747145716354275,0.3496717387917836,CompressionPressure,0.747145716354275
2360,2026-05-12 08:15:00,Stable Compression Basin,Degrading->Degrading->Unresolved->Unresolved,1.1567796494427114,0.2222222222222222,0.7,0.0,0.0,9.305,0.0,0.5408605213870293,0.13212850253398684,0.06100992063492063,0.747145716354275,0.3496717387917836,CompressionPressure,0.747145716354275
2361,2026-05-12 08:20:00,Sponsor Exhaustion Collapse,Degrading->Unresolved->Unresolved->Degrading,0.7219280948844771,0.2222222222222222,0.8,0.0,0.0,15.669,0.0,0.49967731498080514,0.17708849134651833,0.18373849206349208,0.3659906051808313,0.26363938980359836,CompressionPressure,0.3659906051808313
2362,2026-05-12 08:25:00,Sponsor Exhaustion Collapse,Unresolved->Unresolved->Degrading->Degrading,0.7219280948844771,0.2222222222222222,0.8,0.0,0.0,9.305,0.0,0.49967731498080514,0.17708849134651833,0.16100992063492064,0.3659906051808313,0.25454796123216983,CompressionPressure,0.3659906051808313
2363,2026-05-12 08:30:00,Stable Compression Basin,Unresolved->Degrading->Degrading->Unresolved,0.8812908992278072,0.3333333333333333,0.7,0.0,0.0,12.245999999999999,0.0,0.5052963192920169,0.14106783219453767,0.08540238095238095,0.7365859854649287,0.33527666992036853,CompressionPressure,0.7365859854649287
2364,2026-05-12 08:35:00,Stable Compression Basin,Degrading->Degrading->Unresolved->Unresolved,0.9709505944517833,0.3333333333333333,0.6,0.0,0.0,12.245999999999999,0.0,0.5109153236032287,0.12253659511228533,0.08540238095238095,0.6893155878467636,0.35488972825061327,CompressionPressure,0.6893155878467636
2365,2026-05-12 08:40:00,Stable Compression Basin,Degrading->Unresolved->Unresolved->Unresolved,0.9999999999971146,0.3333333333333333,0.5,0.0,0.0,12.245999999999999,0.0,0.5165343279144403,0.10864583333355424,0.08540238095238095,0.6458333333335138,0.3612442857136545,CompressionPressure,0.6458333333335138
2366,2026-05-12 08:45:00,Pure Unresolved Compression Equilibrium,Unresolved->Unresolved->Unresolved->Unresolved,1.360964047439353,0.4444444444444444,0.5,0.0,0.0,12.245999999999999,0.0,0.5577175343206646,0.0688567456734801,0.09929126984126983,0.595495302590596,0.4818718377583108,CompressionPressure,0.595495302590596
2367,2026-05-12 08:50:00,Pure Unresolved Compression Equilibrium,Unresolved->Unresolved->Unresolved->Unresolved,1.4854752972230063,0.4444444444444444,0.5,0.0,0.0,12.245999999999999,0.0,0.5989007407268888,0.059323853111919136,0.09929126984126983,0.5877133494791177,0.509108673648485,CompressionPressure,0.5877133494791177
2368,2026-05-12 08:55:00,Pure Unresolved Compression Equilibrium,Unresolved->Unresolved->Unresolved->Unresolved,1.4854752972230063,0.3333333333333333,0.5,0.0,0.0,12.245999999999999,0.0,0.6400839471331131,0.07147663088969691,0.08540238095238095,0.6154911272568955,0.46744200698181837,CompressionPressure,0.6154911272568955
2369,2026-05-12 09:00:00,Sponsor Exhaustion Collapse,Unresolved->Unresolved->Unresolved->Degrading,1.5709505944503404,0.4444444444444444,0.4,0.0,0.0,15.669,0.0,0.6344649428219014,0.04111298400128472,0.21151626984126984,0.09070447673574264,0.5326963949169643,RotationalPressure,0.5326963949169643
2370,2026-05-12 09:05:00,Sponsor Exhaustion Collapse,Unresolved->Unresolved->Degrading->Degrading,1.5709505944503404,0.3333333333333333,0.4,0.0,0.0,15.669,0.0,0.6288459385106896,0.0532657617790625,0.19762738095238097,0.11848225451352042,0.49102972825029767,RotationalPressure,0.49102972825029767
2371,2026-05-12 09:10:00,Stable Compression Basin,Unresolved->Degrading->Degrading->Unresolved,1.5709505944503404,0.4444444444444444,0.4,0.0,0.0,12.245999999999999,0.0,0.6344649428219015,0.04111298400128472,0.09929126984126983,0.5407044767357427,0.5278063949169642,CompressionPressure,0.5407044767357427
2372,2026-05-12 09:15:00,Stable Compression Basin,Degrading->Degrading->Unresolved->Unresolved,1.4854752972230063,0.3333333333333333,0.5,0.0,0.0,12.245999999999999,0.0,0.6400839471331132,0.07147663088969691,0.08540238095238095,0.6154911272568955,0.46744200698181837,CompressionPressure,0.6154911272568955
2373,2026-05-12 09:20:00,Sponsor Exhaustion Collapse,Degrading->Unresolved->Unresolved->Degrading,1.5709505944503404,0.4444444444444444,0.4,0.0,0.0,15.669,0.0,0.6344649428219014,0.04111298400128472,0.21151626984126984,0.09070447673574264,0.5326963949169643,RotationalPressure,0.5326963949169643
2374,2026-05-12 09:25:00,Sponsor Exhaustion Collapse,Unresolved->Unresolved->Degrading->Degrading,1.5709505944503404,0.4444444444444444,0.4,0.0,0.0,15.669,0.0,0.6288459385106896,0.04111298400128472,0.21151626984126984,0.09070447673574264,0.5326963949169643,RotationalPressure,0.5326963949169643
2375,2026-05-12 09:30:00,Sponsor Exhaustion Collapse,Unresolved->Degrading->Degrading->Degrading,1.4854752972230063,0.3333333333333333,0.5,0.0,0.0,15.669,0.0,0.6232269341994778,0.07147663088969691,0.19762738095238097,0.16549112725689544,0.4723320069818183,RotationalPressure,0.4723320069818183
2376,2026-05-12 09:35:00,Sponsor Exhaustion Collapse,Degrading->Degrading->Degrading->Degrading,1.3709505944503406,0.3333333333333333,0.6,0.0,0.0,15.669,0.0,0.5820437277932535,0.0919115951123958,0.19762738095238097,0.21431558784685373,0.4472797282502977,RotationalPressure,0.4472797282502977
2377,2026-05-12 09:40:00,Sponsor Exhaustion Collapse,Degrading->Degrading->Degrading->Degrading,1.1567796494427114,0.3333333333333333,0.7,0.0,0.0,15.669,0.0,0.5408605213870293,0.11997572475620906,0.19762738095238097,0.2693679385764972,0.40042983402987886,RotationalPressure,0.40042983402987886
2378,2026-05-12 09:45:00,Sponsor Exhaustion Collapse,Degrading->Degrading->Degrading->Degrading,0.7219280948844771,0.2222222222222222,0.8,0.0,0.0,15.669,0.0,0.49967731498080514,0.17708849134651833,0.18373849206349208,0.3659906051808313,0.26363938980359836,CompressionPressure,0.3659906051808313
2379,2026-05-12 09:50:00,Sponsor Exhaustion Collapse,Degrading->Degrading->Degrading->Degrading,0.7219280948844771,0.2222222222222222,0.8,0.0,0.0,9.305,0.0,0.49967731498080514,0.17708849134651833,0.16100992063492064,0.3659906051808313,0.25454796123216983,CompressionPressure,0.3659906051808313
2380,2026-05-12 09:55:00,Sponsor Exhaustion Collapse,Degrading->Degrading->Degrading->Degrading,0.7219280948844771,0.1111111111111111,0.8,0.0,0.0,9.305,0.0,0.49967731498080514,0.18924126912429612,0.14712103174603175,0.3937683829586091,0.21288129456550314,CompressionPressure,0.3937683829586091
2381,2026-05-12 10:00:00,Stable Compression Basin,Degrading->Degrading->Degrading->Unresolved,0.7219280948844771,0.2222222222222222,0.8,0.0,0.0,9.305,0.0,0.49967731498080503,0.17708849134651833,0.06100992063492063,0.8159906051808313,0.25454796123216983,CompressionPressure,0.8159906051808313
2382,2026-05-12 10:05:00,Sponsor Exhaustion Collapse,Degrading->Degrading->Unresolved->Degrading,0.4689955935863958,0.2222222222222222,0.9,0.0,0.0,15.669,0.0,0.4940583106695933,0.20812030264381934,0.18373849206349208,0.42346555317862805,0.2083104051446431,CompressionPressure,0.42346555317862805
2383,2026-05-12 10:10:00,Sponsor Exhaustion Collapse,Degrading->Unresolved->Degrading->Degrading,0.4689955935863958,0.2222222222222222,0.9,0.0,0.0,9.305,0.0,0.4940583106695933,0.20812030264381934,0.16100992063492064,0.42346555317862805,0.19921897657321452,CompressionPressure,0.42346555317862805
2384,2026-05-12 10:15:00,Unstable Rotational Balance,Unresolved->Degrading->Degrading->Balance,0.9219280948830342,0.3333333333333333,0.8,0.0,0.0,19.305,0.0,0.4968016816210567,0.14962321356885103,0.11061309523809523,0.3257128274031438,0.6042503421842351,RotationalPressure,0.6042503421842351
2385,2026-05-12 10:20:00,Sponsor Exhaustion Collapse,Degrading->Degrading->Balance->Degrading,0.9219280948830342,0.4444444444444444,0.8,0.0,0.0,24.305,0.0,0.4968016816210568,0.13747043579107326,0.24235912698412698,0.297935049625366,0.4030598659937589,RotationalPressure,0.4030598659937589
2386,2026-05-12 10:25:00,Sponsor Exhaustion Collapse,Degrading->Balance->Degrading->Degrading,0.9219280948830342,0.4444444444444444,0.8,0.0,0.0,24.305,0.0,0.4968016816210567,0.13747043579107326,0.24235912698412698,0.297935049625366,0.4030598659937589,RotationalPressure,0.4030598659937589
2387,2026-05-12 10:30:00,Stable Compression Basin,Balance->Degrading->Degrading->Unresolved,1.1567796494427114,0.5555555555555556,0.7,0.0,0.0,27.246,0.0,0.5024206859322685,0.09567016920065352,0.1667515873015873,0.6638123830209416,0.5003017387917836,CompressionPressure,0.6638123830209416
2388,2026-05-12 10:35:00,Sponsor Exhaustion Collapse,Degrading->Degrading->Unresolved->Degrading,1.1567796494427114,0.6666666666666666,0.7,0.0,0.0,33.61,0.0,0.5024206859322685,0.08351739142287574,0.3033690476190476,0.18603460524316387,0.5510598340298788,RotationalPressure,0.5510598340298788
2389,2026-05-12 10:40:00,Stable Compression Basin,Degrading->Unresolved->Degrading->Unresolved,1.2954618442339936,0.7777777777777778,0.6,0.0,0.0,36.551,0.0,0.5080396902434803,0.04908009143972376,0.22776150793650796,0.5579225236242643,0.6272646593785669,RotationalPressure,0.6272646593785669
2390,2026-05-12 10:45:00,Stable Compression Basin,Unresolved->Degrading->Unresolved->Unresolved,1.360964047439353,0.6666666666666666,0.5,0.0,0.0,36.551,0.0,0.513658694554692,0.04455119011792455,0.21387261904761906,0.5399397470350404,0.5999265996630727,RotationalPressure,0.5999265996630727
2391,2026-05-12 10:50:00,Stable Compression Basin,Degrading->Unresolved->Unresolved->Unresolved,1.360964047439353,0.5555555555555556,0.5,0.0,0.0,33.61,0.0,0.513658694554692,0.056703967895702326,0.18948015873015872,0.5677175248128182,0.5540585044249774,CompressionPressure,0.5677175248128182
2392,2026-05-12 10:55:00,Pure Unresolved Compression Equilibrium,Unresolved->Unresolved->Unresolved->Unresolved,1.7219280948815914,0.6666666666666666,0.4,0.0,0.0,27.246,0.0,0.5548419009609162,0.01458333333333334,0.18064047619047618,0.4833333333333334,0.6389228571428571,RotationalPressure,0.6389228571428571
2393,2026-05-12 11:00:00,Pure Unresolved Compression Equilibrium,Unresolved->Unresolved->Unresolved->Unresolved,1.8464393446652445,0.5555555555555556,0.4,0.0,0.0,27.246,0.0,0.5960251073671404,0.026736111111111113,0.1667515873015873,0.5111111111111111,0.5972561904761905,RotationalPressure,0.5972561904761905
2394,2026-05-12 11:05:00,Pure Unresolved Compression Equilibrium,Unresolved->Unresolved->Unresolved->Unresolved,1.5709505944503404,0.4444444444444444,0.4,0.0,0.0,17.246000000000002,0.0,0.6344649428219014,0.04111298400128472,0.1171484126984127,0.5407044767357427,0.5349492520598215,CompressionPressure,0.5407044767357427
2395,2026-05-12 11:10:00,Pure Unresolved Compression Equilibrium,Unresolved->Unresolved->Unresolved->Unresolved,1.5219280948830343,0.4444444444444444,0.4,0.0,0.0,12.245999999999999,0.0,0.6756481492281255,0.04486626912440659,0.09929126984126983,0.5437683829586993,0.5170827231366161,CompressionPressure,0.5437683829586993
2396,2026-05-12 11:15:00,Pure Unresolved Compression Equilibrium,Unresolved->Unresolved->Unresolved->Unresolved,1.360964047439353,0.3333333333333333,0.5,0.0,0.0,12.245999999999999,0.0,0.7168313556343499,0.08100952345125786,0.08540238095238095,0.6232730803683738,0.44020517109164414,CompressionPressure,0.6232730803683738
2397,2026-05-12 11:20:00,Pure Unresolved Compression Equilibrium,Unresolved->Unresolved->Unresolved->Unresolved,1.2954618442339936,0.2222222222222222,0.6,0.0,0.0,9.305,0.0,0.7523955577293624,0.10984398032861264,0.06100992063492063,0.6968114125131533,0.38000846890237655,CompressionPressure,0.6968114125131533
2398,2026-05-12 11:25:00,Pure Unresolved Compression Equilibrium,Unresolved->Unresolved->Unresolved->Unresolved,0.8812908992278072,0.1111111111111111,0.7,0.0,0.0,2.941,0.0,0.7935787641355866,0.1653733877500932,0.024392460317460316,0.7921415410204843,0.23865047944417803,CompressionPressure,0.7921415410204843
2399,2026-05-12 11:30:00,Sponsor Exhaustion Collapse,Unresolved->Unresolved->Unresolved->Degrading,1.1567796494427114,0.2222222222222222,0.7,0.0,0.0,6.364,0.0,0.7879597598243748,0.13212850253398684,0.1505063492063492,0.297145716354275,0.345470310220355,RotationalPressure,0.345470310220355
2400,2026-05-12 11:35:00,Stable Compression Basin,Unresolved->Unresolved->Degrading->Unresolved,1.1567796494427114,0.3333333333333333,0.7,0.0,0.0,9.305,0.0,0.7879597598243748,0.11997572475620906,0.07489880952380952,0.7193679385764972,0.3913384054584503,CompressionPressure,0.7193679385764972
2401,2026-05-12 11:40:00,Stable Compression Basin,Unresolved->Degrading->Unresolved->Unresolved,1.1567796494427114,0.2222222222222222,0.7,0.0,0.0,9.305,0.0,0.7879597598243748,0.13212850253398684,0.06100992063492063,0.747145716354275,0.3496717387917836,CompressionPressure,0.747145716354275
2402,2026-05-12 11:45:00,Stable Compression Basin,Degrading->Unresolved->Unresolved->Unresolved,1.2954618442339936,0.2222222222222222,0.6,0.0,0.0,9.305,0.0,0.7523955577293624,0.10984398032861264,0.06100992063492063,0.6968114125131533,0.38000846890237655,CompressionPressure,0.6968114125131533
2403,2026-05-12 11:50:00,Pure Unresolved Compression Equilibrium,Unresolved->Unresolved->Unresolved->Unresolved,1.2954618442339936,0.3333333333333333,0.6,0.0,0.0,9.305,0.0,0.7523955577293624,0.09769120255083487,0.07489880952380952,0.6690336347353755,0.42167513556904324,CompressionPressure,0.6690336347353755
2404,2026-05-12 11:55:00,Pure Unresolved Compression Equilibrium,Unresolved->Unresolved->Unresolved->Unresolved,1.2954618442339936,0.3333333333333333,0.6,0.0,0.0,9.305,0.0,0.7523955577293624,0.09769120255083487,0.07489880952380952,0.6690336347353755,0.42167513556904324,CompressionPressure,0.6690336347353755
2405,2026-05-12 12:00:00,Pure Unresolved Compression Equilibrium,Unresolved->Unresolved->Unresolved->Unresolved,1.2954618442339936,0.3333333333333333,0.6,0.0,0.0,9.305,0.0,0.7523955577293624,0.09769120255083487,0.07489880952380952,0.6690336347353755,0.42167513556904324,CompressionPressure,0.6690336347353755
2406,2026-05-12 12:05:00,Pure Unresolved Compression Equilibrium,Unresolved->Unresolved->Unresolved->Unresolved,1.2954618442339936,0.3333333333333333,0.6,0.0,0.0,9.305,0.0,0.7523955577293624,0.09769120255083487,0.07489880952380952,0.6690336347353755,0.42167513556904324,CompressionPressure,0.6690336347353755
2407,2026-05-12 12:10:00,Pure Unresolved Compression Equilibrium,Unresolved->Unresolved->Unresolved->Unresolved,1.2954618442339936,0.3333333333333333,0.6,0.0,0.0,9.305,0.0,0.7523955577293624,0.09769120255083487,0.07489880952380952,0.6690336347353755,0.42167513556904324,CompressionPressure,0.6690336347353755
2408,2026-05-12 12:15:00,Pure Unresolved Compression Equilibrium,Unresolved->Unresolved->Unresolved->Unresolved,1.2954618442339936,0.2222222222222222,0.6,0.0,0.0,9.305,0.0,0.7523955577293624,0.10984398032861264,0.06100992063492063,0.6968114125131533,0.38000846890237655,CompressionPressure,0.6968114125131533
2409,2026-05-12 12:20:00,Pure Unresolved Compression Equilibrium,Unresolved->Unresolved->Unresolved->Unresolved,0.8812908992278072,0.1111111111111111,0.7,0.0,0.0,2.941,0.0,0.7935787641355866,0.1653733877500932,0.024392460317460316,0.7921415410204843,0.23865047944417803,CompressionPressure,0.7921415410204843
2410,2026-05-12 12:25:00,Pure Unresolved Compression Equilibrium,Unresolved->Unresolved->Unresolved->Unresolved,0.7219280948844771,0.1111111111111111,0.8,0.0,0.0,0.0,0.0,0.829142966230599,0.18924126912429612,0.013888888888888888,0.8437683829586091,0.199588437422646,CompressionPressure,0.8437683829586091
2411,2026-05-12 12:30:00,Pure Unresolved Compression Equilibrium,Unresolved->Unresolved->Unresolved->Unresolved,0.4689955935863958,0.1111111111111111,0.9,0.0,0.0,0.0,0.0,0.8647071683256116,0.2202730804215971,0.013888888888888888,0.9012433309564057,0.14425945276369073,CompressionPressure,0.9012433309564057
2412,2026-05-12 12:35:00,Pure Unresolved Compression Equilibrium,Unresolved->Unresolved->Unresolved->Unresolved,-1.4428232973175175e-12,0.0,1.0,0.0,0.0,0.0,0.0,0.9002713704206242,0.27999999999999997,0.0,0.9999999999999999,0.0,CompressionPressure,0.9999999999999999
2413,2026-05-12 12:40:00,Pure Unresolved Compression Equilibrium,Unresolved->Unresolved->Unresolved->Unresolved,-1.4428232973175175e-12,0.0,1.0,0.0,0.0,0.0,0.0,0.9002713704206242,0.27999999999999997,0.0,0.9999999999999999,0.0,CompressionPressure,0.9999999999999999
2414,2026-05-12 12:45:00,Pure Unresolved Compression Equilibrium,Unresolved->Unresolved->Unresolved->Unresolved,-1.4428232973175175e-12,0.0,1.0,0.0,0.0,0.0,0.0,0.9002713704206242,0.27999999999999997,0.0,0.9999999999999999,0.0,CompressionPressure,0.9999999999999999
2415,2026-05-12 12:50:00,Pure Unresolved Compression Equilibrium,Unresolved->Unresolved->Unresolved->Unresolved,-1.4428232973175175e-12,0.0,1.0,0.0,0.0,0.0,0.0,0.9002713704206242,0.27999999999999997,0.0,0.9999999999999999,0.0,CompressionPressure,0.9999999999999999
2416,2026-05-12 12:55:00,Pure Unresolved Compression Equilibrium,Unresolved->Unresolved->Unresolved->Unresolved,-1.4428232973175175e-12,0.0,1.0,0.0,0.0,0.0,0.0,0.9002713704206242,0.27999999999999997,0.0,0.9999999999999999,0.0,CompressionPressure,0.9999999999999999
2417,2026-05-12 13:00:00,Pure Unresolved Compression Equilibrium,Unresolved->Unresolved->Unresolved->Unresolved,-1.4428232973175175e-12,0.0,1.0,0.0,0.0,0.0,0.0,0.9002713704206242,0.27999999999999997,0.0,0.9999999999999999,0.0,CompressionPressure,0.9999999999999999
2418,2026-05-12 13:05:00,Pure Unresolved Compression Equilibrium,Unresolved->Unresolved->Unresolved->Unresolved,-1.4428232973175175e-12,0.0,1.0,0.0,0.0,0.0,0.0,0.9002713704206242,0.27999999999999997,0.0,0.9999999999999999,0.0,CompressionPressure,0.9999999999999999
2419,2026-05-12 13:10:00,Pure Unresolved Compression Equilibrium,Unresolved->Unresolved->Unresolved->Unresolved,-1.4428232973175175e-12,0.0,1.0,0.0,0.0,0.0,0.0,0.9002713704206242,0.27999999999999997,0.0,0.9999999999999999,0.0,CompressionPressure,0.9999999999999999
2420,2026-05-12 13:15:00,Pure Unresolved Compression Equilibrium,Unresolved->Unresolved->Unresolved->Unresolved,-1.4428232973175175e-12,0.0,1.0,0.0,0.0,0.0,0.0,0.9002713704206242,0.27999999999999997,0.0,0.9999999999999999,0.0,CompressionPressure,0.9999999999999999
2421,2026-05-12 13:20:00,Pure Unresolved Compression Equilibrium,Unresolved->Unresolved->Unresolved->Unresolved,-1.4428232973175175e-12,0.0,1.0,0.0,0.0,0.0,0.0,0.9002713704206242,0.27999999999999997,0.0,0.9999999999999999,0.0,CompressionPressure,0.9999999999999999
2422,2026-05-12 13:25:00,Pure Unresolved Compression Equilibrium,Unresolved->Unresolved->Unresolved->Unresolved,-1.4428232973175175e-12,0.0,1.0,0.0,0.0,0.0,0.0,0.9002713704206242,0.27999999999999997,0.0,0.9999999999999999,0.0,CompressionPressure,0.9999999999999999
2423,2026-05-12 13:30:00,Pure Unresolved Compression Equilibrium,Unresolved->Unresolved->Unresolved->Unresolved,-1.4428232973175175e-12,0.0,1.0,0.0,0.0,0.0,0.0,0.9002713704206242,0.27999999999999997,0.0,0.9999999999999999,0.0,CompressionPressure,0.9999999999999999
2424,2026-05-12 13:35:00,Pure Unresolved Compression Equilibrium,Unresolved->Unresolved->Unresolved->Unresolved,-1.4428232973175175e-12,0.0,1.0,0.0,0.0,0.0,0.0,0.9002713704206242,0.27999999999999997,0.0,0.9999999999999999,0.0,CompressionPressure,0.9999999999999999
2425,2026-05-12 13:40:00,Pure Unresolved Compression Equilibrium,Unresolved->Unresolved->Unresolved->Unresolved,-1.4428232973175175e-12,0.0,1.0,0.0,0.0,0.0,0.0,0.9002713704206242,0.27999999999999997,0.0,0.9999999999999999,0.0,CompressionPressure,0.9999999999999999
2426,2026-05-12 13:45:00,Pure Unresolved Compression Equilibrium,Unresolved->Unresolved->Unresolved->Unresolved,-1.4428232973175175e-12,0.0,1.0,0.0,0.0,0.0,0.0,0.9002713704206242,0.27999999999999997,0.0,0.9999999999999999,0.0,CompressionPressure,0.9999999999999999
2427,2026-05-12 13:50:00,Pure Unresolved Compression Equilibrium,Unresolved->Unresolved->Unresolved->Unresolved,-1.4428232973175175e-12,0.0,1.0,0.0,0.0,0.0,0.0,0.9002713704206242,0.27999999999999997,0.0,0.9999999999999999,0.0,CompressionPressure,0.9999999999999999
2428,2026-05-12 13:55:00,Pure Unresolved Compression Equilibrium,Unresolved->Unresolved->Unresolved->Unresolved,-1.4428232973175175e-12,0.0,1.0,0.0,0.0,0.0,0.0,0.9002713704206242,0.27999999999999997,0.0,0.9999999999999999,0.0,CompressionPressure,0.9999999999999999
2429,2026-05-12 14:00:00,Pure Unresolved Compression Equilibrium,Unresolved->Unresolved->Unresolved->Unresolved,-1.4428232973175175e-12,0.0,1.0,0.0,0.0,0.0,0.0,0.9002713704206242,0.27999999999999997,0.0,0.9999999999999999,0.0,CompressionPressure,0.9999999999999999
2430,2026-05-13 06:35:00,Pure Unresolved Compression Equilibrium,Unresolved->Unresolved->Unresolved->Unresolved,-1.4428232973175175e-12,0.0,1.0,0.0,0.0,0.0,0.0,0.9002713704206242,0.27999999999999997,0.0,0.9999999999999999,0.0,CompressionPressure,0.9999999999999999
2431,2026-05-13 06:40:00,Pure Unresolved Compression Equilibrium,Unresolved->Unresolved->Unresolved->Unresolved,-1.4428232973175175e-12,0.0,1.0,0.0,0.0,0.0,0.0,0.9002713704206242,0.27999999999999997,0.0,0.9999999999999999,0.0,CompressionPressure,0.9999999999999999
2432,2026-05-13 06:45:00,Pure Unresolved Compression Equilibrium,Unresolved->Unresolved->Unresolved->Unresolved,-1.4428232973175175e-12,0.0,1.0,0.0,0.0,0.0,0.0,0.9002713704206242,0.27999999999999997,0.0,0.9999999999999999,0.0,CompressionPressure,0.9999999999999999
2433,2026-05-13 06:50:00,Pure Unresolved Compression Equilibrium,Unresolved->Unresolved->Unresolved->Unresolved,-1.4428232973175175e-12,0.0,1.0,0.0,0.0,0.0,0.0,0.9002713704206242,0.27999999999999997,0.0,0.9999999999999999,0.0,CompressionPressure,0.9999999999999999
2434,2026-05-13 06:55:00,Pure Unresolved Compression Equilibrium,Unresolved->Unresolved->Unresolved->Unresolved,-1.4428232973175175e-12,0.0,1.0,0.0,0.0,0.0,0.0,0.9002713704206242,0.27999999999999997,0.0,0.9999999999999999,0.0,CompressionPressure,0.9999999999999999
2435,2026-05-13 07:00:00,Pure Unresolved Compression Equilibrium,Unresolved->Unresolved->Unresolved->Unresolved,-1.4428232973175175e-12,0.0,1.0,0.0,0.0,0.0,0.0,0.9002713704206242,0.27999999999999997,0.0,0.9999999999999999,0.0,CompressionPressure,0.9999999999999999
2436,2026-05-13 07:05:00,Pure Unresolved Compression Equilibrium,Unresolved->Unresolved->Unresolved->Unresolved,-1.4428232973175175e-12,0.0,1.0,0.0,0.0,0.0,0.0,0.9002713704206242,0.27999999999999997,0.0,0.9999999999999999,0.0,CompressionPressure,0.9999999999999999
2437,2026-05-13 07:10:00,Pure Unresolved Compression Equilibrium,Unresolved->Unresolved->Unresolved->Unresolved,-1.4428232973175175e-12,0.0,1.0,0.0,0.0,0.0,0.0,0.9002713704206242,0.27999999999999997,0.0,0.9999999999999999,0.0,CompressionPressure,0.9999999999999999
2438,2026-05-13 07:15:00,Pure Unresolved Compression Equilibrium,Unresolved->Unresolved->Unresolved->Unresolved,-1.4428232973175175e-12,0.0,1.0,0.0,0.0,0.0,0.0,0.9002713704206242,0.27999999999999997,0.0,0.9999999999999999,0.0,CompressionPressure,0.9999999999999999
2439,2026-05-13 07:20:00,Pure Unresolved Compression Equilibrium,Unresolved->Unresolved->Unresolved->Unresolved,-1.4428232973175175e-12,0.0,1.0,0.0,0.0,0.0,0.0,0.9002713704206242,0.27999999999999997,0.0,0.9999999999999999,0.0,CompressionPressure,0.9999999999999999
2440,2026-05-13 07:25:00,Pure Unresolved Compression Equilibrium,Unresolved->Unresolved->Unresolved->Unresolved,-1.4428232973175175e-12,0.0,1.0,0.0,0.0,0.0,0.0,0.9002713704206242,0.27999999999999997,0.0,0.9999999999999999,0.0,CompressionPressure,0.9999999999999999
2441,2026-05-13 07:30:00,Pure Unresolved Compression Equilibrium,Unresolved->Unresolved->Unresolved->Unresolved,-1.4428232973175175e-12,0.0,1.0,0.0,0.0,0.0,0.0,0.9002713704206242,0.27999999999999997,0.0,0.9999999999999999,0.0,CompressionPressure,0.9999999999999999
2442,2026-05-13 07:35:00,Pure Unresolved Compression Equilibrium,Unresolved->Unresolved->Unresolved->Unresolved,-1.4428232973175175e-12,0.0,1.0,0.0,0.0,0.0,0.0,0.9002713704206242,0.27999999999999997,0.0,0.9999999999999999,0.0,CompressionPressure,0.9999999999999999
2443,2026-05-13 07:40:00,Pure Unresolved Compression Equilibrium,Unresolved->Unresolved->Unresolved->Unresolved,-1.4428232973175175e-12,0.0,1.0,0.0,0.0,0.0,0.0,0.9002713704206242,0.27999999999999997,0.0,0.9999999999999999,0.0,CompressionPressure,0.9999999999999999
2444,2026-05-13 07:45:00,Pure Unresolved Compression Equilibrium,Unresolved->Unresolved->Unresolved->Unresolved,-1.4428232973175175e-12,0.0,1.0,0.0,0.0,0.0,0.0,0.9002713704206242,0.27999999999999997,0.0,0.9999999999999999,0.0,CompressionPressure,0.9999999999999999
2445,2026-05-13 07:50:00,Pure Unresolved Compression Equilibrium,Unresolved->Unresolved->Unresolved->Unresolved,-1.4428232973175175e-12,0.0,1.0,0.0,0.0,0.0,0.0,0.9002713704206242,0.27999999999999997,0.0,0.9999999999999999,0.0,CompressionPressure,0.9999999999999999
2446,2026-05-13 07:55:00,Pure Unresolved Compression Equilibrium,Unresolved->Unresolved->Unresolved->Unresolved,-1.4428232973175175e-12,0.0,1.0,0.0,0.0,0.0,0.0,0.9002713704206242,0.27999999999999997,0.0,0.9999999999999999,0.0,CompressionPressure,0.9999999999999999
2447,2026-05-13 08:00:00,Pure Unresolved Compression Equilibrium,Unresolved->Unresolved->Unresolved->Unresolved,-1.4428232973175175e-12,0.0,1.0,0.0,0.0,0.0,0.0,0.9002713704206242,0.27999999999999997,0.0,0.9999999999999999,0.0,CompressionPressure,0.9999999999999999
2448,2026-05-13 08:05:00,Pure Unresolved Compression Equilibrium,Unresolved->Unresolved->Unresolved->Unresolved,-1.4428232973175175e-12,0.0,1.0,0.0,0.0,0.0,0.0,0.9002713704206242,0.27999999999999997,0.0,0.9999999999999999,0.0,CompressionPressure,0.9999999999999999
2449,2026-05-13 08:10:00,Pure Unresolved Compression Equilibrium,Unresolved->Unresolved->Unresolved->Unresolved,-1.4428232973175175e-12,0.0,1.0,0.0,0.0,0.0,0.0,0.9002713704206242,0.27999999999999997,0.0,0.9999999999999999,0.0,CompressionPressure,0.9999999999999999
2450,2026-05-13 08:15:00,Pure Unresolved Compression Equilibrium,Unresolved->Unresolved->Unresolved->Unresolved,-1.4428232973175175e-12,0.0,1.0,0.0,0.0,0.0,0.0,0.9002713704206242,0.27999999999999997,0.0,0.9999999999999999,0.0,CompressionPressure,0.9999999999999999
2451,2026-05-13 08:20:00,Pure Unresolved Compression Equilibrium,Unresolved->Unresolved->Unresolved->Unresolved,-1.4428232973175175e-12,0.0,1.0,0.0,0.0,0.0,0.0,0.9002713704206242,0.27999999999999997,0.0,0.9999999999999999,0.0,CompressionPressure,0.9999999999999999
2452,2026-05-13 08:25:00,Pure Unresolved Compression Equilibrium,Unresolved->Unresolved->Unresolved->Unresolved,-1.4428232973175175e-12,0.0,1.0,0.0,0.0,0.0,0.0,0.9002713704206242,0.27999999999999997,0.0,0.9999999999999999,0.0,CompressionPressure,0.9999999999999999
2453,2026-05-13 08:30:00,Pure Unresolved Compression Equilibrium,Unresolved->Unresolved->Unresolved->Unresolved,-1.4428232973175175e-12,0.0,1.0,0.0,0.0,0.0,0.0,0.9002713704206242,0.27999999999999997,0.0,0.9999999999999999,0.0,CompressionPressure,0.9999999999999999
2454,2026-05-13 08:35:00,Pure Unresolved Compression Equilibrium,Unresolved->Unresolved->Unresolved->Unresolved,-1.4428232973175175e-12,0.0,1.0,0.0,0.0,0.0,0.0,0.9002713704206242,0.27999999999999997,0.0,0.9999999999999999,0.0,CompressionPressure,0.9999999999999999
2455,2026-05-13 08:40:00,Pure Unresolved Compression Equilibrium,Unresolved->Unresolved->Unresolved->Unresolved,-1.4428232973175175e-12,0.0,1.0,0.0,0.0,0.0,0.0,0.9002713704206242,0.27999999999999997,0.0,0.9999999999999999,0.0,CompressionPressure,0.9999999999999999
2456,2026-05-13 08:45:00,Pure Unresolved Compression Equilibrium,Unresolved->Unresolved->Unresolved->Unresolved,-1.4428232973175175e-12,0.0,1.0,0.0,0.0,0.0,0.0,0.9002713704206242,0.27999999999999997,0.0,0.9999999999999999,0.0,CompressionPressure,0.9999999999999999
2457,2026-05-13 08:50:00,Pure Unresolved Compression Equilibrium,Unresolved->Unresolved->Unresolved->Unresolved,-1.4428232973175175e-12,0.0,1.0,0.0,0.0,0.0,0.0,0.9002713704206242,0.27999999999999997,0.0,0.9999999999999999,0.0,CompressionPressure,0.9999999999999999
2458,2026-05-13 08:55:00,Pure Unresolved Compression Equilibrium,Unresolved->Unresolved->Unresolved->Unresolved,-1.4428232973175175e-12,0.0,1.0,0.0,0.0,0.0,0.0,0.9002713704206242,0.27999999999999997,0.0,0.9999999999999999,0.0,CompressionPressure,0.9999999999999999
2459,2026-05-13 09:00:00,Pure Unresolved Compression Equilibrium,Unresolved->Unresolved->Unresolved->Unresolved,-1.4428232973175175e-12,0.0,1.0,0.0,0.0,0.0,0.0,0.9002713704206242,0.27999999999999997,0.0,0.9999999999999999,0.0,CompressionPressure,0.9999999999999999
2460,2026-05-13 09:05:00,Pure Unresolved Compression Equilibrium,Unresolved->Unresolved->Unresolved->Unresolved,-1.4428232973175175e-12,0.0,1.0,0.0,0.0,0.0,0.0,0.9002713704206242,0.27999999999999997,0.0,0.9999999999999999,0.0,CompressionPressure,0.9999999999999999
2461,2026-05-13 09:10:00,Pure Unresolved Compression Equilibrium,Unresolved->Unresolved->Unresolved->Unresolved,-1.4428232973175175e-12,0.0,1.0,0.0,0.0,0.0,0.0,0.9002713704206242,0.27999999999999997,0.0,0.9999999999999999,0.0,CompressionPressure,0.9999999999999999
2462,2026-05-13 09:15:00,Directional Continuation / Sponsor Release,Unresolved->Unresolved->Unresolved->Directional,0.4689955935863958,0.1111111111111111,0.9,0.1,1.0,2.5,7.5,0.8625971745550324,0.6493516583474204,0.25781746031746033,0.4512433309564058,0.1478308813351193,DirectionalReleasePressure,0.6493516583474204
2463,2026-05-13 09:20:00,Directional Continuation / Sponsor Release,Unresolved->Unresolved->Directional->Directional,0.7219280948844771,0.1111111111111111,0.8,0.2,1.0,2.5,7.5,0.8249229786894405,0.5806893403551319,0.25781746031746033,0.3937683829586091,0.20315986599407457,DirectionalReleasePressure,0.5806893403551319
2464,2026-05-13 09:25:00,Directional Continuation / Sponsor Release,Unresolved->Directional->Directional->Directional,0.8812908992278072,0.1111111111111111,0.7,0.3,1.0,2.5,7.5,0.7872487828238486,0.532495393571695,0.25781746031746033,0.3421415410204842,0.238020479444178,DirectionalReleasePressure,0.532495393571695
2465,2026-05-13 09:30:00,Directional Continuation / Sponsor Release,Directional->Directional->Directional->Directional,0.9709505944517833,0.1111111111111111,0.6,0.4,1.0,2.5,7.5,0.7495745869582568,0.49954900190811685,0.25781746031746033,0.29487114340231907,0.25763353777442277,DirectionalReleasePressure,0.49954900190811685
2466,2026-05-13 09:35:00,Sponsor Exhaustion Collapse,Directional->Directional->Directional->Degrading,1.360964047439353,0.2222222222222222,0.5,0.5,0.0,9.5,7.5,0.7083913805520325,0.12816230122903563,0.19670634920634922,0.20105085814615156,0.39461564728212034,RotationalPressure,0.39461564728212034
2467,2026-05-13 09:40:00,Stable Compression Basin,Directional->Directional->Degrading->Unresolved,1.7219280948815914,0.3333333333333333,0.4,0.6,0.0,12.440999999999999,7.5,0.6728271784570201,0.09304166666666668,0.1210988095238095,0.5666666666666667,0.4927728571428571,CompressionPressure,0.5666666666666667
2468,2026-05-13 09:45:00,Stable Compression Basin,Directional->Degrading->Unresolved->Unresolved,1.8464393446652445,0.3333333333333333,0.4,0.7,0.0,12.440999999999999,7.5,0.6372629763620076,0.10004166666666665,0.1210988095238095,0.5666666666666667,0.4927728571428571,CompressionPressure,0.5666666666666667
2469,2026-05-13 09:50:00,Sponsor Exhaustion Collapse,Degrading->Unresolved->Unresolved->Degrading,1.9219280948815916,0.4444444444444444,0.4,0.7,0.0,18.805,7.5,0.5960797699557834,0.08788888888888889,0.25771626984126983,0.0888888888888889,0.5435309523809523,RotationalPressure,0.5435309523809523
2470,2026-05-13 09:55:00,Sponsor Exhaustion Collapse,Unresolved->Unresolved->Degrading->Degrading,1.8464393446652445,0.4444444444444444,0.4,0.7,0.0,18.805,7.5,0.5548965635495591,0.08788888888888889,0.25771626984126983,0.0888888888888889,0.5435309523809523,RotationalPressure,0.5435309523809523
2471,2026-05-13 10:00:00,Sponsor Exhaustion Collapse,Unresolved->Degrading->Degrading->Degrading,1.5219280948830343,0.3333333333333333,0.4,0.7,0.0,18.805,7.5,0.5137133571433349,0.10601904690218436,0.24382738095238093,0.12154616073647705,0.48478605646994943,RotationalPressure,0.48478605646994943
2472,2026-05-13 10:05:00,Sponsor Exhaustion Collapse,Degrading->Degrading->Degrading->Degrading,1.4854752972230063,0.3333333333333333,0.5,0.6,0.0,16.305,0.0,0.5102043466027024,0.11347663088969691,0.19989880952380953,0.16549112725689544,0.4732405784103898,RotationalPressure,0.4732405784103898
2473,2026-05-13 10:10:00,Sponsor Exhaustion Collapse,Degrading->Degrading->Degrading->Degrading,1.3709505944503406,0.3333333333333333,0.6,0.5,0.0,16.305,0.0,0.5066953360620701,0.1269115951123958,0.19989880952380953,0.21431558784685373,0.4481882996788691,RotationalPressure,0.4481882996788691
2474,2026-05-13 10:15:00,Stable Compression Basin,Degrading->Degrading->Degrading->Unresolved,1.2954618442339936,0.4444444444444444,0.6,0.4,0.0,19.246000000000002,0.0,0.5088053298326493,0.1135384247730571,0.12429126984126984,0.6412558569575977,0.4775432308071384,CompressionPressure,0.6412558569575977
2475,2026-05-13 10:20:00,Stable Compression Basin,Degrading->Degrading->Unresolved->Unresolved,0.9709505944517833,0.3333333333333333,0.6,0.3,0.0,19.246000000000002,0.0,0.5109153236032287,0.14353659511228534,0.11040238095238095,0.6893155878467636,0.3648897282506133,CompressionPressure,0.6893155878467636
2476,2026-05-13 10:25:00,Stable Compression Basin,Degrading->Unresolved->Unresolved->Unresolved,0.9999999999971146,0.2222222222222222,0.5,0.2,0.0,12.245999999999999,0.0,0.5165343279144403,0.134798611111332,0.07151349206349206,0.6736111111112916,0.3195776190469878,CompressionPressure,0.6736111111112916
2477,2026-05-13 10:30:00,Pure Unresolved Compression Equilibrium,Unresolved->Unresolved->Unresolved->Unresolved,1.360964047439353,0.3333333333333333,0.5,0.1,0.0,9.305,0.0,0.5520985300094529,0.08800952345125787,0.07489880952380952,0.6232730803683738,0.4360037425202156,CompressionPressure,0.6232730803683738
2478,2026-05-13 10:35:00,Pure Unresolved Compression Equilibrium,Unresolved->Unresolved->Unresolved->Unresolved,1.4854752972230063,0.2222222222222222,0.5,0.0,0.0,9.305,0.0,0.5876627321044653,0.08362940866747469,0.06100992063492063,0.6432689050346733,0.4215739117437231,CompressionPressure,0.6432689050346733
2479,2026-05-13 10:40:00,Pure Unresolved Compression Equilibrium,Unresolved->Unresolved->Unresolved->Unresolved,1.5709505944503404,0.2222222222222222,0.4,0.0,0.0,2.941,0.0,0.6288459385106895,0.06541853955684027,0.03828134920634921,0.5962600322912982,0.4311802044407738,CompressionPressure,0.5962600322912982
2480,2026-05-13 10:45:00,Pure Unresolved Compression Equilibrium,Unresolved->Unresolved->Unresolved->Unresolved,1.5709505944503404,0.2222222222222222,0.4,0.0,0.0,2.941,0.0,0.6700291449169138,0.06541853955684027,0.03828134920634921,0.5962600322912982,0.4311802044407738,CompressionPressure,0.5962600322912982
2481,2026-05-13 10:50:00,Pure Unresolved Compression Equilibrium,Unresolved->Unresolved->Unresolved->Unresolved,1.4854752972230063,0.2222222222222222,0.5,0.0,0.0,2.941,0.0,0.7112123513231381,0.08362940866747469,0.03828134920634921,0.6432689050346733,0.4124824831722945,CompressionPressure,0.6432689050346733
2482,2026-05-13 10:55:00,Pure Unresolved Compression Equilibrium,Unresolved->Unresolved->Unresolved->Unresolved,1.2954618442339936,0.2222222222222222,0.6,0.0,0.0,2.941,0.0,0.7523955577293624,0.10984398032861264,0.03828134920634921,0.6968114125131533,0.37091704033094797,CompressionPressure,0.6968114125131533
2483,2026-05-13 11:00:00,Pure Unresolved Compression Equilibrium,Unresolved->Unresolved->Unresolved->Unresolved,0.8812908992278072,0.1111111111111111,0.7,0.0,0.0,2.941,0.0,0.7935787641355866,0.1653733877500932,0.024392460317460316,0.7921415410204843,0.23865047944417803,CompressionPressure,0.7921415410204843
2484,2026-05-13 11:05:00,Pure Unresolved Compression Equilibrium,Unresolved->Unresolved->Unresolved->Unresolved,0.7219280948844771,0.1111111111111111,0.8,0.0,0.0,0.0,0.0,0.829142966230599,0.18924126912429612,0.013888888888888888,0.8437683829586091,0.199588437422646,CompressionPressure,0.8437683829586091
2485,2026-05-13 11:10:00,Pure Unresolved Compression Equilibrium,Unresolved->Unresolved->Unresolved->Unresolved,0.4689955935863958,0.1111111111111111,0.9,0.0,0.0,0.0,0.0,0.8647071683256116,0.2202730804215971,0.013888888888888888,0.9012433309564057,0.14425945276369073,CompressionPressure,0.9012433309564057
2486,2026-05-13 11:15:00,Directional Continuation / Sponsor Release,Unresolved->Unresolved->Unresolved->Directional,0.4689955935863958,0.1111111111111111,0.9,0.1,1.0,2.5,7.5,0.8625971745550324,0.6493516583474204,0.25781746031746033,0.4512433309564058,0.1478308813351193,DirectionalReleasePressure,0.6493516583474204
2487,2026-05-13 11:20:00,Directional Continuation / Sponsor Release,Unresolved->Unresolved->Directional->Directional,0.7219280948844771,0.1111111111111111,0.8,0.2,1.0,2.5,7.5,0.8249229786894405,0.5806893403551319,0.25781746031746033,0.3937683829586091,0.20315986599407457,DirectionalReleasePressure,0.5806893403551319
2488,2026-05-13 11:25:00,Sponsor Exhaustion Collapse,Unresolved->Directional->Directional->Degrading,1.1567796494427114,0.2222222222222222,0.7,0.3,1.0,9.5,7.5,0.7837397722832162,0.35000800579196994,0.19670634920634922,0.297145716354275,0.349950310220355,DirectionalReleasePressure,0.35000800579196994
2489,2026-05-13 11:30:00,Sponsor Exhaustion Collapse,Directional->Directional->Degrading->Degrading,1.3709505944503406,0.2222222222222222,0.6,0.4,0.0,9.5,7.5,0.742556565876992,0.1320643728901736,0.19670634920634922,0.2420933656246315,0.39680020444077385,RotationalPressure,0.39680020444077385
2490,2026-05-13 11:35:00,Sponsor Exhaustion Collapse,Directional->Degrading->Degrading->Degrading,1.4854752972230063,0.2222222222222222,0.5,0.5,0.0,9.5,7.5,0.7013733594707677,0.11862940866747469,0.19670634920634922,0.19326890503467323,0.4218524831722945,RotationalPressure,0.4218524831722945
2491,2026-05-13 11:40:00,Sponsor Exhaustion Collapse,Degrading->Degrading->Degrading->Degrading,1.5219280948830343,0.2222222222222222,0.4,0.5,0.0,9.5,7.5,0.6601901530645435,0.10417182467996214,0.19670634920634922,0.14932393851425482,0.4298265326604256,RotationalPressure,0.4298265326604256
2492,2026-05-13 11:45:00,Stable Compression Basin,Degrading->Degrading->Degrading->Unresolved,1.8464393446652445,0.3333333333333333,0.4,0.5,0.0,12.440999999999999,7.5,0.624625950969531,0.08604166666666667,0.1210988095238095,0.5666666666666667,0.4927728571428571,CompressionPressure,0.5666666666666667
2493,2026-05-13 11:50:00,Unstable Rotational Balance,Degrading->Degrading->Unresolved->Balance,2.1219280948801487,0.4444444444444444,0.4,0.5,0.0,18.756999999999998,7.5,0.5861861155147701,0.07388888888888889,0.15754484126984125,0.0888888888888889,0.7934623809523809,RotationalPressure,0.7934623809523809
2494,2026-05-13 11:55:00,Stable Compression Basin,Degrading->Unresolved->Balance->Unresolved,2.1219280948801487,0.5555555555555556,0.4,0.5,0.0,20.862000000000002,7.5,0.5506219134197576,0.06173611111111111,0.1789515873015873,0.5111111111111111,0.5881361904761905,RotationalPressure,0.5881361904761905
2495,2026-05-13 12:00:00,Stable Compression Basin,Unresolved->Balance->Unresolved->Unresolved,1.8464393446652445,0.4444444444444444,0.4,0.5,0.0,20.862000000000002,7.5,0.5150577113247451,0.07388888888888889,0.1650626984126984,0.538888888888889,0.5464695238095237,RotationalPressure,0.5464695238095237
2496,2026-05-13 12:05:00,Stable Compression Basin,Balance->Unresolved->Unresolved->Unresolved,1.7219280948815914,0.4444444444444444,0.4,0.4,0.0,18.362000000000002,0.0,0.5171677050953244,0.0668888888888889,0.12113412698412698,0.538888888888889,0.5428980952380952,RotationalPressure,0.5428980952380952
2497,2026-05-13 12:10:00,Pure Unresolved Compression Equilibrium,Unresolved->Unresolved->Unresolved->Unresolved,1.7219280948815914,0.4444444444444444,0.4,0.3,0.0,18.362000000000002,0.0,0.5548419009609162,0.059888888888888894,0.12113412698412698,0.538888888888889,0.5428980952380952,RotationalPressure,0.5428980952380952
2498,2026-05-13 12:15:00,Pure Unresolved Compression Equilibrium,Unresolved->Unresolved->Unresolved->Unresolved,1.8464393446652445,0.4444444444444444,0.4,0.2,0.0,11.361999999999998,0.0,0.5960251073671405,0.052888888888888895,0.09613412698412697,0.538888888888889,0.5328980952380952,CompressionPressure,0.538888888888889
2499,2026-05-13 12:20:00,Pure Unresolved Compression Equilibrium,Unresolved->Unresolved->Unresolved->Unresolved,1.8464393446652445,0.4444444444444444,0.4,0.1,0.0,11.361999999999998,0.0,0.6372083137733647,0.04588888888888889,0.09613412698412697,0.538888888888889,0.5328980952380952,CompressionPressure,0.538888888888889
2500,2026-05-13 12:25:00,Pure Unresolved Compression Equilibrium,Unresolved->Unresolved->Unresolved->Unresolved,1.7219280948815914,0.4444444444444444,0.4,0.0,0.0,11.361999999999998,0.0,0.678391520179589,0.038888888888888896,0.09613412698412697,0.538888888888889,0.5328980952380952,CompressionPressure,0.538888888888889
2501,2026-05-13 12:30:00,Pure Unresolved Compression Equilibrium,Unresolved->Unresolved->Unresolved->Unresolved,1.360964047439353,0.3333333333333333,0.5,0.0,0.0,11.361999999999998,0.0,0.7195747265858132,0.08100952345125786,0.0822452380952381,0.6232730803683738,0.438942313948787,CompressionPressure,0.6232730803683738
2502,2026-05-13 12:35:00,Pure Unresolved Compression Equilibrium,Unresolved->Unresolved->Unresolved->Unresolved,1.2954618442339936,0.2222222222222222,0.6,0.0,0.0,8.421,0.0,0.7551389286808258,0.10984398032861264,0.057852777777777774,0.6968114125131533,0.3787456117595194,CompressionPressure,0.6968114125131533
2503,2026-05-13 12:40:00,Pure Unresolved Compression Equilibrium,Unresolved->Unresolved->Unresolved->Unresolved,0.8812908992278072,0.1111111111111111,0.7,0.0,0.0,2.105,0.0,0.7935787641355866,0.1653733877500932,0.02140674603174603,0.7921415410204843,0.2374561937298923,CompressionPressure,0.7921415410204843
2504,2026-05-13 12:45:00,Pure Unresolved Compression Equilibrium,Unresolved->Unresolved->Unresolved->Unresolved,0.7219280948844771,0.1111111111111111,0.8,0.0,0.0,0.0,0.0,0.829142966230599,0.18924126912429612,0.013888888888888888,0.8437683829586091,0.199588437422646,CompressionPressure,0.8437683829586091
2505,2026-05-13 12:50:00,Pure Unresolved Compression Equilibrium,Unresolved->Unresolved->Unresolved->Unresolved,0.4689955935863958,0.1111111111111111,0.9,0.0,0.0,0.0,0.0,0.8647071683256116,0.2202730804215971,0.013888888888888888,0.9012433309564057,0.14425945276369073,CompressionPressure,0.9012433309564057
2506,2026-05-13 12:55:00,Pure Unresolved Compression Equilibrium,Unresolved->Unresolved->Unresolved->Unresolved,-1.4428232973175175e-12,0.0,1.0,0.0,0.0,0.0,0.0,0.9002713704206242,0.27999999999999997,0.0,0.9999999999999999,0.0,CompressionPressure,0.9999999999999999
2507,2026-05-13 13:00:00,Pure Unresolved Compression Equilibrium,Unresolved->Unresolved->Unresolved->Unresolved,-1.4428232973175175e-12,0.0,1.0,0.0,0.0,0.0,0.0,0.9002713704206242,0.27999999999999997,0.0,0.9999999999999999,0.0,CompressionPressure,0.9999999999999999
2508,2026-05-13 13:05:00,Pure Unresolved Compression Equilibrium,Unresolved->Unresolved->Unresolved->Unresolved,-1.4428232973175175e-12,0.0,1.0,0.0,0.0,0.0,0.0,0.9002713704206242,0.27999999999999997,0.0,0.9999999999999999,0.0,CompressionPressure,0.9999999999999999
2509,2026-05-13 13:10:00,Pure Unresolved Compression Equilibrium,Unresolved->Unresolved->Unresolved->Unresolved,-1.4428232973175175e-12,0.0,1.0,0.0,0.0,0.0,0.0,0.9002713704206242,0.27999999999999997,0.0,0.9999999999999999,0.0,CompressionPressure,0.9999999999999999
2510,2026-05-13 13:15:00,Pure Unresolved Compression Equilibrium,Unresolved->Unresolved->Unresolved->Unresolved,-1.4428232973175175e-12,0.0,1.0,0.0,0.0,0.0,0.0,0.9002713704206242,0.27999999999999997,0.0,0.9999999999999999,0.0,CompressionPressure,0.9999999999999999
2511,2026-05-13 13:20:00,Pure Unresolved Compression Equilibrium,Unresolved->Unresolved->Unresolved->Unresolved,-1.4428232973175175e-12,0.0,1.0,0.0,0.0,0.0,0.0,0.9002713704206242,0.27999999999999997,0.0,0.9999999999999999,0.0,CompressionPressure,0.9999999999999999
2512,2026-05-13 13:25:00,Pure Unresolved Compression Equilibrium,Unresolved->Unresolved->Unresolved->Unresolved,-1.4428232973175175e-12,0.0,1.0,0.0,0.0,0.0,0.0,0.9002713704206242,0.27999999999999997,0.0,0.9999999999999999,0.0,CompressionPressure,0.9999999999999999
2513,2026-05-13 13:30:00,Pure Unresolved Compression Equilibrium,Unresolved->Unresolved->Unresolved->Unresolved,-1.4428232973175175e-12,0.0,1.0,0.0,0.0,0.0,0.0,0.9002713704206242,0.27999999999999997,0.0,0.9999999999999999,0.0,CompressionPressure,0.9999999999999999
2514,2026-05-13 13:35:00,Pure Unresolved Compression Equilibrium,Unresolved->Unresolved->Unresolved->Unresolved,-1.4428232973175175e-12,0.0,1.0,0.0,0.0,0.0,0.0,0.9002713704206242,0.27999999999999997,0.0,0.9999999999999999,0.0,CompressionPressure,0.9999999999999999
2515,2026-05-13 13:40:00,Pure Unresolved Compression Equilibrium,Unresolved->Unresolved->Unresolved->Unresolved,-1.4428232973175175e-12,0.0,1.0,0.0,0.0,0.0,0.0,0.9002713704206242,0.27999999999999997,0.0,0.9999999999999999,0.0,CompressionPressure,0.9999999999999999
2516,2026-05-13 13:45:00,Pure Unresolved Compression Equilibrium,Unresolved->Unresolved->Unresolved->Unresolved,-1.4428232973175175e-12,0.0,1.0,0.0,0.0,0.0,0.0,0.9002713704206242,0.27999999999999997,0.0,0.9999999999999999,0.0,CompressionPressure,0.9999999999999999
2517,2026-05-13 13:50:00,Pure Unresolved Compression Equilibrium,Unresolved->Unresolved->Unresolved->Unresolved,-1.4428232973175175e-12,0.0,1.0,0.0,0.0,0.0,0.0,0.9002713704206242,0.27999999999999997,0.0,0.9999999999999999,0.0,CompressionPressure,0.9999999999999999
2518,2026-05-13 13:55:00,Pure Unresolved Compression Equilibrium,Unresolved->Unresolved->Unresolved->Unresolved,-1.4428232973175175e-12,0.0,1.0,0.0,0.0,0.0,0.0,0.9002713704206242,0.27999999999999997,0.0,0.9999999999999999,0.0,CompressionPressure,0.9999999999999999
2519,2026-05-13 14:00:00,Pure Unresolved Compression Equilibrium,Unresolved->Unresolved->Unresolved->Unresolved,-1.4428232973175175e-12,0.0,1.0,0.0,0.0,0.0,0.0,0.9002713704206242,0.27999999999999997,0.0,0.9999999999999999,0.0,CompressionPressure,0.9999999999999999
2520,2026-05-14 06:35:00,Pure Unresolved Compression Equilibrium,Unresolved->Unresolved->Unresolved->Unresolved,-1.4428232973175175e-12,0.0,1.0,0.0,0.0,0.0,0.0,0.9002713704206242,0.27999999999999997,0.0,0.9999999999999999,0.0,CompressionPressure,0.9999999999999999
2521,2026-05-14 06:40:00,Pure Unresolved Compression Equilibrium,Unresolved->Unresolved->Unresolved->Unresolved,-1.4428232973175175e-12,0.0,1.0,0.0,0.0,0.0,0.0,0.9002713704206242,0.27999999999999997,0.0,0.9999999999999999,0.0,CompressionPressure,0.9999999999999999
2522,2026-05-14 06:45:00,Pure Unresolved Compression Equilibrium,Unresolved->Unresolved->Unresolved->Unresolved,-1.4428232973175175e-12,0.0,1.0,0.0,0.0,0.0,0.0,0.9002713704206242,0.27999999999999997,0.0,0.9999999999999999,0.0,CompressionPressure,0.9999999999999999
2523,2026-05-14 06:50:00,Pure Unresolved Compression Equilibrium,Unresolved->Unresolved->Unresolved->Unresolved,-1.4428232973175175e-12,0.0,1.0,0.0,0.0,0.0,0.0,0.9002713704206242,0.27999999999999997,0.0,0.9999999999999999,0.0,CompressionPressure,0.9999999999999999
2524,2026-05-14 06:55:00,Pure Unresolved Compression Equilibrium,Unresolved->Unresolved->Unresolved->Unresolved,-1.4428232973175175e-12,0.0,1.0,0.0,0.0,0.0,0.0,0.9002713704206242,0.27999999999999997,0.0,0.9999999999999999,0.0,CompressionPressure,0.9999999999999999
2525,2026-05-14 07:00:00,Pure Unresolved Compression Equilibrium,Unresolved->Unresolved->Unresolved->Unresolved,-1.4428232973175175e-12,0.0,1.0,0.0,0.0,0.0,0.0,0.9002713704206242,0.27999999999999997,0.0,0.9999999999999999,0.0,CompressionPressure,0.9999999999999999
2526,2026-05-14 07:05:00,Pure Unresolved Compression Equilibrium,Unresolved->Unresolved->Unresolved->Unresolved,-1.4428232973175175e-12,0.0,1.0,0.0,0.0,0.0,0.0,0.9002713704206242,0.27999999999999997,0.0,0.9999999999999999,0.0,CompressionPressure,0.9999999999999999
2527,2026-05-14 07:10:00,Pure Unresolved Compression Equilibrium,Unresolved->Unresolved->Unresolved->Unresolved,-1.4428232973175175e-12,0.0,1.0,0.0,0.0,0.0,0.0,0.9002713704206242,0.27999999999999997,0.0,0.9999999999999999,0.0,CompressionPressure,0.9999999999999999
2528,2026-05-14 07:15:00,Pure Unresolved Compression Equilibrium,Unresolved->Unresolved->Unresolved->Unresolved,-1.4428232973175175e-12,0.0,1.0,0.0,0.0,0.0,0.0,0.9002713704206242,0.27999999999999997,0.0,0.9999999999999999,0.0,CompressionPressure,0.9999999999999999
2529,2026-05-14 07:20:00,Pure Unresolved Compression Equilibrium,Unresolved->Unresolved->Unresolved->Unresolved,-1.4428232973175175e-12,0.0,1.0,0.0,0.0,0.0,0.0,0.9002713704206242,0.27999999999999997,0.0,0.9999999999999999,0.0,CompressionPressure,0.9999999999999999
2530,2026-05-14 07:25:00,Pure Unresolved Compression Equilibrium,Unresolved->Unresolved->Unresolved->Unresolved,-1.4428232973175175e-12,0.0,1.0,0.0,0.0,0.0,0.0,0.9002713704206242,0.27999999999999997,0.0,0.9999999999999999,0.0,CompressionPressure,0.9999999999999999
2531,2026-05-14 07:30:00,Pure Unresolved Compression Equilibrium,Unresolved->Unresolved->Unresolved->Unresolved,-1.4428232973175175e-12,0.0,1.0,0.0,0.0,0.0,0.0,0.9002713704206242,0.27999999999999997,0.0,0.9999999999999999,0.0,CompressionPressure,0.9999999999999999
2532,2026-05-14 07:35:00,Pure Unresolved Compression Equilibrium,Unresolved->Unresolved->Unresolved->Unresolved,-1.4428232973175175e-12,0.0,1.0,0.0,0.0,0.0,0.0,0.9002713704206242,0.27999999999999997,0.0,0.9999999999999999,0.0,CompressionPressure,0.9999999999999999
2533,2026-05-14 07:40:00,Pure Unresolved Compression Equilibrium,Unresolved->Unresolved->Unresolved->Unresolved,-1.4428232973175175e-12,0.0,1.0,0.0,0.0,0.0,0.0,0.9002713704206242,0.27999999999999997,0.0,0.9999999999999999,0.0,CompressionPressure,0.9999999999999999
2534,2026-05-14 07:45:00,Directional Continuation / Sponsor Release,Unresolved->Unresolved->Unresolved->Directional,0.4689955935863958,0.1111111111111111,0.9,0.1,1.0,2.5,7.5,0.8625971745550324,0.6493516583474204,0.25781746031746033,0.4512433309564058,0.1478308813351193,DirectionalReleasePressure,0.6493516583474204
2535,2026-05-14 07:50:00,Directional Continuation / Sponsor Release,Unresolved->Unresolved->Directional->Directional,0.7219280948844771,0.1111111111111111,0.8,0.2,1.0,2.5,7.5,0.8249229786894405,0.5806893403551319,0.25781746031746033,0.3937683829586091,0.20315986599407457,DirectionalReleasePressure,0.5806893403551319
2536,2026-05-14 07:55:00,Directional Continuation / Sponsor Release,Unresolved->Directional->Directional->Directional,0.8812908992278072,0.1111111111111111,0.7,0.3,1.0,2.5,7.5,0.7872487828238486,0.532495393571695,0.25781746031746033,0.3421415410204842,0.238020479444178,DirectionalReleasePressure,0.532495393571695
2537,2026-05-14 08:00:00,Directional Continuation / Sponsor Release,Directional->Directional->Directional->Directional,0.9709505944517833,0.1111111111111111,0.6,0.4,1.0,2.5,7.5,0.7495745869582568,0.49954900190811685,0.25781746031746033,0.29487114340231907,0.25763353777442277,DirectionalReleasePressure,0.49954900190811685
2538,2026-05-14 08:05:00,Directional Continuation / Sponsor Release,Directional->Directional->Directional->Directional,0.9999999999971146,0.1111111111111111,0.5,0.5,1.0,2.5,7.5,0.711900391092665,0.47986111111174223,0.25781746031746033,0.25138888888906924,0.263988095237464,DirectionalReleasePressure,0.47986111111174223
2539,2026-05-14 08:10:00,Sponsor Exhaustion Collapse,Directional->Directional->Directional->Degrading,1.360964047439353,0.2222222222222222,0.5,0.6,0.0,9.5,7.5,0.6707171846864408,0.13516230122903564,0.19670634920634922,0.20105085814615156,0.39461564728212034,RotationalPressure,0.39461564728212034
2540,2026-05-14 08:15:00,Sponsor Exhaustion Collapse,Directional->Directional->Degrading->Degrading,1.4854752972230063,0.2222222222222222,0.5,0.7,0.0,9.5,7.5,0.6295339782802165,0.13262940866747466,0.19670634920634922,0.19326890503467323,0.4218524831722945,RotationalPressure,0.4218524831722945
2541,2026-05-14 08:20:00,Directional Continuation / Sponsor Release,Directional->Degrading->Degrading->Directional,1.3709505944503406,0.3333333333333333,0.6,0.8,1.0,9.5,7.5,0.5880545590804778,0.42260455746398806,0.3105952380952381,0.21431558784685373,0.43846687110744054,RotationalPressure,0.43846687110744054
2542,2026-05-14 08:25:00,Directional Continuation / Sponsor Release,Degrading->Degrading->Directional->Directional,1.1567796494427114,0.3333333333333333,0.7,0.9,1.0,9.5,7.5,0.5503803632148859,0.5227877850177403,0.3105952380952381,0.2693679385764972,0.3916169768870217,DirectionalReleasePressure,0.5227877850177403
2543,2026-05-14 08:30:00,Sponsor Exhaustion Collapse,Degrading->Directional->Directional->Degrading,0.8812908992278072,0.3333333333333333,0.7,1.0,1.0,9.5,7.5,0.5089009440151472,0.48244075930180036,0.21059523809523809,0.2865859854649287,0.33135381277751136,DirectionalReleasePressure,0.48244075930180036
2544,2026-05-14 08:35:00,Sponsor Exhaustion Collapse,Directional->Directional->Degrading->Degrading,0.9709505944517833,0.3333333333333333,0.6,1.0,0.0,7.0,0.0,0.5053919334745147,0.19253659511228535,0.16666666666666669,0.23931558784676354,0.3473954425363276,RotationalPressure,0.3473954425363276
2545,2026-05-14 08:40:00,Stable Compression Basin,Directional->Degrading->Degrading->Unresolved,1.360964047439353,0.4444444444444444,0.5,1.0,0.0,7.0,0.0,0.5015867101403678,0.1388567456734801,0.08055555555555555,0.595495302590596,0.4743775520440251,CompressionPressure,0.595495302590596
2546,2026-05-14 08:45:00,Sponsor Exhaustion Collapse,Degrading->Degrading->Unresolved->Degrading,1.360964047439353,0.5555555555555556,0.5,0.9,0.0,13.363999999999999,0.0,0.49807769959973536,0.11970396789570234,0.21717301587301588,0.11771752481281822,0.5251356472821203,RotationalPressure,0.5251356472821203
2547,2026-05-14 08:50:00,Stable Compression Basin,Degrading->Unresolved->Degrading->Unresolved,1.4854752972230063,0.6666666666666666,0.5,0.8,0.0,16.305,0.0,0.5001876933703147,0.0910182975563636,0.14156547619047619,0.5321577939235621,0.5982405784103897,RotationalPressure,0.5982405784103897
2548,2026-05-14 08:55:00,Stable Compression Basin,Unresolved->Degrading->Unresolved->Unresolved,1.4854752972230063,0.5555555555555556,0.5,0.7,0.0,16.305,0.0,0.502297687140894,0.09617107533414135,0.12767658730158732,0.5599355717013399,0.5565739117437231,CompressionPressure,0.5599355717013399
2549,2026-05-14 09:00:00,Stable Compression Basin,Degrading->Unresolved->Unresolved->Unresolved,1.5219280948830343,0.5555555555555556,0.4,0.6,0.0,9.305,0.0,0.5079166914521057,0.0747134913466288,0.1026765873015873,0.5159906051809214,0.5545479612318541,RotationalPressure,0.5545479612318541
2550,2026-05-14 09:05:00,Pure Unresolved Compression Equilibrium,Unresolved->Unresolved->Unresolved->Unresolved,1.8464393446652445,0.5555555555555556,0.4,0.5,0.0,9.305,0.0,0.54909989785833,0.06173611111111111,0.1026765873015873,0.5111111111111111,0.5716261904761905,RotationalPressure,0.5716261904761905
2551,2026-05-14 09:10:00,Pure Unresolved Compression Equilibrium,Unresolved->Unresolved->Unresolved->Unresolved,1.8464393446652445,0.5555555555555556,0.4,0.4,0.0,9.305,0.0,0.5905793170580688,0.05473611111111112,0.1026765873015873,0.5111111111111111,0.5716261904761905,RotationalPressure,0.5716261904761905
2552,2026-05-14 09:15:00,Pure Unresolved Compression Equilibrium,Unresolved->Unresolved->Unresolved->Unresolved,1.5709505944503404,0.4444444444444444,0.4,0.3,0.0,9.305,0.0,0.6282535129236606,0.06211298400128472,0.0887876984126984,0.5407044767357427,0.5236049663455357,CompressionPressure,0.5407044767357427
2553,2026-05-14 09:20:00,Pure Unresolved Compression Equilibrium,Unresolved->Unresolved->Unresolved->Unresolved,1.5219280948830343,0.4444444444444444,0.4,0.2,0.0,9.305,0.0,0.6697329321233993,0.05886626912440659,0.0887876984126984,0.5437683829586993,0.5128812945651875,CompressionPressure,0.5437683829586993
2554,2026-05-14 09:25:00,Pure Unresolved Compression Equilibrium,Unresolved->Unresolved->Unresolved->Unresolved,1.360964047439353,0.3333333333333333,0.5,0.1,0.0,9.305,0.0,0.7109161385296237,0.08800952345125787,0.07489880952380952,0.6232730803683738,0.4360037425202156,CompressionPressure,0.6232730803683738
2555,2026-05-14 09:30:00,Pure Unresolved Compression Equilibrium,Unresolved->Unresolved->Unresolved->Unresolved,1.2954618442339936,0.2222222222222222,0.6,0.0,0.0,9.305,0.0,0.7523955577293624,0.10984398032861264,0.06100992063492063,0.6968114125131533,0.38000846890237655,CompressionPressure,0.6968114125131533
2556,2026-05-14 09:35:00,Pure Unresolved Compression Equilibrium,Unresolved->Unresolved->Unresolved->Unresolved,0.8812908992278072,0.1111111111111111,0.7,0.0,0.0,2.941,0.0,0.7935787641355866,0.1653733877500932,0.024392460317460316,0.7921415410204843,0.23865047944417803,CompressionPressure,0.7921415410204843
2557,2026-05-14 09:40:00,Sponsor Exhaustion Collapse,Unresolved->Unresolved->Unresolved->Degrading,1.1567796494427114,0.2222222222222222,0.7,0.0,0.0,6.364,0.0,0.7879597598243748,0.13212850253398684,0.1505063492063492,0.297145716354275,0.345470310220355,RotationalPressure,0.345470310220355
2558,2026-05-14 09:45:00,Sponsor Exhaustion Collapse,Unresolved->Unresolved->Degrading->Degrading,1.1567796494427114,0.2222222222222222,0.7,0.0,0.0,6.364,0.0,0.7823407555131631,0.13212850253398684,0.1505063492063492,0.297145716354275,0.345470310220355,RotationalPressure,0.345470310220355
2559,2026-05-14 09:50:00,Stable Compression Basin,Unresolved->Degrading->Degrading->Unresolved,1.1567796494427114,0.2222222222222222,0.7,0.0,0.0,9.305,0.0,0.7823407555131631,0.13212850253398684,0.06100992063492063,0.747145716354275,0.3496717387917836,CompressionPressure,0.747145716354275
2560,2026-05-14 09:55:00,Stable Compression Basin,Degrading->Degrading->Unresolved->Unresolved,1.3709505944503406,0.2222222222222222,0.6,0.0,0.0,9.305,0.0,0.7467765534181506,0.10406437289017358,0.06100992063492063,0.6920933656246315,0.39652163301220245,CompressionPressure,0.6920933656246315
2561,2026-05-14 10:00:00,Stable Compression Basin,Degrading->Unresolved->Unresolved->Unresolved,1.4854752972230063,0.2222222222222222,0.5,0.0,0.0,9.305,0.0,0.7112123513231381,0.08362940866747469,0.06100992063492063,0.6432689050346733,0.4215739117437231,CompressionPressure,0.6432689050346733
2562,2026-05-14 10:05:00,Pure Unresolved Compression Equilibrium,Unresolved->Unresolved->Unresolved->Unresolved,1.4854752972230063,0.3333333333333333,0.5,0.0,0.0,9.305,0.0,0.7112123513231381,0.07147663088969691,0.07489880952380952,0.6154911272568955,0.4632405784103898,CompressionPressure,0.6154911272568955
2563,2026-05-14 10:10:00,Pure Unresolved Compression Equilibrium,Unresolved->Unresolved->Unresolved->Unresolved,1.4854752972230063,0.3333333333333333,0.5,0.0,0.0,9.305,0.0,0.7112123513231381,0.07147663088969691,0.07489880952380952,0.6154911272568955,0.4632405784103898,CompressionPressure,0.6154911272568955
2564,2026-05-14 10:15:00,Pure Unresolved Compression Equilibrium,Unresolved->Unresolved->Unresolved->Unresolved,1.4854752972230063,0.3333333333333333,0.5,0.0,0.0,9.305,0.0,0.7112123513231381,0.07147663088969691,0.07489880952380952,0.6154911272568955,0.4632405784103898,CompressionPressure,0.6154911272568955
2565,2026-05-14 10:20:00,Sponsor Exhaustion Collapse,Unresolved->Unresolved->Unresolved->Degrading,1.5709505944503404,0.4444444444444444,0.4,0.0,0.0,15.669,0.0,0.6700291449169138,0.04111298400128472,0.21151626984126984,0.09070447673574264,0.5326963949169643,RotationalPressure,0.5326963949169643
2566,2026-05-14 10:25:00,Sponsor Exhaustion Collapse,Unresolved->Unresolved->Degrading->Degrading,1.5709505944503404,0.3333333333333333,0.4,0.0,0.0,15.669,0.0,0.6288459385106896,0.0532657617790625,0.19762738095238097,0.11848225451352042,0.49102972825029767,RotationalPressure,0.49102972825029767
2567,2026-05-14 10:30:00,Stable Compression Basin,Unresolved->Degrading->Degrading->Unresolved,1.5709505944503404,0.4444444444444444,0.4,0.0,0.0,12.245999999999999,0.0,0.6344649428219015,0.04111298400128472,0.09929126984126983,0.5407044767357427,0.5278063949169642,CompressionPressure,0.5407044767357427
2568,2026-05-14 10:35:00,Unstable Rotational Balance,Degrading->Degrading->Unresolved->Balance,1.8464393446652445,0.4444444444444444,0.4,0.0,0.0,18.562,0.0,0.6372083137733648,0.038888888888888896,0.1218484126984127,0.0888888888888889,0.7931838095238095,RotationalPressure,0.7931838095238095
2569,2026-05-14 10:40:00,Stable Compression Basin,Degrading->Unresolved->Balance->Unresolved,1.8464393446652445,0.5555555555555556,0.4,0.0,0.0,17.726,0.0,0.6372083137733647,0.026736111111111113,0.13275158730158731,0.5111111111111111,0.5836561904761904,RotationalPressure,0.5836561904761904
2570,2026-05-14 10:45:00,Stable Compression Basin,Unresolved->Balance->Unresolved->Unresolved,1.8464393446652445,0.5555555555555556,0.4,0.0,0.0,17.726,0.0,0.6372083137733647,0.026736111111111113,0.13275158730158731,0.5111111111111111,0.5836561904761904,RotationalPressure,0.5836561904761904
2571,2026-05-14 10:50:00,Stable Compression Basin,Balance->Unresolved->Unresolved->Unresolved,1.8464393446652445,0.4444444444444444,0.4,0.0,0.0,17.726,0.0,0.6372083137733648,0.038888888888888896,0.1188626984126984,0.538888888888889,0.5419895238095237,RotationalPressure,0.5419895238095237
2572,2026-05-14 10:55:00,Pure Unresolved Compression Equilibrium,Unresolved->Unresolved->Unresolved->Unresolved,1.8464393446652445,0.5555555555555556,0.4,0.0,0.0,17.726,0.0,0.6372083137733648,0.026736111111111113,0.13275158730158731,0.5111111111111111,0.5836561904761904,RotationalPressure,0.5836561904761904
2573,2026-05-14 11:00:00,Pure Unresolved Compression Equilibrium,Unresolved->Unresolved->Unresolved->Unresolved,1.8464393446652445,0.5555555555555556,0.4,0.0,0.0,17.726,0.0,0.6372083137733647,0.026736111111111113,0.13275158730158731,0.5111111111111111,0.5836561904761904,RotationalPressure,0.5836561904761904
2574,2026-05-14 11:05:00,Pure Unresolved Compression Equilibrium,Unresolved->Unresolved->Unresolved->Unresolved,1.8464393446652445,0.4444444444444444,0.4,0.0,0.0,17.726,0.0,0.6372083137733647,0.038888888888888896,0.1188626984126984,0.538888888888889,0.5419895238095237,RotationalPressure,0.5419895238095237
2575,2026-05-14 11:10:00,Pure Unresolved Compression Equilibrium,Unresolved->Unresolved->Unresolved->Unresolved,1.7219280948815914,0.4444444444444444,0.4,0.0,0.0,11.361999999999998,0.0,0.678391520179589,0.038888888888888896,0.09613412698412697,0.538888888888889,0.5328980952380952,CompressionPressure,0.538888888888889
2576,2026-05-14 11:15:00,Pure Unresolved Compression Equilibrium,Unresolved->Unresolved->Unresolved->Unresolved,1.360964047439353,0.3333333333333333,0.5,0.0,0.0,11.361999999999998,0.0,0.7195747265858132,0.08100952345125786,0.0822452380952381,0.6232730803683738,0.438942313948787,CompressionPressure,0.6232730803683738
2577,2026-05-14 11:20:00,Pure Unresolved Compression Equilibrium,Unresolved->Unresolved->Unresolved->Unresolved,1.2954618442339936,0.2222222222222222,0.6,0.0,0.0,8.421,0.0,0.7551389286808258,0.10984398032861264,0.057852777777777774,0.6968114125131533,0.3787456117595194,CompressionPressure,0.6968114125131533
2578,2026-05-14 11:25:00,Pure Unresolved Compression Equilibrium,Unresolved->Unresolved->Unresolved->Unresolved,0.8812908992278072,0.1111111111111111,0.7,0.0,0.0,2.105,0.0,0.7935787641355866,0.1653733877500932,0.02140674603174603,0.7921415410204843,0.2374561937298923,CompressionPressure,0.7921415410204843
2579,2026-05-14 11:30:00,Pure Unresolved Compression Equilibrium,Unresolved->Unresolved->Unresolved->Unresolved,0.7219280948844771,0.1111111111111111,0.8,0.0,0.0,0.0,0.0,0.829142966230599,0.18924126912429612,0.013888888888888888,0.8437683829586091,0.199588437422646,CompressionPressure,0.8437683829586091
2580,2026-05-14 11:35:00,Pure Unresolved Compression Equilibrium,Unresolved->Unresolved->Unresolved->Unresolved,0.4689955935863958,0.1111111111111111,0.9,0.0,0.0,0.0,0.0,0.8647071683256116,0.2202730804215971,0.013888888888888888,0.9012433309564057,0.14425945276369073,CompressionPressure,0.9012433309564057
2581,2026-05-14 11:40:00,Pure Unresolved Compression Equilibrium,Unresolved->Unresolved->Unresolved->Unresolved,-1.4428232973175175e-12,0.0,1.0,0.0,0.0,0.0,0.0,0.9002713704206242,0.27999999999999997,0.0,0.9999999999999999,0.0,CompressionPressure,0.9999999999999999
2582,2026-05-14 11:45:00,Pure Unresolved Compression Equilibrium,Unresolved->Unresolved->Unresolved->Unresolved,-1.4428232973175175e-12,0.0,1.0,0.0,0.0,0.0,0.0,0.9002713704206242,0.27999999999999997,0.0,0.9999999999999999,0.0,CompressionPressure,0.9999999999999999
2583,2026-05-14 11:50:00,Pure Unresolved Compression Equilibrium,Unresolved->Unresolved->Unresolved->Unresolved,-1.4428232973175175e-12,0.0,1.0,0.0,0.0,0.0,0.0,0.9002713704206242,0.27999999999999997,0.0,0.9999999999999999,0.0,CompressionPressure,0.9999999999999999
2584,2026-05-14 11:55:00,Pure Unresolved Compression Equilibrium,Unresolved->Unresolved->Unresolved->Unresolved,-1.4428232973175175e-12,0.0,1.0,0.0,0.0,0.0,0.0,0.9002713704206242,0.27999999999999997,0.0,0.9999999999999999,0.0,CompressionPressure,0.9999999999999999
2585,2026-05-14 12:00:00,Pure Unresolved Compression Equilibrium,Unresolved->Unresolved->Unresolved->Unresolved,-1.4428232973175175e-12,0.0,1.0,0.0,0.0,0.0,0.0,0.9002713704206242,0.27999999999999997,0.0,0.9999999999999999,0.0,CompressionPressure,0.9999999999999999
2586,2026-05-14 12:05:00,Pure Unresolved Compression Equilibrium,Unresolved->Unresolved->Unresolved->Unresolved,-1.4428232973175175e-12,0.0,1.0,0.0,0.0,0.0,0.0,0.9002713704206242,0.27999999999999997,0.0,0.9999999999999999,0.0,CompressionPressure,0.9999999999999999
2587,2026-05-14 12:10:00,Pure Unresolved Compression Equilibrium,Unresolved->Unresolved->Unresolved->Unresolved,-1.4428232973175175e-12,0.0,1.0,0.0,0.0,0.0,0.0,0.9002713704206242,0.27999999999999997,0.0,0.9999999999999999,0.0,CompressionPressure,0.9999999999999999
2588,2026-05-14 12:15:00,Pure Unresolved Compression Equilibrium,Unresolved->Unresolved->Unresolved->Unresolved,-1.4428232973175175e-12,0.0,1.0,0.0,0.0,0.0,0.0,0.9002713704206242,0.27999999999999997,0.0,0.9999999999999999,0.0,CompressionPressure,0.9999999999999999
2589,2026-05-14 12:20:00,Pure Unresolved Compression Equilibrium,Unresolved->Unresolved->Unresolved->Unresolved,-1.4428232973175175e-12,0.0,1.0,0.0,0.0,0.0,0.0,0.9002713704206242,0.27999999999999997,0.0,0.9999999999999999,0.0,CompressionPressure,0.9999999999999999
2590,2026-05-14 12:25:00,Pure Unresolved Compression Equilibrium,Unresolved->Unresolved->Unresolved->Unresolved,-1.4428232973175175e-12,0.0,1.0,0.0,0.0,0.0,0.0,0.9002713704206242,0.27999999999999997,0.0,0.9999999999999999,0.0,CompressionPressure,0.9999999999999999
2591,2026-05-14 12:30:00,Pure Unresolved Compression Equilibrium,Unresolved->Unresolved->Unresolved->Unresolved,-1.4428232973175175e-12,0.0,1.0,0.0,0.0,0.0,0.0,0.9002713704206242,0.27999999999999997,0.0,0.9999999999999999,0.0,CompressionPressure,0.9999999999999999
2592,2026-05-14 12:35:00,Pure Unresolved Compression Equilibrium,Unresolved->Unresolved->Unresolved->Unresolved,-1.4428232973175175e-12,0.0,1.0,0.0,0.0,0.0,0.0,0.9002713704206242,0.27999999999999997,0.0,0.9999999999999999,0.0,CompressionPressure,0.9999999999999999
2593,2026-05-14 12:40:00,Pure Unresolved Compression Equilibrium,Unresolved->Unresolved->Unresolved->Unresolved,-1.4428232973175175e-12,0.0,1.0,0.0,0.0,0.0,0.0,0.9002713704206242,0.27999999999999997,0.0,0.9999999999999999,0.0,CompressionPressure,0.9999999999999999
2594,2026-05-14 12:45:00,Pure Unresolved Compression Equilibrium,Unresolved->Unresolved->Unresolved->Unresolved,-1.4428232973175175e-12,0.0,1.0,0.0,0.0,0.0,0.0,0.9002713704206242,0.27999999999999997,0.0,0.9999999999999999,0.0,CompressionPressure,0.9999999999999999
2595,2026-05-14 12:50:00,Pure Unresolved Compression Equilibrium,Unresolved->Unresolved->Unresolved->Unresolved,-1.4428232973175175e-12,0.0,1.0,0.0,0.0,0.0,0.0,0.9002713704206242,0.27999999999999997,0.0,0.9999999999999999,0.0,CompressionPressure,0.9999999999999999
2596,2026-05-14 12:55:00,Pure Unresolved Compression Equilibrium,Unresolved->Unresolved->Unresolved->Unresolved,-1.4428232973175175e-12,0.0,1.0,0.0,0.0,0.0,0.0,0.9002713704206242,0.27999999999999997,0.0,0.9999999999999999,0.0,CompressionPressure,0.9999999999999999
2597,2026-05-14 13:00:00,Pure Unresolved Compression Equilibrium,Unresolved->Unresolved->Unresolved->Unresolved,-1.4428232973175175e-12,0.0,1.0,0.0,0.0,0.0,0.0,0.9002713704206242,0.27999999999999997,0.0,0.9999999999999999,0.0,CompressionPressure,0.9999999999999999
2598,2026-05-14 13:05:00,Pure Unresolved Compression Equilibrium,Unresolved->Unresolved->Unresolved->Unresolved,-1.4428232973175175e-12,0.0,1.0,0.0,0.0,0.0,0.0,0.9002713704206242,0.27999999999999997,0.0,0.9999999999999999,0.0,CompressionPressure,0.9999999999999999
2599,2026-05-14 13:10:00,Pure Unresolved Compression Equilibrium,Unresolved->Unresolved->Unresolved->Unresolved,-1.4428232973175175e-12,0.0,1.0,0.0,0.0,0.0,0.0,0.9002713704206242,0.27999999999999997,0.0,0.9999999999999999,0.0,CompressionPressure,0.9999999999999999
2600,2026-05-14 13:15:00,Pure Unresolved Compression Equilibrium,Unresolved->Unresolved->Unresolved->Unresolved,-1.4428232973175175e-12,0.0,1.0,0.0,0.0,0.0,0.0,0.9002713704206242,0.27999999999999997,0.0,0.9999999999999999,0.0,CompressionPressure,0.9999999999999999
2601,2026-05-14 13:20:00,Pure Unresolved Compression Equilibrium,Unresolved->Unresolved->Unresolved->Unresolved,-1.4428232973175175e-12,0.0,1.0,0.0,0.0,0.0,0.0,0.9002713704206242,0.27999999999999997,0.0,0.9999999999999999,0.0,CompressionPressure,0.9999999999999999
2602,2026-05-14 13:25:00,Directional Continuation / Sponsor Release,Unresolved->Unresolved->Unresolved->Directional,0.4689955935863958,0.1111111111111111,0.9,0.1,1.0,2.5,7.5,0.8625971745550324,0.6493516583474204,0.25781746031746033,0.4512433309564058,0.1478308813351193,DirectionalReleasePressure,0.6493516583474204
2603,2026-05-14 13:30:00,Sponsor Exhaustion Collapse,Unresolved->Unresolved->Directional->Degrading,0.9219280948830342,0.2222222222222222,0.8,0.2,1.0,9.5,7.5,0.821413968148808,0.4017736945065802,0.19670634920634922,0.35349060518092146,0.2985765326604256,DirectionalReleasePressure,0.4017736945065802
2604,2026-05-14 13:35:00,Sponsor Exhaustion Collapse,Unresolved->Directional->Degrading->Balance,1.1567796494427114,0.2222222222222222,0.7,0.3,1.0,9.5,7.5,0.7799345489490693,0.35000800579196994,0.19670634920634922,0.297145716354275,0.349950310220355,DirectionalReleasePressure,0.35000800579196994
2605,2026-05-14 13:40:00,Unstable Rotational Balance,Directional->Degrading->Balance->Balance,1.5709505944488977,0.3333333333333333,0.6,0.4,0.0,9.5,7.5,0.7384551297493305,0.10459909511250629,0.11059523809523808,0.20181558784694392,0.7322168711071249,RotationalPressure,0.7322168711071249
2606,2026-05-14 13:45:00,Stable Compression Basin,Degrading->Balance->Balance->Unresolved,1.9609640474364676,0.4444444444444444,0.5,0.4,0.0,9.5,7.5,0.6969757105495917,0.07855555555555556,0.12448412698412697,0.5805555555555556,0.5302380952380952,CompressionPressure,0.5805555555555556
2607,2026-05-14 13:50:00,Stable Compression Basin,Balance->Balance->Unresolved->Unresolved,2.1219280948801487,0.4444444444444444,0.4,0.4,0.0,9.5,7.5,0.6614115084545793,0.0668888888888889,0.12448412698412697,0.538888888888889,0.5302380952380952,CompressionPressure,0.538888888888889
2608,2026-05-14 13:55:00,Unstable Rotational Balance,Balance->Unresolved->Unresolved->Balance,2.246439344663802,0.5555555555555556,0.3,0.4,0.0,15.815999999999999,7.5,0.6229716729998185,0.05473611111111112,0.16093015873015873,0.061111111111111116,0.830927619047619,RotationalPressure,0.830927619047619
2609,2026-05-14 14:00:00,Stable Compression Basin,Unresolved->Unresolved->Balance->Unresolved,2.246439344663802,0.6666666666666666,0.3,0.4,0.0,17.921,7.5,0.5874074709048059,0.04258333333333334,0.18233690476190473,0.4833333333333334,0.6256014285714285,RotationalPressure,0.6256014285714285
2610,2026-05-15 06:35:00,Stable Compression Basin,Unresolved->Balance->Unresolved->Unresolved,2.1219280948801487,0.6666666666666666,0.4,0.4,0.0,17.921,7.5,0.5518432688097935,0.04258333333333334,0.18233690476190473,0.4833333333333334,0.6256014285714285,RotationalPressure,0.6256014285714285
2611,2026-05-15 06:40:00,Stable Compression Basin,Balance->Unresolved->Unresolved->Unresolved,1.7609640474379105,0.5555555555555556,0.5,0.4,0.0,17.921,7.5,0.516279066714781,0.06640277777777778,0.16844801587301586,0.5527777777777778,0.5839347619047619,RotationalPressure,0.5839347619047619
2612,2026-05-15 06:45:00,Unstable Rotational Balance,Unresolved->Unresolved->Unresolved->Balance,1.4854752972230063,0.5555555555555556,0.5,0.3,0.0,21.737,0.0,0.515513427125612,0.06817107533414136,0.1470765873015873,0.10993557170133988,0.814333911743723,RotationalPressure,0.814333911743723
2613,2026-05-15 06:50:00,Stable Compression Basin,Unresolved->Unresolved->Balance->Unresolved,1.2954618442339936,0.6666666666666666,0.6,0.2,0.0,16.842000000000002,0.0,0.5211324314368238,0.07523286921750154,0.14348333333333335,0.5857003014020421,0.557442278426186,CompressionPressure,0.5857003014020421
2614,2026-05-15 06:55:00,Stable Compression Basin,Unresolved->Balance->Unresolved->Unresolved,0.8812908992278072,0.5555555555555556,0.7,0.1,0.0,16.842000000000002,0.0,0.5270476485415501,0.12376227663898212,0.12959444444444446,0.6810304299093731,0.42517571753941613,CompressionPressure,0.6810304299093731
2615,2026-05-15 07:00:00,Stable Compression Basin,Balance->Unresolved->Unresolved->Unresolved,0.7219280948844771,0.4444444444444444,0.8,0.0,0.0,16.842,0.0,0.5329628656462763,0.1527829357909628,0.11570555555555555,0.7604350496252757,0.34864843742264595,CompressionPressure,0.7604350496252757
2616,2026-05-15 07:05:00,Unstable Rotational Balance,Unresolved->Unresolved->Unresolved->Balance,0.8812908992278072,0.5555555555555556,0.7,0.0,0.0,23.157999999999998,0.0,0.5360024493912542,0.11676227663898212,0.1521515873015873,0.23103042990937314,0.6841985746822733,RotationalPressure,0.6841985746822733
2617,2026-05-15 07:10:00,Unstable Rotational Balance,Unresolved->Unresolved->Balance->Balance,0.9709505944517833,0.4444444444444444,0.6,0.0,0.0,23.157999999999998,0.0,0.5331268160315059,0.11038381733450757,0.1382626984126984,0.21153781006898575,0.6621449663458514,RotationalPressure,0.6621449663458514
2618,2026-05-15 07:15:00,Stable Compression Basin,Unresolved->Balance->Balance->Unresolved,0.8812908992278072,0.4444444444444444,0.7,0.0,0.0,18.947,0.0,0.5360024493912542,0.12891505441675988,0.1232234126984127,0.7088082076871509,0.38651619372989227,CompressionPressure,0.7088082076871509
2619,2026-05-15 07:20:00,Stable Compression Basin,Balance->Balance->Unresolved->Unresolved,0.8812908992278072,0.4444444444444444,0.7,0.0,0.0,16.842000000000002,0.0,0.5360024493912542,0.12891505441675988,0.11570555555555556,0.7088082076871509,0.38350905087274945,CompressionPressure,0.7088082076871509
2620,2026-05-15 07:25:00,Stable Compression Basin,Balance->Unresolved->Unresolved->Unresolved,0.8812908992278072,0.4444444444444444,0.7,0.0,0.0,16.842,0.0,0.5360024493912542,0.12891505441675988,0.11570555555555555,0.7088082076871509,0.38350905087274945,CompressionPressure,0.7088082076871509
2621,2026-05-15 07:30:00,Pure Unresolved Compression Equilibrium,Unresolved->Unresolved->Unresolved->Unresolved,1.2954618442339936,0.4444444444444444,0.6,0.0,0.0,16.842,0.0,0.5715666514862667,0.08553842477305709,0.11570555555555555,0.6412558569575977,0.47410894509285273,CompressionPressure,0.6412558569575977
2622,2026-05-15 07:35:00,Pure Unresolved Compression Equilibrium,Unresolved->Unresolved->Unresolved->Unresolved,1.3709505944503406,0.3333333333333333,0.6,0.0,0.0,10.526,0.0,0.6100064869410275,0.0919115951123958,0.07925952380952381,0.6643155878468537,0.43993258539315483,CompressionPressure,0.6643155878468537
2623,2026-05-15 07:40:00,Pure Unresolved Compression Equilibrium,Unresolved->Unresolved->Unresolved->Unresolved,1.4854752972230063,0.3333333333333333,0.5,0.0,0.0,8.421,0.0,0.64557068903604,0.07147663088969691,0.07174166666666666,0.6154911272568955,0.4619777212675326,CompressionPressure,0.6154911272568955
2624,2026-05-15 07:45:00,Pure Unresolved Compression Equilibrium,Unresolved->Unresolved->Unresolved->Unresolved,1.5219280948830343,0.3333333333333333,0.4,0.0,0.0,8.421,0.0,0.6811348911310524,0.05701904690218436,0.07174166666666666,0.571546160736477,0.4699517707556637,CompressionPressure,0.571546160736477
2625,2026-05-15 07:50:00,Pure Unresolved Compression Equilibrium,Unresolved->Unresolved->Unresolved->Unresolved,1.4854752972230063,0.2222222222222222,0.5,0.0,0.0,8.421,0.0,0.716699093226065,0.08362940866747469,0.057852777777777774,0.6432689050346733,0.42031105460086593,CompressionPressure,0.6432689050346733
2626,2026-05-15 07:55:00,Pure Unresolved Compression Equilibrium,Unresolved->Unresolved->Unresolved->Unresolved,1.2954618442339936,0.2222222222222222,0.6,0.0,0.0,2.105,0.0,0.7551389286808258,0.10984398032861264,0.03529563492063492,0.6968114125131533,0.36972275461666226,CompressionPressure,0.6968114125131533
2627,2026-05-15 08:00:00,Pure Unresolved Compression Equilibrium,Unresolved->Unresolved->Unresolved->Unresolved,0.8812908992278072,0.1111111111111111,0.7,0.0,0.0,2.105,0.0,0.7935787641355866,0.1653733877500932,0.02140674603174603,0.7921415410204843,0.2374561937298923,CompressionPressure,0.7921415410204843
2628,2026-05-15 08:05:00,Pure Unresolved Compression Equilibrium,Unresolved->Unresolved->Unresolved->Unresolved,0.7219280948844771,0.1111111111111111,0.8,0.0,0.0,0.0,0.0,0.829142966230599,0.18924126912429612,0.013888888888888888,0.8437683829586091,0.199588437422646,CompressionPressure,0.8437683829586091
2629,2026-05-15 08:10:00,Pure Unresolved Compression Equilibrium,Unresolved->Unresolved->Unresolved->Unresolved,0.4689955935863958,0.1111111111111111,0.9,0.0,0.0,0.0,0.0,0.8647071683256116,0.2202730804215971,0.013888888888888888,0.9012433309564057,0.14425945276369073,CompressionPressure,0.9012433309564057
2630,2026-05-15 08:15:00,Pure Unresolved Compression Equilibrium,Unresolved->Unresolved->Unresolved->Unresolved,-1.4428232973175175e-12,0.0,1.0,0.0,0.0,0.0,0.0,0.9002713704206242,0.27999999999999997,0.0,0.9999999999999999,0.0,CompressionPressure,0.9999999999999999
2631,2026-05-15 08:20:00,Unstable Rotational Balance,Unresolved->Unresolved->Unresolved->Balance,0.4689955935863958,0.1111111111111111,0.9,0.0,0.0,6.316,0.0,0.8618315349658634,0.2202730804215971,0.03644603174603174,0.4512433309564058,0.4032823099065479,CompressionPressure,0.4512433309564058
2632,2026-05-15 08:25:00,Unstable Rotational Balance,Unresolved->Unresolved->Balance->Balance,0.7219280948844771,0.1111111111111111,0.8,0.0,0.0,6.316,0.0,0.8233916995111026,0.18924126912429612,0.03644603174603174,0.3937683829586091,0.45861129456550315,RotationalPressure,0.45861129456550315
2633,2026-05-15 08:30:00,Stable Compression Basin,Unresolved->Balance->Balance->Unresolved,1.1567796494427114,0.2222222222222222,0.7,0.0,0.0,8.421,0.0,0.7878274974160899,0.13212850253398684,0.057852777777777774,0.747145716354275,0.3484088816489264,CompressionPressure,0.747145716354275
2634,2026-05-15 08:35:00,Stable Compression Basin,Balance->Balance->Unresolved->Unresolved,1.3709505944503406,0.2222222222222222,0.6,0.0,0.0,8.421,0.0,0.7522632953210775,0.10406437289017358,0.057852777777777774,0.6920933656246315,0.39525877586934527,CompressionPressure,0.6920933656246315
2635,2026-05-15 08:40:00,Stable Compression Basin,Balance->Unresolved->Unresolved->Unresolved,1.4854752972230063,0.2222222222222222,0.5,0.0,0.0,8.421,0.0,0.716699093226065,0.08362940866747469,0.057852777777777774,0.6432689050346733,0.42031105460086593,CompressionPressure,0.6432689050346733
2636,2026-05-15 08:45:00,Pure Unresolved Compression Equilibrium,Unresolved->Unresolved->Unresolved->Unresolved,1.4854752972230063,0.3333333333333333,0.5,0.0,0.0,8.421,0.0,0.716699093226065,0.07147663088969691,0.07174166666666666,0.6154911272568955,0.4619777212675326,CompressionPressure,0.6154911272568955
2637,2026-05-15 08:50:00,Pure Unresolved Compression Equilibrium,Unresolved->Unresolved->Unresolved->Unresolved,1.4854752972230063,0.3333333333333333,0.5,0.0,0.0,8.421,0.0,0.716699093226065,0.07147663088969691,0.07174166666666666,0.6154911272568955,0.4619777212675326,CompressionPressure,0.6154911272568955
2638,2026-05-15 08:55:00,Pure Unresolved Compression Equilibrium,Unresolved->Unresolved->Unresolved->Unresolved,1.4854752972230063,0.3333333333333333,0.5,0.0,0.0,8.421,0.0,0.716699093226065,0.07147663088969691,0.07174166666666666,0.6154911272568955,0.4619777212675326,CompressionPressure,0.6154911272568955
2639,2026-05-15 09:00:00,Pure Unresolved Compression Equilibrium,Unresolved->Unresolved->Unresolved->Unresolved,1.4854752972230063,0.3333333333333333,0.5,0.0,0.0,8.421,0.0,0.716699093226065,0.07147663088969691,0.07174166666666666,0.6154911272568955,0.4619777212675326,CompressionPressure,0.6154911272568955
2640,2026-05-15 09:05:00,Pure Unresolved Compression Equilibrium,Unresolved->Unresolved->Unresolved->Unresolved,1.4854752972230063,0.2222222222222222,0.5,0.0,0.0,8.421,0.0,0.716699093226065,0.08362940866747469,0.057852777777777774,0.6432689050346733,0.42031105460086593,CompressionPressure,0.6432689050346733
2641,2026-05-15 09:10:00,Pure Unresolved Compression Equilibrium,Unresolved->Unresolved->Unresolved->Unresolved,1.2954618442339936,0.2222222222222222,0.6,0.0,0.0,2.105,0.0,0.7551389286808258,0.10984398032861264,0.03529563492063492,0.6968114125131533,0.36972275461666226,CompressionPressure,0.6968114125131533
2642,2026-05-15 09:15:00,Pure Unresolved Compression Equilibrium,Unresolved->Unresolved->Unresolved->Unresolved,0.8812908992278072,0.1111111111111111,0.7,0.0,0.0,2.105,0.0,0.7935787641355866,0.1653733877500932,0.02140674603174603,0.7921415410204843,0.2374561937298923,CompressionPressure,0.7921415410204843
2643,2026-05-15 09:20:00,Pure Unresolved Compression Equilibrium,Unresolved->Unresolved->Unresolved->Unresolved,0.7219280948844771,0.1111111111111111,0.8,0.0,0.0,0.0,0.0,0.829142966230599,0.18924126912429612,0.013888888888888888,0.8437683829586091,0.199588437422646,CompressionPressure,0.8437683829586091
2644,2026-05-15 09:25:00,Pure Unresolved Compression Equilibrium,Unresolved->Unresolved->Unresolved->Unresolved,0.4689955935863958,0.1111111111111111,0.9,0.0,0.0,0.0,0.0,0.8647071683256116,0.2202730804215971,0.013888888888888888,0.9012433309564057,0.14425945276369073,CompressionPressure,0.9012433309564057
2645,2026-05-15 09:30:00,Pure Unresolved Compression Equilibrium,Unresolved->Unresolved->Unresolved->Unresolved,-1.4428232973175175e-12,0.0,1.0,0.0,0.0,0.0,0.0,0.9002713704206242,0.27999999999999997,0.0,0.9999999999999999,0.0,CompressionPressure,0.9999999999999999
2646,2026-05-15 09:35:00,Pure Unresolved Compression Equilibrium,Unresolved->Unresolved->Unresolved->Unresolved,-1.4428232973175175e-12,0.0,1.0,0.0,0.0,0.0,0.0,0.9002713704206242,0.27999999999999997,0.0,0.9999999999999999,0.0,CompressionPressure,0.9999999999999999
2647,2026-05-15 09:40:00,Pure Unresolved Compression Equilibrium,Unresolved->Unresolved->Unresolved->Unresolved,-1.4428232973175175e-12,0.0,1.0,0.0,0.0,0.0,0.0,0.9002713704206242,0.27999999999999997,0.0,0.9999999999999999,0.0,CompressionPressure,0.9999999999999999
2648,2026-05-15 09:45:00,Pure Unresolved Compression Equilibrium,Unresolved->Unresolved->Unresolved->Unresolved,-1.4428232973175175e-12,0.0,1.0,0.0,0.0,0.0,0.0,0.9002713704206242,0.27999999999999997,0.0,0.9999999999999999,0.0,CompressionPressure,0.9999999999999999
2649,2026-05-15 09:50:00,Pure Unresolved Compression Equilibrium,Unresolved->Unresolved->Unresolved->Unresolved,-1.4428232973175175e-12,0.0,1.0,0.0,0.0,0.0,0.0,0.9002713704206242,0.27999999999999997,0.0,0.9999999999999999,0.0,CompressionPressure,0.9999999999999999
2650,2026-05-15 09:55:00,Pure Unresolved Compression Equilibrium,Unresolved->Unresolved->Unresolved->Unresolved,-1.4428232973175175e-12,0.0,1.0,0.0,0.0,0.0,0.0,0.9002713704206242,0.27999999999999997,0.0,0.9999999999999999,0.0,CompressionPressure,0.9999999999999999
2651,2026-05-15 10:00:00,Pure Unresolved Compression Equilibrium,Unresolved->Unresolved->Unresolved->Unresolved,-1.4428232973175175e-12,0.0,1.0,0.0,0.0,0.0,0.0,0.9002713704206242,0.27999999999999997,0.0,0.9999999999999999,0.0,CompressionPressure,0.9999999999999999
2652,2026-05-15 10:05:00,Pure Unresolved Compression Equilibrium,Unresolved->Unresolved->Unresolved->Unresolved,-1.4428232973175175e-12,0.0,1.0,0.0,0.0,0.0,0.0,0.9002713704206242,0.27999999999999997,0.0,0.9999999999999999,0.0,CompressionPressure,0.9999999999999999
2653,2026-05-15 10:10:00,Pure Unresolved Compression Equilibrium,Unresolved->Unresolved->Unresolved->Unresolved,-1.4428232973175175e-12,0.0,1.0,0.0,0.0,0.0,0.0,0.9002713704206242,0.27999999999999997,0.0,0.9999999999999999,0.0,CompressionPressure,0.9999999999999999
2654,2026-05-15 10:15:00,Pure Unresolved Compression Equilibrium,Unresolved->Unresolved->Unresolved->Unresolved,-1.4428232973175175e-12,0.0,1.0,0.0,0.0,0.0,0.0,0.9002713704206242,0.27999999999999997,0.0,0.9999999999999999,0.0,CompressionPressure,0.9999999999999999
2655,2026-05-15 10:20:00,Pure Unresolved Compression Equilibrium,Unresolved->Unresolved->Unresolved->Unresolved,-1.4428232973175175e-12,0.0,1.0,0.0,0.0,0.0,0.0,0.9002713704206242,0.27999999999999997,0.0,0.9999999999999999,0.0,CompressionPressure,0.9999999999999999
2656,2026-05-15 10:25:00,Pure Unresolved Compression Equilibrium,Unresolved->Unresolved->Unresolved->Unresolved,-1.4428232973175175e-12,0.0,1.0,0.0,0.0,0.0,0.0,0.9002713704206242,0.27999999999999997,0.0,0.9999999999999999,0.0,CompressionPressure,0.9999999999999999
2657,2026-05-15 10:30:00,Pure Unresolved Compression Equilibrium,Unresolved->Unresolved->Unresolved->Unresolved,-1.4428232973175175e-12,0.0,1.0,0.0,0.0,0.0,0.0,0.9002713704206242,0.27999999999999997,0.0,0.9999999999999999,0.0,CompressionPressure,0.9999999999999999
2658,2026-05-15 10:35:00,Directional Continuation / Sponsor Release,Unresolved->Unresolved->Unresolved->Directional,0.4689955935863958,0.1111111111111111,0.9,0.1,1.0,2.5,7.5,0.8625971745550324,0.6493516583474204,0.25781746031746033,0.4512433309564058,0.1478308813351193,DirectionalReleasePressure,0.6493516583474204
2659,2026-05-15 10:40:00,Unstable Rotational Balance,Unresolved->Unresolved->Directional->Balance,0.9219280948830342,0.2222222222222222,0.8,0.2,1.0,2.5,7.5,0.8211177553552934,0.4017736945065802,0.0717063492063492,0.35349060518092146,0.5385765326604256,RotationalPressure,0.5385765326604256
2660,2026-05-15 10:45:00,Sponsor Exhaustion Collapse,Unresolved->Directional->Balance->Degrading,1.3567796494412687,0.3333333333333333,0.7,0.3,1.0,2.5,7.5,0.7796383361555548,0.28723022801444464,0.1855952380952381,0.25686793857658735,0.42536697688670605,RotationalPressure,0.42536697688670605
2661,2026-05-15 10:50:00,Unstable Rotational Balance,Directional->Balance->Degrading->Balance,1.5709505944488977,0.4444444444444444,0.6,0.4,0.0,2.5,7.5,0.7381589169558159,0.09244631733472851,0.09948412698412698,0.17403781006916613,0.7638835377737916,RotationalPressure,0.7638835377737916
2662,2026-05-15 10:55:00,Stable Compression Basin,Balance->Degrading->Balance->Unresolved,1.9609640474364676,0.5555555555555556,0.5,0.4,0.0,2.5,7.5,0.6966794977560772,0.06640277777777778,0.11337301587301588,0.5527777777777778,0.5619047619047619,RotationalPressure,0.5619047619047619
2663,2026-05-15 11:00:00,Stable Compression Basin,Degrading->Balance->Unresolved->Unresolved,2.1219280948801487,0.5555555555555556,0.4,0.4,0.0,2.5,7.5,0.6611152956610648,0.05473611111111112,0.11337301587301588,0.5111111111111111,0.5619047619047619,RotationalPressure,0.5619047619047619
2664,2026-05-15 11:05:00,Stable Compression Basin,Balance->Unresolved->Unresolved->Unresolved,2.170950594447455,0.5555555555555556,0.3,0.4,0.0,2.5,7.5,0.6255510935660522,0.05473611111111112,0.11337301587301588,0.5111111111111111,0.5619047619047619,RotationalPressure,0.5619047619047619
2665,2026-05-15 11:10:00,Pure Unresolved Compression Equilibrium,Unresolved->Unresolved->Unresolved->Unresolved,2.170950594447455,0.6666666666666666,0.3,0.4,0.0,2.5,7.5,0.6255510935660522,0.04258333333333334,0.12726190476190474,0.4833333333333334,0.6035714285714285,RotationalPressure,0.6035714285714285
2666,2026-05-15 11:15:00,Pure Unresolved Compression Equilibrium,Unresolved->Unresolved->Unresolved->Unresolved,2.170950594447455,0.6666666666666666,0.3,0.4,0.0,2.5,7.5,0.6255510935660522,0.04258333333333334,0.12726190476190474,0.4833333333333334,0.6035714285714285,RotationalPressure,0.6035714285714285
2667,2026-05-15 11:20:00,Pure Unresolved Compression Equilibrium,Unresolved->Unresolved->Unresolved->Unresolved,2.170950594447455,0.5555555555555556,0.3,0.4,0.0,2.5,7.5,0.6255510935660522,0.05473611111111112,0.11337301587301588,0.5111111111111111,0.5619047619047619,RotationalPressure,0.5619047619047619
2668,2026-05-15 11:25:00,Pure Unresolved Compression Equilibrium,Unresolved->Unresolved->Unresolved->Unresolved,1.8464393446652445,0.4444444444444444,0.4,0.3,0.0,0.0,0.0,0.663225289431644,0.059888888888888894,0.05555555555555555,0.538888888888889,0.5166666666666666,CompressionPressure,0.538888888888889
2669,2026-05-15 11:30:00,Pure Unresolved Compression Equilibrium,Unresolved->Unresolved->Unresolved->Unresolved,1.6854752972215634,0.3333333333333333,0.5,0.2,0.0,0.0,0.0,0.7047047086313828,0.07670833333333334,0.041666666666666664,0.6083333333333334,0.475,CompressionPressure,0.6083333333333334
2670,2026-05-15 11:35:00,Pure Unresolved Compression Equilibrium,Unresolved->Unresolved->Unresolved->Unresolved,1.2954618442339936,0.2222222222222222,0.6,0.1,0.0,0.0,0.0,0.7461841278311215,0.11684398032861265,0.027777777777777776,0.6968114125131533,0.3667156117595194,CompressionPressure,0.6968114125131533
2671,2026-05-15 11:40:00,Pure Unresolved Compression Equilibrium,Unresolved->Unresolved->Unresolved->Unresolved,0.8812908992278072,0.1111111111111111,0.7,0.0,0.0,0.0,0.0,0.7876635470308603,0.1653733877500932,0.013888888888888888,0.7921415410204843,0.23444905087274945,CompressionPressure,0.7921415410204843
2672,2026-05-15 11:45:00,Pure Unresolved Compression Equilibrium,Unresolved->Unresolved->Unresolved->Unresolved,0.7219280948844771,0.1111111111111111,0.8,0.0,0.0,0.0,0.0,0.829142966230599,0.18924126912429612,0.013888888888888888,0.8437683829586091,0.199588437422646,CompressionPressure,0.8437683829586091
2673,2026-05-15 11:50:00,Pure Unresolved Compression Equilibrium,Unresolved->Unresolved->Unresolved->Unresolved,0.4689955935863958,0.1111111111111111,0.9,0.0,0.0,0.0,0.0,0.8647071683256116,0.2202730804215971,0.013888888888888888,0.9012433309564057,0.14425945276369073,CompressionPressure,0.9012433309564057
2674,2026-05-15 11:55:00,Pure Unresolved Compression Equilibrium,Unresolved->Unresolved->Unresolved->Unresolved,-1.4428232973175175e-12,0.0,1.0,0.0,0.0,0.0,0.0,0.9002713704206242,0.27999999999999997,0.0,0.9999999999999999,0.0,CompressionPressure,0.9999999999999999
2675,2026-05-15 12:00:00,Pure Unresolved Compression Equilibrium,Unresolved->Unresolved->Unresolved->Unresolved,-1.4428232973175175e-12,0.0,1.0,0.0,0.0,0.0,0.0,0.9002713704206242,0.27999999999999997,0.0,0.9999999999999999,0.0,CompressionPressure,0.9999999999999999
2676,2026-05-15 12:05:00,Pure Unresolved Compression Equilibrium,Unresolved->Unresolved->Unresolved->Unresolved,-1.4428232973175175e-12,0.0,1.0,0.0,0.0,0.0,0.0,0.9002713704206242,0.27999999999999997,0.0,0.9999999999999999,0.0,CompressionPressure,0.9999999999999999
2677,2026-05-15 12:10:00,Pure Unresolved Compression Equilibrium,Unresolved->Unresolved->Unresolved->Unresolved,-1.4428232973175175e-12,0.0,1.0,0.0,0.0,0.0,0.0,0.9002713704206242,0.27999999999999997,0.0,0.9999999999999999,0.0,CompressionPressure,0.9999999999999999
2678,2026-05-15 12:15:00,Sponsor Exhaustion Collapse,Unresolved->Unresolved->Unresolved->Degrading,0.4689955935863958,0.1111111111111111,0.9,0.0,0.0,6.364,0.0,0.8590881640143999,0.2202730804215971,0.1366174603174603,0.4512433309564058,0.15335088133511932,CompressionPressure,0.4512433309564058
2679,2026-05-15 12:20:00,Sponsor Exhaustion Collapse,Unresolved->Unresolved->Degrading->Degrading,0.7219280948844771,0.1111111111111111,0.8,0.0,0.0,6.364,0.0,0.8179049576081756,0.18924126912429612,0.1366174603174603,0.3937683829586091,0.2086798659940746,CompressionPressure,0.3937683829586091
2680,2026-05-15 12:25:00,Unstable Rotational Balance,Unresolved->Degrading->Degrading->Balance,1.1567796494427114,0.2222222222222222,0.7,0.0,0.0,16.363999999999997,0.0,0.7794651221534148,0.13212850253398684,0.0862206349206349,0.297145716354275,0.6097560245060692,RotationalPressure,0.6097560245060692
2681,2026-05-15 12:30:00,Stable Compression Basin,Degrading->Degrading->Balance->Unresolved,1.5709505944488977,0.3333333333333333,0.6,0.0,0.0,18.469,0.0,0.7439009200584022,0.07659909511250626,0.10762738095238095,0.6518155878469439,0.49502972824998204,CompressionPressure,0.6518155878469439
2682,2026-05-15 12:35:00,Stable Compression Basin,Degrading->Balance->Unresolved->Unresolved,1.7609640474379105,0.3333333333333333,0.5,0.0,0.0,18.469,0.0,0.7083367179633898,0.06270833333333332,0.10762738095238095,0.6083333333333334,0.5013842857142857,CompressionPressure,0.6083333333333334
2683,2026-05-15 12:40:00,Stable Compression Basin,Balance->Unresolved->Unresolved->Unresolved,1.8464393446652445,0.3333333333333333,0.4,0.0,0.0,18.469,0.0,0.6727725158683773,0.051041666666666666,0.10762738095238095,0.5666666666666667,0.5013842857142857,CompressionPressure,0.5666666666666667
2684,2026-05-15 12:45:00,Unstable Rotational Balance,Unresolved->Unresolved->Unresolved->Balance,1.9709505944488979,0.4444444444444444,0.3,0.0,0.0,24.785,0.0,0.6343326804136165,0.038888888888888896,0.1440734126984127,0.0888888888888889,0.8020738095238095,RotationalPressure,0.8020738095238095
2685,2026-05-15 12:50:00,Stable Compression Basin,Unresolved->Unresolved->Balance->Unresolved,1.9219280948815916,0.5555555555555556,0.4,0.0,0.0,26.889999999999997,0.0,0.598768478318604,0.026736111111111113,0.16548015873015873,0.5111111111111111,0.5967476190476191,RotationalPressure,0.5967476190476191
2686,2026-05-15 12:55:00,Stable Compression Basin,Unresolved->Balance->Unresolved->Unresolved,1.7609640474379105,0.5555555555555556,0.5,0.0,0.0,26.889999999999997,0.0,0.5632042762235916,0.03840277777777777,0.16548015873015873,0.5527777777777778,0.5967476190476191,RotationalPressure,0.5967476190476191
2687,2026-05-15 13:00:00,Sponsor Exhaustion Collapse,Balance->Unresolved->Unresolved->Degrading,1.4854752972230063,0.5555555555555556,0.5,0.0,0.0,26.889999999999997,0.0,0.5217248570238527,0.04717107533414137,0.26548015873015873,0.10993557170133988,0.5716953403151517,RotationalPressure,0.5716953403151517
2688,2026-05-15 13:05:00,Stable Compression Basin,Unresolved->Unresolved->Degrading->Unresolved,1.3709505944503406,0.6666666666666666,0.6,0.0,0.0,23.467,0.0,0.5273438613350645,0.055453261779062464,0.1671440476190476,0.5809822545135204,0.5834197282502976,RotationalPressure,0.5834197282502976
2689,2026-05-15 13:10:00,Unstable Rotational Balance,Unresolved->Degrading->Unresolved->Balance,1.2954618442339936,0.6666666666666666,0.6,0.0,0.0,23.467,0.0,0.5270476485415501,0.06123286921750154,0.1671440476190476,0.1357003014020421,0.8169065641404717,RotationalPressure,0.8169065641404717
2690,2026-05-15 13:15:00,Stable Compression Basin,Degrading->Unresolved->Balance->Unresolved,1.1567796494427114,0.6666666666666666,0.7,0.0,0.0,15.572,0.0,0.5299232819012983,0.08351739142287574,0.13894761904761904,0.6360346052431638,0.5252912626013074,CompressionPressure,0.6360346052431638
2691,2026-05-15 13:20:00,Stable Compression Basin,Unresolved->Balance->Unresolved->Unresolved,1.1567796494427114,0.6666666666666666,0.7,0.0,0.0,13.466999999999999,0.0,0.5299232819012983,0.08351739142287574,0.1314297619047619,0.6360346052431638,0.5222841197441646,CompressionPressure,0.6360346052431638
2692,2026-05-15 13:25:00,Stable Compression Basin,Balance->Unresolved->Unresolved->Unresolved,1.1567796494427114,0.6666666666666666,0.7,0.0,0.0,13.466999999999999,0.0,0.5299232819012983,0.08351739142287574,0.1314297619047619,0.6360346052431638,0.5222841197441646,CompressionPressure,0.6360346052431638
2693,2026-05-15 13:30:00,Pure Unresolved Compression Equilibrium,Unresolved->Unresolved->Unresolved->Unresolved,1.5709505944488977,0.6666666666666666,0.6,0.0,0.0,13.466999999999999,0.0,0.5654874839963109,0.040140761779172945,0.1314297619047619,0.5684822545136106,0.6128840139642677,RotationalPressure,0.6128840139642677
2694,2026-05-15 13:35:00,Pure Unresolved Compression Equilibrium,Unresolved->Unresolved->Unresolved->Unresolved,1.5709505944488977,0.5555555555555556,0.6,0.0,0.0,7.151000000000001,0.0,0.6039273194510717,0.05229353955695071,0.09498373015873016,0.5962600322913884,0.562194490154744,CompressionPressure,0.5962600322913884
2695,2026-05-15 13:40:00,Pure Unresolved Compression Equilibrium,Unresolved->Unresolved->Unresolved->Unresolved,1.6854752972215634,0.5555555555555556,0.5,0.0,0.0,5.046,0.0,0.6394915215460841,0.03840277777777777,0.08746587301587302,0.5527777777777778,0.5655419047619048,RotationalPressure,0.5655419047619048
2696,2026-05-15 13:45:00,Pure Unresolved Compression Equilibrium,Unresolved->Unresolved->Unresolved->Unresolved,1.7219280948815914,0.4444444444444444,0.4,0.0,0.0,5.046,0.0,0.6750557236410966,0.038888888888888896,0.07357698412698413,0.538888888888889,0.5238752380952381,CompressionPressure,0.538888888888889
2697,2026-05-15 13:50:00,Pure Unresolved Compression Equilibrium,Unresolved->Unresolved->Unresolved->Unresolved,1.360964047439353,0.3333333333333333,0.5,0.0,0.0,5.046,0.0,0.7165351428408353,0.08100952345125786,0.059688095238095235,0.6232730803683738,0.4299194568059299,CompressionPressure,0.6232730803683738
2698,2026-05-15 13:55:00,Pure Unresolved Compression Equilibrium,Unresolved->Unresolved->Unresolved->Unresolved,1.2954618442339936,0.2222222222222222,0.6,0.0,0.0,2.105,0.0,0.7520993449358478,0.10984398032861264,0.03529563492063492,0.6968114125131533,0.36972275461666226,CompressionPressure,0.6968114125131533
2699,2026-05-15 14:00:00,Pure Unresolved Compression Equilibrium,Unresolved->Unresolved->Unresolved->Unresolved,0.8812908992278072,0.1111111111111111,0.7,0.0,0.0,2.105,0.0,0.7935787641355866,0.1653733877500932,0.02140674603174603,0.7921415410204843,0.2374561937298923,CompressionPressure,0.7921415410204843
2700,2026-05-18 06:35:00,Pure Unresolved Compression Equilibrium,Unresolved->Unresolved->Unresolved->Unresolved,0.7219280948844771,0.1111111111111111,0.8,0.0,0.0,0.0,0.0,0.829142966230599,0.18924126912429612,0.013888888888888888,0.8437683829586091,0.199588437422646,CompressionPressure,0.8437683829586091
2701,2026-05-18 06:40:00,Pure Unresolved Compression Equilibrium,Unresolved->Unresolved->Unresolved->Unresolved,0.4689955935863958,0.1111111111111111,0.9,0.0,0.0,0.0,0.0,0.8647071683256116,0.2202730804215971,0.013888888888888888,0.9012433309564057,0.14425945276369073,CompressionPressure,0.9012433309564057
2702,2026-05-18 06:45:00,Pure Unresolved Compression Equilibrium,Unresolved->Unresolved->Unresolved->Unresolved,-1.4428232973175175e-12,0.0,1.0,0.0,0.0,0.0,0.0,0.9002713704206242,0.27999999999999997,0.0,0.9999999999999999,0.0,CompressionPressure,0.9999999999999999
2703,2026-05-18 06:50:00,Sponsor Exhaustion Collapse,Unresolved->Unresolved->Unresolved->Degrading,0.4689955935863958,0.1111111111111111,0.9,0.0,0.0,6.364,0.0,0.8590881640143999,0.2202730804215971,0.1366174603174603,0.4512433309564058,0.15335088133511932,CompressionPressure,0.4512433309564058
2704,2026-05-18 06:55:00,Sponsor Exhaustion Collapse,Unresolved->Unresolved->Degrading->Degrading,0.7219280948844771,0.1111111111111111,0.8,0.0,0.0,6.364,0.0,0.8179049576081756,0.18924126912429612,0.1366174603174603,0.3937683829586091,0.2086798659940746,CompressionPressure,0.3937683829586091
2705,2026-05-18 07:00:00,Stable Compression Basin,Unresolved->Degrading->Degrading->Unresolved,1.1567796494427114,0.2222222222222222,0.7,0.0,0.0,9.305,0.0,0.7823407555131631,0.13212850253398684,0.06100992063492063,0.747145716354275,0.3496717387917836,CompressionPressure,0.747145716354275
2706,2026-05-18 07:05:00,Stable Compression Basin,Degrading->Degrading->Unresolved->Unresolved,1.3709505944503406,0.2222222222222222,0.6,0.0,0.0,9.305,0.0,0.7467765534181506,0.10406437289017358,0.06100992063492063,0.6920933656246315,0.39652163301220245,CompressionPressure,0.6920933656246315
2707,2026-05-18 07:10:00,Stable Compression Basin,Degrading->Unresolved->Unresolved->Unresolved,1.4854752972230063,0.2222222222222222,0.5,0.0,0.0,9.305,0.0,0.7112123513231381,0.08362940866747469,0.06100992063492063,0.6432689050346733,0.4215739117437231,CompressionPressure,0.6432689050346733
2708,2026-05-18 07:15:00,Pure Unresolved Compression Equilibrium,Unresolved->Unresolved->Unresolved->Unresolved,1.4854752972230063,0.3333333333333333,0.5,0.0,0.0,9.305,0.0,0.7112123513231381,0.07147663088969691,0.07489880952380952,0.6154911272568955,0.4632405784103898,CompressionPressure,0.6154911272568955
2709,2026-05-18 07:20:00,Pure Unresolved Compression Equilibrium,Unresolved->Unresolved->Unresolved->Unresolved,1.4854752972230063,0.3333333333333333,0.5,0.0,0.0,9.305,0.0,0.7112123513231381,0.07147663088969691,0.07489880952380952,0.6154911272568955,0.4632405784103898,CompressionPressure,0.6154911272568955
2710,2026-05-18 07:25:00,Pure Unresolved Compression Equilibrium,Unresolved->Unresolved->Unresolved->Unresolved,1.4854752972230063,0.3333333333333333,0.5,0.0,0.0,9.305,0.0,0.7112123513231381,0.07147663088969691,0.07489880952380952,0.6154911272568955,0.4632405784103898,CompressionPressure,0.6154911272568955
2711,2026-05-18 07:30:00,Pure Unresolved Compression Equilibrium,Unresolved->Unresolved->Unresolved->Unresolved,1.4854752972230063,0.3333333333333333,0.5,0.0,0.0,9.305,0.0,0.7112123513231381,0.07147663088969691,0.07489880952380952,0.6154911272568955,0.4632405784103898,CompressionPressure,0.6154911272568955
2712,2026-05-18 07:35:00,Pure Unresolved Compression Equilibrium,Unresolved->Unresolved->Unresolved->Unresolved,1.4854752972230063,0.2222222222222222,0.5,0.0,0.0,9.305,0.0,0.7112123513231381,0.08362940866747469,0.06100992063492063,0.6432689050346733,0.4215739117437231,CompressionPressure,0.6432689050346733
2713,2026-05-18 07:40:00,Pure Unresolved Compression Equilibrium,Unresolved->Unresolved->Unresolved->Unresolved,1.2954618442339936,0.2222222222222222,0.6,0.0,0.0,2.941,0.0,0.7523955577293624,0.10984398032861264,0.03828134920634921,0.6968114125131533,0.37091704033094797,CompressionPressure,0.6968114125131533
2714,2026-05-18 07:45:00,Pure Unresolved Compression Equilibrium,Unresolved->Unresolved->Unresolved->Unresolved,0.8812908992278072,0.1111111111111111,0.7,0.0,0.0,2.941,0.0,0.7935787641355866,0.1653733877500932,0.024392460317460316,0.7921415410204843,0.23865047944417803,CompressionPressure,0.7921415410204843
2715,2026-05-18 07:50:00,Pure Unresolved Compression Equilibrium,Unresolved->Unresolved->Unresolved->Unresolved,0.7219280948844771,0.1111111111111111,0.8,0.0,0.0,0.0,0.0,0.829142966230599,0.18924126912429612,0.013888888888888888,0.8437683829586091,0.199588437422646,CompressionPressure,0.8437683829586091
2716,2026-05-18 07:55:00,Pure Unresolved Compression Equilibrium,Unresolved->Unresolved->Unresolved->Unresolved,0.4689955935863958,0.1111111111111111,0.9,0.0,0.0,0.0,0.0,0.8647071683256116,0.2202730804215971,0.013888888888888888,0.9012433309564057,0.14425945276369073,CompressionPressure,0.9012433309564057
2717,2026-05-18 08:00:00,Pure Unresolved Compression Equilibrium,Unresolved->Unresolved->Unresolved->Unresolved,-1.4428232973175175e-12,0.0,1.0,0.0,0.0,0.0,0.0,0.9002713704206242,0.27999999999999997,0.0,0.9999999999999999,0.0,CompressionPressure,0.9999999999999999
2718,2026-05-18 08:05:00,Pure Unresolved Compression Equilibrium,Unresolved->Unresolved->Unresolved->Unresolved,-1.4428232973175175e-12,0.0,1.0,0.0,0.0,0.0,0.0,0.9002713704206242,0.27999999999999997,0.0,0.9999999999999999,0.0,CompressionPressure,0.9999999999999999
2719,2026-05-18 08:10:00,Pure Unresolved Compression Equilibrium,Unresolved->Unresolved->Unresolved->Unresolved,-1.4428232973175175e-12,0.0,1.0,0.0,0.0,0.0,0.0,0.9002713704206242,0.27999999999999997,0.0,0.9999999999999999,0.0,CompressionPressure,0.9999999999999999
2720,2026-05-18 08:15:00,Pure Unresolved Compression Equilibrium,Unresolved->Unresolved->Unresolved->Unresolved,-1.4428232973175175e-12,0.0,1.0,0.0,0.0,0.0,0.0,0.9002713704206242,0.27999999999999997,0.0,0.9999999999999999,0.0,CompressionPressure,0.9999999999999999
2721,2026-05-18 08:20:00,Pure Unresolved Compression Equilibrium,Unresolved->Unresolved->Unresolved->Unresolved,-1.4428232973175175e-12,0.0,1.0,0.0,0.0,0.0,0.0,0.9002713704206242,0.27999999999999997,0.0,0.9999999999999999,0.0,CompressionPressure,0.9999999999999999
2722,2026-05-18 08:25:00,Pure Unresolved Compression Equilibrium,Unresolved->Unresolved->Unresolved->Unresolved,-1.4428232973175175e-12,0.0,1.0,0.0,0.0,0.0,0.0,0.9002713704206242,0.27999999999999997,0.0,0.9999999999999999,0.0,CompressionPressure,0.9999999999999999
2723,2026-05-18 08:30:00,Pure Unresolved Compression Equilibrium,Unresolved->Unresolved->Unresolved->Unresolved,-1.4428232973175175e-12,0.0,1.0,0.0,0.0,0.0,0.0,0.9002713704206242,0.27999999999999997,0.0,0.9999999999999999,0.0,CompressionPressure,0.9999999999999999
2724,2026-05-18 08:35:00,Pure Unresolved Compression Equilibrium,Unresolved->Unresolved->Unresolved->Unresolved,-1.4428232973175175e-12,0.0,1.0,0.0,0.0,0.0,0.0,0.9002713704206242,0.27999999999999997,0.0,0.9999999999999999,0.0,CompressionPressure,0.9999999999999999
2725,2026-05-18 08:40:00,Pure Unresolved Compression Equilibrium,Unresolved->Unresolved->Unresolved->Unresolved,-1.4428232973175175e-12,0.0,1.0,0.0,0.0,0.0,0.0,0.9002713704206242,0.27999999999999997,0.0,0.9999999999999999,0.0,CompressionPressure,0.9999999999999999
2726,2026-05-18 08:45:00,Pure Unresolved Compression Equilibrium,Unresolved->Unresolved->Unresolved->Unresolved,-1.4428232973175175e-12,0.0,1.0,0.0,0.0,0.0,0.0,0.9002713704206242,0.27999999999999997,0.0,0.9999999999999999,0.0,CompressionPressure,0.9999999999999999
2727,2026-05-18 08:50:00,Pure Unresolved Compression Equilibrium,Unresolved->Unresolved->Unresolved->Unresolved,-1.4428232973175175e-12,0.0,1.0,0.0,0.0,0.0,0.0,0.9002713704206242,0.27999999999999997,0.0,0.9999999999999999,0.0,CompressionPressure,0.9999999999999999
2728,2026-05-18 08:55:00,Pure Unresolved Compression Equilibrium,Unresolved->Unresolved->Unresolved->Unresolved,-1.4428232973175175e-12,0.0,1.0,0.0,0.0,0.0,0.0,0.9002713704206242,0.27999999999999997,0.0,0.9999999999999999,0.0,CompressionPressure,0.9999999999999999
2729,2026-05-18 09:00:00,Pure Unresolved Compression Equilibrium,Unresolved->Unresolved->Unresolved->Unresolved,-1.4428232973175175e-12,0.0,1.0,0.0,0.0,0.0,0.0,0.9002713704206242,0.27999999999999997,0.0,0.9999999999999999,0.0,CompressionPressure,0.9999999999999999
2730,2026-05-18 09:05:00,Pure Unresolved Compression Equilibrium,Unresolved->Unresolved->Unresolved->Unresolved,-1.4428232973175175e-12,0.0,1.0,0.0,0.0,0.0,0.0,0.9002713704206242,0.27999999999999997,0.0,0.9999999999999999,0.0,CompressionPressure,0.9999999999999999
2731,2026-05-18 09:10:00,Pure Unresolved Compression Equilibrium,Unresolved->Unresolved->Unresolved->Unresolved,-1.4428232973175175e-12,0.0,1.0,0.0,0.0,0.0,0.0,0.9002713704206242,0.27999999999999997,0.0,0.9999999999999999,0.0,CompressionPressure,0.9999999999999999
2732,2026-05-18 09:15:00,Pure Unresolved Compression Equilibrium,Unresolved->Unresolved->Unresolved->Unresolved,-1.4428232973175175e-12,0.0,1.0,0.0,0.0,0.0,0.0,0.9002713704206242,0.27999999999999997,0.0,0.9999999999999999,0.0,CompressionPressure,0.9999999999999999
2733,2026-05-18 09:20:00,Pure Unresolved Compression Equilibrium,Unresolved->Unresolved->Unresolved->Unresolved,-1.4428232973175175e-12,0.0,1.0,0.0,0.0,0.0,0.0,0.9002713704206242,0.27999999999999997,0.0,0.9999999999999999,0.0,CompressionPressure,0.9999999999999999
2734,2026-05-18 09:25:00,Pure Unresolved Compression Equilibrium,Unresolved->Unresolved->Unresolved->Unresolved,-1.4428232973175175e-12,0.0,1.0,0.0,0.0,0.0,0.0,0.9002713704206242,0.27999999999999997,0.0,0.9999999999999999,0.0,CompressionPressure,0.9999999999999999
2735,2026-05-18 09:30:00,Pure Unresolved Compression Equilibrium,Unresolved->Unresolved->Unresolved->Unresolved,-1.4428232973175175e-12,0.0,1.0,0.0,0.0,0.0,0.0,0.9002713704206242,0.27999999999999997,0.0,0.9999999999999999,0.0,CompressionPressure,0.9999999999999999
2736,2026-05-18 09:35:00,Pure Unresolved Compression Equilibrium,Unresolved->Unresolved->Unresolved->Unresolved,-1.4428232973175175e-12,0.0,1.0,0.0,0.0,0.0,0.0,0.9002713704206242,0.27999999999999997,0.0,0.9999999999999999,0.0,CompressionPressure,0.9999999999999999
2737,2026-05-18 09:40:00,Pure Unresolved Compression Equilibrium,Unresolved->Unresolved->Unresolved->Unresolved,-1.4428232973175175e-12,0.0,1.0,0.0,0.0,0.0,0.0,0.9002713704206242,0.27999999999999997,0.0,0.9999999999999999,0.0,CompressionPressure,0.9999999999999999
2738,2026-05-18 09:45:00,Pure Unresolved Compression Equilibrium,Unresolved->Unresolved->Unresolved->Unresolved,-1.4428232973175175e-12,0.0,1.0,0.0,0.0,0.0,0.0,0.9002713704206242,0.27999999999999997,0.0,0.9999999999999999,0.0,CompressionPressure,0.9999999999999999
2739,2026-05-18 09:50:00,Pure Unresolved Compression Equilibrium,Unresolved->Unresolved->Unresolved->Unresolved,-1.4428232973175175e-12,0.0,1.0,0.0,0.0,0.0,0.0,0.9002713704206242,0.27999999999999997,0.0,0.9999999999999999,0.0,CompressionPressure,0.9999999999999999
2740,2026-05-18 09:55:00,Pure Unresolved Compression Equilibrium,Unresolved->Unresolved->Unresolved->Unresolved,-1.4428232973175175e-12,0.0,1.0,0.0,0.0,0.0,0.0,0.9002713704206242,0.27999999999999997,0.0,0.9999999999999999,0.0,CompressionPressure,0.9999999999999999
2741,2026-05-18 10:00:00,Pure Unresolved Compression Equilibrium,Unresolved->Unresolved->Unresolved->Unresolved,-1.4428232973175175e-12,0.0,1.0,0.0,0.0,0.0,0.0,0.9002713704206242,0.27999999999999997,0.0,0.9999999999999999,0.0,CompressionPressure,0.9999999999999999
2742,2026-05-18 10:05:00,Pure Unresolved Compression Equilibrium,Unresolved->Unresolved->Unresolved->Unresolved,-1.4428232973175175e-12,0.0,1.0,0.0,0.0,0.0,0.0,0.9002713704206242,0.27999999999999997,0.0,0.9999999999999999,0.0,CompressionPressure,0.9999999999999999
2743,2026-05-18 10:10:00,Pure Unresolved Compression Equilibrium,Unresolved->Unresolved->Unresolved->Unresolved,-1.4428232973175175e-12,0.0,1.0,0.0,0.0,0.0,0.0,0.9002713704206242,0.27999999999999997,0.0,0.9999999999999999,0.0,CompressionPressure,0.9999999999999999
2744,2026-05-18 10:15:00,Pure Unresolved Compression Equilibrium,Unresolved->Unresolved->Unresolved->Unresolved,-1.4428232973175175e-12,0.0,1.0,0.0,0.0,0.0,0.0,0.9002713704206242,0.27999999999999997,0.0,0.9999999999999999,0.0,CompressionPressure,0.9999999999999999
2745,2026-05-18 10:20:00,Pure Unresolved Compression Equilibrium,Unresolved->Unresolved->Unresolved->Unresolved,-1.4428232973175175e-12,0.0,1.0,0.0,0.0,0.0,0.0,0.9002713704206242,0.27999999999999997,0.0,0.9999999999999999,0.0,CompressionPressure,0.9999999999999999
2746,2026-05-18 10:25:00,Pure Unresolved Compression Equilibrium,Unresolved->Unresolved->Unresolved->Unresolved,-1.4428232973175175e-12,0.0,1.0,0.0,0.0,0.0,0.0,0.9002713704206242,0.27999999999999997,0.0,0.9999999999999999,0.0,CompressionPressure,0.9999999999999999
2747,2026-05-18 10:30:00,Pure Unresolved Compression Equilibrium,Unresolved->Unresolved->Unresolved->Unresolved,-1.4428232973175175e-12,0.0,1.0,0.0,0.0,0.0,0.0,0.9002713704206242,0.27999999999999997,0.0,0.9999999999999999,0.0,CompressionPressure,0.9999999999999999
2748,2026-05-18 10:35:00,Sponsor Exhaustion Collapse,Unresolved->Unresolved->Unresolved->Degrading,0.4689955935863958,0.1111111111111111,0.9,0.0,0.0,6.364,0.0,0.8590881640143999,0.2202730804215971,0.1366174603174603,0.4512433309564058,0.15335088133511932,CompressionPressure,0.4512433309564058
2749,2026-05-18 10:40:00,Sponsor Exhaustion Collapse,Unresolved->Unresolved->Degrading->Degrading,0.7219280948844771,0.1111111111111111,0.8,0.0,0.0,6.364,0.0,0.8179049576081756,0.18924126912429612,0.1366174603174603,0.3937683829586091,0.2086798659940746,CompressionPressure,0.3937683829586091
2750,2026-05-18 10:45:00,Stable Compression Basin,Unresolved->Degrading->Degrading->Unresolved,1.1567796494427114,0.2222222222222222,0.7,0.0,0.0,9.305,0.0,0.7823407555131631,0.13212850253398684,0.06100992063492063,0.747145716354275,0.3496717387917836,CompressionPressure,0.747145716354275
2751,2026-05-18 10:50:00,Stable Compression Basin,Degrading->Degrading->Unresolved->Unresolved,1.3709505944503406,0.2222222222222222,0.6,0.0,0.0,9.305,0.0,0.7467765534181506,0.10406437289017358,0.06100992063492063,0.6920933656246315,0.39652163301220245,CompressionPressure,0.6920933656246315
2752,2026-05-18 10:55:00,Stable Compression Basin,Degrading->Unresolved->Unresolved->Unresolved,1.4854752972230063,0.2222222222222222,0.5,0.0,0.0,9.305,0.0,0.7112123513231381,0.08362940866747469,0.06100992063492063,0.6432689050346733,0.4215739117437231,CompressionPressure,0.6432689050346733
2753,2026-05-18 11:00:00,Pure Unresolved Compression Equilibrium,Unresolved->Unresolved->Unresolved->Unresolved,1.4854752972230063,0.3333333333333333,0.5,0.0,0.0,9.305,0.0,0.7112123513231381,0.07147663088969691,0.07489880952380952,0.6154911272568955,0.4632405784103898,CompressionPressure,0.6154911272568955
2754,2026-05-18 11:05:00,Pure Unresolved Compression Equilibrium,Unresolved->Unresolved->Unresolved->Unresolved,1.4854752972230063,0.3333333333333333,0.5,0.0,0.0,9.305,0.0,0.7112123513231381,0.07147663088969691,0.07489880952380952,0.6154911272568955,0.4632405784103898,CompressionPressure,0.6154911272568955
2755,2026-05-18 11:10:00,Pure Unresolved Compression Equilibrium,Unresolved->Unresolved->Unresolved->Unresolved,1.4854752972230063,0.3333333333333333,0.5,0.0,0.0,9.305,0.0,0.7112123513231381,0.07147663088969691,0.07489880952380952,0.6154911272568955,0.4632405784103898,CompressionPressure,0.6154911272568955
2756,2026-05-18 11:15:00,Pure Unresolved Compression Equilibrium,Unresolved->Unresolved->Unresolved->Unresolved,1.4854752972230063,0.3333333333333333,0.5,0.0,0.0,9.305,0.0,0.7112123513231381,0.07147663088969691,0.07489880952380952,0.6154911272568955,0.4632405784103898,CompressionPressure,0.6154911272568955
2757,2026-05-18 11:20:00,Pure Unresolved Compression Equilibrium,Unresolved->Unresolved->Unresolved->Unresolved,1.4854752972230063,0.2222222222222222,0.5,0.0,0.0,9.305,0.0,0.7112123513231381,0.08362940866747469,0.06100992063492063,0.6432689050346733,0.4215739117437231,CompressionPressure,0.6432689050346733
2758,2026-05-18 11:25:00,Pure Unresolved Compression Equilibrium,Unresolved->Unresolved->Unresolved->Unresolved,1.2954618442339936,0.2222222222222222,0.6,0.0,0.0,2.941,0.0,0.7523955577293624,0.10984398032861264,0.03828134920634921,0.6968114125131533,0.37091704033094797,CompressionPressure,0.6968114125131533
2759,2026-05-18 11:30:00,Pure Unresolved Compression Equilibrium,Unresolved->Unresolved->Unresolved->Unresolved,0.8812908992278072,0.1111111111111111,0.7,0.0,0.0,2.941,0.0,0.7935787641355866,0.1653733877500932,0.024392460317460316,0.7921415410204843,0.23865047944417803,CompressionPressure,0.7921415410204843
2760,2026-05-18 11:35:00,Pure Unresolved Compression Equilibrium,Unresolved->Unresolved->Unresolved->Unresolved,0.7219280948844771,0.1111111111111111,0.8,0.0,0.0,0.0,0.0,0.829142966230599,0.18924126912429612,0.013888888888888888,0.8437683829586091,0.199588437422646,CompressionPressure,0.8437683829586091
2761,2026-05-18 11:40:00,Pure Unresolved Compression Equilibrium,Unresolved->Unresolved->Unresolved->Unresolved,0.4689955935863958,0.1111111111111111,0.9,0.0,0.0,0.0,0.0,0.8647071683256116,0.2202730804215971,0.013888888888888888,0.9012433309564057,0.14425945276369073,CompressionPressure,0.9012433309564057
2762,2026-05-18 11:45:00,Pure Unresolved Compression Equilibrium,Unresolved->Unresolved->Unresolved->Unresolved,-1.4428232973175175e-12,0.0,1.0,0.0,0.0,0.0,0.0,0.9002713704206242,0.27999999999999997,0.0,0.9999999999999999,0.0,CompressionPressure,0.9999999999999999
2763,2026-05-18 11:50:00,Pure Unresolved Compression Equilibrium,Unresolved->Unresolved->Unresolved->Unresolved,-1.4428232973175175e-12,0.0,1.0,0.0,0.0,0.0,0.0,0.9002713704206242,0.27999999999999997,0.0,0.9999999999999999,0.0,CompressionPressure,0.9999999999999999
2764,2026-05-18 11:55:00,Pure Unresolved Compression Equilibrium,Unresolved->Unresolved->Unresolved->Unresolved,-1.4428232973175175e-12,0.0,1.0,0.0,0.0,0.0,0.0,0.9002713704206242,0.27999999999999997,0.0,0.9999999999999999,0.0,CompressionPressure,0.9999999999999999
2765,2026-05-18 12:00:00,Pure Unresolved Compression Equilibrium,Unresolved->Unresolved->Unresolved->Unresolved,-1.4428232973175175e-12,0.0,1.0,0.0,0.0,0.0,0.0,0.9002713704206242,0.27999999999999997,0.0,0.9999999999999999,0.0,CompressionPressure,0.9999999999999999
2766,2026-05-18 12:05:00,Pure Unresolved Compression Equilibrium,Unresolved->Unresolved->Unresolved->Unresolved,-1.4428232973175175e-12,0.0,1.0,0.0,0.0,0.0,0.0,0.9002713704206242,0.27999999999999997,0.0,0.9999999999999999,0.0,CompressionPressure,0.9999999999999999
2767,2026-05-18 12:10:00,Pure Unresolved Compression Equilibrium,Unresolved->Unresolved->Unresolved->Unresolved,-1.4428232973175175e-12,0.0,1.0,0.0,0.0,0.0,0.0,0.9002713704206242,0.27999999999999997,0.0,0.9999999999999999,0.0,CompressionPressure,0.9999999999999999
2768,2026-05-18 12:15:00,Pure Unresolved Compression Equilibrium,Unresolved->Unresolved->Unresolved->Unresolved,-1.4428232973175175e-12,0.0,1.0,0.0,0.0,0.0,0.0,0.9002713704206242,0.27999999999999997,0.0,0.9999999999999999,0.0,CompressionPressure,0.9999999999999999
2769,2026-05-18 12:20:00,Pure Unresolved Compression Equilibrium,Unresolved->Unresolved->Unresolved->Unresolved,-1.4428232973175175e-12,0.0,1.0,0.0,0.0,0.0,0.0,0.9002713704206242,0.27999999999999997,0.0,0.9999999999999999,0.0,CompressionPressure,0.9999999999999999
2770,2026-05-18 12:25:00,Pure Unresolved Compression Equilibrium,Unresolved->Unresolved->Unresolved->Unresolved,-1.4428232973175175e-12,0.0,1.0,0.0,0.0,0.0,0.0,0.9002713704206242,0.27999999999999997,0.0,0.9999999999999999,0.0,CompressionPressure,0.9999999999999999
2771,2026-05-18 12:30:00,Sponsor Exhaustion Collapse,Unresolved->Unresolved->Unresolved->Degrading,0.4689955935863958,0.1111111111111111,0.9,0.0,0.0,6.364,0.0,0.8590881640143999,0.2202730804215971,0.1366174603174603,0.4512433309564058,0.15335088133511932,CompressionPressure,0.4512433309564058
2772,2026-05-18 12:35:00,Sponsor Exhaustion Collapse,Unresolved->Unresolved->Degrading->Degrading,0.7219280948844771,0.1111111111111111,0.8,0.0,0.0,6.364,0.0,0.8179049576081756,0.18924126912429612,0.1366174603174603,0.3937683829586091,0.2086798659940746,CompressionPressure,0.3937683829586091
2773,2026-05-18 12:40:00,Directional Continuation / Sponsor Release,Unresolved->Degrading->Degrading->Directional,1.1567796494427114,0.2222222222222222,0.7,0.1,1.0,6.364,0.0,0.7764255384084369,0.39751000723996244,0.25050634920634923,0.297145716354275,0.345470310220355,DirectionalReleasePressure,0.39751000723996244
2774,2026-05-18 12:45:00,Directional Continuation / Sponsor Release,Degrading->Degrading->Directional->Directional,1.3709505944503406,0.2222222222222222,0.6,0.2,1.0,6.364,0.0,0.738751342542845,0.3373267796862103,0.25050634920634923,0.2420933656246315,0.39232020444077387,RotationalPressure,0.39232020444077387
2775,2026-05-18 12:50:00,Directional Continuation / Sponsor Release,Degrading->Directional->Directional->Directional,1.4854752972230063,0.2222222222222222,0.5,0.3,1.0,6.364,0.0,0.7010771466772532,0.29894116762135625,0.25050634920634923,0.19326890503467323,0.41737248317229453,RotationalPressure,0.41737248317229453
2776,2026-05-18 12:55:00,Directional Continuation / Sponsor Release,Directional->Directional->Directional->Directional,1.5219280948830343,0.2222222222222222,0.4,0.4,1.0,6.364,0.0,0.6634029508116613,0.27763378479989187,0.25050634920634923,0.14932393851425482,0.4253465326604256,RotationalPressure,0.4253465326604256
2777,2026-05-18 13:00:00,Sponsor Exhaustion Collapse,Directional->Directional->Directional->Degrading,1.5709505944503404,0.3333333333333333,0.4,0.5,0.0,13.363999999999999,0.0,0.6222197444054371,0.08826576177906248,0.1893952380952381,0.11848225451352042,0.4877368711074405,RotationalPressure,0.4877368711074405
2778,2026-05-18 13:05:00,Sponsor Exhaustion Collapse,Directional->Directional->Degrading->Degrading,1.5219280948830343,0.3333333333333333,0.4,0.6,0.0,13.363999999999999,0.0,0.581036537999213,0.09901904690218435,0.1893952380952381,0.12154616073647705,0.4770131993270923,RotationalPressure,0.4770131993270923
2779,2026-05-18 13:10:00,Sponsor Exhaustion Collapse,Directional->Degrading->Degrading->Degrading,1.360964047439353,0.3333333333333333,0.5,0.7,0.0,13.363999999999999,0.0,0.5398533315929887,0.13000952345125788,0.1893952380952381,0.17327308036837377,0.44180231394878705,RotationalPressure,0.44180231394878705
2780,2026-05-18 13:15:00,Sponsor Exhaustion Collapse,Degrading->Degrading->Degrading->Degrading,0.9709505944517833,0.2222222222222222,0.6,0.7,0.0,13.363999999999999,0.0,0.4986701251867644,0.18368937289006312,0.17550634920634922,0.26709336562454133,0.3148202044410895,RotationalPressure,0.3148202044410895
2781,2026-05-18 13:20:00,Stable Compression Basin,Degrading->Degrading->Degrading->Unresolved,1.360964047439353,0.3333333333333333,0.5,0.7,0.0,9.940999999999999,0.0,0.5042891294979761,0.13000952345125788,0.0771702380952381,0.6232730803683738,0.43691231394878705,CompressionPressure,0.6232730803683738
2782,2026-05-18 13:25:00,Stable Compression Basin,Degrading->Degrading->Unresolved->Unresolved,1.5219280948830343,0.2222222222222222,0.4,0.7,0.0,9.940999999999999,0.0,0.5099081338091878,0.11817182467996212,0.0632813492063492,0.5993239385142548,0.4304565326604256,CompressionPressure,0.5993239385142548
2783,2026-05-18 13:30:00,Stable Compression Basin,Degrading->Unresolved->Unresolved->Unresolved,1.5709505944503404,0.2222222222222222,0.4,0.6,0.0,9.940999999999999,0.0,0.5158233509139142,0.10741853955684026,0.0632813492063492,0.5962600322912982,0.4411802044407738,CompressionPressure,0.5962600322912982
2784,2026-05-18 13:35:00,Pure Unresolved Compression Equilibrium,Unresolved->Unresolved->Unresolved->Unresolved,1.8464393446652445,0.3333333333333333,0.4,0.5,0.0,9.940999999999999,0.0,0.5534975467795059,0.08604166666666667,0.0771702380952381,0.5666666666666667,0.48920142857142856,CompressionPressure,0.5666666666666667
2785,2026-05-18 13:40:00,Pure Unresolved Compression Equilibrium,Unresolved->Unresolved->Unresolved->Unresolved,1.8464393446652445,0.3333333333333333,0.4,0.4,0.0,9.940999999999999,0.0,0.5911717426450978,0.07904166666666668,0.0771702380952381,0.5666666666666667,0.48920142857142856,CompressionPressure,0.5666666666666667
2786,2026-05-18 13:45:00,Pure Unresolved Compression Equilibrium,Unresolved->Unresolved->Unresolved->Unresolved,1.5709505944503404,0.2222222222222222,0.4,0.3,0.0,9.940999999999999,0.0,0.6288459385106895,0.08641853955684027,0.0632813492063492,0.5962600322912982,0.4411802044407738,CompressionPressure,0.5962600322912982
2787,2026-05-18 13:50:00,Pure Unresolved Compression Equilibrium,Unresolved->Unresolved->Unresolved->Unresolved,1.5709505944503404,0.2222222222222222,0.4,0.2,0.0,2.941,0.0,0.6700291449169138,0.07941853955684026,0.03828134920634921,0.5962600322912982,0.4311802044407738,CompressionPressure,0.5962600322912982
2788,2026-05-18 13:55:00,Pure Unresolved Compression Equilibrium,Unresolved->Unresolved->Unresolved->Unresolved,1.4854752972230063,0.2222222222222222,0.5,0.1,0.0,2.941,0.0,0.7112123513231381,0.0906294086674747,0.03828134920634921,0.6432689050346733,0.4124824831722945,CompressionPressure,0.6432689050346733
2789,2026-05-18 14:00:00,Pure Unresolved Compression Equilibrium,Unresolved->Unresolved->Unresolved->Unresolved,1.2954618442339936,0.2222222222222222,0.6,0.0,0.0,2.941,0.0,0.7523955577293624,0.10984398032861264,0.03828134920634921,0.6968114125131533,0.37091704033094797,CompressionPressure,0.6968114125131533
2790,2026-05-19 06:35:00,Pure Unresolved Compression Equilibrium,Unresolved->Unresolved->Unresolved->Unresolved,0.8812908992278072,0.1111111111111111,0.7,0.0,0.0,2.941,0.0,0.7935787641355866,0.1653733877500932,0.024392460317460316,0.7921415410204843,0.23865047944417803,CompressionPressure,0.7921415410204843
2791,2026-05-19 06:40:00,Directional Continuation / Sponsor Release,Unresolved->Unresolved->Unresolved->Directional,1.1567796494427114,0.2222222222222222,0.7,0.1,1.0,2.5,7.5,0.7914687703650072,0.39751000723996244,0.27170634920634923,0.297145716354275,0.339950310220355,DirectionalReleasePressure,0.39751000723996244
2792,2026-05-19 06:45:00,Sponsor Exhaustion Collapse,Unresolved->Unresolved->Directional->Degrading,1.3567796494412687,0.3333333333333333,0.7,0.2,1.0,9.5,7.5,0.7858497660537955,0.2712302280144447,0.21059523809523809,0.25686793857658735,0.43536697688670606,RotationalPressure,0.43536697688670606
2793,2026-05-19 06:50:00,Stable Compression Basin,Unresolved->Directional->Degrading->Unresolved,1.3567796494412687,0.3333333333333333,0.7,0.3,1.0,12.440999999999999,7.5,0.7858497660537955,0.28723022801444464,0.1210988095238095,0.7068679385765874,0.43956840545813464,CompressionPressure,0.7068679385765874
2794,2026-05-19 06:55:00,Stable Compression Basin,Directional->Degrading->Unresolved->Unresolved,1.5709505944488977,0.3333333333333333,0.6,0.4,0.0,12.440999999999999,7.5,0.750285563958783,0.10459909511250629,0.1210988095238095,0.6518155878469439,0.4864182996785535,CompressionPressure,0.6518155878469439
2795,2026-05-19 07:00:00,Unstable Rotational Balance,Degrading->Unresolved->Unresolved->Balance,1.9609640474364676,0.4444444444444444,0.5,0.4,0.0,18.756999999999998,7.5,0.7118457285040222,0.07855555555555556,0.15754484126984125,0.13055555555555556,0.7934623809523809,RotationalPressure,0.7934623809523809
2796,2026-05-19 07:05:00,Stable Compression Basin,Unresolved->Unresolved->Balance->Unresolved,2.046439344663802,0.5555555555555556,0.4,0.4,0.0,20.862000000000002,7.5,0.6762815264090097,0.05473611111111112,0.1789515873015873,0.5111111111111111,0.5881361904761905,RotationalPressure,0.5881361904761905
2797,2026-05-19 07:10:00,Stable Compression Basin,Unresolved->Balance->Unresolved->Unresolved,2.046439344663802,0.5555555555555556,0.4,0.4,0.0,20.862000000000002,7.5,0.6407173243139972,0.05473611111111112,0.1789515873015873,0.5111111111111111,0.5881361904761905,RotationalPressure,0.5881361904761905
2798,2026-05-19 07:15:00,Stable Compression Basin,Balance->Unresolved->Unresolved->Unresolved,1.9609640474364676,0.5555555555555556,0.5,0.4,0.0,20.862000000000002,7.5,0.6051531222189848,0.06640277777777778,0.1789515873015873,0.5527777777777778,0.5881361904761905,RotationalPressure,0.5881361904761905
2799,2026-05-19 07:20:00,Sponsor Exhaustion Collapse,Unresolved->Unresolved->Unresolved->Degrading,1.9609640474364676,0.6666666666666666,0.5,0.4,0.0,27.226,7.5,0.5639699158127606,0.05425000000000001,0.3155690476190476,0.07500000000000001,0.6388942857142856,RotationalPressure,0.6388942857142856
2800,2026-05-19 07:25:00,Stable Compression Basin,Unresolved->Unresolved->Degrading->Unresolved,1.5709505944488977,0.6666666666666666,0.6,0.4,0.0,30.167,7.5,0.528405713717748,0.06814076177917294,0.22607261904761905,0.5684822545136106,0.6367411568214105,RotationalPressure,0.6367411568214105
2801,2026-05-19 07:30:00,Stable Compression Basin,Unresolved->Degrading->Unresolved->Unresolved,1.1567796494427114,0.5555555555555556,0.7,0.3,0.0,27.667,0.0,0.5305157074883273,0.11667016920065351,0.16825515873015873,0.6638123830209416,0.5009031673632122,CompressionPressure,0.6638123830209416
2802,2026-05-19 07:35:00,Unstable Rotational Balance,Degrading->Unresolved->Unresolved->Balance,1.1567796494427114,0.5555555555555556,0.7,0.2,0.0,26.982999999999997,0.0,0.5332590784397908,0.10967016920065353,0.1658123015873016,0.21381238302094163,0.7499260245060693,RotationalPressure,0.7499260245060693
2803,2026-05-19 07:40:00,Unstable Rotational Balance,Unresolved->Unresolved->Balance->Balance,1.2954618442339936,0.5555555555555556,0.6,0.1,0.0,24.041999999999998,0.0,0.5303834450800424,0.08038564699527931,0.15530873015873015,0.16347807917981982,0.7760613260452337,RotationalPressure,0.7760613260452337
2804,2026-05-19 07:45:00,Stable Compression Basin,Unresolved->Balance->Balance->Unresolved,1.2954618442339936,0.5555555555555556,0.6,0.0,0.0,26.147,0.0,0.5303834450800424,0.0733856469952793,0.1628265873015873,0.6134780791798199,0.5290684689023766,CompressionPressure,0.6134780791798199
2805,2026-05-19 07:50:00,Sponsor Exhaustion Collapse,Balance->Balance->Unresolved->Degrading,1.3709505944503406,0.5555555555555556,0.6,0.0,0.0,26.195,0.0,0.527640074128579,0.06760603955684023,0.26299801587301586,0.15876003229129815,0.545650204440774,RotationalPressure,0.545650204440774
2806,2026-05-19 07:55:00,Sponsor Exhaustion Collapse,Balance->Unresolved->Degrading->Degrading,1.4854752972230063,0.5555555555555556,0.5,0.0,0.0,24.089999999999996,0.0,0.5220210698173673,0.04717107533414137,0.2554801587301587,0.10993557170133988,0.5676953403151517,RotationalPressure,0.5676953403151517
2807,2026-05-19 08:00:00,Stable Compression Basin,Unresolved->Degrading->Degrading->Unresolved,1.4854752972230063,0.6666666666666666,0.5,0.0,0.0,27.031,0.0,0.5220210698173673,0.03501829755636359,0.17987261904761903,0.5321577939235621,0.6135634355532469,RotationalPressure,0.6135634355532469
2808,2026-05-19 08:05:00,Stable Compression Basin,Degrading->Degrading->Unresolved->Unresolved,1.4854752972230063,0.5555555555555556,0.5,0.0,0.0,27.031,0.0,0.5220210698173672,0.04717107533414137,0.16598373015873016,0.5599355717013399,0.5718967688865803,RotationalPressure,0.5718967688865803
2809,2026-05-19 08:10:00,Stable Compression Basin,Degrading->Unresolved->Unresolved->Unresolved,1.3709505944503406,0.4444444444444444,0.6,0.0,0.0,20.666999999999998,0.0,0.5276400741285789,0.07975881733461802,0.12936626984126984,0.636537810069076,0.4960863949169643,CompressionPressure,0.636537810069076
2810,2026-05-19 08:15:00,Pure Unresolved Compression Equilibrium,Unresolved->Unresolved->Unresolved->Unresolved,1.7609640474379105,0.5555555555555556,0.5,0.0,0.0,17.726,0.0,0.5632042762235915,0.03840277777777777,0.13275158730158731,0.5527777777777778,0.5836561904761904,RotationalPressure,0.5836561904761904
2811,2026-05-19 08:20:00,Unstable Rotational Balance,Unresolved->Unresolved->Unresolved->Balance,1.8464393446652445,0.5555555555555556,0.4,0.0,0.0,24.041999999999998,0.0,0.5603286428638432,0.026736111111111113,0.15530873015873015,0.061111111111111116,0.8426790476190477,RotationalPressure,0.8426790476190477
2812,2026-05-19 08:25:00,Stable Compression Basin,Unresolved->Unresolved->Balance->Unresolved,1.7609640474379105,0.6666666666666666,0.5,0.0,0.0,19.831,0.0,0.5632042762235915,0.026250000000000002,0.15415833333333334,0.525,0.6283299999999999,RotationalPressure,0.6283299999999999
2813,2026-05-19 08:30:00,Stable Compression Basin,Unresolved->Balance->Unresolved->Unresolved,1.5709505944488977,0.5555555555555556,0.6,0.0,0.0,19.831,0.0,0.5660799095833398,0.05229353955695071,0.14026944444444445,0.5962600322913884,0.5803087758690296,CompressionPressure,0.5962600322913884
2814,2026-05-19 08:35:00,Stable Compression Basin,Balance->Unresolved->Unresolved->Unresolved,1.5709505944488977,0.4444444444444444,0.6,0.0,0.0,17.726,0.0,0.5660799095833398,0.0644463173347285,0.1188626984126984,0.6240378100691661,0.5356349663452201,CompressionPressure,0.6240378100691661
2815,2026-05-19 08:40:00,Pure Unresolved Compression Equilibrium,Unresolved->Unresolved->Unresolved->Unresolved,1.5709505944488977,0.5555555555555556,0.6,0.0,0.0,11.361999999999998,0.0,0.6072631159895641,0.05229353955695071,0.11002301587301587,0.5962600322913884,0.5682102044404582,CompressionPressure,0.5962600322913884
2816,2026-05-19 08:45:00,Unstable Rotational Balance,Unresolved->Unresolved->Unresolved->Balance,1.3709505944503406,0.5555555555555556,0.6,0.0,0.0,17.677999999999997,0.0,0.6100064869410275,0.06760603955684023,0.13258015873015871,0.15876003229129815,0.783483061583631,RotationalPressure,0.783483061583631
2817,2026-05-19 08:50:00,Stable Compression Basin,Unresolved->Unresolved->Balance->Unresolved,1.3709505944503406,0.6666666666666666,0.6,0.0,0.0,16.842000000000002,0.0,0.6100064869410275,0.055453261779062464,0.14348333333333335,0.5809822545135204,0.5739554425360119,CompressionPressure,0.5809822545135204
2818,2026-05-19 08:55:00,Stable Compression Basin,Unresolved->Balance->Unresolved->Unresolved,1.3709505944503406,0.6666666666666666,0.6,0.0,0.0,16.842000000000002,0.0,0.6100064869410275,0.055453261779062464,0.14348333333333335,0.5809822545135204,0.5739554425360119,CompressionPressure,0.5809822545135204
2819,2026-05-19 09:00:00,Stable Compression Basin,Balance->Unresolved->Unresolved->Unresolved,1.3709505944503406,0.5555555555555556,0.6,0.0,0.0,16.842,0.0,0.6100064869410275,0.06760603955684023,0.12959444444444446,0.6087600322912982,0.5322887758693453,CompressionPressure,0.6087600322912982
2820,2026-05-19 09:05:00,Pure Unresolved Compression Equilibrium,Unresolved->Unresolved->Unresolved->Unresolved,1.3709505944503406,0.5555555555555556,0.6,0.0,0.0,16.842,0.0,0.6100064869410275,0.06760603955684023,0.12959444444444446,0.6087600322912982,0.5322887758693453,CompressionPressure,0.6087600322912982
2821,2026-05-19 09:10:00,Pure Unresolved Compression Equilibrium,Unresolved->Unresolved->Unresolved->Unresolved,1.2954618442339936,0.4444444444444444,0.6,0.0,0.0,10.526,0.0,0.6484463223957884,0.08553842477305709,0.0931484126984127,0.6412558569575977,0.46508608794999556,CompressionPressure,0.6412558569575977
2822,2026-05-19 09:15:00,Pure Unresolved Compression Equilibrium,Unresolved->Unresolved->Unresolved->Unresolved,1.360964047439353,0.4444444444444444,0.5,0.0,0.0,8.421,0.0,0.6840105244908008,0.0688567456734801,0.08563055555555554,0.595495302590596,0.4764075520440251,CompressionPressure,0.595495302590596
2823,2026-05-19 09:20:00,Pure Unresolved Compression Equilibrium,Unresolved->Unresolved->Unresolved->Unresolved,1.360964047439353,0.4444444444444444,0.5,0.0,0.0,8.421,0.0,0.7195747265858132,0.0688567456734801,0.08563055555555554,0.595495302590596,0.4764075520440251,CompressionPressure,0.595495302590596
2824,2026-05-19 09:25:00,Pure Unresolved Compression Equilibrium,Unresolved->Unresolved->Unresolved->Unresolved,1.2954618442339936,0.3333333333333333,0.6,0.0,0.0,8.421,0.0,0.7551389286808258,0.09769120255083487,0.07174166666666666,0.6690336347353755,0.42041227842618606,CompressionPressure,0.6690336347353755
2825,2026-05-19 09:30:00,Directional Continuation / Sponsor Release,Unresolved->Unresolved->Unresolved->Directional,1.6854752972215634,0.3333333333333333,0.5,0.1,1.0,10.921,7.5,0.7174647328152339,0.19916666666666666,0.31567023809523814,0.15833333333333333,0.4906014285714285,RotationalPressure,0.4906014285714285
2826,2026-05-19 09:35:00,Directional Continuation / Sponsor Release,Unresolved->Unresolved->Directional->Directional,1.4854752972230063,0.2222222222222222,0.5,0.2,1.0,4.6049999999999995,7.5,0.7182303724044029,0.27894116762135623,0.27922420634920636,0.19326890503467323,0.4148596260294374,RotationalPressure,0.4148596260294374
2827,2026-05-19 09:40:00,Stable Compression Basin,Unresolved->Directional->Directional->Unresolved,1.4854752972230063,0.3333333333333333,0.5,0.3,1.0,2.5,7.5,0.7123151552996767,0.21137515631930726,0.08559523809523809,0.6154911272568955,0.4535191498389612,CompressionPressure,0.6154911272568955
2828,2026-05-19 09:45:00,Stable Compression Basin,Directional->Directional->Unresolved->Unresolved,1.4854752972230063,0.3333333333333333,0.5,0.4,0.0,2.5,7.5,0.7123151552996767,0.09947663088969691,0.08559523809523809,0.6154911272568955,0.4535191498389612,CompressionPressure,0.6154911272568955
2829,2026-05-19 09:50:00,Directional Continuation / Sponsor Release,Directional->Unresolved->Unresolved->Directional,1.4854752972230063,0.3333333333333333,0.5,0.5,1.0,5.0,15.0,0.7102051615290973,0.3042189453991341,0.32952380952380955,0.16549112725689544,0.45709057841038975,RotationalPressure,0.45709057841038975
2830,2026-05-19 09:55:00,Directional Continuation / Sponsor Release,Unresolved->Unresolved->Directional->Directional,1.5219280948830343,0.3333333333333333,0.4,0.6,1.0,5.0,15.0,0.6725309656635055,0.2829115625776696,0.32952380952380955,0.12154616073647705,0.4650646278985208,RotationalPressure,0.4650646278985208
2831,2026-05-19 10:00:00,Directional Continuation / Sponsor Release,Unresolved->Directional->Directional->Directional,1.4854752972230063,0.3333333333333333,0.5,0.7,1.0,5.0,15.0,0.6348567697979137,0.344218945399134,0.32952380952380955,0.16549112725689544,0.45709057841038975,RotationalPressure,0.45709057841038975
2832,2026-05-19 10:05:00,Directional Continuation / Sponsor Release,Directional->Directional->Directional->Directional,1.3709505944503406,0.3333333333333333,0.6,0.8,1.0,5.0,15.0,0.5971825739323219,0.42260455746398806,0.32952380952380955,0.21431558784685373,0.4320382996788691,RotationalPressure,0.4320382996788691
2833,2026-05-19 10:10:00,Directional Continuation / Sponsor Release,Directional->Directional->Directional->Directional,1.1567796494427114,0.3333333333333333,0.7,0.9,1.0,5.0,15.0,0.55950837806673,0.5227877850177403,0.32952380952380955,0.2693679385764972,0.38518840545845023,DirectionalReleasePressure,0.5227877850177403
2834,2026-05-19 10:15:00,Directional Continuation / Sponsor Release,Directional->Directional->Directional->Directional,0.7219280948844771,0.2222222222222222,0.8,1.0,1.0,5.0,15.0,0.5218341822011382,0.7059671181329095,0.31563492063492066,0.3659906051808313,0.2483979612321698,DirectionalReleasePressure,0.7059671181329095
2835,2026-05-19 10:20:00,Directional Continuation / Sponsor Release,Directional->Directional->Directional->Directional,0.7219280948844771,0.2222222222222222,0.8,1.0,1.0,2.5,7.5,0.5218341822011382,0.7059671181329095,0.27170634920634923,0.3659906051808313,0.24482653266074123,DirectionalReleasePressure,0.7059671181329095
2836,2026-05-19 10:25:00,Directional Continuation / Sponsor Release,Directional->Directional->Directional->Directional,0.7219280948844771,0.1111111111111111,0.8,1.0,1.0,2.5,7.5,0.5218341822011382,0.7406893403551318,0.25781746031746033,0.3937683829586091,0.20315986599407457,DirectionalReleasePressure,0.7406893403551318
2837,2026-05-19 10:30:00,Sponsor Exhaustion Collapse,Directional->Directional->Directional->Degrading,0.9219280948830342,0.2222222222222222,0.8,1.0,0.0,9.5,7.5,0.5221303949946527,0.23177599134662882,0.19670634920634922,0.35349060518092146,0.2985765326604256,CompressionPressure,0.35349060518092146
2838,2026-05-19 10:35:00,Sponsor Exhaustion Collapse,Directional->Directional->Degrading->Degrading,0.7219280948844771,0.1111111111111111,0.8,1.0,0.0,9.5,7.5,0.5165113906834411,0.2592412691242961,0.18281746031746032,0.3937683829586091,0.21315986599407458,CompressionPressure,0.3937683829586091
2839,2026-05-19 10:40:00,Sponsor Exhaustion Collapse,Directional->Degrading->Degrading->Degrading,0.8812908992278072,0.1111111111111111,0.7,1.0,0.0,7.0,0.0,0.5130023801428086,0.23537338775009317,0.1388888888888889,0.3421415410204842,0.24444905087274946,CompressionPressure,0.3421415410204842
2840,2026-05-19 10:45:00,Sponsor Exhaustion Collapse,Degrading->Degrading->Degrading->Degrading,0.9709505944517833,0.1111111111111111,0.6,0.9,0.0,7.0,0.0,0.5094933696021762,0.2098421506678409,0.1388888888888889,0.29487114340231907,0.2640621092029942,CompressionPressure,0.29487114340231907
2841,2026-05-19 10:50:00,Sponsor Exhaustion Collapse,Degrading->Degrading->Degrading->Degrading,0.9999999999971146,0.1111111111111111,0.5,0.8,0.0,7.0,0.0,0.5059843590615438,0.18895138888910978,0.1388888888888889,0.25138888888906924,0.2704166666660355,RotationalPressure,0.2704166666660355
2842,2026-05-19 10:55:00,Sponsor Exhaustion Collapse,Degrading->Degrading->Degrading->Degrading,0.9709505944517833,0.1111111111111111,0.6,0.7,0.0,7.0,0.0,0.5024753485209114,0.1958421506678409,0.1388888888888889,0.29487114340231907,0.2640621092029942,CompressionPressure,0.29487114340231907
2843,2026-05-19 11:00:00,Stable Compression Basin,Degrading->Degrading->Degrading->Unresolved,1.2954618442339936,0.2222222222222222,0.6,0.6,0.0,9.940999999999999,0.0,0.5045853422914905,0.15184398032861263,0.0632813492063492,0.6968114125131533,0.380917040330948,CompressionPressure,0.6968114125131533
2844,2026-05-19 11:05:00,Unstable Rotational Balance,Degrading->Degrading->Unresolved->Balance,1.5709505944488977,0.3333333333333333,0.6,0.5,0.0,16.256999999999998,0.0,0.5038197027023216,0.11159909511250626,0.09972738095238094,0.20181558784694392,0.741869728249982,RotationalPressure,0.741869728249982
2845,2026-05-19 11:10:00,Stable Compression Basin,Degrading->Unresolved->Balance->Unresolved,1.5709505944488977,0.4444444444444444,0.6,0.4,0.0,18.362000000000002,0.0,0.505929696472901,0.09244631733472851,0.12113412698412698,0.6240378100691661,0.5365435377737916,CompressionPressure,0.6240378100691661
2846,2026-05-19 11:15:00,Unstable Rotational Balance,Unresolved->Balance->Unresolved->Balance,1.3709505944503406,0.4444444444444444,0.6,0.3,0.0,24.678,0.0,0.5051640568837319,0.10075881733461801,0.14369126984126984,0.18653781006907594,0.7518163949169643,RotationalPressure,0.7518163949169643
2847,2026-05-19 11:20:00,Stable Compression Basin,Balance->Unresolved->Balance->Unresolved,1.4854752972230063,0.5555555555555556,0.5,0.2,0.0,19.782999999999998,0.0,0.5107830611949437,0.061171075334141366,0.14009801587301587,0.5599355717013399,0.5615424831722945,RotationalPressure,0.5615424831722945
2848,2026-05-19 11:25:00,Stable Compression Basin,Unresolved->Balance->Unresolved->Unresolved,1.5219280948830343,0.5555555555555556,0.4,0.1,0.0,19.782999999999998,0.0,0.5164020655061554,0.039713491346628806,0.14009801587301587,0.5159906051809214,0.5695165326604256,RotationalPressure,0.5695165326604256
2849,2026-05-19 11:30:00,Stable Compression Basin,Balance->Unresolved->Unresolved->Unresolved,1.4854752972230063,0.5555555555555556,0.5,0.0,0.0,19.782999999999998,0.0,0.5220210698173673,0.04717107533414137,0.14009801587301587,0.5599355717013399,0.5615424831722945,RotationalPressure,0.5615424831722945
2850,2026-05-19 11:35:00,Unstable Rotational Balance,Unresolved->Unresolved->Unresolved->Balance,1.4854752972230063,0.6666666666666666,0.5,0.0,0.0,26.099,0.0,0.5247644407688307,0.03501829755636359,0.17654404761904763,0.08215779392356212,0.8622320069818183,RotationalPressure,0.8622320069818183
2851,2026-05-19 11:40:00,Stable Compression Basin,Unresolved->Unresolved->Balance->Unresolved,1.2954618442339936,0.7777777777777778,0.6,0.0,0.0,28.204,0.0,0.5303834450800424,0.04908009143972376,0.19795079365079365,0.5579225236242643,0.6153403736642812,RotationalPressure,0.6153403736642812
2852,2026-05-19 11:45:00,Stable Compression Basin,Unresolved->Balance->Unresolved->Unresolved,0.8812908992278072,0.6666666666666666,0.7,0.0,0.0,28.203999999999997,0.0,0.5360024493912542,0.10460949886120434,0.18406190476190476,0.6532526521315953,0.4830738127775113,CompressionPressure,0.6532526521315953
2853,2026-05-19 11:50:00,Sponsor Exhaustion Collapse,Balance->Unresolved->Unresolved->Degrading,1.2954618442339936,0.6666666666666666,0.6,0.0,0.0,25.262999999999998,0.0,0.530087232286528,0.06123286921750154,0.27355833333333335,0.1357003014020421,0.569472278426186,RotationalPressure,0.569472278426186
2854,2026-05-19 11:55:00,Sponsor Exhaustion Collapse,Unresolved->Unresolved->Degrading->Degrading,1.3709505944503406,0.5555555555555556,0.6,0.0,0.0,18.946999999999996,0.0,0.5273438613350645,0.06760603955684023,0.2371123015873016,0.15876003229129815,0.5352959187264882,RotationalPressure,0.5352959187264882
2855,2026-05-19 12:00:00,Sponsor Exhaustion Collapse,Unresolved->Degrading->Degrading->Degrading,1.4854752972230063,0.4444444444444444,0.5,0.0,0.0,16.842,0.0,0.5217248570238529,0.059323853111919136,0.21570555555555554,0.13771334947911767,0.5156743879341993,RotationalPressure,0.5156743879341993
2856,2026-05-19 12:05:00,Sponsor Exhaustion Collapse,Degrading->Degrading->Degrading->Degrading,1.360964047439353,0.3333333333333333,0.5,0.0,0.0,10.526,0.0,0.5189814860723894,0.08100952345125786,0.1792595238095238,0.17327308036837377,0.4377480282345013,RotationalPressure,0.4377480282345013
2857,2026-05-19 12:10:00,Sponsor Exhaustion Collapse,Degrading->Degrading->Degrading->Degrading,1.360964047439353,0.3333333333333333,0.5,0.0,0.0,8.421,0.0,0.5133624817611776,0.08100952345125786,0.17174166666666668,0.17327308036837377,0.43474088537735844,RotationalPressure,0.43474088537735844
2858,2026-05-19 12:15:00,Sponsor Exhaustion Collapse,Degrading->Degrading->Degrading->Degrading,1.2954618442339936,0.3333333333333333,0.6,0.0,0.0,8.421,0.0,0.5077434774499658,0.09769120255083487,0.17174166666666668,0.2190336347353754,0.42041227842618606,RotationalPressure,0.42041227842618606
2859,2026-05-19 12:20:00,Stable Compression Basin,Degrading->Degrading->Degrading->Unresolved,1.2954618442339936,0.3333333333333333,0.6,0.0,0.0,11.361999999999998,0.0,0.5077434774499657,0.09769120255083487,0.0822452380952381,0.6690336347353755,0.42461370699761464,CompressionPressure,0.6690336347353755
2860,2026-05-19 12:25:00,Sponsor Exhaustion Collapse,Degrading->Degrading->Unresolved->Degrading,0.8812908992278072,0.3333333333333333,0.7,0.0,0.0,11.41,0.0,0.5050001064985024,0.14106783219453767,0.18241666666666667,0.2865859854649287,0.33408238420608277,RotationalPressure,0.33408238420608277
2861,2026-05-19 12:30:00,Stable Compression Basin,Degrading->Unresolved->Degrading->Unresolved,0.8812908992278072,0.4444444444444444,0.7,0.0,0.0,12.245999999999999,0.0,0.5050001064985024,0.12891505441675988,0.09929126984126983,0.7088082076871509,0.37694333658703516,CompressionPressure,0.7088082076871509
2862,2026-05-19 12:35:00,Stable Compression Basin,Unresolved->Degrading->Unresolved->Unresolved,0.8812908992278072,0.3333333333333333,0.7,0.0,0.0,12.245999999999999,0.0,0.5050001064985024,0.14106783219453767,0.08540238095238095,0.7365859854649287,0.33527666992036853,CompressionPressure,0.7365859854649287
2863,2026-05-19 12:40:00,Stable Compression Basin,Degrading->Unresolved->Unresolved->Unresolved,0.9709505944517833,0.3333333333333333,0.6,0.0,0.0,12.245999999999999,0.0,0.5109153236032287,0.12253659511228533,0.08540238095238095,0.6893155878467636,0.35488972825061327,CompressionPressure,0.6893155878467636
2864,2026-05-19 12:45:00,Pure Unresolved Compression Equilibrium,Unresolved->Unresolved->Unresolved->Unresolved,1.360964047439353,0.4444444444444444,0.5,0.0,0.0,12.245999999999999,0.0,0.5520985300094529,0.0688567456734801,0.09929126984126983,0.595495302590596,0.4818718377583108,CompressionPressure,0.595495302590596
2865,2026-05-19 12:50:00,Pure Unresolved Compression Equilibrium,Unresolved->Unresolved->Unresolved->Unresolved,1.5219280948830343,0.4444444444444444,0.4,0.0,0.0,12.245999999999999,0.0,0.593281736415677,0.04486626912440659,0.09929126984126983,0.5437683829586993,0.5170827231366161,CompressionPressure,0.5437683829586993
2866,2026-05-19 12:55:00,Sponsor Exhaustion Collapse,Unresolved->Unresolved->Unresolved->Degrading,1.5219280948830343,0.5555555555555556,0.4,0.0,0.0,18.61,0.0,0.5932817364156772,0.032713491346628806,0.23590873015873018,0.06599060518092148,0.5678408183747113,RotationalPressure,0.5678408183747113
2867,2026-05-19 13:00:00,Sponsor Exhaustion Collapse,Unresolved->Unresolved->Degrading->Degrading,1.5219280948830343,0.5555555555555556,0.4,0.0,0.0,18.61,0.0,0.5932817364156772,0.032713491346628806,0.23590873015873018,0.06599060518092148,0.5678408183747113,RotationalPressure,0.5678408183747113
2868,2026-05-19 13:05:00,Stable Compression Basin,Unresolved->Degrading->Degrading->Unresolved,1.4854752972230063,0.5555555555555556,0.5,0.0,0.0,21.551,0.0,0.5989007407268889,0.04717107533414137,0.1464123015873016,0.5599355717013399,0.5640681974580088,RotationalPressure,0.5640681974580088
2869,2026-05-19 13:10:00,Stable Compression Basin,Degrading->Degrading->Unresolved->Unresolved,1.4854752972230063,0.4444444444444444,0.5,0.0,0.0,18.61,0.0,0.5989007407268889,0.059323853111919136,0.12201984126984126,0.5877133494791177,0.5182001022199135,CompressionPressure,0.5877133494791177
2870,2026-05-19 13:15:00,Sponsor Exhaustion Collapse,Degrading->Unresolved->Unresolved->Degrading,1.4854752972230063,0.4444444444444444,0.5,0.0,0.0,18.61,0.0,0.5989007407268889,0.059323853111919136,0.22201984126984126,0.13771334947911767,0.5182001022199135,RotationalPressure,0.5182001022199135
2871,2026-05-19 13:20:00,Stable Compression Basin,Unresolved->Unresolved->Degrading->Unresolved,1.4854752972230063,0.5555555555555556,0.5,0.0,0.0,18.61,0.0,0.5989007407268889,0.04717107533414137,0.13590873015873017,0.5599355717013399,0.5598667688865803,CompressionPressure,0.5599355717013399
2872,2026-05-19 13:25:00,Stable Compression Basin,Unresolved->Degrading->Unresolved->Unresolved,1.4854752972230063,0.5555555555555556,0.5,0.0,0.0,18.61,0.0,0.5989007407268889,0.04717107533414137,0.13590873015873017,0.5599355717013399,0.5598667688865803,CompressionPressure,0.5599355717013399
2873,2026-05-19 13:30:00,Stable Compression Basin,Degrading->Unresolved->Unresolved->Unresolved,1.4854752972230063,0.4444444444444444,0.5,0.0,0.0,18.61,0.0,0.5989007407268889,0.059323853111919136,0.12201984126984126,0.5877133494791177,0.5182001022199135,CompressionPressure,0.5877133494791177
2874,2026-05-19 13:35:00,Pure Unresolved Compression Equilibrium,Unresolved->Unresolved->Unresolved->Unresolved,1.4854752972230063,0.5555555555555556,0.5,0.0,0.0,18.61,0.0,0.5989007407268888,0.04717107533414137,0.13590873015873017,0.5599355717013399,0.5598667688865803,CompressionPressure,0.5599355717013399
2875,2026-05-19 13:40:00,Pure Unresolved Compression Equilibrium,Unresolved->Unresolved->Unresolved->Unresolved,1.4854752972230063,0.4444444444444444,0.5,0.0,0.0,18.61,0.0,0.5989007407268888,0.059323853111919136,0.12201984126984126,0.5877133494791177,0.5182001022199135,CompressionPressure,0.5877133494791177
2876,2026-05-19 13:45:00,Pure Unresolved Compression Equilibrium,Unresolved->Unresolved->Unresolved->Unresolved,1.4854752972230063,0.4444444444444444,0.5,0.0,0.0,12.245999999999999,0.0,0.6400839471331131,0.059323853111919136,0.09929126984126983,0.5877133494791177,0.509108673648485,CompressionPressure,0.5877133494791177
2877,2026-05-19 13:50:00,Pure Unresolved Compression Equilibrium,Unresolved->Unresolved->Unresolved->Unresolved,1.360964047439353,0.3333333333333333,0.5,0.0,0.0,12.245999999999999,0.0,0.6812671535393374,0.08100952345125786,0.08540238095238095,0.6232730803683738,0.44020517109164414,CompressionPressure,0.6232730803683738
2878,2026-05-19 13:55:00,Pure Unresolved Compression Equilibrium,Unresolved->Unresolved->Unresolved->Unresolved,1.360964047439353,0.3333333333333333,0.5,0.0,0.0,9.305,0.0,0.7168313556343499,0.08100952345125786,0.07489880952380952,0.6232730803683738,0.4360037425202156,CompressionPressure,0.6232730803683738
2879,2026-05-19 14:00:00,Pure Unresolved Compression Equilibrium,Unresolved->Unresolved->Unresolved->Unresolved,1.2954618442339936,0.2222222222222222,0.6,0.0,0.0,9.305,0.0,0.7523955577293624,0.10984398032861264,0.06100992063492063,0.6968114125131533,0.38000846890237655,CompressionPressure,0.6968114125131533
2880,2026-05-20 06:35:00,Pure Unresolved Compression Equilibrium,Unresolved->Unresolved->Unresolved->Unresolved,0.8812908992278072,0.1111111111111111,0.7,0.0,0.0,2.941,0.0,0.7935787641355866,0.1653733877500932,0.024392460317460316,0.7921415410204843,0.23865047944417803,CompressionPressure,0.7921415410204843
2881,2026-05-20 06:40:00,Pure Unresolved Compression Equilibrium,Unresolved->Unresolved->Unresolved->Unresolved,0.7219280948844771,0.1111111111111111,0.8,0.0,0.0,0.0,0.0,0.829142966230599,0.18924126912429612,0.013888888888888888,0.8437683829586091,0.199588437422646,CompressionPressure,0.8437683829586091
2882,2026-05-20 06:45:00,Pure Unresolved Compression Equilibrium,Unresolved->Unresolved->Unresolved->Unresolved,0.4689955935863958,0.1111111111111111,0.9,0.0,0.0,0.0,0.0,0.8647071683256116,0.2202730804215971,0.013888888888888888,0.9012433309564057,0.14425945276369073,CompressionPressure,0.9012433309564057
2883,2026-05-20 06:50:00,Pure Unresolved Compression Equilibrium,Unresolved->Unresolved->Unresolved->Unresolved,-1.4428232973175175e-12,0.0,1.0,0.0,0.0,0.0,0.0,0.9002713704206242,0.27999999999999997,0.0,0.9999999999999999,0.0,CompressionPressure,0.9999999999999999
2884,2026-05-20 06:55:00,Pure Unresolved Compression Equilibrium,Unresolved->Unresolved->Unresolved->Unresolved,-1.4428232973175175e-12,0.0,1.0,0.0,0.0,0.0,0.0,0.9002713704206242,0.27999999999999997,0.0,0.9999999999999999,0.0,CompressionPressure,0.9999999999999999
2885,2026-05-20 07:00:00,Pure Unresolved Compression Equilibrium,Unresolved->Unresolved->Unresolved->Unresolved,-1.4428232973175175e-12,0.0,1.0,0.0,0.0,0.0,0.0,0.9002713704206242,0.27999999999999997,0.0,0.9999999999999999,0.0,CompressionPressure,0.9999999999999999
2886,2026-05-20 07:05:00,Pure Unresolved Compression Equilibrium,Unresolved->Unresolved->Unresolved->Unresolved,-1.4428232973175175e-12,0.0,1.0,0.0,0.0,0.0,0.0,0.9002713704206242,0.27999999999999997,0.0,0.9999999999999999,0.0,CompressionPressure,0.9999999999999999
2887,2026-05-20 07:10:00,Unstable Rotational Balance,Unresolved->Unresolved->Unresolved->Balance,0.4689955935863958,0.1111111111111111,0.9,0.0,0.0,6.316,0.0,0.8618315349658634,0.2202730804215971,0.03644603174603174,0.4512433309564058,0.4032823099065479,CompressionPressure,0.4512433309564058
2888,2026-05-20 07:15:00,Stable Compression Basin,Unresolved->Unresolved->Balance->Unresolved,0.9219280948830342,0.2222222222222222,0.8,0.0,0.0,8.421,0.0,0.8262673328708509,0.16177599134662882,0.057852777777777774,0.8034906051809215,0.297035104088997,CompressionPressure,0.8034906051809215
2889,2026-05-20 07:20:00,Stable Compression Basin,Unresolved->Balance->Unresolved->Unresolved,1.1567796494427114,0.2222222222222222,0.7,0.0,0.0,8.421,0.0,0.7907031307758383,0.13212850253398684,0.057852777777777774,0.747145716354275,0.3484088816489264,CompressionPressure,0.747145716354275
2890,2026-05-20 07:25:00,Stable Compression Basin,Balance->Unresolved->Unresolved->Unresolved,1.2954618442339936,0.2222222222222222,0.6,0.0,0.0,8.421,0.0,0.7551389286808258,0.10984398032861264,0.057852777777777774,0.6968114125131533,0.3787456117595194,CompressionPressure,0.6968114125131533
2891,2026-05-20 07:30:00,Unstable Rotational Balance,Unresolved->Unresolved->Unresolved->Balance,1.4854752972230063,0.3333333333333333,0.5,0.0,0.0,14.737,0.0,0.716699093226065,0.07147663088969691,0.09429880952380952,0.16549112725689544,0.7210005784103898,RotationalPressure,0.7210005784103898
2892,2026-05-20 07:35:00,Stable Compression Basin,Unresolved->Unresolved->Balance->Unresolved,1.5219280948830343,0.4444444444444444,0.4,0.0,0.0,16.842000000000002,0.0,0.6811348911310524,0.04486626912440659,0.11570555555555556,0.5437683829586993,0.5236484374223304,CompressionPressure,0.5437683829586993
2893,2026-05-20 07:40:00,Stable Compression Basin,Unresolved->Balance->Unresolved->Unresolved,1.4854752972230063,0.4444444444444444,0.5,0.0,0.0,16.842000000000002,0.0,0.64557068903604,0.059323853111919136,0.11570555555555556,0.5877133494791177,0.5156743879341993,CompressionPressure,0.5877133494791177
2894,2026-05-20 07:45:00,Stable Compression Basin,Balance->Unresolved->Unresolved->Unresolved,1.3709505944503406,0.4444444444444444,0.6,0.0,0.0,16.842,0.0,0.6100064869410275,0.07975881733461802,0.11570555555555555,0.636537810069076,0.49062210920267857,CompressionPressure,0.636537810069076
2895,2026-05-20 07:50:00,Unstable Rotational Balance,Unresolved->Unresolved->Unresolved->Balance,1.2954618442339936,0.5555555555555556,0.6,0.0,0.0,23.157999999999998,0.0,0.5715666514862667,0.0733856469952793,0.1521515873015873,0.16347807917981982,0.7747984689023766,RotationalPressure,0.7747984689023766
2896,2026-05-20 07:55:00,Unstable Rotational Balance,Unresolved->Unresolved->Balance->Balance,0.9709505944517833,0.4444444444444444,0.6,0.0,0.0,23.157999999999998,0.0,0.5331268160315059,0.11038381733450757,0.1382626984126984,0.21153781006898575,0.6621449663458514,RotationalPressure,0.6621449663458514
2897,2026-05-20 08:00:00,Stable Compression Basin,Unresolved->Balance->Balance->Unresolved,0.8812908992278072,0.4444444444444444,0.7,0.0,0.0,18.947,0.0,0.5360024493912542,0.12891505441675988,0.1232234126984127,0.7088082076871509,0.38651619372989227,CompressionPressure,0.7088082076871509
2898,2026-05-20 08:05:00,Stable Compression Basin,Balance->Balance->Unresolved->Unresolved,0.8812908992278072,0.4444444444444444,0.7,0.0,0.0,16.842000000000002,0.0,0.5360024493912542,0.12891505441675988,0.11570555555555556,0.7088082076871509,0.38350905087274945,CompressionPressure,0.7088082076871509
2899,2026-05-20 08:10:00,Unstable Rotational Balance,Balance->Unresolved->Unresolved->Balance,0.9709505944517833,0.5555555555555556,0.6,0.0,0.0,23.157999999999998,0.0,0.5331268160315059,0.09823103955672978,0.1521515873015873,0.18376003229120796,0.7038116330125181,RotationalPressure,0.7038116330125181
2900,2026-05-20 08:15:00,Stable Compression Basin,Unresolved->Unresolved->Balance->Unresolved,0.9709505944517833,0.5555555555555556,0.6,0.0,0.0,25.262999999999998,0.0,0.5331268160315059,0.09823103955672978,0.15966944444444445,0.633760032291208,0.4568187758696609,CompressionPressure,0.633760032291208
2901,2026-05-20 08:20:00,Unstable Rotational Balance,Unresolved->Balance->Unresolved->Balance,0.9709505944517833,0.5555555555555556,0.6,0.0,0.0,25.262999999999998,0.0,0.5331268160315059,0.09823103955672978,0.15966944444444445,0.18376003229120796,0.7068187758696609,RotationalPressure,0.7068187758696609
2902,2026-05-20 08:25:00,Unstable Rotational Balance,Balance->Unresolved->Balance->Balance,0.9999999999971146,0.5555555555555556,0.5,0.0,0.0,23.157999999999998,0.0,0.5302511826717575,0.08434027777799868,0.1521515873015873,0.1402777777779581,0.7101661904755593,RotationalPressure,0.7101661904755593
2903,2026-05-20 08:30:00,Stable Compression Basin,Unresolved->Balance->Balance->Unresolved,0.9999999999971146,0.6666666666666666,0.5,0.0,0.0,25.262999999999998,0.0,0.5302511826717575,0.07218750000022091,0.17355833333333331,0.5625000000001804,0.5048399999993688,CompressionPressure,0.5625000000001804
2904,2026-05-20 08:35:00,Stable Compression Basin,Balance->Balance->Unresolved->Unresolved,0.9999999999971146,0.5555555555555556,0.5,0.0,0.0,25.262999999999998,0.0,0.5302511826717575,0.08434027777799868,0.15966944444444445,0.5902777777779582,0.4631733333327021,CompressionPressure,0.5902777777779582
2905,2026-05-20 08:40:00,Stable Compression Basin,Balance->Unresolved->Unresolved->Unresolved,0.9709505944517833,0.5555555555555556,0.6,0.0,0.0,18.946999999999996,0.0,0.5331268160315059,0.09823103955672978,0.1371123015873016,0.633760032291208,0.44779591872680374,CompressionPressure,0.633760032291208
2906,2026-05-20 08:45:00,Pure Unresolved Compression Equilibrium,Unresolved->Unresolved->Unresolved->Unresolved,1.2954618442339936,0.5555555555555556,0.6,0.0,0.0,18.946999999999996,0.0,0.5715666514862667,0.0733856469952793,0.1371123015873016,0.6134780791798199,0.5187827546166622,CompressionPressure,0.6134780791798199
2907,2026-05-20 08:50:00,Pure Unresolved Compression Equilibrium,Unresolved->Unresolved->Unresolved->Unresolved,1.4854752972230063,0.5555555555555556,0.5,0.0,0.0,16.842000000000002,0.0,0.6071308535812792,0.04717107533414137,0.12959444444444446,0.5599355717013399,0.5573410546008659,CompressionPressure,0.5599355717013399
2908,2026-05-20 08:55:00,Pure Unresolved Compression Equilibrium,Unresolved->Unresolved->Unresolved->Unresolved,1.5709505944503404,0.4444444444444444,0.4,0.0,0.0,16.842000000000002,0.0,0.6426950556762916,0.04111298400128472,0.11570555555555556,0.5407044767357427,0.5343721092026785,CompressionPressure,0.5407044767357427
2909,2026-05-20 09:00:00,Pure Unresolved Compression Equilibrium,Unresolved->Unresolved->Unresolved->Unresolved,1.5219280948830343,0.3333333333333333,0.4,0.0,0.0,10.526,0.0,0.6811348911310524,0.05701904690218436,0.07925952380952381,0.571546160736477,0.47295891361280656,CompressionPressure,0.571546160736477
2910,2026-05-20 09:05:00,Pure Unresolved Compression Equilibrium,Unresolved->Unresolved->Unresolved->Unresolved,1.4854752972230063,0.2222222222222222,0.5,0.0,0.0,8.421,0.0,0.716699093226065,0.08362940866747469,0.057852777777777774,0.6432689050346733,0.42031105460086593,CompressionPressure,0.6432689050346733
2911,2026-05-20 09:10:00,Pure Unresolved Compression Equilibrium,Unresolved->Unresolved->Unresolved->Unresolved,1.2954618442339936,0.2222222222222222,0.6,0.0,0.0,2.105,0.0,0.7551389286808258,0.10984398032861264,0.03529563492063492,0.6968114125131533,0.36972275461666226,CompressionPressure,0.6968114125131533
2912,2026-05-20 09:15:00,Pure Unresolved Compression Equilibrium,Unresolved->Unresolved->Unresolved->Unresolved,0.8812908992278072,0.1111111111111111,0.7,0.0,0.0,2.105,0.0,0.7935787641355866,0.1653733877500932,0.02140674603174603,0.7921415410204843,0.2374561937298923,CompressionPressure,0.7921415410204843
2913,2026-05-20 09:20:00,Pure Unresolved Compression Equilibrium,Unresolved->Unresolved->Unresolved->Unresolved,0.7219280948844771,0.1111111111111111,0.8,0.0,0.0,0.0,0.0,0.829142966230599,0.18924126912429612,0.013888888888888888,0.8437683829586091,0.199588437422646,CompressionPressure,0.8437683829586091
2914,2026-05-20 09:25:00,Pure Unresolved Compression Equilibrium,Unresolved->Unresolved->Unresolved->Unresolved,0.4689955935863958,0.1111111111111111,0.9,0.0,0.0,0.0,0.0,0.8647071683256116,0.2202730804215971,0.013888888888888888,0.9012433309564057,0.14425945276369073,CompressionPressure,0.9012433309564057
2915,2026-05-20 09:30:00,Pure Unresolved Compression Equilibrium,Unresolved->Unresolved->Unresolved->Unresolved,-1.4428232973175175e-12,0.0,1.0,0.0,0.0,0.0,0.0,0.9002713704206242,0.27999999999999997,0.0,0.9999999999999999,0.0,CompressionPressure,0.9999999999999999
2916,2026-05-20 09:35:00,Pure Unresolved Compression Equilibrium,Unresolved->Unresolved->Unresolved->Unresolved,-1.4428232973175175e-12,0.0,1.0,0.0,0.0,0.0,0.0,0.9002713704206242,0.27999999999999997,0.0,0.9999999999999999,0.0,CompressionPressure,0.9999999999999999
2917,2026-05-20 09:40:00,Pure Unresolved Compression Equilibrium,Unresolved->Unresolved->Unresolved->Unresolved,-1.4428232973175175e-12,0.0,1.0,0.0,0.0,0.0,0.0,0.9002713704206242,0.27999999999999997,0.0,0.9999999999999999,0.0,CompressionPressure,0.9999999999999999
2918,2026-05-20 09:45:00,Pure Unresolved Compression Equilibrium,Unresolved->Unresolved->Unresolved->Unresolved,-1.4428232973175175e-12,0.0,1.0,0.0,0.0,0.0,0.0,0.9002713704206242,0.27999999999999997,0.0,0.9999999999999999,0.0,CompressionPressure,0.9999999999999999
2919,2026-05-20 09:50:00,Pure Unresolved Compression Equilibrium,Unresolved->Unresolved->Unresolved->Unresolved,-1.4428232973175175e-12,0.0,1.0,0.0,0.0,0.0,0.0,0.9002713704206242,0.27999999999999997,0.0,0.9999999999999999,0.0,CompressionPressure,0.9999999999999999
2920,2026-05-20 09:55:00,Pure Unresolved Compression Equilibrium,Unresolved->Unresolved->Unresolved->Unresolved,-1.4428232973175175e-12,0.0,1.0,0.0,0.0,0.0,0.0,0.9002713704206242,0.27999999999999997,0.0,0.9999999999999999,0.0,CompressionPressure,0.9999999999999999
2921,2026-05-20 10:00:00,Pure Unresolved Compression Equilibrium,Unresolved->Unresolved->Unresolved->Unresolved,-1.4428232973175175e-12,0.0,1.0,0.0,0.0,0.0,0.0,0.9002713704206242,0.27999999999999997,0.0,0.9999999999999999,0.0,CompressionPressure,0.9999999999999999
2922,2026-05-20 10:05:00,Pure Unresolved Compression Equilibrium,Unresolved->Unresolved->Unresolved->Unresolved,-1.4428232973175175e-12,0.0,1.0,0.0,0.0,0.0,0.0,0.9002713704206242,0.27999999999999997,0.0,0.9999999999999999,0.0,CompressionPressure,0.9999999999999999
2923,2026-05-20 10:10:00,Pure Unresolved Compression Equilibrium,Unresolved->Unresolved->Unresolved->Unresolved,-1.4428232973175175e-12,0.0,1.0,0.0,0.0,0.0,0.0,0.9002713704206242,0.27999999999999997,0.0,0.9999999999999999,0.0,CompressionPressure,0.9999999999999999
2924,2026-05-20 10:15:00,Pure Unresolved Compression Equilibrium,Unresolved->Unresolved->Unresolved->Unresolved,-1.4428232973175175e-12,0.0,1.0,0.0,0.0,0.0,0.0,0.9002713704206242,0.27999999999999997,0.0,0.9999999999999999,0.0,CompressionPressure,0.9999999999999999
2925,2026-05-20 10:20:00,Pure Unresolved Compression Equilibrium,Unresolved->Unresolved->Unresolved->Unresolved,-1.4428232973175175e-12,0.0,1.0,0.0,0.0,0.0,0.0,0.9002713704206242,0.27999999999999997,0.0,0.9999999999999999,0.0,CompressionPressure,0.9999999999999999
2926,2026-05-20 10:25:00,Pure Unresolved Compression Equilibrium,Unresolved->Unresolved->Unresolved->Unresolved,-1.4428232973175175e-12,0.0,1.0,0.0,0.0,0.0,0.0,0.9002713704206242,0.27999999999999997,0.0,0.9999999999999999,0.0,CompressionPressure,0.9999999999999999
2927,2026-05-20 10:30:00,Pure Unresolved Compression Equilibrium,Unresolved->Unresolved->Unresolved->Unresolved,-1.4428232973175175e-12,0.0,1.0,0.0,0.0,0.0,0.0,0.9002713704206242,0.27999999999999997,0.0,0.9999999999999999,0.0,CompressionPressure,0.9999999999999999
2928,2026-05-20 10:35:00,Pure Unresolved Compression Equilibrium,Unresolved->Unresolved->Unresolved->Unresolved,-1.4428232973175175e-12,0.0,1.0,0.0,0.0,0.0,0.0,0.9002713704206242,0.27999999999999997,0.0,0.9999999999999999,0.0,CompressionPressure,0.9999999999999999
2929,2026-05-20 10:40:00,Pure Unresolved Compression Equilibrium,Unresolved->Unresolved->Unresolved->Unresolved,-1.4428232973175175e-12,0.0,1.0,0.0,0.0,0.0,0.0,0.9002713704206242,0.27999999999999997,0.0,0.9999999999999999,0.0,CompressionPressure,0.9999999999999999
2930,2026-05-20 10:45:00,Pure Unresolved Compression Equilibrium,Unresolved->Unresolved->Unresolved->Unresolved,-1.4428232973175175e-12,0.0,1.0,0.0,0.0,0.0,0.0,0.9002713704206242,0.27999999999999997,0.0,0.9999999999999999,0.0,CompressionPressure,0.9999999999999999
2931,2026-05-20 10:50:00,Pure Unresolved Compression Equilibrium,Unresolved->Unresolved->Unresolved->Unresolved,-1.4428232973175175e-12,0.0,1.0,0.0,0.0,0.0,0.0,0.9002713704206242,0.27999999999999997,0.0,0.9999999999999999,0.0,CompressionPressure,0.9999999999999999
2932,2026-05-20 10:55:00,Pure Unresolved Compression Equilibrium,Unresolved->Unresolved->Unresolved->Unresolved,-1.4428232973175175e-12,0.0,1.0,0.0,0.0,0.0,0.0,0.9002713704206242,0.27999999999999997,0.0,0.9999999999999999,0.0,CompressionPressure,0.9999999999999999
2933,2026-05-20 11:00:00,Pure Unresolved Compression Equilibrium,Unresolved->Unresolved->Unresolved->Unresolved,-1.4428232973175175e-12,0.0,1.0,0.0,0.0,0.0,0.0,0.9002713704206242,0.27999999999999997,0.0,0.9999999999999999,0.0,CompressionPressure,0.9999999999999999
2934,2026-05-20 11:05:00,Pure Unresolved Compression Equilibrium,Unresolved->Unresolved->Unresolved->Unresolved,-1.4428232973175175e-12,0.0,1.0,0.0,0.0,0.0,0.0,0.9002713704206242,0.27999999999999997,0.0,0.9999999999999999,0.0,CompressionPressure,0.9999999999999999
2935,2026-05-20 11:10:00,Pure Unresolved Compression Equilibrium,Unresolved->Unresolved->Unresolved->Unresolved,-1.4428232973175175e-12,0.0,1.0,0.0,0.0,0.0,0.0,0.9002713704206242,0.27999999999999997,0.0,0.9999999999999999,0.0,CompressionPressure,0.9999999999999999
2936,2026-05-20 11:15:00,Pure Unresolved Compression Equilibrium,Unresolved->Unresolved->Unresolved->Unresolved,-1.4428232973175175e-12,0.0,1.0,0.0,0.0,0.0,0.0,0.9002713704206242,0.27999999999999997,0.0,0.9999999999999999,0.0,CompressionPressure,0.9999999999999999
2937,2026-05-20 11:20:00,Pure Unresolved Compression Equilibrium,Unresolved->Unresolved->Unresolved->Unresolved,-1.4428232973175175e-12,0.0,1.0,0.0,0.0,0.0,0.0,0.9002713704206242,0.27999999999999997,0.0,0.9999999999999999,0.0,CompressionPressure,0.9999999999999999
2938,2026-05-20 11:25:00,Pure Unresolved Compression Equilibrium,Unresolved->Unresolved->Unresolved->Unresolved,-1.4428232973175175e-12,0.0,1.0,0.0,0.0,0.0,0.0,0.9002713704206242,0.27999999999999997,0.0,0.9999999999999999,0.0,CompressionPressure,0.9999999999999999
2939,2026-05-20 11:30:00,Pure Unresolved Compression Equilibrium,Unresolved->Unresolved->Unresolved->Unresolved,-1.4428232973175175e-12,0.0,1.0,0.0,0.0,0.0,0.0,0.9002713704206242,0.27999999999999997,0.0,0.9999999999999999,0.0,CompressionPressure,0.9999999999999999
2940,2026-05-20 11:35:00,Pure Unresolved Compression Equilibrium,Unresolved->Unresolved->Unresolved->Unresolved,-1.4428232973175175e-12,0.0,1.0,0.0,0.0,0.0,0.0,0.9002713704206242,0.27999999999999997,0.0,0.9999999999999999,0.0,CompressionPressure,0.9999999999999999
2941,2026-05-20 11:40:00,Pure Unresolved Compression Equilibrium,Unresolved->Unresolved->Unresolved->Unresolved,-1.4428232973175175e-12,0.0,1.0,0.0,0.0,0.0,0.0,0.9002713704206242,0.27999999999999997,0.0,0.9999999999999999,0.0,CompressionPressure,0.9999999999999999
2942,2026-05-20 11:45:00,Pure Unresolved Compression Equilibrium,Unresolved->Unresolved->Unresolved->Unresolved,-1.4428232973175175e-12,0.0,1.0,0.0,0.0,0.0,0.0,0.9002713704206242,0.27999999999999997,0.0,0.9999999999999999,0.0,CompressionPressure,0.9999999999999999
2943,2026-05-20 11:50:00,Pure Unresolved Compression Equilibrium,Unresolved->Unresolved->Unresolved->Unresolved,-1.4428232973175175e-12,0.0,1.0,0.0,0.0,0.0,0.0,0.9002713704206242,0.27999999999999997,0.0,0.9999999999999999,0.0,CompressionPressure,0.9999999999999999
2944,2026-05-20 11:55:00,Pure Unresolved Compression Equilibrium,Unresolved->Unresolved->Unresolved->Unresolved,-1.4428232973175175e-12,0.0,1.0,0.0,0.0,0.0,0.0,0.9002713704206242,0.27999999999999997,0.0,0.9999999999999999,0.0,CompressionPressure,0.9999999999999999
2945,2026-05-20 12:00:00,Pure Unresolved Compression Equilibrium,Unresolved->Unresolved->Unresolved->Unresolved,-1.4428232973175175e-12,0.0,1.0,0.0,0.0,0.0,0.0,0.9002713704206242,0.27999999999999997,0.0,0.9999999999999999,0.0,CompressionPressure,0.9999999999999999
2946,2026-05-20 12:05:00,Pure Unresolved Compression Equilibrium,Unresolved->Unresolved->Unresolved->Unresolved,-1.4428232973175175e-12,0.0,1.0,0.0,0.0,0.0,0.0,0.9002713704206242,0.27999999999999997,0.0,0.9999999999999999,0.0,CompressionPressure,0.9999999999999999
2947,2026-05-20 12:10:00,Pure Unresolved Compression Equilibrium,Unresolved->Unresolved->Unresolved->Unresolved,-1.4428232973175175e-12,0.0,1.0,0.0,0.0,0.0,0.0,0.9002713704206242,0.27999999999999997,0.0,0.9999999999999999,0.0,CompressionPressure,0.9999999999999999
2948,2026-05-20 12:15:00,Pure Unresolved Compression Equilibrium,Unresolved->Unresolved->Unresolved->Unresolved,-1.4428232973175175e-12,0.0,1.0,0.0,0.0,0.0,0.0,0.9002713704206242,0.27999999999999997,0.0,0.9999999999999999,0.0,CompressionPressure,0.9999999999999999
2949,2026-05-20 12:20:00,Pure Unresolved Compression Equilibrium,Unresolved->Unresolved->Unresolved->Unresolved,-1.4428232973175175e-12,0.0,1.0,0.0,0.0,0.0,0.0,0.9002713704206242,0.27999999999999997,0.0,0.9999999999999999,0.0,CompressionPressure,0.9999999999999999
2950,2026-05-20 12:25:00,Pure Unresolved Compression Equilibrium,Unresolved->Unresolved->Unresolved->Unresolved,-1.4428232973175175e-12,0.0,1.0,0.0,0.0,0.0,0.0,0.9002713704206242,0.27999999999999997,0.0,0.9999999999999999,0.0,CompressionPressure,0.9999999999999999
2951,2026-05-20 12:30:00,Pure Unresolved Compression Equilibrium,Unresolved->Unresolved->Unresolved->Unresolved,-1.4428232973175175e-12,0.0,1.0,0.0,0.0,0.0,0.0,0.9002713704206242,0.27999999999999997,0.0,0.9999999999999999,0.0,CompressionPressure,0.9999999999999999
2952,2026-05-20 12:35:00,Pure Unresolved Compression Equilibrium,Unresolved->Unresolved->Unresolved->Unresolved,-1.4428232973175175e-12,0.0,1.0,0.0,0.0,0.0,0.0,0.9002713704206242,0.27999999999999997,0.0,0.9999999999999999,0.0,CompressionPressure,0.9999999999999999
2953,2026-05-20 12:40:00,Pure Unresolved Compression Equilibrium,Unresolved->Unresolved->Unresolved->Unresolved,-1.4428232973175175e-12,0.0,1.0,0.0,0.0,0.0,0.0,0.9002713704206242,0.27999999999999997,0.0,0.9999999999999999,0.0,CompressionPressure,0.9999999999999999
2954,2026-05-20 12:45:00,Sponsor Exhaustion Collapse,Unresolved->Unresolved->Unresolved->Degrading,0.4689955935863958,0.1111111111111111,0.9,0.0,0.0,6.364,0.0,0.8590881640143999,0.2202730804215971,0.1366174603174603,0.4512433309564058,0.15335088133511932,CompressionPressure,0.4512433309564058
2955,2026-05-20 12:50:00,Stable Compression Basin,Unresolved->Unresolved->Degrading->Unresolved,0.9219280948830342,0.2222222222222222,0.8,0.0,0.0,9.305,0.0,0.8235239619193873,0.16177599134662882,0.06100992063492063,0.8034906051809215,0.2982979612318542,CompressionPressure,0.8034906051809215
2956,2026-05-20 12:55:00,Sponsor Exhaustion Collapse,Unresolved->Degrading->Unresolved->Degrading,1.1567796494427114,0.3333333333333333,0.7,0.0,0.0,15.669,0.0,0.7823407555131631,0.11997572475620906,0.19762738095238097,0.2693679385764972,0.40042983402987886,RotationalPressure,0.40042983402987886
2957,2026-05-20 13:00:00,Sponsor Exhaustion Collapse,Degrading->Unresolved->Degrading->Degrading,1.2954618442339936,0.3333333333333333,0.6,0.0,0.0,15.669,0.0,0.7411575491069389,0.09769120255083487,0.19762738095238097,0.2190336347353754,0.43076656414047176,RotationalPressure,0.43076656414047176
2958,2026-05-20 13:05:00,Sponsor Exhaustion Collapse,Unresolved->Degrading->Degrading->Degrading,1.360964047439353,0.3333333333333333,0.5,0.0,0.0,15.669,0.0,0.6999743427007147,0.08100952345125786,0.19762738095238097,0.17327308036837377,0.4450951710916442,RotationalPressure,0.4450951710916442
2959,2026-05-20 13:10:00,Unstable Rotational Balance,Degrading->Degrading->Degrading->Balance,1.7219280948815914,0.4444444444444444,0.4,0.0,0.0,25.669,0.0,0.6615345072459539,0.038888888888888896,0.14723055555555556,0.0888888888888889,0.8033366666666666,RotationalPressure,0.8033366666666666
2960,2026-05-20 13:15:00,Stable Compression Basin,Degrading->Degrading->Balance->Unresolved,1.8464393446652445,0.5555555555555556,0.4,0.0,0.0,27.774,0.0,0.6259703051509413,0.026736111111111113,0.1686373015873016,0.5111111111111111,0.5980104761904762,RotationalPressure,0.5980104761904762
2961,2026-05-20 13:20:00,Unstable Rotational Balance,Degrading->Balance->Unresolved->Balance,1.9219280948815916,0.6666666666666666,0.4,0.0,0.0,34.089999999999996,0.0,0.5875304696961805,0.01458333333333334,0.2050833333333333,0.033333333333333354,0.8986999999999999,RotationalPressure,0.8986999999999999
2962,2026-05-20 13:25:00,Unstable Rotational Balance,Balance->Unresolved->Balance->Balance,1.8464393446652445,0.6666666666666666,0.4,0.0,0.0,34.089999999999996,0.0,0.5490906342414196,0.01458333333333334,0.2050833333333333,0.033333333333333354,0.8986999999999999,RotationalPressure,0.8986999999999999
2963,2026-05-20 13:30:00,Unstable Rotational Balance,Unresolved->Balance->Balance->Balance,1.5219280948830343,0.5555555555555556,0.4,0.0,0.0,34.089999999999996,0.0,0.5106507987866589,0.032713491346628806,0.19119444444444444,0.06599060518092148,0.839955104088997,RotationalPressure,0.839955104088997
2964,2026-05-20 13:35:00,Unstable Rotational Balance,Balance->Balance->Balance->Balance,1.4854752972230063,0.4444444444444444,0.5,0.0,0.0,27.726,0.0,0.5133941697381222,0.059323853111919136,0.15457698412698412,0.13771334947911767,0.7812229593627706,RotationalPressure,0.7812229593627706
2965,2026-05-20 13:40:00,Unstable Rotational Balance,Balance->Balance->Balance->Balance,1.2954618442339936,0.3333333333333333,0.6,0.0,0.0,24.784999999999997,0.0,0.5105185363783739,0.09769120255083487,0.1301845238095238,0.2190336347353754,0.693789421283329,RotationalPressure,0.693789421283329
2966,2026-05-20 13:45:00,Sponsor Exhaustion Collapse,Balance->Balance->Balance->Degrading,1.2954618442339936,0.4444444444444444,0.6,0.0,0.0,23.421,0.0,0.510518536378374,0.08553842477305709,0.23920198412698412,0.19125585695759761,0.48350751652142415,RotationalPressure,0.48350751652142415
2967,2026-05-20 13:50:00,Unstable Rotational Balance,Balance->Balance->Degrading->Balance,1.1567796494427114,0.5555555555555556,0.7,0.0,0.0,33.421,0.0,0.5132619073298373,0.09567016920065352,0.18880515873015874,0.21381238302094163,0.7591231673632121,RotationalPressure,0.7591231673632121
2968,2026-05-20 13:55:00,Sponsor Exhaustion Collapse,Balance->Degrading->Balance->Degrading,1.1567796494427114,0.5555555555555556,0.7,0.0,0.0,38.421,0.0,0.5132619073298373,0.09567016920065352,0.30666230158730157,0.21381238302094163,0.5162660245060693,RotationalPressure,0.5162660245060693
2969,2026-05-20 14:00:00,Stable Compression Basin,Degrading->Balance->Degrading->Unresolved,1.3709505944503406,0.5555555555555556,0.6,0.0,0.0,31.362000000000002,0.0,0.5161375406895857,0.06760603955684023,0.1814515873015873,0.6087600322912982,0.5530316330122025,CompressionPressure,0.6087600322912982
2970,2026-05-21 06:35:00,Stable Compression Basin,Balance->Degrading->Unresolved->Unresolved,1.3709505944503406,0.4444444444444444,0.6,0.0,0.0,29.256999999999998,0.0,0.5161375406895857,0.07975881733461802,0.16004484126984125,0.636537810069076,0.5083578234883929,CompressionPressure,0.636537810069076
2971,2026-05-21 06:40:00,Sponsor Exhaustion Collapse,Degrading->Unresolved->Unresolved->Degrading,1.4854752972230063,0.5555555555555556,0.5,0.0,0.0,29.305,0.0,0.5133941697381224,0.04717107533414137,0.2741051587301587,0.10993557170133988,0.5751453403151516,RotationalPressure,0.5751453403151516
2972,2026-05-21 06:45:00,Stable Compression Basin,Unresolved->Unresolved->Degrading->Unresolved,1.5709505944503404,0.6666666666666666,0.4,0.0,0.0,32.246,0.0,0.5162698030978706,0.016807428445729165,0.19849761904761903,0.48514892118018715,0.6397111568217262,RotationalPressure,0.6397111568217262
2973,2026-05-21 06:50:00,Stable Compression Basin,Unresolved->Degrading->Unresolved->Unresolved,1.5709505944503404,0.6666666666666666,0.4,0.0,0.0,32.246,0.0,0.5191454364576189,0.016807428445729165,0.19849761904761903,0.48514892118018715,0.6397111568217262,RotationalPressure,0.6397111568217262
2974,2026-05-21 06:55:00,Stable Compression Basin,Degrading->Unresolved->Unresolved->Unresolved,1.4854752972230063,0.6666666666666666,0.5,0.0,0.0,32.245999999999995,0.0,0.5220210698173673,0.03501829755636359,0.19849761904761903,0.5321577939235621,0.6210134355532468,RotationalPressure,0.6210134355532468
2975,2026-05-21 07:00:00,Pure Unresolved Compression Equilibrium,Unresolved->Unresolved->Unresolved->Unresolved,1.6854752972215634,0.6666666666666666,0.5,0.0,0.0,32.245999999999995,0.0,0.560460905272128,0.026250000000000002,0.19849761904761903,0.525,0.6460657142857142,RotationalPressure,0.6460657142857142
2976,2026-05-21 07:05:00,Pure Unresolved Compression Equilibrium,Unresolved->Unresolved->Unresolved->Unresolved,1.7609640474379105,0.5555555555555556,0.5,0.0,0.0,27.246,0.0,0.6016441116783524,0.03840277777777777,0.1667515873015873,0.5527777777777778,0.5972561904761905,RotationalPressure,0.5972561904761905
2977,2026-05-21 07:10:00,Pure Unresolved Compression Equilibrium,Unresolved->Unresolved->Unresolved->Unresolved,1.4854752972230063,0.4444444444444444,0.5,0.0,0.0,17.246000000000002,0.0,0.6400839471331131,0.059323853111919136,0.1171484126984127,0.5877133494791177,0.5162515307913421,CompressionPressure,0.5877133494791177
2978,2026-05-21 07:15:00,Unstable Rotational Balance,Unresolved->Unresolved->Unresolved->Balance,1.6854752972215634,0.4444444444444444,0.5,0.0,0.0,18.562,0.0,0.6428273180845766,0.050555555555555555,0.1218484126984127,0.13055555555555556,0.7931838095238095,RotationalPressure,0.7931838095238095
2979,2026-05-21 07:20:00,Unstable Rotational Balance,Unresolved->Unresolved->Balance->Balance,1.8464393446652445,0.4444444444444444,0.4,0.0,0.0,15.620999999999999,0.0,0.6399516847248282,0.038888888888888896,0.11134484126984126,0.0888888888888889,0.7889823809523809,RotationalPressure,0.7889823809523809
2980,2026-05-21 07:25:00,Stable Compression Basin,Unresolved->Balance->Balance->Unresolved,1.8464393446652445,0.4444444444444444,0.4,0.0,0.0,17.726,0.0,0.6399516847248282,0.038888888888888896,0.1188626984126984,0.538888888888889,0.5419895238095237,RotationalPressure,0.5419895238095237
2981,2026-05-21 07:30:00,Stable Compression Basin,Balance->Balance->Unresolved->Unresolved,1.4854752972230063,0.3333333333333333,0.5,0.0,0.0,11.361999999999998,0.0,0.64557068903604,0.07147663088969691,0.0822452380952381,0.6154911272568955,0.4661791498389612,CompressionPressure,0.6154911272568955
2982,2026-05-21 07:35:00,Stable Compression Basin,Balance->Unresolved->Unresolved->Unresolved,1.4854752972230063,0.3333333333333333,0.5,0.0,0.0,8.421,0.0,0.64557068903604,0.07147663088969691,0.07174166666666666,0.6154911272568955,0.4619777212675326,CompressionPressure,0.6154911272568955
2983,2026-05-21 07:40:00,Pure Unresolved Compression Equilibrium,Unresolved->Unresolved->Unresolved->Unresolved,1.5219280948830343,0.4444444444444444,0.4,0.0,0.0,8.421,0.0,0.6811348911310524,0.04486626912440659,0.08563055555555554,0.5437683829586993,0.5116184374223304,CompressionPressure,0.5437683829586993
2984,2026-05-21 07:45:00,Unstable Rotational Balance,Unresolved->Unresolved->Unresolved->Balance,1.5709505944503404,0.4444444444444444,0.4,0.0,0.0,14.737,0.0,0.6782592577713041,0.04111298400128472,0.1081876984126984,0.09070447673574264,0.7813649663455356,RotationalPressure,0.7813649663455356
2985,2026-05-21 07:50:00,Stable Compression Basin,Unresolved->Unresolved->Balance->Unresolved,1.5709505944503404,0.5555555555555556,0.4,0.0,0.0,16.842000000000002,0.0,0.6426950556762916,0.028960206223506934,0.12959444444444446,0.5129266989579648,0.5760387758693453,RotationalPressure,0.5760387758693453
2986,2026-05-21 07:55:00,Stable Compression Basin,Unresolved->Balance->Unresolved->Unresolved,1.4854752972230063,0.5555555555555556,0.5,0.0,0.0,16.842000000000002,0.0,0.6071308535812792,0.04717107533414137,0.12959444444444446,0.5599355717013399,0.5573410546008659,CompressionPressure,0.5599355717013399
2987,2026-05-21 08:00:00,Stable Compression Basin,Balance->Unresolved->Unresolved->Unresolved,1.2954618442339936,0.4444444444444444,0.6,0.0,0.0,16.842,0.0,0.5715666514862667,0.08553842477305709,0.11570555555555555,0.6412558569575977,0.47410894509285273,CompressionPressure,0.6412558569575977
2988,2026-05-21 08:05:00,Pure Unresolved Compression Equilibrium,Unresolved->Unresolved->Unresolved->Unresolved,1.3709505944503406,0.5555555555555556,0.6,0.0,0.0,10.526,0.0,0.6100064869410275,0.06760603955684023,0.1070373015873016,0.6087600322912982,0.5232659187264882,CompressionPressure,0.6087600322912982
2989,2026-05-21 08:10:00,Pure Unresolved Compression Equilibrium,Unresolved->Unresolved->Unresolved->Unresolved,1.2954618442339936,0.4444444444444444,0.6,0.0,0.0,10.526,0.0,0.6484463223957884,0.08553842477305709,0.0931484126984127,0.6412558569575977,0.46508608794999556,CompressionPressure,0.6412558569575977
2990,2026-05-21 08:15:00,Pure Unresolved Compression Equilibrium,Unresolved->Unresolved->Unresolved->Unresolved,1.360964047439353,0.4444444444444444,0.5,0.0,0.0,8.421,0.0,0.6840105244908008,0.0688567456734801,0.08563055555555554,0.595495302590596,0.4764075520440251,CompressionPressure,0.595495302590596
2991,2026-05-21 08:20:00,Pure Unresolved Compression Equilibrium,Unresolved->Unresolved->Unresolved->Unresolved,1.360964047439353,0.4444444444444444,0.5,0.0,0.0,8.421,0.0,0.7195747265858132,0.0688567456734801,0.08563055555555554,0.595495302590596,0.4764075520440251,CompressionPressure,0.595495302590596
2992,2026-05-21 08:25:00,Pure Unresolved Compression Equilibrium,Unresolved->Unresolved->Unresolved->Unresolved,1.2954618442339936,0.3333333333333333,0.6,0.0,0.0,8.421,0.0,0.7551389286808258,0.09769120255083487,0.07174166666666666,0.6690336347353755,0.42041227842618606,CompressionPressure,0.6690336347353755
2993,2026-05-21 08:30:00,Pure Unresolved Compression Equilibrium,Unresolved->Unresolved->Unresolved->Unresolved,1.2954618442339936,0.2222222222222222,0.6,0.0,0.0,8.421,0.0,0.7551389286808258,0.10984398032861264,0.057852777777777774,0.6968114125131533,0.3787456117595194,CompressionPressure,0.6968114125131533
2994,2026-05-21 08:35:00,Pure Unresolved Compression Equilibrium,Unresolved->Unresolved->Unresolved->Unresolved,0.8812908992278072,0.1111111111111111,0.7,0.0,0.0,2.105,0.0,0.7935787641355866,0.1653733877500932,0.02140674603174603,0.7921415410204843,0.2374561937298923,CompressionPressure,0.7921415410204843
2995,2026-05-21 08:40:00,Pure Unresolved Compression Equilibrium,Unresolved->Unresolved->Unresolved->Unresolved,0.7219280948844771,0.1111111111111111,0.8,0.0,0.0,0.0,0.0,0.829142966230599,0.18924126912429612,0.013888888888888888,0.8437683829586091,0.199588437422646,CompressionPressure,0.8437683829586091
2996,2026-05-21 08:45:00,Pure Unresolved Compression Equilibrium,Unresolved->Unresolved->Unresolved->Unresolved,0.4689955935863958,0.1111111111111111,0.9,0.0,0.0,0.0,0.0,0.8647071683256116,0.2202730804215971,0.013888888888888888,0.9012433309564057,0.14425945276369073,CompressionPressure,0.9012433309564057
2997,2026-05-21 08:50:00,Pure Unresolved Compression Equilibrium,Unresolved->Unresolved->Unresolved->Unresolved,-1.4428232973175175e-12,0.0,1.0,0.0,0.0,0.0,0.0,0.9002713704206242,0.27999999999999997,0.0,0.9999999999999999,0.0,CompressionPressure,0.9999999999999999
2998,2026-05-21 08:55:00,Pure Unresolved Compression Equilibrium,Unresolved->Unresolved->Unresolved->Unresolved,-1.4428232973175175e-12,0.0,1.0,0.0,0.0,0.0,0.0,0.9002713704206242,0.27999999999999997,0.0,0.9999999999999999,0.0,CompressionPressure,0.9999999999999999
2999,2026-05-21 09:00:00,Pure Unresolved Compression Equilibrium,Unresolved->Unresolved->Unresolved->Unresolved,-1.4428232973175175e-12,0.0,1.0,0.0,0.0,0.0,0.0,0.9002713704206242,0.27999999999999997,0.0,0.9999999999999999,0.0,CompressionPressure,0.9999999999999999
3000,2026-05-21 09:05:00,Pure Unresolved Compression Equilibrium,Unresolved->Unresolved->Unresolved->Unresolved,-1.4428232973175175e-12,0.0,1.0,0.0,0.0,0.0,0.0,0.9002713704206242,0.27999999999999997,0.0,0.9999999999999999,0.0,CompressionPressure,0.9999999999999999
3001,2026-05-21 09:10:00,Pure Unresolved Compression Equilibrium,Unresolved->Unresolved->Unresolved->Unresolved,-1.4428232973175175e-12,0.0,1.0,0.0,0.0,0.0,0.0,0.9002713704206242,0.27999999999999997,0.0,0.9999999999999999,0.0,CompressionPressure,0.9999999999999999
3002,2026-05-21 09:15:00,Pure Unresolved Compression Equilibrium,Unresolved->Unresolved->Unresolved->Unresolved,-1.4428232973175175e-12,0.0,1.0,0.0,0.0,0.0,0.0,0.9002713704206242,0.27999999999999997,0.0,0.9999999999999999,0.0,CompressionPressure,0.9999999999999999
3003,2026-05-21 09:20:00,Pure Unresolved Compression Equilibrium,Unresolved->Unresolved->Unresolved->Unresolved,-1.4428232973175175e-12,0.0,1.0,0.0,0.0,0.0,0.0,0.9002713704206242,0.27999999999999997,0.0,0.9999999999999999,0.0,CompressionPressure,0.9999999999999999
3004,2026-05-21 09:25:00,Pure Unresolved Compression Equilibrium,Unresolved->Unresolved->Unresolved->Unresolved,-1.4428232973175175e-12,0.0,1.0,0.0,0.0,0.0,0.0,0.9002713704206242,0.27999999999999997,0.0,0.9999999999999999,0.0,CompressionPressure,0.9999999999999999
3005,2026-05-21 09:30:00,Pure Unresolved Compression Equilibrium,Unresolved->Unresolved->Unresolved->Unresolved,-1.4428232973175175e-12,0.0,1.0,0.0,0.0,0.0,0.0,0.9002713704206242,0.27999999999999997,0.0,0.9999999999999999,0.0,CompressionPressure,0.9999999999999999
3006,2026-05-21 09:35:00,Pure Unresolved Compression Equilibrium,Unresolved->Unresolved->Unresolved->Unresolved,-1.4428232973175175e-12,0.0,1.0,0.0,0.0,0.0,0.0,0.9002713704206242,0.27999999999999997,0.0,0.9999999999999999,0.0,CompressionPressure,0.9999999999999999
3007,2026-05-21 09:40:00,Pure Unresolved Compression Equilibrium,Unresolved->Unresolved->Unresolved->Unresolved,-1.4428232973175175e-12,0.0,1.0,0.0,0.0,0.0,0.0,0.9002713704206242,0.27999999999999997,0.0,0.9999999999999999,0.0,CompressionPressure,0.9999999999999999
3008,2026-05-21 09:45:00,Pure Unresolved Compression Equilibrium,Unresolved->Unresolved->Unresolved->Unresolved,-1.4428232973175175e-12,0.0,1.0,0.0,0.0,0.0,0.0,0.9002713704206242,0.27999999999999997,0.0,0.9999999999999999,0.0,CompressionPressure,0.9999999999999999
3009,2026-05-21 09:50:00,Pure Unresolved Compression Equilibrium,Unresolved->Unresolved->Unresolved->Unresolved,-1.4428232973175175e-12,0.0,1.0,0.0,0.0,0.0,0.0,0.9002713704206242,0.27999999999999997,0.0,0.9999999999999999,0.0,CompressionPressure,0.9999999999999999
3010,2026-05-21 09:55:00,Directional Continuation / Sponsor Release,Unresolved->Unresolved->Unresolved->Directional,0.4689955935863958,0.1111111111111111,0.9,0.1,1.0,2.5,7.5,0.8625971745550324,0.6493516583474204,0.25781746031746033,0.4512433309564058,0.1478308813351193,DirectionalReleasePressure,0.6493516583474204
3011,2026-05-21 10:00:00,Directional Continuation / Sponsor Release,Unresolved->Unresolved->Directional->Directional,0.7219280948844771,0.1111111111111111,0.8,0.2,1.0,2.5,7.5,0.8249229786894405,0.5806893403551319,0.25781746031746033,0.3937683829586091,0.20315986599407457,DirectionalReleasePressure,0.5806893403551319
3012,2026-05-21 10:05:00,Directional Continuation / Sponsor Release,Unresolved->Directional->Directional->Directional,0.8812908992278072,0.1111111111111111,0.7,0.3,1.0,2.5,7.5,0.7872487828238486,0.532495393571695,0.25781746031746033,0.3421415410204842,0.238020479444178,DirectionalReleasePressure,0.532495393571695
3013,2026-05-21 10:10:00,Stable Compression Basin,Directional->Directional->Directional->Unresolved,1.2954618442339936,0.2222222222222222,0.6,0.4,0.0,2.5,7.5,0.7516845807288361,0.13784398032861264,0.0717063492063492,0.6968114125131533,0.37028704033094795,CompressionPressure,0.6968114125131533
3014,2026-05-21 10:15:00,Stable Compression Basin,Directional->Directional->Unresolved->Unresolved,1.4854752972230063,0.2222222222222222,0.5,0.5,0.0,2.5,7.5,0.7161203786338237,0.11862940866747469,0.0717063492063492,0.6432689050346733,0.4118524831722945,CompressionPressure,0.6432689050346733
3015,2026-05-21 10:20:00,Directional Continuation / Sponsor Release,Directional->Unresolved->Unresolved->Directional,1.5219280948830343,0.3333333333333333,0.4,0.6,1.0,5.0,15.0,0.6784461827682318,0.2829115625776696,0.32952380952380955,0.12154616073647705,0.4650646278985208,RotationalPressure,0.4650646278985208
3016,2026-05-21 10:25:00,Directional Continuation / Sponsor Release,Unresolved->Unresolved->Directional->Directional,1.4854752972230063,0.3333333333333333,0.5,0.7,1.0,5.0,15.0,0.6407719869026399,0.344218945399134,0.32952380952380955,0.16549112725689544,0.45709057841038975,RotationalPressure,0.45709057841038975
3017,2026-05-21 10:30:00,Sponsor Exhaustion Collapse,Unresolved->Directional->Directional->Degrading,1.7609640474379105,0.4444444444444444,0.5,0.8,1.0,12.0,15.0,0.5995887804964157,0.24355555555555564,0.26841269841269844,0.13055555555555556,0.5338095238095237,RotationalPressure,0.5338095238095237
3018,2026-05-21 10:35:00,Sponsor Exhaustion Collapse,Directional->Directional->Degrading->Degrading,1.7609640474379105,0.4444444444444444,0.5,0.9,0.0,12.0,15.0,0.5584055740901915,0.11355555555555556,0.26841269841269844,0.13055555555555556,0.5338095238095237,RotationalPressure,0.5338095238095237
3019,2026-05-21 10:40:00,Sponsor Exhaustion Collapse,Directional->Degrading->Degrading->Degrading,1.4854752972230063,0.3333333333333333,0.5,1.0,0.0,12.0,15.0,0.5172223676839673,0.14147663088969692,0.2545238095238095,0.16549112725689544,0.46709057841038976,RotationalPressure,0.46709057841038976
3020,2026-05-21 10:45:00,Directional Continuation / Sponsor Release,Degrading->Degrading->Degrading->Directional,1.4854752972230063,0.4444444444444444,0.5,1.0,1.0,16.167,10.833,0.5172223676839673,0.36949672317691185,0.3638488412698413,0.13771334947911767,0.5147101022199135,RotationalPressure,0.5147101022199135
3021,2026-05-21 10:50:00,Directional Continuation / Sponsor Release,Degrading->Degrading->Directional->Directional,1.4854752972230063,0.4444444444444444,0.5,1.0,1.0,16.167,10.833,0.5172223676839672,0.36949672317691185,0.3638488412698413,0.13771334947911767,0.5147101022199135,RotationalPressure,0.5147101022199135
3022,2026-05-21 10:55:00,Directional Continuation / Sponsor Release,Degrading->Directional->Directional->Directional,1.4854752972230063,0.3333333333333333,0.5,1.0,1.0,16.167,10.833,0.5172223676839672,0.40421894539913406,0.3499599523809524,0.16549112725689544,0.4730434355532469,RotationalPressure,0.4730434355532469
3023,2026-05-21 11:00:00,Sponsor Exhaustion Collapse,Directional->Directional->Directional->Degrading,1.360964047439353,0.4444444444444444,0.5,1.0,0.0,23.167,10.833,0.5116033633727556,0.1388567456734801,0.2888488412698413,0.145495302590596,0.49747326632973937,RotationalPressure,0.49747326632973937
3024,2026-05-21 11:05:00,Directional Continuation / Sponsor Release,Directional->Directional->Degrading->Directional,0.9709505944517833,0.4444444444444444,0.6,1.0,1.0,29.834000000000003,14.166,0.5094933696021762,0.5153823352414502,0.4282135555555555,0.21153781006898575,0.4216821092029942,DirectionalReleasePressure,0.5153823352414502
3025,2026-05-21 11:10:00,Sponsor Exhaustion Collapse,Directional->Degrading->Directional->Degrading,0.9999999999971146,0.5555555555555556,0.5,1.0,1.0,34.334,6.6659999999999995,0.5059843590615437,0.35277777777828273,0.323173873015873,0.1402777777779581,0.47613190476127354,RotationalPressure,0.47613190476127354
3026,2026-05-21 11:15:00,Unstable Rotational Balance,Degrading->Directional->Degrading->Balance,1.360964047439353,0.5555555555555556,0.5,1.0,1.0,44.334,6.6659999999999995,0.5052187194723747,0.28960906947589105,0.25888815873015875,0.11771752481281822,0.8193785044249774,RotationalPressure,0.8193785044249774
3027,2026-05-21 11:20:00,Stable Compression Basin,Directional->Degrading->Balance->Unresolved,1.7219280948815914,0.6666666666666666,0.4,1.0,0.0,39.43900000000001,6.6659999999999995,0.5108377237835865,0.08458333333333334,0.2552949047619048,0.4833333333333334,0.6563414285714285,RotationalPressure,0.6563414285714285
3028,2026-05-21 11:25:00,Stable Compression Basin,Degrading->Balance->Unresolved->Unresolved,1.8464393446652445,0.6666666666666666,0.4,0.9,0.0,39.43900000000001,6.6659999999999995,0.5164567280947983,0.07758333333333334,0.2552949047619048,0.4833333333333334,0.6563414285714285,RotationalPressure,0.6563414285714285
3029,2026-05-21 11:30:00,Stable Compression Basin,Balance->Unresolved->Unresolved->Unresolved,1.8464393446652445,0.5555555555555556,0.4,0.8,0.0,39.43900000000001,6.6659999999999995,0.52207573240601,0.08273611111111112,0.2414060158730159,0.5111111111111111,0.6146747619047619,RotationalPressure,0.6146747619047619
3030,2026-05-21 11:35:00,Pure Unresolved Compression Equilibrium,Unresolved->Unresolved->Unresolved->Unresolved,2.170950594447455,0.6666666666666666,0.3,0.7,0.0,32.772000000000006,3.3329999999999997,0.5597499282716019,0.06358333333333333,0.2159301904761905,0.4833333333333334,0.6468171428571429,RotationalPressure,0.6468171428571429
3031,2026-05-21 11:40:00,Pure Unresolved Compression Equilibrium,Unresolved->Unresolved->Unresolved->Unresolved,2.246439344663802,0.6666666666666666,0.3,0.6,0.0,32.772000000000006,3.3329999999999997,0.5974241241371937,0.05658333333333333,0.2159301904761905,0.4833333333333334,0.6468171428571429,RotationalPressure,0.6468171428571429
3032,2026-05-21 11:45:00,Pure Unresolved Compression Equilibrium,Unresolved->Unresolved->Unresolved->Unresolved,2.170950594447455,0.5555555555555556,0.3,0.5,0.0,32.772000000000006,3.3329999999999997,0.6350983200027855,0.06173611111111111,0.2020413015873016,0.5111111111111111,0.6051504761904762,RotationalPressure,0.6051504761904762
3033,2026-05-21 11:50:00,Pure Unresolved Compression Equilibrium,Unresolved->Unresolved->Unresolved->Unresolved,2.046439344663802,0.4444444444444444,0.4,0.4,0.0,25.772000000000002,3.3329999999999997,0.6762815264090097,0.0668888888888889,0.16315241269841269,0.538888888888889,0.5534838095238095,RotationalPressure,0.5534838095238095
3034,2026-05-21 11:55:00,Directional Continuation / Sponsor Release,Unresolved->Unresolved->Unresolved->Directional,2.046439344663802,0.4444444444444444,0.4,0.4,1.0,21.605,7.5,0.6762815264090097,0.19111111111111115,0.3677162698412698,0.0888888888888889,0.5475309523809523,RotationalPressure,0.5475309523809523
3035,2026-05-21 12:00:00,Sponsor Exhaustion Collapse,Unresolved->Unresolved->Directional->Degrading,2.046439344663802,0.4444444444444444,0.4,0.4,1.0,21.605,7.5,0.6762815264090097,0.15288888888888894,0.26771626984126984,0.0888888888888889,0.5475309523809523,RotationalPressure,0.5475309523809523
3036,2026-05-21 12:05:00,Sponsor Exhaustion Collapse,Unresolved->Directional->Degrading->Degrading,1.8464393446652445,0.3333333333333333,0.4,0.4,1.0,11.605,7.5,0.6735381554575464,0.1806666666666667,0.21811309523809524,0.11666666666666668,0.4915785714285714,RotationalPressure,0.4915785714285714
3037,2026-05-21 12:10:00,Sponsor Exhaustion Collapse,Directional->Degrading->Degrading->Degrading,1.8464393446652445,0.3333333333333333,0.4,0.4,0.0,9.5,7.5,0.6679191511463346,0.07904166666666668,0.21059523809523809,0.11666666666666668,0.48857142857142855,RotationalPressure,0.48857142857142855
3038,2026-05-21 12:15:00,Sponsor Exhaustion Collapse,Degrading->Degrading->Degrading->Degrading,1.7219280948815914,0.3333333333333333,0.4,0.4,0.0,9.5,7.5,0.6623001468351228,0.07904166666666668,0.21059523809523809,0.11666666666666668,0.48857142857142855,RotationalPressure,0.48857142857142855
3039,2026-05-21 12:20:00,Sponsor Exhaustion Collapse,Degrading->Degrading->Degrading->Degrading,1.360964047439353,0.2222222222222222,0.5,0.4,0.0,9.5,7.5,0.6566811425239111,0.12116230122903565,0.19670634920634922,0.20105085814615156,0.39461564728212034,RotationalPressure,0.39461564728212034
3040,2026-05-21 12:25:00,Sponsor Exhaustion Collapse,Degrading->Degrading->Degrading->Degrading,1.2954618442339936,0.2222222222222222,0.6,0.4,0.0,9.5,7.5,0.6154979361176868,0.13784398032861264,0.19670634920634922,0.2468114125131532,0.38028704033094796,RotationalPressure,0.38028704033094796
3041,2026-05-21 12:30:00,Stable Compression Basin,Degrading->Degrading->Degrading->Unresolved,1.5709505944488977,0.3333333333333333,0.6,0.4,0.0,12.440999999999999,7.5,0.5799337340226742,0.10459909511250629,0.1210988095238095,0.6518155878469439,0.4864182996785535,CompressionPressure,0.6518155878469439
3042,2026-05-21 12:35:00,Stable Compression Basin,Degrading->Degrading->Unresolved->Unresolved,1.5709505944488977,0.3333333333333333,0.6,0.4,0.0,12.440999999999999,7.5,0.5443695319276618,0.10459909511250629,0.1210988095238095,0.6518155878469439,0.4864182996785535,CompressionPressure,0.6518155878469439
3043,2026-05-21 12:40:00,Unstable Rotational Balance,Degrading->Unresolved->Unresolved->Balance,1.5709505944488977,0.3333333333333333,0.6,0.4,0.0,18.756999999999998,7.5,0.505929696472901,0.10459909511250629,0.14365595238095236,0.20181558784694392,0.7454411568214105,RotationalPressure,0.7454411568214105
3044,2026-05-21 12:45:00,Stable Compression Basin,Unresolved->Unresolved->Balance->Unresolved,1.2954618442339936,0.3333333333333333,0.6,0.3,0.0,18.362000000000002,0.0,0.5080396902434803,0.11869120255083486,0.10724523809523809,0.6690336347353755,0.43461370699761465,CompressionPressure,0.6690336347353755
3045,2026-05-21 12:50:00,Stable Compression Basin,Unresolved->Balance->Unresolved->Unresolved,1.360964047439353,0.3333333333333333,0.5,0.2,0.0,11.361999999999998,0.0,0.513658694554692,0.09500952345125788,0.0822452380952381,0.6232730803683738,0.438942313948787,CompressionPressure,0.6232730803683738
3046,2026-05-21 12:55:00,Stable Compression Basin,Balance->Unresolved->Unresolved->Unresolved,1.360964047439353,0.3333333333333333,0.5,0.1,0.0,11.361999999999998,0.0,0.5192776988659038,0.08800952345125787,0.0822452380952381,0.6232730803683738,0.438942313948787,CompressionPressure,0.6232730803683738
3047,2026-05-21 13:00:00,Pure Unresolved Compression Equilibrium,Unresolved->Unresolved->Unresolved->Unresolved,1.6854752972215634,0.4444444444444444,0.5,0.0,0.0,11.361999999999998,0.0,0.5604609052721281,0.050555555555555555,0.09613412698412697,0.5805555555555556,0.5328980952380952,CompressionPressure,0.5805555555555556
3048,2026-05-21 13:05:00,Pure Unresolved Compression Equilibrium,Unresolved->Unresolved->Unresolved->Unresolved,1.7609640474379105,0.4444444444444444,0.5,0.0,0.0,11.361999999999998,0.0,0.6016441116783523,0.050555555555555555,0.09613412698412697,0.5805555555555556,0.5328980952380952,CompressionPressure,0.5805555555555556
3049,2026-05-21 13:10:00,Pure Unresolved Compression Equilibrium,Unresolved->Unresolved->Unresolved->Unresolved,1.6854752972215634,0.4444444444444444,0.5,0.0,0.0,11.361999999999998,0.0,0.6428273180845766,0.050555555555555555,0.09613412698412697,0.5805555555555556,0.5328980952380952,CompressionPressure,0.5805555555555556
3050,2026-05-21 13:15:00,Unstable Rotational Balance,Unresolved->Unresolved->Unresolved->Balance,1.4854752972230063,0.4444444444444444,0.5,0.0,0.0,17.677999999999997,0.0,0.64557068903604,0.059323853111919136,0.11869126984126983,0.13771334947911767,0.7668686736484849,RotationalPressure,0.7668686736484849
3051,2026-05-21 13:20:00,Stable Compression Basin,Unresolved->Unresolved->Balance->Unresolved,1.4854752972230063,0.5555555555555556,0.5,0.0,0.0,16.842000000000002,0.0,0.64557068903604,0.04717107533414137,0.12959444444444446,0.5599355717013399,0.5573410546008659,CompressionPressure,0.5599355717013399
3052,2026-05-21 13:25:00,Stable Compression Basin,Unresolved->Balance->Unresolved->Unresolved,1.4854752972230063,0.4444444444444444,0.5,0.0,0.0,16.842000000000002,0.0,0.64557068903604,0.059323853111919136,0.11570555555555556,0.5877133494791177,0.5156743879341993,CompressionPressure,0.5877133494791177
3053,2026-05-21 13:30:00,Unstable Rotational Balance,Balance->Unresolved->Unresolved->Balance,1.4854752972230063,0.4444444444444444,0.5,0.0,0.0,16.842,0.0,0.64557068903604,0.059323853111919136,0.11570555555555555,0.13771334947911767,0.7656743879341992,RotationalPressure,0.7656743879341992
3054,2026-05-21 13:35:00,Unstable Rotational Balance,Unresolved->Unresolved->Balance->Balance,1.5709505944503404,0.4444444444444444,0.4,0.0,0.0,14.737,0.0,0.6426950556762916,0.04111298400128472,0.1081876984126984,0.09070447673574264,0.7813649663455356,RotationalPressure,0.7813649663455356
3055,2026-05-21 13:40:00,Unstable Rotational Balance,Unresolved->Balance->Balance->Balance,1.5709505944503404,0.4444444444444444,0.4,0.0,0.0,14.737,0.0,0.6398194223165433,0.04111298400128472,0.1081876984126984,0.09070447673574264,0.7813649663455356,RotationalPressure,0.7813649663455356
3056,2026-05-21 13:45:00,Unstable Rotational Balance,Balance->Balance->Balance->Balance,1.4854752972230063,0.3333333333333333,0.5,0.0,0.0,14.737,0.0,0.6369437889567949,0.07147663088969691,0.09429880952380952,0.16549112725689544,0.7210005784103898,RotationalPressure,0.7210005784103898
3057,2026-05-21 13:50:00,Unstable Rotational Balance,Balance->Balance->Balance->Unresolved,1.3709505944503406,0.3333333333333333,0.6,0.0,0.0,16.842000000000002,0.0,0.5985039535020341,0.0919115951123958,0.10181666666666667,0.21431558784685373,0.6989554425360119,RotationalPressure,0.6989554425360119
3058,2026-05-21 13:55:00,Stable Compression Basin,Balance->Balance->Unresolved->Unresolved,1.2954618442339936,0.4444444444444444,0.6,0.0,0.0,16.842000000000002,0.0,0.5629397514070217,0.08553842477305709,0.11570555555555556,0.6412558569575977,0.47410894509285273,CompressionPressure,0.6412558569575977
3059,2026-05-21 14:00:00,Stable Compression Basin,Balance->Unresolved->Unresolved->Unresolved,0.9709505944517833,0.3333333333333333,0.6,0.0,0.0,16.842000000000002,0.0,0.5273755493120091,0.12253659511228533,0.10181666666666667,0.6893155878467636,0.3614554425363276,CompressionPressure,0.6893155878467636
3060,2026-05-22 06:35:00,Pure Unresolved Compression Equilibrium,Unresolved->Unresolved->Unresolved->Unresolved,1.360964047439353,0.3333333333333333,0.5,0.0,0.0,10.526,0.0,0.56581538476677,0.08100952345125786,0.07925952380952381,0.6232730803683738,0.4377480282345013,CompressionPressure,0.6232730803683738
3061,2026-05-22 06:40:00,Pure Unresolved Compression Equilibrium,Unresolved->Unresolved->Unresolved->Unresolved,1.4854752972230063,0.3333333333333333,0.5,0.0,0.0,8.421,0.0,0.6013795868617825,0.07147663088969691,0.07174166666666666,0.6154911272568955,0.4619777212675326,CompressionPressure,0.6154911272568955
3062,2026-05-22 06:45:00,Sponsor Exhaustion Collapse,Unresolved->Unresolved->Unresolved->Degrading,1.7609640474379105,0.3333333333333333,0.5,0.0,0.0,14.785,0.0,0.5957605825505707,0.06270833333333332,0.1944702380952381,0.15833333333333333,0.49612142857142855,RotationalPressure,0.49612142857142855
3063,2026-05-22 06:50:00,Stable Compression Basin,Unresolved->Unresolved->Degrading->Unresolved,1.8464393446652445,0.4444444444444444,0.4,0.0,0.0,11.41,0.0,0.5986362159103191,0.038888888888888896,0.09630555555555556,0.538888888888889,0.5329666666666666,CompressionPressure,0.538888888888889
3064,2026-05-22 06:55:00,Stable Compression Basin,Unresolved->Degrading->Unresolved->Unresolved,1.8464393446652445,0.4444444444444444,0.4,0.0,0.0,11.41,0.0,0.6015118492700674,0.038888888888888896,0.09630555555555556,0.538888888888889,0.5329666666666666,CompressionPressure,0.538888888888889
3065,2026-05-22 07:00:00,Unstable Rotational Balance,Degrading->Unresolved->Unresolved->Balance,1.8464393446652445,0.5555555555555556,0.4,0.0,0.0,17.726,0.0,0.6015118492700674,0.026736111111111113,0.13275158730158731,0.061111111111111116,0.8336561904761904,RotationalPressure,0.8336561904761904
3066,2026-05-22 07:05:00,Stable Compression Basin,Unresolved->Unresolved->Balance->Unresolved,1.7609640474379105,0.6666666666666666,0.5,0.0,0.0,19.831,0.0,0.6043874826298158,0.026250000000000002,0.15415833333333334,0.525,0.6283299999999999,RotationalPressure,0.6283299999999999
3067,2026-05-22 07:10:00,Stable Compression Basin,Unresolved->Balance->Unresolved->Unresolved,1.5709505944488977,0.5555555555555556,0.6,0.0,0.0,17.726,0.0,0.6072631159895641,0.05229353955695071,0.13275158730158731,0.5962600322913884,0.5773016330118868,CompressionPressure,0.5962600322913884
3068,2026-05-22 07:15:00,Stable Compression Basin,Balance->Unresolved->Unresolved->Unresolved,1.5709505944488977,0.5555555555555556,0.6,0.0,0.0,17.726,0.0,0.6072631159895641,0.05229353955695071,0.13275158730158731,0.5962600322913884,0.5773016330118868,CompressionPressure,0.5962600322913884
3069,2026-05-22 07:20:00,Sponsor Exhaustion Collapse,Unresolved->Unresolved->Unresolved->Degrading,1.7609640474379105,0.5555555555555556,0.5,0.0,0.0,24.089999999999996,0.0,0.6016441116783524,0.03840277777777777,0.2554801587301587,0.10277777777777777,0.5927476190476191,RotationalPressure,0.5927476190476191
3070,2026-05-22 07:25:00,Sponsor Exhaustion Collapse,Unresolved->Unresolved->Degrading->Degrading,1.6854752972215634,0.5555555555555556,0.5,0.0,0.0,24.089999999999996,0.0,0.5604609052721281,0.03840277777777777,0.2554801587301587,0.10277777777777777,0.5927476190476191,RotationalPressure,0.5927476190476191
3071,2026-05-22 07:30:00,Unstable Rotational Balance,Unresolved->Degrading->Degrading->Balance,1.4854752972230063,0.5555555555555556,0.5,0.0,0.0,34.089999999999996,0.0,0.5220210698173673,0.04717107533414137,0.19119444444444444,0.10993557170133988,0.8319810546008659,RotationalPressure,0.8319810546008659
3072,2026-05-22 07:35:00,Sponsor Exhaustion Collapse,Degrading->Degrading->Balance->Degrading,1.4854752972230063,0.5555555555555556,0.5,0.0,0.0,32.726,0.0,0.5220210698173673,0.04717107533414137,0.2863230158730159,0.10993557170133988,0.5800324831722945,RotationalPressure,0.5800324831722945
3073,2026-05-22 07:40:00,Sponsor Exhaustion Collapse,Degrading->Balance->Degrading->Degrading,1.5219280948830343,0.5555555555555556,0.4,0.0,0.0,29.784999999999997,0.0,0.5164020655061555,0.032713491346628806,0.2758194444444444,0.06599060518092148,0.583805104088997,RotationalPressure,0.583805104088997
3074,2026-05-22 07:45:00,Stable Compression Basin,Balance->Degrading->Degrading->Unresolved,1.5219280948830343,0.5555555555555556,0.4,0.0,0.0,32.726,0.0,0.5164020655061555,0.032713491346628806,0.18632301587301586,0.5159906051809214,0.5880065326604256,RotationalPressure,0.5880065326604256
3075,2026-05-22 07:50:00,Stable Compression Basin,Degrading->Degrading->Unresolved->Unresolved,1.360964047439353,0.4444444444444444,0.5,0.0,0.0,26.410000000000004,0.0,0.5192776988659038,0.0688567456734801,0.14987698412698414,0.595495302590596,0.5021061234725965,CompressionPressure,0.595495302590596
3076,2026-05-22 07:55:00,Stable Compression Basin,Degrading->Unresolved->Unresolved->Unresolved,1.360964047439353,0.4444444444444444,0.5,0.0,0.0,24.305,0.0,0.5192776988659038,0.0688567456734801,0.14235912698412698,0.595495302590596,0.49909898061545366,CompressionPressure,0.595495302590596
3077,2026-05-22 08:00:00,Pure Unresolved Compression Equilibrium,Unresolved->Unresolved->Unresolved->Unresolved,1.7219280948815914,0.5555555555555556,0.4,0.0,0.0,24.305,0.0,0.5548419009609162,0.026736111111111113,0.15624801587301587,0.5111111111111111,0.5930547619047619,RotationalPressure,0.5930547619047619
3078,2026-05-22 08:05:00,Pure Unresolved Compression Equilibrium,Unresolved->Unresolved->Unresolved->Unresolved,1.8464393446652445,0.4444444444444444,0.4,0.0,0.0,24.305,0.0,0.5904061030559287,0.038888888888888896,0.14235912698412698,0.538888888888889,0.5513880952380952,RotationalPressure,0.5513880952380952
3079,2026-05-22 08:10:00,Pure Unresolved Compression Equilibrium,Unresolved->Unresolved->Unresolved->Unresolved,1.8954618442325508,0.4444444444444444,0.3,0.0,0.0,17.941,0.0,0.631589309462153,0.038888888888888896,0.11963055555555555,0.538888888888889,0.5422966666666666,RotationalPressure,0.5422966666666666
3080,2026-05-22 08:15:00,Pure Unresolved Compression Equilibrium,Unresolved->Unresolved->Unresolved->Unresolved,1.8464393446652445,0.3333333333333333,0.4,0.0,0.0,17.941,0.0,0.6727725158683773,0.051041666666666666,0.10574166666666665,0.5666666666666667,0.50063,CompressionPressure,0.5666666666666667
3081,2026-05-22 08:20:00,Pure Unresolved Compression Equilibrium,Unresolved->Unresolved->Unresolved->Unresolved,1.4854752972230063,0.2222222222222222,0.5,0.0,0.0,7.941,0.0,0.7112123513231381,0.08362940866747469,0.05613849206349206,0.6432689050346733,0.41962534031515164,CompressionPressure,0.6432689050346733
3082,2026-05-22 08:25:00,Pure Unresolved Compression Equilibrium,Unresolved->Unresolved->Unresolved->Unresolved,1.2954618442339936,0.2222222222222222,0.6,0.0,0.0,2.941,0.0,0.7523955577293624,0.10984398032861264,0.03828134920634921,0.6968114125131533,0.37091704033094797,CompressionPressure,0.6968114125131533
3083,2026-05-22 08:30:00,Pure Unresolved Compression Equilibrium,Unresolved->Unresolved->Unresolved->Unresolved,0.8812908992278072,0.1111111111111111,0.7,0.0,0.0,2.941,0.0,0.7935787641355866,0.1653733877500932,0.024392460317460316,0.7921415410204843,0.23865047944417803,CompressionPressure,0.7921415410204843
3084,2026-05-22 08:35:00,Pure Unresolved Compression Equilibrium,Unresolved->Unresolved->Unresolved->Unresolved,0.7219280948844771,0.1111111111111111,0.8,0.0,0.0,0.0,0.0,0.829142966230599,0.18924126912429612,0.013888888888888888,0.8437683829586091,0.199588437422646,CompressionPressure,0.8437683829586091
3085,2026-05-22 08:40:00,Pure Unresolved Compression Equilibrium,Unresolved->Unresolved->Unresolved->Unresolved,0.4689955935863958,0.1111111111111111,0.9,0.0,0.0,0.0,0.0,0.8647071683256116,0.2202730804215971,0.013888888888888888,0.9012433309564057,0.14425945276369073,CompressionPressure,0.9012433309564057
3086,2026-05-22 08:45:00,Pure Unresolved Compression Equilibrium,Unresolved->Unresolved->Unresolved->Unresolved,-1.4428232973175175e-12,0.0,1.0,0.0,0.0,0.0,0.0,0.9002713704206242,0.27999999999999997,0.0,0.9999999999999999,0.0,CompressionPressure,0.9999999999999999
3087,2026-05-22 08:50:00,Pure Unresolved Compression Equilibrium,Unresolved->Unresolved->Unresolved->Unresolved,-1.4428232973175175e-12,0.0,1.0,0.0,0.0,0.0,0.0,0.9002713704206242,0.27999999999999997,0.0,0.9999999999999999,0.0,CompressionPressure,0.9999999999999999
3088,2026-05-22 08:55:00,Pure Unresolved Compression Equilibrium,Unresolved->Unresolved->Unresolved->Unresolved,-1.4428232973175175e-12,0.0,1.0,0.0,0.0,0.0,0.0,0.9002713704206242,0.27999999999999997,0.0,0.9999999999999999,0.0,CompressionPressure,0.9999999999999999
3089,2026-05-22 09:00:00,Unstable Rotational Balance,Unresolved->Unresolved->Unresolved->Balance,0.4689955935863958,0.1111111111111111,0.9,0.0,0.0,6.316,0.0,0.8618315349658634,0.2202730804215971,0.03644603174603174,0.4512433309564058,0.4032823099065479,CompressionPressure,0.4512433309564058
3090,2026-05-22 09:05:00,Unstable Rotational Balance,Unresolved->Unresolved->Balance->Balance,0.7219280948844771,0.1111111111111111,0.8,0.0,0.0,6.316,0.0,0.8233916995111026,0.18924126912429612,0.03644603174603174,0.3937683829586091,0.45861129456550315,RotationalPressure,0.45861129456550315
3091,2026-05-22 09:10:00,Stable Compression Basin,Unresolved->Balance->Balance->Unresolved,1.1567796494427114,0.2222222222222222,0.7,0.0,0.0,8.421,0.0,0.7878274974160899,0.13212850253398684,0.057852777777777774,0.747145716354275,0.3484088816489264,CompressionPressure,0.747145716354275
3092,2026-05-22 09:15:00,Stable Compression Basin,Balance->Balance->Unresolved->Unresolved,1.3709505944503406,0.2222222222222222,0.6,0.0,0.0,8.421,0.0,0.7522632953210775,0.10406437289017358,0.057852777777777774,0.6920933656246315,0.39525877586934527,CompressionPressure,0.6920933656246315
3093,2026-05-22 09:20:00,Stable Compression Basin,Balance->Unresolved->Unresolved->Unresolved,1.4854752972230063,0.2222222222222222,0.5,0.0,0.0,8.421,0.0,0.716699093226065,0.08362940866747469,0.057852777777777774,0.6432689050346733,0.42031105460086593,CompressionPressure,0.6432689050346733
3094,2026-05-22 09:25:00,Pure Unresolved Compression Equilibrium,Unresolved->Unresolved->Unresolved->Unresolved,1.4854752972230063,0.3333333333333333,0.5,0.0,0.0,8.421,0.0,0.716699093226065,0.07147663088969691,0.07174166666666666,0.6154911272568955,0.4619777212675326,CompressionPressure,0.6154911272568955
3095,2026-05-22 09:30:00,Unstable Rotational Balance,Unresolved->Unresolved->Unresolved->Balance,1.5709505944503404,0.4444444444444444,0.4,0.0,0.0,14.737,0.0,0.6782592577713041,0.04111298400128472,0.1081876984126984,0.09070447673574264,0.7813649663455356,RotationalPressure,0.7813649663455356
3096,2026-05-22 09:35:00,Stable Compression Basin,Unresolved->Unresolved->Balance->Unresolved,1.5709505944503404,0.5555555555555556,0.4,0.0,0.0,16.842000000000002,0.0,0.6426950556762916,0.028960206223506934,0.12959444444444446,0.5129266989579648,0.5760387758693453,RotationalPressure,0.5760387758693453
3097,2026-05-22 09:40:00,Stable Compression Basin,Unresolved->Balance->Unresolved->Unresolved,1.4854752972230063,0.5555555555555556,0.5,0.0,0.0,16.842000000000002,0.0,0.6071308535812792,0.04717107533414137,0.12959444444444446,0.5599355717013399,0.5573410546008659,CompressionPressure,0.5599355717013399
3098,2026-05-22 09:45:00,Stable Compression Basin,Balance->Unresolved->Unresolved->Unresolved,1.2954618442339936,0.4444444444444444,0.6,0.0,0.0,16.842,0.0,0.5715666514862667,0.08553842477305709,0.11570555555555555,0.6412558569575977,0.47410894509285273,CompressionPressure,0.6412558569575977
3099,2026-05-22 09:50:00,Pure Unresolved Compression Equilibrium,Unresolved->Unresolved->Unresolved->Unresolved,1.3709505944503406,0.5555555555555556,0.6,0.0,0.0,10.526,0.0,0.6100064869410275,0.06760603955684023,0.1070373015873016,0.6087600322912982,0.5232659187264882,CompressionPressure,0.6087600322912982
3100,2026-05-22 09:55:00,Pure Unresolved Compression Equilibrium,Unresolved->Unresolved->Unresolved->Unresolved,1.2954618442339936,0.4444444444444444,0.6,0.0,0.0,10.526,0.0,0.6484463223957884,0.08553842477305709,0.0931484126984127,0.6412558569575977,0.46508608794999556,CompressionPressure,0.6412558569575977
3101,2026-05-22 10:00:00,Pure Unresolved Compression Equilibrium,Unresolved->Unresolved->Unresolved->Unresolved,1.360964047439353,0.4444444444444444,0.5,0.0,0.0,8.421,0.0,0.6840105244908008,0.0688567456734801,0.08563055555555554,0.595495302590596,0.4764075520440251,CompressionPressure,0.595495302590596
3102,2026-05-22 10:05:00,Pure Unresolved Compression Equilibrium,Unresolved->Unresolved->Unresolved->Unresolved,1.360964047439353,0.4444444444444444,0.5,0.0,0.0,8.421,0.0,0.7195747265858132,0.0688567456734801,0.08563055555555554,0.595495302590596,0.4764075520440251,CompressionPressure,0.595495302590596
3103,2026-05-22 10:10:00,Pure Unresolved Compression Equilibrium,Unresolved->Unresolved->Unresolved->Unresolved,1.2954618442339936,0.3333333333333333,0.6,0.0,0.0,8.421,0.0,0.7551389286808258,0.09769120255083487,0.07174166666666666,0.6690336347353755,0.42041227842618606,CompressionPressure,0.6690336347353755
3104,2026-05-22 10:15:00,Pure Unresolved Compression Equilibrium,Unresolved->Unresolved->Unresolved->Unresolved,1.2954618442339936,0.2222222222222222,0.6,0.0,0.0,8.421,0.0,0.7551389286808258,0.10984398032861264,0.057852777777777774,0.6968114125131533,0.3787456117595194,CompressionPressure,0.6968114125131533
3105,2026-05-22 10:20:00,Pure Unresolved Compression Equilibrium,Unresolved->Unresolved->Unresolved->Unresolved,0.8812908992278072,0.1111111111111111,0.7,0.0,0.0,2.105,0.0,0.7935787641355866,0.1653733877500932,0.02140674603174603,0.7921415410204843,0.2374561937298923,CompressionPressure,0.7921415410204843
3106,2026-05-22 10:25:00,Pure Unresolved Compression Equilibrium,Unresolved->Unresolved->Unresolved->Unresolved,0.7219280948844771,0.1111111111111111,0.8,0.0,0.0,0.0,0.0,0.829142966230599,0.18924126912429612,0.013888888888888888,0.8437683829586091,0.199588437422646,CompressionPressure,0.8437683829586091
3107,2026-05-22 10:30:00,Pure Unresolved Compression Equilibrium,Unresolved->Unresolved->Unresolved->Unresolved,0.4689955935863958,0.1111111111111111,0.9,0.0,0.0,0.0,0.0,0.8647071683256116,0.2202730804215971,0.013888888888888888,0.9012433309564057,0.14425945276369073,CompressionPressure,0.9012433309564057
3108,2026-05-22 10:35:00,Pure Unresolved Compression Equilibrium,Unresolved->Unresolved->Unresolved->Unresolved,-1.4428232973175175e-12,0.0,1.0,0.0,0.0,0.0,0.0,0.9002713704206242,0.27999999999999997,0.0,0.9999999999999999,0.0,CompressionPressure,0.9999999999999999
3109,2026-05-22 10:40:00,Pure Unresolved Compression Equilibrium,Unresolved->Unresolved->Unresolved->Unresolved,-1.4428232973175175e-12,0.0,1.0,0.0,0.0,0.0,0.0,0.9002713704206242,0.27999999999999997,0.0,0.9999999999999999,0.0,CompressionPressure,0.9999999999999999
3110,2026-05-22 10:45:00,Pure Unresolved Compression Equilibrium,Unresolved->Unresolved->Unresolved->Unresolved,-1.4428232973175175e-12,0.0,1.0,0.0,0.0,0.0,0.0,0.9002713704206242,0.27999999999999997,0.0,0.9999999999999999,0.0,CompressionPressure,0.9999999999999999
3111,2026-05-22 10:50:00,Pure Unresolved Compression Equilibrium,Unresolved->Unresolved->Unresolved->Unresolved,-1.4428232973175175e-12,0.0,1.0,0.0,0.0,0.0,0.0,0.9002713704206242,0.27999999999999997,0.0,0.9999999999999999,0.0,CompressionPressure,0.9999999999999999
3112,2026-05-22 10:55:00,Directional Continuation / Sponsor Release,Unresolved->Unresolved->Unresolved->Directional,0.4689955935863958,0.1111111111111111,0.9,0.1,1.0,2.5,7.5,0.8625971745550324,0.6493516583474204,0.25781746031746033,0.4512433309564058,0.1478308813351193,DirectionalReleasePressure,0.6493516583474204
3113,2026-05-22 11:00:00,Stable Compression Basin,Unresolved->Unresolved->Directional->Unresolved,0.9219280948830342,0.2222222222222222,0.8,0.2,1.0,2.5,7.5,0.8211177553552934,0.4017736945065802,0.0717063492063492,0.8034906051809215,0.2885765326604256,CompressionPressure,0.8034906051809215
3114,2026-05-22 11:05:00,Stable Compression Basin,Unresolved->Directional->Unresolved->Unresolved,1.1567796494427114,0.2222222222222222,0.7,0.3,1.0,2.5,7.5,0.7796383361555548,0.35000800579196994,0.0717063492063492,0.747145716354275,0.339950310220355,CompressionPressure,0.747145716354275
3115,2026-05-22 11:10:00,Sponsor Exhaustion Collapse,Directional->Unresolved->Unresolved->Degrading,1.5709505944488977,0.3333333333333333,0.6,0.4,0.0,2.5,7.5,0.7381589169558159,0.10459909511250629,0.1855952380952381,0.20181558784694392,0.4722168711071249,RotationalPressure,0.4722168711071249
3116,2026-05-22 11:15:00,Unstable Rotational Balance,Unresolved->Unresolved->Degrading->Balance,1.9609640474364676,0.4444444444444444,0.5,0.4,0.0,2.5,7.5,0.6966794977560772,0.07855555555555556,0.09948412698412698,0.13055555555555556,0.7702380952380952,RotationalPressure,0.7702380952380952
3117,2026-05-22 11:20:00,Sponsor Exhaustion Collapse,Unresolved->Degrading->Balance->Degrading,2.1219280948801487,0.5555555555555556,0.4,0.4,0.0,2.5,7.5,0.6552000785563384,0.05473611111111112,0.21337301587301588,0.061111111111111116,0.5619047619047619,RotationalPressure,0.5619047619047619
3118,2026-05-22 11:25:00,Unstable Rotational Balance,Degrading->Balance->Degrading->Balance,2.246439344663802,0.6666666666666666,0.3,0.4,0.0,2.5,7.5,0.6137206593565997,0.04258333333333334,0.12726190476190474,0.033333333333333354,0.8535714285714285,RotationalPressure,0.8535714285714285
3119,2026-05-22 11:30:00,Stable Compression Basin,Balance->Degrading->Balance->Unresolved,2.246439344663802,0.7777777777777778,0.3,0.4,0.0,2.5,7.5,0.572241240156861,0.03043055555555556,0.14115079365079364,0.4555555555555556,0.6452380952380952,RotationalPressure,0.6452380952380952
3120,2026-05-22 11:35:00,Unstable Rotational Balance,Degrading->Balance->Unresolved->Balance,2.170950594447455,0.8888888888888888,0.3,0.4,0.0,8.815999999999999,7.5,0.5338014047021001,0.028000000000000004,0.1664857142857143,0.0,0.9125942857142856,RotationalPressure,0.9125942857142856
3121,2026-05-22 11:40:00,Unstable Rotational Balance,Balance->Unresolved->Balance->Balance,1.8464393446652445,0.7777777777777778,0.4,0.4,0.0,8.815999999999999,7.5,0.4953615692473393,0.03043055555555556,0.16370793650793652,0.005555555555555564,0.9042609523809523,RotationalPressure,0.9042609523809523
3122,2026-05-22 11:45:00,Stable Compression Basin,Unresolved->Balance->Balance->Unresolved,1.5219280948830343,0.7777777777777778,0.4,0.3,0.0,8.421,0.0,0.49747156301791867,0.029407935791073248,0.12729722222222223,0.46043504962536597,0.6366184374223303,RotationalPressure,0.6366184374223303
3123,2026-05-22 11:50:00,Sponsor Exhaustion Collapse,Balance->Balance->Unresolved->Degrading,1.5709505944503404,0.8888888888888888,0.4,0.2,0.0,14.785,0.0,0.4977677758114332,0.016224095112395826,0.25280357142857146,0.0018155878468537334,0.6647668711074405,RotationalPressure,0.6647668711074405
3124,2026-05-22 11:55:00,Unstable Rotational Balance,Balance->Unresolved->Degrading->Balance,1.4854752972230063,0.8888888888888888,0.5,0.1,0.0,14.785,0.0,0.4977677758114332,0.02743496422303025,0.15280357142857143,0.04882446059022877,0.8960691498389612,RotationalPressure,0.8960691498389612
3125,2026-05-22 12:00:00,Stable Compression Basin,Unresolved->Degrading->Balance->Unresolved,1.4854752972230063,0.8888888888888888,0.5,0.0,0.0,14.785,0.0,0.4977677758114332,0.02043496422303025,0.15280357142857143,0.4988244605902288,0.6460691498389612,RotationalPressure,0.6460691498389612
3126,2026-05-22 12:05:00,Unstable Rotational Balance,Degrading->Balance->Unresolved->Balance,1.4854752972230063,0.8888888888888888,0.5,0.0,0.0,21.101,0.0,0.5008073595564111,0.02043496422303025,0.1753607142857143,0.04882446059022877,0.9050920069818184,RotationalPressure,0.9050920069818184
3127,2026-05-22 12:10:00,Unstable Rotational Balance,Balance->Unresolved->Balance->Balance,1.2954618442339936,0.7777777777777778,0.6,0.0,0.0,21.101,0.0,0.503846943301389,0.04908009143972376,0.1725829365079365,0.10792252362426429,0.8551932308071384,RotationalPressure,0.8551932308071384
3128,2026-05-22 12:15:00,Unstable Rotational Balance,Unresolved->Balance->Balance->Balance,1.2954618442339936,0.6666666666666666,0.6,0.0,0.0,21.101,0.0,0.5068865270463669,0.06123286921750154,0.1586940476190476,0.1357003014020421,0.8135265641404718,RotationalPressure,0.8135265641404718
3129,2026-05-22 12:20:00,Unstable Rotational Balance,Balance->Balance->Balance->Unresolved,1.1567796494427114,0.5555555555555556,0.7,0.0,0.0,23.206,0.0,0.5099261107913449,0.09567016920065352,0.1523230158730159,0.21381238302094163,0.744530310220355,RotationalPressure,0.744530310220355
3130,2026-05-22 12:25:00,Stable Compression Basin,Balance->Balance->Unresolved->Unresolved,1.2954618442339936,0.6666666666666666,0.6,0.0,0.0,16.89,0.0,0.5128017441510933,0.06123286921750154,0.1436547619047619,0.5857003014020421,0.5575108498547574,CompressionPressure,0.5857003014020421
3131,2026-05-22 12:30:00,Unstable Rotational Balance,Balance->Unresolved->Unresolved->Balance,1.2954618442339936,0.6666666666666666,0.6,0.0,0.0,23.205999999999996,0.0,0.5128017441510933,0.06123286921750154,0.16621190476190473,0.1357003014020421,0.8165337069976146,RotationalPressure,0.8165337069976146
3132,2026-05-22 12:35:00,Stable Compression Basin,Unresolved->Unresolved->Balance->Unresolved,1.2954618442339936,0.6666666666666666,0.6,0.0,0.0,23.206,0.0,0.5128017441510933,0.06123286921750154,0.16621190476190476,0.5857003014020421,0.5665337069976146,CompressionPressure,0.5857003014020421
3133,2026-05-22 12:40:00,Stable Compression Basin,Unresolved->Balance->Unresolved->Unresolved,0.9709505944517833,0.5555555555555556,0.6,0.0,0.0,16.842000000000002,0.0,0.518420748462305,0.09823103955672978,0.12959444444444446,0.633760032291208,0.4447887758696609,CompressionPressure,0.633760032291208
3134,2026-05-22 12:45:00,Unstable Rotational Balance,Balance->Unresolved->Unresolved->Balance,0.9709505944517833,0.5555555555555556,0.6,0.0,0.0,23.157999999999998,0.0,0.5214603322072829,0.09823103955672978,0.1521515873015873,0.18376003229120796,0.7038116330125181,RotationalPressure,0.7038116330125181
3135,2026-05-22 12:50:00,Unstable Rotational Balance,Unresolved->Unresolved->Balance->Balance,0.8812908992278072,0.4444444444444444,0.7,0.0,0.0,23.157999999999998,0.0,0.5244999159522609,0.12891505441675988,0.1382626984126984,0.25880820768715096,0.6425319080156067,RotationalPressure,0.6425319080156067
3136,2026-05-22 12:55:00,Unstable Rotational Balance,Unresolved->Balance->Balance->Balance,0.8812908992278072,0.4444444444444444,0.7,0.0,0.0,16.842000000000002,0.0,0.5244999159522609,0.12891505441675988,0.11570555555555556,0.25880820768715096,0.6335090508727494,RotationalPressure,0.6335090508727494
3137,2026-05-22 13:00:00,Unstable Rotational Balance,Balance->Balance->Balance->Unresolved,0.8812908992278072,0.4444444444444444,0.7,0.0,0.0,18.947,0.0,0.5244999159522609,0.12891505441675988,0.1232234126984127,0.25880820768715096,0.6365161937298923,RotationalPressure,0.6365161937298923
3138,2026-05-22 13:05:00,Stable Compression Basin,Balance->Balance->Unresolved->Unresolved,0.9709505944517833,0.5555555555555556,0.6,0.0,0.0,18.947,0.0,0.5273755493120091,0.09823103955672978,0.1371123015873016,0.633760032291208,0.44779591872680374,CompressionPressure,0.633760032291208
3139,2026-05-22 13:10:00,Unstable Rotational Balance,Balance->Unresolved->Unresolved->Balance,0.9709505944517833,0.5555555555555556,0.6,0.0,0.0,23.157999999999998,0.0,0.5273755493120091,0.09823103955672978,0.1521515873015873,0.18376003229120796,0.7038116330125181,RotationalPressure,0.7038116330125181
3140,2026-05-22 13:15:00,Stable Compression Basin,Unresolved->Unresolved->Balance->Unresolved,0.9709505944517833,0.5555555555555556,0.6,0.0,0.0,25.263,0.0,0.5273755493120091,0.09823103955672978,0.15966944444444445,0.633760032291208,0.4568187758696609,CompressionPressure,0.633760032291208
3141,2026-05-22 13:20:00,Stable Compression Basin,Unresolved->Balance->Unresolved->Unresolved,0.9999999999971146,0.4444444444444444,0.5,0.0,0.0,18.947,0.0,0.5302511826717575,0.09649305555577646,0.1232234126984127,0.618055555555736,0.4124838095231783,CompressionPressure,0.618055555555736
3142,2026-05-22 13:25:00,Stable Compression Basin,Balance->Unresolved->Unresolved->Unresolved,0.9999999999971146,0.4444444444444444,0.5,0.0,0.0,16.842,0.0,0.5302511826717575,0.09649305555577646,0.11570555555555555,0.618055555555736,0.40947666666603544,CompressionPressure,0.618055555555736
3143,2026-05-22 13:30:00,Unstable Rotational Balance,Unresolved->Unresolved->Unresolved->Balance,0.9709505944517833,0.4444444444444444,0.6,0.0,0.0,23.157999999999998,0.0,0.5273755493120091,0.11038381733450757,0.1382626984126984,0.21153781006898575,0.6621449663458514,RotationalPressure,0.6621449663458514
3144,2026-05-22 13:35:00,Unstable Rotational Balance,Unresolved->Unresolved->Balance->Balance,0.9709505944517833,0.4444444444444444,0.6,0.0,0.0,16.842,0.0,0.5273755493120091,0.11038381733450757,0.11570555555555555,0.21153781006898575,0.6531221092029942,RotationalPressure,0.6531221092029942
3145,2026-05-22 13:40:00,Stable Compression Basin,Unresolved->Balance->Balance->Unresolved,0.9999999999971146,0.5555555555555556,0.5,0.0,0.0,18.947,0.0,0.5302511826717575,0.08434027777799868,0.1371123015873016,0.5902777777779582,0.45415047618984494,CompressionPressure,0.5902777777779582
3146,2026-05-22 13:45:00,Directional Continuation / Sponsor Release,Balance->Balance->Unresolved->Directional,1.360964047439353,0.6666666666666666,0.5,0.1,1.0,18.947,0.0,0.5272115989267796,0.1472891146226416,0.35100119047619044,0.08993974703504046,0.5747780282345013,RotationalPressure,0.5747780282345013
3147,2026-05-22 13:50:00,Directional Continuation / Sponsor Release,Balance->Unresolved->Directional->Directional,1.4854752972230063,0.5555555555555556,0.5,0.2,1.0,16.842,0.0,0.5241720151818017,0.17477450095468963,0.3295944444444444,0.10993557170133988,0.5573410546008659,RotationalPressure,0.5573410546008659
3148,2026-05-22 13:55:00,Directional Continuation / Sponsor Release,Unresolved->Directional->Directional->Balance,1.5709505944503404,0.4444444444444444,0.4,0.3,1.0,16.842,0.0,0.5182567980770754,0.1774656685750992,0.3157055555555556,0.09070447673574264,0.5343721092026785,RotationalPressure,0.5343721092026785
